dataset,algorithm,status,n_features,r2,rmse,complexity,complexity_unified,seconds,error,expr
1028_SWD,OperonRegressor,ok,10.0,0.2471172027115235,0.639033355349523,96.0,97.0,58.1,,(0.0000617377 + (1.0014758110 * (((sin((((0.2076669633 * X9) + ((-0.5536651611) * X3)) - (sin((2.0859293938 * X7)) - (1.7331616879 * X6)))) + sin((2.0788910389 * X7))) - (((sin(((1.1108156443 * X9) + ((-0.3499418497) * X8))) - ((0.4853438735 * X2) + ((-0.3520375788) * X10))) - ((((-0.2665678859) * X9) ^ 2) - (0.7073860168 * X6))) + ((((0.8007014990 * X2) + ((-0.4855356216) * X10)) + (((((-0.8092076182) * X9) + ((-0.3143911362) * X3)) - (0.1635737717 * X5)) * exp(((-0.1809940040) * X5)))) * exp((0.2094382346 * X10))))) + ((0.2904738188 * X2) / exp(sin((((-3.2353882790) * X3) - ((-0.4035382867) * X5))))))))
1030_ERA,OperonRegressor,ok,4.0,0.2796183953508776,1.5706287807628048,86.0,86.0,56.5,,(0.0000620052 + (0.9985238314 * (((sin(((-2.9748523235) * X2)) / (sin(((-18.7513713837) * X1)) + (-1.6234461069))) + (((sin(((-2.2506518364) * X2)) + (0.5415872335 * X1)) - (((-1.7965574265) * X3) * (0.1346196830 * X1))) + exp(((((-0.4228402972) * X1) - exp(((-0.6061011553) * X4))) + ((sin(((-18.9787197113) * X1)) + (-1.1829695702)) * (((-0.1408212632) - (0.3176480830 * X3)) - ((-0.5343020558) * X2))))))) + (sin((1.6579988003 * X2)) + (((0.4387742281 * X2) + ((-0.6234549284) - (0.1639832854 * X4))) + (((-0.0042661703) + (0.0134015344 * X2)) / (0.0071938816 - (0.4324269891 * X3))))))))
1027_ESL,OperonRegressor,ok,4.0,0.8620432970073082,0.5799945039199766,98.0,98.0,58.7,,(0.0060876743 + (1.0004899502 * ((((((0.3663381934 * X4) + sin(((((-3.0547342300) * X4) + (5.9006505013 * X3)) + ((-3.0339722633) * X2)))) * (((0.0516956784 * X4) + (0.0836368501 * X3)) + (0.0630746931 * X1))) - ((sin(((1.6826056242 * X4) + ((-1.8112550974) * X3))) + (sin((((-1.4169569016) * X4) + (0.4668105245 * X2))) * (0.1552862525 * X2))) + (((-0.2752339244) * X4) + ((-0.4127631485) * X3)))) + sin((((1.9502971172 * X4) + ((-2.1325919628) * X3)) * exp((0.1363595128 * X1))))) + (((0.2130565047 * X1) - ((-0.3001143634) * X2)) - ((((-2.7823193073) * X2) - 4.6423687935) * ((0.0405243449 * X4) + ((-0.0536191352) * X3)))))))
1029_LEV,OperonRegressor,ok,4.0,0.514856856361505,0.6420106033666931,92.0,92.0,60.0,,((-0.0000039291) + (0.9986867905 * ((sin(((((-2.1274244785) * X2) + (2.2382972240 * X4)) + ((sin(((-2.5528695583) * X3)) + (-1.6692370176)) + ((-1.1863588095) * X3)))) * ((exp(((-0.7392599583) * X4)) + ((((-0.5235276818) * X2) + (0.6461458802 * X4)) + (-1.1588573456))) + (0.1331960410 * X3))) - ((sin(((((-2.8247368336) * X2) + (2.0197079182 * X4)) + (((-3.0364630222) * X3) + ((-0.0771659985) + (0.2047012746 * X1))))) * ((0.4562920034 * X2) + ((-0.0817358643) * X4))) - ((((-1.0383684635) + (exp((0.4869630635 * X4)) + ((0.6765874028 * X2) + ((-0.3773949742) * X4)))) - ((-0.2143147588) * X3)) + (0.3750435710 * X1))))))
1089_USCrime,OperonRegressor,ok,13.0,-7.701772368974037,104.36687004439317,88.0,88.0,39.5,,(0.0000011103 + (0.9999993443 * ((((0.0240969826 * X1) + (((sin(sin((7.8092913628 * X7))) + ((-0.4452655315) * X11)) + (sin(((-6.1039781570) * X4)) + (((0.6505324244 * X3) * (2.1254012585 * X7)) + 1.4366459846))) / ((21.7476825714 * X4) + (19.2039318085 * X3)))) + (((-0.2193820477) * (sin(((-5.8196859360) * X4)) + ((-0.4918679893) * sin(((-116.9245071411) * X4))))) + (((sin(((-124.1630477905) * X11)) + ((-1.9518858194) * X3)) + (4.9698648453 * sin(((-116.4139022827) * X4)))) / (25.3205623627 * X7)))) - ((((0.2488037944 * X4) + ((-0.1713159829) * X3)) + 0.0847297460) - ((-0.6957021356) * X13)))))
1096_FacultySalaries,OperonRegressor,ok,4.0,0.946489096188426,1.2832029892569867,94.0,94.0,44.8,,((-0.0000270505) + (0.9999870062 * (((sin(((-0.1865423322) * X2)) - (-0.1361208260)) + (((-234423424.0000000000) * X1) / (3264369917952.0000000000 * X4))) - ((0.0000047763 / (0.0746446773 * X2)) - ((((((-0.0067515620) * X3) + ((-0.0050379909) * X4)) + (((-0.0000392451) + sin(((-0.0000937979) * X1))) - ((-0.0119277472) * X2))) / sin(((((-7.8258438110) * X2) + (4.3935317993 * X3)) - ((-3.0886583328) * X4)))) + (((6.3040866852 * X2) + (((-3.6201353073) * X3) + ((-1.6434090137) * X4))) - (((((-0.0000605655) * X3) + (0.0457273796 * X4)) + sin(((-0.0456898548) * X4))) / sin(((((-2.3887569904) * X3) + ((-1.8231457472) * X4)) - ((-4.0127100945) * X2))))))))))
1191_BNG_pbc,OperonRegressor,ok,18.0,-0.1199458332144274,1109.1658951148167,90.0,90.0,71.2,,(0.0008337977 + (1.0057183504 * ((((-0.0146079250) + ((((-1.0283602476) + ((-0.4202631116) * X1)) - ((-0.1663022339) * X10)) * (sin((3.2626447678 * X9)) + (0.3299909830 * X9)))) + exp((sin((3.2294104099 * X9)) - ((0.1585314572 * X8) + ((-0.7692275047) * X1))))) - ((((sin((3.3279528618 * X9)) + ((-0.7204169035) * X10)) * (((0.1238214001 * X15) + (0.2068157792 * X6)) + ((0.1097490937 * X8) + 0.1118179709))) - (((exp(((-0.4384105206) * X11)) - ((0.4233095646 * X8) + ((-1.3283549547) * X1))) / ((-3.9322383404) * X9)) * (sin((2.7581963539 * X9)) + 0.0560563542))) + exp(((-0.1991378516) * X11))))))
1193_BNG_lowbwt,OperonRegressor,ok,9.0,0.5463004000352617,531.9967333392781,96.0,97.0,79.7,,((-0.0013158453) + (1.0031663179 * ((cos(((((-0.5771232247) * X3) + ((-1.1247817278) * X1)) - (cos(cos((((-1.0325264931) * X2) * (1.8952919245 * X2)))) + (0.4556066394 * X2)))) + (cos(((1.7051883936 * X4) * (2.7415623665 * X2))) * (((0.2494652867 * X1) + ((0.0722929165 * X2) * (3.8367533684 * X5))) - ((((-0.1213183776) * X2) * (1.8952919245 * X2)) + 0.4047082961)))) + ((0.1802397370 * X2) + (((0.2618010044 * X3) + ((-0.3939014375) * X1)) + (((cos(((1.2350435257 * X2) * (3.7678830624 * X5))) ^ 2) * (((-0.2196702361) * X2) + ((-0.5080471039) * X1))) - cos(((0.1313571930 * X3) + (1.3228653669 * X1)))))))))
1196_BNG_pharynx,OperonRegressor,ok,10.0,-0.1795731318100437,368.04984083648895,86.0,88.0,90.3,,(0.4871226251 + (0.9742057920 * ((cos((((1.7163075209 * X3) ^ 2) + (((-0.2967511117) * X7) + (0.3278434873 * X1)))) + ((0.1911335438 * X9) + (cos(((0.8739430904 * X1) - (2.1680755615 + ((-1.2139552832) * X10)))) + cos(((sin(((-1.1734616756) * X8)) + (((-0.2914963365) * X3) + (-0.4702074826))) + (((-0.0655241460) * X7) + ((-0.5685304999) * X10))))))) - (((((-0.2383610159) * X9) + ((-0.7354416251) + ((0.0655887425 * X7) + (0.7859276533 * X10)))) * cos(((((1.1293350458 * X6) - 1.2221461535) ^ 2) + (((-12.6702699661) * X7) + (3.5115199089 * X10))))) + (0.1568240374 * X6)))))
1199_BNG_echoMonths,OperonRegressor,ok,9.0,-490.0387872142916,313.5957084971616,94.0,96.0,62.0,,((-0.0000009939) + (0.9996575117 * (((exp(((((-0.0321019553) * X4) - ((-0.1445920169) * X7)) + (((0.0518262982 * X9) - (0.0454869866 * X5)) + 0.5465967655))) ^ 2) + ((exp((((((-65.0900878906) * X9) - (26.0786533356 * X4)) - (454.6233215332 + ((-4.5716061592) * X1))) - (379.4981079102 * X8))) ^ 2) + ((((-0.0802999809) * X8) + sin(((((-0.1400610954) * X4) - (0.8149546981 * X9)) + (0.5114415288 * X6)))) - (((0.5175701976 * X1) + (0.2339794934 * X6)) + ((3.2562906742 - ((-0.8584914804) * X7)) + (((0.0306296349 * X4) - ((-0.0075577348) * X9)) / ((-1.1211090088) * X8))))))) - ((0.1306756586 * X2) - (0.2646680474 * X4)))))
1201_BNG_breastTumor,OperonRegressor,ok,9.0,-0.0875692203194151,12.6861974905422,94.0,95.0,48.8,,((-0.1449316293) + (1.0025757551 * (((((0.1093023047 * X9) - (0.7163249254 * X5)) - ((-0.2204929292) * X8)) + ((((exp((((-1.1209712029) * X8) + ((-0.5711965561) * X2))) * (0.0023355894 * X5)) / ((0.3449663222 * X7) ^ 2)) + ((0.1796759069 * X4) + ((-0.2986556590) * X3))) + cos((3.7824108601 * X7)))) + (((cos((5.4029026031 * X7)) - exp(exp(cos((((-3.7486410141) * X3) + ((-2.4214475155) * X2)))))) / (29.7204742432 * X5)) + ((exp(cos((((-3.1137297153) * X3) + ((-1.7051962614) * X2)))) * (0.5292386413 * X5)) - (exp((((-0.2989672720) * X3) + ((-0.3725028038) * X2))) * cos((3.5681221485 * X7))))))))
1203_BNG_pwLinear,OperonRegressor,ok,10.0,0.3007591868167368,3.5579706780805824,96.0,97.0,57.3,,((-0.0004737216) + (1.0003402233 * (((((0.1690743566 * X3) + (((-0.9598770738) * X1) + ((((0.0933530554 * X2) - (0.0470535271 * X8)) + 0.2532852590) - ((-0.0438128896) * X9)))) ^ 2) - exp(((-0.2213018239) * X5))) + ((((4.5490198135 * X3) * (0.5910217762 + (1.5832488537 * X7))) * ((-0.0191426408) * X4)) + (sin(((0.0936984420 * X3) * exp(((-0.5806152821) * X2)))) - (((((-3.0130622387) * X5) * ((7.1404561996 * X3) - ((-12.2054567337) * X9))) + ((((6.1059584618 * X2) + (10.7031383514 * X3)) - (12.6466207504 * X8)) + (10.8700256348 * X7))) * ((((-1.8269902468) * X10) + exp((1.1788990498 * X2))) * ((-0.0021209747) * X4))))))))
1595_poker,OperonRegressor,ok,10.0,-4.24934995571216e+20,26810819430.0038,82.0,84.0,37.5,,((-0.1725406498) + (1.2676458359 * exp(((((((-1.4620249271) * X7) * (-2.2645027637)) * (1.9950375557 * X9)) + ((-10.9665489197) + ((((0.0742480159 * X5) + (3.1282236576 * X4)) * (0.2884217203 * X8)) + (sin((((-0.1736515909) * X5) + (2.6675627232 * X4))) * (4.3066916466 * X8))))) + (sin(((4.9480009079 * X4) - ((1.1789348125 * X4) + (((-1.9130406380) * X4) ^ 2)))) + ((-7.7774562836) + (((((1.1916464567 * X9) * (0.0289728586 * X3)) - ((0.0459988713 * X7) + (-0.3713043332))) ^ 2) * exp((exp((0.4133793414 * X8)) * (1.6458208561 * X4))))))))))
192_vineyard,OperonRegressor,ok,2.0,-0.0015288511634101,3.996389090496,85.0,85.0,41.7,,((-0.0000064955) + (0.9995432496 * ((((0.6720802188 * X1) + (0.1531276405 * X2)) - ((-0.6083809137) + cos(((((0.7745118737 * X2) - (0.5864151120 + ((-1.9512796402) * X1))) * cos(((-13.1227989197) * X2))) - (((0.8986536264 * X2) + 0.1425048262) + (0.1307628006 * X1)))))) - ((sin(((-0.3007747531) + ((-2.4676272869) * X1))) + (0.7002528906 * X1)) * (((0.6527457237 * X2) - (0.0693230405 + ((-0.2722597122) * X1))) - ((cos(((-12.0675706863) * X2)) + (0.4841905236 * X2)) * (((-0.3256570995) * X2) + cos((sin(((-2.4038889408) * X1)) - ((-1.1435246468) + ((-2.4859569073) * X1)))))))))))
197_cpu_act,OperonRegressor,ok,21.0,0.9708834387376184,3.200182509298092,96.0,96.0,54.8,,(0.0000553229 + (0.9996764064 * ((((((cos(((-7.2292804718) * X21)) - (0.0449917689 * X1)) + ((-0.0798849612) * X12)) - (((0.0410750546 * X4) + (0.0290776622 * X7)) - ((((0.0273425616 * X4) + ((-0.1402502358) * X21)) * ((1.8816657066 * X17) - (2.1999850273 * X6))) - (0.3269769549 * X17)))) - ((((1.6081218719 * X7) + 18.7500572205) * ((0.0084635355 * X3) + ((-0.0600530133) * X21))) + 0.5892129540)) - (cos((0.5770455003 * X21)) * (cos(((-7.1790728569) * X21)) - ((((((-4.2571477890) * X5) + ((-5.7244243622) * X21)) * ((-0.0145149315) * X13)) + 0.7948065996) + ((-1.1376404762) * X21))))) - ((0.0119092036 * X9) + ((-0.1274199486) * X6)))))
201_pol,OperonRegressor,ok,48.0,-1.4355232814488947,62.48392786224179,91.0,91.0,38.7,,((-0.0000197366) + (1.0000135899 * (((((-0.9239317775) + (0.0739640146 * X6)) + (((-0.6128790379) * X7) + (0.0916798562 * X5))) + (0.6684116721 * X7)) + exp(((cos((cos(((0.3404841721 * X5) - (1.6129325628 * X6))) + (((-0.8916851878) * X7) + ((-1.9364067316) * X5)))) + (cos((((-0.6882188916) * X7) + (1.1076656580 * X5))) + (((-4.3525190353) + ((-1.3488422632) * X6)) + ((((-0.6704610586) * X7) + (0.0002740296 * X31)) + ((-1.4155700207) * X5))))) + (((cos((0.4655099809 * X31)) + cos(((0.5548989177 * X5) - (3.0942916870 * X6)))) + cos((0.3250188231 * X18))) + cos((0.6638806462 * X8))))))))
210_cloud,OperonRegressor,ok,5.0,0.925301706329056,0.3132310906203462,88.0,91.0,37.3,,(0.0000004003 + (1.0001007318 * (((0.4989365339 * X5) - ((((-0.6973575950) * X3) + (sin(sin((0.9289001226 * X5))) + exp(((-0.3370012641) * X4)))) - (((-0.1917371899) * X4) - (-0.7951837778)))) - (((((((-0.5549547076) * X5) - 0.2268957049) + ((((0.5652821064 * X5) - ((-0.1755750328) * X1)) + ((0.4015556872 * X4) - (0.5233756900 * X3))) ^ 2)) ^ 2) + ((((-0.4953122437) * X4) - (0.2803586423 * X3)) - 0.4391811192)) * ((cos((((0.1677903533 * X1) + (1.6000247002 * X3)) - ((1.9430751801 * X4) - 1.0423415899))) - (sin(sin(((-0.9051858187) * X4))) + (0.6480847597 * X4))) ^ 2)))))
215_2dplanes,OperonRegressor,ok,10.0,0.9256372618031354,0.980686865456335,96.0,96.0,47.9,,((-0.0000004774) + (0.9999711514 * (((((((((-0.0091518713) * X10) - ((0.3105585575 * X6) - (2.0132830143 * X1))) - sin(((1.7713007927 * X1) + (0.1642265320 * X7)))) + (0.1383966506 * X2)) - (sin((103.4956741333 * X4)) + (0.0196009316 * X5))) + (0.1069460511 * X3)) / exp(((-1.1481691599) * X1))) - (((sin(((((0.1825541407 * X6) - (0.9644923806 * X1)) - ((-0.0799201876) * X3)) + ((-0.4691188931) * X5))) - 0.2780173719) + sin(((((0.0438083820 * X9) + ((-0.2198728174) * X7)) + (((0.3424607515 * X6) - ((-1.4012449980) * X1)) + ((-0.3083452880) * X5))) + cos(sin((0.3720376194 * X2)))))) - (0.8577421904 * X6)))))
218_house_8L,OperonRegressor,ok,8.0,0.3151787069579599,36839.360062430926,84.0,84.0,41.1,,(0.0001639491 + (1.0195354223 * (((sin(cos(((1.6109380722 - ((-0.3441688418) * X4)) + ((-8.3902959824) * X1)))) + (((0.1300789416 * X7) - (0.1593913734 * X1)) - (sin(((-0.7780762911) * X3)) - (sin(((-0.2589317858) * X8)) - (-0.3976077139))))) + ((sin((0.5594604611 + ((-8.2599525452) * X1))) - exp((0.3016571403 * X2))) + (exp((sin(((-6.3901886940) * X2)) * (sin((0.6431421041 * X3)) - 0.3297554851))) - sin((((((-0.1873801798) * X8) - (0.5150402784 * X2)) - exp((0.5348309875 * X2))) + ((0.9393889904 * X3) - (-1.0949718952))))))) - ((-0.8567984700) * X2))))
225_puma8NH,OperonRegressor,ok,8.0,0.3096042305488561,4.559090595794982,92.0,92.0,45.7,,((-0.0076424717) + (1.0027773380 * ((exp(sin(((cos(((-1.2029722929) * X3)) + (((-0.7064706683) * X3) + ((1.9118373394 * X2) - (0.3396073282 * X4)))) + ((0.1199487150 * X5) - (-0.3068941832))))) * ((cos(((1.3753050566 * X3) + (0.0849689916 * X1))) * (1.6414294243 * X2)) + ((0.8371213078 - sin(((0.0900466666 * X8) + (((-0.7623171210) * X3) + (1.5153433084 * X2))))) - sin(((((-0.0482588634) * X5) - ((0.7130762935 * X2) - ((-0.0651446953) * X4))) + exp(((0.3884877861 * X3) + (0.7834152579 * X2)))))))) + cos((exp((1.0850092173 * X2)) + (((-0.1303136349) * X3) + ((-2.1077482700) * X2)))))))
227_cpu_small,OperonRegressor,ok,12.0,0.9746115109477655,2.9882926989072534,92.0,93.0,45.4,,((-0.0000533456) + (1.0000213385 * (exp(((-0.2634387314) * X7)) - ((((((((0.0002999180 * X8) - (-0.0002207000)) - ((-0.0000478550) * X7)) * exp(((-3.1156902313) * X3))) * exp(((0.3771205246 * X12) - (8.0549631119 * X11)))) - ((((0.1388722956 * X12) - (0.0737521574 * X8)) - exp((0.0373129956 * X1))) - exp(((0.9967688322 * X12) - ((-0.0198506247) * X8))))) - ((-0.2207257897) * X6)) - (((((0.9806165099 * X12) ^ 2) - (-2.1566500664)) * ((exp((0.2954970300 * X3)) - ((-0.0356463008) * X7)) * (exp(((-0.3623203933) * X3)) - (((-0.0373541489) * X11) - (0.0179297756 * X8))))) - exp(((-0.8700612187) * X12)))))))
228_elusage,OperonRegressor,ok,2.0,-0.4709924593887842,19.623285884887306,84.0,84.0,33.6,,((-0.0000147194) + (1.0000221729 * (((cos(((4.6383190155 * X2) + 2.5546522141)) * (((0.6999071240 * X1) + (((-0.9657418728) * X2) - 0.2552708983)) + cos(((1.5178884268 * X2) + (-2.7835469246))))) + ((-1.1061756611) * X1)) + ((((((((-0.0287671778) * X1) + (0.1630791277 * X2)) * ((5.9935770035 * X2) + (-19.7484893799))) + ((3.3653962612 * X2) - 0.7289454937)) * ((((0.9554532766 * X1) + ((-0.5628007650) * X2)) + (-0.3210919797)) + cos(((8.6730709076 * X1) + ((1.4970830679 * X2) - 0.2500759661))))) + (0.2507677674 * X2)) + (0.2768912613 + (0.0421905778 / ((-2.9387862682) * X1)))))))
229_pwLinear,OperonRegressor,ok,10.0,0.786767420813049,1.6440832727857428,90.0,90.0,46.0,,((-0.0001912078) + (0.9992859364 * (((sin(sin((((0.2152150869 * X5) + ((-0.1333062202) * X7)) + (6.8431158066 - (8.3050136566 * X1))))) - (sin(((cos(((-5.9641265869) * X10)) - (-0.9968438745)) + (((-0.2169794142) * X6) + (((-0.1436731666) * X9) + (0.0967434868 * X7))))) + (sin(((-1.1901673079) * X3)) - (((0.4073560536 * X5) + (0.1122734472 * X7)) - (-1.7894439697))))) + cos(((((0.0754781812 * X2) / sin(((-14.7786426544) * X1))) + ((((-0.9381672740) * X1) + ((-0.2388419956) * X7)) - (((-0.3015898764) * X3) - (-2.9772186279)))) + ((-0.2913836539) * X6)))) + (((-0.6398234367) * X3) + (0.2387993932 * X6)))))
230_machine_cpu,OperonRegressor,ok,6.0,0.94504111497904,42.26108550641796,92.0,92.0,45.0,,(0.0002231172 + (0.9999838471 * ((((0.1264507920 * X3) + (0.2503400147 * X2)) + ((((0.0017165917 * X4) - (0.0008956245 - ((-0.0016703986) * X3))) * (((-58.2285423279) * X6) + (((-155.4212036133) * X3) + ((-151.1844940186) * X2)))) * exp((exp((((-9.6123352051) * X4) + ((-4.8421883583) - (0.2111484110 * X6)))) - (exp((((-2.2378077507) * X4) + ((-0.1632955074) * X3))) - ((-0.5997124910) * X3)))))) - (((((-0.3300100565) * X4) + (0.1043785587 - (0.0198201016 * X6))) / exp(((-0.4392304122) * X3))) + (((0.0332908444 + (0.0520750172 * X2)) - (((-0.0672979355) * X4) + (0.0449523740 * X3))) * exp(((-3.4934520721) * X6)))))))
294_satellite_image,OperonRegressor,ok,36.0,0.3378507118444893,0.6487388438745152,88.0,90.0,49.8,,((-0.0056263446) + (1.0007282495 * ((((((0.0072234184 + (0.1626145095 * X29)) / (2.2765598297 * X17)) + sin((((-1.3715780973) * X29) - (((1.5729632378 * X23) + (0.1137079224 * X10)) ^ 2)))) + (((-0.4358513653) * X11) - 0.6533086300)) - (((((-1.4205442667) * X17) - ((sin(((-0.3790797293) * X35)) + (1.4041190147 * X24)) ^ 2)) * (sin(((-0.6329050660) * X35)) - ((-0.5655128360) * X29))) - ((-1.7082967758) * X23))) * ((sin(((1.3672168255 * X23) + (-0.4603166580))) * ((sin(((0.7941042781 * X23) + (0.1082410738 * X29))) - (0.4113409221 * X23)) - 0.4295792878)) - ((0.0324046835 * X11) - 0.2990517318)))))
344_mv,OperonRegressor,ok,10.0,0.9996893629028722,0.1605113901017306,83.0,83.0,53.6,,((-0.0000002535) + (0.9999958277 * (cos(((sin(exp((1.2378977537 * X8))) * ((3.0892169476 - (2.3533926010 * X6)) + ((-0.3501804471) * X1))) + (3.8443071842 * X8))) - ((sin(sin(cos(((1.1651129723 + (0.1162069440 * X1)) - ((-0.7785487175) * X6))))) * ((cos((0.8631765842 * X8)) + ((-0.0093433093) * X1)) * ((3.1927711964 + (0.0088484967 * X9)) + ((-0.2318720818) * X6)))) + (((-0.0713785589) + ((-0.1287744641) * X1)) + (cos(((5.6284871101 + ((-0.9191300273) * X1)) - (5.8604917526 * X6))) * (((-0.0184217840) + ((-0.0072374437) * X1)) - (0.0257033370 * X6))))))))
4544_GeographicalOriginalofMusic,OperonRegressor,ok,117.0,0.541682259208215,0.6484486327230021,98.0,98.0,49.1,,((-0.0488120951) + (1.0028401613 * (((((((0.0027043750 * X71) / ((-0.6189133525) * X101)) + (sin(((-0.1896952987) * X71)) - exp(sin((0.6791992188 * X102))))) * (((-0.4856525362) * X21) + (((-0.1119833961) * X97) + (sin(((-0.5645091534) * X71)) - ((-0.0511194170) * X16))))) * (((-0.0317386948) * X103) + exp(((-0.4950975180) * X97)))) - ((-0.6148174405) * X42)) + (((((0.2160834372 * X102) + ((-0.4173678756) * X21)) + (((-0.0112374453) * X21) + ((((-0.3331477046) * X71) + (0.2157457620 * X101)) - sin(((-0.5808007121) * X102))))) - (((-0.9613921046) * X21) * ((-0.1043953225) * X60))) + (((-0.6220358610) * X45) + ((0.0002518352 * X97) / sin((0.0204271246 * X102))))))))
485_analcatdata_vehicle,OperonRegressor,ok,4.0,-0.0211305239703714,299.6596630230557,98.0,100.0,33.7,,((-0.0026796919) + (1.0048954487 * ((((sin((((((-1.6415553093) * X2) - (2.9215013981 * X1)) + (1.7729078531 * X4)) + ((-0.5349180102) * X3))) + (0.0430614017 * X3)) ^ 2) - (((((-0.7085946202) * X2) - ((-3.6744568348) * X1)) + ((-0.4411205649) * X4)) + ((sin((((0.1349250227 * X2) + ((-3.7823903561) * X3)) + (3.0013780594 * X4))) + ((-0.0737909824) * X3)) ^ 2))) + (sin((((((0.3029537201 * X2) + ((-2.6302895546) * X3)) + ((-0.6044862270) * X1)) + sin(((-0.6628568769) * X4))) + (1.0504466295 * X4))) + ((sin(((((-2.5769908428) * X2) - (2.6479728222 * X1)) + (2.6281924248 * X3))) + (2.8040170670 * X1)) + ((-0.3759464920) * X3))))))
503_wind,OperonRegressor,ok,14.0,0.4717223543299682,3.31926974804687,94.0,94.0,52.8,,((-0.0107251750) + (0.9902384281 * (((0.6084204912 * X14) + cos(((((-0.8229706287) * X14) + ((-0.5807409286) * X4)) + ((-1.2064437866) - ((-1.7127618790) * X12))))) + ((exp(cos((((-1.0450911522) * X14) - (exp((0.9012237787 * X10)) - (3.3112473488 * X12))))) * (((((0.2804853320 * X14) + ((-0.9441272020) * X12)) + ((0.4828353822 * X10) - 0.1309484690)) - ((-0.2174984813) * X13)) + ((exp((1.1306936741 * X10)) - (2.7013590336 * X9)) * ((((0.0213072132 * X13) + ((-0.0433829241) * X4)) + (((-0.0173026547) * X14) + (0.0848996341 * X12))) + (((-0.0586835928) * X5) - (-0.0118349632)))))) + (((-0.2199003696) * X10) + (0.3752978444 * X4))))))
505_tecator,OperonRegressor,ok,124.0,0.995829141835293,0.6813216815932978,104.0,104.0,43.2,,(0.0232371558 + (0.9994547963 * ((((((82.2076568604 * X72) + ((-0.7455029488) * X123)) - ((16.3682136536 * X48) + sin(((-0.2769078016) * X77)))) + (((((-0.1896438897) * X124) - ((-49.5126838684) * X61)) - (((-0.4504746795) * X11) + (27.7919178009 * X43))) - ((-10.2808408737) * X41))) + (((((24.8318252563 * X41) + ((-36.5563125610) * X26)) * ((-0.0069372025) * X34)) + ((-124.3574905396) * X68)) + (((31.3581371307 * X45) + (((0.0044547990 * X118) + ((-2.9854664803) * X93)) + (((0.0942526981 * X47) + ((-0.1265528798) * X93)) / ((-99.9370498657) * X124)))) - (2.5465912819 * X34)))) - ((((-0.0944595337) * X124) / (159.1463928223 * X43)) + (((0.0011018037 * X118) + ((-0.0056656888) * X47)) * ((-19.3233318329) * X26))))))
519_vinnie,OperonRegressor,ok,2.0,0.7168931684299082,1.7045103544141087,94.0,94.0,51.5,,((-0.0005451355) + (0.9999649525 * (((((((((0.1040132791 * X2) - (-0.0269729458)) / (((-0.4206720591) * X1) + ((-5.5593943596) * X2))) + (((-0.0080892425) * X1) * (5.1173133850 * X2))) + (((0.0154221766 * X1) + ((-0.0346907377) * X2)) / sin((((-0.1343400031) * X1) + ((-3.0087318420) * X2))))) - (((-0.0289067030) * X2) / (1.8405259848 * X1))) - (sin((((-0.1458003521) * X1) + ((-3.2962625027) * X2))) - (sin((((-0.9528272152) * X1) + (4.2671675682 * X2))) / 6.4212007523))) - ((0.0494981557 * X1) - ((((0.0088014640 * X1) + 0.0127539476) / sin(((-19.1146965027) * X2))) - sin((3.3939294815 * X2))))) - ((-0.8285481930) * X2))))
522_pm10,OperonRegressor,ok,7.0,-0.0211287381477975,0.87984729114654,78.0,86.0,41.2,,((-0.0054442496) + (1.0283715725 * ((((0.8434708118 * X2) ^ 2) - (log(((479.8452758789 * X4) ^ 2)) * ((0.3243850172 + (((-0.2445447445) * X2) ^ 2)) + ((-0.0216411334) * X1)))) + ((cos(((((-2.1213099957) * X4) ^ 2) * 3.2194848061)) * ((((-0.3759225309) + (((-0.3267813623) * X2) ^ 2)) + (0.0851759315 * X1)) + (((-0.1347738951) + ((-0.2626002133) * X4)) / ((-3.7492239475) * X1)))) - ((sin(sin(sqrt((((-2.3409504890) * X4) ^ 2)))) ^ 2) - (log(sqrt((((-53.3377990723) * X4) ^ 2))) * (1.2234368324 + ((-0.0032978824) / (0.1435707510 * X4)))))))))
523_analcatdata_neavote,OperonRegressor,ok,2.0,0.9376087673650546,0.9401378398935394,28.0,28.0,15.4,,((-0.0000005134) + (0.9999993443 * (exp((((-3.1136860847) - (7.5469517708 * X1)) + (-4.6795969009))) + ((((0.0178035721 * X2) - 1.2429492474) + ((-1.2956162691) * X1)) / sqrt(exp((1.9447289705 * X1)))))))
527_analcatdata_election2000,OperonRegressor,ok,14.0,0.9999994328890852,83.47411814815271,67.0,67.0,41.7,,((-0.0000000095) + ((((-1.1236855984) - (0.0100653525 * X4)) + (((-0.0010831059) * X7) + ((-0.0002371524) * X11))) - ((((((1.8253078461 * X10) - ((-0.0050520897) * X9)) + (0.0000000080 - ((-0.8598307967) * X1))) + (((((-2.8570065498) * X10) - (-1.5924507380)) + (0.1097740680 * X3)) / 3.1207242012)) - (((-0.0290309768) * X6) - ((((-2.6723001003) * X10) - 6.1872568130) - (0.1177302599 * X10)))) - ((((-0.7995017171) * 5.6951584816) - (0.0011504150 * X5)) - (0.0096527943 * X2)))))
529_pollen,OperonRegressor,ok,4.0,0.7638729731936705,1.8169801694070344,80.0,82.0,78.9,,(0.0095708929 + (1.0001052618 * (((((((-0.1757578105) * (sin((10.3774204254 * X1)) - ((-7.4943737984) * X4))) - ((-0.3186968863) * X2)) + ((-1.8780661821) * X1)) + (((-0.1526607424) * sin(((-23.8946876526) * X4))) - (0.0742867589 * X3))) - (sin(((-16.5196666718) * X4)) * (((((-0.2045009583) * sin(((-14.0471391678) * X3))) - (-0.0775332674)) - ((-0.1964869499) * X1)) - ((-0.8571938872) * ((-0.2007609457) * sin(((-20.8833141327) * X4))))))) + (((-0.2088585198) * sin((((1.1595320702 * X1) ^ 2) ^ 2))) - (sin(((-14.8204622269) * X4)) * (((-0.0508233532) * X4) - 0.1649140567))))))
537_houses,OperonRegressor,ok,8.0,0.7928355181920544,43741.18742889617,88.0,88.0,91.3,,((-0.0002488731) + (1.0034546852 * ((((0.4927274883 * X8) - (0.6699193120 + ((-0.2452883124) * X1))) + sin(((1.5677863359 + ((-0.1408264786) * X1)) + cos((((-0.8916269541) * X8) - (((-1.2942404747) * X7) - 2.1338453293)))))) - (((-0.1129074320) * X7) + (((((((-0.6171871424) * X7) - (-9.0478305817)) * (0.0909344405 * X3)) + ((0.1329221725 * X1) + ((-0.6601728797) * X5))) + (cos(((0.2956723869 * X8) - ((0.3944250941 * X7) - 1.1785899401))) + (sin((((-2.0207502842) * X6) + (4.0632615089 * X5))) * ((-0.4900644124) * X3)))) * cos(((1.8681309223 * X8) - (((-0.1587060690) * X7) - 1.9871840477))))))))
542_pollution,OperonRegressor,error,,,,,,,ValueError: Input contains infinity or a value too large for dtype('float64').,
547_no2,OperonRegressor,ok,7.0,0.5470403857529897,0.4255587530065492,94.0,94.0,55.6,,((-0.0000018828) + (0.9947880507 * ((exp((exp((((((-0.6754338741) * X3) + (0.0517014898 * X4)) - (((-0.1452364475) * X6) + (0.8830310702 * X1))) * exp((0.3857051730 * X3)))) - exp(((-0.7101029158) * X1)))) - exp((0.3946291506 * X3))) + ((sin(((((-0.3514654040) + (0.4360808730 * X4)) + (0.6008756161 * X1)) + ((-0.5876360536) * X2))) / (((-2.1911010742) * X3) + ((exp((1.2860897779 * X3)) + (0.1501471698 * X6)) + (0.2499485910 * X5)))) - (((((-0.5879019499) * X3) + ((((-0.0944361016) + ((-0.5073946714) * X1)) + (0.3200161755 * X6)) + ((-0.0811273307) * X7))) + (0.0175485294 * X2)) + ((-0.1831864268) * X2))))))
556_analcatdata_apnea2,OperonRegressor,ok,3.0,-28.701962884371994,18031.4412870532,82.0,84.0,55.8,,((-0.2167744339) + (1.2697061300 * ((((sin((2.6319298744 * X2)) + 0.6246647835) ^ 2) * (((-5.6763081551) + (-62.9094772339)) + (((sin(sin(((-4.1736717224) * X3))) + (((2.0952644348 * X3) + 4.4375958443) * (26.5058116913 * X3))) * sin((24.4934673309 * X2))) + (((-4.1757736206) * X1) + sin(((1.5776755810 * X2) ^ 2)))))) / ((((((-1.2920836210) * X1) + (1.5776014328 * X2)) / sin((2.5115773678 * X1))) / (sin((((-5.8951859474) * X1) + sin((63.3710975647 * X2)))) * (0.8327550292 - sin(((3.2278962135 * X3) + 2.1056654453))))) / ((-0.0080763176) * X2)))))
557_analcatdata_apnea1,OperonRegressor,ok,3.0,0.8450230757415627,1257.97433468575,92.0,93.0,49.1,,((-0.2011517137) + (0.9450483322 * ((((((sin((0.0528394952 * X2)) - cos((10.7368326187 * X3))) * ((sin((27.4397449493 * X1)) * sin(((-3.7837297916) * X1))) - ((0.0360944904 * X3) - ((-0.8289906979) * X1)))) - ((-0.0732685328) * X2)) ^ 2) * ((cos((11.3613634109 * X3)) - ((-2.5225396156) * X1)) * ((sin(((((-0.0010723417) * X3) - ((-2.2252109051) * X1)) - ((-1.1588127613) * X2))) - sin(((-1.4799114466) * X2))) - (0.1795091331 * X2)))) * ((((-3.5509054661) * X2) - (((sin(((-0.1548381448) * X1)) - cos((9.4224710464 * X3))) - ((-0.1314342767) * X3)) + 2.0097649097)) * sin(((-2.2971293926) * X2))))))
560_bodyfat,OperonRegressor,ok,14.0,-0.4807298001249369,8.875879992962213,96.0,99.0,60.3,,(0.0057217376 + (1.0000227690 * (((((((((-0.3672698438) * X9) ^ 2) * (0.2223619521 * X6)) - (0.0242761262 * X6)) - (1.0092217922 * X1)) - (((cos(((-842.1398315430) * X4)) * (0.1105403975 * X6)) - (((-0.0334880836) * X6) - (cos(((-827.8106689453) * X4)) * ((-0.0797395706) * X6)))) * cos(((3.5806522369 * X9) + (3.5930826664 * X1))))) + (((((-17.0713672638) * X9) + ((-31.0847206116) * X1)) * (0.0014878177 * X6)) - (((cos(((-842.5471801758) * X4)) * (0.2447295040 * X6)) - (((-0.1078176498) * X5) - (cos(((-828.1165771484) * X4)) * ((-0.2078153342) * X6)))) ^ 2))) * cos(((((-0.3253023624) * X9) ^ 2) + (0.0658398122 * X1))))))
561_cpu,OperonRegressor,ok,7.0,0.9891436829143404,18.845363376284325,95.0,97.0,59.7,,(0.0000047735 + (0.9999854565 * (((sin((((0.0321072824 * X3) + ((-0.1373622417) * X6)) - ((-0.3772124052) * X4))) + ((-0.2484040558) - (((((-1.1115995646) * X5) + ((-0.0534984022) * X3)) + (((0.0011794725 * X4) + (0.0232310742 * X2)) * ((-4.0614762306) * X3))) ^ 2))) + (exp((((-0.0944447070) * X7) + (0.1200918183 * X6))) + ((((1.1177742481 * X5) + ((-0.0701966733) * X2)) ^ 2) - (((((0.0142243942 * X7) + ((-0.0445221290) * X2)) * ((-3.8162498474) * X3)) + exp((((-0.1337938458) * X7) + ((-0.0316639319) * X6)))) - ((0.0643747374 * X5) + ((-0.1221288517) * X2)))))) * exp(((0.0265243389 * X7) + (0.2056374550 * X4))))))
562_cpu_small,OperonRegressor,ok,12.0,0.9746115109477655,2.9882926989072534,92.0,93.0,47.2,,((-0.0000533456) + (1.0000213385 * (exp(((-0.2634387314) * X7)) - ((((((((0.0002999180 * X8) - (-0.0002207000)) - ((-0.0000478550) * X7)) * exp(((-3.1156902313) * X3))) * exp(((0.3771205246 * X12) - (8.0549631119 * X11)))) - ((((0.1388722956 * X12) - (0.0737521574 * X8)) - exp((0.0373129956 * X1))) - exp(((0.9967688322 * X12) - ((-0.0198506247) * X8))))) - ((-0.2207257897) * X6)) - (((((0.9806165099 * X12) ^ 2) - (-2.1566500664)) * ((exp((0.2954970300 * X3)) - ((-0.0356463008) * X7)) * (exp(((-0.3623203933) * X3)) - (((-0.0373541489) * X11) - (0.0179297756 * X8))))) - exp(((-0.8700612187) * X12)))))))
564_fried,OperonRegressor,ok,10.0,0.917041855803502,1.3238166785660366,88.0,91.0,51.7,,((-0.0000014400) + (0.9999988675 * ((((2.7895143032 + (0.0210404303 * X10)) + (((exp((0.1889201552 * X5)) + (0.5789442658 * X4)) - ((-0.5089804530) * X1)) + (((0.0601379275 + ((-0.0297214668) * X9)) + ((-0.5194223523) * X3)) ^ 2))) - ((-0.0738563836) * X5)) - ((((((((-0.1910933107) * X6) - exp(((-0.2259670943) * X6))) + ((1.1151021719 + (0.0399624035 * X9)) - ((-0.5330949426) * X1))) ^ 2) / exp(((-0.6601526141) * X2))) - ((-0.2086735666) * X2)) + (exp(exp(((-0.2566799521) * X2))) + cos(((((-0.6705708504) * X2) ^ 2) - ((0.3626534939 + (0.0328602120 * X9)) - ((-0.4677742124) * X1)))))))))
573_cpu_act,OperonRegressor,ok,21.0,0.9708834387376184,3.200182509298092,96.0,96.0,70.4,,(0.0000553229 + (0.9996764064 * ((((((cos(((-7.2292804718) * X21)) - (0.0449917689 * X1)) + ((-0.0798849612) * X12)) - (((0.0410750546 * X4) + (0.0290776622 * X7)) - ((((0.0273425616 * X4) + ((-0.1402502358) * X21)) * ((1.8816657066 * X17) - (2.1999850273 * X6))) - (0.3269769549 * X17)))) - ((((1.6081218719 * X7) + 18.7500572205) * ((0.0084635355 * X3) + ((-0.0600530133) * X21))) + 0.5892129540)) - (cos((0.5770455003 * X21)) * (cos(((-7.1790728569) * X21)) - ((((((-4.2571477890) * X5) + ((-5.7244243622) * X21)) * ((-0.0145149315) * X13)) + 0.7948065996) + ((-1.1376404762) * X21))))) - ((0.0119092036 * X9) + ((-0.1274199486) * X6)))))
574_house_16H,OperonRegressor,ok,16.0,-1.0579553128135897,63861.83889300128,88.0,88.0,68.7,,((-0.0068853158) + (0.9797526598 * ((((17.8075599670 * X10) * ((-0.0239395574) * X13)) - (((((-0.2325398177) * X9) + (sin((3.3662042618 * X10)) * ((-0.2968817651) * X13))) - (-0.4241353869)) - sin(((1.0961556435 * X11) - 2.3701474667)))) + exp((sin((sin((((2.9904220104 * X11) - 1.2921383381) + (1.5384479761 * X13))) + (((-0.4984908402) - (0.5015212893 * X4)) + (sin((5.2228341103 * X10)) * (0.6944715977 * X16))))) + ((sin((0.9834851623 * X10)) - ((0.9614244699 * X9) + (((-0.3407171369) - ((-0.0550326183) * X4)) + (((-0.9234185815) * X16) * ((-0.4487031102) * X16))))) - (0.1689706892 * X6)))))))
579_fri_c0_250_5,OperonRegressor,ok,5.0,0.940097367242672,0.2113609344000923,94.0,101.0,68.5,,(0.0000026797 + (0.9999377131 * (((((0.2210427523 * X1) - (((-0.5533597469) * X4) - exp(((0.2111733109 * X2) + (1.2200213671 * X1))))) + (0.1908948421 + (((-0.4043344259) * X3) ^ 2))) - (((((0.2863241136 * X2) + (0.9172538519 * X1)) + (((0.2359798700 * X2) + (0.4575544596 * X1)) ^ 2)) ^ 2) - (((0.0709681436 * X3) - (((0.2739830017 * X4) - (((-0.0369901322) * X5) + ((-0.0810958073) * X1))) ^ 2)) + (0.0270133894 * X2)))) - (exp(((((-0.0438648798) * X4) - (0.3847954273 * X2)) + (0.6526340842 * X1))) - ((((((-0.3860493898) * X4) ^ 2) + (((-0.4251787364) * X3) ^ 2)) ^ 2) - ((-0.2970823944) * X5))))))
581_fri_c3_500_25,OperonRegressor,ok,25.0,0.9549741825385872,0.1975278014597589,94.0,94.0,54.2,,(0.0011581649 + (0.9986416698 * (((0.4010809064 * X4) + (cos(((1.6203206778 * X2) + exp((0.8748944402 * X1)))) - (exp(((sin((1.6203674078 * X2)) + ((0.0474884659 * X1) - (0.3591738045 * X2))) + sin(((0.5571850538 * X1) + (0.1279436797 * X3))))) + ((sin((1.6042714119 * X2)) + ((((-0.3716028035) * X1) + ((-0.5977318883) * X5)) - ((-0.0294457618) * X9))) + (sin(((-1.9771015644) * X2)) + exp((0.8645915985 * X1))))))) + ((((-0.8140110970) * X3) + exp((1.0526756048 * X1))) + exp(((0.4145727754 * X3) + (sin((1.4606999159 * X2)) + (((-0.1372789294) * X1) - (0.3819021285 * X2)))))))))
582_fri_c1_500_25,OperonRegressor,ok,25.0,0.972712502929074,0.1666105784248438,88.0,88.0,67.0,,(0.0000000018 + (0.9997932315 * ((((((0.4401934147 * X4) - ((-0.0262191705) * X9)) - (((-0.9953288436) + ((-0.2026167214) * X5)) - (2.7306962013 * X2))) + exp(cos(((3.9671373367 - ((-0.4284135103) * X2)) + ((-0.8342927694) * X3))))) - cos((((0.0268156361 * X18) + (0.0435289964 * X5)) - (1.8673241138 * X2)))) - (exp(cos(((1.9135608673 - (0.7121393085 * X2)) + ((-0.2452875227) * X1)))) * (((((-0.3953611851) * X3) - (((-2.6859774590) * X2) + (0.0200906154 * X23))) + cos(((-1.1861318350) - ((-2.1996619701) * X2)))) + cos(((2.1443736553 - (1.7106403112 * X2)) + ((-1.5080416203) * X1))))))))
583_fri_c1_1000_50,OperonRegressor,ok,50.0,0.935339858168007,0.2573854239837292,84.0,84.0,54.7,,((-0.0018047221) + (1.0012292862 * (((((((-0.4743251204) + sin(((-2.0915203094) * X2))) * cos(((-1.4478816986) + (2.1620690823 * X1)))) - (sin(((-2.0852985382) * X2)) * ((-0.0383505709) * X5))) + (4.2504181862 * X2)) - ((cos(((0.5008102059 + sin(((-1.3548135757) * X2))) + (1.8640906811 * X1))) * sin(((-3.0787041187) * X2))) * (0.0857707784 + (0.9287362099 * X1)))) + (sin(((0.6877114773 - ((-0.0618977100) * X16)) - sin(((-1.5640436411) * X2)))) + ((((7.5369381905 + (0.7046772838 * X1)) * sin(((-0.8299276233) * X2))) - ((-0.4326663613) * X4)) - ((-0.2099745125) * X5))))))
584_fri_c4_500_25,OperonRegressor,ok,25.0,0.6933077228670181,0.503140958189084,86.0,87.0,55.1,,(0.0048550572 + (0.9997966886 * (((0.3784078658 * X4) - ((sin((4.3415369987 * X2)) + ((sin(((-4.4591460228) * X2)) + (((1.0191494226 * X5) + (-7.7520136833)) * (0.0524142720 * X5))) + (0.1780343056 * X2))) - ((((-0.3658980131) + (0.0572024845 * X1)) + (0.4309707582 * X3)) ^ 2))) + (((0.3174245358 + cos(cos(((-15.2859725952) + (0.8755028248 * X1))))) + ((exp((((-13.9027853012) + (0.6434705853 * X1)) + ((-8.4934234619) * X2))) - ((-0.3820659220) * X2)) + (0.0817622319 * X1))) * cos(((((-0.9217274785) + (0.0260594394 * X23)) + ((-1.4031457901) * X2)) + ((-1.1799868345) * X1)))))))
586_fri_c3_1000_25,OperonRegressor,ok,25.0,0.9647736133475284,0.1885514636129805,90.0,92.0,58.8,,((-0.0000000882) + (1.0000537634 * ((((((-0.4040726423) * X1) + (((0.3809148371 * X4) - sin((0.2726005912 * X3))) - (0.4704448581 * X2))) + (-0.0978090540)) + (((0.3732839823 * X3) ^ 2) + (0.2971182168 * X5))) + ((((((-0.0836466476) * X5) - (((1.0702110529 * X2) + (0.0304659884 * X20)) + ((0.2190752923 * X3) ^ 2))) + 0.2760238945) * sin(((((-0.7737814188) * X1) + ((0.1040615886 * X8) - ((1.3629294634 * X2) + (0.0553408004 * X20)))) + 1.4102734327))) + (((0.7780290842 * X2) + 0.5866718888) * sin(((((-1.6614608765) * X1) + ((0.0827222168 * X3) - (1.3411709070 * X2))) + 1.0159084797)))))))
588_fri_c4_1000_100,OperonRegressor,ok,100.0,0.9669724152813456,0.1729598206698648,90.0,90.0,55.0,,((-0.0000815022) + (1.0005825758 * (((((((-0.1762538254) * X1) - (((-0.0455773585) * X50) + (0.2271344215 * X2))) + (-1.0651960373)) * cos(((1.7327508926 + (((-0.0254307240) * X3) + ((-1.5262470245) * X2))) + ((((-1.1248177290) * X1) - (0.0328323804 * X70)) + ((-0.0297677796) * X87))))) - ((((0.1228048652 * X2) + (-1.9828157425)) + cos(((-0.7053564191) * X3))) * cos(((0.1732620448 * X3) + ((-0.4893198907) * X2))))) - ((((-0.3380806148) * X4) + (((-0.2440540493) - (((-0.0577365085) * X69) + (0.1048576161 * X1))) * sin(((((-2.8766198158) * X2) + 0.4655091763) * (0.8923466802 * X1))))) + cos((0.3063816130 * X70))))))
589_fri_c2_1000_25,OperonRegressor,ok,25.0,0.9701760654373336,0.1872994339346889,86.0,88.0,64.1,,((-0.0000034774) + (0.9998922348 * ((sin((((4.1221313477 + ((-0.0769684613) * X1)) + (0.0284334347 * X20)) - ((-0.6055351496) * X3))) + ((0.6491963863 + (0.2208791971 * X5)) + sin((((((-0.0128710009) * X12) - ((-0.0258033797) * X18)) - sin((((-0.7559813857) * X2) - (-2.4400699139)))) + (((1.5290064812 + (0.4495263100 * X1)) ^ 2) - ((-2.2514386177) * X2)))))) + (((sin(((0.0241728816 * X11) - ((-0.3982731402) * X4))) + sin(((-0.3279669285) * X1))) - (0.2011785507 * X2)) + cos((sin(((-0.7400484681) * X1)) + (((2.9188742638 + (0.3015233874 * X1)) ^ 2) - ((-1.5173221827) * X2))))))))
590_fri_c0_1000_50,OperonRegressor,ok,50.0,0.9003344543047433,0.2930297552940166,92.0,94.0,63.0,,((-0.0002863976) + (0.9979785085 * ((((0.6147435904 * X4) + ((0.3046445251 * X5) + ((cos((((-0.2637205720) * X2) + (0.6989449859 * X1))) + (((-0.5310142636) * X3) ^ 2)) + (((-0.0356386676) * X11) + (0.0439693481 * X43))))) + ((-2.0973942280) + cos(cos((((-0.1480185986) * X5) + (((0.3010098040 * X2) + (0.8174093962 * X1)) + (-1.2507424355))))))) + ((cos((((-0.0578050725) * X5) + (((1.0428708792 * X2) + (0.7116872072 * X1)) + (-1.2324476242)))) + ((-0.2575251758) * X2)) * (exp(((((-0.1846548617) * X3) ^ 2) + (0.8299985528 * X2))) + ((((-1.0598124266) * X2) + (0.5190534592 * X1)) + ((-0.0478259027) * X43)))))))
591_fri_c1_100_10,OperonRegressor,ok,10.0,0.9568508620748148,0.1941488555879098,82.0,82.0,44.4,,(0.0000000175 + (1.0000264645 * (cos((3.4541773796 - ((-0.6575592160) * X3))) - ((((1.3551394939 + (0.3994647861 * X2)) * exp(exp(((-0.1159838438) * X1)))) * cos((cos((((-2.1691160202) + ((-0.7981063128) * X2)) * exp((0.2677615881 * X1)))) + (3.0305161476 + ((-0.1248237640) * X1))))) + ((cos(((((-0.3920493722) * X5) - exp(((-0.4993954003) * X5))) + ((7.2377109528 - ((-0.2692035735) * X1)) - (0.1001195088 * X7)))) - ((-1.0255292654) + ((-0.7212354541) * X2))) - (cos((((-1.2444291115) - ((-0.2682427168) * X5)) - (0.5518253446 * X4))) - ((-0.8410115838) * X4)))))))
592_fri_c4_1000_25,OperonRegressor,ok,25.0,0.9590700634126308,0.1720891124503582,84.0,84.0,68.0,,((-0.0000003226) + (1.0006003380 * ((((0.8287890553 + (0.2898667157 * X5)) + (0.3659165800 * X4)) + (cos((((-0.9697898030) + ((-1.1106653214) * X2)) + ((-0.7463614345) * X1))) + (((0.0970382318 * X17) / 2.5357937813) + cos((((-2.6832628250) - ((-0.7592962980) * X2)) + (0.6886382699 * X1)))))) + (cos(((cos(((0.0923026055 + (0.2761512101 * X5)) + ((-0.4216035306) * X4))) + ((-1.7433199883) - (1.5869184732 * X2))) + ((0.4497069418 * X1) * ((-2.6880605221) - (1.6207338572 * X2))))) + sin(((((-1.0964989662) + (0.0402253121 * X8)) + (0.0206125304 * X6)) - (0.6146634817 * X3)))))))
593_fri_c1_1000_10,OperonRegressor,ok,10.0,0.9717697359827254,0.1511504438686983,88.0,91.0,69.2,,((-0.0000225992) + (1.0000133514 * (((((sin(((-0.9356437922) * X1)) + (0.1122286916 * X2)) - ((-1.3012013435) ^ 2)) - ((-0.4295399189) * X1)) * ((cos((((-1.4966727495) + (1.3410751820 * X1)) + ((0.0176927838 * X3) + (1.5642801523 * X2)))) + ((-0.6195941567) * X1)) - (cos((((-0.4490236044) + (0.8136293292 * X1)) + ((0.0138361491 * X10) + (0.8946581483 * X2)))) ^ 2))) + (((((((-0.1429368854) * X2) - 16.1266078949) + ((0.1843637377 * X5) + ((-2.4855268002) * X3))) - (1.2626135349 * X1)) + ((0.3734410405 * X4) + exp((((-1.6480506659) ^ 2) + (0.1667205989 * X3))))) - ((-0.0201322623) * X8)))))
594_fri_c2_100_5,OperonRegressor,ok,5.0,0.9302973215968752,0.2942186985243619,87.0,87.0,47.2,,((-0.0000387355) + (0.9932947755 * (((((0.4696324170 * X4) + sin(((1.4726960659 * X2) + (((1.0732029676 * X1) + 2.4091920853) + ((-0.1412322521) * X4))))) + (((0.3135300577 * X2) + 0.2530658841) + ((0.1856328100 * X5) + ((-0.2670117319) * X1)))) + (sin(sin(sin(((1.4761716127 * X2) + ((2.0313332081 * X1) + 2.6042170525))))) + sin((((-0.2469383031) * X2) + sin(((1.5811246634 * X2) + (((-0.0872350037) * X5) + (2.2402920723 * X1)))))))) + sin((((-0.4211749136) * X2) + sin(((1.0788998604 * X3) + ((((-0.1251529008) * X1) + 3.9528226852) + ((-0.0657119602) * X4)))))))))
595_fri_c0_1000_10,OperonRegressor,ok,10.0,0.9566173993173638,0.2189416586733247,90.0,90.0,69.6,,(0.0000028109 + (1.0003181696 * (cos((((-2.0955893993) - cos((((-1.4452897310) - ((-0.1551539749) * X5)) + ((0.8284119368 * X2) + ((-0.0482335053) * X10))))) + ((1.1208425760 * X1) + (1.6351165771 * X2)))) + ((cos((((-0.0306597017) * X8) - (0.7894959450 * X2))) + cos((((-5.8406710625) - (0.1111445352 * X5)) + ((1.1182560921 * X1) + (0.4409664273 * X2))))) - ((exp(cos(((0.0167854503 * X7) + ((0.0160556734 * X5) + ((-0.5263398290) * X3))))) + ((((-0.3100504875) * X1) + ((-0.1912528127) * X2)) - 0.4686374366)) - (cos((0.2807462513 * X5)) + ((0.5205232501 * X4) + (0.2848383188 * X5))))))))
596_fri_c2_250_5,OperonRegressor,ok,5.0,0.972915713488862,0.1731631429455639,87.0,87.0,64.3,,(0.0000011377 + (1.0003967285 * ((sin((((-1.4559717178) * X1) + ((-1.4480232000) * X2))) * (((4.5257701874 * X2) + exp((0.2619099319 * X4))) + 1.1293030977)) + ((((sin(((0.2715649903 - ((-1.7939080000) * X1)) + sin((1.1917247772 * X2)))) - ((-0.2050063014) * X5)) - (((0.1634117663 * X1) + (1.1537654400 * X2)) + ((-0.8572118878) * X4))) + 0.5245070457) - (((sin((((-1.3294357061) * X1) + ((-1.4441009760) * X2))) * ((4.2964701653 * X2) + (0.2379705012 * X4))) - sin(((-0.5403438210) * X4))) - (sin((1.2498162985 * X2)) - cos((0.5635589361 + ((-0.6240473390) * X3)))))))))
597_fri_c2_500_5,OperonRegressor,ok,5.0,0.9771060938148728,0.1536655401945452,85.0,85.0,57.9,,((-0.0000826509) + (0.9998182654 * ((((((-0.4374679327) * X2) + sin(((-17.3253669739) * X4))) + (0.1463796198 * X4)) + sin((((((-0.6631916165) * X2) + 2.5709190369) + (0.2808068097 * X3)) + sin(sin(((-0.2858814597) * X4)))))) + ((sin(((-1.2704448700) + ((-0.6117286086) * X3))) + ((((0.0280967131 * X2) + 1.3705327511) + sin((0.0417223200 * X4))) * sin(((((2.9173731804 * X1) + ((-0.0336670168) * X4)) - ((-0.0182554852) * X3)) - ((2.2369244099 + (1.0591048002 * X1)) * (((-0.5721161962) * X2) + 1.8127707243)))))) + (sin((17.3693408966 * X4)) - ((-0.2099078000) * X5))))))
598_fri_c0_1000_25,OperonRegressor,ok,25.0,0.9587277674040456,0.2257368082049037,88.0,88.0,61.1,,(0.0000034099 + (1.0012053251 * (cos((((-1.0771809816) + (0.5378654003 * X1)) - ((-0.9710573554) * X2))) + ((sin(((1.8013689518 + (0.7621440291 * X1)) - sin(((1.0858534575 + (0.4622603655 * X1)) - ((-0.8815396428) * X2))))) + (((((0.6876277924 + ((-0.0352795944) * X15)) - ((-0.5991888046) * X4)) - exp(((-0.2458494604) * X5))) + ((0.0127045726 * X13) + (0.0293519478 * X25))) - cos(((-0.9320165515) * X3)))) + ((((-3.3988518715) * X3) / ((((-38.2815513611) + ((-15.1772985458) * X1)) - ((-10.3114767075) * X2)) - exp(exp((1.0712279081 * X4))))) + ((0.0271510333 * X1) * ((-1.4529616833) * X11)))))))
599_fri_c2_1000_5,OperonRegressor,ok,5.0,0.9795583690169386,0.1513699726601893,84.0,85.0,49.7,,((-0.0009213029) + (1.0017609596 * ((((((((0.0241478533 * X4) - exp((0.0341796167 * X5))) - ((-0.1076274589) * X1)) - exp((0.1327040046 * X1))) - ((0.4116906822 * X3) - (-0.7022280097))) ^ 2) + (sin((((-1.5295860767) * X2) - (exp((0.7294773459 * X1)) - 1.4109481573))) + ((sin(sin(((1.1841458082 * X2) - (-0.0514295958)))) - sin(((-0.5180382729) * X4))) - (((2.5588216782 * X3) - (-7.8315329552)) - ((-0.3302760124) * X1))))) + sin((((sin(((-0.9556639194) * X1)) + ((-0.3433170021) * X1)) * sin((1.2989774942 * X2))) - ((1.2091308832 * X2) - 0.4963189960))))))
601_fri_c1_250_5,OperonRegressor,ok,5.0,0.9770983640547406,0.155066116591207,84.0,85.0,54.7,,((-0.0000007669) + (0.9999868274 * ((((((0.5378265977 * X3) ^ 2) + (-0.7984065413)) - (((((((-0.6850200295) * X1) + (0.0622568913 * X4)) + (-1.4976613522)) + ((-0.7798101902) * X2)) * sin(((0.7592302561 * X1) + ((0.8649496436 * X2) + (-0.4337587953))))) - (0.3853813112 * X4))) + ((((-0.6489382982) * X1) - ((0.9462939501 * X2) - (0.1779741198 * X5))) + sin(((3.5060393810 + (1.0427896976 * X2)) * ((-1.4373983145) + ((-0.3395077288) * X1)))))) - (sin(sin(((3.4872839451 + (0.9567853212 * X2)) * ((-1.4438469410) + ((-0.3091608286) * X1))))) * ((-1.3307313919) + (0.1536168158 * X1))))))
602_fri_c3_250_10,OperonRegressor,ok,10.0,0.9790601353923826,0.165035898260679,88.0,88.0,50.2,,(0.0005547794 + (0.9970792532 * ((((0.4892922938 - ((-0.1616603434) * X1)) * (sin(((0.9843004942 + (1.8509525061 * X2)) - (((-2.1396954060) * X1) - sin((0.7507051826 * X2))))) - (((0.0802997574 * X8) - (0.3349895179 * X5)) + 1.2041300535))) - ((((-0.4140481055) * X4) - (((((-0.3671603203) * X3) + (0.1709279418 * X5)) + (0.4513036609 * X2)) - sin((3.3639016151 + ((-0.8765720129) * X2))))) + cos((((-0.6421548724) * X3) + (0.1212966889 * X1))))) + exp(sin(sin(((2.8797121048 + (1.5208997726 * X2)) - (((-1.3768454790) * X1) - ((0.0513021499 * X3) - (0.0505246297 * X4))))))))))
603_fri_c0_250_50,OperonRegressor,ok,50.0,0.9364551989461876,0.2266241334455498,94.0,95.0,47.2,,(0.0000011453 + (1.0004693270 * (((((-0.2889604568) + (0.6335899234 * X1)) + ((0.5311206579 * X4) + (cos((((-2.1395859718) + (0.9552918673 * X1)) + (0.6488634348 * X2))) - (0.0302337985 * X3)))) - ((-0.0378425382) * X14)) - (exp((((0.6780289412 * X2) - (0.0516677126 * X3)) + (((-0.0155351255) * X4) - ((0.0263800528 * X5) + ((-0.2728518844) * X1))))) + ((((-0.0136503270) * X47) + (((0.0449382477 * X35) - (0.0222929884 * X19)) - exp((((0.4809906781 * X3) ^ 2) + (0.2053295523 * X5))))) + (((-0.9133980274) * X2) - cos(((((-0.0555239581) * X47) + ((-0.0519515499) * X21)) + (0.5332862735 + (0.9717020392 * X1))))))))))
604_fri_c4_500_10,OperonRegressor,ok,10.0,0.9525350043673296,0.2293635761364402,88.0,89.0,56.9,,((-0.0004355531) + (1.0005552769 * (sin((cos(((-1.5435945988) * X2)) + ((sin(((-0.0783905312) * X1)) * ((sin((16.4231319427 * X2)) - (-13.3654193878)) - ((-6.0090250969) * X1))) + ((-0.4219544828) - ((-0.0296774078) * X7))))) + ((((((-0.3427819014) * X3) ^ 2) + ((((0.6805235147 * X2) - ((0.7235863805 * X3) - (-0.1967220008))) * sin(((-2.0238096714) * X2))) + (sin(((-1.4688773155) * X2)) - sin(((-0.4467861354) * X1))))) - ((-0.3798170388) * X4)) + (((((-0.8762521148) * X2) - ((-0.8087212443) * X3)) - ((-0.6640136242) * X1)) * ((sin(((-2.1128549576) * X2)) - 0.0879265890) - ((-0.1784471869) * X1)))))))
605_fri_c2_250_25,OperonRegressor,ok,25.0,0.9679635229866546,0.1745774822171135,86.0,86.0,54.5,,((-0.0002771850) + (1.0015836954 * (cos((((-1.7766979933) + ((-0.6574813128) * X1)) / exp(((-0.2120547295) * X2)))) - (cos((((-9.1609392166) + ((-3.5454337597) * X1)) / exp((exp(((-0.0087953927) * X5)) + ((-0.3614934683) * X2))))) - ((exp(((-0.3241098225) * X3)) + (exp((((-0.7292125225) + ((-0.6958670616) * X1)) / exp(((-3.6243028641) * X2)))) - ((-0.4207179844) * X4))) + (((((-1.7619465590) + ((-0.4759671688) * X1)) / exp((0.2528233826 * X2))) - exp(((-0.1907928437) * X5))) + (((((-0.5000327229) * X3) + exp((0.4181785583 * X3))) + (0.0205904059 * X17)) - ((-0.7309476733) * X1))))))))
606_fri_c2_1000_10,OperonRegressor,ok,10.0,0.9769182225102157,0.1650940713210486,88.0,88.0,69.1,,(0.0006442299 + (1.0026156902 * (((cos(((0.5952435732 * X3) - (-2.6717057228))) + ((-0.3077324033) * X2)) - cos(((3.4824852943 + (1.4723289013 * X2)) - ((-1.9098585844) * X1)))) + ((((0.4489255846 * X4) + (cos(((1.3389625549 + (2.3249998093 * X2)) - ((0.0318433009 * X9) - (0.7469834685 * X1)))) + (((0.1902333349 * X5) - ((0.0178370867 * X9) - ((-0.3285666108) * X1))) + ((-0.1503146738) * X3)))) - sin(cos((((-1.1808320284) + ((-2.4668142796) * X2)) - (1.3096936941 * X1))))) + cos((cos(((3.4673352242 + (0.2942937315 * X2)) - ((-1.3752028942) * X1))) - (0.5043939948 * X1)))))))
607_fri_c4_1000_50,OperonRegressor,ok,50.0,0.9579633372805312,0.2107799967377094,90.0,91.0,61.9,,(0.0001598614 + (0.9999512434 * ((((sin((0.0173324831 * X47)) + (0.0253395494 * X31)) + (((sin(((-1.2742258310) + ((-2.2492854595) * X2))) - (0.3413631320 * X3)) + sin(((1.5734653473 + ((-1.8221875429) * X2)) + (0.0774861127 * X4)))) + (0.3553478122 * X5))) + ((sin((1.5249264240 * X2)) * ((-0.4081740081) * X1)) + (((1.5175087452 * X2) + ((-1.5482707024) * X2)) + ((0.4186981916 * X4) + (((0.3993674219 * X3) ^ 2) + ((-0.1463618428) * X1)))))) + (((0.0936701521 * X4) + (0.8544264436 + sin((0.8278568387 * X2)))) * sin(((0.3244617283 + ((-1.4320644140) * X2)) + ((-1.5065563917) * X1)))))))
608_fri_c3_1000_10,OperonRegressor,ok,10.0,0.971687716283747,0.1806625090128414,90.0,91.0,64.1,,((-0.0001286311) + (1.0012967587 * ((((((((((-0.2800472677) * X2) - ((-0.0173862875) * X1)) + (-0.6302859783)) + exp((0.0248182546 * X3))) + (((-0.1627693623) * X3) ^ 2)) - (cos(cos(((0.9054679871 * X2) - ((-0.9596270919) * X1)))) - ((-0.0584425218) * X5))) * (5.5951123238 - ((-0.8266567588) * X1))) - ((0.4609199166 * X3) - (0.3209790885 * X4))) + ((exp(cos(cos(((0.7227051854 * X2) - ((-1.2470018864) * X1))))) - (((-1.3168954849) * X2) - (0.7846112251 * X5))) - cos(((exp(((-0.5678266883) * X2)) - (0.1274484098 - ((-1.3492391109) * X1))) + (((-0.9423316717) * X2) - ((-0.0282627363) * X8))))))))
609_fri_c0_1000_5,OperonRegressor,ok,5.0,0.9280290695150684,0.2500644012639053,88.0,91.0,63.8,,((-0.0265929028) + (1.0116192102 * (((((cos((3.2298398018 * X2)) + cos((6.7291474342 * X2))) + ((13.4038581848 + ((-4.1666650772) * X2)) * cos(((-0.7050091028) * X2)))) - (((((((-0.4881440401) * X3) ^ 2) + (((-0.1195430383) * X3) - ((-1.8403985500) * X1))) ^ 2) + ((-4.0469589233) * X5)) - (((((-0.5625336170) * X3) - 11.1644687653) + (((-2.2485890388) * X3) ^ 2)) + (7.8439240456 * X4)))) * exp(((((-0.0843920261) + (0.1047234014 * X3)) * cos((1.7347801924 * X2))) - (2.7374010086 + (0.0471594557 * X2))))) - sin(((((-0.0295014121) * X5) + ((-0.8860470057) * X2)) - (0.8198955059 * X1))))))
611_fri_c3_100_5,OperonRegressor,ok,5.0,0.9199950484000552,0.2276541176283985,90.0,92.0,54.0,,((-0.0000643510) + (1.0000034571 * ((((sin((3.4613699913 * X1)) * (((-0.1157584563) * X2) - (0.1559837312 + (0.0679222792 * X3)))) - (((1.9594035149 * X2) - (4.6659522057 + (1.0476917028 * X1))) * ((0.0511792675 * X4) - ((0.0609679967 * X2) - ((0.0425690599 * X5) + (-0.0734430179)))))) + (((-0.4343470037) * X3) ^ 2)) - ((sin((((-1.8890452385) * X2) - (((-0.2268990576) * X3) ^ 2))) * (((-0.6229835749) * X2) - (1.0303103924 + ((-1.3954482079) * X1)))) - ((sin((((-2.5295617580) * X2) - 0.7614907026)) + (((-0.3314185739) * X2) - ((-0.0212995037) * X1))) * (((-0.4068919122) * X2) + (1.3332980871 * X1)))))))
612_fri_c1_1000_5,OperonRegressor,ok,5.0,0.9814024463737552,0.1647897583795223,88.0,88.0,65.5,,(0.0007181200 + (0.9990789890 * (((sin((((-0.1812014282) + (0.4781867564 * X1)) + sin(((1.9633164406 * X2) + (0.3916424811 + (1.8121851683 * X1)))))) - cos(((-0.7713341713) * X3))) + ((0.9166539907 + ((-0.4561614096) * X1)) + ((-0.1031133085) * X3))) + ((0.4809896648 * X4) - (((((((-0.0624189973) * X5) + (0.0425854698 * X2)) + (-1.5678095818)) * cos(((1.6973286867 * X2) + (1.2514212132 + (1.2931164503 * X1))))) - ((0.0006319253 * X1) / cos((2.6986248493 * X3)))) + (((((-4.4226789474) * X2) + ((-17.9527854919) + (3.3175187111 * X1))) * ((-0.0170906577) * X2)) - (0.2152091563 * X5)))))))
613_fri_c3_250_5,OperonRegressor,ok,5.0,0.974728242528168,0.187933728456281,94.0,94.0,58.9,,(0.0006738947 + (0.9999967813 * (((((-0.0451479219) * X2) * (1.3803439140 * X2)) - (-1.6574790478)) * (sin((((((0.0754404590 * X5) - cos((0.2207262665 * X4))) - (1.3668347597 * X2)) - (((-2.4797651768) * X2) * ((-0.2152958959) * X1))) + (1.5520622730 + ((-1.0496720076) * X1)))) - ((((-50.3695869446) + (((-51.1319770813) * X3) - (55.6135864258 * X4))) * ((((((-0.0164773930) * X2) * ((-0.0357919857) * X3)) - ((-0.0009967627) * X3)) - (0.0012041145 * X4)) - 0.0075478740)) + (((((0.0001414860 * X2) / ((-0.0596638620) * X1)) + (((-0.3829669654) * X5) - ((-0.0327591375) * X2))) - (0.7321106195 * X4)) * exp((0.1042780057 * X4))))))))
615_fri_c4_250_10,OperonRegressor,ok,10.0,0.9733734321994372,0.1509857691001404,86.0,86.0,57.5,,(0.0002629884 + (1.0025142431 * (((sin((((((-0.0136954430) * X4) - exp((0.3446964920 * X1))) * (1.7109885216 * X2)) - ((-1.3657917976) + (0.8998922706 * X1)))) - (sin(((1.5126219988 - ((-0.0813431367) * X1)) - (0.6677275300 * X3))) + exp(((-0.2781308591) * X4)))) + (exp((0.5940396190 * X1)) * (0.2623945177 * X2))) - ((((-0.5809144974) - (0.4735167325 * X5)) - ((-0.4862151742) * X3)) - (exp((0.1797773093 * X4)) + sin((((((-0.1479410380) * X5) - exp(((-0.3268195689) * X2))) * (0.7908791900 * X2)) - (0.7236682177 + sin(((-0.9309614897) + (0.8982050419 * X1)))))))))))
616_fri_c4_500_50,OperonRegressor,ok,50.0,0.9782427245193672,0.1481282780066821,85.0,86.0,52.9,,(0.0025881263 + (0.9976087809 * (((((0.3386472464 * X5) + (0.1929030418 * X1)) - (0.2290922105 * X3)) + cos((cos((cos(((-4.2646813393) + ((-1.6153022051) * X1))) + ((9.4095411301 + ((-0.7176458836) * X2)) - (3.4786298275 + (0.1160289347 * X4))))) + ((7.6558437347 + (1.2303016186 * X2)) - (((-0.1870980412) * X3) + ((-0.0218890794) * X1)))))) + ((((0.0431869924 * X2) + (((-0.4137678444) * X3) ^ 2)) + cos((cos((15.5730915070 + (1.1086860895 * X1))) + ((7.7324600220 + (1.9071382284 * X2)) - ((0.0681469813 * X3) + ((-1.1005940437) * X1)))))) + (0.3513553441 * X4)))))
617_fri_c3_500_5,OperonRegressor,ok,5.0,0.973576932401282,0.1403238256310776,92.0,93.0,54.7,,((-0.0000020885) + (1.0000001192 * ((sin(((((0.0974697396 * X1) * (((-0.4781919420) * X1) + ((-4.8111820221) * X2))) + ((-0.4847529829) * X4)) + (((-1.2030402422) * X2) + ((((-0.8230538368) * X1) - (-1.1823141575)) - sin((((-0.5555300117) * X4) - (-0.1168845147))))))) * ((0.1061732024 * X2) + (((-0.0097019440) * X4) - (-1.4533100128)))) + ((((((0.1392242312 * X1) - ((-0.3296368420) * X3)) - (((-0.0792121887) * X4) - (-0.5213701725))) ^ 2) - 0.6935401559) + ((0.3330997229 * X5) + (((((0.4857339859 * X1) + (0.3918403387 * X4)) * (((-0.1415661871) * X1) + ((-0.1027981788) * X2))) + (0.4747053087 * X4)) + (0.1966630965 * X1)))))))
618_fri_c3_1000_50,OperonRegressor,ok,50.0,0.9682332653037232,0.1865975731427527,90.0,93.0,49.2,,(0.0000486257 + (0.9980792999 * ((((((((-0.0602998361) * X3) + (0.2823420167 * X2)) + ((-0.3712543249) * X1)) + ((((0.7837568521 - ((-0.0263379253) * X4)) + (0.2562355399 * X1)) ^ 2) ^ 2)) * cos(((0.6656432748 - ((-1.9488805532) * X2)) + (1.8623265028 * X1)))) + ((0.4603596926 * X4) + ((((-0.0033797924) * X40) * (((-10.3380632401) - (15.4556980133 * X2)) + (15.5073785782 * X1))) + ((0.3222503066 * X5) + (((-0.2255509794) - ((-0.0110438857) * X14)) + ((-0.3501983583) * X3)))))) + ((((-0.4207844436) * X3) ^ 2) + (((-0.1018829420) * X1) + cos(((1.2003184557 - ((-1.2947928905) * X2)) + (0.7553487420 * X1))))))))
620_fri_c1_1000_25,OperonRegressor,ok,25.0,0.9434528026530004,0.226789775817787,88.0,88.0,58.8,,(0.0000156567 + (1.0000607967 * (cos(((0.8458728790 * X2) - ((-1.9312406778) + ((0.1201465055 * X23) + (0.0526011437 * X5))))) + (((cos((((-2.0474617481) * X1) - ((-1.5750517845) + (1.8143340349 * X2)))) + 1.1404900551) - cos((((-2.0018517971) * X1) - ((-2.0177745819) + (1.7183248997 * X2))))) + ((cos(((((-0.0365730189) * X4) + ((-1.0780010223) * X1)) - (1.0015534163 + (1.4100624323 * X2)))) + (((0.3734889627 * X4) + (0.4866155386 * X2)) - ((0.0873675495 * X23) + ((-0.1655443907) * X5)))) + cos(((((-0.1235344633) * X1) + ((-0.6346311569) * X3)) - (2.9676311016 + ((-0.0331960618) * X4)))))))))
621_fri_c0_100_10,OperonRegressor,ok,10.0,0.9058841651845028,0.3147575906904614,96.0,96.0,39.6,,(0.0000593467 + (0.9996581078 * ((((-19.5566959381) * X1) + (exp((cos((0.0837925002 * X3)) + (0.1421702206 * X2))) * ((cos((0.1914615929 * X10)) + (6.0186839104 * X2)) + (((0.2589979768 * X4) * (cos((0.2494538128 * X10)) + (0.0652833357 * X3))) - ((-8.0674695969) * X1))))) - ((((((((0.1471344829 * X4) + (15.6044578552 * X2)) + (0.0164021235 * X3)) + ((-0.3391572237) * X5)) + cos((1.0041638613 * X3))) + 1.6033289433) - ((-1.2462748289) * X1)) * exp(((((0.2428620905 * X4) + (0.2975027263 * X2)) + (0.0025181766 * X3)) + (sin((((-0.2471903414) * X4) + ((-0.1403384805) * X2))) - ((-0.1776758432) * X1))))))))
622_fri_c2_1000_50,OperonRegressor,ok,50.0,0.9786695223498322,0.1490954859092828,90.0,90.0,55.4,,(0.0018802771 + (1.0013760328 * (((cos(cos((((-0.2839874625) * X2) + (1.2914671898 * X1)))) + (cos(((1.6785964966 - sin(((-1.4981482029) * X2))) + (0.8801946640 * X1))) + cos((2.6419379711 + (0.6631987095 * X3))))) - (((-0.0248997174) * X40) - ((sin(((-0.9922556281) * X2)) + ((-0.0800148249) * X3)) - ((-0.2148497403) * X5)))) + ((sin(((-0.0266173799) * X43)) + (((1.0413123369 * X2) + ((-0.1293676943) * X1)) - ((-0.3956028223) * X4))) + cos(((((-7.2113761902) - (1.4370013475 * X2)) + ((-1.5392361879) * X1)) + cos((((0.9589850903 * X2) + (0.3500653803 * X1)) - ((-0.0586759932) * X5)))))))))
623_fri_c4_1000_10,OperonRegressor,ok,10.0,0.957547369667332,0.1748826345818965,90.0,92.0,53.0,,((-0.0000416909) + (1.0007351637 * (((((0.3477801383 * X3) ^ 2) + (((0.1739092320 * X7) - (0.2152351886 * X1)) + ((((0.4425672591 * X4) + ((-1.1921619177) * X2)) + (-1.0290987492)) + (0.3780227005 * X5)))) - sin(((2.1093623638 * X2) - (0.4195539653 - (1.2813103199 * X1))))) + ((sin(((((0.1775654703 * X3) ^ 2) + (2.1308267117 * X2)) - ((-1.7682702541) * X1))) + (((((-12706.5585937500) * X7) + (48133.1875000000 * X2)) / ((8215.1474609375 * X2) + 68725.4062500000)) + exp(((-0.3671128154) * X3)))) + sin(((0.3838768005 * X2) - sin(((1.3238600492 * X2) - (0.6401886344 - (1.4450778961 * X1))))))))))
624_fri_c0_100_5,OperonRegressor,ok,5.0,0.8080980165923726,0.3833536201758024,88.0,90.0,43.8,,((-0.0002574461) + (0.9988350272 * (((sin((((((-0.0609152950) * X4) - (1.0195225477 * X1)) - (0.5778925419 * X2)) - ((-1.7030868530) ^ 2))) - exp(((-1.3316509724) * X3))) - ((-1.0418841839) * X3)) - (sin((((((-0.1216203570) * X4) - (1.0090328455 * X1)) - (0.0672619641 * X3)) - ((-1.5531686544) ^ 2))) + ((exp(exp(((0.3380782902 * X2) + ((-0.0381545685) * X5)))) * sin(exp((0.4082728326 * X2)))) + ((((-2.0557196140) - sin(((-0.9768168330) * X3))) + ((((-1.5029422045) * X2) - (0.5131313205 * X4)) - exp(((-1.4422388077) * X3)))) + (((-0.1254993230) * X5) - (0.3561626077 * X1))))))))
626_fri_c2_500_50,OperonRegressor,ok,50.0,0.9760599865985884,0.1543437954893729,88.0,88.0,58.2,,(0.0007399504 + (1.0025650263 * (sin((cos((((-0.6221962571) * X2) + ((-0.4736084044) * X1))) - (cos(((-4.7712640762) + (0.8682600260 * X1))) - (((-1.5561673641) * X2) + ((-1.6824538708) * X1))))) - (((((-0.1688762456) * X5) + (((-0.5294219851) * X2) + (0.1978345066 * X1))) - 0.8517153263) - (((cos((3.0597636700 + ((0.5701857805 * X3) - (0.0603391305 * X25)))) - cos(((0.8887445927 * X2) - 1.3052155972))) - ((((0.2761312127 * X3) - ((-0.0425179414) * X25)) - cos((((-0.0941911265) * X2) + ((-2.5322403908) * X1)))) + cos((0.1608263403 + ((-2.4183082581) * X1))))) + (0.3651637137 * X4))))))
627_fri_c2_500_10,OperonRegressor,ok,10.0,0.9636572375700984,0.1839144551572361,90.0,90.0,69.4,,((-0.0043471553) + (1.0016679764 * (((sin(((26.6967582703 - (1.1899595261 * X1)) + (((-0.0331671350) * X4) + ((-2.3093488216) * X2)))) * ((0.4883480370 * X1) + (0.0655586049 * X2))) + ((0.3047710955 + (((0.0257241614 * X3) + ((-0.0036359236) * X2)) - ((-0.0170682799) * X1))) * (sin((10.6831274033 - ((-2.3782424927) * X1))) + (((-86.5688934326) + (6.3377151489 * X3)) + (((-4.8988456726) * X1) + ((-1.8542054892) * X2)))))) + (((0.3572144508 * X4) + ((26.4329662323 - ((-2.7626106739) * X1)) - ((-0.1811991334) * X5))) + sin((((0.9724168777 + (0.0220357329 * X4)) + ((-1.5119851828) * X2)) - (1.6861722469 * X1)))))))
628_fri_c3_1000_5,OperonRegressor,ok,5.0,0.8500241138484186,0.3464367849756846,90.0,90.0,71.0,,(0.0004774629 + (0.9999406338 * (((((sin(sin((((-1.6303770542) * X2) + ((-0.9178698659) * X1)))) - ((0.0005406433 * X2) * (exp((3.5019693375 * X1)) - ((-192.0154418945) * X2)))) - (((-0.3050395548) * X5) + (((-0.9782208800) + (0.7999055982 * X3)) - ((-0.1817435771) * X1)))) * exp((0.2490317374 * X1))) + (0.3738710880 * X4)) + ((((0.0649056733 * X5) + (0.5258922577 + (0.4030402303 * X2))) * sin(((sin(((-0.9046897888) * X1)) + (2.0751531124 + (2.0137875080 * X1))) + (1.4437161684 * X2)))) - (sin(((1.7470334768 + ((-0.6147243977) * X3)) - (0.3256523311 * X1))) - (0.5813074708 * X3))))))
631_fri_c1_500_5,OperonRegressor,ok,5.0,0.9676019128347092,0.1689464736182027,84.0,85.0,64.3,,(0.0000341616 + (1.0013221502 * (((sin((((-0.0405635387) * X4) - ((0.6741945744 * X3) - (-1.4113343954)))) - ((exp(exp(((0.6062598228 * X2) + ((-0.1383266300) * X1)))) * (0.0432642549 * X2)) - (cos(exp(((0.5976867080 * X2) + (0.4135746062 * X1)))) - exp((((-0.3790759444) * X2) + (0.0328295492 * X4)))))) - (((-0.1038701609) * X3) - 3.8786129951)) - ((((((-0.0653219223) * X5) + 1.4438453913) - (0.1387616545 * X4)) ^ 2) - (sin(((((-1.8752365112) * X2) + ((-1.1820456982) * X1)) - (-0.6609132290))) * sin(exp(sin(((1.1399314404 * X1) + (-0.7156687975))))))))))
633_fri_c0_500_25,OperonRegressor,ok,25.0,0.9368130814883532,0.2520007592151187,96.0,96.0,57.7,,(0.0016255251 + (0.9993851185 * ((13.3290138245 * X1) + (((exp(((0.2091237009 * X1) + ((0.0091052651 * X3) - ((-0.1209830418) * X2)))) + ((-0.3425965607) * X1)) + ((0.4074228406 * X2) + ((0.0367528871 * X13) + exp(exp(((-0.1439691782) * X2)))))) * (((cos((((-0.3555939496) * X1) + ((0.1227003708 * X13) - ((-0.0185451135) * X10)))) + (2.7372388840 + ((-4.1756033897) * X1))) - ((((-0.6409287453) * X2) + (cos((0.3260472417 * X3)) - ((0.0062610134 * X3) - ((-0.1448792517) * X4)))) + (0.0076140072 * X10))) - (exp((((-0.2816268802) * X1) + (cos((0.1551840901 * X3)) - ((-0.1793512255) * X2)))) + ((-0.0712237582) * X5)))))))
634_fri_c2_100_10,OperonRegressor,ok,10.0,0.925817442010892,0.2907224467748674,88.0,88.0,43.4,,((-0.0000001533) + (0.9994657636 * (((cos(sin((((((-0.4815246463) * X3) + 1.3895598650) + (0.5805619359 * X1)) - (2.6297860146 * X2)))) + ((cos(((1.9272779226 * X2) + ((0.0693007633 * X6) + (0.8035696149 * X1)))) - ((-0.0984314680) * X1)) + (0.2024913281 * X5))) + ((0.4216317832 * X3) + (-3.0964021683))) + ((cos(((1.2191022635 * X2) + (1.6918748617 + (0.7102006078 * X1)))) - (cos(exp((0.8388655186 * X1))) + (0.1594211906 * X2))) + ((cos(exp((0.9510619640 * X1))) - (-2.2403309345)) * ((exp(((-0.2620850503) * X3)) + (0.1247643977 * X4)) - (0.0141882924 * X7)))))))
635_fri_c0_250_10,OperonRegressor,ok,10.0,0.9641964936286944,0.1896241102555952,94.0,96.0,58.4,,((-0.0000019781) + (0.9999986291 * (((0.5532774925 * X3) ^ 2) - ((((((-1.4498410225) + ((1.5078583956 * X3) * (0.0305827335 * X9))) + exp((((0.0256640799 * X7) - (0.1356341392 * X1)) - sin(((-0.3293364942) * X6))))) - (0.2765437663 * X5)) + sin((7.5919613838 * X6))) + (((((((0.0077169696 * X4) - (0.1034376547 * X1)) * (2.4022607803 * X2)) + exp(((0.2209648788 * X4) - ((-0.1648083031) * X1)))) - ((0.4407357275 + (0.3527674973 * X2)) + ((0.2169456929 * X4) - ((-0.5623378158) * X1)))) ^ 2) + ((((-0.5336602330) * X4) - sin((7.6609926224 * X6))) - ((0.3117146194 * X6) - ((-0.1586174369) * X2))))))))
637_fri_c1_500_50,OperonRegressor,ok,50.0,0.9727767599539636,0.1592211144733176,88.0,88.0,59.2,,((-0.0000008178) + (0.9999876618 * (((cos((((2.9675426483 + (0.6066431999 * X1)) - cos(((-0.9033648372) * X1))) + ((1.5143672228 * X2) / cos(((-0.3707602620) * X1))))) + (cos((((1.1852374077 + (1.0355224609 * X1)) - (0.0321879946 * X4)) + ((1.8167870045 * X2) - cos(((-0.8908774257) * X1))))) + cos(((-0.4683219194) * X1)))) + ((((-0.1003384739) + ((-0.1577166617) * X1)) + (((-0.0162696540) * X18) - ((-0.3931166828) * X4))) - cos((cos((3.2757017612 + ((-2.8819072247) * X1))) + ((cos((2.8975489140 * X1)) - (0.0381896794 * X20)) - (0.7605626583 * X3)))))) + (0.2013462931 * X5))))
641_fri_c1_500_10,OperonRegressor,ok,10.0,0.9636945371245824,0.1656295637572617,86.0,86.0,69.7,,((-0.0001467328) + (0.9997028708 * (exp(cos(((((-0.0735079274) * X4) + (0.0718890056 * X1)) + (((-0.9824838042) * X3) - (-3.2382884026))))) + ((cos((((exp((0.0421215743 * X5)) + ((-0.3371354043) * X2)) + (((-0.1277344674) * X3) - (-1.7347465754))) + cos((((-0.2372780889) - ((-0.6728703976) * X1)) + ((0.0315448940 * X4) + (1.4471926689 * X2)))))) * 0.8807451725) + (((((0.0193405747 * X3) + (0.2099540979 * X5)) + ((0.3923048377 * X4) + ((-0.4249831438) * X2))) + cos((exp((0.7418664098 - ((-0.5223033428) * X1))) + ((-1.0004129410) + (1.7168561220 * X2))))) - (0.1417516768 * X1))))))
643_fri_c2_500_25,OperonRegressor,ok,25.0,0.9643620327410732,0.1764178232350632,86.0,87.0,67.8,,(0.0000031827 + (1.0003052950 * (((3.5812077522 + ((-0.0247543715) * X20)) - ((exp(((-1.1257385015) * X2)) + (((-0.1638896167) * X5) - ((-0.3738421798) * X3))) + (((-0.3988649249) * X4) - (((-0.4095205367) * X3) ^ 2)))) - ((cos((cos(((16.4606227875 + (1.0532501936 * X2)) - (2.4979007244 + ((-0.8975191116) * X1)))) - ((((-0.0103529962) * X4) - (-0.8090544939)) + sin(((-0.8980591893) * X2))))) - (((-0.0135865137) * X5) + (1.5144387484 - (0.1015673801 * X2)))) * ((sin((0.0328949429 * X14)) - (sin((0.7218151093 * X2)) + ((-0.6523935795) * X1))) + ((-3.0933973789) + ((-2.6573827267) * X2)))))))
644_fri_c4_250_25,OperonRegressor,ok,25.0,0.9640271870730752,0.1689585158787833,92.0,92.0,62.3,,(0.0000097469 + (0.9999570847 * ((((3.3855929375 * X4) - ((-13.0002222061) * X3)) + ((cos(((0.2129076868 * X1) + (0.4525911510 * X2))) + ((((-1.7161974907) + ((-0.7306364179) * X2)) + ((-0.1865032017) * X5)) - ((-0.1358820647) * X3))) * (((0.4639656246 * X1) + (0.1233565882 * X2)) - cos(((1.5734103918 * X2) + (0.9730220437 + (1.5132722855 * X1))))))) + (((((((((-8.5065460205) * X4) - ((-0.0557735823) * X24)) + (0.9124521017 * X5)) - (38.4602737427 * X3)) + cos((2.0307955742 + (2.9818010330 * X2)))) + (0.7300525308 + (0.6274152398 * X1))) * (0.3465083539 - (0.0040170820 * X3))) + (0.0241539627 * X11)))))
645_fri_c3_500_50,OperonRegressor,ok,50.0,0.9481988330776522,0.2031347468685819,88.0,88.0,63.4,,((-0.0000058800) + (1.0019295216 * ((exp((sin(((2.1684677601 - (2.0746197701 * X1)) - (1.8183137178 * X2))) * (0.3621724844 - ((-0.1575642526) * X1)))) + ((0.0216558501 * X37) + (0.0244032219 * X50))) + ((sin((sin((1.1674400568 * X2)) - (((-0.1096599549) - (0.7676586509 - (1.1662632227 * X1))) - ((-2.2126743793) * X2)))) + sin((((((-0.0810593963) * X5) - ((-0.2273253202) * X1)) + (0.6000244617 * X3)) + 10.4499759674))) - ((((0.5269956589 - (((0.4086868763 * X4) + ((-0.0444693677) * X16)) + ((-0.1077334434) * X3))) - (0.3068132997 * X5)) - ((-0.2270962596) * X2)) - (0.0321131647 * X18))))))
646_fri_c3_500_10,OperonRegressor,ok,10.0,0.9575050444951662,0.1792752973633803,88.0,90.0,58.7,,(0.0000060675 + (1.0006376505 * (((((((-0.7219659090) ^ 2) + (((-0.3430494070) * X3) + (0.0142729497 * X9))) + (((((-0.1687979996) * X1) + (0.4104648530 * X5)) + ((((-0.4212445021) * X3) ^ 2) + (0.4200316966 * X2))) - (((0.0134096434 * X3) + ((-0.5195668936) + (0.0358932838 * X9))) * cos(((1.9038420916 * X1) + (2.4160146713 * X2)))))) - ((-0.3895835578) * X4)) - ((cos(cos(((-10.4643154144) + ((1.3145198822 * X1) + (1.3808629513 * X2))))) + (0.6739480495 * X2)) * cos((0.6849672794 + ((-0.5135377645) * X2))))) + cos(((-10.8759059906) + ((1.4060487747 * X1) + (1.6698517799 * X2)))))))
647_fri_c1_250_10,OperonRegressor,ok,10.0,0.974235689578065,0.1602003926768965,88.0,88.0,59.4,,((-0.0000308784) + (1.0006197691 * ((((0.4109106064 * X4) - ((sin((((0.7715966702 * X1) * (1.5102208853 * X2)) + 1.3811476231)) + ((-0.0935650915) * X2)) + ((((-0.8155639768) + (0.0157946739 * X7)) - (0.2001591176 * X5)) + sin(((((-0.7739238739) * X3) + (0.0255079009 * X5)) + 1.5542919636))))) + sin((((0.4385292232 * X1) + ((0.1042652056 * X3) + (0.8369112611 * X2))) + 2.1045742035))) + sin(((((-1.6083295345) * X1) + (((-0.0460204631) * X3) + ((-2.0887084007) * X2))) + ((sin((((0.8147186041 * X1) + (0.6260938644 * X2)) + 0.6415687799)) + (-0.3006348014)) + (0.0184672792 * X4)))))))
648_fri_c1_250_50,OperonRegressor,ok,50.0,0.9743145889601608,0.1604218808614334,86.0,87.0,65.3,,(0.0000215243 + (0.9999888539 * ((((0.3828321397 * X4) + ((((-0.4491473436) * X3) ^ 2) + ((0.1795405746 * X5) + (cos(((2.8174052238 * X2) + 4.4457316399)) + cos(((-1.2608450651) - (2.3427343369 * X2))))))) + (cos((((-2.2693223953) * X2) + (((-1.0872837305) * X1) + (0.0305962507 * X21)))) + (cos((((-2.0672366619) * X2) + (((-1.8130434752) * X1) + 1.2481670380))) + (((-0.2260413170) * X1) + (-0.1292961836))))) + ((((-0.0185583569) * X10) - cos((((-1.3859050274) * X2) + (((-1.8230030537) * X1) + 1.4181047678)))) + cos((((-2.7938816547) * X2) + (((-0.7032991648) * X1) + (-2.1638610363))))))))
649_fri_c0_500_5,OperonRegressor,ok,5.0,0.9437513114369984,0.2051591359215709,90.0,92.0,82.4,,(0.0000002139 + (1.0006792545 * (((((3.9122929573 * X1) - ((((-0.5469314456) * X2) + ((-0.2410573959) * X1)) ^ 2)) / exp(((-0.0839713886) * X3))) - ((((-0.0630001053) * X3) + (4.4872198105 * X1)) - (0.5312176347 * X4))) - (((((((0.0953676328 * X2) + ((-0.3023250997) * X1)) - (0.4765296876 * X3)) ^ 2) + exp(((-0.5626663566) * X1))) - cos((((-1.1477336884) - (((-0.8427110910) * X2) + ((-0.8180621266) * X1))) - exp(((-0.0089107128) * X4))))) + (sin((((((-0.0556118041) * X2) + (0.0114500495 * X5)) - ((-0.5335931778) - (0.4223579466 * X3))) / 0.3389195502)) + ((-2.4934332371) - (0.2626463175 * X5)))))))
650_fri_c0_500_50,OperonRegressor,ok,50.0,0.9220966486813504,0.2509174679505364,94.0,95.0,65.5,,((-0.0000579544) + (1.0003403425 * (((0.1172575057 - exp((((-0.3127818704) * X5) + (((-0.0700897723) * X42) + ((-0.1365329474) * X2))))) + (cos((((-0.7982704639) + (0.1157099158 * X46)) + (exp(((-0.7338421941) * X2)) + (0.1688593179 * X1)))) + (((-0.1429679245) * X2) + ((-0.5870725513) * X1)))) + ((((-0.5920863152) * X3) ^ 2) + ((exp((((-0.0457534678) * X3) + ((-0.5519489646) * X2))) - exp(((((-0.0610830709) * X3) + ((0.0410342850 * X42) + ((-0.0799284726) * X2))) + ((-0.5562118292) * X1)))) + (((0.6183583140 * X4) + ((0.0187264681 * X37) + sin(((0.9069612622 * X2) + (0.7861158252 * X1))))) - (0.0296443291 * X45)))))))
651_fri_c0_100_25,OperonRegressor,ok,25.0,0.9518233864468914,0.2306217968500843,91.0,92.0,55.3,,(0.0000024833 + (0.9996780753 * (((cos(((-0.8948111534) * X1)) - (((-0.3660283089) * X5) + (cos(((3.6330435276 - ((-1.1235388517) * X2)) + (0.5401753187 * X1))) + ((((-0.2598546743) * X1) - (0.3177768588 * X2)) - (0.0863938779 * X3))))) + ((0.6165238619 * X4) - ((((-2.1391794682) * X8) * ((-0.0421460308) * X17)) + (((((-0.0708096474) - (0.1192861795 * X2)) + (0.0009043372 * X1)) / ((-7.4227352142) * X3)) + (1.1926975250 - ((-0.0439726859) * X19)))))) + ((((-0.5312722325) * X3) ^ 2) + (cos(((4.1344971657 - ((-1.1488721371) * X2)) + (1.0773493052 * X1))) + ((0.1325873882 * X3) / ((-13.7758159637) * X23)))))))
653_fri_c0_250_25,OperonRegressor,ok,25.0,0.8799363056965663,0.3354494879194133,90.0,91.0,62.4,,((-0.0000393278) + (1.0003597736 * (((((exp((1.5060596466 * X2)) + (0.0367362350 * X14)) - cos((0.9001843333 * X3))) - (((-3.2197799683) + (((-0.0621369183) * X24) - (1.7849396467 * X2))) * ((0.3169445395 + ((-0.0081556626) * X9)) + (0.2466288954 * X1)))) + ((0.5227645040 * X4) + (0.3449244797 * X5))) - (exp((((-0.0009891622) / ((-0.4890073538) * X1)) - (((0.0057189441 * X17) - (1.5081647635 * X2)) - (((-0.2330028862) + ((-0.3006651700) * X1)) ^ 2)))) + (((((-0.0688855276) * X3) + sin((0.0345585831 * X8))) + (0.0072127385 / ((-0.4841132760) * X1))) - (((-0.0568924993) * X17) - ((-0.2374851257) * X2)))))))
654_fri_c0_500_10,OperonRegressor,ok,10.0,0.9403786104680456,0.2551651031132633,94.0,95.0,60.6,,((-0.0000283327) + (1.0002477169 * ((((((0.0036145661 * X4) / ((-0.7654902935) * X2)) - (((-0.0901577473) * X3) + exp(((-0.5397304893) * X5)))) - exp(((0.3307598531 * X5) / exp((1.0219666958 * X5))))) + ((((-0.6116459966) * X3) ^ 2) + ((((0.4891354740 * X4) + ((-1.4290031195) * X2)) - (0.4952701330 * X1)) + (0.0503246747 * X7)))) - (cos(((0.0743449926 - (sin(((-0.0302161220) * X5)) - ((0.1288009137 * X2) - ((-0.0357057378) * X4)))) - (exp((((0.0044929450 * X3) + ((-0.4574087560) * X2)) - ((-0.1673843861) * X1))) + ((-0.5859392285) * X1)))) / (((0.0486015864 * X2) + (0.0032314914 * X4)) + (-0.2875382006))))))
656_fri_c1_100_5,OperonRegressor,ok,5.0,0.9428842539262212,0.2230743120206025,86.0,86.0,43.2,,(0.0014073687 + (1.0012900829 * (((((0.4228675067 * X4) - sin((((-0.5749389529) * X2) + (((-0.6801599860) * X1) - 2.6090276241)))) + (0.1862641573 * X2)) + ((sin((((-1.5168015957) * X2) + ((0.0979841352 * X3) + (((-1.5325515270) * X1) - (-0.6387284994))))) - (cos((0.5752066970 + ((-2.1141233444) * X1))) * sin((((-1.8662817478) * X2) + (-7.2900433540))))) + (((((-0.2111746669) * X2) + (0.0945040509 + (0.2561361790 * X1))) * (sin((((-4.7402062416) * X2) + (-9.0705165863))) + (3.5965495110 * X3))) * exp(((-0.0562733971) * X5))))) - (exp(((-0.2171370536) * X5)) + (0.3475085795 * X3)))))
657_fri_c2_250_10,OperonRegressor,ok,10.0,0.9698468789924528,0.1647200438836925,90.0,90.0,62.7,,((-0.0005842478) + (0.9999806881 * ((((cos((((-0.1356205791) * X1) * ((-1.7040858269) * X5))) + exp(cos(((2.0022268295 + ((-0.6698251963) * X2)) - (0.4185507894 * X1))))) * cos((((-1.4756491184) + ((-1.3501697779) * X2)) - (1.5875475407 * X1)))) + ((-0.2607530355) * X2)) + (((0.3779499233 * X4) + ((cos(((((-0.0441440307) * X4) + ((-0.5451930165) * X2)) - (0.4069063962 * X1))) - (0.2749825716 * X1)) - ((-0.1965249926) * X5))) - (cos((((-1.5195955038) + ((-1.0621552467) * X2)) - (1.9005138874 * X1))) + cos((((0.5424866676 + (0.0347173586 * X5)) + ((-0.6531860828) * X3)) - ((-0.0253550783) * X1))))))))
658_fri_c3_250_25,OperonRegressor,ok,25.0,0.955503296569902,0.1916493722853585,90.0,90.0,64.8,,((-0.0000328936) + (0.9981469512 * ((((0.3684543073 * X4) - (cos((((-0.5795893073) * X3) - ((-0.5282392502) + ((0.0780999362 * X9) + (0.0431793816 * X17))))) - ((-0.1791581213) * X3))) + cos((((1.9233103991 * X1) - ((-2.3462741375) * X2)) + cos((((0.6424683928 * X1) - 0.3816339374) + (0.0359399989 * X9)))))) + (((((((-0.2591977119) * X1) - (0.2104454041 * X2)) + 0.7713583708) - ((((-0.0642961711) * X9) + (0.0172517076 * X20)) + ((-0.4808045626) * X5))) + cos((((1.2101899385 * X1) - ((-1.5742826462) * X2)) + 1.0059067011))) + cos((((2.1901938915 * X1) - ((-2.4705305099) * X2)) + (-2.0168442726)))))))
659_sleuth_ex1714,OperonRegressor,ok,7.0,0.6156893897646347,1408.704933568947,90.0,92.0,47.8,,(0.0001022939 + (1.0007770061 * (((((exp((0.8641901612 * X6)) + ((-3.0103087425) - ((0.7661181688 * X6) - (0.1278767884 * X7)))) ^ 2) - 3.4554295540) * sin(((((-1.2472016811) * X6) - (0.6834064126 * X7)) ^ 2))) + ((exp((((0.1169553325 * X1) + (((1.1549068689 * X6) - (0.5086281300 * X7)) - sin(((-0.8932561278) * X7)))) + sin((exp(((-0.9019739032) * X6)) - (0.1484056711 * X7))))) - ((0.9506375194 * X6) + ((cos((((-1.6324347258) * X3) + ((-15.1409358978) * X2))) + ((0.6732718349 * X1) + ((-0.9488430023) * X6))) * ((-0.2635254562) * X3)))) - ((0.1759647876 * X2) - (-2.3519377708))))))
663_rabe_266,OperonRegressor,ok,2.0,0.9995074641965171,1.0934437207522398,84.0,84.0,52.9,,(0.0000141080 + (0.9999915361 * ((((((sin(((-1.2006450891) + ((-4.6763572693) * X1))) - (sin(((-1.2930805683) * X2)) - ((-3.8538997173) + ((-2.4420902729) * X1)))) * ((((-0.5839866996) * X1) - (-9.8628244400)) + (7.3044886589 * X2))) * (sin(((0.1816757321 * X1) - 0.1231313571)) + ((((-0.1808873266) * X1) - (-0.1205630004)) + (0.0018850545 * X2)))) - ((0.9888660908 + ((-0.6631925106) * X1)) + (0.4588384628 * X2))) - ((((-0.2448031455) * X1) - 0.8120753169) / exp(((-0.3669988513) * X2)))) + (((0.0147742787 + ((-0.0005505275) * X1)) + (0.0068435115 * X2)) * exp(((-3.1164381504) * X2))))))
665_sleuth_case2002,OperonRegressor,ok,6.0,-2.9550979386349665,18.927106996347195,90.0,94.0,44.8,,(0.0739329383 + (1.0203813314 * (((((0.0978480801 * X6) - (0.0347880572 * X4)) - (sin(((-4.8835773468) * X6)) * (sin(((-19.8992862701) * X6)) + 2.6030988693))) + ((sin(((-21.6655330658) * X6)) + 1.8267252445) - ((0.2367873490 * X3) + (sin(((-23.3642387390) * X6)) + (0.0979211181 * X2))))) * (((((-0.1949305236) * X6) ^ 2) * ((17.3452568054 * X6) - (13.4803743362 * X3))) - ((((-0.4814555645) * X4) ^ 2) - (((sin((1.3415341377 * X2)) ^ 2) * (cos(exp(((-1.8467204571) * X6))) - (((0.5506201386 * X6) - (0.2509610951 * X3)) ^ 2))) - ((0.2660882771 * X5) - ((-0.6314110756) * X6))))))))
666_rmftsa_ladata,OperonRegressor,ok,10.0,-2.103864729761473,6.965606741928326,86.0,86.0,64.7,,((-0.0001997277) + (0.9995789528 * (((0.0247212444 - ((0.0008342287 * X8) - ((-0.0174270533) * X1))) * (exp(exp((0.4438427687 * X2))) * (((-4.0137443542) * X3) + ((-30.8665370941) - (((-1.5881962776) * X6) - (7.5809617043 * X1)))))) + (((exp(((-0.1563368887) * X8)) - (1.2026972771 * X1)) - (((((-0.0004406925) - ((-0.0004358523) * X9)) / ((-0.0863838941) * X1)) + (0.0169097185 * X6)) - exp((0.3108811378 * X2)))) + (exp(((-2.2775559425) - exp(exp((0.7132571340 * X2))))) * (((-8.7796096802) * X4) + ((exp((9.4922399521 * X2)) + (-14.6947975159)) - exp(((-2.5179717541) * X3)))))))))
678_visualizing_environmental,OperonRegressor,ok,3.0,-26.589969786763568,16.129717410026366,98.0,98.0,53.3,,((-0.0679382756) + (1.0097441673 * (((cos(((-11.1137571335) * X3)) * ((-0.4717704952) * X3)) + (((0.0377730206 * X3) - ((((0.6881942749 * X1) + ((-4.2552142143) * X3)) + cos(((-7.7815961838) * X3))) / ((53.8874092102 * X3) - (6.8813314438 * X1)))) / sin(((3.2212133408 * X1) + ((-0.3884845078) * X3))))) - (sin(((2.1293737888 * X1) + ((-2.6597182751) * X3))) - ((((0.0652452260 * X3) / sin((((-1.2277284861) * X1) + (2.3324015141 * X3)))) + ((-0.8297099471) * X1)) + (((cos(((-11.6339006424) * X3)) / ((93.9277114868 * X2) - (149.0104980469 * X1))) + sin(((1.4763772488 * X1) + ((-1.7034474611) * X3)))) + (0.2751418650 * X3)))))))
687_sleuth_ex1605,OperonRegressor,ok,5.0,-1.0080655735021309,26.86760498536165,92.0,92.0,40.1,,((-0.0002909706) + (0.9394603372 * (((((sin(((((-5.0042972565) * X5) + 169.8280334473) + ((-0.5492489338) * X2))) * (sin((0.7776947618 - (5.4833278656 * X1))) - ((-0.9020102620) * X5))) - ((0.2696807981 * X3) + ((-0.7429122925) * X2))) * ((0.4410308003 * X5) - sin((10.4951715469 * X5)))) - ((-0.4235801101) * X3)) + (sin((168.1432952881 + (135.8158416748 * X4))) - ((((-0.4371031225) * X5) - (0.1717813313 * X1)) - ((sin(((-20.7393970490) + (134.0777435303 * X4))) + ((0.6715946198 * X5) + (0.1180038601 * X3))) * ((0.4657493532 * X5) - ((((-0.1315308064) * X3) + ((-0.1410522461) * X2)) - ((-0.6733778119) * X4)))))))))
690_visualizing_galaxy,OperonRegressor,ok,4.0,0.9442978284232088,21.350249433707155,88.0,88.0,59.4,,(0.0002495239 + (0.9999577999 * (((((0.0414099097 * X1) - 0.4964009523) * sin(sin((((-0.0751692951) * X2) + (((-1.0125918388) * X1) + sin(((-2.4194784164) * X4))))))) - ((1.2065351009 * X2) + (0.2665561140 * X4))) - ((sin((7.4504432678 * X2)) * ((0.1264021695 * X1) - (-0.0389464349))) - ((((((-0.2956207395) * X3) + (0.8576313853 * X1)) * (sin((33.0478782654 * X3)) + ((1.5806299448 * X1) - 0.6222932935))) - sin((32.3989334106 * X3))) * ((((-0.3187345266) * X1) - (-0.0743509382)) - sin((((0.0321844220 * X3) + ((-0.4088906348) * X1)) + (((-0.2132774889) * X2) + 0.0798979700)))))))))
695_chatfield_4,OperonRegressor,ok,12.0,0.3767436277718983,28.158195344405613,94.0,94.0,60.3,,(0.0000129149 + (1.0000146627 * (((((((-1.0917251110) * X6) + (3.4925789833 * X7)) - ((((-3.4794278145) * X12) - (((-1.0937305689) * X2) - (-0.2393421531))) * ((((-0.6717551947) * X12) - ((0.3345980644 * X3) - (0.6060182452 * X5))) - sin((2.1302723885 * X12))))) - ((1.8395475149 * X8) + sin((1.5839041471 * X2)))) * (((((((-0.1356797516) * X7) + 0.0373694152) - ((-0.1626781076) * X11)) - ((0.1066355780 * X8) + ((-0.0606110692) * X12))) - ((-0.0149581395) * X3)) - ((-0.1475910544) * X5))) - ((((-0.1956440657) + ((-1.0027619600) * X12)) + exp((((-2.4558250904) - ((-0.8120486140) * X6)) - ((-0.3058567941) * X3)))) - (0.3552570045 * X11)))))
706_sleuth_case1202,OperonRegressor,ok,6.0,-0.3513831852629301,118.1586343408793,88.0,90.0,41.0,,(0.0000368146 + (1.0000368357 * ((((0.6377660036 * X5) + (-0.2693844438)) + (((((-0.0727937669) * X5) + (cos((0.7549792528 - ((-36.5298004150) * X4))) ^ 2)) + (0.1783469766 * X6)) * (((-0.4281107187) * X4) + (((((-0.2111010700) * X3) - ((-0.6590877771) * X6)) + ((-0.5293595791) - ((0.7487317920 * X1) - ((-0.8135257959) * X4)))) ^ 2)))) - ((((((-1.5665812492) * X3) + cos(((-16.1876049042) - ((-37.2196235657) * X4)))) + (0.5348835588 * X5)) * ((((-0.3093260229) * X5) + (-0.3046743572)) + ((0.0686910525 * X1) - ((-0.0486513637) * X4)))) + ((0.1733897030 * X6) / cos(((-14.8630743027) - ((-33.7635345459) * X4))))))))
712_chscase_geyser1,OperonRegressor,ok,2.0,-2.2082410111096347,22.31297730838361,90.0,90.0,60.4,,((-0.0267497413) + (1.0008814335 * (((((-0.0795237049) / (1.5104473829 * X1)) - ((((0.2095680237 * X2) * cos((2.5741081238 * X1))) + (0.0680309311 * X1)) - ((cos(((-11.3366193771) * X2)) / cos((20.3409061432 * X1))) * ((((-0.0093652541) * X2) - (-0.0144198015)) - ((-0.0128224548) * X1))))) + ((cos(((-11.9290580750) * X2)) / (22.6925964355 * X2)) * cos(cos((21.3867149353 * X1))))) - ((((((-0.1009737849) / (2.2169637680 * X1)) / (((-0.9882693291) * X2) - 0.4345205724)) - ((0.1609162241 * X1) / (3.3727500439 * X2))) + ((-0.7420657277) * X2)) - (((-0.1069713756) * X2) * cos((14.3681764603 * X1)))))))
_deprecated_195_auto_price,OperonRegressor,ok,15.0,0.8507344149848435,1977.1018201729623,98.0,98.0,49.4,,((-0.0008405838) + (1.0002067089 * ((((((0.0040323786 * X2) - ((-0.0126967989) * X8)) + (((-0.0036108883) * X13) - (0.0268282909 * X7))) * (((-8.5330705643) * X1) + (((-20.5263004303) * X5) + (((8.6668758392 * X2) - (6.2437453270 * X7)) + ((8.6171741486 * X6) - ((-14.3733339310) * X3)))))) - (cos(((2.5723428726 * X5) + 3.9738082886)) + ((((-0.1369820982) * X2) - (0.7520202398 * X7)) - ((0.1697622389 * X5) + (((-0.1009699106) * X8) - ((-0.1485474110) * X3)))))) + cos((exp((0.2754534185 * X2)) + ((((-0.1832113862) * X8) - ((-0.7488030195) * X3)) + (((1.9662401676 * X5) + ((-3.4946720600) - (0.0782479346 * X7))) - (0.0954659358 * X13))))))))
_deprecated_207_autoPrice,OperonRegressor,ok,15.0,0.8507344149848435,1977.1018201729623,98.0,98.0,50.1,,((-0.0008405838) + (1.0002067089 * ((((((0.0040323786 * X2) - ((-0.0126967989) * X8)) + (((-0.0036108883) * X13) - (0.0268282909 * X7))) * (((-8.5330705643) * X1) + (((-20.5263004303) * X5) + (((8.6668758392 * X2) - (6.2437453270 * X7)) + ((8.6171741486 * X6) - ((-14.3733339310) * X3)))))) - (cos(((2.5723428726 * X5) + 3.9738082886)) + ((((-0.1369820982) * X2) - (0.7520202398 * X7)) - ((0.1697622389 * X5) + (((-0.1009699106) * X8) - ((-0.1485474110) * X3)))))) + cos((exp((0.2754534185 * X2)) + ((((-0.1832113862) * X8) - ((-0.7488030195) * X3)) + (((1.9662401676 * X5) + ((-3.4946720600) - (0.0782479346 * X7))) - (0.0954659358 * X13))))))))
auto_insurance_losses,OperonRegressor,error,,,,,,,ValueError: Input X contains NaN.,
auto_insurance_price,OperonRegressor,error,,,,,,,ValueError: Input X contains NaN.,
feynman_III_10_19,OperonRegressor,ok,4.0,0.9997452583479554,0.1096973267565526,98.0,98.0,50.8,,((-0.0000001820) + (0.9999927878 * ((((2.3340051174 * X1) + (0.5832780600 * X2)) - ((((cos((0.8608536720 * X2)) * (0.0310961101 * X1)) - exp(((((-0.1696310341) * X4) + (0.2162800729 * X1)) - (((-0.1028695628) * X2) + (0.0822351202 * X3))))) + (((((7.6760139465 * X2) + ((-12.8147983551) * X3)) - (((-1.1486704350) * X3) * ((-5.1970915794) * X1))) + (50.8829765320 * X1)) * (((((-0.0021010104) * X2) + (0.0017966494 * X3)) - ((-0.0378073938) - ((-0.0019281259) * X4))) + (0.0009247912 * X1)))) + (2.0949780941 - (0.2588326335 * X4)))) + exp((((0.1813263893 * X4) + (0.2129548192 * X1)) - ((0.1375184953 * X2) + (0.1297740787 * X3)))))))
feynman_III_12_43,OperonRegressor,ok,2.0,0.9999999999999892,8.25686036985293e-08,23.0,23.0,30.6,,((-0.0000000024) + (((((0.2260771096 * X2) + ((-0.3387061954) * X2)) * ((-2.2439880371) * X1)) + (0.6790138483 * X2)) - (0.0027975305 + ((-0.6405979395) * X1))))
feynman_III_13_18,OperonRegressor,ok,4.0,0.9997013128080476,11.009962634482603,92.0,93.0,46.0,,((-0.0000405169) + (1.0000588894 * (((exp((exp(((-0.4301978350) * X4)) - ((-0.1682827175) * X3))) * (((((0.3208972514 * X2) + 2.8016257286) - exp((((-0.1636597514) * X2) * (0.2798749506 * X1)))) - exp(((0.1072966605 * X2) + (0.0352122411 * X3)))) ^ 2)) - (exp((0.1519346535 * X4)) + (0.0401198231 * X2))) + (((0.1435967982 * X4) - ((-0.0519582555) * X1)) - (exp((exp(((-0.3901709616) * X4)) - exp((((-0.4037153125) * X2) + (0.2183139622 * X1))))) * ((exp(((-0.1157314181) * X4)) - (exp(((0.1267061532 * X2) - ((-0.3472205698) * X1))) * (0.3740625381 * X3))) - ((-0.2494516522) * X3)))))))
feynman_III_14_14,OperonRegressor,ok,5.0,0.9988436651213186,0.2849661373865771,92.0,92.0,49.5,,(0.0000002468 + (1.0000007153 * (((((-0.0350973383) * X4) + ((-1.7007272243) + (0.1121731624 * X1))) + ((exp(((-0.0369155072) * X5)) - ((-0.0425837226) * X2)) - ((-0.0352326706) * X3))) + ((exp(((exp(((-0.3255529106) * X4)) - (((0.1704019606 * X4) + (0.1961851567 * X5)) - exp(((-0.2999431193) * X5)))) - ((-0.4190776646) * X3))) * ((0.0010800288 * X2) + (sin((0.1611595899 * X5)) + ((((-0.0068217167) + ((-0.0045854342) * X1)) + ((-0.1598166823) * X5)) + ((0.0633416250 + (0.0283495989 * X1)) / exp(((-0.5457388163) * X2))))))) * ((cos(((-0.2980443835) * X3)) - (0.1415470690 * X2)) - ((-0.0648717433) * X3))))))
feynman_III_15_12,OperonRegressor,ok,3.0,-0.3203032955917804,5.105854130806102,90.0,91.0,50.4,,((-0.0000042741) + (1.0005584955 * (((((((sin((1.9732066393 * X2)) + ((-0.8719238043) * X2)) - cos(((-5.2797288895) * X2))) - cos((((0.0547397211 * X2) + (0.1967072338 * X1)) - ((-2.7978289127) * X3)))) + cos((0.6850973368 * X2))) - ((((0.3103187680 + ((-0.1562691778) * X1)) - cos(((-5.4418559074) * X2))) - cos(((-2.9906067848) * X3))) * (((0.1804573089 * X3) - (sin(((-2.1437630653) * X2)) - (1.1174231768 + (0.2103545666 * X1)))) + ((sin((1.2896512747 * X2)) * (0.1770719588 * X1)) + ((-0.2364642173) * X2))))) ^ 2) - ((0.7760227919 + ((-0.1421625465) * X1)) - ((-0.0616867244) * X3)))))
feynman_III_15_14,OperonRegressor,ok,3.0,0.999629875150631,0.000304771017813,94.0,95.0,54.7,,(0.0000128268 + (1.0000599623 * ((((exp(((0.0967366174 * X1) + ((-2.2010226250) * X3))) - (0.1800852418 * X2)) - (cos((cos((0.0957682133 * X2)) + (((-0.0763617977) * X3) - ((-0.1727344394) * X2)))) + (((-0.0500208959) * X1) + (((-0.4709835947) - (0.0022373423 * X3)) + exp(((0.0951977298 * X1) + ((-2.1997787952) * X3))))))) * (exp(exp((((0.0786723867 * X3) - ((-0.3067377210) * X2)) ^ 2))) + (exp(((0.5918862820 * X3) - ((-0.1680707335) * X2))) + ((0.4090493023 * X1) + (((-0.1057549790) * X3) - ((-0.6691205502) * X2)))))) / exp(((((-0.0778283328) * X1) - ((-0.5168818831) * X3)) + (0.4864236712 * X2))))))
feynman_III_15_27,OperonRegressor,ok,3.0,0.9999994066354252,0.0018244540912672,87.0,88.0,62.9,,(0.0000484861 + (1.0000884533 * (((0.2442910820 * X1) + (((-0.2375537157) * X3) - 0.3652917743)) + (exp(((exp(((-1.0554049015) * X2)) - (exp(((-0.9948760271) * X2)) + (0.3672996163 * X2))) - (sin(sin((0.0983263552 + (0.4441082180 * X2)))) + sin(((-0.4569762647) * X2))))) * (((((0.0208363123 * X1) + (0.0000040936 * X2)) - (0.0202559251 * X3)) * ((exp(((-1.3461744785) * X3)) + (sin((0.6696873903 * X3)) ^ 2)) - ((((4.5066747665 * X3) + (5.2898979187 * X2)) - exp((0.6391422749 * X3))) - exp(exp(((-0.6674421430) * X3)))))) - (0.3690878749 * X2))))))
feynman_III_17_37,OperonRegressor,ok,3.0,0.9999999957929158,0.0004450837083376,72.0,72.0,62.1,,((-0.0000102899) + (1.0000531673 * ((((((cos(10.9955749512) + ((-0.0000002144) * X3)) * exp((((-0.5082733035) * X3) * (-1.7697275877)))) + (((cos(((-0.0384308659) * X3)) - (-8.2496728897)) * cos((-4.5581970215))) - ((cos(22.6830177307) + ((-0.2692433596) * X1)) * ((-1.4029672146) - (0.5359171629 * X2))))) - ((-1.5690287352) - (0.0567056984 * X2))) * (cos((((1.1856869459 * X3) + (-0.2924793363)) - ((-0.0000000387) * X2))) + (cos((1.1856880188 * X3)) + (0.0000000179 * X1)))) - ((-0.7314653397) + ((-0.2530086935) * X1)))))
feynman_III_19_51,OperonRegressor,ok,5.0,0.9228907359334716,0.8394269665591708,94.0,94.0,58.3,,((-0.0002033547) + (0.9999969602 * (((((-0.1731520742) * X2) + ((-1.3091111183) * X1)) + ((((-0.2834416032) * X3) + ((exp(((-1.4506667852) * X1)) - (-6.9879336357)) - exp((((0.3205080628 * X2) + ((-1.0875564814) * X4)) - ((0.3567210436 * X1) + (0.1667072028 * X3)))))) - exp(((((((-1.1268984079) * X5) + ((-0.4573266804) * X4)) - (0.9924080372 * X3)) - (0.0270393696 * X1)) - ((-1.1706916094) * X2))))) * (((-0.0017699854) * X4) - ((exp(((-0.0144376867) * X1)) - 1.0416035652) - exp(((((0.0100188367 * X5) * (14.2749347687 * X2)) + (((0.9625265002 * X1) + ((-0.3379919231) * X3)) + ((-3.7037861347) * X4))) - 9.4823589325)))))))
feynman_III_21_20,OperonRegressor,ok,4.0,0.9999999282677946,0.0025846045036491,82.0,82.0,67.6,,((-0.0000000524) + (((((((0.0000073608 * X4) - (0.0598042421 * X3)) - ((0.5475635529 * X3) - (-1.4962518215))) * (((-0.0047356994) * X4) + (((-1.7422064543) * X1) - (4.1521611214 + (((-0.0002604854) * X2) + ((-0.0057147634) * X4)))))) * (0.0090852575 + ((0.0035459844 * X2) + ((-0.0000014281) * X4)))) - (((0.0301970430 * X4) + 2.6440403461) - 2.5671977997)) * ((((0.0043281568 * X1) - (-3.3384885788)) - exp((1.1284643412 + ((((-0.0000413936) * X3) - ((-0.0005142745) * X1)) + exp(((-0.2440723181) * X4)))))) - exp(sqrt(exp(sqrt(exp(((-0.9278819561) * X4)))))))))
feynman_III_4_32,OperonRegressor,ok,4.0,0.9999524740878032,0.0482275272628301,87.0,87.0,72.1,,((-0.0000002136) + (0.9999997020 * (exp(((((exp((((-0.0460271686) * X1) + ((-0.4833422303) * X3))) - exp((((-0.0323469341) * X1) + ((-0.6315897107) * X3)))) + (exp(((-1.0845435858) * X2)) - exp(((-0.5631976128) * X1)))) - (sin(0.2682673335) - ((((-0.2344356030) * X1) + exp((0.2420324087 * X2))) - ((-0.2407160103) * X3)))) - (((exp(((-1.1088253260) * X4)) - exp(((-0.6634206772) * X1))) - ((exp(((-1.0821088552) * X4)) - exp(((-1.0423820019) * X2))) - ((-0.0651167780) * X4))) + ((0.5958280563 * X2) + exp(((-0.2803794146) * X4)))))) - (1.0580154657 - (0.0026874486 * X1)))))
feynman_III_4_33,OperonRegressor,ok,4.0,0.9999993603592476,0.003649153128058,100.0,102.0,66.4,,(0.0000000376 + (0.9999998212 * ((((0.6308499575 * X4) - (0.0519749895 * X2)) - (((((-0.7045881748) * X3) - ((-0.0562899113) * X1)) + ((((-0.0263584703) * X4) - (1.1128010750 * X1)) * ((-0.0186173823) * X2))) - (((0.0007997078 * X3) - (0.0012141070 * X1)) * (0.6781886816 * X3)))) - (((0.1365498900 ^ 2) + (((0.7206759453 * X4) - (0.0028477602 * X2)) * (((-0.3434760273) * X3) - ((-0.0010707376) * X1)))) - ((((((-0.0047571841) * X2) + (0.0031811718 * X4)) * (exp((((-1.3444197178) * X3) - ((-0.5628252029) * X1))) + (((0.9509445429 * X3) - ((-1.0807271004) * X1)) + ((-3.9763567448) * X4)))) - (((-0.0154905384) * X3) - ((-0.0281713642) * X1))) ^ 2)))))
feynman_III_7_38,OperonRegressor,ok,3.0,0.9999999977044888,0.0017964712097689,56.0,56.0,58.5,,(0.0000268421 + (1.0000617504 * (exp((0.0052884901 * X3)) - ((0.9816287756 - ((((-0.0046642041) * X1) + (-0.2766470313)) - (1.0562936068 * ((-0.3376142383) * X2)))) - (((0.0000000241 * (0.9951250553 * X2)) + ((0.2179301232 * X1) + ((-0.2470972687) * X3))) * ((((0.0000000475 * X1) - ((-0.4163295031) * X2)) - (((-0.0062521901) * X3) - 1.1869249344)) / (0.6899355650 + (0.2885148227 * X3))))))))
feynman_III_8_54,OperonRegressor,ok,3.0,-0.438194645227095,0.3939002621647096,79.0,82.0,50.2,,((-0.1990502775) + (1.0944153070 * (cos((cos((((((-1.4835145473) * X3) * ((-0.8449019194) * X2)) ^ 2) + ((0.9513270855 * X3) * (-1.1524288654)))) - ((1.1539345980 * X2) ^ 2))) * (((((((-1.4333076477) * X3) * (0.0949754789 * X3)) + ((0.2607740164 * X1) * exp(((-0.5106749535) * X2)))) + (cos(((1.1829326153 * X3) * (-9.5623989105))) * ((0.5747063160 * X3) - 0.1262400001))) + (cos((((-1.9998028278) * X3) * (-19.9927482605))) * ((((-0.0186528862) * X3) - (-0.0047614933)) * (-19.9927482605)))) + sqrt((cos((((-0.2162873596) * X3) * (-9.6166028976))) ^ 2))))))
feynman_III_9_52,OperonRegressor,ok,6.0,0.9905546412461522,1.5570517793695806,84.0,87.0,63.3,,(0.0044015078 + (1.0053883791 * ((((-0.0174923781) * X6) - 0.8479422927) + (((0.7267777920 - (exp((0.0299536120 * X4)) - ((-0.1301380545) * X3))) + (((((0.2300622314 * X3) ^ 2) - 0.0664192885) + ((-0.8911288977) - (0.1763814390 * X1))) / (((((40.6425170898 * X5) + (-6.3480591774)) + ((-78.8078002930) * X6)) * (((-0.0129567832) * X5) + 0.0019206663)) - ((((-0.6699757576) * X6) ^ 2) + exp(((-0.3711893260) * X3)))))) * (((exp(((-0.7191987634) * X4)) / ((((-0.4512248337) * X6) ^ 2) + exp(((-0.4020266235) * X2)))) + ((0.1504338384 * X1) + (0.4207982719 * X2))) + 1.1512975693)))))
feynman_II_10_9,OperonRegressor,ok,3.0,0.9999845196883068,0.0007945600782111,90.0,91.0,61.9,,((-0.0000029973) + (0.9999847412 * (exp(sqrt(exp(sqrt(exp((((0.0001648608 * X2) + 0.8326832652) + ((-0.3496614099) * X3))))))) * (((((2.2126517296 * X2) * ((-2.8952703476) * X2)) - (((((-0.5049259067) * X3) * (0.1070248336 * X2)) - (0.0465919450 * X1)) - ((-0.0455103703) * X3))) + ((0.0132784806 * exp(((-2.6323447227) * X2))) - exp(((-2.1939043999) * X2)))) + (((exp(((0.0018033483 * X1) + ((-2.1805131435) * X2))) - 0.0551047251) + (((((0.0030846524 * X1) + ((-2.5317394733) * X2)) - ((-0.0106880125) * X3)) + ((0.0492298827 * X1) * ((-0.0121547058) * X2))) ^ 2)) - (0.0278258100 * X2))))))
feynman_II_11_20,OperonRegressor,ok,5.0,0.9890896633002754,0.740050503511211,90.0,91.0,67.8,,(0.0000056530 + (1.0000119209 * (((((exp((exp(((-0.4200965166) * X5)) - ((-0.4565447867) * X3))) * (exp((((-1.0361179113) * X4) + 7.6433935165)) - (1864.6582031250 * X5))) + (((-365.7985229492) * X4) - ((-5751.4462890625) * X3))) + (12711.1279296875 - exp((((4.0264067650 * X2) + (0.8422365785 * X1)) - ((-0.6806734204) * X3))))) * (((((-0.0037491345) * X1) + (0.0002146141 * X4)) - ((exp(((0.0110047106 * X2) + (0.0409018733 * X1))) - (0.0002047556 * X3)) - ((0.0091716237 * X2) - (exp((0.0438167341 * X1)) * (-0.9953637719))))) ^ 2)) - (0.6883628368 - ((0.0111353649 * X4) - ((-0.0155089526) * X3))))))
feynman_II_11_27,OperonRegressor,ok,4.0,0.9999918659144934,0.0011398431317825,90.0,90.0,65.5,,(0.0000043438 + (1.0000052452 * (((exp(((cos((0.9581767917 + (0.2630223632 * X3))) - (((-39.9662895203) * X2) + ((-36.8452148438) - (0.4128810167 * X3)))) - (exp(((-0.0008995280) * X1)) * ((21.0655498505 * X2) + (37.4903106689 - ((-18.8490848541) * X2)))))) * (((((-0.0012482929) * X3) + exp((0.1039396673 * X1))) - (0.1133942977 * X1)) - ((-0.2009323239) * X4))) * ((exp((0.0422855802 * X1)) * ((7.8203454018 * X2) + exp(((-0.2030525357) * X1)))) - ((7.2746930122 * X2) + ((-0.7713139653) * X1)))) + (exp((0.0024268371 * X1)) * (((-0.0025989278) * X2) + ((-1.0203607082) + ((-0.0006630159) * X3)))))))
feynman_II_11_28,OperonRegressor,ok,2.0,0.9999999679878532,5.230616404350911e-05,81.0,81.0,60.7,,(0.0000002940 + ((((((((0.1046882421 * X2) + ((-0.1973211616) * X2)) * ((-1.3393576145) * X1)) + (0.1472657770 * X2)) + (0.2680564225 * X1)) / sqrt(exp((((-0.2846095562) * X2) + (((0.1865745783 * X2) * ((-0.8687868714) * X1)) - (0.2216498554 * X1)))))) + ((((1.4998385906 * X2) + (0.0083293915 * X1)) * (((((0.1048839614 * X2) + ((-0.1075626984) * X2)) * ((-1.3393576145) * X1)) + (0.0059241485 * X2)) + (0.1411701739 * X1))) + (0.3690817058 * X2))) - (0.1073631272 + (((-0.0440439656) * X2) + ((-0.3012993336) * X1)))))
feynman_II_11_3,OperonRegressor,ok,5.0,0.9995499630564204,0.0026576721703653,86.0,87.0,56.4,,(0.0000001182 + (1.0000001192 * (((exp((((-0.2977860570) * X3) + ((0.3033271730 * X1) + ((-0.3800556958) * X4)))) * (((((0.0601131953 * X2) + ((-0.5045695901) * X3)) + (-1.5089154243)) + sin((0.8222860098 + (0.3282541335 * X3)))) + exp((0.2816107869 * X3)))) * (exp(((-0.5708990097) * X3)) + (((exp(((0.1555381715 * X5) + ((-0.4104485214) * X4))) + (0.5005671382 * X4)) ^ 2) + (exp(sin((1.2402279377 + ((-0.4416980147) * X1)))) + (log((1.4564540386 + (0.4117285907 * X1))) + (0.6817874908 * X3)))))) - ((((-0.0018960596) * X5) - (-1.3681970835)) + (0.0028102850 * X4)))))
feynman_II_13_17,OperonRegressor,ok,4.0,0.998912574237102,0.0009347342199222,86.0,88.0,54.0,,((-0.0000002392) + (0.9999998808 * ((((-0.0027372050) * X1) - 0.6074773073) + ((((50.5854187012 * X1) + (421.2001647949 * X3)) + ((((exp(((-1.8143410683) * X4)) + (-5.4152226448)) ^ 2) + (1119.8656005859 - exp(((-2.4752669334) * X3)))) + exp((((4.2000436783 + (0.3371352851 * X3)) - (1.5011616945 * X1)) * cos((((-0.1178850085) * X3) + (0.0352486782 * X2))))))) * exp(((((exp(((-0.6614379883) * X2)) - (0.3138356507 * X1)) + ((0.0154016577 * X3) + ((-0.0415751599) * X2))) + exp((((-0.4557121098) * X4) + (0.0024228855 * X2)))) + ((-10.5694427490) - ((0.3101206422 * X2) ^ 2))))))))
feynman_II_13_23,OperonRegressor,ok,3.0,0.999999934803851,0.0002684196586185,86.0,86.0,60.2,,(0.0000002541 + (1.0000001192 * ((((((7.7711968422 + (13.5153446198 * X3)) * (((-0.0001018033) * X3) + ((0.0001686327 * X1) + (0.0002405470 * X2)))) + 0.0183073319) - ((exp((0.0733579472 * X2)) * ((0.2357099205 - ((-0.2694655061) * X1)) + ((0.1260747612 * X3) + 0.7053139210))) + ((-0.0878688470) * X1))) - ((((exp((0.0886179209 * X2)) * (((-0.0241667703) + ((-0.1861035228) * X1)) + (((-0.0782939419) * X3) + (-0.4899159074)))) + (0.1192037761 * X1)) + ((-0.0601302125) * X3)) * exp((cos(7.3036646843) / (exp(((-0.0379144885) * X2)) + (0.3365130424 * X3)))))) - ((-1.0230957270) * X1))))
feynman_II_13_34,OperonRegressor,ok,3.0,0.9999855392337694,0.007605937296171,96.0,99.0,55.6,,((-0.0000164416) + (0.9999700785 * (((exp((((((0.3858327866 * X1) * ((-0.2083124518) * X1)) - (((-0.3261664212) * X2) - (0.4274452627 * X1))) - (2.0695364475 + (0.7786757946 * X3))) + ((((-0.3135477006) * X3) + ((0.0279771537 * X2) - (0.2028613091 * X1))) ^ 2))) ^ 2) - ((((exp(((0.1118282303 * X2) - (0.1236904413 * X1))) + (0.0186513793 * X3)) + ((-0.5713651180) * X2)) - (((0.0034189033 * X3) + (((-0.0037557273) * X2) - (0.0705554932 * X1))) * ((-2.1853101254) * X2))) + ((-0.9230735898) + ((-0.6785181165) * X1)))) + (((0.0336837843 * X3) + (((-0.0327169895) * X2) - ((0.0665201396 * X1) * ((-0.3680267930) * X1)))) ^ 2))))
feynman_II_15_4,OperonRegressor,ok,3.0,0.9999999993912768,0.0001389040987335,73.0,76.0,50.1,,(0.0000039574 + (1.0000193119 * (((-0.0000000149) * ((0.4012154043 * X3) + (sin((((1.5359418392 ^ 2) + ((-26.4099235535) * X3)) * (2.9255671501 ^ 2))) - cos(((-184.7776336670) * X3))))) + ((((((((-0.0000000414) * X2) + 2.4061570168) + ((-5.2465558052) * ((-0.1811462492) * X1))) * ((0.7336603403 + (0.0000000296 * X3)) - ((((-0.0059069162) * X3) ^ 2) + (((-0.9050063491) * X2) / 3.1260535717)))) + ((-5.2926254272) * ((-0.0000000066) * X1))) * cos(((-0.1948725730) - ((-1.2290620804) * X3)))) + ((-0.6393419504) - ((-0.0000000166) * X3))))))
feynman_II_15_5,OperonRegressor,ok,3.0,0.9999999999999628,1.0878278345575717e-06,52.0,52.0,41.6,,(0.0000001065 + ((((-0.1815204471) * X3) + (-3.9756302834)) - (((((0.7514891624 + ((-0.0000000106) * X1)) * ((-0.7748526931) + ((-0.2969460487) * X1))) * ((cos(((1.1743091345 * X3) + 0.0432116091)) * 1.8206688166) * (1.6512910128 + (0.6811773777 * X2)))) - (3.2299010754 - (0.0000000190 * X1))) - (((0.1815204024 * X3) - (0.6518876553 * X2)) + (0.6518875957 * X2)))))
feynman_II_21_32,OperonRegressor,ok,5.0,0.9988578862699924,0.0012352731289999,90.0,90.0,52.7,,(0.0000001101 + ((((0.2056013346 * X3) - (-0.8720338345)) + ((-0.0000964314) * X5)) + ((exp(((exp(((-0.4407281280) * X2)) - 5.9095072746) + (exp(((-0.4698712230) * X3)) - ((((-0.0743123665) * X3) - ((-0.0588101633) * X5)) + ((-0.0499889627) * X4))))) * (((((0.5840060115 * X5) - (-35.4028930664)) + (sin((1.6187787056 * X2)) + ((-0.4414694011) * X4))) + exp(((((-1.5482823849) * X5) - ((-0.3691228926) * X1)) + (0.4530156255 * X4)))) + (12.7511119843 * X1))) + (((-0.0377021395) * X1) - (exp(((0.0258769430 * X1) - (((-0.2046582848) * X3) + (0.0048931851 * X4)))) + exp(((-0.0940146968) * X1)))))))
feynman_II_24_17,OperonRegressor,ok,3.0,0.9999994803887856,0.0006988698608783,92.0,93.0,54.9,,(0.0000000449 + (0.9999998808 * (((((((exp(((-0.2218450755) * X1)) ^ 2) + (0.0034503671 * X2)) - (exp(((-0.4479320049) * X1)) + ((-0.0062415968) * X1))) - 0.0702553019) + sqrt(exp(((1.8232204914 * X3) - (0.0495698228 * X1))))) / sqrt(exp((((0.0133476397 * X3) * ((0.1838574708 * X1) + (1.0955165625 * X2))) + ((1.7524873018 * X3) + ((-0.5478439927) * X2)))))) + (exp(((0.0669088587 * X1) + ((-0.6321586370) * X2))) - (exp((((-0.0638174638) * X1) + ((0.0033525948 * X3) - ((-0.7161467671) + (0.2896859348 * X2))))) + (((1.0438951254 * X2) + ((-0.3074139953) * X1)) - ((-0.0055342638) * X3)))))))
feynman_II_27_16,OperonRegressor,ok,3.0,0.9999995394862308,0.0572477879855026,86.0,86.0,65.7,,(0.0000003203 + (0.9999995828 * ((((4.0853557587 * X2) - (-1.2020834684)) / exp((exp(exp(((0.0030421698 * X3) - ((0.4044584632 * X1) + 1.1743358374)))) + (exp((0.2556457222 * X3)) + (((((-0.8665868044) * X3) - (0.1263986528 * X1)) + exp(((-0.8351829648) * X3))) - exp(((-0.6882176399) * X3))))))) + ((((0.0059161806 * X2) + (1.3681854010 * X1)) + (((0.7382212877 * X1) - ((0.2147673219 * X2) - 1.8056375980)) / ((((0.0000706287 * X2) - 1.5957672596) + exp(exp(((-0.5329669118) * X3)))) + exp(((-0.0503534377) * X3))))) - ((1.3935015202 * X1) + 1.0969647169)))))
feynman_II_27_18,OperonRegressor,ok,2.0,0.9999999999999624,4.242925503063889e-06,57.0,57.0,35.6,,((-0.0000000111) + (1.0000001192 * ((0.3561169207 * (((1.1790400743 * X1) + (2.4710211754 * X2)) - sin(sin(exp(exp((0.0120218918 * X2))))))) - ((2.2132768631 * X2) * ((((1.6205598116 * X1) + ((-0.0736456141) * X2)) - (((0.4288946688 * X1) + (0.0007571522 * X2)) + (1.3323311806 * X1))) - ((2.4732608795 * X2) * ((0.0105429636 * X1) + ((-0.0000003950) * X2))))))))
feynman_II_2_42,OperonRegressor,ok,5.0,0.9999959865335808,0.0171949981063728,88.0,88.0,54.6,,((-0.0000043782) + (1.0000174046 * ((((-0.0100576878) * X5) - (((((1.5469479561 * X5) - exp(exp(((-0.5766602755) * X5)))) - exp((0.4678445756 * X5))) - exp(1.0883247852)) * (((-0.7101382017) + (30.4477558136 * X4)) - ((-42.4792900085) + (-42.4682273865))))) * ((exp(((-0.0004548246) * X1)) * (exp((((-0.0000378613) * X5) + ((-0.8374311328) * X4))) - (((((-1.2529916763) * X2) * ((-0.0002575607) * X1)) + (((0.0008311994 * X2) + ((-0.0000266202) * X4)) - (((-0.0000431854) * X5) + ((-0.7364358902) * X3)))) - ((0.0000685606 * X1) - exp((0.0000279926 + ((-0.8374564648) * X4))))))) + (0.7372989058 * X3)))))
feynman_II_34_11,OperonRegressor,ok,4.0,0.9999999715672204,0.0010354195753321,81.0,81.0,52.4,,((-0.0001643953) + (0.9998411536 * ((((((((-0.0000000905) * X3) - 1.9974198341) + exp((0.0004916664 * X1))) + exp((0.0005658396 * X1))) / (exp(((-0.0091769276) * X3)) + ((0.0090960748 * X3) + (0.3719421625 * X4)))) * (((exp(((-0.0315879434) * X3)) - (((-0.0309392884) * X3) - 9.6108827591)) + ((0.0000148531 * X4) - ((-3.8991110325) * X2))) * ((exp((0.0467637777 * X4)) - (-27.0062122345)) + (exp(((-0.0478153601) * X4)) + (((0.5032518506 * X3) - (-3.4161527157)) + ((12.8216686249 * X3) - (-1.1138418913))))))) + ((0.0000344525 * X3) - 1.0721065998))))
feynman_II_34_2,OperonRegressor,ok,3.0,0.9999999852430532,0.0015392336806003,71.0,72.0,64.3,,((-0.0000148241) + (0.9998895526 * ((((0.4780042768 * X1) + ((((0.0154949706 ^ 2) + (0.0000000250 * X3)) * ((((0.4583838582 * X1) - (0.1401786357 * X3)) - ((0.5453633666 * X2) * (-0.8809571862))) / sqrt(exp(((-0.2714694142) * X1))))) - ((-0.1962046176) * X3))) - (0.1962042004 * X3)) + ((((2.2539925575 * X1) * 0.1318489164) - (-0.8042989373)) * ((((((-1.1839555502) * X2) - 3.1758859158) * (((-0.1919652820) * X3) - (-0.0156174507))) - ((-0.5996162295) * X2)) + sin(((-0.0000000836) * X1)))))))
feynman_II_34_29a,OperonRegressor,ok,3.0,0.9999995364469492,0.0001755617441822,81.0,81.0,45.3,,(0.0000000397 + (1.0000002384 * ((((((0.0000488795 * X1) + (-0.0001720904)) - (0.0000974328 * X3)) - ((-1.4966584444) * X2)) + (((((((-0.1952739060) * X3) - 0.2850110531) - ((-0.1671125591) * X1)) + (((((-1.3565999269) * X2) * ((-0.0483837463) * X1)) - (((-0.0121269580) * X3) - 0.2224817425)) - ((-0.1703617573) * X2))) * ((((-0.0000473629) * X2) + (0.9124548435 * X3)) + exp(((-0.3960042298) * X3)))) - (1.4966032505 * X2))) * (((exp(((-1.5743550062) * X3)) + (0.0282246657 * X3)) + exp(((-0.5538135171) * X3))) + exp(((-0.5571720004) * X3))))))
feynman_II_34_29b,OperonRegressor,ok,5.0,0.9999999999997468,7.878583730629748e-05,87.0,87.0,49.9,,(0.0000003052 + (1.0000002384 * ((((((-0.0000006894) * X1) - (((((0.0000026878 * X5) + 11.6652536392) + ((4.6133823395 * X1) - (0.0000050055 * X3))) * (((-0.2151684612) * X4) - ((0.0000000996 * X5) + 0.5390443802))) / (exp((0.0000000356 * X4)) - ((-0.4027199149) * X2)))) * ((0.4008981586 * X5) + ((0.9388079643 - ((-0.0000004202) * X3)) - ((-0.0000001990) * X2)))) / (exp((((0.0000012974 * X5) + 0.6287059188) - exp((0.0000000539 * X4)))) / (exp((((0.0000000580 * X2) + (-2.5658340454)) + ((0.0000000679 * X1) - ((-0.0000002289) * X5)))) - ((-0.0293940436) * X3)))) + (-0.7934256196))))
feynman_II_34_2a,OperonRegressor,ok,3.0,0.9999999981874128,2.2148898392223e-05,87.0,87.0,53.8,,(0.0000000242 + (1.0000002384 * ((((((exp(exp(((-0.6912457943) * X3))) + ((0.0000970275 * X2) - (-2.1861987114))) * (0.0461237542 * X3)) - (0.0968913957 * X3)) - (((exp(exp(((-0.4028869569) * X3))) + exp(((-0.2026012391) * X3))) + (((-0.2290776670) * X2) - (5.3995060921 * X1))) - (((-0.2292519510) * X2) - (5.3993797302 * X1)))) * ((((0.6521294713 * X2) - ((-0.0000486203) * X1)) + sqrt(exp(exp((0.0000397417 * X3))))) * (((((-0.0000009265) * X2) + (0.0838013142 * X3)) - (-0.0365553088)) - (0.0656562895 * X1)))) + ((0.5030838847 * X2) - ((-0.0268080849) * X2)))))
feynman_II_35_18,OperonRegressor,ok,5.0,0.9663038001054024,0.060920317895611,90.0,90.0,56.7,,((-0.0000471144) + (0.9999945760 * (((((exp(((-0.5208165050) * X4)) - exp(((-0.3473479450) * X2))) - ((-0.3298814893) * X3)) * (((((-0.2017518729) * X2) + (0.1709562391 * X5)) + cos(((-1.2545707226) - ((-0.1218831688) * X1)))) + ((-0.0635022596) * X3))) - ((-0.0996797606) * X2)) + ((((0.7479933500 + (((-0.1327553988) * X2) + (0.0502094813 * X4))) / (exp(((-0.1375545263) * X2)) - ((-0.1656813323) * X3))) + (exp(((-0.2052585781) * X2)) - (cos(((-0.6487845182) - ((-0.3593273759) * X1))) + (((-0.1327405125) * X2) + (exp(((-0.1533174366) * X5)) - (0.0530997217 * X4)))))) / ((-0.3699454665) - ((-0.0897246376) * X1))))))
feynman_II_35_21,OperonRegressor,ok,5.0,0.9922649889360028,0.4511305585812699,98.0,98.0,52.6,,(0.0000002903 + (1.0000003576 * ((((((((0.0738180429 * X2) + (0.1111743152 * X3)) + ((-0.0730817243) * X4)) * cos((((0.5605922341 * X2) + ((-0.4078293443) * X4)) - (0.7896595597 * X5)))) + (((((0.0626600161 * X2) + ((-0.0812787041) * X3)) - (0.2136103362 * X5)) * exp(((0.3153138757 * X4) + (0.2074720860 * X3)))) - ((0.1652993709 * X4) + ((-0.1459032148) * X3)))) * exp(((((0.2418347150 * X2) + ((-0.3901285827) * X3)) + ((-0.1059794426) * X4)) - ((-0.3711846173) * X1)))) - ((-0.5117824674) * X1)) + (((((-0.0033381747) * X2) + ((-0.0004578754) * X3)) * ((((-70.7850570679) * X1) + ((-13.3334436417) * X3)) + (-185.3805847168))) - 0.0253756084))))
feynman_II_36_38,OperonRegressor,ok,8.0,0.9905130734640908,0.1072609128129596,94.0,94.0,57.9,,((-0.0000003789) + (0.9996199608 * (exp((((exp((((-0.4499934316) * X3) + (0.1703999043 * X7))) + (0.2502137721 * X5)) - (0.2479031533 * X6)) - ((((((-0.0576515682) * X3) + (0.8917326927 * X7)) - (((-0.3770520985) * X2) + (0.2248654664 * X8))) + (((-0.2370390594) * X1) + (1.4238338470 - ((-0.2674913406) * X4)))) + exp(((0.0532942936 * X6) + ((-0.4319512546) * X2)))))) - ((1.5811815262 - (0.0200386364 * X8)) - exp(((((-0.2665734291) * X3) + (0.2853254974 * X2)) - ((((-0.0524083376) * X5) - exp(((-0.3168123960) * X4))) + exp(((((-0.3627037108) * X1) + ((-0.0441953465) * X7)) + sin((0.0424330197 * X5)))))))))))
feynman_II_37_1,OperonRegressor,ok,3.0,0.9999999608480672,0.0053140773114751,92.0,92.0,53.7,,(0.0000000918 + ((((((((-6.4300923347) * X2) * ((-1.0093940496) * X1)) - (((1.4924707413 * X3) - (2.9395792484 * X2)) - (0.8079926372 * X3))) - ((((-0.6825779080) * X3) - (12.6654767990 * X2)) - exp(((-0.0285849944) * X1)))) - ((-17.6423263550) * X1)) / exp(((exp((((-0.0376725122) * X3) + exp(((-0.0001726243) * X1)))) - (((-0.1366543323) * X3) - ((-0.0000035987) * X2))) - ((0.0961244553 * X3) + exp(((-0.0005026550) * X1)))))) - (((-0.4589374065) * X3) - ((((-3.2415249348) * X2) * (0.2820014060 * X1)) - (((2.1975936890 * X2) + (2.3783652782 * X1)) - ((-0.1489616930) - (0.1021813154 * X1)))))))
feynman_II_38_14,OperonRegressor,ok,2.0,0.9999999926543098,1.7676109198745263e-05,75.0,76.0,46.8,,(0.0000128889 + (1.0000272989 * (((1.7448376417 ^ 2) + ((((-0.5503793359) * X2) * exp(((0.0049880370 * X1) + ((-0.4115182161) * X2)))) + ((((0.0072904597 * X1) + ((-1.6558841467) * X2)) - ((-1.3112630844) * X2)) - cos((-54.7768745422))))) * ((exp((((-0.0106315603) * X1) + ((-1.6233545542) * X2))) * sin((((-0.0010858764) * X2) - ((-0.0015932005) * X1)))) - ((cos((-55.0309753418)) + (((-1.4579979181) * X1) + (0.1539502293 * X2))) + ((1.2623158693 * X1) + ((0.1950457990 * X1) * (0.0022095721 * X1))))))))
feynman_II_38_3,OperonRegressor,ok,4.0,0.999965151246608,0.0511168475690917,92.0,95.0,54.9,,((-0.0000014736) + (1.0000002384 * (((((0.0000544994 * X3) - (3.4648494720 * X2)) ^ 2) - (((((-0.0199355409) * X4) - ((-3.4648406506) * X2)) ^ 2) + (((((-0.3596351445) * X4) - (0.3685316741 * X2)) - ((-0.1971459389) + ((-0.0025155584) * X1))) - (0.0017665434 * X3)))) - (exp((((exp((0.4613801241 * X2)) + ((0.2399986982 * X4) + ((-0.2657936513) * X3))) - exp(((-0.6494474411) * X4))) + ((exp(((-0.7529625893) * X3)) - exp(((-0.6503913403) * X3))) + (exp(((-0.5204222202) * X4)) - ((0.0822246894 - ((-0.4439256489) * X2)) ^ 2))))) * (((-0.1454761773) * X1) + (((-0.0001272401) * X4) + (0.1364783645 * X3)))))))
feynman_II_3_24,OperonRegressor,ok,2.0,0.9999997478630928,2.486772349909718e-05,85.0,86.0,49.5,,(0.0000011373 + (1.0000026226 * (((((-0.5324700475) * X1) + ((((-0.4510751665) * X2) + (0.1703705043 * X1)) - exp(((((0.0011170033 * X1) + (0.1720998287 * X2)) * ((0.0476293117 * X1) + ((-0.2582714856) * X2))) - ((0.0814283565 * X2) - ((-0.0173298661) * X1)))))) - ((-0.5968161225) + (((-0.2177408040) * X2) - (0.3656996489 * X1)))) + ((exp(exp(((-0.8376612663) * X2))) + ((((-0.0275023486) * X2) - ((-0.0206207391) * X1)) * (exp(exp(((0.0006171128 * X1) + ((-0.4076192081) * X2)))) ^ 2))) - exp(exp((((-0.8349899054) * X2) - (0.0026285504 * X1))))))))
feynman_II_4_23,OperonRegressor,ok,3.0,0.9997109244754728,0.0008492061716421,90.0,90.0,52.4,,(0.0000002857 + (0.9999988675 * (((exp(((((-0.6498093605) * X3) - exp(((-0.7495459318) * X1))) + ((exp(((-0.4398586154) * X1)) * ((-0.4559154212) + ((-0.5822417736) * X1))) + exp(((0.1484730542 * X3) - (0.4534096718 * X2)))))) - exp((((-0.9040760398) * X2) * ((-0.0250526275) * X1)))) - (0.0205235928 + ((-0.1181601882) * X1))) + (exp(((((-2.3215768337) * X3) - exp(((-0.3804744780) * X1))) + ((((-3.9279994965) + ((-0.0197688155) * X1)) - exp(((1.1276218891 * X3) - ((-0.8844645619) * X2)))) + exp(((0.4076868296 * X3) - (0.7957246304 * X2)))))) - (((-0.0006268228) * X3) - ((-0.0657409132) * X2))))))
feynman_II_6_11,OperonRegressor,ok,4.0,0.9999999999436574,1.4895081844601398e-07,82.0,84.0,53.7,,((-0.0000012179) + (1.0000020266 * ((((((2.2105896473 - ((-0.0000010859) * X1)) - ((-0.6522041559) * X2)) * ((exp(sin((0.2661788464 * X3))) + ((-0.1455803365) * X3)) + sin(((-0.5218355656) * X3)))) + ((((-4.2085218430) - (-1.3808542490)) - (0.8342667222 * X2)) - (exp(sin((0.0310859680 * X3))) * (((-2.2290809155) - (0.6400356889 * X1)) * ((((-0.1765924990) * X4) + (-0.6042560935)) ^ 2))))) * (exp(sin(((-0.0311319306) * X3))) + (0.0000469019 * X3))) / ((0.0000009655 * X3) - (((-1.9840098619) - (0.5696659088 * X1)) * ((((-0.2656551003) * X4) + (-0.9090079069)) ^ 2))))))
feynman_II_6_15a,OperonRegressor,ok,6.0,0.9995816621514944,0.0073052410205526,91.0,92.0,48.7,,((-0.0002554652) + (1.0008735657 * (((((((0.0256832559 * X1) - exp(((-2.2400765419) * X3))) * (((0.3987308443 * X3) + ((-0.2593737245) * X2)) * (exp(((-0.5359351635) * X3)) + (1.0351928473 * X3)))) + exp(((-1.0795243979) * X3))) * (((exp((((-0.0198315158) * X6) + ((-0.0101666152) * X5))) + (((-0.0096532134) * X4) - 1.1391807795)) + ((((-0.0001420598) * X6) + (0.0003062105 * X5)) * ((7.8791804314 * X4) - ((7.2181191444 * X6) + (2.2300617695 * X5))))) ^ 2)) + ((-0.0917337611) + ((-0.0274432264) * X1))) * ((exp(((-0.9847174287) * X1)) + (4.2033295631 + ((-0.5464508533) * X1))) + ((-0.0440607220) * X2)))))
feynman_II_6_15b,OperonRegressor,ok,4.0,0.9999419774067256,0.0002580949909001,82.0,83.0,44.8,,(0.0000033052 + (0.9999824166 * ((((((0.0000078179 * X3) + 0.0000056640) + ((((0.4618084729 * X3) + exp(((-0.2608129978) * X3))) + (-0.8812689781)) * ((((-0.0033534591) * X3) + 0.0068452866) / exp(exp(((-0.3012513220) * X2)))))) / ((((((-0.0386121683) * X3) + 5.7262024879) + ((-0.0018693445) * X4)) - (exp(((-0.0384765044) * X3)) - (-4.7364101410))) / exp((exp(((-0.1494040191) * X1)) ^ 2)))) * (3.0734539032 + (exp(((-1.5758950710) * X4)) + ((-0.9053468108) * X4)))) + (((-0.7751344442) + (0.0080389250 * X3)) + (exp(((-0.0014986824) * X1)) + ((-0.0009120081) * X4))))))
feynman_II_8_31,OperonRegressor,ok,2.0,0.9999999959170214,0.0007889434696243,49.0,50.0,45.3,,(0.0000959309 + (1.0001161098 * ((((((((-0.4100397825) * X2) * ((-1.2301857471) * X1)) - ((-1.3798955679) * X2)) - (0.5105880499 + ((-1.3561646938) * X1))) - exp(((((0.3931663334 * X1) ^ 2) / (0.4580439925 * X1)) + ((1.3275946379 * X2) - 9.1592988968)))) * ((((-0.3061661720) * X2) + (-0.8190993071)) / (-2.6621584892))) - ((-0.4853843451) * X2))))
feynman_II_8_7,OperonRegressor,ok,3.0,0.9999909644212016,0.0001902753058218,88.0,89.0,62.6,,(0.0000003006 + (1.0000028610 * (((exp((exp(((-0.6070576906) * X3)) - ((-0.6588148475) * X3))) * (0.0575334430 - (0.0115722809 * X3))) - ((-0.0430969074) - ((-0.0510657132) * X3))) * (((((-6.5029349327) - (1.5915464163 * X3)) - (0.8010351062 * X1)) - exp((((-1.2249181271) * X2) + (0.5189816356 * X1)))) + (exp((((((-0.0004853507) * X3) - ((-0.1349933296) * X1)) - (0.3396376669 * X2)) / exp((0.2964678109 * X2)))) * ((((exp(((-0.4285119474) * X1)) - ((-0.4161936641) * X2)) + (2.8078770638 * X1)) - (-7.5739817619)) + ((((-0.5294235349) * X2) ^ 2) - exp(exp((0.2393865734 * X2))))))))))
feynman_I_10_7,OperonRegressor,ok,3.0,0.9999999127134622,0.0003277448327068,92.0,92.0,51.4,,((-0.0000188258) + (1.0000023842 * (((((exp(((((-2.8258762360) * X3) + (0.2684545815 * X2)) + (((-4.1045293808) * X2) * (0.0440780483 * X3)))) * ((0.0002328800 * X1) + 0.0005874303)) - ((-0.9571383595) * X1)) + (exp(((0.0000560244 * X1) + (0.0038360879 * X2))) + (0.0025725053 * X2))) - ((((-3.4968633652) * X2) * (0.0004967694 * X1)) - ((-1.0688335896) + ((-0.0050895764) * X3)))) - ((exp((((-0.8204172850) * X3) + (0.1557699144 * X2))) + (0.0470780432 * X2)) * ((((-2.5566515923) * X2) * (0.0019851513 * X1)) - ((((-0.0048967544) * X3) + (0.0139762359 * X2)) + ((0.0179448482 * X1) + 0.0342083536)))))))
feynman_I_11_19,OperonRegressor,ok,6.0,0.9999999996101916,0.000198462160912,91.0,91.0,58.0,,(0.0000027472 + (0.9999952912 * (((((((-1.5079528093) * X4) * ((-0.0986494571) * X1)) - (((((0.0001890586 * X2) + ((-9.3603553772) * X5)) * (((-0.2606997192) * X2) + 14.3690404892)) / (-16.4603157043)) + (267.8227233887 * X3))) + ((0.3872375786 * X2) + (((8.5387792587 * X5) - ((-0.3668785393) * X4)) - ((-0.3964178860) * X6)))) - ((-0.3966840506) * X1)) + ((((0.1701816320 * X4) * (0.0000003892 * X1)) - (0.5251761675 + ((-6.2427124977) - (0.0032114070 * X6)))) * ((((((0.0004086294 * X2) + ((-0.0003929675) * X5)) - ((-46.9164314270) * X3)) - ((-0.0002155273) * X4)) + (2.4685070515 + (-2.4644553661))) - (0.0013006111 * X6))))))
feynman_I_12_1,OperonRegressor,ok,2.0,0.999999999999996,2.855376903483588e-07,23.0,23.0,35.5,,((-0.0000000032) + (((((0.2260771096 * X2) + ((-0.3288367391) * X2)) * ((-2.2439880371) * X1)) + (0.5938480496 * X2)) - (0.0240171906 + ((-0.6739558578) * X1))))
feynman_I_12_11,OperonRegressor,ok,5.0,0.9999922747254686,0.0653310153574098,84.0,84.0,51.9,,(0.0000004880 + (0.9999980927 * ((((sin((3.0047833920 + (1.1559833288 * X5))) / exp(exp(((-0.3798408210) * X1)))) * (((0.2775360048 + sin(((-0.1980227381) * X1))) + (0.1960238665 * X1)) + (0.1051323563 * X4))) * ((((9.2384538651 + sin(exp(((-0.4830113947) * X1)))) + (0.2412271500 * X1)) + ((-0.0068150167) * X2)) - ((-3.7434461117) * X3))) + (((-0.0039853225) + (0.1179899499 * X1)) + (((11.4193096161 * X2) + (2.3080682755 + sin(sin((0.0733094588 * X1))))) * ((((-0.9883552194) + (0.0132142836 * X1)) + exp(((-0.0088925818) * X1))) + ((-0.0000583927) * X5)))))))
feynman_I_12_2,OperonRegressor,ok,4.0,0.9999991510892826,8.693659244443945e-05,86.0,86.0,50.9,,(0.0000002855 + (1.0000003576 * (exp((exp(((exp(((-0.4775932133) * X3)) - ((-0.0003296003) * X4)) - ((0.0005673972 * X1) + (((-0.3439351618) * X3) - (-1.4996850491))))) - (0.3114818931 * X3))) * (((((-0.0051872903) * X1) - 0.0145554096) * (((((-4.4476275444) + ((-0.6700050235) * X2)) * exp(exp(((-0.7361056805) * X4)))) - (exp(((-1.2969551086) * X4)) - (0.4809652567 * X4))) + ((exp(((-0.8097130060) * X4)) - (0.0315722823 * X4)) * (((-1.3781349659) * X2) + exp(exp(((-0.6461206079) * X4))))))) + ((((-0.1089818105) * X3) + (-3.0222864151)) + exp(exp(((-0.0035639445) * X1))))))))
feynman_I_12_4,OperonRegressor,ok,3.0,0.999999855152705,7.657030380070214e-06,86.0,86.0,49.9,,((-0.0000009398) + (0.9999991655 * (((((((0.3606707752 * X3) - exp((0.0093272151 * X3))) - exp(((-1.0364044905) * X3))) - exp(((-1.0243885517) * X3))) - exp(exp(((-0.7520949841) * X3)))) * (((0.0073952978 * X3) - ((0.0000168536 * X1) + (-0.0173985325))) + ((((16.4613285065 * X1) + 41.4613227844) + exp((((0.4382286072 * X1) + (-22.6060028076)) - (12.4556980133 * X3)))) / (((-276.8207702637) * X2) - 693.1917114258)))) + ((exp(exp(((-0.2224080116) * X3))) - ((((0.0000335018 * X2) - (-2.3912324905)) - (3.0446937084 * X3)) - ((-2.9691400528) * X3))) - exp(((-0.4941329360) * X3))))))
feynman_I_12_5,OperonRegressor,ok,2.0,0.9999999999999952,3.345449809478395e-07,23.0,23.0,31.6,,((-0.0000000087) + (((((0.2260771096 * X2) + ((-0.3378100991) * X2)) * ((-2.2439880371) * X1)) + (0.6616685390 * X2)) - (0.0197684430 + ((-0.6866214275) * X1))))
feynman_I_13_12,OperonRegressor,ok,5.0,0.9998479241545084,0.1291103532999747,90.0,90.0,54.2,,(0.0072587379 + (0.9995165467 * ((((0.0244431496 * X2) + 0.0655800253) * ((((1.0410379171 + (0.3760624528 * X1)) + (0.0035565197 * X3)) + (0.0072320309 * X3)) * ((0.4246076941 * X5) + exp((0.0049002846 * X3))))) * ((exp((((-0.0212907325) * X3) - (0.3781302869 * (4.6181383133 * X4)))) - ((0.0900999084 * X5) + exp((0.6543538570 * X3)))) - (((exp(((-1.1636446714) * X3)) + ((-0.0059918668) * X5)) - ((exp((0.7653958797 * X4)) + (2.9532856941 * X3)) + ((-0.0775137022) * X1))) + (((4.0666856766 * X4) - (((-0.1192490533) * X2) + 3.0238621235)) + exp(exp(((-0.6210256219) * X3)))))))))
feynman_I_13_4,OperonRegressor,ok,4.0,0.9989700323099132,0.7330795694904274,92.0,95.0,51.9,,((-0.0000234219) + (1.0000205040 * ((((0.3504757583 * X4) - (sin((((((-0.0149013186) * X4) + 0.8680109382) - ((-0.4712200165) * X2)) + ((0.3800894916 * X1) - ((1.1450365782 * X1) * (0.0486589409 * X1))))) + (-1.2353565693))) + (((1.1445795298 * X1) + (((((-0.2780582011) * X1) - ((-0.0145843523) * X4)) ^ 2) / (0.8698066473 - ((-0.2576703727) * X3)))) - ((-0.6778416038) * X2))) - (((((-0.7019963861) * X3) - ((((-0.2895674407) * X1) - (0.2633616030 * X4)) ^ 2)) + ((((-0.5780677199) * X1) - ((-0.0341808200) * X2)) ^ 2)) + sin(((0.7936049104 - ((-0.4685587585) * X3)) + ((0.4849654436 * X1) - (0.0068857609 * X2))))))))
feynman_I_14_3,OperonRegressor,ok,3.0,0.9999999993315556,0.0004892837137164,64.0,65.0,47.5,,(0.0000284322 + (((0.5032050014 * X3) - exp(((-0.0150564602) * X3))) - ((((((((-1.3199574947) * X2) * ((-0.1892458051) * X1)) - (((-0.3359436691) * X1) + ((-0.0002720957) * X3))) + ((0.6007931828 * X2) - ((-0.3539632559) * X1))) * (((cos((-0.5731654167)) + ((-0.2561041117) * X3)) * cos(exp(1.1533744335))) - ((((-0.3782060444) * X2) * ((-0.0000000190) * X3)) - ((-0.5684807897) * X3)))) - ((-0.0000000584) * X1)) - (1.0004749298 ^ 2))))
feynman_I_14_4,OperonRegressor,ok,2.0,0.9999999978407702,0.0007324363545437,49.0,50.0,34.1,,(0.0000471784 + (1.0000029802 * ((((0.3665603399 * X2) + exp(((-0.0047216453) * X2))) * (((((0.0164546371 * X2) + (((-0.0219860449) ^ 2) - (((-0.0000001314) * X1) + ((-0.8242327571) * X2)))) * (0.1955040842 * X1)) + ((0.1538978964 * X1) + ((-0.1563638896) - ((-0.4244794250) * X2)))) + (0.2847706974 * X1))) + (0.4666022956 * X2))))
feynman_I_15_10,OperonRegressor,ok,3.0,0.9999885280813268,0.0057537061215003,98.0,98.0,52.5,,((-0.0000000525) + (((((((-0.0007378885) * X2) + (0.0031621889 * X3)) - ((((-5.7402801514) * X1) + ((1.3553731441 * X1) * (1.3549519777 * X3))) * (((-0.0001031442) * X2) + (0.0002565411 * X3)))) * ((-3.5601224899) * X2)) - (0.0517342538 + (((((-0.4301853478) * X2) + (0.0248116497 * X3)) - (((0.3486426771 * X1) + (((-39.6782951355) * X2) + (2.1642754078 * X3))) * ((-0.0040990426) * X1))) + ((-0.8676198125) * X1)))) + exp((((0.4682014883 * X2) + ((-0.5855253935) * X3)) - ((3.5063858032 + ((((-0.8895112872) * X1) + (((-0.5580295324) * X2) + (2.2048754692 * X3))) * (((-0.0689955354) * X1) + ((-0.1884487420) * X3)))) - (0.4087885916 * X1))))))
feynman_I_15_3t,OperonRegressor,ok,4.0,0.999999569754824,0.0008026205111633,92.0,92.0,56.2,,((-0.0000001204) + (((((-0.0010655279) * X3) + 0.0110592078) - ((-0.9598707557) * X4)) + (((exp(((-0.7703715563) * X2)) * ((((-0.0107293967) * X1) + (0.0078370506 * X2)) - ((-0.0062328149) * X4))) - (((-0.0051632342) * X2) - ((-0.0009695693) * X1))) + ((((((((-0.0043553580) * X1) + (-0.0013659088)) - ((-0.0019406764) * X3)) - (((-0.5071616173) * X3) * (0.0018049582 * X4))) + (0.0037243050 * X4)) * (((((0.3243126869 * X2) + (-1.2196817398)) - ((-0.1810507774) * X3)) - exp(((-0.7715422511) * X2))) - exp(exp(((-0.6574121714) * X2))))) * ((((-0.0145293679) * X2) - (0.5373339653 * X3)) - exp(((-0.1899020970) * X3)))))))
feynman_I_15_3x,OperonRegressor,ok,4.0,0.999825894660632,0.021475450747823,96.0,96.0,58.1,,((-0.0000002122) + (0.9999998212 * (exp(((((((-5.4550065994) * X3) + ((-0.1644087434) * X4)) - (8.7491865158 + ((-0.6244173050) * X1))) + (0.4982150197 * X2)) - exp((0.3268417120 * X1)))) + ((((((0.0049037640 * X2) - (0.0002524161 * X3)) * ((((-0.6715885401) * X3) + ((-10.0125274658) * X4)) + (((-0.0237135086) * X2) + (0.4935936630 * X1)))) + ((-0.0068226033) * X3)) - (((-0.0046257977) + ((0.0010126710 * X2) - (0.0014272337 * X1))) * (exp(((0.4695279002 * X2) - (0.9065878391 * X3))) * (((-4.5406365395) * X3) + (0.2114921957 * X4))))) + ((((-0.2445373386) * X4) - (0.0553733706 + ((-0.8802859783) * X1))) - (0.2582169473 * X2))))))
feynman_I_16_6,OperonRegressor,ok,3.0,0.998756865605798,0.042320441854698,94.0,94.0,58.8,,((-0.0000008619) + (1.0000253916 * ((((((((-0.0108273588) * X3) + ((-0.4932976067) + (1.0199426413 * X1))) - (((-0.2091097236) * X2) * ((-0.4168495238) * X3))) - (((((-0.2683559060) * X2) * ((-0.4168495238) * X3)) * ((-4.0078721046) * X2)) * (0.0504489578 * X1))) + (cos((0.7031811476 * X1)) - (((cos((0.5524904132 * X1)) + ((-0.1048386618) * X2)) + (0.5666742325 * X1)) * ((-0.1457766294) * X2)))) - sin((0.4565235972 * X1))) + sin(sin(((((-0.3716470301) + (0.5225673914 * X1)) - ((((-0.0728570819) * X3) + ((-0.1034898013) + (0.0881631598 * X1))) * ((-1.7724176645) * X2))) - (((-0.5630028248) * X3) * (0.3793217242 * X1))))))))
feynman_I_18_12,OperonRegressor,ok,3.0,0.9999999999999774,1.030811491657516e-06,70.0,70.0,79.3,,((-0.0000000195) + (0.9999998808 * ((((-0.3867644966) + 0.2365365773) - (0.0000000243 * X3)) - (((((-0.0000000013) * X1) + ((-0.0000000025) * X3)) - ((-0.0000000003) - (((((-0.7900127172) * X2) * (-0.1506100446)) - ((0.0000000066 * X3) + (-0.3056277037))) * cos((((-1.4438632727) * X3) + (-0.8897083998)))))) * (((0.0000000459 * X2) * (-2.2859108448)) - (((((-2.7549114227) * X3) - 0.8951751590) - ((-1.6460751295) * X1)) - ((((276.4389648438 * X3) * 38.1676635742) / (-6550280.5000000000)) - ((2.7533006668 * X3) - (-4.8203024864)))))))))
feynman_I_18_14,OperonRegressor,ok,4.0,0.99996075625567,0.1471964507157147,90.0,90.0,59.4,,((-0.0022898561) + (0.9994063377 * ((sin((0.0631679818 * X4)) + ((0.3857630193 * X3) + (((0.0102933934 * X3) * (0.6891852021 * X4)) + exp(((-0.0529723279) * X4))))) * (((0.0068298322 * X4) - ((((-0.4091625214) * X2) + (-1.0786374807)) + ((-0.0024307535) * X1))) * (((((sin(((-1.1062142849) * X4)) + cos(((-0.2221745253) * X4))) + (((0.0034888734 * X2) + 0.0662084594) + (0.0037553506 * X1))) + (0.0906131417 * X3)) - exp((0.0832081065 * X3))) * ((sin(((-0.0598288886) * X4)) + ((0.3789480925 * X1) + exp((0.0667679757 * X4)))) + ((0.0136130601 * X3) * ((-0.2585949004) * X4))))))))
feynman_I_18_4,OperonRegressor,ok,4.0,0.9999999628838908,0.0001818599636739,87.0,87.0,53.9,,(0.0000013749 + (0.9999998808 * (((((exp(exp((((-0.2491556257) * X1) + ((-0.2523413897) * X2)))) - ((-2.9361164570) + (0.2984678447 * X1))) + (0.1025275439 * X1)) - (0.2055459768 * X2)) * ((((9.6650552750 * X2) + ((-9.5867004395) * X1)) * (exp(exp((((-0.0367570855) * X1) + ((-0.0356151387) * X2)))) * ((((0.0008049309 * X4) + ((-0.0008875487) * X3)) - (0.0001013519 * X2)) - ((0.0000031899 * X1) + ((-0.0000985579) * X2))))) + (((0.0022169196 * X1) - ((-0.0024543696) * X2)) - ((-0.0018831517) + (0.0040322347 * X1))))) - (((-0.6176068187) * X4) + ((-0.6792026162) * X3)))))
feynman_I_24_6,OperonRegressor,ok,4.0,0.999865587563622,0.1757401096814902,90.0,90.0,58.1,,((-0.0000051677) + (exp((((((0.1995777786 * X4) - ((-0.2925578058) * X2)) + 1.4162013531) - ((-0.1429552734) * X1)) - exp(((-0.3188058734) * X4)))) + (((((0.0312385727 * X4) + ((-0.0536867455) * X1)) + (-0.2828563750)) - (0.0023331558 * X3)) * ((exp((((0.6324998140 * X4) - ((-0.3036552966) * X2)) + ((-0.5909630060) * X1))) - (((((-0.0272049420) * X3) - (0.0635150373 * X2)) + (0.3507319391 * X1)) + (-3.9488675594))) + ((exp((((-0.1569634378) * X4) + ((-0.6171019077) * X1))) - (1.3594095707 * X3)) * exp((((0.2841951251 * X4) - exp(((-0.3302300870) * X4))) + exp((0.1187414527 * X3)))))))))
feynman_I_25_13,OperonRegressor,ok,2.0,0.999999999999994,6.319288195746031e-08,23.0,23.0,43.7,,(0.0000000123 + (((1.1131590605 + ((-1.8362001181) * X1)) + (2.4355938435 * X2)) / ((((6.9108762741 * X2) / (-4.2569713593)) - ((-0.0000000186) * X1)) + (-3.8660049438))))
feynman_I_26_2,OperonRegressor,ok,2.0,0.9999729272869964,0.0019142063676842,77.0,77.0,51.6,,((-0.0000015122) + (0.9999982715 * ((((-0.0060841884) * X2) - 0.1128922477) - ((sin((((-1.1988331079) * X2) + 0.2786710560)) - (((((0.1751880497 * X2) + (-0.0416177325)) + sin(((0.1750881225 * X2) - 3.1831784248))) * (((-0.1241840124) + (0.4084933996 * X1)) + sin((0.1593822986 + ((-0.4124873281) * X1))))) * (((9.5116367340 + (10.6613235474 * X1)) * (24.3285884857 + (32.7110061646 * X1))) * ((1.4645075798 + ((-0.1557143778) * X1)) + sin(((3.3334813118 * X2) + 3.9146051407)))))) * ((((-0.0011982708) * X2) - 0.9468463063) + ((-0.5930546522) * X1))))))
feynman_I_27_6,OperonRegressor,ok,3.0,0.9999310906686631,0.0033885167450697,92.0,92.0,62.9,,(0.0000015919 + (1.0000097752 * (((exp(((0.3130962849 * X2) + ((-0.3418355286) * X3))) - (0.0952005684 * X3)) - ((-0.1151950061) * X1)) - (((((((-4.6985101700) * X2) + (4.1723780632 * X3)) * exp(exp(((-0.4149884582) * X3)))) - (exp(((-0.7128058076) * X1)) * ((0.9782927036 * X2) - exp(((0.6270589828 * X2) + ((-1.5428833961) * X3)))))) * (((-0.0073645003) * X2) - ((-0.0226008855) - (0.0050769555 * X1)))) - ((((-0.2134928405) * X3) + ((exp(((-1.0520005226) * X1)) * (((-0.0473922230) * X2) - (0.0965397134 - (0.0041363533 * X3)))) + ((-0.9551166296) - (0.0506301560 * X1)))) / exp((0.3388833702 * X3)))))))
feynman_I_29_16,OperonRegressor,ok,4.0,0.9954025751452472,0.1317002202843523,91.0,92.0,51.3,,((-0.0000239784) + (1.0000085831 * ((((((-2.0727350712) + (0.9111294746 * X1)) - ((0.2283784151 * X2) - ((-0.0351944380) * X3))) + (0.0398396216 * X4)) + (((((0.2184827626 * X2) + (1.4433935881 + ((-0.2174842656) * X1))) - (((((-0.1717125624) * X2) - (0.0114453202 * X4)) + (0.4338557422 + (0.1500057578 * X1))) * cos(((1.2303712368 * X4) - (1.2383797169 * X3))))) ^ 2) + ((((-0.5825616121) * X2) - (0.0407138690 * X3)) * cos((((-1.1939076185) * X3) + (1.2177067995 * X4)))))) + (((0.0181111097 * X4) + ((-0.2600330710) + ((-0.0904826820) * X1))) * cos(((2.6999828815 * X4) - (2.7393658161 * X3)))))))
feynman_I_29_4,OperonRegressor,ok,2.0,0.9999999757220692,0.0002223967783256,74.0,76.0,41.7,,(0.0000299143 + (0.9999834299 * ((((((cos(4.6950731277) * 1.2337684631) + (-1.0254446268)) - ((exp(exp(((-0.5594411492) * X2))) + sqrt(((0.0000554617 * X1) ^ 2))) * (((-0.1025010347) * X1) + (0.1167314202 * X2)))) + (0.0048897015 * X2)) - ((-0.6936464906) + ((-0.0231400896) * X1))) - (((exp(((exp(((-1.9744485617) * X2)) * ((-0.0436870679) * X2)) + ((-0.3810696900) * X2))) * ((0.0006186930 - (0.1363566518 * X1)) - ((-0.1557439864) * X2))) - ((-0.0275276043) * X1)) - sqrt(((0.0000051245 * X1) ^ 2))))))
feynman_I_30_3,OperonRegressor,ok,3.0,-0.4758753209414621,2.4039918589712244,88.0,95.0,61.0,,((-0.0190102048) + (0.9971196651 * (((((((((0.6220784187 * X2) - ((-0.0482307896) * X3)) ^ 2) ^ 2) ^ 2) - (((1.1509360075 + ((-0.6217768192) * X1)) + (0.2035812438 * X3)) - (((((-0.6921340823) * X3) ^ 2) + (-0.9353004098)) ^ 2))) + (exp(((((2.1363699436 * X2) - ((-0.8692603111) * X3)) + (((-1.4983129501) * X2) ^ 2)) - (7.8549518585 + ((-1.5386101007) * X1)))) - cos((((((-1.5424585342) * X2) ^ 2) + (1.9796926975 * X2)) - (2.0645627975 * X3))))) - ((0.0059598107 * X2) - ((-0.5487551689) * X2))) * (((0.5379492640 + (0.0107739232 * X1)) + ((-0.2873809338) * X2)) + ((-0.0305504724) * X3)))))
feynman_I_30_5,OperonRegressor,ok,3.0,0.9999578935668852,0.001047566418505,82.0,84.0,54.6,,(0.0000011126 + (0.9999877810 * (exp(((((exp(((-0.3685729206) * X3)) - (0.0526381917 * X1)) + ((-0.8595781922) - ((0.2207760364 * X2) - 1.0789701939))) - 0.1604854465) - exp(((-0.2095314860) * X1)))) + ((exp((((0.3462411463 ^ 2) * sqrt(exp(((-2.9978623390) * X3)))) + (((((-0.4032593369) * X2) ^ 2) - ((0.3914782703 * X2) - (-2.1146397591))) - ((0.2894896865 * X3) - (0.3406970501 * X1))))) - ((((-1.0448127985) * X2) - cos((0.8730568290 * X2))) * ((0.0046708141 * X3) - (((-0.0210640877) * X2) - 0.0236915331)))) - ((0.0450794809 * X2) - (-1.5684874058))))))
feynman_I_32_17,OperonRegressor,ok,6.0,0.984849593696997,0.5292129510532401,90.0,91.0,42.4,,((-0.0000692178) + (1.0000189543 * (((exp((0.0492019355 * X2)) + ((-0.0567833818) * X1)) - (((((exp(((-0.0848839507) * X6)) - ((-0.0905085728) * X4)) * (exp(((-0.1088384092) * X6)) + (0.2518029809 * X5))) + (0.1131144390 * X3)) * exp((0.0851119310 * X2))) - 0.2813800275)) * ((((((exp(((-0.5007609725) * X5)) + exp(((-0.8479343653) * X6))) * (((0.3950103223 * X6) - (0.1508822888 * X4)) + ((-0.1280896515) * X1))) + (-0.3903546929)) * exp((0.8802648187 * X5))) / exp(exp(((-0.1426953971) * X3)))) - (((exp((0.1170865223 * X5)) + (0.1455418319 * X3)) ^ 2) + ((-0.1406015754) * X3))))))
feynman_I_32_5,OperonRegressor,ok,4.0,0.9923278106512096,0.0867099741135947,94.0,94.0,50.8,,((-0.0000417610) + (1.0000056028 * ((exp((exp((exp(((-0.2642204762) * X4)) - (0.0867934227 * X3))) * exp((0.0664176047 * X2)))) + ((((2.3091933727 * X1) + 0.5673355460) + (0.7625724077 * X4)) * (exp((exp(((-0.6188952923) * X4)) - ((((-0.2101773769) * X1) + (0.3573091030 * X3)) - ((-0.2970060408) * X4)))) * exp((0.2492680401 * X2))))) * (((((2.9171764851 * X1) + ((-2.4392802715) * X3)) * ((((-0.0009378508) * X1) + ((-0.0003079617) * X3)) - ((-0.0011331192) * X4))) - ((-0.0090567172) * X2)) + ((((-8.9567785263) * X4) + ((8.9374017715 * X4) + (-0.0209136400))) + ((0.0135054560 * X1) + ((-0.0078216298) * X3)))))))
feynman_I_34_1,OperonRegressor,ok,3.0,0.9999999966893354,0.0001069778836326,86.0,88.0,55.4,,((-0.0000000505) + (1.0000002384 * ((((1.1689622402 * (0.0158961769 * X3)) - ((((-0.1320774257) * X3) - (3.2841174603 * X2)) - (0.0104470253 ^ 2))) - ((-0.0000070413) * X1)) + ((((1.3095244169 * (0.1489211321 * X3)) - (((((-0.0000045720) * X3) - ((-0.1016059071) * X2)) * ((((-0.3670052588) * X3) - ((-0.0004695784) * X2)) + (-0.9446487427))) - (0.7089155912 ^ 2))) / (exp((((0.0000285619 * X3) - ((-0.0381043553) * X2)) * (((0.0015445134 * X3) - (0.0461308286 * X2)) + (-1.5261163712)))) - ((-0.3939884901) * X1))) - (((-8.6625003815) + ((6.7740659714 * X3) - (45.1975746155 * X2))) / (-13.7626123428))))))
feynman_I_34_14,OperonRegressor,ok,3.0,0.9999999449599936,0.000305517873632,86.0,86.0,54.9,,((-0.0000060093) + (0.9999997020 * (((exp(exp(((-0.2320999205) * X1))) * ((0.0783747509 - ((exp((0.0004934478 * X1)) + ((-0.0033286677) * X3)) * (((-0.0004999023) * X3) - ((-2.3279476166) * X2)))) - (((((-0.0098871673) * X3) - (-0.0273890533)) - (0.0075497795 * X1)) - (2.3428978920 * X2)))) / exp((0.0341024324 * X1))) + (exp(((-0.0432723314) * X2)) + ((-2.0187821388) - (exp(exp(((-0.0207766276) * X2))) + (((exp((0.0749299526 * X2)) * (((-0.1677313447) * X3) - 0.4499116540)) / (exp(((-0.0587037764) * X2)) - ((-0.3527422845) * X1))) - ((0.7557097077 * X3) - (-3.0675354004)))))))))
feynman_I_34_27,OperonRegressor,ok,2.0,0.9999999999999962,5.480771095483945e-08,23.0,23.0,26.7,,(0.0000000215 + (((((0.2260771096 * X2) + ((-0.3406458795) * X2)) * ((-2.2439880371) * X1)) + (0.7166887522 * X2)) - (0.0009246984 + ((-0.6529503465) * X1))))
feynman_I_34_8,OperonRegressor,ok,4.0,0.9999999766052016,0.0018200868271718,84.0,84.0,55.8,,((-0.0000132510) + (0.9999768138 * (((2.4463617802 + ((0.0000049238 * X2) + (0.0000708335 * X3))) / (-2.4898674488)) - (((0.0052141948 * X1) + ((((-0.5805729628) + ((((-5.3688440323) * X3) * ((-0.0003820924) * X1)) + (0.0051086331 * X3))) - (((-0.0000011622) * X2) + 0.7257039547)) + (((-0.0000008355) * X2) + 1.3192623854))) * ((exp(exp(((-0.3923739493) * X4))) * (((-5.3390173912) * X2) + (-13.2647333145))) - ((exp((exp(((-0.6705772877) * X4)) - (0.0814232752 * X4))) * ((0.5730560422 * X2) + 1.4235429764)) - (exp(((-0.2556526959) * X4)) * (((-7.9922776222) * X2) + (-19.8880214691)))))))))
feynman_I_37_4,OperonRegressor,ok,3.0,0.9999563665517842,0.0207407626273022,90.0,90.0,57.3,,(0.0000004854 + (1.0000052452 * (((cos(((exp(((-0.1008829549) * X1)) + (0.3384210765 * X2)) - (-3.7020769119))) - ((-1.0389919281) + (((-0.4979435205) * X1) + ((-0.0822890028) * X2)))) * exp(((-0.0171433240) * X3))) + (((((exp(((-0.3144714236) * X1)) + (0.1587578058 * X2)) + (-3.0887987614)) * ((0.0481220819 * X3) + (exp((0.0383471921 * X1)) + (0.2848773897 * X2)))) * cos((1.0975463390 * X3))) + (((exp((0.1261009872 * X1)) + ((-0.1251068264) * X2)) * ((-0.0343238264) * X3)) * (((exp((1.3835254908 * X3)) + (1.0680643320 * X2)) * cos((0.6289414167 * X3))) + ((-1.1073750257) * X3)))))))
feynman_I_38_12,OperonRegressor,ok,4.0,0.9988667901502242,0.0413606637793291,85.0,87.0,59.2,,(0.0000033281 + (1.0000038147 * (exp(((exp(((0.1764011979 * X1) + (((-0.0291454755) * X4) + ((-0.4577514827) * X2)))) ^ 2) - (((exp((((-0.4324802160) * X4) + ((-0.0609217063) * X1))) + ((-0.6268004179) * X3)) - ((-5.0706982613) - (2.4468116760 * X1))) - ((-0.3592043519) * X2)))) + (exp(((((((-0.0946295187) * X1) + ((0.3407709301 * X2) - (-1.8796299696))) ^ 2) - (exp((((-0.2374078929) * X4) + 1.1588145494)) - ((-2.0918266773) * X2))) - (exp(((((-0.0047310791) * X2) - (-0.5735639334)) + ((-0.4299935102) * X3))) - ((-0.3021818101) * X4)))) + ((0.0093127219 * X3) - 0.5349770188)))))
feynman_I_39_1,OperonRegressor,ok,2.0,0.9999999999999968,4.854375419679776e-07,23.0,23.0,28.7,,(0.0000000091 + (((((0.2260771096 * X2) + ((-0.3517355025) * X2)) * ((-2.2439880371) * X1)) + (0.7508054972 * X2)) - ((-0.0340506807) + ((-0.7293964028) * X1))))
feynman_I_39_11,OperonRegressor,ok,3.0,0.9999999148694912,0.0009538061939821,89.0,89.0,47.3,,((-0.0000001200) + (0.9999998808 * (((((-1.0737978220) * X3) - (0.6945113540 * X2)) - (((exp(sin(((11.2265214920 * X2) + (1.4452470541 * X1)))) + ((-223.4133758545) * X1)) / 6902.7553710938) - ((((-1.9988325834) * X2) - (1.2357723713 * X1)) - ((((((-0.2930667698) * X3) * ((-1.3984063864) * X2)) + ((-0.0526139922) * X2)) + ((-1.5500129461) * X2)) - (0.4032527506 - ((-2.2358636856) * X1)))))) * ((((-0.7520689368) * X3) + (0.7518126369 * X3)) - (exp((((((-0.4092113376) * X1) + (-0.8382116556)) * exp(((0.0000177597 * X2) + ((-0.4130454957) * X1)))) - (0.0005640126 * X3))) - (0.1097170636 * X1))))))
feynman_I_39_22,OperonRegressor,ok,4.0,0.9999697440278906,0.0521204352121598,88.0,89.0,55.7,,(0.0008803766 + (1.0007404089 * ((((((exp(((0.3987147212 * X1) + ((-2.7680726051) * X3))) * ((0.0029183396 + (0.0000212895 * X1)) + (0.0011453129 * X4))) * (cos(((-0.3254610300) * X1)) + (0.3665595055 * X2))) + (-1.1113971472)) - (0.0009286851 * X3)) * cos(((-0.0406531654) * X1))) - (((exp((0.0003579764 * X2)) + (0.3940859735 * X4)) * ((((-0.0684169009) + (((-0.0149834473) * X1) + (0.0076461448 * X3))) + exp((((-0.0179984160) * X1) + ((-0.6313909888) * X3)))) - (exp((0.0126809245 + ((-0.3195888698) * X3))) ^ 2))) * ((10.2799663544 + (0.0143235903 * X1)) + (3.8359227180 * X2))))))
feynman_I_40_1,OperonRegressor,ok,6.0,0.9466859169051208,0.1318086642629229,94.0,95.0,53.8,,((-0.0003460287) + (0.9999635220 * (exp(((((0.1018018275 * X5) - ((-0.1704200953) * X1)) + ((-0.0670690387) * X2)) - (exp(((-0.0066297883) * X6)) + (0.3057236075 * X3)))) * (((((2.1559486389 - (0.5530127883 * X5)) + ((((0.2849534452 * X4) - ((-0.1150036380) * X1)) + (((-0.2504203022) * X2) + ((-0.1695760638) * X6))) - (exp(((-0.4628879428) * X6)) + (0.2338764817 * X3)))) ^ 2) + (exp(((((0.2954683900 * X4) - ((-0.4234291315) * X6)) + ((-1.9022036791) * X2)) - ((3.0727760792 + ((-0.2650761306) * X1)) + ((-0.3735901415) * X3)))) + ((-2.5248255730) + (0.2151932269 * X1)))) - ((0.5814347267 * X3) + ((-0.4732553363) * X5))))))
feynman_I_41_16,OperonRegressor,ok,5.0,0.9999179554048876,0.0247496289187995,90.0,90.0,51.3,,((-0.0000048100) + (0.9999951124 * (((((-0.6127966642) + exp(((-0.1565483361) * X1))) - (exp(((-0.3362826407) * X1)) - (((-0.0170871206) + ((-0.0071663749) * X1)) * exp(((-1.5488625765) * X5))))) + ((((exp(((-0.0286586173) * X3)) + (0.3563142121 * X2)) - (0.0296176989 * X1)) * (exp(exp(((-0.6771142483) * X5))) + ((-0.2463548034) * X5))) * (((0.0478149019 * X4) + ((exp((0.0848915651 * X3)) - (0.1104461178 * X3)) * (0.1169899628 + ((-0.0026501273) * X1)))) * (exp((0.0215121787 * X3)) + (0.4469547570 * X1))))) * (((0.0027854471 * X3) + (0.4947688878 * X1)) + exp(((-0.1939630359) * X1))))))
feynman_I_43_16,OperonRegressor,ok,4.0,0.9999573563914912,0.0791564084401094,90.0,90.0,52.3,,(0.0000003715 + (0.9999932051 * ((exp(((exp(exp(((-0.2462351918) * X3))) * (0.1574454159 * X3)) + (exp((exp(((-0.2829047740) * X2)) - (((-0.0568359904) * X2) + (0.0936804190 * X4)))) * (((0.1564189643 * X2) + ((-0.0705208629) * X4)) - (-0.0314678624))))) * (((0.1688307226 * X3) + (exp(((-0.1962262988) * X3)) + (0.1716389209 * X1))) + (exp((exp(((-0.4539682567) * X4)) - (((0.2427873611 * X3) + ((-0.0365168378) * X4)) - exp((0.2109899372 * X3))))) * (((-0.0192179121) + ((-0.0295817498) * X4)) - ((-0.0215053018) * X1))))) + ((0.0108187953 * X3) + ((0.0082563916 * X1) + (-1.0954802036))))))
feynman_I_43_31,OperonRegressor,ok,3.0,0.9999999951140212,0.0014588361906649,96.0,96.0,49.4,,((-0.0000405013) + (1.0000281334 * (((2.0413055420 * X2) - (((((-1.0271320343) * X3) - ((-1.0967205763) * X3)) * ((((-1.0906620026) * X2) * ((1.1808636189 * X1) + (((-0.0000071805) * X3) - ((-0.0000012181) * X2)))) - ((2.0910563469 * X1) + ((3.3852832317 * X2) - (((-1.5004932880) * X1) + (0.0336380191 * X3)))))) - ((0.1074329615 * X1) + 0.0506473109))) + ((((0.0193695705 * X2) - (sin((((-0.0431441441) * X3) + ((-0.0078262370) * X1))) - ((((-2.4840810299) * X2) * ((-0.0912569538) * X1)) + (((-1.4836655855) * X2) - ((-0.5159045458) * X1))))) + (0.5979496837 * X3)) / exp(sin((((-0.0036961550) * X3) + (0.0000000050 * X1))))))))
feynman_I_43_43,OperonRegressor,ok,4.0,0.9995413068469952,0.0354555960375272,90.0,90.0,49.8,,((-0.0000002351) + (0.9999998808 * ((((((((-0.0592059940) * X3) - ((-6.5406694412) + (1.1420928240 * X1))) + exp(((0.0493126623 * X2) + ((-1.3293336630) * X1)))) / exp((exp(((-0.3940717876) * X2)) - ((0.1837194264 * X4) - 1.3898255825)))) * (exp((exp((((-0.3011749089) * X4) + ((-0.5671526790) * X3))) * ((0.2127123475 * X4) + ((-0.2362910658) * X3)))) - (0.1584371179 * X3))) + ((0.0090602394 * X3) - ((-0.0109396093) * X1))) - (((0.0277539864 + ((-0.0047979513) * X1)) * exp((exp((((-0.4572830200) * X4) + (0.0593449064 * X2))) * ((1.7690527439 * X4) + ((-1.1614761353) * X3))))) + 1.0049395561))))
feynman_I_44_4,OperonRegressor,ok,5.0,0.9994534461374488,0.6295961209940836,92.0,94.0,49.0,,(0.0013370656 + (0.9999827147 * (((((0.0042660562 * X4) - (0.3592689931 * X2)) - (((0.0691806227 * X3) ^ 2) + (0.0558212437 * X3))) - cos((((1.0600826740 - ((-0.3463743925) * X2)) - ((-0.0075717880) * X1)) - (0.1562710106 * X3)))) * (((((1.0318865776 * X4) - 1.0676275492) - cos(((2.8386223316 - ((-0.1458102018) * X2)) - (((-0.1056328341) * X1) - (0.0882719457 * X3))))) + ((-0.9945777655) * X5)) * exp(((((-0.1992958188) * X4) - ((-0.2319564819) * X2)) - ((exp(((-0.4126470089) * X1)) - exp(((-0.2288462520) * X5))) - (((((-0.1973798573) * X4) - ((-0.0351626836) * X2)) ^ 2) + (0.0304306820 * X5)))))))))
feynman_I_47_23,OperonRegressor,ok,3.0,0.99997245380239,0.0030264459660805,88.0,88.0,58.5,,((-0.0000001417) + (1.0000001192 * (((((((((0.2936895788 * X2) + 1.5676333904) - ((-0.0116209500) * X1)) * exp(((-0.2391861826) * X3))) + (0.1020190120 * X1)) * ((0.3097524643 * X1) + exp(((-0.0162791852) * X2)))) - (((0.5286831856 * X1) - (-2.7422659397)) + ((-0.0377445519) * X3))) / sqrt(((0.3003021181 * X1) + exp((0.0049595917 * X2))))) + (((((((-0.2859575152) * X3) + 11.9095726013) - ((-3.7232737541) * X1)) * ((0.0122883050 * X2) + 0.0334028527)) * exp(exp(((-0.1921766102) * X2)))) * exp(((exp(((-0.7715653181) * X3)) - (0.1019332707 * X1)) - exp(((-0.6583358645) * X3))))))))
feynman_I_48_2,OperonRegressor,ok,3.0,0.9999998358297564,0.0303504964086247,85.0,89.0,53.6,,((-0.0000007411) + (1.0000575781 * (((((((-0.0000144785) * X1) + (((((-0.0766180232) * X3) ^ 2) ^ 2) - (((0.0006852349 * X2) + (-0.0037282691)) + (0.0002084503 * X3)))) * (((8.8021612167 + (4.1710515022 * X1)) + (sin((1.0132359266 * X3)) + ((-1.5467681885) * X3))) * exp((0.5682958364 * X2)))) + (0.0106509710 * X3)) - ((((-0.0022121374) * X2) + 0.1418195367) - ((((7.8985009193 * X1) - ((-0.0269480236) * X2)) - ((-19.7578678131) + ((((-0.0123092402) * X3) ^ 2) + ((-0.0295968745) * X3)))) * ((((-0.0755020678) * X3) ^ 2) + (0.0385818034 * X3))))) + (0.5124888420 * X1))))
feynman_I_50_26,OperonRegressor,ok,4.0,0.9394283911588248,0.509487557020581,88.0,90.0,55.2,,(0.0004223059 + (1.0008405447 * ((((((0.3422276080 * X1) + 0.8289402723) + (0.3031329811 * X3)) * (cos(((((-1.5554882288) * X2) + 1.8749661446) + ((-1.0186969042) * X3))) ^ 2)) - (((0.3594525754 * X2) - ((-0.1779937297) * X1)) - ((((-0.0499864370) * X4) + (-1.9524722099)) + ((-0.4234451950) * X3)))) + exp((((exp(((-0.1479415148) * X4)) + (0.1392104328 * X1)) - exp((((-0.4430664182) * X2) + (((-0.4418189526) * X3) + ((-0.3649075031) * X4))))) - (((((-0.1311464310) * X4) + (-0.6757260561)) - (0.2146384418 * X2)) * (cos(((((-1.0811411142) * X2) + 1.9462127686) + ((-1.3831360340) * X3))) ^ 2)))))))
feynman_I_6_2,OperonRegressor,ok,2.0,0.999984053270855,0.0001819059642532,88.0,89.0,51.2,,(0.0000048534 + (1.0000003576 * ((sin((sin((((1.1427149773 * X1) - ((-0.3062182963) * X2)) - ((0.4289820194 * X1) - (((-0.7822690010) * X2) - (-1.1637656689))))) * (cos(sin(cos((0.5639790893 * X1)))) + (0.1089104190 * X2)))) * ((exp(((-0.4956940114) * X1)) * (cos((0.3288303018 * X1)) - ((0.2477210611 * X2) - (-0.2344506830)))) ^ 2)) - ((((((((-1.1776984930) * X1) + (1.0279351473 * X2)) + cos(cos((0.6383154392 * X1)))) * (cos((0.3238669634 * X1)) + ((-0.0453961231) * X2))) * ((-0.1666839719) * X1)) + (0.5853080750 * X2)) - ((-0.1071997285) + (0.1417134404 * X1))))))
feynman_I_6_2a,OperonRegressor,ok,1.0,0.999999973822644,1.11864323772442e-05,24.0,27.0,33.4,,((-0.0000000389) + (0.9999998808 * (((((-1.2759068012) + (0.3679861426 * X1)) ^ 2) - exp((0.0039671855 * X1))) - (sin((((-1.2447943687) + (0.2124445587 * X1)) ^ 2)) ^ 2))))
feynman_I_6_2b,OperonRegressor,ok,3.0,0.9999216221674933,0.0005244278716435,88.0,88.0,53.9,,((-0.0000039685) + (1.0000017881 * ((((exp(cos(((0.4102877080 * X2) + ((-0.4406579137) * X3)))) - ((((-0.0425825231) * X2) + (0.0377866626 * X3)) - (0.8310291171 * X1))) * ((exp((((-0.4071087241) * X1) + ((-0.0174241122) * X3))) + exp(((-2.2470505238) + ((-1.7386462688) * X1)))) - (cos(((0.1493422389 * X2) + ((-0.1498588324) * X3))) - (1.1196298599 + (0.1066658124 * X1))))) + ((-3.2004263401) + ((-0.6962519288) * X1))) - (cos(sin(((0.4673267901 * X2) + ((-0.5199401379) * X3)))) - (exp(exp(((-35.4796371460) + ((-18.2820568085) * X1)))) + (((-0.0257593095) * X2) + (0.0594832748 * X3)))))))
feynman_I_8_14,OperonRegressor,ok,4.0,0.9915792108276038,0.0945139071525382,88.0,92.0,52.8,,(0.0000375790 + (1.0002506971 * (((cos((sin(((((-0.0258795749) * X1) - ((-0.8214005828) * X3)) + ((-0.8785397410) * X4))) + (((-0.0609259941) - ((-0.7157774568) * X3)) + ((-0.6460306048) * X4)))) + (1.5673695803 - (((-0.0485804901) * X2) - ((-0.0502332523) * X1)))) * ((sin(sin((((-0.5886329412) * X2) + (0.6197513342 * X1)))) ^ 2) - ((0.7211796641 - (0.0034707063 * X4)) + ((0.0076324642 * X2) + ((-0.0081950128) * X1))))) + (((((-0.0116890753) - ((-0.4688510597) * X3)) + ((-0.4711756706) * X4)) ^ 2) + (((sin((((-0.1364655942) * X2) + (0.4349457622 * X1))) + ((-0.2148362845) * X2)) ^ 2) ^ 2)))))
feynman_I_9_18,OperonRegressor,ok,9.0,0.9900724892980238,0.0108023574227514,96.0,96.0,58.7,,(0.0000048105 + (1.0000035763 * ((((0.0880685449 * X3) - (((-0.1126500517) * X2) + (((-0.2261301428) * X1) + 1.0181703568))) - ((0.0441775993 * X4) + ((((exp(((-0.6963582039) * X2)) - (((-0.1200037301) * X9) + ((-0.8896843791) * X6))) + (((-0.8878024220) * X3) + ((-0.5039889812) * X5))) - (((-0.5710912347) * X4) + ((0.8682349324 * X7) + 4.8087420464))) * (((0.2542961538 + (0.0183126722 * X9)) + ((0.0640731603 * X1) + sin(((-0.0140645318) * X4)))) * (((0.1260536462 * X5) + exp((0.1795701981 * X2))) + ((((-0.2305487096) * X8) + (0.1639622152 * X9)) - ((-0.1480138004) * X3))))))) + (((-0.0365077183) * X8) + (0.0385649949 * X9)))))
feynman_test_1,OperonRegressor,ok,7.0,0.952794135090004,2.087709216230104,93.0,93.0,54.7,,((-0.0007477048) + (1.0000375509 * ((((exp((0.2782109082 * X1)) + ((0.5371773839 * X3) + exp((0.5926124454 * X6)))) + exp((1.1055654287 * X7))) * exp((((((0.2005780041 * X4) + ((0.1371498257 * X5) + ((-0.7690340877) * X7))) + (0.1523198187 * X2)) / exp((0.1578859240 * X6))) + ((-0.5487098694) * X6)))) * ((((exp((((-0.1372769028) * X3) + ((-0.3225320876) * X7))) - ((-0.0918023661) * X6)) * ((0.0460028537 * X3) + ((-0.0884071440) * X7))) + ((exp(((-0.0811891481) * X6)) + ((0.0455449261 * X2) + ((0.0498346612 * X4) + (0.0463730767 * X5)))) * exp((0.0444735587 * X1)))) - 1.1355891228))))
feynman_test_10,OperonRegressor,ok,3.0,0.9999988602445709,0.0005544697934408,92.0,92.0,58.0,,((-0.0000298764) + (1.0000039339 * ((((((-0.0043517263) * X1) + (1.1568636894 * X3)) - 0.2698404491) - ((-0.0772573799) * X2)) - (((((-1.4873832464) * X3) + ((0.2595337629 * X1) - (2.9332354069 * X2))) - (10.6939744949 - exp(((0.5978282690 * X3) + ((-1.1767808199) - (0.6500023007 * X2)))))) * (((((((0.8375644088 * X1) + ((-2.8932261467) * X3)) - (0.6989279985 * X2)) * (((-0.0768199712) * X1) + (1.3186868429 * X3))) + (exp((((-0.5748451948) * X1) - ((-0.3922488391) * X2))) - (((-1.1780531406) * X3) - 21.0448246002))) / (exp(((0.1653605253 * X1) + (0.3946053386 * X3))) / 0.0015320323)) - (0.0160312727 * X3))))))
feynman_test_11,OperonRegressor,ok,4.0,0.9988503905207518,0.0467545855899366,100.0,100.0,49.6,,((-0.0000855078) + (1.0000083447 * (((0.5039769411 * X1) - ((0.0387948267 * X2) + ((-0.0477904566) * X4))) - ((((1.1152747869 * X2) - ((((((-0.0044351635) * X2) + (0.0014056945 * X3)) + (0.0173140392 * X4)) - (((7.4646120071 * X2) + ((-1.8672674894) * X4)) * ((0.0001132409 * X2) + (0.0003117843 * X4)))) * (((5.4830160141 * X2) + ((-9.7611923218) * X4)) + ((-67.6072082520) * X3)))) + ((exp((((-0.2503682971) * X2) + ((-0.5931956768) * X4))) + (0.6004018188 * X4)) - (((-1.6856510639) * X3) - (-1.3395768404)))) / (exp(exp(((-0.3366728723) * X1))) - (((((-0.0047554574) * X2) + (0.0151999304 * X3)) + (0.0201193951 * X4)) * ((-9.9340744019) * X3)))))))
feynman_test_12,OperonRegressor,ok,5.0,0.9999650158201392,0.0937899454660443,92.0,92.0,61.9,,(0.0000005227 + (1.0000010729 * ((((1.6253229380 + ((0.0228701532 * X2) + (0.5835787654 * X1))) + ((-0.0780733973) * X3)) * exp(((0.0806692392 * X3) - (exp(((-0.1295358986) + (((-0.1593839526) * X4) - ((-0.1482516825) * X2)))) + (0.4994370937 * X2))))) + ((((((((-0.1020785645) * X2) + ((-0.0049938136) * X1)) + ((0.0048339372 * X4) + (0.1234523281 * X3))) / exp(((1.1258267164 * X2) + ((-0.0833513141) * X1)))) + (0.6073747277 * X3)) * exp((((0.1126727909 * X4) - (0.2959217727 * X2)) - exp(((-0.1460319757) + ((0.0602688566 * X2) + ((-0.3693102300) * X1))))))) + ((-0.9137293696) + (0.0603900850 * X1))))))
feynman_test_13,OperonRegressor,ok,5.0,0.9987942428333684,0.0006287813669851,87.0,89.0,51.6,,(0.0000022260 + (1.0000038147 * (((((-0.0053661885) * X3) + (-1.2205345631)) - ((-0.0363701470) * X1)) + ((((0.0504755154 * X3) + 3.6106450558) + (((7.6046428680 * X2) + (((0.4887217581 * X5) + (-9.2381229401)) - (2.4216849804 * X3))) * (((((-0.2346856743) * X4) ^ 2) + (((0.0022310053 * X1) - 0.1236949563) + (0.0105191898 * X2))) - (0.0099114487 * X4)))) * exp((((((((-0.6415416598) * X4) ^ 2) - (0.1572723836 * X3)) - (0.0778295994 * X4)) - (exp(((-0.3881565928) * X1)) - ((-0.2551864088) * X5))) + (exp(((-2.1932234764) - (1.1261819601 * X5))) - exp(((-0.1175870001) * X2)))))))))
feynman_test_14,OperonRegressor,ok,5.0,-305868052.26937306,233206.32746373143,86.0,90.0,44.2,,((-0.0037934242) + (1.0002768040 * (((((((((2.2587480545 * X2) ^ 2) / exp((0.2571698725 * X3))) - (((2.5330810547 * X2) ^ 2) - (-8.7812156677))) + ((0.8992864490 * X1) ^ 2)) - (exp((0.3406056762 * X4)) / (-0.1309193671))) * ((((exp(((-0.3023304939) * X3)) ^ 2) / (0.1907507479 * X2)) * ((0.0016137556 * X3) * (((3.9415352345 * X3) - (-0.2499684989)) + ((-0.7872511744) * X1)))) * ((((((-0.0772796571) * X3) * (0.8620913029 * X4)) - exp((0.8041818738 * X1))) + exp(((-0.1608720720) * X3))) + (0.5873206854 * X1)))) / ((-3.0399744511) * X2)) / (0.4369369447 * X4))))
feynman_test_15,OperonRegressor,ok,4.0,0.999355852360298,0.0355946520272989,86.0,86.0,55.4,,((-0.0000225641) + (1.0001996756 * (((((0.0134187452 * X4) + (0.8663372993 * X3)) - cos((sin((1.9241787195 * X4)) * ((-0.4700195789) + ((-0.1196400449) * X3))))) + (((exp((0.0341648608 * X4)) + ((-0.5766065121) + (0.1267610192 * X2))) + (0.0227950551 * X3)) * (((sin((0.1413336098 * X3)) + cos((((-0.1190181077) * X1) + ((-0.3119771183) * X3)))) * ((exp(((-0.7532386184) * X1)) + ((0.2663851082 * X1) + (0.2217365801 * X3))) + (0.0933640450 + (0.0902879089 * X4)))) * cos((sin(sin(((-0.9399560690) * X4))) / ((-0.3840732872) + ((-0.0154386004) * X4))))))) - (-0.9216652513))))
feynman_test_16,OperonRegressor,ok,6.0,0.9982453218893648,1.0229029516001336,98.0,98.0,72.7,,(0.0000019375 + (0.9999841452 * (((((exp(((0.3297272027 * X2) + ((-0.2773820460) * X5))) - (((-0.0363542289) * X3) - (-3.9562933445))) + ((-0.2413189113) * X1)) + (exp((0.3787542582 * X2)) * (((-0.1546950936) * X4) - ((-0.8619593978) * X1)))) - (((2.4784309864 * X3) - (6.1941494942 * X1)) * ((0.0031965785 * X6) - ((-0.0057748887) * X5)))) + (exp(((0.2561796606 * X4) - (0.1563346833 * X1))) * (((0.4149649739 * X2) + ((-0.2382893860) * X4)) - ((((0.0940253288 * X3) - 2.7580878735) - (((0.1302884966 * X6) + (0.4941366613 * X5)) + ((((-0.5391511917) * X2) + ((-1.1555161476) * X5)) * ((-0.1184493899) * X2)))) + ((-0.1300559342) * X1)))))))
feynman_test_17,OperonRegressor,ok,6.0,0.9881769250102244,154.97713003065044,98.0,98.0,65.1,,((-0.0000306210) + (0.9999912381 * (((exp(exp(((0.0558680221 * X5) - (0.1079605445 * X4)))) + (((-0.3456062078) * X2) + ((-1.0151891708) - ((0.0086393915 * X3) - (0.2756632864 * X4))))) * (exp(((0.9019930959 * X2) + (((0.8129433393 * X5) - ((0.3514404297 * X4) - (0.0880006626 * X6))) + (0.3861947656 * X1)))) - (0.0634435639 * X5))) - ((exp(((0.0760468468 * X2) - (((0.0456366017 * X4) - (0.0303573869 * X6)) + ((-0.2917999625) * X1)))) - (((0.0471169092 * X5) - ((-0.0125663122) * X3)) - exp(((0.7588689327 * X2) + (((1.0263900757 * X5) - (0.4297100604 * X4)) + (0.4124382436 * X1)))))) - (0.2287354469 * X1)))))
feynman_test_18,OperonRegressor,ok,5.0,0.9675268321533488,0.1415847296690453,92.0,93.0,73.7,,(0.0000005750 + (1.0000956059 * ((exp(((-0.1288443953) * X5)) + (((exp((0.5003953576 * X1)) + (-5.3469653130)) - (((0.2145027369 * X4) - (0.1374699175 * X3)) - (0.1265183836 * X5))) + cos((((-0.7201002836) * X1) - (((-0.1208363101) * X4) - ((-0.0788248330) * X3)))))) - (exp((((exp(((-0.4272491038) * X1)) - ((-0.0717958510) * X1)) + (((0.3968807757 * X4) - ((0.2619203329 * X1) ^ 2)) - (0.0217579827 * X5))) + ((exp((0.0576044880 * X5)) + (((-0.2438615412) * X4) - (0.0331829339 * X2))) / ((exp(((-0.2297343165) * X5)) - ((-0.5726245642) * X3)) + exp(((-0.1913122237) * X2)))))) * (-0.4355975688)))))
feynman_test_19,OperonRegressor,ok,6.0,0.97281738650532,3.3426958032176866,96.0,97.0,75.3,,(0.0000001713 + (1.0000003576 * (((((0.1225034446 * X3) - ((((-0.1132952943) * X5) + (0.0257345568 * X2)) - (((-0.0473851785) * X6) - ((-0.2106703967) * X4)))) + 0.3138610423) / (exp((0.4064774215 * X1)) / ((((exp(((-0.2720281482) * X5)) - ((-0.0757341385) * X1)) * ((((-0.2485496700) * X3) + ((-0.1301197708) * X4)) - ((0.1947304606 * X6) + ((-0.0850514174) * X5)))) - (((((-0.4583572149) * X1) + ((-0.3828732371) * X4)) - exp(((-0.4431450665) * X1))) - (0.7305084467 * X6))) ^ 2))) + (((((0.0212648511 * X5) - (0.0292048920 * X4)) + (0.0453607552 * X3)) * (exp((0.9679602385 * X4)) - ((-0.1823266447) * X4))) - 0.5481589437))))
feynman_test_2,OperonRegressor,ok,6.0,0.9728313578143156,0.2192095284313954,88.0,88.0,69.6,,((-0.0000016371) + (1.0000010729 * ((((sin((((1.7747379541 * X5) + 1.4930438995) + ((-1.7378755808) * X6))) * (((((-0.1374582946) * X3) + (0.0356199704 * X2)) + (((0.0073115542 * X5) + 0.6726109982) + (0.1058393568 * X1))) + (0.0859485120 * X4))) - 0.3887579441) + (((0.0119032087 * X6) + (0.0705027506 * X2)) + (0.0549337342 * X1))) + exp((((((((-1.0657327175) * X3) + (0.2458842546 * X2)) + (-2.3318421841)) + (0.2708406448 * X1)) + cos(cos((((1.5471768379 * X5) + 6.0522542000) + ((-1.7123801708) * X6))))) + cos((((1.7915406227 * X5) + 6.1185622215) + ((-1.8215615749) * X6))))))))
feynman_test_20,OperonRegressor,ok,7.0,-872890187.5678846,105277.95224079538,92.0,92.0,80.9,,((-0.0000033804) + (0.9999830127 * ((((exp((((-55.2901611328) * X1) - ((13.7704210281 * X5) - (-112.4020309448)))) * (exp(((-30.7424945831) * X6)) - ((-75925472.0000000000) * X6))) * (0.0001576787 * X2)) - ((((-0.1373042613) * X2) + (exp((0.1374129206 * X2)) + ((-0.0007834999) * X6))) - 0.6937479973)) + exp((exp((0.5422877669 * X6)) + (((((0.7853816748 * X2) + (((-1.3026832342) * X6) - ((-0.8211929798) * X4))) + ((-5.4619379044) + exp(((-0.8220140338) * X1)))) - ((1.4462362528 * X5) + ((-0.1197345480) * X1))) + ((0.0267218873 * X7) + ((0.5912072062 * X3) + sin(((1.0143127441 * X5) + ((-0.1965685934) * X4)))))))))))
feynman_test_3,OperonRegressor,ok,4.0,0.9999865578884058,0.0072275314983057,92.0,95.0,55.0,,(0.0000181687 + (1.0000019073 * ((((((((-0.7277790308) * X2) + (0.3955193758 * X1)) ^ 2) + (((-4.2283754349) * X1) - (sin((((-0.3806599677) * X2) + ((-0.5165678859) * X1))) + ((0.1330569983 * X3) + ((-0.1357182115) * X4))))) - sin(((((-1.3605962992) * X2) + ((-0.1206853986) * X1)) - sin((((-0.5023784637) * X2) + 0.3143805265))))) + ((((-5.1175870895) * X2) + 0.6574717760) - (((0.6305972934 * X3) + ((-0.6412602067) * X4)) ^ 2))) / (exp((((-0.5292051435) * X2) + ((-0.2309318185) * X1))) - ((((0.3874467313 * X3) + ((-0.3970193565) * X4)) ^ 2) + ((-4.8532681465) - (((-0.0481523238) * X3) + (0.0575058237 * X4))))))))
feynman_test_4,OperonRegressor,ok,5.0,0.9999828969896069,0.0021953737603532,92.0,92.0,69.2,,((-0.0000874707) + (1.0000144243 * (((((0.0009134485 * X5) + ((-0.0012334323) - (0.1994456053 * X1))) - (((-0.1064623222) * X2) + ((-0.0027376318) * X4))) - ((0.0476351492 * X3) - ((((-0.0091432389) - (0.0002078317 * X3)) - (((-0.0004529073) * X2) + (0.0041145249 * X4))) * (exp(exp(((-0.4630063176) * X5))) + (exp(exp(((-0.4776198864) * X5))) * (exp(((-0.3022234142) * X1)) * (((-0.2275342941) * X1) + (0.1864106655 * X4)))))))) * (((0.0185255706 * X4) + exp((((((-0.0584121533) * X2) + (0.0677877665 * X1)) + exp(((-0.3042967916) * X1))) + (0.0263338853 * X3)))) + (1.3596957922 - (0.2250628024 * X1))))))
feynman_test_5,OperonRegressor,ok,4.0,0.9999554176924283,0.0216043081358464,89.0,89.0,77.6,,((-0.0000004786) + (1.0000009537 * (((((exp(exp((((-0.2078890204) * X4) + ((-0.2158063501) * X3)))) * (((-0.0058585466) * X2) + (0.0578404889 + (0.0313958749 * X1)))) - ((-0.3864158392) * X1)) - 2.9607312679) - (exp((((-0.3326709867) * X2) - (0.3427485526 * X1))) * (((-0.0994386673) * X2) + ((1.2832822800 - (0.0244270544 * X4)) + (((-0.0252187233) * X3) - ((-0.2963563800) * X1)))))) + exp((exp((((-0.2086066902) * X2) + (((-0.0022527620) * X3) - (0.0018170178 * X4)))) + exp(((((0.0249068476 * X2) + (0.2055184543 * X1)) + ((-0.9944394231) - (0.0836369321 * X4))) + ((-0.0836808383) * X3))))))))
feynman_test_6,OperonRegressor,ok,7.0,0.9913836421688887,0.0334862793093076,88.0,88.0,65.0,,(0.0002120893 + (1.0001654625 * ((exp(((((exp(((-0.4138914347) * X4)) + exp(((-0.4856084585) * X6))) - exp(((-0.3723800182) * X1))) + ((exp(((-0.3959636390) * X5)) + ((-6.3335976601) - ((-0.5151485801) * X7))) - exp(((-0.3900340497) * X2)))) - (exp((0.2990757823 * X7)) - (exp(((-0.2076376677) * X3)) + ((-0.2823497951) * X6))))) - (((-0.0001407512) * X3) - (-0.0126681300))) * ((exp((0.0542689189 * X5)) + (0.3285209239 * X6)) * exp(((exp(exp(((-0.1432798356) * X6))) - ((-0.0219676886) * X2)) + ((exp(((-0.0774657354) * X5)) + (0.0134363212 * X1)) + ((-0.0411214232) * X4))))))))
feynman_test_7,OperonRegressor,ok,5.0,0.9999772296007864,0.0069153820219082,92.0,92.0,69.4,,((-0.0000008456) + (1.0000045300 * (((exp(exp(((-0.1929557174) * X1))) * exp((((-0.1484983563) * X2) - (0.0125323944 * X4)))) * (((((-0.0022756327) * X3) + ((-0.0931702182) * X2)) + (-0.2732937038)) - exp((((-1.0911643505) * X5) + (((0.1982180029 * X3) + (0.0437191464 * X1)) - (4.5218982697 - (0.3802596033 * X4))))))) - ((exp((0.0889693201 * X1)) * (((-0.0338641368) * X4) + ((-0.5702888370) * X2))) + ((((-0.0017475353) * X5) - ((-0.0547350533) * X4)) - (((2.9181225300 + (0.3712514043 * X1)) - exp((((-0.0020898457) * X5) + ((-0.4012855291) * X2)))) - exp((((-0.1729904860) * X1) + (0.0641833544 * X2)))))))))
feynman_test_8,OperonRegressor,ok,4.0,0.999648548094574,0.0092036520947981,94.0,94.0,64.2,,(0.0000050207 + (1.0000071526 * (((((((0.3323420882 * X3) - ((((-0.5174525380) * X2) + (0.1724232435 * X1)) - exp(((-0.4271292686) * X4)))) * ((0.1074499488 * X1) + 0.3022444546)) - ((-0.0093168272) * X4)) * exp((((((-0.1663188934) * X2) + ((-0.1137504578) * X4)) - ((0.0825194716 * X1) - (0.0690710023 * X3))) - sin(((((-0.1479024142) * X1) + ((-0.2175759524) * X4)) - exp(((-0.3660031259) * X3))))))) + (0.7781377435 * X1)) + (((((-0.2758881152) * X1) + exp((0.1560695618 * X4))) - exp(((0.0794790164 * X4) + (((-0.0645078495) * X1) + 0.4156570733)))) * exp((((-0.6195142865) * X3) + (0.1103358790 * X4)))))))
feynman_test_9,OperonRegressor,ok,5.0,0.9897091157801432,426.15002036058615,92.0,92.0,72.6,,(0.0074349549 + (0.9994171858 * ((((((8.1382331848 - ((-3.4864702225) * X2)) - (((-1.4978281260) * X5) + ((-0.2977823913) * X4))) + exp(((sin((0.1517104506 * X1)) - ((0.7178116441 * X5) + ((-0.6963962317) * X4))) + sin(((-0.6011718512) * X4))))) * (exp(exp(((-0.6048970819) * X2))) / (-711.5491943359))) * exp(((-0.2225449681) * X2))) * ((((-7.3142042160) - (2.7131114006 * X2)) - (((-0.9302611947) * X5) + ((-0.1088304147) * X4))) + exp(((((0.5529164672 * X1) - (0.4543558657 * X2)) - ((1.0068401098 * X5) + ((-0.8204590678) * X4))) + ((((-0.2389220744) * X4) * (0.5484956503 * X4)) - ((-0.6662799120) * X3))))))))
first_principles_absorption,OperonRegressor,ok,1.0,-2.736996517956928,2.559637494437568,43.0,43.0,21.3,,((-0.0000006288) + (0.9999998212 * (((((((((0.3101947010 * X1) + 0.1029540077) / sin((9.9576034546 * X1))) + sin((1.7543338537 * X1))) - exp(((-0.2556671500) * X1))) * (-0.0716560185)) - (-2.8092691898)) * sin((0.8327898383 * X1))) - (sin((-0.2726878524)) + sin(sin(sin((0.8731303215 * X1))))))))
first_principles_bode,OperonRegressor,ok,1.0,0.9833731241967968,0.2888373452830386,28.0,28.0,12.2,,((-0.0000067054) + (0.9999880791 * ((exp(((-132.5921783447) - ((-294.1152648926) * X1))) - cos(sin((sin((156.5710906982 * X1)) * sin((12.7955999374 * X1)))))) - ((-0.2293141484) + ((-0.0323327929) * X1)))))
first_principles_hubble,OperonRegressor,ok,1.0,-0.959968290539828,349.26626658731874,82.0,85.0,37.0,,((-0.0000051558) + (1.0000026226 * (((((sin(((6.3033947945 * X1) + (-0.3530868590))) + ((0.0207873862 * X1) + 0.5732334852)) * (0.8031582236 * X1)) * cos(((5.0479884148 * X1) ^ 2))) + (((0.9493212700 * X1) + (-0.1425061822)) + ((sin(((5.9482245445 * X1) + (-0.6273581386))) / ((((-1.8963544369) * X1) ^ 2) + cos(((38.8252525330 * X1) ^ 2)))) * (2.4607188702 * X1)))) + ((((0.2115424871 * X1) + (-0.0118687600)) / (sin(((-15.9414405823) * X1)) + ((1.9726371765 * X1) + sin(sin(((6.3382463455 * X1) + (-0.1545348167))))))) * sin(((-16.0459251404) * X1))))))
first_principles_ideal_gas,OperonRegressor,ok,3.0,-59.82447625226644,13.154504403105191,86.0,88.0,40.1,,(0.0000001517 + (1.0000212193 * ((((0.1417992413 * X3) + (((0.0714391768 - sqrt((((-0.2725563943) * X1) ^ 2))) - (0.3858524263 * X1)) - ((-0.0723009184) * X2))) * ((((sqrt(exp(((-2.0870134830) * X2))) - 6.4537277222) + exp(exp(((-0.6416503191) * X3)))) / sqrt(exp(((((-0.7950549126) * X3) ^ 2) + (0.4340403974 * X2))))) - exp(((-1.8409378529) * X1)))) - (((((-0.4694331586) * X2) - (-0.9544434547)) + ((((-0.0118052745) * X3) * (((-34.6764335632) * X3) + (((11.2391157150 * X2) - (-102.6051712036)) + ((-52.6611557007) * X1)))) - exp(((-1.0377798080) * X3)))) - ((-0.4942429364) * X1)))))
first_principles_kepler,OperonRegressor,ok,1.0,0.8699103191760518,24.693919984208247,14.0,14.0,9.0,,((-0.0000000149) + (cos(((-2.5954070091) + (0.7202455401 * X1))) + ((0.5704532266 * X1) + 0.6640647054)))
first_principles_leavitt,OperonRegressor,ok,1.0,0.8834677124986116,0.3628083366101575,69.0,69.0,34.2,,((-0.0003667777) + (0.9998261929 * ((((cos(((cos((-0.7631960511)) + (1.8591390848 * X1)) * ((5.4459533691 * X1) + (-0.7765374780)))) + ((-0.0471948534) * X1)) * (cos(0.6831970215) + (0.5027185678 * X1))) * (cos(((cos(2.4059605598) + (1.8898580074 * X1)) * ((7.3016066551 * X1) + 2.6235682964))) + cos(1.3015806675))) - ((cos(1.2147934437) + ((-0.0788913444) * X1)) * (cos((((4.3584623337 * X1) + (-12.7553567886)) * ((6.6603069305 * X1) + 2.2342038155))) + (1.6946020126 * X1))))))
first_principles_newton,OperonRegressor,ok,3.0,-0.388387814764308,13.725044930605714,81.0,81.0,43.3,,(0.0009102907 + (1.0036118031 * ((sin((((2.7520880699 * (3.0051293373 * X3)) + sin(sin((1.6236962080 + (7.4977307320 * X1))))) - (3.4451701641 * X1))) - (-0.0748968050)) + ((sin(sin((cos(((-302.8943176270) * X2)) + (cos(((-11.2242765427) * X2)) + 1.8694702387)))) - (0.4952774644 * X1)) + (((((cos(((-8888.2431640625) * X3)) * ((-8.1717128754) * X2)) + (cos(((-13.7164831161) * X1)) * (1.6508302689 * X2))) + (cos(((-305.5501403809) * X1)) + cos(((-309.3049316406) * X3)))) - (7.5406155586 * X2)) * (exp(((-25.4628086090) * X2)) / (-7860.1240234375)))))))
first_principles_planck,OperonRegressor,ok,2.0,-0.5243822743376181,358.50944165051374,90.0,90.0,49.8,,((-0.0000047970) + (1.0000001192 * ((((((0.0844828710 - (0.0739173889 * X1)) * cos(((-1.7784115076) * X1))) * (3.4627394676 * X1)) + (0.0171985812 * X2)) - ((((1.1387077570 * X2) * (2.2666146755 * X1)) - cos(((-5.8210277557) * X1))) * (((-0.0312948376) - (0.0093771005 * X1)) - ((-0.0039999583) * X2)))) + ((((-0.3899577260) * X1) + (((0.0000327885 * X1) / cos(((-4.8661203384) * X1))) - ((((0.0067892624 - ((-0.0039161593) * X1)) * exp(((-7.7691240311) * X2))) - (((-0.0187714156) * X2) * exp(((-6.5080466270) * X2)))) + (-1.3001590967)))) - (cos(((-4.6740083694) * X1)) / cos(((-4.6889257431) * X1)))))))
first_principles_rydberg,OperonRegressor,ok,2.0,0.9996312367781334,0.0299382676333793,79.0,79.0,51.2,,((-0.0000000290) + (0.9999998808 * ((((sin((0.8760888577 * X2)) * (((-0.0032688293) * X2) - ((0.0480675064 * X1) + 0.0734070167))) + ((cos((((-1.5671844482) * X1) + (-2.4238054752))) * (-0.0339075886)) * ((2.3367524147 * X1) - (-0.7105807066)))) - (exp(((((-1.7968713045) * X2) + (((-0.0305991564) * X1) + ((0.3630366623 * X1) + (-0.4236086011)))) + (((-0.7045183778) * X1) * (((-0.4194814265) * X1) + (-1.6367772818))))) * (((-0.0510404669) * X1) - 0.0823306739))) + ((((0.4457886815 * X1) + 0.0010845767) + 0.2523157001) - exp((((-1.3170819283) * X1) + (-1.5322130919)))))))
first_principles_schechter,OperonRegressor,ok,1.0,0.9936145202036556,0.304891238663605,82.0,82.0,36.4,,((-0.0000061693) + (1.0000281334 * (((((sin(exp(((-5.0521306992) * X1))) + exp(((-0.8106843233) * X1))) * ((sqrt(exp(((-4.5154643059) * X1))) + (6.0153656006 * X1)) * exp(((-17.9644775391) * X1)))) - ((-29.1983203888) + (7.8483176231 * X1))) + ((3.9163162708 + (19.2215919495 * X1)) * (sin((0.2498915642 + sin(exp(((-15.2977161407) * X1))))) + ((sin(exp(((-15.3638792038) * X1))) + sqrt(exp(((-5.0460948944) * X1)))) + ((0.0107066128 * X1) + sin(exp(((-15.1100473404) * X1)))))))) * (((-19.2519454956) * X1) + ((-0.0128397411) + (19.2191104889 * X1))))))
first_principles_supernovae_zg,OperonRegressor,ok,1.0,0.9996641441956154,0.0047841786929384,74.0,75.0,60.5,,((-0.0000135435) + (0.9999836087 * ((sin(((sin((((-1.3964797258) * X1) * (-2.3280091286))) / (exp((4.0957136154 * X1)) / log(0.9983702898))) - (-1.5961337090))) / (exp((1.7036653757 * X1)) / (sin((((-1.1208450794) * X1) * (-2.0295519829))) / (exp(exp((1.0393232107 * X1))) / log(0.5428025126))))) - ((-0.6132714152) - (((((-0.0101302713) * X1) * (-2.4075195789)) - ((sin(sin(((-13.6745424271) * X1))) / (exp((2.0415239334 * X1)) / log(0.9951745272))) + exp((0.6464762092 * X1)))) + (((-0.7328175306) * X1) ^ 2))))))
first_principles_supernovae_zr,OperonRegressor,ok,1.0,0.9992819902122476,0.0065449214503652,77.0,77.0,53.7,,(0.0000901774 + (1.0002002716 * (((sin(sin(((-5.2345061302) * X1))) + ((exp(((-1.6580805779) * X1)) * sin(sin(sin((2.8737452030 * X1))))) - ((exp(((-1.3473658562) * X1)) + (sin(((-8.7240266800) * X1)) / (((-46.0113677979) * X1) + (-37.0533638000)))) - exp((sin(((-1.2736177444) * X1)) - (-1.5250018835)))))) * (exp((sin(sin(sin(((-0.4796645343) * X1)))) - ((-0.3143722415) * X1))) - ((sin(((-4.2193636894) * X1)) + 0.8948850036) + sin((((-4.2247128487) * X1) + (-3.1221175194)))))) - ((0.4232907593 * X1) + 0.3697123528))))
first_principles_tully_fisher,OperonRegressor,ok,1.0,0.9143030269702008,0.2721577455760737,58.0,61.0,14.6,,((-3069.0549316406) + (0.9998742342 * ((sin((18.5394210815 - (15.4467535019 - ((-1.5942296982) * X1)))) - cos(((1.0949327946 - (0.3572770953 * X1)) - cos((exp((4.4780988693 * X1)) - (1.6164860725 ^ 2)))))) + ((((((0.8954268098 - 18.7837982178) - 18.7604923248) - 18.7604312897) ^ 2) - (0.8223595023 * X1)) - cos(((18.9873981476 - (0.3067911863 * X1)) - cos(((((-22.7733497620) * X1) ^ 2) - (4.9927840233 * X1)))))))))
nikuradse_1,OperonRegressor,ok,2.0,0.9906704779636026,0.0089417916764027,94.0,95.0,53.3,,(0.0000001722 + (1.0000071526 * ((((((-2.7081134319) * X2) - (((((0.6017842293 * X1) ^ 2) - ((0.6959973574 * X2) - 0.3879728615)) - (1.3888268471 * X1)) * sin((((-1.9409370422) * X1) + (1.0644062757 * X2))))) - exp((exp((((-0.5970556736) * X1) + (0.1260162592 * X2))) + ((-0.5604557991) * X2)))) * (sin((((-0.3187337518) * X1) + ((-0.5663644075) * X2))) - ((-0.5910439491) * X1))) + (((((-0.1208135113) * X1) + ((-1.5842012167) * X2)) * exp((((-0.8579710722) * X1) + (0.1720939726 * X2)))) + (((((-0.0033098727) * X1) * ((0.4601377845 * X1) / ((-1.6703603268) * X2))) - ((-0.1331441849) * X1)) + cos((-3.4580538273)))))))
nikuradse_2,OperonRegressor,ok,1.0,0.9695416178038734,0.0419875059377955,83.0,86.0,51.0,,((-0.0028469935) + (1.0019927025 * (((0.4832674563 * X1) + cos(((-5.8345537186) + (1.5623703003 * X1)))) * (((((-0.0006408820) / cos((cos((7.0882034302 * X1)) + ((13.3966436386 * X1) + (8.9905090332 * X1))))) + (0.0690476969 + (0.0016164874 * X1))) * (15.1321172714 + (12.4464025497 * X1))) - ((((cos(((13.8336849213 * X1) + (2.1194405556 * X1))) * 0.3229116201) ^ 2) + (1.6293609142 * X1)) + ((cos(((13.5526113510 * X1) + (1.5181430578 * X1))) + ((-1.9028011560) * X1)) * ((((0.3047036231 * X1) ^ 2) ^ 2) - ((-0.0646513551) + ((-0.0073017594) * X1)))))))))
solar_flare,OperonRegressor,ok,10.0,-0.320684015143766,1.112777305932681,88.0,90.0,46.8,,(0.0003450779 + (1.0069932938 * (((((((0.7910743952 * X4) + (1.4410831928 * X1)) - cos(((-32.3094444275) * X3))) * (cos(((-31.1696681976) * X3)) + ((exp((0.7252025604 * X2)) * ((-0.0716814920) - ((-0.1385681182) * X5))) - (((-0.7403548360) - (0.3004693389 * X7)) - ((-0.1673875749) * X6))))) ^ 2) ^ 2) + (exp((0.0554463603 * X2)) + ((0.2639874220 * X3) - (((-0.3934406340) * X1) - ((((((-0.0570955239) * X4) / (0.6658971310 * X1)) - cos((2.6978416443 * X2))) * (cos(((-1.2056052685) * X1)) * 0.4421487749)) + (((-1.2499589920) - (0.0941058025 * X7)) - cos(((-33.2284202576) * X3))))))))))
strogatz_bacres1,OperonRegressor,ok,2.0,0.9999999385552708,0.0003871132563221,83.0,84.0,49.2,,((-0.0000000636) + (((((((((-4.4936866760) * X1) + ((-5.1147432327) * X2)) * (((-0.0182587039) * X1) + ((-0.0159850568) * X2))) + ((-0.8882178664) * X2)) - ((-1.7084262371) + ((-0.4567990303) ^ 2))) - ((-0.5354561210) * X1)) - exp((((0.3530303538 * X2) + ((-0.7087063193) * X1)) + (-1.7487535477)))) - (1.6690144539 + ((((((-0.4435049295) * X2) + (1.0159142017 * X1)) + (0.1683975011 * X1)) - ((cos((((-0.3911102712) * X2) - (0.2766350210 * X1))) + (-1.7607609034)) - (0.2153415531 * X2))) - (2.2086408138 + (cos(((0.0459686071 * X2) + ((-0.3264216483) * X1))) + (-2.0611510277)))))))
strogatz_bacres2,OperonRegressor,ok,2.0,0.999999991199187,0.0001918650265118,88.0,88.0,57.1,,(0.0000006857 + (1.0000013113 * (((0.0466422997 + ((-0.1171513721) * X1)) + ((((0.0975489467 * X1) + (1.8816162348 * X2)) + ((-2.1008992195) * X2)) * (((5.3558869362 + exp(((-0.4622154534) * X1))) + ((-0.0010086976) * X2)) - (0.6893555522 + (0.1938001662 * X1))))) + (((1.8834538460 * X2) * 0.1877699494) - (((((sin((0.9930531383 * X2)) - ((-0.5375012159) * X2)) + (((2.2469112873 * X1) + ((-2.6133053303) * X2)) - (0.7822166681 * X1))) - exp((((-2.6686034203) + ((-1.5749796629) * X1)) - ((-1.1245611906) * X2)))) + ((0.4571796358 * X1) + (0.3037860096 * X2))) * (0.0034597304 * X1))))))
strogatz_barmag1,OperonRegressor,ok,2.0,0.9999999935023172,1.4392609212247982e-05,82.0,82.0,48.7,,((-0.0000507251) + (1.0000149012 * (cos(((3.4046981335 * X2) + ((-0.5008320212) * X1))) + (((exp(cos(((-2.6106894016) * X2))) + ((-0.0153548233) * X2)) + ((exp((((-0.3199567497) * X1) + ((-0.1226479635) * X2))) * (0.5879569054 * X1)) + ((((0.2328141332 + ((-0.1048427150) * X1)) * cos((3.2556068897 * X2))) + exp(((-0.0508208908) * X1))) * cos(((((-3.1266140938) * X2) + ((-0.7407878041) * X1)) + exp((1.6088893414 * X2))))))) - (((-0.4952179790) + (2.1423559189 * X1)) - (((-0.6042301059) + ((-0.6777335405) * X1)) * cos((2.5285649300 * X2))))))))
strogatz_barmag2,OperonRegressor,ok,2.0,0.9999999199678976,7.12909772765307e-05,92.0,92.0,67.7,,(0.0000002019 + (1.0000003576 * ((((((-0.4446073174) * X1) + (0.0694585741 * X2)) - (1.5259710550 / (4.8779959679 * X2))) * (((sin((3.5189080238 * X2)) - sin(((-0.6824269295) * X2))) - (0.0441022404 * X1)) - (((-0.0227884352) * X2) * sin((1.9579337835 * X1))))) + (((sin((2.4102194309 * X2)) - (0.2070967555 * X1)) - (((0.0012334760 * X1) + (0.0058413711 * X2)) * sin((18.7263832092 * X2)))) + (0.1790374815 - (((((-0.4342246056) * X2) * sin((0.6255663633 * X2))) + (1.1102786064 * X2)) * (((-0.1181845143) + (((-0.1658340693) * X1) + ((-0.4805893004) * X2))) * sin((3.6502187252 * X2)))))))))
strogatz_glider1,OperonRegressor,ok,2.0,0.9999999999998874,2.534753553710609e-07,41.0,41.0,41.3,,((-0.0000000024) + (((((((-1.5096617937) * X1) * (0.0572168902 * X1)) - ((-0.3983352482) * ((-1.5776925087) * X1))) + (0.3294632137 * X1)) - ((-1.0149427652) + sin(((-0.1253356636) + (7.5094056129 * X2))))) + (((-0.8620477915) + ((-0.0000000229) * X2)) - cos((0.0891511440 + (7.5094056129 * X2))))))
strogatz_glider2,OperonRegressor,ok,2.0,0.997683732713153,0.0395138468427588,80.0,82.0,63.2,,(0.0000075552 + (1.0000255108 * (((0.6020254493 * X1) + (sin(((cos((-1.1016047001)) + sin(((0.5870374441 * X1) - ((-0.9680988789) * X2)))) ^ 2)) * ((exp((((-5.7572779655) * X1) + ((-0.4414376318) * X2))) * ((-0.0037761782) * X1)) + cos((cos((-1.9276480675)) + ((2.5313105583 * X1) - ((-2.0476007462) * X2))))))) + ((exp((0.3731707036 * X1)) + (-1.6819016933)) + (exp((((-15.3226232529) * X1) + (-23.0188808441))) + (sin(((cos((-1.4067093134)) + ((0.8798997402 * X1) - ((-0.7068030834) * X2))) ^ 2)) * (cos((0.3504317105 * X1)) + 0.0838199332)))))))
strogatz_lv1,OperonRegressor,ok,2.0,0.9999999999360368,1.1080373850904144e-06,70.0,71.0,33.4,,(0.0000002233 + (0.9999998212 * ((((((((-1.1146246195) * X2) - ((-1.6245810986) * X2)) - (((((-0.0000000547) * X1) * ((-1.6174013615) * X1)) - (0.3684557080 * X1)) - (0.4348907769 ^ 2))) * ((-4.6377668381) * X1)) + ((-1.5941992998) * X1)) + ((-2.4843935966) * X2)) - (0.3471550345 + ((1.4368337393 * (sqrt((cos((-1.6164702177)) * (-0.4426008463))) / ((((-0.6119107008) * X2) + (0.2679963112 * X1)) + (1.2240712643 / ((-0.0027649465) * X2))))) + ((0.0000003358 / ((-3.2842271328) * X2)) + 0.2344762832))))))
strogatz_lv2,OperonRegressor,ok,2.0,0.9999999999980036,1.0479633842609083e-07,32.0,33.0,34.0,,((-0.0000000552) + (1.0000001192 * (((((2.3662939072 * X2) * (-1.1597484350)) - (3.9656517506 * X1)) * (((-1.5899822712) * X2) / (-3.0298082829))) + ((((-0.0716292262) ^ 2) - ((2.3383953571 * X2) - (-0.5804109573))) - (2.2986271381 * X1)))))
strogatz_predprey1,OperonRegressor,ok,2.0,0.9999999815736632,0.0001245815476873,68.0,68.0,36.3,,(0.0000000254 + (1.0000002384 * ((((((((-1.7625504732) + (0.4088795185 * X1)) - ((-0.9316915274) * X2)) + (((0.0073334235 * X1) * ((0.0211189538 * X1) + (-100.8278656006))) * ((-1.4355905056) * X1))) / (-1.9105226994)) - (((-0.3076996505) * X1) + (((0.0003260772 * X1) * (50.2063827515 * X2)) + 1.4032825232))) + ((exp(((-0.0358598009) * X1)) / (((-5.4831924438) * X1) + (-8.6525077820))) * (((0.8204720020 * X1) * (3.1627912521 * X2)) + (-7.3112840652)))) - ((-0.8113914728) * X1))))
strogatz_predprey2,OperonRegressor,ok,2.0,0.9999999896259446,0.0001609599341208,79.0,79.0,49.5,,((-0.0000055605) + (1.0000020266 * ((((((0.1856813729 * X1) + ((-0.3308262527) * X2)) / sqrt(exp((1.1611473560 * X1)))) + exp((sin(((((-0.0059735598) * X1) + 1.5708911419) - ((-0.1528284550) * X2))) + 2.4019665718))) + (-4.7560019493)) - ((((-0.0333397575) * X1) - cos((((((-0.2237889618) * X2) - exp(((-1.0833592415) * X1))) + 0.2373840809) + 0.8479670286))) + ((((((0.0246782787 * X2) - 0.1602553725) + ((-0.1227190644) * X1)) / sqrt(exp((7.3566474915 * X1)))) + ((0.0928878337 * X2) - (-22.9999599457))) + exp(exp(((-0.4829005003) * X1))))))))
strogatz_shearflow1,OperonRegressor,ok,2.0,0.999998775252808,0.0006194390509763,86.0,89.0,50.7,,(0.0000002758 + (0.9999997020 * (((((-0.0600307807) + ((0.2676916718 * X2) ^ 2)) * ((((4.0140233040 * X2) ^ 2) + ((-3.9789903164) * X1)) + (exp((((0.4548353553 * X1) - (19.9331588745 * X2)) + (-28.0495090485))) + cos((((-7.5768470764) * X2) + (-11.2515678406)))))) + ((((((-13.1951522827) * X2) + (((-0.3282672465) * X1) + (-13.3750085831))) / ((3.3745272160 * X2) ^ 2)) + (((0.0670204982 * X1) - (0.4643225372 * X2)) * (cos(((-4.9578900337) * X2)) + ((0.4964148104 * X1) - ((-4.1948919296) * X2))))) + ((1.1499811411 * X2) + 2.8764553070))) + exp((((-8.2055616379) * X2) + (-10.8667850494))))))
strogatz_shearflow2,OperonRegressor,ok,2.0,0.997529909459395,0.0117788147270727,88.0,88.0,51.1,,((-0.0000000656) + (1.0000019073 * (((((cos((1.5246700048 * X2)) + sin(((-2.9650919437) - sin((4.7298007011 * X1))))) - (1.2840908766 * X2)) * (cos(((-3.2917604446) * X1)) - ((cos(((-3.3340663910) * X1)) - ((((-1.0635813475) * X1) * (0.8268888593 * X1)) - ((-0.2205623090) * X2))) * (0.9540116787 - (0.4183866382 * X1))))) - cos(((-4.6281433105) * X1))) - (((((-0.8675647378) - (1.1559017897 * X1)) - ((-0.3765881360) * X2)) * (cos(((-3.9634096622) * X1)) - (cos((((-1.5998815298) * X1) - ((-2.9190008640) * X2))) * cos(((-2.4974462986) * X1))))) - ((-0.8149387836) - (0.4711294472 * X1))))))
strogatz_vdp1,OperonRegressor,ok,2.0,0.9999999999995206,4.238226203934673e-07,44.0,44.0,29.5,,(0.0000000527 + (0.9999998808 * ((((1.4160721302 * X1) - ((((-0.0000002088) * X2) - (-0.0000006430)) * cos(((-0.7911394238) * X1)))) / 1.4602402449) - ((((((1.3103716373 + (0.8063952923 * X1)) * ((-1.5076721907) * X1)) + (0.1398152709 * X1)) * ((-1.8560619354) * X1)) + ((-2.1631770134) * X2)) + (-1.8186982870)))))
strogatz_vdp2,OperonRegressor,ok,2.0,0.9999999999999948,6.971806431500642e-09,15.0,15.0,6.1,,(0.0109577430 + ((-3.0655906200) * ((cos((-0.0467181839)) - sqrt(0.9906906486)) + ((1.1176583767 * X1) / 3.4262828827))))
