dataset,algorithm,status,n_features,r2,rmse,complexity,complexity_unified,seconds,error,expr
1028_SWD,OperonRegressor,ok,10.0,0.1854981888374742,0.6646696791448772,102.0,102.0,56.7,,((-0.1132795885) + (1.0014535189 * ((((((0.1757082343 * X8) - ((-0.4319272041) * X7)) - sin(((-0.1181697175) * X10))) - (((10.6550445557 * X9) / (110.5629348755 * X5)) - (exp((0.3505175710 * X9)) / (((((-0.1330120713) * X8) - ((-0.1275175661) * X7)) / (7.3479123116 * X4)) / (0.0017167539 * X2))))) - ((-0.2676677406) * X5)) - (((((((-1.0673953295) * X3) - ((-1.5972694159) * X7)) / (59.3591880798 * X4)) + (((-0.0336866975) * X4) - ((-0.0825111866) * X1))) + (((0.0039765351 * X8) - ((-0.0042586923) * X3)) / (0.6176517010 * X9))) + (((0.5460776687 * X3) + (0.0017167539 * X2)) - (((0.1605810672 * X6) + (0.1961327493 * X9)) - sin((33.8009796143 * X3))))))))
1030_ERA,OperonRegressor,ok,4.0,0.2050023595126333,1.6499666421127848,89.0,89.0,56.4,,(0.0000060919 + (1.0021454096 * ((((((((-0.0135251693) * X3) + (((-0.7638583779) * X2) + (0.5138041377 * X1))) - ((-0.0650558025) * X4)) + (-0.2645162642)) * cos(((((-1.3135021925) * X3) * ((0.5511652231 * X2) + (((-2.1976425648) * X2) + 1.8184958696))) + sin((((-0.4635164440) * X2) + 1.2074762583))))) - 0.9443287253) + (exp(sin(((1.1860111952 * X2) + ((-0.0220491700) * X1)))) + ((((-0.4989443421) * X2) + ((-0.1367304176) * X1)) + ((0.0997791886 * X4) + (sin(((0.4379957616 * X3) + ((0.6329223514 * X2) + (0.5269959569 * X1)))) + (sin((14.5746603012 * X1)) / ((-94.3588027954) * X2)))))))))
1027_ESL,OperonRegressor,ok,4.0,0.8805288845569494,0.5397391665391114,96.0,96.0,64.6,,((-0.0000000719) + (1.0000369549 * (((((((5.1237115860 + ((24.4426555634 * X3) + ((-18.3552818298) * X4))) + ((-9.1893434525) * X1)) * ((((0.0003826606 * X3) / ((-0.1235615090) * X4)) - (0.0026763901 * X3)) + ((-0.0212485418) + ((-0.0029220397) * X2)))) - ((-0.2174833864) * X2)) + (((-0.0084047997) * X2) / ((-0.2449353933) * X4))) - ((-0.8243920207) * X3)) + (((((-0.0006865015) * X4) + (0.0010700832 * X1)) / (((0.0039692111 * X3) / ((-0.0830989927) * X4)) - (0.0329718404 * X3))) - ((sin(((((0.0034122893 * X1) / ((-0.0852766708) * X4)) - (3.8501136303 * X3)) - (1.2290899754 + (0.0355061181 * X1)))) - (0.0627081841 * X1)) - 0.1404729635)))))
1089_USCrime,OperonRegressor,ok,13.0,-1.2584289933931374,53.1694319367798,90.0,90.0,35.1,,((-0.0001508620) + (0.9999611378 * (((cos((5.7076778412 * X4)) / (123.3730163574 * X12)) + ((0.0145804537 * X3) / (sin((((-16.8708667755) * X4) - (-38.6655082703))) * ((-0.5335168839) * X7)))) + ((((exp((0.6214463711 * X10)) - ((2.7643573284 * X4) - ((-2.6965780258) * X10))) / (18.4525623322 * X7)) + ((sin((((-17.0572395325) * X4) - (-37.9182891846))) * ((-0.2394250482) * X7)) + (((0.0831471086 * X3) / exp((1.9693266153 * X10))) - (((0.2483037859 * X4) - (((-0.0809773728) * X12) - (-0.1249902248))) + ((-0.0772413015) * X7))))) - ((0.8366257548 * X13) - ((-0.0113400361) / sin(sin(((-7.7086162567) * X13)))))))))
1029_LEV,OperonRegressor,ok,4.0,0.5476492860091535,0.6199331952772196,98.0,98.0,66.8,,(0.0000002427 + (0.9994544387 * ((((((0.0111031169 * X3) + ((-0.0042194240) * X4)) + ((0.0166255757 * X2) - (0.0021912721 * X1))) / cos(exp((((-0.4863930345) * X2) + ((-0.3440355659) * X4))))) - (((((0.2678239644 * X4) + (((-0.2866523564) * X2) + (-0.1850789338))) / (((0.2815360725 * X2) - (0.1443415433 * X1)) - (((-49.7544479370) * X3) + ((-23.7256660461) * X4)))) + ((-0.1136044413) * X3)) - (0.3114753366 * X4))) + ((0.5907130837 * X2) + (exp(((0.0401686914 * X4) + ((0.1691892743 * X2) - ((-0.3748902082) * X1)))) - (((((-2406.4301757812) * X3) + (-9.6738491058)) + ((32.6001167297 * X2) - ((-28.3138504028) * X1))) / ((-2018.4411621094) * X3)))))))
1096_FacultySalaries,OperonRegressor,ok,4.0,0.9627608526591062,1.0704689721950225,90.0,90.0,49.3,,((-0.0014083368) + (1.0020860434 * ((((sin((((-11.8145570755) * X3) - (4.6898241043 * X1))) / ((-138.1078796387) * X2)) * (((12.8198232651 * X2) + ((-13.8388500214) * X4)) - (0.3284567297 * X1))) + ((((-0.4132609963) * X2) - (((-1.0388123989) * X4) - 0.3266175687)) + (((((-0.0033881494) * X4) - ((-0.0009464916) * X1)) + 0.0061512669) * ((((35.2001991272 * X3) - 6.9180703163) + ((((-54.0694198608) * X2) + (14.7897300720 * X4)) - (0.5324567556 * X1))) / cos(((1.6637547016 * X4) - (-0.9623846412))))))) - sin((((((-7.6853613853) * X2) + (3.1594676971 * X4)) + (-0.9246968031)) - (((-4.2585487366) * X3) - 1.0918946266))))))
1191_BNG_pbc,OperonRegressor,ok,18.0,-0.1075777576090644,1103.0243782426962,92.0,92.0,75.0,,(0.0068829334 + (0.9904369712 * ((((((165.7654266357 + exp(((-6.7956519127) * X9))) - (((-257.4448852539) * X1) - (171.0702972412 * X9))) - ((40.5673217773 * X11) - ((-33.2287864685) * X6))) / (exp((16.3518867493 * X9)) + ((-143.3188018799) + ((-26.2917079926) * X1)))) - exp(((-0.1369917393) * X11))) - ((((-0.0468536764) * X6) + (0.1808016598 * X4)) + (((((-0.0152064227) * X12) - ((1.3858599663 + (1.4533826113 * X1)) + (0.0576875359 * X4))) * (exp(((-0.5076838136) * X9)) - ((-0.0693276599) * X15))) - (sin(((-2.4523057938) * X16)) * ((((-0.2156784534) * X12) - (0.0740422830 + (0.2924187481 * X1))) - (0.0720291138 * X9))))))))
1193_BNG_lowbwt,OperonRegressor,ok,9.0,0.5668540220340265,519.8067447988429,88.0,88.0,78.5,,((-0.0000001991) + (0.9982913733 * ((((exp(((-0.5989244580) * X4)) + (-3.0587756634)) + cos(cos(((-1.3023910522) * X2)))) - (((-0.3829276562) * cos((((-6.1972236633) * X4) + ((-4.1716833115) * X9)))) - (cos(cos((((-1.0825613737) * X2) * ((-4.5749983788) * X8)))) * ((cos(cos((4.1321940422 * X2))) * (cos(((-4.6329369545) * X8)) + ((0.8084119558 * X2) - ((-0.9182928801) * X1)))) + (0.7515341043 + (((0.8007863760 * X4) + (0.4706415832 * X9)) + (((-0.5702578425) * X2) - (1.7557028532 * X1)))))))) + (((0.1602584422 * X4) + ((-0.2434684634) * X9)) + cos(cos((4.5804686546 * X2)))))))
1196_BNG_pharynx,OperonRegressor,ok,10.0,-0.0069737532703628,340.0582173489647,100.0,100.0,81.3,,(0.0005608121 + (1.0008891821 * ((((0.3833822608 * X10) - ((-0.0248099510) * X5)) * (cos(((0.8362460136 * X10) - ((-2.4718406200) * X5))) + (((-0.1737611294) * X7) + ((-2.9308557510) * X10)))) - ((((((0.2139609158 * X9) + ((-0.3735416532) * X3)) * cos(((-6.4261698723) * X1))) - sin((cos(((1.2585664988 * X9) + ((-0.1145530492) * X1))) + ((1.1994603872 * X1) - (10.1275663376 * X10))))) * (((0.1272777617 * X9) + (0.5504761338 * X1)) - ((-0.3010467887) * X10))) - (((0.2537878752 * X9) + (0.2010756284 * X1)) - ((((-1.7986217737) * X10) - cos(((0.5702196360 * X7) + ((-0.2992610037) * X5)))) - (((-0.1380565763) * X8) + ((-0.1153934896) * X6))))))))
1199_BNG_echoMonths,OperonRegressor,ok,9.0,0.2830908715476915,11.982412512320025,100.0,103.0,57.8,,(0.0021760152 + (1.0430954695 * (cos((((((-1.5443754196) * X9) + (0.1915480047 * X5)) - (((((-0.3615846634) * X2) ^ 2) ^ 2) - ((0.7050400972 * X1) - ((-0.4644708037) * X4)))) + (1.0765844584 * X2))) + ((0.1282811612 * X6) + ((cos((((((-2.2820961475) * X9) + (0.1016663760 * X5)) - ((2.6553511620 * X1) - ((-0.1970363408) * X4))) + ((-0.8606837988) * X2))) + ((((-0.8653547168) * X9) + ((-0.2984308898) * X5)) + (((-0.2631478906) * X7) ^ 2))) + (((35.1659202576 * X6) + (((-83.3491439819) * X9) + (41.6594009399 * X5))) * ((((-2.9635856152) * X9) + ((-0.9970633388) * X7)) * (((0.0014444686 * X9) + (0.0005460678 * X5)) + ((-0.0013581221) * X1)))))))))
1201_BNG_breastTumor,OperonRegressor,ok,9.0,-0.2826706033932562,13.777188000377674,89.0,93.0,49.8,,((-0.0000001653) + (1.0000004768 * (((0.0995159969 * X1) + (((sin(((2.3342201710 * X7) ^ 2)) * ((0.4841517210 * X1) ^ 2)) + ((-0.4006225765) * X5)) + ((sin((((-2.0033771992) * X1) ^ 2)) * (0.5330093503 * X4)) / exp((0.3496312499 * X9))))) + (((((((-7.8450684547) * X5) / sin(sin((2.4139461517 * X7)))) - ((-4.9612698555) * X9)) / ((-54.1249046326) * X5)) + (-0.1763344407)) + (((((((4.6626553535 * X1) ^ 2) * (0.0254341438 * X4)) + ((0.3782951236 * X5) - ((-0.3640888333) * X9))) + (-0.3004962206)) * cos((((-1.0557439327) * X8) / ((-0.9703096151) * X5)))) - (0.2746676803 * X3))))))
1203_BNG_pwLinear,OperonRegressor,ok,10.0,-41.21370920520501,27.64494543775821,96.0,96.0,60.2,,((-0.0001419738) + (0.9999431372 * (((((((0.2362422794 * X5) - (((-1.0256574154) * X7) * (0.1234038919 * X8))) + (((-0.1160219312) * X3) + (0.0845429897 * X9))) - (4.5271162987 + ((-0.1384640336) * X7))) - ((-3.8576266766) * X1)) - (((((-13.3695583344) * X1) + (sin(exp((1.2075327635 * X1))) * (4.0917181969 * X2))) - (((0.0133537659 * X5) - (12.5768337250 + ((-0.0039600222) * X6))) + (0.0582391396 * X3))) / ((1.6322644949 * X1) + (((0.0345377028 * X10) + ((-0.0377283655) * X8)) - (((-0.2145781815) * X3) + 1.1915940046))))) + (((((-0.0253017880) * X2) - ((-0.0162150990) * X1)) + (0.0222489480 * X6)) / cos(((-1.0371357203) * X10))))))
1595_poker,OperonRegressor,ok,10.0,-20753.359282681653,187.37148705868853,100.0,101.0,73.3,,((-0.2193273008) + (1.0523005724 * (((((0.0171772223 * X10) + (((-0.0041306568) * X5) * ((((-0.0636743680) * X7) + ((-0.7091708183) * X8)) * ((-4.7656183243) * X4)))) + ((0.0089372834 * X7) + (0.0044381837 * X8))) + (log((sin(((((-0.0243227053) * X7) + ((-0.7188609242) * X8)) * ((-4.1323642731) * X4))) ^ 2)) / ((11.4940242767 * X5) * ((-9.5794744492) * X7)))) * exp((((((((-0.1715520173) * X7) + ((-0.3311894834) * X8)) * ((-2.5876801014) * X4)) - ((((1.0536960363 * X10) + (0.6566931605 * X8)) * ((0.4828331769 * X10) + ((-0.5549664497) * X8))) * ((-1.2898520231) * X4))) + (0.2448843569 * X5)) * exp(((0.5900088549 * X5) * (1.4362429380 * X7))))))))
192_vineyard,OperonRegressor,ok,2.0,0.0227162243139973,3.947720318470216,86.0,86.0,42.8,,(0.0052076234 + (1.0000129938 * ((((((-0.4820931554) * X2) + (0.2789531648 - ((-0.1112644076) * X1))) + ((cos((cos((1.4467204809 * X2)) - sin((2.9061992168 * X1)))) + ((-0.9343591928) * X2)) * cos((2.3272564411 * X2)))) * ((((-0.2963528335) + (1.6897846460 * X2)) - (1.9433273077 * X1)) - (cos((3.1138703823 * X1)) * ((0.4094246328 - ((-0.1701429188) * X1)) * (exp(exp((0.3602875173 * X1))) - ((-7.1996111870) * X2)))))) - (((((-0.7972724438) + cos((1.1819314957 * X2))) - (1.0093295574 * X1)) * cos((0.8430299759 - (3.4042851925 * X1)))) - (0.8841913939 * X1)))))
197_cpu_act,OperonRegressor,ok,21.0,-9.89553238954732,61.90545700804961,96.0,96.0,54.2,,(0.0020574313 + (0.9999889135 * (((((((9.8447952271 * X17) - (4.1241464615 * X9)) + ((-60.5626335144) * X16)) - (((-21.0487022400) * X2) + ((-18.1939525604) * X3))) + ((48.7993087769 * X15) + (((-59.6332702637) * X18) + (-31.4820823669)))) * (((-0.0005954933) * X14) + (((((-0.5920454264) * X19) + (((0.0103797885 * X15) - (0.0002976926 * X11)) + ((-0.0024136205) * X9))) + ((0.0169842876 * X18) + (-0.0934964418))) / (30.6575469971 * X17)))) - (((((((0.0997316912 * X12) + (0.2228306830 * X17)) - ((-1.1707075834) * X19)) - ((-0.0271711983) * X9)) - (0.0438412614 * X20)) + (0.1662219763 * X3)) + (exp((0.3272562027 * X2)) * (0.0871397778 * X7))))))
201_pol,OperonRegressor,ok,48.0,-9.666769924724717,130.76413445639713,88.0,88.0,60.4,,((-0.0000085283) + (0.9998729229 * (cos(2.4021179676) + (((exp((0.5814650059 * X19)) - (((-0.3950909972) * X6) - (0.9427132010 - (exp(((-1.1014124155) * X8)) - exp((6.5119194984 * X7)))))) + (((exp(((-2.0130739212) * X5)) - ((-1.2019559145) * X5)) - (exp(((-1.6292886734) * X5)) - ((-1.1523772478) * X5))) + ((exp((2.9335505962 * X6)) - (0.4404132366 * X9)) + cos(((-1.8402873278) * X5))))) * (exp(((((-0.5604339838) * X28) - (exp((1.5136827230 * X7)) - ((-0.3550671637) * X5))) + cos(((-1.7320580482) * X5)))) * exp((((-0.5404828191) * X8) - exp((2.5945148468 * X6)))))))))
210_cloud,OperonRegressor,ok,5.0,0.5526469215577279,0.7665398494662611,88.0,90.0,43.7,,(0.0000002060 + (0.9999880791 * ((((cos((((-1.2725884914) * X5) + ((-0.3325707912) * X3))) * (cos((1.1997081041 + ((-7.6247868538) * X4))) * (cos(((0.6220695972 * X5) + ((-0.3720022142) * X2))) - (((-0.6842230558) * X4) - (((-0.7331470847) * X2) - 0.6158710718))))) ^ 2) ^ 2) + (((0.3339649439 * X4) + (0.6395630240 * X3)) - ((cos((((-16.3771553040) * X2) - ((-0.0456652418) * X4))) * ((0.1971594095 * X5) + ((0.6653342843 * X2) - (-0.6364296079)))) - ((-0.1916856766) - (cos((((-1.0515047312) * X5) + (-0.4830122292))) * ((((-0.0761737600) * X5) + (0.3537603319 * X3)) + (0.3083269894 * X2)))))))))
215_2dplanes,OperonRegressor,ok,10.0,0.9146797780355954,1.0504579217239098,96.0,96.0,43.6,,(0.0000062018 + (0.9999900460 * ((((4.5806632042 * X1) - (0.3607223332 * X7)) - ((0.0305083133 * X10) - ((0.0786166713 * X6) - ((-0.3605834246) * X2)))) + ((((exp(((-1.1022366285) * X2)) - ((-83.5042419434) - (6.3189902306 * X6))) - (((7.6230945587 * X7) - ((-4.4125375748) * X3)) - (((0.4298587143 * X10) - (1.3114517927 * X4)) - (82.3407058716 * X1)))) * (((sin(((-10.5586090088) * X5)) - ((-0.2432257384) * X7)) - (((0.0527633578 * X6) - ((-0.0721272156) * X2)) - (2.8853321075 - ((-0.0361469053) * X3)))) * ((-0.0222887695) * X1))) + (exp(((0.2151263356 * X6) - ((-0.0712511316) * X4))) + ((-4.8185877800) - ((-0.0959550440) * X3)))))))
218_house_8L,OperonRegressor,ok,8.0,-1.380655764386319,68686.55756260495,87.0,87.0,46.5,,(0.0000125700 + (0.9903414249 * (((cos((6.5106940269 * X1)) + (((-0.5154229403) + ((0.3636727929 * X3) + (0.1489826590 * X2))) + (0.6889476180 * X1))) - (((cos(((-0.6050512791) + (1.1111204624 * X1))) - cos(((-0.9381479025) - (((-0.7074540257) * X3) + (1.7547453642 * X2))))) * (((-1.0520275831) + ((-0.1699629426) * X6)) + ((0.1113029420 * X8) / ((-5.5888409615) * X1)))) - (0.4434246123 * X4))) + (exp(cos((8.2865543365 * X1))) * (((0.6416049600 + ((-0.7771514058) * X1)) + ((0.2015753984 * X3) - ((0.4250719249 * X4) + cos((6.2942500114 * X1))))) - (0.1809051633 * X8))))))
225_puma8NH,OperonRegressor,ok,8.0,0.4057778885617311,4.229641569307163,92.0,92.0,45.4,,(0.0000075054 + (0.9974557757 * ((0.4700236917 - exp((((-1.0834178925) * X3) + ((-0.3456558585) * X2)))) + (((cos((0.1931532770 * X3)) * (67.3666992188 * X2)) + (exp((1.1238015890 * X2)) + (exp((((-0.9816552401) * X3) + (1.1917674541 * X2))) * (exp(sin((0.8694003224 * X2))) + (((-0.0187659524) * X7) + ((-1.6123067141) * X2)))))) + ((sin(sin(((((-0.1009756178) * X8) - ((-0.1064918265) * X5)) + ((0.6283653378 * X3) + ((-1.2953989506) * X2))))) * exp((1.0977684259 * X2))) + ((((-68.0798645020) * X2) - exp(sin(((-0.9014977217) * X2)))) - ((1.0548200607 * X2) * ((-1.1740732193) * X3))))))))
227_cpu_small,OperonRegressor,ok,12.0,0.9244333077488496,5.155489566035135,88.0,93.0,38.4,,((-0.0016194602) + (1.0000578165 * (((((((exp(((-0.0147920130) * X11)) - (0.1795085669 * X7)) - (-1.3121409416)) - ((-0.1839699149) * X6)) ^ 2) - 48.6579093933) - (1.1075807810 * X6)) - ((((exp(((-0.2132822275) * X11)) - (1.4002400637 * X9)) - ((((-0.2991130650) * X1) - ((((-0.0488846414) * X8) * ((-2.7960886955) * X3)) * ((-0.6088839173) * X8))) - (0.2057939470 * X3))) - (((exp((0.1639003456 * X8)) - 6.9765143394) + (0.1226011440 * X9)) ^ 2)) - (((((exp(((-0.0526544377) * X1)) - (0.1152789220 * X7)) - (0.3193922639 * X8)) - 3.9606728554) ^ 2) - (((0.4673996568 * X12) ^ 2) ^ 2))))))
228_elusage,OperonRegressor,ok,2.0,-2.1496005262089755,28.714036290202465,82.0,84.0,23.9,,(0.0008998081 + (1.0047361851 * ((cos((sin((((-20.2757129669) * X1) - 57.9360885620)) - ((((1.3098006248 * X1) - cos((2.2163853645 * X2))) ^ 2) + (((-0.4220206439) * X1) - (-0.9496495724))))) + ((cos((2.9256732464 * X2)) - ((-0.0165532026) / ((-1.6410344839) * X1))) - ((1.6696295738 * X1) + sin(cos((3.2823412418 * X2)))))) + (cos((((((-1.9926753044) * X2) ^ 2) - (sin((0.8528607488 * X2)) - cos((1.8609713316 * X2)))) - (((-3.5662057400) * X1) - (1.0151873827 * X2)))) + (0.0945259184 - sin(sin((((-20.1368656158) * X1) - 58.1011352539))))))))
229_pwLinear,OperonRegressor,ok,10.0,0.7727133655905175,1.6973991472370218,92.0,93.0,49.0,,(0.0010552915 + (1.0003623962 * (((((((0.3066945970 * X2) + (((-0.0781304613) * X10) + 0.5567867756)) + (0.4042682648 * X6)) * cos(((((-4.0731835365) * X1) + ((-0.1557934880) * X7)) + ((0.2529612184 * X3) + (-0.8829878569))))) - ((-0.3932579160) * X6)) - (((exp((0.4867675304 * X2)) + (((-1.8688580990) * X1) + ((-0.1397874355) * X7))) + ((-0.2660391629) * X5)) + (exp(((-0.3540923893) * X5)) + exp(((-0.2060773671) * X2))))) + (((((((-0.7894644141) * X1) + ((-0.0364613272) * X4)) + ((0.0677640662 * X3) + (exp((0.3161533773 * X2)) * 0.6412380934))) + exp(((-0.0865939930) * X5))) ^ 2) - ((-0.1543374956) * X4)))))
230_machine_cpu,OperonRegressor,ok,6.0,0.4554750418220751,133.02417877933948,97.0,97.0,49.3,,(0.0000066470 + (1.0000375509 * ((((((-0.0110550402) * X2) + (((0.0011721364 * X6) - (0.0008395783 * X3)) * (((5.6597208977 * X4) - (4.2590856552 * X6)) + ((-3.8059535027) * X2)))) + (0.0027389764 + ((0.0014681260 * X5) - (0.0001819259 * X3)))) * (((((((-1.7322329283) * X2) - (13.5357322693 * X4)) + (24.9114322662 * X3)) * (((0.1591063887 * X5) / (0.3304896057 * X4)) + ((0.0865536630 * X6) - ((-0.3010011315) * X3)))) + (11.2698984146 * X4)) - ((-27.5304908752) + ((18.5457935333 * X6) - ((-28.9410114288) * X3))))) + (((-0.1811795533) + ((0.2231826186 * X6) - ((-0.4387555718) * X3))) - (((-0.4181546271) * X2) + ((-0.1836507469) * X4))))))
294_satellite_image,OperonRegressor,ok,36.0,-1857.7304637271216,34.371631947653555,88.0,88.0,46.9,,((-0.0000004800) + (0.9986857772 * (exp(((cos((9.9593544006 * X26)) - 3.5963592529) * ((((sin((2.0131406784 * X22)) + (0.8098547459 * X13)) + (((1.3655352592 * X25) - (2.9327630997 * X23)) + (((-1.3531606197) * X11) - 3.0301830769))) * (cos(((-2.8125982285) * X23)) - (((-0.0520016775) * X25) - ((-0.2237578183) * X23)))) - (((0.3677135110 * X25) - 3.5507879257) - (2.5982406139 * X23))))) + ((sin(((-1.0254700184) * X23)) * sin(((-0.4147407115) * X22))) + (cos(((3.9887552261 + ((-0.0766787827) * X3)) + (((-0.2700199783) * X24) - (0.1842894554 * X36)))) - ((-0.1916965991) - ((-0.1374790221) * X23)))))))
344_mv,OperonRegressor,ok,10.0,0.999582568724142,0.1860679997849146,94.0,95.0,55.2,,((-0.0000060463) + (1.0000005960 * ((((0.2359381914 + ((0.1896977574 * X1) - ((-0.6493478417) * X8))) + (((0.5121170282 * X6) - ((-0.0018127725) * X9)) - (((((-0.2093408108) * X6) - exp((0.9034485221 * X6))) + (((-0.2610482872) * X1) - ((-0.1049515307) * X9))) * (sin(((0.9212392569 * X1) + (2.4142916203 * X6))) * (0.0318636373 * X6))))) + ((2.9800517559 * X8) * (((-0.0917134434) * X6) - ((((0.0342812091 * X1) + (2.2051875591 * X6)) - (0.0883853883 + (2.1922016144 * X6))) ^ 2)))) / sqrt(exp((sin((((0.4672213793 * X6) - exp((0.6692413092 * X6))) + (1.5756775141 * X8))) - ((-0.0527745746) * X6)))))))
4544_GeographicalOriginalofMusic,OperonRegressor,ok,117.0,0.5316596229523259,0.6555005271114244,96.0,96.0,53.5,,(0.1025782824 + (1.0047174692 * (((sin((1.8378537893 * X102)) - (((0.9041141272 * X101) + (0.2937845588 * X10)) * ((-0.3431207240) * X102))) * (((((-0.6890487075) * X101) + (2.5821835995 * X102)) * (((-0.3056468070) * X98) + (((0.2638414204 * X71) + 0.2033541650) - ((-0.0599812567) * X11)))) + (((0.1621723771 * X11) + (exp((0.1450265050 * X71)) + (-0.8783906102))) + (((-0.2618786991) * X10) + (0.1890922636 * X77))))) + (((0.1110385284 * X66) + ((-0.1632536203) * X10)) - ((((((-0.1720685810) * X71) - ((-0.1595826596) * X73)) - cos(((0.5284804106 * X64) - (((-0.6872497797) * X98) + 1.9738323689)))) - ((-0.3518894911) * X64)) - (0.4073835015 * X102))))))
485_analcatdata_vehicle,OperonRegressor,ok,4.0,0.4412857317647521,221.6575551645916,94.0,94.0,41.6,,((-0.0006133376) + (0.9999418855 * (((exp((cos((((-0.8662760854) + ((-7.9765992165) * X4)) - (((-0.2075208277) * X2) + ((-0.7414436340) * X1)))) / ((-2.8864879608) * X1))) * (((1.0633391142 * X3) * ((0.3688413501 * X1) + ((-0.7647150159) * X3))) + (((-0.0494460054) * X2) + ((-0.9051805139) * X3)))) + (cos(((((-7.3227634430) * X2) + ((-7.9816269875) * X4)) - ((-2.2102267742) * X1))) / ((-2.7717373371) * X2))) - ((sin((((-1.1646388769) + ((-4.1719474792) * X3)) + cos(((-4.5224542618) * X4)))) * (55.3929443359 + ((19.4594421387 * X2) + ((-53.1845703125) * X1)))) * ((((-0.0041403789) * X2) + (0.0081765763 * X1)) + ((-0.0188678466) * X3))))))
503_wind,OperonRegressor,ok,14.0,0.7063914048833915,2.4745476067398875,92.0,94.0,53.6,,(0.0000000182 + (0.9977501631 * (((sin((((0.8964073658 * X14) + (2.2916278839 - (1.4601391554 * X12))) + (0.4871719182 * X13))) + (0.0907912701 * X11)) + (((-0.6663298607) - (0.0412140787 * X4)) - (0.6512854695 * X12))) + ((0.9162516594 * X14) + (((((-0.1536055654) * X5) + (0.6067918539 * X13)) - (((((-0.2506575584) - (0.0887966305 * X5)) + ((0.4493888021 * X10) - (0.0217473172 * X9))) ^ 2) / ((0.7349007130 * X14) + ((0.9541693926 - (2.1316623688 * X12)) - (0.6396365166 * X12))))) + ((((0.1689178497 * X14) + ((-0.1979995221) - (0.7494965792 * X12))) + (((-0.1876143962) * X10) - ((-0.6817243695) * X9))) ^ 2))))))
505_tecator,OperonRegressor,ok,124.0,0.9956947628839647,0.6922102674463213,102.0,102.0,44.4,,(0.0084320782 + (1.0000177622 * ((((((13.3425912857 * X19) - (2.5660083294 * X57)) + ((((0.0036216443 * X98) - ((-0.0027872806) * X124)) - (((-0.0023331970) * X109) + (0.0054669194 * X43))) * (((-80.8950576782) * X19) - ((-92.3927764893) * X43)))) - ((10.6980905533 * X89) + (((-9.1927108765) * X100) - ((-1.8715991974) * X48)))) - (55.9444923401 * X64)) + (((22.2094612122 * X77) + ((exp((-3.0570964813)) - ((-91.5174484253) * X34)) + (((-105.2488784790) * X33) - (((((-0.0002823134) * X124) * ((-53.3380622864) * X61)) + ((22.9879512787 * X24) + (0.6742393374 * X123))) - ((((-0.0678263977) * X109) - (7.4804072380 * X98)) + (((-0.0882261246) * X124) - ((-45.9882316589) * X61))))))) + (24.7110195160 * X30)))))
519_vinnie,OperonRegressor,ok,2.0,0.6268568002343666,1.956871169309527,94.0,94.0,50.9,,((-0.0028684670) + (1.0000175238 * (((((sin((37.1330833435 * X2)) * ((sin((34.6886062622 * X2)) * ((-0.2062595040) * X2)) - 0.0311113074)) - ((sin((47.3847618103 * X2)) * ((-0.1642099917) * X2)) + ((-0.8307312131) * X2))) - ((0.0587424189 * X1) - (sin((49.0720405579 * X2)) * (0.1485645175 * X2)))) - ((sin((41.5876922607 * X2)) * (0.1026097909 * X2)) - ((sin((37.5254020691 * X2)) - (sin((46.9439582825 * X2)) * ((-0.8872056603) * X2))) * ((-0.0990050510) * X1)))) + ((((-0.0054263012) * X1) * (sin((37.5134620667 * X2)) * (34.6664772034 * X2))) - (sin((45.1269111633 * X2)) * ((-0.2001523077) * X2))))))
522_pm10,OperonRegressor,ok,7.0,-0.1329220985589125,0.9267595625325202,80.0,82.0,45.2,,((-0.0022275324) + (1.0360916853 * ((((exp(cos(sin(((-2.3451189995) * X4)))) + cos(cos(((-177.4342041016) + (73.2764358521 * X5))))) - (cos(cos(((-19.1490592957) * X3))) + ((log((((-0.0491904020) * X4) ^ 2)) + ((-0.4885421991) * X4)) * (-0.2541407943)))) + ((cos(((sin((4.7390556335 * X4)) + ((-8.5931873322) * X1)) + 2.6367218494)) + ((((-0.3974806666) * X6) - (0.6289023757 + (0.4336559772 * X5))) + ((-0.3492779732) * X1))) * ((cos(sin(((-2.7755608559) * X4))) ^ 2) + sin(((-0.3334207833) + ((-0.2636092901) * X4)))))) - ((-0.4115463197) * X1))))
523_analcatdata_neavote,OperonRegressor,ok,2.0,0.9375961484272184,0.9402329088692092,42.0,44.0,19.2,,(0.0000533514 + (0.9999646544 * (((cos((exp((((-2.9405918121) * X1) + (-3.2966794968))) + (-0.4941001534))) + (((((0.0046676616 * X2) - 0.0168815255) + ((-0.5426415801) * X1)) / sqrt(exp((2.1808366776 * X1)))) ^ 2)) - (exp(((-0.1554877013) * X1)) ^ 2)) - (((-0.0073809889) * X2) - (-1.1418503523)))))
527_analcatdata_election2000,OperonRegressor,ok,14.0,0.3986656226966208,85955.93187712446,97.0,97.0,41.8,,(0.0000030994 + ((((-0.0948089957) * X14) - ((((((1.6365885735 * X5) + (1.0423784256 * X1)) - (4.4738736153 * X2)) * (((0.0763778687 * X9) + 0.0065218625) - (((0.0464482047 * X5) + ((-0.0364861935) * X3)) - (((-0.0361874588) * X13) + (0.0291797835 * X11))))) + ((-0.1105029806) * X11)) - (((((0.0460340455 + (0.2075919956 * X3)) - (0.1715972424 * X10)) * ((((-0.1214451566) * X13) + (1.9186660051 * X7)) - ((0.3442317545 * X14) * (0.3468008935 * X3)))) - ((-0.0425958745) * X3)) - ((0.0167715549 * X4) - (1.7254046202 * X10))))) - ((((0.0493805856 * X9) + (0.0232401825 * X5)) - ((-0.0514706485) * X7)) - ((-0.7753369808) * X1))))
529_pollen,OperonRegressor,ok,4.0,0.7284544894339646,1.9484921101448969,94.0,94.0,97.3,,(0.0000000135 + (0.9983729720 * ((((-2.0766339302) * X1) - ((sin(((4.0526118279 * X4) + (2.9706289768 * X1))) + sin((sin((((-1.0488159657) * X2) + (3.3431634903 * X3))) - ((0.3023005724 * X1) + ((-0.5317178965) * X3))))) - (cos(((((-3.5996246338) * X4) + (0.0609084330 * X3)) - ((-1.3836810589) + (2.5152480602 * X1)))) + (-0.1930233389)))) + (((sin((((-0.9055209160) * X2) + (3.2132225037 * X3))) - (((-0.4406485856) * X4) + ((-0.4430848956) * X3))) * (((0.2259842604 * X4) + (((-0.1693450958) * X2) + (0.2556398809 * X3))) - ((-0.8468571305) + ((-0.1555590183) * X1)))) - (((-0.2601349950) * X2) + (1.7741352320 * X4))))))
537_houses,OperonRegressor,ok,8.0,0.7464659932553888,48389.488281031656,86.0,86.0,93.3,,((-0.0091476012) + (0.9892127514 * ((((((((-0.4896274805) * X6) + ((0.5459446311 * X5) + ((-0.0316413045) * X2))) - (((0.1896102875 * X1) + (0.0219830256 * X8)) - 0.2314966023)) * cos(((-1.6124527454) + (2.2078273296 * X7)))) - (sin((0.9863392115 - ((0.4307970703 * X1) + (0.6040850878 * X8)))) + (((-0.1396273077) * X6) + ((0.1096384749 * X5) + (-0.4684550464))))) / exp(((-0.2875229120) * X8))) - (((-0.2072235048) * X7) + cos(((2.4914801121 + (1.5624507666 * X7)) - (((((-0.3060316145) * X1) + ((-1.8679800034) * X8)) - (-8.4266424179)) * cos(((-0.7118458748) + (0.4497457743 * X7))))))))))
542_pollution,OperonRegressor,ok,15.0,0.1572125953214677,72.54936700016478,96.0,96.0,39.5,,(0.0000004503 + (0.9998421669 * ((((((-0.1785850227) * X9) - sin(((-8.1689128876) * X9))) - ((-0.2210696042) * X8)) + (((((((-0.5757145286) * X9) - ((-2.0326378345) * X8)) + exp((0.9804130793 * X3))) - (0.9806873202 * X1)) / ((-10.5470333099) + ((-43.1075744629) * X14))) + (((sin(((-7.7517895699) * X9)) - ((-0.1768130064) * X15)) - sin(((-0.7319420576) * X9))) + ((((0.0125912111 * X14) / ((1.5124708414 * X9) - (3.0707719326 * X8))) - ((-0.3241501749) * X14)) - ((-0.3513737917) * X1))))) - (0.0844799057 - (((36.1342506409 * X14) + ((((-85.0902175903) * X8) + ((-14.3193120956) * X3)) + exp(((-2.6953530312) * X6)))) * ((-0.0062319990) * X10))))))
547_no2,OperonRegressor,ok,7.0,0.3986137295676233,0.4903504080552402,94.0,94.0,53.1,,(0.0296200532 + (1.0051561594 * ((((((-0.2493395507) * X3) * (sin((8.6511869431 * X6)) + ((-1.5334316492) * X1))) - ((((-0.0828735232) * X3) + (0.5710595250 * X2)) * (cos(((2.2001023293 * X7) + 0.3643735945)) + (sin((3.2562885284 * X5)) * (((-0.5671311617) * X3) + ((0.1390857548 * X7) + ((-0.2971851230) * X1))))))) - ((((0.5188407898 * X3) + (0.4551346898 * X2)) + ((-0.1486516446) * X4)) + (0.1456230581 * X6))) + ((cos(sin((4.3376693726 * X5))) - cos(exp(((((1.4435510635 * X3) + (0.6118211746 * X2)) + (1.5588682890 * X4)) - (6.1461844444 + (3.0480179787 * X1)))))) + (0.9070290327 * X1)))))
556_analcatdata_apnea2,OperonRegressor,ok,3.0,0.8352636906722765,1342.8655501120168,78.0,79.0,51.5,,((-0.2336025387) + (1.0819060802 * ((((85.5574111938 / cos(sin(((-1.6572060585) * X3)))) + ((((73.3283615112 * X1) - ((-3.4547255039) * X2)) - ((-3.5916438103) * X2)) / cos((1.6088947058 * X1)))) * ((((-15.1060953140) * X3) - 117.4804382324) * (cos(((-0.8173463941) * X2)) - (cos((102.8950805664 * X2)) + ((-0.7299899459) / cos(29.2373523712)))))) * ((((sin(cos(sin(((-2.3249714375) * X3)))) / (((-0.7299899459) / cos(117.4804382324)) - (38.0088272095 * X2))) / (((218.9815063477 * X1) - 104.0577163696) - (77.3484573364 * X2))) + (-0.0031554024)) ^ 2))))
557_analcatdata_apnea1,OperonRegressor,ok,3.0,0.5350863103271393,2178.835432361123,92.0,94.0,52.4,,((-0.1836722344) + (1.0324860811 * ((((((((-8.2533016205) * X1) + ((-3.7384107113) * X3)) - cos((2.1357550621 * X1))) * sin((((-3.6223418713) * X3) ^ 2))) - (((-15.3416709900) * X1) + (2.0393121243 * X3))) / (cos((0.2195381671 * X1)) * sin((((-5.1152896881) * X1) - (((-4.1106944084) * X3) ^ 2))))) * (((((sin(((-52.6388664246) * X2)) * cos((2.8541040421 * X1))) - (((((-0.1427443177) * X1) + (0.0025116918 * X3)) - sin(((-4.7584438324) * X2))) * sin(cos(((-51.3257942200) * X2))))) - ((0.0741144866 * X1) + ((-0.0003358930) * X3))) * sin(((-0.0023085051) * X2))) / cos((2.1418678761 * X1))))))
560_bodyfat,OperonRegressor,ok,14.0,0.9615625175381212,1.43004920464339,94.0,97.0,58.8,,(0.0000038475 + (0.9999988675 * ((((((3.2302057743 * X4) + (3.3973429203 * X5)) - (1.7801662683 * X10)) / (((-2585.9851074219) * X14) - (1245.8907470703 * X1))) + ((exp(exp((((-6.3433847427) + (0.5519309044 * X5)) + (2.3011329174 * X1)))) + ((-1.0167371035) * X1)) - ((-0.0062516038) * X2))) - (((((0.0888302773 + ((-0.3369150162) * X9)) + (0.2106311023 * X14)) ^ 2) ^ 2) - ((((((0.1453873962 * X14) + ((-0.1379720867) * X9)) - (0.0342687443 * X5)) - (0.0452083237 * X10)) ^ 2) - (((1.0148613453 + (0.0186739359 * X9)) - (((14.3238868713 * X14) + ((-18.7087421417) * X9)) * (0.0006193604 * X4))) - (0.0063367351 * X14)))))))
561_cpu,OperonRegressor,ok,7.0,0.9969768142693471,9.94479123601549,96.0,97.0,57.7,,((-0.0000003636) + (0.9999849200 * (((((((0.0135541717 * X4) + ((-0.2732430696) * X2)) * (((0.1505337656 * X7) + (0.1650080085 * X6)) + (0.0129834991 * X2))) + (((0.0970409736 * X7) + ((-0.0939474180) * X6)) + ((-0.0481569842) * X2))) + ((-1.3164992332) - (((((-0.4255003333) * X5) - 1.3141856194) - ((-0.6364375949) * X3)) * (0.1255950332 * X4)))) + exp(((0.1533103883 * X5) - ((0.0878544077 * X7) + ((-0.0861546025) * X6))))) + (((((0.0086606788 * X3) + ((((-0.0270019099) * X7) + (0.0002944275 * X4)) + (0.1814186275 * X2))) * ((-1.6374177933) * X3)) + ((sin((-154.1421051025)) - ((-0.2773701549) * X4)) + ((-0.2129086852) * X2))) ^ 2))))
562_cpu_small,OperonRegressor,ok,12.0,0.975182869750795,2.954476133353059,90.0,90.0,51.8,,(0.0000497465 + (1.0001515150 * ((((((((-0.0466252156) * X8) - (((-0.1215412319) * X11) - exp(((-0.2046134621) * X7)))) + (exp(((-2.4363620281) * X12)) / (-550.8532104492))) - (0.4471650422 * X3)) - exp(((((((-97.9684066772) * X6) - (-95.7886886597)) - exp((4.2235202789 * X12))) - ((12.0252151489 * X9) + ((-157.1328735352) * X3))) / ((1249.1604003906 * X8) - 2275.7451171875)))) - (((((0.1691414565 * X6) + (0.0368922725 * X1)) - (((-0.0597119294) * X9) + (0.1851390153 * X3))) / exp(((((-0.0644278303) * X6) - sin(((-0.6033803821) * X8))) + (0.1081135347 * X3)))) - exp((0.0552522130 * X7)))) - 0.8677591085)))
564_fried,OperonRegressor,ok,10.0,-6.082748517891395,12.232049932911025,94.0,95.0,58.1,,(0.0002640216 + (1.0013195276 * ((((sin(((0.0481260717 * X10) - (((-0.0833092555) * X9) + ((-1.2353831530) * X2)))) - (sin((((-0.8376156092) * X1) - (((-0.0779629573) * X9) + (0.8012346625 * X2)))) - ((0.3940610588 * X1) - (0.0004030382 / (((-0.0127456691) * X4) + (0.0532505475 * X2)))))) + exp((1.1575087309 * X2))) - (1.4753903151 - ((((-0.5108787417) * X3) ^ 2) - ((((-0.5695654154) * X4) + (0.0810012445 * X3)) + (((0.0246843360 * X4) + (0.9750506878 * X2)) * (1.0857495070 * X2)))))) - ((sin((((-0.8968216777) * X1) - ((-3.9394254684) - ((-0.0631081164) * X2)))) - (0.2649467587 * X5)) + (2.5094895363 * X2)))))
573_cpu_act,OperonRegressor,ok,21.0,0.9813549976324466,2.5608605355894656,94.0,95.0,65.7,,((-0.0000010280) + (0.9999402165 * ((((exp(((-0.4799073935) * X3)) - ((1.3092226982 * X12) - ((-0.4928714335) * X20))) - ((0.8284781575 * X21) ^ 2)) - ((exp(exp((0.0394675098 * X2))) - (((((-0.0506534949) * X7) - (-2.3830268383)) + ((-0.0532734245) * X4)) - (exp((0.4205075502 * X3)) - ((-0.0673299581) * X6)))) - ((((exp(((-0.2679377794) * X20)) + (0.8060652018 * X3)) - ((((-13.9170894623) * X12) - ((-0.7230926156) * X7)) * ((-0.1477571577) * X20))) - exp((0.0406563617 * X16))) + ((-0.0201854315) * X9)))) - (((-0.1279508024) * X2) - (exp(((-0.1893116385) * X17)) - (cos(((-1.1893548965) * X21)) + (0.0086094737 * X21)))))))
574_house_16H,OperonRegressor,ok,16.0,-0.0170687429606006,44895.06488560597,90.0,90.0,70.6,,((-0.0114614386) + (1.0673000813 * (((0.7316359878 - (sin(((0.7409605384 * X5) + (0.0929314196 * X1))) + ((0.1700917333 * X6) + ((-0.0401710272) * X13)))) - sin(((sin(((-1.4141755104) * X13)) + ((-0.4453898668) * X9)) - ((1.1276857853 * X11) - 2.5327928066)))) + ((0.0585747361 * X10) - (sin(((sin(((-0.9740988016) * X13)) + ((0.2634502649 * X10) - (0.1490805149 * X13))) - (sin((1.5534459352 * X11)) - 1.3641790152))) - ((((-0.1203902140) * X5) + (0.7048854828 * X4)) + sin((((0.8080232739 * X10) - ((-0.8050608635) - (0.3079178631 * X9))) + ((0.7776836157 * X5) + ((-1.0188968182) * X4))))))))))
579_fri_c0_250_5,OperonRegressor,ok,5.0,0.9290391560225684,0.2300441274795304,88.0,92.0,72.8,,((-0.0002958898) + (1.0011093616 * (((cos(((0.0322812833 * X2) + (0.9426477551 * X1))) - (cos((24.6580982208 * X1)) * (((0.1379849911 * X2) + (0.2040037066 * X1)) ^ 2))) - sin((((3.2369909286 * X2) + (2.7424616814 * X1)) * sin((-0.2972276807))))) - ((cos(((-0.6326317191) * X1)) + (((-0.0710900128) * X3) + (((-0.4331316054) * X2) ^ 2))) - ((cos(((-1.8189800978) * X1)) * (((-0.3027127385) * X2) ^ 2)) + (sin(sin(((-0.6362547278) * X2))) + (exp(((0.4768684208 * X3) ^ 2)) + (((0.2955588400 * X5) + (0.3438282013 * X2)) + ((0.5947617292 * X4) + (-0.8867334723))))))))))
581_fri_c3_500_25,OperonRegressor,ok,25.0,0.9578401077003592,0.1911380597486556,86.0,89.0,54.4,,(0.0000000453 + (1.0001969337 * ((((cos((exp((0.3369446397 * X1)) - ((-1.1163562536) * X2))) + cos((9.9203386307 - ((-1.7698117495) * X2)))) + cos(((exp((0.7576383352 * X1)) - ((-2.3181018829) * X2)) + (-2.7209084034)))) + (((cos((exp((0.9200446010 * X1)) - ((-1.7510807514) * X2))) + (-1.0817406178)) + ((((0.1582784355 * X20) ^ 2) - (0.3817721903 * X3)) + (0.5113811493 * X5))) - (((-0.4081071913) * X2) ^ 2))) + (((exp(((-0.0303502623) * X9)) + ((0.3825781345 * X3) ^ 2)) - ((-0.3782311976) * X4)) + cos((exp((0.6026108265 * X1)) - ((-2.2837719917) * X2)))))))
582_fri_c1_500_25,OperonRegressor,ok,25.0,0.9679890306833264,0.1804555043343025,88.0,89.0,59.8,,(0.0000006641 + (1.0001200438 * ((((cos((((-1.8890805244) - (2.4215440750 * X2)) - ((0.8329678774 * X1) + (0.1146885753 * X3)))) + (cos(((1.1450856924 - (2.7466657162 * X2)) - ((1.1739162207 * X1) + (0.1412134320 * X3)))) - (((-0.4140620828) * X4) / exp((0.0645358562 * X3))))) - (exp(((-5.8793125153) - ((-3.4576840401) * X2))) - (((-0.3301490843) * X1) + ((0.4773776233 * X3) ^ 2)))) + ((-0.0853982195) - ((-0.0277266279) * X9))) + (cos((((-0.8009383678) - (1.7065292597 * X2)) - ((1.4407457113 * X1) + (0.0645306110 * X4)))) - (((-0.2109342068) * X5) / exp((0.0880115852 * X3)))))))
583_fri_c1_1000_50,OperonRegressor,ok,50.0,0.9409363572899976,0.2459946921437126,90.0,90.0,60.6,,(0.0034490798 + (1.0015195608 * (((cos((5.0152339935 + ((-2.4652128220) * X1))) - cos(((((1.4701058865 + ((-0.4451945126) * X1)) - (0.0315024331 * X4)) - cos((((-1.8970899582) * X2) + (1.3374153376 * X1)))) + cos(((((-0.5894925594) * X41) * (0.0877422839 * X5)) + (1.4718427658 * X1)))))) + (((-0.0938751847) * X2) - ((-0.4556376636) * X4))) + (((((-0.6010200381) * X41) * (0.0977860391 * X5)) - ((-0.1982962191) * X5)) + (sin(((3.8478138447 + ((-2.7430105209) * X1)) + (0.6845160127 * X2))) + sin(((1.3369604349 * cos((((-0.0415812843) * X15) + (1.2199997902 * X1)))) + ((-2.1721918583) * X2))))))))
584_fri_c4_500_25,OperonRegressor,ok,25.0,0.782960400859287,0.4232605011164426,84.0,86.0,58.7,,((-0.0000000429) + (0.9985430837 * ((((((0.3861428201 * X4) + (((0.4206883609 * X3) ^ 2) / exp((0.1795592904 * X4)))) - cos((3.0673129559 + (1.9500894547 * X1)))) - sin((2.0759005547 * X2))) - (((-0.3822573125) + (0.4310282767 * X1)) + (((-0.3753794432) * X5) + (0.2411153466 * X3)))) + (((cos((2.6044542789 + (1.8388009071 * X1))) - ((sin((1.5481944084 * X2)) + (-0.6999009848)) ^ 2)) + ((0.0156315733 * X6) - ((-0.0194107555) * X16))) / (exp(((sin(((-0.4411664009) * X2)) + (0.0122938966 * X19)) * exp(sin((1.2720099688 * X2))))) * 1.9836443663)))))
586_fri_c3_1000_25,OperonRegressor,ok,25.0,0.9640802941789368,0.1903979397443696,88.0,88.0,59.8,,(0.0001129219 + (0.9987955093 * (((sin(sin(((2.2095086575 * X1) - (1.7702493668 + ((-1.7252612114) * X2))))) * ((-1.1953732967) + sin(((2.0384862423 + (0.1353661716 * X25)) - ((-0.6200676560) * X2))))) - sin(((0.9329493046 * X1) - (((-0.0271880254) * X19) - ((-0.4023149312) + (1.5631046295 * X2)))))) + ((sin(((0.6945193410 * X3) - ((0.0449037068 * X4) - ((-2.1384661198) + ((-0.1266435236) * X1))))) + (((-0.0487821512) * X8) - ((0.2414995730 * X1) - ((0.0315810405 * X19) - (((-0.0302745849) * X21) - (0.8033883572 + ((-0.0931845903) * X2))))))) - (((-0.3540940285) * X4) - (0.3858421147 * X5))))))
588_fri_c4_1000_100,OperonRegressor,ok,100.0,0.9726287823332336,0.1574540652014086,78.0,84.0,53.8,,(0.0004824867 + (1.0032429695 * ((0.0183156971 * X27) - ((((((((-0.0329885483) + (0.0228683297 * X2)) ^ 2) * ((25.3359088898 + (27.9227962494 * X2)) ^ 2)) + 27.1047935486) + sin(((((-0.9400846958) + ((-0.6121140122) * X2)) ^ 2) - (1.4707429409 + ((-1.5493404865) * X1))))) * (((((-0.3310101926) + ((-0.1072719395) * X2)) ^ 2) + (0.4089054763 * X2)) - (((0.0778762102 + ((-0.0769185871) * X3)) ^ 2) - ((((-0.0149195427) * X5) - (-0.7562753558)) + (0.0018124089 * X1))))) - ((((-0.8406592011) - (0.2251623869 * X4)) ^ 2) + (23.0008239746 + (12.8648777008 * X2)))))))
589_fri_c2_1000_25,OperonRegressor,ok,25.0,0.9680811714286548,0.1937659527314482,88.0,88.0,69.7,,((-0.0000000020) + (1.0001474619 * (((((0.2249863446 * X5) - sin(((-0.3911629617) * X4))) - ((0.2904448807 * X1) - ((-0.2947993875) * X2))) - (((-0.0119382190) * X16) + (-0.5844820142))) - (sin((((1.9552302361 * X1) - ((-2.6094620228) * X2)) + 1.3894349337)) + ((((((0.9039492011 * X1) - ((-0.9504175782) * X2)) + 0.7939950824) * sin((((1.6508575678 * X1) - ((-2.0735068321) * X2)) + (-0.5639067292)))) - ((((0.0302266385 * X16) - (0.0299479906 * X17)) + (0.9450548291 + ((-0.0258592758) * X25))) * cos(((1.1903575659 * X1) - ((-1.6335123777) * X2))))) + sin((0.9468505979 + (0.5673524141 * X3))))))))
590_fri_c0_1000_50,OperonRegressor,ok,50.0,0.9087579120558616,0.280373398171331,88.0,90.0,70.3,,((-0.0000004712) + (1.0001959801 * ((sin(sin(((2.2783627510 + (0.8844948411 * X1)) - exp(((-0.8093999624) * X2))))) + (exp(((cos((((-0.0325300545) * X24) + (0.1525923163 * X1))) + exp((0.1141463965 * X2))) + ((0.0381375477 * X5) + ((0.1974988729 * X3) ^ 2)))) + (((-8.7465286255) - ((-0.5994563699) * X4)) + (sin((((-0.8805950284) * X2) - ((-2.8156504631) + (0.5816155076 * X1)))) ^ 2)))) + (((((-0.0222932361) * X8) + ((-0.0192209221) * X3)) - ((1.5538572073 * X2) - (cos(exp(((-0.7282801270) * X2))) - ((-0.0371678807) * X15)))) + ((0.0311538596 * X43) + (0.1763147712 * X1))))))
591_fri_c1_100_10,OperonRegressor,ok,10.0,0.9400168800594896,0.2289092270305505,92.0,92.0,49.2,,((-0.0000016409) + (1.0013508797 * (cos((sin((((-0.8913468719) * X1) + ((-1.6354807615) * X2))) + (((-0.1250153333) * X5) + ((-1.4384452105) + (0.6574171185 * X2))))) + ((exp(((-0.5951830745) * X3)) - (((((-0.2658328116) * X5) + (0.1079160720 * X1)) - (((-0.1812741756) + ((-0.5483492017) * X2)) - ((-0.7106996179) * X3))) + (0.0188786034 * X10))) - (cos(((((0.1263379902 * X4) + (0.0985893384 * X1)) - (0.0718127266 * X10)) + (0.3092012107 * X5))) + (((0.3599641323 + (0.4792838097 * X2)) * sin(((((-0.0570577532) * X10) + ((-1.9519389868) * X1)) - ((-3.9299869537) + (1.4945235252 * X2))))) + ((-0.3854989409) * X4)))))))
592_fri_c4_1000_25,OperonRegressor,ok,25.0,0.9635761493575118,0.1623400917387325,88.0,88.0,65.4,,(0.0000906970 + (0.9967965484 * (cos((((-1.1294816732) - ((-0.7924371958) * X1)) - cos(((((-0.1232541502) * X3) + ((-1.6451888084) + (1.6079242229 * X2))) + (0.8094443083 * X1))))) + ((((cos(((-3.7017846107) + (0.5926214457 * X3))) - cos((((0.0565310940 * X5) + (1.0203745365 * X2)) * (1.3507834673 * X1)))) + exp((0.0361971892 * X17))) + (((0.3020067811 * X5) - ((-0.8522090912) * X4)) + ((-0.6108493805) * X1))) + (cos(((0.1567960382 * X2) + (((-1.6927007437) - ((-0.0911650881) * X1)) - (0.5460179448 * X4)))) + cos(((0.6166159511 + (1.1891438961 * X2)) + (1.3143342733 * X1))))))))
593_fri_c1_1000_10,OperonRegressor,ok,10.0,0.9762381996756472,0.1386729096319167,90.0,90.0,65.1,,(0.0001400950 + (1.0017746687 * (((((0.1823148727 * X5) - ((-0.6882518530) * X1)) + ((0.3657311499 * X4) + (0.0209062360 * X8))) - sin(((-1.3916285038) * X1))) + ((((0.9627888203 - (cos(((-0.7184748054) * X3)) + (((-0.0833529606) * X3) + (1.8292961121 * X1)))) + cos((((-2.2073137760) - (0.8448709846 * X1)) + ((-0.9786031246) * X2)))) * cos((0.4810251296 * X1))) + sin((((((-0.0117954602) * X5) - (1.5292960405 * X1)) + (((-0.0262148567) * X4) + (0.0819655210 + ((-1.5694537163) * X2)))) + cos((((-0.2692853808) - ((-1.3342989683) * X1)) + (sin(((-0.8114999533) * X1)) + (0.3251871169 * X2))))))))))
594_fri_c2_100_5,OperonRegressor,ok,5.0,0.950790165756622,0.2472131040982093,88.0,88.0,48.1,,((-0.0014909203) + (0.9965006709 * ((((cos(((-3.1651191711) + (1.2380585670 * X3))) - (((-0.2014216930) * X5) + ((-0.4421013594) * X1))) + cos((((0.0716213509 * X4) + ((-0.6342506409) * X1)) - ((0.9161270857 * X2) + 1.5543866158)))) + (cos(((cos(((-0.9667483568) + (0.2919858396 * X1))) * ((-2.5001597404) * X2)) - (((-0.0697416514) * X3) + (1.3889387846 * X1)))) + ((0.1760632843 * X3) - ((-0.4048167467) * X4)))) + (cos(((-0.6271110773) - (1.0708354712 * X3))) + cos(((cos((((-2.2855799198) * X3) + (1.3435811996 * X1))) * (0.2935614288 * X2)) - (1.7813005447 + (0.5441712737 * X1))))))))
595_fri_c0_1000_10,OperonRegressor,ok,10.0,0.9571733340349384,0.2175343003279093,88.0,88.0,63.8,,((-0.0000637894) + (1.0037562847 * (sin(((((((-1.3523283005) * X2) * ((-0.2637946010) * X1)) + (0.7674594522 * X2)) - ((-0.6777354479) * X1)) + 0.3432743251)) + (((sin((((-4.5303134918) * X1) + ((((-0.2903101742) * X4) + ((-3.0096397400) * X5)) - sin((-9.1450824738))))) * ((0.0721195266 * X3) + (((0.0290943757 * X4) + (0.0706203133 * X10)) + (0.0563526452 * X2)))) + ((0.5251628757 * X4) + (0.2961348295 * X5))) + ((3.2827284336 + (((0.3250524104 * X3) + (((-0.4574736655) * X1) + 4.1915054321)) * sin(((0.3701292574 * X3) + (-1.3621506691))))) - sin((((-0.4780951738) * X1) + (-2.6348850727))))))))
596_fri_c2_250_5,OperonRegressor,ok,5.0,0.9645196705885364,0.1981940360266937,90.0,90.0,67.7,,((-0.0000061679) + (1.0005819798 * (((((0.2060546428 * X5) + (0.1304982454 * X3)) - (sin((1.7340042591 * X2)) + (cos((2.4483270645 * X2)) * (0.8514750004 * X1)))) + ((sin((((2.3366396427 * X1) + ((-0.0311098266) * X5)) - (((-1.9310064316) * X2) - (-0.8314943910)))) * (((1.6634752750 * X1) + (0.6158483028 * X4)) + ((1.3019671440 * X2) + 4.6683406830))) * (((-0.0657791197) * X2) + (-0.0449878871)))) + (sin(((3.9002125263 + (0.6228088737 * X3)) - (cos(((-4.5845212936) * X2)) * ((-0.1389614344) * X1)))) - (((0.2217849791 * X1) + ((-0.3559687138) * X4)) + ((0.0534682125 * X2) + (-0.5139122605)))))))
597_fri_c2_500_5,OperonRegressor,ok,5.0,0.9739956807509909,0.1637718602681556,84.0,84.0,53.8,,((-0.0000337525) + (0.9993354082 * ((((((-11.4680700302) + exp(((-0.0647604093) * X1))) + (1.4632910490 * X5)) - ((sin(((1.1280806065 * X2) + (1.0041346550 * X1))) + (0.3885991871 * X3)) + sin(sin((((-2.9818058014) * X2) + 0.6715875864))))) * cos(((-0.1816328615) * X3))) + ((((((-0.5712001324) * X2) + (0.5912808180 * X1)) * sin((((-2.4182395935) * X2) + 1.3579947948))) + (8.8910055161 + ((-1.5538283587) * X5))) + (((exp((0.2171486616 * X5)) + (0.2663052380 * X4)) - cos((((2.3276414871 * X2) + exp((0.6426262856 * X1))) + (-10.0313663483)))) / 0.6968902349)))))
598_fri_c0_1000_25,OperonRegressor,ok,25.0,0.9621828689145188,0.2160815509249721,86.0,86.0,57.0,,(0.0015571557 + (1.0030728579 * ((((0.4568841755 * X5) - (0.5938172340 * X2)) - (exp((((-1.7964487076) + (1.1752282381 * X1)) - ((-0.6510525346) * X2))) - (0.2854739428 + (1.0325949192 * X1)))) + ((cos((((2.1335921288 + ((-0.6633273959) * X1)) + (exp(((-0.9067925811) * X3)) - (0.8140304685 * X2))) - exp(((-0.8700641990) * X3)))) - sin((((-3.7772974968) + ((-0.7702910304) * X1)) + exp(((-0.1888149381) * X3))))) + (((exp(((-0.5246117115) * X3)) + (exp((0.6776074767 * X3)) - exp(((-0.6690776944) * X2)))) + sin((0.7001869678 * X4))) - exp((0.2043835521 * X5)))))))
599_fri_c2_1000_5,OperonRegressor,ok,5.0,0.9820370992971664,0.1418960137331291,86.0,87.0,56.9,,((-0.0000353683) + (1.0006545782 * (sin((0.3487183154 * X4)) + (((sin(((-0.3788738847) + (1.0061526299 * X1))) + ((((-0.4271188378) * X3) - ((-0.0225600302) * X4)) ^ 2)) + (0.1901385933 * X5)) + ((cos(((0.3803992271 + (0.7455613613 * X1)) - ((-1.5494446754) * X2))) + ((((-0.3199827373) * X3) + sin(((-1.1923115253) * X1))) - sin(((-2.1255514622) * X2)))) + (cos((exp(((0.3515896201 * X2) + (0.5660322309 * X1))) - ((-1.3110063076) * X2))) + (((-0.0000277469) / ((-1.0503864288) * X4)) - ((((-0.0587960444) * X2) - (-0.0715481415)) - sin((((-1.8927999735) * X2) - 0.7150673270))))))))))
601_fri_c1_250_5,OperonRegressor,ok,5.0,0.9743619671383742,0.1640688021430712,92.0,93.0,59.2,,(0.0000235613 + (1.0000007153 * ((((0.0164497197 * X4) + (((((-0.2917309105) * X2) + (-1.5583833456)) + ((-0.9180913568) * X1)) + cos(((0.8305449486 * X2) + (0.7622368336 * X1))))) * ((cos(cos(((1.3691855669 * X2) + (0.7848346829 * X1)))) + (1.0503202677 - ((-0.6515993476) * X1))) + ((0.0228653830 * X4) + (cos(((-0.4416110516) - (1.2049468756 * X1))) - ((0.8289048076 * X2) + (0.0156466849 * X3)))))) + (((cos((((-0.0175713748) * X5) + (0.9553619623 * X3))) + (((-0.7077845335) * X2) + (1.6599569321 * X1))) + ((0.8185367584 * X3) ^ 2)) + (exp((0.1728029251 * X5)) + (0.3818249106 * X4))))))
602_fri_c3_250_10,OperonRegressor,ok,10.0,0.9769556180100982,0.1731306738847276,92.0,93.0,49.4,,((-0.0000357873) + (1.0015425682 * (sin(((((0.0195979439 * X1) * (((-2.7712979317) * X4) + ((-35.1065711975) * X2))) - ((-1.1789968014) + (1.2322390079 * X1))) + ((-1.5389053822) * X2))) + ((0.3475152850 * X5) + (((-0.1094504297) - (((-0.0056635407) * X9) + ((-0.1519578993) * X1))) + (sin(((sin(((-0.9491667747) * X1)) - (((-0.0435564592) * X4) + 0.4658184946)) + ((-0.9619511366) * X2))) + ((((((-0.4100643396) * X3) ^ 2) - (((-0.1107433215) * X2) + (0.3530106843 * X3))) + (0.4203181267 * X4)) + ((sin(((-1.4604794979) * X1)) * ((0.0293974113 * X2) + (0.0065071667 * X3))) / (0.1551674008 + ((-0.0346483365) * X8))))))))))
603_fri_c0_250_50,OperonRegressor,ok,50.0,0.93486344365005,0.2294449701124949,84.0,89.0,49.6,,((-0.0000273417) + (1.0000516176 * ((((exp((sin(((-4.3930258751) + (0.2027253509 * X1))) + ((0.2057650983 * X2) + (1.8299024105 - ((-0.0098970272) * X3))))) + (((-2.0093929768) * X3) ^ 2)) + sin((((-0.8748825192) * X2) + ((-2.5967688560) + ((-0.7259168029) * X1))))) + ((exp((((-0.7811715603) * X3) ^ 2)) + (1.0777657032 * X1)) + ((-0.0502345152) * X35))) - ((((-0.0461382493) * X39) - ((-0.1425867528) * X3)) + ((((-2.0391476154) + ((-0.8205134869) * X2)) ^ 2) - (((-4.0954775810) - ((((-2.8974442482) + (0.0395215154 * X5)) - (((-0.8272174597) * X3) ^ 2)) ^ 2)) - ((-0.5563251376) * X4)))))))
604_fri_c4_500_10,OperonRegressor,ok,10.0,-27.89150692287581,5.658780207913329,90.0,92.0,39.1,,((-0.0000379606) + (1.0014475584 * (((((cos(((((-0.9182667136) * X2) - (1.2862446308 * X1)) + (-1.8920251131))) + ((0.0198592544 * X4) - (0.1620573252 * X1))) ^ 2) + cos(((((-1.6613271236) * X2) - (2.1085999012 * X1)) + (-0.2219927162)))) + ((((((((-0.1149658263) * X2) - 0.1050561816) + ((-0.3528777063) * X3)) - (((0.0000648061 * X1) / (0.6207523942 * X3)) / (0.5515325665 * X3))) ^ 2) + ((0.3900320530 * X5) + ((-0.0562997311) * X1))) + cos(((((-1.2631292343) * X2) - (0.9765931368 * X1)) + (-1.2230559587))))) + ((0.0438133441 * X7) - ((((-0.3590221703) * X4) + (0.3933769763 * X3)) - (-0.7968342304))))))
605_fri_c2_250_25,OperonRegressor,ok,25.0,0.9720592444542062,0.1630365297706657,86.0,86.0,50.1,,(0.0000075466 + (0.9954726100 * ((cos((cos((2.6405372620 + (((0.0324797817 * X17) + (1.5918105841 * X1)) - ((-2.1536662579) * X2)))) - ((7.0093355179 - (0.6154098511 * X1)) - (0.9833025336 * X2)))) - (((0.3502416611 * X3) + (((-1.8249540329) + ((-0.1838920265) * X5)) - ((-0.3105319738) * X2))) - (0.4052127004 * X4))) - (cos(((((-2399.8066406250) * X3) + exp(((-4.0315103531) * X23))) / 3988.7944335938)) + ((exp(cos((((-4.8748874664) + ((-1.7809196711) * X2)) + ((-1.2351433039) * X1)))) - cos((((-6.7623624802) + (1.8004726171 * X1)) - ((-2.1936697960) * X2)))) + (0.3139704466 * X1))))))
606_fri_c2_1000_10,OperonRegressor,ok,10.0,0.9745144724259418,0.1734777044714907,86.0,88.0,60.8,,(0.0009112931 + (1.0018786192 * (((cos(((((0.0322374180 * X4) + (((-0.0115121938) * X8) - 0.1147525012)) + ((-1.9820587635) * X2)) - (1.4371100664 * X1))) * (((0.3652733266 * X1) ^ 2) + (0.6710020900 + (0.5842655897 * X2)))) - ((((-0.4446044266) * X4) + (cos(((0.6258753538 * X3) - 0.7518631816)) + ((-0.1963992417) * X5))) - ((1.2801678181 + ((-0.6593924761) * X2)) - (0.2846527994 * X1)))) - exp(((((0.2649270594 * X1) ^ 2) + ((-0.7777296305) + ((-0.3258615136) * X2))) - sin((cos((((-1.9538514614) + ((-2.6330583096) * X2)) - (0.6520804763 * X1))) + (0.5112628341 * X2))))))))
607_fri_c4_1000_50,OperonRegressor,ok,50.0,0.959696232868321,0.2063897375557366,94.0,95.0,54.8,,(0.0001107702 + (0.9994490743 * ((((cos((1.0770750046 * X2)) * ((0.9228696227 * X1) - ((-0.1004372016) * X5))) + (-0.7928397059)) + ((((0.2168973684 * X2) - (-0.2486404628)) * (sin(((-2.9016561508) * X1)) + ((cos((2.3225739002 * X2)) * (((-4.4269986153) * X1) - ((-1.0559507608) * X2))) - ((8.0298576355 * X2) - (((-3.4301602840) * X1) - ((-0.2187064588) * X5)))))) + ((-1.1033834219) * X2))) + ((((0.3505937457 * X4) + (((-0.4088363647) * X3) ^ 2)) + (((-0.1055207700) * X3) + (exp(cos((4.5472860336 * X2))) * (((-0.0920286477) * X3) - (((-0.0935015231) * X1) - (0.1367010176 * X5)))))) + exp((1.5009702444 * X2))))))
608_fri_c3_1000_10,OperonRegressor,ok,10.0,0.974469182914166,0.1715587777804691,85.0,85.0,65.0,,(0.0000003460 + (1.0001679659 * (cos(((((((-9.6825265884) * X2) / (6.1304211617 - (1.3383548260 * X1))) + (((-0.0463012457) * X4) - ((-0.0647417009) * X5))) - (1.0965846777 * X1)) - 0.8795989156)) + ((((0.1075220704 * X2) * exp(((-0.1366670132) * X8))) + ((cos(((2.2915358543 - ((-0.4355943501) * X1)) + ((5.9906673431 * X2) / 10.5527172089))) + ((0.2922605574 * X4) - ((-0.3966240883) * X5))) - (0.0741833597 * X3))) + ((cos(((2.8532929420 - exp((1.6206785440 * X8))) + ((0.6358436346 * X3) + exp((1.6128988266 * X8))))) + (0.0792568401 * X1)) - (-1.0481940508))))))
609_fri_c0_1000_5,OperonRegressor,ok,5.0,0.930395949140168,0.2459181424917343,93.0,95.0,63.4,,(0.0000004182 + (1.0004905462 * (cos(((-0.7001103759) * X2)) - ((sin(((((0.0121521726 * X4) * (((-4.3642101288) * X3) - (5.9572401047 * X1))) + ((-0.7805799842) * X1)) + ((-0.8448524475) * X2))) + ((((sin(((-20.5745410919) * X2)) - ((0.0140109574 * X3) - 2.8909015656)) - (0.5217905045 * X4)) - exp((0.2510599494 * X5))) - ((((0.0212332774 * X2) + ((0.5893777013 * X3) - ((-0.1750992239) * X1))) ^ 2) - (0.1679446846 * X2)))) + (sin((20.5066928864 * X2)) - cos(((((-0.2778958380) * X3) - (0.7866428494 * X1)) - ((((-0.2608488202) * X3) ^ 2) - (((-0.0283366442) * X5) + ((-0.0425732061) * X4))))))))))
611_fri_c3_100_5,OperonRegressor,ok,5.0,0.927030158597475,0.2174146364580411,92.0,92.0,47.5,,((-0.0000002332) + (0.9999014735 * (((((((-0.0365695767) * X1) + ((cos(((-130.0306091309) * X3)) * ((-0.0965958089) * X1)) + cos(((-0.5502225757) * X1)))) - (cos(((-150.9889678955) * X1)) * (-0.0450717099))) - ((((((-0.6074142456) * X3) + cos(((-0.2748256624) * X1))) * (0.2813468575 * X3)) + cos(((-0.8536927700) * X1))) - ((0.3188217878 * X5) + (-0.5440346599)))) - ((0.1538892537 * X2) + (cos(((-150.0467529297) * X1)) * (0.0741471499 * X1)))) + ((0.3409644365 * X4) - sin((((((-0.0324545056) * X3) - 0.1708900779) - ((((-0.8717334867) * X2) * (0.4641811252 * X1)) + ((-1.6579207182) * X2))) - ((-1.0875612497) * X1)))))))
612_fri_c1_1000_5,OperonRegressor,ok,5.0,0.9822390365298048,0.1610406695942021,84.0,84.0,67.1,,((-0.0000012761) + (0.9986053109 * (((0.2094873041 * X5) + (1.4187829494 + sin(((-1.3692268133) + ((-0.6884483695) * X3))))) + ((sin((((54.0388984680 * X1) + 12.7615756989) * sin(((0.0206972510 * X2) + 3.1532804966)))) - ((-0.0520114973) * X2)) + (((((0.0342000127 * X5) + ((-0.5605278015) * X4)) + ((0.4259198904 + sin((0.6523549557 * X4))) - ((-0.4120700061) * X1))) * (((((0.8671358824 * X2) + 1.0891690254) - (0.5888640881 * X1)) * sin(((-1.2607382536) * X2))) - sin(((((-1.9401780367) * X2) + 3.7867288589) - (0.9844639301 * X1))))) - sin(((-0.5291241407) * X4)))))))
613_fri_c3_250_5,OperonRegressor,ok,5.0,0.9704141877967932,0.2033427794200037,92.0,92.0,72.5,,((-0.0059606498) + (1.0011425018 * ((((exp((0.2327751666 * X3)) - (((((-0.4634617567) * X3) - (0.8397510648 * X2)) - sin(((-0.7434297204) * X1))) * ((-0.2915365398) * X1))) * ((exp(((-0.5513005853) * X3)) - ((-0.6013973355) * X5)) - ((((-0.2116511911) * X1) + ((-0.2606215477) * X2)) - (-0.5817165971)))) + (0.4402345419 * X4)) + (((sin(((-2.4175326824) * X2)) - ((0.0481510274 * X5) - (-0.1615701914))) - sin((1.8055005074 * X1))) * (((((1.0676103830 * X1) - (0.7318654060 * X2)) * exp((0.4121720791 * X1))) - (0.1901118606 * X1)) - (((0.5767059326 * X1) - 0.8635783195) * exp((1.3184428215 * X2))))))))
615_fri_c4_250_10,OperonRegressor,ok,10.0,0.9678801113049876,0.1658308920449015,84.0,88.0,69.7,,((-0.0000007807) + (0.9998565316 * ((((sin(((((0.6641864181 * X2) - (-0.9193847179)) ^ 2) - ((-1.3091517687) + ((-1.5262113810) * X1)))) * (((0.1791623980 * X2) + 1.7611323595) + cos(((-3.5548391342) + ((-0.6761069894) * X1))))) + ((-0.4442518651) * X1)) + ((((0.4177308679 * X5) + (0.1706843376 * X2)) - (((1.2635948658 * X2) - (((-0.0087620001) * X8) + (0.6314963698 * X1))) ^ 2)) + ((((-0.4073727727) * X3) + 0.5264664292) ^ 2))) + (0.5880230069 + ((0.4624150693 * X4) - sin((((0.0556582287 * X5) + ((-1.1373480558) * X1)) + (((0.3301634490 * X2) + 2.7474403381) ^ 2))))))))
616_fri_c4_500_50,OperonRegressor,ok,50.0,0.9823028485122764,0.1335941383193384,88.0,88.0,60.3,,((-0.0000003951) + (1.0002048016 * (((((sin(((-1.0531817675) * X2)) + ((-0.0303578842) * X38)) + cos(((349.0197448730 * X1) + (((-22.2623710632) + ((-348.1357727051) * X1)) * cos(((-0.0593688972) * X2)))))) * (0.6148195267 + (0.2231963873 * X1))) + (((-4.4737215042) + ((0.2125430107 * X2) + exp(exp((0.1080368757 * X5))))) + ((exp(((-0.5500657558) * X3)) + exp((0.3168860376 * X3))) + (0.3863661885 * X4)))) + ((((0.1350034475 * X2) + ((-0.2349150181) * X1)) * sin((4.0561022758 * X2))) + cos(((1.7644065619 * X2) + ((0.7961991429 + (0.9781113863 * X1)) - (0.0512565076 * X37))))))))
617_fri_c3_500_5,OperonRegressor,ok,5.0,0.9641314848189868,0.1634919967066037,85.0,85.0,62.2,,((-0.0000038973) + (1.0000001192 * (((((sin(sin((((-0.5164090395) * X3) + (-1.6110790968)))) + (0.2802554667 * X4)) - sin((((((-2.6801545620) * X2) + (-4.4834399223)) * (((-0.1950423867) * X1) + (0.0018868421 * X4))) + ((1.1850028038 * X2) + (-1.1360396147))))) * (1.4861619473 + ((sin(((3.2405145168 * X3) + 8.5065345764)) + ((-0.4089202881) * X2)) * (((-0.0352412648) * X1) + ((-0.0771018565) * X4))))) + ((((-0.3936567008) * X3) + 0.7846624255) + ((0.3790255189 * X5) + sin((((-1.1571559906) * X1) + ((-2.4861798286) * X4)))))) + sin(((1.1980124712 * X1) + (2.5251924992 * X4))))))
618_fri_c3_1000_50,OperonRegressor,ok,50.0,0.9681541275164492,0.1868298559652276,81.0,81.0,55.9,,(0.0002353068 + (1.0030604601 * (cos((0.4545326829 + (1.2562065125 * X1))) + (((0.4559032321 * X4) + exp((0.3078675568 * X5))) + (((((0.4223588705 + (0.1735709310 * X1)) * ((-3.5039684772) - sin((2.4888668060 * X2)))) - (((-0.0011531222) + (0.0004915902 * X3)) * (exp((2.0372161865 * X5)) + ((-299.3621215820) * X3)))) - (((-0.3097632229) * X2) - (sin(((-1.7470060587) * X2)) * cos(((-3.2420790195) + ((-2.3084225655) * X1)))))) + ((1.9986890554 - ((-0.6733767986) * X2)) * (sin(((-1.3616272211) * X2)) * cos((0.2846725881 + ((-2.0358438492) * X1))))))))))
620_fri_c1_1000_25,OperonRegressor,ok,25.0,0.95010706965603,0.2130283655490983,88.0,88.0,53.0,,((-0.0000339669) + (0.9991061091 * ((((0.2115619332 * X5) + ((cos((((-1.2221090794) + ((-0.0266540367) * X4)) + (((-1.5517716408) * X2) + ((-1.0497303009) * X1)))) - sin((((-1.7960978746) * X2) + ((-1.9715459347) * X1)))) + sin((((-0.3710912168) + (0.4307926297 * X4)) - (0.1812372655 * X1))))) - (sin((((-2.5886397362) + ((-0.0369983502) * X7)) + (((-1.5991550684) * X2) + ((-1.9989022017) * X1)))) + sin((251.7217102051 * X23)))) - ((cos(((-0.0864261836) - ((-0.6677191257) * X3))) - sin((251.6726684570 * X23))) + (((-1.2426196337) - ((-0.0247423984) * X23)) + (((-0.0177695863) * X14) + (0.0593321361 * X2)))))))
621_fri_c0_100_10,OperonRegressor,ok,10.0,0.8782172632593552,0.3580450942748855,96.0,100.0,39.7,,(0.0000001041 + (1.0001074076 * (((((-0.0318036824) * X7) + ((exp(((((-0.5847250819) * X1) - (0.0363875926 * X5)) + ((-0.5070949197) * X2))) + ((0.1548394710 * X3) + (((0.8743534088 * X3) + (0.0595749728 * X4)) ^ 2))) + (0.5469125509 * X4))) + ((((1.8135187626 * X2) - ((-0.3686540425) * X5)) - (((((-0.1529272944) * X1) - (0.0580128506 * X4)) + (0.4710951746 * X2)) ^ 2)) - ((-1.0338371992) - ((1.3203172684 * X1) - exp(((0.6523454189 * X1) + ((0.0267198179 * X6) + (0.5863240957 * X2)))))))) - (exp(((-0.6073620915) * X1)) + (((0.1494596303 * X3) + (((0.6306037903 * X3) + (0.0288401507 * X4)) ^ 2)) ^ 2)))))
622_fri_c2_1000_50,OperonRegressor,ok,50.0,0.9737683626210628,0.1653396083134169,85.0,85.0,50.3,,((-0.0000291976) + (1.0035247803 * (sin((((((((-0.2586212158) * X2) + ((-0.0910001174) * X25)) + (0.3495048583 * X1)) + sin(((((-1.4724447727) * X2) - 3.4203026295) + ((-0.8801894784) * X1)))) - sin(((-1.6603991985) + ((-0.7318218946) * X3)))) - 3.6730670929)) - (cos(((((1.7030000687 * X2) - 2.1668984890) + (1.3521763086 * X1)) + sin((((0.3021967709 * X2) - 1.3720571995) + (0.7898966670 * X1))))) - ((((0.2046029270 * X5) + (sin(((0.2091366202 * X25) + ((-0.4436977804) * X3))) - ((0.3547185361 * X2) - 0.2437280118))) + ((-0.2742472291) * X25)) - ((-0.4091218114) * X4))))))
623_fri_c4_1000_10,OperonRegressor,ok,10.0,0.9619647530352008,0.1655341127977961,92.0,94.0,58.4,,((-0.0000000116) + (0.9999375939 * ((sin(((-2.3451206684) + ((-0.5966789722) * X3))) + ((((-0.4353024364) * X5) ^ 2) + (((1.2411769629 * X4) + (0.5726865530 * X5)) + ((3.0803630352 * X1) + ((-0.0145417834) * X6))))) + (((0.2284139097 + ((-0.1305755526) * X2)) - (0.8377981186 * X3)) + ((cos(((((-0.4485011101) + ((-1.3157153130) * X2)) - (1.0951719284 * X1)) + (((-1.8331470490) * X2) * (0.3006786704 * X1)))) + (((-2.0808680058) * X1) + ((-0.5093930960) * X4))) * ((((1.5444210768 + ((-0.0543422811) * X2)) + ((-0.4127397239) * X3)) + (((-0.2288964838) * X5) ^ 2)) + sin((((-0.0183562506) * X7) + (0.4814961255 * X3)))))))))
624_fri_c0_100_5,OperonRegressor,ok,5.0,0.9065830564876854,0.2674685134313639,92.0,94.0,39.1,,((-0.0042955661) + (1.0007770061 * ((cos(cos(cos((1.1425677538 * X1)))) + ((sin(((0.7007136345 * X2) + (0.7533447146 * X1))) - exp((((((-0.0842104629) * X3) - ((-0.0578471646) * X5)) + ((-0.4415041506) * X1)) + ((0.1887315512 * X2) - (((-0.3215594590) * X3) ^ 2))))) + cos(((1.4035038948 * X2) + ((-0.9403398037) - (0.1588105261 * X5)))))) - ((((-0.3271204829) * X5) - (0.3122041225 * X2)) - (((0.0011372898 * X1) / (2.0799217224 * X2)) - ((0.1768454313 * X3) + ((sin(((1.3319092989 * X2) + 0.2719157338)) + (((-0.4472738802) * X4) - (((-0.4991702735) * X3) ^ 2))) + (0.5357328057 * X1))))))))
626_fri_c2_500_50,OperonRegressor,ok,50.0,0.9717397658633042,0.1676929709742529,81.0,82.0,71.8,,(0.0000006587 + (1.0000628233 * (((2.0888226032 + (0.1795035452 * X5)) + (cos(cos((((-4.4967961311) + ((-0.9589356184) * X1)) - (0.6272917986 * X2)))) + (0.3674134314 * X4))) - (((-2.8310742378) + ((-0.0392829105) * X25)) * ((cos((2.7801845074 + (0.3338760436 * X3))) - cos(((((-0.3395282626) + ((-0.4035970569) * X1)) - (0.4438305497 * X2)) ^ 2))) - (sin(cos((((-3.9006397724) + ((-0.5415406227) * X1)) - (0.9464355707 * X2)))) - (((((-0.0048346138) * X35) + (0.4316342771 * X1)) - cos(((-4.3605961800) + ((-0.6592646837) * X1)))) - (0.0078249173 * X34))))))))
627_fri_c2_500_10,OperonRegressor,ok,10.0,0.962607012394924,0.1865528894728682,88.0,90.0,58.6,,(0.0057099583 + (0.9986748695 * ((sin((5.4025111198 + ((-1.5353740454) * X1))) + (exp(exp(((0.0343760625 * X4) + ((-0.1908454150) * X3)))) + (((-6.2989892960) + ((-0.8588533998) * X2)) + ((((1.0393298864 * X1) + (0.1820471883 * X5)) - exp(((-0.8300201297) * X2))) + exp((((0.1030123159 * X1) + ((-0.2095626593) * X2)) + ((0.2332146317 * X4) + (0.2520376742 * X3)))))))) + (((4.1145086288 + ((-2.0534558296) * X1)) + sin(((((-1.4877249002) + ((-0.4696172178) * X2)) ^ 2) - ((-1.3982059956) * X1)))) * (((((-0.1131308004) * X1) + ((-0.2054415792) * X2)) ^ 2) + exp((0.3712356985 * X1)))))))
628_fri_c3_1000_5,OperonRegressor,ok,5.0,0.9671608557513212,0.1621097727251648,86.0,86.0,63.5,,(0.0000982962 + (0.9991854429 * (((0.2495253086 * X5) - (sin(sin(((1.9301648140 + (0.0872733817 * X5)) - ((-0.6247364283) * X3)))) + (((-1.1454516649) - ((-0.2118716687) * X1)) * sin(sin(((1.2864090204 * X2) + (3.0045082569 + (0.8646137118 * X1)))))))) + ((sin(((1.7690443993 * X2) + (2.6168181896 + (2.0117952824 * X1)))) + ((-0.4363134801) * X3)) - ((((-0.8586317897) * X4) - (0.6165065169 + ((-0.0836520791) * X1))) + (sin((0.5304173231 * X4)) + (((-0.8069742918) + ((-0.2505500019) * X1)) * sin(((1.8956035376 * X2) + ((0.0475046486 * X5) - ((-2.1332135201) * X1)))))))))))
631_fri_c1_500_5,OperonRegressor,ok,5.0,0.973065710778894,0.1540430844875368,90.0,91.0,61.2,,(0.0000069772 + (0.9999868870 * ((sin((((((-0.4835827947) * X2) - (-1.4200801849)) - (0.2326893955 * X3)) + (0.1016432121 * X4))) * (((((-0.5232504010) * X3) / exp(((-0.1102385297) * X1))) - (0.1123942584 * X2)) ^ 2)) + ((((((((-0.0792400390) * X2) - (-0.9679496884)) - ((-0.0497510172) * X3)) - exp((0.3355957568 * X1))) + sin((((-2.4453260899) * X2) + ((-1.1630367041) * X1)))) + ((((0.3800275922 * X2) - (-1.5826159716)) * sin(((((-2.2029697895) * X2) + ((-1.4195998907) * X1)) - (-2.7197587490)))) - (((-0.3569957614) * X4) - sin((((-1.6230156422) * X2) + ((-1.3409593105) * X1)))))) - ((-0.1911534667) * X5)))))
633_fri_c0_500_25,OperonRegressor,ok,25.0,0.9264125395736678,0.2719506922790734,88.0,89.0,60.1,,((-0.0027075035) + (0.9985984564 * (cos((((((2.0503277779 - (0.1835798621 * X2)) - (0.0258127265 * X24)) - cos(((((-0.6371011734) * X1) - ((-0.2437149882) * X2)) ^ 2))) + ((-0.7595369220) * X1)) - ((0.2314570844 * X3) - ((-0.1422137320) * X4)))) + ((((-0.1323985308) * X3) - (((-1.3915795088) * X4) / (3.1274118423 - (0.2595513761 * X2)))) + (sin(((1.8862473965 - ((-0.5150058270) * X2)) - cos((((-1.1363285780) * X1) - (0.3834426105 * X2))))) + ((cos((4.6205272675 - ((-0.6391354799) * X5))) + ((-0.2778657675) - (0.3035603464 * X5))) - (cos((0.8714981079 * X3)) - (0.2259372175 * X2))))))))
634_fri_c2_100_10,OperonRegressor,ok,10.0,0.9471982996728492,0.2452740581452409,90.0,90.0,50.8,,(0.0000001230 + (0.9985840917 * (((((0.4385924041 * X4) - ((-0.2134597600) * X5)) + (((0.0197801739 * X10) + cos((3.8967726231 + ((-0.5546141267) * X3)))) + (((-0.9647063017) * X2) + (0.5193571448 + ((-0.4481167197) * X1))))) - sin(((sin(((-0.8998185396) * X1)) + (1.9878507853 * X2)) + (((-0.0306249950) * X4) + (((0.0323175117 * X7) + (-1.0110983849)) + (1.9601284266 * X1)))))) + (exp((cos(((2.1211450100 * X2) + (((-0.0826249421) * X3) + ((-0.3434111476) + (1.3239645958 * X1))))) + ((-0.0430940539) * X1))) * ((0.5263176560 * X2) + ((((-0.0166780446) * X7) + 0.0548581406) + (0.1935660094 * X1)))))))
635_fri_c0_250_10,OperonRegressor,ok,10.0,0.9442721954845484,0.2365738526276963,94.0,94.0,59.4,,((-0.0009208270) + (0.9998813868 * ((((((((-0.2588918805) * X3) * ((-0.2208672613) * X10)) + ((((0.0329775997 * X1) * (1.1578532457 * X3)) - ((-0.2822054327) * X5)) - (0.0419416651 * X7))) - (((-0.2949821353) * X3) * (1.0734512806 * X3))) - ((0.0241467953 * X6) * (1.9132785797 - ((-1.5332419872) * X6)))) - ((-0.7615506649) * X1)) + ((((exp(((-0.4438246489) * X1)) - 2.1977782249) * ((0.0874612480 * X4) + ((-0.2514277697) + ((-0.7378547788) * X2)))) - exp((((0.9271981120 * X1) + ((0.5528695583 * X4) + ((-1.4074236155) + (0.8887391686 * X2)))) - sin((0.7676663995 * X4))))) - (((-0.0164639540) * X3) - (0.6132348776 * X4))))))
637_fri_c1_500_50,OperonRegressor,ok,50.0,0.9687561707761496,0.170574018422367,94.0,96.0,71.1,,(0.0043119900 + (0.9994707704 * ((((((0.4751637280 * X2) - (0.2124061435 * X1)) - (0.0263508204 * X39)) - sin(sin(((((-1.9559038877) * X2) - (1.6889336109 * X1)) - ((-1.7491700649) + (((-0.3970910609) * X2) ^ 2)))))) * (((-0.0394546129) * X7) + (((((-0.0591962524) * X36) + ((-0.3732048571) * X1)) + (((-0.2792177498) * X2) - (0.0727887079 * X3))) + (-1.1977479458)))) + ((((-0.4693321884) * X3) ^ 2) + (((0.1939751506 * X5) + ((0.2554460764 * X2) - (0.5550232530 * X1))) - (((-0.4214168191) * X4) + sin(((((-1.8715267181) * X2) - (((-0.0390359499) * X4) + (0.0237804800 * X34))) - ((-2.5872952938) + (1.5586845875 * X1))))))))))
641_fri_c1_500_10,OperonRegressor,ok,10.0,0.9644833124091676,0.1638204431908426,92.0,93.0,73.6,,((-0.0000104875) + (1.0002135038 * (((sin(((0.6799630523 * X2) - (0.4589802921 - (0.4125722647 * X1)))) + ((1.1039625406 - ((-0.0117963552) * X4)) + ((-0.3329384625) * X2))) * (((((-0.0099674975) * X10) - (((-0.7063083053) * X2) - (0.0255435389 * X7))) + sin(((0.4097561538 - (1.4493811131 * X1)) + ((-1.9405137300) * X2)))) - (((-0.3350649178) * X3) + (1.1472781897 - (0.0788615271 * X1))))) + (((((0.4952161014 * X3) + (((-0.0098596755) * X5) - (0.1286785454 * X1))) ^ 2) + ((((-0.2848407030) * X3) + (0.5546446443 - ((-0.0308313780) * X10))) - (((-0.4038478136) * X4) - ((-0.9327885509) * X2)))) - ((-0.2090260834) * X5)))))
643_fri_c2_500_25,OperonRegressor,ok,25.0,0.968647129268302,0.1654720520978738,88.0,88.0,65.3,,((-0.0000000199) + (1.0001714230 * ((sin(((3.1397690773 + ((-2.4675605297) * X2)) + ((-2.1561255455) * X1))) + ((exp((((-0.0548904873) * X6) - (0.5539122820 * X3))) + ((sin(((-0.8369915485) * X1)) + (0.0213342290 * X11)) + (0.2128809541 * X5))) + ((-2.2472929955) + (0.5346278548 * X1)))) + ((exp((sin(((0.3208720982 + ((-1.5612075329) * X2)) + ((-1.0304211378) * X1))) + ((-0.2394519299) + (0.0409154035 * X6)))) + (((0.4093721807 * X4) - ((-0.7599195838) * X3)) + (cos((((-2.2174284458) * X2) - (0.9819456935 + (2.0254740715 * X1)))) - sin((0.5763542056 * X3))))) + ((-0.1707287729) * X2)))))
644_fri_c4_250_25,OperonRegressor,ok,25.0,0.955807199506914,0.1872701887737282,86.0,90.0,65.2,,(0.0000000326 + (1.0004799366 * (((((((-0.2131288648) + ((-0.1974588633) * X1)) + ((0.2775327861 * X5) + ((0.0229606014 * X11) + (0.0147836050 * X10)))) + (cos(((1.6578757763 + ((-1.6445010900) * X1)) + (((-0.0729181767) * X5) + ((-2.3258252144) * X2)))) + (0.4280474782 * X4))) + (((0.4105683565 + ((-0.4056583643) * X3)) ^ 2) - (((((-0.3537624776) + ((-0.3632176518) * X2)) ^ 2) ^ 2) ^ 2))) + cos((((-1.4437328577) + ((-0.9427347779) * X1)) + (((-0.0254121721) * X4) + ((-1.8461910486) * X2))))) + cos((((-0.9511252046) + ((-1.8378266096) * X1)) + (((-0.0282644276) * X17) + ((-1.9982491732) * X2)))))))
645_fri_c3_500_50,OperonRegressor,ok,50.0,0.9455320360376368,0.2082979598845586,90.0,91.0,60.4,,(0.0000031266 + (0.9999083877 * (((((sin(((-3.5168921947) * X1)) - ((-0.4087017775) * X4)) + ((-0.3962926865) * X3)) + (cos((((1.0768256187 - ((-2.3284842968) * X2)) + sin(((-1.3516652584) * X2))) + (((-0.0043859822) * X4) - ((-1.0914196968) * X1)))) + (((0.3996675909 * X5) - sin(((-3.6532351971) * X1))) - ((((0.0351664834 * X16) - ((-0.0206149332) * X35)) - ((-0.0253282860) * X21)) + (-1.9732296467))))) + ((0.3874387741 * X3) ^ 2)) + (cos(cos((((0.0321190953 * X4) - ((-0.7905157804) * X1)) + ((-0.3089718819) - ((-0.8352639675) * X2))))) * (((0.0232868027 * X10) - (0.3669460118 * X2)) + (-2.9630305767))))))
646_fri_c3_500_10,OperonRegressor,ok,10.0,0.9554503413270858,0.1835582685989584,89.0,89.0,71.6,,((-0.0000099521) + (1.0003098249 * (((cos(((((-0.0452592410) * X7) + (1.0325667858 * X2)) + (1.2460983992 + (0.3049980104 * X1)))) + cos((2.8450937271 + (0.6294870377 * X3)))) + (((-0.0271728095) * X7) + (0.2940999866 * X2))) + ((((0.3893101215 * X4) + (0.6569671035 + ((-0.1324602515) * X3))) + (0.3555527329 * X5)) + (cos((((((-0.0678284764) * X5) + (2.8389213085 * X1)) + (3.4653732777 * X2)) * ((0.5715438128 + (0.0103958277 * X3)) + (0.0387571417 * X1)))) + cos((((2.4551882744 + (0.0261263084 * X10)) + (1.3347939253 * X1)) + (((-0.0218449589) * X7) + (1.5941807032 * X2)))))))))
647_fri_c1_250_10,OperonRegressor,ok,10.0,0.971214652777932,0.1693323949881685,86.0,86.0,70.1,,((-0.0000136907) + (1.0013006926 * ((sin(((((-0.2564026415) + ((-0.1491546333) * X1)) * (((-6.6856555939) * X2) + (-6.6420269012))) + cos((0.5862683058 * X2)))) + ((((((0.0588619895 * X2) + (0.0020476419 * X4)) * ((((-3.8337805271) * X2) + (-11.9746494293)) - ((-0.8450638652) * X5))) + 0.1080314294) * cos(((-1.2739309072) * X1))) + ((0.4141074717 * X4) - ((0.0658736005 + (0.0265174825 * X2)) * cos(((-6.6315927505) * X1)))))) + ((0.4038367867 * X2) - ((((-0.4380778372) + (0.3932636976 * X1)) - (0.1961492598 * X5)) + cos((((-0.1880976856) * X2) + ((19.1279106140 * X3) / 25.0755195618))))))))
648_fri_c1_250_50,OperonRegressor,ok,50.0,0.9737853008346334,0.1620663245375834,88.0,89.0,64.9,,(0.0006257374 + (1.0004587173 * ((cos((1.7583502531 - (exp((1.1257457733 * X1)) + (0.4774209261 * X2)))) + (((0.0075554634 * X45) + cos(((0.0281248670 * X10) - (exp((0.9900138974 * X1)) + (1.1315490007 * X2))))) * (((2.1707794666 - exp((0.9376420975 * X1))) + (0.0555433109 * X3)) + (1.2458063364 * X2)))) + (sin((2.5521285534 - ((1.0514456034 * X1) - (exp((0.9998517632 * X1)) + (1.6559586525 * X2))))) - (1.4475797415 - ((((0.4676734507 * X3) ^ 2) + ((0.3703222871 * X4) + (exp(((-0.2374163419) * X1)) + (0.3914740086 * X2)))) + (0.1805413365 * X5)))))))
649_fri_c0_500_5,OperonRegressor,ok,5.0,0.9170007934394449,0.249213538108016,92.0,93.0,75.5,,((-0.0000003749) + (0.9982737303 * (((((((-0.0678731203) * X2) + (0.0426065736 * X3)) + ((sin(((93.6755828857 * X2) + ((-181.1447753906) * X5))) - ((((-0.4819874167) * X1) ^ 2) + ((-0.5414198041) * X4))) + (-0.6170019507))) + (cos((((0.8451141715 * X2) + (0.1083180383 * X1)) + (((-0.4424968362) * X3) - ((-0.0516486131) * X5)))) + sin((((-93.7113037109) * X2) + (181.0822143555 * X5))))) - (((-0.2434997559) * X5) + sin(cos(((0.7325448394 * X2) + ((-1.3906263113) * X3)))))) + (exp(sin(sin(((0.7656777501 * X2) + (0.7429535389 * X1))))) - cos(cos((((-0.6864357591) * X2) + (0.9551061392 * X3))))))))
650_fri_c0_500_50,OperonRegressor,ok,50.0,0.9206782015275586,0.2531914885700592,93.0,95.0,64.8,,((-0.0000035035) + (1.0001780987 * (((0.2824139893 * X1) + (((((0.0319312885 * X26) * (1.7326481342 * X40)) + ((0.1791383922 * X2) + (0.6151317358 * X4))) + (((-0.7445781827) + ((0.0269804969 * X26) + (0.0110498182 * X3))) - ((-0.3059743047) * X5))) + (((-0.5980887413) * X3) ^ 2))) + ((((((-0.6513718963) * X48) + ((-0.0767965838) * X26)) + (((((-0.0787977055) * X1) + ((-0.0760692060) * X4)) + ((-0.0807081684) * X5)) + sin(((0.6672146320 * X48) + (0.2980575264 * X42))))) ^ 2) + sin(((0.6839039922 + (0.5288105011 * X1)) + (((1.5008674860 + ((-0.2078941613) * X42)) + (1.0521913767 * X1)) * (0.4441426694 * X2))))))))
651_fri_c0_100_25,OperonRegressor,ok,25.0,0.8738776750418418,0.3731454934815847,94.0,95.0,56.3,,(0.0000000266 + (0.9999189377 * ((((0.6303985119 * X2) + (((3.5473177433 + (0.3089020550 * X1)) - exp((((-1.7587517500) - ((-0.0925703123) * X23)) + ((-1.0566145182) * X2)))) + (((-0.0363921933) * X5) - (0.1047792807 * X3)))) ^ 2) - ((((11.2635498047 - ((0.1145439968 * X23) - (((-0.7495568991) * X5) - ((-0.7157190442) * X3)))) + ((-0.6026560664) * X4)) - ((-0.5296383500) * X1)) + (((sin(((0.3433183432 * X5) - (0.6574366093 * X3))) + (4.3275117874 * X2)) - exp((0.7004600167 * X3))) + exp(((((0.7322167158 * X1) + (0.0205235668 * X10)) - ((0.0541959889 * X5) - ((-0.1068110988) * X3))) - ((-0.6199107766) * X2))))))))
653_fri_c0_250_25,OperonRegressor,ok,25.0,0.8922178174143838,0.3178299129922192,88.0,88.0,70.2,,((-0.0000049894) + (1.0038163662 * (((((0.6183451414 * X4) - ((((-0.5959862471) + (0.0635656342 * X17)) + ((-0.4194148481) * X5)) + ((0.0287369676 * X23) + (((-0.1731197834) * X3) + cos(((-0.8946349621) * X3)))))) + ((((exp(((-0.0649178550) * X4)) + (0.0171723142 * X17)) + ((-0.0579707399) * X5)) + ((exp(((-0.0807125047) * X3)) + ((-1.9705088139) + (0.0580732524 * X2))) + (0.0197111666 * X24))) / exp((0.6341421604 * X9)))) + (0.0412267298 * X14)) - cos((((cos(((-5.2709207535) + ((-0.3696420491) * X1))) * (2.8951354027 + (1.5825916529 * X2))) - (-0.4591481686)) / exp((0.0231560748 * X4)))))))
654_fri_c0_500_10,OperonRegressor,ok,10.0,0.9625523399148054,0.2022239436180591,87.0,87.0,58.8,,((-0.0000135482) + (1.0009708405 * (((((exp(((-0.5235025287) * X2)) * (5.9114360809 - ((-2.6389453411) * X2))) - ((-0.5974792838) * X4)) - exp((((0.5311172009 * X1) + (0.5731599331 * X2)) - exp(((-1.3330972195) * X1))))) - ((((-1.0547174215) * X1) + ((-0.0700256675) * X8)) + cos(((0.4769746065 * X1) + (1.0252276659 * X2))))) + (((cos((0.2596220374 * X2)) * (exp(((-0.0573631711) * X5)) * ((-5.1801309586) - sin(((0.9701145887 * X3) - 4.6043806076))))) + exp(cos(((0.0684463754 * X8) + exp((((-0.1344276667) * X1) + ((-0.8567084670) * X2))))))) - ((-0.0199242178) * X7)))))
656_fri_c1_100_5,OperonRegressor,ok,5.0,0.9558964402592496,0.196023643547458,83.0,83.0,44.2,,((-0.0000863197) + (0.9999751449 * ((((-1.2220834494) + ((-0.1399992853) * X1)) * sin(((1.0791193247 * X1) - (((0.2843007445 / exp((0.0925104469 * X4))) - (1.5812338591 * X2)) - sin(((((-0.4470213950) * X2) - 1.2589646578) + ((-0.6482836008) * X1))))))) + ((sin(((-1.5195364952) + ((-0.7508645058) * X3))) - ((((((-0.4735263288) + ((-0.4210281074) * X4)) + ((-0.4413252473) * X1)) - sin(((-0.7397748828) * X1))) - (0.2110289335 * X5)) + (0.1649456024 * X2))) + ((-0.1323298961) * sin(((3.3689866066 * X1) - (sin(((-2.5730285645) * X4)) + cos(((-5.5832538605) * X3))))))))))
657_fri_c2_250_10,OperonRegressor,ok,10.0,0.97262423851949,0.1569507582476508,86.0,86.0,53.8,,((-0.0000585187) + (0.9999933839 * ((cos((log(0.0448176041) + (((-0.6793891788) * X3) - ((-0.2035539448) * X2)))) + ((((((0.1102676541 * X3) + (0.1709523797 * X1)) + ((-0.1471109688) * X5)) + ((-0.1851525903) * X4)) + cos((((((-0.0262730345) * X3) - ((-0.0130585162) * X5)) + ((-3.2251904011) * X2)) + ((16.6906719208 + (7.5849223137 * X2)) / (1.6048676968 + ((-0.1393495947) * X1)))))) / (-0.7230191231))) - sin((((exp((0.3078182936 * X1)) + 1.2982412577) + (exp(((-0.6969113350) * X2)) + (0.1936275512 * X4))) + cos((((-1.2654645443) + ((-0.2977896929) * X3)) + (1.0614012480 * X2))))))))
658_fri_c3_250_25,OperonRegressor,ok,25.0,0.9590380821939192,0.1838796309530248,92.0,94.0,52.9,,((-0.0002227893) + (1.0046693087 * (((((-1.0052731037) * X1) + (0.4234528542 * X5)) - sin((((0.0330767259 * X10) + (((-0.1859654784) * X2) + (0.0298171304 * X18))) + (exp((((0.2178178430 * X1) + (0.0169613138 * X3)) - ((-1.6877937317) - (0.2587512732 * X2)))) - (0.0767358541 * X4))))) + (((-0.3718694150) * X3) + (((0.0307921246 * X9) - cos((((((-0.7528055310) * X1) ^ 2) - ((-1.1255391836) * X2)) + 4.1948237419))) + (((((0.3971556425 * X3) ^ 2) - sin(((-0.3829187751) * X4))) - ((-0.9051262736) * X2)) - sin((((1.3152598143 * X1) + ((-0.0575995967) * X5)) - ((-2.3529038429) - ((-0.5084419847) * X2))))))))))
659_sleuth_ex1714,OperonRegressor,ok,7.0,0.0931510155013259,2163.94557481354,96.0,96.0,40.9,,((-0.0000001814) + (0.9999544621 * (exp(((-1.4777116776) * X5)) - ((((((0.0277542677 * X5) / (0.9364789724 * X7)) - (2.8171305656 - (0.1707034558 * X2))) + (((((-0.5687122345) * X5) - ((-0.0519109927) * X1)) + ((-0.3679128885) * X3)) * exp((0.8408823013 * X6)))) - (((exp(((-0.3437703848) * X6)) * (0.7570313215 * X4)) + (0.9801764488 * X6)) - ((((-0.1902365237) * X1) - ((2.2953357697 * X5) - ((-0.1222477183) * X7))) + exp((((0.9652181268 * X5) - (0.0695752949 * X7)) + ((-0.0345396660) * X1)))))) + ((exp((0.0882254988 * X3)) + ((-0.5151371360) * X6)) * exp((exp((0.7039581537 * X6)) - ((-0.3896769583) * X4))))))))
663_rabe_266,OperonRegressor,ok,2.0,0.9991205695017572,1.4610944577404024,92.0,95.0,47.0,,((-0.0000077268) + (1.0000119209 * (((((cos(((((-0.1862767190) * X2) + ((-1.6349861622) * X1)) ^ 2)) + (-26.0681591034)) * (exp(((-0.7004094720) * X1)) * ((0.0268099457 + (0.0117584979 * X2)) - ((-0.0060242424) * X1)))) - ((-0.5888637900) + (((0.0155533496 * X1) * ((-3.2971177101) * X1)) - ((0.0590873249 * X2) + (0.6386551261 * X1))))) + ((((0.2658004463 * X2) + ((-0.0182153098) * X1)) ^ 2) ^ 2)) + (((-0.0031462321) * X2) * (exp((((-0.3734947443) * X2) + ((-0.8007259369) * X1))) * (((36.4156227112 * X1) + (((0.7181363702 * X2) * sin(((-0.6826094389) * X1))) * (9.6647739410 * X1))) - (25.4513874054 * X2)))))))
665_sleuth_case2002,OperonRegressor,ok,6.0,-57.70911017844123,72.92196537575784,89.0,93.0,44.4,,(0.1795048267 + (1.0421801805 * (((exp(((0.4721135795 * X2) * cos((((-2.6056501865) * X6) + (33.7822837830 * X5))))) + ((((-0.4539665878) * X3) / ((0.4235138893 * X2) * ((3.3875484467 * X6) ^ 2))) + ((-1.7818962336) * X6))) + ((0.9700627923 * X6) ^ 2)) * (((exp((cos(((3.3872556686 * X6) ^ 2)) * (-5.0685372353))) * ((exp(((4.3495988846 * X4) + ((-1.1300247908) * X6))) + (((-33.3827095032) * X4) + ((-15.8399229050) * X3))) * (cos(((0.4767785966 * X2) ^ 2)) + (1.3845155239 * X6)))) + (((88.3111953735 * X4) + ((-62.6615371704) * X6)) + 124.8854675293)) * (0.0005537226 * X6)))))
666_rmftsa_ladata,OperonRegressor,ok,10.0,0.1238534353452592,3.70080276638378,94.0,94.0,69.7,,(0.0083433092 + (1.0008575916 * ((((exp(exp((0.2221368104 * X9))) - (((sin(((-20.9636058807) * X8)) * (((-2.1802854538) * X8) + (2.6482374668 * X7))) - exp(((-0.8961330056) * X7))) + (((-0.3566082716) * X8) + ((-2.8010969162) * X2)))) + (((1.5460987091 * X3) + sin((7.0508270264 * X8))) * ((-0.7654374242) * X1))) + ((-1.4722555876) * X1)) * ((((-0.0344335176) * X8) + (0.0450478122 * X2)) + ((sin(((-22.2834243774) * X8)) * ((0.0424602814 * X1) - (0.0457646027 * X7))) - ((((-0.3121737838) * X1) / (exp(exp((0.3176442385 * X6))) * (exp((0.0486385487 * X1)) + ((-0.3432833254) * X7)))) + 0.0495727323))))))
678_visualizing_environmental,OperonRegressor,ok,3.0,-3.4211119215758528,6.456793556527123,94.0,94.0,45.8,,((-0.0624949038) + (1.0078858137 * ((((((((-8.6470613480) * X1) + (10.0432424545 * X3)) + (((-16.4676666260) * X2) * (0.1608289927 * X3))) + (cos(((-45.6497497559) * X2)) + 2.3037984371)) / ((((-26.9426822662) * X1) + (18.9228725433 * X3)) / cos((((-10.8119020462) * X1) + (5.8611245155 * X3))))) + ((((-0.4010032713) * X1) + ((-0.1184846237) * X3)) - ((((-0.0743841156) * X3) + (0.1259142905 * X1)) / cos((7.0866055489 * X2))))) + ((((-0.6674461365) + (1.1267391443 * X1)) + ((((-1.5218347311) * X2) + ((-1.2419131994) * X3)) + cos(((-16.4848041534) * X1)))) / (cos((7.4570641518 * X2)) / (0.0038839956 + (0.0783970952 * X1)))))))
687_sleuth_ex1605,OperonRegressor,ok,5.0,-1600.422091074708,758.7398892381924,92.0,92.0,44.3,,((-0.0225474369) + (1.0384327173 * ((((((((((-0.9060152769) * X5) + (0.2007698566 * X2)) - ((0.0278739464 * X3) / (0.6233873963 * X2))) - ((-0.1264658570) * X4)) + (-0.2690978944)) + (((-0.0009983112) * X2) / (0.0147477547 * X1))) * cos((((-16.8409137726) * X5) + ((-0.4584051371) * X2)))) / (sin(((-4.7428483963) * X5)) + (5.9796981812 * X5))) + (sin(((sin((3.1720583439 * X5)) + (-0.3811556399)) * (((sin((1.2555176020 * X5)) + (-0.8719992042)) - ((-0.5364891887) * X4)) - ((-0.4665331244) * X5)))) - ((sin(((-1.1257866621) * X5)) + ((-0.7775880098) * X2)) + sin((((-0.4000971615) * X5) + (1.2073937654 * X2))))))))
690_visualizing_galaxy,OperonRegressor,ok,4.0,0.955765657479978,19.02596432715956,92.0,92.0,55.3,,((-0.0078379801) + (0.9997143149 * ((((((-0.6839453578) * X2) + (sin(sin((((-2.8961284161) * X4) + (1.3225328922 * X1)))) * (((0.1364766508 * X2) + (0.0416055024 * X1)) + (-1.5226314068)))) - (((-0.2225863636) * X4) + (0.0574135892 * X1))) - sin(((3.0289089680 * X4) + ((-1.4722728729) * X1)))) - (((sin(((((5.8769984245 * X2) + ((-2.9090692997) * X1)) - ((-7.0435862541) * X4)) - cos((3.9979865551 * X1)))) * (((-0.2057460099) * X4) + (((-0.4314649105) * X2) + 0.0619271286))) - (-0.2947628796)) * sin(((((3.9059422016 * X2) + ((-3.5432286263) * X1)) - ((-5.1892247200) * X4)) - sin((4.0518064499 * X1))))))))
695_chatfield_4,OperonRegressor,ok,12.0,0.594435951670288,22.714395244476588,102.0,102.0,62.5,,((-0.0126673235) + (1.0001684427 * (((exp((((((-0.6469611526) * X8) + (2.4242975712 * X12)) - ((1.8754377365 * X3) - ((-3.3100528717) * X6))) + (2.8520443439 * X7))) - ((-0.1633976698) * X5)) + exp(((((-0.4835596681) * X11) - (((-0.5837734342) * X9) - ((-0.5089844465) * X5))) + ((0.6633529663 * X3) - (1.0237458944 * X6))))) * ((((((-0.0166905131) * X2) + (0.2913607955 * X12)) + (0.0602799393 * X7)) + (0.0608399659 * X11)) * (((exp((((-0.2544407845) * X9) - (0.2333855331 * X7))) - ((-0.0323211215) * X1)) - ((-0.1300741881) * X5)) + ((0.1753376275 * X2) + (((0.0866729990 * X3) - ((-1.2100942135) * X6)) - ((0.6792476773 * X12) - (0.0784981996 * X11)))))))))
706_sleuth_case1202,OperonRegressor,ok,6.0,-86.52350991313446,950.9081512423834,86.0,86.0,45.2,,((-0.0000003011) + (1.0000671148 * ((((((0.0016606910 * X1) - (-0.0003352853)) / sin((1.7901045084 * X1))) + sin(((-0.0006120867) * X1))) / exp(((-4.5288424492) * X5))) + (((((((-0.4654134214) * X5) + 0.2735124528) + sin((0.0290009733 * X3))) / ((((-0.1780510694) * X3) * cos(((-10.8737916946) * X2))) + ((1.1127820015 * X5) - 0.7583723068))) + sin((1.1075857878 * X5))) + ((((0.1123519093 * X1) + 0.2758399844) + ((((((-0.0110653089) * X2) - 0.0291041899) / sin((3.0245792866 * X1))) + sin(((-0.1064351574) * X3))) / exp(((-1.8906455040) * X5)))) + ((-0.1888730526) * X5))))))
712_chscase_geyser1,OperonRegressor,ok,2.0,0.7260647960278708,6.520005388593824,92.0,92.0,66.5,,(0.0501399226 + (0.9966296554 * ((((((((-1.4876489639) + (((-5.4258804321) * X2) * ((-0.6870284677) * X2))) - ((-2.8092336655) * X2)) / (3.1286396980 * X1)) + ((2.3792097569 * X2) + ((-0.5704554319) + ((-0.0309804417) * X1)))) / (((-4.2956371307) * X2) / exp((0.5101132989 * X1)))) / (3.6864483356 * X1)) + (((0.0897815228 * X1) - ((-0.9307487011) * X2)) + ((exp((((((-10.5790252686) * X2) * (6.6787886620 * X2)) - (18.8136634827 * X2)) * exp((0.8846677542 * X1)))) * 0.5522587895) - (((((-3.1059095860) * X2) * cos((53.3121643066 * X1))) - sin((57.6871299744 * X1))) / ((1722.8535156250 * X2) + (-814.4553222656))))))))
_deprecated_195_auto_price,OperonRegressor,ok,15.0,-0.7547559842787557,6778.873947215946,92.0,92.0,41.0,,(0.0000015483 + (1.0000356436 * ((exp(((1.9044401646 * X2) - (((exp((0.6750848889 * X5)) - (1.1400872469 * X7)) + ((((-1.3788452148) * X9) - (-2.2151870728)) - ((-0.0909605622) * X12))) / sqrt(exp((((-0.7637138367) * X9) - (0.2983884811 * X2))))))) - (((-0.0548526868) * X13) - (0.1397889107 * X7))) + ((-0.4218229055) * ((1.9243605137 + ((((0.0221645553 * X13) + (0.0179379061 * X9)) / (2.1237804890 * X2)) - sin((0.1963016540 * X4)))) + (exp((1.0418586731 * X5)) * (((((0.4194408655 * X5) - (0.0768575296 * X7)) + (0.0790108740 * X9)) - exp(((-0.2590628564) * X15))) - ((-0.2330107093) * X2))))))))
_deprecated_207_autoPrice,OperonRegressor,ok,15.0,0.7135265720909061,2738.995789403053,88.0,88.0,45.8,,(0.0051390296 + (1.0008969307 * (((((32.4146347046 * X5) + ((-15.6400346756) + (14.1902141571 * X2))) * (((-5.8077344894) * X14) + (5.8549256325 + ((13.1857357025 * X5) - ((25.6606025696 * X3) + (12.5977592468 * X2)))))) * (cos((3.5816092491 + ((1.8529026508 * X5) - (((-0.1642522365) * X2) - ((-0.7150982022) * X7))))) * ((0.0002982213 * X2) - ((-0.0008201228) - (0.0004977175 * X3))))) - ((22.0470046997 + ((((-42.9311714172) * X3) + ((-21.7879486084) * X2)) - (30.2629489899 * X7))) * ((0.0141767738 + ((0.0044941828 * X3) + (0.0004840391 / ((22.6773567200 * X3) + 0.2292629629)))) - ((-0.0019204759) * X2))))))
auto_insurance_losses,OperonRegressor,error,,,,,,,ValueError: Input X contains NaN.,
auto_insurance_price,OperonRegressor,error,,,,,,,ValueError: Input X contains NaN.,
feynman_III_10_19,OperonRegressor,ok,4.0,0.9994667452243926,0.158713343435837,90.0,90.0,55.1,,((-0.0000001979) + (1.0000087023 * ((((((exp(((0.1419313401 * X4) + ((-0.3082745373) * X3))) + (((0.2200746238 * X2) - 1.6593008041) + (0.5269499421 * X3))) * cos(((-0.6901114583) + (0.3812336624 * X1)))) + (((0.6645563841 * X4) + (0.4824135303 * X1)) + exp((((-0.2141505778) * X4) + (0.0248999521 * X3))))) * exp((((-0.0472997800) * X2) - ((-0.1125435308) * X1)))) + ((-0.2906401157) * X4)) - ((cos(((((-0.2870615125) * X2) - 0.4064099789) + (0.0414930694 * X3))) * exp(((sin(((-0.3750186265) * X3)) - ((-0.4025790989) * X1)) + (0.2542906106 * X3)))) - (0.3301925361 + (0.8070822954 * X1))))))
feynman_III_12_43,OperonRegressor,ok,2.0,0.0389413540216833,0.7814215555581556,90.0,92.0,54.1,,((-0.0000070262) + (((((((732.2719116211 * X1) * ((0.0006157342 * X2) + ((-0.0010634856) * X1))) + 0.3907645643) / (((49.1279335022 * X1) + (154.4539489746 * X2)) + (-266.6307067871))) + (((0.0163141768 * X2) + ((-0.9173801541) * X1)) * ((0.0057052649 * X1) + ((-0.2797656953) * X2)))) - (((-0.6385247111) * X1) + ((-0.6879324317) * X2))) - (((((2.3038389683 * X2) ^ 2) - (7.1840324402 * X2)) / (((267.9809570312 * X1) + (207.8532562256 * X2)) + (-674.7120361328))) - (((((-0.3703838289) * X1) + exp(((0.9844643474 * X2) ^ 2))) + (-2.4761390686)) / (((664.5167236328 * X1) + (331.7651367188 * X2)) + (-1301.8873291016))))))
feynman_III_13_18,OperonRegressor,ok,4.0,0.9997482766074484,10.107397206642432,92.0,92.0,51.5,,((-0.0000038377) + (1.0000001192 * (((exp((((0.2514866590 * X2) + ((-2.1194727421) * X4)) - (exp(((-0.5560532808) * X2)) - (0.2772861123 * X1)))) * (((0.0294296965 * X3) - ((-0.0057790196) * X1)) - (-0.0706751421))) + (((((-0.0041292734) * X3) - ((-0.0059630214) * X1)) * exp((((0.7704885602 * X2) + ((-0.7450685501) * X4)) - (1.0883798599 * X1)))) - ((0.0043253233 * X3) - (-0.9337918758)))) + (exp(((cos((0.3772910535 * X1)) - (exp(((-0.5287207961) * X2)) - (0.3960661888 * X1))) - ((((-0.2282467484) * X2) + ((-0.1608342528) * X4)) - sin(((-0.4786525965) * X4))))) * ((0.2597485185 * X3) - (-0.6588722467))))))
feynman_III_14_14,OperonRegressor,ok,5.0,0.9988955641449176,0.2784977505344259,90.0,93.0,54.6,,(0.0000000715 + (1.0000482798 * ((((0.0332358927 * X2) - (((((-0.0934118852) * X5) - ((-0.0719589815) * X3)) ^ 2) + (((-0.0991196185) * X1) + (0.0339853913 * X4)))) + (-0.7743163109)) + exp(((exp(((sin((0.0529047325 * X2)) - ((0.1726497561 * X1) + (0.1758248210 * X4))) + (-0.1464706659))) * (((((0.2294841707 * X5) - (0.0119557222 * X3)) ^ 2) - (0.3039342761 * X4)) - ((((-1.0366343260) * X1) - exp((0.0458181910 * X3))) + ((((-0.2375654429) * X3) ^ 2) + sin((0.4131044745 * X1)))))) + ((((-0.4922273159) * X5) + (0.4391981065 * X3)) - (1.5542848110 * exp(((-0.2464460731) * X2)))))))))
feynman_III_15_12,OperonRegressor,ok,3.0,-5.362860515202205,11.208764666959196,94.0,94.0,53.8,,(0.1401697546 + (1.0272179842 * (((((0.0458700433 * X3) * ((-1.9608826637) * X1)) - (((1.3006647825 * X2) + (-0.3137558401)) + (0.1148691997 * X3))) / (((2.5998892784 / (1.5965323448 * X3)) + ((-5.6947107315) * X2)) * ((-6.5726780891) * X2))) - ((((-0.3794232011) * X1) + (0.0295452904 * X2)) - (((((-0.0003719584) * X2) / (sin((((-3.7610635757) * X2) + (-2.9702839851))) * (0.1133098379 * X3))) + (((((-0.1918328404) * X2) + (0.1419598311 * X3)) * ((-0.9820102453) * X3)) + ((0.0936305746 * X2) / (((-3.3931233883) * X2) + (-3.5608527660))))) - ((0.1133098379 * X3) + ((((-0.0006426633) * X2) + (-0.0020554764)) / (0.1419598311 * X3))))))))
feynman_III_15_14,OperonRegressor,ok,3.0,0.9994773275148436,0.0003621715758224,80.0,81.0,59.2,,(0.0000049535 + (1.0000146627 * ((((exp(((-1.7112110853) * X2)) / (-377.9151916504)) * (exp(((-0.5609425902) * X1)) - ((-1.4986339808) * X1))) + ((((5.3690929413 * X1) + 10.6695194244) / (exp(((-0.5636553168) * X1)) - 0.2201653719)) * (exp((exp(((-0.8019210696) * X3)) - (((0.5103369951 * X3) ^ 2) - ((-0.2577396631) * X2)))) / (exp(exp((0.4204089642 * X1))) / 0.0070847217)))) + (((exp(exp(((-0.5516780019) * X2))) / 32.1730499268) * exp((exp(((-0.6527308226) * X3)) - (exp(((-0.6809690595) * X1)) - (0.2058261782 * X1))))) - 0.4312504232))))
feynman_III_15_27,OperonRegressor,ok,3.0,0.9994718612710348,0.0544309783524536,90.0,90.0,51.2,,(0.0001966994 + (1.0005288124 * ((((exp(((((-0.3813112080) * X3) - (2.2119038105 * X2)) - exp(((-0.7060905099) * X1)))) + sin(sin(((-0.3546218276) * X1)))) - (0.0111893993 * X3)) - ((exp((((((-1.3482627869) * X3) - (0.8763205409 * X2)) - exp(((-0.7282581329) * X1))) - exp(((-0.4904228449) * X2)))) - ((-1.2298734188) + (exp((0.1119534299 * X2)) * ((0.2562106252 * X1) - ((-0.0395268053) * X2))))) + exp(((((-0.3904500008) * X3) - (2.1749522686 * X2)) - exp(((-0.7372376323) * X1)))))) + exp(((exp(((-0.5028945208) * X3)) - (0.4114573598 * X2)) - exp(((-0.5507895947) * X1)))))))
feynman_III_17_37,OperonRegressor,ok,3.0,0.9999734660430362,0.0353469629065573,86.0,86.0,48.2,,((-0.0004660274) + (1.0008623600 * ((sqrt(exp((20.8412322998 * X1))) * ((0.0000000026 - (0.0000000013 * X1)) - (0.0000000003 * X3))) + ((((cos((((-0.5279743075) * X3) - cos((0.7762086391 * X3)))) + ((-22.6918010712) - (6.2518706322 * X2))) + ((cos((0.1066649184 * X3)) * (((0.1740161777 * X3) - ((-0.0097377393) * X1)) - ((-11.9008817673) - (4.5264787674 * X2)))) * ((((0.2357836068 * X3) - (-1.7587580681)) + cos((0.8696004152 * X3))) * cos(((-0.6573334336) * X3))))) * (((-0.1123895422) - (0.0367053375 * X1)) - ((0.0088449186 * X1) - (0.0001097336 * X2)))) + 0.1057745516))))
feynman_III_19_51,OperonRegressor,ok,5.0,0.973635731059984,0.4908372387511589,96.0,96.0,69.1,,((-0.0000000947) + (1.0000002384 * (((0.2882333398 + ((-0.0079160398) * X2)) + (0.0086067365 * X3)) - (exp((((((0.0176703464 * X1) + ((-0.0291384067) * X4)) * ((((-7.0371656418) * X2) + ((-4.8597688675) * X1)) + ((-6.0505256653) * X4))) + (((1.4624410868 * X3) * (0.1425902694 * X3)) + (0.9211297631 * X2))) + ((((-0.8309037685) * X3) + ((0.6529526711 * X1) + ((-1.6202914715) * X4))) - (((((-0.0255848151) * X2) + 0.1665646434) + ((-0.0574360937) * X5)) * (((3.9048016071 * X5) + (0.1526151001 * X3)) + ((-3.3021116257) * X4)))))) * (((((-0.0033454539) * X2) + (-0.0052721472)) + (0.0005812785 * X1)) * ((-4.8603696823) + (2.0461461544 * X5)))))))
feynman_III_21_20,OperonRegressor,ok,4.0,0.99993397547644,0.0784132840485069,96.0,96.0,69.4,,((-0.0000003180) + (1.0000013113 * (((((0.0024061985 * X3) - (-0.2085426599)) - (0.0053153043 * X4)) + (((-0.2315899283) * X2) + (0.0025898735 * X1))) - ((((((0.0006467333 * X2) + (0.0028931415 * X1)) + ((-0.0030738786) * X4)) * exp(((-0.0144797927) * X1))) + (((0.0005146266 * X3) * (2.4984397888 * X1)) - (((0.0006841670 * X2) + ((-0.0031561509) * X3)) - (0.0003694651 * X1)))) / ((exp(((-0.0235914886) * X4)) - (((-0.0003365077) * X3) - (-1.0615363121))) / (((((-1.8062716722) * X2) + ((-0.0494433492) * X1)) + (((0.0010002722 * X3) - (0.0005200544 * X1)) * exp((3.0288283825 * X1)))) - (((-0.0152022960) * X3) - (-4.6346611977))))))))
feynman_III_4_32,OperonRegressor,ok,4.0,0.9997521491112336,0.1101349109125418,86.0,88.0,65.9,,((-0.0000001009) + (0.9999997020 * (((((0.0049998411 * X4) - (0.0055108150 * X1)) + (-1.0258767605)) + exp(((exp(((-1.2061473131) * X2)) ^ 2) + (-58.4936790466)))) + (exp(((((((-0.0820916444) * X2) + (0.0708853304 * X4)) * (((0.8605392575 * X2) + (0.7375432849 * X4)) + (-1.9762916565))) - exp(((-0.5173712373) * X4))) + ((exp(((-0.2809996605) * X2)) ^ 2) + exp(((0.0071663447 * X2) - (0.3655202389 * X1)))))) * ((((0.0015575292 * X4) + (0.1095912531 * X3)) + exp((((0.2448273301 * X3) - 9.2091827393) + ((-2.9358341694) * X1)))) - ((0.0036329972 * X2) + (-0.2689162791)))))))
feynman_III_4_33,OperonRegressor,ok,4.0,0.9998731196283276,0.0513950444728892,96.0,96.0,66.7,,(0.0000032977 + (1.0000002384 * ((((((((((-0.0012227370) * X2) / ((-3.5839810371) * X4)) + (-0.0839633122)) + (0.0134095224 * X1)) - (0.0778667405 * X2)) * (exp((0.0739086121 * X3)) - ((-0.2193075269) * X4))) * ((exp(((-0.0459046327) * X3)) - (0.2040387392 * X4)) + (0.2638535798 * X1))) - ((0.0001380655 * X3) * exp((3.0113244057 * X2)))) - (((exp((5.7418079376 * X2)) * (0.0000035171 * X4)) + ((((0.4390669465 * X3) + ((-0.6254482865) * X4)) + (0.0464913435 * X1)) - ((exp((0.2735949457 * X2)) - (((-18.6712341309) * X3) + (0.0665606335 * X4))) * ((0.0132280430 * X4) + 0.0613622963)))) + ((-0.0082362378) * X2)))))
feynman_III_7_38,OperonRegressor,ok,3.0,0.9999365347144646,0.2987092460259809,90.0,90.0,65.6,,((-0.0000036041) + (1.0000094175 * (((-1.2021093369) - (((-0.1234028265) * X1) - exp((0.2351055145 * X1)))) + ((((((0.0095214024 * X3) + (exp(((-0.0769956633) * X1)) + ((-1.3741194010) - (0.0695196316 * X2)))) + ((0.0000492211 * X3) / (exp((0.8943181038 * X3)) - ((-0.2028099447) * X3)))) / exp((1.2860499620 * X1))) + (((-0.2100650221) * X1) - ((2.7852566242 * X3) - (2.2740008831 * X2)))) / exp((sin(((0.3049261272 * X1) + (0.1760917306 * X3))) + (((exp((1.1279196739 * X3)) + (-0.1641618460)) / exp((1.0617555380 * X3))) - ((0.8864021897 * X1) - exp((0.2496912926 * X1))))))))))
feynman_III_8_54,OperonRegressor,ok,3.0,-0.492293411736864,0.4012403004727375,86.0,94.0,45.4,,((-0.0007975773) + (0.1726183891 * (((cos((6.1288714409 * X2)) + cos(((-0.6679294109) * X2))) + cos((6.1288714409 * X2))) * ((cos((cos(((-2.6797630787) * X3)) + cos(((((-1.3890339136) * X3) * ((-1.4038478136) * X3)) ^ 2)))) + cos(((-3.2692754269) * X3))) + ((cos((((((-1.4038478136) * X3) * ((-26.6099758148) * X2)) * ((-26.6099758148) * X2)) ^ 2)) + ((((((-0.6679294109) * X2) ^ 2) ^ 2) ^ 2) ^ 2)) + (cos(((-2.6797630787) * X3)) + (cos(((((-2.8677780628) * X3) * (4.2262001038 * X3)) ^ 2)) + cos(((((-1.4038478136) * X3) * ((-26.6099758148) * X2)) ^ 2)))))))))
feynman_III_9_52,OperonRegressor,ok,6.0,0.9998464151590596,0.1985491363579293,84.0,84.0,61.9,,((-0.0000001351) + (1.0000309944 * ((((((0.3018051386 * X2) + exp((0.0034268016 * X4))) * (exp(exp(((-0.3102381527) * X4))) * (exp((0.0514166355 * X1)) - (0.8467622995 + ((-0.0037441347) * X3))))) * ((exp(((-0.0567729957) * X1)) - ((-0.5820577145) * X3)) + cos(((((-0.5830265880) * X3) + (-1.0059186220)) * ((0.5978831053 * X5) + (((-0.6803145409) * X6) + (-0.0952802226))))))) * ((((-0.0324089378) * X3) + 1.0335557461) + cos(((((-0.1470187306) * X3) + (-0.5754137039)) * ((2.1064462662 * X5) + (((-1.9288549423) * X6) + (-0.2515786290))))))) + (((-0.0015719684) * X3) + (-1.0325225592)))))
feynman_II_10_9,OperonRegressor,ok,3.0,0.999828728033086,0.0026428957515337,96.0,96.0,61.7,,(0.0000129856 + (1.0000120401 * ((((((exp(exp(((-0.6602888703) * X2))) * (((-0.0281649940) * X2) + (0.0318238512 * X1))) + exp(((((-1.1112440825) * X3) - (0.2386091202 * X2)) - ((-0.0341722518) * X1)))) + (((-0.1218196377) * X3) - (0.2494933456 * X2))) - (exp(((((-0.7260276079) * X3) - (1.1048475504 * X2)) - (0.0492832474 * X1))) * ((0.0569992959 * X2) + ((-0.0479983874) * X1)))) + ((((((-0.6675258875) * X3) - (0.7561014891 * X2)) - ((-0.0127713354) * X1)) * (((-0.0580200478) * X2) + (0.0555926748 * X1))) - exp(((((-1.1318750381) * X3) - (0.2417855412 * X2)) - 0.1760020554)))) - (0.5119480491 + ((-0.2374337763) * X1)))))
feynman_II_11_20,OperonRegressor,ok,5.0,0.9969701662077808,0.3899883954287757,83.0,83.0,63.0,,((-0.0042447154) + (0.9939563274 * (exp(exp((exp(((-0.3848159015) + ((-0.2887195349) * X4))) * exp((0.0050266390 * X3))))) * ((((exp((((0.2547849715 * X2) + ((-0.2407500744) * X5)) - exp(((-0.5317167044) * X2)))) * ((0.0088606961 * X1) + 0.0213856101)) + (exp((((0.2002694905 * X2) + ((-1.5555815697) * X5)) - exp(((-0.5797117949) * X2)))) * ((0.0011424919 * X1) + 0.0029124354))) * ((((-1.4351547956) * X2) - ((exp(((-0.8487320542) * X2)) - exp((0.6026749015 * X2))) - (2.5554804802 * X3))) + 6.4844641685)) + ((-0.0955688506) + ((-0.0366819091) * X4))))))
feynman_II_11_27,OperonRegressor,ok,4.0,0.999941383176519,0.0030598621384451,88.0,90.0,70.4,,(0.0003802803 + (1.0003324747 * (((((((((1.8216018677 * X2) * (0.0322149023 * X1)) + (0.1356549561 * X4)) - ((0.1325529218 * X1) + (-7.4321432114))) + ((0.1505080760 * X2) - exp(((0.0699876621 * X2) + ((-0.1848013252) * X4))))) ^ 2) ^ 2) * (((((-0.0190193411) * X4) + (((-2.5040764809) * X2) + ((-3.6586315632) - (0.0035176619 * X1)))) - ((exp((0.2490282208 * X1)) * (((-3.8313527107) * X2) + ((-6.9845190048) - (0.0231974572 * X3)))) + exp(((-0.0137773575) * X4)))) * ((((-0.0230050590) * X3) + (-6.2942986488)) - ((-6.2945218086) - (0.0230486114 * X3))))) + ((-0.9783111811) - ((-0.0095779132) * X4)))))
feynman_II_11_28,OperonRegressor,ok,2.0,0.9990657962379624,0.0089354468730095,86.0,86.0,58.2,,((-0.0000040539) + (1.0000003576 * (((sin((((-11.7601795197) * X2) - 8.3995666504)) * ((0.0223858114 * X1) - (-0.0144859832))) * (((0.2742757499 * X1) - ((0.8823257089 * X2) - (-0.8654620647))) + cos(((2.4406332970 * X2) + (3.4308221340 * X1))))) - (cos(((0.1760453582 * X2) + ((-0.1731178463) * X1))) * (((-0.6210656762) * X2) - ((sin((((-13.8056392670) * X1) - 8.6809053421)) * (0.0136062251 * X2)) - (((0.5786880851 * X2) - (-0.9139090776)) * ((exp(((-0.2626958489) * X1)) - (((-0.1147470549) * X2) - 0.1075023860)) - (exp((0.1323653609 * X2)) * exp((0.3656074405 * X1)))))))))))
feynman_II_11_3,OperonRegressor,ok,5.0,0.9992445504369526,0.0034433412290316,92.0,97.0,54.8,,((-0.0000000272) + (1.0000197887 * (exp(((((((((-0.3409534097) * X3) ^ 2) ^ 2) + ((-0.7999638319) * X4)) - exp(((-0.3225083053) * X2))) + (((-0.1233844236) * X1) + ((-0.0086076390) * X2))) + (((0.1989649981 * X5) - (0.2828916311 * X3)) + (0.9370463490 - exp((((-0.4442545176) * X1) + ((-0.0141208125) * X5))))))) + ((exp(((0.1862640232 * X2) + ((((0.2044542432 * X1) + ((-0.1186600327) * X4)) + ((-0.3006163836) * X3)) + (((-0.2064045072) * X3) ^ 2)))) - ((((-0.0620555021) * X1) + (0.1342708319 * X2)) ^ 2)) - (1.6099220514 + (((((-0.1561933905) * X3) ^ 2) + ((-0.0053813825) * X5)) + ((-0.0987536013) * X3)))))))
feynman_II_13_17,OperonRegressor,ok,4.0,0.9987102481389102,0.0010179850846184,86.0,86.0,55.3,,(0.0000010490 + (0.9999886155 * (((exp((((exp(((-0.5240633488) * X1)) - ((-0.5698427558) * X2)) - (1.0145736933 * X2)) - ((-0.0158855394) * X3))) + (exp(((((-0.3141586781) * X1) + (-2.9193031788)) - (2.5380637646 * X2))) + ((((-0.6533848643) * X1) + 3.2498688698) - (0.7487502694 * X2)))) * (((((-0.7682117224) * X4) + 3.7097024918) + (exp(exp(((-0.6192103624) * X4))) + exp((((-1.0787767172) * X2) + exp(((-0.4643505812) * X4)))))) * ((((-0.0000251087) * X1) + (-3.4850890636)) + (((0.0016583828 * X3) - (-3.4894132614)) - (0.0000457978 * X2))))) + (((-0.0038401138) * X3) - 0.6203751564))))
feynman_II_13_23,OperonRegressor,ok,3.0,0.9991702665585146,0.0302811695471817,88.0,88.0,57.0,,(0.0000007335 + (0.9999881983 * (((((1.2189294100 * X2) - (sin((((-1.1743901968) * X2) + (6.4447374344 * X1))) + (8.0993604660 + ((-2.9948024750) * X1)))) / (-1170.7137451172)) * ((exp(((exp((0.4076473713 * X1)) - ((-0.6651427150) * X2)) - (((-0.3531021178) * X1) + (1.5716743469 * X3)))) - ((-2.7180249691) * X3)) + (((-2.5554375648) * X2) + (-11.0000400543)))) - (((sin((((-4.5795459747) + ((-0.0414175317) * X1)) + sin((3.9584853649 * X3)))) - ((-0.1085449532) * X3)) * ((-0.0563302226) - (((0.0445422195 * X1) + (0.0316474997 * X2)) + ((-0.0405326374) * X3)))) - ((-0.0468540341) + (0.8821383119 * X1))))))
feynman_II_13_34,OperonRegressor,ok,3.0,0.9791780239381338,0.2886144422894282,96.0,96.0,61.7,,((-0.0000313986) + (0.9999905229 * ((((((-2.6224324703) * X3) * (0.0583245009 * X1)) - (0.1063190550 + ((((-0.8368936777) * X1) + (0.0506030731 * X3)) + ((-0.3838000000) * X2)))) + ((((((-0.0025138841) * X1) + (0.0338905230 * X3)) + (0.0410495289 * X2)) * (((cos((12.0461587906 * X3)) / cos((12.0643815994 * X3))) - ((-4.4846706390) * X1)) + ((-0.2198275924) * X2))) + ((((-0.0258900058) * X3) * cos((12.9211168289 * X3))) / ((-8.8188734055) * X2)))) + exp(((((0.7110983729 * X2) + (((-2.1213443279) * X3) * (0.1570648700 * X1))) + exp(((-0.6959512830) * X3))) + ((((-0.1581694186) * X1) + (0.1418922246 * X3)) + (-3.8803462982)))))))
feynman_II_15_4,OperonRegressor,ok,3.0,0.9999544647570796,0.0379908413337016,87.0,87.0,51.0,,(0.0000000242 + (1.0000001192 * ((((((-0.6468560696) + ((-0.0022956047) * X1)) + ((-0.0018996315) * X2)) - ((cos(((0.1930737346 + (0.0010991503 * X1)) + ((-1.2254307270) * X3))) * ((exp((0.0047841552 * X1)) + (0.0032626460 * X3)) + (0.3977638483 * X2))) * (((-0.6948123574) * X1) + ((-1.7716045380) + (0.0083160233 * X2))))) + (((0.8456398845 + ((-0.2968312204) * X1)) + cos(((1.3697067499 * X2) + (5.6310400963 * X3)))) * (cos((32.2219085693 * X3)) * (exp(exp((0.8029570580 * X1))) * ((0.0009468917 + (0.0008927024 * X2)) + (0.0001114210 * X3)))))) + (0.0009850509 * X3))))
feynman_II_15_5,OperonRegressor,ok,3.0,0.9997020535317066,0.097167606852152,90.0,90.0,53.3,,(0.0001732746 + (1.0002682209 * (((((-0.0014056875) * X3) + ((-0.0031709506) * X2)) + ((-0.7473862171) + ((0.0306588355 * X1) / ((-14.2687587738) * X3)))) + (((1.5412739515 + (((((-32.3621063232) * X1) + (-35.0908851624)) * cos(((-5.1520066261) * X3))) / (-6639.3422851562))) * ((cos(((1.1749080420 * X3) + 0.0418355353)) * (cos(((0.0090834899 * X3) + ((-0.0782869384) * X2))) - (((0.0095061064 * X1) / ((-16.0473461151) * X3)) + (((-0.3825257123) * X1) - (0.0033809978 * X2))))) - ((-0.0019853350) * X2))) * ((1.1415867805 + ((0.0592345335 * X1) / (38.5146217346 * X3))) + (((-0.0027207141) * X3) + (0.4685265720 * X2)))))))
feynman_II_21_32,OperonRegressor,ok,5.0,0.9998060490124456,0.0005090428194552,86.0,86.0,57.6,,((-0.0000001911) + (0.9999994040 * ((exp(((-21.2487735748) + ((-10.8303518295) * X3))) + ((-1.1646884680) + ((-0.0030167508) * X5))) + exp((((exp(((-1.2917354107) + ((-0.7731566429) * X3))) + (exp(((-0.7903310657) * X2)) - (exp(((-0.6864347458) * X2)) + ((0.0507227704 * X5) + ((-0.0376963168) * X4))))) + ((exp((((-1.0662339926) * X5) + (0.1655194759 * X4))) + ((-0.1749158204) * X3)) - (exp((((-1.0354406834) * X5) + (0.1449162960 * X4))) + ((0.2825748026 * X2) - (0.7504869699 - ((-0.1819455475) * X1)))))) - exp(exp((((0.0131550543 * X2) - (0.6122943163 * X1)) - 1.3711707592))))))))
feynman_II_24_17,OperonRegressor,ok,3.0,0.9994213480287248,0.0233219989999999,88.0,89.0,70.1,,(0.0000001725 + (1.0000011921 * (((((-0.0021163840) * X3) * ((-40.1809616089) - ((-6.3810167313) * X3))) - exp((((-3.5280554295) - exp((((-1.1716639996) * X2) + ((-0.2233099043) * X1)))) + ((((-0.4939980507) * X1) + ((-0.1324023008) * X2)) + exp(((-0.5321993828) * X3)))))) + ((((exp((0.4519097209 * X2)) + exp(exp(((0.0322066210 * X1) + ((-0.2745376527) * X2))))) + ((0.0000154038 * X1) / ((-0.2881422639) * X2))) - (exp(((-3.2894792557) - exp((13.7309827805 * X2)))) + ((((-0.0627935529) * X1) + ((-0.4095069170) * X2)) ^ 2))) + ((-3.7950537205) - (((-0.3947663009) * X1) + (0.5164574385 * X2)))))))
feynman_II_27_16,OperonRegressor,ok,3.0,0.9997864089395856,1.2329030769787808,94.0,94.0,60.2,,((-0.0000002282) + (0.9999994636 * ((((((exp(((-0.1210247949) * X1)) - ((-0.4987598956) * X1)) * ((((-10.2842025757) * X2) * ((-0.0001045943) * X3)) + ((0.0115428027 * X3) + (0.0697486997 + ((-0.0018951312) * X1))))) - ((((-0.0068513434) * X3) + ((0.0000131662 * X1) + 0.0116356220)) / (((-0.8712188005) * X3) + 1.4798055887))) * ((((-10.2842025757) * X2) * ((-0.2683568597) * X3)) + (((10.9966669083 * X3) - ((-4.7042436600) * X2)) - (0.1509752274 * X1)))) + ((0.0042899782 * X3) + ((0.3661324084 * X1) + (-0.1486326605)))) - (((((-0.0032318574) * X3) - ((-0.0016099175) * X2)) - (0.2368100286 * X1)) / ((12.2090740204 * X1) + (-0.1621234119))))))
feynman_II_27_18,OperonRegressor,ok,2.0,0.9885840984550784,2.341245537443825,92.0,92.0,49.1,,((-0.0000001136) + (0.9999998212 * (((((sin((509.1685180664 * X2)) + ((1.5526306629 - (0.5276472569 * X2)) - sin(exp((1.5339357853 * X1))))) * ((sqrt(exp((10.0151767731 * X2))) * ((0.0000044101 * X1) + (0.0000035583 * X2))) * (((-2.3608975410) * X1) + exp((2.2623803616 * X1))))) + (((((-3.7649860382) - (0.8636662364 * X2)) * (0.9415242672 * X1)) * (((-0.0006075538) * X1) + ((-0.0724866614) * X2))) - sin((0.1900730878 * X1)))) - ((-0.6055181623) * X1)) + (((-0.1442983299) - ((-0.8886523247) * X2)) + (((11.6373414993 * X2) + (4.0008087158 * X1)) * (((-0.0002023779) * X1) + (0.0141909905 * X2)))))))
feynman_II_2_42,OperonRegressor,ok,5.0,0.9995151401502108,0.1889950487837052,92.0,92.0,54.0,,((-0.0013741701) + (1.0000164509 * ((((sin((exp(((-0.1916295737) * X1)) + exp(((-0.1564356387) * X4)))) - (((0.5560685396 * X2) - (-0.9445393085)) - ((-0.0381280258) * X5))) + (0.5764515996 * X3)) / exp((((exp(((-0.4205490053) * X1)) + ((-0.6744751930) * X4)) - sin(((((-0.0185413137) * X1) - (-0.8459576964)) - (0.4517106414 * X4)))) - ((-0.2600469291) * X5)))) - (exp(((((-1.7641375065) * X5) - exp(((-0.3961857855) * X1))) + (0.5899050832 * X4))) * (((((0.1029636636 * X2) - ((-0.0134502547) * X5)) - ((-0.0055366741) * X1)) + ((-0.1067464724) * X3)) / (exp(((-0.4983128607) * X4)) + (0.7736549377 * X4)))))))
feynman_II_34_11,OperonRegressor,ok,4.0,0.9993901932206122,0.1516361804336666,92.0,92.0,60.3,,(0.0000000052 + (1.0000001192 * (((((0.0006269317 * X3) + (((-0.0082890969) * X1) + (-0.0205232184))) * (((-12.0023107529) * X2) + ((10.7611942291 * X4) + ((0.2813841701 * X1) + (-3.4877378941))))) * ((((-12.3247995377) * X3) + (10.6465950012 * X4)) / ((sin((1.3291584253 * X3)) - (7.7972183228 * X4)) + (-21.7801132202)))) + ((((((-11.7893285751) * X1) + 4.7361469269) + (((-1.5314257145) * X4) + ((-1.2472636700) * X3))) * ((((-0.0049643982) * X4) + ((0.0035137585 * X2) + (0.0013535923 * X3))) + (-0.0320977271))) + (((26.9208621979 * X2) + ((23.0960769653 * X3) + ((-28.2210063934) * X4))) * ((0.0066070743 * X1) + 0.0120051047))))))
feynman_II_34_2,OperonRegressor,ok,3.0,0.8470084339439339,4.956099830307721,89.0,89.0,62.2,,(0.0000168507 + (1.0000507832 * ((((((0.0175907668 * X2) * (0.3432159126 * X1)) - (((-0.0161987804) * X1) + (-0.0792885646))) + (0.0163415726 * X2)) * (((11.2244138718 * X3) - (-28.4593257904)) - (exp(((3.8963580132 * X2) - ((-3.5443391800) * X1))) * ((((((-1.5243929625) * X2) * ((-0.0163963828) * X1)) - ((0.0839922279 * X1) + 0.1861681491)) + ((0.0012532865 * X3) + (-0.1351844817))) + ((-0.1000302806) * X2))))) - (((((0.0123731066 * X2) + (((-0.0001307636) * X3) - (-0.0242755748))) - ((-0.0114359753) * X1)) * exp(((3.9855871201 * X2) - ((-3.6186485291) * X1)))) - (((-0.3979150653) * X3) - 2.2993016243)))))
feynman_II_34_29a,OperonRegressor,ok,3.0,0.9931366237449212,0.0213623520979024,90.0,90.0,49.1,,(0.0000045315 + (1.0000001192 * (((((-0.0000018580) * X2) - (0.0000018412 * X1)) * exp(((4.4391770363 * X2) + ((-3.1350808144) * X3)))) + (((0.0815194845 * X2) + ((((0.0002071413 * X2) - ((-0.0153597193) * X1)) * ((((-0.0263314638) * X1) + 5.2508492470) - ((-2.0645716190) * X2))) - ((0.0876046419 * X3) - (-0.0294172261)))) * ((((((5.3285760880 * X2) + exp(((-1.4111652374) * X3))) - (-6.3135685921)) * sin((((0.0485696942 * X2) - (-1.1668769121)) * ((0.0795703083 * X1) + 1.3161263466)))) + sin(((-0.7038858533) * X3))) - ((5.3012933731 * X2) + ((0.7184385061 * X3) + exp(((-0.6022180319) * X3)))))))))
feynman_II_34_29b,OperonRegressor,ok,5.0,0.9992499826446836,4.288806289100781,84.0,85.0,44.9,,((-0.0000187056) + (1.0000017881 * (((((-0.0004860586) * X4) - exp(((exp(exp((0.0094860774 * X1))) - (0.0004013561 * X2)) - exp((0.0256741196 * X1))))) - (-5.6330676079)) * (exp(((cos((exp(((-0.6235032678) * X5)) + (0.7145563364 * X5))) - ((exp(((-0.4266582131) * X1)) - exp((0.3788213730 * X5))) - (0.5958038568 * X3))) - (((exp(((-0.4311251044) * X4)) - sqrt((sin(sqrt(exp(((-0.7610789537) * X3)))) ^ 2))) - (exp(((-0.4643170238) * X2)) + (0.1213875413 * X5))) - cos((0.3338583112 * X3))))) - (((-0.4637851715) * X2) + 13.2625064850)))))
feynman_II_34_2a,OperonRegressor,ok,3.0,0.9998539105969128,0.0062879927854586,92.0,92.0,60.8,,(0.0000032250 + (1.0000013113 * ((((0.3511210084 * X2) - ((-0.8272095919) * X1)) + ((-0.7113226652) * X3)) - ((((((0.0006149953 * X2) - exp(((-1.1918095350) * X3))) + exp(((-2.3684341908) * X3))) + (-0.0903329030)) - exp(((-2.7143223286) * X3))) * (((exp(((-0.5905411243) * X3)) - ((0.0003657752 * X1) + ((-1.6022552252) * X3))) * (((((0.0000025465 * X2) - (-0.0001253082)) + (0.0000675628 * X1)) * exp(((-7.3220291138) * X3))) - ((1.0813664198 * X3) - ((((-0.0154008679) * X2) - (-0.6596676111)) + (1.2687697411 * X1))))) * (((-0.2297527194) * X3) - ((((-0.1141606346) * X2) - (-0.3059383631)) + (0.0006338128 * X1))))))))
feynman_II_35_18,OperonRegressor,ok,5.0,0.9676264257782078,0.0597127432223084,89.0,90.0,53.1,,(0.0000006510 + (1.0001094341 * (((((((exp((0.3360153139 * X5)) + (9.4124021530 + ((-0.6505287290) * X3))) - ((-0.4573314488) * X4)) + (2.1523716450 * X1)) + ((-0.0442394689) * X2)) - cos(((-0.5119894743) * X1))) + (((exp(((-0.2884099483) * X4)) + ((((-0.3968304992) * X2) + (0.1006119400 * X3)) + (0.2881278396 * X4))) ^ 2) - exp((((-0.5106984973) * X2) + ((-0.0988814160) * X3))))) - exp((((((0.1622252911 * X1) + (0.0938554928 * X4)) - ((-1.6398152113) + (0.1460911930 * X3))) + exp(cos(((((-0.1648784727) * X2) + (0.1244234741 * X3)) + 4.1532497406)))) - ((-0.0800362006) * X5))))))
feynman_II_35_21,OperonRegressor,ok,5.0,0.9908813802574008,0.4898197917851735,96.0,97.0,66.7,,(0.0000221904 + (1.0000065565 * (((exp(((-0.3149630129) * X5)) * ((0.1048906595 * X4) - ((0.0261052623 * X2) - (0.1484112442 * X1)))) - (((0.1522929072 * X3) + ((-0.0238825660) * X5)) + ((0.1452042758 * X4) ^ 2))) - (exp((((((((-0.1455798000) * X2) + (0.3222887218 * X5)) + ((-0.4003726840) * X3)) + (0.0810550451 * X1)) + (0.2568772435 * X4)) * (((0.2184885889 * X2) + ((-0.1788194627) * X5)) + exp((((-0.1385821104) * X4) - ((-0.1266495138) * X1)))))) - (((-0.0879987702) + ((-0.0357998461) * X1)) * ((((-7.5928039551) * X2) + ((-10.0473423004) + ((-0.5570155978) * X1))) - exp((((-0.9191533327) * X4) + (0.4178011119 * X5)))))))))
feynman_II_36_38,OperonRegressor,ok,8.0,0.9779622204664636,0.163479250084732,91.0,94.0,46.5,,((-0.0000011831) + (1.0004549026 * (((((((0.0438386127 * X4) + ((((-0.0288071036) * X1) - ((-0.0336846150) * X3)) + ((-0.0434281975) * X8))) - (((-0.0869821683) * X7) + ((0.7906749845 - (0.0493169688 * X6)) + sin((0.0317407176 * X5))))) ^ 2) ^ 2) ^ 2) + ((exp((((0.0717074871 * X5) - (0.2848299146 * X3)) - ((exp(((-0.4632319808) * X1)) - ((-0.7622263432) * X4)) + ((-0.3066909015) * X2)))) - (1.9093028307 - ((-0.0397210717) * X4))) + (exp((sin((0.4783068001 * X3)) - ((((-0.1462547034) * X1) - ((-0.8476211429) * X3)) + ((-0.1859885901) * X2)))) - (((-0.0470415056) * X1) - (0.1943200529 * X3)))))))
feynman_II_37_1,OperonRegressor,ok,3.0,0.9998239256137836,0.3563685387784456,96.0,96.0,52.9,,(0.0000032989 + (0.9999963641 * ((((((((0.1418823749 * X2) + ((0.0380620547 * X1) + (3.5752944946 * X3))) * (0.7103033662 * X2)) + ((6.4690670967 * X3) - 0.2694889605)) + ((exp(((0.2996056974 * X3) * (1.7224508524 * X1))) * ((0.3992922306 * X2) + 0.7097623944)) + ((-0.0049048783) * X1))) - ((-8.0491704941) * X2)) * ((((exp((1.1719129086 * X1)) * (((-0.0004877470) * X2) + (((-0.0002477276) * X1) + ((-0.0000778507) * X3)))) + (((-0.0009621127) * X3) - (-0.0716689453))) - ((-0.0297748260) * X1)) - ((-0.0000959656) * X2))) + ((0.6679347157 * X1) + (exp((0.8011328578 * X2)) * (((-0.0074462551) * X3) * (1.7224508524 * X1)))))))
feynman_II_38_14,OperonRegressor,ok,2.0,0.9998414603441704,0.0025968049458765,94.0,94.0,56.4,,((-0.0000012648) + (0.9999971390 * ((exp((((-0.0959729254) * X2) + (0.3020102084 * X1))) + ((-0.2857732475) * X1)) * ((cos((((((0.0709022209 * X2) - (0.0289492533 * X1)) * ((-2.7512540817) * X1)) * exp((((-0.0739404634) * X2) + (0.4425620139 * X1)))) - ((-1.4461011887) + (0.3553378880 * X1)))) - (exp(((-1.0828517675) * X2)) + (0.1795266122 * X1))) - ((((1.0291848183 * X2) + (0.6508200765 + ((-0.1745913476) * X1))) - exp((0.3709026575 * X2))) * (exp(((-0.7591448426) * X2)) + ((exp(((0.0956808925 * X2) + (0.4253110588 * X1))) + ((-0.1089311093) * X1)) + ((0.0000331525 * X2) / ((-0.1385502964) * X1)))))))))
feynman_II_38_3,OperonRegressor,ok,4.0,0.9999141132730835,0.0802478610078838,98.0,98.0,57.1,,(0.0000000630 + (0.9999945164 * (((((((0.0160352439 * X4) + (0.0112560894 * X1)) - (0.0119389743 * X3)) + ((exp(exp(((-0.4317035377) * X3))) * (((-0.0014132187) * X3) + (0.0013726937 * X4))) * ((1.1052448750 * X1) + ((-1.0265020132) * X3)))) * (((0.4137981534 * X1) + ((-12.5301952362) * X3)) + (12.9205045700 * X2))) - ((-0.3575561345) * X2)) + (((((((-0.3134399652) * X3) + (1.5378050804 * X4)) - 0.1971581131) * exp((((-0.0453983434) * X2) + (0.0518980511 * X3)))) - (((((-45.8204994202) * X4) + (0.6695677042 * X1)) - 127.8575897217) * ((0.0030345775 * X1) + ((13.0001878738 * X3) + ((-13.0005035400) * X3))))) + ((-1.1817239523) * X4)))))
feynman_II_3_24,OperonRegressor,ok,2.0,0.9990385542551268,0.0015356074486172,84.0,84.0,68.1,,(0.0000099717 + (1.0000201464 * ((exp((((exp((0.3880405128 * X1)) - (3.9864873886 * X2)) - (sin(sin((12657.3339843750 * X1))) * (-0.0784137323))) - ((exp(((-6.8162951469) * X1)) + 8.0741319656) + sqrt(exp(((-10.5397243500) * X1)))))) - (((exp(((-1.1860963106) * X2)) - (((-0.0069509265) * X1) - ((-0.1305261403) * X2))) * ((-0.2668736875) + ((-0.1058003008) * X1))) + (0.6722515821 - (0.0718130022 * X1)))) + ((exp(((-0.2891371548) * X1)) * (exp(((-2.4787883759) * X2)) - exp(((-2.4755172729) * X2)))) * ((3.2149469852 + (2.0818510056 * X1)) + ((-0.8390031457) * X2))))))
feynman_II_4_23,OperonRegressor,ok,3.0,0.9997371399694732,0.0008097850553889,92.0,92.0,55.9,,((-0.0000117714) + (0.9999886155 * ((((((-0.0000397341) + (((0.0001789252 * X1) + (0.0000395494 * X2)) - (0.0002025909 * X3))) / exp((1.6916830540 * X3))) + (((0.0003835849 * X1) + (0.0002476173 * X3)) - ((-0.0062040463) + (((((-0.0029946007) * X1) + (0.0013778697 * X2)) - ((-0.0027196724) * X3)) / exp((0.3118508458 * X3)))))) / cos((1.5609188080 + ((((-0.0000168296) * X1) + ((-0.0037664778) * X2)) - ((-0.0000219474) * X3))))) - (exp((0.0745780095 * X3)) + (((0.0036041234 + ((-0.0021054870) * X2)) - ((-0.0030713109) * X3)) / (((-3.4688203335) * X1) + exp(((2.8625054359 * X1) + (0.5635820627 * X2)))))))))
feynman_II_6_11,OperonRegressor,ok,4.0,0.9999673833326852,0.0001133298072419,86.0,86.0,48.1,,(0.0000016036 + (0.9999991059 * (exp((exp(((-0.4719583392) * X4)) - exp((0.1230360419 * X4)))) * (((((exp(((-0.2718286812) * X4)) + (0.0010115805 * X2)) - 0.5079935193) - ((0.0087653538 * X3) + exp((exp(((-1.8707395792) * X4)) - exp(3.3972642422))))) - ((-0.5659571290) * X4)) - (((cos((0.1548619419 * X4)) - ((-0.2784943581) * X2)) / (exp((0.0544871464 * X1)) + (0.2378466725 * X1))) * ((((43.3342971802 - ((-0.6677487493) * X2)) - (((-0.1433558762) * X3) * (((-16.1069202423) * X3) - 22.2060947418))) + (0.3994477689 * X4)) * ((0.0125531079 * X3) + 0.0085044689)))))))
feynman_II_6_15a,OperonRegressor,ok,6.0,0.9995625847240576,0.0074699542644435,94.0,94.0,49.0,,((-0.0000382255) + (0.9999545217 * ((exp(((((((-0.5596744418) * X4) * (((-0.0128073152) * X2) + ((-0.0261380840) * X5))) + exp(((-0.6579523683) * X3))) + ((((-0.7388328910) * X3) + ((-0.2220270932) * X2)) + exp((((-0.3269884288) * X1) - (0.0090094758 * X6))))) - exp(((-0.2916520536) * X6)))) * (((((-0.9856675863) - ((-0.0001366853) * X3)) + exp((((-0.0380366445) * X2) + ((-0.0004198334) * X5)))) + (0.0442006290 * X2)) * ((((0.2259571999 * X2) + (0.0585307665 * X5)) + exp(exp((((-0.0973261520) * X4) + (0.1465936750 * X5))))) + ((0.0782441199 * X1) - ((-0.6371223330) * X4))))) + ((-0.4870727360) - ((-0.0025597732) * X3)))))
feynman_II_6_15b,OperonRegressor,ok,4.0,0.9994737840537928,0.0007772540800698,86.0,86.0,63.6,,(0.0000801101 + (1.0000178814 * ((exp(((exp(((-0.2891336977) * X1)) - (1.7134191990 * X4)) - ((-0.0090578245) * X3))) - ((((0.6878618598 * X1) - ((-0.8175766468) * X4)) * exp(exp(((-0.2749300301) * X1)))) + (-6.0489892960))) * (exp(((((((-0.4767018855) * X1) - ((-0.6313660145) * X4)) - (-7.3018975258)) * exp((0.0974666551 * X1))) + (-10.7735776901))) + ((((0.0047443593 * X3) - 0.0446845591) - (0.0111361993 * X2)) + (sin((1.0482261181 * X3)) * (((0.2647714317 * X3) / exp(((-0.0313272253) * X2))) - ((sin((0.2414014488 * X3)) - (-0.0465270169)) - ((-0.0115498649) * X2)))))))))
feynman_II_8_31,OperonRegressor,ok,2.0,0.9998962424218832,0.1257671574406157,94.0,94.0,50.3,,(0.0000000111 + ((((((((((-0.0216241293) * X2) + ((-0.0071804323) * X1)) * (26.6421737671 * X2)) - ((0.6391037703 * X2) / (79.3860244751 * X1))) + (((0.0021205121 * X2) + (0.0029340722 * X1)) / (2.5279028416 + ((-1.9789116383) * X1)))) - ((((-2.1064152718) * X2) - (-26.9646587372)) - ((3.6696283817 * X2) * ((0.1757106334 * X2) / ((4.7375464439 * X2) + (29.0428009033 * X1)))))) * ((((((-0.0010542438) * X1) * (((-10.6416826248) * X2) + (0.0674931854 * X1))) - ((-0.0281671733) * X2)) * (((-0.2459656596) * X2) - exp((0.0012452536 * X1)))) + (-0.0305427052))) + (0.1522930562 * X2)) + ((-0.9747215509) + (0.4174173772 * X1))))
feynman_II_8_7,OperonRegressor,ok,3.0,0.9998531905663564,0.0007669753767356,90.0,90.0,52.5,,((-0.0000005943) + (0.9999994636 * (((-1.7098399401) + ((exp(((((-2.7221593857) * X3) * (1.0138652325 + ((-0.0090852464) * X2))) - (5.4673438072 - (0.3516315222 * X1)))) + ((exp((((-0.2290340811) * X1) + ((-0.8513382673) * X3))) + (exp(((-0.7640933990) * X3)) * ((0.3949694335 * X3) - ((-0.4969594777) * X1)))) - ((0.3128427267 * X1) + (0.3147832751 * X2)))) - (sin(((-0.2535462976) * X1)) - exp(((exp(((-0.7446607351) * X3)) * ((-0.9597227573) - ((-0.1895216554) * X1))) + (0.2197733968 * X1)))))) / (exp(((((-0.0127556073) * X1) + (0.0434967913 * X2)) + (0.0063184481 * X3))) + (0.3280774951 * X2)))))
feynman_I_10_7,OperonRegressor,ok,3.0,0.9623568659893246,0.2152311401576555,92.0,92.0,49.9,,(0.0000005454 + (1.0000002384 * ((((((((-0.0003907291) * X3) + ((0.0012304524 * X2) + (0.0020458435 + ((-0.0002778866) * X1)))) * (12.7467355728 + (1.3752281666 * X1))) - ((((-0.0010919977) * X3) + ((-0.0009294656) * X1)) / ((-0.2356811613) + (((-0.2085714042) * X3) + (2.1020162106 * X2))))) / exp(((1.1865824461 * X3) + ((-0.3651655614) * X1)))) + ((0.0016777467 * X3) + (0.0117927939 * X2))) + (((0.0048237145 + (((-0.0047784261) * X3) + (0.0013893305 * X2))) / (((-2.0345323086) * X1) + (8.3765983582 + ((-5.3484058380) * X1)))) - (((((-0.0002451057) * X1) / (0.3505360782 * X2)) - (-0.0628578514)) + ((-0.9672641158) * X1))))))
feynman_I_11_19,OperonRegressor,ok,6.0,0.9990309832177008,0.3129088510943185,100.0,100.0,52.4,,((-0.0000000081) + ((((-2.0671505928) * X4) * ((-0.1034591645) * X1)) - ((((((-0.3675732017) * X5) - (((((-0.0000728006) * X5) / ((-0.1423432529) * X4)) - ((-0.3464114666) * X6)) + ((3.5830991268 * X2) * ((0.0019256106 * X6) - ((-0.0414980315) * X5))))) - (((31.1060237885 * X3) - ((-1.1472761631) * X6)) * ((0.0048790555 * X6) - (((-0.0002324496) * X2) - (0.0022259681 * X4))))) + (-0.0216160808)) - (((((((-0.5775889754) * X5) - ((-0.7066978216) * X4)) * (0.0073446501 * X5)) - ((-0.3652543724) * X4)) - ((-0.3931926787) * X2)) - (((((-0.3878820240) * X1) - (0.4145060778 * X3)) - (0.0444535762 * X6)) * exp((((-0.0135854669) * X2) - (0.1594089717 * X4))))))))
feynman_I_12_1,OperonRegressor,ok,2.0,0.9997782958925184,0.0672682279199545,92.0,92.0,55.9,,(0.0000003258 + (1.0000004768 * ((((((-44.5546340942) * X1) + ((1.4056824446 * X2) * sin((((-2.5687747002) * X1) + 2.2529768944)))) * ((-0.0045403354) + ((-0.0051387786) * X2))) - ((((0.0083032669 * X1) + (0.0054551605 * X2)) - (-0.0079621132)) * ((sin(((72.9678421021 * X1) + ((-186.1261749268) * X2))) - sin(((6.4656653404 * X1) - ((-133.2730865479) * X2)))) - ((((-0.9441693425) * X2) * sin(((6.9898524284 * X1) + ((-131.0352783203) * X2)))) - ((sin((2.7894098759 * X1)) - (((-0.8604313731) * X1) + (0.2169485241 * X2))) * (2.1636292934 * X1)))))) - ((((-0.4851455688) * X1) + ((-0.5963732004) * X2)) - (-0.0124662993)))))
feynman_I_12_11,OperonRegressor,ok,5.0,0.9998731802298708,0.2647012108000426,92.0,92.0,55.5,,((-0.0000465274) + (1.0000001192 * (((((((0.2672534287 * X2) + (9.0479669571 * X3)) - ((-0.2388129234) * X5)) + 24.6709003448) * ((((0.4395207763 * X4) * sin(((-1.1393671036) * X5))) + ((0.0575109757 * X4) + (1.2232564688 - exp((0.1198663712 * X5))))) + sin(((-1.2102991343) * X5)))) - ((sin(((-1.0134952068) * X1)) + ((((-3.6552033424) * X2) + (0.7148832679 * X3)) - (0.8549931049 * X1))) + exp(((-1.5561652184) * X1)))) * (0.0360332616 + (((0.1462276131 * X5) + (sin(((-0.1441870481) * X5)) + ((0.0002618914 * X3) - (((-0.0034675864) * X1) * exp((0.3382867873 * X5)))))) + (0.0098045515 * X1))))))
feynman_I_12_2,OperonRegressor,ok,4.0,0.9978819834811048,0.0043424645011686,92.0,92.0,57.0,,((-0.0000325682) + (1.0000016689 * ((((((0.0702418461 * X1) - 0.4301700592) - (0.2334181368 * X2)) + (((((((-0.0023312815) * X3) - (0.0040692687 * X4)) - ((1.4960880280 * X3) * (0.0007063308 * X4))) - ((-0.0045649940) * X2)) - ((0.0002309205 * X1) - 0.0022558365)) * ((exp(((-1.5530956984) * X3)) - ((((-8.5653381348) * X1) - 69.0027923584) - (0.2861162126 * X2))) - (5.2573513985 * X4)))) * exp((exp((((-0.5036172271) * X4) + ((0.0725657195 * X1) - 3.8000173569))) * (exp(((-1.2675408125) * X3)) + ((-13.9495830536) * X4))))) * (((-0.0288768318) * X1) + exp((((-0.2476448566) * X3) + ((-0.1648199111) * X4)))))))
feynman_I_12_4,OperonRegressor,ok,3.0,0.9987129437326988,0.000721778501643,88.0,88.0,57.1,,((-0.0000003747) + (0.9999988675 * (((((((-0.0561801381) * X3) - 0.8026465178) - (exp((exp(((-0.6507986784) * X3)) - (0.2593763769 * X2))) * ((((-0.0535299256) + (0.0440612547 * X2)) + ((-0.0538427792) * X1)) + (0.0069204974 * X3)))) + (exp((exp(exp(((-0.2384787649) * X3))) - (2.0110189915 * X2))) * ((((0.0004272539 * X1) - (0.0004472494 * X2)) - ((0.0000886071 + (0.0000899717 * X2)) * cos((11.4916439056 * X3)))) * exp(((-0.2490512282) * X3))))) - (0.0201011561 * X1)) + ((0.0837139338 + (0.0103616621 * X2)) * exp((exp(((-0.7258790731) * X3)) - ((-0.3131337762) * X3)))))))
feynman_I_12_5,OperonRegressor,ok,2.0,0.9998522567416026,0.0587943756447846,94.0,94.0,52.3,,(0.0000015636 + (1.0000026226 * ((((-0.0361144580) + (0.6534639597 * X2)) - (((((-0.0025036985) * X2) - ((-0.0048185932) * X1)) * sin(((-45.0705451965) * X1))) - (((((-1.6310158968) * X2) * ((-0.1526785046) * X1)) + (((0.0033460024 * X2) - (0.0070646354 * X1)) * sin(((-50.0506172180) * X2)))) - ((-0.6754603386) * X1)))) - ((((-0.0103065306) + ((-0.0019501017) * X1)) - (0.0075680292 * X2)) * exp(((((sin(((-1.5830242634) * X2)) - ((-0.2841880322) * X1)) * sin(((-45.2386932373) * X2))) - (((-0.6098637581) * X2) - sin(((-1.2765836716) * X2)))) - ((sin(((-44.3716163635) * X1)) * ((-0.6536903381) * X1)) + ((-0.5627841353) * X1))))))))
feynman_I_13_12,OperonRegressor,ok,5.0,0.9997994639253353,0.1482610954190031,84.0,84.0,51.6,,(0.0203228761 + (0.9996795654 * ((((((-3.7328841686) * X5) + ((-0.0194402412) * X4)) + (exp(((-0.0369721800) * X3)) + (-9.8116178513))) * (((((exp((0.8608934879 * X4)) - exp((0.7763476372 * X3))) - exp(((-1.7717151642) * X3))) + ((4.7671713829 * X3) - ((0.5168516636 * X3) + (4.3998980522 * X4)))) - ((0.0009726659 * X4) - exp(((-1.7611707449) * X4)))) * ((0.0006886933 * X2) - (-0.0018364959)))) * (((0.0118747065 * X3) - (((1.4557393789 * X1) - (-4.0318741798)) + ((-0.8066014647) * X4))) - (exp((0.4248461127 * X4)) - exp(((-0.3563596904) * X4)))))))
feynman_I_13_4,OperonRegressor,ok,4.0,0.9998559170905494,0.2741861732925223,98.0,98.0,53.3,,((-0.0000001065) + (((((-4.5842404366) * X1) * ((0.2357271761 * X2) + ((7.7013335228 * X2) * (((-0.0007092876) * X2) + ((-0.0000578667) * X1))))) - (50.3032226562 + ((0.0030829706 * X3) * (((-25.6569271088) * X3) + (((6.5481615067 * X2) + ((-1.1022819281) * X4)) + ((0.0219466072 * X1) * (((-448.1088256836) * X3) - (47.3255653381 * X4)))))))) - (((5.4093012810 * X2) + (17.9399471283 * X1)) - (((50.0711898804 + ((2.4899003506 * X2) + (18.4889831543 * X1))) + (((-0.0142863542) * X2) * ((6.4084439278 * X2) + (1.5181635618 * X4)))) * ((exp((0.0514999479 * X4)) - ((-0.0079229046) * X3)) + ((0.0663816780 * X2) + ((-0.0442762859) * X4)))))))
feynman_I_14_3,OperonRegressor,ok,3.0,0.9998838832066312,0.2039274390978329,92.0,92.0,53.4,,(0.0015067166 + (1.0000022650 * (((((-9.0978803635) * X3) - 24.6314888000) * ((((((-4.8651418686) * X1) + (-11.5262918472)) - ((0.1172337011 * X3) - (cos((7.1566944122 * X1)) * ((-0.0974975452) * X1)))) * ((cos((12.1592645645 * X2)) * ((0.0000214166 * X3) + (0.0000515411 * X2))) + (0.0017474082 * X2))) - (0.0234560743 * X1))) - ((((((-0.5186281204) * X3) - (0.0088900449 * X2)) - (cos((12.1869630814 * X2)) * ((-0.0091170864) * X2))) - (cos((10.4554958344 * X2)) * (((-0.0051148026) * X1) + (-0.0034711936)))) + (cos((6.1653575897 * X2)) * ((((-0.0026283057) * X1) + (-0.0046349014)) - (0.0063150828 * X2)))))))
feynman_I_14_4,OperonRegressor,ok,2.0,0.9998846799405526,0.1692672308144464,92.0,93.0,60.0,,((-0.0000007252) + (1.0000033379 * (((sin((0.2107720971 * X1)) + ((((((-0.0474181250) * X1) + (1.0287019014 * X2)) - exp((0.5276743174 * X2))) ^ 2) + ((sin((0.0228447337 * X1)) * (cos(((-1.2575752735) * X2)) - ((-30.2116546631) * X2))) + (-1.1566150188)))) + ((((((-0.0059575988) * X1) + ((-0.0004872326) * X2)) * sin((6.8560633659 * X1))) + (((sin((6.8237991333 * X1)) * ((-0.3381345868) * X1)) + ((-4.3363652229) * X2)) * (((-0.0176197458) - ((-0.0000988868) * X1)) - ((-0.0031284401) * X2)))) * (((-4.3899765015) - (5.8272070885 * X2)) + ((-4.2496237755) * X1)))) - (((-0.1125300601) * X1) + ((-2.1703064442) * X2)))))
feynman_I_15_10,OperonRegressor,ok,3.0,0.9970573258165996,0.0921511449842148,94.0,95.0,55.9,,(0.0000118590 + (1.0000045300 * (((((((-0.0205713026) * X3) + ((0.0136363339 * X2) - (((-1.0416210890) * X2) * ((-0.0020258729) * X1)))) * ((-2.1109523773) * X2)) + (0.4056373835 * X2)) - (0.0216920860 - (0.8363073468 * X1))) + ((((-1.1325634718) * X2) * ((-0.1054378450) * X1)) + ((((((-0.0003671870) * X2) + ((0.0002576825 * X1) + ((0.0110388184 * X1) ^ 2))) / cos((1.0026271343 * X3))) + ((((0.9330224395 * X2) - ((0.0980209038 * X1) + (-0.8827188611))) - (0.3259705603 * X3)) * ((((-0.0330429561) * X2) - ((0.0478386916 * X1) + 0.0038923579)) - ((-0.0446201004) * X3)))) / cos((2.7587015629 - ((-0.4596780241) * X3))))))))
feynman_I_15_3t,OperonRegressor,ok,4.0,0.9997636049813364,0.0188135784885896,90.0,92.0,59.7,,(0.0000003870 + (1.0000003576 * (((0.0149631016 + ((exp(((-1.0003386736) * X2)) - ((((-0.3270287514) * X4) ^ 2) + (0.4239190221 * X4))) * ((((-0.0085628880) * X1) + ((-0.0130043188) * X4)) + (-0.0272281058)))) - ((0.0080370950 * X1) + ((-0.9475293756) * X4))) - (((((((-0.0000565896) * X1) + (0.0001437262 * X4)) + 0.0000536502) + (0.0000124454 * X3)) * ((((8.8513126373 * X1) + (11.4890556335 * X4)) + (-92.0031967163)) + (exp((2.8611936569 * X2)) + ((-41.1046562195) * X3)))) * (((exp(((-1.5448883772) * X2)) - (((-0.0085083880) * X2) / (((-1.2063550949) * X4) ^ 2))) - (0.7012086511 * X3)) - (-2.2842783928))))))
feynman_I_15_3x,OperonRegressor,ok,4.0,0.99836747168519,0.0657607267635708,88.0,89.0,68.7,,((-0.0000048852) + (0.9999968410 * ((((0.0229117833 * X4) * ((-1.9123145342) * X2)) + ((((exp(((0.1166988984 * X3) * (0.2585897744 * X4))) + (((0.5761872530 * X2) + (0.0869960859 * X1)) + (-1.9305530787))) - sin((0.5810249448 * X2))) + exp(exp(((-3.4786174297) + ((0.1826661378 * X2) + ((-1.7117667198) * X3)))))) ^ 2)) + (((70.5646209717 + ((-0.0109689701) * X3)) - (exp(((-0.0121879522) * X1)) * (((((0.0180950072 * X3) * (0.2585897744 * X4)) + 70.6318969727) + (0.2453922778 * X4)) + (0.2725927830 * X2)))) + exp(((-1298.4427490234) + ((27.7495689392 * X4) + ((-826.9943237305) * X3))))))))
feynman_I_16_6,OperonRegressor,ok,3.0,0.9988544215058702,0.0406259545410225,92.0,92.0,51.3,,(0.0000000127 + (1.0000011921 * ((((((0.1783221513 * X1) + ((sin(((-1.6304374933) * X1)) * (((-0.0446994081) * X2) + ((-0.0394283645) * X1))) + (sin((1.8337296247 * X3)) * (0.0212666225 * X2)))) * sin(((-0.7759616971) * X1))) - cos(((-0.6900952458) + (((0.2385044396 * X2) - sin((0.4862824380 * X3))) + (((-0.2692236900) * X1) + (0.6898476481 * X3)))))) * ((((-0.0043562138) * X3) + ((-0.3528367579) * X1)) + (0.1773465127 + (((0.0904427543 * X3) * ((-1.6897022724) * X2)) + sin(((-0.9152610898) * X1)))))) + (0.3006519377 + (((0.0254772622 * X1) + sin((0.2140582651 * X3))) * ((-1.4124267101) * X2))))))
feynman_I_18_12,OperonRegressor,ok,3.0,0.9998798441433612,0.0750126160082827,92.0,92.0,57.4,,((-0.0005019422) + (0.9998597503 * ((((((cos(((-0.1689486653) * X2)) + ((-0.0091818469) * X1)) + ((-5.2024784088) * X3)) * (exp((0.1303392053 * X1)) - ((-0.2996135950) * X1))) + (0.2327192724 * X2)) + (cos(((-0.3488191068) * X2)) + (0.6360769868 * X1))) * (((exp(((-0.6151337028) * X1)) * (((0.0049201665 * X1) + (0.0089750187 * X3)) * cos((0.4459695816 * X3)))) + (0.0072587985 * X3)) + (((0.7298891544 - (0.0196601618 * X1)) + cos(((cos(((-0.1546498388) * X2)) + (0.0393945910 * X2)) - ((1.0973434448 * X3) - (-0.5670866370))))) * ((0.1845701933 + (0.0070198835 * X3)) - ((-0.0751205087) * X2)))))))
feynman_I_18_14,OperonRegressor,ok,4.0,0.9998014397465782,0.3310993121876882,92.0,92.0,58.3,,((-0.0018414729) + (1.0060687065 * (((((sin(((-1.0948891640) * X4)) + (((0.1028826833 * X3) * ((-0.0450235158) * X1)) - exp(((-0.3249798119) * X2)))) + ((sin((((-0.2614797354) * X2) + ((-0.9003083110) * X4))) * (0.0615556240 * X4)) - ((((-0.0092743840) * X1) + (-1.0662174225)) * exp(((-0.2978055179) * X2))))) + (0.0052850894 * X3)) * (((0.1327009201 * X2) + (((0.8359835148 * X1) + (-6.9859652519)) * exp((0.0144467857 * X2)))) - ((0.8031662703 * X1) + (-7.0740885735)))) * ((((1.1759679317 * X3) * ((-0.0532145351) * X4)) + (4.7165307999 * X3)) - ((((-0.0552484356) * X1) + (-12.2537097931)) + ((-0.1227951422) * X2))))))
feynman_I_18_4,OperonRegressor,ok,4.0,0.9997233466679952,0.0157008741048404,100.0,100.0,53.9,,((-0.0000000596) + (1.0000003576 * (((((sin((1.8937765360 * X1)) + (((9.9569473267 * X2) + (5.2909789085 * X1)) * ((((-0.1302191913) * X4) + ((-0.1098110825) * X1)) + (0.1567253321 * X3)))) - ((2.4070808887 * X3) - (2.7293453217 * X4))) * ((-0.1702256352) * X2)) * (0.0594659001 * X2)) - (((((-2.0861983299) * X3) + (0.7114893794 * X4)) - ((0.0136784231 * X2) + ((-0.0062014549) * X1))) + ((((1.4021191597 * X3) - (1.3251143694 * X4)) * exp((((-0.0093037654) * X2) + ((-0.2031644881) * X1)))) - (cos((-1.5561629534)) + (((9.9858379364 * X2) + (12.6446247101 * X1)) * ((0.0115090171 * X4) + (((-0.0008486842) * X2) + ((-0.0121705001) * X3))))))))))
feynman_I_24_6,OperonRegressor,ok,4.0,0.9988550039683456,0.5129241615862219,96.0,96.0,52.1,,(0.0000045307 + (0.9999991655 * (((((((1.0871936083 * X3) + ((-0.3765886426) * X4)) * exp(((((-0.0792338699) * X2) + (0.1479890496 * X1)) - ((-0.1520171016) * X3)))) + ((4.7573695183 + (0.6311152577 * X1)) - (0.0875717476 * X4))) - exp((0.3482980132 * X3))) * exp(((((0.1699041426 * X2) + (0.0496214032 * X1)) - (0.0439039394 * X3)) + (0.3736344278 * X4)))) + ((((-0.1693098247) * X2) + ((-0.1852009147) * X1)) - (((exp((0.2352161407 * X3)) + ((2.9225993156 + ((-0.7475686669) * X1)) - ((-0.1443973929) * X4))) / (exp((0.1447884589 * X1)) - ((0.0316368379 * X2) + (0.4090137482 * X1)))) + (0.1226962283 * X4))))))
feynman_I_25_13,OperonRegressor,ok,2.0,0.9997054205679292,0.0140293086852999,86.0,86.0,54.3,,(0.0000248262 + (1.0000662804 * (((((-0.0001133324) - (0.1222187877 * X1)) + sin((0.1224703044 * X1))) / sin(((-3.0633542538) * X2))) + (((((-0.0381060280) - ((-0.0878040195) * X1)) / (66.6733016968 - ((-44.1631927490) * X2))) - ((1.1297087669 - (0.2245345265 * X1)) - exp(((-1.2676879168) * X2)))) + (exp(((-0.8449378610) * X2)) * (((((0.5195854902 * X1) + (0.6398516297 * X2)) - sin((0.2866107821 * X1))) + (-0.1565607786)) - ((((0.2015311271 * X1) + (0.0029672917 * X2)) + sin(((-0.2100842595) * X1))) / cos(((-0.4377150834) - ((0.0079827281 * X1) + ((-0.6871190667) * X2)))))))))))
feynman_I_26_2,OperonRegressor,ok,2.0,0.9999479474902396,0.0026542614777905,88.0,88.0,59.4,,((-0.0000164227) + ((((((55.6357650757 * X1) - exp(((2.7087619305 * X1) - (((-0.0999864340) * X2) - 1.4094839096)))) + 87.5013427734) + (exp((sin(((-0.9800390601) * X2)) - ((-3.0795853138) * X1))) + exp(((2.5366134644 * X1) - ((-0.8829368353) * X2))))) * (((0.2433134466 * X2) - (-0.0016884913)) - (sin((0.2462397665 * X2)) - (0.0003698224 * X1)))) - ((((-0.2184203863) * X1) - (exp(((-0.1770895720) * X1)) + (0.1787842065 * X2))) * (((-0.8355940580) * X2) - ((exp((2.2307095528 * X1)) + ((15.8247098923 + ((-4.3156595230) * X1)) + ((-160.7198944092) * X2))) * ((-0.0033124345) * X1))))))
feynman_I_27_6,OperonRegressor,ok,3.0,0.9997463789581522,0.0065007469275085,92.0,92.0,60.3,,(0.0000540027 + (1.0000017881 * ((((0.0125327455 * X1) - (0.0164530575 * X2)) * (((((((-5.6600623131) * X1) - ((-1.9005935192) * X2)) + 25.9175586700) * ((((-0.2503248751) * X1) - (-0.2890395820)) + exp(((-0.5086491108) * X3)))) + (exp(((-1.5551841259) * X3)) * ((cos(sin((0.9581136703 * X2))) - ((-0.3183350563) * X2)) - (0.8397006392 * X3)))) + (sin((1.2266319990 * X2)) + (8.0344715118 * X1)))) - ((((19.6227569580 * X2) - sin((0.8608611226 * X2))) + ((((-9.7965764999) * X3) - exp(((-0.8247169852) * X3))) - (4.1093363762 * X1))) / ((((-5.1985116005) * X3) - 16.5998859406) - (0.2437707037 * X1))))))
feynman_I_29_16,OperonRegressor,ok,4.0,0.822736727189979,0.8177839135388202,94.0,98.0,52.0,,((-0.0000012139) + (0.9999993443 * ((((((((((-19.2515106201) * X3) * ((-0.0826285034) * X4)) + ((2.3755996227 * X4) + ((-7.9882345200) * X1))) * ((-0.0161917172) * X1)) + ((((-0.0718560368) * X3) + (-0.6450079679)) + ((0.1062037200 * X2) + ((-0.3723489940) * X1)))) + (0.0973129198 * X4)) ^ 2) ^ 2) + (((0.6847802997 * X2) + (0.1191531941 * X4)) - ((((((((-0.0475742258) * X1) - ((-0.5110191703) * X3)) + ((-0.4951770604) * X4)) ^ 2) + ((((-0.0554502606) * X3) + (-1.4712830782)) + (((-0.1383362114) * X2) + ((-0.2057922184) * X1)))) ^ 2) + (((0.0219009928 * X3) + (cos((0.3012946546 * X2)) + (-1.9817564487))) + ((-0.4109699428) * X1)))))))
feynman_I_29_4,OperonRegressor,ok,2.0,0.9991549302259716,0.0414924369141266,90.0,90.0,60.1,,((-0.0000041020) + (0.9999968410 * (((exp(((exp(((-0.3752669394) * X2)) + exp(exp(((-0.9334200621) * X2)))) * (((0.0142730270 * X1) + ((-1.0864645243) * X2)) + (0.1565057784 - ((-1.3847446442) * X2))))) + exp(((-1.7226575613) * X2))) + (((-0.0833818093) * X1) + ((-1.0705958605) * X2))) * (((-0.1596670002) + ((0.1727166474 * X1) + ((-0.2596634030) * X2))) + (exp(exp(((-0.9436924458) * X2))) * (((exp(((-0.4988576472) * X2)) + (0.0303152837 * X2)) + (((-0.9882605076) + ((0.0000401172 * X1) + ((-0.0062428145) * X2))) * ((0.9009879827 * X1) + exp(((-0.4987606108) * X2))))) - ((-0.8812298775) * X1)))))))
feynman_I_30_3,OperonRegressor,ok,3.0,0.4331348058683086,1.4898688950342056,90.0,93.0,46.3,,(0.0000027309 + (1.0003645420 * (((((((((-0.2038868219) * X3) + ((0.5745220184 * X2) ^ 2)) ^ 2) + ((-0.0453501232) * X2)) + ((((0.1671736985 * X3) + (0.1137750521 * X2)) ^ 2) - (0.0705342591 * X3))) * ((sin((1.8704619408 * X2)) - (cos(((-1.0003895760) * X3)) - 1.8797440529)) - (1.0813394785 * X3))) * exp(((((cos((0.7756015658 * X3)) - ((-0.4067077637) * X1)) + ((0.6145166755 * X2) - ((-1.6488915682) * X3))) - sin(sin((1.4849140644 * X2)))) - sin((1.5674345493 * X2))))) + ((sin((1.0648866892 * X2)) + ((-0.8796809316) * X2)) - (((-0.2708771527) * X1) - (-0.4204580188))))))
feynman_I_30_5,OperonRegressor,ok,3.0,-2.4008113568776137,0.2977135575433615,92.0,92.0,60.9,,((-0.0000013570) + (0.9999929070 * ((((exp((((((-9.2832126617) * X3) - (10.1056184769 * X3)) - (((-7.1714034081) * X1) + (1.3265328407 * X2))) - ((16.1085243225 * X3) - (-68.4879989624)))) + exp(((0.2179421484 * X3) - ((-0.0479942523) * X2)))) + (-2.1223123074)) - (0.3047736883 * X3)) + ((exp(((exp((((-0.6042488813) * X3) - ((-0.0047360389) * X1))) - (0.6890882850 * X2)) - (exp(((-0.2246225476) * X1)) + (-0.7392107248)))) * (exp((((0.5083789229 * X3) - exp((0.4137157500 * X3))) - ((-0.4870693386) * X2))) - (((-0.0220352206) * X3) - ((-0.0388309993) * X2)))) - (((-0.0369596034) * X1) + (0.0967401862 * X2))))))
feynman_I_32_17,OperonRegressor,ok,6.0,0.999130955895658,0.1267474506028732,90.0,90.0,69.2,,((-0.0000068285) + (1.0000003576 * ((((((((0.3070439994 * X3) + 1.0971616507) * (exp(((-0.7408044338) * X6)) * ((0.0016811655 * X1) + 0.0088992901))) * (exp(((0.0563677996 * X3) + (0.7122259140 * X5))) - 0.1778208315)) * ((exp((0.2413378060 * X4)) - ((-0.1147087887) * X4)) + (0.0133423842 * X1))) * (((4.8948388100 * X2) + ((0.8582293391 * X3) + 26.6133193970)) + exp(((((-1.4397878647) * X6) + ((-0.0355702899) * X1)) + (((0.0360715017 * X3) + (0.5001510382 * X5)) - ((-0.1784206331) * X2)))))) + ((0.0661274269 * X6) + (-0.5320417881))) * (exp((0.1351187974 * X6)) - (0.0058309315 * X4)))))
feynman_I_32_5,OperonRegressor,ok,4.0,0.9905643167313898,0.0961603593050801,92.0,93.0,49.9,,(0.0000003173 + (0.9999984503 * (((((exp((((0.3524302542 * X2) + (1.2118245363 * X4)) + exp(((-0.2399070114) * X3)))) + ((0.3480248749 * X2) + ((-0.3604721129) * X4))) * (((-0.0275175329) * X3) - (((0.0249806866 * X1) + (0.0116232606 * X2)) - log((1.0735558271 + (0.0684667900 * X1)))))) / exp((1.5895266533 * X4))) ^ 2) + (((((0.0023465173 * X3) + exp((((0.5051653981 * X2) + ((-1.2265287638) * X4)) + ((-1.9857273102) + (0.3394705653 * X1))))) - (-0.4680991471)) - (((-0.0028490864) * X1) - ((-0.1729933321) * X4))) - (exp(((0.1013113707 * X2) + ((-0.2714649141) * X4))) + ((-0.0786063075) * X2))))))
feynman_I_34_1,OperonRegressor,ok,3.0,0.9993965218009556,0.0456738055132426,92.0,94.0,51.0,,(0.0000066316 + (0.9999955297 * (((exp((((0.8383776546 * X3) - sin(((-3.5555698872) * X2))) - ((6.1882081032 - ((-1.2196490765) * X1)) - (2.0878164768 * X2)))) - ((0.2623007894 * X3) ^ 2)) + (((exp(((((-0.1647671461) * X3) - ((-0.3970939815) * X2)) - (1.9488270283 * X1))) - ((-1.7226691246) * X1)) * ((0.0239473321 - ((-0.0142203225) * X3)) - (0.0040043471 * X1))) - (0.0415878892 * X2))) + (exp((sin(((-0.4373263121) * X1)) + ((((0.1527400166 * X2) - ((-0.2611178756) * X1)) - (((0.1671309918 * X3) - ((-0.0981698632) * X2)) ^ 2)) + (0.4701897800 * X3)))) + ((-1.1611354351) - ((-0.3523218930) * X3))))))
feynman_I_34_14,OperonRegressor,ok,3.0,0.999737425926653,0.0211019848114646,88.0,88.0,63.7,,(0.0000008980 + (0.9999456406 * (exp(((exp(exp(((-0.3462428153) * X1))) + (((0.6951432228 * X3) - ((-0.8035159111) * X2)) + (-8.8347158432))) - exp((((-305.7332458496) * X3) - (212.9859008789 * X2))))) + ((exp(((exp(exp(((-0.1323029995) * X1))) + (exp(((-0.1285196543) * X3)) - ((-0.1844265610) * X2))) - exp(((-0.4570938647) * X3)))) * ((-0.0119427620) * X1)) + (((0.9728579521 * X3) - 0.0879102573) - (((-0.1144690886) * X2) + ((((0.4650618434 * X1) + exp(((-0.6987789273) * X3))) - exp((0.6437182426 * X3))) * (((0.0026077817 * X3) - ((-0.0264793560) * X2)) + (-0.0135807190)))))))))
feynman_I_34_27,OperonRegressor,ok,2.0,0.9997488778465036,0.014092423148333,90.0,91.0,56.6,,(0.0000000493 + (1.0000002384 * (((((cos((((-0.3813324571) - ((-5.2389101982) * X1)) + ((0.1360722035 * X1) - ((-0.5038829446) * X2)))) - (0.1158790588 * X2)) * (((-0.0000075429) / (0.0164961405 * X1)) + (((0.0140499333 - ((-0.0140945511) * X1)) + (0.0144540342 * X2)) * cos(((-22.9467506409) * X2))))) + ((-0.0005524008) - ((-0.6596574783) * X1))) + (0.7209765315 * X2)) - (((((0.0083554154 * X1) - ((-0.0106989173) * X2)) * (cos(((-32.2984275818) * X2)) ^ 2)) - (cos(((-19.9671497345) * X2)) * ((-0.0047402168) - ((-0.0017690734) * X1)))) + (((0.3033134639 * X2) - ((-0.0008855007) * X1)) * ((-0.8459650278) * X1))))))
feynman_I_34_8,OperonRegressor,ok,4.0,0.999853751768146,0.1439056233404836,85.0,85.0,74.0,,(0.0000085148 + (1.0000083447 * ((exp((((exp(((-1.6763919592) * X4)) + (((0.0594019108 * X3) - (17.4608249664 * X4)) - ((-14.7285146713) * X1))) / 50.7740325928) - (exp((((0.0057421615 * X3) - 2.1555917263) + (((-0.0238335021) * X2) - (1.1160122156 * X1)))) + cos((((-0.0216165073) * X2) + ((-0.2547932267) * X4)))))) * (exp(((17.4440059662 * X3) - 30.6990184784)) - ((((0.0065348293 * X3) - (-0.0167567972)) * (((-55.9767303467) * X2) + exp(((0.4248622358 * X2) - ((-1.3778787851) * X1))))) + (((-0.9069028497) * X3) - 2.3172371387)))) + ((0.0038523672 * X3) - 0.9733211994))))
feynman_I_37_4,OperonRegressor,ok,3.0,0.9998470820201828,0.0388279292382414,88.0,88.0,55.7,,(0.0000336536 + (0.9999945164 * (((((cos((((0.0134008937 * X1) + (0.0132582262 * X2)) + ((-0.4247402549) * X3))) * (((0.0230360627 * X1) + (0.7005296946 * X3)) + (-0.0997674391))) * (((-0.1648669243) * X1) + (5.1032333374 * X3))) + (cos(((((-0.4105370939) * X1) + (0.4906464517 * X2)) + 6.2226381302)) + (-1.1672797203))) * ((cos(((((-0.1325254440) * X1) + (0.1340704709 * X2)) + 5.7108292580)) + ((0.0027437890 * X3) + (-0.4951552749))) + (0.1374656409 * X1))) - (cos(((((-0.3707136810) * X1) + (0.4030625522 * X2)) + 6.2294511795)) + (((-0.0233302861) * X3) + sin(((-0.0166785214) * X2)))))))
feynman_I_38_12,OperonRegressor,ok,4.0,0.9992032123181596,0.0346819601804047,82.0,82.0,46.7,,((-0.0000000574) + (0.9999997020 * (((((-0.0020389480) * X1) - 0.5197943449) + (((exp(((-3.3288707733) * X1)) + ((161.6158294678 * X3) - (-355.6522521973))) / exp(sin(sin((0.3553029299 * X1))))) * exp(((((-2.2246530056) * X2) + ((0.2401478738 * X3) - 8.4628076553)) - exp(((-0.3782615066) * X4)))))) - ((exp((((((-0.5431842208) * X2) + ((0.1926956475 * X3) - 2.4888644218)) + sqrt(exp(((-0.8604314923) * X1)))) - exp(((-0.4418573081) * X4)))) + (exp(((-0.9655974507) * X3)) * (-0.0095609557))) * (((-1.3333692551) * X3) - exp(exp((0.0447643399 * X1))))))))
feynman_I_39_1,OperonRegressor,ok,2.0,0.9873910981976936,0.9391786073288813,92.0,93.0,47.0,,((-0.0000031702) + (0.9999963641 * ((((((-0.0000125979) + (0.0000037533 * X1)) / (((-0.3721932173) * X2) * (sin((1.7495464087 * X2)) - (0.9120407701 * X1)))) - ((-0.7531115413) * X2)) - (((-0.0345295109) + ((-0.7295086980) * X1)) + (((-0.0000021128) - (0.0000091839 * X1)) / ((((-0.7532670498) * X2) * sin((3.1296482086 * X1))) * (sin((3.0614094734 * X1)) - ((-0.0210024342) * X2)))))) + ((((((0.9772560596 * X2) * ((-0.0020832806) * X1)) + ((-0.0000434941) * X1)) + 0.0000400901) / (((6.8748774529 * X2) ^ 2) * (sin((1.7040517330 * X1)) - (0.7163929939 * X1)))) + ((0.2325049788 * X2) * (1.2153583765 * X1))))))
feynman_I_39_11,OperonRegressor,ok,3.0,0.9999285793836756,0.027626719663066,98.0,98.0,53.8,,(0.0000018883 + (1.0000123978 * (((0.4721270800 * X2) + (((((-0.0006466703) * X3) + (1.5256457329 * X2)) / ((-8.7497844696) * X2)) + ((0.1038518324 * X3) - (0.0866322741 * X1)))) + ((((((-0.0092692347) * X3) + exp((0.0923648253 * X1))) * ((-2.4242484570) * X2)) - 4.9462904930) * ((exp(((((-1.3723607063) * X1) + (1.1213293076 * X2)) - (((-0.8666680455) * X1) * (0.4382738173 * X2)))) - (-18.4825534821)) * (exp(((((-0.3150079250) * X1) + (0.1694283634 * X2)) - (((-0.5276945829) * X1) * (0.0883490816 * X2)))) * ((((0.7898531556 * X3) - (0.6421326995 * X1)) * (0.0011568421 * X2)) + (((-0.0037313418) * X3) - ((-0.0031256927) * X1)))))))))
feynman_I_39_22,OperonRegressor,ok,4.0,0.9993655467416102,0.238672451510268,92.0,94.0,51.9,,((-0.0000002662) + (((0.3829487860 * X4) + (0.0038944625 * X3)) - (0.1420938820 - (exp((exp((((-0.0172972791) * X4) + ((-0.3631798029) * X3))) + (((0.2276297361 * X4) + exp(((-0.3937451839) * X4))) - (exp(((-0.5787788033) * X4)) - (-14.1918935776))))) * (((((1305.5651855469 * X2) + (0.2447768301 * X3)) ^ 2) + exp((((0.6155250072 * X2) + (0.5930330157 * X4)) + ((-5.1309680939) * X3)))) - (((((25.1156558990 * X4) / ((-28.0492553711) * X2)) - ((1305.5213623047 * X2) + ((-25.7181549072) * X1))) ^ 2) - (((886.7126464844 * X4) + ((-180709.0000000000) * X3)) - (((-193563.6875000000) * X2) + ((-182340.2500000000) * X1)))))))))
feynman_I_40_1,OperonRegressor,ok,6.0,0.980610991448404,0.0794878568642511,94.0,94.0,51.2,,(0.0000001324 + (1.0000003576 * ((((exp(((((-0.1410414726) * X2) + (0.1415481716 * X1)) - ((0.6058318019 * X3) + (0.0417927690 * X4)))) - ((((-0.6804854870) * X6) - (((0.1368476748 * X3) + ((-0.3093703985) * X2)) - (0.5024470091 * X5))) - (0.1906345636 * X4))) * (0.1275474578 + (0.0367684774 * X1))) * (((exp(((0.2085646540 * X3) + (((-1.2416479588) * X2) - 0.8661154509))) - exp((((-1.0616121292) * X6) - (((-0.0653703362) * X1) - ((-0.2792724669) * X5))))) + exp(exp((((-0.1843445152) * X6) - (0.3541555405 * X5))))) - ((1.0447877645 * X3) + ((-1.3904600143) * X4)))) - (0.7075692415 - ((-0.0179706663) * X5)))))
feynman_I_41_16,OperonRegressor,ok,5.0,0.9996805594870516,0.0488358443620717,94.0,95.0,59.8,,(0.0000002826 + (1.0000004768 * (((-0.6009600163) + (0.0012886750 * X1)) + ((((exp((exp((0.0053251153 * X1)) + (((-0.0015737517) * X3) + ((-0.5261736512) * X5)))) - ((-3.1422672272) * X5)) * ((((-0.0001922509) * X5) + ((-0.0000831990) * X4)) - (((0.0170781780 + (0.0080950921 * X1)) + (0.0002630026 * X3)) - ((-0.0001055982) * X2)))) * (((exp(((-0.0264181662) * X3)) + (0.4288242757 * X4)) * (((-6.2260065079) + (0.1612518728 * X3)) + ((-2.3394479752) * X2))) - ((-0.3647025824) * X1))) * exp((((((-1.4153370857) * X5) + (0.2310267985 * X1)) + (0.0168113448 * X4)) + (((0.4308432341 * X5) + ((-0.0061889715) * X2)) ^ 2)))))))
feynman_I_43_16,OperonRegressor,ok,4.0,0.9997474289198368,0.1926419730756555,87.0,88.0,52.4,,(0.0000002480 + (0.9999991059 * (((exp(((-2.8516330719) * X1)) + ((-1.1174106598) - exp(((-2.8519341946) * X1)))) - ((((-0.0000019160) * X3) * ((-1.5739810467) * X4)) / ((-0.0054113120) * X2))) + (((exp((-3.7648091316)) + ((0.0000372139 * X3) + ((-0.0000631101) * X4))) - ((-0.0091713816) * X2)) * exp(((exp(exp(((-0.2640401125) * X4))) - (exp(((0.0043980428 * X3) + ((-0.5056119561) * X4))) + (exp(((-0.6763836741) * X3)) + (((-0.3946003914) * X1) ^ 2)))) + ((0.2569182813 * X3) + ((exp(((-0.5275471807) * X3)) + exp((0.3958001733 * X1))) + exp(((-0.1723877490) * X4))))))))))
feynman_I_43_31,OperonRegressor,ok,3.0,0.9998518605447582,0.2540189494923653,98.0,98.0,48.9,,(0.0000159166 + (1.0000382662 * ((((-0.0361236744) * X3) - ((((0.0058814893 + (0.0020870715 * X2)) - ((0.0000073366 * X1) / (1.5471421480 * X3))) * (((exp((1.2756499052 * X1)) + (154.0827178955 * X3)) * ((0.0106036766 * X2) + (((-0.2712495327) * X1) + (0.0130114397 * X3)))) - ((106.7237319946 * X1) + (113.8411941528 * X3)))) - (0.0461881720 + (0.5774220824 * X2)))) + (((exp((0.7008597255 * X1)) + (1.3893461227 * X3)) * (0.0089390809 * X3)) - ((((exp((4.5233850479 * X1)) + (154.0827178955 * X3)) * (0.0000690243 * X1)) + ((-0.0026643458) * X1)) / (((-15.3074979782) * X2) + ((0.1387113333 * X1) + (1.3526248932 * X3))))))))
feynman_I_43_43,OperonRegressor,ok,4.0,0.9994546429349832,0.0386602033257987,92.0,92.0,52.1,,(0.0000023126 + (1.0000027418 * ((((exp((sin((0.7203078866 * X3)) - (1.4756419659 * X3))) * (((((-0.0011163801) * X2) + (0.0013146735 * X1)) + ((-0.0451210551) * X3)) - ((-0.0414269380) * X4))) + ((((0.8220257163 + ((-0.1445051134) * X1)) + ((-0.0458514579) * X3)) - exp(((-0.0409571826) * X4))) - ((-0.0071762418) * X2))) * ((0.5390634537 * X2) + (0.0607941598 + exp(((exp(((-0.0189868994) * X3)) + (0.3074092269 * X2)) / (exp((0.3779419363 * X1)) + (0.0626681596 * X2))))))) - (exp((0.0211234782 * X1)) * (((((-0.2265022248) * X3) + (-0.0000731696)) / (1.4618570805 * X3)) - (0.4647679329 * X2))))))
feynman_I_44_4,OperonRegressor,ok,5.0,0.999987646461538,0.0946544956045702,90.0,90.0,50.2,,((-0.0000000056) + (0.9999995828 * ((((exp(((-0.9625163078) * X4)) + 0.0940984115) - (((1.4238885641 * X4) + ((-1.3322145939) * X5)) + exp(((-0.9015088677) * X5)))) * ((((0.0769877881 * X2) + 0.2127443999) + (((((-0.0004767036) * X2) + (-0.0013200230)) * (((-60.8780670166) * X1) - (64.2538528442 * X3))) + ((-0.0004466933) * X4))) - (((0.0000053310 * X4) - (0.0006214110 * X3)) * (((((-0.0000000821) * X4) - ((-0.0000001853) * X3)) * exp(exp(((-1.5886263847) * X4)))) + ((((-0.0238825455) * X2) + (-0.0669274703)) * (((-765.9970703125) * X1) - exp(((-1.6065025330) * X4)))))))) + ((0.0003375372 * X2) + 0.0263371337))))
feynman_I_47_23,OperonRegressor,ok,3.0,0.9997746356987234,0.0086565463074325,88.0,88.0,54.6,,((-0.0000023511) + (1.0000021458 * (((sqrt(exp(exp(((-0.6853480935) * X3)))) * (((0.2200700790 * X1) + 1.0097564459) - (((0.0591338165 * X1) + (-0.5300903320)) / (((((-0.1377951801) * X2) - 0.7533670664) + (0.0528782941 * X3)) / exp((0.3178750873 * X1)))))) - ((((0.2480821609 * X2) - exp(((-0.1440787911) * X1))) * exp((0.2088975459 * X3))) - ((-0.4103884101) * X3))) - ((((-0.5427330732) * X2) - (-1.5989370346)) + (((-0.4411590099) * X1) - (((((0.0501735322 * X2) - (0.0527468547 * X1)) + (0.0222409759 * X3)) / (((-0.2267768681) * X3) - 1.1383692026)) / exp((0.7637039423 * X1))))))))
feynman_I_48_2,OperonRegressor,ok,3.0,0.9998990746916075,0.7525209932632894,94.0,94.0,57.5,,(0.0000000480 + (1.0000003576 * (((((((84.1214752197 * X1) + (281.7683715820 * X3)) - exp((exp((0.4655400217 * X3)) * (((-0.7061592937) * X2) + (1.8251365423 * X1))))) * (0.0000988419 * X2)) - ((-4.9323954582) - (1.2027357817 * X3))) * (((-0.0207652580) * X2) - ((((-0.0735898837) * X1) + ((-0.1205881685) * X3)) - exp((((0.0029643627 * X1) + (0.0181806292 * X3)) * ((1.7600796223 * X1) + ((-0.0710994527) * X3))))))) - (exp((((-0.2293403149) * X1) + (0.2365893126 * X3))) - (((-3.9037566185) + (0.3311295211 * X2)) - (cos((7.7157440186 + ((-0.2186654359) * X2))) - (((-0.0675210506) * X1) + ((-0.7898983955) * X3))))))))
feynman_I_50_26,OperonRegressor,ok,4.0,0.9488855542244872,0.4680269435680559,86.0,86.0,49.6,,((-0.0000158336) + (0.9991341829 * ((((((((-0.4032280147) * X3) + 2.1172430515) / exp(((-0.0357421972) * X2))) - (exp(((-0.4151162803) * X3)) * (((-0.1034073904) * X2) + exp((0.0737155750 * X1))))) - sin(sin((((((-2.1196243763) * X3) - ((-0.0183727890) * X4)) / exp(((-0.2621306479) * X2))) - ((((-2.6401202679) * X2) + 2.6266305447) * ((-0.8261185288) - (0.0442252308 * X4))))))) * ((((0.4110196531 * X3) - exp(((-0.4435969889) * X2))) / exp(((-0.2253795415) * X1))) - (((-2.0644094944) - (0.2607280910 * X4)) * exp((0.2391784936 * X1))))) + (((-0.2339146733) * X2) + (-1.0837028027)))))
feynman_I_6_2,OperonRegressor,ok,2.0,0.9995373462127772,0.0009798039606125,90.0,90.0,52.0,,((-0.0000387857) + (1.0000354052 * ((((((sin((((-0.4419076145) * X2) - (-0.3226685822))) - ((((-0.4236904979) * X2) - (0.1955724061 * X1)) + (-0.6741731167))) * sin((((-0.4399824739) * X2) - ((-0.6229019165) * X1)))) + (((-0.0412865281) * X2) - ((-0.0380943753) * X1))) / exp((1.1571102142 * X1))) - (((sin(((0.1523322314 * X2) - (0.5170106292 * X1))) - (-0.7583928704)) + (0.0002443246 / (1.1687967777 * X1))) - exp(((-0.8848315477) * X1)))) - (((0.0122834183 * X2) * (sin(sin(((0.8870251775 * X2) - (8.2406949997 * X1)))) - (0.2296752632 * X2))) + ((0.1942896247 * X2) - ((-0.2975601256) * X1))))))
feynman_I_6_2a,OperonRegressor,ok,1.0,0.9999402117070212,0.0005346096433398,78.0,85.0,47.8,,(0.0000007387 + (1.0000016689 * (((sin((43.5897750854 * X1)) / (cos((exp(((-0.8483830094) * X1)) ^ 2)) / (0.0004284833 + (0.0010166672 * X1)))) - (0.3329817653 + (0.8188972473 * X1))) + ((((((-8.5641536713) + ((-5.8714332581) * X1)) / ((((-24.5977840424) + ((-16.0853443146) * X1)) ^ 2) ^ 2)) + sin((((-1.8484823704) + (0.3715490699 * X1)) ^ 2))) * (0.1510017812 + (0.0976116806 * X1))) - (((-0.0034107273) + (0.0034606855 * X1)) * ((((sin((44.3468551636 * X1)) ^ 2) ^ 2) ^ 2) + (((-79.3410797119) * X1) + cos((31.5137557983 * X1)))))))))
feynman_I_6_2b,OperonRegressor,ok,3.0,0.9993755194304828,0.0014802961356606,87.0,87.0,55.1,,((-0.0000075467) + (0.9999928474 * (((2.3505771160 - (((1.0482558012 * X1) + (0.1228912398 * X3)) + (0.1393964589 * X2))) - (((((-8.9710292816) + ((-0.2514821291) * X2)) * (0.0292731822 * X2)) + ((2.8468313217 + ((-0.6963958144) * X1)) + (((((-0.1979389042) * X1) + ((-0.0053903386) * X3)) + (0.0090295970 * X2)) * exp(((-1.1566700935) * X1))))) / sin((1.7064001560 - ((((-0.0787076131) * X1) + (0.2113038450 * X3)) + ((-0.2208444625) * X2)))))) + exp((((-1.4509221315) + ((-1.2703547478) * X1)) + sin((1.5854272842 - ((((-0.0286498088) * X1) + (0.5443304777 * X3)) + ((-0.4854966402) * X2)))))))))
feynman_I_8_14,OperonRegressor,ok,4.0,0.9146539192556558,0.3008923256313345,97.0,99.0,52.9,,(0.0000001268 + (1.0000001192 * ((((0.0059482730 * X2) / ((0.5307307839 * X2) + ((-0.3901531994) * X1))) + (-1.2839479446)) + (((((0.6464724541 * X4) - (0.6602877975 * X3)) ^ 2) + (((0.6412442923 * X3) * (((0.0703157112 * X4) - (0.0153336124 * X3)) ^ 2)) * (((7.9429521561 * X4) - (38.5502014160 * X3)) + (-3.8180038929)))) + ((((-0.0004834156) * X3) + ((((((-6.7728633881) * X2) - (18.4897212982 * X3)) * ((-0.0021353406) * X4)) * ((-0.2293691337) * X1)) + (((((-6.4010119438) * X4) - (5.9541873932 * X3)) * (0.0003730957 * X4)) + ((0.0161176175 * X2) + ((-0.0317279398) * X1))))) * ((15.0993251801 * X2) + ((-9.4237012863) * X1)))))))
feynman_I_9_18,OperonRegressor,ok,9.0,0.9946115895759772,0.0079584537132963,92.0,92.0,58.1,,(0.0000135366 + (1.0001194477 * (((((0.1515412778 * X3) + (-0.5816627145)) - ((-0.1684504002) * X1)) - exp((((((-0.0171568412) * X3) + (-0.4449349940)) - (0.2003548145 * X1)) * (0.4160797894 * X2)))) + (((exp((((((-0.3606868088) * X8) + (0.2158188820 * X9)) - ((-0.1983600408) * X3)) + (0.1514261961 * X5))) * (((-0.0007251719) * X4) + 0.0053540030)) * (exp(((((0.0346287675 * X3) + (0.0900540575 * X7)) + (0.1269256324 * X8)) + ((-0.0929679871) * X6))) + ((-0.3470048010) + ((-0.0421157293) * X9)))) * (((((-27.2530975342) * X3) + (74.9581756592 * X2)) - ((-86.4522094727) * X1)) + (((-7.3096690178) * X4) + 433.4619445801))))))
feynman_test_1,OperonRegressor,ok,7.0,0.990361217462738,0.9433722997226954,92.0,92.0,48.5,,(0.0000013912 + (0.9999959469 * ((((exp((((((-0.6767132878) * X7) + (0.0561685413 * X5)) + (0.1804491580 * X4)) / exp((0.3691114187 * X7)))) * exp((0.4612671435 * X3))) + (0.1483229250 * X4)) * (((exp((sin((0.4005150199 * X2)) + ((-0.6701689363) * X6))) / exp(((-0.4014942646) * X1))) - ((-0.0519638583) * X4)) * (((exp(((-0.1919760108) * X6)) - ((0.1028279588 * X1) + exp(((-0.1209672466) * X3)))) - ((-0.2057975829) * X6)) - (((0.1332104504 * X3) + (exp(((-0.1040710434) * X1)) - (1.2061339617 + (0.0591089875 * X5)))) - (0.0108438786 * X4))))) - ((0.0139726745 * X4) - (-0.5971463323)))))
feynman_test_10,OperonRegressor,ok,3.0,0.9989817457094592,0.0165729637735377,92.0,94.0,49.5,,(0.0000001795 + (0.9999960065 * (((exp(((sin((0.4372783601 * X2)) + (0.4150509834 * X3)) + ((0.1521144956 * X1) - sin((0.3949304521 * X1))))) - (0.1938452423 * X1)) - ((((((0.0116830301 * X1) + ((-0.6766743660) * X3)) + ((0.2941997349 * X3) ^ 2)) - (-1.3505837917)) * (((-0.0381213985) * X1) + exp(((((-0.2187884301) * X1) + (0.2259229571 * X3)) + ((0.3247530162 * X2) + (0.9135830998 * X3)))))) + ((-1.3516062498) * X3))) + (((((0.0166201070 * X1) + ((0.0571741164 * X2) ^ 2)) - 0.0074608610) * (((-1.6921472549) * X2) + sin(((-11.8691616058) * X1)))) + (0.4333948791 + (0.2236230671 * X2))))))
feynman_test_11,OperonRegressor,ok,4.0,0.9995536797808174,0.0291321357308232,92.0,93.0,55.9,,((-0.0000052484) + (1.0000163317 * (((((((((-2.4475109577) * X3) * exp((0.1121461615 * X4))) - exp(((0.1601933986 * X2) + (0.1392173469 * X1)))) + (3.4062345028 - exp(((-0.3338354826) * X4)))) + ((0.3188749850 * X1) + (2.1864213943 * X3))) + ((0.0345412306 * X2) + ((-0.2682830393) * X4))) ^ 2) + (((((-0.0814632550) * X3) * exp((((-0.2686125636) * X2) + (0.4348922968 * X1)))) - (((((-0.0060204375) * X2) + (0.0696941242 * X4)) - (((-0.0280875135) * X1) + ((-0.1621088237) * X3))) + exp((((-0.3097854853) * X3) * (1.0933171511 - ((-0.5753083825) * X4)))))) * exp((((-0.0445398018) * X1) + 0.6157884002))))))
feynman_test_12,OperonRegressor,ok,5.0,0.9997328475174996,0.2591791384479428,90.0,91.0,60.0,,((-0.0000000731) + (0.9999986887 * ((((((0.2552899420 * X2) - 1.5071357489) + ((0.1694925576 * X4) ^ 2)) / exp(exp(((-0.5992165208) * X3)))) + ((0.0252979361 * X2) - 1.2542687654)) + (exp((0.1191741079 * X4)) * ((((exp((((-1.2084704638) * X2) + (0.0031928783 * X5))) - ((0.0037651570 * X5) - 4.2584543228)) + (((0.4063191414 * X1) - exp((0.2378355265 * X4))) - (0.0794471651 * X2))) - ((((-0.5195719004) * X2) + ((-0.3169732690) * X1)) * exp((((-0.8337767124) * X2) + ((-0.0402251370) * X1))))) / exp((((0.1911828220 * X2) + ((-0.0189384148) * X1)) + exp(((-0.4230385125) * X3)))))))))
feynman_test_13,OperonRegressor,ok,5.0,0.9960787196041112,0.0011339233191734,94.0,97.0,58.3,,(0.0000339061 + (1.0000455379 * ((((0.0857213810 * X5) - (0.0532371737 * X3)) + ((-0.5074683428) + (0.0262804925 * X2))) + ((((((-0.0723488256) * X5) - (0.0237774029 * X2)) + ((((-0.4829052091) * X4) ^ 2) * (cos(((-0.3348850608) * X2)) - ((-0.3643108308) * X1)))) / exp(((((0.3022070825 * X5) - ((-0.3040603697) * X3)) + (0.3836947381 * X4)) + ((((-0.3616530001) * X4) ^ 2) * ((((-1.1831347942) * X2) + ((-0.8761625886) * X4)) - cos(((-0.2793084681) * X4))))))) - ((((-0.1723960191) * X1) + ((0.1787073463 * X5) - ((-0.0377824418) * X2))) * sqrt(exp(exp((((-0.6445702314) * X5) + (((-0.3051274121) * X4) ^ 2))))))))))
feynman_test_14,OperonRegressor,ok,5.0,0.9676453904354574,2.3985089973096136,93.0,94.0,46.0,,((-0.0003089755) + (1.0003041029 * (cos(((-1.7296324968) * X2)) - ((((-0.0026131854) * X3) + (((-0.4553030729) * X1) * cos(((-1.7001656294) * X2)))) - ((cos(((-1.6926493645) * X2)) * ((((-98.5054931641) - ((-14.5168466568) * X3)) - (((11.1256217957 * X4) - ((-23.8141670227) * X5)) + (((-23.1068077087) * X5) * ((-0.6886058450) * X1)))) + ((((-1.7722398043) * X2) + ((-50.4632911682) * X1)) - ((((-0.1042296141) * X3) - (0.1249985024 * X5)) * (((-83.8775787354) * X4) - ((-78.2160797119) * X3)))))) / ((((2.2007639408 * X4) - ((7.6230416298 + 5.0979876518) + ((0.2735816538 * X1) - ((-0.4937261641) * X5)))) + ((-3.7799611092) * X3)) ^ 2))))))
feynman_test_15,OperonRegressor,ok,4.0,0.998127007034438,0.0606960061265301,90.0,91.0,54.8,,(0.0000000731 + (0.9999983907 * ((((((sin(((1.4578607082 * X2) + (3.8292596340 * X4))) - ((((-3.9558229446) * X2) + ((-6.6778645515) * X3)) - 32.0408668518)) * (cos(((-1.4292418957) * X4)) - ((-0.7922052741) + ((-0.0940950885) * X4)))) ^ 2) / (4717.9008789062 + (((-94.0074996948) * X2) + (1836.1722412109 * X1)))) + sqrt((cos((((0.2412573844 * X3) - (0.5418562293 * X1)) - ((-0.1450249851) * X2))) - (0.1707731038 * X2)))) + (((((-1.3098493814) + ((-0.0072891307) * X4)) + sin(((0.1842769384 * X3) - (0.5868402123 * X1)))) + (0.5858744383 * X3)) + (cos(((-0.1532575935) * X4)) * (0.7069906592 * X1))))))
feynman_test_16,OperonRegressor,ok,6.0,0.9957486454705368,1.5922063960975354,96.0,96.0,68.6,,(0.0000016283 + (0.9999679923 * ((exp(((exp((0.1455897689 * X2)) + ((-0.0333145596) * X3)) - (((-0.1750169843) * X5) - (0.2448835522 * X4)))) - exp(((((0.4705058336 * X2) + ((-0.1256376803) * X6)) + (0.3400522172 * X4)) - sin((0.5015646815 * X2))))) + (((exp(((sin((0.6749558449 * X2)) + (0.0167376604 * X3)) - ((0.1030340567 * X5) - ((-0.0875433534) * X4)))) * ((((0.1032514796 * X2) + ((-0.0651887283) * X4)) + sin(((-0.4383449852) * X3))) - (((-0.4458423257) * X3) + ((-0.4185874760) * X1)))) - ((1.9078998566 + (0.1257781088 * X1)) + ((-0.2297418267) * X2))) + (((-0.2752658427) * X5) - ((-0.0558541752) * X4))))))
feynman_test_17,OperonRegressor,ok,6.0,0.9993657700328242,35.89432338571953,90.0,90.0,68.4,,(0.0000051417 + (1.0000069141 * (((((-0.7400918603) * X4) + ((sin((0.6577339768 * X4)) + 1.0948609114) - ((-0.7324185967) * X1))) * exp((((0.4278048873 * X5) - (0.7925218344 * X4)) + ((((-0.2151331753) * X1) - exp(((-0.6568351388) * X2))) + ((0.3707770109 * X6) - exp(((-0.6762450933) * X5))))))) - (0.7578681707 - (((((-0.8113365173) * X5) - (-3.8913371563)) + ((0.8546347022 * X6) - exp(((-0.8556237221) * X5)))) * exp(((((-0.0620049238) * X4) + (-1.2027821541)) + (((0.9580193162 * X5) - exp(((-0.5023480654) * X2))) + ((((-0.0418534242) * X6) - ((-0.2879203260) * X2)) - ((-0.3283607364) * X1))))))))))
feynman_test_18,OperonRegressor,ok,5.0,0.9626725090688124,0.1517988518022784,90.0,90.0,63.5,,(0.0025344309 + (0.9999437928 * ((exp(((((-0.0171496663) * X5) + (0.3614328802 * X4)) - (0.0710858479 - (((-0.2612901628) * X1) - ((-0.0431428775) * X3))))) - exp(((-0.1694995314) * X2))) + ((exp((((-1.6063109636) * X3) - ((((-0.6626549959) * X5) - ((-0.4463393688) * X1)) - ((-3.6736826897) + exp((0.3411863744 * X2)))))) + (exp((((((-0.1276005805) * X3) - 3.9940695763) + (0.5454477072 * X4)) - (((-0.1610001475) * X5) - ((-1.9488922358) * X1)))) - (((-0.1173253655) * X1) - ((-0.0255235061) * X3)))) - exp(((((-0.1307446212) * X5) + (0.0712078810 * X4)) + (0.1692140996 - exp(((-0.3468594849) * X2)))))))))
feynman_test_19,OperonRegressor,ok,6.0,0.9842988367545238,2.5404881037640665,94.0,95.0,67.7,,(0.0000001705 + (0.9999949932 * (((((0.4376060069 * X3) + ((((-0.1349789798) * X2) - ((-0.8405206203) * X4)) + ((((-0.0386041068) * X6) + (0.1013068408 * X5)) - exp(((0.2341860384 * X4) + ((-0.2881288528) * X5)))))) + 1.9068024158) / (exp(((0.5404301286 * X1) + exp(((-0.6754917502) * X6)))) / (exp((((-0.3711479008) * X3) - (0.1500084549 * X5))) + ((((0.2818713188 * X6) + (0.0478979275 * X2)) - exp(((0.2231705636 * X4) + ((-0.3640777767) * X5)))) + ((0.7376813889 * X1) + (exp(((-0.5318618417) * X1)) - ((-0.6908591986) * X4))))))) + ((((-0.1471515298) * X1) ^ 2) + (((-0.0375846326) * X1) + (-0.5470125079))))))
feynman_test_2,OperonRegressor,ok,6.0,0.9930608637156694,0.1107842875974801,90.0,90.0,75.0,,((-0.0014580931) + (1.0006446838 * (((cos((((((-1.7456200123) * X6) + (1.7818404436 * X5)) - ((-0.0159180947) * X1)) - 0.0856993943)) + ((((-0.0192856174) * X4) + ((((-0.5799916387) * X3) + (0.2048614472 * X2)) - ((-0.5761063695) * X1))) + 2.6329195499)) - exp(((exp((0.1420081705 * X2)) - ((0.0690620467 * X3) + (0.1300620437 * X2))) - ((-0.1490765959) * X1)))) * (((28.4541606903 / ((((5.6771984100 * X3) + ((-1.1504024267) * X2)) - (1.5889587402 * X1)) + (18.7666187286 + ((-0.1417915523) * X6)))) + ((30.8245182037 + ((-5.9081907272) * X4)) * (0.0036616465 * X3))) + ((-0.6845004559) + (0.0597145893 * X4))))))
feynman_test_20,OperonRegressor,ok,7.0,0.9147902575771965,1.0401650307416412,94.0,95.0,74.3,,(0.0000001023 + (1.0000003576 * (((((0.0077709947 * X3) + (0.0058045778 * X4)) - (0.0131340800 * X1)) + (-0.2943490446)) + (((exp((((-0.2952795327) * X3) + (0.5917113423 * X4))) * ((((((-0.6127458811) * X5) ^ 2) + ((-0.1509612948) * X3)) - (1.2377606630 * X1)) + (exp((2.3679227829 * X1)) - ((0.0609224141 * X6) + ((-1.0033046007) * X2))))) - sin((((((-1.9938541651) * X7) - (0.5746920705 * X6)) - (1.2773629427 * X1)) - (8.0586757660 + ((-0.3503887653) * X2))))) * exp((((-1.7696195841) * X1) + (((1.1372040510 * X3) - (0.9039769173 * X5)) - ((4.5140452385 + ((-0.5526010394) * X2)) - ((-0.8461013436) * X6)))))))))
feynman_test_3,OperonRegressor,ok,4.0,0.9997865298154556,0.0288021466650386,94.0,94.0,71.7,,((-0.0000000886) + (1.0000010729 * ((((sin((((0.0804755092 * X4) + ((-0.0019426389) * X1)) - ((0.0787530392 * X3) + (-1.5615382195)))) * (((((0.0021232739 * X4) + (7.8952789307 * X1)) - ((0.0190481767 * X3) + (-20.5930366516))) + exp((0.1195451096 * X1))) + ((0.7065104246 * X4) * ((-3.6035377979) * X3)))) + ((-20.5930366516) + (((-0.7067261934) * X4) * ((-3.6035377979) * X3)))) * (exp(((-0.0385609567) * X4)) - ((-0.3799532652) * X2))) + (((0.0383229591 * X4) + ((-8.6213588715) * X1)) + (((-1.0314190388) * X2) + (((((-99.5130538940) * X2) + (9.5098714828 * X4)) * (0.0324393660 * X1)) - (((-0.0117794210) * X3) + 0.8398047686)))))))
feynman_test_4,OperonRegressor,ok,5.0,0.9980186665185122,0.0236293066575787,92.0,92.0,72.7,,(0.0000107459 + (1.0000025034 * (((((((cos(((-21.3376560211) * X4)) + ((-1.0958184004) * X1)) - ((-26.5952053070) + (0.5938761830 * X3))) * (1.1436558962 * X2)) - (55.4280776978 * X1)) + (((exp(((-1.0887223482) * X5)) + (0.5227771997 * X4)) * (exp(((-0.2253410965) * X5)) + (((-4.8998680115) + (0.9312945008 * X1)) + ((-2.3265366554) * X4)))) + ((-14.9952182770) * X3))) + ((-2.0502398014) + sin(((-6.1519126892) * X3)))) / (((((0.0617010817 * X2) + (0.0807607695 * X3)) + exp(((-0.0377707332) * X1))) * ((69.3238525391 + (16.6186122894 * X1)) + (((-0.4542982578) * X2) + (8.4372682571 * X3)))) + ((-15.9171123505) * X3)))))
feynman_test_5,OperonRegressor,ok,4.0,0.9998002638900148,0.045728545165813,98.0,98.0,81.0,,(0.0001673859 + (1.0003844500 * ((((((((-0.0002577896) * X4) + ((-0.0002395131) * X3)) + ((-0.0007997666) * X2)) - (cos((((0.0080073914 * X4) + (0.0073789540 * X3)) + ((-0.0162900090) * X1))) - (0.0015540393 * X1))) + 0.9997178316) * (((((23.2630538940 + (0.0688383654 * X4)) - (0.0096412674 * X1)) - (((33.6023406982 * X4) + (27.1679267883 * X3)) * ((((-0.0031806096) * X4) + ((-0.0041542924) * X3)) - ((-0.0062896074) * X1)))) + (((-0.0174792968) * X2) * ((((-2.2019784451) * X1) + (0.1761678159 * X3)) + ((-56.7230796814) * X2)))) * (((-3.5469903946) * X2) + 23.2948551178))) + ((((-0.0107950596) * X3) - ((-0.0646120757) * X1)) + (0.1437014043 * X2)))))
feynman_test_6,OperonRegressor,ok,7.0,0.9726265504813382,0.0596856319782903,90.0,90.0,62.2,,((-0.0000264628) + (0.9999283552 * (((exp((exp(((((-0.0294870958) * X4) + ((-0.3866389692) * X5)) + ((0.0260231737 * X1) - ((-0.2219053060) * X6)))) + exp(((-0.2264219522) * X3)))) * ((((((0.0011787883 * X1) + ((-0.0003599117) * X5)) + ((-0.0001791999) * X4)) + exp(((-0.0213168114) * X6))) + ((-0.9976283908) - ((-0.0211581439) * X6))) - ((((-1.0480374098) * X1) - exp(exp(((-0.1721651405) * X4)))) * ((0.0000350665 * X2) + (0.0002208251 * X7))))) * ((exp(exp(((-0.4095084667) * X4))) * (exp(exp(((-0.1183798909) * X6))) + (1.2241598368 * X2))) / exp((1.1186136007 * X6)))) - 0.4457459748)))
feynman_test_7,OperonRegressor,ok,5.0,0.9989080699759262,0.0478881718493056,94.0,94.0,69.1,,(0.0000002185 + (0.9999923706 * ((((((((-0.0005569171) * X5) / (0.3298938572 * X1)) * exp(((-0.4583560228) * X4))) - cos((((-1.4250841141) + (0.5098444819 * X1)) - (0.2599516213 * X2)))) - ((exp(((0.3251580596 * X1) + ((-0.3249315321) * X2))) + (0.0260636788 * X4)) + ((-0.0109780477) * X5))) + (((((((34.3131332397 * X5) + (16.3239803314 * X3)) * exp(((-1.5671126842) * X4))) + ((-73.5343399048) * X1)) - (74.4445114136 * X2)) * ((0.0000766003 * X5) + ((-0.0001037715) * X3))) + ((0.2128835469 * X2) + (1.3026888371 + (1.4981169701 * X1))))) - exp((((0.4442766011 * X3) + (-3.7372775078)) + ((-1.2813279629) * X5))))))
feynman_test_8,OperonRegressor,ok,4.0,0.9992784073711636,0.0131878283741344,92.0,92.0,68.2,,((-0.0002485713) + (0.9998770356 * ((((0.0737866387 * X3) + (0.7795450687 * X1)) - (cos((((0.3473354578 * X2) + (0.0524129868 * X3)) - ((0.2960849404 * X1) + 2.3359549046))) + ((-0.3726246059) * X2))) + ((cos(((((-0.3100789785) * X4) + (0.1365425140 * X2)) - (exp((((-0.2666960955) * X3) + (0.0275220014 * X1))) + 0.2448463589))) - (((2.5680530071 - ((-0.0869372711) * X2)) - (exp(((-0.3087811172) * X4)) + exp(((-0.0508084707) * X3)))) - (0.4585640728 * X4))) * ((((-0.0982900783) * X2) + (exp((0.4474796355 * X3)) + exp((0.0691432729 * X4)))) - ((0.6163891554 * X3) + ((-0.9016480446) * X1)))))))
feynman_test_9,OperonRegressor,ok,5.0,0.7929308867326471,1911.585947854636,88.0,88.0,61.7,,(0.2098557502 + (1.0111647844 * ((exp((((-1.1393251419) * X5) + (1.8513293266 * X4))) - ((2.7322690487 * X5) - (5.0887851715 * X3))) * ((((((0.0001980436 * X2) + (-0.0000846083)) * (exp((1.2362506390 * X1)) / (-9.7717552185))) - ((((-0.0000037775) * X5) + ((-0.0000191154) * X4)) - (0.0000139033 * X3))) * (((11.5310316086 * X5) - ((0.0019569634 * X2) * (-5012.6254882812))) - ((0.7634409070 * X2) * (-19.3746547699)))) * (((3.2957191467 * X4) + exp(0.4746922851)) + (cos((exp(((0.1961520165 * X5) - (4.4555826187 * X3))) * exp((0.1961520165 * X5)))) + exp(((-1.7261613607) * X2))))))))
first_principles_absorption,OperonRegressor,ok,1.0,-2.4410276818191368,2.456185707201819,48.0,48.0,20.2,,((-0.0000002056) + (0.9999998212 * ((((1.2923679352 * X1) + (-0.7187758088)) - (sin(((1.1039470434 * X1) + (-0.8003453612))) * (0.2895698845 * X1))) + (cos(((1.4323190451 * X1) - sin((1.9731431007 * X1)))) - (((-0.0012915044) * X1) * exp(exp((sin(sin(((-13.1280307770) * X1))) + sin(sin(((-14.0360527039) * X1)))))))))))
first_principles_bode,OperonRegressor,ok,1.0,0.9835226311159312,0.2875358170953714,26.0,27.0,11.6,,((-0.0000019868) + (0.9999990463 * (exp(((-137.6668548584) - ((-305.2124938965) * X1))) - ((1.6038016081 - (0.0590910874 * X1)) + sin(((cos(sin((131.6921691895 * X1))) ^ 2) + 41.5301475525))))))
first_principles_hubble,OperonRegressor,ok,1.0,-4.731104549066331,597.2432978609543,78.0,78.0,41.9,,((-0.0000296423) + (0.9999650121 * ((((sin(((-178.6200408936) * X1)) * (((-0.2887370288) * X1) + (-0.1339339167))) + (((-3.4113817215) + sin(((-11.7420902252) * X1))) * (((-0.5774646401) * X1) + (-0.0774000958)))) - ((-1.1623104811) + (sin(sin(((-176.9491882324) * X1))) * (((-0.1838022619) * X1) + (-0.4126216471))))) + (exp(sin((sin(((0.6067136526 * X1) + 0.1624160856)) + (sin(((-178.1586914062) * X1)) * (((-10.5291471481) * X1) + 6.9091730118))))) * ((25.5340080261 * X1) + (((-32.6015319824) + sin((4.3577408791 * X1))) * ((0.8163424134 * X1) + 0.0300151818)))))))
first_principles_ideal_gas,OperonRegressor,ok,3.0,-0.920370480438348,2.3373718664199687,90.0,90.0,52.5,,((-0.0000034495) + (1.0000146627 * ((((exp(exp(((-1.2086415291) * X1))) + (0.5472379327 * X2)) * ((0.0276111513 + (((-0.0019423659) * X2) - ((-0.0273439512) * X1))) + (((0.0017134275 * X3) - ((-0.0004358419) * X1)) * ((((1.5081300735 * X3) - ((-5.4524745941) * X1)) + (((-1.4118880033) * X2) - (-0.4447082281))) * exp((1.2075227499 * X1)))))) * (exp(cos(((-3.1913537979) - (((-1.1428858042) * X2) - ((-2.8013556004) * X1))))) + ((((-10.6643524170) * X3) - exp((0.4974239469 * X2))) + ((1.2717825174 * X2) - (-13.7652883530))))) - exp((((-0.8246426582) * X1) + ((0.0038205378 * X2) + ((-0.6022699475) * X3)))))))
first_principles_kepler,OperonRegressor,ok,1.0,0.9287144184094072,18.279716714970437,16.0,16.0,8.0,,((-0.0000003427) + (1.0000001192 * (cos((((-0.4424455762) * X1) + 1.6585913897)) * ((0.4552147686 * X1) + 2.2128441334))))
first_principles_leavitt,OperonRegressor,ok,1.0,0.7100151990450713,0.5723237122380509,86.0,86.0,44.2,,(0.0000001992 + (0.9999994040 * (((((((sin((104.8951873779 * X1)) / ((-9.9401798248) * X1)) * sin((4.2177457809 * X1))) + sin((1.3817095757 * X1))) + ((-1.2224100828) * X1)) + (-0.4475204647)) + (cos(exp((0.7309964895 * X1))) + (((0.3965025842 * X1) + 0.0704277605) * ((sin((96.2180023193 * X1)) / sin((1.0898326635 * X1))) * sin((4.6422371864 * X1)))))) * exp(((sin((94.7632904053 * X1)) / ((-6.5961976051) * X1)) * ((((((-0.3799217939) * X1) + (-0.7380549312)) + sin((2.4191882610 * X1))) + sin((92.9690246582 * X1))) * sin(((-1.7987746000) * X1))))))))
first_principles_newton,OperonRegressor,ok,3.0,-13432.180290942377,1350.0436172744064,86.0,87.0,52.2,,(0.0000053309 + (0.9998179078 * ((((((exp(((-992.5229492188) - (3107.5249023438 * X2))) + (((0.1177672222 * X1) + ((-3.4056267738) * X3)) * sin((53.5810203552 * X1)))) - ((-10.6073951721) * X3)) + (sin((((-1.0512827635) * X1) - (7.4237713814 * X2))) + (10.6752548218 * X2))) + (2.5150473118 - sin(sin(sin((53.6392745972 * X1)))))) - ((((1.6003773212 * X1) + (10.1362533569 * X3)) * ((((-0.3881379068) * X1) - (3.1368141174 * X2)) + (3.5393886566 * X3))) - cos((exp(((-1304.6134033203) - (4086.7121582031 * X2))) ^ 2)))) + exp(exp((((-92.0964126587) * X1) - 59.9358901978))))))
first_principles_planck,OperonRegressor,ok,2.0,0.9989900076220732,9.228108683841516,84.0,84.0,57.0,,((-0.0000091012) + (0.9999984503 * ((((((-2.4853456020) * X1) - (0.0018330551 * X2)) - cos(((-1.5805684328) * X1))) / ((((-96.1190032959) * X1) + (-1.5890145302)) - ((-91.5268173218) * X1))) + (((((-1.4047368765) - exp(((-30973.6875000000) - (95951.0625000000 * X1)))) + ((((-1.8934864998) - ((-0.4705267847) * X2)) + (((-14057.6367187500) - (43573.9648437500 * X1)) / (7.9756135941 - ((-1.2229688168) * X2)))) / ((-14080.0478515625) - (43573.9648437500 * X1)))) + (((-5.8332257271) - (17.8680858612 * X1)) / (61.2312126160 - ((-66.6841583252) * X2)))) + ((cos((0.4178275764 * X1)) - ((-0.0102994591) * X2)) + (0.3348161876 * X1))))))
first_principles_rydberg,OperonRegressor,ok,2.0,0.9965133213489992,0.0920574259701305,88.0,88.0,46.7,,(0.0001316379 + (1.0000138283 * ((((-0.0681800693) * X2) + ((cos((((((-0.5706689358) * X2) * ((-1.0985724926) * X1)) - (((-2.4459187984) * X2) + (-0.2291300893))) + ((-2.4882557392) - (0.6860139370 * X1)))) - ((-0.7112931609) * X1)) - ((sin(((-2.5892570019) - ((-0.4926123619) * X1))) + (exp(sin(((-0.6846593618) * X2))) - ((-0.3412796855) * X1))) * (4.2775473595 * X1)))) + (cos((8.7807798386 * X1)) + (((((-0.6178756952) * X2) * (4.4345464706 * X1)) - (((-0.2980407774) * X1) + (((-3.7387230396) * X1) + sin(((2.1640334129 * X2) + 18.2422809601))))) + (cos(((-0.3363688886) * X2)) - 1.2676385641))))))
first_principles_schechter,OperonRegressor,ok,1.0,0.989864544363734,0.3841225609440966,80.0,82.0,38.7,,((-0.0000636922) + (0.9999564886 * (((exp(cos(exp(((-16.2569198608) * X1)))) ^ 2) * ((-0.0364795476) + ((-0.1182406396) * X1))) + (((exp(((-52.3910903931) + ((-107.0197601318) * X1))) * ((-100.9283828735) + ((-208.1825866699) * X1))) - ((exp(((-5.2521500587) * X1)) * ((sin((2.1713166237 * X1)) + ((-0.0967389271) + ((-3.3360323906) * X1))) - sin((((-1.9405469894) * X1) ^ 2)))) - ((((-164.9931030273) * ((-0.0012873915) + ((-0.3337155879) * X1))) / ((-158.1587829590) * X1)) + (0.6244063973 * X1)))) + (cos(exp(((-9.9044313431) * X1))) * ((-0.1073398292) + ((-0.3501517475) * X1)))))))
first_principles_supernovae_zg,OperonRegressor,ok,1.0,0.9993707060143086,0.0065487400850047,78.0,79.0,60.4,,(0.0000091458 + (1.0000019073 * ((((((((0.0000135269 * X1) + (-0.0000077342)) / (sin(((-9.6796588898) * X1)) ^ 2)) - ((((-0.0194723569) * X1) + 0.0002457582) * cos((((-315.9075317383) * X1) + 439.9994201660)))) - cos(exp(((-1.0033042431) * X1)))) - ((cos((0.6122393012 * X1)) - (1.9911627769 - ((-0.2346233279) * X1))) - ((0.0001126568 - (0.0002635230 * X1)) / (((-0.0005453521) * (-1161.5218505859)) - cos((1.0185471773 * X1)))))) * (cos((0.9491008520 * X1)) / exp((1.0794032812 * X1)))) + sin(sin(((-1.7389020920) - ((-0.3631048501) * X1)))))))
first_principles_supernovae_zr,OperonRegressor,ok,1.0,0.9983376927900732,0.0099585223114195,82.0,82.0,64.1,,((-0.0000124143) + (0.9999975562 * (((((sin(sin(((-8.6463851929) * X1))) - (6.4017505646 * X1)) * (0.0506567024 + ((-0.0835793912) * X1))) + (0.4089155495 + ((-0.7545834780) * X1))) * cos((((0.3525995910 + (2.1800363064 * X1)) * cos((0.9877551794 * X1))) * sin(((-0.0117003415) + (2.0359406471 * X1)))))) + ((((((1.5621536970 + (2.2732000351 * X1)) * sin(((-6.1829242706) * X1))) * (0.0033200190 * X1)) * ((0.4240926206 + ((-0.8492531776) * X1)) * (30.4409332275 - (15.7850084305 * X1)))) + ((-1.3354994059) + ((-0.4058230221) * X1))) + cos(((-0.2698460221) * X1))))))
first_principles_tully_fisher,OperonRegressor,ok,1.0,-3.44134996309157,1.9592752636860316,44.0,44.0,17.8,,(0.0000223964 + (1.0000474453 * (((-0.4645732641) + (sin(((-1577.9130859375) + (2090.5449218750 * X1))) * ((-0.7127281427) + (0.4550656378 * X1)))) + ((((-0.4332498014) * X1) + (sin(((-1.3179413080) + (23.6027145386 * X1))) * (-0.1963677108))) * ((1.1866344213 + (0.1649118662 * X1)) + sin(((-2.5083496571) + (11.9226808548 * X1))))))))
nikuradse_1,OperonRegressor,ok,2.0,0.9439589059529838,0.0219153369671243,84.0,85.0,55.3,,((-0.0000034724) + (0.9999949932 * ((((((0.0059726653 / (1.2632517815 * X2)) ^ 2) - (((1.3079828024 * X2) - (-1.3089300394)) + cos((((1.7210007906 * X2) + (exp((0.6295968890 * X2)) * (0.1723862290 * X1))) + (((-1.0561889410) * X1) - (-1.2048819065)))))) + exp((0.5678057671 * X2))) - sin(((0.7180497050 * X2) + ((0.8993086219 * X2) + ((-1.2802011967) * X1))))) + (((0.0796737075 * X2) + (((-0.1423793584) * X1) - 0.0261706207)) / exp((cos((((0.9968136549 * X2) - 3.2104544640) + ((-0.7111083269) * X1))) - exp(exp((((-0.9039369822) * X1) - 1.1731534004)))))))))
nikuradse_2,OperonRegressor,ok,1.0,0.9689088517403862,0.0424214044982168,86.0,86.0,49.9,,((-0.0013366257) + (1.0021566153 * ((((cos((15.9930429459 * X1)) * cos(((-4.7475996017) * X1))) * (((-0.0350586101) * X1) + 0.0674579963)) + ((cos((1.5446858406 * X1)) * (((0.9012909532 * X1) * (0.4973101318 * X1)) + (cos((0.7797379494 * X1)) + ((-0.8493767977) * X1)))) + (((0.0503104255 * X1) - 0.0412915871) + (cos((13.5041751862 * X1)) * (-0.0251745526))))) - (((((-0.0455564857) * X1) - (-0.0642596334)) * ((cos((105.9007720947 * X1)) * (cos((1.7372132540 * X1)) + ((-0.6926578879) * X1))) + cos((16.5186443329 * X1)))) * (cos((17.4409198761 * X1)) - (-0.6340772510))))))
solar_flare,OperonRegressor,ok,10.0,-1.3103682920945392,1.4718020623262629,96.0,101.0,48.3,,((-0.1889216602) + (1.0000295639 * (((((((-16.3209190369) * X7) + 12.1480922699) - ((24.3533515930 * X4) + ((-69.7633590698) * X2))) / ((((8.5011730194 * X1) ^ 2) ^ 2) ^ 2)) / ((((-0.6059913635) * X4) + ((0.2966009080 * X5) + ((-3.7851912975) * X6))) + (0.6098561883 * X3))) - (((((((-54.8186759949) * X4) + (((-32.1549072266) * X5) + ((-121.7402191162) * X6))) + (39.5784568787 * X2)) / (((18.1915740967 * X1) ^ 2) ^ 2)) - ((((0.1798676997 * X5) + ((-0.1956943274) * X6)) - ((0.1438940763 * X3) + ((-0.5247097611) * X2))) / (4.6947698593 + ((-6.3807573318) * X1)))) - (((0.1091707051 * X3) + (0.0723741502 * X2)) + ((-0.0012657540) * X7))))))
strogatz_bacres1,OperonRegressor,ok,2.0,0.9999068654989982,0.0150713106684956,92.0,92.0,52.1,,(0.0000000286 + (1.0000003576 * ((((((((0.0000016153 * X2) + (-0.0000018046)) / (0.0041266964 * X1)) * cos((8.3819246292 * X1))) + cos((11.3494634628 * X1))) + ((((-0.0015557065) * X1) + (0.0064446642 * X2)) * (((-1.8453289270) * X2) - ((-10.6275854111) * X1)))) - ((((((-0.0046777697) * X1) + ((-0.0013147319) * X2)) * cos((10.0907859802 * X1))) + (-0.1305741519)) + ((((0.0033688999 * X1) - (((-0.0023685070) * X2) + (-0.9994715452))) * cos((11.3473119736 * X1))) + (0.6114892364 * X1)))) - ((0.6842057705 * X2) + (exp(((-0.9767394066) * X1)) * (((-0.0042620716) * X1) - (((-0.0436731279) * X2) + (-0.0792886242))))))))
strogatz_bacres2,OperonRegressor,ok,2.0,0.999898030256326,0.0206523790089867,91.0,94.0,51.1,,(0.0000019564 + (1.0000034571 * ((0.4840506315 * X1) - ((((((-0.4559950531) * X1) + (-0.1432869732)) + (cos(((((-2.5790607929) * X2) * (3.4239137173 * X2)) - (7.3674788475 * X2))) * (0.0139730312 * X2))) ^ 2) + ((cos((((0.0462519564 * X2) * (3.7947070599 * X2)) + (((-0.3971694410) * X1) + ((-0.3658789396) * X2)))) * ((exp(((-0.0656582713) * X1)) ^ 2) ^ 2)) + (((-1.0007817745) + ((0.0000131417 * X2) / (((-0.3762315512) * X1) + ((-0.3539170325) * X2)))) - (((0.0046984530 * X2) * (((8.1935234070 * X2) * (2.8457496166 * X2)) - exp(sin(((-6.0426678658) * X1))))) + ((-0.8987059593) * X2))))))))
strogatz_barmag1,OperonRegressor,ok,2.0,0.9998210260021324,0.0023886650176484,88.0,90.0,49.6,,(0.0001817036 + (1.0000528097 * ((((((-1.3169462681) * X2) ^ 2) + (((((0.9460109472 * X2) * sin(((-0.6827935576) * X1))) - ((-0.0041634985) * sin((7.6933369637 * X1)))) - ((-0.0038767201) * sin((12.6264886856 * X1)))) + (((-1.2979830503) * X1) - ((0.0060328650 * X1) * sin((13.7517900467 * X1)))))) - ((1.3291358948 * X2) - (-4.3187513351))) + (((1.2194591761 - ((-0.3105787635) * X1)) + (((((-0.6997891665) * X2) * sin(((-0.4487553239) * X1))) - ((-0.7910531163) * X2)) + ((((-0.0026037456) * X2) - (0.0024503756 * X1)) * sin((6.4593682289 * X1))))) / sin((((-0.7067780495) * X2) ^ 2))))))
strogatz_barmag2,OperonRegressor,ok,2.0,0.9999756927986316,0.0012424242938635,88.0,88.0,60.7,,((-0.0000000620) + (0.9999995828 * ((((sin((7.8359475136 * X2)) * (sin((43.9581832886 * X2)) * (0.0054779309 + (0.0208242368 * X1)))) + (sin((2.8889288902 * X2)) * (1.2477110624 + ((-0.1489946991) * X1)))) - sqrt(exp(exp((0.3462586999 * X1))))) + ((1.7779971361 + (0.0671676174 * X1)) + (((((-0.0859019905) + ((-0.0180628169) * X1)) - (sin((44.1529579163 * X2)) * ((0.0016300759 * X1) + ((-0.0001950517) * X2)))) * ((15.1922740936 * X2) + ((((-56.0458755493) + (42.8055992126 * X1)) / (11.7848958969 * X2)) + (((-2.1855773926) * X2) * (2.1455113888 * X1))))) + (1.0495445728 * X2))))))
strogatz_glider1,OperonRegressor,ok,2.0,0.9999644843368,0.0045024973081057,82.0,82.0,48.4,,((-0.0000093803) + (1.0000114441 * (((cos(((-7.6686758995) + (0.5067194104 * X1))) / ((1.1907206774 + (0.0108954022 * X2)) + (0.2117290497 * X1))) + cos((9.5142507553 + (7.5079178810 * X2)))) + ((((-0.6859285235) * X1) - cos(((-14.2631502151) + (7.5070304871 * X2)))) - (((((-0.0017201413) + (0.0060842657 * X1)) * cos((((-6.8499722481) + ((-75.4436340332) * X2)) + ((-89.1638412476) * X1)))) + ((0.0000193611 * X2) / ((-14.2632789612) + (7.6940793991 * X2)))) - (((0.0032280167 + ((-0.0028688970) * X2)) + (0.0020395676 * X1)) * cos(((-7.7453608513) + (10.4720630646 * X2)))))))))
strogatz_glider2,OperonRegressor,ok,2.0,0.9997863184875238,0.0120015807050199,76.0,78.0,51.5,,((-0.0000003210) + (0.9999983907 * ((((cos(exp(cos(((0.7179027200 * X1) - (7.5624785423 * X2))))) * exp((((-7.3414101601) * X1) + (-11.1090707779)))) ^ 2) - ((cos(((-0.3845819831) - (3.7539231777 * X2))) * (((-0.0634008422) * X1) + (0.7794800401 + exp((((-1.3406510353) * X1) + (-1.8540424109)))))) ^ 2)) + (((-2.6017701626) - (0.0012823788 * X2)) + ((1.0490965843 * X1) + ((cos(cos((146.5091094971 - ((-27.8584003448) * X2)))) * (((-0.0586745143) * X1) + (-0.0331409536))) + exp(exp(exp((((-1.4439631701) * X1) + (-3.0226809978)))))))))))
strogatz_lv1,OperonRegressor,ok,2.0,0.999901330715145,0.0013761967044016,90.0,91.0,67.0,,((-0.0000002019) + (1.0000002384 * (((((((sin((35.9063415527 * X2)) * (0.0015453303 * X2)) + (0.0127624515 * X2)) + (((-0.0000352339) / ((0.9329618216 * X1) + (0.6717047095 * X2))) + (((0.0332992263 * X1) + (0.0099282647 * X2)) + ((-0.0061873328) / ((-0.7757643461) * X2))))) / (sin((7.9919176102 * X2)) - (-1.5931024551))) - (((12.1584386826 * X1) * (0.1917099804 * X2)) - ((-2.4842002392) * X1))) - (((1.2977827787 * X1) ^ 2) - cos((-2.1789860725)))) + ((sin((9.2269296646 * X2)) / (-157.6138458252)) - (((0.0000011230 * X1) / ((0.1172284260 * X1) + (0.0884034559 * X2))) + (2.4955613613 * X2))))))
strogatz_lv2,OperonRegressor,ok,2.0,0.9999749829821548,0.0003709602447447,88.0,88.0,46.4,,(0.0000000449 + (0.9999998808 * ((sin(((-0.3692626655) * X2)) + ((-0.8959788680) + ((-0.9469022751) * X2))) - (((cos((37.3779716492 * X2)) * (((-0.0145596517) * X2) - ((-0.0008356684) + (0.0168772303 * X1)))) + ((sin((34.1887931824 * X2)) - ((cos(((-34.9049263000) * X2)) - sin((33.0484771729 * X2))) * ((-2.8980550766) * X2))) * (0.0010858066 * X2))) - (((cos((((-10.2623939514) * X2) - 53.3026084900)) - ((cos((7.3450574875 * X2)) + ((-123.6260833740) * X2)) - ((-28.7246017456) + (178.4621734619 * X1)))) * (((-0.0117260823) * X2) - (0.0110186692 + ((-0.0000775015) * X1)))) - (0.3255360723 * X1))))))
strogatz_predprey1,OperonRegressor,ok,2.0,0.9999838106727714,0.0036927390635634,88.0,88.0,48.3,,(0.0000091307 + (1.0000050068 * (((((exp(((-3.0430028439) * X1)) * cos((0.1403449178 * X2))) * (0.4370845556 * X2)) - ((((0.5497400165 * X2) - (cos((0.1920449585 * X2)) - ((0.0912768096 * X2) - 5.6541662216))) - ((-5.5325284004) * X1)) + ((cos(((1.2799271345 * X1) * (6.6732420921 * X2))) * (((0.0051724440 * X2) - 0.0112836594) + (0.0000588870 * X1))) * exp(((9.5460205078 * X2) - 15.4701528549))))) * (0.0916785449 * X1)) - (((0.7551456094 * X2) - (-0.0848230049)) - (exp(exp(((-1.0962769985) * X1))) * (((0.0996065736 * X2) - (-0.1656493396)) + (0.0826688707 * X1)))))))
strogatz_predprey2,OperonRegressor,ok,2.0,0.9999776749199452,0.0074668945337501,94.0,96.0,59.6,,(0.0000013371 + (1.0000020266 * (sin((((((0.0000058434 * X1) / (((-0.6993892789) * X1) + (0.1205991209 * X2))) - (2.0515658855 ^ 2)) + ((-0.9180008173) * X2)) + ((0.0759220868 * X1) / ((36.9213981628 * X1) + (4.0843205452 * X2))))) - (((((66.2484207153 * X2) - (-15.6708726883)) - (66.7773132324 * X1)) + ((0.1040363908 * X1) / (((-3.0162253380) * X1) + (16.1143970490 * X2)))) / ((((((-0.3196066022) * X2) * (((-2.2861604691) * X1) + ((-4.7065639496) * X2))) + ((0.0604056343 * X1) / (((-3.2473471165) * X1) + ((-4.1549983025) * X2)))) - (0.3088471591 ^ 2)) - ((-77.2070999146) + (((-47.5869178772) * X1) + (1.0533623695 * X2))))))))
strogatz_shearflow1,OperonRegressor,ok,2.0,0.9998323007169392,0.007248380071372,84.0,87.0,50.4,,(0.0000198952 + (1.0000001192 * (((((((3.9243879318 * X2) + 11.4119348526) + ((-3.5732183456) * X1)) * ((-10.5046882629) * X1)) - (((((1.8290679455 + ((-1.3543430567) * X2)) * (((-2.0880300999) * X2) + (-2.3104910851))) ^ 2) ^ 2) + (((17.7815895081 * X2) + 14.4541616440) * (0.6857036352 + (7.9630808830 * X2))))) * ((0.0017684548 * X2) + (-0.0075636967))) * ((((((-0.1279420555) + (0.0056575476 * X2)) + ((((0.0001491269 * X2) + 0.0056873867) + ((-0.0076087569) * X1)) * ((-6.0464310646) * X1))) * ((-13.1245870590) * X1)) + (((-1.0692063570) * X2) ^ 2)) - (1.3979264498 + ((-0.4790498316) * X2))))))
strogatz_shearflow2,OperonRegressor,ok,2.0,0.99877347518519,0.0083000999847539,90.0,90.0,53.4,,((-0.0000000870) + (0.9999998808 * ((((((-5.6958250999) * X2) - (-1.5809204578)) * sin(sin((1.7231190205 * X1)))) - ((((-3.6245243549) * X2) - (0.1667886078 * X1)) - ((((7.6460232735 * X2) - (17.9006423950 * X1)) / ((7.8319287300 * X2) - 13.9690923691)) - 2.2114913464))) + (cos(((-3.6159470081) * X1)) * (((0.0005737753 * X2) / sin((1.7830303907 * X1))) - ((0.1173512638 * X1) - ((((((-7.3924374580) * X2) - (0.4019039571 * X1)) - 12.1196403503) * (0.0208584536 * X2)) * ((((-27.1693706512) * X2) - cos(((-6.5081353188) * X2))) - (((18.9476299286 * X2) * ((-0.5447742343) * X2)) - 18.1892852783)))))))))
strogatz_vdp1,OperonRegressor,ok,2.0,0.9999655467211463,0.0035929159379216,86.0,86.0,51.0,,((-0.0000000451) + (0.9999998808 * (((((-2.4426238537) + (cos((0.0411718637 - (1.1596902609 * X1))) + exp((1.1863236427 * X1)))) * cos(((-2.5100488663) * X1))) + ((cos(((-1.4285728931) * X1)) - (((7.7268915176 * X2) * (0.0403570682 * X1)) - (0.6497504711 * X2))) * ((exp((1.4462028742 * X1)) - exp(((-0.3294103146) * X2))) - ((-3.1838212013) + ((cos(((-1.1105402708) * X1)) * ((8.4079704285 * X2) * (0.0137626044 * X1))) - ((-0.1606604457) * X2)))))) - (2.3201944828 - (((0.3702893555 - (0.5762647390 * X1)) + cos(((-2.6639060974) * X1))) / exp((0.7869352698 * X1)))))))
strogatz_vdp2,OperonRegressor,ok,2.0,0.9999152076696616,0.0008982049563958,86.0,86.0,43.1,,((-0.0000002400) + (0.9999997020 * ((((((0.4630789757 * X2) - (-0.0014674936)) + (((-0.0043880525) * X2) * cos((((-15.4462976456) * X2) + ((-5.2170672417) * X2))))) + (((-0.0000565700) * X1) / ((0.3251500130 * X2) * (((-3.3887193203) * X2) - ((-5.1130776405) * X1))))) + (sin(sin(sin(exp(((-4.6544790268) * X1))))) * (((-0.0058354707) * X1) + (-0.0005267578)))) + ((((((-4.1942358017) * X2) - (-6.1266126633)) * ((0.0000125571 / ((0.0460643247 * X2) - (-0.0334179997))) + ((0.0017353254 * X2) * ((1.5933507681 * X1) + 0.7832555175)))) + (-8.0459413528)) * ((0.0575114936 * X2) - ((-0.1244769394) * X1))))))
