dataset,algorithm,status,n_features,r2,rmse,complexity,complexity_unified,seconds,error,expr
1027_ESL,OperonRegressor,ok,4.0,0.8011720202570854,0.6962917102803413,92.0,92.0,61.6,,((-0.0000008999) + (0.9992429018 * (sin(((18.7390480042 * X1) + ((-15.4157400131) * X3))) + (((((0.1619580984 * X1) + (sin(((24.7055301666 * X1) + (10.1617136002 * X3))) * ((-0.6064330339) * X3))) * cos((((10.2545318604 * X3) - 16.4248085022) + (2.3739531040 * X4)))) - ((-0.2861230373) - (((-0.1130953506) * X3) - ((-0.6627139449) * X2)))) - ((((0.0148774059 * X4) - (0.0208667740 * X2)) * (((-12.9657135010) * X3) - 24.6309928894)) - (((((6.6598763466 * X1) + ((-10.8559856415) * X3)) * cos(((10.3789873123 * X3) - 15.9674997330))) / (29.0160770416 * X4)) * cos((((-2.1814730167) * X3) - ((-1.9228253365) * X2)))))))))
1028_SWD,OperonRegressor,ok,10.0,-0.1151183327776754,0.7777147187102808,96.0,96.0,62.8,,(0.4456582665 + (0.9506258368 * (((((0.1636708379 * X8) + ((-0.1006397232) * X9)) + exp((((17.7660331726 * X9) + ((-0.5354336500) * X1)) + ((0.4881928563 * X10) + (-22.5981521606))))) - ((((((4.4442548752 * X6) * (8.2770605087 * X4)) - ((17.7099399567 * X9) + ((-11.8424148560) * X10))) * (sin((5.3665442467 * X3)) * ((-0.0096683968) * X2))) - (0.0589108616 * X1)) + ((((-0.1341301203) * X2) - (0.6882519722 * X5)) + (sin((2.8119468689 * X3)) * ((-0.5138361454) * X2))))) + ((sin(((sin((17.6701488495 * X7)) - (0.7733218670 * X5)) + (0.3927295804 * X3))) - (((-0.1290865242) * X3) + 1.0764622688)) + ((-0.0196162816) * X7)))))
1029_LEV,OperonRegressor,ok,4.0,0.5502151867334981,0.6181724495245805,98.0,98.0,61.6,,((-0.0000078096) + (0.9999234676 * ((exp(exp(((-0.1592154056) * X1))) - (2.8297681808 + ((((-0.0497640520) * X3) / ((0.1148398891 * X2) + (3.1723823547 * X1))) + ((((-2.4096884727) * X3) * ((-0.1094202399) * X4)) - ((0.3083229065 * X4) + (0.1223449707 * X3)))))) + ((((((((-1.8581308126) * X3) * (0.0014465393 * X4)) - (0.0003274253 * X2)) + ((-0.0008928441) * X1)) * ((0.1553833634 * X2) + exp((0.6644952297 * X1)))) * (((98.2525634766 * X2) - exp((5.6924920082 * X3))) + ((((41.2787742615 * X4) + (118.3630523682 * X3)) + exp((5.5602731705 * X3))) + (96.5693435669 * X1)))) + ((0.6545307636 * X2) + (0.7253339887 * X1))))))
1030_ERA,OperonRegressor,ok,4.0,0.2605562516689877,1.5912734434360167,88.0,90.0,60.0,,((-0.0000000723) + (0.9995152950 * ((((exp((1.6583287716 * X2)) + (7.4318084717 * X1)) + (exp(((1.2126812935 * X3) + ((0.2442854345 * X2) + (0.0262898672 * X1)))) + ((0.0318609290 * X3) + exp((2.3514685631 - exp((2.4091534615 * X2))))))) - ((exp((((-0.8660855293) * X2) - (0.0314398706 * X1))) ^ 2) + ((((0.5729577541 * X2) - (((-0.9317182302) * X3) + (((-0.0723630413) * X4) + 8.7728748322))) * (sin((1.6957606077 * X2)) - (0.7714834809 * X1))) + (exp(((0.6118115783 * X3) + ((-0.0657021329) + (0.1588514149 * X1)))) ^ 2)))) + (((-8.5879487991) * X2) + (-4.0151376724)))))
1089_USCrime,OperonRegressor,ok,13.0,-2.902557651405928,69.8929648830794,98.0,98.0,36.8,,(0.0000001141 + (1.0000001192 * (((((((((-5.4951543808) * X8) - ((-1.2111598253) * X1)) + (((-4.7934913635) * X12) - (-0.3544290364))) - (5.0541968346 * X7)) + ((-7.2669692039) * X3)) + (((-8.1665992737) * X13) - (2.4929404259 * X2))) / (24.5176925659 * X7)) + ((((-0.2654951811) * X5) + ((((-0.0431702547) * X8) - ((-0.1316858530) * X7)) + (0.2348899245 * X3))) + (((((((-0.4095655680) * X12) - 0.5419446826) + (cos(sin(((-1.5587633848) * X5))) + (0.3618724048 * X3))) - (0.2455287725 * X1)) + sin((((0.4500763714 * X1) - (((-1.1046442986) * X8) - (0.3929111063 * X4))) + ((1.3901319504 * X12) - ((-6.0267367363) * X3))))) * ((-1.1494150162) * X13))))))
1096_FacultySalaries,OperonRegressor,ok,4.0,-1.2178277300868032,8.261104656481825,87.0,87.0,39.5,,(0.0000079339 + (1.0000017881 * ((((-46.0802612305) / sin((5.5193185806 * X3))) / (1440.5284423828 * X2)) - (((cos((1451.5020751953 * X2)) * ((0.2437034696 * X3) - 0.2856999040)) + ((0.1486595571 / sin((5.6081247330 * X3))) - (((cos((9.9973258972 * X2)) + (-0.6221474409)) * (((1.5793676376 * X2) - (-0.4708923399)) + ((-1.9356906414) * X3))) - ((cos((1448.5305175781 * X2)) + ((-5.1319513321) * X1)) / (30.3750991821 * X2))))) - (((sin((3.9166345596 * X2)) * (((-0.1325685531) * X3) - (1.1431659460 * X1))) + (((-0.5623876452) * X3) + ((-0.5792849064) * X1))) + (0.9635637999 * X2))))))
1191_BNG_pbc,OperonRegressor,ok,18.0,-3.027737527127827,2103.432495168213,90.0,91.0,55.8,,(0.0000261136 + (1.0028232336 * (((sin(((1.9282125235 * X11) - (((-0.1722052991) * X14) + (3.2626860142 * X1)))) - (((-0.1070414707) * X3) + (0.1603343338 * X9))) + (0.2621021867 * X1)) - ((exp((exp((0.3055785000 * X9)) * (((-0.3019469976) * X6) + (0.5997962356 * X10)))) * ((((((0.0618068799 * X11) - 0.8091740012) - ((-0.2122243196) * X9)) - ((-0.2218496799) * X16)) ^ 2) - ((-0.2341124564) * X16))) + (sin((((((-0.4426425099) * X11) - (-1.7868635654)) - exp(((-1.0600483418) * X9))) + (1.1348345280 * X10))) - ((1.0572223663 + (1.0490555763 * X10)) + sin((((-2.0922944546) * X11) - 3.3925220966))))))))
1193_BNG_lowbwt,OperonRegressor,ok,9.0,0.461247383154597,579.7215753812109,86.0,87.0,75.4,,((-0.4554521739) + (1.0104854107 * (cos(((0.6319994330 * X3) + ((-0.2222806811) + (0.2509001493 * X1)))) * (cos(cos((((-1.5508075953) * X2) * (1.5878058672 * X9)))) - ((cos(cos((((-1.1038651466) * X2) * (1.5855250359 * X5)))) * (((-1.0411157608) + ((-1.3065943718) * X9)) - (((0.5720542073 * X5) - ((0.3711602688 * X9) ^ 2)) + ((-1.3934345245) * X1)))) + ((((-3.1447529793) + exp((cos(((-2.0088927746) * X4)) + cos((4.4651017189 * X9))))) * ((((-0.1572188735) * X5) - ((-0.0888010710) * X8)) - ((-0.2581126094) + ((-0.0573899262) * X1)))) + (1.3171585798 + (0.7414792180 * X9))))))))
1196_BNG_pharynx,OperonRegressor,ok,10.0,-0.0789848320813724,352.00746060951093,96.0,97.0,81.7,,(0.0000067311 + (0.9936332703 * (((cos(((21.1399383545 * X7) - (((-0.2999273837) * X10) - ((-0.1864882559) * X6)))) + (((100.2075347900 * X7) - (((-7.2563152313) * X10) - ((-19.2300434113) * X6))) / ((((-26.3563022614) - (76.5597000122 * X1)) / (1.4393510818 * X5)) - (((-947.5057983398) * X7) - ((-46.6486663818) * X8))))) - ((-0.1441606432) * X9)) + (((sin((122.4949035645 * X1)) + ((((-0.6725782752) * X10) / (((-9.4441547394) - ((-8.7773180008) * X1)) - (((-22.5608482361) * X7) - (22.2532463074 * X8)))) + (((0.6305651665 * X10) - ((-0.1787232459) * X6)) ^ 2))) + (((-0.7030951977) * X7) - (0.1578834951 * X8))) + ((-0.8094829917) - ((-0.1137851179) * X1))))))
1199_BNG_echoMonths,OperonRegressor,ok,9.0,0.0784505175229686,13.58537220101393,96.0,97.0,60.7,,(0.0465893857 + (0.9991280437 * ((((exp((((-0.3002301753) * X9) - exp((7.4918107986 * X2)))) + ((0.0144669944 * X4) / (0.3771448135 * X8))) + cos(((((0.0008404322 * X4) / (0.0207021851 * X8)) - (exp(((-0.2362661660) * X6)) - (((-0.1687821299) * X4) - (0.3852553666 * X8)))) - ((-2.2910978794) * X9)))) - ((0.3341312706 * X5) - ((((-0.4657637775) * X1) + ((-0.1702639461) * X6)) - ((-0.0629981458) * X7)))) + ((((((22.3077945709 * X2) - exp(((-1.6372932196) * X6))) - exp((((0.0024863151 * X4) / (0.0158010554 * X8)) - ((-1.4128687382) * X2)))) + ((2.9946472645 * X7) ^ 2)) - ((-0.4829705358) * X3)) / 73.3965606689))))
1201_BNG_breastTumor,OperonRegressor,ok,9.0,-4.5726062369949485,28.716545346895387,95.0,95.0,59.9,,((-0.0574236214) + (0.9796426892 * ((((((exp(((0.6758817434 * X6) - (0.2035753727 * X9))) / ((-5.4289107323) * X5)) - ((0.5781877041 - (0.1432058811 * X8)) + (((-0.1382687092) * X1) + (0.1522852033 * X2)))) + (0.0632411242 * X5)) - cos((21.4508628845 * X9))) * exp((((-1.0065478086) * X6) - (((-0.1313419044) * X3) * (((-0.6759101152) * X1) - (5.2148699760 * X9)))))) + (exp(((1.7618193626 * X1) + ((-1.2952661514) * X7))) * (((((((-0.1758508682) * X1) - (4.0046353340 * X9)) / (327.4257507324 * X5)) - ((0.0119689107 * X3) + ((0.0386303142 * X1) + ((-0.0103015620) * X8)))) + 0.0393296145) - (0.0073477281 * X9))))))
1203_BNG_pwLinear,OperonRegressor,ok,10.0,0.0891486977933555,4.060810485682965,94.0,95.0,56.5,,((-0.0000068650) + (1.0000133514 * ((((((((-3.1134104729) * X2) + ((4.9491291046 * X5) * exp((0.4632264078 * X2)))) * ((((-0.0274379272) * X10) - (0.0163511690 * X3)) - (-0.0479578152))) - ((((-0.0396436378) * X3) + ((-0.0134985587) * X6)) * ((5.3505878448 * X1) + ((-3.4522678852) + ((-3.9550931454) * X9))))) - ((((((-0.1113429740) * X10) + ((-0.0539298244) * X8)) - (-0.3342299163)) - (0.1301176995 * X6)) + ((-0.6898596883) * X1))) ^ 2) + ((((0.2297920883 * X5) * exp((0.7626236081 * X2))) - ((((((-0.2080365866) * X5) - (0.0901604369 * X4)) - (-0.6197028160)) - (0.1652905494 * X6)) + ((-0.0517852493) * X9))) + ((-0.0899783149) * X3)))))
1595_poker,OperonRegressor,ok,10.0,-3.474171338196953,2.75109218960288,98.0,99.0,70.5,,((-0.2052336037) + (1.0485377312 * (((cos((((-2.5517477989) * X7) + ((-0.4057901204) * X8))) - ((0.0294498876 * X8) + (((0.2848494053 * X10) + (0.0220254511 * X3)) + ((((-0.0442453250) * X7) * (-5.4223732948)) * ((-1.9053336382) * X9))))) - ((((-52.5405387878) * X4) + ((-38.6853866577) * X2)) * (0.0076337494 * X4))) * (exp((((((0.4753689766 * X10) + ((-0.5171669126) * X8)) * ((((-2.0935528278) * X10) + (2.0401535034 * X8)) - (2.2203245163 * X6))) - (((-0.1361197680) * X4) + 1.9842448235)) + ((((-0.1633675247) * X5) * (((-3.0420174599) * X7) + (0.8192625046 * X10))) + (((0.0558916964 * X10) + ((-0.1493280828) * X8)) * ((-16.8833961487) * X4))))) ^ 2))))
192_vineyard,OperonRegressor,ok,2.0,-19.66874786167216,18.15486885763453,90.0,93.0,38.2,,(0.0816434398 + (1.0028824806 * (cos(exp((1.3956084251 * X1))) * ((((cos((((-1.6839554310) * X1) + exp((2.6009232998 * X2)))) + (-1.4695011377)) + exp((2.8071720600 * X1))) - (((exp((1.5811328888 * X1)) + ((-1.6702640057) * X1)) ^ 2) + ((5.1950931549 * X1) + ((-0.5084030032) * X2)))) + (((exp(((((-0.3222653270) * X1) + (0.8289001584 * X2)) + cos((5.2415761948 * X2)))) - exp((0.8544809818 * X1))) * (exp((2.0629668236 * X1)) - ((-0.0112992665) * X2))) * ((((((0.5591757298 * X1) + (0.4937188029 * X2)) ^ 2) + ((-1.3664909601) * X1)) ^ 2) + ((-0.4469522834) * X1)))))))
197_cpu_act,OperonRegressor,ok,21.0,0.4786105567852272,13.542093961493991,92.0,92.0,44.5,,((-0.0000015330) + (0.9975823164 * (((cos(cos(exp(((-17.3448123932) * X19)))) + ((-0.1400087476) * X19)) - ((0.1074149609 * X7) - ((exp(((-4.0070929527) * X19)) - (((0.4060857296 * X21) - ((-0.1380010843) * X13)) - ((-0.1890099943) * X18))) - (exp(((2.4820239544 * X21) - (0.0509014949 * X13))) - cos(cos(exp(((-15.0279703140) * X19)))))))) - (exp(((-0.4071312249) * X21)) - ((((((-0.0074737752) * X20) / (((-0.2438079417) * X18) - ((-0.2167414874) * X13))) - 3.0573775768) - ((-0.2406245321) * X20)) - ((((0.0011507265 * X20) / ((-0.1978949904) * X17)) - exp(((-0.1703507602) * X4))) - exp((2.4833955765 * X21))))))))
201_pol,OperonRegressor,ok,48.0,-9.046285998761638,126.90389398066104,89.0,89.0,49.9,,(0.0051720254 + (0.9918398261 * ((((0.0364474542 * X28) - ((-0.1040539071) * X20)) + (exp((((cos(((-2.4842081070) * X5)) - (0.7542544007 * X6)) - (1.0285930634 * X5)) - (0.8552657366 * X28))) * ((((-0.0759565532) * X31) + ((cos((0.6602028608 * X6)) - ((-0.0187951494) * X15)) + ((-0.5579017401) - (0.1223674342 * X20)))) - (((-0.0440429896) * X7) / ((-0.3507118523) - ((-0.2639993131) * X20)))))) + sin((((((-0.2483323812) * X31) + sin(((0.8652935624 - (0.2803500891 * X7)) + ((1.5134160519 * X15) + (0.3261681497 * X5))))) - 1.7743932009) + (cos((1.3450496197 * X6)) + ((-0.2723489702) * X5)))))))
210_cloud,OperonRegressor,ok,5.0,0.7902257914142555,0.524910871507564,95.0,97.0,35.3,,(0.0019652264 + (1.0000892878 * ((((0.1118699834 * X5) - ((-0.1996172369) * X4)) - ((((((0.4030190110 * X1) - ((-2.2123668194) * X3)) - (-1.2273268700)) + ((-4.4902501106) * X4)) / (((((5.7629203796 * X1) - (56.6703796387 * X3)) + (49.8335037231 * X4)) - 25.7714385986) - ((-38.6392288208) * X5))) - (((0.0196155608 * X1) - ((-0.6754989624) * X3)) - (((0.0169101339 * X4) - (0.0192746148 * X3)) / cos((((-0.4820414484) * X5) - ((0.8609200120 * X4) - (1.3073768616 * X3)))))))) - (((((0.2981796265 * X5) - (cos(((-8.3281345367) * X1)) - (((-0.3994065821) * X4) - ((-0.0600900874) * X3)))) - ((-0.2930291891) * X1)) ^ 2) ^ 2))))
215_2dplanes,OperonRegressor,ok,10.0,0.9261228509797405,0.9774796752501008,96.0,96.0,45.2,,(0.0000000528 + (0.9993485212 * (((((((0.1705324650 * X2) + (0.1620265394 * X7)) + (((-8667161.0000000000) * X3) / (((-22143308.0000000000) * X5) + ((-78391216.0000000000) * X1)))) + (((exp((0.5073199868 * X7)) + ((-1.8290927410) * X6)) * ((1.1667280197 * X1) + exp(((-0.0121462420) * X3)))) - (0.0516913682 * X4))) + (exp((0.2230487913 * X5)) + exp(((-0.3315386772) * X2)))) * (exp((0.1789258420 * X7)) + (((-1.0729511976) * X1) + ((-0.1709349900) * X7)))) + (((2.7967908382 * X1) - ((-0.9307331443) + ((-0.1528035998) * X4))) + ((0.2940763533 * X3) - (((0.0339598544 * X10) + (0.2244933695 * X6)) + exp(exp(((-0.1516849101) * X2)))))))))
218_house_8L,OperonRegressor,ok,8.0,-3.4701300093407896,94120.34858318248,100.0,104.0,45.1,,(0.0000003297 + (1.0009162426 * ((((((-0.6345911026) * X3) + (0.4680596888 * X8)) ^ 2) - (((0.4176298082 * X3) + (0.0530680865 * X4)) - (((-0.0896661580) * X5) / (((-1.0646586418) * X3) + ((-6.7879195213) * X2))))) - ((((0.1227577180 * X1) ^ 2) - (((0.1111897007 * X4) / (((-0.6524558663) * X3) + ((-6.9158859253) * X2))) - (0.0707317367 * X8))) + (exp((((-0.5150758624) * X3) + (0.4138830602 * X2))) - (((((((-0.2653762698) * X3) + (0.1460192353 * X4)) - ((-9.8563175201) * X5)) / (8.6747446060 * X5)) - ((-1.6556733847) * X2)) - (((((0.1917272061 * X5) ^ 2) + (((-0.3891471028) * X3) + ((-0.1988881081) * X2))) - ((-0.5881468058) * X8)) ^ 2)))))))
225_puma8NH,OperonRegressor,ok,8.0,0.2621243551589787,4.713252965993677,86.0,87.0,38.4,,((-0.0000005097) + (1.0148404837 * (((-0.3481221795) + (0.5998330116 * X2)) + ((cos((sin((((-0.5220732093) * X2) + (((-2.3340272903) * X3) + ((-0.4475316107) * X1)))) - sin(((1.8697078228 * X3) + (3.8522481918 + ((-1.3121504784) * X2)))))) - (exp(((((-1.7487577200) + (1.2746806145 * X2)) + sin(((-1.5957125425) * X3))) + sin((((-0.8670092225) * X3) + ((-1.5138700008) * X2))))) ^ 2)) + (sin((((-0.1773613840) * X1) + (((-3.5954775810) * X3) + sin((((-1.5803678036) * X3) + (0.8585290313 * X2)))))) - sin(sin(((4.2157678604 * X3) + (3.3076255322 + ((-0.3267318606) * X2))))))))))
227_cpu_small,OperonRegressor,ok,12.0,0.855418310028365,7.131179272302946,86.0,88.0,54.4,,((-0.0022500753) + (0.9984028935 * ((((((0.1780942827 * X4) - ((0.1370606571 * X3) - (0.0548221953 * X1))) - (((-0.1291341931) * X7) - 0.4319503009)) * (((exp((((-6.3360829353) * X4) - 8.9086570740)) + (exp((1.4317024946 * X12)) - 3.0234963894)) + (((0.9856245518 * X12) ^ 2) * (((-1.9405614138) * X12) - ((-0.0102474028) * X4)))) * exp((1.1813628674 * X12)))) + exp((0.5546270609 * X12))) - (((exp((0.2385183424 * X3)) * ((exp((0.8037483692 * X12)) * (((-0.1851838529) * X4) - 0.1167149246)) - ((0.0071318233 * X7) - 1.5578852892))) - exp(((-0.3969220221) * X12))) ^ 2))))
228_elusage,OperonRegressor,ok,2.0,-2.135298957280527,28.6487703939156,89.0,89.0,28.5,,(0.0010767172 + (0.9986502528 * ((((((-0.9165117145) * X1) + ((-1.2977705002) * X2)) - ((cos((((-10.2973003387) * X1) + (3.4477920532 * X2))) + 1.2586402893) / (26.1396160126 * X1))) + (((0.2106527239 + ((0.2468459904 * X1) + ((-0.2050919235) * X2))) * (cos((4.5023288727 * X2)) + (4.5861430168 * X2))) + (exp((cos((((-5.0501852036) * X1) + ((-8.4486074448) * X2))) + (3.3221604824 * X2))) * (exp(((0.5567722917 * X1) + (1.1254103184 * X2))) + (((-1.5023571253) * X1) + ((-3.0396528244) * X2)))))) + ((0.6911720037 - cos(exp(((-3.5562877655) * X1)))) * cos((6.3296861649 * X2))))))
229_pwLinear,OperonRegressor,ok,10.0,0.8177537991984156,1.5199393985079632,97.0,97.0,48.6,,(0.0067580356 + (1.0000553131 * (((((((50.0928764343 + (((-3.1100227833) * X7) - (65.5510177612 * X1))) * ((0.0036249950 * X3) + ((0.0053342707 * X2) - (0.0023345281 * X5)))) * exp(((0.1447584480 * X2) + ((-0.0562612042) * X6)))) - ((-0.4638339877) * X5)) + (0.2943762541 * X6)) - (((-0.2115790844) * X7) - ((-0.5419130325) * X1))) - ((((0.0476492085 * X3) + ((((-0.0498666912) * X9) + (0.1192761883 * X7)) + ((0.2534558773 * X2) + (0.3334509730 * X6)))) * cos(((((-1.0009908676) * X1) + ((-0.2530660927) * X7)) + ((0.2427923381 * X3) + ((0.2081087679 * X8) + (-0.9135966897)))))) - (((-0.0388641506) * X9) + (0.0533147417 * X2))))))
230_machine_cpu,OperonRegressor,ok,6.0,-0.1331008473207402,191.8916041764965,96.0,96.0,53.1,,((-0.0000019914) + (0.9999232292 * ((((-0.6938704848) * X2) - (((1.2071954012 * X5) - (4.0605716705 + (0.2861260474 * X3))) - (exp((((-0.0298515055) * X3) * (22.3792476654 * X4))) - ((-2.4260563850) * X4)))) + ((((((-9.1708440781) * X3) + (-9.5436887741)) + ((exp((((-0.0411787666) * X3) + (0.0959088355 * X2))) + (0.0797742084 * X4)) * (((1.8164302111 * X5) + ((8.0409183502 * X3) + (1.5233739614 * X2))) + ((-4.5594520569) * X4)))) - exp(((0.1477248371 * X5) - ((-0.7511360645) * X4)))) * (((((-0.0432534516) * X5) - ((0.0544298403 * X3) + (0.0072300681 * X6))) - ((-0.4913950562) + ((-0.0012971227) * X1))) + ((-0.0413271487) * X4))))))
294_satellite_image,OperonRegressor,ok,36.0,-0.3486074299570398,0.9258373952701924,92.0,92.0,47.3,,((-0.0000114909) + (0.9999783039 * (((exp((((sin((0.3652702570 * X36)) - (0.2002743483 * X3)) + ((1.2646216154 * X25) - (1.7817509174 * X23))) - sin((1.0116505623 * X36)))) * (((0.3326812983 * X23) + (0.0258997437 * X13)) - sin((0.5208684802 * X23)))) + (-0.4686521590)) + (exp((((sin(sin((2.8422129154 * X23))) - ((0.1317625493 * X36) + (1.1923445463 * X13))) - sin((((-0.4562537372) * X23) + (1.4279820919 * X13)))) + ((2.4258625507 * X5) - (3.2984688282 * X3)))) * (((cos((4.7521719933 * X23)) + (4.5736641884 * X23)) * ((0.0026315365 * X25) - (0.0031690507 * X23))) + 0.0220876765)))))
344_mv,OperonRegressor,ok,10.0,0.9904537825190094,0.8898050341694559,88.0,88.0,54.3,,((-0.0000175581) + (1.0001205206 * (sin((((((-3.4680471420) * X6) - ((((-0.5106079578) * X6) * cos(((-28.4604930878) * X3))) - ((-0.5864866972) * X1))) / (4.9366579056 * X8)) - ((0.6561869383 * X6) - (-5.3612513542)))) + (((0.5461751819 + (0.1320091337 * X1)) - (cos(((0.9557945132 * X6) - cos((2.4097816944 + (0.0694933310 * X1))))) + (((0.0917655528 * X6) * (((-10.3489952087) * X6) - (-6.3167343140))) / (7.3396949768 * X8)))) - (((-0.0124924835) * X3) - (((((-246.4201965332) + (193.5660858154 * X1)) + cos(((-19.3127975464) * X3))) / (142.0005340576 * X8)) / ((-4.1014528275) + (3.2035963535 * X1))))))))
4544_GeographicalOriginalofMusic,OperonRegressor,ok,117.0,0.7955353779983902,0.4331131119246921,96.0,96.0,49.0,,((-0.0015606368) + (0.9891788363 * (((((((-0.0268561542) * X10) / ((-2.2142610550) * X99)) - (sin(((-0.4117691517) * X101)) - ((0.0206210539 * X73) + (0.3940387964 * X102)))) + (0.4878393412 * X99)) + (((-0.0642683432) - ((-0.6901593804) * X42)) - (((sin(((-0.1447550058) * X41)) - ((-0.1079373509) * X71)) * (sin(((-1.7436449528) * X91)) + ((-1.1974099874) * X102))) - (((-0.2933315337) * X44) - ((-0.1104951799) * X71))))) + (sin(((-0.4210473895) * X41)) - ((((-0.0163026210) * X91) / ((-1.9251335859) * X99)) - (((sin(((-0.1674008667) * X102)) - ((0.1551668346 * X73) + (0.0786510333 * X42))) * exp(((-0.5978006721) * X37))) + sin((0.1384539902 * X91))))))))
485_analcatdata_vehicle,OperonRegressor,ok,4.0,0.7875461317433636,136.68472364500334,97.0,97.0,37.3,,(0.0061462158 + (0.9998438954 * ((sin(sin(((((0.2196603864 * X2) + (0.8943843246 * X4)) + (((-3.1219549179) * X3) + ((-1.3498359919) * X1))) + exp((((0.8266181350 * X3) + ((-2.8590612411) * X3)) + (0.4476190805 * X4)))))) - (((0.6576696038 * X3) + sin((((2.1590335369 * X3) + ((-2.8180999756) * X2)) - ((0.1771464497 * X4) - (0.7693944573 * X1))))) - (((0.3446491063 * X2) + ((-0.0411272421) * X4)) - (0.7684473395 * X1)))) + sin(((((-2.4019999504) * X1) - ((0.0644116998 * X2) + (0.7708932757 * X4))) + exp((((1.2772047520 * X3) + (((-3.4194426537) * X3) + ((-1.2284415960) * X1))) + (0.8656347990 * X4))))))))
503_wind,OperonRegressor,ok,14.0,0.6409960138008957,2.736283340614316,92.0,93.0,51.8,,(0.0000247731 + (0.9988076687 * ((((0.4633573294 * X14) + (((-0.0477437936) + ((0.0994961336 * X10) - (0.0514806174 * X9))) / ((0.6241916418 * X14) + (2.6418445110 * X10)))) - ((exp(((0.2716721296 * X3) ^ 2)) + ((-0.0904228985) * X3)) - (1.5789277554 - ((-0.7263448238) * X12)))) + ((1.0905432701 * X13) + (sin(sin((((0.3275358379 + ((-1.4595713615) * X13)) + ((0.3359900117 * X14) + (0.9651580453 * X10))) - (0.3114969730 * X5)))) + (sin(((((-0.4337991476) * X10) - ((-1.5550569296) * X9)) + (((-0.2747322321) * X14) + ((-1.0387417078) - (1.0132316351 * X12))))) - ((1.0020729303 * X9) - (0.0653836131 * X2))))))))
505_tecator,OperonRegressor,ok,124.0,0.9586382597681632,2.145551287092564,102.0,102.0,55.5,,((-0.0000099548) + (0.9999876022 * ((((((-1.0540158749) * X11) - (14.8266763687 * X49)) + ((8.5718078613 * X53) - (0.3400132358 * X123))) - (((-7.6480565071) * X37) + (0.0859819055 * X124))) + ((((-0.9002450705) * X123) + exp(((-0.2836965621) * X124))) * (((((250.1380462646 * X11) - (3.1418693066 * X51)) + ((-28.5265693665) * X93)) - ((((((-17.3587017059) * X99) - ((-802.8829956055) * X9)) - 0.1073302180) + (((66.6332397461 * X24) + ((-12.4921712875) * X82)) + (((-0.1232887730) * X112) + (1.2268588543 * X49)))) - (721.1016235352 * X8))) + ((((0.0546497591 * X115) + (62.1113624573 * X26)) + (((-142.5799713135) * X6) - ((-0.3563541174) * X124))) - (((-14.1124210358) * X37) + (32.1292190552 * X26))))))))
519_vinnie,OperonRegressor,ok,2.0,-512.77478615333,72.61241192399501,90.0,90.0,57.2,,(0.0044930335 + (1.0001703501 * ((((-0.0289114490) * X1) + (0.7476606965 * X2)) + (((0.2348713428 - (((0.0516260862 * X2) - ((-0.1897506565) - ((-0.2886857986) * X1))) * sin(((-16.0637378693) * X2)))) * ((sin(((-7.1305522919) * X2)) * (((-0.5367388129) * X1) + (0.7587559819 * X2))) - (((-0.0173788350) * X2) - ((-0.2294828892) - (sin((3.1851923466 * X2)) * sin(((-15.7687273026) * X2))))))) + ((sin((11.2093143463 * X2)) + (0.5439881682 * X2)) * exp(((sin((1.4634410143 * X2)) * (((-2.0975830555) * X1) + (10.0305995941 * X2))) + ((1.1777656078 * X2) - (14.1477556229 - (2.1942837238 * X1))))))))))
522_pm10,OperonRegressor,ok,7.0,-2.7043475096136564,1.6758028035150645,90.0,95.0,42.4,,(0.0348422304 + (1.0298494101 * (((((cos((2.1816058159 * X4)) - (((0.1914194971 * X2) ^ 2) - ((((-0.7928707600) * X3) * ((-0.1606080681) * X1)) - ((-0.1800010651) * X5)))) + ((-0.1562941521) * X1)) ^ 2) + ((log(((0.5598039627 * X4) ^ 2)) - (exp(((-0.2938977480) / ((-2.5786402225) * X4))) + (cos((5.5301918983 * X2)) ^ 2))) * (cos((0.4553062320 * X2)) + (-0.6693104506)))) + (((0.0936316624 * X4) + (((((-0.0114045711) * X4) - (((-0.0413399301) * X1) + ((-0.0976240486) * X2))) / (((-1.6863629818) * X5) ^ 2)) + cos((1.1380330324 * X2)))) + ((0.4716604948 * X1) + ((-0.1775063276) * X5))))))
523_analcatdata_neavote,OperonRegressor,ok,2.0,0.9374664423666798,0.941209536105892,35.0,36.0,18.3,,((-0.0000024907) + (1.0000029802 * (((-2.4878873825) - (exp((2.7847442627 * X1)) / ((-7.7639389038) + ((-8.2611227036) * X1)))) + (exp(((((0.0165377501 * X2) - (-0.0726205781)) + ((-0.7876994610) * X1)) / sqrt(exp(exp((0.4735609889 * X1)))))) ^ 2))))
527_analcatdata_election2000,OperonRegressor,ok,14.0,-134.1573674083453,1288658.072947753,97.0,98.0,36.8,,(0.0000005960 + (0.9999997020 * (exp((0.4036363661 * X14)) - (((((((-0.1225831360) * X10) - (-0.9907444119)) - ((-0.6689637899) * X7)) - ((0.1115520298 * X2) - ((-0.3420518339) * X11))) ^ 2) - (((((0.7360153198 * X10) - ((0.0040585636 * X10) / (0.4312219322 * X11))) - ((((0.1054391190 * X1) - (7.7001595497 * X12)) + ((-1.7061332464) * X13)) - (((-0.3665669858) * X2) - ((-9.5347318649) * X11)))) + (1.6134051085 * X7)) - (((((0.0376726277 * X8) * (1.3557806015 * X8)) + ((0.0059016356 * X14) / (((-1.2917950153) * X10) - 0.2892928720))) - ((-19.6478767395) * X14)) + (((1.3604059219 * X8) * ((-0.1004089490) * X11)) + ((-0.0181405656) * X8))))))))
529_pollen,OperonRegressor,ok,4.0,0.6830499130108598,2.1051002155269294,84.0,84.0,82.8,,(0.0000124025 + (1.0029535294 * ((cos(sin((((-184.4839630127) * X1) + ((-143.6600494385) * X4)))) + (exp((cos((3.1186165810 * X1)) + ((-2.0539608002) * X1))) / (((-535.8652954102) * X1) + ((-426.7619018555) * X4)))) + (((sin(cos(sin((log(1.3504447937) + (5.1801466942 * X1))))) - (((-0.3000638187) * X2) + (0.1045745313 * X3))) + (((-1.7792301178) * X1) + ((-1.2865281105) * X4))) + (sin((-3.9461557865)) * ((cos(sin((((-0.4498300850) * X2) + (3.6218075752 * X1)))) + (cos(sin((2.0811910629 * X4))) + cos(sin(((-1.3942495584) * X2))))) + (-4.4314737320)))))))
537_houses,OperonRegressor,ok,8.0,0.7227668967831737,50600.576245238335,92.0,92.0,76.4,,(0.0000015509 + (0.9999942780 * ((((((-0.3748267889) * X8) + ((0.5987367034 * X7) - ((((0.0862300098 * X2) + ((-0.1392864436) * X8)) - (0.1820925176 * X1)) * exp(((-1.6447787285) * X7))))) * cos(((-7.7132687569) + (2.1427049637 * X8)))) + (((-9.4068956375) + (10.2666683197 * X8)) * (0.0871186629 + (0.0401375182 * X8)))) - ((((0.4094883502 * X5) + (((-0.7294378877) * X3) + ((-0.1209408790) * X2))) - ((((((-0.0010295741) * X3) / ((-0.2882295549) * X1)) - ((-0.0736699179) + (0.0730443299 * X8))) * sqrt(exp((2.5381398201 * X7)))) + cos(((0.1815594435 * X2) + ((-1.3340487480) * X8))))) + (0.1531834155 * X4)))))
542_pollution,OperonRegressor,ok,15.0,-5.815618454820276,206.3133088697357,92.0,92.0,35.6,,(0.2827255428 + (1.0888587236 * (((sin(((0.2418821454 * X15) - (((-1.5397932529) * X11) - (((-0.1178375706) * X9) - ((-1.3426604271) * X8))))) + sin((sin(((-4.8059496880) * X9)) - (((-0.7971834540) * X11) - (((1.5323047638 * X9) - ((-0.5908106565) * X8)) + ((-0.1131299809) + (1.0525226593 * X4))))))) + sin((cos((sin(((-6.1334619522) * X9)) + ((-0.5545477271) * X4))) - cos((sin(((-6.2224907875) * X9)) + (0.5483626127 * X4)))))) - (((0.1945640594 * X11) - (((1.4643541574 * X6) - (sin(((-5.3393011093) * X9)) + ((-0.5674842596) * X4))) + (((-0.0260626972) * X9) + (0.6658046842 * X1)))) * 0.3792043626))))
547_no2,OperonRegressor,ok,7.0,0.0849420033647796,0.6048589300184077,84.0,84.0,50.4,,((-0.0000955452) + (1.0770299435 * ((((((cos(cos(((-2.4153490067) * X5))) - (0.5950204134 * X3)) - cos(((-0.5733722448) * X4))) - cos(cos(cos(((-3.8018329144) * X5))))) + cos(cos((3.4149990082 * X2)))) - ((((cos(cos(((-4.4819664955) * X5))) + cos(sin((5.9239950180 * X7)))) + (cos(cos((6.2819690704 * X2))) - (cos((58.5765457153 * X4)) - cos(((-58.8509445190) * X4))))) + cos((((5.0107421875 + (0.6716434956 * X2)) - (0.4779796004 * X3)) - (0.7978464365 * X1)))) + ((-0.0759468079) * X7))) + (2.5188627243 + (0.1493330598 * X2)))))
556_analcatdata_apnea2,OperonRegressor,ok,3.0,-3.116449740683784,6712.731482388164,86.0,86.0,46.7,,((-0.0000045336) + (0.9999759197 * ((((((sin(((-4.2696118355) * X2)) + (0.0828381032 * X1)) / sin(((-4.4495401382) * X2))) * ((sin(((-2.0055615902) * X3)) / exp((7.8160643578 * X1))) * (((-0.0000030433) * X3) + (-0.0000010465)))) - 0.2335430384) - (0.0069045937 * X1)) + (((-0.0975954235) - (((-0.0311493147) - ((sin(((-2.2956292629) * X2)) / cos((2.1454436779 * X1))) * ((((-0.0022659244) * X1) + ((-0.0010177167) * X2)) - sin((0.0055324193 * X3))))) * ((((-0.9015374184) * X3) + 0.0240402855) + sin(((-3.1422872543) * X3))))) * (sin(((-4.3654127121) * X2)) + ((-0.0445436016) * X1))))))
557_analcatdata_apnea1,OperonRegressor,ok,3.0,0.2660605674674203,2737.5897923401394,90.0,90.0,50.0,,((-0.1955610365) + (1.0716400146 * ((((((exp(sin((9.0561647415 * X2))) * cos((3.2802805901 * X1))) + ((-0.2760373056) * X2)) * (((exp((0.2492474765 * X3)) * cos((1.2309751511 * X1))) + (0.8168752193 * X2)) * sin(sin(sin(((-2.1624577045) * X1)))))) * ((1.7688646317 * X1) + (1.9476633072 * X2))) + (0.0045508295 * X3)) * ((((cos((exp((1.6301219463 * X3)) - sin((9.1006736755 * X2)))) + (0.9449980855 * X2)) * ((((-18.1001434326) * X1) - sin(((-2.9601840973) * X1))) * sin(((-6.8833656311) * X2)))) / 9.7771043777) * ((2.4070138931 * X1) + ((-4.6411867142) * X1))))))
560_bodyfat,OperonRegressor,ok,14.0,0.6474753931476374,4.330801033616038,92.0,93.0,57.2,,(0.0009162578 + (1.0012584925 * ((((cos(((-5.5323376656) * X4)) - (((0.1379576027 * X9) - ((-0.1431069076) * X6)) ^ 2)) - (((cos(((-8.1798810959) * X4)) + (0.5270782113 * X1)) * (0.8923462033 - (((-0.2048796564) * X3) - ((-0.1656747311) * X11)))) - ((cos(((-7.3347086906) * X4)) * ((0.1681589037 * X7) - ((-0.0050942376) * X4))) - (0.0102242641 * X10)))) - sin(((sin((4.4467878342 * X1)) - ((-0.6017645001) * X1)) - sin((4.6353130341 * X1))))) - (cos(((-5.6705036163) * X4)) + ((sin(sin((5.6089692116 * X1))) * ((0.1353223920 * X7) - ((-0.1581538618) * X1))) - cos(((-8.0871658325) * X4)))))))
561_cpu,OperonRegressor,ok,7.0,-0.9829277903109406,254.69282225899505,94.0,96.0,63.7,,(0.0001292411 + (1.0001319647 * (((((((-0.4653005004) * X5) - (2.4907550812 * X4)) + (0.3387526274 * X6)) * ((-0.2990810871) * X3)) - ((((((0.1239689216 * X7) + ((0.6575198770 * X4) ^ 2)) + (1.0638126135 * X4)) - sin((((0.8662443757 * X5) - (0.4454876482 * X4)) + ((0.2067415118 * X3) + (-0.5382738113))))) + (0.0873323381 * X6)) - ((((-1.2611283064) * X5) - (-1.2906231880)) + ((-0.9900766015) * X3)))) * (((((0.0225538295 * X5) - (0.0053480826 * X7)) - 0.2284138352) - (0.0867071599 * X3)) / cos(sin((((0.4943233430 * X5) - (0.3522814214 * X4)) + ((0.2571375072 * X3) + ((0.5479457974 * X4) ^ 2)))))))))
562_cpu_small,OperonRegressor,ok,12.0,0.2490110938596058,16.25254835269721,92.0,92.0,63.3,,((-0.0003282344) + (0.9984155297 * (((((exp((3.5384743214 * X12)) * (0.0000137041 * X6)) * ((954691.8750000000 * X10) / ((3347.1323242188 * X2) + ((-2088.9792480469) * X4)))) - ((-0.1180028543) * X6)) - ((((-0.4914636612) * X10) / (((-0.2368118167) * X2) + (14.9367437363 * X12))) * exp((2.1226704121 * X3)))) - (((exp(exp((0.1115297452 * X6))) * (-0.0160533208)) * ((-19.0308170319) - exp(((-1.4508711100) * X12)))) + (((((-0.0161946006) * X8) + ((0.0077923778 * X4) + ((-0.0393126272) * X12))) * exp((1.7782417536 * X3))) - exp((((-0.3734062910) * X6) - (((-6327.5522460938) * X9) / ((133806376.0000000000 * X10) + 21015374.0000000000)))))))))
564_fried,OperonRegressor,ok,10.0,0.8820628512859735,1.5784238928508114,96.0,98.0,57.9,,((-0.0000192801) + (0.9998526573 * (((((280.2762451172 + ((-1.5190809965) * X1)) + ((0.1521228999 * X4) + ((-0.3232120872) * X2))) + (((-0.1051632762) * X8) - exp((((0.6100459695 * X1) + ((-0.0182989445) * X10)) + (1.3655087948 * X2))))) * ((exp((((((0.1520105749 * X3) ^ 2) - ((-0.0085988678) * X2)) - sin((0.0051112371 * X3))) - ((-0.0067969970) * X5))) + (((-0.0052720876) * X4) + ((-0.4251140654) * X2))) + (0.0258538611 * X8))) + (((-279.1260681152) - (((2.5212733746 * X3) ^ 2) - (((-7.1026105881) * X8) - (1.6591944695 * X5)))) - ((((-2.8217566013) * X1) + ((-1.4560083151) * X3)) + (((-1.8189630508) * X4) + ((-118.4925918579) * X2)))))))
573_cpu_act,OperonRegressor,ok,21.0,0.054617723179473,18.235111960887,92.0,92.0,79.9,,(0.0000002271 + (0.9992839098 * ((((cos(((-24.4711017609) + (191.6613922119 * X2))) - (((0.1162434518 * X20) + (0.0192051306 * X16)) * (((-2.1456711292) * X10) + ((-13.9495582581) * X2)))) * ((-0.4546203911) * X8)) - sin(((-0.3268567622) + sin(((-1.7766507864) * X3))))) + ((sin((((-0.2969210446) * X8) + (((-0.5439961553) * X19) + sin(((-1.3414672613) * X3))))) + ((-0.1480013579) * X12)) + (((-0.0227315277) * X9) + ((((-0.0814757347) * X7) + (0.0914804190 + (((-0.4999175072) * X19) + ((-0.2138083130) * X17)))) + ((((-56.4077491760) * X2) + (((-27.7650547028) * X19) + ((-10.0817356110) * X12))) / ((-26.5577201843) + (228.4507446289 * X2)))))))))
574_house_16H,OperonRegressor,ok,16.0,-2.2545898222028766,80310.3614954333,88.0,90.0,68.5,,(0.0000105496 + (0.9945668578 * (((1.1924140453 * X10) - (((((sin((1.0256450176 * X11)) - ((0.3202571869 * X4) ^ 2)) + (((-0.1548116058) * X13) + sin((3.6528298855 * X10)))) - ((((0.3396656215 * X10) ^ 2) - ((0.2310808301 * X1) + (-0.4886820614))) + sin((2.0280711651 * X10)))) + sin((0.4508850276 * X10))) * (((-0.9373126030) * X13) + (((((0.1286690980 * X11) - (0.7721216083 * X10)) - (0.1456463486 * X4)) - sin((1.1554020643 * X11))) + ((sin((1.7772840261 * X10)) + 0.9355057478) - cos((0.4688309133 * X4))))))) + (sin(sin(((-1.7336751223) * X10))) + (-0.1999876052)))))
579_fri_c0_250_5,OperonRegressor,ok,5.0,0.9315641568114584,0.2259142242718071,92.0,95.0,64.5,,((-0.0000638595) + (1.0000855923 * (((exp(((0.3503884673 * X4) + (0.0488912389 * X3))) + (((3.5321331024 * X1) + exp(exp((((-0.2935694158) * X1) + ((-0.0589846745) * X4))))) - exp(((((-0.5405728817) * X2) + (0.4568124413 * X1)) - ((-0.0308236051) * X4))))) - (((-0.7536656857) * X4) + ((-0.2842532396) * X5))) - (sin((((0.6591891646 * X2) + (0.8786858320 * X1)) + 2.7595651150)) + (exp(((((0.0845673680 * X4) ^ 2) + (0.8121536970 - ((-1.0181089640) * X1))) - (((((-0.4601880014) * X1) + ((-0.0713439807) * X4)) ^ 2) - ((0.2209308445 * X2) + (0.1454582959 * X4))))) - (((-0.5440602899) * X3) ^ 2))))))
581_fri_c3_500_25,OperonRegressor,ok,25.0,0.930462778907601,0.2454743350590242,88.0,88.0,53.6,,(0.0000031643 + (0.9961581230 * (((sin(((-2.1003720760) * X2)) + (sin(sin((0.4335087538 * X2))) * cos(((sin(((-1.4512873888) * X2)) - 0.5967971087) - (exp((0.2491677850 * X5)) - ((-2.0817844868) * X1)))))) + ((0.3605350554 + (0.6617412567 * X5)) + (cos(((((-0.0376151279) * X17) + ((-0.3681938350) + ((-0.0212343652) * X5))) + (exp((0.8454246521 * X2)) - ((-1.5310319662) * X1)))) - (cos((exp((0.2062370032 * X2)) - (0.7055817246 * X3))) - ((-0.5479910374) * X2))))) + (((0.3843858540 * X4) + ((-0.1724120975) * X1)) - (sin(((-1.7209076881) * X2)) - (0.0297836903 * X8))))))
582_fri_c1_500_25,OperonRegressor,ok,25.0,0.9677251227028664,0.1811978419669469,86.0,87.0,61.9,,((-0.0001524081) + (0.9964397550 * (sin((((1.3718193769 - ((-0.5904604197) * X2)) ^ 2) + (1.4012055397 * X1))) - ((((-0.2235801071) * X5) - ((((-0.0155353379) * X15) + ((0.4371804595 * X4) + (((-0.0274941996) * X8) + (0.0438901111 * X9)))) + (((0.0323300771 * X12) + sin(((-0.6387226582) + ((-2.2331423759) * X2)))) - (((-0.3207409084) - ((-0.2513672411) * X2)) + (0.2194597423 * X1))))) - sin((sin((sin((1.8914138079 + (0.9176527262 * X2))) - ((0.9334332943 * X3) + (2.1794202328 + (0.0602226704 * X8))))) - ((0.0883813575 * X12) + sin(((-1.0058461428) + ((-1.6443231106) * X2))))))))))
583_fri_c1_1000_50,OperonRegressor,ok,50.0,0.9768282701696636,0.1540794964141748,88.0,89.0,53.8,,(0.0000165580 + (1.0007566214 * (((((sin(((4.8531494141 + ((-1.4886531830) * X1)) + ((-1.2762427330) * X2))) + (0.6125152111 * X2)) + (0.7140050530 * X5)) + sin((((0.0429752804 * X5) + ((-0.0526448898) * X41)) + ((-0.9742968082) * X2)))) + ((sin((((-0.4856133759) * X3) ^ 2)) - sin((0.5705555677 * X5))) - ((((-0.9834026694) + (0.1181881800 * X1)) - (0.0292457677 * X22)) - (0.4027657807 * X4)))) + (sin(((7.7037410736 + ((-1.8085652590) * X1)) + ((-1.7483198643) * X2))) - exp((sin(((-0.0225343704) * X12)) + sin(((4.1805491447 + ((-1.1509793997) * X1)) + ((-1.1774446964) * X2)))))))))
584_fri_c4_500_25,OperonRegressor,ok,25.0,0.3998742705053347,0.7038163895770853,94.0,94.0,60.6,,((-0.0000169038) + (0.9979774356 * (((((exp((((-0.0664226785) * X5) + (0.6115645766 * X2))) * cos((((-0.7403257489) + ((-1.4111167192) * X2)) + ((-1.0774164200) * X1)))) - ((0.9220021963 * X3) * ((-0.1561024189) * X3))) - ((-0.1519394666) * X5)) - (exp(((0.1372121274 * X6) + ((-0.1387951970) * X5))) + ((-0.2492778748) * X9))) + ((((exp(((-0.2158415318) * X9)) + ((-0.0949167237) * X15)) + ((0.3685930669 * X4) + ((0.1752211004 * X6) + ((-0.0539498813) * X2)))) + sin((((exp((0.8029345870 * X2)) - 1.0911830664) + (0.1273490489 * X15)) + sin(((0.1219831929 * X5) + ((-1.4785562754) * X2)))))) + ((-0.2727489173) * X3)))))
586_fri_c3_1000_25,OperonRegressor,ok,25.0,0.9537521889507804,0.216043622202005,82.0,82.0,54.0,,(0.0002557922 + (0.9976816177 * (((cos(((cos((2.2273416519 + (1.0648895502 * X2))) + (exp((0.0140464986 * X5)) + (1.5675126314 * X2))) + (2.0594227314 * X1))) * (0.5248439312 + (0.4030659199 * X2))) + cos(((((-2.5416133404) + (0.4014933407 * X5)) + sin(exp(((-0.6026555300) * X4)))) + cos(((0.7168773413 * X3) + ((-10.2448396683) + (0.1923380792 * X1))))))) + ((exp(((-0.4799111784) * X4)) - sin(sin(cos((((-1.9498097897) + ((-0.1304628104) * X5)) + ((1.7933670282 * X2) + (0.5765682459 * X1))))))) + ((-0.4269171655) + (0.9923604131 * X4))))))
588_fri_c4_1000_100,OperonRegressor,ok,100.0,-0.3483941805837101,1.105134796625093,100.0,100.0,51.3,,(0.8101508021 + (1.0058867931 * ((((((-0.0722857788) * X55) - ((0.1516728848 * X43) + (0.1253409684 * X37))) - (cos((((0.4220205843 * X78) - ((0.3773587048 * X43) + (0.3132798970 * X37))) - ((-0.2168377191) * X54))) + ((-0.5062797070) * X4))) - ((0.0885746181 * X54) - ((0.1290515363 * X35) - (0.0705181211 * X46)))) - ((((((-0.0024495823) * X9) - ((-0.0042348616) * X41)) * (((54.6249084473 * X35) - (34.2791252136 * X28)) - (21.8794193268 * X43))) - ((-0.1163013801) * X3)) + (((((3.1740679741 * X90) - (-3.7992143631)) - ((-0.6927281618) * X41)) * ((((0.0066200714 * X35) - (-0.0086119780)) / ((-2.1059412956) * X6)) - ((-0.0626876578) * X87))) - ((-0.0568450838) * X85))))))
589_fri_c2_1000_25,OperonRegressor,ok,25.0,0.9667985974966592,0.1976205987502234,86.0,87.0,68.2,,((-0.0000041430) + (0.9999116063 * ((((((-0.1671011746) * X24) ^ 2) - (0.3337135315 * X1)) + (((-3.1680440903) * X3) + ((sin((5.0771174431 * X2)) - (((-40.2206726074) + (53.2355880737 * X3)) - ((-3.8378071785) * X5))) * ((-0.0534917898) + ((-0.0025946135) * X3))))) + (((cos((exp((0.8824447393 * X2)) - ((-1.6128315926) * X1))) + (1.4201698303 + ((-0.1547933966) * X4))) * ((sin((2.7750198841 - ((-0.9916528463) * X2))) - sin((0.6261240244 + ((-1.0543699265) * X1)))) - ((sin(((-0.5594420433) * X2)) - (0.0865535662 * X3)) - (1.4216753244 + ((-0.4051686227) * X1))))) + (0.5580952168 * X4)))))
590_fri_c0_1000_50,OperonRegressor,ok,50.0,0.9091416967566972,0.2797831200859842,92.0,94.0,76.5,,((-0.0000025725) + (1.0001312494 * (((sin((((1.5140309334 * X2) - ((0.0789579451 * X5) + ((-1.0966812372) * X1))) + (cos(((1.1930260658 * X2) + 1.8466583490)) + ((0.2243888229 * X23) ^ 2)))) + ((((0.5633314848 * X3) ^ 2) + ((-1.1330870390) + (0.3226327598 * X1))) - (((-0.2551327944) * X5) + (0.0400587246 * X20)))) + sin(((0.0975454897 * X4) + (((-0.5587270260) * X2) + cos(((0.9510372281 * X2) - ((0.0706298351 * X5) + ((-0.1073392034) * X1)))))))) + (((-0.0288349912) * X3) + ((0.5174006820 * X4) + ((0.5595081449 * X2) + cos((0.8290719390 - ((0.0952100977 * X5) + ((-0.9995139241) * X1))))))))))
591_fri_c1_100_10,OperonRegressor,ok,10.0,0.9422787145602411,0.2245519187271251,86.0,86.0,48.8,,(0.0000434623 + (0.9990548491 * (sin(((((0.2033158541 * X4) + ((-0.3503244519) * X2)) - ((-0.1969386190) * X5)) + ((-0.5076839924) + (0.5983721614 * X1)))) + (((((((0.2436634600 * X4) + ((-0.5346994400) * X2)) - (-0.5450373888)) + cos((exp((0.8028933406 * X2)) + (0.5299847126 + (1.5649360418 * X1))))) + ((0.6327362657 * X3) * (0.3102985024 * X3))) - cos(((-0.3133848608) + ((0.2931768894 * X1) + exp((0.8189585209 * X2)))))) + cos((((0.0510981828 * X10) + cos((((1.4423274994 * X1) - (-4.0426692963)) + ((-0.0559080094) * X5)))) + ((1.3501021862 * X2) + (-5.2739324570))))))))
592_fri_c4_1000_25,OperonRegressor,ok,25.0,0.9581360974928098,0.1740414584556779,84.0,85.0,67.3,,((-0.0000608012) + (1.0004527569 * ((cos(((-3.0379266739) - (2.2229504585 * X2))) - exp(exp(((-0.1991910636) * X1)))) + (cos(((exp((0.9858219624 * X1)) - ((-1.2859162092) * X2)) + (-4.9719223976))) + ((((((3.7721154690 * X4) / 9.8645153046) - (((0.6941269040 * X1) - ((-0.2579476833) * X3)) + (2.2778301239 * X2))) + ((0.4069300294 * X3) ^ 2)) - ((((-3.0785856247) - (2.6826734543 * X2)) + ((-0.3291322291) * X5)) * (exp((0.0144497212 * X17)) - (0.1674125195 * X2)))) + (cos(((exp((0.7437602878 * X1)) - ((-2.0879800320) * X2)) + (-0.8303454518))) * 1.6636587381))))))
593_fri_c1_1000_10,OperonRegressor,ok,10.0,0.9664894368977172,0.1646807437697123,90.0,90.0,68.6,,(0.0001899139 + (0.9966131449 * (((cos(((cos((((-0.7457901239) * X3) + (0.0493632033 * X2))) - (0.0405054130 * X8)) + ((((-0.4220421016) * X4) + 1.0944157839) - ((0.3189249039 * X1) + ((-0.4015465081) * X2))))) + ((0.0677317232 * X3) + (0.1481446177 * X2))) + (((((-0.4181704521) * X1) + 0.2962142229) - (cos(((20.9719486237 + ((-1.7859666348) * X2)) - (2.3360824585 * X1))) - (0.1790862530 * X5))) + cos((((-17.4011573792) + (1.6591640711 * X2)) - ((-1.1467602253) * X1))))) - cos(((((-17.5112228394) + (1.9870841503 * X2)) - ((-2.3039653301) * X1)) + (((-0.0180372894) * X2) * ((-7.1907768250) * X1)))))))
594_fri_c2_100_5,OperonRegressor,ok,5.0,0.8438761946188864,0.4403318509702101,82.0,82.0,43.6,,(0.0008988978 + (0.9994055033 * (((0.1889212430 * X5) + (0.5351340771 * X4)) + (((((exp(((-0.4272946417) * X1)) + (-0.6022217870)) + (0.1245997474 * X2)) * sin(sin((exp((0.1137905642 * X1)) * (((-0.3235250711) * X2) + (-1.9714646339)))))) * exp((2.6074364185 * X1))) + ((sin(((exp((0.1881821454 * X1)) + (0.2733078301 * X2)) * ((0.5026631355 * X4) + (-1.7493705750)))) * (((0.5262004137 * X2) + (-0.6622154713)) + sin(((0.9593777061 * X3) + 0.7790912986)))) + sin((exp(exp((0.2471747249 * X1))) * (((-0.5412231088) * X2) + (-1.7535824776)))))))))
595_fri_c0_1000_10,OperonRegressor,ok,10.0,0.942870895112852,0.2512460958845988,90.0,92.0,63.9,,(0.0000018195 + (0.9999993443 * ((((-1.2318923473) * X2) + ((-1.9079320431) + (0.5221952796 * X4))) + (((((((((-0.0575334355) * X4) - (0.0088572167 * X5)) + (((-0.5547999740) * X3) + (0.0560084023 * X2))) ^ 2) + ((0.0896030739 * X1) * (2.1199615002 + ((-5.1463279724) * X2)))) + (((-0.6873048544) * X2) ^ 2)) + ((1.6879237890 + (((-0.1375809908) * X1) + (2.0546293259 * X2))) * ((exp((0.2394773811 * X9)) + (cos((1.3180654049 * X1)) + (2.3203978539 + ((-1.1274049282) * X2)))) / (exp(exp((0.0988168046 * X9))) + (((-1.0920557976) * X1) + exp(((-0.1129795909) * X3))))))) - ((-0.2825250328) * X5)))))
596_fri_c2_250_5,OperonRegressor,ok,5.0,0.9704175177816056,0.1809731168317754,93.0,93.0,55.7,,((-0.0006813402) + (1.0000051260 * (((1.4049724340 - ((((-0.0041069039) * X2) - (0.0130160600 * X3)) / sin((3.0182449818 * X2)))) + ((0.1287204176 * X1) - ((-0.0565767661) * X3))) * ((((sin(((((-1.4381550550) * X2) - (1.1028733253 * X1)) + ((0.8555006981 * X1) * ((-0.6892020702) * X2)))) + ((((-134.5948791504) * X2) - ((-116.6237411499) * X3)) * ((-0.0020531167) - (((-0.0012214722) * X2) - (0.0010394820 * X3))))) + (sin((1.8863319159 * X2)) * ((-0.2370243669) * X1))) - ((0.0395540893 * X4) * sin((10.0132513046 * X2)))) - (((0.1595656872 * X2) - (-0.0869633555)) + (((-0.2904804349) * X4) + ((-0.1425339580) * X5)))))))
597_fri_c2_500_5,OperonRegressor,ok,5.0,0.9755671615769296,0.1587462588307629,85.0,85.0,61.1,,(0.0000926566 + (0.9977237582 * (((cos((((((-0.6078635454) * X2) + 5.1048960686) + (3.7311921120 * X1)) * (((-0.2622037530) * X2) + (-0.1887559593)))) + (((0.3321880400 * X1) + exp(sin(((-0.5435685515) + (0.7683286667 * X3))))) - (0.7905181646 * X3))) + (-1.2161021233)) + (((0.4949630201 * X4) + (0.1932116747 * X5)) - (sin(((((-0.9137616158) * X2) + 1.9758679867) + (((-0.1842582077) * X1) - ((-0.1709902436) * X4)))) * sin((sin(((((-0.9689258337) * X2) + (-2.0121254921)) + ((0.0420391150 * X5) + ((-0.2800851464) * X4)))) + ((1.0321016312 * X1) - (0.0343863368 * X4)))))))))
598_fri_c0_1000_25,OperonRegressor,ok,25.0,0.9619722615102672,0.2166824054700205,96.0,97.0,54.9,,(0.0000010108 + (1.0008797646 * (((0.4026576579 - (((-0.1198576167) * X3) + ((((0.0210916419 * X5) + ((-0.1879439056) * X2)) + ((-0.5427878499) * X1)) ^ 2))) - cos((((0.0420539752 * X3) + ((-1.1179898977) + ((-0.8947480917) * X1))) + ((((-0.0045844326) * X5) + sin((0.7642644048 * X2))) - (1.4894641638 * X2))))) - ((cos((((((-0.0370866433) * X5) + (0.0693031102 * X2)) + ((-0.0443264507) * X25)) + (((-0.0283711143) * X1) - (((-0.9380626082) * X3) + ((-0.0529031083) * X17))))) - (((0.6212659478 * X4) - (((-0.2290377617) * X5) + ((-0.0280907936) * X25))) + cos(((-0.7614804506) * X2)))) + ((0.0511564203 * X15) - (0.0249175094 * X7))))))
599_fri_c2_1000_5,OperonRegressor,ok,5.0,0.975660276826461,0.1651732741633471,90.0,90.0,48.7,,(0.0000306432 + (1.0000002384 * (((cos((((((-0.0366383605) * X4) - 0.7872362137) + ((-1.0001535416) * X1)) - (((0.0250797682 * X5) - (0.0004130272 * X3)) - ((0.9809622765 + (0.3652644157 * X1)) * ((-1.4427025318) * X2))))) + cos((((0.0857115090 * X5) - ((-0.5567185283) * X3)) + (2.6095232964 + (0.1376433223 * X1))))) - ((-0.3289497197) - (((((-0.4594740570) * X2) - ((-0.1077909768) * X5)) + ((0.0011806198 * X2) / ((0.2733530104 * X5) - (0.5940601230 * X3)))) + cos((1.4047245979 - (((0.1043778434 * X5) + (0.5052673221 * X2)) + (0.2968392372 * X4))))))) / (0.8024849892 + ((-0.0462636463) * X1)))))
601_fri_c1_250_5,OperonRegressor,ok,5.0,0.9792799769442052,0.1474955014026756,90.0,92.0,46.6,,(0.0001267901 + (0.9992571473 * (((exp(((-0.5108574033) * X3)) - ((-0.1718470603) * X5)) + ((((0.4020720422 * X4) - ((0.1357131302 * X1) + ((((-0.0618433878) * X2) + (-1.9548666477)) ^ 2))) + (exp(exp((0.1959379911 * X3))) - sin((((-1.8722065687) * X1) + ((-2.3749573231) * X2))))) + cos(((((-0.0312215779) * X5) + ((((-0.0201171394) * X4) + ((-0.7878449559) * X1)) - (0.0843188837 * X3))) + ((-1.9463647604) * X2))))) + (cos(((((-1.2376400232) * X1) + ((0.0613804050 * X3) + (-2.3779838085))) + ((-1.8709512949) * X2))) + cos((((-1.8101072311) * X1) + (((0.4483829439 * X2) + (-2.2800772190)) ^ 2)))))))
602_fri_c3_250_10,OperonRegressor,ok,10.0,0.9699048341932328,0.1978517321825096,88.0,88.0,48.3,,(0.0000007560 + (1.0008674860 * (((cos((((0.0659419000 * X4) + (1.4465017319 * X2)) + ((-0.6389628053) + (1.4161014557 * X1)))) + cos(((1.0066006184 * X2) + (1.8789314032 + (1.5570890903 * X1))))) - (((-0.2021706253) * X8) + ((-0.1862524599) * X2))) + (((0.0211241394 * X7) + (0.3403167725 * X5)) + (cos((exp(((0.5402989388 * X1) + (0.4371710718 * X2))) + (log(1.3848861456) + (1.1631987095 * X2)))) - ((((-0.4213205278) * X4) + ((-1.4585633278) + exp(((0.2390458882 * X8) + (0.0895186141 * X1))))) + cos(((0.6416646242 + (0.1006442532 * X1)) - (0.7096906304 * X3)))))))))
603_fri_c0_250_50,OperonRegressor,ok,50.0,0.9071664245157564,0.2739168086261012,81.0,83.0,46.9,,((-0.0000011795) + (1.0019598007 * (((cos(((-1.6480199099) - cos((1.7827266455 - (1.0842850208 * X2))))) * (((-0.1109748483) * X4) + (cos(((-0.5156106353) * X5)) + ((-0.9561018944) + ((-0.1910848767) * X1))))) - ((1.1896491051 + ((-0.0952548459) * X1)) - ((((((0.4027335942 * X3) ^ 2) + (((-0.0275601670) * X35) - ((-0.0238894094) * X14))) - ((-0.1553008556) * X5)) - cos(((-3.7477874756) + ((-0.0347720496) * X46)))) ^ 2))) - (cos(((0.0432057604 * X4) + (cos((1.4830638170 - (0.0333815552 * X2))) * (24.1488723755 + (8.6051883698 * X1))))) - (0.5350566506 * X4)))))
604_fri_c4_500_10,OperonRegressor,ok,10.0,0.9629941397700044,0.2025223605553962,90.0,90.0,51.8,,(0.0000004522 + (0.9991426468 * (((exp(((-0.1544760019) * X6)) + (((((-0.3652866781) * X3) + (0.3328553438 * X4)) - ((-0.4159083962) * X5)) + cos(((-3.3158128262) + (1.1028383970 * X2))))) + (((-0.3703874648) - (0.1525430828 * X1)) + sin((cos((1.0783306360 - (1.1811836958 * X1))) + (((-1.3467600346) * X2) - (1.5576069355 * X1)))))) + (((0.3651113808 * X6) + (((((-1.5643692017) - (2.5317912102 * X3)) + (3.9401760101 * X2)) * ((((-0.0779518187) * X3) + ((-0.1673007160) * X2)) - ((-0.0230719186) * X8))) + cos((((-1.9039801359) * X2) - (1.0914350748 * X1))))) / (1.7804858685 - ((-0.0949938893) * X4))))))
605_fri_c2_250_25,OperonRegressor,ok,25.0,0.951874026410674,0.2139713437921155,88.0,88.0,51.1,,((-0.0005679716) + (0.9994108081 * (((sin((4.2510981560 * X2)) - (((-0.2293980867) * X4) - cos((0.8339145184 + ((-0.2809338272) * X5))))) - ((-0.1844100803) * X1)) + ((sin((((0.2920544446 * X4) - (0.6668145657 * X3)) - sin(((1.7184598446 - ((-0.6716219783) * X3)) - ((-0.2737131119) * X2))))) + (sin(((((0.0162091181 * X5) + (1.2407151461 * X1)) - sin((1.4466615915 * X2))) - ((-2.3360583782) + ((-2.3408951759) * X2)))) - (((0.1439747810 * X1) + (0.0260113385 * X20)) - cos(((-1.5971109867) + ((-4.1363873482) * X2)))))) * ((1.1766129732 - ((-0.0327066109) * X8)) - ((-0.4757457078) * X2))))))
606_fri_c2_1000_10,OperonRegressor,ok,10.0,0.963684971624446,0.2070809012880826,94.0,94.0,62.9,,((-0.0000017221) + (1.0059924126 * (((exp(((0.3433570266 * X1) + (0.4664015770 * X2))) + (-2.9210660458)) + cos((((0.0692239478 * X6) + (0.0897649750 * X4)) + (cos((0.2273810208 * X2)) + (0.9984086156 * X2))))) + (cos(((exp(((0.3663668036 * X1) + (0.5181472301 * X2))) + (-0.6474507451)) + (((0.8458698988 * X1) + ((-0.0413836539) * X4)) + (0.5330480933 * X2)))) - (((((((-0.1999336332) * X5) * exp(((-0.1687129438) * X4))) + (0.1214522868 * X2)) - exp(((0.0800119489 * X4) + (0.4171480536 * X3)))) + (((0.0288699977 * X9) + ((-0.4383434057) * X4)) - ((-0.8582546711) * X3))) + (0.6629514694 * X1))))))
607_fri_c4_1000_50,OperonRegressor,ok,50.0,0.967280272350704,0.1859602487248966,88.0,89.0,60.3,,(0.0002476090 + (1.0022684336 * (((sin(((0.0342896730 * X3) + ((-0.5581268668) * X1))) + (((((-1.0317133665) + ((-0.0080477903) * X31)) + ((-0.0984366015) * X2)) - (0.0805437490 * X4)) + ((-0.0718105882) * X5))) * ((((((-0.0255403519) * X14) + (0.0389526002 * X24)) + (0.5610942245 * X2)) + (-4.2745804787)) + (sin(((-0.7218827605) + ((-1.1316021681) * X1))) + cos(((((-4.3732237816) + ((-1.2300871611) * X1)) + ((-1.6016111374) * X2)) + ((-0.0339921713) * X36)))))) + (((((-4.8428883553) + ((-2.3274865150) * X1)) + sin(((-2.8254964352) + (1.7668262720 * X1)))) + ((-0.1498836130) * X3)) + (((-0.4416550398) * X3) ^ 2)))))
608_fri_c3_1000_10,OperonRegressor,ok,10.0,0.9690380600052592,0.188927278595279,92.0,94.0,61.7,,(0.0000001204 + (0.9999154806 * ((0.2897150218 + (sin(sin((((((-1.9885832071) * X2) - (1.8483591080 * X1)) - (0.0330495536 * X7)) + (0.4392233193 + ((-0.0022252381) * X5))))) - ((-0.0285427161) * X6))) + ((0.3125043213 * X4) + (((((((-0.3736847937) * X3) ^ 2) - ((-0.4361415505) * X5)) + ((0.0881491825 * X2) - ((-0.0348709263) * X1))) - (sin(((((-1.0730005503) * X2) - (0.0638112053 * X5)) + (0.7732675076 + ((-1.1194134951) * X1)))) ^ 2)) + ((sin((0.0198291242 * X9)) + sin(((((-1.0810791254) * X2) - (0.7274703383 * X1)) + ((0.0343949795 * X7) - (0.0433323458 * X6))))) - (0.2753752768 * X3)))))))
609_fri_c0_1000_5,OperonRegressor,ok,5.0,0.92033803859265,0.2630866491787657,96.0,96.0,66.8,,((-0.0000001129) + (1.0001149178 * (((0.0074292789 * X2) / ((-0.5865862370) * X4)) + ((sin(((0.8458881974 * X1) + (0.9279248118 * X2))) + ((exp((0.8028185964 * X2)) + ((0.5374918580 * X4) + (0.4743059874 * X3))) - exp(((-0.6323210001) * X1)))) + (((((((-0.4021308124) * X1) + (1.3650131226 * X2)) - ((-0.0185277965) * X5)) - (exp(((-0.3999599516) * X1)) - ((-0.4905034006) + (0.9538458586 * X3)))) * (sin((((-0.1299234033) * X3) + (((-0.5016103387) * X2) - ((-0.2123120278) * X4)))) + (((-0.1645301580) * X4) + (0.4404482841 * X3)))) + ((((-0.7346031666) * X1) + ((-1.8479161263) * X2)) + (0.1560647488 - ((-0.2828303874) * X5))))))))
611_fri_c3_100_5,OperonRegressor,ok,5.0,0.8803827881290577,0.2783645419994895,90.0,90.0,53.2,,(0.0005741243 + (0.9998353124 * ((((cos(((((-0.0543097705) * X2) * (30.2317848206 + (8.7223997116 * X1))) - (1.6956325769 + (0.7814543247 * X1)))) + sin((1.1148120165 * X2))) - ((cos(((0.2310006469 * X5) - ((0.7437514067 * X3) + ((-0.1538940519) * X4)))) - ((sin(((-43.5854873657) * X2)) - sin(((-43.5547294617) * X2))) - (((-0.2640250325) * X5) - (((-0.2088063657) * X3) + (0.2222670317 * X4))))) - cos(exp((0.8261641860 * X2))))) - ((-0.3680933118) + ((-0.0169752799) * X1))) * ((((-5.9000468254) * X4) * ((-0.0203507207) * X2)) - ((-1.4825018644) + (((-0.0256914236) * X5) + (0.0318194963 * X4)))))))
612_fri_c1_1000_5,OperonRegressor,ok,5.0,0.9687703913946688,0.2135431170709845,94.0,94.0,65.4,,((-0.0000001642) + (0.9982185960 * ((sin(((exp(((-0.0676025301) * X5)) + cos(((-0.7932888865) * X1))) + (((-1.7261359692) * X2) - (1.4801805019 * X1)))) - ((-0.3279512227) * X2)) + (((((exp((0.5580984950 * X1)) - ((0.3912891746 * X1) - (-1.9512666464))) * (sin(((1.0991450548 * X2) - ((-1.2089668512) * X1))) - sin(((-1.5752935410) * X2)))) - sin((((-0.7035521269) * X4) + (0.2026161849 * X3)))) + ((0.1961677074 * X5) - 0.3152107298)) - ((0.1142941639 * X4) - ((((0.0056029246 * X1) - ((-0.0057973876) * X3)) - ((0.0082729459 * X2) + (0.0014689963 * X5))) * ((10.5475816727 * X1) - ((-25.1710567474) * X3))))))))
613_fri_c3_250_5,OperonRegressor,ok,5.0,0.977669460899796,0.1766593431397656,84.0,84.0,65.3,,((-0.0101603763) + (1.0020946264 * (((sin(sin(((1.2204830647 * X1) + (0.1439573765 * X3)))) + ((0.4864193201 * X5) + sin((((-0.4283078611) * X2) + (-3.5126914978))))) + ((sin(((-0.5074622631) - (1.6480422020 * X1))) - ((-0.4421866536) * X4)) - sin((((0.1719280481 * X2) + 0.5305017233) + (0.6835671067 * X3))))) + ((((sin(sin(((-3.4002523422) * X2))) - (0.3513938785 * X1)) - sin((1.8584520817 * X2))) + sin((3.0570714474 * X2))) - sin(((1.7061541080 * X2) + (sin(((1.2631158829 * X2) + (-2.1270713806))) - (0.2928609848 - (1.6174546480 * X1)))))))))
615_fri_c4_250_10,OperonRegressor,ok,10.0,0.9733253581058816,0.1511220095405649,92.0,93.0,55.9,,((-0.0000009308) + (0.9997635484 * (((cos(((-1.2622945309) - ((((-0.4160565138) * X2) - (-0.3634644747)) * (2.0942034721 * X1)))) + ((((1.3598002195 * X2) + ((-0.3150440753) * X1)) - cos(((2.8091802597 * X2) + (1.5414959192 * X1)))) * (((-0.1441526413) * X2) + ((-0.1279072165) * X1)))) + ((((-0.4885991514) * X3) + (((0.3951516151 * X3) + (0.0379685983 * X6)) ^ 2)) - sin((1.2114760876 * X2)))) - (((1.1427104473 - cos(cos(((1.2936086655 * X2) + (1.2160871029 * X1))))) + (((-0.4770488143) * X4) - ((0.3812529445 * X2) + cos(((1.9143850803 * X2) + (1.7719628811 * X1)))))) - (0.4908146262 * X5)))))
616_fri_c4_500_50,OperonRegressor,ok,50.0,0.9678957421593756,0.179935575078758,82.0,87.0,57.3,,((-0.0000142450) + (0.9982411265 * ((cos(((1.2718321085 + (0.8954828382 * X1)) + (((-0.0162168741) * X35) + (1.3541737795 * X2)))) + ((cos(((0.3920923173 + (2.0790996552 * X1)) + (1.7091007233 * X2))) / (((-1.2857388258) + (0.2808268070 * X1)) ^ 2)) - ((-0.6693377495) * X4))) + ((cos(((((0.3981024325 * X3) ^ 2) ^ 2) ^ 2)) + cos((1.9152922630 + (3.2327337265 * X1)))) + (cos(((-1.5156968832) + (3.0376217365 * X1))) + (((0.5272019506 * X3) ^ 2) - (exp((0.2524789870 * X4)) / ((0.8320741653 + ((-0.0155748986) * X7)) + (0.0203212276 * X34)))))))))
617_fri_c3_500_5,OperonRegressor,ok,5.0,-39.93364696461873,5.52306326805848,88.0,89.0,69.8,,(0.0000302414 + (0.9996965528 * ((((0.3660452962 * X5) + (((0.3789250851 * X3) + (-0.4830083847)) ^ 2)) + (((((cos((1.9402744770 * X1)) + exp((2.7023382187 * X1))) + (((-16.9959506989) * X1) + ((-0.0435099602) * X4))) - ((6.8722825050 * X2) + (-1.1774523258))) * sin(((0.3102930188 * X2) + 1.1958928108))) + ((4.7633337975 * X2) + (0.4446963966 * X4)))) + ((((0.4356256127 * X2) + ((-0.0238040239) * X4)) * cos((2.4075109959 * X1))) - ((((((-1.5991805792) * X2) + exp((2.2467644215 * X1))) + (-10.1780433655)) - sin(((-1.8678163290) * X2))) * ((-0.2498159409) + (1.3223313093 * X1)))))))
618_fri_c3_1000_50,OperonRegressor,ok,50.0,0.9689727052044924,0.1844130535771566,83.0,85.0,56.4,,(0.0000160480 + (1.0000014305 * ((((111.5098190308 + (5.5028834343 * X2)) + (0.1617207378 * X1)) + (cos((cos((((-0.0049074804) * X5) - ((-0.7382772565) + ((-0.0840368271) * X2)))) + (((-0.0407107659) * X3) ^ 2))) * ((((-150.4940185547) + ((-0.5290622711) * X3)) + (0.6553007364 * X4)) + ((1.8143559694 + (0.5132970810 * X1)) * cos(((0.8433728814 + (1.5337178707 * X2)) + (0.8833783269 * X1))))))) + ((((-4.4605369568) + (3.0541241169 * X2)) + ((-3.4083445072) * X1)) * ((0.1798693389 + (0.0806479827 * X2)) * cos(((((-0.5137577653) * X1) + ((-0.7544329166) * X2)) ^ 2)))))))
620_fri_c1_1000_25,OperonRegressor,ok,25.0,0.8873326534435483,0.3201230621139636,84.0,84.0,49.1,,((-0.0002638003) + (0.9976154566 * (cos((sin((((4.6993765831 - (0.0783112943 * X21)) + ((-1.7763488293) * X2)) + exp(((-0.0877645388) * X20)))) - ((exp(((-0.0816498324) * X5)) + (0.1779743284 * X2)) - (4.0024309158 + (1.6741410494 * X1))))) - (((((-0.3111884892) * X4) + ((-0.2343181968) * X2)) - cos(((5.8700728416 + sin((6.4532232285 + ((-1.4060300589) * X2)))) + ((-1.3171370029) * X1)))) - (sin((6.3422374725 + ((-1.6825333834) * X2))) - (cos(((exp((0.2886509299 * X5)) + (0.0944069326 * X4)) + ((-0.6326588988) * X1))) - (0.9793130159 + (0.6811693311 * X1))))))))
621_fri_c0_100_10,OperonRegressor,ok,10.0,0.855877726399863,0.3895026486837823,96.0,98.0,35.8,,(0.0226002764 + (1.0018577576 * (((0.9032714367 * X4) + (((0.0561391488 * X4) + (0.1248766556 * X2)) * sin(((1.7532795668 * X6) ^ 2)))) + ((sin(((0.7891591191 * X3) ^ 2)) + ((((-0.7191720605) * X3) + ((-1.5963879824) * X2)) * ((((-0.0627965182) * X3) + (0.2209064513 * X2)) - (0.0490769334 * X4)))) + (exp((((((0.0637859181 * X3) + ((-0.2964600623) * X2)) - (0.1621717215 * X5)) - ((-0.4131485224) * X1)) * (((-0.8995039463) * X1) - (0.1804484725 + (0.5124783516 * X2))))) - ((sin((((-0.9883012176) * X1) - (0.7241027355 * X2))) + (exp((0.3848421574 * X4)) - (0.3064092398 * X5))) - ((-0.1355746984) * X1)))))))
622_fri_c2_1000_50,OperonRegressor,ok,50.0,0.9600327163673948,0.2040875540028455,82.0,82.0,47.2,,(0.0001214638 + (1.0007909536 * ((cos((exp((sin((0.6934064627 * X2)) + sin((0.5189075470 * X1)))) + (sin((0.1502643675 * X1)) - ((-5.6937146187) - (0.9800863266 * X2))))) - (((-0.7413382530) - (0.4055237174 * X4)) + ((-0.1910035312) * X5))) - (((0.0139393155 * X24) - sin(sin(((-2.3577547073) - ((-0.6731367707) * X3))))) + exp((sin(((((-1.0145343542) - (0.1022573113 * X3)) + ((-0.1582111567) * X5)) + ((-3.1458616257) - (1.4006860256 * X2)))) - (((1.8090975285 - (0.5941534638 * X2)) - sin(((-0.2512460053) * X1))) - sin((1.9978473186 * X1)))))))))
623_fri_c4_1000_10,OperonRegressor,ok,10.0,0.9445412145494462,0.1998847044630481,90.0,90.0,54.5,,(0.0003984403 + (1.0037039518 * (((cos(cos((2.5866899490 + (1.3587586880 * X1)))) + exp(((cos(((0.4416111410 * X2) + (0.3412206173 * X1))) - (0.1349263638 * X1)) - ((-0.1959383935) * X4)))) + (((3.9890961647 + (((-0.6959047318) * X5) + (0.0481256247 * X2))) - ((-0.3748052120) * X3)) * sin(sin((((-1.2956806421) + (((-0.1459868997) * X5) + ((-0.1145938635) * X2))) - (0.2099891603 * X3)))))) + ((cos(((0.1301367134 * X2) + (0.2725532651 * X6))) + (0.6133175492 * X1)) * sin(((cos(((0.2514255643 * X2) + (0.6595084667 * X1))) - (1.0324327946 * X1)) + ((-1.6659878492) * X2)))))))
624_fri_c0_100_5,OperonRegressor,ok,5.0,0.8329178800576814,0.3577048475094712,90.0,91.0,43.4,,(0.0000001176 + (0.9997808337 * (((sin((((-1.8835778236) + ((-0.1876272559) * X1)) - (cos((1.2622791529 * X3)) - (((1.2770948410 * X2) - ((-0.1835627258) * X4)) + (0.2140090168 * X5))))) + ((cos((cos((1.0086904764 * X3)) + (((-1.3842372894) * X2) - (0.2188459635 * X4)))) + (((((-0.5853310823) * X3) ^ 2) - ((1.5526597500 * X2) - (0.4018803537 * X4))) - 0.7613252997)) / cos((0.0972976312 - ((-0.4646971822) * X1))))) - (((0.3064514697 + ((-0.3719218373) * X1)) + (0.0907910988 * X3)) - cos((((-0.6170113087) * X1) - ((-0.4776719511) * X2))))) - (((-2.1791620255) * X2) + ((-0.3258603215) * X5)))))
626_fri_c2_500_50,OperonRegressor,ok,50.0,0.9606949940409418,0.1977656743431804,88.0,88.0,63.4,,(0.0000003518 + (1.0031740665 * (((-0.2406221628) * X3) - ((((((-0.1938516349) * X5) - 0.6420106292) - sin(((((-0.0727898702) * X5) - 1.4701715708) - (0.5404177308 * X3)))) - ((-0.0375706926) * X21)) - (cos((((((-0.0322141983) * X5) + ((-1.5203216076) * X1)) + ((-1.4635630846) + ((-1.4805324078) * X2))) - cos((2.7810211182 + (1.0053913593 * X1))))) - ((sin(((-1.2981398106) * X1)) - (sin(((-1.4961246252) * X1)) + (0.3650618196 * X4))) + (sin((1.1056289673 * X2)) + (((-0.0772802979) + ((-0.0777017251) * X1)) * ((((-2.9933066368) * X1) + (5.5762982368 * X2)) - sin((7.1868362427 * X2)))))))))))
627_fri_c2_500_10,OperonRegressor,ok,10.0,0.9682293451481664,0.1719570478613441,88.0,89.0,72.9,,((-0.0000473346) + (0.9997088909 * ((((exp((0.2697366178 * X3)) + ((((-0.0197980013) * X4) - ((-0.0753681958) * X1)) * exp((1.2087913752 * X2)))) - ((-0.3778859675) * X4)) + (-3.1421580315)) + (((((0.2178594619 * X5) + (0.0754891708 * X2)) + exp(((-0.5160492659) * X3))) + cos((((0.9695249796 - ((-1.0075351000) * X1)) * exp((0.5360946059 * X2))) - (0.0289993174 * X9)))) + (((cos((((-0.3218923807) * X1) + ((0.0188198201 * X4) - (1.7409023046 * X2)))) + ((-0.6136496067) + (0.5844777226 * X2))) + (exp(cos((1.9366047382 + (1.4178148508 * X2)))) + ((-0.0233996045) * X5))) ^ 2)))))
628_fri_c3_1000_5,OperonRegressor,ok,5.0,0.9537375244554128,0.1924100336262032,92.0,92.0,63.4,,((-0.0000044022) + (0.9991465211 * (sin((((-0.7513999939) * X2) + ((-0.6102573276) * X1))) - ((sin(((((-1.4538496733) * X2) + ((0.0150615023 * X5) + (-22.1069946289))) + (cos(((0.1143549010 * X2) * (5.8127140999 * X1))) + ((-1.1082164049) * X1)))) - ((0.7567816973 * X5) - ((0.5868399143 * X3) - ((((0.2029662281 * X2) + (0.1402665377 * X1)) - (-0.7575935125)) - ((-0.3718889356) * X4))))) - sin(((((((0.1891216934 * X2) * (1.3993568420 * X1)) + (-25.6690120697)) - ((0.7678952217 * X5) - (0.0770123973 * X2))) - ((-0.5054605007) * X3)) + sin((((-0.7270114422) * X3) - ((0.1298065037 * X5) + (-23.6264572144))))))))))
631_fri_c1_500_5,OperonRegressor,ok,5.0,0.969588299835448,0.1636853444072567,92.0,92.0,61.5,,(0.0000108297 + (1.0000293255 * (((((-1.2300971746) * (cos(((0.5193206072 * X3) - ((-0.2600485682) * X1))) - ((0.0036700908 * X3) / ((-1.1942219734) * X2)))) - (cos(exp(((0.6369019747 * X2) + (0.4413393736 * X1)))) * ((-2.7189533710) - (((-0.5427011251) * X2) + (((0.7464162111 * X1) - (0.1024567261 * X4)) * sin(((-1.2086911201) * X2))))))) + (cos(((0.0240374301 * X3) - ((-1.9303642511) * X2))) - ((-0.3948847651) * X4))) - ((sin(((-1.8369454145) * X2)) + ((-0.1832184941) * X5)) - (((0.0467567556 * X3) - ((-0.7158350945) * X2)) + cos((((2.3337726593 * X2) + ((-0.3960384429) * X1)) - 3.9857103825)))))))
633_fri_c0_500_25,OperonRegressor,ok,25.0,0.9229395565293184,0.2782941089203434,90.0,90.0,63.5,,((-0.0000001087) + (1.0002563000 * (((((((0.2742373943 * X5) + (0.5177670717 * X4)) + (((-0.0071665794) * X2) / ((0.6971310973 * X4) + (1.6066099405 * X1)))) + ((((-0.5887522697) + (0.3326435089 * X2)) - sin((6.0647711754 + (1.1044390202 * X2)))) + sin(((0.9631839395 * X2) + (0.4526206553 * X1))))) + cos(cos((((-0.6665166616) * X2) + (0.5740109682 * X1))))) - sin((((-0.9416320324) + (1.4063163996 * X1)) - sin(((0.6683038473 * X2) + sin(((0.0601287261 * X24) + (0.7936605215 * X1)))))))) + (sin(((0.0600363389 * X22) + (0.6111226678 * X1))) - cos(((-0.8524271846) * X3))))))
634_fri_c2_100_10,OperonRegressor,ok,10.0,0.95622702674966,0.2233215770579993,88.0,89.0,49.0,,((-0.0000196307) + (0.9985496402 * ((((((-0.3036151826) * X2) + ((0.3662021160 * X3) ^ 2)) - (0.1419320405 + (0.0321093090 * X7))) + sin(sin(((0.6683053970 + ((-1.3519495726) * X2)) - (1.7157065868 * X1))))) - (exp(((11.6877841949 * X2) + (-22.3346824646))) - (((cos((((-1.5513185263) + ((-0.6022787094) * X1)) + ((0.4934397042 * X4) + ((-0.0898446888) * X3)))) + sin(((0.4704396129 + ((-2.2335076332) * X2)) - (0.6253579259 * X1)))) - (0.2466506809 * X3)) - (sin((((0.0856137872 * X7) + ((-2.2320363522) * X2)) - (1.3173887730 * X1))) - ((0.2168222815 * X5) - ((-0.3184528649) * X1))))))))
635_fri_c0_250_10,OperonRegressor,ok,10.0,0.9504022996221514,0.2231832235137117,92.0,92.0,66.8,,(0.0000271402 + (0.9999790788 * ((((0.4880278111 * X4) - (((exp(((-2.3357429504) * X5)) + ((-28.2841587067) * X5)) + ((-61.3486747742) * X2)) * 0.0072229630)) - (12.9935340881 * X1)) - (10.7287111282 + ((((exp((0.2745139599 * X2)) - (sin(((-0.6970861554) * X2)) - (0.0648914352 * X1))) - (((0.0062272963 * X4) + (0.0062265089 * X6)) + 3.7083027363)) * (exp(((0.2362368107 * X3) + (0.0128988633 * X4))) + (exp((((-0.2337518781) * X3) + ((-0.0134295924) * X6))) - ((-2.5438382626) * X1)))) * (exp((0.7429122925 * X2)) + ((exp(((-0.0075442563) * X7)) - (0.0081385495 * X4)) - ((-0.0209999159) * X1))))))))
637_fri_c1_500_50,OperonRegressor,ok,50.0,0.9755601356849886,0.1508620998467624,92.0,95.0,58.3,,(0.0000000520 + (0.9997625947 * (((cos((cos(((((-0.4850390255) * X1) + ((-0.0213149115) * X14)) + ((-0.5519050956) * X2))) * ((((-0.7558697462) * X2) - (0.1068982854 * X1)) - (1.9418309927 ^ 2)))) + (((-0.5073039532) * X3) ^ 2)) - (((-0.0395887159) * X39) + (0.1815511435 * X2))) + ((sin(((((((-0.2407424450) * X3) ^ 2) + ((-1.0164291859) * X1)) - ((-0.0366426371) * X4)) + ((-1.8859637976) * X2))) + ((-0.0230917651) * X3)) + ((cos(((0.0699403435 + (0.7450035214 * X1)) + (1.3792898655 * X2))) + ((0.2393247634 + ((0.0219297074 * X17) + ((-0.0167596210) * X14))) - ((-0.4158551395) * X4))) + (0.1960187852 * X5))))))
641_fri_c1_500_10,OperonRegressor,ok,10.0,0.9569497832967732,0.1803597147944051,88.0,88.0,63.1,,(0.0005223589 + (1.0068222284 * ((cos((2.4472551346 * X3)) + cos((((-1.6380596161) - (1.1543319225 * X1)) + ((-1.6525136232) * X2)))) - (((sin(cos((((-3.3545806408) - (2.5615701675 * X1)) + ((-2.0731821060) * X2)))) + (((((-0.4058313072) * X4) + (0.2679075003 * X2)) + ((((-0.1949041188) * X5) + (0.0787313133 * X1)) + (((-0.3750274777) * X4) * (0.1073710695 * X3)))) - (cos((2.2161290646 * X3)) * ((-1.1972268820) - (0.0282187779 * X5))))) + cos((((-1.7367466688) - (2.8760557175 * X1)) + ((-2.1361479759) * X2)))) + cos((((-5.4343323708) - (2.9021739960 * X1)) + ((-2.0463206768) * X2)))))))
643_fri_c2_500_25,OperonRegressor,ok,25.0,0.9711222260987328,0.1588063458769414,90.0,90.0,63.9,,((-0.0001325302) + (1.0000036955 * (((2.1210186481 + (0.2497122735 * X2)) + (0.0507707521 * X23)) * (((cos(((3.8720066547 + (2.1821017265 * X2)) + (1.6163160801 * X1))) - (sin(((1.3914095163 * X1) + (2.0091109276 * X2))) + ((2.3060879707 + ((-0.0089387754) * X14)) - (exp((0.1885762364 * X3)) + ((-0.1144393682) * X2))))) + cos((((-0.0275384877) * X4) - (sin((0.4959468842 * X1)) - ((2.1597180367 * X1) + (2.0753724575 * X2)))))) + ((((0.1986820400 * X4) - ((-0.4332216978) * X1)) + (exp(((-0.3571091294) * X3)) - ((-0.0996001065) * X5))) + sin((2.8884439468 - ((-0.6441951990) * X1))))))))
644_fri_c4_250_25,OperonRegressor,ok,25.0,0.6643529445833287,0.5161005325680844,84.0,87.0,57.0,,((-0.0000007614) + (0.9543676376 * (((((-0.0438485965) * X4) / cos((sin((1.2739081383 * X2)) + (((-0.3308316469) * X5) ^ 2)))) - (((-0.0767162442) * X4) / exp((sin((0.3758960664 / sin(((-18.1663208008) * X2)))) - (1.3666832447 * X3))))) + ((0.4580363035 - (sin((2.2101430893 * X2)) + ((0.1489341408 * X4) / exp(sin((242.3800201416 * X2)))))) + (((((-0.3549651802) * X3) - (((((-2.7842130661) * X4) / (-8.2961502075)) ^ 2) + (sin((1.5023243427 * X2)) ^ 2))) + ((0.0011553350 * X2) / cos((1.7685353756 * X3)))) + ((2.9145321846 * X4) / 4.6963534355))))))
645_fri_c3_500_50,OperonRegressor,ok,50.0,0.9515894368463232,0.1963742380957755,86.0,87.0,65.5,,(0.0000009246 + (1.0099382401 * ((((((((0.0644313321 * X22) - 0.0858265981) + (((-0.0359519571) * X4) + (0.3549656272 * X1))) * cos(((-3.8932874203) * X2))) + ((0.3177824914 * X2) * (cos(((-2.1565678120) * X2)) - cos((1.9432750940 * X1))))) + ((0.0629616082 + (0.2728440464 * X1)) * cos(((-3.2968528271) * X1)))) + sin(((((-1.7465249300) * X2) - sin(((-1.6535402536) + (0.3634999990 * X3)))) + (0.3570594490 + ((-1.2134040594) * X1))))) + (((((-0.5159271359) + (0.3824058771 * X3)) ^ 2) + ((-0.4935915172) + (0.4378236830 * X5))) + ((0.4071843922 * X4) + ((-0.4557297528) * X1))))))
646_fri_c3_500_10,OperonRegressor,ok,10.0,0.9498431473392044,0.194767684191417,90.0,91.0,61.8,,((-0.0003580677) + (0.9998667240 * (((1.5415688753 + (0.2753686309 * X1)) * ((sin((((-0.9695236683) * X2) + ((((-0.2858283520) * X3) + (0.3059497476 * X5)) + (0.1182241067 * X7)))) + (sin((((-1.3067029715) * X2) + ((-1.4811244011) + ((-2.2923977375) * X1)))) + ((0.5951927304 * X2) + ((((-0.3282688856) * X3) ^ 2) + ((-0.0314185657) + ((-0.1149523109) * X1)))))) + ((exp((((-0.0549946465) * X2) + (((-0.1017021909) * X4) + ((-0.1129328907) * X1)))) * (0.2576486766 * X4)) + ((-0.0943311453) * X7)))) + (((-1.9593068361) + ((-0.8646785617) * X1)) * sin((((-1.5510954857) * X2) + ((-1.9035393000) + ((-2.0688381195) * X1))))))))
647_fri_c1_250_10,OperonRegressor,ok,10.0,0.983231702521038,0.1292405506447083,90.0,90.0,63.7,,(0.0002620215 + (0.9994493127 * (((((0.4010622501 * X4) + cos((((-1.1511657238) + (1.8424502611 * X2)) + (2.0731558800 * X1)))) - ((((cos((0.4387546778 * X3)) + (1.2771126032 * X2)) - ((-1.3986908197) * X1)) * cos((((-0.2818970680) + (1.3127527237 * X1)) + (1.4545212984 * X2)))) - ((-0.0395656191) * X7))) - (cos((0.7364804149 * X3)) - ((-1.3587933779) * X5))) + ((((-0.0164605547) * X5) + 1.0932695866) * (((((1.4136714935 + ((-1.9539892673) * X2)) + ((-1.5371243954) * X1)) + ((-0.0223440882) * X6)) * cos((((-0.1949932724) + (0.3554736972 * X1)) + (0.4864239991 * X2)))) - ((-1.4286177158) * X5))))))
648_fri_c1_250_50,OperonRegressor,ok,50.0,0.9778514590749778,0.1489679717226939,90.0,93.0,62.1,,((-0.0000128442) + (0.9999299645 * ((cos((((((-0.7208496332) + ((-1.6878917217) * X2)) + (((-1.6095535755) * X1) + (((-0.1851064265) * X3) ^ 2))) - (0.0434008725 * X28)) + cos((((-0.1694858670) * X2) - (0.5745987892 * X1))))) - (0.2286739796 * X1)) + ((0.1854775697 * X5) + ((((((-0.4234266579) * X3) ^ 2) - (0.3022688627 + (((0.2281720936 * X1) ^ 2) + ((-0.4968572557) * X2)))) + cos(((-1.1208626032) + ((-1.1023727655) * X2)))) + ((((-0.0162644088) * X48) - ((-0.3742835522) * X4)) + cos((((-2.1044986248) + ((-1.3933851719) * X2)) + ((0.0292548388 * X4) + ((0.0601813421 * X30) - (1.3317121267 * X1)))))))))))
649_fri_c0_500_5,OperonRegressor,ok,5.0,0.9321786976109488,0.225277450900838,93.0,94.0,71.5,,((-0.0005498020) + (1.0026986599 * (((((((((-0.0034583218) * X3) / (1.1236306429 * X5)) + (0.2745884359 * X5)) + (exp(((-1.4840826988) * X3)) * (((-0.0369543768) * X2) + (0.1946345568 * X3)))) - exp(((-0.6316566467) * X1))) - exp((((-0.6200770140) * X2) + (0.1012303382 * X1)))) + (1.1027923822 * X3)) - (((sin((((-0.7938578129) * X2) + ((-0.7781823874) * X1))) - (((-0.9390703440) * X2) + 1.0331649780)) - (((((((-0.1038148254) * X2) + (0.0167473126 * X1)) - exp(((-0.6032137871) * X3))) + (0.0000222736 / ((0.0281441361 * X1) + (0.0115148034 * X5)))) ^ 2) - ((-0.5216123462) * X4))) - ((-0.5924962759) * X1)))))
650_fri_c0_500_50,OperonRegressor,ok,50.0,0.9156209777175238,0.2611379979899481,90.0,92.0,67.0,,(0.0000008747 + (1.0001146793 * (((((cos(((-0.3486783504) * X31)) + cos(((0.7052478194 - ((-1.1571666002) * X2)) + (0.3261557221 * X1)))) - cos(((-0.8952928782) * X3))) - ((-0.2733245492) * X5)) - ((((-0.4803918600) * X1) - ((-0.0572596528) * X47)) ^ 2)) + ((((((-0.1682992727) - ((-0.3767259121) * X2)) + (0.2279207259 * X1)) + cos((((-2.0376462936) - ((-1.2065838575) * X2)) + (0.8623276353 * X1)))) - (((-0.0196337663) * X3) - (0.6319981813 * X4))) - (((1.0742861032 - (((0.1459574103 * X2) - (0.0561972782 * X47)) - ((-0.1521348208) * X42))) - (cos(((-0.3481521010) * X5)) - ((-0.1895878762) * X5))) ^ 2)))))
651_fri_c0_100_25,OperonRegressor,ok,25.0,0.8708233822120336,0.3776366806446728,90.0,93.0,40.2,,((-0.0000147021) + (0.9980040789 * (((((1.6092375517 + (((-0.8751454949) * X2) + ((-1.2277598381) * X1))) * ((((1.0548188686 * X22) - (((-1.2331662178) * X3) + ((-3.3999867439) * X2))) * ((0.2161977589 + (0.1926562488 * X1)) ^ 2)) + (((-0.0663020313) * X4) + (0.0413079523 * X5)))) - ((cos(((-1.4422568083) * X3)) - ((-0.0500214547) * X19)) * exp((0.1258433312 * X17)))) + (log(((1.5722048283 + (0.5080076456 * X1)) ^ 2)) + (((-0.0297108367) * X22) + ((0.6472194791 * X4) + (0.2384089231 * X5))))) + ((cos(((-0.9911116362) * X3)) ^ 2) - (sin(cos((0.4306542277 * X24))) - (0.2611468434 * X2))))))
653_fri_c0_250_25,OperonRegressor,ok,25.0,0.8809197380818949,0.3340728427872775,86.0,86.0,66.1,,((-0.0000018543) + (1.0080778599 * (exp((exp(((-0.0585361980) * X1)) + (0.2035080492 * X4))) + (((((1.4339460135 * X9) + (((-6.4471096992) - (0.6976094246 * X3)) + (0.3889906108 * X5))) + ((-0.0356689505) * X8)) - cos((cos(exp(((-0.2736389041) * X1))) * (((-0.2032743692) * X4) + ((0.2340683043 * X10) + (3.6503937244 + (1.6106948853 * X2))))))) + ((exp((0.0364468209 * X20)) * (((-1.4914549589) * X9) + (cos(exp((0.5681521297 * X1))) + 1.0339343548))) + (exp(cos((((-8.1643323898) - ((-1.0697847605) * X3)) + (0.0489534363 * X21)))) + exp((0.5760477185 * X1))))))))
654_fri_c0_500_10,OperonRegressor,ok,10.0,0.9502126600021864,0.2331737698641123,86.0,87.0,55.8,,(0.0001475491 + (1.0011203289 * (((((cos(((0.0741830021 * X4) + (1.1964319944 + (1.2047609091 * X1)))) + exp((1.0378693342 * X7))) - ((((-0.3069803119) * X5) + ((-0.2961857915) * X2)) - (((0.0001751322 * X2) - ((-0.0000533078) * X7)) * exp((4.7067770958 * X3))))) - ((-0.5955294967) * X1)) - (((1.2326773405 - cos(((0.1986395121 + (1.2608109713 * X2)) * ((-0.5410280824) + ((-0.3583714962) * X1))))) - ((((-0.6135554314) * X3) + (-0.0763024762)) ^ 2)) + exp((1.0262308121 * X7)))) + (cos(((0.3144035935 * X2) - (1.6265745163 + ((-1.2352477312) * X1)))) - ((-0.6292091012) * X4)))))
656_fri_c1_100_5,OperonRegressor,ok,5.0,0.9588683630630466,0.1893039308342915,84.0,85.0,45.3,,((-0.0000184473) + (0.9993118644 * ((((((-0.1394563764) * X2) + exp(exp((0.0391520932 * X5)))) + cos((((-0.4654589891) * X2) + exp(((-0.1418085098) * X5))))) + cos((sin((((-2.0555398464) * X2) + (3.4845566750 + ((-2.0578103065) * X1)))) + (((-0.2713799179) * X2) + ((0.0265939273 * X3) + (-1.0344023705)))))) + (((sin((((-1.7906628847) * X2) + (0.8788980246 + (((-1.8808915615) * X1) + (0.1494083554 * X3))))) - ((-0.4075602591) * X4)) + ((((-0.4968865216) * X3) + 0.1218186244) ^ 2)) + (sin((((-1.0939522982) * X2) + (0.4389138818 + ((-0.7854324579) * X1)))) - 3.9584624767)))))
657_fri_c2_250_10,OperonRegressor,ok,10.0,0.9626980222746788,0.1832087633376336,90.0,90.0,56.4,,((-0.0031155986) + (1.0026199818 * (((((-0.0146510778) * X9) + (cos(((1.1762552261 * X2) - ((-2.4211370945) - (((-0.0320509747) * X4) + (1.1538685560 * X1))))) - (sin((((-0.6497333646) * X3) - 4.5830268860)) - ((0.3714152277 * X4) + (((-0.3149007559) * X2) - ((-0.2107751817) * X5)))))) + sin(((cos((((-1.4620727301) * X2) - ((-0.5318962336) + ((-0.4700116813) * X1)))) + (1.5123113394 * X1)) + exp((0.9995474219 * X2))))) + (cos((cos((((-1.3947914839) * X2) - ((-1.7084026337) + ((-0.5480762124) * X1)))) + (((-0.0333845392) * X3) + ((-1.3202469349) * X2)))) + ((0.0209480822 * X6) + ((-0.2058539689) * X3))))))
658_fri_c3_250_25,OperonRegressor,ok,25.0,0.950743580354329,0.2016391708208688,88.0,88.0,57.0,,(0.0000086081 + (1.0008296967 * (((cos((((-1.7484574318) + (1.8600710630 * X1)) - ((-2.1255302429) * X2))) - cos((((-2.2596797943) + (1.7390563488 * X1)) - ((-1.9762833118) * X2)))) + ((0.3220363855 + ((-0.2572571933) * X1)) - ((-0.0489626005) * X11))) + ((0.3661457002 * X4) - ((cos((((0.7226444483 - (0.0397754572 * X21)) - (0.0998356193 * X11)) - ((0.7452609539 * X3) + ((0.0436001681 * X8) - (0.2074203193 * X2))))) - cos((((-0.5504895449) * X5) + (1.1938548088 - ((-0.3266424835) * X2))))) - cos((((1.3393870592 - ((-0.1227427796) * X5)) + (1.1411697865 * X1)) - ((-1.6024882793) * X2))))))))
659_sleuth_ex1714,OperonRegressor,ok,7.0,0.5322617127002616,1554.1048247039969,88.0,88.0,47.0,,((-0.0000110177) + (1.0005587339 * ((((((((-0.7585455775) * X6) - 0.7898473740) - (0.2784718573 * X5)) * sin((((-13.2693929672) - (4.4777197838 * X4)) - (((-1.4917627573) * X5) + (0.2350148410 * X3))))) - (((-0.1557043642) * X6) - (-1.0658242702))) * sin((6.0225100517 * X4))) - ((0.5266844034 - (((0.8342067003 * X6) - (-1.1281374693)) * sin(((((1.0116645098 * X4) - (1.4816495180 * X2)) - ((-1.3478519917) * X5)) - (((-1.0475567579) * X6) + (-1.8163012266)))))) + ((((-0.0583812706) * X1) - ((sin((6.3268404007 * X4)) + (1.3842123747 * X6)) - ((-0.1531103104) * X5))) - sin(((-1.2395765781) * X6)))))))
663_rabe_266,OperonRegressor,ok,2.0,0.9836647736794668,6.297093038681676,88.0,88.0,47.6,,((-0.0000012467) + (0.9999980330 * ((((0.9496912360 * X1) + (exp((((-1.8339289427) * X1) + ((-0.4156807959) * X2))) - (0.2666519582 * X2))) - (0.1155264005 + (((exp((0.3923077285 * X2)) + ((-0.8117445111) * X2)) + (0.0620766394 * X1)) / sqrt(exp((3.7781658173 * X1)))))) + ((cos((6.1779441833 * X1)) + (((-3.3647093773) * X1) + ((-3.1495447159) * X2))) * (((-2.7212150097) + (exp(exp(((-0.0516397841) * X2))) + (0.1189050823 * X2))) + ((exp((0.0813590810 * X2)) + ((-0.9959580898) + ((-0.0746355578) * X2))) / (cos((7.2586946487 * X1)) + (((-0.4614292681) * X1) + (-1.1526896954)))))))))
665_sleuth_case2002,OperonRegressor,ok,6.0,-0.9225899314321216,13.196201788741137,88.0,88.0,45.5,,(0.1477510184 + (0.9104150534 * ((((sin((((0.5437316298 * X6) + (1.1521688700 * X2)) - sin(((-4.2148733139) * X6)))) + (((-0.9194099307) * X6) + cos(((-13.6493854523) + (cos((1.0004053116 * X4)) / ((-0.1389373541) * X5)))))) * ((0.5173696280 + ((5.3531455994 + (2.6426179409 * X6)) * ((-0.0229419526) * X3))) - (((0.0883200243 * X2) + ((-0.2431352288) * X6)) + sin(((-4.7790231705) * X6))))) + (((-0.1401884407) * X2) - (0.1805430204 + ((-0.3114500940) * X6)))) * ((((-0.1499199718) * X2) + ((-1.7893810272) * X6)) + cos(((-13.7423191071) + (cos((0.9508883953 * X4)) / ((-0.1426429749) * X5))))))))
666_rmftsa_ladata,OperonRegressor,ok,10.0,-27.47631072459744,21.098395077136374,89.0,89.0,80.3,,(0.0000007496 + (1.0001825094 * (exp(((((610.1047363281 * X1) - (299.0475769043 * X5)) - 1482.6727294922) * exp(((-1.4480346441) * X1)))) + ((((((((-0.0599950664) * X1) - ((-0.0874814838) * X5)) - 0.0917466134) * ((exp(((-1.7195510864) * X3)) + ((-1.7103407383) * X5)) + exp(((0.7756327987 * X1) - ((-0.7261789441) * X5))))) - (exp((((-0.2015729249) * X1) - ((-0.2546002269) * X5))) * exp(((-1.2486430407) * X3)))) + (exp((0.5004864931 * X2)) + (((exp(((-1.3347644806) * X3)) + ((-0.6740093827) * X2)) + (0.6434625387 * X1)) + ((-0.3307070136) * X3)))) + ((-0.8514898419) - ((-0.0943051055) * X6))))))
678_visualizing_environmental,OperonRegressor,ok,3.0,-0.8254271200701757,4.148904090975042,96.0,98.0,49.3,,((-0.0728468448) + (1.0066149235 * ((((((-0.0458682999) * X1) / cos((0.8596189022 * X2))) + ((((-1.1664463282) * X2) - ((-0.7111198902) * X3)) / ((36.1583442688 * X1) + ((-10.3591909409) * X2)))) - (((-0.0157252681) * X1) / ((0.9351098537 * X1) + cos((1.0323112011 * X3))))) + ((((((-1.7500636578) / ((4.8086819649 * X1) + (3.2909140587 * X2))) - (((-0.3400236368) * X3) / ((-0.5500463247) * X2))) + (((-2.2704586983) * X1) + (1.2161104679 * X2))) / (((-3.6923625469) ^ 2) + ((2.7991476059 * X3) - ((-18.2557144165) * X3)))) - (((((0.0455320664 * X1) + (0.1746499985 * X2)) ^ 2) / cos((1.1370669603 * X3))) + (0.5623329878 * X3))))))
687_sleuth_ex1605,OperonRegressor,ok,5.0,-1.7077849081198635,31.199460978194825,84.0,84.0,41.5,,((-0.0049603498) + (1.1201575994 * (((cos(sin(((-4.5289087296) * X5))) * (((cos(sin(((-5.5934772491) * X5))) - ((0.5200901628 * X2) + (-0.7962120771))) + (0.4092161357 * X3)) - exp((((-3.3198208809) * X2) + (-5.5263166428))))) - exp(((-0.6176328063) * X5))) * ((cos((cos(sin(((-3.0895249844) * X5))) - (exp((0.1600481719 * X4)) * ((4.6084470749 * X4) - (((-27.2548217773) * X2) + (-25.1552753448)))))) - ((((-0.6399222016) * X4) - ((1.0281351805 * X2) + 0.9858958721)) - sin((((-0.4614447355) * X4) - sin(((-1.7894858122) * X5)))))) - sin(((-3.6633839607) * X5))))))
690_visualizing_galaxy,OperonRegressor,ok,4.0,-0.2098245337141429,99.50114617026438,89.0,89.0,55.5,,(0.0000522988 + (0.9996677637 * (((sin((sin((4.1355810165 * X4)) / (10.9121084213 * X3))) + ((sin((2.5850446224 * X4)) / (1.7777324915 * X3)) * (0.4364566207 * X4))) + (0.9001725316 * X4)) + (((cos(sin(((3.0401067734 * X2) * sin((25.7304420471 * X4))))) + ((13.6177778244 * X3) * (0.0432172865 * X2))) - (sin((3.0967769623 * X4)) * (0.6052806377 * X4))) + ((-0.9206202626) - ((cos(((3.4084844589 * X2) * sin((25.8680858612 * X4)))) * (((-0.2796137631) * X2) - 0.2362278849)) + ((((-0.0155241899) * X2) - (0.0039728824 * X4)) / sin((2.4558269978 * X4)))))))))
695_chatfield_4,OperonRegressor,ok,12.0,0.6586086224267733,20.84000063097556,94.0,94.0,55.1,,((-0.0087111220) + (1.0001317263 * (((((0.0278950911 * X7) - (((-0.1521399468) * X12) + ((-0.0394139588) * X8))) + sin((0.1318495572 * X11))) + (((-0.0239869654) * X5) - (0.0416188799 * X3))) * ((((-0.6139569879) * X3) - ((sin(sin(((-10.6786060333) * X12))) + sin(((-0.7197306156) * X11))) - cos((3.0529768467 * X11)))) + (((((-1.5024845600) * X11) - (0.8188058138 * X6)) - ((-3.6471590996) + (sin((1.9903348684 * X12)) - sin((3.8575451374 * X12))))) + ((((1.0466102362 * X2) - ((-2.4894256592) * X7)) - ((1.9932248592 * X8) + ((-0.4730380774) * X12))) - (sin(((-7.4936914444) * X12)) - sin((1.3227761984 * X12)))))))))
706_sleuth_case1202,OperonRegressor,ok,6.0,-116.117450634806,1099.985632208516,94.0,94.0,45.5,,((-0.0330063924) + (1.0032107830 * ((((((((0.0000327514 * X2) + 0.0004699655) - ((-0.0001002819) * X4)) * (exp((1.4600845575 * X5)) + (((-3.2090795040) * X4) + sin(((-2.9731566906) * X6))))) - ((-0.0014743649) * X4)) * ((((-703.8084106445) * X3) * sin(((-4.1532034874) * X6))) - ((((-3.0402977467) * X1) + ((6.0999879837 * X4) + (-4.2706675529))) * (exp((2.8253409863 * X5)) + ((66.2083053589 * X2) + ((-6.7374668121) * X6)))))) - (((((-0.2119019926) * X3) + ((-0.3979585767) * X5)) - ((0.1781777143 * X4) + 0.0998730510)) * ((0.5440554619 * X4) + sin(((-2.8819308281) * X6))))) - (((-0.0877504423) * X1) + ((-0.7037792206) * X5)))))
712_chscase_geyser1,OperonRegressor,ok,2.0,0.7357972385838181,6.4031357168744565,84.0,85.0,49.9,,(0.0002223995 + (0.9998313189 * ((((16.0941467285 * X1) + (0.7232236862 * X2)) + ((((0.0074489401 / (1.8463721275 + ((-1.3967435360) * X1))) + (-0.1570785195)) - ((((6.9812426567 / (24.9378643036 * X1)) - (0.1593961567 + (0.5106247663 * X1))) - ((-0.0302908886) / (0.1462579221 + (0.1992912740 * X1)))) / ((16.0941467285 * X1) + ((-12.0576381683) * X2)))) - (((cos(((6.2474637032 * X2) ^ 2)) - sin((9.6235027313 * X2))) + ((0.2364589572 / ((4.0121388435 * X1) + ((-11.1216630936) * X2))) - (1.1129257679 + (0.2170065790 * X1)))) / (17.6570110321 * X2)))) - (16.1965007782 * X1))))
_deprecated_195_auto_price,OperonRegressor,ok,15.0,0.5109944975332532,3578.541559017694,96.0,96.0,43.0,,((-0.2621847689) + (0.9977165461 * (exp((0.2162679136 * X15)) + ((sin((((0.6301473975 * X5) + ((((-0.2532542944) * X3) + ((-0.2344812453) * X14)) - ((0.3019418120 * X2) - ((-0.2411061078) * X7)))) - (cos((1.3574334383 * X5)) + exp(((-0.4839934409) * X15))))) - ((0.2451053560 * X14) - ((0.2463151962 * X11) - ((-0.0020113285) * X3)))) + ((0.2558206618 * X7) - ((exp(((-3.3174517155) * X14)) - ((-61.2009887695) * X12)) * ((((0.0024885752 * X12) * cos(((-1.7681230307) * X5))) - ((0.0034096483 * X3) * cos((1.6161799431 * X5)))) + (((((-0.0020113285) * X3) + (-0.0056411405)) - ((-0.0025790487) * X12)) - (0.0012289569 * X5)))))))))
_deprecated_207_autoPrice,OperonRegressor,ok,15.0,0.8901553485216988,1696.049994581486,96.0,98.0,45.4,,((-0.0000359469) + (0.9997151494 * ((sqrt(exp(((((0.2618304491 * X5) + (((-1.0019303560) * X5) * ((-0.1630326211) * X8))) + (((-0.1533090174) * X10) + ((-0.0261892490) * X6))) - ((-0.2650408149) * X7)))) - ((((((-0.0553743131) * X6) + (0.1182791814 * X11)) + (((0.0368933640 * X8) - (0.0644215718 * X2)) - (0.0296673216 * X10))) / (((((-0.0082965288) * X10) + (2.2160954475 * X3)) ^ 2) + ((0.9783663750 * X5) + ((-1.6508859396) * X3)))) + (1.2691987753 - ((((((-0.1362489313) * X11) + (0.2004234046 * X3)) ^ 2) - ((-0.2902279198) * X12)) + ((0.1294870824 * X11) + (0.1708551198 * X3)))))) + exp(((2.5036404133 * X9) - 6.1186203957)))))
auto_insurance_losses,OperonRegressor,error,,,,,,,ValueError: Input X contains NaN.,
auto_insurance_price,OperonRegressor,error,,,,,,,ValueError: Input X contains NaN.,
feynman_III_10_19,OperonRegressor,ok,4.0,0.9791357753597444,0.9927666712875076,98.0,100.0,49.5,,((-0.0001616703) + (0.9994855523 * ((((((-0.3965041041) * X3) + (-1.0792118311)) + ((((((-0.1751354486) * X1) ^ 2) + (0.0354693346 * X3)) / ((-4.0677533150) * X2)) + ((((((-400.8720092773) * X1) - (62.5805931091 * X2)) - exp((4.6229066849 * X4))) * ((0.0003640020 * X3) + ((-0.0003308646) * X2))) ^ 2))) * exp(((((-0.7657315135) * X3) + ((-0.1663289815) * X4)) - ((((-1.6176062822) * X4) * (((-0.0064653624) * X3) - ((-0.0258595850) * X2))) + ((-0.3674190938) * X1))))) + ((((((-0.0058665872) * X3) + ((-0.0579275340) * X4)) / ((-4.7672491074) * X2)) + (((-0.1155362278) * X3) + (0.8457858562 * X1))) + exp(((0.3413538933 * X1) - ((-0.2178527564) * X2)))))))
feynman_III_12_43,OperonRegressor,ok,2.0,0.9581776392854108,0.1630101750405403,92.0,92.0,46.4,,((-0.0012175890) + (1.0000003576 * ((((((-33.8165893555) * X2) * (0.1215728819 * X1)) + ((((-10.6935148239) * X2) - 0.3435802460) + ((-10.0469141006) * X1))) - sin((49.0639228821 * X1))) * (((((sin(sin(((-9.7290039062) * X1))) * ((((-33.8585510254) * X2) * ((-0.0001407208) * X1)) + (0.0046732058 * X2))) - (((-33.9594268799) * X2) * (0.0000367875 * X1))) + (0.0024247242 * X2)) + (-0.0629548579)) - ((sin(((-27.1979427338) * X1)) * ((((-0.0027316969) * X2) - 0.0056550764) + ((-0.0028289685) * X1))) * (((sin(((-27.0736255646) * X2)) + ((-0.6083149910) * X2)) - sin((316.6255187988 * X2))) - sin((318.4658813477 * X2))))))))
feynman_III_13_18,OperonRegressor,ok,4.0,0.9882640877414284,69.01380494237443,90.0,90.0,43.8,,(0.0000058126 + (0.9999981523 * ((((exp((exp(((-0.7215417027) * X4)) - ((-0.1218005121) * X3))) * exp(((1.0218739510 * X2) - ((-0.4105941653) * X1)))) - (((-1.3459562063) * X4) + (1.2607755661 * X3))) * (((0.0344156027 - ((-0.3107041121) * X3)) + sin(sin(((-0.3100082278) * X3)))) + ((-0.0069211028) * X2))) - (((((sin(((-0.5270121098) * X3)) - (((-0.0172080845) * X4) - (16.4174480438 * X1))) + 37.7242736816) * sin((((0.0636751652 * X2) - (0.0110832108 * X1)) + ((((-0.0322256722) * X4) + (0.0404469371 * X3)) - (-1.7491074800))))) - (36.7850265503 - (0.4811983109 * X3))) - (16.4314327240 * X1)))))
feynman_III_14_14,OperonRegressor,ok,5.0,0.985014531042353,1.0258564943164434,92.0,92.0,65.8,,(0.0000096401 + (1.0000456572 * (((exp(((((0.4889438152 * X2) + (0.8180950880 * X1)) - exp(((-0.2109462172) + (0.4335085750 * X1)))) - ((0.2781364024 * X4) + ((0.5042199492 * X5) + ((-0.3721825182) * X3))))) - (((-0.0266075041) * X3) + ((-0.0757715330) * X1))) - ((0.0458422936 * X4) - (-0.7802675962))) + exp((((((0.7921954393 * X2) + cos(((-4.3832273483) * X4))) - sin(((0.6757216454 * X2) + ((-1.1156843901) * X1)))) - ((0.3986787498 * X5) + ((-0.4334482253) * X3))) - ((0.0221095718 * X1) + ((((1.8228352070 * X4) - (-4.8679223061)) - cos(((-4.3934922218) * X4))) - cos(((-6.4272007942) * X4)))))))))
feynman_III_15_12,OperonRegressor,ok,3.0,0.8134423085823625,1.9192790778349065,92.0,92.0,50.0,,((-0.0037142285) + (1.0090181828 * (((cos((((-4.6779408455) * X2) + ((-4.0925569534) * X3))) + (sin(sin((((-3.2579152584) * X2) + ((-3.5248224735) * X3)))) * (((-0.2398430556) * X2) + ((-0.7871484160) * X3)))) + (0.4799340665 * X1)) - ((sin((((-4.0916748047) * X2) + ((-4.7771787643) * X3))) * (((1.0386942625 * X2) + 0.4308303893) - ((-0.1694105268) * X1))) - (((-0.1119984314) * X3) + ((sin((((-1.5684627295) * X2) + ((-3.0007839203) * X3))) * (0.4284636974 * X3)) + ((sin((((-5.9316711426) * X2) + ((-2.2646098137) * X3))) * 0.3045354784) - (sin((((-2.1067841053) * X2) + ((-2.6559193134) * X3))) * 0.5019381642))))))))
feynman_III_15_14,OperonRegressor,ok,3.0,0.9915138222826116,0.0014593370374466,94.0,94.0,58.6,,((-0.0000253412) + (1.0000163317 * ((exp(exp((((-0.3811231554) * X3) - (0.2971795201 * X2)))) + ((exp(((-1.2365331650) * X3)) * ((0.0319382064 * X2) + ((sin((32.6826057434 * X2)) + ((-2.0473577976) * X3)) * (((-0.0326914117) * X3) + (0.0414444357 * X1))))) - (((((-0.4656832516) * X3) - (0.3594363034 * X1)) - ((-0.1840233505) * X2)) * exp((((-0.1537654847) * X3) - (0.6431425810 * X2)))))) * (((-0.0794005394) * X2) + (((((((-14.0101737976) * X3) - ((-4.8136081696) * X2)) - sin((5.2660946846 * X1))) - (((-13.4558687210) * X1) + sin(((-39.6431541443) * X2)))) / ((61.9783973694 * X3) - (-205.4582519531))) + (-0.0868748054))))))
feynman_III_15_27,OperonRegressor,ok,3.0,0.8363983551777564,0.95800100648554,88.0,89.0,46.7,,((-0.0000003941) + (1.0002512932 * (exp(((((((-0.8341925740) * X3) - ((-3.3981387615) * X2)) + (-9.2253770828)) + exp((((-1.6721153259) * X2) + (0.1011747792 * X1)))) - cos((3.1514306068 * X3)))) - ((((-0.1426214576) * X2) - (-1.5676881075)) - ((((cos(cos(((-32.3997688293) * X1))) + (7.4132142067 - ((-1.0756034851) * X3))) + cos(cos((10.4864454269 * X2)))) - (((-2.6800639629) * X1) - (((-0.0058576823) * X3) / cos((((-0.6538860202) * X3) - ((-3.7902946472) * X2)))))) * (exp(((((-0.2256027162) * X3) - (0.2229509950 * X2)) - (cos((0.3171417117 * X3)) + (0.0041331695 * X1)))) ^ 2))))))
feynman_III_17_37,OperonRegressor,ok,3.0,0.9933780954562824,0.558396325718393,92.0,92.0,56.8,,(0.0000012930 + (0.9999967217 * ((((sin((((0.0484279543 * X2) + ((-1.3844872713) * X1)) - ((-0.1418705732) * X3))) - cos(exp((0.9718037844 * X1)))) * (((cos(((-0.7744782567) * X3)) + ((-0.3988960385) * X3)) * (((-0.1882721633) * X2) + ((-0.1470060349) * X1))) * ((1.2328095436 * X3) + exp((0.3520394564 * X1))))) + 0.0477010719) - ((((0.1333282143 * X2) + (0.0231428128 * X1)) - (((cos(((-0.8436384201) * X3)) + ((-0.5270064473) * X3)) * (((-0.2428610772) * X2) + (-0.5703074336))) * (cos(((-0.9104421735) * X3)) + (0.7974891067 * X3)))) * (exp((0.7915709615 * X1)) + cos((0.7661736012 * X1)))))))
feynman_III_19_51,OperonRegressor,ok,5.0,0.8922265256265888,0.9923973126504924,96.0,99.0,61.6,,((-0.0000000224) + (0.9999986887 * (((((-0.0046652434) * X2) + ((-0.0041759955) * X5)) - sin((-0.3237661421))) - (exp((((0.8369998336 * X2) + ((-0.8849406838) * X5)) - (((((-0.3910759389) * X1) + (0.9253799915 * X4)) - ((0.4521803558 * X4) ^ 2)) + (0.9215540886 * X3)))) * ((((0.1038976833 * X5) ^ 2) + (0.0021313047 * X5)) - ((((((-3.7033605576) * X3) * (0.0034505604 * X3)) - (0.0071743256 * X3)) + ((-0.0202077795) * X2)) - (((((0.9689434171 * X3) ^ 2) + (3.2996606827 * X4)) * (((0.9844633341 * X2) + ((-1.1164451838) * X5)) * ((0.0003596857 * X2) + ((-0.0017371246) * X5)))) + ((0.0030823548 * X4) - (-0.0325131044)))))))))
feynman_III_21_20,OperonRegressor,ok,4.0,0.9936234372008116,0.7706023438849751,88.0,88.0,72.9,,(0.0000181607 + (0.9999317527 * (((exp(((-0.3558862805) * X1)) - ((exp(exp((((-0.5580049157) * X4) + (0.2432258427 * X3)))) / (exp(((-0.3539123833) * X1)) / (((0.0306927245 * X2) + ((-0.0229651164) * X3)) - (-0.0904621482)))) + (exp((0.4537745714 * X1)) / (exp(exp(((-0.6149134636) * X3))) / (((0.3639966249 * X2) + ((-0.0388067029) * X3)) - ((0.1843000203 * X4) - 1.1999578476)))))) + (-0.1106935367)) - (((-0.4155225456) * X1) + ((exp((((-0.0000914261) * X2) + (2.7084252834 * X1))) - exp((2.7084567547 * X1))) * exp(exp((((-0.1142480746) * X4) + (0.9319165349 * X3)))))))))
feynman_III_4_32,OperonRegressor,ok,4.0,0.9917257094150632,0.6363486820244605,84.0,84.0,62.8,,((-0.0000106180) + (0.9999878407 * (((((((0.1061411500 * X3) - 0.0401135534) / cos(exp(((-0.2695127726) * X2)))) + (exp((((-0.9207891822) * X1) + ((-1.4104092121) * X2))) + ((-0.8237703443) * X3))) - exp((exp(exp(((-0.2032754272) * X2))) - (0.5398690104 * X1)))) * (((((0.0000520523 * X1) + ((-0.0000432780) * X4)) / cos(exp(((-0.6330317259) * X2)))) + 0.0026928093) - ((((-0.0050764144) * X3) - 0.0135415718) * ((((0.1128198057 * X1) + ((-1.4348379374) * X4)) + (((-0.1091380343) * X3) - 3.5354938507)) / cos(((0.3524947166 * X1) - (-0.2222301960))))))) - 0.9738959670)))
feynman_III_4_33,OperonRegressor,ok,4.0,0.9931871838107172,0.3766061094260122,90.0,90.0,75.0,,((-0.0000144510) + (1.0000180006 * (((sin(((((0.1676728874 * X2) + ((-0.1856483817) * X3)) + (-0.2464026213)) + ((-0.4350416958) * X1))) + (sin(((-0.2621678114) - (0.3996921778 * X3))) * ((-0.8252313137) * X4))) - (((0.1975467056 * X2) + (-0.2223794013)) - (((((-1.2468653917) * X2) + (((-0.7200115919) * X4) + (-2.2117366791))) + (exp((0.8796050549 * X2)) + ((-0.2807304263) * X3))) * ((exp((2.2296772003 * X2)) + (((-6.6927499771) * X2) + (1.7869610786 * X1))) * (0.0052749813 - ((-0.0130746085) * X3)))))) - ((((-1.0403537750) * X3) + ((-0.3492906392) * X1)) - sin((((-0.1786662638) * X3) + (0.5065180659 * X4)))))))
feynman_III_7_38,OperonRegressor,ok,3.0,0.9909741381818876,3.56225403175977,90.0,90.0,66.0,,((-0.0000030801) + (1.0000036955 * ((((((-0.0981018171) * X3) + (0.0469100624 * X2)) - 0.5549827218) + ((exp((((((-1.8886289597) * X3) + (1.3290278912 * X2)) - ((-0.3507563472) * X1)) - 4.2572698593)) - (((0.1036664322 + (0.2541652024 * X2)) * ((0.1906020790 * X2) - exp((0.4598292410 * X1)))) + ((-0.3127008080) * X1))) / exp((0.3361714482 * X3)))) + exp(((((-1.2090489864) * X3) - (1.7008614540 - (0.0961756930 * X1))) - (exp((((((-3.6277585030) * X3) - ((-10.5889244080) * X2)) - (11.9662780762 * X3)) - 30.2604312897)) + (((0.0013901071 * X3) * ((-0.0719159693) * X3)) / (0.2658126056 * X1))))))))
feynman_III_8_54,OperonRegressor,ok,3.0,-0.2862136604411116,0.372506619838591,81.0,83.0,51.8,,((-0.4948705137) + (1.0348612070 * (((cos((3.0165860653 * X2)) * ((((-2.0719583035) * X1) - (5.3911347389 * X3)) * cos(cos((2.2091326714 * X3))))) * (((0.2014238536 * X1) - 0.1059456319) * cos(((2.2204332352 * X3) * (-0.5794674158))))) + ((cos(cos((0.7522946000 * X2))) + (cos(((2.5522518158 * X3) * (-1.1459439993))) * (cos((0.7782611847 * X1)) * (cos((3.0165860653 * X2)) ^ 2)))) * cos(((0.7577812076 * X2) * (((0.7782611847 * X1) - (1.3159478903 * X3)) * (((0.4060034454 * X2) * ((-1.6497985125) * X2)) ^ 2))))))))
feynman_III_9_52,OperonRegressor,ok,6.0,0.9315451184209524,4.191756417817205,92.0,94.0,62.8,,((-0.0037507671) + (1.0000284910 * (((((exp(((-0.4206304848) * X5)) + (0.6683335900 * X6)) * (exp(((-0.2353488803) * X4)) - (((((-1.6263674498) * X5) + ((-0.2164771855) * X4)) + 1.4105361700) + (0.9274402261 * X6)))) + ((((0.1194064915 * X2) + (0.3567511439 * X6)) * (3.1133089066 + sin(((-1.2113530636) * X5)))) + ((0.3707863688 * X1) + (((-1.8322461843) * X5) + (0.1068032682 * X3))))) + exp(((-0.2945976555) * X4))) * ((((((-0.0892582238) * X3) - (exp(((-0.0606586188) * X4)) + ((((-0.3738491535) * X5) + (0.7659821510 * X6)) * ((0.1916087568 * X5) + ((-0.1220382079) * X6))))) ^ 2) ^ 2) + 0.1744821668))))
feynman_II_10_9,OperonRegressor,ok,3.0,0.948457235955362,0.0458480366266123,94.0,94.0,71.2,,(0.0002667458 + (1.0005197525 * ((((exp(((((-0.9060726762) * X3) - ((0.5520894527 * X1) + (0.5565502048 * X2))) - exp((((-0.6473066211) * X1) + ((-0.1277896613) * X3))))) + ((-0.0224321652) * X3)) - (((-0.0018360721) * X2) / (((-0.5729717612) * X1) + (0.1368370503 * X2)))) + exp(exp(((((-0.3769490123) * X3) - (((-1.0719062090) * X1) + (1.3394020796 * X2))) - exp(exp((((-0.0725536272) * X3) + ((-0.8567184806) * X2)))))))) - ((1.7866456509 + exp(((0.6182795763 * X1) - (0.5421781540 * X2)))) - (exp(((0.5637669563 * X1) + ((-0.8323705792) * X2))) + (sin((0.3035299182 * X1)) + (0.0423002690 * X2)))))))
feynman_II_11_20,OperonRegressor,ok,5.0,0.9885363030840928,0.7585856612842244,94.0,94.0,63.7,,((-0.0000003219) + (0.9999998808 * (((exp(((exp(((-0.6309112310) * X4)) - (((-0.8733531833) * X3) - ((-0.4910964668) * X4))) + ((0.2843596339 * X2) - exp(((-0.4324465692) * X1))))) * ((((4.8857040405 * X2) + (((-0.5368443131) * X5) - (-9.2505683899))) * ((exp(((-0.5008927584) * X4)) + (1.2712776661 * X4)) / ((((-9.2737207413) * X5) - 21.5170650482) - (((-1.3131340742) * X3) - (0.4635390341 * X4))))) * (((((-0.0893884748) * X5) - exp(((-0.1498374790) * X4))) - ((-0.0443528146) * X2)) - (((-0.4005944729) * X3) - ((-0.1304070204) * X4))))) - (((-0.0101221614) * X1) / ((-5.2837948799) * X2))) + (((-0.0212632995) * X3) - 0.7036003470))))
feynman_II_11_27,OperonRegressor,ok,4.0,0.9936739832825624,0.0317874644588902,92.0,93.0,60.5,,(0.0000014921 + (1.0000087023 * ((((((-0.0109279174) + ((-0.0139430258) * X1)) / (((-5.4610009193) * X4) - ((-0.5247387886) * X2))) + (-0.7850377560)) + (0.0531650521 * X3)) - (exp(((exp(((0.0869939551 * X4) + (0.1257237047 * X1))) * ((0.5570003390 * X2) + (0.1718350053 * X4))) - ((0.6248342395 * X2) + ((-0.1722617745) * X3)))) * ((((((-0.0002045784) * X4) + ((-0.0002363899) * X3)) / (((-2.4386212826) * X2) - ((0.2575591505 * X1) ^ 2))) - ((((0.0149445571 * X2) + (0.0005517303 * X1)) + 0.0245480482) * (((1.9734426737 * X2) + (22.6522846222 * X1)) + 33.6801147461))) + (((-0.0369851477) * X4) + 0.1323052645))))))
feynman_II_11_28,OperonRegressor,ok,2.0,0.956864975913002,0.0607170263389302,90.0,90.0,71.2,,((-0.0000043081) + (0.9999768138 * ((((0.0442943573 * X2) / (45.5151634216 * X1)) - (((((-0.0009422859) * X1) / (0.9995888472 + ((-0.6884500980) * X1))) - (((((-0.0076759271) * X2) + (-0.0349567346)) / (1.9430347681 + ((-1.2275403738) * X1))) + ((((-1.8555424213) * X2) + (15.1532430649 * X1)) * (0.0214508865 * X2)))) + (((-0.0039541540) * X1) / (0.9943773150 + ((-0.7009009123) * X1))))) + (((((((-0.0089428136) * X2) + ((-0.1750064790) * X1)) / (0.3005248606 + ((-2.1931343079) * X1))) - ((-0.5061703920) * X2)) + exp((((-59.6219062805) + (10.6520881653 * X1)) + (30.2131118774 * X2)))) - (0.0681442395 + ((-0.5611472726) * X1))))))
feynman_II_11_3,OperonRegressor,ok,5.0,0.984486938819506,0.0156036456122449,94.0,95.0,55.7,,((-0.0000000087) + (0.9999688864 * (exp(((((((-0.1085136533) + (0.0635983720 * X1)) + (((1.3561632633 * X5) * ((-0.0775552392) * X5)) ^ 2)) - ((-0.5553233624) * X2)) - (0.6848196983 * X3)) - ((-0.2670716047) * X5))) + (exp((((((0.1776598096 * X5) + ((-0.3921367228) * X3)) - (((-0.3747120202) * X2) + ((-0.8964275122) * X1))) - ((0.9648282528 * X4) - (-0.3213459551))) - exp((0.4866977334 * X1)))) - ((exp((((0.5589818954 * X2) + ((-0.5580663681) * X3)) - ((-0.2807771266) * X5))) - ((-0.4499650896) + (0.1180462241 * X1))) - (((-0.0987460464) * X4) - ((((-0.0666459277) * X5) + (0.0713792145 * X3)) - (0.2085136175 * X2))))))))
feynman_II_13_17,OperonRegressor,ok,4.0,0.9646116676132392,0.0053323467410933,92.0,92.0,58.3,,((-0.0000020520) + (0.9999927282 * ((exp(exp((((((-0.8305799961) * X4) - (0.5525478125 * X2)) + (0.5308992863 * X3)) - (6.5022830963 - ((-2.8692257404) * X1))))) - (2.5122005939 - (0.1158977002 * X4))) + ((((((0.1536767930 * X4) + ((0.2380467057 * X2) + (0.2513601482 * X1))) + exp((((-0.5761224627) * X2) + (0.2775025070 * X1)))) * ((((-0.0090884436) * X2) - (-0.0160398725)) - ((0.0055531012 * X1) + ((-0.0125956181) * X3)))) * exp((exp((((-0.3840585649) * X2) + (0.4122350514 * X1))) + (((-1.3808152676) * X1) + exp(((-0.5608828068) * X4)))))) + (exp(((-0.1797260344) * X4)) + ((-0.0178364459) * X2))))))
feynman_II_13_23,OperonRegressor,ok,3.0,0.8818381550783241,0.3613615824433946,88.0,89.0,51.6,,(0.0000005570 + (1.0000002384 * (((exp(((((((-0.4800870717) * X3) ^ 2) + (-1.9528264999)) + (0.9321304560 * X2)) - (((-2.1020743847) * X1) + cos(cos((4.1545214653 * X3)))))) + ((0.8907426000 * X1) + (((-0.0608311258) * X3) + (-0.0377815627)))) + ((((-7.8384909630) + ((4.2078466415 * X1) + (0.3931178451 * X2))) * (exp((((4.0254740715 * X1) + (1.1673872471 * X2)) + cos((3.7886838913 * X3)))) * (((0.0024488559 * X1) + (((-0.0000612963) * X3) + (0.0007753430 * X2))) + (-0.0033311164)))) + (0.0687820688 * X2))) - exp((((-1.9430736303) + (1.6787743568 * X1)) + (0.8113200068 * X2))))))
feynman_II_13_34,OperonRegressor,ok,3.0,0.5912523348783016,1.278747302075704,94.0,94.0,63.8,,((-0.0000025449) + (1.0000574589 * ((cos(cos(((((-0.1393816471) * X2) - ((-0.7448247075) * X1)) - (((-0.1437387019) * X3) - (-3.0385413170))))) - ((-0.7795574665) * X1)) - ((((((0.2536326349 * X2) - ((-1.7967791557) * X1)) - (0.2441923320 * X3)) - ((((0.0097572468 * X2) - ((0.0053053852 * X3) - (-0.0232431702))) - (0.0054807197 * X1)) / cos(((((-0.4853688478) * X2) - ((-0.8887090087) * X1)) - (((-0.2249834687) * X3) - (-2.8622760773)))))) * ((((-3.5960206985) * X3) * ((-0.0082983943) * X2)) - (((-0.0821853578) * X3) + ((0.1320483834 * X2) - (0.1010095254 * X1))))) - ((0.4910883904 * X2) - ((0.0905010179 * X3) - (-0.5995504260)))))))
feynman_II_15_4,OperonRegressor,ok,3.0,0.9826833175430518,0.7408621866671805,86.0,86.0,51.5,,(0.0000004172 + (0.9999998808 * (((0.0039450787 * X2) + (-0.6318786144)) + ((cos((1.2513798475 * X3)) + (0.1537320316 * X3)) * (((cos(((-2.4514079094) * X2)) - (cos(((19.0815734863 * X3) + 0.4930343628)) - ((3.0946507454 * X3) + 18.3173198700))) * (((((-0.1637858301) * X3) + 2.5106573105) + (0.4829455316 * X1)) - sin(((-0.5783976912) * X1)))) / ((sin(((-8.7121400833) * X1)) + (((-8.2365293503) * X2) + cos(((-36.8480987549) * X3)))) - ((cos(((-32.7114410400) * X3)) - (((-0.6594281793) * X1) + exp(((-2.1118671894) * X2)))) - (exp((1.0280427933 * X2)) + 24.5515022278))))))))
feynman_II_15_5,OperonRegressor,ok,3.0,0.9838148672147228,0.7161607561138267,88.0,88.0,68.6,,(0.0000004486 + (1.0000003576 * ((((((((0.0131341070 * X1) / (2.7148742676 * X3)) * (78.9734268188 + (74.6021804810 * X2))) - 35.7943725586) - cos((127.8625946045 * X1))) + (((-1.1439999342) * X3) - (cos(((-1.1898372173) * X3)) * ((-85.0211181641) + ((-34.8858795166) * X2))))) * (0.0213113278 - ((-0.0080984412) * X1))) + ((0.2709409893 * X1) + (((-7.4483270645) - (5.0832629204 * X1)) * (((0.0044124993 + (0.0027142991 * X2)) - (0.0019992413 * X3)) * ((cos((11.2122087479 * X3)) - (cos((4.8055863380 * X3)) + ((-1.0489491224) * X3))) - (cos((6.6254034042 * X3)) + (0.3115241230 * X2)))))))))
feynman_II_21_32,OperonRegressor,ok,5.0,0.9785087286072884,0.0053584523399127,90.0,91.0,51.0,,(0.0002824208 + (1.0000967979 * ((exp(((-0.8254206777) * X2)) + 1.0526037216) * (((exp((exp(((0.3601226211 * X5) + ((-0.0745261833) * X2))) + ((-3.4371802807) - (1.1574672461 * X3)))) * exp(((0.4720497131 * X1) + ((-0.4342879057) * X5)))) - (((((-0.0914620832) * X1) + (0.0171836838 * X5)) + (0.2066090256 * X2)) + (0.3027042449 - ((-0.0295321178) * X3)))) + (exp((((((-1.7633007765) * X1) + ((0.0556161255 * X2) - (0.4037963450 * X3))) + (1.2931286097 * X4)) + exp(((0.1787250936 * X1) + ((-0.8024626374) * X5))))) * (((0.0650974661 + (0.0418081917 * X1)) + ((-0.0043179723) * X2)) ^ 2))))))
feynman_II_24_17,OperonRegressor,ok,3.0,0.9254594995985924,0.2646995517587374,84.0,84.0,48.3,,(0.1620403826 + (1.0073040724 * (((exp((((-1.5623230934) - (1.2526051998 * X2)) - ((-0.1395530552) * X1))) - sin((((-0.2783021033) - ((-0.3992606699) * X1)) - sin(((-32.6519508362) * X2))))) + (((1.3644055128 - ((-1.0133991241) * X1)) - sin(((-34.5521392822) * X2))) + sin(((-34.3829612732) * X2)))) + (((2.5668077469 - ((-0.4012811780) * X2)) + sin(((-32.8697547913) * X2))) * ((cos((0.7233399153 - (35.0396423340 * X1))) * ((0.0506121591 - (0.0369725227 * X2)) - ((-0.0499986149) * X1))) - (0.8180521727 - ((0.0509708077 * X3) - ((0.0361467563 * X2) - ((-0.1442685872) * X1)))))))))
feynman_II_27_16,OperonRegressor,ok,3.0,0.9846531994680006,10.450722710833396,86.0,86.0,78.1,,(0.0000025582 + (1.0000081062 * (exp((2.6481556892 + (((0.3278731406 * X2) + (0.1539027691 * X3)) - exp(((((-0.0526412576) * X2) + (-0.1156722009)) - ((0.0590040125 * X3) - ((-0.3004369140) * X1))))))) - ((((((0.4648958147 * X3) - ((-0.8581285477) * X1)) - (-4.3013377190)) * exp((0.4280646443 * X2))) - (((-1.6041718721) + (0.0002608635 / ((-0.2247423083) * X1))) - ((0.0916451961 * X3) - ((-0.2887968421) * X1)))) - exp((((-19.7909870148) + (((-0.1719470620) * X1) / (0.1684129536 * X2))) + (((5.0762090683 * X2) + (9.4517955780 * X3)) - exp((((-12.6879129410) * X1) + 8.3439598083)))))))))
feynman_II_27_18,OperonRegressor,ok,2.0,0.9818335182816238,2.953433987623879,90.0,91.0,51.7,,((-0.0007004669) + (1.0010277033 * ((((cos((6.1960649490 * X2)) + (0.0021572416 * X2)) / cos((6.1940717697 * X2))) + ((((0.0561016575 * X1) + (0.4158851504 * X2)) ^ 2) + (0.2089519501 * X1))) + (((-1.1847889423) - ((-0.8569304943) * X2)) + ((((((-0.0005154008) * X1) + (-0.0001770073)) / (cos((0.0661267489 - (2.3478627205 * X2))) + (0.5889211297 * X2))) + ((((0.0745112821 * X1) + (0.5680159330 * X2)) * (0.1290791482 * X1)) + (0.0637951568 * X1))) * (((((-4.8698740005) * X2) * (0.0606969185 * X1)) - cos((1.0055972338 - ((-5.0022950172) * X2)))) - ((-2.8530457020) - (0.8023831844 * X2))))))))
feynman_II_2_42,OperonRegressor,ok,5.0,0.9907119859275572,0.8271870903740856,92.0,92.0,54.5,,((-0.0001979449) + ((((((0.0158173367 * X5) + (0.0446305536 * X1)) - (((((-0.0004565321) * X2) - (0.0002983173 * X4)) + ((((-0.0400599167) * X3) + (0.0386978462 * X2)) * exp(((-0.4022888541) * X5)))) * (sin(exp((1.4849234819 * X1))) - ((-41.6334953308) * X5)))) - 0.0379678383) - (((((8.8853511810 * X3) + ((-8.4166917801) * X2)) * exp(((-0.3763355315) * X5))) * ((0.1794581860 * X5) + ((-0.0215411484) * X4))) - ((((((-0.0160979256) * X5) + (0.0120052956 * X4)) - sin(((-0.1698691547) * X3))) + ((-0.1649005711) * X2)) * exp(exp(((-0.5107325315) * X5)))))) / sqrt(exp(((-0.8259318471) * X1)))))
feynman_II_34_11,OperonRegressor,ok,4.0,0.9932462044145391,0.504638834092868,94.0,94.0,54.3,,((-0.0001615176) + (0.9999147058 * ((((exp((((((-0.1529729664) * X2) + ((-0.5574695468) * X4)) - ((-1.6335289478) * X1)) + (exp(((-0.7669048309) * X4)) - ((-0.5927579403) * X3)))) * (((0.0011135921 * X2) + (0.0011966261 * X4)) + (0.0057680216 - (((-0.0005065360) * X3) - ((-0.0022454979) * X1))))) - (((((((-0.5857105851) * X4) - 3.6493864059) - ((-0.4134417772) * X1)) * (exp(((-0.0694395080) * X4)) - ((-0.1604210287) * X3))) + ((0.8095347881 * X3) - (-4.8031344414))) * (exp((((-0.4708619714) * X3) - ((-0.1263332069) * X2))) + (((-0.4317947924) * X2) + (0.3501815200 * X4))))) + exp(((-0.2600913644) * X4))) + (0.7973358631 * X1))))
feynman_II_34_2,OperonRegressor,ok,3.0,0.9826615694831096,1.6684422994827863,91.0,91.0,52.4,,((-0.0000001816) + (0.9999997020 * ((((-0.1247005835) * X3) - 0.0544400364) + ((((cos(((4.5585031509 * X2) + ((-0.2733582556) * X1))) * (((((-4.6317739487) * X3) * (2.6449787617 * X3)) - ((-9.4846534729) * X2)) * (((0.0000403572 * X1) + (0.0000390810 * X3)) * ((1.2133777142 * X3) - (-2.7854378223))))) + (((0.0106454035 * X1) + ((-0.0016988883) * X3)) + 0.0347585604)) * ((((((-0.1074805185) * X1) + ((-1.3452887535) * X3)) * (((-4.6732983589) * X2) + (((-0.6952133775) * X3) - 13.3900403976))) - ((-15.3793697357) * X2)) - cos(((5.2626028061 * X2) * (-4.9808688164))))) + (((-0.0639574602) * X2) + (0.3983674645 * X1))))))
feynman_II_34_29a,OperonRegressor,ok,3.0,0.7066089267931259,0.1396701542721558,94.0,95.0,50.2,,((-0.0007858003) + (1.0001138449 * (exp(((((0.3410881758 * X2) + ((-0.3228659928) * X3)) + ((((0.7717702389 * X2) + ((-0.6939356327) * X3)) - cos(((-4.7827472687) * X2))) * ((exp((0.0557877161 * X1)) - 0.9328532219) + ((-0.0386027731) * X3)))) - ((-0.4584125280) * X1))) * ((((0.7015943527 * X2) - (((exp(((-0.6271624565) * X1)) - 0.8321777582) + (0.6401183605 * X3)) - ((((-0.0279409401) * X2) - (0.0303090829 * X1)) * (cos(((-6.6028594971) * X2)) - (((-8.1798639297) * X2) + (8.0790653229 * X3)))))) + ((((-0.0063321316) * X1) + (0.0742940828 * X3)) * cos(((-19.1645011902) * X3)))) - (((-0.2518705428) * X1) ^ 2)))))
feynman_II_34_29b,OperonRegressor,ok,5.0,0.9907867180979074,15.031694972932604,88.0,88.0,54.3,,(0.0324257687 + (1.0013768673 * (exp(((((((-0.6671167016) * X4) * (0.1246319413 * X4)) - (((-0.4137564600) * X4) - cos((3.0921411514 * X2)))) + ((((0.2940672040 * X1) - ((-0.4474987090) * X3)) - (log(4.0965800285) + exp(((-0.4232185185) * X5)))) + (0.0446331650 * X5))) - (exp(((((-1.9518398046) * X1) + ((0.1814130396 * X2) + ((-0.3745445013) * X3))) - 2.8116416931)) - ((cos((0.4472520351 * X3)) - (0.5048674345 * X2)) - (cos((2.9355015755 * X2)) - cos((0.2668488324 * X2))))))) - cos(((exp(((-0.0457256734) * X5)) - log(5.6801447868)) - (0.0779500231 * X4))))))
feynman_II_34_2a,OperonRegressor,ok,3.0,0.925111472382555,0.1423673245038372,90.0,90.0,55.4,,(0.0000765473 + (0.9992609620 * (((((-0.0516704023) * X3) - ((-0.0585103966) * X2)) - exp(((-0.0410090648) * X1))) + ((sin((exp(((0.4213376343 * X2) + ((-0.0536542013) * X1))) + cos((cos((6.6061425209 * X3)) + (-7.0248179436))))) + ((exp(((0.6123098135 * X2) + ((-0.2176215500) * X1))) - (((-4.0137472153) - ((-0.9546803832) * X2)) - (0.1113514975 * X1))) - ((-3.2421319485) * X3))) * exp(((exp(((-1.0897516012) * X3)) - exp(((-0.8364207149) * X3))) + (((((-0.0440889299) * X1) - (0.7488350868 * X3)) - exp(((-0.5523310304) * X1))) - exp((((-0.5733088851) * X2) + ((-0.0177496690) * X1))))))))))
feynman_II_35_18,OperonRegressor,ok,5.0,0.9779360517342705,0.0492961852767802,92.0,93.0,56.1,,(0.0000840927 + (0.9998168349 * (((0.3291568458 * X2) - (((((4.4520502090 * X2) + (3.7018280029 * X5)) + ((0.8492814302 * X3) + 18.2184753418)) / (0.5833493471 + exp((((-0.5106978416) * X1) + ((-0.0497026220) * X4))))) + (((-0.2409587055) * X5) + ((-0.2032844424) * X4)))) + (((((0.0901180059 * X3) + ((-0.0901042521) * X4)) ^ 2) * (-4.0046014786)) - (((((-22.1923656464) - exp((((-0.5674318671) * X4) - (0.3545917571 * X2)))) - (1.2547675371 * X1)) - (((7.3213834763 * X2) + (2.6785302162 * X5)) - ((-1.9945399761) * X3))) / (exp(((-0.0610661916) * X5)) + exp(((0.0836430714 * X2) + ((-0.6317249537) * X1)))))))))
feynman_II_35_21,OperonRegressor,ok,5.0,0.9748948186848828,0.8127434118469247,94.0,94.0,70.3,,((-0.0000002694) + (0.9999998212 * ((((0.0403862596 * X3) + ((-0.0833534896) * X5)) + (-1.1595221758)) + (((exp((0.3660732508 * X1)) * (((0.4862685800 * X2) + ((-0.1719690114) * X5)) - (0.1576926559 * X1))) + ((((((-2.0319323540) * X4) * exp(((-0.2550602853) * X3))) + ((((-0.8343288302) * X2) + ((-2.0920724869) * X1)) - exp(((-1.0571335554) * X3)))) * (((((-0.0374951288) * X3) + 0.1089570969) - ((0.0415280648 * X2) + ((-0.0469949171) * X5))) - ((-0.0265201554) * X1))) - ((-2.2472572327) + (((-0.1749372035) * X3) + ((-0.9819756150) * X1))))) * ((cos(exp(((-0.2708038092) * X2))) - (0.0622543134 * X4)) - ((-0.1004679501) * X1))))))
feynman_II_36_38,OperonRegressor,ok,8.0,0.9079524779891156,0.3341063812771787,94.0,94.0,55.0,,(0.0000406550 + (1.0016623735 * (exp((((((((-0.6176536083) + ((-0.7416138649) * X7)) + ((-0.4325009286) * X6)) + (0.3963835835 * X2)) - exp(((-0.6777159572) * X8))) + ((0.4536281526 * X1) - (0.4255028665 * X3))) - (sin(((0.1954430491 + ((-0.2130073011) * X7)) - (((-1.2663673162) * X8) + ((0.3025147915 * X1) - ((-0.5451105237) * X6))))) - ((0.2792305052 * X5) + ((-0.7896651030) * X4))))) - (sin((((0.2502896190 * X4) + (((-0.4946348071) * X1) - ((-0.1578641981) * X3))) - (0.1344471276 * X2))) - (((((-0.2914620042) * X3) + (-0.4317952096)) - ((-0.0907038748) * X2)) * exp(((0.4505153596 * X1) - (0.4769639969 * X3))))))))
feynman_II_37_1,OperonRegressor,ok,3.0,0.965364253279954,4.99819898873732,93.0,96.0,53.4,,(0.0000030803 + (1.0000425577 * (((((((0.2072563469 * X1) + 0.6442497969) + (((-0.0000420105) * X2) / ((((-0.5201298594) * X3) - ((-0.5090982914) * X2)) ^ 2))) + (((-0.0180802364) * X1) / ((5.1064610481 * X1) + (-7.1586546898)))) + (((((-0.1660923511) * X2) ^ 2) - ((-0.0491518565) * X3)) - ((-0.1092425808) * X2))) * (exp(((((-21.5754680634) * X3) * ((-0.0207418278) * X1)) - ((((-0.3081031740) * X3) - ((-0.4417741895) * X2)) ^ 2))) - ((-0.9738587737) * X2))) + ((-0.6185900569) + ((((-0.1520251930) * X2) - (((-0.0008393680) * X2) / (((-0.4722742140) * X1) + (0.1796711385 * X3)))) - (((-0.4689447284) * X1) + ((-0.3437124193) * X3)))))))
feynman_II_38_14,OperonRegressor,ok,2.0,-4.318145627777118,0.4756094628561946,90.0,90.0,59.9,,((-0.0007172318) + (0.9999949932 * (((((cos((1.8606156111 + ((-0.9634807706) * X2))) - ((0.6189976931 * X2) + (0.1447014809 * X1))) + exp((cos(((-2.4105763435) * X1)) + ((-0.7312951088) * X2)))) * (((exp(((2.6844658852 * X2) - ((-6.7279133797) * X1))) * (((-2.0776507854) * X2) + (4.8646674156 + ((-1.4361227751) * X1)))) * (((-0.0077447919) * X1) + ((-0.0091938004) * X2))) - ((((-4.7735362053) * X1) + (1.5092765093 * X2)) - (-2.4635801315)))) + (exp((((-0.7685030699) * X1) + ((-1.5492883921) * X2))) - ((-26.8552799225) + (3.8372700214 * X2)))) * (((0.0226259772 * X1) + ((-0.0211589802) * X2)) - 0.0078785168))))
feynman_II_38_3,OperonRegressor,ok,4.0,0.9798526338150702,1.2290783790067004,94.0,94.0,64.2,,(0.0000123995 + (1.0000082254 * ((((((-0.0197896678) * X3) + (0.0166459344 * X4)) * exp((((0.5882057548 * X1) + ((-1.8991504908) * X3)) - ((-0.2879262567) * X2)))) + ((((-0.0010542828) * X3) / (0.0775090158 * X4)) - 1.1596971750)) + (((cos(((-1.0582753420) * X4)) + (0.9355672598 * X3)) - (((((-0.0105047813) * X3) / (0.0247848406 * X4)) + (exp((0.6096630096 * X4)) + (-14.9188861847))) + (((-5.1016964912) * X2) + exp(((0.3556099534 * X2) + ((-1.1538512707) * X1)))))) * exp((((((0.2777266502 * X1) + ((-0.4316670597) * X3)) - 2.6656246185) - ((-0.4137530327) * X4)) + ((0.0001351076 * X3) / ((-2.0918929577) * X2))))))))
feynman_II_3_24,OperonRegressor,ok,2.0,0.1152168409766335,0.0465839427136027,83.0,83.0,87.2,,((-0.0000225845) + (0.9997494817 * (((((0.3634240925 - (((-0.1702950448) * X2) - ((-0.0550000556) * X1))) * exp(((((-27.5758247375) * X2) - (24.7323112488 * X2)) - (((-34.4635581970) * X1) + 126.1724243164)))) - ((0.0387693718 * X1) + 0.5091132522)) + exp(((((-7.3295321465) * X2) - (2.9964680672 * X1)) - exp((((-0.9754889607) * X1) + 1.8661915064))))) + (((0.0446172282 - ((0.1322357208 * X2) - (0.1019633114 * X1))) - exp(((((-6.0403504372) * X2) - (3.1261827946 * X1)) - exp((((-0.9260182381) * X1) + 1.9248665571))))) * (1.0603801012 + exp(((-1.4917327166) * X2)))))))
feynman_II_4_23,OperonRegressor,ok,3.0,0.9445712333964448,0.0117591271941211,92.0,92.0,60.6,,((-0.0003604767) + (0.9996531606 * (((exp((((-1.0562757254) * X2) + (((-1.2462431192) + (0.4071973860 * X1)) + ((-0.3808428347) * X3)))) + ((-0.0740650743) * X3)) - (((((-0.0072232746) * X2) / ((0.2503237128 * X1) + ((-2.6869254112) * X3))) + 0.8176336288) + ((((-0.0065279915) * X2) / ((0.5056996942 * X3) + (2.3657264709 * X1))) + ((-0.1651882678) * X1)))) + exp(((((exp((0.2717485130 * X2)) * ((0.1995657682 * X1) + ((-1.1379357576) * X3))) + ((-0.6886502504) * X2)) - (2.0095126629 + exp(((-6.9722023010) + ((-5.1740813255) * X1))))) + ((0.0118436767 * X1) / ((0.5913150907 * X3) + exp((0.3412681818 * X2)))))))))
feynman_II_6_11,OperonRegressor,ok,4.0,0.995289850777029,0.0013618889347783,94.0,94.0,56.6,,((-0.0000097598) + (0.9999727011 * (((((exp(((0.3457179964 * X3) - exp((0.1361293048 * X1)))) - (0.0837423205 * X2)) + ((exp((((-0.1707923710) * X3) - ((-0.0763238668) * X2))) - 1.2290866375) + (0.0819298029 * X1))) + (((((-0.0051137698) * X1) + (((-0.0536945686) * X3) - (0.0025958847 * X2))) + (0.0143215219 * X4)) / exp(((1.4167451859 * X4) - (0.3630032241 * X2))))) * exp(exp(((-0.2731388509) * X1)))) - (exp(((((-0.8077368140) * X4) - ((-0.2128051668) * X2)) + ((1.2104326487 * X3) - (0.6333284378 * X1)))) * (((0.0606395043 * X4) - (0.0046539041 * X2)) + (((-0.0929140225) * X3) - (-0.2456718832)))))))
feynman_II_6_15a,OperonRegressor,ok,6.0,0.9896311659061524,0.0363693829389558,92.0,93.0,66.5,,((-0.0005130867) + (0.9988666773 * ((((((((-0.3160231411) * X2) + (-9.9710149765)) * (((-0.0426358730) * X2) + (0.0839849114 * X3))) - ((exp(((-0.4015510380) * X3)) - ((-0.0198755488) * X1)) - (1.5901359320 - ((0.1767583638 * X6) + (0.3977305293 * X2))))) + ((((0.0016423542 * X4) + ((-0.0016802386) * X3)) + ((((0.0001784203 * X2) + (-0.0009246687)) * (((-4.0740242004) * X2) + (-8.3501529694))) + (0.0008916255 * X5))) * ((((((-1.3287372589) * X6) + ((-0.6577767730) * X5)) - (0.1604363173 * X4)) - (exp(((-1.2912423611) * X3)) - (1.3422638178 * X1))) ^ 2))) - exp(((-0.1821739972) * X6))) * exp(((-0.6549489498) * X3)))))
feynman_II_6_15b,OperonRegressor,ok,4.0,0.9817676662415432,0.0045751163105678,90.0,90.0,53.7,,(0.0000226971 + (1.0000016689 * (((((0.3628634810 * X3) - (0.0381031483 * X1)) + sin((-2.1073620319))) * (((-0.2371212840) + (0.0273132659 * X4)) - exp(((-7.3078880310) + (4.4506268501 * X3))))) - ((((0.8739151359 + (1.1767970324 * X3)) * (exp(((-1.2503802776) * X3)) + (0.0119369589 * X4))) - (((-0.0563798547) * X4) + ((-0.0652907863) * X1))) * (exp((((exp(((-0.2417400777) * X2)) - ((-0.2373253852) * X3)) + (((-1.1074740887) * X4) + ((-0.4181045890) * X1))) + ((((0.5651454329 * X4) * (0.2022070736 * X4)) - exp(((-0.5060628653) * X2))) - exp(((-0.6570480466) * X3))))) - ((-0.0104929898) * X2))))))
feynman_II_8_31,OperonRegressor,ok,2.0,0.9864970583085524,1.4347344562567372,84.0,85.0,52.3,,((-0.0000000270) + (0.9999854565 * ((((exp(exp((0.1754092276 * X1))) + (exp((((1.5343301296 * X1) + (0.9987505674 * X2)) - exp((0.6851596236 * X1)))) - sin(sin((0.8382948041 * X1))))) - (3.2094957829 + sin((((-0.4396810830) * X1) - (0.4066582322 * X2))))) - (sin(((-19.4030914307) * X2)) * (0.0413985774 - ((-0.0500764400) * X2)))) - ((((-0.5252842903) + exp((0.2747519612 * X1))) - (exp((((1.5237673521 * X1) + (0.7920406461 * X2)) - exp((0.8242139220 * X1)))) - (sin(((-21.7099723816) * X1)) * ((-0.1155389845) - (0.0809559673 * X2))))) ^ 2))))
feynman_II_8_7,OperonRegressor,ok,3.0,0.9811249048281584,0.0086965903816675,89.0,89.0,52.7,,(0.0000000203 + (0.9999998808 * (((exp(((((-0.3288981915) * X1) + ((-1.4547038078) * X2)) + (cos(((1.7921352386 * X1) + (-1.3309749365))) + exp(((-1.1454299688) * X3))))) * (((0.0003045500 * X1) + (0.0008198682 * X3)) + 0.0017327917)) + exp(((0.0774805993 * X1) + ((-0.2034389079) * X3)))) - (((exp((((-0.2059320211) * X3) + ((0.9025114775 * X1) + ((-0.4880439937) * X2)))) * ((0.0317501053 * X1) + (0.1102514341 * X3))) + ((((-0.0516943634) * X1) + ((-0.0123584475) * X2)) - ((-1.5357881784) + exp(((((-0.6832988262) * X2) + (0.8238934278 * X1)) + (-1.3855564594)))))) + ((-0.1480615586) * X3)))))
feynman_I_10_7,OperonRegressor,ok,3.0,0.9788387782928802,0.161373637347804,94.0,94.0,50.7,,((-0.0012973223) + (0.9987798929 * (((((0.1820935607 - (((-0.1184136644) * X2) - (0.5058048964 * X1))) / ((((13.6272745132 * X2) - (5.2545681000 * X1)) + (4.7961711884 * X3)) * ((-16.2187557220) * X2))) + ((((-0.0148669910) * X2) - ((-0.9225668907) * X1)) + (0.0069778431 * X3))) + (exp(((-4.1435289383) * X3)) * (0.0000552723 + ((-0.0001320227) * X1)))) - ((((-1.2381411791) + exp(((-1.8376319408) * X2))) / ((6.2574996948 * X1) + ((-62.1338653564) * X2))) - exp(((7.0940308571 * X2) + (((-3.9827711582) - ((-1.6699353456) * X3)) + ((((2.0058753490 * X2) - (0.5667390227 * X1)) + (0.8289877772 * X3)) * ((-5.2126212120) * X2)))))))))
feynman_I_11_19,OperonRegressor,ok,6.0,0.962001976629914,1.959443302396112,94.0,95.0,51.2,,(0.0000127465 + (0.9999553561 * (((((exp((0.3753480017 * X6)) + ((0.6859803200 * X2) + (1.4792286158 * X1))) + ((sin((1.1926074028 * X3)) * exp(exp((0.0743261352 * X6)))) - (1.0970304012 * X3))) - (((((-0.2278241068) * X5) - (((-0.1152368411) * X2) + ((-0.2682697177) * X1))) - (-0.9563617110)) ^ 2)) - (((0.2433143407 * X2) - (0.3360705674 * X4)) * exp(((-0.1706947833) * X6)))) - (((((((-0.0601351149) * X5) - ((-0.0648551881) * X4)) * ((-2.5637359619) * X1)) - sin(((0.2413533926 * X2) + ((-0.6997501254) * X1)))) + ((0.0172762908 * X5) / exp((2.0561029911 * X2)))) - sin(((-1.7312123775) * X3))))))
feynman_I_12_1,OperonRegressor,ok,2.0,0.985300643255166,0.5477372567804274,98.0,98.0,52.9,,((-0.0038007312) + (0.9983251095 * (((exp(((0.9055057764 * X2) + ((-0.0272602588) * X1))) + (0.2107139826 * X2)) * ((0.5395756960 * X1) + ((-0.5403882861) * X2))) - ((((0.0161078628 * X2) + ((-0.0194034018) * X1)) / (((-0.6461560130) * X1) + exp(((-0.5831909180) * X2)))) + ((exp(((0.0165995769 * X2) + ((-0.3949976265) * X1))) - ((-15058769920.0000000000) / (5201492180992.0000000000 * X1))) - (exp(((1.1030368805 * X2) + ((-0.3268605769) * X1))) - (((((0.0000536144 * X2) + ((-0.0000672117) * X1)) / ((0.1830952913 * X2) + ((-0.1782353818) * X1))) * ((88.4024124146 * X2) * ((-0.8895182014) * X1))) / (((-0.8735640049) * X1) + exp(((-1.7355940342) * X2))))))))))
feynman_I_12_11,OperonRegressor,ok,5.0,0.9879637555252494,2.5787423178563813,91.0,91.0,57.6,,((-0.0000002201) + (1.0000005960 * ((((((cos((((-0.2880555689) * X3) - (0.2581330240 * X5))) + ((0.0440469459 * X3) - (0.7251678705 * X4))) + exp(((-0.0527503565) * X1))) * (((-0.0209675338) * X2) - (0.5975568295 * X5))) * exp(((((0.3301343322 * X3) - ((-0.8217585087) * X4)) - exp(sin(((-0.3718798757) * X1)))) + cos(((-0.2001020908) - ((-0.6528612375) * X5)))))) - ((((-0.0376636721) * X3) - (0.0775419548 * X5)) - (((0.1635710448 * X2) + (((-0.0257071108) * X3) - ((-0.0470960364) * X4))) * (exp((0.2227238864 * X2)) / exp(((-0.4093440175) * X1)))))) + (0.1340946555 + (0.1556457728 * X1)))))
feynman_I_12_2,OperonRegressor,ok,4.0,0.9839342626172914,0.0119597454741187,94.0,94.0,55.1,,((-0.0000100312) + (1.0000118017 * (((exp(((-4.3470611572) * X4)) * ((exp(exp(((-0.5209842920) * X3))) * exp((3.6847825050 * X4))) + (exp((3.6846554279 * X4)) + ((0.0018283491 * X2) + (0.0027339018 * X1))))) * (((exp(((0.0044861608 * X2) + ((-0.0029714270) * X1))) * ((1.2517805099 * X1) + ((-0.8174366355) * X4))) + ((exp(exp(((-0.0371770635) * X3))) * (((-0.0433050692) * X1) + (((-0.0190253574) * X3) + (0.2705045938 * X4)))) + ((0.0220227353 * X2) + ((-1.1095227003) * X1)))) - 0.0738130286)) * (exp(((-0.6463726163) * X4)) + ((0.0823909864 * X1) + (((-0.0247827806) * X3) + (0.7418005466 * X4)))))))
feynman_I_12_4,OperonRegressor,ok,3.0,0.9743362755540548,0.0032230349671717,88.0,88.0,55.1,,((-0.0000251184) + (1.0000081062 * (sqrt((exp(((((-0.0588111058) * X2) + exp(((-0.0498776734) * X1))) + (-1.1543926001))) * exp(((-1.8680069447) * X3)))) * (((((exp(((-0.8039111495) * X3)) + (0.9054722786 * X3)) * (((0.1184107885 * X1) - 0.4728420973) + exp((0.1206769347 * X3)))) / exp((0.2926146090 * X2))) - (exp((0.9373137355 * X3)) - (0.0791276619 * X3))) - ((exp((cos(((1.8409222364 * X3) - (6.1293039322 * X2))) - ((0.1942344308 * X1) - ((-4.1100907326) * X2)))) + exp((2.3574912548 * X2))) * ((((-0.0002912683) * X2) + ((-0.0002421912) * X1)) + (-0.0008694656)))))))
feynman_I_12_5,OperonRegressor,ok,2.0,0.9860301946566068,0.5717117574090113,90.0,90.0,58.3,,((-0.0179376267) + (1.0002789497 * (((exp((1.6996924877 * X2)) * (sin((21.0922374725 * X2)) * ((0.0200825576 - (0.0286298264 * X1)) - (0.0241519287 * X2)))) + ((sin((11.5489006042 * X2)) * ((-0.0659203231) + ((-0.0804804787) * X1))) + (exp(((-3.4592816830) - ((-1.2128676176) * X1))) * sin((((-4.3350777626) - ((-3.4559619427) * X1)) - (1.2349756956 * X2)))))) + (((((0.1994327009 * X2) - (0.0770917088 * X1)) + ((0.2038651109 * X2) * (1.0560398102 * X1))) * sin(exp((1.6806417704 * X2)))) + (((0.6271690130 * X2) - ((-0.6850252151) * X1)) + ((0.2417828441 * X2) * (1.0002442598 * X1)))))))
feynman_I_13_12,OperonRegressor,ok,5.0,0.986814296572048,1.202216270745564,98.0,98.0,52.1,,(0.0165402237 + (1.0493853092 * (((exp(((((0.1173164845 * X5) - exp(((-0.6168462634) * X1))) - (((-0.3522145450) * X2) - ((-0.6734747291) * X4))) + ((-0.1729200780) * X1))) / (((2.1092762947 * X3) - (0.1740106642 * X1)) - (-4.9864864349))) * ((6.9283943176 * X4) + ((-6.8986787796) * X3))) * (((((((-0.2347774506) * X2) - exp((0.3770760894 * X1))) + exp(((0.5087637305 * X2) - exp(((-0.6019243002) * X4))))) + (0.5059754848 * X1)) + ((-0.3802327216) * X4)) + ((((-0.0487441979) * X3) - (0.2009780109 * X5)) - ((0.0019432484 * X4) * (((58.2300643921 * X2) - ((-43.4832534790) * X4)) - (((-13.5986976624) * X3) - ((-2.3060610294) * X1)))))))))
feynman_I_13_4,OperonRegressor,ok,4.0,0.9822518156030524,3.0431004037284497,90.0,90.0,59.8,,((-0.0000124980) + (0.9998837709 * ((((0.4218288064 - (((0.1858123392 * X2) + (0.0383120328 * X1)) + (0.0148940096 * X4))) * exp(((1.3665766716 * X2) + (0.6185231209 * X1)))) - (((((-0.3029365242) * X4) + ((-0.3276417553) * X1)) - exp((0.2976462841 * X3))) + 2.1551110744)) + ((exp((29.0336513519 * X3)) / (exp((30.2458629608 * X3)) + 87550787584.0000000000)) + (((exp((0.5479090214 * X3)) * (0.2400749326 * X1)) + ((exp(exp((0.3128315210 * X1))) + ((-3.3596808910) * X1)) / ((((-1.1347137690) * X4) + ((-2.5180003643) * X1)) + 5.4123311043))) + ((1.2447489500 * X4) * (0.1376637965 * X1)))))))
feynman_I_14_3,OperonRegressor,ok,3.0,0.9812465010924086,2.591607941998048,94.0,94.0,55.7,,((-0.0001658454) + (1.0001410246 * ((((((-0.0358736664) * X1) + ((-0.0539228059) * X2)) * sin(((-7.9316868782) * X1))) + ((((sin(((0.0647570118 * X3) - (2.5461783409 * X2))) - ((((-1.0257033110) * X1) + 0.8177973628) - ((-41.2710113525) * X2))) + ((-0.5962285399) * X3)) / exp((((-0.0061770529) * X1) + ((-0.0076662097) * X2)))) + (sin(((((-0.5133168697) * X1) + exp((0.3756486773 * X2))) + sin((((-0.3650044501) * X1) + ((-0.5680609345) * X2))))) - ((((-1.0448760986) * X3) - (41.9676322937 * X2)) + sin((((-0.0095646642) * X1) + ((-2.5176398754) * X2))))))) / sqrt(exp((((-0.8448132873) * X1) + ((-0.9399326444) * X2)))))))
feynman_I_14_4,OperonRegressor,ok,2.0,0.7549179600614274,7.803262266534197,81.0,81.0,50.3,,((-0.0002992023) + (0.9999312162 * (((-0.0094091427) + (((((((0.1517812610 * X2) + 3.5690286160) - ((-0.4017120600) * X1)) - exp((1.7281879187 * X1))) + exp((exp((0.3918592036 * X2)) - ((-1.5246599913) * X1)))) * ((0.0123418272 * X2) - ((-0.0035172540) * X1))) - (0.0297485441 * X2))) * ((exp((exp((1.2464534044 * X2)) - 6.8409981728)) - (((3.9969739914 * X2) - ((-7.7636508942) * X1)) + cos((cos((1.7644677162 * X1)) / ((-0.0541602671) / (-1.8551157713)))))) + (18.1721649170 + cos((exp(exp((0.9620831013 * X2))) - ((-1.0730485916) * X2))))))))
feynman_I_15_10,OperonRegressor,ok,3.0,0.9855643611110996,0.2041021835363461,88.0,90.0,71.5,,((-0.0000008297) + (0.9999993443 * (((exp((((-327.8567504883) + (205.2414550781 * X1)) - (16.5263633728 * X3))) + (0.6127334833 * X2)) - ((((0.1885239184 * X2) * ((-1.7863454819) * X1)) + ((-1.2199217081) * X1)) + (-0.3836257458))) - ((cos(cos(((1.4724315405 + (0.8771936297 * X1)) ^ 2))) * (cos(cos(((1.2901936769 + (1.2854181528 * X3)) ^ 2))) - (((-0.2612634003) * X1) + ((0.2038659900 * X3) - (0.1573140472 * X2))))) * ((((((-0.0153169977) * X3) - (0.1734211743 * X2)) * ((-1.7863454819) * X1)) - (((-0.2168410122) * X3) - (0.1693342775 * X2))) + (0.5384644866 + (0.4502723217 * X1)))))))
feynman_I_15_3t,OperonRegressor,ok,4.0,-3.150411918183509,2.492859775544377,96.0,96.0,46.6,,((-0.0023137992) + (1.0000053644 * ((exp((((-2.4161407948) * X3) + (5.0402603149 * X4))) * (((((0.0002603751 * X3) + ((-0.0001828797) * X4)) - (-0.0004450595)) - ((((((-0.0001170791) * X3) + ((-0.0000267506) * X4)) - ((-0.0000406554) * X1)) * (((-1.1715500355) * X3) + (0.4447291195 - (3.2085447311 * X1)))) / (6.2573060989 * X2))) + ((((0.0002613716 * X3) * (((0.0565460064 * X1) * (3.8561718464 * X1)) - ((-0.6493842006) * X3))) + (((-0.0000918313) - (0.0000189154 * X1)) * exp(((-0.6829187274) * X2)))) + ((0.0000078977 * X1) * (4.2177958488 * X1))))) - ((((-0.9468532801) * X4) - ((-0.0347445868) * X1)) * exp(((-0.0695423856) * X2))))))
feynman_I_15_3x,OperonRegressor,ok,4.0,0.8213749439276753,0.6878716837022608,100.0,101.0,60.1,,(0.0029728247 + (0.9987089038 * ((sin(sin((((0.9798842669 * X2) ^ 2) - (0.1775888056 * X1)))) * ((((-0.4370400012) * X4) + ((0.3819434941 * X2) + ((-0.1836866140) * X1))) - (((0.8244692087 * X4) + (((-0.5532377362) * X2) + (2.0963373184 * X1))) / (30.9372940063 * X3)))) - (((sin((((0.3955371976 * X4) + ((0.5805540681 * X2) + (0.3722358048 * X1))) - ((-0.1150183007) * X3))) - ((0.2277175933 * X4) + (1.1717771292 * X1))) - (((0.1349846721 * X4) + ((-0.1184457392) * X2)) * sin(((13.9656763077 * X1) + ((-1.0102777481) * X2))))) - ((0.0022103572 * X2) * ((((-1.0570805073) * X2) / ((-0.6418231726) * X1)) - ((-33.4529113770) * X1)))))))
feynman_I_16_6,OperonRegressor,ok,3.0,0.9712497940361348,0.2035221267895666,92.0,94.0,58.6,,(0.0013079752 + (1.0019197464 * (((sin((cos((((-1.8582564592) * X2) - ((-2.1870520115) * X1))) - (-5.0766258240))) + ((3.6910829544 * X1) + (((10.9341459274 * X3) + (1.8290042877 * X2)) * ((0.0537387319 * X1) + ((-0.0669197217) * X2))))) - (((-0.1176113859) * X2) + (((0.1695656031 * X3) - 1.3707367182) + ((((-0.0031916075) * X2) - ((-1.3047333956) * X1)) ^ 2)))) / (((((-0.6282326579) * X1) + ((-0.0997762010) * X2)) ^ 2) + (((((-1.5822782516) * X1) + (0.2021119297 * X3)) - (-3.2774167061)) + sin((2.1350145340 + (((-1.4522517920) * X1) + (((0.3901349902 * X3) + (0.1549750865 * X1)) * ((-2.0441372395) * X2))))))))))
feynman_I_18_12,OperonRegressor,ok,3.0,0.9789950078228395,0.991797710603748,84.0,84.0,61.1,,((-0.0000000926) + (1.0000001192 * (((((0.0861880034 + (((-0.0000354620) / (((-0.2439919263) * X3) + (-0.2212277651))) - ((-0.0327244960) * X2))) * ((13.4282484055 + (0.5298370719 * X3)) - ((((0.0116792424 * X1) + (0.0198067222 * X2)) / (0.2612470686 * X3)) - (5.7835979462 * X1)))) + (0.0428694785 / (((-0.1049248353) + ((-0.4912620485) * X3)) - (15.1280899048 * X2)))) * cos(((-5.3758969307) - ((-1.4763782024) * X3)))) - ((((((0.0598364584 * X1) + 0.0197495893) - ((-0.0512488447) * X2)) / (((-37.7957572937) * X3) + (-36.9733123779))) - ((-0.0050816392) * X3)) + (((-0.0129846996) * X2) + 0.1068931893)))))
feynman_I_18_14,OperonRegressor,ok,4.0,0.9927004926380844,2.007515442939852,90.0,90.0,53.2,,((-0.0032319459) + (0.9999792576 * ((((exp((0.7839124203 * X2)) - (0.0227154568 * X3)) * ((sin((((0.3896579742 * X3) + ((-0.1143855378) * X4)) + 0.0216168482)) - (0.3570193350 * X3)) + ((sin((0.4039364755 * X4)) + (((0.0256445557 * X1) - 0.3163801730) - ((0.1569771022 * X3) + (0.3969697058 * X4)))) * sin((1.1913878918 * X4))))) * (((0.4764785171 * X1) + (exp(exp(((-0.1793923825) * X3))) - ((-0.5079201460) * X3))) + (((1.3380491734 * X2) * sin(((0.3872542977 * X1) - 2.1319298744))) - sin(sin((((-0.6807078123) * X1) - ((-0.0365145728) * X3))))))) + (0.1128527373 * X4))))
feynman_I_18_4,OperonRegressor,ok,4.0,0.9325353623067648,0.2451850438189738,92.0,92.0,54.5,,(0.0296434648 + (1.0059633255 * ((sin((((-0.0858527124) * X4) + ((-3.6425633430) * X1))) + ((sin(((0.0339958966 * X3) + (3.7358305454 * X1))) - sin((((-0.7623358369) * X3) - ((-0.3595710695) * X4)))) + (0.7937848568 * X4))) - (((exp((3.6642675400 * X1)) - (exp((3.6639149189 * X1)) + (((-0.0109883863) * X3) + (0.1209416389 * X1)))) + (0.0784325898 * X2)) * ((((sin((((-2.2184212208) * X3) - (50.8681449890 * X4))) - ((-0.2785232961) * X3)) * (1.2888413668 + (1.0521380901 * X1))) + (sin(((15.5685644150 * X4) + (-1.1393009424))) - ((-0.7170940638) * X3))) + (((-1.5516616106) * X4) + 0.0704713315))))))
feynman_I_24_6,OperonRegressor,ok,4.0,0.4142811584418709,11.601009004026446,92.0,92.0,70.5,,((-0.0000000155) + (1.0000106096 * (((((-1.4355357885) - exp((1.1861895323 * X4))) + exp((((((0.0722176209 * X2) + 0.2390280068) - ((-0.2285055369) * X3)) - ((-1.0421725512) * X4)) + sin((((0.2188039720 * X2) + (0.3202207386 * X1)) - (0.4141564369 * X4)))))) - (((0.0002697126 * X3) / ((-0.4362686276) * X1)) - exp((1.0819257498 * X4)))) + (exp((((0.4269054234 * X2) + (2.4444718361 * X1)) + (((1.2217751741 * X3) - cos(((-3.7543745041) * X3))) - (((((-1.0854325294) * X2) + (1.5749827623 * X1)) * (0.9343460202 * X3)) - ((4.7044367790 * X4) - exp((1.1016232967 * X4))))))) / (-206.5551910400)))))
feynman_I_25_13,OperonRegressor,ok,2.0,0.9473996428759192,0.18746897599638,84.0,85.0,64.4,,(0.0000555373 + (1.0000174046 * ((((exp(exp((((1.7447804213 * X1) - 45.6820716858) - (28.6255741119 * X2)))) ^ 2) + ((-0.7134023905) * X2)) + ((0.4945748448 * X1) - 1.4872956276)) + (((((0.0003674217 * X1) - (-0.0046363068)) + ((cos(((-638.3610839844) * X1)) * ((0.0005353420 * X1) - 0.0001862931)) * (((-0.9060857892) * X1) - 1.4759339094))) + (0.0025667823 * X2)) * ((((((20.4323101044 * X1) + exp(((-2.4093563557) * X2))) + 2.3172268867) * exp(((-2.0740010738) * X2))) - ((-46.1974067688) + exp((1.6636229753 * X2)))) + (((-32.7183685303) * X1) + (43.2505073547 * X2)))))))
feynman_I_26_2,OperonRegressor,ok,2.0,0.9962299827930818,0.0225888714080914,86.0,86.0,56.6,,(0.0000003753 + (1.0000755787 * (((((exp((((-1.0016570091) * X2) - ((-0.3085634112) * X1))) * sin(sin((1.3607070446 + ((-0.9216715097) * X2))))) * ((1.0547496080 + (0.4247063994 * X1)) - ((-0.3931089342) * X2))) + (((((-0.0027055400) + (0.0034467385 * X1)) - (0.0035949647 * X2)) * ((-4.0607371330) + (2.5993463993 * X1))) * ((exp(((0.1785409898 * X2) - ((-3.7393715382) * X1))) * sin((((-0.0193918124) * X1) + ((-2.4009418488) * X2)))) + (4.3482217789 * X2)))) - ((0.5884829760 + (0.1909526885 * X1)) - ((-0.3831945062) * X2))) - sin(exp(((-1.8272210360) + (1.3665866852 * X1)))))))
feynman_I_27_6,OperonRegressor,ok,3.0,0.9636344643319252,0.0778422916349813,90.0,91.0,54.8,,((-0.0000469962) + (1.0000231266 * (((((((((-0.0813239366) * X1) - (0.2820087373 * X2)) - ((-0.4280570447) * X3)) + exp(exp((((-0.4563306868) * X2) - ((-0.1832831800) * X3))))) - (sin(exp(((0.9024534225 * X2) - ((-1.5414886475) * X3)))) * sin(((0.7816620469 * X1) - ((-2.7682216167) * X2))))) * ((-0.1561366618) ^ 2)) * ((exp(((-1.3598192930) * X3)) - log((exp(((-8.5484247208) * X2)) + exp((((-2.6888389587) * X3) - (6.1531786919 * X1)))))) / exp((((-0.6654590368) * X2) - ((-0.9232760668) * X3))))) + ((0.2393861264 * X2) + ((((-0.5135766268) * X3) - ((-0.0413441472) * X1)) - (-0.0838273466))))))
feynman_I_29_16,OperonRegressor,ok,4.0,0.9693278921516838,0.3401739030238815,86.0,89.0,51.8,,((-0.0011271430) + (1.0015221834 * ((cos(((0.2003843784 * X4) + ((-0.1613418907) * X2))) - (3.7410147190 + (((cos((((-0.6101638675) * X4) + (0.6513777375 * X3))) + ((0.0120485704 * X3) + (0.5686226487 + (0.1567112654 * X2)))) ^ 2) ^ 2))) + ((((((0.1150452793 * X2) + (1.5697257519 + ((0.0416872501 * X4) + (0.0139392558 * X3)))) + cos((2.2786412239 + (((-0.6737426519) * X2) + (0.2274544984 * X1))))) + cos((((-0.8999783993) * X4) + (1.0143958330 * X3)))) ^ 2) + exp((cos((((-0.4591087699) * X2) + (0.1801979840 * X1))) + (0.3683295548 + (0.2163256705 * X1))))))))
feynman_I_29_4,OperonRegressor,ok,2.0,0.9267178115383444,0.3863864370245185,88.0,88.0,53.2,,((-0.0000001748) + (0.9999774694 * ((((cos(((13.7545328140 * X1) + ((-3.8466348648) * X2))) * ((-0.0001888642) * X2)) - (-0.0001715662)) / (0.0317597650 * X1)) - (((sqrt(exp(exp((((-0.5462085009) * X2) - ((-0.2991777658) * X1))))) + (((-8.2578372955) + ((-0.3849473596) * X1)) - (((0.0702966079 * X2) - (0.0667081699 * X1)) / ((-48.0390281677) + ((-36.5765914917) * X2))))) - (3.1610004902 * X2)) - (exp((exp(((-19.9721012115) + ((-12.6750097275) * X2))) - ((-0.5567141175) * X2))) * (exp((((-1.7891108990) * X2) - ((-0.3385159969) * X1))) - (7.9704070091 + (((-1.6513340473) * X2) - ((-0.0563703775) * X1)))))))))
feynman_I_30_3,OperonRegressor,ok,3.0,-0.8509850740522416,2.6922142311555173,88.0,97.0,44.1,,((-0.0061622150) + (0.9926153421 * (((exp(((((((-0.5523660779) * X2) ^ 2) ^ 2) * cos((50.6404037476 * X3))) + (0.2623668611 * X1))) - (1.4914700985 + ((-0.1276921481) * X3))) - ((((0.0176967680 * X3) - ((-0.0093444688) * X2)) - (((((-0.5551854372) * X2) ^ 2) ^ 2) + (((((-0.5638841987) * X2) ^ 2) ^ 2) * cos((((-2.0265526772) * X3) - ((-0.1436078399) * X2)))))) * exp(((((-2.1197350025) * X3) - (0.3356692493 * X2)) + (0.5191956758 * X1))))) * exp(((((0.3165833652 * X2) - ((((-0.5610281229) * X2) ^ 2) ^ 2)) ^ 2) * cos(((1.3412035704 * X3) - (3.0202226639 * X2))))))))
feynman_I_30_5,OperonRegressor,ok,3.0,0.9889776077537324,0.0169490465395409,94.0,94.0,54.4,,(0.0000058614 + (0.9999732971 * ((((((-0.3445657492) * X2) + ((-0.0573411770) * X3)) * exp((exp((0.0279274378 * X3)) + (0.0387461707 * X1)))) - ((0.4990331829 + ((-0.8093100786) * X2)) + ((-0.1571989655) * X1))) + ((((((0.6948276162 * X2) + ((-0.2042709440) * X1)) * exp((((-1.3706823587) * X2) + (0.5501490235 * X1)))) / exp((1.7401899099 * X3))) + exp((((-1.3264280558) * X3) + (((-2.2042393684) * X2) + (0.5787963271 * X1))))) * ((exp(((0.0481667221 * X1) + ((0.1724175960 * X2) + ((-0.2316668481) * X3)))) - ((0.0545487069 * X1) + (exp(((-0.1874184757) * X3)) + (0.0979937688 * X2)))) - (-0.1205725074))))))
feynman_I_32_17,OperonRegressor,ok,6.0,0.977922764792338,0.638837889382934,90.0,90.0,47.5,,(0.0000102832 + (1.0000004768 * ((((((exp((0.0601099208 * X2)) / (exp(((-0.0661900416) * X1)) - (0.1203847304 * X4))) - (((-0.0580575503) * X5) - (-0.7701342702))) * (((((0.5453539491 * X3) - ((-0.0759717226) * X2)) + ((-0.3831521571) * X1)) / (exp(((-0.7501105070) * X4)) - ((-0.8882952332) * X4))) + exp((0.2148679793 * X1)))) * sqrt(exp(((((-1.0333945751) * X6) + (1.9771084785 * X5)) * (exp(((-0.1600755602) * X6)) + ((-0.1395771056) * X5)))))) + ((exp(((-0.1638751775) * X6)) + (0.0309897140 * X5)) - (((-0.0281255115) * X3) - (-1.7319029570)))) * (exp(((-0.0780524984) * X6)) + (-0.3603030741)))))
feynman_I_32_5,OperonRegressor,ok,4.0,0.9504418246231048,0.220377399689934,94.0,94.0,66.0,,(0.0000043702 + (1.0000061989 * ((((((((-0.0055896365) * X4) + ((0.0003093515 * X1) - ((-0.0068808724) * X2))) * (sqrt(exp(((-2.4848232269) * X4))) + (((1.1039445400 * X4) - ((-2.4195122719) * X3)) - (0.3453923762 * X1)))) - ((-0.0318520814) * X2)) + (((((-0.0160398167) * X4) - ((-0.0213857386) * X3)) - (0.0004639794 * X1)) + 0.0579238310)) * ((exp(((((-0.8320717812) * X4) - ((-0.2334165126) * X1)) + (exp(((-0.6193341613) * X3)) + (0.0985667035 * X2)))) + ((((0.7960033417 * X4) - ((-0.1078591868) * X2)) + (-1.2034341097)) - (0.1845229864 * X1))) * (exp(((-0.1545560956) * X4)) - ((-0.6282160282) * X1)))) + (-0.4325943291))))
feynman_I_34_1,OperonRegressor,ok,3.0,0.9595143529873352,0.3740993448095033,92.0,92.0,51.4,,((-0.0000000244) + (1.0000158548 * (((0.7903103232 * X3) + ((-0.1046235785) + (((0.1275274009 * X2) + ((-0.1843019277) * X1)) + (((-0.0053370572) - ((-0.0108853616) * X2)) / sin(((1.2545901537 * X3) + ((-1.2878628969) * X1))))))) - (((sin((3.7509801388 * X2)) - (sin(((2.0814957619 * X3) + ((-0.6257052422) * X1))) + ((-0.7311208844) - (0.9647004008 * X2)))) + ((-0.9016357660) * X1)) * (((-0.0348457247) * X2) + (((sin(((0.1870467067 * X3) + ((-0.6783589125) * X1))) - ((-0.6733905077) * X1)) + (((-0.0061071669) + (0.0074024932 * X1)) / sin(((1.3317223787 * X3) + ((-0.9889045954) * X1))))) - (0.2173706591 * X3)))))))
feynman_I_34_14,OperonRegressor,ok,3.0,0.9671349428304848,0.2360829272275103,94.0,95.0,56.6,,((-0.0000030251) + (0.9999985099 * (exp(((0.0204693768 * X1) * ((((((-13.7853441238) * X3) + ((7.1195092201 * X1) - (-12.1047267914))) * ((((-0.2776512504) * X1) + ((-0.1442431808) * X3)) - (-0.5787255168))) - (6.7518777847 * X2)) - ((-2.7516937256) * X3)))) - ((((-0.9072986841) * X3) + ((0.3500678241 * X1) - (-1.1003500223))) + (((((-54.6894874573) * X1) + ((-20.6200218201) * X3)) * (0.0015277122 * X2)) + ((((((0.9736250639 * X1) + (0.7486693263 * X3)) - ((0.5462548137 * X3) ^ 2)) + sin(((9.4764051437 * X1) - (1.7580676079 * X2)))) * (((-0.0706701055) * X3) + (((-0.0429637134) * X1) - 0.0892357081))) - (0.1397089064 * X2)))))))
feynman_I_34_27,OperonRegressor,ok,2.0,0.9509846892942718,0.1968833732339046,92.0,92.0,49.5,,((-0.0038052213) + (1.0000263453 * (((((((0.0507546999 * X2) + (0.0317227170 * X1)) + (((0.0991865844 * X2) + ((0.3812785447 * X1) + 0.0530310571)) / (5.3152685165 * X1))) * sin((((-1.8370707035) * X2) / (0.0725145191 * X1)))) - (sin((((-12.9135751724) * X1) + (-4.0460119247))) * ((-0.4205332696) * X2))) + (0.6987820268 * X2)) - (((sin(sin(((0.1100249141 * X2) + (((-12.7856435776) * X1) + (-7.0666031837))))) * ((-0.5046001077) * X2)) - (0.6373131871 * X1)) - (((sin((((-4.6261754036) * X2) + (((-14.0433559418) * X1) + (-6.3794927597)))) * (0.6395357251 * X2)) - (2.6063408852 * X1)) * ((-0.0954245701) * X2))))))
feynman_I_34_8,OperonRegressor,ok,4.0,0.9907673673123656,1.1433922175295774,92.0,92.0,72.6,,((-0.0000029784) + (0.9999135137 * ((exp(((((0.3451582491 * X3) + ((-0.4109409153) * X4)) - (-1.6854215860)) - exp((((-0.1574616432) * X1) - (0.0841120258 * X2))))) - ((((0.0002314603 * X2) / ((-0.0773303956) * X1)) + (((((-0.0805885643) * X3) + ((-0.1348182410) * X4)) - (-1.1754437685)) - exp(((((-132.9775695801) * X4) + ((-469.9795532227) * X4)) - 1086.1987304688)))) + exp((((-0.1351582855) * X2) - ((((-0.4564951956) * X3) + (0.3707394600 * X4)) + (((-2.4158389568) * X2) * ((-0.0463505201) * X1))))))) + exp(((((1.7358678579 * X3) + ((-4.1652293205) * X4)) - 10.0556402206) - (((-0.9898847342) * X1) - (0.0404384434 * X2)))))))
feynman_I_37_4,OperonRegressor,ok,3.0,0.9840597306216958,0.3964265944952945,90.0,97.0,60.8,,((-0.0001837949) + (0.9966299534 * (((((2.6555464268 * X3) * ((((0.0439873859 * X3) - (0.1203527376 * X1)) ^ 2) + (0.4054768085 * X3))) - ((0.1761654913 * X3) + (sin(((-0.3394861221) * X1)) ^ 2))) - cos((exp(((0.0679773167 * X2) - (-2.9368326664))) * ((((0.1647757143 * X3) ^ 2) - exp(((-0.0291633997) * X1))) - ((-0.0587601513) * X2))))) - (((((2.1116559505 * X3) ^ 2) - (7.3985877037 * X2)) - (((((0.0892057195 * X2) + ((0.4523490965 * X3) ^ 2)) ^ 2) + (-0.2638750076)) * (((2.4720809460 * X2) * (3.0072934628 * X3)) - ((-1.6697945595) * X3)))) * ((0.1838490814 * X3) ^ 2)))))
feynman_I_38_12,OperonRegressor,ok,4.0,0.9802155910656888,0.1728199478067731,90.0,90.0,52.5,,(0.0000002269 + (1.0000005960 * ((((((0.0000693987 - (0.0000082786 * X1)) - ((-0.0000253551) * X4)) * ((((-0.8800566792) * X1) + exp(exp(((-0.8281176686) * X2)))) + ((exp(((-0.0816274881) * X3)) + (1.0825371742 * X2)) * exp((((-2.0355992317) * X2) + (0.1356779933 * X4)))))) + (0.0000107520 * X1)) * (exp(((0.5379556417 * X3) + 6.9310803413)) + (((((-45.2237052917) * X1) + (45.8442115784 * X3)) + exp(((2.3148458004 * X4) + (1.5615723133 * X3)))) * exp(exp((((-0.1973238289) * X2) + ((-0.4017843008) * X1))))))) - (exp(((-0.0150602292) * X3)) + ((-0.4316038191) - (0.0133094694 * X1))))))
feynman_I_39_1,OperonRegressor,ok,2.0,0.982780568533416,1.0975364806608272,96.0,96.0,58.6,,(0.0000915952 + (0.9999998212 * (((((cos(((22.5074787140 * X2) + (23.2252922058 * X2))) * (0.0781578124 * X1)) - (cos((((-1.1718286276) * X1) + ((-2.6689052582) * X2))) * ((-0.0984802172) * X1))) + ((0.6996005177 * X1) + (0.7542133331 * X2))) + (((22.5072879791 * X2) + (1.7373561859 * X1)) * (0.0115067586 * X1))) - ((((0.0153609132 * X1) + (0.1102641597 + (cos(((23.8839836121 * X2) + (22.2717361450 * X1))) * (0.1169547662 * X1)))) + ((0.0288856886 * X2) + (cos(((5.1402831078 * X2) + (46.6464691162 * X1))) * (0.1238135174 * X1)))) * cos((((2.1463422775 * X1) + ((-3.0512056351) * X2)) + 7.4150071144))))))
feynman_I_39_11,OperonRegressor,ok,3.0,0.9912542405860174,0.3057146755221712,88.0,90.0,50.0,,(0.0005640782 + (1.0022361279 * ((((3.2094936371 + ((-0.5396496654) * X1)) + (exp(((0.4113289416 * X2) + ((((-1.2007738352) * X1) + ((-0.0020870550) * X3)) + 0.0731368437))) ^ 2)) - (exp(((0.4236558676 * X2) + ((-1.2268711329) * X1))) ^ 2)) * (((((((-13.4099388123) * X3) + (((-0.6372819543) * X1) + sin(((-3.6313557625) * X2)))) * ((((-0.0031061135) * X2) + ((-0.0000198811) * X3)) + (-0.0097279251))) + ((0.1364784986 * X2) + ((-0.1280168146) * X1))) - ((sin((4.8760037422 * (4.0832567215 * X1))) + sin(((-4.2475085258) * X2))) * (((-0.0076523717) * X1) + (0.0067950245 * X3)))) - 0.0540975779))))
feynman_I_39_22,OperonRegressor,ok,4.0,0.9908448715805908,0.9066396292494792,88.0,89.0,59.3,,((-0.0000367972) + (0.9999917746 * ((((exp((((8.2071285248 * X2) + (((-1.3540818691) * X3) - 16.3697452545)) + exp((0.4660925269 * X4)))) - ((0.0267151482 * X2) - (-0.4520766139))) - (0.2007606924 * X1)) ^ 2) + (((((exp((0.1193820685 * X3)) - ((-0.2627219260) * X1)) * (exp((0.4346599579 * X4)) - (0.1793560088 * X3))) - (0.5776806474 + (0.1792395562 * X1))) * (exp(((((-0.7831771970) * X3) + ((-0.2790440023) * X4)) - ((-0.3546572328) * X2))) - ((-0.1755165607) * X3))) + (((-0.7788722515) / sin(((1.5047911406 + (0.3838123083 * X1)) - (0.1455118507 * X2)))) - ((-0.1764944196) * X2))))))
feynman_I_40_1,OperonRegressor,ok,6.0,0.889806947386601,0.1894960204038213,88.0,88.0,51.4,,((-0.0006075129) + (1.0000327826 * ((((((-0.0689336807) * X4) + (-0.3392556906)) - ((-0.1730907708) * X1)) - cos((exp(((-0.3682345450) * X2)) + (exp((((-0.7074798346) * X3) + (-1.2402222157))) + (((((-0.1644333154) * X3) + (0.4325926304 * X4)) + exp(((-0.3879425526) * X5))) - exp(((-0.4066365063) * X6))))))) * (exp(((((((-0.5395727158) * X3) + ((-0.4442847073) * X5)) + ((-0.1928370595) * X6)) + ((0.2467045039 * X4) - ((-0.3571600020) * X1))) + (exp(((-0.9050529003) - (0.7392857075 * X2))) - exp((((-0.5458917618) * X6) + (0.0811779946 * X2)))))) + exp(((0.1091907695 * X3) + (-1.0205292702)))))))
feynman_I_41_16,OperonRegressor,ok,5.0,0.9695694062324742,0.4766492532248408,94.0,95.0,52.1,,(0.0000009695 + (1.0000046492 * (((((((((1.8108634949 * X2) + ((-0.4881883562) * X3)) + ((3.5031797886 * X4) + ((-6.0059885979) * X5))) * (((0.3727787733 * X4) + ((-0.7308942676) * X5)) + exp((0.2370961756 * X1)))) * cos(exp(((-0.2255300283) * X1)))) * ((0.0194889009 * X4) + (0.0616334155 * X5))) ^ 2) + (((0.0207402408 * X4) + (0.0713108182 * X5)) - 0.6360431910)) - ((((((-0.2177586108) * X2) + (0.2382462323 * X5)) + ((0.0145582790 * X3) + (-0.6506859064))) * (((-0.5339900255) * X5) + exp((0.2130457759 * X1)))) / ((((-0.0768225044) * X2) + exp(((-0.6111308932) * X4))) + exp(((-0.6569368839) * X1)))))))
feynman_I_43_16,OperonRegressor,ok,4.0,0.9777062078301108,1.8098854181111632,94.0,94.0,56.5,,(0.0000001856 + (0.9999566078 * (((exp((((((0.7269192338 * X1) + ((-2.0528504848) * X4)) + (-2.2984092236)) + (1.4262062311 * X3)) / sqrt(exp((2.7320213318 * X3))))) - ((((-0.1686105430) * X1) + (0.2566055059 * X4)) + ((-1.6227153540) - (0.4827564955 * X3)))) * (exp((((0.1149129719 * X2) + ((-0.2956746519) * X4)) + (0.0385834165 * X3))) - (((0.0001186921 * X4) / ((-0.0571444854) * X2)) + (exp(((0.1607223600 * X2) + ((-0.2182676792) * X1))) - (((0.2521822751 * X2) + ((-0.0368579179) * X1)) + (0.1624566466 * X4)))))) + ((((0.0201699734 * X1) + ((-0.1050298214) * X4)) + (-0.1800876409)) + (0.3389770389 * X3)))))
feynman_I_43_31,OperonRegressor,ok,3.0,0.9773290823497092,3.1424276953424437,92.0,92.0,51.3,,((-0.0000110687) + (0.9999709129 * (((exp(((0.0125203645 * X2) - ((-0.5242964029) * X1))) * ((((0.2649648786 * X3) - (((-0.6431404948) * X2) - (1.2091717720 * X1))) - 4.9242596626) - sin(((((0.2880187631 * X3) * ((-0.9852384329) * X2)) - ((0.3625745773 * X3) - (-0.1530049294))) + ((-0.3123580515) * X1))))) - (((-1.6646894217) * X1) - 4.7865390778)) - (exp(((((0.8812416792 * X3) - ((-0.0367540009) * X2)) - (sin(((8.8665981293 * X1) - ((-1.3602030277) * X2))) * (((0.0098610464 * X3) - ((-0.0186380558) * X2)) - (-0.0269878693)))) - ((-1.5132019520) * X1))) - exp(((0.8948295116 * X3) - ((-1.4618972540) * X1)))))))
feynman_I_43_43,OperonRegressor,ok,4.0,0.9763518690465306,0.2545787048726234,90.0,91.0,54.2,,((-0.0000001309) + (0.9999998808 * ((exp(((((-0.2669216096) * X3) - 1.7732182741) + ((0.4715842605 * X2) + ((0.4181273878 * X4) - (0.9115170240 * X1))))) + ((((-0.1370279938) * X3) + (((0.1288229376 * X4) - (0.0219505150 * X1)) - (((0.1487465650 * X4) ^ 2) + (-0.1676766872)))) * (exp((exp(((-20.9825687408) - ((-11.8027973175) * X2))) + (((-0.8173658252) * X3) - (((-0.1120716482) * X2) + (0.2893548012 * X1))))) + ((0.2998905182 * X3) - (((-0.3025077879) * X2) + ((-0.1239260286) * X1)))))) - ((0.6954131722 - ((0.0318288617 * X3) + (0.1170006022 * X2))) + exp(((-131.7413482666) - ((-75.0783157349) * X2)))))))
feynman_I_44_4,OperonRegressor,ok,5.0,0.997070525182466,1.4576069964574434,94.0,94.0,46.9,,(0.0030984518 + (1.0000314713 * (((((((((-86.9390029907) * X1) * (0.7694120407 * X1)) - (501.6340026855 * X2)) * ((0.0009669218 * X4) + ((-0.0009079487) * X5))) + (0.0163012184 * X2)) - ((1.3385620117 * X4) + ((-1.2640082836) * X5))) + 0.0894358754) * ((exp(((exp(((-0.3106185496) * X4)) - (exp(((-0.3592607677) * X3)) - ((-0.1873892844) * X1))) * ((-0.1381942481) + (exp((0.3685473800 * X4)) + (((-0.3724453747) * X4) - ((-0.0317120403) * X2)))))) * (((exp((0.4028888345 * X5)) - ((-0.0322556533) * X2)) + ((0.0989400819 * X4) + ((-0.6315530539) * X5))) / exp(exp(((-0.5511738658) * X1))))) - ((-0.0211644601) * X3)))))
feynman_I_47_23,OperonRegressor,ok,3.0,0.8438852289837225,0.2278369159578672,92.0,92.0,47.8,,((-0.0000032434) + (0.9995516539 * (((((exp(((0.2756189406 * X3) - (0.2326519340 * X2))) - ((-0.0287873764) * X1)) - (((-0.3615649641) * X3) - (0.1041635200 * X2))) * (((((0.0000227055 * X2) - (0.0000189835 * X1)) - (-0.0000383751)) * (exp(((-9.2913274765) * X3)) - (exp(((-9.1428956985) * X3)) - (((-1410.6845703125) * X2) - (3955.8872070312 * X1))))) - ((0.0623551272 * X3) - ((-0.3148374259) * X1)))) + ((exp(sin(((-0.6452931166) * X3))) - 1.6474207640) - ((-1.3243051767) * X1))) - (((-0.4250836670) * X2) - sin(sin(((0.7320885062 - (0.7462663054 * X1)) - (((-0.5472538471) * X3) - (0.1780087799 * X2)))))))))
feynman_I_48_2,OperonRegressor,ok,3.0,0.92187624757977,20.93679134962248,98.0,98.0,54.2,,((-0.0000886431) + (1.0001136065 * (((((0.1652095467 * X1) + (1.1219793558 * X3)) - exp((((-0.3340036571) * X1) + (0.2612013221 * X3)))) - (cos((3.1722369194 * X2)) / (((-82.3354415894) * X1) + (92.5145034790 * X3)))) + ((((((-0.1710848212) * X3) + (((0.0036113441 * X1) / (((-1.6862337589) * X1) + (1.1624876261 * X3))) + (0.3232016563 - ((0.2105554640 * X2) / ((-124.0037002563) * X1))))) - (((-0.0051642521) * X2) + ((0.0130584864 * X3) / (6.0741643906 * X1)))) / (cos((0.2657735944 * X2)) + ((-0.4622066319) * X3))) * exp((exp(((0.3243813217 * X1) + (0.5451592803 * X3))) + (((-0.3301082551) * X1) + ((-0.6191538572) * X3))))))))
feynman_I_50_26,OperonRegressor,ok,4.0,0.9416498604882604,0.5000575361485445,86.0,86.0,50.0,,((-0.0000018448) + (0.9988576770 * (exp((((0.4947572052 * X3) - ((-0.5299533606) * X2)) - (exp(sin((exp((0.1064208448 * X4)) + ((2.1544899940 * X3) - ((-3.0768795013) * X2))))) + (exp(((-0.2713475823) * X1)) + (-1.4754278660))))) + ((((((0.0505775735 * X3) - (0.1979290694 * X2)) + sin(((-2.6212177277) + ((2.7262346745 * X3) - ((-2.0357513428) * X2))))) + (cos((0.7591471076 * X1)) / 2.1036820412)) / exp(((exp(((-0.5025823712) * X4)) + ((-0.7459564805) * X2)) - (0.2492157221 * X1)))) + (((-0.9021376371) - cos((0.2716156244 * X1))) + exp((0.2477719635 * X4)))))))
feynman_I_6_2,OperonRegressor,ok,2.0,0.9501673357859955,0.0101687643496692,88.0,89.0,48.9,,((-0.0000171362) + (1.0000156164 * ((((((exp((0.9698095918 * X1)) + (((-0.3978318572) - (3.8495631218 * X1)) + cos(((-1.5883398056) * X2)))) * ((0.1113011539 * X1) + ((-0.1722592413) * X2))) - (((0.2887813151 * X2) + (-0.1673672199)) * (((-0.4189447165) * X1) - (cos(((-7.0323200226) * X1)) ^ 2)))) * cos(((-0.6101783514) * X2))) - (((-0.4351237118) - (exp(exp(cos(((-8.1451807022) * X1)))) * (((-0.0209546611) - (0.0117259342 * X1)) + (((-0.0000780293) * X1) / (0.0841689929 * X2))))) + (0.8291573524 * X2))) + (((0.0410246998 * X1) + ((-0.1012044400) * X2)) * sin(((-2.4777624607) * X2))))))
feynman_I_6_2a,OperonRegressor,ok,1.0,0.9921537917750008,0.0061243305934164,80.0,85.0,43.5,,((-0.0002913629) + (0.9998375177 * ((((((cos((((-13.8934173584) * X1) ^ 2)) - (-2.7066888809)) * (cos((((-13.8935661316) * X1) ^ 2)) + exp(((-5.9044885635) * X1)))) + (-6131.9995117188)) * ((-0.0000420969) * X1)) + ((((0.0907846838 * X1) - 0.0029582195) * (exp(sin(exp(((-6.1711692810) * X1)))) + ((exp(((-1.1052814722) * X1)) ^ 2) - cos(exp(((-6.0502834320) * X1)))))) + (exp(((-1.2400836945) * X1)) - ((-0.0027030557) * X1)))) + ((((-0.1720254719) * X1) * (((cos(exp(((-1.4930118322) * X1))) ^ 2) ^ 2) + ((-0.0442775674) * X1))) + (-1.3546946049)))))
feynman_I_6_2b,OperonRegressor,ok,3.0,0.9792483568054056,0.0085332680126976,96.0,96.0,52.6,,((-0.0035421625) + (1.0000008345 * ((((((((65.1208572388 * X3) + (31.8575363159 * X2)) - ((-35.6252479553) + exp(((-2.6383612156) * X2)))) * exp(((-1.9761757851) * X1))) * ((-0.0005143661) * X2)) - (0.3699925244 * X1)) - ((((0.3221264184 * X3) + ((-0.7625365257) * X2)) * ((-0.0017767607) * X3)) * (((((((-3.5077993870) * X3) + ((-42.2413291931) * X1)) + (0.1980307996 * X2)) - 88.1594696045) * exp(exp(((-0.8804628253) * X1)))) + (49.8519668579 * X3)))) + (((-0.0710799396) * X3) + (((((((-30.4546813965) * X3) + ((-10.5573759079) * X2)) * (0.0100762807 * X2)) - exp(((-0.7630169988) * X1))) * (0.3813583851 * X1)) - ((-0.1282172501) * X2))))))
feynman_I_8_14,OperonRegressor,ok,4.0,0.964054700337564,0.1952721797529721,92.0,95.0,51.7,,((-0.0000012003) + (1.0002487898 * ((sin((((-0.5575914979) * X2) - ((-0.0477191620) * X1))) + (((((((-0.3349149227) * X3) + (0.2617425919 * X4)) + 0.0632594302) + (sin(((0.4560703039 * X2) - (0.5823573470 * X1))) + (((-0.5658252239) * X2) - ((-0.5297924876) * X1)))) ^ 2) + ((sin(sin((((-0.6728714108) * X3) + (0.6869112253 * X4)))) + ((((-0.0444748364) * X2) + (0.0697212145 * X1)) + sin(((0.6019792557 * X2) - (0.5979301929 * X1))))) ^ 2))) + ((0.4790145457 * X2) + log(((((((-0.2729368806) * X3) + (0.2896233201 * X4)) + (((-0.2787334025) * X2) - ((-0.3551270962) * X1))) ^ 2) - (-0.1559022963)))))))
feynman_I_9_18,OperonRegressor,ok,9.0,0.928903560261264,0.0289082823323718,98.0,98.0,58.3,,(0.0242443532 + (1.0024552345 * (exp((((((((-15.5956869125) - ((-2.2804353237) * X1)) - (((-4.4400525093) * X3) + (0.8080003262 * X8))) + ((-0.1231437996) * X4)) + (1.2626621723 * X7)) + ((4.0560402870 * X9) - ((-1.7478277683) * X5))) + (((-3.9071383476) * X6) + (2.2858383656 * X2)))) + (((0.7349010110 * X3) - (sin((((-0.1557446718) * X1) + ((0.5959746838 * X3) + (0.2444611639 * X8)))) + (((-0.1874423325) * X9) - (0.0920514986 * X5)))) - sin(((0.3550636768 * X1) + ((((-0.2280429304) * X6) + (0.5065123439 * X2)) - ((((-15.5956869125) - (0.1342627257 * X5)) - ((0.2000997514 * X3) + (0.2214166522 * X7))) + (0.2537647486 * X4)))))))))
feynman_test_1,OperonRegressor,ok,7.0,0.9763717373636966,1.4770252631512164,96.0,96.0,50.8,,((-0.0006826012) + (0.9995390177 * (exp((exp(((-0.7078828216) * X7)) + ((0.5598455071 * X2) * (0.0806869864 * X4)))) * ((((((0.0245809201 * X5) - (-0.0540308394)) + ((0.0121814106 * X2) + ((0.0056980117 * X1) - (0.0073270574 * X3)))) - (0.0070777573 * X4)) / exp(((((((-0.2616360188) * X1) + ((-0.1761856675) * X2)) - (0.4502215981 * X4)) - (0.5701476336 * X3)) + (0.8512088060 * X6)))) - ((((((-0.0088655269) * X1) + (0.8545737267 * X7)) - (0.0156239355 * X4)) - exp((0.3279021382 * X7))) + ((exp(((-0.3089769781) * X7)) / 0.8353887200) + (((-0.0084944209) * X2) + ((0.8065387011 * X2) * ((-0.0100746406) * X4)))))))))
feynman_test_10,OperonRegressor,ok,3.0,0.9178554192875296,0.1488543447373278,92.0,92.0,62.0,,((-0.0009561388) + (1.0123271942 * ((((1.0576889515 * X3) - (-0.3568883240)) + (((sin((exp((1.3961192369 * X3)) - (0.5839754343 * X2))) * ((exp(((-0.1423463523) * X3)) - (0.0855964199 * X2)) - (0.1278802454 * X1))) - sin(sin((exp((1.3278799057 * X3)) - (0.7532482743 * X2))))) + ((((((0.3488751352 * X2) - (0.0409070067 * X3)) * exp((0.4149235189 * X3))) * cos((2.1793913841 * X2))) - ((-0.2229974270) * X1)) - ((-0.4000665843) * X2)))) - sin((((0.1575007439 * X3) - (0.2657299340 * X2)) + exp((((0.9002665877 * X1) - exp(((-0.1593044102) * X3))) - ((-0.1840017289) * X2))))))))
feynman_test_11,OperonRegressor,ok,4.0,0.6496874721460354,0.8161629544258289,88.0,88.0,53.4,,((-0.0000001863) + (0.9998808503 * (((((((((-0.2496731430) * X2) + (0.6300150156 * X1)) + ((0.1867746860 * X4) - (-1.8850607872))) * cos((((-0.5123793483) * X4) + ((-0.5860069394) - (0.2343788743 * X3))))) - exp((0.3102745116 * X1))) - 1.0554130077) + exp(((((0.6677957177 * X4) + ((-0.2093532830) * X2)) + sin(((-0.7475705743) * X3))) - ((0.6320082545 - (0.1909330189 * X3)) + ((-0.5660099387) * X1))))) - exp((((((0.6951963902 * X4) + ((-0.8960009217) * X2)) - 5.0049362183) + sin((1.6627320051 * X2))) - ((sin(((-5.8663768768) * X3)) + (1.3421992064 * X3)) + ((-1.7372992039) * X1)))))))
feynman_test_12,OperonRegressor,ok,5.0,0.924991855240076,4.342848173913054,90.0,90.0,50.6,,(0.0006031279 + (0.9984515309 * ((sin((4.4542021751 + ((-0.2480985373) * X1))) + exp(((((((-2.3353521824) * X2) + (0.7213567495 * X3)) - (5.4845914841 + ((-1.0473378897) * X1))) - (0.2353858948 * X4)) + sin((((5.2348155975 * X2) + (1.8425154686 * X3)) - sin(((0.7478945255 * X2) + ((-2.5952258110) * X1)))))))) + (((0.0112644574 * X4) + (0.0791565627 * X3)) + exp(((((((-0.6328635216) * X2) + (0.7065091133 * X3)) - (1.0123561621 + ((-0.1629341096) * X1))) - ((-0.0899217725) * X4)) + sin((sin((2.0965855122 + ((-0.7058293819) * X1))) - (((-0.0953544974) * X4) + (0.5626786351 * X3))))))))))
feynman_test_13,OperonRegressor,ok,5.0,0.9764540039890406,0.0027786143267586,94.0,94.0,55.6,,((-0.0007491455) + (0.9994197488 * (((((((-0.0241200011) * X5) + ((0.8955312371 + ((-0.1676953882) * X1)) + (((-0.2678497434) * X2) - ((-0.4188110530) * X3)))) / exp((cos((0.7258520126 * X4)) - ((0.5384606719 * X2) - (0.2118943036 * X3))))) - ((0.1721264422 * X5) + ((0.5301970243 + ((-0.0958363041) * X1)) + ((0.1402763128 * X2) - ((-0.0231526680) * X3))))) + (((((0.0274915155 * X4) - exp((0.2685287595 * X2))) + (0.1400157064 * X3)) + exp(((((-0.0353194289) * X4) - (((-0.3104452789) * X2) - ((-0.2418234944) * X3))) + (0.0844236910 * X1)))) / cos((0.7068093419 * X4)))) * exp(exp(((-0.4163998663) * X5))))))
feynman_test_14,OperonRegressor,ok,5.0,0.6420959795796464,7.977311645009516,92.0,92.0,45.3,,((-0.0707571357) + (0.9949205518 * (sin(((-3.1825678349) * X2)) * ((((((((17.5793609619 * X3) + 20.8952713013) + ((-14.9471912384) * X4)) / exp(((-0.3583872616) * X4))) / exp(((-0.0204498135) * X4))) - ((exp(exp(((-1.2449841499) * X3))) / ((-870.3405151367) * X2)) + ((-6.5302014351) * X1))) / ((-132.8605651855) * X2)) + (((2529.3908691406 * X2) - (((-150.0602874756) - (529.3043823242 * X2)) * (((15.0080232620 * X3) + ((-10.6124601364) * X4)) / exp((0.5193632841 * X3))))) * (((-0.0000243233) - (0.0000091080 * X5)) - ((0.0000190499 * X1) - ((((-0.0000034218) * X2) + (0.0000040259 * X5)) / sin(((-3.3386511803) * X2))))))))))
feynman_test_15,OperonRegressor,ok,4.0,0.938913270892087,0.346629465489476,88.0,88.0,54.7,,((-0.0045667021) + (1.0000277758 * ((((0.9156970382 * X3) - (-0.0815709680)) / (((-41.3249092102) * X3) - cos(((-3.0261745453) * X4)))) + (((((cos(((-3.8381655216) * X4)) - (exp((0.1074776649 * X1)) - ((0.2565923333 * X3) - (-0.7567344904)))) / ((19.9887351990 * X4) - 8.2755022049)) * (((-0.8389453888) * X3) - exp(((-0.2323562056) * X1)))) - (((-0.8351362348) * X3) - ((((-0.0083663352) * X3) - 0.0072776619) / cos(((-3.4691607952) * X1))))) - ((((-0.2758041024) + ((0.0286967121 * X4) - (0.0998305902 * X2))) + ((-0.0916671455) * X3)) * (cos(((-2.0309209824) * X4)) / exp((0.6215771437 * X1))))))))
feynman_test_16,OperonRegressor,ok,6.0,0.9793471465975608,3.5093423206964647,90.0,90.0,65.9,,((-0.0002301150) + (0.9988619685 * ((exp(((((((-0.0113142105) * X2) - 0.0510026664) * (((-8.7009010315) * X4) + (((-1.9669123888) * X3) + ((-5.8980741501) * X5)))) - (((0.2279076874 * X3) - (-0.4577335119)) + ((-0.1609027833) * X6))) + ((-0.2625938654) * X1))) - ((((((45.7565994263 * X2) - exp((2.8681323528 * X3))) + (15.9441919327 * X4)) * ((0.0010239793 * X4) + (((-0.0015635203) * X1) - (-0.0017791782)))) + cos(((0.4405919611 * X1) - 2.9056055546))) - (-4.5073671341))) + exp(((cos((((0.0384262651 * X5) - (0.0586869270 * X1)) + (0.1926328242 * X6))) - ((-0.2819158137) * X2)) + (0.2354823351 * X1))))))
feynman_test_17,OperonRegressor,ok,6.0,0.9916847740820764,129.9688926042336,89.0,89.0,71.5,,((-0.0000192920) + (0.9998006821 * ((((exp((((-83.5532531738) * X6) - exp(((-28.1896724701) * X6)))) - (((-1.0493777990) * X6) - ((-0.2510577142) * X2))) - (((-0.6060224175) * X1) - exp(((0.1008535847 * X4) + (exp(((-0.1352504790) * X1)) - ((-0.0888865963) * X2)))))) * exp(((((exp(((-0.4056296647) * X4)) - (0.0513872504 * X6)) - exp((((-0.8327868581) * X5) + ((-0.1702053845) * X2)))) - (exp(((-1.0477263927) * X1)) - exp(((-0.9323856235) * X1)))) + (exp((0.2864812911 * X5)) - exp((((-0.0432709046) * X1) + exp(((-0.2417893261) * X2)))))))) + (((-0.0099795870) * X5) - 0.7456142306))))
feynman_test_18,OperonRegressor,ok,5.0,0.9696676511043676,0.1368381230978622,92.0,93.0,61.8,,((-0.0000014160) + (1.0001078844 * (exp((exp((((0.1651086062 * X5) + ((-0.6021593809) * X3)) - (exp(((-0.3298507035) * X2)) + (((-1.1533339024) + (0.2391544133 * X2)) + (0.0865781605 * X4))))) + ((((exp(((-4.3052439690) * X1)) + ((-0.1488622576) * X1)) - exp(((-4.3051972389) * X1))) + exp((((-0.3445505500) * X1) + (0.1741156876 * X4)))) + (((-3.3169000149) + (0.2894034684 * X3)) + (0.0907181650 * X4))))) + ((((0.0441643298 * X5) + (0.0133351739 * X2)) + ((((0.1502681673 * X1) + (0.0516036712 * X2)) + ((-0.2156060189) * X4)) ^ 2)) + (((-0.7154759169) + ((-0.0733842552) * X1)) + (0.2777145803 * X4))))))
feynman_test_19,OperonRegressor,ok,6.0,0.9780713231671444,3.0023233558986813,94.0,94.0,75.2,,(0.0000598290 + (0.9985905290 * ((((exp(((0.2337905318 * X4) + ((-0.2899529338) * X6))) - (((-0.0335628241) * X2) + (0.5881394744 * X4))) * (((-1.1548532248) - (0.3745894134 * X5)) + ((-0.0069994316) * exp(((1.3472989798 * X6) - (2.1880800724 * X3)))))) + (exp(((0.1654745936 * X5) - (0.2170269787 * X1))) + (0.4492643178 * X5))) / exp(((((0.2850420773 * X1) + ((((-0.4066077471) * X6) * ((-0.1836425215) * X1)) + (((-0.2428916693) * X4) + ((-0.2974863946) * X6)))) + exp((((-7.7211012840) - ((-3.4526650906) * X5)) + ((1.1573899984 * X6) - (0.8973131180 * X3))))) + (((-0.1611455232) * X1) * (0.4218000174 * X1)))))))
feynman_test_2,OperonRegressor,ok,6.0,0.979523514594718,0.1903063013982901,94.0,94.0,70.7,,((-0.0000730994) + (0.9999921322 * (exp((((exp(((0.1489461064 * X1) - (0.5053904653 * X3))) + (0.2364859432 * X1)) - (((-0.0756309554) * X4) + (0.0401908234 * X5))) - (0.2413476557 * X3))) * ((((((0.0039320742 * X6) + 1.3204735518) + (0.0354279801 * X2)) - exp((((-0.1179442853) * X1) - (0.0953708068 * X3)))) - (0.1843920052 * X1)) * (((sin((((1.7645680904 * X5) + 1.4391772747) + ((-1.7494289875) * X6))) - (0.2833444476 * X3)) - ((exp((((-0.2842299640) * X1) - ((-0.1075894460) * X3))) + (0.1183290631 * X1)) + ((-0.1691038460) * X2))) + ((((-0.0282811951) * X5) + 0.8807857037) + (0.0277406611 * X6)))))))
feynman_test_20,OperonRegressor,ok,7.0,0.9418216884192095,0.8594847583244489,92.0,92.0,62.2,,(0.0000034010 + (1.0000057220 * (((((((-0.0001389123) * X5) * ((exp(((-3.3154196739) * X5)) - ((60.8003959656 * X3) - ((-45.2898254395) * X4))) * ((0.2589564621 * X4) - ((-0.3300072253) + ((-0.0328867361) * X2))))) - (((-0.0087783989) * X4) - (0.0138337910 + ((-0.0018067155) * X2)))) / exp((((((-0.6789252758) * X3) + ((-0.8193467259) * X2)) - exp(((-0.8252360821) * X1))) + (0.8727328181 * X6)))) - (((0.2004330605 + ((-0.0072612548) * X2)) + (0.0819891542 * X6)) / sqrt(exp(((0.4604692757 * X6) - (exp(((-0.4725116491) * X6)) - (((-1.4543370008) * X5) - ((-0.0085633630) * X1)))))))) / exp((0.7327492237 * X5)))))
feynman_test_3,OperonRegressor,ok,4.0,0.9524239237420896,0.429982277376345,86.0,86.0,71.1,,(0.0004231436 + (0.9991853833 * ((((((49.4119300842 * X4) - 90.4659881592) + ((37.5014152527 + (12.2529077530 * X1)) * (((0.0911041349 * X4) - exp((0.1034041420 * X4))) - ((-0.0222126395) * X2)))) - ((-12.9038047791) * X1)) * sin((sin(((-0.3197459280) * X2)) + (sin(((0.0319322571 * X3) - ((0.1224742085 * X4) - (-4.6625609398)))) * (((((-0.0827180520) * X4) - ((-0.2962738574) * X2)) - (-3.6561467648)) + exp(((-0.0401018150) * X1))))))) + (((49.3232002258 * X4) - 127.9885711670) + ((exp(((-0.0710972026) * X4)) - 0.7066767216) * exp(((0.6877347231 * X2) + (0.8344820738 * X1))))))))
feynman_test_4,OperonRegressor,ok,5.0,0.7627893881777852,0.2585468471422775,89.0,91.0,68.0,,(0.0026375074 + (1.0054373741 * ((((cos((((0.7949061394 * X1) + (0.1823725700 * X4)) - ((((-0.0465790033) * X2) + ((-0.6083036065) * X3)) - (1.5003092289 + ((-0.1297584325) * X5))))) - (((-0.4290156960) * X2) + 0.1431425959)) + (0.0994674042 * X3)) + ((((0.1829824150 + ((-0.4182054102) * X1)) + ((0.1175281331 * X2) + (0.1075478941 * X3))) ^ 2) ^ 2)) - (cos(((exp(((-1.2161324024) * X2)) / (0.5548231006 * X3)) - (exp((0.8103855252 * X5)) + (0.2166004032 * X1)))) * ((exp(((-0.2750430703) * X5)) + ((-0.1655229181) * X3)) - (exp(((-0.1878173649) * X1)) - ((-0.0839221850) * X2)))))))
feynman_test_5,OperonRegressor,ok,4.0,0.818058756022162,1.3801448553816331,92.0,92.0,76.0,,(0.0000592801 + (1.0000958443 * ((exp(((exp(((-0.5817024708) * X2)) - (((-1.3962001801) * X1) + (((-0.2257663161) * X2) + 5.1985626221))) - (0.3727913797 * X3))) * ((exp(((-1.3101763725) * X4)) - ((5.7941346169 * X1) + (((-3.0341143608) * X2) + (-14.6944675446)))) + (exp((((-0.2099370807) * X2) + ((-1.7877306938) * X3))) + ((((((-1.8566666842) * X2) + ((-0.4388608634) * X3)) - exp(((-3.0838692188) * X3))) - exp(((-3.0625166893) * X3))) * (exp(((-0.5863292217) * X3)) + (1.5529904366 * X3)))))) - ((0.0695662051 * X3) + ((0.0837826207 * X4) + (((-0.6305892467) * X1) + ((0.1364654750 * X2) + 0.3830175996)))))))
feynman_test_6,OperonRegressor,ok,7.0,0.7283521451030185,0.188021785282462,86.0,86.0,94.6,,((-0.0000022481) + (1.0000087023 * (exp(((((((-0.2986208200) * X6) + exp(((-0.6736067533) * X6))) + (((0.0125088356 * X4) + (0.5803189278 * X2)) + ((0.6642496586 * X1) + ((-0.5931792259) * X5)))) - exp(((-36.3341369629) + (22.7409458160 * X2)))) + (exp((0.2311311513 * X7)) + (cos(sin((209.7039184570 * X2))) - (6.1540436745 - (exp(((-0.1676666141) * X3)) * exp(((-0.4600860476) * X4)))))))) + ((0.0431046262 * X6) + (exp(((-400.3608703613) + (243.6036682129 * X2))) + ((0.4711907506 * X1) - (0.4594127834 - (exp((0.0890414417 * X7)) * sin(((-0.5456461906) * X1))))))))))
feynman_test_7,OperonRegressor,ok,5.0,-3.0702099585307367,2.9237434402279296,96.0,96.0,71.5,,(0.0010635244 + (1.0000314713 * (((((sin((0.2260683924 * X1)) + ((-0.2259090692) * X1)) - ((-0.0027390027) * X2)) / (((0.0746765584 * X5) + ((0.2004182190 * X2) + ((-0.0555820689) * X5))) - ((-0.1254136860) * X4))) - (sin(((1.1479015350 * X1) + ((-0.5435155034) * X5))) * (((-0.1838652790) * X2) + (0.1206943095 * X1)))) + ((((0.0758148283 * X5) + (sin((((-5.2691473961) + (3.3055562973 * X1)) + ((-1.8093283176) * X2))) / (((8.6302156448 + ((-29.5347652435) * X1)) + ((-2.1664109230) * X4)) - ((-26.8946857452) * X1)))) - ((-0.3233954608) * X2)) - (sin(sin((((-0.5887614489) * X2) + (0.5752411485 * X1)))) + ((-0.8480875492) * X1))))))
feynman_test_8,OperonRegressor,ok,4.0,-0.5439398637827539,0.6100176948763552,90.0,90.0,67.6,,(0.0001703090 + (1.0005502701 * ((exp((((-0.3899399936) * X4) + (0.0744290575 * X3))) - (((((-0.0366040058) + (0.0166457389 * X1)) - ((-0.0042877239) * X3)) + ((-0.0066384226) * X4)) * exp(((exp(((-0.6940544844) * X4)) - ((-0.2833343744) * X3)) + ((0.3500037491 * X2) + (2.1182043552 * X1)))))) + ((cos((((-0.4258380532) * X3) - ((-0.6458294988) * X1))) - (cos(((-1.8658189774) + (0.6383855343 * X3))) + (((1.9310412407 + ((-1.0515518188) * X3)) - (0.3918753564 * X1)) + ((-0.2611730695) * X2)))) - exp((exp((((-0.5241951346) * X4) + (0.1002371758 * X3))) + ((0.4159424007 * X2) + (-2.3143448830))))))))
feynman_test_9,OperonRegressor,ok,5.0,0.9723790605598368,698.1606870092124,96.0,96.0,72.8,,((-0.0000069061) + (1.0000623465 * (((exp((((-0.8065760732) * X5) - ((-0.0857632607) * X3))) * ((((-0.0004613198) * X4) + (0.0004685983 * X2)) * exp((((-2.5522837639) * X2) + (1.1482406855 * X1))))) + (((exp((((0.5532925725 * X2) + ((-0.6899065375) * X3)) - (((-0.4178654552) * X5) + (0.4715146124 * X4)))) + ((((0.0048594917 * X5) - (0.0054098642 * X3)) + ((-0.0044411817) * X1)) * exp((((-1.2180629969) * X5) + (0.7028733492 * X4))))) - (((-0.0646883324) * X3) + (0.0673799664 * X1))) + (-0.2743202150))) * exp((((-0.6300004125) * X2) + (((0.7366241813 * X3) + (-1.1973289251)) + (((-0.4691088200) * X5) + (0.5316696763 * X4))))))))
first_principles_absorption,OperonRegressor,ok,1.0,0.8197443481903878,0.5621620988315709,52.0,54.0,22.4,,((-0.0000031888) + (0.9999934435 * ((((sin(sin(((-5.2562785149) * X1))) - sin((4.9820280075 * X1))) - ((2.1175174713 * X1) + (-13.8579444885))) * ((0.1182132363 * X1) + 0.0256663486)) + (cos((cos((sin(sin((2.8364768028 * X1))) - (sin(((-3.2048635483) * X1)) ^ 2))) ^ 2)) - cos((sin(sin(sin(sin((3.6296114922 * X1))))) - (-0.3672150970)))))))
first_principles_bode,OperonRegressor,ok,1.0,0.0883069244041119,2.138810691975783,27.0,29.0,14.5,,((-0.0000046392) + (0.9999960065 * (cos(((-1.5400665998) ^ 2)) + (((0.6607295275 + cos((cos(((-27.1461048126) + (74.3922576904 * X1))) + (74.4059982300 * X1)))) ^ 2) / sin((20.6673698425 * X1))))))
first_principles_hubble,OperonRegressor,ok,1.0,-108.41031294508078,2609.523723648876,84.0,84.0,45.6,,(0.0000247865 + (1.0004354715 * ((3.5340886116 - ((-0.2076931298) * X1)) - (((((-0.9867142439) + cos(sin(((-1.8754462004) - (123.2258224487 * X1))))) + (exp(((-3.6859376431) * X1)) / (38.1854782104 * X1))) * (((sin((10.3064813614 * X1)) / (1.3116437197 * X1)) / (0.8255522251 * X1)) - (6.5060901642 + ((sin((121.1150512695 * X1)) * 2.2797069550) + (1.7166132927 * X1))))) + ((((((3.7827680111 * X1) + sin((10.8569450378 * X1))) * (sin((10.5243816376 * X1)) / (1.0147850513 * X1))) + 0.2854663432) + sin((5.6445012093 * X1))) * sin((9.5384540558 * X1)))))))
first_principles_ideal_gas,OperonRegressor,ok,3.0,0.4533028983792018,1.2471212730793635,88.0,91.0,47.2,,(0.0019313691 + (1.0025327206 * (((exp(cos((((((-1.6694796085) * X2) * (0.7370905876 * X1)) ^ 2) - ((1.7795151472 * X3) - (-2.3283448219))))) * (((((-1.6570959091) * X2) * (0.0498467050 * X1)) + exp(((-0.4490736425) * X3))) - ((((-0.0984981805) * X2) + (((-0.1286532134) * X3) - (-1.2859838009))) - (0.9872332811 * X1)))) - sin(((-15.4037714005) + (((-4.9858136177) * X1) + (1.7418150902 * X3))))) - ((((((-0.0290016904) * X2) + (((-0.6646178365) * X3) - 0.1870917529)) * ((sin(((1.3925927877 * X2) + ((-5.5437150002) * X3))) ^ 2) ^ 2)) / exp(((-0.8306812644) * X3))) - ((-0.6868748069) * X1)))))
first_principles_kepler,OperonRegressor,ok,1.0,0.759634915956517,33.566364257575955,18.0,19.0,5.7,,(1.0000001192 * ((((0.4487434030 * X1) ^ 2) - ((-0.6207117438) * X1)) + (sqrt(exp((0.4847430885 * X1))) - 1.2322478294)))
first_principles_leavitt,OperonRegressor,ok,1.0,-2.22241407555417,1.9078524972689284,89.0,89.0,41.0,,((-0.0000299318) + (0.9996107221 * (((((((225.1410827637 * X1) * sin(((-130.5805206299) * X1))) / ((-291.8562622070) * X1)) - sin((sin(((-21.9345130920) * X1)) + ((-12.2962751389) * X1)))) - ((0.9076189399 * X1) - cos((sin((16.3839855194 * X1)) / ((-0.5831403732) * X1))))) + ((sin(((-28.9888629913) * X1)) + ((2.3561804295 * X1) + 0.0430363379)) / ((-12.1591567993) * X1))) + cos(((cos((((140.3653411865 * X1) * sin(((-131.9672241211) * X1))) / ((-339.6027221680) * X1))) - sin(((-4.3237218857) * X1))) - ((1.6583125591 * X1) - cos((sin((15.1120891571 * X1)) / ((-0.2255550921) * X1)))))))))
first_principles_newton,OperonRegressor,ok,3.0,0.7807849121612491,5.4537295695550645,88.0,88.0,43.7,,((-0.0001392478) + (1.0105426311 * ((cos(((((((-28.9728698730) * X1) * (0.7687389255 * X1)) + (cos((1601.3472900391 * X2)) * ((-22.9635353088) * X1))) - exp(((-33.8387794495) * X3))) / (-16.4064159393))) + (((-31.4852886200) * X1) * ((-0.0362387858) * X1))) - (((cos(((1159.1722412109 * X2) + (-737.0834960938))) * 0.1654170752) - (((-1.0000714064) * X1) + ((cos(((-317.2579650879) * X2)) * ((-0.1739895940) * X1)) * (7.3408732414 * X1)))) - ((-0.0783504695) + (cos((7.3533611298 * X1)) / ((((-1.5350145102) * X1) * 9.0007991791) + ((cos(((-312.3293762207) * X2)) * (5.2822389603 * X1)) * ((-5.7785177231) * X1)))))))))
first_principles_planck,OperonRegressor,ok,2.0,0.5732977684238649,189.67762787797344,88.0,88.0,55.1,,(0.0007961473 + (1.0003325939 * ((((exp(((-23.9596176147) * X1)) * ((0.0547165051 + ((-24.6650104523) * X1)) + ((0.9372674823 - (0.0000039027 * X2)) + (25.0277328491 * X1)))) - (sin(((-0.5838260651) * X1)) + (exp(((-23.5461063385) * X1)) + (((-0.2672110498) - (0.0600731112 * X2)) + (0.9313811064 * X1))))) + ((0.3998589814 * X2) * (((-0.0354299732) * X2) + (0.2185118347 * X1)))) + ((exp(((-9.6334142685) * X2)) * ((2.6512584686 + ((-0.3477119803) * X1)) * (((-0.0000522898) - ((-0.0000454945) * X2)) + ((-0.0002831648) * X1)))) + ((0.0620118342 + ((-0.2775485516) * X1)) * sin(((-4.6018457413) * X1)))))))
first_principles_rydberg,OperonRegressor,ok,2.0,0.658730361222911,0.9107552690404686,87.0,87.0,48.6,,((-0.0000057994) + (1.0000134706 * ((((((0.3716526031 * X2) - ((-10.5389318466) * X1)) - (9.0154438019 * X1)) * ((0.0948047265 * X1) + cos(sin(((-1.0082473755) * X2))))) - (0.6613485217 * X2)) + (((cos((((17.4155292511 * X1) + (36.9554710388 * X2)) + 6.9825959206)) - (((-2.1386146545) * X1) + (((-0.6215782166) * X1) + (1.6118503809 * X2)))) * (((2.7406179905 + ((-2.3831124306) - ((-2.0835862160) * X2))) - 0.4232574701) + (((-0.0578358062) * X1) + ((-2.2508296967) * X2)))) + (cos((((18.2200508118 * X1) + (36.4325218201 * X2)) + 6.4868068695)) / (((-5.8288278580) * X2) + (-0.4304938614)))))))
first_principles_schechter,OperonRegressor,ok,1.0,0.1547621419578166,3.507822807579498,68.0,68.0,39.0,,(0.0027649065 + (0.9916697145 * (((cos(cos(exp(((-11.9941158295) * X1)))) + ((-0.8197471499) * X1)) - (exp(((-7.2680516243) * X1)) - ((cos(exp(((-6.5285286903) * X1))) + exp(((-7.3270330429) * X1))) - cos(cos(exp(((-15.6434116364) * X1))))))) - (cos(cos((exp(((-0.0310465991) * X1)) - cos(exp(((-11.2539672852) * X1)))))) - ((cos((cos((-0.7716578245)) - cos(exp(((-11.2377548218) * X1))))) - cos(exp(((-11.2431020737) * X1)))) + (-0.4935511649))))))
first_principles_supernovae_zg,OperonRegressor,ok,1.0,0.9846427788111096,0.0323509682230393,71.0,71.0,57.3,,((-0.0027373950) + (1.0016988516 * (sin(cos(exp((((-0.4066925645) * X1) + 1.4403601885)))) * ((2.3405866623 + sin(((-1.8369276524) + cos(exp(((-4.6875357628) * X1)))))) - (((cos(exp(((-4.8693876266) * X1))) + (((-3.1620039940) + exp(((-1.5384682417) * X1))) - exp((((-3.0782432556) * X1) + (-2.4143030643))))) * (((0.4006233513 * X1) + exp((((-3.9184014797) * X1) + (-6.1326594353)))) - cos(exp((((-1.2733080387) * X1) + (-0.3475887179)))))) - cos((0.1208080500 + cos(exp(((-4.8436994553) * X1))))))))))
first_principles_supernovae_zr,OperonRegressor,ok,1.0,0.9772380908624988,0.0368505181777638,82.0,83.0,54.9,,(0.0005235214 + (0.9996603727 * ((((((((0.2219673693 + (0.4751792252 * X1)) * sin((56.5979614258 * X1))) / ((-0.4301875830) + ((-0.9278358221) * X1))) + 0.7986010909) - ((-0.0027078760) / sin(sin((3.2872769833 * X1))))) + ((sin(((-5.0428061485) * X1)) - sin(sin((1.4466061592 * X1)))) + (((-0.7407740951) * X1) + (sin((3.2559313774 * X1)) * ((-2.0005486012) * X1))))) * ((((((-0.0097313458) + ((-0.0214728713) * X1)) * sin((55.0811347961 * X1))) / sin((1.9706023932 * X1))) + (0.3485082090 + ((-0.2150672376) * X1))) ^ 2)) - sin((0.9576577544 * X1)))))
first_principles_tully_fisher,OperonRegressor,ok,1.0,-4.758763186427367,2.2310153973822078,58.0,58.0,16.1,,((-0.0000138438) + (1.0000002384 * ((((sin((sin((112.4042739868 * X1)) - (2048.7082519531 * X1))) + (((sin((95.6018371582 * X1)) + ((-10.5077705383) * X1)) / ((-30.1107387543) * X1)) + (((-0.0157673713) - ((-0.7714313269) * X1)) * (sin((113.2786865234 * X1)) - (16.3124504089 * X1))))) / ((-2.2407302856) * X1)) + (sin((113.8295593262 * X1)) * ((-0.7763714194) * X1))) - (6.2055263519 * X1))))
nikuradse_1,OperonRegressor,ok,2.0,0.9154029774117076,0.026926033963063,86.0,86.0,55.1,,(0.0000558255 + (1.0101525784 * ((((exp(((-1.0750596523) * X1)) - (((-0.3318630159) * X2) - (-0.7633572817))) + ((-0.0721737593) * X1)) - sin(((exp(((-0.4378858209) * X1)) + (0.7117332220 * X2)) + sin((((-0.0501506403) * X1) + (((1.5355238914 * X2) + (-0.1114103422)) + exp(((-0.9598025084) * X1)))))))) + ((((0.0046070763 * X2) / (exp(((-0.0433568284) * X1)) + (0.5613143444 * X2))) - exp(((-1.6082477570) + sin((((-27.6635055542) * X2) + (((-2.0968191624) * X2) - (-1.5915545225))))))) - (((5.3068695068 * X2) + exp((0.7446549535 * X1))) / (((-154.1684570312) * X2) - 94.4397048950))))))
nikuradse_2,OperonRegressor,ok,1.0,0.507269541128704,0.1688773350895977,80.0,80.0,54.4,,(0.0170733985 + (0.9952969551 * (((cos(cos(((-10.3419322968) * X1))) - (1.9470639229 - (0.8767783642 * X1))) - (cos((cos(((-5.1665229797) * X1)) + (cos(((-8.7993516922) * X1)) * 13.9182643890))) * (0.4988712072 - ((-0.1826763302) * X1)))) * ((0.4988712072 - (0.3040715456 * X1)) - (cos(cos(((-7.6134839058) * X1))) * (cos((cos(cos((8.9331293106 * X1))) - (cos((0.9355130792 * X1)) - (0.5722502470 + (2.0823793411 * X1))))) + cos(((cos(((-9.9776668549) * X1)) * ((-0.2457084209) * X1)) + sin(sin((21.4559497833 * X1)))))))))))
solar_flare,OperonRegressor,ok,10.0,-0.0095304376496034,0.9729006826702656,90.0,91.0,46.5,,(0.0031283849 + (1.0044512749 * (((exp((((-0.0256827809) * X4) - sin(((-6.6576313972) * X3)))) ^ 2) * sin(sin((((((-0.6399320364) * X7) + (0.3118123412 * X6)) - exp(((-0.1914031208) * X2))) + ((sin((8.7595958710 * X1)) + ((-0.4793363214) * X5)) + sin(((-3.3728835583) * X1))))))) + (((sin(((-2.9319937229) * X1)) + (sin((9.7811613083 * X1)) + (0.7797169685 * X5))) + (exp((0.1554891467 * X2)) * ((2.6812484264 * sin((1.2474536896 * X3))) + ((0.0590349920 * X7) - ((((-0.4013793766) * X1) + ((-0.2273882627) * X2)) + (0.7281444669 * X5)))))) + sin(((-2.9232666492) * X9))))))
strogatz_bacres1,OperonRegressor,ok,2.0,0.9982926892295988,0.0645285663174514,92.0,92.0,44.6,,(0.0000146004 + (0.9999760389 * (((((((0.3327898383 * X1) * ((-10.2656822205) * X1)) + (((-31.5615158081) * X2) + ((-2.9235267639) * X1))) * ((-0.0070266798) * X1)) + ((((-0.2652112842) * X1) + ((-0.5950679779) * X2)) - cos((((-0.8247595429) * X2) + ((-10.1203899384) * X1))))) - (0.3613356650 - (cos(cos((((-1.5871942043) * X2) + 0.0241978336))) * ((((-0.1750262380) * X2) + ((-0.2927178442) * X1)) - (-0.4535365105))))) + cos(((((((-10.1123123169) * X1) + (((-5.5412464142) * X1) * ((-0.0025703427) * X1))) - (((-0.1954114735) * X2) * cos(((0.1669542193 * X1) * (4.3636813164 * X1))))) - (0.9979895949 * X2)) + (-0.0202807914))))))
strogatz_bacres2,OperonRegressor,ok,2.0,0.9766584968306188,0.3124631690394209,92.0,92.0,46.1,,(0.0000002229 + (0.9999213815 * (((((((((-0.0669961497) * X1) + ((-0.4503631294) * X2)) + cos(((22.5240020752 * X1) + (0.1779053807 * X2)))) - sin(((24.3049545288 * X1) + (2.9604604244 * X2)))) * ((-0.0684725866) + (((-0.2262390256) * X1) + (0.0970962420 * X2)))) - ((0.0236693695 * X1) + ((-0.0654899701) * X2))) * (sin(((24.0233573914 * X1) + (1.3292214870 * X2))) - (-0.1055941507))) + ((1.1277065277 + sin(sin(((-2.4614975452) * X2)))) + (((0.9584653378 * X1) + ((-1.4898992777) * X2)) - (exp((((-0.3293337524) * X2) + (0.5167990923 * X1))) - sin(((0.0217247233 * X1) + (2.1706619263 * X2)))))))))
strogatz_barmag1,OperonRegressor,ok,2.0,0.981287923519041,0.024424251964252,88.0,88.0,59.7,,(0.0000919465 + (0.9999955297 * ((((cos(((-3.1854443550) * X2)) + (0.6231847405 + (0.0901714563 * X1))) * ((0.8104149699 + (8.3447895050 / ((-6.0206685066) * X2))) - (0.3595053852 * X1))) + ((-0.7253570557) * X1)) + (((((0.8371108770 + ((-0.3213171959) * X1)) - (0.3617287278 * X2)) - cos(cos(((-2.7167496681) * X2)))) + ((((cos(((-0.8246031404) * X2)) * sin(((-4.9676260948) * X1))) - ((-26.4465236664) * X2)) - (25.6245193481 * X2)) * (0.1554945409 * X1))) * cos((((((7.9541420937 * X1) * 0.0082953554) - ((-0.5123902559) * X2)) * exp(((-1.9732018709) * X1))) - (0.3058290780 * X1)))))))
strogatz_barmag2,OperonRegressor,ok,2.0,0.9976354739420252,0.0122539049592385,84.0,84.0,47.6,,(0.0001076569 + (1.0000276566 * ((((((-169.6002349854) * X1) + (-568.7279052734)) / (391.1247253418 * X2)) - ((((((-0.0000782026) * X1) - (-0.0000321934)) * sin(((((-11.1333284378) * X2) - (-2.0576980114)) * ((223.0694122314 * X1) + (-569.0606079102))))) * (-569.0571289062)) + ((-2.4035396576) * X2))) - (((sin(((-1.0116342306) + (((221.3740692139 * X1) + (-567.8507080078)) / (37.4726257324 * X2)))) * (0.1852740198 * X1)) + (((170.6526031494 / (660.9725952148 * X2)) + ((((-0.2914937437) * X2) - 2.4436919689) - (((-0.3013876975) * X2) * (1.3889660835 * X2)))) + ((-0.0597458445) * X1))) * sin((3.3880307674 * X2))))))
strogatz_glider1,OperonRegressor,ok,2.0,0.9956101542939824,0.0500573812066257,76.0,76.0,45.6,,((-0.0000105446) + (0.9998642206 * ((((cos((0.8920896649 + ((-8.3404006958) * X2))) - ((-0.7903926969) + sin(cos(((-29.8711051941) + ((-19.2762355804) * X2)))))) * (((0.0473929979 + ((-0.0176291224) * X2)) + (0.0469632223 * X1)) * sin(cos(((-29.3267078400) + ((-18.8225097656) * X2)))))) - exp((0.3712272346 * X1))) + (cos((4.6422853470 + (cos(((-3.0196564198) + (7.5217666626 * X2))) - ((-0.1450535059) * X1)))) + (cos(((-4.7322969437) + (7.5094490051 * X2))) - (cos((3.1352305412 * X2)) - (1.2154898643 + cos((3.1695067883 * X2)))))))))
strogatz_glider2,OperonRegressor,ok,2.0,0.9799326122707608,0.1163055384739632,82.0,82.0,50.2,,((-0.0000001167) + (0.9999386072 * (((((((-0.1255275756) - ((-0.3408950269) * X1)) * (sin(((-0.5744498372) - (0.7854865193 * X1))) * sin(((71.1177139282 * X1) - (10.1836042404 * X1))))) + exp(((-9.3383636475) - (6.9899773598 * X1)))) + (-0.6133294106)) * ((((-0.9685466290) * X1) - sin((((-0.0785790756) - (1.9393068552 * X1)) + ((-2.6101469994) * X2)))) + (((0.1694055796 * X1) * sin(((66.8686676025 * X1) - (-18.2973804474)))) - 0.0762069747))) - (1.3368775845 + (sin((((-2.2419304848) * X1) + ((-2.5401184559) * X2))) - (((-0.3771797419) * X1) + exp((0.4790087640 * X1))))))))
strogatz_lv1,OperonRegressor,ok,2.0,0.9927617092999376,0.0117871153541434,96.0,96.0,51.7,,((-0.0000000993) + (1.0000001192 * (((((((-2.5410871506) * X1) / (cos(((-1.8071780205) * X1)) / ((-0.0001687501) * X1))) + (cos(((-2.5391123295) * X1)) / (7.4477934837 * X2))) - ((0.0022703542 * X2) / cos(((-2.9672219753) * X1)))) - ((((2.5903000832 * X2) + cos(((-1.6354503632) * X1))) - (cos(((-2.2120654583) * X1)) / 1.6670595407)) - ((((-0.0756442323) * X1) - (0.0895650312 * X2)) * (26.8573818207 * X1)))) - (((((((-2.8047556877) * X2) + ((-3.7695260048) * X1)) * (((-0.0018908090) * X1) / cos(((-1.9374319315) * X1)))) + (((-0.0107185617) * X2) + ((-0.0153146824) * X1))) / cos(((-2.6543087959) * X1))) - ((-2.6798570156) * X1)))))
strogatz_lv2,OperonRegressor,ok,2.0,0.99431115282842,0.0055939906177695,94.0,97.0,59.8,,(0.0000000095 + (0.9999998212 * (((((0.1484576315 * X2) + (-0.1866230071)) * (((2.4210407734 * X2) ^ 2) / (((((-11.5874013901) * X1) + ((-2.5110566616) * X2)) + (1.2857462168 * X2)) - ((2.5019824505 * X2) ^ 2)))) - (((((-0.0000709346) * X2) / ((0.0611732006 * X1) + ((0.2064524293 * X1) + (0.1890915632 * X2)))) + 0.6305547953) + ((0.9039530754 * X2) ^ 2))) + ((((((-26.5490074158) * X1) * cos(cos((((-4.4962120056) * X1) + ((-4.5569667816) * X2))))) + 122.0965347290) + (13.6942291260 * X1)) * (((1.1573129892 * X2) * (((-0.0148284156) * X1) + ((-0.0043889266) * X2))) - ((0.0189921781 * X1) + (0.0187173504 * X2)))))))
strogatz_predprey1,OperonRegressor,ok,2.0,0.9933667182002144,0.0747478049683746,90.0,90.0,49.4,,((-0.0000050728) + (1.0000164509 * (((((sin(sin(((-17.2236061096) * X1))) * ((-0.0265852567) * X1)) + (cos(((-4.4972505569) * X1)) * (((((-1.7547451258) * X1) * (0.0316543467 * X2)) - ((-0.0092718732) * X2)) - (((-0.0586077496) * X1) + (-0.0107439673))))) + (0.5576385856 * X1)) + (((((sin(((-1.8585594893) * X1)) / cos((0.6942526102 * X2))) / 57.2080230713) - ((-0.1790440232) * X2)) + (((-0.1544040591) * X1) + (exp(sin(((-15.3706312180) * X1))) * ((-0.0088986838) * X2)))) * exp(((-1.7588523626) * X1)))) - ((((2.1708157063 * X1) * (0.2530259490 * X1)) - cos((-1.2015005350))) + (0.6307429075 * X2)))))
strogatz_predprey2,OperonRegressor,ok,2.0,0.9979697686201994,0.0712059479953849,81.0,83.0,41.8,,((-0.0000002684) + (1.0000267029 * (((((exp(exp(sin((1.7647898197 * X1)))) * (((((-0.0857218355) * X1) + (0.2411778271 * X2)) * sin((1.1972442865 * X2))) + (-0.1824703813))) - sin(((-0.4247834682) * X1))) * (sin(((-1.0118118525) * X1)) ^ 2)) - (0.8483812213 * X2)) - (exp((exp((((-1.6042369604) * X1) + (1.0569596291 * X2))) - ((-3.2437160015) ^ 2))) - (((exp(sin(((2.1256706715 * X2) - ((-0.1533182412) * X1)))) * ((0.7537013292 * X1) + (-0.6946218014))) + exp(sin((1.9234170914 * X2)))) - (0.0898913741 + ((-0.3261230290) * X1)))))))
strogatz_shearflow1,OperonRegressor,ok,2.0,0.3870140278409765,0.438228504449086,84.0,89.0,46.3,,((-0.0091854837) + (1.0023405552 * ((((-1.8417538404) + ((-0.0709466487) * X1)) + ((((((-0.8528894782) * X2) ^ 2) ^ 2) + exp(exp(cos((2.7238194942 * X2))))) + ((exp((cos(((-3.5486068726) * X2)) + cos(((-3.5165147781) * X2)))) ^ 2) ^ 2))) * ((((0.1137881055 * X1) + exp(exp((((-0.1269111186) * X1) + cos((3.3568041325 * X2)))))) - exp(cos(((-8.2165317535) * X2)))) + ((((exp(cos((2.2839009762 * X2))) - ((-0.1853358895) * X2)) ^ 2) * (((-3.0158607960) * X2) + (((-0.6004567146) * X1) + cos((3.0714497566 * X2))))) + (0.4350608289 * X2))))))
strogatz_shearflow2,OperonRegressor,ok,2.0,0.9212296945463302,0.0665160451143198,81.0,82.0,54.0,,((-0.0000029719) + (1.0001397133 * ((((0.1254582256 * X2) * sin((12.0567770004 * X1))) - (((((3.4183201790 * X1) - ((-0.3203252852) * X2)) + (cos(cos((39.7036972046 * X1))) * ((-0.1657795012) * X1))) - sin((((-5.0759997368) * X1) - (-2.3932807446)))) + (cos(((-5.6203427315) * X1)) - (-1.3536823988)))) + ((((3.2318465710 * X1) + 0.3971120417) - ((0.8383874893 * X2) * (((1.4626274109 * X1) - 0.8420526981) + sin((((3.3184423447 * X1) - (-0.8189539909)) - (1.4591484070 * X2)))))) * sqrt(sqrt((cos(exp(cos((1.8606877327 * X1)))) ^ 2)))))))
strogatz_vdp1,OperonRegressor,ok,2.0,0.9914314148329316,0.0566612740504332,92.0,92.0,55.0,,((-0.0000082379) + (0.9999925494 * ((((cos(((0.0058592134 * X2) + ((0.7601394057 * X1) + (-1.1876984835)))) - (((-75.9189529419) * X1) + 0.3181671202)) + ((-76.5945434570) * X1)) + (0.0605326518 * X2)) * (((((sin(((-86.6400680542) * X1)) * (((-3.5133702755) * X1) + sin(((-88.2844543457) * X1)))) * ((-0.7842611074) * X2)) + (0.8412266374 * X2)) + (sin(((-75.9165649414) * X1)) * (((-4.8102641106) * X1) + ((-0.7330784202) * X2)))) + ((((-0.7319917679) * X1) + 35.0477561951) + ((sin(((-76.6558456421) * X1)) + (sin(((-77.8295135498) * X1)) * ((-3.2028791904) * X1))) * (((-0.8258147836) * X1) + sin(((-10.7496805191) * X1)))))))))
strogatz_vdp2,OperonRegressor,ok,2.0,0.9965271930870404,0.005748274252719,98.0,98.0,50.8,,(0.0112844529 + (1.0024585724 * ((((cos(((237.0796508789 * X2) - (222.0103912354 * X1))) * ((cos(((235.9474182129 * X2) - (220.9423980713 * X1))) * (((-0.0176971126) * X2) + (((-0.0007199254) * X1) * (90.1865692139 * X1)))) - (0.0359377675 * X1))) - ((0.9992829561 * X1) - (sin(((-9.5029077530) * X1)) * ((-0.0210824609) * X1)))) - (cos((90.1865692139 * X1)) * (((0.0411259048 * X2) * ((-0.5944538713) * X1)) - ((0.0204700474 * X2) - ((-0.0259536058) * X1))))) - ((cos(((-29.7466678619) * X1)) * ((-0.0243266243) * X1)) - (cos(((-30.2449913025) * X1)) * (cos((((-8.5863142014) * X2) - ((-9.4647417068) * X1))) * ((-0.0765713900) * X2)))))))
