dataset,algorithm,status,n_features,r2,rmse,complexity,complexity_unified,seconds,error,expr
1028_SWD,OperonRegressor,ok,10.0,0.1912437914418305,0.6623211966424984,98.0,98.0,55.2,,((-0.0015093613) + (1.0262900591 * (((((sin(((3.2701754570 * X3) - (((-6.1965317726) * X5) + ((-0.1172376201) * X8)))) * ((-1.7764021158) * X2)) + ((sin((((-2.6429827213) * X9) - ((-0.1289358437) * X2))) / ((-1.6878556013) * X5)) + (1.4179809093 * X6))) - ((-0.0239307471) * X2)) - sin((sin((((0.8137242794 * X3) + (-0.3257121146)) + (((-1.4222579002) * X7) + ((-6.8546380997) * X5)))) + (2.1671810150 * X6)))) - (((((0.0167030301 * X5) + ((-0.2393727750) * X8)) - (0.2101248652 * X10)) - ((0.1173345149 * X9) + (0.4476582408 * X3))) - sin((((((-6.1751832962) * X5) + ((-0.1825472414) * X8)) - ((-0.0444818437) * X10)) + (1.8648636341 * X6)))))))
1030_ERA,OperonRegressor,ok,4.0,0.2629185292245242,1.5887296146681282,94.0,95.0,55.8,,(0.0000927141 + (1.0184313059 * (((sin((sin((2.5753653049 * X2)) + (((-0.7017264366) * X2) + ((-0.1621240824) * X4)))) + ((0.4592765570 * X2) + (cos(cos(exp((1.7567363977 * X4)))) + (((-1.2151883841) * X3) + (-1.7357681990))))) + exp((((sin((((-2.5061898232) * X2) + (0.0542776361 * X4))) + sin((2.0343651772 * X2))) + ((0.0270458106 * X4) - (0.4618518054 * X1))) + ((1.0400489569 * X3) + ((0.1364219785 * X2) / ((1.6322063208 * X2) + (0.8580150604 * X1))))))) - (((-0.7915764451) * X1) + ((((-0.1872088462) * X2) + (((-0.1320942044) * X3) + (((-0.5560641885) * X3) + (0.4831533432 * X1)))) ^ 2)))))
1027_ESL,OperonRegressor,ok,4.0,0.8915193913869016,0.5143142191716841,92.0,92.0,61.6,,(0.0000078620 + (0.9999789596 * ((((((-2.0639550686) + (0.4337463975 * X3)) + cos(((((-2.1103806496) * X3) + (2.9032809734 * X2)) - ((((-2.7833523750) * X4) - ((-3.2186045647) * X2)) - 0.7420402765)))) - (((0.6025899053 * X4) + (1.1598169804 * X2)) + sin(((-0.9040799141) * X2)))) * ((((-0.1780652106) * X3) + exp(((-0.2413605303) * X2))) + ((((-1.1615145206) + ((-0.1386450380) * X1)) + ((((0.0052117514 * X3) + ((-0.0141848456) * X1)) - ((-0.0307955388) * X2)) / sin(((-0.7338353992) * X4)))) - (((-0.1311959177) * X4) + ((-0.2556548119) * X2))))) + (((-0.2323949039) / exp((0.5367445350 * X2))) + (0.5333012938 * X4)))))
1029_LEV,OperonRegressor,ok,4.0,0.4971768045946024,0.6536043044659557,96.0,96.0,58.5,,((-0.0000084948) + (1.0000363588 * ((((exp((((0.6816986799 * X3) + ((-1.0836762190) * X2)) + ((-2.6249229908) + (0.2490852475 * X1)))) + ((((((-0.0540065505) * X3) + ((-0.0679732189) * X2)) + (((-0.1177900210) * X1) + ((-0.0525620766) * X4))) / cos(((0.8626772165 * X3) + ((-0.9481334090) * X2)))) + (((-0.1495243311) + (0.5822477341 * X1)) + (0.3809961379 * X4)))) - ((-0.2444788367) * X3)) + ((((0.0025777791 + ((-0.0032729555) * X1)) + ((0.0005016131 * X3) + ((-0.0004820975) * X2))) / (((-0.1197540909) * X1) + ((-0.0722463131) * X4))) / cos((((0.1574940234 * X3) - ((-0.9570210576) * X1)) - ((-0.2134085447) * X4))))) - ((-0.7900444865) * X2))))
1089_USCrime,OperonRegressor,ok,13.0,-38.54591607940792,222.48955133308812,98.0,98.0,35.6,,((-0.0024915459) + (1.0008100271 * ((((sin((4.2664232254 * X3)) + ((((-0.1603014022) * X8) - (((0.5039057732 * X4) + (0.1647678167 * X3)) * sin(((-21.9767360687) * X13)))) + ((0.3307535648 * X4) - (0.3549600542 * X13)))) / (1.6106466055 * X7)) + (((((-22.0075359344) * X13) * ((0.0150549412 * X4) + (0.0237490684 * X3))) - (((-0.0440807939) * X11) - (0.0278097652 * X1))) + (((-1.1022541523) * X4) + (0.2286591679 * X3)))) + ((sin(exp((((-1.6383556128) * X4) + (0.2135723233 * X3)))) / (3.6095733643 * X7)) + (((0.0463525355 * X8) - (0.1029883400 * X2)) + sin(((1.6599267721 * X4) + (((-1.1266819239) * X13) - 0.1288633645))))))))
1096_FacultySalaries,OperonRegressor,ok,4.0,0.942287115528714,1.3326331421601718,92.0,95.0,36.1,,((-0.0000014627) + (0.9999980330 * (((0.1738025099 - ((((-0.0004624778) * X2) / cos((83.7606506348 * X2))) + ((3.6295001507 * X3) + (0.0021165726 * X1)))) - (((0.3582862318 + (((-0.0500039347) * X3) + (0.2873903513 * X1))) - ((((-0.4384752512) * X1) + (((-0.1245299354) + ((-0.6257960200) * X4)) + (((-1.2928770781) * X3) + (1.8875943422 * X2)))) ^ 2)) ^ 2)) - (((1.6269016266 * X4) - (6.0911679268 * X2)) + ((((cos((83.1288299561 * X2)) - (4.6970896721 * X3)) - ((-4.5172934532) * X2)) - cos((103.5669174194 * X2))) * ((((0.0071630063 * X3) + (0.1509881467 * X1)) ^ 2) * cos((83.3637771606 * X2))))))))
1191_BNG_pbc,OperonRegressor,ok,18.0,-0.1239968713708965,1111.17010698153,88.0,88.0,63.1,,((-0.0006287600) + (1.0269750357 * ((sin((((cos((2.7862892151 * X3)) / 2.8141069412) + ((-0.6263034344) * X10)) - ((-0.3680678606) * X11))) - ((exp((((0.2770719826 * X6) - (0.5053604245 * X10)) + (0.2145352364 * X9))) - (2.0878565311 + ((0.6036834717 * X6) + (0.1207886711 * X16)))) - sin(((((((-0.1258609146) * X10) + ((-0.0720367208) * X7)) + (0.7400957346 * X9)) - exp((0.1869595498 * X11))) - (0.0284025148 + (((-0.1423616260) * X12) + ((-0.9808714390) * X1))))))) - sin(exp((sin(exp(((0.7656366229 + (0.3266120553 * X1)) + (0.7687528133 * X9)))) - (0.2706924677 * X9)))))))
1193_BNG_lowbwt,OperonRegressor,ok,9.0,0.5641389387440603,521.4333486986134,96.0,96.0,76.1,,(0.0000010621 + (1.0074256659 * ((exp((0.3951113224 * X9)) + (((-1.3350100517) - ((-0.0598989092) * X8)) - ((0.0369882174 * X5) + (0.9258238077 * X1)))) - ((cos(cos((((-1.9661648273) * X2) * (2.1924262047 * X5)))) * (((-0.3355569541) * X9) + ((-1.1245239973) * X1))) - (((0.1133323461 * X3) + cos((cos(((0.3553102016 * X2) * (4.7838521004 * X5))) - ((6.2928137779 * X5) + ((-7.3759627342) * X1))))) - ((0.6789619923 * X9) + ((((1.6653943062 * X5) + (0.0460544601 * X1)) - ((-0.6213380694) * X8)) * (sin((((-0.4171701372) * X5) / (0.6457639933 * X3))) / (((-9.0004634857) * X9) / exp((0.7248839140 * X9)))))))))))
1196_BNG_pharynx,OperonRegressor,ok,10.0,-1.4262654703322863,527.853441229752,96.0,96.0,88.2,,(0.0001262550 + (0.9994561672 * ((((((2577.4348144531 * X10) + (((-2726.7219238281) * X1) + (83.4014129639 * X2))) - (-5435.3920898438)) + ((-604.8157958984) * X8)) / (((1420.5329589844 * X1) + ((-1809.1268310547) * X3)) - ((-7383.0678710938) * X10))) - (((((((-0.7972845435) * X1) + ((-0.1371667087) * X9)) + (((-0.0309928413) * X2) + ((-1.4760004282) / exp((0.1969079226 * X8))))) - ((-0.5093350410) * X3)) + ((((exp((0.1562864184 * X5)) + ((-0.1503899693) * X9)) * (((0.0327085890 * X1) + ((-0.0446607023) * X3)) + ((0.1065189689 * X10) - ((-0.0024906872) * X6)))) + sqrt(exp((4.6745076180 * X1)))) * exp(((-1.7221921682) * X1)))) - ((-0.1348361373) * X6)))))
1199_BNG_echoMonths,OperonRegressor,ok,9.0,0.2902173775669592,11.922707588368594,96.0,97.0,53.9,,(0.0000001923 + (0.9999166131 * ((((((-0.1951065958) * X5) - (0.4922605455 * X1)) + (((0.3411466479 * X7) + ((0.1062437519 * X9) - (0.1630557328 * X5))) ^ 2)) + ((((0.0810975507 * X7) + ((-0.8121793270) * X9)) - (0.1509683877 * X2)) + ((-0.2813437879) * X8))) - (0.3062768877 + ((((exp(((-2.8165655136) * X5)) - ((-29.8776035309) * X8)) + ((61.3565902710 * X9) - ((-21.6655426025) * X6))) * ((-0.0056126155) - (((0.0026383263 * X9) - (0.0029176523 * X6)) - ((-0.0007631269) * X2)))) + (exp(((-2.4237754345) * X5)) / (((46.2628364563 * X9) - (109.4135208130 * X5)) * (((-0.5964170694) * X5) - (56.6304016113 + ((-25.7149219513) * X3))))))))))
1201_BNG_breastTumor,OperonRegressor,ok,9.0,0.0531139831801782,11.837278499372262,88.0,88.0,50.1,,(0.0000090129 + (0.9992817044 * ((cos((((0.2268173993 * X2) - (((-3.5399992466) + ((-3.6292006969) * X7)) + (0.2661391497 * X9))) + (0.2510072589 * X3))) - sin(((((((6.5763492584 * X5) + (7.1459927559 * X9)) + (12.3124456406 * X3)) / (66.5394439697 * X4)) + (sin(sin((9.2901525497 * X7))) + ((-0.2455731332) * X9))) * exp((0.8346472979 * X9))))) + ((((2.1521031857 / ((-15.0087890625) * X5)) + (-0.0581382550)) + ((-0.0543191470) / sin(((-11.3384284973) * X1)))) + (((((-0.1464151740) * X7) - ((-0.0667364821) / sin(((-11.2702188492) * X1)))) + ((-0.2675672472) * X3)) + (0.1761019379 * X4))))))
1203_BNG_pwLinear,OperonRegressor,ok,10.0,0.0158596244132138,4.22102092285114,98.0,98.0,55.0,,((-0.0001719560) + (0.9994723201 * (((exp(exp((0.1010669246 * X7))) - ((-0.0699083656) * X3)) - (7.3705654144 * X1)) - ((((exp(((-0.1373626143) * X7)) - (1.0058882236 * X1)) + ((exp(((-0.2948221862) * X5)) - ((-0.3876450658) * X5)) - (0.1577204913 * X6))) * (((exp((0.0713698566 * X7)) + ((-0.0271556135) * X2)) / (((-0.3038786948) * X1) + ((-0.0297773033) * X5))) - ((0.4541830122 * X5) - (((((-0.4852034450) * X1) + ((-0.0891102105) * X4)) * (((-0.3827234805) * X3) + (0.7980905771 * X6))) - (0.2686659396 * X6))))) + (exp((exp((1.1871443987 * X8)) + ((-4.7634081841) * X9))) / (((-14235.1494140625) * X1) + ((-6941.6840820312) * X3)))))))
1595_poker,OperonRegressor,ok,10.0,-2624.497506096624,66.64301599802525,87.0,89.0,70.1,,((-0.2078554183) + (1.0686825514 * ((((((-1.4218901396) * X9) * ((-0.0000271308) * X7)) + (((0.6669865847 * X2) + (2.8124039173 * X8)) * (0.0003759857 * X4))) - (0.0003075667 * X8)) * exp(((((-1.8120460510) * X10) + ((1.9962636232 * X4) - (((((-1.2742007971) * X10) + (2.8167955875 * X8)) + ((-1.2092516422) * X4)) ^ 2))) + (((((((-0.6959249973) * X10) + (0.5184187293 * X8)) + ((-1.0231454372) * X5)) ^ 2) + ((((-0.6248978376) * X2) + ((0.1464195400 * X10) + ((-0.7521540523) * X8))) * ((-3.5795302391) * X2))) + exp((((-2.9528164864) * X9) * ((-0.2644398510) * X7)))))))))
192_vineyard,OperonRegressor,ok,2.0,-3.773985784668495,8.725224159030809,88.0,88.0,47.4,,((-0.0000008391) + (1.0000197887 * ((((-1.5011181831) + ((-0.1380022466) * X2)) + exp((0.5556434393 * X1))) + (((((3.7074480057 * X1) + ((-0.2458859682) + ((-1.7725287676) * X2))) + ((sin((45.7353134155 * X1)) - (1.2538952827 * X1)) * (exp(((-0.8726814389) * X1)) + (1.4634073973 * X1)))) * (sin((45.6565399170 * X1)) - ((-0.5491054654) * X1))) + (((0.6143715978 + (0.6458947062 * X2)) - (1.2819423676 * X1)) * (cos(((3.2913048267 * X1) + exp(((-1.4036632776) * X1)))) - (cos((4.4349565506 + (5.5975937843 * X2))) * ((0.9329895973 + ((-0.7743825316) * X2)) + (1.1161097288 * X1)))))))))
197_cpu_act,OperonRegressor,ok,21.0,0.5689147446072143,12.313635404676578,94.0,100.0,49.3,,((-0.0000013839) + (1.0000004768 * ((((((((-0.0636402965) * X21) + ((0.0777794272 * X7) + (0.2126400918 * X16))) + ((((-0.0719949454) * X11) + (-0.3917642534)) + (0.0593265146 * X8))) ^ 2) + (((((-0.0380231328) * X7) + (0.0612484552 * X15)) + ((-0.1682987511) * X3)) - (0.1836364269 * X6))) + (((((-0.1293753237) * X11) + (((0.4887921512 * X21) ^ 2) ^ 2)) + ((-0.0468646847) * X1)) + ((((0.1080634370 * X18) + ((-0.0188127849) * X21)) - (0.0776101798 * X17)) * ((((-1.4245305061) * X20) + ((-0.5751925111) * X15)) + exp((1.5188937187 * X21)))))) - (((((0.4153702855 * X21) ^ 2) ^ 2) ^ 2) + ((0.1093368679 * X18) + 0.0347550064)))))
201_pol,OperonRegressor,ok,48.0,0.6299112409496765,24.3570746254149,96.0,96.0,46.6,,((-0.0000127404) + (1.0000104904 * (exp((cos(((((0.6994739175 * X9) + ((1.3329167366 * X7) + ((-2.3979532719) * X6))) + (1.5368108749 * X5)) - (cos(((-2.5248661041) * X5)) + ((0.1356371045 * X18) + ((-1.7799731493) * X6))))) + (cos(((1.6740037203 * X28) - ((0.2237075716 * X5) + ((0.3949109912 * X7) + ((-2.9902818203) * X6))))) + ((((-1.4164432287) * X5) + (((-0.6347713470) * X9) + (((-0.9264335632) * X7) + ((-1.4788378477) * X6)))) - ((1.2865868807 * X28) - ((-1.7340297699) + cos(((-2.5636670589) * X5)))))))) + (((-0.8070825338) + (0.0183134917 * X5)) + (((-0.0093099596) * X9) / ((0.9475712776 * X7) + (1.4235062599 * X6)))))))
210_cloud,OperonRegressor,ok,5.0,0.8738850060090668,0.4069985703646573,92.0,92.0,44.3,,(0.0000000692 + (1.0000060797 * (((((0.9667763114 * X3) - sin(sin(((-3.2563705444) - ((-0.9130389690) * X2))))) - sin((1.8924471140 * X5))) + (sin((1.7077151537 * X5)) - ((0.1477967203 * X5) - ((-0.5941334963) * X2)))) - (((-0.3817762136) * X4) - ((((1.1188502312 - ((-0.0227804687) * X2)) - sin((1.2893378735 * X5))) + (((((-0.0610462911) * X4) + ((-3.9478211403) * X3)) - ((-0.8450161219) * X5)) - (exp(((-2.0425992012) * X3)) - (sin((2.3307881355 * X3)) - (0.0463822372 * X1))))) / ((((0.9990156889 * X4) + (13.3830528259 * X3)) + ((-7.4558062553) * X3)) + ((-2.0073869228) - (0.1585798115 * X2))))))))
215_2dplanes,OperonRegressor,ok,10.0,0.9193225700685131,1.021477252387997,95.0,95.0,44.6,,((-1.0006808043) + (0.9998213649 * (((((exp((((3.8847076893 * X7) - (0.0000520418 * X6)) + (0.4972363710 * X5))) - exp((((3.8846397400 * X7) - ((-0.0000436600) * X10)) + (0.4972189963 * X5)))) - (((sin((0.9050552249 * X2)) + (0.0192206949 * X6)) + (((-0.7372186780) * X2) + (0.0311223771 * X5))) + (((0.0151149705 * X7) - (0.0079040993 * X4)) + ((-0.0713573396) * X10)))) + ((exp(exp(((-0.0266817957) * X10))) + (0.0158316474 * X3)) - (2.6267657280 * X1))) / sqrt(sqrt(exp(((-11.5179376602) * X1))))) - (((-0.3946932554) * X6) - (((0.1744635254 * X7) - ((-0.0402849168) * X2)) + (0.5148016810 * X5))))))
218_house_8L,OperonRegressor,ok,8.0,0.7280320992622265,23215.726260812666,88.0,88.0,57.5,,(0.0004861526 + (1.0002909899 * (((((sin((7.6615724564 * X8)) * (0.3609500527 * X7)) - exp(((((0.8343689442 * X3) + 1.9361217022) - 64.3944320679) + ((-40.0758819580) * X8)))) + cos((((-1.7165796757) * X2) + ((0.5215048790 * X3) + 2.0949826241)))) + ((cos(exp(((-1.8019633293) * X2))) + (exp((0.9954299927 * X3)) + ((0.4536958039 * X3) + 1.2540231943))) - ((((0.0021750226 * X8) / ((-0.0822984129) * X1)) + (0.1629299819 * X1)) - sin(((-1.9369822741) * X2))))) - (exp(((-0.0652563348) * X2)) + exp((((1.0057238340 * X3) + ((-0.0596211404) * X7)) + (0.1291041821 * X8)))))))
225_puma8NH,OperonRegressor,ok,8.0,0.3804235925848421,4.3189343008376575,92.0,92.0,42.9,,(0.0000323557 + (1.0003916025 * ((cos((((cos((4.1510219574 * X3)) * (0.4195938110 * X1)) - (((-0.0990554839) * X7) + (0.0875185207 * X6))) + (0.8259835243 * X2))) + (sin((((-1.4556057453) * X3) + ((-0.1881998181) * X2))) + (1.0328872204 * X3))) + ((sin((exp((0.4862240553 * X2)) + ((4.3723316193 * X3) + sin(((-4.8852176666) * X2))))) * (0.1421832293 - ((0.1354249120 * X3) + (0.4860715568 * X2)))) + ((0.4113309383 * X2) - ((sin((((-1.6916683912) * X3) + ((-0.9229024053) * X2))) + (cos((5.1262121201 * X3)) * ((-0.2491531968) * X2))) + exp(((0.4608004093 * X3) + (-0.5459560156)))))))))
227_cpu_small,OperonRegressor,ok,12.0,0.9803027565049398,2.632130592223251,94.0,98.0,46.4,,((-0.0000011085) + (0.9998542070 * ((((((((-0.2822759449) * X8) - (((0.2227740437 * X4) - (0.3472158611 * X8)) ^ 2)) + (((((-0.3280147016) * X3) - (0.0282253269 * X7)) - (0.0880918130 * X9)) + exp((0.2428822964 * X8)))) - exp((((-0.2510982752) * X3) - ((1.0419585705 * X12) ^ 2)))) - (0.0265150312 * X2)) + (((-0.0045544957) * X12) + (((0.1593380123 * X11) + (0.0528393090 - ((-0.0120008364) * X4))) - ((0.7783986330 * X12) ^ 2)))) + ((((exp(((-0.6181690097) * X7)) + ((-0.8562965393) - (((-0.1168298647) * X9) + (((-0.1249954849) * X3) - ((-0.0558497645) * X4))))) - ((-0.2013023943) * X6)) ^ 2) + ((-0.2958940268) * X6)))))
228_elusage,OperonRegressor,ok,2.0,0.0209509888989345,16.00916660578055,84.0,90.0,29.7,,(0.0000189420 + (1.0008984804 * ((((sin((exp((1.8729958534 * X1)) - (0.7804538608 - ((-2.0088517666) * X2)))) + ((6.6055188179 * X1) - (3.4188416004 - ((1.2645999193 * X2) ^ 2)))) + (exp(((-1.6121537685) * X1)) + exp(sin((2.9931440353 - ((-4.6441965103) * X2)))))) / ((-6.4316520691) * X1)) + ((sin(((((-3.1605479717) * X1) - ((1.8066713810 * X2) ^ 2)) - ((-0.2160733640) - ((-0.2679356039) * X2)))) ^ 2) * ((((0.5851261020 * X2) ^ 2) - (0.2557601035 * X1)) + ((sin((((-4.3620400429) * X1) - ((1.7399514914 * X2) ^ 2))) - (0.3026823997 * X2)) ^ 2))))))
229_pwLinear,OperonRegressor,ok,10.0,0.7936616418830085,1.617286703351965,94.0,97.0,39.6,,(0.0000572998 + (1.0000941753 * ((((sin(((1.3417261839 * X1) + ((-0.4542104006) * X6))) + ((1.9833509922 * X1) + ((-0.8709138632) * X2))) + (0.2352661192 * X7)) - 0.9610770345) + (((((((((-8.1562175751) * X1) + ((-0.2172070742) * X6)) + exp((0.0988876149 * X3))) + ((-0.0768193901) * X7)) - (-9.9773645401)) - (((exp((0.0040015127 * X3)) - ((0.0016643754 * X10) + (0.0425631404 * X6))) + ((((-2.9439463615) * X1) + ((-0.0062492457) * X7)) + ((-0.0533565432) * X2))) ^ 2)) ^ 2) + ((0.3465950191 * X5) - (((sin((0.0443322919 * X5)) + (0.3111298680 * X2)) + (((-1.6147605181) * X1) + (0.1824110895 * X6))) ^ 2))))))
230_machine_cpu,OperonRegressor,ok,6.0,-1.8164997800411136e+20,2429625662743.012,92.0,92.0,62.1,,((-0.0004272340) + (1.0000042915 * ((((-0.1952301115) * X3) - (((-0.4028834999) * X2) + (0.1205481663 * X6))) + (((sin(((0.9691109657 * X3) + 3.5902993679)) - ((((0.0001649833 * X3) / (((-0.0701341704) * X2) + (0.1788172275 * X6))) + ((0.1705510765 * X4) - ((-0.2701431811) - (0.1250637621 * X3)))) * (exp(((-2.2001178265) * X3)) + ((0.9183905721 * X3) - ((0.5001168251 * X2) + ((-1.4108077288) * X6)))))) + 0.8739401698) * ((((-0.0154073238) * X5) + ((-0.8275002241) - (0.0580290407 * X4))) + ((((-0.4330006540) * X2) + (0.1624620706 * X6)) - exp((((-12.1909151077) * X6) + ((8.9628400803 * X2) + (-26.6657905579))))))))))
294_satellite_image,OperonRegressor,ok,36.0,0.6355670698558122,0.4812832538117712,90.0,90.0,42.4,,(0.0000094081 + (0.9995464087 * (exp((((((sin(((-1.5663462877) * X35)) - (1.9752131701 * X16)) - (1.9665255547 + (((-0.3939676881) * X35) + (2.5451192856 * X2)))) - ((exp(((-1.2634986639) * X16)) - ((0.6486787796 * X25) - (3.4708149433 * X23))) - sin(((0.4091747701 * X35) - ((-3.2057440281) * X9))))) - exp(((-0.8580816984) * X5))) * exp(((-1.7021832466) * X16)))) - (((0.3483448029 * X16) - (((-0.0499903522) * X22) + (-1.4294006824))) - (sin(((-1.4553030729) * X35)) - ((sin(((-1.2046247721) * X35)) * (((-0.1399678588) * X25) - (((-0.4760715663) * X22) + (-1.2074019909)))) - exp(((-0.3580755889) * X35))))))))
344_mv,OperonRegressor,ok,10.0,0.9989149003575796,0.2999949931986012,94.0,95.0,56.2,,((-0.0000030819) + (0.9999958277 * (((((0.8746842742 * X6) + ((-0.0039669275) * X10)) + ((((0.3607382774 * X6) + (0.1721411049 * X1)) * exp(((-2.9408960342) * X4))) * (exp((3.1149275303 * X4)) + ((-0.0040276670) * X6)))) * cos((0.8675371408 * X8))) - ((((-0.0711713955) + ((-0.0101224855) * X4)) - ((0.4322403967 * X8) + (0.1469440609 * X1))) + ((sin((cos((0.8772853613 * X8)) * ((((-1.4793951511) * X4) + (0.0454659462 * X3)) + ((-0.0388870202) * X9)))) * (((((-0.0065070372) * X6) + (0.0031755359 * X8)) + (0.0057845786 + (0.0002911553 * X1))) + (0.0001508362 * X7))) * (exp((1.5375907421 * X4)) ^ 2))))))
4544_GeographicalOriginalofMusic,OperonRegressor,ok,117.0,0.6651690969643669,0.5542491193169198,94.0,94.0,59.3,,((-0.0000011526) + (0.9997190833 * ((((cos(((1.7098613977 - (0.3963443339 * X97)) - (0.6532895565 * X102))) - ((((-0.1438855976) - ((-0.3396068215) * X97)) - (0.3172008693 * X102)) - ((-0.1950697452) * X40))) - (((-0.2184069455) * X98) + (0.6615211368 * X45))) - (((0.4052896202 * X21) * ((((-0.4287652969) - ((-0.3021719456) * X97)) - ((-0.2054535598) * X102)) + sin(((-1.9737092257) * X102)))) - ((((0.2187957615 * X101) - ((-0.1481719911) * X91)) - ((-0.7178324461) * X42)) - ((((-0.1867691278) * X42) * (((0.5451793075 * X101) - (0.2761069834 * X117)) + sin(((-6.5921359062) * X117)))) + sin((62.7120018005 * X102)))))) + sin((62.4800567627 * X102)))))
485_analcatdata_vehicle,OperonRegressor,ok,4.0,-51.46186792317516,2147.8776179388497,95.0,97.0,34.9,,((-0.0002330748) + (0.9987934232 * ((((cos(exp(((((-4.3507695198) * X1) + ((-0.7789012790) * X3)) + (0.3041290641 * X4)))) + (((-0.0405855700) * X4) + ((-0.1181006134) * X3))) - (((-0.0221870579) * X3) * (1.6443043947 * X2))) * ((((-4.1576781273) * X1) + ((-6.8146810532) * X3)) - (0.2178815454 * X2))) + (((((0.7193797827 * X2) - (((1.0717276335 * X4) + (0.3977987468 * X3)) ^ 2)) * exp(((0.0263818745 * X2) + ((-0.1950312406) * X1)))) - 3.1714282036) + (exp((((1.3043370247 * X3) + (((0.4019144773 * X4) + (0.7307175994 * X3)) ^ 2)) + ((-0.4649795294) * X4))) + ((3.2600181103 * X1) + (4.3033208847 * X3)))))))
503_wind,OperonRegressor,ok,14.0,0.3025409422893351,3.813913072449401,94.0,94.0,55.2,,((-0.0004659332) + (1.0042492151 * (cos((exp(((((((-1.3102786541) * X5) - 3.6574285030) + ((1.5082343817 * X9) + ((-2.4854056835) * X14))) - ((-3.8505618572) * X12)) + ((-1.7694554329) * X6))) - ((((-0.4820521474) * X5) - (-0.0515665039)) + (0.3708668649 * X13)))) + ((exp(((((((-0.4984051287) * X5) - (-0.7730494142)) + ((0.0047745877 * X14) / (0.4102997184 * X2))) - ((-0.1277446747) * X12)) + (0.3035477102 * X10))) + (((0.7296441197 * X5) - 3.1030354500) + (0.2020876855 * X13))) + ((((((-0.0089599527) * X6) / (2.5617845058 * X13)) + ((0.1158566922 * X9) + (0.2745294869 * X14))) - ((-0.1635605693) * X12)) + ((-0.4680642188) * X10))))))
505_tecator,OperonRegressor,ok,124.0,0.997054679103008,0.5725399665789257,100.0,100.0,56.2,,((-0.0000014614) + (0.9999986887 * (((((-6.3228325844) * X85) - (10.3087368011 * X34)) + (((((((0.0016561007 * X105) + ((-0.0477667190) * X26)) - ((-0.0007582634) * X124)) - ((((-0.0516931042) * X40) + ((-0.5192574263) * X58)) + (0.5113618374 * X59))) + ((((-0.0250021145) * X45) + (-0.0034420798)) + ((0.0160045791 * X77) + (0.0009140781 * X123)))) * ((46.2835655212 * X123) + (exp((1.9752603769 * X124)) - (((-47.8794403076) * X85) - ((-49.3710861206) * X77))))) + (((42.5955467224 * X77) + ((5.5673141479 * X40) + ((-0.0135078756) * X124))) + ((-8.1045417786) * X49)))) - (((45.4428100586 * X73) - (10.7977170944 * X61)) + ((((-10.2486257553) * X37) + ((-1.4781655073) * X58)) + (-0.1638575047))))))
519_vinnie,OperonRegressor,ok,2.0,0.659917524198839,1.8681708700388824,84.0,85.0,51.4,,((-0.0001202970) + (0.9990325570 * (((((((cos(((-9.0837202072) * X2)) + (-0.1420515478)) * (exp(((-0.3015752733) * X1)) + (-0.1915409267))) - ((-0.3228072226) * X2)) - (cos(((-9.2342348099) * X2)) + sin((0.7526175380 * X2)))) ^ 2) + (sin((((cos(((-7.9438624382) * X2)) + ((-0.2421403080) * X1)) * (sin(((-128.8508911133) * X2)) + 0.3450022340)) - (((-2.3872344494) + (2.0374960899 * X1)) - ((-0.3327751458) * X2)))) - ((-0.8559138179) * X2))) - ((2.2094795704 + ((-1.4045701027) * X1)) - (exp(((-1.4135149717) * X1)) + (sin(cos(((-12.7387380600) * X2))) / ((-9.2441434860) * X1)))))))
522_pm10,OperonRegressor,ok,7.0,-0.580905583893683,1.0947627668375204,84.0,87.0,45.9,,(0.5053850412 + (0.9997389317 * ((((((-1.5816410780) * X1) + (0.7939466238 + ((-1.1925258636) * X4))) * (((0.2772911489 - ((-0.3309062719) * X2)) ^ 2) - (cos(sin(((-4.1465435028) * X4))) - (((-2.4762277603) * X1) * (((-0.0284801479) * X2) + ((-0.0384667180) * X3)))))) + ((-0.6743723154) * X1)) - ((((-0.0620821305) * X3) + (0.7218853235 * X4)) - (log((((-2.1539034843) * X4) ^ 2)) * (cos(cos((2.5035212040 + ((-5.7749567032) * X4)))) - (((((-0.0789977163) * X3) + 0.0401768126) * sin(((-5.4545812607) * X4))) - ((-0.4258859158) - (((-0.0945650041) + ((-0.3806559145) * X2)) ^ 2)))))))))
523_analcatdata_neavote,OperonRegressor,ok,2.0,0.9376074410882884,0.9401478322938752,31.0,32.0,24.7,,((-0.0000045554) + (0.9999963641 * ((((((((-0.0785632357) * X2) - (-6.4599823952)) + (4.2435412407 * X1)) - exp(((0.7069553137 * X1) ^ 2))) * (-0.2276554257)) + ((-0.4862320721) * X1)) / sqrt(exp((1.9507956505 * X1))))))
527_analcatdata_election2000,OperonRegressor,ok,14.0,0.9999909964218427,332.6024210944505,87.0,87.0,33.0,,((-0.0000000334) + (0.9999999404 * (((((-0.0342824087) * X3) + ((exp((0.0117041888 * X11)) - (0.0118927248 * X4)) - ((((-0.0017702559) * X3) + (((0.0151063893 * X6) - 0.0001135862) - ((-0.0214645322) * X2))) - ((-0.0221499112) * X1)))) - ((sin((((((-0.0043116221) * X8) / (-5.9101986885)) + ((-1.3063044548) * ((-0.2148499042) * X14))) + ((1.5546572208 * ((-0.1230161935) * X10)) - (0.0122323204 * X2)))) - ((-0.0009004808) * X5)) - ((-0.8243328333) * X1))) - (0.2526324093 + ((((0.0000189243 + ((-0.2691273391) * X14)) - (0.0003337855 * X7)) - ((1.6729595661 * X10) - 0.7477929592)) - ((-0.0169824474) * X9))))))
529_pollen,OperonRegressor,ok,4.0,0.6822822406021797,2.107648014176215,92.0,92.0,82.3,,(0.0000032187 + (1.0000286102 * ((sin(((-4.5612893105) * X3)) - (((sin((((-0.1614686400) * X1) - (4.5524930954 * X3))) + sin((9.0985126495 * X1))) + (-0.1057698280)) + ((((sin(((-5.1366143227) * X4)) * ((-0.1756620556) * X1)) + ((1.7800879478 * X1) - sin((1.6577421427 * X3)))) + (sin((428.6070556641 * X4)) * ((-0.2223338038) * X1))) + sin(((-8.9239158630) * X1))))) + (sin(((-1.4261372089) * X3)) + ((((0.2821520269 * X2) + ((-1.2780622244) * X4)) + (sin((1.9992614985 * X1)) * ((-0.2279822081) * X1))) + (sin((sin((10.0290241241 * X1)) - ((-1.8791902065) * X4))) * ((-0.2328462154) * X4)))))))
537_houses,OperonRegressor,ok,8.0,0.8039232266919509,42554.54930276927,92.0,93.0,97.1,,((-0.0000000316) + (0.9999997616 * ((((((0.2287681252 - ((-0.0890533924) * X7)) - ((-0.5031137466) * X8)) + ((0.0053611724 * X3) / ((-0.3805308342) * X5))) - (((-0.3232833445) - (0.1662925333 * X2)) * sin((((0.4019059241 - (1.8810769320 * X7)) - ((-2.1393208504) * X8)) + ((1.8661590815 * X5) - (2.0905630589 * X3)))))) - ((-0.2149066627) * X1)) - (((0.2897168398 * X8) - ((0.1910329759 * X1) + ((((-0.1751826257) * X2) ^ 2) - (((-0.1203974560) - (0.5396626592 * X7)) - ((0.4368453622 * X3) + ((-0.2573802769) * X5)))))) * sin(((0.3505370021 * X1) + ((0.5517697334 - (0.0400563478 * X3)) - ((-1.5198169947) * X8))))))))
542_pollution,OperonRegressor,ok,15.0,0.3293470110689418,64.7177695916504,92.0,92.0,36.5,,(0.0001234815 + (1.0075157881 * (((((cos((6.0590949059 * X8)) * ((0.2624171972 + ((-0.1343520135) * X7)) - ((-0.2869158983) * X9))) - ((0.0632096007 * X8) + (0.0543532893 * X3))) - ((-0.3285637200) + ((-0.6014614105) * X1))) + ((((cos((((-4.8430328369) * X9) - ((-16.2812500000) * X14))) * sin((((-2.3575308323) * X9) - ((-9.0330114365) * X14)))) - ((-0.0185484998) + (((-0.0276164375) * X8) + (0.0340817980 * X3)))) / ((1.1927239895 * X9) - (4.1280608177 * X14))) + (0.6187148094 * X14))) - sin(((sin((((-2.4884712696) * X9) - ((-1.5447748899) * X8))) + ((-0.5791535378) * X9)) - ((-0.5687705278) + (0.1450775266 * X8)))))))
547_no2,OperonRegressor,ok,7.0,-93.8345188237571,6.157621770876638,90.0,90.0,54.6,,((-0.0433222279) + (0.9944058061 * (exp(((-0.2075918466) * X5)) - (exp(((exp((exp(((-0.2131532580) * X5)) - ((-0.1690967530) * X3))) - (((0.0178063735 * X2) * ((13.4165182114 * X7) - 39.2760009766)) - (-3.7793300152))) - (exp((1.6869803667 * X1)) - ((-0.3331426978) * X4)))) * (((exp(exp((1.5563657284 * X1))) - ((-1.8472034931) * X5)) + ((-1.8502370119) * X4)) - ((((-5.5999312401) + (2.6716315746 * X2)) + sin(((((-2.2193140984) * X3) + (0.9829729199 * X4)) - ((-1.0439398289) * X1)))) + exp((((-0.1913702339) * X5) + ((0.0996315777 * X7) + ((0.5787443519 * X3) + ((-1.0102385283) * X4)))))))))))
556_analcatdata_apnea2,OperonRegressor,ok,3.0,0.8619784164767116,1229.1683511611493,79.0,79.0,53.9,,((-0.2567200065) + (1.0951586962 * (((((((-3.0062134266) * X1) - (1.7823381424 * X2)) * exp((sin((3.2580132484 * X2)) + sin(sin((61.9810791016 * X3)))))) - exp((sin(sin((2.6488981247 * X2))) / (exp(((-0.7693496346) * X1)) - (0.5512024760 * X1))))) / (exp((2.1435487270 / 0.3559409678)) - (61.6262474060 * X3))) / cos(((exp(((-1.2276149988) * X1)) - (0.9583989382 * X1)) * (sin(((-50.8736763000) * X1)) / (sin(((-50.8806953430) * X1)) - cos((cos(((-3.0062134266) * X1)) + cos(((-3.0552110672) * X1)))))))))))
557_analcatdata_apnea1,OperonRegressor,ok,3.0,0.8620335269182129,1186.9298256833,84.0,87.0,45.7,,((-0.2019267827) + (1.0224553347 * (((((((0.4737652242 * X1) / cos(((-1.4650906324) * X2))) * (cos((26.4045333862 * X1)) + cos(((-19.5117988586) * X3)))) - ((((-0.0162299164) * X3) - 0.2219646424) + (cos(((-19.4138946533) * X3)) ^ 2))) * ((sin((13.8827505112 * X2)) * ((((-0.0394802839) * X3) - 0.5671539307) + (cos((27.9084415436 * X1)) ^ 2))) - (((17.9863605499 * X3) ^ 2) * ((0.0002883526 * X1) / exp((1.0266466141 * X2)))))) / sin((sin(sin(sin(((-32.2799873352) * X1)))) + cos(exp((1.3025548458 * X2)))))) * cos((31.6225166321 * X1)))))
560_bodyfat,OperonRegressor,error,,,,,,,ValueError: Input contains infinity or a value too large for dtype('float64').,
561_cpu,OperonRegressor,ok,7.0,0.8460408033671553,70.9685732573424,98.0,101.0,61.5,,((-0.0000000127) + (0.9999997020 * (((((0.0739427879 * X7) + (0.0266815368 * X6)) - (((((-0.1918742061) * X5) - (0.4805176854 * X3)) + (((0.4695423245 * X7) + ((-0.6298193932) * X6)) ^ 2)) * ((-0.0492137857) * X1))) - ((((((-0.1366199106) * X5) - (0.1211455166 * X3)) - ((-0.1791714132) + ((-0.0064218533) * X1))) + ((-0.4778165817) * X4)) - (((((0.0073360917 * X5) - ((-0.0337445363) * X3)) - (0.0462879054 + ((-0.0061614485) * X1))) + (0.0151696010 * X4)) * ((((0.8512672782 * X7) * ((-0.4503155351) * X6)) ^ 2) - ((((-2.4705488682) * X4) - ((-0.1198739409) * X3)) + ((-0.8873409033) * X7)))))) + (((0.1599548161 * X5) - ((-0.0744095892) * X4)) ^ 2))))
562_cpu_small,OperonRegressor,ok,12.0,0.9825493471559986,2.4774822148343647,92.0,95.0,52.5,,((-0.0000822333) + (0.9998988509 * ((((((-0.0427149124) * X3) * (exp(((-2.1173887253) * X6)) - (((-1.8061439991) * X7) - (0.8216990232 * X4)))) - exp(((-0.8121620417) * X12))) - exp((0.8271865249 * X12))) + (((((exp(((-7.7795872688) * X7)) - ((0.1098309830 * X8) - 0.1057808474)) + (exp(((-0.2070183009) * X6)) - (0.0352085903 * X1))) - ((exp((((-7.7485504150) * X7) - (0.0226856843 * X6))) - exp(((-0.0913245529) * X3))) - ((((-0.8035371304) * X12) ^ 2) - ((0.1472292840 * X6) - (0.1227684915 * X11))))) + ((((-0.0768347904) * X8) - (0.0761327744 * X4)) ^ 2)) + sqrt(((0.0978511572 * X6) ^ 2))))))
564_fried,OperonRegressor,ok,10.0,0.930647871006864,1.2103980996778374,90.0,90.0,65.9,,(0.0000016732 + (1.0002683401 * ((((exp(((-0.5568679571) * X3)) - (((-0.3050051630) * X4) - ((-2.3327503204) - (2.3533935547 * X2)))) + sin(sin((((-0.3979893029) * X1) + (0.2986108363 * X10))))) - (((exp(((-0.6389377713) * X2)) + ((exp(((-0.6654254794) * X1)) - exp((0.9023137093 * X2))) + ((0.5303784013 * X1) + (0.0103231156 * X7)))) - (((-0.2136449516) * X10) - cos(((-2.6185719967) + (((-0.0496483818) * X1) + ((-1.1838423014) * X2)))))) + (exp(((-0.2689559758) * X4)) - exp(exp((0.1895444542 * X3)))))) + ((0.2739613652 * X5) - sin((((-0.8098447919) * X1) + ((-0.7868977189) * X2)))))))
573_cpu_act,OperonRegressor,ok,21.0,0.9436634040595376,4.4514347001993455,94.0,94.0,69.3,,((-0.0000006596) + (1.0000096560 * (((-0.2493301183) * X17) + ((((exp(((-2.6055951118) * X21)) - ((-59.6696548462) * X10)) / (-873.3773803711)) - (((((0.0145577826 * X21) - ((-0.0021875231) * X2)) / cos((1.3183230162 * X21))) * ((((1.1371551752 * X2) - ((-0.9307320118) * X14)) - ((-0.0394913517) * X3)) - (cos((14.0714969635 * X21)) - ((-0.4161763787) * X13)))) + (0.0396386608 * X9))) + (((((-0.0329313688) * X2) - ((-0.0193859097) * X14)) + ((sin(((-0.0712730214) * X16)) + ((((-0.0840741023) * X7) - (-1.1001378298)) - cos((0.4145038128 * X21)))) + (sin(((-4.2508611679) * X16)) + ((-0.1544954181) * X3)))) - sin(((-4.3336644173) * X16)))))))
574_house_16H,OperonRegressor,ok,16.0,-63.259290515158455,356854.6932848118,94.0,95.0,71.2,,((-0.0001052979) + (1.0060094595 * (((((((-0.2859055400) * X11) - ((-0.1280434281) * X7)) + (0.3673967421 - ((-0.1942544878) * X9))) - (cos(((-0.7565411329) * X11)) + sin((0.5718765259 * X4)))) + (0.3464947045 * X4)) - ((((((0.0973926187 * X8) - ((-0.1914851964) * X14)) + ((-0.2982403040) * X2)) - ((-0.3805372119) * X5)) - (((0.6543313265 - (0.1389000863 * X9)) + ((-0.7006542683) * X13)) + (0.5763863921 * X4))) * (((sin(((-0.7683761120) * X10)) - (sin((3.2367017269 * X10)) * (((-0.3280810416) * X4) - ((-0.5813908577) * X5)))) - (((0.7330681682 - (0.5137047768 * X9)) + ((-0.4126829207) * X2)) + ((-0.1762933880) * X4))) ^ 2)))))
579_fri_c0_250_5,OperonRegressor,ok,5.0,0.9379062051834594,0.2151918732922267,94.0,99.0,59.6,,(0.0001407573 + (0.9993150234 * ((exp(((1.9179040194 * X2) - (((0.0992130265 * X3) ^ 2) + ((0.0141614471 * X4) + (0.3742187321 * X1))))) - ((-0.3800165951) * X2)) - ((((-0.5824670792) * X4) - ((((-0.5128442645) * X1) ^ 2) ^ 2)) + (((exp(((0.9683839083 * X2) + ((-0.2137583643) * X1))) + (((-0.4067442119) * X2) + (0.6679002643 * X1))) ^ 2) - (((((0.0587040968 * X3) + (0.2983528972 * X5)) + (((0.5942007303 * X3) ^ 2) + (1.0807166100 + (0.6705626845 * X1)))) - exp((((-0.0315935686) * X4) + ((1.1929229498 * X2) + ((-0.5863960981) * X1))))) + sin(((0.5684413910 * X2) + (0.8582790494 * X1)))))))))
581_fri_c3_500_25,OperonRegressor,ok,25.0,0.9498010176820189,0.208566658458353,85.0,85.0,58.5,,(0.0000006338 + (1.0006213188 * ((((0.5013400912 * X5) - ((-0.1954436302) * X4)) + ((cos((((-1.4928926229) - (1.1799237728 * X1)) - (1.5804795027 * X2))) + (0.7294817567 - (0.6217595339 * X1))) + cos((((0.0698679388 * X4) - (0.0296782088 * X15)) - ((0.6752291322 * X3) + (2.4359366894 - ((-0.0295567252) * X24))))))) + sin(((cos(((0.7707305551 - (1.7162225246 * X1)) - (1.6125731468 * X2))) + (cos((1.5360072851 - (1.2149740458 * X1))) + cos((((-1.7654271126) - (1.5605661869 * X1)) - (0.7898778915 * X2))))) + ((0.1555273980 * X4) - (0.0241979454 * X9)))))))
582_fri_c1_500_25,OperonRegressor,ok,25.0,0.9707088235898628,0.1726192114277763,90.0,90.0,56.5,,((-0.0000795431) + (1.0055031776 * (((((0.8021970987 + (0.2462725639 * X3)) + ((-0.7217304111) * X2)) - cos(((((1.6736886501 + ((-0.2618263662) * X1)) + (0.6899418831 * X2)) - (0.2906565070 * X3)) - cos((((0.9331937432 * X1) + (1.4425040483 * X2)) - 1.3125574589))))) + cos(((-3.0817863941) + ((-0.7302308083) * X3)))) - (cos((((2.2466208935 + ((-1.4016399384) * X1)) + ((-0.0277877152) * X5)) - (((((0.0350908041 * X4) + (0.0369034410 * X6)) + (1.7801623344 * X2)) - (0.0216194671 * X22)) - cos(((0.6123104692 * X1) + (0.4959437847 * X2)))))) - ((0.4239909351 * X4) + (0.2089866251 * X5))))))
583_fri_c1_1000_50,OperonRegressor,ok,50.0,0.971954628003596,0.1695103516012358,84.0,84.0,50.6,,(0.0000035140 + (1.0005946159 * (((((((((-16.3462295532) + ((-4.5567321777) * X1)) - ((-4.4082326889) * X2)) - (sin((3.4830079079 * X2)) + ((-6.7278828621) * X3))) - exp(((-14.5588064194) + (8.5817613602 * X1)))) * (0.0815498307 + (0.0330818444 * X3))) + (0.2088087350 * X5)) - ((((cos(((-4.3905692101) + ((-1.7235534191) * X1))) - sin(((-2.0384409428) + ((-1.0104457140) * X1)))) * (exp(sin((1.1189955473 * X2))) - 1.5913475752)) + ((-0.1694831103) * X2)) - exp(((-0.0409674123) * X34)))) + (cos((exp((0.8342073560 * X2)) + (1.3378801346 * X1))) - ((-0.4143590927) * X4)))))
584_fri_c4_500_25,OperonRegressor,ok,25.0,0.8304113141727865,0.3741421950311234,90.0,91.0,54.3,,(0.0000001191 + (0.9995172024 * ((sin((((-0.0738512352) * X4) + ((((-0.6481003165) * X3) + exp(((-1.2874212265) * X4))) - exp(exp(((-0.5078263879) * X4)))))) - ((0.3012429178 * X3) + ((-0.3923297226) * X4))) + (((sin((1.3167747259 + ((((-0.0332248621) * X19) - ((-0.9391390085) * X2)) + (0.8027645946 * X1)))) ^ 2) / exp((((-0.0587689951) * X12) - (0.4436075091 * X2)))) + (sin((((0.0417210236 * X23) + (0.2371705323 - (1.6064944267 * X2))) + ((-1.0439528227) * X1))) + ((((0.3477661312 * X5) - exp(((0.0204092488 * X19) - ((-0.3634452522) * X2)))) + ((-0.1386438012) * X1)) + 1.4788173437))))))
586_fri_c3_1000_25,OperonRegressor,ok,25.0,0.9676980668974468,0.1805552478577241,91.0,91.0,66.6,,(0.0000113177 + (0.9968491793 * ((((0.4354233146 - ((-0.1789844185) * X2)) * cos(((((-0.2947300673) - (0.0465454906 * X20)) - ((-1.8188046217) * X2)) + ((2.0879986286 * X1) + ((-0.0632279962) * X13))))) + (cos(((1.2517746687 - ((-1.5803974867) * X2)) + ((0.9680739045 * X1) + (0.0438868962 * X20)))) + ((0.9422110915 + (((-0.1190804765) * X8) - ((-1.0289925337) * X4))) - ((0.1462819427 * X2) + ((0.1831314862 * X1) + ((-0.4173321128) * X5)))))) + (((-0.3484492004) * X3) + (sin(((0.0949357972 * X8) - (0.7882694602 * X4))) - cos(((0.6603319049 * X3) + (((-0.1114996150) * X1) + (0.0421036258 * X20)))))))))
588_fri_c4_1000_100,OperonRegressor,ok,100.0,0.9613835497309472,0.1870221277108517,88.0,88.0,53.4,,((-0.0000021280) + (0.9994965196 * (sin((((0.9349972606 + ((-0.6214932203) * X2)) + ((-0.5098103881) * X1)) + sin((((0.0748554319 * X38) + (1.1411932707 * X2)) + ((1.2925922871 * X1) + (-2.1832475662)))))) + ((sin((0.3858323693 * X4)) - cos(sin((0.2822093666 * X4)))) - ((sin(((1.2423251867 * X1) + (1.9502871037 * X2))) - (0.4160476029 * X5)) - (((1.6931205988 - cos(((-0.6253525615) * X3))) - ((((0.0308419596 * X46) + (0.1153792292 * X2)) + (0.3154134154 * X3)) + (0.1116671860 * X1))) - sin(sin(((-2.6220576763) + ((1.7777812481 * X1) + (2.2716538906 * X2)))))))))))
589_fri_c2_1000_25,OperonRegressor,ok,25.0,0.967616952124254,0.1951699077730051,90.0,91.0,72.0,,(0.0000000438 + (1.0010399818 * (sin(((((-0.0274663158) * X25) - ((3.0275061131 + ((-0.0457877666) * X5)) + ((-0.9064527750) * X2))) - ((((-1.6064056158) + ((-0.5436810255) * X2)) + ((-0.4231227934) * X1)) ^ 2))) - (((-0.5301615596) * X2) + ((((1.4626820087 + ((-0.1982150078) * X5)) + ((0.7573820353 * X3) + ((-0.3995698392) * X4))) - (exp(((0.4477834404 * X3) + ((-0.0228698980) * X4))) + sin(((-1.5844589472) * X2)))) + ((cos(((-2.7085127831) * X2)) + ((-0.2617875040) + (0.1873856336 * X2))) * (((((-0.0348026454) * X3) + (0.0408288650 * X17)) - (0.0626713857 + ((-0.0712312013) * X5))) + (0.3220061362 * X1))))))))
590_fri_c0_1000_50,OperonRegressor,ok,50.0,0.904893863903632,0.2862486629835628,94.0,96.0,76.4,,(0.0001798585 + (0.9986346960 * ((((0.4667211771 * X2) + (((-0.5461243987) * X3) ^ 2)) + ((0.6310359240 * X4) + (cos(((((-1.7016531229) * X2) + (((-0.2538134754) * X3) ^ 2)) + ((-0.6615827680) * X1))) - ((((-0.0189991128) * X31) - (0.3948823810 * X5)) - cos((((0.0541322082 * X48) - (0.0665362775 * X4)) + (0.4829693139 * X1))))))) + ((((-0.0286227185) * X43) + (exp((0.6931431890 * X2)) - ((-0.0549578555) * X5))) * (((0.0176174585 * X48) + (exp((0.1195086539 * X2)) + ((-2.2571949959) - (0.0169677939 * X4)))) - cos(((((-1.3856606483) * X2) + ((-0.9917764664) - ((-0.0224026162) * X5))) + ((-0.8026176691) * X1))))))))
591_fri_c1_100_10,OperonRegressor,ok,10.0,0.939206830734107,0.2304497097863354,84.0,84.0,42.0,,((-0.0000019394) + (1.0009769201 * ((((sin((exp((0.9821955562 * X2)) + (2.0850880146 + (1.2625480890 * X1)))) + 2.7098534107) + (((0.3110475242 * X4) + ((-0.5532431006) * X2)) + ((-0.3469775021) * X1))) + sin(((0.3448642194 * X5) - exp(((-0.1109667048) * X4))))) + (sin((exp(((-0.0594561808) * X10)) - ((-4.3274660110) + ((-1.6306514740) * X1)))) + ((sin((exp((0.6002684236 * X2)) + (1.0554857254 + (1.6932557821 * X1)))) + sin(sin(((0.8139837384 * X3) + (4.8188662529 + ((-0.1131070480) * X1)))))) + (((-0.0154743688) * X6) - exp(((-0.5146607161) * X2))))))))
592_fri_c4_1000_25,OperonRegressor,ok,25.0,0.9654476417747996,0.1581145024079646,90.0,90.0,74.7,,((-0.0008465296) + (1.0001777411 * (((((0.0335254930 + (0.0126690799 * X2)) - ((-0.0325877294) * X3)) + (0.0076713706 * X1)) * ((((-13.8689737320) + ((-2.7307636738) * X2)) + ((-1.2830010653) * X1)) - ((-4.9543585777) * X3))) + ((((0.3046606183 * X4) + (0.4548195601 * X5)) - (cos((((-2.8373486996) + (2.2617962360 * X2)) + (1.9940373898 * X1))) + ((-0.0340942778) * X17))) - (((cos((((-13.8860149384) + (1.6917244196 * X2)) + (1.1469181776 * X1))) - (0.0628877059 * X4)) + (0.1088737324 * X5)) * (1.0172280073 - (cos((((-1.0922507048) + (0.9078634977 * X2)) + (1.1227346659 * X1))) - ((-0.0339322314) * X17))))))))
593_fri_c1_1000_10,OperonRegressor,ok,10.0,0.9731436189152476,0.1474265499468932,92.0,92.0,63.8,,((-0.0000000008) + (1.0000885725 * (cos((((1.1275569201 * X1) + ((9.6649255753 * X2) / (6.5885276794 + ((-1.2521200180) * X1)))) - 5.9943099022)) + (((((0.0205533803 * X8) + (0.7640431523 + ((-0.0054506348) * X9))) - ((((-0.1847760826) * X5) + ((-0.3744711578) * X4)) + ((0.1124540567 * X2) + (cos((0.6936771870 * X3)) + ((-0.0312624834) * X3))))) + cos((((0.9420013428 * X1) + ((8.5541534424 * X2) / (6.8408479691 + ((-1.7609149218) * X1)))) + 8.3901033401))) - ((((-0.0012643998) * X2) / (((-0.3915822506) * X4) + ((-0.0346394181) * X2))) + ((0.0017869577 * X2) / ((0.0991681963 * X5) + ((-0.3832235634) * X4))))))))
594_fri_c2_100_5,OperonRegressor,ok,5.0,0.9516887486538704,0.2449456211335837,92.0,93.0,49.7,,((-0.0002134528) + (1.0006874800 * ((((((-1.0601587296) * X2) + ((0.4369841814 * X3) + (((-0.1007954106) * X5) + 1.3105540276))) + (0.0938807502 * X1)) * sin((((-0.5598391891) * X3) + (-1.8330107927)))) + ((((0.3053129613 * X2) + (((0.1462041587 * X2) ^ 2) + ((((-0.0778550655) * X3) + (0.0595782474 * X4)) + (((-0.0250496026) * X5) + 1.1893838644)))) * (((-1.2668225765) * X2) + ((((0.1042829379 * X5) + 1.3017414808) + cos((((-1.6054463387) * X2) + ((-1.8227407932) * X1)))) + ((0.0320396088 * X1) + (0.2956961095 * X4))))) + sin((((-1.5732330084) * X2) - (cos(((-1.4500021935) * X1)) + (0.7395083308 * X1))))))))
595_fri_c0_1000_10,OperonRegressor,ok,10.0,0.9604222327445104,0.2091203308552986,96.0,96.0,68.2,,((-0.0006028717) + (0.9999979138 * (((3.5700008869 * X3) * (0.0930344611 * X3)) + (((0.7997823954 + ((((-0.0739258975) * X4) - ((-0.0292652138) * X8)) + ((0.0778508633 * X10) - ((-0.7490228415) * X2)))) * (cos((((((-0.0719252452) * X4) - ((-1.2905576229) * X1)) + ((-0.9949412942) + (0.8715040684 * X2))) * ((-0.5661764741) - ((0.0153917307 * X3) * (3.5700008869 * X3))))) - (((0.0266340505 * X8) + (0.7767741680 - (((-0.0097065344) * X5) * (3.5700008869 * X5)))) + ((0.0295688584 * X4) + (0.3443480730 * X2))))) - (((((-0.0239009913) * X3) - ((0.5388891101 * X4) + (0.8068103790 * X2))) - (0.2924187183 * X5)) - (0.3194064796 * X1))))))
596_fri_c2_250_5,OperonRegressor,ok,5.0,0.9781272245205668,0.1556140148160038,88.0,88.0,69.9,,((-0.0000014761) + (0.9996685386 * ((((sin((((((-1.4682859182) * X2) - (-0.2597927153)) * exp((0.2787545323 * X1))) + ((-1.4220670462) * X1))) + ((1.3131616116 * X2) - (17.1320838928 + (0.3918546438 * X3)))) * ((0.1106661931 * X2) - (((-0.0531761833) * X4) + (-1.3643268347)))) + ((((sin(((-0.9975759983) + ((-0.6454399824) * X3))) + ((-0.1908053309) * X1)) + sin((((-0.0746058449) * X4) + ((-1.4633445740) * X1)))) - (-22.7886638641)) + exp((0.3054155111 * X1)))) + (((1.3019886017 * X4) + ((0.2069141269 * X5) + (0.5420393944 * X3))) + sin(sin(((0.0489933938 * X3) + (1.8723130226 * X1))))))))
597_fri_c2_500_5,OperonRegressor,ok,5.0,0.974601493336084,0.1618529535028517,92.0,94.0,57.6,,(0.0087007266 + (0.9996542931 * ((((((-0.0927130431) * X2) + ((-0.3860036433) * X3)) - ((-0.1582579613) * X1)) ^ 2) + ((((((0.2776445746 * X2) + ((-0.1267859191) * X3)) + (((-0.0157293286) * X5) + ((-0.3169805110) * X1))) * sin(((((-0.3180008531) * X2) + ((-0.1713133305) * X5)) + (((-0.7864066362) * X1) + (0.3932586610 + ((-0.2332199514) * X4)))))) - ((((-0.3496152461) * X4) + (0.3428404033 * X3)) + cos(((0.2486963570 * X5) + 0.9644955993)))) + ((1.3973547220 + ((0.0782168135 * X4) + ((-0.1035942510) * X2))) * sin(((((0.4437382221 * X2) + ((-0.0049249260) * X5)) + (1.4447089434 + (0.3625684083 * X1))) ^ 2)))))))
598_fri_c0_1000_25,OperonRegressor,ok,25.0,0.9692484767602136,0.1948528288963643,88.0,88.0,67.3,,(0.0006761337 + (1.0021319389 * (((((cos((((-0.1529815644) * X2) + ((-0.8398538232) * X1))) - sin((6.0915265083 + ((-0.5735645294) * X5)))) - ((sin((0.7259818316 * X2)) - (0.3888388872 * X2)) + (0.4616183043 + (0.0444131196 * X15)))) + ((0.5998190641 * X4) - sin(((0.5755934715 + ((-0.9052798748) * X2)) + ((-0.8772334456) * X1))))) - (((-0.0358065851) * X25) + (0.2636722922 * X5))) - (sin(sin(((((-1.0069347620) * X2) + ((-0.2615460753) * X1)) - (1.2348906994 - ((-0.0676631257) * X23))))) - sin(((0.9166375995 * X3) - (7.7324233055 + (((-0.0484106727) * X2) + (0.0384357981 * X4)))))))))
599_fri_c2_1000_5,OperonRegressor,ok,5.0,0.9778818099215272,0.1574551077476131,88.0,89.0,49.2,,(0.0000008238 + (1.0001032352 * ((sin((((-6.6660051346) + ((1.3464418650 * X1) + ((-0.0707246363) * X3))) + (2.3683192730 * X2))) - (((-0.5508139729) * X2) + (((0.3068955839 * X3) - exp((2.1664352417 * X2))) - ((0.3353740573 * X4) - (exp((2.1790628433 * X2)) - (1.1022051573 + ((-0.3004968762) * X1))))))) + ((sin(sin((((0.4384943545 * X2) - (-0.7274943590)) - ((((-0.3459783196) * X3) ^ 2) - ((-0.1678661704) * X1))))) - (sin((((-3.6272921562) + (1.2459115982 * X1)) + (1.9543688297 * X2))) + (0.0940198451 * X5))) * (((-1.9298385382) + ((-0.2220484763) * X1)) + ((-0.1847878098) * X2))))))
601_fri_c1_250_5,OperonRegressor,ok,5.0,0.9768410760216294,0.1559347276090847,82.0,82.0,52.3,,((-0.0002473148) + (1.0019720793 * ((cos(((sin((4.4578170776 + (1.2410311699 * X1))) + (25.8602695465 + ((-0.6455283761) * X2))) + sin((((1.2638130188 * X2) + 1.9936009645) + (1.3682106733 * X1))))) - (8.7340736389 + ((-0.3617331684) * X4))) - (((8.6744575500 + ((-0.2515058517) * X1)) / sin(((((-0.0055258605) * X5) + 4.7182083130) + ((-0.2469924241) * X3)))) + (sin((((2.0044236183 * X2) + (-0.7772470117)) + (1.1549420357 * X1))) + ((sin(((13.5146408081 + ((-0.0629926696) * X4)) + sin((1.1237931252 * X2)))) - (0.1765422821 * X5)) + ((-0.2436245829) * X2)))))))
602_fri_c3_250_10,OperonRegressor,ok,10.0,0.943474689992034,0.2711520942661572,90.0,91.0,48.6,,((-0.0001278110) + (1.0017449856 * ((((sin((((0.3883716464 * X3) + (-5.2417359352)) + ((-0.7263638377) * X5))) ^ 2) - (3.0783159733 - (((0.1448834836 * X1) * ((-1.2155140638) * X1)) + ((-1.0497238636) * X2)))) * ((0.0136524653 * X8) + (((0.0268649552 * X1) * (3.6696989536 * X2)) + cos((sin((((-0.8879926801) * X1) + ((-1.0098086596) * X2))) + (-3.1542072296)))))) - ((0.1612940431 * X3) - ((((sin((((-1.0771040916) * X1) + ((-1.5939626694) * X2))) - cos((((-0.6221336126) * X3) + (0.0580860078 * X7)))) + (0.3830508888 * X4)) - ((0.0830233619 * X1) + (0.8211557865 * X2))) + cos((-22.3505764008)))))))
603_fri_c0_250_50,OperonRegressor,ok,50.0,0.9305103640952294,0.2369878944240749,90.0,93.0,47.0,,((-0.0000000240) + (0.9997544885 * ((((0.5757463574 * X4) + ((((-0.2939947844) * X3) ^ 2) * sin(exp(((((-0.7917799354) * X3) ^ 2) + ((-0.0492840447) * X5)))))) + ((((-0.3000288010) * X4) * ((-0.1059576944) * X5)) + (((-0.2673158050) * X44) * ((-0.2061023116) * X5)))) + (exp(exp(((((-0.3156224787) * X3) ^ 2) + (0.0803340971 * X5)))) + ((cos(((0.8475392461 * X2) + (0.0516820997 * X12))) + ((-0.0330547728) * X34)) + (((-4.1542444229) + (0.0331123583 * X26)) + (((0.4945955873 * X2) + (0.9593856931 + (0.0361808240 * X3))) * sin(((0.6381788850 * X2) + ((-5.8082809448) + (0.8836774826 * X1)))))))))))
604_fri_c4_500_10,OperonRegressor,ok,10.0,0.97547744675977,0.1648620028926735,85.0,85.0,51.4,,((-0.0000145058) + (1.0004366636 * (((((sin(((4.1883659363 - (2.4744384289 * X1)) + (((-0.0262962859) * X4) + ((-2.1297492981) * X2)))) - (((-0.5369421244) * X5) + (0.2886141539 * X3))) + (0.5301212072 * X4)) / (1.4344017506 + ((-0.1161449477) * X2))) + ((cos((((0.0297342669 * X7) + ((0.1787150353 * X5) + ((-0.7080292702) * X3))) + (-2.9502220154))) - cos((((-2.9038567543) + (2.1740460396 * X1)) + (2.0030734539 * X2)))) + (((-1.0964772701) * cos((((-1.9660643339) + (0.8726154566 * X1)) - (((-0.0498626940) * X4) + ((-1.2825660706) * X2))))) - ((-0.0357070044) * X7)))) - (-0.8145930767))))
605_fri_c2_250_25,OperonRegressor,ok,25.0,0.9712475713155176,0.1653876656500081,84.0,87.0,41.0,,(0.0009338248 + (1.0019292831 * (((cos(((((2.1904089451 + (0.3898533285 * X1)) ^ 2) - (0.0262856279 * X3)) - ((-2.0153303146) * X2))) + sin(sin(sin(((9.2074232101 + (1.2081155777 * X1)) - ((-1.8228478432) * X2)))))) - ((((3.2694609165 + ((((-0.0684537366) * X4) + ((-0.0289500766) * X5)) + (0.1928342879 * X1))) ^ 2) - ((-0.1853584945) * X2)) - (sin(((5.4885950089 + ((-0.6301742196) * X3)) + (0.0790819228 * X20))) + sin((((1.6403040886 + (0.4644591212 * X1)) ^ 2) - ((-1.6580574512) * X2)))))) + ((11.1996946335 + (1.0120093822 * X1)) + ((-0.0778857172) * X20)))))
606_fri_c2_1000_10,OperonRegressor,ok,10.0,0.9685384117082968,0.1927467990165432,86.0,86.0,68.2,,((-0.0025173021) + (1.0031578541 * (((cos((sin(((0.8566299677 + ((-1.4822895527) * X2)) - (0.5101767182 * X1))) + ((-0.7675002217) + (1.1348496675 * X2)))) - (sin(sin(((1.5925674438 + ((-2.1307740211) * X2)) - (0.5336090326 * X1)))) - (((-0.0183676574) * X8) + sin(((-0.6037377119) * X2))))) - (((-0.4358213544) * X4) + sin((((0.8845785856 + (0.0242370926 * X9)) + (0.6314387918 * X3)) - (0.0643151850 * X1))))) + (((0.1838764697 * X5) - (0.2106991261 * X1)) - ((1.2681502104 + (0.6975725889 * X2)) * sin((((-1.9582811594) + ((-1.8149733543) * X2)) - (1.1333750486 * X1))))))))
607_fri_c4_1000_50,OperonRegressor,ok,50.0,0.9516186839202962,0.2261278832260593,85.0,87.0,62.0,,((-0.0000010522) + (0.9999543428 * (((sin(sin(((-1.5005780458) * X1))) + ((0.3964070976 * X4) + ((0.3316309750 * X5) + ((sin((1.3356791735 * X1)) + ((-2.4767611027) * X2)) - (exp(((-1.1227778196) * X2)) + (0.3063844442 * X3)))))) + ((((-1.0940216780) * X1) + ((sin((0.8076302409 * X1)) * exp(((-0.4672778845) * X2))) * sin(((-1.9048910141) * X2)))) + (1.2947182655 - (((0.5392951965 * X1) + ((-0.0481057577) * X4)) ^ 2)))) + (exp((2.1766984463 + (((-16.8789558411) * exp(((-1.2575747967) * X2))) * exp(((-1.1551858187) * X1))))) + (((-0.3989272714) * X3) ^ 2)))))
608_fri_c3_1000_10,OperonRegressor,ok,10.0,0.9629393090294388,0.2066985083781652,88.0,89.0,67.7,,((-0.0000020232) + (1.0000035763 * (((((((-0.1679012477) * X1) + (0.3668313920 * X5)) + ((((-0.2605749667) * X3) - ((-0.3289296031) * X4)) + ((-0.2238336802) - (0.2470222116 * X2)))) + (cos((((3.9230940342 - (8.9566507339 * X2)) * exp((0.0076963715 * X9))) + ((6.7732133865 * X2) - (1.9373733997 * X1)))) * (-0.4677550495))) + (((0.4087621868 * X3) - ((0.0384727009 * X8) + (-0.0045770812))) ^ 2)) + (cos(((((0.5981274843 - (2.0226600170 * X2)) + ((-0.0162417386) * X4)) + exp((0.3059691787 * X2))) + (((0.0015185763 * X3) - (0.0191308372 * X6)) - (1.3198598623 * X1)))) * (-1.1256802082)))))
609_fri_c0_1000_5,OperonRegressor,ok,5.0,0.944291640797804,0.2200054784722969,94.0,97.0,69.2,,(0.0000099587 + (1.0004699230 * ((sin(((((-1.3045976162) * X2) * ((0.1236794442 * X4) + (0.0265885051 * X3))) + (((0.0515885279 * X3) + (((-0.0957417637) * X2) + ((-0.5818482637) * X1))) - (((0.1490239054 * X5) + (((-0.4136089981) * X3) ^ 2)) - ((0.2029384971 * X4) - (-2.9337737560)))))) + (-0.8635207415)) - ((((((-0.5413846374) * X4) + ((-0.1537418365) * X5)) - (((-0.2135191411) * X1) + ((0.1729950011 * X5) ^ 2))) - ((0.4441943169 * X3) ^ 2)) - sin((((0.6800752878 * X2) + (0.5354358554 * X1)) - ((((-0.8819332719) * X2) * (((-0.1580936015) * X4) - ((-0.4922324419) * X1))) - ((0.1558002681 * X4) - (-0.7205684185)))))))))
611_fri_c3_100_5,OperonRegressor,ok,5.0,0.9441085615110676,0.1902785004317803,88.0,88.0,50.9,,(0.0002822037 + (1.0019056797 * ((sin(((-1.0069265366) * X3)) - sin((sin(((-0.8256118298) * X3)) - sin((((-2.3582150936) + sin((1.4783890247 * X1))) + ((0.1138255149 * X2) + ((-1.2169097662) * X1))))))) - (((((2.4657835960 + ((-1.5097795725) * X1)) - sin((3.0496540070 * X2))) * ((-0.3091820180) + ((-0.1998156309) * X1))) + ((0.1788556576 * X2) - ((((0.4174188673 * X1) + ((-0.9104598165) * X2)) * cos((((-0.2289237827) * X2) + ((-2.2394890785) * X1)))) - (((-0.3246411979) * X4) + ((-0.3940127492) * X5))))) + cos((sin((0.0870629176 * X3)) - ((-0.9735167027) + (1.5800036192 * X1))))))))
612_fri_c1_1000_5,OperonRegressor,ok,5.0,0.982839745855937,0.1582938947571049,90.0,90.0,63.5,,((-0.0010396877) + (1.0018062592 * (((cos((exp(((0.6868227720 * X1) + (0.0333640799 * X4))) * sin(((-1.3022458553) * X2)))) - (cos((((-0.1084552035) * X5) + (0.6577135921 * X3))) + ((-1.0886292458) * X2))) + ((1.7102762461 - ((-0.2639318109) * X1)) + ((0.3215027153 * X5) + (0.4966233075 * X4)))) + ((((0.3093304038 * X2) - (-0.5931763649)) - (cos(((0.5157433748 * X2) - ((-1.2447147369) * X1))) * sin(((-0.7891309857) * X2)))) * (((-2.8202292919) - ((0.6096195579 * X2) - cos(((-0.3686199486) - (1.4395558834 * X1))))) - (((0.1869692653 * X5) + (0.1789895743 * X3)) + (1.2621735334 * X1)))))))
613_fri_c3_250_5,OperonRegressor,ok,5.0,0.9752653497738708,0.1859259006935317,88.0,88.0,62.6,,((-0.0006397804) + (1.0026329756 * (((sin((0.7439174652 * X2)) * sin((((-1.4753252268) * X2) - ((-1.3478510380) + (1.8731784821 * X1))))) + (sin(((((-2.7908480167) * X2) - sin(((-0.8954740167) * X2))) - ((-0.6053396463) + (1.3673967123 * X1)))) + ((sin((((-3.6823310852) * X2) - ((-2.5454819202) * X3))) * ((-0.0763568729) * X1)) - (sin((((-0.5953906775) * X3) - ((-2.4077703953) + (0.1481488794 * X4)))) - (0.4297929704 * X5))))) - (((((-0.2410252988) * X2) - ((-0.4065554738) + (0.0055333911 * X4))) * (sin((2.0672039986 * X2)) - (0.7982503176 + ((-0.2080850601) * X1)))) - (0.5611415505 * X4)))))
615_fri_c4_250_10,OperonRegressor,ok,10.0,0.9758643673112446,0.1437499707592206,90.0,90.0,61.4,,((-0.0000016451) + (1.0002250671 * ((((((cos((2.9854888916 * X1)) * (0.1457467973 * X1)) - ((-0.4509835243) * X4)) - exp(exp(((-0.2837656438) * X2)))) + (exp((0.9424963593 * X2)) * (0.3389337361 * X1))) - ((1.1972928047 * X2) + (((((-0.5355160832) * X3) - ((-0.6994442940) * X1)) + (((-0.2751866281) * X5) * (0.4699807465 * X3))) + ((exp(((0.1844263226 * X5) - (0.4024963081 * X3))) * (-2.4024353027)) * cos(((-0.2137907594) * X1)))))) + cos((((-0.3244248331) * cos(((-1.1244227886) * X1))) - ((2.7550187111 * (exp((0.4708645940 * X2)) * (0.4736638665 * X1))) + (1.3695268631 * X2)))))))
616_fri_c4_500_50,OperonRegressor,ok,50.0,0.9786040395851696,0.1468931729095579,88.0,89.0,66.2,,(0.0000030075 + (0.9998159409 * (sin((((-0.7167681456) * X2) + ((-0.3387748003) - (((-0.0621779226) * X4) + sin((0.7727105618 * X1)))))) + (cos(((-6.7553806305) + (exp((((0.3147298396 * X2) + (0.0075747198 * X5)) + (0.5952236056 * X1))) + (sin(((-0.3734044433) * X1)) + (sin((1.0346966982 * X1)) + ((1.4253159761 * X2) + ((-0.0316339284) * X47))))))) + ((((0.4340618253 * X3) - (0.4144420624 - (0.0736718997 * X2))) ^ 2) - (((((-0.1302046627) * X2) + ((-0.4302775860) * X5)) + sin(((-0.5947692990) * X4))) + (0.2452849597 - (((-0.1798372418) * X4) + sin((0.2695483267 * X1))))))))))
617_fri_c3_500_5,OperonRegressor,ok,5.0,0.9545430807322984,0.1840516850709566,90.0,91.0,69.0,,(0.0000699556 + (1.0005973577 * (((((-0.0736286640) + ((-0.3085543513) * X1)) - sin((1.9442247152 * X2))) + (((((-0.1585096568) * X5) + (1.4113525152 + ((-0.5715508461) * X1))) + (sin((0.2206829339 * X2)) - ((-0.1558826864) * X3))) * sin(((1.5755064487 * X2) + (0.8359968662 + (0.7384721041 * X1)))))) + (((((0.0703041255 * X1) + ((-0.0805292353) * X2)) + (0.3786547780 * X3)) ^ 2) + (((((-0.5736562014) * X2) + ((-0.0902744457) + ((-0.5253548026) * X1))) * cos((((0.7316044569 * X2) + 0.1581273079) * (1.1527708769 * X1)))) + (((0.3988259733 * X4) - ((-0.3771819770) * X5)) + ((-0.3749622107) * X3)))))))
618_fri_c3_1000_50,OperonRegressor,ok,50.0,0.968251148183646,0.1865450437943573,94.0,95.0,61.2,,((-0.1630896777) + (1.0035535097 * (sin(((sin(((2.7815876007 - ((-1.5182873011) * X2)) + (1.1260900497 * X1))) + (0.4736905992 * X1)) + ((-0.0856551081) * X12))) + ((cos(((1.9752535820 - ((-1.6265739202) * X2)) + (1.6335145235 * X1))) + (sin((((0.7347079515 + (0.0465243571 * X4)) - ((-1.9126259089) * X2)) + (1.9032996893 * X1))) + ((0.3012903333 * X5) + ((((-0.0275972057) * X4) - (0.4047363997 * X3)) ^ 2)))) + (((((0.4554315507 * X4) - (0.3111859858 * X3)) + ((-0.0320866816) * X33)) - ((-0.0464054160) * X40)) + (((((-0.0285010356) * X45) - (0.1420012563 * X2)) + (0.0697570667 * X12)) + ((-0.4849802852) * X1)))))))
620_fri_c1_1000_25,OperonRegressor,ok,25.0,0.9133630431095066,0.2807175235748225,92.0,92.0,63.6,,(0.0000009349 + (1.0011526346 * ((((((((0.0009603544 * X5) + ((-0.0011151237) * X2)) - ((-0.0022912326) * X3)) / (((-2.0956642628) * X1) + (1.6709100008 * X2))) - cos((0.1954651326 - (0.6853743792 * X3)))) + (0.3001609743 * X5)) + ((0.8955180645 + sin((((-1.0492858887) * X1) - ((-0.3942478597) + (1.6489368677 * X2))))) - (((-0.3884069622) * X4) + (0.2537118495 * X2)))) + (((((-0.1932040006) * X5) + cos((((-1.8809977770) * X1) - ((-0.4224819541) + (1.8594331741 * X2))))) + (((-0.0019644406) * X4) / ((-0.2001896352) * X5))) * (((-0.0318951607) * X5) - ((0.0502544641 * X1) - (0.5097227693 + (0.2194803804 * X2))))))))
621_fri_c0_100_10,OperonRegressor,ok,10.0,0.9195423736025852,0.291023775794217,87.0,87.0,36.6,,((-0.0000861721) + (1.0011419058 * (((((((-755.8173217773) + (106.6379547119 * X2)) - (269.5549621582 * X1)) - exp(((0.8166359663 * X1) + ((-0.4216724038) * X2)))) - ((-0.4765394926) * X4)) * cos((0.0495986454 * X1))) + ((((((cos(((-0.7127228379) * X3)) + 755.5941162109) - cos(((-1.3953908682) * X3))) + ((cos((1.6172789335 * X1)) + ((-107.0539016724) * X2)) - exp((((-2.1575033665) * X4) + (-4.8673291206))))) + (0.3611052334 * X5)) - ((-270.2232360840) * X1)) - cos(((((-9.1052989960) + ((-0.8299050927) * X2)) - (0.9267692566 * X1)) + (cos(((-1.1213430166) * X1)) - ((-0.1165004820) * X5))))))))
622_fri_c2_1000_50,OperonRegressor,ok,50.0,0.9794281958396291,0.1464199974794633,88.0,88.0,45.5,,((-0.0000185371) + (1.0013357401 * ((((cos((((2.1166298389 * X2) - ((-0.0879290849) * X5)) + (1.4667383432 * X1))) * (((0.1459349990 * X2) - ((-0.6703923345) * X1)) + ((-0.0678533465) * X3))) - ((-0.2032387555) * X5)) + ((-0.2312044054) * X1)) - ((cos(((-1.3892381191) + cos(((-0.7685550451) + (0.7542828918 * X3))))) + ((0.3190272450 * X2) - 0.6226705909)) + ((cos((((1.6955751181 * X2) - 2.3629958630) + (1.8274095058 * X1))) - log(exp((0.3932793736 * X4)))) + (((0.2514240742 * X2) - (0.4004506767 * X1)) * cos((((-1.7480571270) + ((-0.2158057392) * X3)) + (2.1879901886 * X1)))))))))
623_fri_c4_1000_10,OperonRegressor,ok,10.0,0.9547490864546788,0.1805543935773582,90.0,90.0,61.8,,((-0.0057122391) + (1.0012063980 * (((sin(((cos(((-0.8789020181) * X1)) + (((-0.0260385051) * X3) + ((-1.6330897808) * X2))) - (0.9320925474 * X1))) - (sin((((-0.4864808917) * X4) + (0.1446741968 * X1))) + (0.0097431820 * X10))) + sin((sin(((cos((1.9533870220 * X2)) - (-0.1288851947)) - (1.2552551031 * X1))) - ((-0.6621569395) * X1)))) + ((((-0.3934563398) * X3) - ((cos(((-0.3548856676) * X3)) - (0.3747549653 * X5)) + sin(((1.8678959608 + (1.3524205685 * X2)) - (0.5440785289 * X1))))) + (((2.2104961872 + ((-0.5287036300) * X2)) - (0.0221269596 * X6)) - cos(((-0.5408884883) * X3)))))))
624_fri_c0_100_5,OperonRegressor,ok,5.0,0.8538126463816832,0.3345913731682464,94.0,94.0,43.7,,(0.0000172887 + (1.0004725456 * (((exp((1.0929216146 * X2)) - (((-0.5659314394) * X2) * (exp((1.6549491882 * X2)) - ((-1.0850341320) * X1)))) - cos(((-0.8665520549) * X3))) + ((((1.3450622559 * X2) - (((-0.5178672671) * X4) - ((cos((28.2241592407 * X3)) - (0.0653482452 * X3)) - exp((0.8185484409 * X1))))) - ((((-1.1413525343) * X1) - ((2.0729215145 - ((0.0062538264 * X5) - (0.1738084406 * X5))) - cos((28.1215305328 * X3)))) - (exp(((1.0307446718 * X1) - (0.0306940041 * X4))) - exp(((1.8450639248 * X2) - (0.0132852877 * X5)))))) - exp(((0.8340827823 * X1) - ((-0.4926471710) * X2)))))))
626_fri_c2_500_50,OperonRegressor,ok,50.0,0.9726440015623622,0.1649883450870475,85.0,86.0,56.9,,(0.0000151869 + (1.0020986795 * (((0.3568032086 * X4) + cos((sin((1.0549380779 * X2)) - ((-1.9903880358) + (((-0.7853566408) * X1) - (0.0159057435 * X5)))))) + (cos((((((-1.1519620419) * X1) - sin((1.5446267128 - ((-1.1493407488) * X1)))) + ((-1.4876133204) * X2)) - ((((-0.6214761138) + (0.0251898263 * X16)) - (0.0434353128 * X47)) + ((sin(((-0.3457435966) * X2)) + ((-0.6747978330) * X1)) ^ 2)))) - (((((-0.2317899317) * X2) + sin(sin((2.2814099789 + ((-0.6840336919) * X3))))) - ((((-0.0201201588) * X34) - (-0.5376528502)) - ((-0.1814492643) * X5))) + (0.0406224281 * X25))))))
627_fri_c2_500_10,OperonRegressor,ok,10.0,0.9660374563982888,0.1777898656759069,86.0,88.0,67.4,,((-0.0000117694) + (1.0002242327 * ((sin((sin((3.2906396389 - ((-0.9454705715) * X1))) + ((1.3078936338 - ((-1.5314964056) * X1)) + (((-0.0392776839) * X9) + (1.0437886715 * X2))))) ^ 2) + ((0.3638371825 * X4) + ((sin((5.4567384720 - (0.3045392632 * X1))) + (cos(((1.1914716959 - ((-1.3391793966) * X1)) + ((0.0247486942 * X3) + (1.4491361380 * X2)))) + ((0.0430330522 * X1) + (0.4721173346 * X2)))) + (((((1.1187007427 - (0.0877841562 * X2)) * (0.4022124708 * X3)) + ((-0.3272085190) + ((-0.1272480339) * X2))) ^ 2) - (sin((1.1480748653 * X2)) + ((-0.1898824722) * X5))))))))
628_fri_c3_1000_5,OperonRegressor,ok,5.0,0.9665821771075056,0.1635318529696311,94.0,94.0,65.0,,((-0.0023839283) + (0.9998976588 * ((((-1.0820420980) * sin(sin(((1.3802330494 * X2) + (0.9659349918 * X1))))) - (((sin(((1.8261492252 * X2) + (1.5182561874 * X1))) + (0.5226903558 * X3)) - (((0.2698273063 * X5) + (0.3741774559 * X4)) - cos((8.3699178696 - (((-1.9775254726) * X2) + ((-1.4718122482) * X1)))))) + (((-0.1049257964) * X2) + (0.0651065782 * X1)))) + ((((-0.2727123499) * X5) - (((((-1.5060331821) * X2) - sin((((-1.4609476328) * X2) + ((-3.0129725933) * X1)))) + ((-0.5174443722) * X1)) + (1.9852375984 * X3))) * (((((-0.0512957089) * X2) + ((-0.0067503597) * X1)) + ((-0.0605542213) * X3)) - 0.1116200760)))))
631_fri_c1_500_5,OperonRegressor,ok,5.0,0.957366557943628,0.1938048517901437,94.0,94.0,70.3,,((-0.0000005766) + (1.0000555515 * (((((exp((0.8879193664 * X1)) - (0.3921734393 * X1)) + (0.6443557143 * X2)) + ((0.0180297457 * X4) - ((-0.0078248791) * X5))) * ((((((-0.2675041854) * X3) + (-4.1400065422)) - ((-3.6536457539) * X1)) + sin(((((-1.4106122255) * X2) + ((-0.8550778031) * X1)) + ((4.6260271072 + ((-1.8612517118) * X1)) * ((-0.0430275612) * X3))))) - (1.5360180140 * X2))) + ((((0.4362564385 * X4) - ((exp((1.5103378296 * X1)) - (0.1149617881 * X1)) + ((-4.4296727180) * X2))) - ((10.1042490005 + (((-16.7935295105) * X2) + (28.9828777313 * X1))) * ((-0.0373618826) * X3))) - (((-0.2166640610) * X5) + (-5.7661046982))))))
633_fri_c0_500_25,OperonRegressor,ok,25.0,0.9288462304081604,0.2674158948735265,90.0,91.0,68.4,,(0.0000000938 + (1.0007158518 * ((((cos((((0.0684068501 * X3) + ((-1.0132720470) + (1.4655692577 * X1))) - ((-0.0676697716) * X4))) - (0.0147864241 * X21)) - ((-3.4931530952) * X2)) + (((-2.3075127602) + ((-3.0961287022) * X1)) - (((cos(((-0.2573506832) * X3)) - (0.5862825513 * X1)) - ((-0.5689327121) * X2)) ^ 2))) + ((((cos(((-2.9218876362) + ((-2.3504617214) * X1))) - cos((0.7539455295 * X3))) + cos(((-2.0458421707) * X1))) + (0.2611733973 * X5)) + (exp(((-0.8132998347) * X2)) + (exp(((cos((0.5383778811 * X2)) + (0.6399508119 * X1)) - (0.3664726019 * X2))) - ((-0.5281978846) * X4)))))))
634_fri_c2_100_10,OperonRegressor,ok,10.0,0.8861156762356784,0.3602132106967384,84.0,84.0,50.6,,(0.0000108222 + (0.9993053675 * ((((((-0.3464520872) * X5) * ((-0.6201573014) + ((-0.1419684142) * X7))) + ((((1.2979964018 + (0.1299510002 * X4)) + ((-0.0814443454) * X7)) * cos((((-0.6818509698) + ((-0.0374169499) * X7)) + (((-1.4985817671) * X2) + ((-0.7398975492) * X1))))) - sin((0.8314270377 + (0.5490443110 * X3))))) - ((-2.2889909744) + ((-0.4381755888) * X4))) + (cos(((-4.8650603294) + exp((0.6040675044 * X1)))) - exp(((((0.1491497457 * X4) + ((-0.0819540471) * X2)) + ((-0.5139579773) * X1)) * cos((((-0.1585136950) + (1.9048284292 * X2)) + exp((0.7128595114 * X1))))))))))
635_fri_c0_250_10,OperonRegressor,ok,10.0,0.962189473419448,0.1948664791978135,89.0,89.0,65.1,,(0.0001275768 + (0.9998988509 * ((0.6256524920 + (((exp(((-0.3788298666) * X4)) - (0.0382922776 * X3)) + ((cos((5.9626154900 * X3)) * ((-0.2093247026) * X5)) - (((0.8337318897 * X2) + ((-0.5404994488) * X4)) + 1.5450450182))) * ((sin((((-2.0590498447) + (0.8663734198 * X1)) + ((0.3226303458 * X2) + ((-0.0230459515) * X4)))) - ((-0.2191846222) * X1)) - (exp((0.1138235554 * X4)) * ((-0.2764841020) * X2))))) - ((cos(((-0.8418501019) * X3)) - (0.2751547098 * X5)) - ((0.6698416471 * X4) - (exp(((2.6553542614 * X1) - (6.0020275116 + (0.9475144148 * X2)))) + ((-0.6294626594) * X1)))))))
637_fri_c1_500_50,OperonRegressor,ok,50.0,0.9608560114268502,0.1909252162224993,90.0,94.0,60.6,,(0.0000103607 + (1.0008286238 * ((((((((0.0119279446 * X41) + ((-0.1942922622) + (0.0255065486 * X13))) + (0.1162946522 * X2)) + (0.0293325447 * X6)) + (((-0.4915319085) * X3) ^ 2)) + ((0.1815165281 * X5) + ((-0.0229957011) * X38))) + ((cos(((((-0.7355886102) + ((-0.4148538411) * X1)) ^ 2) + ((1.5345761776 * X2) + ((0.0239024125 * X6) + (0.2748970985 * X1))))) + (((((-0.1122944131) + ((-0.1007544994) * X1)) + ((-0.1159236953) * X39)) ^ 2) - ((-0.4109207988) * X4))) + (((-0.0310063493) * X16) * (1.2863277197 * X41)))) + cos(exp(((0.5163710117 * X2) + (((-0.7517672777) + ((-0.2025025934) * X1)) ^ 2)))))))
641_fri_c1_500_10,OperonRegressor,ok,10.0,0.9685516180189472,0.1541526595478455,88.0,89.0,66.0,,((-0.0000000879) + (1.0007982254 * (((((0.0176479891 * X10) + (-2.2398457527)) + exp(((0.1063183174 * X4) + (0.2582421899 * X3)))) + (cos((((-4.8636746407) - (1.1054639816 * X1)) + ((0.0128174406 * X6) + (0.4260525405 * X3)))) + cos(((4.1037755013 - ((-0.0900263339) * X3)) + (((-0.7403925061) * X1) + ((-0.8858017921) * X2)))))) + (((((0.2809504569 * X4) - (0.6356406212 * X1)) - ((-0.2076185644) * X5)) + exp((((-0.4084792137) * X3) ^ 2))) + cos(((cos((((-2.8999226093) - (0.7353362441 * X1)) + ((-0.4038794339) * X2))) + ((-4.5190687180) - ((-1.3996700048) * X1))) + (1.7965209484 * X2)))))))
643_fri_c2_500_25,OperonRegressor,ok,25.0,0.9712108850746344,0.1585623791627229,92.0,94.0,60.8,,(0.0000001827 + (0.9997820854 * ((cos((((0.0333324969 * X5) + (1.9158129692 * X1)) + (2.2404670715 * X2))) - (((((-0.0367170721) * X3) + (0.0750938207 * X1)) + (((-0.2491608113) + ((-0.0240430478) * X6)) + cos(((0.2417725027 + (1.0439063311 * X1)) + (1.3069016933 * X2))))) ^ 2)) + (((((((-0.3445642292) * X3) + (0.4033207595 * X4)) + (((-0.4169440866) * X3) ^ 2)) + (((((-0.0002851760) * X3) / (1.1166374683 * X1)) + ((-0.2238636315) * X2)) + (0.2127016336 * X5))) + ((-0.2052162141) * X1)) - (((-0.2724724412) + (0.0170671139 * X6)) + cos((((-1.2470020056) + (1.1109308004 * X1)) + (1.6807085276 * X2))))))))
644_fri_c4_250_25,OperonRegressor,ok,25.0,0.966459650797766,0.1631460924685892,88.0,91.0,50.9,,((-0.0000008638) + (0.9989641309 * (((((-2.4747982025) * X2) - (0.5072590113 * X3)) + (((cos(((1.2032846212 - (1.6850548983 * X2)) - (0.5223043561 * X1))) - cos((((-2.1900122166) - ((-1.0341691971) * X1)) - ((-0.4501245320) * X2)))) ^ 2) + ((-2.1130030155) - exp(((-0.8985548615) * X2))))) + ((((exp(((-0.1492514014) * X3)) + ((-0.0499670208) * X4)) ^ 2) - (((-0.0555049852) * X1) - (0.3179132938 * X5))) + ((((((-0.0705914497) * X1) - (0.3283324242 * X2)) - cos((((-2.5963613987) - ((-0.3588860035) * X1)) - ((-1.5916585922) * X2)))) ^ 2) + (exp((0.4343150258 * X3)) + (0.5284494758 * X4)))))))
645_fri_c3_500_50,OperonRegressor,ok,50.0,0.9498153862323646,0.1999400234479253,90.0,91.0,62.0,,((-0.0004449259) + (0.9994713068 * (((exp((0.2453056276 + cos(((((-1.4051964283) * X2) + (-1.5836637020)) + (((-0.9924867749) * X1) - (0.0262591038 * X43)))))) + cos(((((-0.9427956939) * X2) + (((-0.6404418945) * X1) - ((-0.0491692685) * X36))) + ((-11.7274742126) + (0.0713012367 * X3))))) + (((((-0.0576518588) * X16) + cos((((-2.0538494587) * X2) + (((-1.6732577085) * X1) - (-6.7927727699))))) + ((((-0.2272855937) * X1) - ((-0.0225987602) * X43)) + (((0.4297254682 * X4) - ((-0.0447436608) * X18)) - ((-0.4083093703) * X5)))) + (((0.3374133110 * X3) ^ 2) + ((-0.2198587507) * X2)))) - (2.0919003487 + (0.4219307303 * X3)))))
646_fri_c3_500_10,OperonRegressor,ok,10.0,0.9211253172075318,0.244242127877428,88.0,89.0,63.0,,(0.0000035609 + (1.0000791550 * (((((-0.4230323434) * X3) ^ 2) + ((cos((((-7.1959600449) + (2.0399498940 * X1)) + (1.9420721531 * X2))) + (sin(((-4.8194565773) * X3)) - ((-0.3820784688) * X4))) + ((((-0.0018677765) * X5) / ((-0.2980547845) * X1)) + (sin((4.7779293060 * X3)) - ((-0.3396116793) * X5))))) + ((cos(((-4.9457693100) + (1.0518839359 * X2))) + ((-0.3093031645) + (0.4704224765 * X2))) + (cos(((1.0840241909 + (1.6607718468 * X1)) + (1.8513046503 * X2))) + ((((-0.2885276973) * X3) + ((-0.1485416889) * X1)) + cos(((1.6034418344 * X2) + (14.9624319077 + (1.7574543953 * X1))))))))))
647_fri_c1_250_10,OperonRegressor,ok,10.0,0.9678321949303998,0.1790049451623634,90.0,91.0,60.6,,(0.0001500504 + (0.9994025826 * ((((((0.4072974622 * X4) + (-1.0580571890)) + (cos((cos(((-1.6514976025) * X1)) + (0.3731128871 * X2))) - ((-0.2029543966) * X5))) + (((((0.5665458441 * X3) + ((-0.0258778147) * X5)) + (0.1133959219 * X2)) - (0.2186019421 * X1)) ^ 2)) + ((-0.4182303548) * X1)) + ((((0.4454793036 * X1) + (((-0.0200681891) * X6) + ((-0.1259210706) * X2))) + ((0.0320089795 * X4) + 0.9957002401)) * sin(((sin(((1.1520992517 + ((-0.3956135809) * X2)) + ((-1.0437521935) * X1))) + ((-1.0023533106) + ((-1.5883053541) * X2))) + (cos(cos(((-1.7123779058) * X1))) - (0.9335838556 * X1))))))))
648_fri_c1_250_50,OperonRegressor,ok,50.0,0.976478881268241,0.1535144747365782,88.0,90.0,64.6,,((-0.0000004309) + (1.0001010895 * ((((cos((((-0.0356958769) * X6) - (((-1.3132466078) * X1) + ((-7.5134358406) - (1.9190303087 * X2))))) + (((-0.2461067289) * X1) + (exp(((-1.1674228907) * X2)) + (0.3773773611 * X4)))) - ((-0.1848784387) * X5)) + (cos(((((0.3833585382 * X2) ^ 2) + (((-2.0570659637) * X1) + ((-0.3878414929) - (2.1722018719 * X2)))) - ((-0.0257362276) * X4))) + ((0.4366196692 * X3) ^ 2))) - (exp(((-1.2267905474) * X2)) - (((-0.0295372009) - (0.3759356737 * X2)) + cos(((0.0210980717 / (9.8101806641 * X5)) + (((-2.0352306366) * X1) + ((-3.9396548271) - (2.3442757130 * X2))))))))))
649_fri_c0_500_5,OperonRegressor,ok,5.0,0.9453761062085656,0.2021743186185636,92.0,92.0,65.3,,((-0.0003526099) + (0.9982650280 * ((((exp((((0.3409614265 * X2) + (0.4156364202 * X1)) - exp(((-0.8847823739) * X1)))) + ((-0.7924245000) + ((-0.5771471858) * X1))) * ((-1.0068258047) * X2)) + (((0.6551200747 * X4) - ((cos(((-0.5990974307) * X3)) + ((-0.0811827332) * X3)) * ((cos(((-0.8022642732) * X3)) + (0.1353797019 * X4)) - ((0.2305681854 * X2) + ((-0.2587792575) * X1))))) + (cos((0.5634140968 * X1)) + (((cos(((-1.5976784229) * X1)) + (0.7079288960 * X2)) * ((0.0956573039 + (0.0638049021 * X3)) * cos(((-8.2808370590) * X3)))) + (0.2695041001 * X5))))) - (0.0416905470 + ((-0.8149615526) * X1)))))
650_fri_c0_500_50,OperonRegressor,ok,50.0,0.9059891413437324,0.275639742516539,89.0,91.0,65.1,,(0.0000254843 + (1.0001405478 * (((cos((0.4392280281 * X32)) - ((0.4230460227 * X2) + ((0.0322905630 * X43) + (0.6799039245 * X1)))) - (((((-0.3143603504) * X5) + ((cos((0.4158449173 * X42)) * (((-0.8690108061) * X2) + 0.4246875942)) + ((0.0368018784 * X15) - ((0.5946012735 * X3) ^ 2)))) + ((0.0107122548 * X3) - (0.6284985542 * X4))) + exp((((-0.0301182400) * X3) + ((-0.6463965178) * X1))))) - (cos(((0.1484210193 * X1) + ((0.9745303392 * X2) + 3.8008315563))) - cos(((cos((0.4622531235 * X32)) + ((-0.8381502032) * X1)) - (((0.1447402090 * X2) + 3.4033787251) ^ 2)))))))
651_fri_c0_100_25,OperonRegressor,ok,25.0,0.915682582982304,0.3050990560025789,88.0,90.0,50.1,,((-0.0000235360) + (0.9984360933 * (((5.5119876862 * X4) / exp(((-0.0058085369) * X1))) + ((sin(((((-0.3288773298) + (1.1905355453 * X1)) + (((-0.0566941351) * X10) + (0.8972313404 * X2))) - (0.0770583749 * X24))) - (exp(((-0.3511630297) * X5)) + (((4.8937673569 * X4) / exp((0.0072685117 * X18))) + (((-0.4428947568) * X2) ^ 2)))) + (((((0.5513511300 * X3) - sin(((-1.1105427742) + (0.1397912651 * X2)))) ^ 2) - exp((((-1.8431710005) + ((-1.2920659781) * X1)) + ((-0.5708530545) * X2)))) - ((0.0371004753 * X17) + ((0.9403803945 * X3) + cos(((-2.4600958824) + (0.6676152945 * X1))))))))))
653_fri_c0_250_25,OperonRegressor,ok,25.0,0.8986184775745784,0.3082482973787362,90.0,90.0,72.9,,((-0.0000004084) + (0.9999912381 * ((((0.1032779217 + (sin(((-0.8165593743) * X3)) + ((-0.0468281060) * X23))) - cos(((((-0.0284529068) * X3) - ((0.0786966607 * X22) + (((-0.0436027162) * X23) - (0.3368904293 * X2)))) + ((-0.8880220652) * X1)))) + ((((-0.0538214110) * X17) + ((0.1997733414 * X3) + cos(((2.0563981533 - (0.9819952846 * X2)) + ((-0.9455556273) * X1))))) + ((0.3561018705 * X5) - cos((exp(((-0.8299357295) * X3)) - ((-1.6555749178) * X3)))))) + ((cos(((3.9394621849 * X1) / 2.7525272369)) - (cos((3.1214916706 - (0.9819171429 * X2))) + ((-0.0487108789) * X20))) + (0.5299172401 * X4)))))
654_fri_c0_500_10,OperonRegressor,ok,10.0,0.950923500530777,0.2315032121431599,90.0,90.0,61.1,,(0.0000022798 + (1.0005891323 * ((((cos((((0.0627259687 * X4) + 0.5690488815) - ((-1.4821002483) * X1))) - (8.0892238617 * X1)) - (cos(((-0.9657061100) * X3)) - ((0.4999376535 * X3) + (-8.0213766098)))) + (cos(((((0.1054802015 * X3) - ((0.5429871082 * X2) - (-0.3392463923))) - cos((1.2498202324 * X1))) - (0.0631957054 * X10))) - ((-0.0384276621) * X7))) + ((cos(((((-0.2137851417) * X2) + 0.1439406127) - (0.2072685510 * X1))) - (0.0018647407 * X5)) * (((-0.5183968544) * X3) - ((-8.0483942032) + (((((-0.6167616248) * X4) + ((-0.8643958569) * X2)) - (0.3511670232 * X5)) - (9.2977724075 * X1))))))))
656_fri_c1_100_5,OperonRegressor,ok,5.0,0.9347005494307634,0.2385208776894583,88.0,89.0,48.8,,(0.0000870611 + (0.9992544055 * ((sin(((0.0339164324 - (0.4232009947 * X1)) + ((0.1801757663 * X5) + (0.5142313838 * X4)))) + ((((((-0.0802806243) * X3) + (1.3535118103 - ((-0.1033511087) * X1))) + cos((((-0.5097906590) * X2) + (2.3450281620 - (0.5381417871 * X1))))) * cos(((1.6160428524 * X2) + (0.9010512829 - ((-1.2195686102) * X1))))) + (((0.0144845424 - ((-0.0299072098) * X1)) / ((-1.9501140118) * X3)) / ((-3.4163856506) * X4)))) + ((cos(((0.1835908592 * X3) - ((-1.1323089600) * X2))) - ((0.0624026768 * X2) + 0.7268700004)) + ((0.0621332824 * X5) + (((-0.4404678047) * X3) ^ 2))))))
657_fri_c2_250_10,OperonRegressor,ok,10.0,0.9693927953681728,0.1659556900952333,80.0,86.0,60.2,,(0.0001424245 + (1.0016402006 * (((sin((exp((0.4797230959 * X1)) + (((0.2562218904 * X2) + 2.0169498920) ^ 2))) ^ 2) + (((((-0.4052686691) * X3) + 0.4081045985) + (0.0203428287 * X5)) ^ 2)) + (((((sin((1.3714474440 * X2)) ^ 2) - ((((-0.0572827347) * X2) + 1.9170830250) ^ 2)) + ((((1.0891499519 * X4) + (0.5363982320 * X5)) + ((-0.0686682761) * X1)) + sin((exp((1.0321381092 * X1)) + (3.1407017708 + (0.7224808335 * X2)))))) / 2.8137340546) + sin((exp((0.7728452086 * X1)) + (((0.5383138657 * X2) + 1.0807243586) ^ 2)))))))
658_fri_c3_250_25,OperonRegressor,ok,25.0,0.9550896422366032,0.1925381257669806,88.0,89.0,69.3,,((-0.0000576864) + (1.0000039339 * (((((cos(((0.4362719357 * X3) + (2.6266794205 + (0.1218277290 * X4)))) - 33.2252998352) - (0.0156287178 * X16)) - (((((-0.2159191817) * X5) + ((-0.0164776500) * X9)) / exp(((0.3032528460 * X4) + ((-0.0761842579) * X9)))) + ((2.9175739288 * X23) + (0.0051596612 * X17)))) * (2.0146594048 + ((-0.0131679224) * X4))) - (((-68.1929244995) + ((-5.8665447235) * X23)) - (cos((((0.0341203101 * X5) + ((-2.4386868477) * X1)) + (((3.1857340336 + (0.7194718122 * X1)) ^ 2) / exp(((0.1107854396 * X1) - (0.1263986528 * X2)))))) * ((-1.4376788139) + ((-0.0423760973) * X23)))))))
659_sleuth_ex1714,OperonRegressor,ok,7.0,-0.002893526674633,2275.654164726713,98.0,98.0,54.9,,((-0.0000006473) + ((((((-78.6729278564) * X1) + ((-85.2448654175) * X4)) + ((-167.7083282471) * X6)) * ((-0.0037597727) * X3)) + ((((0.3672323525 * X5) - ((-0.7714250088) * X1)) - ((((((-0.6355300546) * X3) + (0.4747902453 * X4)) + (0.2703226805 * X6)) + (-1.1212856770)) + ((0.6031219959 + (0.2241289914 * X1)) * exp(((0.7975620031 * X5) - ((-0.2555318773) * X2)))))) + (((((((0.6555894613 * X4) - (6.5283045769 * X6)) * ((-0.0053616171) * X3)) + ((-0.0439853556) * X4)) + ((0.0068641026 * X3) + (0.0047985357 * X1))) + (0.0156461149 * X2)) * ((((10.5845651627 * X1) - ((-3.3085975647) * X2)) - (12.1331291199 * X6)) + (15.1997289658 * X3))))))
663_rabe_266,OperonRegressor,ok,2.0,0.99829453950714,2.034690529869281,94.0,95.0,63.1,,(0.0000158169 + (1.0000077486 * (((((-1.7248153687) * X1) * (0.2155696750 * X1)) + (((exp(((0.2027885765 * X2) - ((-0.5115508437) * X1))) + ((-0.2866710722) * X2)) - exp(((-0.9066231251) * X2))) * ((0.0800508708 * X2) - ((-0.1287489980) * X1)))) - (cos((((((0.2315206677 * X2) ^ 2) - ((-0.8596739769) * X1)) - (-0.9541738033)) * ((((-0.4116569161) * X2) - ((-0.8096786737) * X1)) * ((((-0.1687747091) * X2) - ((-0.3962038755) * X1)) * (((0.3116120398 * X1) + ((-0.0979030281) * X2)) - 0.8981331587))))) - ((((1.6047416925 * X1) + ((-0.2623029053) * X2)) + exp(((0.0332548395 * X2) - (0.6339058280 * X1)))) + (-0.0684854686))))))
665_sleuth_case2002,OperonRegressor,ok,6.0,0.2491094096883654,8.2469611207047,87.0,87.0,41.6,,((-0.0003457890) + (1.0022606850 * ((((cos(((1.4532337189 * X6) - (exp((0.8058039546 * X6)) - ((-0.2037989795) * X5)))) - ((-0.0880746916) * X4)) - (((-0.1633941829) * X6) - (-0.3669182062))) + ((0.0017641004 * X6) / cos((exp(((-0.5085535645) * X6)) - (0.1032042056 * X5))))) - (((((-0.0102549084) * X6) - (-0.0024353799)) + ((((0.4233328700 * X6) - (0.1440640241 * X5)) - ((-0.2518213093) * X4)) * cos(((exp((1.7602616549 * X6)) + (-4.7849869728)) - (4.8173098564 * X2))))) / cos((exp((1.2584613562 * X6)) - ((((-0.4055742621) * X3) + (0.0863639191 * X5)) + (-0.0054705506))))))))
666_rmftsa_ladata,OperonRegressor,ok,10.0,-16505569.970785655,16062.85855114971,100.0,101.0,56.3,,((-0.1530807316) + (0.9932409525 * ((((((-0.0947030485) * X8) - (0.0635150746 * X4)) - (((0.0750759840 * X3) + (((-0.0422759391) * X8) - (0.0306322984 * X9))) * ((((-2.6391835213) * X5) + (0.0811674222 * X3)) + ((5.8693099022 * X8) - (3.5381097794 * X10))))) - (0.0386707634 * X9)) + ((((((1.2890681028 * X4) - (6.4123573303 * X1)) + (((-2.5678155422) * X8) - ((-4.2014780045) * X5))) + ((((((-0.6425527334) * X4) - (0.5952638984 * X9)) * (((-0.0001760556) * X6) ^ 2)) * exp((7.4442210197 * X1))) - exp((((-1.2134978771) * X3) + ((0.6724432707 * X6) - (1.4369748831 * X1)))))) - (((-6.5231957436) * X2) - 11.7649326324)) * (0.0686729327 * X1)))))
678_visualizing_environmental,OperonRegressor,ok,3.0,-55.10414712368844,23.00110119132415,88.0,88.0,52.7,,(0.0000000499 + (0.9998649359 * (((cos(((-4.0945329666) * X2)) - ((-0.7018848062) * X2)) / ((13.0936889648 * X1) + (9.0239839554 * X2))) - ((((((-0.0632882118) - ((-0.0851005167) * X2)) / cos(((-3.0160489082) - ((-4.3384141922) * X1)))) - (cos(((-0.5811623335) * X2)) + ((-0.5612168312) * X1))) + ((1.2656863928 - (0.1782427728 * X2)) + ((0.7367379665 - cos(((-25.7863864899) * X2))) / ((6.2049050331 * X3) + ((-48.1644783020) * X1))))) - (((0.0635949522 - ((-0.4580487609) * X1)) / (((-1.6759028435) * X2) + (6.9669055939 * X1))) + (((0.0299442466 * X3) + 0.0166459884) / cos(((-0.9102994800) * X2))))))))
687_sleuth_ex1605,OperonRegressor,ok,5.0,-4.611712405234609,44.91461818467914,88.0,89.0,47.9,,((-0.0003535638) + (1.0018855333 * ((((((cos((10.8890342712 * X2)) + (0.3510498106 * X4)) / (-247.5856933594)) * ((((((-4.6657958031) * X4) + (25.1192455292 * X2)) - 15.4670982361) * (((12.3214273453 * X5) + ((-3.4607660770) * X2)) + (-1.6291859150))) + (((-86.0403823853) * X1) - (-114.8947219849)))) + (0.5493289828 * X5)) + exp(((-0.8869609237) * X5))) - (((((-0.0492089018) * X5) + ((-0.0825844035) * X2)) + 0.1353978366) * (((((-8.0985803604) * X5) + (4.3271517754 * X2)) + 11.3940382004) - exp((((((0.1883579791 * X4) + ((-3.5729963779) * X2)) ^ 2) + (0.7896839380 * X4)) * cos(((-1.8804612160) * X2)))))))))
690_visualizing_galaxy,OperonRegressor,ok,4.0,0.9598000143976988,18.13760078339668,88.0,88.0,55.5,,(0.0000332186 + (1.0023441315 * (((sin(((1.7300454378 * X2) + ((-0.3996699750) * X4))) + (((-0.2015767395) * X2) + (sin(((-1.3190168142) * X2)) + (sin(((3.0043437481 * X1) + (-7.4499650002))) * (0.1539139450 * X4))))) - (0.0338998511 + ((-0.3782512248) * X4))) - ((sin(sin(((1.4962693453 * X2) + ((-0.8093268275) * X4)))) - ((sin((7.4385890961 * X2)) * ((-0.0806971118) * X4)) - (sin((sin((2.5864436626 * X1)) - ((0.7698791623 * X2) + (1.6969490051 * X4)))) * ((0.0603972226 * X1) + (-0.2854957581))))) - (0.0702764690 * sin(((5.3727617264 * X1) + (0.6179141402 * X4))))))))
695_chatfield_4,OperonRegressor,ok,12.0,-0.333250573144225,41.1838879159308,96.0,96.0,65.6,,(0.0342461057 + (0.9950695634 * ((((((0.1381098330 - ((((-0.1325429827) * X8) + (0.1125876456 * X12)) - ((-0.0377425216) * X9))) - ((-0.1462698430) * X10)) - (0.1539400518 * X5)) * cos(((((3.8332860470 * X8) + ((-1.0055177212) * X12)) + ((0.7095285058 * X7) - 0.5973572135)) - (0.5470278263 * X5)))) * exp((1.3282177448 * X5))) - ((cos((((0.2400350422 * X8) + (0.6500298977 * X12)) - (1.4779814482 * X5))) * (((1.5989179611 * X7) - (0.4716140628 * X5)) + ((-0.9722356200) * X12))) + ((((0.4646581113 * X5) - (0.1460640579 * X9)) - (1.5154613256 * X7)) - ((0.0002718084 / ((-3.7381248474) * X7)) - (0.1273163557 * X6)))))))
706_sleuth_case1202,OperonRegressor,ok,6.0,0.0204814303005147,100.59642436364776,91.0,91.0,38.0,,(0.0000000644 + (1.0000001192 * ((((8.9647769928 * X5) - (-10.3235845566)) * ((((0.0373218171 * X5) - (0.0051842956 * X6)) + ((((-0.0593091249) * X5) - (-0.0243186690)) * sin(((((-0.7372367382) * X5) - (0.4744687676 * X1)) - (6.8331079483 * X4))))) + (((0.0649148375 * X5) - ((((-0.0135229621) * X2) + (-0.0422424562)) - ((-0.0536642969) * X4))) / ((-2.2986719608) * X3)))) - (((-0.2624951899) - (((0.3279298842 * X5) - (((0.0737786368 * X2) + (-0.4771352708)) - ((-0.1751646549) * X4))) * sin(((((-4.5754284859) * X5) + (0.5601391196 * X1)) - (6.1434860229 * X4))))) + (((-0.9666467905) * X5) - (0.1543853730 * X1))))))
712_chscase_geyser1,OperonRegressor,ok,2.0,0.620479877713348,7.674347038346697,93.0,93.0,50.8,,(0.0647402927 + (0.9984423518 * (((cos((((-2.8590307236) * X1) + ((-5.8381681442) * X2))) * ((((-0.0060265935) * X1) * ((((-12.2025985718) * X1) + (13.5092468262 * X2)) - (17.3691692352 * X1))) - ((cos(((9.6499958038 * X1) + (10.1657581329 * X2))) * (0.2812614739 * X1)) - ((-0.4200741351) - ((-0.0853033140) * X1))))) - (sin(sin((((-0.0098049799) * X1) / (0.1751602888 * X2)))) + ((0.7734176517 - sin(((1.2437560558 * X1) - ((-2.1789536476) * X2)))) / (5.5694856644 * X1)))) + ((cos((((-6.0381627083) * X1) + ((-7.2730736732) * X1))) * (0.1595212817 * X1)) - ((0.0482885838 * X1) + ((-0.8036303520) * X2))))))
_deprecated_195_auto_price,OperonRegressor,ok,15.0,-124.87142032170424,57413.332871193816,98.0,98.0,53.8,,((-0.0031611174) + (1.0000839233 * ((((((((-1.4869682789) * X5) - ((-3.6209921837) * X7)) * ((0.2506845295 * X5) + ((-0.1193974689) * X8))) - 0.1587217897) * (((-0.1721324921) * X3) + (((((-0.0363596156) * X5) + (((-0.0348947532) * X2) - ((-0.0533966571) * X7))) / exp((((-0.8515641093) * X5) + ((-2.2330956459) * X2)))) + sin(exp((((-0.7008249164) * X9) - (0.5037240982 * X14))))))) - ((0.1453127712 * X3) + (((-0.2185924798) * X5) - (0.8284395933 * X7)))) - (((((-0.0391923264) * X3) - ((-0.0352928266) * X4)) + (((0.0140490271 * X9) - ((-0.0107688000) * X14)) + ((-0.0053902282) * X2))) / sqrt(exp((((-2.3020715714) * X9) - ((-2.2646052837) * X14))))))))
_deprecated_207_autoPrice,OperonRegressor,ok,15.0,0.2810897428170679,4338.968849475948,96.0,96.0,46.3,,(0.0000005065 + (1.0005670786 * (((((6.6529655457 * X6) + (28.7959403992 * X5)) - ((-17.1091823578) * X14)) * ((-0.0101457350) * X6)) + ((((((-9.4796009064) * X5) + 2.6362903118) - ((-6.8231287003) * X7)) * (((2.2314314842 - ((-1.0959702730) * X7)) - (exp(((0.9345421791 * X12) + (0.1985887140 * X14))) - (0.5139755011 * X8))) * (0.0432770066 * X2))) - (((-0.0601159371) * X13) + ((((0.2522920668 * X5) + ((-0.5420615673) * X14)) - (exp(((0.2900225818 * X12) + ((-0.6778103113) * X14))) * (((0.2450874448 * X5) + ((-0.1229618713) * X12)) + exp(((-0.9802203178) * X7))))) - (((-0.1827008873) * X12) + ((-1.1415624619) - ((-1.5961296558) * X7)))))))))
auto_insurance_losses,OperonRegressor,error,,,,,,,ValueError: Input X contains NaN.,
auto_insurance_price,OperonRegressor,error,,,,,,,ValueError: Input X contains NaN.,
feynman_III_10_19,OperonRegressor,ok,4.0,0.9997569426750584,0.1071520343184657,94.0,94.0,43.0,,((-0.0000002281) + (1.0000313520 * (((((0.0123117212 * X3) + ((((-2.8768222332) * X3) * ((-0.0247178897) * X1)) - (((-0.0984331518) * X2) + (0.3724653125 * X4)))) - sin(sin((exp(((0.2075795084 * X2) + ((-0.2326480597) * X1))) - ((0.5668810010 * X2) + 0.1097630933))))) + (0.9335965514 * X1)) - ((-1.4471784830) + ((((((0.0599123798 * X2) + ((-0.1285655051) * X1)) + exp((((-0.0980476663) * X2) + ((-0.0933145806) * X3)))) + (0.0436580218 * X4)) * exp((0.3145074844 * X1))) * (((-0.6328295469) * X4) + sin((exp(((0.0683673248 * X2) + ((-0.0816651806) * X4))) - (((-0.1186210960) * X1) + (0.3546213508 * X3))))))))))
feynman_III_12_43,OperonRegressor,ok,2.0,0.999998211414289,0.0010660199208127,96.0,96.0,45.8,,(0.0000305268 + (1.0000942945 * ((cos((((-2685.0422363281) * X2) * (9.5718564987 * X1))) * (((0.0000514948 * X2) * ((11.8488245010 * X1) + (9.4011154175 * X2))) - ((cos(((16625.2285156250 * X2) * (4.9602332115 * X2))) * ((((-0.0000000122) * X2) + (((-0.0000000216) * X1) + (-0.0000000239))) * (((-2685.0422363281) * X2) * ((11.0525770187 * X1) + (8.6911630630 * X2))))) + (((-0.0006387656) * X2) + ((-0.0002936682) * X1))))) - ((((-0.2244247794) * X2) * (1.1262149811 * X1)) - (((0.6790850163 * X2) + ((0.6406813264 * X1) + (-0.0026982431))) - (cos((11.1897983551 * X1)) * (0.0005537835 + ((0.0004580241 * X1) + (0.0003562035 * X2)))))))))
feynman_III_13_18,OperonRegressor,ok,4.0,0.9999995843575612,0.4107120901261464,86.0,86.0,53.0,,((-0.0000000068) + (((0.7800058126 + (((-0.0007443951) * X3) + (0.3078661561 * X4))) + ((((exp((0.0003740800 * X4)) - ((-0.0917552933) * X3)) + (exp(exp(((-0.0361488014) * X3))) - ((-1.3562552929) * X2))) * (((-0.0481920727) * X1) - ((((-0.0486776978) * X1) - ((-0.3927903771) * X3)) + exp((0.0004770746 * X4))))) * (((((-1.0829495192) * X2) + (-2.6854763031)) * ((-0.0227782894) * X1)) - ((-0.1518557966) - (0.0615866669 * X2))))) * (((exp(((-0.5554715395) * X4)) - exp(((-0.2167886794) * X4))) - exp(((-0.6845321059) * X4))) - exp((exp(((-0.6759144664) * X4)) - 2.7671470642)))))
feynman_III_14_14,OperonRegressor,ok,5.0,0.9995066423732474,0.1861368525948648,92.0,93.0,57.1,,(0.0015032812 + (1.0018683672 * ((exp(((cos(((0.0371170640 * X5) + (0.3698457778 * X3))) + (((-0.1429912299) * X5) + (0.5423515439 * X3))) - ((((0.7125278115 * X4) - (-2.2342202663)) - (exp(((-0.3672634959) * X5)) - (((-0.2534069717) * X2) ^ 2))) + (((-0.5805686116) * X2) + exp((((-0.4078323245) * X1) + (0.0278661009 * X2))))))) + sin((0.4071716070 * X4))) + ((exp(((((-0.2566649020) * X5) + (0.2241056263 * X3)) - (((-0.2405216247) * X2) + exp((((-0.3450563848) * X1) + ((-0.0960831046) * X4)))))) + (((-0.3039870858) * X4) - 1.9584202766)) + exp(((0.0611188188 * X1) + ((-0.1552910209) * X4)))))))
feynman_III_15_12,OperonRegressor,ok,3.0,-3.408237666459047,9.329622042801976,93.0,93.0,53.4,,(0.0575781204 + (1.0062179565 * ((((-0.0106661543) / ((0.1593462974 * X1) + ((-0.0456358977) * X3))) - ((-0.4763976336) * X1)) + (((((((0.0016501021 * X1) + (0.0004161614 - (0.0003844643 * X2))) / ((-2.3556284904) * X1)) + ((-0.0013215457) * X3)) - ((((((-0.1717634052) * X1) + sin((((-0.2219934464) * X1) - (1.5040789843 * X3)))) * (0.0064628301 * X2)) + ((-0.0044527957) * X2)) - (((-0.0000559107) / ((0.1697489321 * X1) + ((-0.0589328147) * X3))) - (0.0005815043 * X1)))) * (((-18.2545433044) / ((-1.8655070066) * X3)) + (exp(((2.9678776264 * X1) + ((-4.1497926712) * X3))) - ((-25.3808860779) * X3)))) + ((-0.1999166608) * X2)))))
feynman_III_15_14,OperonRegressor,ok,3.0,0.9998228946702904,0.0002108217232852,88.0,88.0,54.5,,((-0.0000005132) + (0.9999995828 * (exp((((0.5095888376 * X1) - (0.3276778460 * X2)) - ((exp(((-1.3298710585) * X3)) + ((-1.8918468952) * X1)) * ((-0.0971527919) - (0.0231528319 * X1))))) + ((((-1.6904284954) - (0.0448825695 * X2)) + ((-0.0770072192) * X1)) + (exp(exp(((((-0.8688042760) * X3) - (1.1524362564 * X2)) + ((0.7265262008 * X1) + (-3.8505060673))))) + (((((0.0007947569 * X3) - (0.0050208261 * X2)) + (((-0.0012700264) * X1) + 0.0144488188)) * ((exp(((-1.1612788439) * X3)) + ((2.8167693615 * X1) - (2.1088387966 * X2))) + 10.8351535797)) * ((-4.0208063126) - (0.4179134369 * X1))))))))
feynman_III_15_27,OperonRegressor,ok,3.0,0.9999065884222949,0.0228914069548822,86.0,89.0,51.1,,(0.0000019932 + (0.9999992847 * (((exp((exp(((-0.3980320990) * X3)) - ((sin(((-0.7846736908) * X2)) + (1.3914235830 * X2)) - ((-8.6658039093) + (0.4100450873 * X1))))) * ((847.5633544922 + ((exp(((-3.1077525616) * X3)) - (185.7768707275 * X2)) - sin(((-40.2231292725) * X1)))) - (exp(((((-0.2252795696) * X3) ^ 2) - ((0.2703229785 * X1) + (0.1922831982 * X2)))) * ((((-0.1196921095) * X3) - ((-8.4066886902) * X1)) ^ 2)))) + ((-1.0658671856) + (0.0449995100 * X1))) + (exp((exp(((-0.5414990783) * X3)) - ((0.2800909877 * X3) ^ 2))) * ((0.0462137423 * X1) + 0.1118839607)))))
feynman_III_17_37,OperonRegressor,ok,3.0,0.9999995187333554,0.0047604057968051,82.0,82.0,56.0,,((-0.0000698379) + (1.0000047684 * ((((0.0001010249 * X3) + (-0.1418568045)) - (((((-0.0000874704) * X1) + (-0.2564248443)) - (0.2526050508 * X1)) - ((-0.2358188331) * X2))) + ((((-7.7760643959) - (2.9709081650 * X2)) * (((-0.8350207806) - (0.0002707898 * X2)) + (cos(((1.1861466169 * X3) + (-0.1463484764))) * ((1.0133863688 * X1) + 2.4989166260)))) * ((((-0.0000055862) * X3) + 0.0948332623) + (cos(((-6.2016906738) - (4.7553815842 * X2))) * ((((0.0000370845 * X1) + 0.0000136929) + (cos(((-27.8192901611) * X2)) * (0.0000370388 + (0.0000068831 * X3)))) + ((-0.0000696829) * X3))))))))
feynman_III_19_51,OperonRegressor,ok,5.0,0.9057000797475948,0.9282934805933792,89.0,89.0,84.4,,((-0.0000041482) + (1.0000028610 * (((((((-0.0079912208) * X2) - 0.0124593172) * exp(((-1.3097474575) * X5))) + ((((-0.0135682849) * X2) + ((-0.0095938295) * X1)) - (-0.2873569131))) - exp(((((-29.3176078796) * X3) + (((2.4074850082 * X4) - 69.2961044312) + ((2.2530112267 * X2) + (12.9843673706 * X1)))) - ((19.7337207794 * X5) + ((-0.4265382290) * X3))))) - ((exp((((-0.1021072939) * X3) + (((((-1.2575988770) * X4) - 3.8160433769) + (0.4253916740 * X1)) + (exp(((-0.6926062107) * X3)) - (0.7060086131 * X5))))) * exp(((0.9650161266 * X2) - exp(((-0.5461938381) * X2))))) + ((-0.0137813585) * X3)))))
feynman_III_21_20,OperonRegressor,ok,4.0,0.9999982708853188,0.0126896283902786,90.0,90.0,64.1,,(0.0000054909 + (0.9999984503 * ((((((exp(sin((0.3271491528 * X1))) - ((((-3.6601006985) * X1) + (4.7771329880 * X4)) + 5.3391084671)) + exp(((-0.1365759671) * X4))) - (0.0036334728 * X3)) - ((((((-0.2585061491) * X3) + (14.2791442871 * X2)) - ((((-0.0076484969) * X1) + (14.5269126892 * X2)) * exp((0.0069424375 * X3)))) + (0.0018788348 * X4)) * (((5.7370066643 * X1) + (sin((0.4023832083 * X1)) + ((-0.0273060035) * X4))) + 14.5498800278))) * (exp(exp(((-0.3131335974) * X4))) / ((-44.3559646606) + exp(((-1.5084408522) * X4))))) * (exp(((-0.0441396944) * X4)) - (0.0012042214 * X1)))))
feynman_III_4_32,OperonRegressor,ok,4.0,0.9999910313525548,0.0209504444526869,88.0,88.0,60.2,,((-0.0000001009) + (1.0000118017 * (((0.2045925856 * X3) - cos((1.1639950275 - ((-0.0584568903) * X3)))) + (((((10.7338857651 * X4) + ((((-22.2900829315) * X1) + ((-34.1997642517) + ((-0.5167217255) * X2))) + (((16.5021209717 * X4) - (-43.1333885193)) / exp((0.6086878181 * X2))))) + exp(((exp(((-0.5652540326) * X4)) - ((0.0117494622 * X3) - (0.2519685328 * X4))) - (exp(((-0.6766941547) * X4)) + ((1.2479020357 * X2) + (1.2735254765 * X2)))))) / cos(((-1.5019624233) - ((-0.0238562543) * X1)))) * (exp((0.0000012276 * X4)) + (((-0.0000031338) * X1) + ((-0.9992844462) - ((-0.0002808110) * X3))))))))
feynman_III_4_33,OperonRegressor,ok,4.0,0.9999991214213128,0.0042767548545729,98.0,98.0,69.4,,((-0.0000000292) + (1.0000003576 * (((((0.0010420335 * X2) - (17.3550262451 * X1)) * (0.5806912184 * X4)) - ((((-1.3109929562) * X4) + (((0.0001506858 * X3) - (0.0000763542 * X1)) - ((-0.0028322919) * X2))) * ((0.1888931394 * X3) - ((-7.6867985725) * X1)))) - (((cos(((0.1281129718 * X4) + (1.4472582340 + (((-0.0907158852) * X2) - (0.0753125697 * X1))))) - sin((0.1510156244 * X2))) - (0.1036885977 + (0.7051944137 * X3))) + (((exp(((((-1.3739986420) * X3) - ((-0.9991796613) * X1)) - (0.6984606981 * X4))) * ((0.0002641859 * X3) - (0.0004218287 * X2))) - (((-0.1135009080) * X2) - ((-0.0178048164) * X1))) - (0.5047165155 * X4))))))
feynman_III_7_38,OperonRegressor,ok,3.0,0.9999973503331409,0.0610346113399991,86.0,86.0,65.1,,(0.0000060695 + (0.9999965429 * ((((0.0000001787 + (0.0000005203 * X3)) / ((-0.6876216531) * X1)) - (((0.0695194304 - (0.0996567532 * X1)) - ((0.6849853396 - ((-0.0000531077) - ((0.2523428798 * X1) - (0.0002250172 * X2)))) * ((0.0000001274 + (0.0003350329 * X3)) - ((-0.1399928033) * X2)))) + (0.1422371566 * X3))) * (exp((exp(((-1.1202509403) * X3)) + (((-0.3938862085) * X3) - (exp(((-1.0140621662) * X3)) + (((-0.0011211286) * X1) - (0.0009900816 * X2)))))) + (exp(exp(((-0.3883941472) * X3))) + (((-0.0000028145) + ((-0.0000254735) * X3)) / (0.0834290460 - (0.1062592939 * X1))))))))
feynman_III_8_54,OperonRegressor,ok,3.0,-0.3124454403406909,0.3762860043086116,46.0,52.0,20.8,,(3.1652755737 + ((-4.0369663239) * cos((cos(cos((((cos((1.9333477020 * X3)) + ((0.7032471895 * X2) ^ 2)) + ((cos((4.1622591019 * X2)) ^ 2) * ((-0.3392022550) * X3))) + ((((0.7032471895 * X2) ^ 2) * ((-0.3584170640) * X1)) ^ 2)))) - ((((0.7032471895 * X2) ^ 2) * (0.4428952634 * X2)) ^ 2)))))
feynman_III_9_52,OperonRegressor,ok,6.0,0.9754259877406396,2.511492360678271,92.0,92.0,61.8,,(0.0000039228 + (1.0000127554 * ((exp((((((0.0349964313 * X5) + 0.0369530916) + ((-0.0360041335) * X6)) * (((-13.8248214722) * X5) + ((14.3340167999 * X6) + 18.5884666443))) + ((0.3806221783 * X2) + (((0.0303079430 * X1) + ((-0.3500973880) * X4)) + (0.2304679006 * X3))))) * ((((((-0.0053003174) * X5) + (0.0314843543 * X3)) * (((-2.9834973812) * X5) + ((2.8852710724 * X6) + (-12.2156772614)))) * (((0.0659324452 * X3) - (2.7574546337 * X6)) + ((2.9066915512 * X5) + (-12.8276767731)))) + (((0.2068671584 * X1) + ((0.8066871166 * X5) + ((-4.8682084084) * X3))) + (((-0.0535693988) * X2) + 0.8022086620)))) - 0.9728483558)))
feynman_II_10_9,OperonRegressor,ok,3.0,0.9999940939141544,0.0004907798999854,94.0,94.0,60.9,,(0.0000001470 + (0.9999997020 * (((((((-0.1816757172) * X2) + exp(((-0.4458768070) * X3))) - ((-0.0968304276) * X3)) + ((0.1383665949 * X1) + (exp(exp((((-0.4034405053) * X3) - (0.0233871415 * X2)))) * ((-0.4967050254) + ((0.0332780220 * X1) + (((-0.1798262149) * X3) - (0.0373091996 * X2))))))) - ((((-0.0648591891) * X1) + ((0.0023842650 * X3) - ((-0.0663348213) * X2))) * exp((exp(((-0.3105802834) * X3)) - (0.7671323419 * X2))))) - ((exp((exp(((-0.2606857717) * X3)) - (2.7328124046 * X2))) - ((14.3711185455 * X3) - ((-12.3769140244) * X2))) * ((0.0018699557 * X2) + (((-0.0014289904) * X1) - (-0.0007525881)))))))
feynman_II_11_20,OperonRegressor,ok,5.0,0.99566517918391,0.4664744452106507,92.0,92.0,52.9,,(0.0000001351 + (1.0000081062 * ((exp((exp(((-0.4557918906) * X5)) - ((exp(((-0.4150823951) * X3)) - ((((-0.9498603940) * X4) - ((-0.0447360463) * X5)) - exp(((-0.5571840405) * X2)))) - (0.2455601692 * X2)))) * (((exp(((0.2167480439 * X1) + (0.8095708489 * X4))) - (-2.8319985867)) - (((-0.3107376099) * X4) - ((-0.0093974052) * X5))) + ((((0.0019723570 * X1) + ((-0.0024404239) * X4)) * (exp((((-6.0916919708) * X3) + ((-2.1493761539) * X4))) * ((0.0000408841 * X3) + exp((5.9822549820 * X3))))) - exp(exp((((-0.0897392184) * X1) + (0.1907477826 * X4))))))) - (((-0.0066074193) * X2) - (-0.6938056350)))))
feynman_II_11_27,OperonRegressor,ok,4.0,0.9999929906037364,0.0010581105055438,94.0,94.0,71.3,,(0.0000000244 + (0.9999997020 * ((-1.0111539364) - (((((-0.0582703166) * X4) + (-0.2869282961)) - ((((0.4612826109 * X2) + 8.0842771530) - (((-0.5555003881) * X1) - (1.8146989346 * X4))) * (((((0.0002490248 * X2) + (0.0000425375 * X3)) * (((-0.1357990205) * X2) + (3.5289607048 * X1))) + ((-0.0017743994) * X3)) + ((-0.0010963010) * X1)))) * (((((0.1835450679 * X1) + (0.0002651547 * X3)) * ((5.6861362457 * X2) + 10.3489246368)) + ((1.7747955322 * X2) + 3.2197859287)) * ((((-0.0546561703) * X1) + (0.0913019255 * X3)) + (((-0.0478614904) * X2) + exp(((0.0945268273 * X2) + ((0.1350473464 * X1) + (0.1562869698 * X3)))))))))))
feynman_II_11_28,OperonRegressor,ok,2.0,0.99999598082743,0.0005860893070761,94.0,96.0,57.2,,((-0.0000000095) + (1.0000003576 * ((((((exp((((-0.2013433874) * X1) + ((-0.3897122741) * X2))) - (((-0.2704036236) * X1) + (2.0344088078 * X2))) * ((-0.0675013810) * X1)) + ((0.3623395562 * X2) - ((-0.3960541189) * X1))) - ((0.0034250692 * X2) * ((-5.6749339104) * X2))) - (((((-0.0000008150) * X1) + ((-0.0000007554) * X2)) * exp((((1.7408232689 * X2) ^ 2) + (1.4170135260 * X1)))) - (-1.1063375473))) + ((((((((0.2130472064 * X2) - ((-0.1596361250) * X1)) * ((-0.2436757982) * X2)) + ((-0.4071104228) * X2)) * ((-0.2465874106) * X1)) + ((0.1001272053 * X2) - (0.0229769778 * X1))) + exp((0.1432687640 * X1))) ^ 2))))
feynman_II_11_3,OperonRegressor,ok,5.0,0.9999251187819118,0.0010840860992628,88.0,88.0,54.5,,(0.0000008494 + (0.9999998212 * (((((0.0939977914 * X1) + exp(((-0.1048063487) * X1))) - (2.3878686428 + ((-0.0026502090) * X3))) + exp((((((0.0233914647 * X5) + ((-0.0215430558) * X4)) * ((0.9900195003 * X4) - 3.0754244328)) - (exp(((-0.2701678276) * X2)) + (exp(((-0.2940025926) * X1)) + (0.0689482838 * X4)))) + (((0.9117547870 + ((-0.1484108865) * X3)) + exp(((0.1383220255 * X5) + ((-0.3355998099) * X4)))) + exp(((((-0.0070470730) * X1) - 1.5966292620) + ((-0.6080465317) * X3))))))) + ((((-0.0021596842) * X5) + (0.0015097006 * X4)) - exp((((-2.3649561405) * X1) - 7.0510725975))))))
feynman_II_13_17,OperonRegressor,ok,4.0,0.9937766759985528,0.0022361428261667,88.0,88.0,61.4,,((-0.0006962683) + (0.9997960329 * (((((exp(exp(((-0.6331507564) * X4))) + exp((exp(((-0.3780655861) * X4)) - ((1.0421847105 * X2) + (0.2404305786 * X1))))) - (exp(((-1.4963027239) * X3)) + exp((4.4730219841 - (((-0.3101339042) * X2) + (0.2338073850 * X3)))))) + ((exp((exp(((-0.4592922032) * X4)) - (1.1978372335 * X1))) - (((-10.3665227890) * X2) + (-61.2076416016))) - (10.4787273407 * X3))) * exp((exp(((((-0.0037741796) * X4) + (0.0033555909 * X1)) - ((0.2744191587 * X2) + (0.0998164564 * X3)))) * (((-0.7760258317) * X2) + (-3.9054105282))))) * exp(((-0.8929094076) * X2)))))
feynman_II_13_23,OperonRegressor,ok,3.0,0.9999891481683384,0.0034630189802712,92.0,92.0,56.1,,(0.0000000278 + (1.0000001192 * ((((((0.7646992207 * X1) + (0.0924538597 * X2)) + 1.0729503632) + ((-0.4574544430) * X3)) * exp((((-0.1256922334) * X1) - (((4.1085824966 + (0.8847770095 * X3)) - (cos(((-0.2873096466) * X2)) - (((-0.1093370691) * X1) + ((-0.3066352606) * X2)))) * (((-0.1163248792) * X3) + cos(((-0.1468713433) * X2))))))) - (((((-0.0001546467) + ((0.0000286418 * X1) + (0.0000039253 * X2))) + ((-0.0000498726) * X3)) * exp(((((-4.6221127510) * X3) - ((-0.6477411985) * X2)) - (cos(((-0.3107362688) * X2)) + ((-0.9678998590) * X1))))) - ((-0.1036170796) + ((0.9214339256 * X1) + (0.0080806063 * X2)))))))
feynman_II_13_34,OperonRegressor,ok,3.0,0.9999986085631702,0.0023593307890389,90.0,90.0,70.2,,(0.0000008861 + (1.0000022650 * (((exp((((((0.1963768154 * X1) + ((-0.3316919208) * X3)) + 0.3621762991) - exp(((0.4967500865 * X3) + ((-0.4047381282) * X2)))) * (exp((((-0.1348925084) * X1) + ((-0.7138258815) * X3))) + (0.1972957551 * X2)))) - (exp(((0.2589483857 * X3) + ((-0.2819100618) * X2))) - (29.3224067688 + (((11.1303443909 * X1) + (0.2641328871 * X3)) + ((-0.1644927412) * X2))))) * ((0.2080528289 + ((((-0.0078208819) * X1) + ((-0.0882925615) * X3)) + (0.0730614662 * X2))) + sin(((((0.0077858954 * X1) + (-0.1355833560)) + (0.0879499093 * X3)) + ((-0.0579736009) * X2))))) + (-2.1658203602))))
feynman_II_15_4,OperonRegressor,ok,3.0,0.99999703434602,0.0096953908511216,81.0,81.0,46.3,,(0.0000122839 + (0.9999795556 * ((((cos(((-0.6004315615) + (1.6483783722 * X3))) * ((-0.0000193580) - (exp((0.9329506755 * X1)) - exp((0.9330207705 * X1))))) * (cos(((-1.2991580963) * X3)) - (cos(((-6.0053434372) * X3)) / sin(cos(((-1.0178840160) * X2)))))) - (1.4084553719 + (0.3039126396 * X1))) + ((0.8824747205 + (0.3487224877 * X1)) * ((cos(((-0.1948916465) + (1.2290151119 * X3))) * (exp(((-0.0208953004) * X1)) - ((((-0.0001374571) * X3) - (0.7891380787 * X2)) - exp((0.0207895450 * X1))))) + (0.8714936972 + ((-0.0001042721) * X1)))))))
feynman_II_15_5,OperonRegressor,ok,3.0,0.9999994893305076,0.0040227435072233,88.0,88.0,52.3,,((-0.0000000691) + (1.0000001192 * (((cos((((sin(((-0.0033198001) * X3)) - ((-0.0098492298) * X1)) * exp((((-0.0112359822) * X1) + ((-0.3287473321) * X3)))) + (-1.1435635090))) - ((0.0048833322 * X3) - (0.1496662349 * X1))) * (((1.7404112816 * X2) - ((((-0.0060897870) - ((0.0058841384 * X3) - ((-0.0021503672) * X2))) * cos(((-2.0697135925) * X3))) + (-4.2178378105))) * (cos(((-1.1749968529) * X3)) - (0.0322896503 * X3)))) - ((0.0001427979 * X2) - (((((-0.0008465305) - (((-0.0000820729) * X3) - ((-0.0006892760) * X1))) * cos(((-1.1920055151) * X3))) * cos(((-10.9405994415) * X3))) + (-0.7460531592))))))
feynman_II_21_32,OperonRegressor,ok,5.0,0.999416309473206,0.0008830791693447,90.0,91.0,54.9,,((-0.0008135810) + (0.9993170500 * (((0.0412195884 * X3) + exp(exp((((-0.4315600693) * X2) + ((-0.0086123869) * X1))))) * ((exp(exp(((-0.4717045724) * X3))) * ((((((-0.9519965053) + (0.0309985541 * X1)) * exp(((-0.0281001255) * X5))) - ((-0.0026367395) * X4)) + ((-0.0302338190) * X5)) + ((((((-0.0147473132) * X5) + (0.0051270761 * X3)) - ((-0.0554832034) + ((-0.0180427711) * X1))) * (exp(((-0.5966118574) * X5)) - ((-0.5496804714) * X4))) ^ 2))) - (((((0.2869172990 + ((-0.0147176422) * X1)) - (0.0018085239 * X5)) + (0.0278732181 * X3)) - ((-0.1697456390) * X2)) - exp(exp(((-0.4760770798) * X3))))))))
feynman_II_24_17,OperonRegressor,ok,3.0,0.9999958345841354,0.0019787286287355,96.0,96.0,58.0,,((-0.0000656917) + (1.0000163317 * (((((0.3472008407 * X1) + (((0.2937018573 * X3) - (0.6117058396 * X2)) - exp(((0.7640967965 * X2) + (((-0.2459056675) * X3) + ((-0.4156204462) * X1)))))) - ((((-0.1663593948) * X1) + (0.2780681551 * X2)) / exp(((0.4953608513 * X2) + ((0.0037924577 * X3) + (0.0090422016 * X1)))))) + (((((0.0334920809 * X1) + (0.1165986359 * X3)) - (0.0669448674 * X2)) * ((-0.9806382656) * X3)) + exp(((0.7724499702 * X2) + (((-0.2426789403) * X3) + ((-0.4083066285) * X1)))))) + cos(((-0.8060491681) - cos((0.4851299524 - (((0.4528550804 * X3) - (0.1248475984 * X2)) + (0.0663736761 * X1)))))))))
feynman_II_27_16,OperonRegressor,ok,3.0,0.9999992647163246,0.0723377277121006,87.0,87.0,53.0,,(0.0000026737 + (1.0000020266 * (((0.2329092324 * X3) + (-0.4126402438)) - (((((-1.9315074682) * X2) * ((2.4877510071 - ((1.7155985832 * X1) * (((-0.1585142016) * X3) + (-0.4118023813)))) - (((-0.6924920082) * X3) - (0.0013215912 * X2)))) - ((((((-0.0019840333) * X3) / (2.5575559139 * X2)) - ((1.7040235996 * X1) * (((-0.9612997770) * X3) + (-2.4877078533)))) + 3.3266355991) + ((4.1509509087 * X3) - (1.3599888086 * X2)))) * (((0.0314807557 * X3) + 0.0840047076) - (((-0.0000553627) * X2) * ((0.6616110206 * X2) - (((-0.5554509759) * X1) * (((-0.6570075750) * X3) + ((-1.5288988352) * X1))))))))))
feynman_II_27_18,OperonRegressor,ok,2.0,0.9999994507479356,0.0162396888614499,85.0,87.0,54.7,,(0.0000034928 + (0.9999994040 * (((0.6471682191 + ((-0.0051128999) * X2)) - ((0.0000025617 + ((-0.0000019339) * X1)) / (((((0.6066299677 * X1) - (0.2995431423 * X2)) - 0.7896327376) - ((-0.1030424535) * X2)) ^ 2))) + (((-2.6967217922) + ((-0.2374882698) * X1)) + (((((-0.7573598027) + ((-0.5116360188) * X1)) + (((0.5105956793 * X1) - (0.3333353698 * X2)) * cos(((0.0205204394 * X1) - ((-0.0256032646) * X2))))) + ((((0.0003573965 * X1) + 1.3855243921) - ((-0.3168556392) * X2)) ^ 2)) * (exp((0.0039057843 * X2)) * (((0.5654531121 * X1) - (0.0057939817 * X2)) + 1.6408636570)))))))
feynman_II_2_42,OperonRegressor,ok,5.0,0.9999990626010086,0.0083100675971895,90.0,90.0,47.5,,(0.0000000092 + (1.0000002384 * ((((-0.0000344865) * X4) - (((0.6610253453 * X2) + (((((-0.0046859658) * X4) * ((52.8482589722 * X3) - (50.9059753418 * X2))) - 0.3521030843) - (((0.0837818831 * X5) + (0.0507664867 * X4)) + (0.6863898039 * X3)))) / (((exp(((0.1303611696 * X5) + (0.0006865471 * X4))) + (0.2864558399 * X5)) / (sin(exp(((-0.4166725874) * X1))) / exp(((-0.5615559220) * X1)))) / (sin(exp((0.1446532905 * X1))) / exp((((-0.0202375501) * X5) + ((-0.0012232697) * X4))))))) - ((0.0579624698 * X1) + (((0.0004770758 * X3) + ((-0.0003616982) * X2)) - (-0.2656961381))))))
feynman_II_34_11,OperonRegressor,ok,4.0,0.999996030440592,0.0122342644932246,88.0,88.0,57.4,,((-0.0000001192) + ((((((((((-1.3426622152) * X3) + 7.9991917610) - exp(((-1.0430920124) * X3))) + ((-0.0030588780) * X2)) / exp((((-0.4386090040) * X3) + (0.4972950220 * X4)))) + exp((exp(((-0.6240495443) * X4)) + (((0.0233806707 * X3) + 0.8605651855) - exp(((-0.3888845146) * X3)))))) - (((-1.5236233473) * X3) + (-3.8774576187))) * ((((0.1571053863 * X2) + ((-2.1850137711) * X2)) * sin(exp(((0.0000229873 * X4) + ((-0.0095422715) * X1))))) + (((-0.0258534774) * X4) + ((1.7319101095 * X2) + (0.0284708329 * X1))))) + ((1.7006701231 * X3) + (((-1.3360152245) * X3) + (-0.1537736952)))))
feynman_II_34_2,OperonRegressor,ok,3.0,0.9999992267118106,0.0111423549505191,92.0,93.0,52.1,,((-0.0000659915) + (0.9999570847 * ((((((-5.2106099129) * X1) - (5.2541122437 * X2)) + (((1.3424685001 + ((-0.0016082779) * X3)) - (0.2362459153 ^ 2)) - ((1.7464392185 * X1) * (1.1128379107 * X2)))) / (exp((sin(((2.7497181892 + ((-3.4290530682) * X3)) * ((-0.0005401049) * X1))) - ((-0.0016245103) * X3))) / ((-0.0309178401) + ((-0.0348393843) * X3)))) - (((0.0000065256 * X2) / ((0.2317428440 * X1) - (0.3772124350 * X2))) + (((((-0.0000193681) * X2) / (1.4382846355 + ((-1.9496717453) * X3))) + ((((-0.3024598658) * X1) - (0.3052589893 * X2)) + ((-0.5353608131) * X3))) - (((-0.7918584943) * X1) * ((-0.1425954551) * X2)))))))
feynman_II_34_29a,OperonRegressor,ok,3.0,0.9999861437203268,0.0009598502563662,88.0,88.0,48.9,,(0.0000000453 + (1.0000001192 * ((((exp(exp(((-0.5178961754) * X3))) + (((-0.0456344783) * X1) + 9.9727888107)) * exp(((((((-338.0321350098) * X2) + 98.6309661865) - ((-10.8474330902) * X3)) * ((-0.0000019625) * X3)) + ((0.0019388408 * X1) + ((-0.4268860519) * X3))))) - (-5.8579616547)) * (((-0.0295554437) * X3) + (((((14.7290697098 * X2) + (((0.0021408673 * X1) + ((-0.0451965220) * X3)) - (-0.3901430964))) * ((0.0007219481 * X1) + 0.0018744854)) - (((-0.0267425198) * X1) + 0.0108360276)) - ((((-0.0000168191) * X2) + ((-0.0000030385) * X1)) / (((1.5065714121 * X1) + (3.7657232285 * X3)) - 1.7243812084)))))))
feynman_II_34_29b,OperonRegressor,ok,5.0,0.9668283014048564,28.522305671280197,96.0,96.0,54.4,,(0.0020082134 + (1.0064167976 * (exp((((((0.2082473785 * X4) + (0.2083530873 * X5)) - (0.2062078118 * X2)) - (((-0.2214718461) * X1) - ((-0.0620218553) * X3))) * (((0.0293443836 * X4) + ((-0.0615650043) * X2)) + (1.1620182991 - (((-0.0281827580) * X1) - (0.4062999189 * X3)))))) - ((exp((((0.3128581047 * X1) - ((-0.7593103051) * X3)) - ((4.2738642693 * X2) + ((-1.8517364264) * X5)))) + ((((-0.0267346948) * X2) + (0.0272555277 * X1)) + (1.2311826944 - (0.2460030466 * X3)))) - exp(((((0.0001427385 * X4) + (1.8511389494 * X5)) + (((-4.2737321854) * X2) + (0.3129287958 * X1))) + (0.0010234162 - ((-0.7592148781) * X3))))))))
feynman_II_34_2a,OperonRegressor,ok,3.0,0.9999952695639384,0.0011314966326858,75.0,75.0,52.6,,((-0.0000000147) + (1.0000001192 * (((((((-0.0060681002) / (2.4522480965 * X1)) - ((((-0.0908157825) * X3) - 24.7195339203) + (44.4725608826 * X1))) * (((-0.0013468398) * X2) + (-0.0034028536))) - (0.1927932799 * X3)) - ((-0.1991075277) * X2)) * (((log(2.6269595623) - sin(((0.1367013901 * X2) + 1.5763478279))) + ((sin((((-0.0187756773) * X1) + ((0.3740384579 * X2) + 1.5959484577))) + 8.0813207626) / (sin((((-0.0207700972) * X1) + ((0.1473623663 * X2) + 1.5732184649))) + ((1.3013112545 * X3) - (-2.4012176991))))) + 0.0273538902))))
feynman_II_35_18,OperonRegressor,ok,5.0,0.9753564398301616,0.0520982844381287,92.0,92.0,55.3,,(0.0000479411 + (0.9993260503 * ((((exp(((-0.4061676264) * X1)) + ((exp(((-0.4432487190) * X4)) - ((-0.7121790648) * X3)) - exp(((0.0343677998 * X3) - (0.3933281302 * X2))))) + ((-1.6520560980) - (0.4225318730 * X5))) - cos(((0.1052569747 * X4) + (0.4203545153 * X5)))) + ((sin((cos(((0.2552523017 * X4) + (0.3102300167 * X5))) - (0.3943683207 * X3))) - (((-1.0519887209) * X1) + ((-0.0512366556) * X2))) + sin((exp(((-0.3075941801) * X2)) + ((((((-0.0459547825) * X4) - (-1.6541141272)) - ((-0.4801072478) * X1)) - (exp(((-0.3680392504) * X4)) - ((-0.2900886536) * X3))) + (0.2919126451 * X5))))))))
feynman_II_35_21,OperonRegressor,ok,5.0,0.9843541044709564,0.6416112786365512,94.0,96.0,60.7,,(0.0000000101 + (0.9999989867 * ((((((((0.2640852332 * X4) + sin(((-0.5492013693) * X2))) + ((-0.6649069190) * X3)) - ((0.8327268958 * X2) + (-10.0945177078))) - ((-0.6004511118) * X5)) * exp((((0.3901138008 * X1) + ((-0.0578468181) * X4)) + ((0.7361667752 * X2) + ((-0.1478526294) * X5))))) - (((((((0.0694986954 * X3) - ((-0.1040142924) * X1)) ^ 2) + (0.5656483173 * X4)) - (((-0.4492273331) * X2) + (-8.4903640747))) - (0.6544805169 * X5)) * exp(((((-0.1058197767) * X3) - ((-0.4032989442) * X1)) + ((0.5718688965 * X2) + ((-0.0774962679) * X4)))))) + ((-1.6618014574) - ((((-0.1843719631) * X2) - ((-0.2327654064) * X1)) ^ 2)))))
feynman_II_36_38,OperonRegressor,ok,8.0,0.967695521624596,0.1979292988566773,94.0,96.0,52.9,,((-0.0000002225) + (0.9999895096 * (exp(((((0.3346531391 * X1) + ((((-0.3054463863) * X4) + (-0.7500923872)) + (0.0882167593 * X5))) + ((((-0.2923507690) * X3) + (0.1077646837 * X8)) + exp(((-0.2120058239) * X7)))) + ((((0.3619782329 * X4) ^ 2) ^ 2) + (((0.0284128655 * X7) + ((-0.0732085556) * X6)) + (0.1886268705 * X2))))) - ((((3.5294280052 - ((0.3425915539 * X7) + ((-0.0511673242) * X8))) - cos((((0.0325149707 * X2) + ((-0.0343938544) * X4)) + (((-0.4252628684) * X1) - ((-0.0246428885) * X7))))) + (0.0423730649 * X5)) - (exp(((-0.1625104249) * X2)) * (exp(((-0.2455245256) * X7)) - ((-0.2233907878) * X2)))))))
feynman_II_37_1,OperonRegressor,ok,3.0,0.9999481759683636,0.1933378401570352,96.0,96.0,68.2,,(0.0000003560 + (1.0000003576 * ((((0.3803315163 * X3) - (0.0027244026 * X2)) - ((0.3798090219 * X3) - ((0.6801727414 * X1) + 0.0297819450))) + (((((3.3699786663 * X3) - ((-0.0074863606) * X2)) * ((-0.9156224728) * X2)) + ((((-8.3663158417) * X3) - (10.7911710739 * X2)) + (((((0.0026839820 * X3) - ((-0.0001238108) * X2)) + (0.0018796179 * X1)) * ((((-6.6082706451) * X2) * (0.6135957837 * X1)) + ((-11.9099760056) * X1))) - ((-0.0339347869) * X1)))) * (exp(((((-6.7941341400) * X2) * (0.7914556265 * X1)) - ((11.8118114471 - (12.8250989914 * X2)) + (((-14.2575101852) * X1) + 23.5011520386)))) + (((-0.0231778696) * X1) + (-0.0559906960)))))))
feynman_II_38_14,OperonRegressor,ok,2.0,0.9999970419934332,0.0003547071485016,87.0,87.0,49.6,,(0.0000332877 + (0.9999181032 * (((exp(((-3.5526237488) * X2)) * (((-0.0014143827) * X1) + (0.0009480180 * X2))) - (((((exp(((-2.8774716854) * X2)) * (((-0.0011104076) * X1) + (0.0006216322 * X2))) * ((((-9.3804559708) * X1) + (178.8177795410 * X2)) - exp(((-3.6494882107) * X2)))) - exp(((-2.3503699303) * X2))) * ((-0.0196519233) + ((0.0001683266 * X1) + ((-0.0085605737) * X2)))) - ((((-0.0568966568) * X2) - exp(((-0.3153627813) * X2))) + (0.0005767237 * X1)))) * ((7553.4624023438 - exp(((-0.0262148641) * X2))) + ((-7552.2929687500) - ((0.6277095675 * X1) + ((-0.4703797102) * X2)))))))
feynman_II_38_3,OperonRegressor,ok,4.0,0.9998852588914886,0.0927534259292364,90.0,90.0,53.8,,(0.0000025233 + (1.0000009537 * (exp(((((exp(((-0.8113594651) * X4)) - (0.3413560688 * X3)) - (exp(((-0.3942058980) * X2)) - exp(((-1.7641801834) * X1)))) + exp((((((-0.2897599339) * X3) - ((-0.0082841404) * X1)) - cos((0.9045116901 * X3))) - exp(((-0.0112135541) * X2))))) + ((((-1.1710845232) * exp((((-0.8271589875) * X4) - ((-0.0056032604) * X1)))) + (cos((((-0.0178317316) * X4) - (0.3387491107 * X1))) - (((-0.2113863677) * X4) - (0.4049051106 * X1)))) - exp(((-1.7734181881) * X1))))) - (exp(((-0.0610710457) * X2)) + ((((-0.0020544000) * X3) - ((-0.0589297302) * X2)) + 0.1618538499)))))
feynman_II_3_24,OperonRegressor,ok,2.0,0.9999964881409248,9.280820204414252e-05,88.0,90.0,67.0,,((-0.0000190084) + (1.0000063181 * (((exp(((-2.0387563705) * X2)) * (0.0655047372 + (0.0264542885 * X1))) - (0.6160867810 + ((-0.0945118070) * X1))) + (((exp(((-0.6890645623) * X2)) + (((exp(((-1.9704027176) * X2)) - (0.3850889802 * X1)) ^ 2) * ((((-0.0020065927) * X2) + ((0.2882786691 * X2) * (0.0056270678 * X1))) + (0.0016608502 * X1)))) + ((-0.5527757406) + (0.0003497047 * X1))) * ((((((0.0038696744 * X2) + ((0.3130103648 * X2) * (0.0693438426 * X1))) - (0.0244062152 + ((-0.0137835592) * X1))) ^ 2) * sqrt(exp(((-5.1963429451) * X2)))) - ((-0.3287543952) + ((-0.1327045262) * X1)))))))
feynman_II_4_23,OperonRegressor,ok,3.0,0.9999995255173552,3.440468979848152e-05,86.0,86.0,52.5,,(0.0000002992 + (0.9999935627 * ((exp(exp(((sin(((0.5445750356 * X3) - (-0.7278971672))) - (1.3239485025 * X3)) - ((0.0006497000 * X1) - (-1.9468365908))))) - (0.1263129264 * X3)) * (((((0.2782922387 * X2) - 0.3996887803) - (((0.3585208654 * X3) - (0.2051165104 * X1)) - (((-0.8447554708) * X2) + exp(((-1.1114548445) * X2))))) + ((((0.0630366802 * X1) + ((-0.0291721467) * X2)) + (-0.8893818259)) * (((-0.4849071205) * X2) + exp(((-1.1211556196) * X2))))) + exp(((((((-0.0048775021) * X1) + 0.1033447757) + ((-3.8521738052) * X2)) - 7.1733536720) - exp(((-0.3847721219) * X1))))))))
feynman_II_6_11,OperonRegressor,ok,4.0,0.999998885389148,2.0950094761586694e-05,90.0,90.0,49.6,,(0.0000015922 + (0.9999989867 * (((((-0.0020954413) * X3) - (-0.4951035082)) - ((0.0000220751 * X2) + (0.0000560293 * X4))) - ((((-0.4321140349) * X3) - (-1.7229133844)) * ((((exp(((-1.0609009266) * X1)) * ((0.0004521504 * X4) + exp((1.0604511499 * X1)))) - (((-0.2946615815) * X2) + ((-0.0003254383) * X4))) * ((((((-0.0056990497) * X2) + (0.1169472858 * X4)) - exp(((-0.6301763058) * X4))) - exp(exp(((-0.5279252529) * X4)))) / ((((-0.0010221923) * X3) - ((-0.2876913249) * X1)) + exp((0.0004807154 * X4))))) * ((((-0.2541574538) * X3) - (-0.8164846301)) - exp((((-0.1799988896) * X3) - 0.1335656643))))))))
feynman_II_6_15a,OperonRegressor,ok,6.0,0.9962695301036693,0.0218148755478389,96.0,97.0,50.3,,((-0.4764032960) + (0.9999356270 * (((((((0.1945853978 * X6) + (exp(((-0.4952850044) * X3)) + ((0.8608775139 * X3) + ((-0.0494766869) * X5)))) + (0.0122781266 * X1)) * (((exp(((-0.6721382737) * X1)) + exp(((-0.4752572477) * X5))) - (0.2488781661 * X3)) + (0.3004668057 * X5))) * ((exp((((-0.5402504802) * X3) + (0.1169324145 * X2))) + ((0.5134479403 * X3) + (0.1883785129 * X2))) * ((((0.0060837083 * X4) - 0.9522407651) + exp(((-0.0018097771) * X1))) - ((0.0005360635 * X2) - ((0.0012598576 * X6) + (0.0128865456 * X5)))))) * (exp(((-0.8415551186) * X3)) ^ 2)) - (((-0.0063308347) * X6) - (0.0005350964 * X2)))))
feynman_II_6_15b,OperonRegressor,ok,4.0,0.999742995958338,0.0005431890227366,90.0,92.0,48.2,,((-0.0000083264) + (1.0000001192 * (((exp(((exp(((-0.3358800709) * X2)) - ((-0.8419058323) * X4)) + ((((0.2704170346 * X3) + (0.0458899066 * X2)) - exp(((-0.2914789915) * X1))) - ((0.3715105653 * X4) ^ 2)))) - ((sin(((0.5600125194 * X3) + ((-0.0089724427) * X2))) - sin(((-1.3655507565) * X3))) + ((1.0654611588 * X3) - (-2.4630026817)))) + exp((0.8654085994 * X3))) / exp(((1.5103397369 + ((exp(((-0.3115076423) * X2)) - ((-0.2966569662) * X3)) + ((((0.0169559903 * X2) + (0.0190512817 * X1)) - exp(((-0.2821924984) * X1))) - ((0.4056656957 * X4) ^ 2)))) + (0.8730867505 * X4))))))
feynman_II_8_31,OperonRegressor,ok,2.0,0.9999613926823764,0.0767170945022866,82.0,82.0,51.9,,((-0.0000003616) + (1.0000001192 * ((((0.0000053649 + (0.0000358474 * X1)) * ((-96.3021163940) - (exp((3.1968235970 * X2)) / ((-3.3645126820) * X1)))) + (((-0.2004344314) + (2.7378554344 * X1)) * (((-4.3344669342) * X2) - (-0.7545431256)))) + (((0.0000524070 + ((-0.0000363364) * X2)) * ((-96.3927536011) - (exp((3.3716185093 * X2)) / (0.1187134609 + (2.7552733421 * X1))))) + (((exp((0.0047642542 * X2)) * (1.0650842190 * X1)) + (0.0138324834 * X2)) * ((((0.0000594903 + (0.0000912078 * X1)) / ((2.8680264950 * X2) + (-2.2729671001))) - 1.5445111990) + (11.4413423538 * X2)))))))
feynman_II_8_7,OperonRegressor,ok,3.0,0.999998532143284,7.669133042852824e-05,83.0,83.0,52.8,,(0.0000115590 + (1.0000388622 * ((((((0.0065994035 * X1) + ((-0.0059826588) * X3)) + (-5.0829753876)) + ((-0.0116185918) * X2)) + (((((0.0482299551 * X1) + (((-0.0019079613) - (0.1278211027 * X1)) / (((-0.0049193269) * X1) + 2.6223220825))) / cos((1.5767787695 + (0.0022395921 * X3)))) + (((0.0000481793 * X1) + ((-0.0001191089) * X3)) / (((3.6228508949 * X1) + (0.2631031573 / (1.3543647528 * X2))) - (11.1828069687 + ((-3.8469054699) * X1))))) / cos((((-0.0015720087) + 1.5333174467) + ((-0.0147486906) * X2))))) / ((6.0062513351 + (0.0051306947 * X3)) + (0.0134510500 * X2)))))
feynman_I_10_7,OperonRegressor,ok,3.0,0.9999988702373672,0.0011791140722787,88.0,88.0,53.4,,((-0.0000004997) + (0.9999577999 * (exp(((0.2030819058 * X2) + (exp(((0.1303316355 * X2) + (((-1.9714386463) - (0.0687890053 * X3)) + ((-0.9489835501) * X3)))) + (((0.2414028496 * X1) / ((0.2705324888 * X1) - (-1.0107724667))) + (((0.1479153633 * X1) - ((0.0056909663 * X2) - (-2.2645258904))) - (0.3509235978 * X3)))))) + (((-0.0027095771) - ((-0.9284744859) * X1)) + ((-0.1374046057) - (exp((((-0.0920682847) * X2) + (((-4.3407354355) - ((-0.3453968167) * X1)) + ((-1.1164853573) * X3)))) + ((((-0.0010745744) * X1) + ((-0.0008107951) * X3)) * ((((-0.3106397390) * X1) - (-5.0784578323)) + (2.8619010448 * X3)))))))))
feynman_I_11_19,OperonRegressor,ok,6.0,0.9999976448236368,0.0154263761114532,100.0,100.0,51.7,,(0.0000000201 + (1.0000001192 * ((((0.3679102361 * X4) - (((0.8665414453 * X1) - ((-0.0030307097) * X5)) * ((-0.1718497723) * X4))) - ((-0.3900858462) * X2)) - ((((((-0.0000302289) * X2) + (0.0000125684 * X5)) - ((0.0215049125 + ((-0.0000170371) * X4)) + ((0.0000349674 * X6) - ((-0.0083309542) * X3)))) * (18.1032028198 * X6)) + (((((((-0.4234215021) * X3) + ((-0.3654685020) * X5)) - ((((-0.0013956706) * X3) * ((-0.1718374491) * X4)) + (((-0.0000750509) * X3) * ((-3.5600762367) * X2)))) - ((-0.9767163992) + (0.3964695632 * X1))) - ((1.1949577332 * X2) * (0.1243269891 * X5))) - cos(((0.0169512648 * X2) + ((0.0299812052 * X1) - ((-0.0134251853) * X5)))))))))
feynman_I_12_1,OperonRegressor,ok,2.0,0.99999927252152,0.0038533032853125,88.0,89.0,54.3,,(0.0000001256 + (0.9999998808 * ((((cos((cos(exp((2.7439427376 * X1))) ^ 2)) - (((0.0355104581 * X2) * ((-2.5406198502) * X1)) - 52.5213050842)) * ((0.0023533923 * X1) - ((((0.0017008069 * X2) * ((-2.5459065437) * X1)) - 0.0020348004) + ((-0.0008776565) * X2)))) - ((-0.5482360721) * X1)) - (((((((0.0006125323 * X2) * exp((0.5715603828 * X1))) + 0.0011176232) + (0.0008105025 * X1)) * sin(((2.9237172604 * X1) + ((((-1.5154045820) * X2) + 0.3138423264) - exp((2.7668352127 * X1)))))) - (0.5464567542 * X2)) - (((0.0001467283 * X1) * ((-2.5411663055) * X1)) - 0.1327158809)))))
feynman_I_12_11,OperonRegressor,ok,5.0,0.9996162649349776,0.4604454545803218,90.0,90.0,50.0,,((-0.0000276359) + (1.0000001192 * (((((-0.1390206218) * X4) - (0.1615097523 * X1)) - cos(((((-0.1452963948) * X4) + (-0.1155759469)) - exp((0.0009425877 * X2))))) * ((((((((-0.1183151603) * X4) - (0.5355321765 * X1)) - cos(((-0.3555929959) * X1))) - sin(exp(((-0.5073136091) * X1)))) + ((0.0251685604 * X5) - (0.3116264045 * X2))) - ((((exp((0.1099593788 * X5)) - ((-0.3721689880) * X3)) * ((((-0.8341991305) * X4) - (0.2348312587 * X5)) + (-1.4600243568))) - (sin(exp(((-0.4061499238) * X5))) + (0.3186329305 * X3))) * sin((1.1464130878 * X5)))) - ((-1.4689822197) - ((-0.1198574826) * X3))))))
feynman_I_12_2,OperonRegressor,ok,4.0,0.995182466599833,0.0065491354483826,88.0,89.0,53.6,,(0.0000005804 + (((((exp(exp(((-0.5639031529) * X4))) - (0.6278967857 * X4)) - (-4.2914485931)) * ((((0.0189498831 * X2) + ((0.3954141438 * X1) + ((-0.3831366599) * X1))) + (((-0.0062252781) * X3) + (((-0.0071905456) * X4) - (-0.0596526787)))) * exp((((-0.0623824261) * X3) * exp(exp(((-0.2173725516) * X3))))))) ^ 2) + ((exp(((0.7119401097 * X2) + exp(((-0.6866425872) * X4)))) * (((-0.0073432373) * X2) + ((0.0033792695 * X1) + (0.0057745795 * X3)))) + ((0.5509777069 + ((-0.0099494122) * X3)) - (exp(((-0.1390254050) * X1)) + ((0.1433630288 * X1) + (0.0154327685 * X4)))))))
feynman_I_12_4,OperonRegressor,ok,3.0,0.9999979962620588,2.8479059067476763e-05,92.0,92.0,51.2,,((-0.0000001248) + (0.9999998808 * ((exp(((-0.5134422779) * X2)) + ((exp((exp(((-0.6221089959) * X2)) - exp(exp((0.0009020758 * X1))))) - (exp(((-0.0000227188) * X3)) + (((-0.1985003799) * X2) - exp(((-0.0003076894) * X3))))) * exp(((-0.2431619465) * X2)))) * (((((exp(((-1.2840808630) * X3)) * ((-0.9937884808) * X3)) * (((-0.0331203751) * X3) - ((-0.0281932149) * X1))) + ((((((-0.1856987923) * X3) - ((-0.1145079955) * X1)) * exp(((-0.5274665952) * X3))) + ((-0.2616243958) * X2)) - (exp(((-4.4123258591) * X3)) * ((0.0001774514 * X3) - (0.0001641271 * X1))))) - 0.3651987016) + ((-0.0392412655) * X3)))))
feynman_I_12_5,OperonRegressor,ok,2.0,0.9999967603343984,0.00870626814068,87.0,87.0,62.0,,(0.0000065189 + (1.0000027418 * (((((-1.6506339312) * X2) * ((-0.1517586112) * X1)) - ((((-3.2765989304) * X2) + 0.0200318731) - (((0.0000199587 * X2) / (-0.0729522407)) / (((-3.8175177574) * X2) + 3.6126563549)))) + (((((((0.0000355925 * X2) + 0.0000541151) / (((-0.6776607037) * X1) + 1.0220799446)) + ((-0.0003599542) * X1)) / (((-3.3096351624) * X1) + 3.5757949352)) - (((2.6152718067 * X2) + ((-0.6864442229) * X1)) - ((((-0.0003476533) * X2) + ((-0.0003974714) * X1)) / (((-3.2028577328) * X2) + 3.5080945492)))) - ((((-0.0000003819) * X2) + ((-0.0000033521) * X1)) / (((-0.7032541633) * X1) + 0.1507280320))))))
feynman_I_13_12,OperonRegressor,ok,5.0,0.9998388376008224,0.1329115772257571,82.0,82.0,51.6,,(0.0082123168 + (0.9989109635 * ((((exp(exp(((-0.5258695483) * X3))) - (((0.3059419692 - ((-0.0144880228) * X4)) * (exp(((-1.8963462114) * X4)) - ((-1.5618845224) * X3))) - (((1.9829607010 * X4) - ((-0.0248793215) * X5)) - (exp((0.5865882635 * X4)) + 1.5181783438)))) - ((-0.0509759411) * X2)) * ((((-0.0000382339) * X5) + 0.0119860731) - ((-0.0044693332) * X2))) * ((((-0.1942857057) * X3) - ((((0.0357309431 * X4) - ((-4.0777645111) * X1)) * ((0.5568625927 * X5) + 1.3090816736)) - (((-6.3433246613) * X5) + (-13.9041881561)))) - exp((0.0288027264 * X4))))))
feynman_I_13_4,OperonRegressor,ok,4.0,0.9999991984233464,0.0204508726973746,91.0,91.0,44.5,,(0.0000003958 + (1.0000103712 * (((0.2776450813 - (((-0.0000678506) * X2) + ((-0.1017716527) * X1))) * ((((sin((0.1221101433 * X3)) + ((70.9567413330 * X2) + (1.0601606369 * X4))) + (2.9956595898 - exp((0.3889617622 * X2)))) - cos((0.5616415143 * X4))) + ((((((0.8353033662 * X3) * (0.3372640014 * X3)) + (((-0.2965620458) * X3) - ((-1.6015055180) * X3))) + ((((-69.5025787354) * X2) + (0.2332503647 * X4)) / exp((0.0061133760 * X2)))) - (sin((((-17.6467704773) * X3) * (0.0000582663 * X4))) + exp(((-0.3794532716) * X2)))) - sin(cos(((-0.5625704527) * X4)))))) - ((-0.6335121393) * X1))))
feynman_I_14_3,OperonRegressor,ok,3.0,0.999998617489828,0.022251654912458,87.0,87.0,56.0,,((-0.0000006668) + (0.9999971390 * (((((1.1991651058 * X2) - (cos((11.5191574097 * X2)) * (0.0036351886 * X1))) + (((9.9180088043 * X1) + ((((0.0074137999 * X3) - ((-0.0308714099) * X1)) - ((-0.0134914480) * X2)) * cos((11.9824657440 * X2)))) * (0.5987051725 + (((0.0001265559 + (0.0001345015 * X2)) * cos(((-6.2601704597) * X2))) + ((((-6.1007275581) * X2) * (0.0000144503 * X1)) - (0.4600307345 + ((-0.0502582006) * X2))))))) * (0.4212932587 + (0.1567004621 * X3))) + ((0.0009952392 + (0.5185541511 * X3)) - (((-0.0005641329) + ((-0.0008650393) * X2)) * cos(((-5.8928217888) * X2)))))))
feynman_I_14_4,OperonRegressor,ok,2.0,0.9999996520587444,0.0092976549226161,81.0,81.0,51.1,,(0.0000027800 + (1.0000082254 * (((((((((-0.0022681751) * X2) - ((-0.0001547571) * X1)) * ((-5.1197452545) + ((0.0242401809 * X1) + 1.2969712019))) * ((-5.1265816689) + ((-2.4657354355) * X2))) - ((((0.0317786224 * X2) - (-0.1505624652)) + ((0.0008017798 + ((-0.0000310738) * X1)) * exp((1.3983844519 * X2)))) - ((-0.0366822034) * X2))) * (((exp((0.5736809373 * X1)) * (((0.0195750259 * X1) + (0.0526865944 * X2)) - (1.0481208563 + ((-0.1686934978) * X1)))) + ((-1.1839590073) * X2)) - (2.5062980652 * X1))) - log(1.3705059290)) - sin(((-0.5433725119) * X2)))))
feynman_I_15_10,OperonRegressor,ok,3.0,0.9999921937008536,0.0047462678244725,96.0,96.0,61.0,,((-0.0000010824) + (1.0000001192 * (((((1.5188649893 * X1) + exp(((0.0598583333 * X2) + (((-0.5360758305) * X3) + (0.2711170912 * X1))))) * (0.1068760529 * X2)) + (0.4328400493 * X2)) - (((sin(cos(((-0.0433116928) * X1))) - sin(0.9578564763)) + ((((0.0000081829 * X3) * exp((((-2.7356965542) * X3) + (1.0374395847 * X1)))) + (((-0.0001603233) * X2) + ((0.0036364507 * X3) + ((-0.0033219014) * X1)))) * exp(((0.6432663798 * X2) + (((-1.8258168697) * X3) + ((-0.1911458522) * X1)))))) + ((((0.0391591638 * X3) + (0.0968483761 * X2)) * exp((((-0.3752811551) * X3) + (0.2735312879 * X1)))) + ((-0.8760074973) * X1))))))
feynman_I_15_3t,OperonRegressor,ok,4.0,0.9999978728086488,0.0017846601588166,92.0,93.0,58.0,,(0.0000006235 + (0.9999979734 * ((((0.0348530672 * X1) - ((-0.9475831389) * X4)) + 0.1307332367) + (((0.0017123077 * X3) + ((0.0079890061 * X1) * ((-0.1661580503) * X2))) - (((((0.2243333161 * X2) - (-2.8931422234)) - ((-1.1476864815) * X1)) - ((((((-0.0019044105) * X3) + ((-0.0016349629) * X2)) + (-0.0092588710)) / ((((-0.0098561011) * X3) + (0.0729673505 * X2)) + 0.2371490151)) * ((((10.6197404861 * X1) + ((-21.9035243988) * X4)) - ((-5.0860757828) * X2)) + ((-4.9809460640) * X3)))) * (((((0.0000981956 * X4) + ((-0.0097277174) * X2)) + (-0.0492119491)) / ((((-0.0034942743) * X3) + (0.0798624530 * X2)) + 0.2362699360)) ^ 2))))))
feynman_I_15_3x,OperonRegressor,ok,4.0,0.9997964893175996,0.0232182695217219,94.0,97.0,51.9,,((-0.0000061933) + (0.9999998212 * ((exp((((((0.6571872830 * X3) ^ 2) ^ 2) - 7.6144886017) - (((((1.4826000929 * X3) + (0.1057069674 * X4)) - (0.2882990837 * X1)) - (0.4432812035 * X2)) - (3.3924107552 - ((0.2381733060 * X1) ^ 2))))) - (0.2674808800 * X2)) - ((((((((-0.1264782399) * X3) + (5.2133092880 * X4)) - ((-0.4507170618) * X1)) - ((-1.3023099899) * X2)) * (0.0103913294 * X2)) + (cos((((0.6071968079 * X2) + (0.1754200757 * X4)) - ((-0.1937385648) * X1))) * 0.0712074488)) + ((((0.0044731884 * X3) + (0.2410681546 * X4)) - (0.8769738674 * X1)) + (((-4.3618516922) * X3) * ((-0.0003918575) * X1)))))))
feynman_I_16_6,OperonRegressor,ok,3.0,0.9996147529231107,0.0235592156903465,94.0,94.0,60.3,,(0.0000038691 + (0.9999977350 * (sin((((-0.2022505999) * X1) + (((-0.0905521438) * X3) + (0.4882498085 * X2)))) + ((0.1564460248 - ((((-0.0714103356) * X3) + ((-1.0639120340) * X1)) - (((0.0170820951 * X1) * ((-0.4321122468) * X1)) + ((-0.3382861018) * X2)))) + (((0.2346218377 * X2) + ((-0.2422945499) * X1)) * (sin((exp(((-0.4589093029) * X3)) + (((-0.4035901725) * X2) - (2.7121253014 + ((-0.4532020986) * X1))))) - (((((-0.0665627867) * X2) - (0.2153166682 - ((-0.0649259165) * X3))) * exp(((-0.9892910123) * X3))) - (sin((((-0.3503357470) * X3) + (0.8359304070 * X1))) - ((0.2531011105 * X3) + (0.0828057081 * X2))))))))))
feynman_I_18_12,OperonRegressor,ok,3.0,0.9999988147435416,0.0074502012544996,83.0,83.0,46.4,,((-0.0000025976) + (1.0000045300 * (((cos((0.8896753192 - ((-1.4440646172) * X3))) * ((0.2122800946 * X1) + 0.5060812235)) * (((((0.0008463090 * X2) * ((-0.9557129741) * X2)) - ((-0.9225677252) * X2)) - ((((0.0009827573 * X2) * ((-0.9557129741) * X2)) - (0.0019346433 * X2)) * cos((38.4451446533 * X3)))) + (((cos((5.5604271889 - ((-7.8296089172) * X2))) * (0.0018875643 - (0.0007848152 * X3))) - ((((-0.0006245563) * X1) + (-0.0003876652)) * cos((43.6857376099 * X3)))) - ((-2.3712711334) - ((-0.0001249268) / (1.4009203911 * X3)))))) - (0.1500605941 - (0.0001810171 * X2)))))
feynman_I_18_14,OperonRegressor,ok,4.0,0.9999884669475702,0.0797965752582126,92.0,92.0,52.2,,((-0.0064516943) + (1250.9439697266 * ((((((cos(14.0551834106) - sin((1.0921611786 * X4))) * ((((-0.0984202102) * X3) * ((-0.4152825475) * X4)) - ((-0.1060972959) * X4))) * (((exp((0.0009805403 * X1)) + ((-0.0000001467) * X2)) + ((-0.0000001467) * X2)) + (-0.9974135160))) - (0.0000028770 * X4)) / (0.2692228854 * X4)) * ((((0.0090559581 * X3) * ((-0.4152825475) * X4)) - sin(((-0.3129813373) * X4))) + (((exp(((-0.0029488299) * X4)) + (0.3781454563 * X2)) * ((((0.4294531941 * X4) - sin((0.4138134122 * X4))) - ((0.0090559581 * X3) * ((-0.4152825475) * X4))) - cos(16.2469081879))) + ((-0.2901470959) * X4))))))
feynman_I_18_4,OperonRegressor,ok,4.0,0.9999955078200562,0.002000711419346,94.0,94.0,55.0,,(0.0000005428 + (0.9999968410 * ((((exp(((-0.0398680456) * X1)) + (0.0498579890 * X1)) - ((-1.3796470165) * X3)) - ((((0.8164961934 * X3) + ((-0.7244143486) * X4)) * ((exp((0.0306658931 * X4)) + ((-0.0763869360) * X1)) - ((0.0303440876 * X4) - (0.0689380765 * X2)))) + 0.9619265199)) - ((((-0.0271632019) + ((-0.0018819869) * X1)) - (((((-0.1170563102) * X3) + (0.1085144728 * X4)) / ((exp(((-0.1156926975) * X2)) + (0.1773876399 * X1)) - ((0.0031185793 * X3) - (0.3125982285 * X2)))) * exp((0.0036092626 * X4)))) * ((((-108.6072158813) + (16.2090454102 * X1)) * (0.0070236921 * X1)) - exp(((-0.4332234561) * X2)))))))
feynman_I_24_6,OperonRegressor,ok,4.0,0.999997262647378,0.0250793652011266,84.0,84.0,51.8,,((-0.0000515934) + (0.9999703765 * ((((exp(((-4.3258914948) * X4)) / (-32598458.0000000000)) - ((((((0.0267015751 * X2) + (0.0101530980 * X3)) - (0.0067314846 * X3)) + 3.7131488323) - exp((((0.0094945170 * X2) + (-0.0010029403)) - ((-0.0153348334) * X3)))) - exp(exp((((0.0067689461 * X2) + (0.0000001234 * X1)) - (0.0039547994 * X3)))))) / exp((exp(((-0.4341288805) * X1)) + (log(0.0034001928) + ((exp(((-0.4680694640) * X4)) + (((-0.3334700763) * X4) + ((-0.1725313962) * X1))) - (exp(((-0.2550578415) * X4)) + exp(((-0.3268764317) * X1)))))))) - log(3.9781229496))))
feynman_I_25_13,OperonRegressor,ok,2.0,0.9999975263734308,0.0012855889452774,90.0,90.0,62.3,,((-0.0000000298) + (((((((-0.1943408847) * X1) - (0.5144152045 * X2)) + exp(((((0.7966157198 * X2) - (-2.5959315300)) * ((0.0079517104 * X1) - ((-0.0354941785) * X2))) + exp(((-0.4974753857) * X2))))) * ((0.1757322103 * X1) + ((-0.1775784045) * X2))) / exp((exp(((((-0.5261085629) * X1) + ((-3.2369463444) * X2)) + exp(((0.3402301669 * X1) + ((-0.6308374405) * X2))))) * ((0.0000068184 * X1) - ((-0.0000110327) * X2))))) + (((((-0.1605595797) + ((-0.0637245849) * X1)) * (((-0.3770636320) * X1) + exp(((-0.9453558922) * X2)))) - ((-0.8729822636) + (0.0936842188 * X2))) - exp((0.0824743360 * X2)))))
feynman_I_26_2,OperonRegressor,ok,2.0,0.9998722819319792,0.0041576606304947,94.0,94.0,57.6,,((-0.0000214849) + (1.0000025034 * ((((((((((-0.6586067677) * X1) - (0.0121826958 * X2)) * ((-2.3379971981) * X2)) + (-0.3199841678)) + (((-0.0047795009) * X1) * (1.0927671194 * X1))) + (((((-0.4087412953) * X1) * (0.1667038202 * X2)) * ((-0.8593183756) * X1)) + ((-0.3747930229) * X1))) + (2.4248232841 * X2)) * ((((sin((((-2.6054430008) * X2) + (-0.8283634186))) + (0.0447576083 * X1)) * (sin((((-0.2030923367) * X1) * ((-1.0505189896) * X1))) + (((-0.2076707035) * X1) * (1.0927671194 * X1)))) + 0.5389306545) - sin(((((-0.4272072613) * X2) + ((-0.0111168325) * X1)) + 1.6853313446)))) - (((-0.0777133927) * X2) * ((-0.4087412953) * X1)))))
feynman_I_27_6,OperonRegressor,ok,3.0,0.999769278151024,0.0062003325045052,94.0,96.0,53.3,,((-0.0000038197) + (1.0000028610 * (((((0.4577467442 * X2) + ((-0.9278742671) * X1)) + exp(((-1.1218270063) * X3))) + (exp((0.7330324650 * X3)) - (exp(((((-0.9439373612) * X3) + (0.0551757403 * X2)) - (0.1495071352 * X1))) + (exp(((((-0.1473130137) * X3) + (0.1954519451 * X2)) - (0.4643693864 * X1))) + ((2.6041762829 * X3) - ((((-0.4680657089) * X3) ^ 2) - (-0.9307935834))))))) - (exp((((0.4871147871 * X3) ^ 2) - (0.0566331595 * X1))) + (((((-1.0076578856) * X2) + ((-1.1767848730) * X1)) + ((-3.7424540520) * X3)) / (exp((exp((0.2093530595 * X3)) - (0.1416002065 * X1))) - ((-0.2383133620) * X2)))))))
feynman_I_29_16,OperonRegressor,ok,4.0,0.995636476023526,0.1283062656403204,90.0,94.0,46.9,,((-0.0004551697) + (0.9991791844 * (((((-0.0314718038) * X3) - ((-0.5152017474) * X2)) + log(((exp((((-1.2223398685) * X2) + (0.2843082249 * X1))) + (((2.1010558605 * X3) - (2.0907874107 * X4)) ^ 2)) + exp(((-0.9899292588) * X1))))) + ((((((0.3374600410 * X3) - (0.2656978369 * X4)) ^ 2) + (0.3588212430 * X1)) - ((exp((((0.2504431307 * X3) - (0.2558440268 * X4)) ^ 2)) + (exp(((-0.1758939177) * X1)) + ((-1.9649147987) + (0.0433177352 * X4)))) * log((exp(((-0.4291962087) * X2)) + (((0.7675644159 * X3) - (0.4983887076 * X4)) ^ 2))))) + ((0.0437169001 * X4) - 2.0908374786)))))
feynman_I_29_4,OperonRegressor,ok,2.0,0.9999591098682512,0.0091270811748151,89.0,89.0,56.1,,((-0.0000000151) + (0.9999998808 * ((((exp(exp(((-0.8512510061) * X2))) * ((0.0000384964 * X1) + ((-0.1021673679) * X2))) + exp((sin((((-1.7248690128) * X1) + (0.0007438432 * X2))) + ((-11.8601818085) + ((0.8398185372 * X1) + exp(((-1.5635045767) * X2))))))) + (exp(exp(((-0.4282988608) * X2))) + (((-0.0001071711) * X1) + (0.0227858331 * X2)))) * ((((-0.1302370727) + (0.1511276364 * X1)) + (sin(((5.8165950775 * X1) + ((-6.0566887856) * X2))) * (exp(exp(((-0.9080178738) * X2))) * ((0.0000136806 * X1) + ((-0.0000163836) * X2))))) - ((0.0646696836 * X2) + (0.1754527390 * X2))))))
feynman_I_30_3,OperonRegressor,ok,3.0,-1.117050741258856,2.879212975867109,92.0,102.0,44.7,,(0.2517986000 + (0.9606873393 * (((((((-0.1584386975) * X3) - (((-0.3028222024) * X3) ^ 2)) + (((-0.8970856071) * X2) ^ 2)) - (0.3195862770 * X2)) ^ 2) - (sin(((exp(((((-0.8970856071) * X2) ^ 2) - (0.2988317907 * X3))) + ((((-1.0574547052) * X2) ^ 2) - (((-2.1034770012) * X2) ^ 2))) + ((((-1.3530676365) * X1) - sin(((-1.2206771374) * X2))) - ((((-1.1711562872) * X1) - (0.1333250850 * X3)) - (0.4683845937 * X3))))) - (((0.8206903934 * X2) + ((((((-0.4145714641) * X2) ^ 2) ^ 2) * (2.7216856480 * X1)) - ((-0.1707355529) * X1))) - ((((-1.2514343262) * X2) ^ 2) - (((-0.3028222024) * X3) ^ 2)))))))
feynman_I_30_5,OperonRegressor,ok,3.0,0.9999955091018528,0.0003421164398283,92.0,92.0,60.8,,(0.0000103803 + (1.0000373125 * ((((((exp(((0.2460539341 * X3) - (2.0913999081 * X2))) * ((0.2740094066 * X1) + 0.6471705437)) - (((-0.1805257201) * X3) - exp(((-0.8428813815) * X2)))) / (exp(((-0.0605961680) * X1)) - ((-0.4880055785) * X3))) - (((((((-48.3547897339) * X1) + (94.5920257568 * X2)) - ((0.4796592891 * X3) + (-142.7826538086))) / exp((0.4813494086 * X2))) - (((44.0408058167 * X1) + ((-250.1122894287) * X3)) + exp((1.4623719454 * X2)))) - (-11.4476547241))) + ((-97.3749313354) * X2)) / ((((-0.9863661528) * X1) + ((0.4942683578 * X1) * (0.8485648632 * X3))) - (((-169.4431915283) * X3) - 431.9851989746)))))
feynman_I_32_17,OperonRegressor,ok,6.0,0.9995759432796192,0.0885381206063547,92.0,92.0,51.7,,(0.0000003173 + (0.9999998212 * (((-0.5396602154) - ((0.0068095396 * X5) - ((-0.0037146944) * X4))) + ((((-0.0446669869) * X5) - ((exp((((0.6256806254 * X5) + ((-0.5073108077) * X6)) / exp(((-0.0487756208) * X2)))) * ((exp((0.1521996260 * X4)) - (0.0184968300 * X5)) - 0.5055979490)) * (((0.2039435357 * X1) + ((-0.0216302685) * X6)) + (exp((0.0262041949 * X4)) - ((-0.0134473676) * X2))))) * (((0.5454568267 - exp((0.1699704230 * X3))) * (exp((((0.1464913785 * X5) + ((-0.1136900857) * X6)) / exp((0.5269086361 * X6)))) - ((-0.1668100506) * X2))) - ((0.0271499436 * X5) - ((-0.0120047666) * X4)))))))
feynman_I_32_5,OperonRegressor,ok,4.0,0.9823387637621456,0.1315588141333543,91.0,94.0,51.1,,(0.0000032219 + (1.0000122786 * ((((exp(((0.7488301396 * X2) - ((1.6038360596 * X4) + (0.0019639865 * X1)))) * ((0.0157097243 * X1) + (0.0179279838 * X3))) + ((exp((((0.6806945205 * X2) + ((-1.9849220514) * X4)) - ((-0.1064147428) * X1))) * (((-0.0616755635) - (((-0.0120597035) * X2) + (0.0139864907 * X4))) + (((-0.0076463921) * X1) + (0.0096884836 * X3)))) ^ 2)) + ((0.0128593231 * X1) + ((exp((((0.2702280581 * X1) + ((-0.3586595356) * X3)) + (((-0.0349590443) * X2) + ((-0.4338121414) * X4)))) * ((0.5665800571 ^ 2) + ((0.1351401508 * X2) + ((-0.0296795592) * X4)))) ^ 2))) + (-0.4496842325))))
feynman_I_34_1,OperonRegressor,ok,3.0,0.9999857143191656,0.0070272738311015,92.0,93.0,49.6,,(0.0000000123 + (1.0000001192 * (((((0.0040855003 * X2) - (0.0072250250 * X1)) / sqrt(exp(((cos((0.3305123448 * X3)) + (((-0.0765794069) * X3) - (0.7938737273 * X2))) + (exp(((-0.6819036007) * X3)) - ((-5.1000013351) * X1)))))) + (0.8894333839 * X3)) + ((((exp(((((-0.0006455611) * X3) - ((-0.0867854580) * X2)) - (0.3478804827 * X1))) ^ 2) - (((cos((0.0945025980 * X3)) * exp(((-0.4510458112) * X1))) + (((0.0049804533 * X3) - (0.0902348012 * X2)) - ((-0.0277821701) * X1))) - exp(((-0.1475303173) * X1)))) + (-1.2718698978)) * (0.4679642022 - (((-0.1823848486) * X3) - ((-0.0016357946) * X2)))))))
feynman_I_34_14,OperonRegressor,ok,3.0,0.9999961048008812,0.0025701721718068,92.0,92.0,61.4,,(0.0000000719 + (1.0000001192 * (((((((0.1147383824 * X2) - ((-0.4381107986) - (0.0058423127 * X3))) + exp(((((-0.0033553473) * X3) - ((-0.4141020775) * X2)) - (0.6556508541 * X1)))) * (((0.0073613613 * X3) - ((-0.0006144136) * X2)) - (0.0068363450 * X1))) * (((((0.0405794755 * X1) - ((-0.1494907588) - (0.0109341620 * X2))) / exp((2.3191509247 * X1))) + ((-2.4499847889) * X2)) - ((-17.7404308319) + ((-2.1850183010) * X1)))) - ((((((0.0000689306 * X3) - ((-0.0003977437) - (0.0001691267 * X2))) / exp((2.4060478210 * X1))) + ((-1.0136871338) * X2)) - ((-0.9145184755) * X2)) - (-0.0809998959))) + (0.7625051141 * X3))))
feynman_I_34_27,OperonRegressor,ok,2.0,0.9999993614168108,0.0007106436870473,88.0,88.0,56.5,,((-0.0000000119) + (0.9999997020 * ((((((sin((((-7.9145927429) * X2) - 8.2884101868)) - ((((-1.9757919312) * X2) - 0.7281750441) * (0.3701632619 * X1))) * (((-0.0858073309) * X2) + sin((7.9369416237 * X1)))) / ((-0.9649358988) * X1)) * ((0.0005069934 * X1) + ((0.0004696037 * X2) - (-0.0004054853)))) + sin(((-0.1024892256) * X2))) - ((((sin((0.1432706416 * X2)) - (((-0.0004246745) * X1) + ((0.1418601573 * X2) - 0.0005083226))) * ((0.3861474991 * X1) + sin((12.0038414001 * X1)))) - ((0.8188237548 * X2) - 0.0008162246)) - ((((-1.3297410011) * X2) - 3.3769307137) * ((-0.1933655739) * X1))))))
feynman_I_34_8,OperonRegressor,ok,4.0,0.9999991101131808,0.0112253486847111,90.0,91.0,50.9,,(0.0000046968 + (0.9999977350 * (((((0.0124233374 * X4) + 1.3166816235) - ((exp((0.0100358073 * X4)) - (0.9197539091 * X1)) - exp(((-0.0003512786) * X2)))) - (0.0033779959 * X3)) - (((((-0.0095111467) * X3) + (0.0040894439 * X4)) - ((-5.2967391014) - (2.1175582409 * X1))) * (((exp(exp(((-0.5740344524) * X4))) + (exp(exp(((-0.1466982216) * X4))) ^ 2)) * ((exp(((-0.0344092064) * X3)) + (0.4287292957 * X3)) * (((((-0.0073820972) * X3) + (0.0158862900 * X4)) + (1.0284421444 - (0.0058419877 * X2))) - (exp(((-0.0073755248) * X3)) - ((-0.0000121889) * X1))))) + ((-0.1709286124) * X3))))))
feynman_I_37_4,OperonRegressor,ok,3.0,0.9999962994909748,0.0060401216752842,85.0,85.0,48.1,,(0.0000002644 + (0.9999998212 * ((((((-0.4702194631) * X3) + ((exp(((-3.1624388695) * X3)) - exp((3.5191380978 * X3))) * ((((-0.0000313497) * X1) + (-0.0002092998)) * (exp(((-0.1172777042) * X3)) - ((-0.4568945169) * X2))))) - (8.6337518692 * (exp((0.0227277223 * X3)) * cos(((-1.1042848825) * X3))))) * sqrt((((0.0213897992 * X1) + 0.0560421236) * (exp((0.0043915580 * X3)) - ((-0.4026223123) * X2))))) - ((((-0.0000918256) * X1) + 0.9994485974) * ((exp((0.0038111266 * X3)) * ((((-0.3971838653) * X1) + ((-0.0051607406) * X3)) + (-0.9858716130))) - (0.4064123631 * X2))))))
feynman_I_38_12,OperonRegressor,ok,4.0,0.9998499881645876,0.0150485651202376,92.0,92.0,51.2,,(0.0000005551 + (1.0000005960 * ((exp(((((exp(((-0.5801948905) * X2)) + ((-0.2736731768) * X1)) + exp(((-0.7868829370) * X1))) + ((-0.1495665461) * X2)) + (((0.2172297090 * X4) + (exp(((-0.4748193324) * X4)) * ((0.1899286956 * X4) + ((-0.0141157955) * X2)))) - ((exp(((-0.6921065450) * X1)) + 2.3501515388) + (((-0.6776824594) * X3) + ((0.4353372157 * X3) * (0.1853517890 * X3))))))) - (((-0.0853707716) * X2) + exp((0.0882796571 * X2)))) + ((0.4571821988 - ((-0.0063287076) * X3)) - (exp(((0.3634068668 * X4) - ((1.2082418203 * X2) + (0.3846872747 * X1)))) / (112.5171661377 - ((-38.7343635559) * X3)))))))
feynman_I_39_1,OperonRegressor,ok,2.0,0.999997874188998,0.0121947214753858,86.0,88.0,47.7,,((-0.0000004967) + (0.9999914765 * ((((((-0.0009691225) * X2) - ((0.0005854345 * X1) + ((0.0109248636 * X2) * (0.0530750789 * X2)))) * sin(((sin(((8.5651245117 * X1) ^ 2)) * exp(exp(((0.2222627848 * X2) * 1.6097009182)))) ^ 2))) - ((-0.0000013357) / ((exp(((-1.9993087053) * X1)) * (0.0441827215 * X1)) + (0.7372201681 * X2)))) - (sin((0.1203501374 * X2)) - (((((-0.1331681609) * X2) * (((-2.1161656380) * X1) - exp(1.8778147697))) - ((exp(((-2.0980248451) * X1)) * (0.0000505366 * X1)) + cos((((-0.1581747830) * X1) + (-10.9615688324))))) + (0.8867479563 * X1))))))
feynman_I_39_11,OperonRegressor,ok,3.0,0.9999989532808644,0.003344510824448,92.0,92.0,48.6,,(0.0000000906 + (0.9999991655 * ((exp(((-0.0503141806) * X2)) * ((((0.9030338526 - (1.2953965664 * X2)) - (((14.5785112381 * X3) - sin((0.2158201337 * X1))) - ((-0.9690919518) * X1))) / (exp((0.0000059467 * X1)) - ((-0.0013822897) * X2))) - ((((-14.9125671387) * X3) - (0.1216950119 - ((-1.3537139893) * X2))) + ((-0.7454614043) * X1)))) - (exp(exp((sin((0.3533002436 * X1)) + ((-0.6685525775) * X1)))) * ((((0.2813737690 * X1) - ((14.6155090332 * X3) - (0.4411027431 - ((-0.0049835383) * X2)))) / (exp((0.0026628110 * X1)) - (0.0043724491 * X2))) - (((-14.5676813126) * X3) - ((-0.1783828735) * X2)))))))
feynman_I_39_22,OperonRegressor,ok,4.0,0.9999806169158312,0.0417170815819269,92.0,92.0,57.6,,((-0.0000006553) + (0.9999994636 * ((((((-1.2610076666) * X2) + (0.3813563883 * X4)) * (exp(((-0.0935461819) * X3)) - ((-0.0938218459) * X3))) + (exp((exp((exp(((-0.2306781709) * X3)) - exp((0.1037522703 * X3)))) - ((exp(((-1.4443305731) + ((-0.8372899890) * X4))) - ((0.1910785586 * X4) - ((-0.1748923659) * X1))) + exp(((-1.4994375706) + ((-0.7667494416) * X1)))))) * (((-0.1947712302) * X3) + (0.2120730877 * X2)))) - ((((((-0.0057926010) * X3) + ((-1.2610752583) * X2)) + ((-0.3426446617) * X1)) + 0.1382078677) - ((((-0.0041029872) * X4) - ((-0.0000120014) * X1)) * ((0.3082623482 * X4) - (32.7174758911 * X1)))))))
feynman_I_40_1,OperonRegressor,ok,6.0,0.8735290977792384,0.2030104038082683,92.0,92.0,67.0,,(0.0000009317 + (0.9997517467 * (exp(((((exp(((-0.3265950680) * X3)) + exp(((-0.5948395729) * X2))) - exp(((-0.7099894881) * X6))) - exp((((0.7254791856 * X2) + (((-0.5083302259) * X6) + (0.4652121067 * X5))) - ((-0.6194351315) * X3)))) - ((exp((((0.2690959275 * X2) + (0.3545325398 * X5)) - (0.6570503712 * X4))) - exp((((-0.4710691571) * X6) + ((-0.1491131783) * X5)))) - (((0.6692140698 * X2) + (0.0645718575 * X5)) - (1.2826209068 + ((-0.3727139533) * X1)))))) + (exp(((((-0.2079521865) * X6) + ((-0.6213665009) * X5)) - exp(((-0.3299058080) * X6)))) + ((0.2001221478 * X5) - 1.0689451694)))))
feynman_I_41_16,OperonRegressor,ok,5.0,0.9974074278880666,0.1391262650203484,96.0,96.0,67.8,,((-0.0002048209) + (0.9999907613 * (sqrt(exp(((((0.0276570935 * X4) + (0.2037084401 * X5)) + exp(((-0.3318785727) * X5))) * ((exp(((-0.5216894746) * X5)) - (((-0.1660597473) * X4) + (0.4349278510 * X5))) + ((0.4070000947 * X2) - ((-0.5053380132) * X1)))))) * (((((0.0146404840 * X1) * ((1.5850907564 * X4) - (((-1.9357405901) * X5) - ((-1.4065231085) * X1)))) + ((-0.1766925901) + ((0.1631344408 * X2) + exp(((-0.1211938709) * X4))))) + ((-0.2270221263) * X5)) + (((((0.3672241271 * X2) + exp(((-0.5030823946) * X5))) * ((-0.0481470115) * X2)) - exp(((-0.2087847739) * X4))) + (((-0.0114303101) * X3) - ((-0.1574299634) * X1)))))))
feynman_I_43_16,OperonRegressor,ok,4.0,0.9995867880178814,0.2464027554924967,96.0,96.0,55.2,,((-0.0000023556) + (0.9999938011 * (((((0.0035910795 - (0.0042941631 * X3)) - ((((-15.1627893448) * X4) + (15.4083232880 * X1)) * (((-0.0012765444) - ((-0.0027517041) * X4)) - (0.0034369004 * X2)))) * exp(((0.3761786520 * X3) + exp(((((-0.0554862767) * X3) - (0.4265764356 * X4)) - (0.0237415154 * X2)))))) - ((-0.3923809230) * X3)) + ((((0.0029414878 * X3) - (0.0000806846 * X1)) * (exp(((((-2.3746364117) * X4) + (0.7708307505 * X1)) - ((-0.5250263810) * X2))) + ((((-42.0639839172) * X4) + (42.6130447388 * X1)) - ((-50.5981178284) * X2)))) + (((-0.1689231992) - (0.3105674684 * X4)) - (((-0.3142551184) * X1) - (0.3760666251 * X2)))))))
feynman_I_43_31,OperonRegressor,ok,3.0,0.9999984186471016,0.0262449133625399,90.0,90.0,62.3,,((-0.0000028272) + (0.9999969602 * (((((73.3422317505 * X2) - (((((0.0061349631 * X1) + ((-0.1376344562) * X3)) * ((2.4557342529 * X1) + 2.1575908661)) - ((78.9581527710 * X1) + 30.9317150116)) - (39.3915328979 + 0.1546302438))) + (((-4.3965902328) * X2) * (((-6.9096560478) * X1) + ((-0.0544335730) * X3)))) / exp((sin(((0.0941035375 * X1) + (0.0049529313 * X3))) - ((-1.9660096169) - (exp(((-0.0626208633) * X3)) - (0.0940572172 * X1)))))) + ((((-3.2007725239) * X2) - ((((-14.1932582855) * X2) * ((-0.0942966789) * X1)) - (((-4.7279162407) * X1) + ((1.2923934460 * X1) + (-3.5795071125))))) + (0.4163841605 * X3)))))
feynman_I_43_43,OperonRegressor,ok,4.0,0.9999950751614006,0.003673835132369,88.0,89.0,70.8,,((-0.0000002735) + (0.9999998212 * ((exp(((((51.4187545776 / (12.6343765259 + (3.1901779175 * X1))) - ((-0.6449797750) * X2)) - exp(exp(((-0.3680147529) * X2)))) * (exp(((((-0.0000752495) * X3) + (-0.6639374495)) - ((0.0007233485 * X4) + (0.0000768081 * X3)))) ^ 2))) * ((((1.5099450350 * X4) + ((-0.0120681506) * X2)) + ((4.0031175613 + ((-0.3460887372) * X1)) - ((2.0393190384 * X1) * (0.0657425746 * X4)))) / (9.2965145111 - ((((-0.0060826978) * X1) * ((-0.4369297922) * X1)) + ((-3.7273981571) * X3))))) - ((0.9549459219 + ((-0.0009360473) * X1)) - (((-0.0007429143) * X4) + (0.0011215627 * X3))))))
feynman_I_44_4,OperonRegressor,ok,5.0,0.9999241426176902,0.2345548868336326,96.0,96.0,52.4,,(0.0076098912 + (1.0000103712 * (((((((-0.0229528397) * X2) * ((1.4872860909 * X4) + ((-1.4065407515) * X5))) - ((0.0937323272 * X4) + ((-0.0901589096) * X5))) * ((exp((0.0877527893 * X5)) - ((-0.4030417502) * X3)) + ((-0.0904250368) * X5))) + (((0.0014477067 * X3) + 0.0071671670) - ((-0.0013902611) * X2))) * ((((((-4.7809953690) * X5) - ((-0.3811358511) * X1)) + exp(((((-0.0146968858) * X4) + ((-0.0595297404) * X5)) - ((-0.0747259855) * X3)))) - ((0.0789407864 * X3) - (4.8437256813 * X5))) * ((exp(exp((((-0.0740093216) * X4) + ((-0.2911684811) * X5)))) - (-1.6294270754)) + exp((((-0.7692165971) * X4) + ((-0.1925175637) * X5))))))))
feynman_I_47_23,OperonRegressor,ok,3.0,0.9999831754742744,0.0023652307163827,92.0,93.0,57.4,,((-0.0000007625) + (0.9999998808 * (((((-1.4162874222) * X2) * ((-0.0059360294) * X1)) - ((((-0.0223512761) * X2) - (0.0230908170 * X1)) - (((-0.0254567508) * X3) - 0.0045189499))) * (((((exp(((-0.5727050900) * X3)) - ((-0.1456559747) * X2)) + ((-0.3098244369) * X1)) * exp((((-0.0675706565) * X2) - (0.1853017211 * X1)))) ^ 2) - (((exp(((-1.7498447895) * X3)) - ((-0.5425602198) * X2)) + (0.8819072247 * X1)) - (exp(((-1.5498733521) * X3)) + (((13.8065853119 + ((-1.8535641432) * X3)) + exp(exp(((-0.6160159111) * X3)))) + exp((exp(((-0.3794060349) * X3)) - ((0.5148245096 * X2) - ((-0.1175951436) * X3)))))))))))
feynman_I_48_2,OperonRegressor,ok,3.0,0.9999975097357672,0.1182064821859653,90.0,90.0,53.6,,((-0.0000002144) + ((((sin((0.1163637191 * X1)) - (((exp((0.3637335300 * X2)) - (((-0.1314495504) * X3) * ((-0.2201903909) * X2))) + ((-1.6911592484) * X3)) * (((-0.0163302012) * X1) - (0.0057429932 * X2)))) - ((0.0947513059 * X1) + 1.3404476643)) + ((((((((-0.0000677640) * X1) + 0.8978276253) - sin(((-0.8685405254) * X3))) + sin(((-0.8673238754) * X3))) - exp(((-0.1377107650) * X3))) + ((-0.2082142383) * X3)) * ((sin((0.3010452986 * X1)) - (0.0826940238 * X2)) - ((5.0816230774 * X1) + 12.0463228226)))) - ((0.0660656616 * X3) - (sin(((-0.8250766397) * X3)) * ((-0.0043938551) * X2)))))
feynman_I_50_26,OperonRegressor,ok,4.0,0.9553208411373196,0.4375740126959705,88.0,91.0,46.2,,(0.0008569951 + (1.0027272701 * ((((((((-0.1842336059) * X3) - (-1.5277731419)) + (0.6573405862 * X2)) * (sin((((1.0890474319 * X3) - 0.3665987849) + (1.3494439125 * X2))) ^ 2)) / exp(((0.4460650980 * X4) - (((-0.8460866213) * X2) + (0.2750420570 * X1))))) * (((0.3102735579 * X3) - (((-0.3777297735) * X4) - exp((0.3756818175 * X2)))) ^ 2)) + (((exp(((0.4780514240 * X4) - (exp(((-1.8111723661) * X2)) + ((-0.2640244663) * X1)))) * (sin((((1.6668235064 * X3) - 0.1917178333) + (0.8431618810 * X2))) ^ 2)) + (-0.9787540436)) + (((-0.1260412186) * X2) + ((-0.0388971046) * X1))))))
feynman_I_6_2,OperonRegressor,ok,2.0,0.9999909316599326,0.0001371750189509,92.0,92.0,53.1,,((-0.0000083182) + (0.9999682903 * ((0.4476383924 * X1) - ((exp((((0.0068267169 * X1) + (0.0215708148 * X2)) * ((((-3.2358028889) * X2) - ((-11.3326454163) * X1)) + ((-5.2155599594) + ((-0.0264754053) * X1))))) + ((((-8.5552501678) + ((-0.9327045083) * X2)) + ((-5.5076599121) * X1)) * (((0.0127592199 * X2) / exp((0.8411104679 * X1))) - (0.1828579605 + ((-0.0320263430) * X1))))) * ((0.2127797455 * X2) + ((((((0.0060814144 * X2) - (-0.9103019238)) - exp((0.0867648423 * X1))) * (exp(((-1.4783688784) * X1)) + (0.6643949747 * X2))) + ((0.1577285826 * X2) / exp((1.1737831831 * X1)))) + (0.1568840444 * X1)))))))
feynman_I_6_2a,OperonRegressor,ok,1.0,0.9999995043895126,4.867421489984219e-05,74.0,74.0,46.2,,(0.0000005360 + (1.0000009537 * (cos((exp((exp((0.2795610130 * X1)) - (0.5231239796 * X1))) - (4.2741971016 + sin((-2.8856608868))))) + (((exp((((0.0000004707 * X1) / (((-0.1894606054) * X1) + (-0.2928103805))) - (0.8497683406 * X1))) - (2.4719116688 + ((0.7801876664 - 0.7802603245) / (((-9.4559650421) * X1) + (-3.1817295551))))) - (((sin((-4.2274689674)) - ((-0.4555103183) * X1)) + (((-0.0001819854) / (((-7.1682186127) * X1) + (-4.8457484245))) / ((-2.0601670742) + ((-1.3153377771) * X1)))) * (-2.0748782158))) - exp((0.3770904541 * X1))))))
feynman_I_6_2b,OperonRegressor,ok,3.0,0.9999762801656108,0.0002884994347858,90.0,90.0,51.6,,((-0.0000001415) + (1.0000022650 * (((exp(exp(((-0.4885271192) * X1))) + (-3.5736033916)) + ((((-0.0026477487) * X3) - (-0.0415110402)) * cos(((1.7851046324 * X2) - (1.8369181156 * X3))))) - ((((-0.0005594325) * X2) - (0.0019093658 * X3)) + (exp((((-0.4886966646) * X1) + (((-0.1977868527) * X1) * exp((((-0.0033138571) * X2) + ((-0.3850579858) * X1)))))) * (((((((-0.0010634339) * X2) + 0.0597398430) - ((-0.0474181175) * X1)) * cos(((1.6598165035 * X2) - (1.7169656754 * X3)))) - cos(((0.5468010902 * X2) - ((0.5840600729 * X3) + 0.0622105673)))) - (((-0.0018611064) * X2) + (1.0236536264 * X1))))))))
feynman_I_8_14,OperonRegressor,ok,4.0,0.9806891037214382,0.1431266596023232,96.0,100.0,47.8,,(0.0000000473 + (0.9998299479 * (((((((-0.4335701168) * X2) + (0.4686022103 * X1)) ^ 2) + ((((-0.5450465679) * X3) + (0.0228294134 * X4)) - ((((-0.8381115198) * X3) * ((((-0.0701728538) * X3) + (0.0413523652 * X4)) * ((19.4477939606 * X3) + ((-29.7993602753) * X4)))) * ((-0.0583706349) * X4)))) - (0.6199604273 + ((cos((((-0.4789606035) * X2) + (0.5133980513 * X1))) ^ 2) ^ 2))) + (((((cos((((-0.9792255163) * X2) + (1.1046513319 * X1))) * (((-0.0915677324) * X3) + (0.0957243443 * X4))) + (0.6129655838 * X4)) + ((-0.6300166249) * X3)) ^ 2) + ((((-0.0217587519) * X2) + (0.0180384684 * X1)) + sin((0.5759869218 * X3)))))))
feynman_I_9_18,OperonRegressor,ok,9.0,0.9936148108099286,0.0086633377422083,95.0,95.0,62.4,,(0.0000001792 + (0.9999507070 * (((0.1636183560 * X3) - (((2.4894464016 + ((-0.0217654705) * X8)) - exp((((0.2891530693 * X1) + (0.1904622614 * X2)) + ((-0.0326863788) * X8)))) - ((-0.1130141094) * X1))) + exp((((((0.1896763891 * X7) + ((-0.1680442691) * X6)) + (0.1729654074 * X5)) - ((((0.1675220430 * X4) + ((-0.4622338712) * X2)) - (0.1489817798 * X3)) - (0.1624785960 * X9))) - (exp((((0.0820873380 * X1) + (0.0233136360 * X7)) - (((-0.2630084455) * X2) - ((-0.0922500640) * X3)))) + (exp((((-0.3232747912) * X1) - ((-0.0539111942) * X3))) + (((-2.3111257553) + (0.1704251319 * X8)) - ((-0.0341067240) * X1)))))))))
feynman_test_1,OperonRegressor,ok,7.0,0.9976367394230728,0.467119324218382,92.0,92.0,57.2,,(0.0000770402 + (1.0000364780 * ((((0.3540307879 * X7) - (exp((exp(exp(((-0.1964586526) * X6))) + (((0.3219335973 * X3) + (0.4063268602 * X5)) + (0.1133697331 * X2)))) + (0.8934035301 * X5))) * (((exp((((0.3976700008 * X4) - ((-0.1513711810) * X1)) + ((-1.7679420710) * X7))) + (0.1406493783 * X1)) + ((1.0566579103 * X4) + 2.4202663898)) * ((exp(exp(((-0.0584026873) * X5))) - ((-0.7170606852) * X2)) * ((exp(((-0.0123833045) * X3)) + ((0.0122525077 * X3) + (0.0002320985 * X7))) - ((((-0.0000991390) * X6) - ((-0.0004226508) * X1)) - (-1.0013254881)))))) + ((0.0079036690 * X2) + (-0.5661805868)))))
feynman_test_10,OperonRegressor,ok,3.0,0.9999828540916066,0.0021505636765975,96.0,96.0,52.0,,(0.0000028447 + (0.9999997020 * (((((((2.1512587070 * X2) - (0.8693045378 * X1)) + exp((((-0.4756974578) * X3) - ((-0.5374137759) * X2)))) * ((((-0.0095883459) * X1) + sin((((-0.2641755641) * X3) - (0.0121641746 * X2)))) - (((-0.2058221549) * X3) - (0.0150892287 * X2)))) * (exp((((-0.0905364528) * X1) - ((0.0638058335 * X2) - sin((0.3129127324 * X1))))) + (((-0.3461715579) * X1) + (0.1473233104 * X2)))) - (((-1.2594496012) * X3) - log(0.4672884345))) - ((((-0.0913525447) * X2) - ((-0.0383878201) * X1)) + sin(((0.3140137494 * X3) - exp((((-0.2208112776) * X3) - (((-0.1912892759) * X2) - ((-0.0621407256) * X1))))))))))
feynman_test_11,OperonRegressor,ok,4.0,0.9986890781506674,0.0499272269115037,98.0,98.0,54.4,,((-0.0000000837) + (1.0000073910 * ((((((0.1414996684 * X1) + (0.1965494603 * X4)) - ((0.0740397051 * X3) - 1.0164391994)) - ((-0.0581423491) * X2)) - ((exp((((0.1044058427 * X2) + (0.0676322505 * X1)) - ((-0.1903771460) * X4))) + (((0.3779951930 * X3) + ((-3.0212252140) * X4)) * ((0.0026480961 * X2) + (0.0094532054 * X1)))) + (((((-0.9044913650) * X3) + ((-3.0212252140) * X4)) * ((-0.0680468231) * X3)) / exp(exp(((((-0.0963980481) * X3) + ((-0.2885592878) * X4)) + ((0.0489446744 * X2) + ((-0.1411183774) * X1)))))))) * (((((-0.4358280897) * X2) + (0.3545915186 * X1)) - (1.3173983097 * X4)) - ((1.6290911436 * X3) - 7.5557737350)))))
feynman_test_12,OperonRegressor,ok,5.0,0.9999910455771572,0.0474503296670869,90.0,90.0,53.7,,((-0.0000006632) + (0.9999932647 * (((exp(((exp(exp(((-0.1727482527) * X2))) - ((0.0901888013 * X2) + ((-0.1445043087) * X4))) + exp(((0.0205134135 * X4) + (((-0.0030963442) * X2) + (0.0336024649 * X1)))))) * ((-0.4739084244) - (0.1880170256 * X3))) - ((0.0015041134 * X2) + (0.0011281105 * X1))) - (((exp(((exp(((-0.4430021048) * X2)) - ((-0.0000156999) * X5)) + ((0.1631366014 * X4) + ((0.0629769266 * X2) + (0.0469711572 * X1))))) * ((-10.8171148300) - (4.2926673889 * X3))) / exp(exp(((0.0002821890 * X4) + ((0.1059025973 * X2) - exp(((-0.3897619545) * X2))))))) - (-1.0729699135)))))
feynman_test_13,OperonRegressor,ok,5.0,0.9845427401484026,0.0022513135825925,92.0,97.0,61.9,,(0.0000109479 + (0.9999240041 * (((((0.4571120739 * X1) - (0.0073194448 * X2)) + 0.4898481667) - (((((-0.4234208763) * X4) ^ 2) ^ 2) + exp(((0.2491887659 * X1) - ((-0.1714595258) * X5))))) + (((((((0.3714772761 * X2) + (0.0320131406 * X4)) + (((-0.0558262281) * X5) + ((-0.0144234020) * X3))) + cos((0.5229858756 * X4))) ^ 2) - ((exp(((0.0556100123 * X1) - (0.5147325397 * X5))) + ((0.0435587578 * X2) + (((0.1388571709 * X1) - ((-0.3136309981) * X5)) + (((-0.3313787282) * X4) ^ 2)))) + ((-0.8564736843) + (exp(((0.5296179056 * X2) + ((-0.0873322785) * X5))) - (0.1305533051 * X3))))) ^ 2))))
feynman_test_14,OperonRegressor,ok,5.0,0.9928564095583376,1.1270197947875151,90.0,90.0,57.8,,((-0.0204916932) + (1.0004202127 * (((((((((-0.0045308019) * X4) - (0.0028268695 * X5)) + ((0.0003605151 * X1) + 0.0040591699)) + (0.0063223024 * X3)) * cos((1.7024917603 * X2))) * (((14.2481584549 * X5) - ((-1.6964300871) * X3)) + (((9.5167837143 * X1) + 23.5178623199) + exp((((0.3956212699 * X4) + (-4.8551106453)) + ((-4.0655722618) * X3)))))) - (((-0.0102133909) * X5) * ((((5.3148193359 * X5) - (((-5.0869393349) * X4) + 3.0060069561)) - (7.8743858337 * X3)) * cos((1.7363761663 * X2))))) * exp(exp((((0.0559250936 * X5) - (((-0.2335996926) * X4) + (-0.2397039682))) + ((-0.2448435724) * X3)))))))
feynman_test_15,OperonRegressor,ok,4.0,0.9983835798333164,0.0563857253771096,92.0,92.0,69.6,,(0.0005287632 + (0.9999963641 * (((((0.1807964295 + (0.0121878628 * X4)) * (((-13.8577747345) + (8.6144800186 * X4)) + ((-3.3243680000) * X3))) - ((1.5027102232 * X4) - cos((((0.2143791318 + (0.1816194803 * X1)) - (((-0.0544230938) * X4) + (0.1082647145 * X2))) - cos(((-1.4780360460) * X4)))))) * (((((-0.0350623392) * X2) - 0.1237470657) / ((-0.5506063104) + ((-0.2040410489) * X1))) * ((((-0.1072189137) * X4) + (0.0171274040 * X2)) - (cos(((-1.9992207289) * X4)) + (0.0179396346 * X3))))) + (((0.0039731422 * X4) + (0.9024867415 * X3)) + (((0.0014180316 * X1) / ((-1.6284241676) * X4)) + (0.0105830599 * X1))))))
feynman_test_16,OperonRegressor,ok,6.0,0.9977280707123718,1.163946738323172,98.0,98.0,65.9,,(0.0001853610 + (1.0008778572 * ((((exp((exp((0.0067841620 * X3)) + ((0.3866432011 * X2) + (0.1617678106 * X1)))) - (((-0.0682416335) * X4) - (-2.9167900085))) + ((((-0.2975312471) * X1) + ((-0.0767950639) * X6)) + ((-0.2780778408) * X5))) - (exp((((0.0805789977 * X5) + ((-0.3346236348) * X1)) + (0.4812783599 * X2))) + ((-0.0235306993) * X3))) + (((exp((((0.2550661862 * X5) + ((-0.2797097564) * X1)) + (0.2470214218 * X2))) + (((-0.1036030501) * X2) + ((-0.0687501803) * X3))) - ((((-0.2917692363) * X5) + ((-0.1179372668) * X1)) + ((-0.2076638043) * X6))) / exp(((((-0.0415558405) * X2) + (0.0309250057 * X3)) + ((-0.2244959623) * X4)))))))
feynman_test_17,OperonRegressor,ok,6.0,0.9998126418611204,19.509164641417616,88.0,88.0,66.8,,((-0.0000007993) + (0.9999989867 * (exp((((cos((((0.6686428785 * X5) - ((-0.0499776490) * X4)) - ((-0.4892054200) - ((-0.0222170092) * X6)))) - (0.0398443937 * X6)) - (exp(((-0.5282098055) * X2)) - (0.0032937112 * X3))) + ((((1.3534544706 * X5) - ((((-0.2159528881) * X2) - ((-0.0671144128) * X4)) + ((-0.2265442759) * X1))) - ((exp(((-1.0334186554) * X1)) - 2.4207425117) * 0.1264147609)) - (exp(((-0.3252562284) * X6)) - exp((((-1.5281854868) - ((-0.0676048845) * X6)) - (0.7882987857 * X4))))))) + ((((-0.1132401824) * X5) + ((-0.0051933918) * X6)) - (exp(((-0.1060145274) * X5)) - 0.2384733409)))))
feynman_test_18,OperonRegressor,ok,5.0,0.999775680489032,0.011767592262508,88.0,88.0,73.9,,(0.0000189366 + (0.9999890327 * (exp(((((exp(((-0.6625502110) * X3)) + (0.0130941775 * X5)) - (0.1486446708 * X3)) + ((exp(((0.1777799278 * X5) - ((-0.0442661606) * X1))) - (4.7310152054 + exp(((-0.5785862803) * X5)))) + (exp(exp(((-0.1752672642) * X1))) - ((-0.0562473126) * X1)))) - exp(((-0.3734582067) * X2)))) + (((((-0.0848786458) * X1) - ((-0.0077378303) * X4)) - exp(((-0.0988468677) * X1))) - (exp((exp((((-1.1153819561) * X1) - 2.4125747681)) - (((0.2583142221 * X1) + ((-0.2397663444) * X4)) + exp((((-0.0068778163) * X1) + ((-0.4664346576) * X4)))))) * (-1.1484102011))))))
feynman_test_19,OperonRegressor,ok,6.0,0.9839523867178792,2.5683634218921467,92.0,92.0,69.3,,(0.0000706513 + (1.0003255606 * (((-0.5644815564) - ((0.0192686319 * X6) + (0.0225179419 * X1))) + ((exp(((sin((0.0138292136 * X2)) - ((-0.1257049143) * X4)) + ((-0.7130333781) * X1))) - (exp(((exp(((-0.2616771162) * X6)) - ((0.0173307471 * X5) + (0.3582174480 * X1))) + (0.2221094817 * X6))) - (2.1080636978 + ((-0.3848254681) * X1)))) * (((sin(((-0.1195770875) * X2)) - (((-0.4677078128) * X5) - (0.4570525587 * X4))) + (cos((((-0.3505157828) * X4) - ((-0.3749470413) * X5))) + (exp(((-0.6702108383) * X3)) - exp((((-0.1353808939) * X4) - (0.8243036270 * X3)))))) / exp(((-0.6317726374) * X6)))))))
feynman_test_2,OperonRegressor,ok,6.0,0.9973687447128452,0.068219252071064,82.0,82.0,71.4,,((-0.0000000314) + (((((0.0359430276 * X4) - (cos(((((-1.7617886066) * X6) + (1.8019697666 * X5)) + ((0.0371835567 * X3) + (-0.1307208389)))) + 0.2829025984)) * (((-0.0840177685) * X4) + (((-0.6159629226) - (0.0854635164 * X1)) * exp(((-0.2179618925) * X3))))) + (-0.6622481942)) + ((1.8575313091 - ((-0.5608727336) * X2)) * (((cos((((-1.7179747820) * X6) + (1.7643995285 * X5))) + (0.5932314396 + exp((0.3119712770 * X3)))) * (exp(((-1.3893957138) * X3)) + (((-0.2754844725) * X3) + (0.9586731195 - ((-0.0796741396) * X2))))) * (0.0661366880 - ((-0.0185304154) * X1))))))
feynman_test_20,OperonRegressor,ok,7.0,0.8533298703677437,1.3646725653887122,88.0,89.0,62.0,,((-0.0000474708) + (0.9997580647 * (exp((((0.5449510217 * X1) ^ 2) + (((-3.5051627159) + ((((-1.5613449812) * X1) - (0.6036845446 * X5)) + exp(((-0.5989387035) * X6)))) + ((sin(((-3.4058043957) + ((-0.7714811563) * X4))) + sin((0.6070189476 * X1))) + (((0.6079691648 * X3) + (0.1219050214 * X2)) - exp(((-0.6941011548) * X2))))))) + (((-0.3203044534) + (0.0115542430 * X1)) + exp((exp(((0.3706739247 * X1) - (1.5138461590 * X5))) + (((exp(((-0.9582024813) * X6)) + ((1.3116362095 * X3) + (1.9990826845 * X2))) + (2.8732166290 * X4)) - (20.1726551056 + (7.7776980400 * X1)))))))))
feynman_test_3,OperonRegressor,ok,4.0,0.9998964903011496,0.0200561129749855,94.0,94.0,74.5,,((-0.0000803710) + (1.0000067949 * (((((((0.0437018611 * X4) + ((-0.0812654793) * X3)) * ((((-10.3416643143) * X4) + ((0.2317811996 * X2) + 1.4562824965)) + sin((1.8229030371 * X4)))) + (cos(((-1.0327142477) * X3)) + ((0.0272752121 * X4) + ((-0.1187874079) * X2)))) * (((2.1215109825 * X2) - ((cos(((-0.0891023129) * X3)) - ((0.0011153575 * X2) - ((-0.0119407205) * X1))) * (((0.0062495037 * X4) + (2.0629358292 * X2)) - (-4.7954502106)))) - (-4.9670519829))) - (((((-0.5003062487) * X2) - ((-15.5797605515) * X1)) * ((((-0.0001626879) * X4) + (0.0129854446 * X2)) - (-0.0421188772))) + ((-0.0093486402) * X4))) + ((-0.7087780237) * X2))))
feynman_test_4,OperonRegressor,ok,5.0,0.9998713371530468,0.0060214178788108,94.0,94.0,64.1,,(0.0000015831 + (0.9999952912 * ((((((-1.0231601000) + exp(((0.1012015492 * X5) - (0.1160750613 * X1)))) + ((-0.3497244418) * X1)) + (0.2582118809 * X2)) - (exp(((((-3.4429132938) + (((-1.3587188721) * X5) - ((-0.4423107803) * X4))) + sin((0.5999648571 * X5))) + exp((((-0.0397632234) * X2) + ((-0.4072658122) * X1))))) - exp((((-0.0356782712) * X5) - (0.6800975800 * X1))))) - ((exp(((((0.0845325291 * X3) - (0.1846406758 * X2)) + (((-0.0177849364) * X5) + (0.0283150822 * X4))) + ((-0.3437030017) * X1))) - (sin(((-0.2404830307) * X4)) - (0.1163593158 * X3))) - (((-0.1003679484) * X5) - ((-0.2469975054) * X4))))))
feynman_test_5,OperonRegressor,ok,4.0,0.99997277225628,0.0168835946985561,86.0,87.0,64.6,,((-0.0000027420) + (1.0000002384 * ((((((exp((0.3539220691 * X2)) - (exp((0.2939952612 * X2)) + ((-0.1434675157) * X1))) + ((-0.4332472980) * X2)) ^ 2) - (cos((exp(((-0.4113655388) * X2)) - (2.8575754166 + ((-0.1867601722) * X1)))) - ((cos((2.7857522964 + (0.2638276815 * X1))) - (0.1095993668 + ((-0.8962257504) * X1))) + ((-0.5839704871) * X2)))) - ((-0.0007150637) * X4)) + exp(((((exp(((-0.2346726209) * X2)) - (2.3095567226 + ((0.2293148935 * X3) - (0.0902315006 * X2)))) - cos((3.7551755905 + (0.4269672036 * X1)))) - ((-0.7161887288) * X1)) + ((-0.2272391021) * X4))))))
feynman_test_6,OperonRegressor,ok,7.0,0.9822169589378064,0.0481069748557113,92.0,93.0,72.0,,((-0.0000000095) + (1.0000021458 * (((exp((((((0.1924071163 * X7) + ((-0.9277178645) * X6)) + ((0.4067366719 * X1) + ((-0.3098142147) * X5))) + ((((-0.2955734730) * X6) - ((-0.2022452950) * X4)) ^ 2)) - ((0.2134487331 * X3) - ((-0.5725394487) * X4)))) * (cos((0.0844052210 * X1)) + ((0.0749081075 * X2) - 0.8051159382))) + (((0.0451198854 * X6) - ((-0.0333542898) * X4)) + exp(exp(((((0.4311765432 * X7) + ((-2.6770682335) * X6)) * ((0.2120332867 * X3) - (-0.5189451575))) + (((0.5684658289 * X2) - (0.8695611954 * X4)) - ((3.0967483521 * X5) - (-7.2786483765)))))))) - ((0.0123725878 * X2) - (-1.5243967772)))))
feynman_test_7,OperonRegressor,ok,5.0,0.9998888758263,0.0152768961539988,92.0,92.0,67.6,,(0.0000153945 + (1.0000422001 * (((cos(((0.1897655725 * X2) + ((-0.3720938861) * X1))) - ((-0.5374630690) * X2)) - ((-0.7992358804) * X1)) + (exp((exp(((-0.5136363506) * X5)) + (cos((0.5381837487 + ((-0.3004332483) * X1))) - (0.2946614623 * X2)))) * ((((((0.0226226170 * X4) + ((-0.1194119751) * X1)) + (0.3549419045 * X2)) - ((-0.8664289713) + (((-0.5500110388) * X5) + ((-0.0106842360) * X3)))) + (3.7046813965 * (sin((((-0.0965017527) * X2) + (0.0176026430 * X1))) + sin((((-0.1654520482) * X5) + (0.0041128355 * X1)))))) - exp((((0.0261965860 * X4) - (0.0432607159 * X1)) + (0.0127164247 * X3))))))))
feynman_test_8,OperonRegressor,ok,4.0,0.9996491218662164,0.0091961361991911,93.0,93.0,70.6,,((-0.0000008356) + (0.9999906421 * ((((((0.0244729854 * X2) - (0.0236579776 * X3)) + ((((0.1379989237 * X2) - ((-0.0700052530) * X3)) - (0.1975554675 * X4)) * exp(((((-0.3519686162) * X2) - (0.4993239641 * X3)) - ((-0.3205505610) * X1))))) * (exp(((-0.1632480472) * X4)) - ((-0.3867615163) * X3))) - (exp((cos(((-0.0685511604) * X4)) - (0.2372736484 * X3))) - 1.8964178562)) + ((((exp((0.0969956368 * X4)) + exp(((((-0.1947233379) * X4) - (0.1315095574 * X3)) + ((-0.0584514886) * X1)))) - exp(((-0.3221738338) * X3))) + (0.0710306540 * X2)) * (exp(((-0.4145092666) * X3)) - ((-0.7757120132) * X1))))))
feynman_test_9,OperonRegressor,ok,5.0,0.996204258913115,258.81202926010275,88.0,89.0,70.2,,((-0.0000000213) + (0.9999998212 * (((((0.8530452847 * X4) + exp(((0.0979864597 * X2) + exp((0.2435962260 * X5))))) * ((((exp(((-0.5014954805) * X4)) - (((-0.5282288790) * X5) + 4.2690038681)) - (1.8765484095 * X3)) * exp((((-1.1733623743) * X5) + (0.4213357866 * X4)))) * (-0.0004087954))) * (((((exp(((-0.6861503124) * X1)) + ((-0.6882350445) * X2)) - exp((1.1178905964 * X5))) - 5.4774527550) + (((((-1.7837678194) * X2) + (0.5860266685 * X1)) - exp(((-1.2359087467) * X2))) - (2.7892949581 * X3))) * (exp((((-0.5850686431) * X2) + (0.3407630622 * X1))) ^ 2))) + 0.2488921732)))
first_principles_absorption,OperonRegressor,ok,1.0,0.1369228676635941,1.2301042574056902,37.0,37.0,14.9,,(0.0000014067 + (0.9999993443 * ((((sin(((-16.2331867218) * X1)) - (0.2232578993 * X1)) + ((sin((16.2329292297 * X1)) + 0.0166081954) + sin((0.2826426625 * X1)))) * ((sin((17.2958831787 * X1)) + ((-3.0639457703) * X1)) - (-27.1126766205))) + (-0.1705924869))))
first_principles_bode,OperonRegressor,ok,1.0,0.9985786288750844,0.0844504100426808,26.0,27.0,12.5,,((-0.0000033577) + (0.9999980927 * (exp(((sin(((127.2971954346 * X1) + (-58.1494293213))) ^ 2) - (173.1012573242 - (383.1193542480 * X1)))) - exp(((-1.2962512970) + exp(((-0.0276236385) * X1)))))))
first_principles_hubble,OperonRegressor,ok,1.0,-174.65739950495654,3306.47576482984,82.0,85.0,35.5,,((-0.0003125010) + (1.0055583715 * ((((sin((1365.7308349609 * X1)) / (-5.1410837173)) - (sin(sin(((-44.3748550415) * X1))) - (-0.6555722356))) + sin((((11.9986619949 * X1) - ((sin((7.5124659538 * X1)) * ((-10.1696844101) * X1)) + 7.5245447159)) * sin(((sin(((-46.7088584900) * X1)) / ((-4.3433465958) * X1)) - ((0.0181239974 * X1) + (-3.2397024632))))))) + ((((7.9762287140 * X1) - (sin((11.7012863159 * X1)) + (-12.2642669678))) * (((sin(((-45.5713577271) * X1)) ^ 2) ^ 2) * ((sin((4.2426648140 * X1)) ^ 2) - (0.0899656639 * X1)))) - ((-1.0086581707) * X1)))))
first_principles_ideal_gas,OperonRegressor,ok,3.0,-8.919428995330064,5.312251626626137,82.0,85.0,43.1,,(0.0000003732 + (1.0000004768 * (((exp(((-0.5252099037) * X1)) - (sqrt(((0.0105585316 * X2) ^ 2)) - (-2.7618825436))) + exp((0.5409794450 * X1))) - ((((((-0.0644506589) * X1) - (sqrt(((0.0307954494 * X1) ^ 2)) - (-0.0206471682))) * exp(((-1.0882766247) * X1))) - exp(((exp((0.3680140674 * X1)) + ((-1.5709775686) * X3)) - 5.2779417038))) * ((sqrt(((2.6746091843 * X1) ^ 2)) - ((exp(exp((0.5658577085 * X1))) - (exp(((-1.6055698395) * X1)) + (7.3064589500 * X3))) + (exp((2.3415622711 * X3)) - 20.7386932373))) + (3.1629714966 * X2))))))
first_principles_kepler,OperonRegressor,ok,1.0,0.8746418910708841,24.240681674697445,16.0,16.0,6.3,,(0.0000000596 + (1.0000001192 * (cos(((-2.6002497673) + (0.7196238041 * X1))) + ((0.5730314255 * X1) + 0.6661342978))))
first_principles_leavitt,OperonRegressor,ok,1.0,-0.3397346105626853,1.230165407527572,73.0,73.0,41.7,,((-0.0000034634) + (1.0000181198 * (((cos((sin(((-39.9019699097) * X1)) / exp((0.0728807449 - (0.4540966451 * X1))))) + ((-0.6712009907) * X1)) + (-0.8258807659)) + (((((-0.2130202502) - sin(((-0.0122107202) * X1))) * cos(((90.0349884033 + ((-22.3165016174) * X1)) + (1.5052131414 * X1)))) + cos((1.5578484535 * X1))) * (0.2773557901 - ((cos((16.3420791626 * X1)) + ((-0.3859311044) * X1)) * ((cos(((7.5739293098 * X1) + 0.2762148976)) + ((-2.5872192383) * X1)) * (0.1333325505 + ((-0.2439268380) * X1)))))))))
first_principles_newton,OperonRegressor,ok,3.0,-2.0067638497599827,20.197984667192628,82.0,84.0,41.6,,((-0.0002886389) + (1.0019208193 * (sin((((exp(((-0.5807343721) * X1)) - ((-3.8559248447) * X1)) - (cos(((4.6649808884 * X2) ^ 2)) + sin(((4.6843380928 * X2) ^ 2)))) + (8.3504972458 * X3))) + (cos(sin((cos((((-182.1429595947) * X1) + (8.5895214081 * X1))) + (exp(((-2.7265357971) * X1)) - (exp(((-0.4733778536) * X1)) - ((0.4045009911 * X2) - (-3.6074631214))))))) + (exp((0.3462852240 * X1)) + (cos(((-0.7575888038) + sin((((-28.7979755402) * X1) * (-18.4233913422))))) + (exp(((-1.3567231894) * X1)) - (((-0.5100393891) * X2) - (-4.3038010597)))))))))
first_principles_planck,OperonRegressor,ok,2.0,0.9973633020937626,14.9102127308176,84.0,84.0,64.5,,(0.0002591004 + (1.0003550053 * ((((((((0.2169572711 * X1) - (-111.1850891113)) - ((0.4320229590 * X1) - ((-111.1893234253) + (0.2170039117 * X1)))) * ((-111.4541625977) + exp(((-7.2182202339) * X2)))) - (((exp(((-8.4348087311) * X2)) - ((-0.1082807183) * X1)) * ((-0.0032108852) + (((-0.0021794878) * X2) + (0.0011069028 * X1)))) - (-0.5321434140))) * exp(((-1.7523893118) * X2))) - ((((-0.0002604289) * X2) - (0.0778106749 * X1)) + (exp(((-88.5049591064) + (0.0068520918 * X2))) * exp(((-267.4069213867) * X1))))) + (((-111.1665420532) - (16.2421131134 * X1)) * ((0.0011829681 * X1) - 0.0027215071)))))
first_principles_rydberg,OperonRegressor,ok,2.0,0.999927942966889,0.0132339976838687,90.0,90.0,46.6,,((-0.0000010697) + (1.0000010729 * ((((((0.7203463316 - (0.1512861550 * X2)) - (((-0.0029835624) * X1) / (1.2119572163 * X2))) - ((-0.2407904565) * X1)) - ((0.0050715338 * X2) * exp(((-1.3405327797) * X2)))) * exp(exp(sin(((-0.6407126188) * X1))))) + (sqrt(exp(((-1.1982744932) * X2))) * (((((((-2.4458489418) - ((-1.1983087063) * X2)) + (((-0.0113374796) * X1) / (1.2120977640 * X2))) - ((-2.4203286171) * X1)) - (((-0.0116404565) * X1) * exp(((-1.4605754614) * X2)))) + ((-2.4940168858) * X2)) + sin((((0.5765252113 * X2) - ((-0.6369208694) - sin(((-0.5762930512) * X1)))) + ((-0.5583159924) * X1))))))))
first_principles_schechter,OperonRegressor,ok,1.0,0.9793870581745128,0.5477951286567218,82.0,86.0,42.4,,(0.0005094203 + (1.0005946159 * ((((((-0.8377343416) * X1) ^ 2) - ((((((-483.7592773438) * X1) - (((-178.5394592285) * X1) - (-0.3829059005))) - ((-304.8303833008) * X1)) * (exp(((-15.0732622147) * X1)) - exp(((-3.4303972721) * X1)))) - ((-1.2735248804) + (((((-13.7087535858) * X1) ^ 2) * ((-0.0011386421) * X1)) + ((((-0.8002673388) * X1) ^ 2) - exp(((-12.2847785950) * X1))))))) + ((exp(((-9.5300741196) * X1)) - exp(((-3.7513439655) * X1))) + exp((((-172.1074829102) * X1) - 83.9655685425)))) + ((((-3.1344273090) * X1) - (-1.7102388144)) + sqrt((((-0.2674003839) * X1) ^ 2))))))
first_principles_supernovae_zg,OperonRegressor,ok,1.0,0.9996729484016842,0.0047210554494381,82.0,82.0,62.6,,(0.0000226408 + (1.0000233650 * ((((((-0.0054174536) * X1) * cos(exp(cos(exp(((-2.9529726505) * X1)))))) * (((-3.0888292789) * X1) + cos(exp(((-2.9259433746) * X1))))) + (((sin((13.2144231796 * X1)) * ((0.0032360882 * X1) + (-0.0041779443))) + 0.6020141244) + ((-0.2435696870) * X1))) * ((((((-1.6948149204) * X1) + (-0.0594155677)) - ((-1.0010617971) * X1)) * ((46.8963966370 * sin(((-0.5670230389) * X1))) + (((22.8403339386 * X1) - (exp(((-0.5000216961) * X1)) + (-1.8041163683))) + exp(sin((1.5142136812 * X1)))))) - cos(exp(((-1.1754001379) * X1)))))))
first_principles_supernovae_zr,OperonRegressor,ok,1.0,0.9992083984718256,0.0068721490194367,74.0,74.0,60.4,,((-0.0000323561) + (1.0000392199 * (((((sin((sin(((-2.9192352295) * X1)) + 0.2493292838)) + ((-0.0761504993) + (0.3735305965 * X1))) / exp((1.5187968016 * X1))) + (-2.8323378563)) * (((sin(((-1.3125160933) * X1)) / 0.5997391939) - sin((1.4438872337 + sin(sin(((-1.8859602213) * X1)))))) * ((-0.2669910192) + (0.0389071032 * X1)))) - sin(sin((sin(((-0.9015280008) + sin(((-1.6986513138) * X1)))) + ((((-0.0015778892) * X1) / sin(((-2.7364532948) + (0.5174645782 * X1)))) + cos(((-1.9042896032) + (0.6375313401 * X1))))))))))
first_principles_tully_fisher,OperonRegressor,ok,1.0,0.6664217523097924,0.5369536751316848,63.0,70.0,18.0,,((-0.0000057359) + (1.0000234842 * ((((cos(((exp(sin((2.3423013687 * X1))) - (61.1195487976 + ((-22.2929344177) * X1))) * sqrt(((-12.0291318893) ^ 2)))) ^ 2) - sqrt((sin(((-0.2081032693) * X1)) ^ 2))) - ((0.9747061133 * X1) - (((0.5231242180 * X1) ^ 2) ^ 2))) + ((((-3.0134685040) * X1) - ((sin(((-5.3470864296) * X1)) ^ 2) - (3.0010755062 + sqrt((sin(((-0.4362109601) * X1)) ^ 2))))) / ((6.7876701355 * X1) - 6.7963900566)))))
nikuradse_1,OperonRegressor,ok,2.0,0.998250786292178,0.003871830050283,84.0,84.0,48.4,,((-0.0000193695) + (1.0000988245 * ((((((-0.0020989480) * X1) - (0.0764228553 * X2)) - (-0.2648488283)) * ((((sin(((5.8142757416 * X2) - 1.5929814577)) + (-13.8178663254)) / ((exp((0.7480357289 * X1)) * ((-14.9994840622) * X1)) - 12.8747644424)) + (((-2.1115050316) * X1) - (0.6875786781 * X2))) + sin((((-0.4736669958) * X2) - ((exp((0.8598865271 * X2)) - exp(((-0.7104393840) * X2))) + (exp(((-1.0420477390) * X1)) - (-1.2161183357))))))) + sin((((-0.8601215482) * X2) - ((exp((2.7619626522 * X1)) - 6.0373053551) + (exp(((-0.0538022257) * X2)) * ((-2.8303844929) * X1))))))))
nikuradse_2,OperonRegressor,ok,1.0,0.9744803407259098,0.0384329833784247,86.0,88.0,50.2,,((-0.0001223698) + (0.9999987483 * ((((((-0.0276904982) - (0.0073605878 * X1)) * ((27.2204113007 * X1) + ((cos((32.5188217163 * X1)) + cos((87.5691986084 * X1))) - sin((8.7364187241 * X1))))) + (1.6683859825 - cos(((-0.8152548075) * X1)))) + ((((0.0784707442 - ((0.0020139648 * X1) / sin((8.4693613052 * X1)))) - (0.1119348481 * X1)) * ((sin((7.4643430710 * X1)) ^ 2) ^ 2)) - (sin(((-21.6552314758) * X1)) * (0.0672181249 * X1)))) * ((0.3090860546 - ((-0.3679465652) * X1)) + (cos(((-1.5510941744) * X1)) + (sin(((-19.7257957458) * X1)) * (0.0507924333 * X1)))))))
solar_flare,OperonRegressor,ok,10.0,-3.606727734525117,2.0782848514798813,92.0,93.0,47.8,,((-0.0997883976) + (1.0204848051 * ((((sin(((exp(((-2.6119844913) * X3)) - ((0.2415074557 * X6) - (0.9521610737 * X9))) + (((-1.0104347467) * X4) + 1.3925175667))) - exp(cos((4.6691665649 * X1)))) * 2.5948598385) - ((((((-5.4694204330) * X7) + (0.9431818724 * X2)) * cos((6.7656116486 * X1))) - exp(((-1.8859535456) * X3))) + ((3.6015205383 * X1) + ((((-0.2206781805) * X4) + ((-0.2233417481) * X2)) * ((3.6387495995 * X7) + ((-0.1163976714) * X2)))))) * ((exp(((-0.2314233035) * X6)) - (exp((0.3440397978 * X2)) ^ 2)) - ((((-0.0777652040) * X7) + ((-0.5662752390) * X2)) + ((-0.0834981352) * X5))))))
strogatz_bacres1,OperonRegressor,ok,2.0,0.9999997745029934,0.0007415938450817,92.0,93.0,50.4,,((-0.0000055728) + (1.0000357628 * ((((exp((((0.1028736830 * X2) - ((-0.0834041387) * X2)) + (0.1598709077 * X1))) - sin(((0.4552117884 * X1) + ((-0.0375981741) * X1)))) - exp((((-1.0348093510) * X1) + (-3.0898911953)))) + ((((0.1781132817 * X1) + ((-0.4441984594) * X1)) + (-0.9287884235)) + ((((0.7201194167 * X2) - ((((-0.6217560768) * X1) + (0.2930193543 * X2)) + ((1.9862743616 * X1) + ((-0.0526699089) * X2)))) + (exp((((-0.7897997499) * X1) + (-0.6553293467))) + ((-0.5368293524) * X1))) * (((((-0.1432587355) + ((-0.0792956427) * X1)) + ((-0.0510665104) * X2)) ^ 2) + ((-0.0481257513) * X2))))) - (0.9016417265 * X2))))
strogatz_bacres2,OperonRegressor,ok,2.0,0.9999987239596168,0.0023102907122036,95.0,95.0,56.1,,(0.0000003479 + (1.0000003576 * ((((((((0.6126289964 * X1) + ((-0.1003345177) * X2)) * exp(((-0.6553559899) * X1))) + (((0.3316729963 * X1) + ((-0.3474827409) * X2)) * exp(((-0.2186311036) * X1)))) - ((((-0.1701277345) * X1) + 0.9528872967) + (((-0.2180311084) * X1) + (0.4414310157 * X2)))) + exp(((-0.8869516253) * X1))) - (((((-0.0006588861) * X1) + ((-0.0051944451) * X2)) * ((-2.8279268742) * X1)) * ((-2.0184910297) * X1))) - (sin(sin((((((-0.2544540465) * X1) + (0.1232184917 * X2)) * exp(((-0.2334131449) * X1))) + ((-0.3271153569) * X2)))) * (((0.0258894917 * X1) + (0.0149903689 * X2)) * ((-3.0408413410) * X1))))))
strogatz_barmag1,OperonRegressor,ok,2.0,0.99999915601678,0.0001640314733117,88.0,88.0,47.3,,(0.0000047191 + (0.9999946356 * (((((cos((2.0848143101 * X1)) + exp((3.4448666573 * X1))) * (0.0086127836 * X1)) - (((0.0089039803 * X1) * (5.3536314964 * X1)) + ((cos((6.3961563110 * X2)) * (0.0293317698 * X1)) + (((-0.0136563638) / ((-0.1469569057) * X2)) + ((((-0.0073399222) * X1) + 0.2480500787) * sin(((-2.9034311771) * X2))))))) - ((0.0113067729 * X1) + (-1.4999010563))) * ((0.9893438220 + ((cos((2.8475894928 * X2)) + ((((-0.6494584084) * X1) + (-0.7109188437)) * sin(((-2.8636825085) * X2)))) + (cos((6.2551994324 * X2)) * (0.0608148426 * X1)))) - (0.6236343384 * X1)))))
strogatz_barmag2,OperonRegressor,ok,2.0,0.999999935255362,6.412160121836092e-05,85.0,85.0,50.3,,(0.0000000064 + (0.9999998212 * (sin((3.1139342785 * X2)) + (((((-0.8380739093) * X1) + (0.8468956351 - (((0.9998015761 * X1) + sin(((-0.8928130865) * X1))) * (cos((2.0067822933 * X2)) + (0.3123973012 * X1))))) * (((((0.1561179757 * X1) * sin((2.1451323032 * X2))) + (((-0.5769224763) / (3.7303094864 * X2)) + sin((3.3996260166 * X2)))) - ((-0.9818434715) * X2)) + (0.1001953408 * X1))) + (((((0.7889423966 * X1) + sin((3.8008408546 * X2))) * (((0.6345394850 * X1) + 1.6817541122) / (6.8365607262 * X2))) - (0.2303689569 * X1)) + 0.3189020455)))))
strogatz_glider1,OperonRegressor,ok,2.0,0.9999998092592768,0.0003299629745842,82.0,83.0,48.5,,((-0.0000186024) + (1.0000083447 * (((((cos((((-0.5660634041) + ((-3.0972619057) * X1)) * ((-3.7321574688) * X1))) * ((-0.0003760282) * X1)) + 0.1526837051) - (cos(((-1.6959905624) + (7.5092015266 * X2))) + (((0.0001373679 + ((-0.0232297182) * X1)) * ((-3.7321574688) * X1)) - ((-0.2992665172) * X1)))) + (((0.0158475824 + ((-0.0116999801) * X1)) + (((((0.0780450702 * X2) + (0.0354177468 * X1)) * ((-3.7536132336) + (7.5093388557 * X2))) - cos(((-7.1819009781) + (9.2691679001 * X2)))) * ((-0.0185527746) + ((-0.0125091923) * X1)))) ^ 2)) + cos(((-28.1852684021) + (7.5096836090 * X2))))))
strogatz_glider2,OperonRegressor,ok,2.0,0.9977139764943648,0.0392550306873541,81.0,81.0,49.9,,((-0.0000010462) + (0.9999970198 * (((exp((((-10.0321722031) * X1) + (-14.7697658539))) - (((-0.1050013006) * X1) + 0.2528484464)) * (sin((((2.1153903008 * X1) - ((-2.5381410122) * X2)) - (-1.1313730478))) + (exp((((-1.4562302828) * X1) + (-1.3271267414))) - (((-1.7491025925) * X1) - (0.5570353866 * X2))))) + ((-0.8247988224) + (((1.1135840416 * X1) - ((-0.1504427344) * X2)) + exp((sin((((2.2926623821 * X1) - ((-2.4805684090) * X2)) - (-0.3125295043))) + (exp((((-2.8527925014) * X1) + (-3.2864644527))) - ((((-0.1415635943) * X1) * ((-0.5012871623) * X2)) - (-0.8091155291))))))))))
strogatz_lv1,OperonRegressor,ok,2.0,0.9999998398171608,5.544948497315298e-05,91.0,91.0,38.6,,(0.0000000056 + (0.9999998808 * (((((((0.4169620275 / (2.3736457825 * X2)) + cos((1.0410850048 * X2))) + (2.2203309536 * X2)) - (cos((2.5767056942 * X2)) - ((-0.4021144211) * X2))) * ((0.0009174201 * X2) + ((-0.0048505743) * X1))) + ((-0.0012226367) + ((-2.4442925453) * X2))) + (((-6.2792510986) * X1) + ((((((1.5481142998 * X1) + ((-0.0015969132) * X2)) * (((-1.5187935829) * X2) + ((-1.1020855904) * X1))) + (((0.0033163887 + ((-1.2254468203) * X2)) + (0.0011853616 * X1)) / (2.1093666553 * X2))) + (((-2.4711494446) * X1) + ((-2.4879353046) * X2))) - (((-2.4447996616) * X2) - (6.2848525047 * X1)))))))
strogatz_lv2,OperonRegressor,ok,2.0,0.9999995240387984,5.116763880257692e-05,73.0,73.0,37.2,,(0.0000063414 + (0.9999719262 * ((((((-0.0008511784) * X2) * ((cos((12.5167827606 * X2)) / (exp(((-0.3980129361) * X2)) / log(1.3760936260))) + exp(((-1.1340217590) * X1)))) - ((((5.5482273102 * X2) * ((((-1.2965254784) * X2) + (1.5562371016 * X2)) - (((-2.9140622616) * X1) - ((-2.5384094715) * X1)))) - ((0.0007329982 / ((-1.2164539099) * X2)) + (-0.5769431591))) - ((-0.3943678439) * X2))) - (1.9439594746 * X2)) + (((-2.3008885384) * X1) + ((0.0005916274 * X2) / ((-1.0672862530) * X1))))))
strogatz_predprey1,OperonRegressor,ok,2.0,0.9999998094108022,0.0004006668031586,92.0,93.0,49.0,,(0.0000002519 + (0.9999998808 * ((((((((((-0.0144954128) * X1) * ((-1.5521345139) * X1)) + ((-0.0658600405) * X2)) * ((-1.9514099360) * X1)) + (0.1396787018 * X2)) - ((0.0220908020 * X1) * (((((-0.4856652021) * X2) * (5.1010560989 * X1)) - (((-4.5180382729) * X1) + (-5.3754501343))) + exp((0.8676893711 * X1))))) * exp(((-2.6319136620) * X1))) - (((-0.2904996872) * X1) * ((-1.5521345139) * X1))) + ((0.4802912772 * X1) + ((-0.6352475882) - ((((2.2138502598 * X2) * (0.0350570641 * X1)) + (0.4018554688 * X2)) - ((cos(((-0.0182833169) * X2)) + ((-0.2249341309) * X2)) * cos(((0.2978906035 * X1) ^ 2)))))))))
strogatz_predprey2,OperonRegressor,ok,2.0,0.9999999092061316,0.0004761806734976,81.0,81.0,41.9,,(0.0000000517 + (0.9999998808 * ((((((-2.3738529682) - ((0.0430347174 * X1) + ((-2.5588271618) * X2))) + (((-0.3792069256) * X1) + 0.0211731661)) + ((-3.9438631535) * X1)) / ((((0.9874782562 - ((0.0232724696 * X1) + ((-0.0090808300) * X2))) + (1.3941080570 * X1)) * (-1.3418405056)) - 1.5639230013)) - ((((0.8829619884 * X1) + (5.9519958496 * X2)) - 5.2168116570) * (((-0.0222401116) - ((0.0080518033 * X1) + ((-0.0598503463) * X2))) / ((((-0.0744044408) - ((0.0628979951 * X1) + (0.0000661669 * X2))) + (0.0679212734 * X1)) * ((-13.0814142227) - (1.1694017649 * X1))))))))
strogatz_shearflow1,OperonRegressor,ok,2.0,0.9999729174983534,0.002912860885622,92.0,93.0,47.7,,((-0.0001571426) + (0.9997276068 * (((((-0.1954707801) + (((-1.3062250614) * X2) + (0.0236310195 * X1))) * (cos(((-2.0506877899) * X2)) - ((0.8964731693 * X2) + (0.0205861069 * X1)))) - ((1.0189988613 * X2) - (-1.4592739344))) * (((-0.9230471849) + ((1.1070222855 * X2) + (0.2397297621 * X1))) + ((((cos(((-1.7994332314) * X2)) - (((-0.7048984766) * X2) + (0.1292922944 * X1))) + exp((cos(((-3.2821943760) * X2)) - ((0.5986798406 * X2) + ((-0.1404409707) * X1))))) ^ 2) + (exp(((((-0.6356203556) * X2) + (0.0164795816 * X1)) - ((0.9025931954 * X2) + (0.0856421888 * X1)))) - cos(((-1.0394827127) * X2))))))))
strogatz_shearflow2,OperonRegressor,ok,2.0,0.9978093086370676,0.0110926612958277,82.0,82.0,47.7,,((-0.0000003131) + (0.9999893308 * (((sin(sin(sin(sin((((-3.8613266945) * X1) - 0.6748275161))))) / cos(((-0.6085566878) * X2))) - (sin(((-2.9930846691) * X1)) * ((sin(sin(((3.0940790176 * X1) - (-1.2143186331)))) + ((((-1.7846524715) * X2) * ((-0.1536024511) * X1)) - ((((-0.0559879132) * X1) - 1.4649891853) + (0.5753353238 * X2)))) * (((((-0.9306098223) - (0.5570660830 * X2)) * (1.1158094406 * X2)) - ((2.4560689926 * X1) - 0.6366174817)) - sin(((2.7800612450 * X1) - 1.9184523821)))))) - (((1.0930184126 * X1) - (-0.7130092978)) + ((-0.1925925612) * X2)))))
strogatz_vdp1,OperonRegressor,ok,2.0,0.9999995382468932,0.0004159457487178,88.0,90.0,51.5,,(0.0000017542 + (0.9999976754 * (((((((((-0.5663974881) * X1) + ((-0.3785988390) * X1)) - (((-0.0003249357) * X2) + ((-0.0688247904) * X1))) - (((-1.1850787401) * X1) ^ 2)) * (((0.0002512990 * X2) + (0.0009137025 * X1)) - ((-1.5698730946) + ((-1.7701314688) * X1)))) - ((((-2.5234534740) * X2) + ((-115.0072402954) * X1)) - (1.8047928810 + ((-112.5632781982) * X1)))) * (((-0.0006151006) * sin((((7.9697113037 * X1) - ((0.0392649323 * X2) * 52.3213882446)) - (((-3.6236062050) * X1) ^ 2)))) - ((14.9063596725 * (-0.0608837008)) - ((0.0451131277 * X2) + ((-0.0453119241) * X2))))) - ((0.1263143569 * X2) - 0.1819731593))))
strogatz_vdp2,OperonRegressor,ok,2.0,0.9999989914059744,9.796148439379396e-05,71.0,71.0,35.3,,(0.0000000342 + (1.0000003576 * ((((0.0006440566 * X2) * sin((sin((12.9749212265 - ((-25.6943683624) * X2))) - ((-36.9254264832) * X2)))) - (((sin(sin(((-0.0005758464) * X1))) / ((17.0336303711 - ((-25.3043365479) * X2)) + ((-0.6906946898) * X1))) - ((-0.0004117403) * sin(((exp((((-1.3047882318) * X1) - (2.7986874580 + (2.7832865715 * X1)))) + 11.7153692245) - ((-35.7680740356) * X1))))) + (0.8411148190 - (sin(cos(((-0.0363538638) * X1))) + (0.0001972666 * X2))))) + ((-1.0003591776) * X1))))
