dataset,algorithm,status,n_features,r2,rmse,complexity,complexity_unified,seconds,error,expr
1028_SWD,MRGPRegressor,ok,10.0,-1.523108136863959,1.169843516644432,395.0,131.0,3009.7,,"div(cube(div(X5, cos(X9))), div(mul(mul(sub(log(add(cos(X5), cube(sub(X9, X10)))), mul(log(log(X8)), mul(div(X7, X5), sin(X2)))), mul(mul(add(X6, quart(X3)), mul(quart(X5), add(X8, X4))), div(quart(cos(X7)), square(div(quart(cos(div(sub(div(X2, div(X5, X10)), cos(div(sqrt(X7), cube(X3)))), sqrt(X9)))), X5))))), log(quart(cube(sin(mul(X2, X7)))))), add(X5, sqrt(div(div(add(mul(mul(div(X3, cube(square(sin(X9)))), X7), X2), mul(X5, cos(div(X10, X3)))), mul(log(exp(mul(X3, sqrt(mul(X8, mul(X3, square(mul(exp(add(X10, X4)), mul(X9, X5))))))))), add(X5, sub(mul(X8, X1), cos(X4))))), div(div(quart(X10), X8), square(div(quart(cos(X7)), X3))))))))"
1030_ERA,MRGPRegressor,ok,4.0,0.1946012707520014,1.6607249647177724,272.0,90.0,3022.8,,"sub(cos(div(div(mul(X1, X2), quart(sin(X3))), div(sin(div(X2, quart(quart(sin(div(X2, X1)))))), add(cos(X2), log(X4))))), div(sqrt(sin(sin(sin(X3)))), mul(div(log(exp(square(exp(X1)))), mul(cube(sin(div(X2, X1))), mul(cos(sub(X2, X3)), mul(cube(X4), square(X3))))), div(div(mul(X2, X2), mul(quart(quart(sin(div(X2, quart(log(cos(square(sin(sqrt(div(X1, X3))))))))))), mul(log(mul(exp(X2), X3)), exp(X3)))), div(square(cube(X2)), add(X2, log(X4)))))))"
1089_USCrime,MRGPRegressor,ok,13.0,0.0029532706026633,35.32779703750456,104.0,34.0,3022.6,,"div(sub(mul(mul(X13, X12), cube(X4)), mul(X13, sqrt(X10))), div(mul(div(div(X4, X7), exp(X8)), log(div(sub(X12, X1), square(div(cube(X11), cube(X13)))))), cos(cube(X6))))"
1096_FacultySalaries,MRGPRegressor,ok,4.0,-1.196728289193902,8.221714483061344,110.0,36.0,3023.6,,"sub(cos(div(div(cube(cube(X1)), quart(X2)), div(square(cube(log(sin(X2)))), X3))), div(div(log(log(add(X3, mul(exp(quart(sin(X3))), X2)))), exp(X4)), div(div(X4, X2), exp(X3))))"
1029_LEV,MRGPRegressor,ok,4.0,0.3922151862507705,0.7185916627413272,416.0,138.0,3160.0,,"div(log(exp(square(exp(add(div(X2, X2), sin(sub(div(exp(sin(X4)), div(cos(X2), square(mul(X2, square(cos(X4)))))), div(cube(sqrt(X1)), cos(log(X3)))))))))), mul(cube(sub(cos(cube(sub(log(log(quart(div(cube(X1), X2)))), div(X3, div(div(add(X3, X2), square(X1)), div(sqrt(X4), X4)))))), add(div(X3, div(div(sin(div(log(exp(square(exp(X1)))), mul(X4, mul(cos(sub(div(sqrt(X4), quart(X1)), X3)), mul(cube(mul(div(cos(div(square(log(X3)), X4)), div(div(quart(div(square(sub(X4, X3)), X2)), cos(X2)), exp(square(X1)))), X1)), square(X3)))))), square(X1)), div(sqrt(X4), X4))), X2))), mul(cos(sub(X2, div(mul(quart(X1), sub(add(X2, log(X3)), X1)), mul(X2, X1)))), mul(cube(mul(X4, X1)), square(X3)))))"
1027_ESL,MRGPRegressor,ok,4.0,-0.0754833896310755,1.6194007216487258,449.0,149.0,3173.3,,"div(mul(log(sin(div(X2, X3))), mul(log(X4), log(log(log(div(cube(mul(sub(X4, X1), square(exp(X3)))), mul(log(sub(cos(sub(square(div(X3, X4)), cube(exp(add(square(X3), exp(X4)))))), X1)), log(cos(exp(X2)))))))))), square(exp(div(sqrt(exp(sin(sqrt(X2)))), square(cube(add(sqrt(X4), mul(quart(cube(mul(sqrt(sin(cos(div(X2, X3)))), cos(mul(mul(div(add(sqrt(X1), mul(X4, X1)), div(div(exp(X3), X2), X3)), mul(div(X1, sin(square(mul(div(X1, mul(cube(sqrt(X1)), div(quart(X4), X3))), mul(sin(X2), cube(cos(exp(X2)))))))), X2)), log(log(mul(mul(exp(mul(mul(X2, X4), X1)), sub(cube(square(X3)), quart(X3))), exp(mul(log(div(cube(mul(sub(X4, X3), square(exp(X3)))), mul(sin(X1), log(cos(exp(X2)))))), log(square(div(square(X3), X4))))))))))))), cos(X1)))))))))"
1191_BNG_pbc,MRGPRegressor,ok,18.0,-1.780253089776735,1747.5924677990356,425.0,141.0,3371.6,,"div(mul(cos(sin(mul(mul(X14, X9), quart(X11)))), cube(div(cos(quart(X15)), cos(cube(X9))))), sub(mul(mul(sub(log(X7), X2), cube(div(X8, X17))), log(div(mul(sqrt(X9), X15), mul(sub(log(X7), cos(X5)), cube(mul(mul(sub(log(X7), cos(X5)), cube(div(X8, X17))), log(X1))))))), mul(mul(add(div(X3, X15), cos(div(log(sub(X17, X11)), cos(sub(log(sin(log(sin(mul(X12, X13))))), sub(div(sqrt(square(exp(X13))), sin(div(mul(X17, X13), log(X17)))), add(sub(square(div(X3, X1)), div(sin(mul(log(div(add(X18, log(quart(X9))), sin(add(quart(X18), add(sub(add(quart(mul(X5, X6)), X16), X1), X9))))), sin(cube(mul(log(sin(log(sin(mul(X12, X13))))), exp(sqrt(X9))))))), log(X11))), quart(sin(sin(X5)))))))))), X8), quart(X12))))"
1193_BNG_lowbwt,MRGPRegressor,ok,9.0,-0.8625931910447153,1077.9131568744947,437.0,145.0,3498.4,,"div(cos(add(add(quart(X5), log(X8)), div(mul(sub(quart(sin(cube(sin(X3)))), mul(log(sqrt(sqrt(div(cos(sqrt(cube(X9))), div(quart(X2), log(cube(X7))))))), add(div(mul(X2, div(X7, sub(X3, X1))), div(X7, sub(X2, X1))), quart(square(mul(X1, log(X2))))))), mul(sqrt(X2), sub(X5, X1))), cos(square(sqrt(div(X9, X4))))))), div(mul(cos(div(X9, X8)), sqrt(cube(mul(quart(square(sin(X2))), log(sub(square(sqrt(div(mul(sub(quart(sin(cube(sin(X3)))), mul(log(sqrt(sqrt(div(cos(sqrt(cube(X9))), div(quart(X2), log(cube(quart(sin(cube(sin(X3))))))))))), add(div(mul(X2, div(X7, sub(X2, X1))), sin(log(div(quart(square(sin(X2))), X1)))), quart(X2)))), mul(sqrt(X2), sub(X5, X1))), cos(square(sqrt(div(X9, X4))))))), quart(X9))))))), cos(mul(X2, log(X4)))))"
1196_BNG_pharynx,MRGPRegressor,ok,10.0,-3.0399518305845525,681.1335804426471,422.0,140.0,3188.3,,"mul(div(quart(cos(mul(div(mul(X10, exp(X9)), mul(div(mul(div(div(X7, square(quart(div(cube(X1), mul(square(div(sub(div(X9, X8), cube(X7)), exp(quart(sin(mul(X10, X8)))))), X8))))), X10), square(div(sub(div(add(cube(X9), X6), X8), cube(X7)), X8))), X3), exp(square(X7)))), X5))), cube(square(sub(square(X8), add(X1, X2))))), square(div(sub(mul(X7, cos(div(sin(cos(mul(X10, X8))), mul(div(cos(X1), exp(cos(div(add(exp(mul(quart(cos(X5)), sin(div(log(log(X5)), div(mul(div(sin(X1), X10), div(X9, X8)), mul(div(div(X9, X8), sin(mul(X10, X8))), square(div(sub(div(X9, X8), cube(X7)), exp(quart(X10)))))))))), sqrt(cube(X9))), quart(div(log(X1), X10)))))), exp(square(X7)))))), add(log(X5), sin(square(X4)))), X9)))"
1199_BNG_echoMonths,MRGPRegressor,ok,9.0,-0.8761333279270551,19.38402944241034,449.0,149.0,3418.8,,"sub(log(add(cos(cube(cube(X7))), mul(mul(sin(X4), cube(cube(sin(X2)))), mul(X1, sin(X3))))), mul(mul(add(div(sqrt(X7), quart(square(div(sub(X1, X9), cube(X5))))), sqrt(log(sub(X2, X1)))), log(square(log(X9)))), log(sub(log(add(X8, mul(mul(sin(X4), X8), mul(div(X6, X1), sin(quart(mul(div(log(div(X9, X7)), sin(X1)), square(sin(mul(X5, X8)))))))))), mul(mul(add(div(sqrt(X6), quart(X6)), sin(quart(X3))), log(square(mul(add(div(sqrt(X6), quart(mul(mul(add(div(sqrt(X3), quart(X6)), X9), log(square(log(X8)))), log(quart(cube(sin(X5))))))), sin(quart(sub(mul(log(exp(mul(X8, X9))), add(sqrt(X6), sub(X9, cos(X2)))), mul(exp(mul(cos(X1), cos(X8))), quart(exp(cos(X6)))))))), log(cube(sub(X2, div(X7, sub(X5, X2))))))))), log(quart(cube(sin(X8)))))))))"
1203_BNG_pwLinear,MRGPRegressor,ok,10.0,-0.2211936167748864,4.701985037970213,440.0,146.0,3222.0,,"sub(cos(mul(sub(cos(X4), cube(log(sub(cube(mul(cos(X1), log(quart(X5)))), add(cube(exp(mul(X1, sin(X2)))), X2))))), sub(add(square(X6), X2), cos(sub(cos(mul(sub(square(X2), cube(log(sub(cube(X2), add(cube(exp(X7)), X5))))), sub(quart(X5), cos(add(X10, X5))))), div(div(sqrt(div(quart(quart(exp(sub(sqrt(mul(X5, X1)), X5)))), mul(X1, sub(add(square(X6), add(X3, X2)), cos(X10))))), mul(X1, quart(quart(exp(sub(X8, X5)))))), div(quart(sqrt(mul(X5, X1))), square(sub(sub(X2, cube(div(div(X2, mul(X1, X3)), X4))), exp(X9)))))))))), div(quart(quart(exp(sub(X8, cos(div(quart(sqrt(square(add(quart(X3), add(X3, X2))))), square(sub(sub(X2, X5), exp(X9))))))))), div(quart(sqrt(square(add(square(X6), add(X3, X2))))), square(sub(sub(X2, X5), exp(X9))))))"
1595_poker,MRGPRegressor,ok,10.0,-4.755371638134122,3.12022221373217,416.0,138.0,3059.9,,"sub(div(exp(sin(sub(add(square(exp(exp(mul(log(X5), exp(X4))))), add(X3, X2)), quart(mul(cube(log(mul(X4, square(cube(quart(X1)))))), sqrt(div(square(mul(X6, X8)), exp(exp(sqrt(sub(X9, X7))))))))))), square(div(sin(X4), quart(mul(cube(log(mul(X1, square(X9)))), sqrt(div(square(mul(X4, mul(quart(add(X9, X3)), X7))), cos(div(X10, div(exp(sin(square(mul(X5, X3)))), square(div(sub(X9, X7), quart(mul(cube(log(mul(cos(X4), square(exp(exp(sqrt(sub(X9, X7)))))))), sqrt(div(square(mul(X4, mul(quart(add(X9, X3)), X7))), cos(div(X10, X5)))))))))))))))))), quart(exp(log(mul(div(cube(sub(X8, X3)), quart(mul(cube(log(mul(cos(exp(mul(X9, add(X7, X1)))), square(exp(exp(sqrt(sub(X9, X7)))))))), X3))), add(X3, X9))))))"
1201_BNG_breastTumor,MRGPRegressor,ok,9.0,-1.3471136695505033,18.63674553121714,443.0,147.0,3491.8,,"div(div(div(sqrt(sqrt(add(X6, X4))), exp(add(X5, div(exp(X5), cos(div(mul(X1, X3), sub(X4, X8))))))), div(cos(X5), cos(quart(X7)))), mul(div(X9, quart(sin(square(div(div(div(mul(X1, X3), cos(sub(sin(X2), sqrt(X5)))), div(mul(X1, cos(div(mul(X1, X3), sub(X4, X8)))), cos(quart(X7)))), mul(div(log(div(cube(X4), X7)), quart(sin(square(sqrt(div(div(cos(sqrt(cube(X5))), div(mul(X1, X3), cos(quart(div(div(cos(sqrt(cube(X1))), div(mul(X1, cos(X5)), cos(quart(X7)))), mul(div(log(div(X9, X7)), quart(div(X8, cube(X5)))), square(sin(X2)))))))), mul(div(log(mul(X4, X9)), quart(sin(square(div(X3, exp(X5)))))), square(sin(mul(X5, X2)))))))))), square(sin(mul(X3, X2))))))))), square(div(cos(add(X5, cube(mul(X1, X9)))), sin(mul(X3, X2))))))"
192_vineyard,MRGPRegressor,ok,2.0,-2.6305777719597536,7.608935534814819,119.0,39.0,3105.9,,"mul(mul(sin(cube(div(sqrt(X1), quart(cube(X2))))), sin(div(log(sin(exp(add(X1, X2)))), log(square(quart(sin(X1))))))), sin(div(log(add(log(X2), cube(X2))), div(cube(X2), log(square(mul(X1, X2)))))))"
197_cpu_act,MRGPRegressor,ok,21.0,-1.4030604669983529,29.072813039974832,395.0,131.0,3437.9,,"div(cos(X16), mul(cos(mul(sin(add(X6, X1)), sin(add(square(sqrt(X6)), mul(mul(X21, sub(mul(quart(cube(mul(sqrt(X9), log(X17)))), log(div(div(X7, cube(X21)), cos(X19)))), mul(cos(div(log(cos(X21)), add(square(sub(div(X11, sqrt(X21)), cube(sin(X15)))), cube(X16)))), sqrt(mul(div(cube(X15), log(X5)), cube(cos(X20))))))), div(div(log(add(X10, div(div(X11, X6), cube(X21)))), mul(sin(quart(X21)), X20)), mul(cos(mul(sin(X7), sin(X8))), div(square(div(X9, X4)), div(div(log(add(mul(X18, X16), X6)), mul(sin(quart(X21)), add(square(X12), mul(X10, mul(X20, X21))))), mul(X4, div(square(quart(sqrt(X10))), exp(log(div(X2, X4)))))))))))))), div(square(div(X9, X2)), exp(log(X3)))))"
201_pol,MRGPRegressor,ok,48.0,-0.4362705098764987,47.983320832893824,410.0,136.0,3124.4,,"mul(div(square(sin(div(X5, div(sqrt(sub(mul(X26, X25), square(sqrt(X5)))), cube(sub(mul(X8, X13), X6)))))), div(sqrt(mul(X19, quart(X5))), cube(cube(mul(sin(X6), log(div(div(X6, exp(sqrt(X5))), square(sin(div(quart(log(exp(div(quart(sqrt(mul(X19, X5))), exp(square(X7)))))), div(sqrt(mul(square(sin(div(quart(log(exp(X8))), div(sqrt(mul(X19, X5)), cube(sub(X21, X6)))))), X5)), exp(X7)))))))))))), log(div(quart(log(exp(sqrt(div(X6, exp(sqrt(X5))))))), div(sqrt(sqrt(mul(cube(sub(mul(X8, X13), X6)), sub(mul(X8, X13), X6)))), cube(sub(mul(X8, mul(X7, cube(add(sqrt(cos(div(sqrt(mul(X6, X5)), cube(sub(X8, log(exp(cube(sub(mul(X8, div(X6, exp(square(X7)))), X6))))))))), cos(sqrt(X15)))))), X6))))))"
210_cloud,MRGPRegressor,ok,5.0,0.1416801405995726,1.061778928999638,233.0,77.0,3068.0,,"mul(mul(mul(div(X3, quart(div(quart(X4), sub(exp(X4), cube(X3))))), mul(sqrt(div(exp(X2), sqrt(square(X2)))), add(X5, X2))), X4), div(cube(sub(div(add(X5, X2), cube(cube(X3))), square(sin(X1)))), div(mul(mul(mul(div(X4, cube(X4)), mul(sqrt(div(exp(X2), X3)), X4)), mul(div(X4, cube(cube(X3))), mul(sqrt(div(exp(X4), X3)), X5))), mul(div(X1, X3), X3)), div(quart(cube(X4)), X3))))"
215_2dplanes,MRGPRegressor,ok,10.0,0.2921921215164419,3.0255920364070183,428.0,142.0,3029.7,,"mul(mul(sub(log(sin(mul(sqrt(mul(mul(div(exp(X1), cube(mul(X1, X2))), X6), add(cos(exp(sin(mul(X3, cube(exp(sub(X4, X1))))))), mul(sub(exp(X3), square(X5)), X3)))), div(X5, X6)))), mul(div(X7, add(div(X5, X1), X5)), mul(div(X7, X5), sin(X2)))), mul(mul(add(X1, mul(X4, X2)), sin(quart(X6))), sub(X4, X1))), log(quart(cube(sin(mul(sqrt(mul(mul(div(exp(X1), cube(X10)), X6), mul(mul(add(mul(mul(sqrt(div(X6, X1)), sin(X5)), cube(cos(sub(quart(add(X5, X1)), div(X3, X1))))), sub(mul(mul(sqrt(div(X1, X1)), sin(square(div(X3, add(div(X3, X1), X4))))), cube(exp(sub(X4, X5)))), square(mul(mul(add(div(X3, X1), cos(X4)), sin(quart(X6))), quart(add(X5, X1)))))), sin(quart(X6))), X9))), X3))))))"
218_house_8L,MRGPRegressor,ok,8.0,-0.7508658833341548,58904.69205999367,401.0,133.0,3686.6,,"div(mul(cos(div(log(cos(mul(cos(div(log(X3), add(square(X2), mul(cos(div(log(cos(X2)), add(square(X2), cube(X1)))), sqrt(mul(div(sin(square(X2)), log(X2)), cube(sin(X8)))))))), div(mul(cos(X2), sqrt(mul(quart(mul(sqrt(add(square(X2), cube(X1))), cube(X8))), mul(mul(log(X1), sin(X7)), quart(sqrt(X4)))))), div(cube(square(X2)), square(log(X1))))))), add(square(X2), cube(X1)))), sqrt(mul(div(sin(square(mul(X1, mul(add(square(X3), X2), quart(sqrt(X7)))))), cube(X1)), cube(sin(X8))))), div(cube(square(X2)), square(mul(cos(div(log(cos(X5)), add(sqrt(X2), cube(square(X1))))), sqrt(mul(div(sin(square(mul(quart(sin(sqrt(X1))), mul(add(square(X3), X8), quart(sqrt(X4)))))), log(X2)), cube(sin(X8))))))))"
225_puma8NH,MRGPRegressor,ok,8.0,-0.4126983517769789,6.521595838225685,452.0,150.0,3073.3,,"div(sin(mul(cos(sqrt(log(cos(X2)))), add(cube(mul(sin(div(sub(sin(X3), log(X2)), cos(cos(exp(X2))))), div(X2, sqrt(mul(square(exp(X3)), X2))))), cos(sin(X2))))), sub(mul(sin(cube(X1)), div(cos(mul(log(X6), sqrt(div(X2, X3)))), quart(sin(X3)))), cos(add(quart(add(square(sin(X3)), div(cos(mul(quart(div(X6, exp(X2))), log(square(mul(X3, sub(sin(X3), square(mul(add(add(sin(X2), X3), X8), log(cos(X2)))))))))), log(mul(div(cube(square(cube(sin(X3)))), X3), mul(cos(X3), sin(div(cos(mul(quart(div(X6, exp(X2))), log(square(mul(X3, sub(sin(X3), square(mul(add(log(X4), X8), log(cos(X2)))))))))), log(mul(div(cube(square(cube(sin(X4)))), X3), mul(cos(X3), sin(X2)))))))))))), quart(div(mul(log(X6), sqrt(cube(add(X2, X3)))), div(div(X2, X7), square(X7))))))))"
227_cpu_small,MRGPRegressor,ok,12.0,-0.4757574100903468,22.78306726169849,449.0,149.0,3420.3,,"mul(cos(quart(X4)), div(exp(sin(sqrt(mul(X8, X4)))), mul(div(quart(sub(X10, sub(sin(X7), square(X10)))), sub(cos(X4), add(mul(cos(sub(log(X4), cos(mul(X4, X2)))), sqrt(sqrt(X2))), mul(sin(mul(cube(cos(X9)), div(mul(cos(quart(sub(square(cube(X9)), square(mul(log(quart(X12)), square(cube(X3))))))), div(exp(sin(sqrt(mul(X8, X4)))), mul(div(quart(sub(X10, sub(sin(X7), square(X10)))), X10), add(sqrt(sub(log(add(mul(quart(X1), square(X4)), mul(sin(sin(X1)), cos(quart(X7))))), sub(div(exp(sin(square(mul(sin(mul(sqrt(square(X12)), div(X3, X6))), div(cos(X8), log(X12)))))), cos(sqrt(div(mul(log(quart(X12)), cube(X3)), X7)))), div(X2, quart(mul(square(X6), log(X2))))))), sub(div(X2, X8), sin(X3)))))), X6))), X12)))), add(sqrt(sqrt(X12)), sub(div(X2, X8), sin(X3))))))"
228_elusage,MRGPRegressor,ok,2.0,-0.788935153340637,21.64032639717916,125.0,41.0,3031.2,,"div(div(cube(log(X2)), div(sqrt(X1), quart(square(X1)))), div(div(mul(square(X2), X1), sin(div(X1, X2))), sin(div(X2, div(cube(mul(square(sin(div(X1, log(X2)))), square(quart(X2)))), log(cos(cube(log(X1)))))))))"
229_pwLinear,MRGPRegressor,ok,10.0,-0.6010978266142013,4.505115863750032,443.0,147.0,3226.6,,"sub(div(X7, mul(cube(mul(sub(log(X5), mul(mul(mul(sub(div(X2, X1), mul(log(log(X8)), mul(div(cos(mul(X6, X1)), add(X1, div(sub(mul(X7, sin(sub(div(X3, X1), div(div(log(X6), mul(X2, X1)), quart(div(quart(X6), X1)))))), cos(X3)), div(X5, quart(quart(sqrt(X7))))))), sin(X2)))), mul(mul(add(div(X3, X1), quart(div(X5, X1))), sin(quart(X6))), log(square(log(X9))))), mul(quart(X2), sub(mul(quart(div(quart(X6), X1)), sub(X4, X9)), X9))), mul(div(X7, X1), X5))), mul(mul(add(div(X3, X1), quart(X10)), X1), div(mul(div(div(mul(div(X4, X5), X10), mul(X3, X7)), X5), X10), mul(cube(mul(X1, X6)), X7))))), div(X3, X1))), div(div(log(mul(X5, X1)), mul(X2, X1)), add(square(div(X7, X2)), div(log(X8), mul(X1, X6)))))"
230_machine_cpu,MRGPRegressor,ok,6.0,0.8219927754675298,76.05723023416229,413.0,137.0,3029.8,,"mul(mul(cos(add(div(log(mul(log(square(mul(cos(X4), cos(sin(mul(mul(div(div(mul(X2, X4), sin(add(sin(X6), mul(X6, X2)))), sub(square(sub(log(X5), log(X4))), X4)), X3), log(X2))))))), mul(log(X2), exp(X3)))), quart(cube(X5))), mul(exp(X2), log(mul(log(square(mul(cos(X3), cos(sin(mul(cos(X5), div(X2, X5))))))), mul(X5, exp(X3))))))), cos(add(div(sqrt(log(sin(sqrt(X5)))), quart(cube(X3))), mul(log(div(cube(mul(X6, X3)), X2)), log(cos(sin(mul(mul(div(div(mul(X2, X2), sin(add(sin(X6), mul(X6, X2)))), sub(square(sub(log(X5), log(X1))), div(sqrt(exp(X3)), square(mul(quart(mul(X1, X4)), cos(mul(X2, X1))))))), X3), log(X2))))))))), square(square(mul(X4, cos(add(X2, X6))))))"
294_satellite_image,MRGPRegressor,ok,36.0,-0.5257502500147357,0.9847674136106284,446.0,148.0,3421.7,,"div(sin(sub(cos(mul(X23, add(X35, X11))), add(sub(add(X10, X6), add(X5, X24)), cos(add(X4, X3))))), div(log(square(div(add(div(log(X1), sin(X1)), add(sub(cos(add(X34, X23)), div(div(log(cos(X11)), X14), mul(X3, X9))), log(add(div(div(sin(sub(cos(mul(sub(X22, X23), add(X35, X9))), add(sub(sub(exp(sin(X14)), cube(quart(X22))), add(X5, X24)), add(X12, div(cube(X2), X17))))), div(quart(quart(exp(X25))), div(quart(sqrt(square(X13))), square(sub(quart(cos(log(X22))), exp(X35)))))), X34), exp(X3))))), add(log(exp(X19)), mul(log(X16), mul(X10, X18)))))), div(quart(mul(square(square(X23)), add(X27, X3))), square(sub(sub(add(quart(sub(sub(div(add(X12, div(cube(X2), sin(X22))), sqrt(X6)), sqrt(cube(log(X6)))), square(cos(X23)))), cube(cos(X24))), X11), exp(X35))))))"
344_mv,MRGPRegressor,ok,10.0,0.6726809657503846,5.210325158254209,419.0,139.0,3051.0,,"div(div(quart(X4), add(sin(div(cos(div(quart(sub(X4, exp(X7))), div(X6, sub(sin(div(cube(X1), X8)), sin(div(X6, X4)))))), mul(X6, X8))), cube(square(X5)))), div(cube(sub(X1, add(sin(sub(exp(mul(X1, X8)), exp(X6))), cube(X1)))), sqrt(sub(div(div(X2, div(log(sqrt(quart(X9))), mul(cube(sub(cube(sin(div(div(cube(sub(div(X6, X8), X1)), cube(add(cube(X4), X3))), div(X4, exp(add(mul(cube(div(X6, X8)), X6), X10)))))), sin(div(X4, exp(add(mul(cube(div(X10, X8)), X6), X1)))))), div(cube(X1), X8)))), X8), sub(div(div(X3, log(div(cube(sub(cube(mul(X6, X3)), add(mul(X1, X8), cube(X5)))), sqrt(div(cube(div(X10, exp(add(mul(cube(div(X6, X8)), X6), X4)))), log(X5)))))), X2), X1)))))"
523_analcatdata_neavote,MRGPRegressor,ok,2.0,0.9080586407467692,1.141261614059181,215.0,71.0,290.5,,"sub(sub(mul(X1, X2), cos(sub(cos(X1), sub(square(sub(cos(quart(X1)), cos(sub(cos(X1), sub(sub(square(X2), X1), cos(sub(sub(sub(mul(X2, X1), cos(sub(cos(quart(X1)), sub(mul(X2, sin(X1)), cos(sub(square(X2), X1)))))), cos(sub(square(cos(sub(square(X2), quart(X1)))), cos(X1)))), X1))))))), cos(sub(square(X2), X1)))))), square(cos(sub(square(X2), quart(square(X1))))))"
485_analcatdata_vehicle,MRGPRegressor,ok,4.0,-0.2754842213859425,334.9077540631932,110.0,36.0,3063.0,,"div(mul(div(X3, mul(X2, X1)), cos(div(X2, mul(X3, X1)))), div(quart(quart(sin(X4))), div(sub(X3, mul(X3, X1)), square(quart(mul(mul(div(X3, X2), X1), sin(log(log(X4)))))))))"
4544_GeographicalOriginalofMusic,MRGPRegressor,ok,117.0,-1.4537235190127378,1.5003930972777422,449.0,149.0,3738.0,,"sub(div(mul(add(mul(X26, X55), add(mul(mul(X73, X98), exp(X71)), log(sqrt(X73)))), cube(sqrt(X42))), sin(mul(square(X91), sub(div(exp(sqrt(quart(X41))), quart(sin(quart(X29)))), div(mul(add(X85, add(X81, add(sin(X102), add(X27, add(X56, add(X23, add(X26, add(X43, add(X71, add(X59, add(X117, add(X86, add(X107, add(X63, add(X5, add(X4, add(X40, add(X69, add(X31, add(mul(X102, X95), add(X37, add(X15, add(X42, add(X64, X104)))))))))))))))))))))))), quart(X81)), add(sub(square(X33), div(X71, cos(X62))), sin(exp(add(X40, add(X69, X99)))))))))), cos(sqrt(square(div(X102, square(div(sub(div(mul(add(mul(X26, X71), div(X62, X106)), cube(quart(X7))), sin(mul(square(X91), log(sub(mul(X74, X99), log(X88)))))), cos(sqrt(square(div(X102, X82))))), div(div(square(X103), X45), sin(X102)))))))))"
503_wind,MRGPRegressor,ok,14.0,-2.689061419273888,8.771409237675876,431.0,143.0,3583.1,,"div(mul(div(X6, div(X13, add(mul(sqrt(div(sin(sin(sub(sin(log(X10)), exp(cube(X9))))), quart(mul(cos(div(square(X3), log(X14))), mul(sqrt(X14), mul(X13, log(X7))))))), sin(sub(div(sin(X1), div(sin(quart(add(mul(X14, X12), sqrt(X6)))), mul(div(X5, cube(sin(X9))), square(div(div(sub(div(sin(quart(add(X14, sqrt(X6)))), X3), add(cos(add(quart(X14), X5)), exp(X13))), quart(mul(cos(div(sub(X6, X10), log(mul(sin(exp(div(X3, X14))), sub(X8, log(div(X4, div(log(square(cube(X7))), quart(div(log(X13), sqrt(X8))))))))))), sqrt(exp(X13))))), sqrt(log(div(sub(exp(X11), cos(add(X8, X5))), cos(square(cube(X2))))))))))), add(cos(exp(log(sub(X8, X5)))), exp(sqrt(square(cube(X7)))))))), X14))), square(X5)), mul(div(cube(X14), X13), square(X3)))"
505_tecator,MRGPRegressor,ok,124.0,0.486278959159751,7.561416764878059,443.0,147.0,3065.6,,"add(square(div(log(cos(X123)), div(X105, sin(cube(div(quart(X123), X99)))))), add(square(div(log(div(square(X105), cos(sub(X123, sin(X109))))), add(div(add(X117, X17), cos(div(quart(X123), X39))), cos(X12)))), div(add(mul(X104, cube(quart(X123))), X17), add(square(div(log(div(log(X76), cube(div(cos(X124), add(square(div(log(div(square(X105), sin(X117))), X47)), add(X124, exp(cos(sub(cube(sqrt(X98)), sin(X117)))))))))), sqrt(add(square(X102), div(log(X76), sin(div(sqrt(cos(div(X19, X57))), cos(X89)))))))), add(exp(sub(add(sqrt(X101), square(X114)), sub(mul(X111, X25), sin(add(add(sub(mul(X111, mul(X124, X123)), sin(X11)), sub(log(X120), div(quart(X68), cos(div(quart(X123), X99))))), exp(sub(sin(sin(square(X105))), X41))))))), exp(cos(square(div(cos(sqrt(square(quart(X123)))), cube(sqrt(exp(X123))))))))))))"
527_analcatdata_election2000,MRGPRegressor,ok,14.0,0.9217578022645074,31005.47272328579,146.0,48.0,1607.6,,"mul(add(quart(cos(cos(sin(X4)))), div(mul(cos(div(log(X13), mul(X1, exp(X12)))), sub(cos(sin(X4)), X11)), div(sub(log(mul(X10, X1)), sub(cos(log(X3)), X3)), sin(sub(add(X9, sin(X10)), X8))))), div(exp(X12), mul(X11, log(log(X11)))))"
519_vinnie,MRGPRegressor,ok,2.0,0.6647601669074144,1.8548221648258765,407.0,135.0,3045.6,,"div(cube(quart(sin(sqrt(div(log(mul(cube(cos(square(quart(X2)))), X1)), cos(square(X2))))))), div(square(cube(div(add(X2, X1), log(div(div(mul(quart(sin(log(X1))), cos(quart(sqrt(X2)))), mul(quart(cos(cube(log(quart(square(mul(X2, X1))))))), X2)), square(div(div(cos(sin(X1)), sin(X2)), mul(sqrt(quart(sqrt(div(div(square(cube(div(add(X2, X1), log(div(div(mul(X2, cos(quart(sqrt(X2)))), mul(X2, mul(sin(mul(X1, sub(cos(X2), square(quart(X2))))), quart(quart(X2))))), square(X1)))))), div(quart(mul(mul(X1, X1), exp(X2))), sqrt(log(sin(quart(exp(mul(X2, mul(X2, X1))))))))), cos(square(square(quart(X2)))))))), sin(sqrt(X2)))))))))), div(quart(mul(mul(X1, X1), exp(X2))), sqrt(log(sin(quart(exp(mul(X2, X1)))))))))"
542_pollution,MRGPRegressor,ok,15.0,-4.44345895387808,184.37926759903112,134.0,44.0,3042.0,,"div(exp(add(cos(mul(cos(X12), X7)), quart(cos(X5)))), mul(div(mul(div(X14, sqrt(cube(square(cube(sin(X8)))))), sqrt(log(X3))), log(sin(mul(X6, X1)))), div(sin(quart(cos(X9))), sqrt(mul(div(X10, X5), sin(add(X6, X11)))))))"
522_pm10,MRGPRegressor,ok,7.0,-4.323418383736245,2.008918655703579,416.0,138.0,3111.8,,"div(sin(sub(cos(mul(sub(X3, X1), add(X4, mul(div(sin(log(X4)), cube(cube(X3))), cos(div(cube(X4), sqrt(div(quart(quart(exp(sub(X6, X3)))), div(quart(sqrt(square(X4))), square(sub(sub(quart(X1), X4), exp(X4)))))))))))), add(sub(add(sub(log(X4), exp(X4)), X5), add(X6, X7)), cos(add(X2, exp(log(sin(square(X4))))))))), div(quart(quart(exp(sub(X6, X3)))), mul(div(sin(log(mul(div(cos(cos(cos(sin(cos(div(cube(X4), sqrt(X4))))))), div(log(cos(exp(add(square(X5), cube(X1))))), sqrt(mul(div(sin(log(X4)), cube(cube(X1))), cos(div(cos(div(X2, exp(sqrt(X4)))), sqrt(X4))))))), sub(log(X4), X1)))), cube(cube(mul(sqrt(square(add(X7, X3))), cos(div(cube(X1), sqrt(X4))))))), cos(div(log(X4), sqrt(X4))))))"
537_houses,MRGPRegressor,ok,8.0,-0.139962501427441,102607.28643252362,443.0,147.0,3226.6,,"add(div(sqrt(mul(cube(mul(X7, X8)), exp(sqrt(mul(mul(X7, X8), X1))))), sub(quart(square(cube(X2))), X1)), mul(mul(log(X3), exp(square(sin(square(sqrt(sub(mul(sqrt(mul(mul(X7, X8), X1)), add(add(log(cube(X5)), add(exp(log(cube(mul(sin(X7), X8)))), log(div(X1, sin(cube(cube(cos(mul(add(sub(div(cos(sin(div(X1, sin(cube(cube(X8)))))), sin(sub(X5, X1))), X3), X8), square(X3)))))))))), add(exp(mul(cos(sin(exp(log(X1)))), cos(mul(sin(X3), X5)))), sub(mul(sqrt(quart(div(log(X4), exp(square(X8))))), sin(X7)), square(log(div(cos(sin(X8)), sin(cube(cube(cos(mul(add(sub(div(cos(sin(X5)), sin(sub(X1, X5))), X3), X8), square(X3))))))))))))), square(log(div(cos(sin(X8)), sin(sub(X1, X5)))))))))))), square(log(log(cube(cos(cube(mul(X7, X8)))))))))"
547_no2,MRGPRegressor,ok,7.0,-5.240419274426844,1.5795619785101551,434.0,144.0,3295.0,,"div(exp(sin(sqrt(mul(cos(X2), mul(X2, X3))))), sub(sub(log(add(cos(cube(X7)), mul(log(log(X3)), mul(div(X1, X6), sin(X3))))), mul(mul(add(div(sqrt(X4), div(quart(X2), sub(square(log(cos(exp(X2)))), add(sqrt(sqrt(quart(X7))), div(mul(sin(div(log(X3), cube(X7))), X1), cube(cube(exp(X1)))))))), sin(quart(X4))), log(sub(log(add(cos(cube(cube(X5))), mul(mul(add(div(sin(div(X2, cube(X7))), X4), sin(quart(X4))), log(square(log(X7)))), mul(div(X1, X6), sin(X3))))), mul(mul(add(div(X2, quart(log(X7))), sin(quart(X4))), mul(sin(div(X2, cube(mul(square(X4), X1)))), X4)), log(quart(cube(log(X1)))))))), log(quart(cube(sin(X5)))))), add(sqrt(sqrt(quart(X7))), div(sub(cos(quart(X5)), div(quart(log(square(X3))), sin(X3))), cube(X3)))))"
529_pollen,MRGPRegressor,timeout,,,,,,,wall clock > 3900s,
556_analcatdata_apnea2,MRGPRegressor,timeout,,,,,,,wall clock > 3900s,
557_analcatdata_apnea1,MRGPRegressor,ok,3.0,0.980213430134698,449.4936060793607,434.0,144.0,3036.2,,"div(quart(div(div(div(exp(X1), sub(sin(X1), X2)), div(quart(exp(sin(exp(X1)))), div(quart(sqrt(square(log(X3)))), div(sub(quart(div(div(sin(div(div(sin(X1), sub(X1, X2)), log(sub(exp(X2), cos(cos(exp(cube(X1)))))))), div(square(mul(add(cos(X2), X1), cos(mul(sub(X3, X2), div(cube(X1), log(sin(exp(square(X3))))))))), div(quart(sqrt(square(sin(X1)))), div(sub(quart(div(div(sin(X1), sub(X1, X2)), log(log(X2)))), cos(X1)), log(sin(exp(sin(square(X3))))))))), log(quart(sub(sin(X1), X2))))), cos(sqrt(log(sin(cube(mul(add(cos(exp(X3)), X3), cos(mul(sub(X3, X2), div(sub(quart(div(div(sin(X1), sub(X1, X2)), log(sub(exp(X2), X2)))), X2), log(sin(exp(square(X3)))))))))))))), log(sin(exp(sin(X2)))))))), X3)), quart(square(X2)))"
560_bodyfat,MRGPRegressor,ok,14.0,0.7291203987339705,3.796309957279908,407.0,135.0,3098.2,,"div(add(div(div(mul(X3, X4), mul(X7, div(mul(cos(div(log(X13), X9)), sub(cos(sin(X4)), cube(log(X1)))), div(sub(mul(X1, mul(X4, div(X9, X3))), X2), sin(sub(add(X9, X3), log(X12))))))), quart(mul(X3, X4))), add(div(add(add(add(X8, X7), log(log(X1))), cos(add(cube(X14), X6))), log(mul(quart(square(add(X4, X1))), X12))), mul(log(log(sub(X13, X14))), mul(X4, div(sin(X1), X10))))), div(add(div(add(add(add(X8, X8), log(log(add(add(add(X8, X8), log(X13)), cos(cube(X5)))))), cos(add(cube(X14), X2))), log(mul(quart(square(add(X4, X7))), X12))), cos(add(add(div(X1, quart(cos(X1))), add(log(exp(X10)), X1)), sqrt(square(log(X4)))))), log(mul(exp(X9), cos(X10)))))"
561_cpu,MRGPRegressor,ok,7.0,-0.3334788533600383,208.8605044774831,431.0,143.0,3013.8,,"div(mul(cube(cube(cos(X5))), div(mul(sin(cube(square(X5))), sin(log(X1))), mul(quart(sin(square(X7))), sqrt(sin(quart(X7)))))), div(sub(mul(sqrt(quart(X3)), sin(mul(X6, X4))), exp(X7)), cube(div(div(square(sin(sqrt(X6))), cos(div(quart(square(square(mul(log(X7), X4)))), div(sub(mul(X7, log(sub(cos(quart(X5)), X7))), add(log(cube(X2)), square(X1))), div(sub(X5, X3), div(X3, cube(square(sub(X4, add(X5, cos(div(quart(square(square(mul(log(X7), X4)))), div(sub(mul(sqrt(X5), log(X2)), add(log(X7), square(X1))), div(sub(X5, X4), div(X2, cube(square(sub(X4, add(X5, square(add(X4, X5))))))))))))))))))))), div(div(mul(sin(sin(X4)), mul(X3, square(X4))), div(sub(mul(sqrt(quart(X3)), X1), X1), cube(X5))), square(log(sin(add(X3, X6)))))))))"
562_cpu_small,MRGPRegressor,ok,12.0,-1.2742170991021493,28.28268693507035,449.0,149.0,3113.0,,"sub(log(add(mul(X9, mul(cos(X5), sub(log(add(mul(quart(sin(div(div(sqrt(cube(X12)), quart(mul(sub(div(X6, sqrt(div(div(sin(sub(quart(square(sqrt(square(sin(quart(X12)))))), X12)), sub(mul(sin(cube(X1)), div(X1, log(X11))), cos(square(div(X6, exp(X4)))))), quart(X12)))), quart(sub(X10, X11))), quart(sin(X12))))), square(sin(exp(X3)))))), mul(cos(X5), sin(sin(X3)))), sin(X6))), sub(div(exp(sin(X12)), cos(sqrt(square(X12)))), div(cube(sqrt(add(sqrt(div(sub(mul(sqrt(quart(cos(X3))), log(sub(X9, X8))), add(log(cube(X10)), quart(X11))), cube(log(sqrt(sin(X12)))))), X5))), quart(exp(sub(div(X6, sqrt(sqrt(X3))), quart(X11))))))))), mul(X12, cos(quart(X7))))), sub(div(sqrt(cos(sqrt(X6))), cos(sqrt(sub(exp(X6), sqrt(sqrt(X3)))))), div(cube(sqrt(add(X8, X5))), quart(exp(log(X2))))))"
564_fried,MRGPRegressor,ok,10.0,0.0077484723323942,4.578352450095716,452.0,150.0,3111.0,,"mul(log(div(cube(square(exp(add(X2, X1)))), mul(cos(div(X3, X2)), mul(add(mul(cube(log(mul(add(cube(exp(X1)), exp(square(X3))), X2))), sqrt(div(square(mul(X2, quart(X1))), cos(X4)))), X5), quart(X1))))), div(div(log(mul(add(sin(X2), X10), quart(square(X1)))), sqrt(div(log(mul(add(sin(X2), log(X4)), quart(square(X1)))), quart(cube(cube(X1)))))), mul(add(mul(log(div(log(div(X4, div(div(log(mul(add(sin(X2), log(X4)), quart(square(X1)))), X6), mul(add(mul(log(X7), X8), mul(sqrt(square(div(cos(X3), quart(log(cos(X5)))))), sub(sin(X4), quart(cube(sub(X5, X1)))))), X4)))), add(mul(sqrt(cube(X3)), X4), div(quart(X3), log(div(cube(square(exp(add(X2, X1)))), mul(cos(X4), X5))))))), X8), mul(sqrt(square(div(X1, sqrt(X2)))), sub(X4, quart(cube(sub(X5, X1)))))), X4)))"
573_cpu_act,MRGPRegressor,ok,21.0,-2.1865622290326927,33.478493586445445,440.0,146.0,3254.8,,"div(mul(sub(sqrt(X8), sqrt(sin(quart(add(div(X11, X1), div(div(log(quart(X21)), mul(sin(div(div(X4, div(cos(quart(sub(log(add(X2, X6)), cos(X7)))), cos(log(sin(sin(div(X9, X16))))))), X16)), quart(cos(add(mul(add(X6, X19), sin(X7)), X17))))), mul(cos(cube(X7)), div(X21, exp(log(X5)))))))))), add(div(X4, X1), add(X20, X16))), mul(cube(div(exp(X19), log(cos(cube(X18))))), sub(div(cos(X12), mul(X17, X9)), sub(mul(log(X9), sqrt(X16)), add(div(X11, X1), div(div(log(add(mul(X18, cube(X18)), add(X16, exp(log(X3))))), mul(sin(quart(div(cos(mul(cube(X21), square(X4))), cube(X21)))), quart(cos(add(mul(add(X6, X19), sin(X7)), X17))))), mul(cos(cube(X7)), div(square(quart(log(add(mul(X18, X16), div(X2, sin(X3)))))), exp(log(X3))))))))))"
574_house_16H,MRGPRegressor,ok,16.0,-1.830207565326464,74891.51110549248,353.0,117.0,3340.3,,"sub(div(exp(cos(exp(sqrt(X10)))), add(quart(log(div(X13, X9))), cos(square(sqrt(div(div(cos(sub(div(exp(cos(exp(sqrt(X10)))), add(quart(log(div(X13, X9))), cos(square(sqrt(X11))))), div(div(mul(sin(add(X4, cube(X1))), log(mul(X10, X3))), sqrt(sqrt(log(X13)))), square(cube(exp(exp(X16))))))), div(quart(square(X15)), cos(quart(X12)))), div(div(cos(X5), X16), exp(add(square(sin(X11)), exp(X13)))))))))), div(div(mul(cos(X8), log(mul(X10, sin(div(div(mul(X13, log(mul(X10, sin(X3)))), sqrt(sqrt(div(quart(X10), mul(cube(X10), cube(cos(exp(X4)))))))), square(cube(exp(exp(X16))))))))), sqrt(sqrt(log(X13)))), square(X4)))"
579_fri_c0_250_5,MRGPRegressor,ok,5.0,-0.161033168172973,0.9305164999430238,449.0,149.0,3020.6,,"sub(mul(quart(cube(mul(cos(log(cos(X4))), X2))), mul(cos(X3), sqrt(div(X4, X5)))), mul(cos(div(quart(mul(cos(mul(X2, cos(cos(X1)))), X2)), add(square(X3), cos(log(cos(X4)))))), sqrt(mul(div(X5, sqrt(quart(cube(mul(square(X2), exp(X1)))))), div(mul(X4, log(X5)), sub(sub(mul(X1, mul(square(X2), exp(X1))), mul(cos(sin(sqrt(mul(div(X5, log(cos(div(log(cos(X1)), add(square(X3), cube(X3)))))), cube(cos(sub(mul(quart(cube(X5)), sqrt(quart(cube(mul(cos(mul(X2, cos(cos(X1)))), exp(X1)))))), mul(cos(div(sub(mul(quart(cube(mul(sqrt(X1), sqrt(X2)))), exp(log(X1))), mul(X4, X1)), add(cube(mul(square(mul(X2, cos(cos(X1)))), exp(X1))), cube(X3)))), sqrt(mul(div(X5, log(X3)), cube(cos(X4)))))))))))), sqrt(mul(mul(X2, cos(cos(X1))), X3)))), cos(X3)))))))"
581_fri_c3_500_25,MRGPRegressor,ok,25.0,0.6077347712748813,0.5830252089419382,401.0,133.0,3130.6,,"mul(add(sqrt(mul(cos(add(sub(div(X14, X9), X4), sin(div(X24, div(cos(X2), quart(exp(sin(mul(exp(X3), sub(X5, sin(X2))))))))))), div(sqrt(X5), cos(X3)))), mul(div(cos(cos(X16)), sin(mul(sqrt(sin(mul(sqrt(div(X1, cube(cos(sin(X2))))), quart(mul(sqrt(mul(div(quart(exp(sin(X1))), mul(cos(sin(X2)), log(div(cos(cos(X1)), quart(exp(sin(mul(div(cos(cos(X16)), sin(mul(sqrt(div(quart(exp(sin(X1))), cube(cos(sin(X2))))), quart(X4)))), cos(cos(quart(exp(sin(X1))))))))))))), square(sin(X2)))), quart(X4)))))), quart(X4)))), cos(cos(cube(X2))))), sub(log(sin(X17)), quart(add(sub(X20, exp(X24)), sin(div(X24, mul(sub(X5, sin(X2)), log(div(cos(cos(X1)), quart(exp(sin(X1))))))))))))"
583_fri_c1_1000_50,MRGPRegressor,ok,50.0,0.9054171535368628,0.3112947613711134,413.0,137.0,3089.2,,"add(add(X8, quart(cos(cube(mul(exp(mul(cos(X1), X2)), exp(X1)))))), div(div(sub(sin(log(log(X4))), cos(cos(exp(cos(div(sub(add(quart(X5), quart(cos(X2))), cos(mul(square(sqrt(X1)), X2))), cube(cube(X2)))))))), exp(mul(X47, sub(exp(X3), sin(X2))))), mul(sin(div(sub(mul(div(sub(sin(log(log(X1))), sub(sin(X2), mul(X9, X12))), exp(mul(sin(square(add(square(div(X4, cos(mul(cos(X1), sub(X2, exp(cos(X2))))))), mul(X44, cos(sqrt(X1)))))), X5))), quart(X43)), div(mul(sqrt(sqrt(X1)), X2), mul(X2, add(add(quart(X5), quart(cos(X2))), div(X35, mul(add(X17, add(cos(exp(X1)), X7)), div(quart(X4), sin(X2)))))))), exp(mul(sin(square(X2)), sub(exp(X16), sin(X32)))))), div(quart(X4), sin(X2)))))"
582_fri_c1_500_25,MRGPRegressor,ok,25.0,0.5866697004338475,0.6484393212107593,431.0,143.0,3604.3,,"sin(div(cube(div(add(mul(add(sqrt(mul(cos(sin(mul(X4, div(cos(X3), quart(mul(cube(sin(sin(X2))), sin(X1))))))), div(sqrt(X5), cos(X3)))), mul(div(cos(cos(X16)), sin(add(X5, X23))), cos(cos(cube(X2))))), sub(log(sin(log(sin(mul(X4, div(mul(quart(X5), X2), quart(mul(cube(sin(X2)), sin(X1))))))))), quart(add(sub(cos(X3), exp(X24)), sin(div(X24, X4)))))), mul(add(sqrt(mul(cos(sin(X8)), div(sqrt(X5), cos(X19)))), mul(div(cos(cos(sub(quart(cos(quart(cube(mul(X8, X4))))), sub(cube(cube(cos(sin(X2)))), square(X4))))), sin(X12)), cos(cos(cube(X2))))), sub(log(sin(log(sin(cos(add(cube(sin(X2)), X1)))))), quart(add(cube(X4), sin(div(X24, X4))))))), div(mul(X22, X16), log(X14)))), sub(cos(X4), log(mul(cube(X1), X2)))))"
584_fri_c4_500_25,MRGPRegressor,ok,25.0,-0.3554182392403886,1.0577302263279933,440.0,146.0,3248.7,,"mul(add(sqrt(mul(div(mul(cos(sin(X1)), cube(div(sin(sqrt(X4)), cos(cube(X5))))), sub(mul(mul(sub(log(X12), cos(X10)), cube(div(X24, X20))), log(div(mul(X18, X22), add(X12, mul(cube(mul(X2, sin(X1))), exp(cube(X2))))))), mul(mul(add(div(X18, X6), quart(X15)), sin(X11)), log(square(div(quart(X4), cube(cos(sin(X2))))))))), div(sqrt(add(sqrt(quart(X2)), sin(div(log(X17), quart(mul(cube(X1), sin(X1))))))), cos(X3)))), mul(div(cos(cos(X16)), sin(add(X5, X13))), cos(cos(cube(X2))))), sub(log(sin(log(sin(X25)))), quart(add(sub(div(sin(X2), mul(add(sqrt(mul(X2, div(sqrt(X2), cos(X3)))), mul(div(cos(mul(X5, X12)), cos(mul(X2, sin(X1)))), cos(cos(cube(X2))))), mul(X4, div(X1, cos(sin(sin(X2))))))), exp(X9)), sin(div(X24, X4))))))"
586_fri_c3_1000_25,MRGPRegressor,ok,25.0,0.4571395695029643,0.7401844421249312,449.0,149.0,3443.3,,"sub(mul(log(sin(sin(X2))), log(add(mul(mul(X4, div(log(exp(square(X2))), quart(mul(div(log(exp(square(cos(div(mul(quart(sqrt(X2)), sin(X1)), X2))))), quart(mul(cube(X2), sin(X1)))), sin(X1))))), X2), add(add(sin(sin(X2)), X1), sub(mul(div(sqrt(exp(sin(add(cube(sin(X2)), X1)))), cos(X3)), log(add(mul(X18, X2), div(log(div(quart(X2), sin(X2))), sub(sqrt(X2), X4))))), div(sqrt(add(quart(mul(cube(X2), sin(X1))), X4)), div(mul(quart(sqrt(X2)), sin(X1)), log(sub(X1, X16))))))))), add(mul(mul(quart(sqrt(X1)), mul(div(X19, X1), div(X6, X5))), sin(mul(quart(X4), div(log(div(cos(cos(X5)), div(sqrt(div(sqrt(add(quart(X19), X4)), div(mul(quart(sqrt(X2)), X4), add(sin(sin(X2)), X1)))), exp(X22)))), X10)))), sqrt(div(add(cos(X4), log(X4)), X4))))"
588_fri_c4_1000_100,MRGPRegressor,ok,100.0,0.7136869702053839,0.5092457052830184,416.0,138.0,3279.3,,"mul(sub(mul(div(sqrt(sqrt(sin(X2))), div(quart(X5), sin(X2))), sqrt(sin(sub(sqrt(div(quart(mul(div(log(sub(mul(X2, sqrt(sin(sin(exp(X1))))), cos(X65))), cos(cube(exp(exp(X1))))), sin(cos(cube(quart(X2)))))), cos(exp(sin(X2))))), square(sub(mul(cube(sub(sin(square(sin(sin(cube(X37))))), sin(sub(mul(div(sqrt(mul(sin(sin(X2)), sqrt(X4))), X4), mul(quart(mul(X5, sin(X1))), sin(add(exp(exp(sin(X2))), sqrt(div(X2, cos(mul(sub(mul(exp(cube(X2)), sqrt(sin(exp(X4)))), div(sin(sin(X2)), cos(X3))), X4)))))))), cos(X2))))), sqrt(sin(exp(add(X63, add(X15, add(X88, add(X90, add(X21, add(X64, mul(X87, cos(mul(sqrt(sin(exp(X1))), sin(X2)))))))))))))), div(X3, sin(X2)))))))), X4), mul(X97, square(X5)))"
589_fri_c2_1000_25,MRGPRegressor,ok,25.0,0.5753777931530183,0.706732962375424,431.0,143.0,3282.3,,"sub(mul(log(sin(cube(X2))), log(add(mul(X18, X2), add(sqrt(mul(cos(sin(X8)), div(mul(X16, div(log(exp(square(X2))), quart(mul(cube(X23), sin(X1))))), cos(mul(div(log(div(quart(sqrt(div(add(X1, sub(cos(sin(mul(exp(X2), square(sin(X1))))), quart(square(mul(X2, X12))))), cos(X10)))), sin(X2))), sub(sin(mul(cube(sqrt(X2)), sin(X1))), sqrt(mul(cos(X4), div(sqrt(X5), cos(X3)))))), sin(cos(sqrt(mul(cos(X19), div(sqrt(X5), cos(X3))))))))))), mul(div(cos(cos(X16)), sin(mul(X9, div(log(exp(sin(X1))), quart(mul(cube(X2), sin(X1))))))), cos(cos(cube(X2)))))))), div(sqrt(mul(X19, sin(mul(exp(X2), square(sin(X1)))))), div(mul(quart(X5), sin(sub(X2, X12))), log(sub(X1, div(sqrt(cube(mul(X1, quart(cos(cos(X2)))))), cos(X3)))))))"
590_fri_c0_1000_50,MRGPRegressor,ok,50.0,-0.495605201800767,1.135135435945954,431.0,143.0,3203.4,,"div(add(cos(exp(log(sub(X18, sin(div(X39, X4)))))), cube(X2)), add(sub(quart(X3), sin(div(sqrt(cube(add(mul(X50, mul(square(X2), sub(cos(X4), X1))), div(div(sin(quart(X3)), X2), exp(X1))))), X4))), div(div(sqrt(add(add(X5, X10), div(cos(sin(X45)), mul(X1, div(X8, div(add(cos(add(add(quart(quart(square(log(X2)))), div(mul(div(mul(X1, sqrt(X3)), X4), div(sin(X48), exp(mul(X2, X5)))), log(X5))), div(cos(sin(mul(X6, X17))), mul(quart(mul(X34, X35)), div(quart(X4), mul(exp(mul(cos(X1), sub(X43, X31))), quart(cos(cos(X2))))))))), X4), add(mul(exp(mul(X2, sqrt(X37))), X20), div(div(sin(cube(X15)), quart(square(mul(exp(mul(cos(X1), X2)), quart(X2))))), exp(X1))))))))), div(sin(X48), exp(X22))), cos(cube(sqrt(X1))))))"
591_fri_c1_100_10,MRGPRegressor,ok,10.0,-0.0432346536339371,0.954640325384642,212.0,70.0,3071.4,,"sub(mul(mul(add(sin(sqrt(mul(mul(div(exp(log(X4)), cube(quart(add(quart(sin(X1)), log(X8))))), square(div(X1, X3))), add(cos(exp(log(sin(sin(X2))))), mul(sub(exp(X3), square(X5)), sin(quart(sub(X4, X5)))))))), X1), quart(cube(X1))), cube(X5)), quart(sub(mul(cube(exp(sin(X2))), mul(X1, sin(add(X2, X1)))), mul(X1, sin(add(X2, mul(square(X3), X7)))))))"
592_fri_c4_1000_25,MRGPRegressor,ok,25.0,0.0112176027745718,0.8458302673595292,428.0,142.0,3074.7,,"mul(add(sqrt(mul(cos(sin(X8)), div(sqrt(mul(mul(div(log(div(quart(X4), sin(X2))), add(quart(X3), X8)), cube(cube(X2))), div(X2, quart(mul(cube(X1), sin(X1)))))), cos(X3)))), mul(div(exp(X5), sin(add(X5, X24))), cos(cos(cube(mul(log(div(cos(cube(X2)), quart(quart(square(X2))))), log(log(cos(X2))))))))), sub(log(sin(mul(mul(mul(add(sqrt(mul(mul(square(sin(X1)), X2), div(sqrt(X5), cos(X3)))), mul(div(X1, sin(add(X5, X23))), cos(cos(cube(mul(log(div(cos(cube(X2)), quart(exp(sin(X1))))), log(log(cos(X2))))))))), sub(log(sin(X4)), quart(X1))), sin(sin(cos(cube(exp(X17)))))), div(log(exp(square(X2))), quart(mul(cube(X1), sin(cube(div(sqrt(X5), cos(mul(div(exp(log(sin(X2))), sin(X1)), X3))))))))))), quart(sin(X5))))"
593_fri_c1_1000_10,MRGPRegressor,ok,10.0,0.131407207973234,0.8384169843236519,401.0,133.0,3250.9,,"mul(log(sin(quart(square(exp(sin(X1)))))), div(div(log(log(mul(X3, div(div(sin(X2), sqrt(quart(X4))), mul(sqrt(exp(sin(sin(X2)))), cos(sin(X9))))))), sqrt(mul(mul(X10, X2), quart(mul(sin(X1), square(sin(X2))))))), mul(mul(cube(mul(mul(add(div(mul(sqrt(exp(sin(sin(X1)))), cos(cube(sin(X2)))), mul(mul(cube(mul(mul(add(sin(cube(add(cos(exp(log(cube(X2)))), mul(X7, cube(exp(X3)))))), log(X4)), quart(square(X1))), mul(X5, X1))), sub(X7, X2)), cos(mul(sub(exp(X3), square(exp(sin(X2)))), sub(X5, X4))))), log(X8)), quart(square(X1))), cube(exp(sqrt(cube(X2)))))), sub(X7, div(add(div(X5, X4), cos(div(X6, sqrt(X4)))), mul(mul(X6, X5), cube(X2))))), cos(sin(sin(X4))))))"
594_fri_c2_100_5,MRGPRegressor,ok,5.0,-0.7935356134998013,1.492452573039623,212.0,70.0,3070.6,,"mul(add(square(mul(X1, X2)), mul(X4, mul(X4, X1))), add(sub(div(square(log(sub(add(X5, log(add(X2, X1))), square(X2)))), cube(square(log(sin(X1))))), div(mul(X2, mul(sqrt(quart(X3)), X5)), sin(div(square(cube(X2)), add(cos(X1), sin(add(sqrt(quart(X3)), X1))))))), add(mul(square(sin(X5)), mul(cube(quart(sqrt(sin(add(X2, X1))))), div(X5, X3))), log(X3))))"
595_fri_c0_1000_10,MRGPRegressor,ok,10.0,0.2838691710147816,0.8895426945605924,446.0,148.0,3017.7,,"sub(mul(sub(cube(add(sin(X1), cube(mul(cos(div(exp(X10), mul(mul(X2, cos(X1)), X4))), square(X3))))), log(sqrt(mul(X5, X6)))), X4), quart(mul(div(X5, div(mul(add(sin(X2), log(div(square(mul(X2, mul(log(mul(cos(div(add(mul(X2, cos(X1)), mul(X1, sub(sin(X4), log(quart(X8))))), X9)), cos(div(square(mul(X2, X1)), cos(cube(X2)))))), sqrt(div(square(mul(X2, X1)), cos(mul(X2, cos(X1)))))))), div(mul(add(X4, log(sin(X10))), quart(square(X2))), sqrt(X1))))), quart(square(X1))), mul(quart(mul(cube(log(mul(X5, square(X3)))), sqrt(div(square(mul(X2, X1)), X8)))), X1))), sqrt(div(square(mul(X2, mul(cube(log(mul(X8, cos(cos(X3))))), sqrt(div(square(mul(div(X4, X2), X1)), cos(cube(X2))))))), cos(div(X10, mul(sub(cube(add(sin(X1), X2)), X1), X9))))))))"
596_fri_c2_250_5,MRGPRegressor,ok,5.0,0.7217820888347934,0.5549952969370147,416.0,138.0,3132.8,,"sub(cos(mul(sub(square(sin(mul(X1, cos(sin(mul(sub(square(add(mul(cos(X2), sin(sin(X1))), sin(add(X2, X1)))), quart(exp(sub(X3, X5)))), sub(add(square(X1), add(X3, X2)), div(quart(quart(exp(X2))), div(quart(quart(sqrt(exp(X1)))), square(sub(sub(X2, mul(cube(cube(X2)), mul(exp(sin(X1)), sub(square(exp(X2)), div(quart(add(add(X4, X3), sin(X5))), div(quart(quart(exp(X4))), square(sub(sub(X2, mul(cube(cube(X2)), mul(exp(sin(X1)), X2))), exp(X4))))))))), exp(X4)))))))))))), mul(X4, div(X1, X4))), sin(X2))), div(div(quart(quart(exp(sub(X4, quart(X4))))), div(quart(sqrt(square(sin(X1)))), square(sub(mul(sqrt(X1), X2), sin(exp(X2)))))), div(quart(sqrt(square(X3))), square(sub(sub(exp(sin(X1)), X5), exp(X4))))))"
597_fri_c2_500_5,MRGPRegressor,error,,,,,,,ValueError: Input contains NaN.,
598_fri_c0_1000_25,MRGPRegressor,ok,25.0,0.5260026113155691,0.7649998912398123,449.0,149.0,3005.1,,"mul(add(sqrt(mul(cos(X3), exp(mul(X4, mul(cos(X7), X2))))), mul(div(mul(add(sub(mul(div(cos(X11), div(add(sqrt(cos(X3)), mul(X3, log(mul(X3, mul(cos(X1), X2))))), sub(X3, quart(add(sub(X3, exp(X24)), div(add(sub(add(sub(X16, X9), div(mul(X1, X8), sqrt(X1))), mul(div(X24, X4), quart(X8))), square(quart(X4))), sin(add(X5, X23)))))))), cos(cos(mul(mul(X5, sub(cube(X2), X4)), add(square(X1), cos(X3)))))), exp(X1)), sin(div(cube(X11), cos(X3)))), sqrt(X3)), div(X1, cos(sqrt(X2)))), cos(cos(cube(X2))))), sub(log(sqrt(mul(cos(exp(sqrt(mul(sub(X3, exp(mul(X4, cube(sqrt(mul(cos(X1), X6)))))), cos(log(mul(mul(X4, mul(X5, X10)), mul(cos(X1), X1)))))))), div(sqrt(X20), cos(X3))))), quart(add(sub(X5, exp(X25)), sin(div(X24, X1))))))"
599_fri_c2_1000_5,MRGPRegressor,ok,5.0,0.8573286553309829,0.3998990180227659,410.0,136.0,3085.4,,"mul(cube(square(sin(square(add(X4, X1))))), mul(sin(exp(X1)), mul(mul(add(mul(sqrt(quart(X3)), exp(log(X1))), cos(X2)), square(sin(add(mul(cube(square(sin(sin(X2)))), div(mul(add(X2, X1), X5), X4)), mul(mul(cube(mul(sin(add(X2, X1)), X2)), mul(sin(X5), mul(mul(sqrt(sin(X3)), exp(mul(X1, log(sin(X1))))), mul(X4, cos(sin(add(X1, X1))))))), sin(X3)))))), mul(cube(div(X3, X1)), mul(X1, mul(mul(add(mul(sqrt(quart(X3)), exp(log(mul(X2, sqrt(sin(X3)))))), cos(log(sin(exp(mul(cube(add(X2, X1)), sin(sqrt(log(exp(mul(cube(add(X2, X1)), sin(X2)))))))))))), exp(mul(sqrt(log(exp(mul(cube(add(X2, X1)), sin(sin(X5)))))), mul(sin(add(X2, X1)), X2)))), mul(sin(X5), X4)))))))"
601_fri_c1_250_5,MRGPRegressor,ok,5.0,0.5614832484531787,0.6785420265878599,449.0,149.0,3137.0,,"sub(mul(quart(mul(mul(sub(log(add(cos(X5), cube(X5))), mul(X2, mul(div(X2, X5), X4))), mul(mul(add(div(X3, X4), cube(sin(add(add(cube(X2), sub(mul(quart(cube(mul(sin(add(mul(X2, X2), X1)), log(X2)))), log(cube(sqrt(exp(div(log(mul(cube(cos(X3)), cos(sin(X2)))), add(square(X3), cube(mul(X2, X1))))))))), mul(cos(div(log(cos(X1)), add(square(X3), cube(X3)))), sqrt(mul(div(sin(X5), log(cos(log(cos(sin(add(X2, X1))))))), cube(mul(add(mul(sqrt(quart(X3)), exp(log(X1))), X5), X4))))))), div(div(X4, X5), exp(X5)))))), sin(quart(cos(sin(X1))))), X3)), exp(sin(add(X2, X1))))), log(cube(sqrt(exp(X1))))), mul(cos(div(sin(add(X2, X1)), add(square(X1), X4))), sqrt(mul(div(sin(X5), log(sin(log(exp(add(X2, X1)))))), cube(sub(X1, X2))))))"
602_fri_c3_250_10,MRGPRegressor,ok,10.0,0.7165373875218973,0.6072106489053799,443.0,147.0,3092.0,,"mul(log(cos(div(div(log(cos(X8)), sqrt(X10)), mul(mul(cube(X2), sub(X7, log(cos(sub(exp(X5), X5))))), cos(sin(sin(X1))))))), div(div(log(add(mul(sqrt(X4), X1), add(quart(X9), square(mul(sin(div(exp(sqrt(sqrt(cube(add(X2, X1))))), X10)), X4))))), sqrt(quart(X4))), mul(mul(cube(mul(mul(add(sqrt(X4), sqrt(sqrt(cube(sin(X2))))), X5), mul(exp(sin(sin(add(X2, X6)))), sqrt(log(mul(X6, sin(square(X3)))))))), div(div(log(add(mul(X3, X5), add(quart(exp(log(X7))), square(mul(mul(mul(cube(X2), sub(X7, log(X1))), X1), X4))))), sqrt(quart(X4))), mul(mul(cube(mul(mul(add(X2, sqrt(sqrt(cube(sin(X2))))), X5), mul(exp(sin(sin(add(X2, X1)))), sqrt(log(mul(X6, sin(square(sin(X4))))))))), sub(X7, X2)), cos(sin(X1))))), div(X1, cube(quart(X8))))))"
603_fri_c0_250_50,MRGPRegressor,ok,50.0,-0.1120757995877126,0.9480545770769008,452.0,150.0,3270.9,,"mul(exp(mul(mul(square(X2), sub(cos(X3), X43)), sqrt(div(X1, div(mul(cos(sin(mul(mul(square(X3), X15), quart(mul(quart(sub(X5, X1)), X2))))), cube(div(div(X1, div(X5, X4)), mul(cos(X1), X4)))), sub(mul(mul(mul(X4, log(exp(cos(X49)))), exp(X35)), log(div(mul(X34, X47), quart(quart(square(X3)))))), mul(mul(add(div(X43, X31), quart(X28)), sin(div(mul(sqrt(X5), quart(square(X14))), add(sub(square(X47), div(X29, X4)), sin(exp(X2)))))), log(square(log(X37)))))))))), sub(X5, mul(X2, sqrt(add(mul(div(mul(sqrt(X15), quart(square(X14))), mul(mul(X4, mul(mul(sqrt(X5), quart(square(X14))), log(X3))), log(div(mul(square(X2), mul(X1, mul(X1, log(exp(cos(X50)))))), X4)))), log(div(mul(exp(mul(cos(X1), sub(X2, X31))), mul(square(X2), X35)), X4))), div(div(X5, X4), X41))))))"
604_fri_c4_500_10,MRGPRegressor,ok,10.0,-0.8616638350272077,1.4364428759601409,392.0,130.0,3071.8,,"mul(mul(sub(log(add(cos(X4), cube(X10))), mul(X1, mul(div(X7, div(X4, X6)), sin(mul(X10, sin(quart(div(X7, div(X4, mul(log(div(cube(square(exp(X5))), mul(cos(div(X3, X2)), cos(cos(X3))))), div(div(cos(sin(add(X2, X1))), exp(mul(sin(X2), exp(sin(X1))))), X10))))))))))), mul(mul(add(div(X3, square(sin(div(sub(sin(log(log(X4))), mul(sub(log(add(cos(X5), X4)), mul(log(log(X8)), mul(X9, exp(X1)))), mul(sqrt(X3), sqrt(X3)))), div(add(X5, X1), quart(cube(cube(X2)))))))), quart(X10)), sin(quart(X6))), mul(div(sub(sin(X4), cos(cos(exp(X1)))), exp(mul(sin(quart(X6)), exp(sin(sin(sin(X1))))))), sqrt(square(exp(X10)))))), log(quart(cube(exp(X10)))))"
605_fri_c2_250_25,MRGPRegressor,ok,25.0,-0.2891619838108212,1.1074384422755723,431.0,143.0,3451.1,,"mul(add(sqrt(mul(cube(cos(sin(X2))), div(sqrt(add(sqrt(mul(cos(sin(mul(log(sin(div(log(quart(add(cube(sin(X1)), sin(X2)))), div(square(X14), X4)))), log(mul(div(sqrt(log(log(cos(mul(log(sin(square(X6))), log(mul(div(sqrt(log(log(cos(sin(X4))))), sin(X2)), div(log(exp(square(X2))), quart(mul(cube(X2), sin(X1))))))))))), sin(X2)), div(log(exp(square(X2))), quart(mul(cube(X2), sin(X1))))))))), div(sqrt(X5), cos(X3)))), mul(div(cos(cos(X16)), sin(add(X5, X20))), cos(cos(cube(X2)))))), cos(X3)))), mul(div(mul(quart(cos(quart(sub(X20, X8)))), div(log(X1), quart(mul(cube(X1), sin(X1))))), sin(add(X17, X23))), cos(cos(cube(X2))))), sub(log(sin(log(sin(cube(X1))))), quart(add(sub(div(X14, X9), exp(X24)), sin(div(X24, X4))))))"
606_fri_c2_1000_10,MRGPRegressor,ok,10.0,0.4993577283873051,0.7688836232205208,437.0,145.0,3211.4,,"sqrt(mul(mul(div(exp(cube(X4)), exp(sub(mul(cos(exp(X2)), X4), mul(sub(exp(cos(exp(X1))), square(X3)), X5)))), square(div(X2, sub(mul(mul(add(sin(X7), log(mul(mul(X5, div(sub(sin(exp(sin(X2))), cos(cos(exp(X1)))), exp(mul(sin(square(cube(exp(sqrt(sqrt(mul(cos(exp(X1)), cos(X2)))))))), sin(X2))))), mul(X10, X4)))), quart(square(mul(div(X4, mul(cos(div(sin(X6), X2)), cos(cos(X4)))), div(sub(sin(exp(X8)), cos(cos(X7))), exp(exp(X5))))))), div(sin(mul(exp(sin(X1)), X2)), X2)), quart(add(quart(square(X6)), mul(quart(square(cos(square(X2)))), log(add(cube(X5), square(X5)))))))))), add(exp(add(X3, X9)), mul(sub(exp(X3), square(mul(quart(log(log(X4))), log(X6)))), square(mul(cos(sub(div(quart(X9), X3), log(X1))), cos(sin(X1))))))))"
607_fri_c4_1000_50,MRGPRegressor,ok,50.0,-0.011717843601672,1.0340582007527974,440.0,146.0,3097.2,,"div(mul(cos(sin(mul(mul(mul(exp(mul(cos(X1), sub(X43, X31))), quart(cos(cos(X2)))), X15), quart(X25)))), cube(div(cos(quart(X39)), cos(cube(X5))))), sub(mul(mul(sub(log(X37), cos(X35)), cube(div(X24, X45))), log(div(add(X31, add(X47, add(X32, add(X23, add(X9, add(X4, add(X16, add(X3, cube(sin(X16)))))))))), add(X37, X44)))), mul(mul(add(div(cos(add(square(div(quart(mul(sin(square(quart(X5))), sub(exp(sqrt(cube(X2))), sin(X47)))), cos(exp(cos(div(cube(X8), cube(X2))))))), mul(exp(sin(X2)), cos(sqrt(X1))))), X31), quart(X40)), sin(quart(mul(X4, div(mul(sin(exp(sin(X1))), div(X16, sin(div(div(sqrt(cube(X2)), cube(sin(X5))), X2)))), cube(mul(mul(sin(exp(sin(X1))), mul(sin(X1), cube(X2))), mul(X46, cube(X5))))))))), log(square(log(X37))))))"
608_fri_c3_1000_10,MRGPRegressor,ok,10.0,0.8063045890989426,0.4725418227670258,422.0,140.0,3026.7,,"mul(sub(sin(add(sub(sin(add(cos(sin(add(add(cos(sin(sin(add(X2, exp(cube(X2)))))), square(X5)), quart(X4)))), X3)), square(cos(cube(add(X3, X1))))), cos(mul(add(X2, X1), sin(X2))))), square(cos(sub(sin(mul(sub(mul(div(exp(cube(X2)), cube(cube(cube(X1)))), X4), square(cos(cube(X5)))), quart(sin(add(cos(sin(add(X2, X1))), div(cube(add(X1, X2)), square(cube(X5)))))))), sub(sin(add(sub(sin(add(X3, X3)), square(cos(cube(add(X2, X1))))), cos(mul(div(square(sin(X1)), square(cube(sin(square(X2))))), sin(X2))))), square(cos(sub(sin(mul(sub(sin(X5), square(cos(cube(X5)))), quart(X4))), mul(mul(sub(sin(add(X2, add(X2, X1))), square(cos(cube(X9)))), quart(add(X2, X1))), X4))))))))), mul(square(X5), square(cube(sin(square(X2))))))"
609_fri_c0_1000_5,MRGPRegressor,ok,5.0,-0.3805704409006065,1.095223105144259,437.0,145.0,3109.7,,"mul(add(mul(sqrt(sub(div(cos(div(square(X1), quart(mul(sub(X4, X2), log(sin(X2)))))), sqrt(cube(quart(sub(mul(X3, X3), exp(X1)))))), add(div(mul(sub(X3, mul(log(X4), X5)), sin(div(mul(X4, X5), exp(X1)))), log(mul(X4, X2))), sin(div(cos(X2), sin(X3)))))), X4), mul(sqrt(sub(div(cos(div(square(X1), quart(mul(X3, log(sin(X2)))))), sqrt(div(div(sub(square(X5), div(X2, X4)), mul(X4, log(sin(div(X5, log(cos(X1))))))), sub(X1, X4)))), add(div(mul(sub(X3, X4), sin(X1)), log(mul(X4, X2))), sqrt(mul(sin(sub(add(X1, X2), X5)), cube(cos(X4))))))), X4)), exp(mul(sub(add(X4, X5), exp(mul(X4, sqrt(mul(sin(mul(cos(cos(X1)), cos(X3))), cube(cos(X4))))))), log(sin(add(X2, sub(cube(add(X1, X2)), cos(X3))))))))"
611_fri_c3_100_5,MRGPRegressor,ok,5.0,-0.4008791275042238,0.95261498478548,221.0,73.0,3019.6,,"sub(div(square(log(div(mul(log(log(X3)), cos(X5)), sin(div(square(cube(X2)), add(div(mul(add(mul(cos(X1), mul(X4, cube(X1))), sin(sin(X3))), X4), sin(sub(square(X3), X5))), X1)))))), cube(square(log(sin(X1))))), div(mul(log(sub(mul(X1, X3), div(X1, X4))), cos(X5)), sin(div(mul(sqrt(X2), add(mul(X1, sin(X1)), sin(add(X2, X1)))), add(cos(X3), log(X3))))))"
612_fri_c1_1000_5,MRGPRegressor,ok,5.0,0.827138551861074,0.5024020242957068,452.0,150.0,3041.9,,"sub(mul(quart(mul(mul(sub(log(add(sin(add(X2, X1)), div(X3, X1))), mul(log(log(mul(X2, sin(add(X2, X1))))), mul(div(X2, X5), sin(X2)))), mul(mul(add(X4, quart(sin(mul(sub(log(add(cos(X5), div(sin(X2), X1))), mul(add(X4, X5), mul(div(mul(X4, sqrt(mul(X2, sin(add(X2, X1))))), X5), sin(X2)))), mul(mul(add(div(X3, mul(cube(mul(log(cos(exp(X1))), X4)), cos(sin(X2)))), quart(X5)), sin(quart(X4))), log(square(mul(sub(cos(log(sin(X4))), sqrt(mul(sin(X2), sin(add(X2, X1))))), sin(X2))))))))), sin(sin(square(sub(sqrt(cos(log(cube(X2)))), cube(X1)))))), log(square(log(X2))))), log(quart(cube(sin(cos(X2))))))), log(X4)), mul(cos(div(log(cos(X1)), add(square(X3), cube(X1)))), sqrt(mul(div(sin(X5), log(X1)), mul(X2, sin(add(X2, X1)))))))"
613_fri_c3_250_5,MRGPRegressor,ok,5.0,0.6499384199759315,0.6994541184769592,386.0,128.0,3257.7,,"sub(div(exp(add(cos(X1), X5)), cube(square(sub(div(square(log(sub(add(X5, X1), cos(cube(X3))))), cube(square(log(sin(X1))))), div(mul(mul(mul(sub(exp(X4), exp(sin(add(X2, X1)))), sub(X5, exp(X1))), sin(X5)), cos(square(quart(X4)))), sin(div(square(square(exp(log(sin(X2))))), add(cos(X3), log(X3))))))))), div(mul(log(sub(mul(X1, X3), div(X3, mul(add(mul(sqrt(X4), exp(log(X1))), cos(log(sin(X4)))), exp(mul(sub(add(X4, X5), exp(X1)), log(sin(add(mul(X4, sin(X5)), sin(exp(sin(add(X2, X1))))))))))))), cos(square(exp(sin(add(X2, X1)))))), sin(div(square(cube(X2)), add(quart(log(sub(add(X2, X1), square(X2)))), log(cos(log(sin(X4)))))))))"
615_fri_c4_250_10,MRGPRegressor,ok,10.0,0.021776085798065,0.9151611152998388,434.0,144.0,3188.4,,"mul(mul(sub(div(div(log(log(X1)), sqrt(sub(exp(X6), square(X3)))), mul(mul(cube(X2), sub(X3, X2)), div(div(mul(cube(X2), sqrt(exp(sin(add(X1, X2))))), sqrt(X10)), mul(mul(cube(quart(X6)), sqrt(add(sqrt(exp(sin(add(X1, exp(X5))))), div(cube(add(X1, X2)), square(X5))))), cos(sin(div(X4, sub(cube(X2), cube(cube(X10)))))))))), mul(log(log(sqrt(sqrt(quart(sub(div(cos(mul(sub(square(exp(X1)), sqrt(sqrt(add(sqrt(cos(X4)), log(add(cos(X3), cube(X10))))))), sub(add(square(X6), add(X3, X2)), cos(log(cube(exp(sin(add(X1, X2))))))))), X10), cube(cube(X1)))))))), mul(div(X7, div(X4, X6)), sin(X8)))), mul(mul(div(cube(square(X9)), mul(cos(add(X1, X2)), cos(X1))), sin(quart(X6))), log(square(log(X7))))), log(quart(cube(sin(cos(X2))))))"
617_fri_c3_500_5,MRGPRegressor,ok,5.0,-0.3903602363115541,1.0178961405757352,443.0,147.0,3083.9,,"sub(div(square(log(sin(mul(cos(exp(X1)), sub(sqrt(log(cos(X3))), mul(X1, X4)))))), cube(square(log(sin(X1))))), div(mul(log(sub(mul(sqrt(square(sin(mul(sin(cube(X5)), cos(sin(X2)))))), X3), div(X3, add(mul(mul(add(square(mul(X1, sin(X2))), mul(X4, cos(cos(square(quart(X4)))))), X2), sin(X5)), sin(add(X2, X1)))))), cos(square(quart(X4)))), sin(div(mul(log(sub(mul(sqrt(square(sin(mul(cube(cos(X1)), X2)))), X3), div(add(mul(sqrt(quart(X3)), add(X2, X1)), cos(cube(cos(X4)))), add(mul(X1, sin(X5)), sin(add(add(X2, X1), X1)))))), cos(square(quart(sub(mul(sqrt(square(sin(mul(cube(cos(X1)), X4)))), X3), div(div(cos(sin(sin(X2))), X4), add(mul(cos(X2), sin(X5)), sin(add(X2, X1))))))))), sin(div(square(cube(X2)), add(cos(X3), log(X3))))))))"
616_fri_c4_500_50,MRGPRegressor,ok,50.0,-1.6986298812619007,1.6497091428977804,401.0,133.0,3444.0,,"mul(sub(sin(sin(sin(exp(X5)))), add(square(mul(cube(X42), cos(X19))), quart(sin(div(X45, X25))))), sub(sin(cos(exp(cos(div(cube(X8), cube(cube(X2))))))), cos(div(square(cube(X39)), sqrt(add(add(quart(quart(quart(sin(div(sqrt(X2), mul(sqrt(exp(cube(X2))), div(quart(X4), quart(X5)))))))), quart(sin(square(X26)))), div(cos(exp(X5)), mul(add(X17, add(X10, add(X25, add(sqrt(add(X2, div(cos(sin(mul(X6, X17))), mul(quart(mul(X34, X35)), div(quart(sqrt(add(add(quart(quart(square(X50))), quart(sin(square(X5)))), div(cos(add(div(sub(X23, X4), cube(cube(X2))), cos(cube(div(X5, X4))))), mul(quart(X43), div(quart(X4), sin(X2))))))), sin(X2)))))), add(X45, add(X1, X36)))))), div(quart(X4), sin(X2))))))))))"
618_fri_c3_1000_50,MRGPRegressor,ok,50.0,0.7436768395872522,0.5300460808541541,440.0,146.0,3091.5,,"div(mul(cos(sin(mul(mul(X23, X15), quart(mul(sqrt(div(X4, X35)), quart(quart(X50))))))), cube(div(cos(quart(X39)), cos(cube(X5))))), sub(mul(mul(sub(log(X37), mul(sin(mul(sub(X12, X23), add(X22, X26))), add(sin(sin(X2)), quart(sin(square(X25)))))), cube(div(X24, X45))), log(div(mul(sqrt(add(add(sin(sqrt(cos(add(sin(X1), X2)))), quart(div(quart(X4), sin(mul(X1, quart(mul(X1, quart(cos(cos(X2)))))))))), div(sin(sin(X2)), cos(sub(sin(X2), mul(add(X4, sin(sin(X2))), X4)))))), X47), X14))), mul(mul(cube(X4), sin(X1)), log(add(div(quart(cos(add(X4, cube(sin(X2))))), sin(mul(X1, quart(cos(cos(X2)))))), sin(sqrt(add(quart(X4), div(cos(cube(square(X3))), mul(X1, div(quart(add(sin(sqrt(cos(add(sin(X1), X2)))), quart(sin(square(X3))))), X29)))))))))))"
620_fri_c1_1000_25,MRGPRegressor,ok,25.0,-0.0395561910511921,0.9723932016940362,437.0,145.0,3313.0,,"mul(square(X4), div(mul(add(sqrt(mul(cos(cos(sin(X2))), div(mul(cos(sin(X8)), div(sqrt(X5), cos(mul(add(sqrt(mul(cos(sin(X8)), div(sqrt(X5), cos(X3)))), mul(mul(cube(cos(sin(X2))), div(X24, quart(mul(cube(X1), sin(X1))))), cos(cos(cube(X2))))), log(exp(square(X2))))))), cos(X3)))), mul(div(log(sin(X1)), mul(mul(sqrt(div(X4, exp(X1))), cube(cos(sin(X2)))), div(mul(cube(X4), sin(cube(cos(X2)))), quart(mul(cube(X1), sin(cube(X1))))))), cos(cos(X4)))), mul(exp(X1), div(X2, mul(square(X4), div(mul(add(sqrt(mul(cos(cos(sin(X2))), div(sqrt(X5), cos(X3)))), mul(X4, cos(cos(cube(X2))))), mul(exp(X1), div(log(sin(X1)), quart(mul(cube(X1), X2))))), quart(mul(sin(exp(X1)), sin(X2)))))))), quart(mul(sin(exp(X1)), sin(X2)))))"
621_fri_c0_100_10,MRGPRegressor,ok,10.0,0.6425213388369573,0.6134369392764643,227.0,75.0,3032.2,,"mul(sub(div(div(sin(X4), sqrt(quart(X4))), mul(mul(cube(X2), log(X9)), X5)), mul(log(log(X3)), mul(div(div(quart(add(X10, X4)), div(quart(quart(sqrt(square(X1)))), sin(add(X2, X1)))), X8), sin(div(div(log(X10), sqrt(div(X4, X1))), mul(mul(cube(X2), log(X1)), X5)))))), mul(mul(square(X2), sin(quart(mul(mul(X1, square(X2)), mul(log(X4), mul(X5, X1)))))), log(square(log(X3)))))"
622_fri_c2_1000_50,MRGPRegressor,ok,50.0,-0.4379694302175281,1.2241623861379978,428.0,142.0,3035.2,,"mul(div(quart(X4), add(add(quart(cube(mul(X1, quart(cos(cos(mul(sin(X1), X2))))))), quart(sin(square(X1)))), div(cos(sin(mul(X6, X17))), mul(log(sqrt(X3)), div(quart(X4), add(add(quart(sin(X5)), quart(sin(square(X2)))), div(X2, mul(quart(quart(X4)), div(X2, sin(mul(X5, div(quart(X4), cube(mul(mul(sin(X1), X2), mul(X1, quart(cos(mul(sin(X1), sin(X2))))))))))))))))))), mul(X2, cos(cos(mul(div(quart(X4), cube(mul(X5, quart(cos(add(add(quart(sin(X5)), quart(sin(sqrt(sin(X2))))), div(X2, sin(square(X2))))))))), div(cos(quart(sin(X5))), mul(log(sqrt(X3)), div(mul(sin(X1), X2), add(add(quart(sin(X5)), quart(sin(square(X2)))), div(cos(sin(mul(X6, X45))), mul(quart(mul(X34, cube(sin(cube(X29))))), div(quart(X4), sin(X2)))))))))))))"
623_fri_c4_1000_10,MRGPRegressor,ok,10.0,-0.8875871968198457,1.1661324931737929,449.0,149.0,3290.1,,"mul(log(sin(quart(cube(square(X2))))), div(div(mul(mul(X5, div(sub(sin(X2), cos(cos(exp(X1)))), exp(mul(sin(square(X2)), sub(X9, sin(X7)))))), mul(X10, X4)), sqrt(quart(mul(div(add(sqrt(X4), X1), quart(cube(X2))), quart(mul(mul(X5, div(sub(sin(log(log(sin(X1)))), cos(quart(sqrt(quart(add(exp(log(X1)), X2)))))), X6)), mul(square(sin(X1)), X4))))))), mul(mul(div(div(exp(mul(sin(X2), sub(exp(X1), sin(X1)))), sqrt(quart(mul(div(add(sqrt(X4), X1), quart(cube(X2))), quart(mul(mul(X5, div(sub(sin(log(log(sin(X1)))), cos(quart(sqrt(quart(add(exp(log(X1)), X2)))))), exp(X8))), mul(square(sin(X1)), X4))))))), mul(mul(cube(X2), sub(square(sqrt(X5)), add(cube(X1), cos(X3)))), cos(sin(X9)))), sub(square(sqrt(cube(X1))), add(cube(X1), cos(X3)))), cos(sin(X9)))))"
624_fri_c0_100_5,MRGPRegressor,ok,5.0,-0.5873084260464139,1.1025302093098963,215.0,71.0,3061.5,,"sub(div(square(log(X2)), cube(square(log(sin(X1))))), div(mul(log(sub(mul(X1, X3), div(X3, X5))), cos(mul(mul(log(div(sin(exp(X3)), add(X1, X3))), log(div(div(X4, sqrt(mul(X1, X2))), sub(add(X5, X2), cos(sqrt(X3)))))), X1))), sin(mul(log(mul(quart(X4), mul(mul(X3, quart(X2)), sub(X2, X4)))), sub(sin(cos(X2)), cos(add(square(X4), quart(X3))))))))"
626_fri_c2_500_50,MRGPRegressor,ok,50.0,0.3212246430635153,0.8218451841978062,443.0,147.0,3075.4,,"add(div(cos(sqrt(add(add(cube(X5), quart(sin(square(X26)))), div(cos(sin(div(log(X4), exp(mul(sin(square(X2)), sin(div(X1, exp(cos(exp(X2)))))))))), mul(log(sin(cos(div(cos(sin(sin(div(sub(sin(log(X4)), cos(X3)), sub(sin(log(log(X4))), cos(cos(mul(mul(X2, square(sqrt(X1))), cos(exp(X2)))))))))), mul(X1, square(quart(sin(X35)))))))), sin(quart(div(sub(sin(log(cos(exp(mul(X1, square(cos(X21))))))), cos(X3)), exp(mul(cos(exp(mul(sub(sin(X2), X7), quart(cos(cos(X1)))))), sub(exp(X2), sqrt(X1)))))))))))), mul(cube(cos(exp(mul(sub(square(mul(X1, square(exp(mul(sin(sin(sqrt(cos(X1)))), sin(X2)))))), sqrt(cube(mul(X2, div(X1, exp(cos(exp(X2)))))))), quart(cos(cos(X1))))))), div(quart(X4), sin(X2)))), div(cos(sin(log(X5))), mul(X1, square(X2))))"
627_fri_c2_500_10,MRGPRegressor,ok,10.0,0.292337841416403,0.8115585989890743,401.0,133.0,3168.4,,"sub(quart(log(sin(X3))), mul(mul(sub(log(add(quart(add(mul(div(div(log(log(X5)), sqrt(quart(mul(mul(add(sin(X2), square(X2)), quart(square(X1))), cube(X8))))), mul(mul(X1, square(X2)), sin(X1))), cube(X2)), add(cube(add(X4, mul(cos(sin(X2)), cos(cos(X3))))), add(sin(X2), cube(X8))))), cube(X10))), mul(log(log(X8)), mul(div(X7, mul(mul(cos(mul(mul(add(sqrt(cube(square(X1))), quart(X10)), X3), log(square(log(X7))))), quart(square(X4))), cube(exp(mul(sqrt(cube(exp(sin(add(sin(X2), X1))))), sub(exp(sin(add(sin(X2), X1))), X5)))))), quart(X3)))), mul(mul(add(sqrt(cube(exp(X1))), quart(X10)), log(log(X4))), log(square(log(X7))))), log(mul(sqrt(sin(X2)), sub(cos(sin(X2)), X3)))))"
628_fri_c3_1000_5,MRGPRegressor,ok,5.0,0.2271275817662196,0.7864428812174892,452.0,150.0,3234.9,,"mul(add(mul(sqrt(div(X4, X2)), exp(log(X4))), sub(div(square(log(sub(add(X1, X1), square(sin(X5))))), cube(square(log(sin(X1))))), div(mul(log(sub(mul(sqrt(quart(X3)), exp(exp(sqrt(X1)))), div(X3, X4))), cos(square(quart(X4)))), sin(div(square(cube(X2)), add(cos(X3), log(X3))))))), mul(mul(sub(log(add(cos(X5), cube(X5))), mul(log(log(sin(add(X2, X1)))), mul(div(X2, X5), sin(mul(square(sin(X1)), log(sin(X2))))))), add(mul(mul(cos(cos(X2)), sin(X3)), add(X2, X1)), sub(div(square(log(sub(add(X1, sin(X4)), square(X2)))), cube(square(log(sin(exp(sin(add(X2, X1)))))))), div(mul(log(sub(mul(X1, X3), div(X3, X4))), cos(square(quart(X4)))), sin(div(square(cube(cube(X2))), exp(mul(sub(X4, exp(sin(add(X2, X1)))), X2)))))))), log(quart(sin(add(X2, X1))))))"
631_fri_c1_500_5,MRGPRegressor,ok,5.0,0.0227102142964611,0.9278998966707588,440.0,146.0,3033.2,,"sub(div(square(log(sub(add(X5, cos(exp(X1))), mul(add(mul(sqrt(quart(X3)), exp(log(X5))), cos(X4)), exp(mul(sub(sin(X2), exp(X1)), log(sin(X2)))))))), cube(square(log(mul(cube(mul(quart(X4), cos(mul(cos(div(log(cos(X1)), add(square(X3), cube(X2)))), sqrt(mul(div(sin(X5), log(X4)), cube(div(square(X2), cube(mul(X2, sin(add(mul(X1, X2), X2)))))))))))), sin(add(mul(X1, X2), sin(X2)))))))), div(mul(log(sub(mul(sub(log(X4), mul(log(log(X3)), mul(div(X2, X5), sin(X2)))), mul(mul(add(div(X3, X1), add(square(mul(square(mul(X1, sin(X2))), X2)), mul(sub(add(X4, X5), exp(X1)), log(sin(exp(X1)))))), sin(quart(X1))), cos(div(log(cos(X1)), X4)))), X4)), cos(square(quart(X4)))), sin(div(square(cube(X1)), add(cos(X3), sqrt(X1))))))"
633_fri_c0_500_25,MRGPRegressor,ok,25.0,0.2814533552777343,0.8497980769105297,440.0,146.0,3245.5,,"div(mul(cos(mul(X1, exp(sqrt(X3)))), cube(div(mul(sub(mul(log(square(X5)), cube(mul(cube(cos(mul(X4, log(sub(mul(log(sin(square(exp(X22)))), log(add(mul(X18, X2), X5))), div(sqrt(add(quart(X19), cube(X1))), div(mul(quart(cube(add(X4, cos(X2)))), cos(X3)), X14))))))), mul(X5, X2)))), div(sqrt(X4), mul(cos(X2), X4))), mul(X1, exp(mul(X2, mul(X5, mul(X5, X2)))))), cos(cube(mul(X4, X5)))))), sub(mul(mul(sub(X8, cos(X10)), cube(div(X24, X20))), log(div(mul(X18, X22), add(X12, X2)))), mul(mul(mul(X5, X14), sin(quart(X3))), log(div(X4, sub(mul(cos(cube(mul(X1, exp(mul(cube(sin(X2)), mul(sqrt(X1), X2)))))), sqrt(div(X1, mul(cube(quart(X3)), quart(X1))))), mul(mul(add(quart(X14), square(X4)), sin(X3)), log(square(log(X12))))))))))"
634_fri_c2_100_10,MRGPRegressor,ok,10.0,0.0571052547902605,1.0364760480212023,200.0,66.0,3069.0,,"sqrt(mul(mul(div(exp(cube(X4)), cube(sin(cube(cube(X1))))), square(div(log(X5), div(X10, X8)))), add(mul(log(cos(sin(quart(X3)))), div(div(log(div(sub(X2, cos(cos(exp(X1)))), exp(mul(sin(square(X2)), sub(exp(X6), X10))))), X4), mul(mul(cube(X2), sub(X7, X2)), cos(sin(X9))))), mul(sub(exp(X3), cube(X5)), cube(add(X2, X10))))))"
635_fri_c0_250_10,MRGPRegressor,ok,10.0,0.3715782786764233,0.7944313418910314,446.0,148.0,3028.4,,"mul(log(div(cube(square(mul(sqrt(cube(sqrt(X2))), sub(exp(X1), X5)))), mul(sqrt(mul(mul(div(exp(cube(X4)), cube(div(mul(log(div(cube(X6), mul(cos(div(X3, X2)), cos(cos(X3))))), div(div(log(log(X1)), sqrt(quart(X4))), mul(mul(cube(X2), sub(X7, quart(mul(cube(log(mul(cos(X4), square(X3)))), sqrt(div(square(exp(X2)), cos(quart(X1)))))))), cos(sin(X9))))), X5))), square(div(log(mul(X5, div(sub(sin(log(log(mul(sqrt(add(X9, cube(sqrt(X4)))), mul(sin(cos(X1)), X2))))), cos(cos(exp(X1)))), exp(mul(sin(square(X7)), sub(mul(X9, X2), sin(X7))))))), sqrt(X2)))), add(cos(exp(log(mul(sqrt(div(X1, X9)), sub(exp(X1), X5))))), mul(sub(exp(X3), X6), mul(X2, sqrt(X1)))))), cos(cos(X3))))), div(div(sub(add(X6, exp(X6)), X7), sqrt(quart(X4))), X3))"
637_fri_c1_500_50,MRGPRegressor,ok,50.0,0.4908707871664777,0.6885647112761788,407.0,135.0,3458.3,,"mul(cos(add(square(div(mul(exp(X1), sub(cube(sqrt(sqrt(square(X2)))), X2)), X20)), mul(exp(log(X23)), cos(sqrt(X1))))), log(sub(cube(mul(add(X2, add(X10, add(X25, add(X28, add(sin(X1), div(quart(sin(mul(mul(mul(log(sqrt(X3)), div(quart(X4), mul(sqrt(square(X2)), X1))), X5), X17))), X12)))))), div(quart(X4), div(X2, cube(div(sqrt(add(add(quart(quart(sqrt(cos(mul(exp(X1), sub(cube(sqrt(sqrt(sin(sin(X2))))), X2)))))), quart(sin(mul(mul(square(X4), X5), X17)))), div(mul(cos(X1), quart(mul(cos(div(cos(X1), cube(X2))), sqrt(sin(exp(X1)))))), mul(quart(mul(X34, X35)), div(mul(cos(X1), mul(exp(X1), sqrt(cube(sin(X2))))), sin(X2)))))), cube(sin(X2)))))))), add(cube(exp(X1)), cos(sin(X19))))))"
641_fri_c1_500_10,MRGPRegressor,ok,10.0,0.242599848319148,0.7565098077591608,449.0,149.0,3082.1,,"sqrt(mul(mul(div(exp(cube(X4)), cube(mul(log(cube(cube(mul(mul(add(sin(X2), log(X2)), quart(square(sin(X1)))), cube(add(X2, X1)))))), sqrt(mul(mul(div(exp(cube(X4)), cube(X3)), square(div(log(X5), log(quart(div(sin(cos(div(square(X2), cube(X4)))), mul(div(X2, sub(mul(sin(add(sin(X2), X1)), X1), X4)), sub(exp(X3), quart(add(quart(exp(sin(X2))), quart(sin(mul(square(sin(X2)), X1))))))))))))), add(cos(X7), mul(sub(exp(X3), square(X5)), log(quart(div(sin(exp(cube(X4))), mul(div(cos(X1), mul(sin(X5), X1)), exp(X4)))))))))))), X4), add(exp(X3), mul(sub(sqrt(mul(mul(div(exp(cube(X4)), cube(X3)), square(div(log(X5), X9))), add(cos(X7), X1))), quart(add(quart(mul(sin(add(sin(X2), X1)), exp(sin(log(X5))))), quart(square(X9))))), exp(sin(add(X2, X1)))))))"
643_fri_c2_500_25,MRGPRegressor,ok,25.0,-0.8398922659418444,1.267599892873012,404.0,134.0,3007.5,,"mul(add(sqrt(mul(cos(mul(add(sqrt(mul(cos(sin(X8)), div(sqrt(X5), cos(X3)))), mul(div(cos(cos(X16)), sin(add(X5, X23))), cos(cos(cube(X2))))), sub(log(sin(log(cos(cube(X2))))), quart(add(sub(div(X14, X9), exp(quart(X6))), sin(div(div(cube(div(add(div(X23, sub(mul(log(sin(square(X6))), div(cube(X6), quart(mul(cube(X1), sin(X1))))), div(sqrt(add(quart(X19), X3)), div(mul(quart(X5), sin(X1)), log(sub(X1, X16)))))), mul(X4, X7)), div(mul(X22, X16), log(X14)))), sub(X2, log(mul(cube(X1), X2)))), X4))))))), div(sqrt(X5), cos(X3)))), mul(div(cos(cos(X16)), X18), cos(cos(cube(X2))))), sub(log(mul(cube(X1), sin(log(X9)))), quart(add(cube(cube(X2)), sin(div(X24, X4))))))"
644_fri_c4_250_25,MRGPRegressor,ok,25.0,-1.063362418275907,1.2796188956177963,371.0,123.0,3334.8,,"mul(add(sqrt(mul(cos(sin(sin(X2))), div(sqrt(X5), cos(X3)))), mul(div(cos(cos(X16)), sin(add(X5, div(sin(X1), cube(cos(sin(X2))))))), cos(cos(cube(mul(cube(X2), sin(X1))))))), sub(quart(cos(quart(cube(div(log(div(log(quart(X2)), sqrt(add(square(X13), sub(X24, X13))))), add(exp(sub(add(add(X3, X4), square(sin(div(cube(div(add(div(X23, X20), mul(X4, X7)), div(mul(X22, X16), log(X14)))), div(log(exp(square(X5))), quart(mul(cube(X2), cos(exp(X1))))))))), sub(mul(X15, square(X5)), sin(X9)))), exp(cos(sub(div(X13, X5), log(X4)))))))))), quart(add(sub(log(sin(log(quart(mul(cube(X2), sin(X1)))))), exp(X24)), div(X20, X1)))))"
645_fri_c3_500_50,MRGPRegressor,ok,50.0,0.2340261315307207,0.7811265915255725,404.0,134.0,3147.9,,"div(mul(cos(sin(mul(mul(mul(exp(X1), quart(cos(cos(X2)))), X15), quart(X25)))), cube(div(cos(quart(X39)), cos(cube(X5))))), sub(mul(mul(X3, div(X12, X4)), log(div(mul(X18, mul(sin(square(sin(mul(exp(X1), quart(cos(cos(X2))))))), X9)), mul(exp(X2), quart(mul(X4, mul(log(square(log(div(cube(X2), X45)))), quart(cos(exp(sin(X2))))))))))), mul(mul(add(div(X43, X31), sub(mul(mul(mul(X17, sin(mul(mul(mul(X48, quart(cos(cos(X1)))), X15), X5))), log(square(log(div(cube(X2), X4))))), X3), mul(mul(add(div(X43, X31), quart(cos(sin(mul(mul(mul(exp(X1), quart(cos(cos(X2)))), X15), quart(X25)))))), sin(cube(cos(X1)))), X33))), sin(mul(cos(X2), X1))), log(square(log(div(cube(X2), X45)))))))"
646_fri_c3_500_10,MRGPRegressor,ok,10.0,0.2422363220512332,0.757039698761659,446.0,148.0,3144.5,,"sub(div(sqrt(mul(mul(mul(mul(mul(square(div(square(exp(sin(X2))), sqrt(X2))), square(sin(X1))), square(sin(X1))), cube(X2)), square(div(mul(mul(X2, square(sin(X1))), X3), sqrt(quart(quart(cube(X7))))))), add(cos(mul(X1, sin(X1))), mul(sub(exp(X3), square(X5)), cube(add(X4, X10)))))), X7), mul(mul(div(exp(X5), mul(cube(exp(sin(sqrt(mul(mul(div(exp(mul(quart(square(sin(X1))), sin(add(mul(mul(mul(X2, cube(X2)), square(div(log(X5), sqrt(quart(quart(cube(X2))))))), add(cos(mul(X1, sin(X1))), mul(sub(exp(X3), square(X5)), cube(add(X4, X5))))), square(cube(sin(X1))))))), cube(sin(X1))), mul(mul(square(div(square(exp(sin(X2))), sqrt(X2))), square(sin(X1))), cube(X2))), add(cos(exp(log(X5))), mul(sub(exp(X3), square(X5)), cube(cos(X5))))))))), square(sin(X1)))), X2), X4))"
647_fri_c1_250_10,MRGPRegressor,ok,10.0,0.7364479579991616,0.5123744999208273,449.0,149.0,3153.5,,"sub(cos(mul(sub(square(exp(X1)), cube(mul(div(sub(exp(cube(X2)), div(sin(cos(div(square(X2), quart(cube(square(sin(sin(X2)))))))), mul(sub(X5, mul(cube(X2), cube(sin(X1)))), exp(square(X7))))), sub(X1, X4)), exp(square(X7))))), sub(add(square(sub(X4, X5)), add(X3, X2)), cos(add(cube(mul(div(sub(exp(sub(sin(log(X5)), X4)), div(sin(cos(div(square(X2), quart(cube(X2))))), sub(mul(mul(mul(mul(div(exp(exp(sin(X2))), cube(sin(X1))), sqrt(X1)), add(sub(X2, sin(add(X2, X1))), mul(sub(exp(X3), square(X5)), cube(add(X4, X10))))), quart(square(X8))), cube(exp(cos(X7)))), quart(add(exp(sin(mul(X4, sqrt(cube(X2))))), add(X2, X1)))))), sub(X1, X4)), exp(square(X7)))), X5))))), div(quart(add(X10, X4)), div(quart(sqrt(square(X1))), square(sub(sub(X2, X5), exp(X9))))))"
648_fri_c1_250_50,MRGPRegressor,ok,50.0,0.5467305735677508,0.6739048113832341,416.0,138.0,3056.6,,"add(add(quart(X3), sqrt(square(sin(sin(add(X2, X1)))))), div(cos(X7), mul(X18, mul(div(sub(div(sqrt(cube(X4)), sub(div(cube(X4), cube(sqrt(X2))), sin(div(sqrt(cube(X2)), cube(div(sqrt(cube(mul(X1, quart(cos(cos(add(quart(quart(square(add(X2, X1)))), sqrt(square(sin(X1)))))))))), cube(sin(X33)))))))), quart(sin(div(mul(quart(mul(cube(sqrt(sqrt(sin(cube(X2))))), sin(div(div(sin(mul(X42, X22)), square(mul(add(X41, div(exp(X3), X3)), X12))), X4)))), div(quart(X4), sin(sqrt(sin(X2))))), exp(mul(X4, sub(exp(sqrt(sin(exp(X1)))), sin(X47)))))))), sqrt(X5)), sqrt(add(add(quart(cos(mul(exp(X5), mul(sin(add(X2, X1)), sin(X2))))), div(X44, X2)), div(add(X15, X48), mul(sqrt(X5), div(quart(X4), mul(X9, X2))))))))))"
649_fri_c0_500_5,MRGPRegressor,ok,5.0,0.4381862156852046,0.6483818599074392,350.0,116.0,3196.1,,"mul(add(square(mul(cube(X3), X1)), mul(div(add(X2, X2), square(quart(log(X3)))), cos(div(mul(log(sub(mul(cos(X1), X3), div(X3, X2))), cos(square(quart(X4)))), sin(div(square(cube(div(mul(mul(X1, mul(X1, X2)), log(quart(quart(X4)))), mul(add(square(square(mul(add(cos(X5), exp(X1)), X2))), mul(X4, cos(X3))), square(sqrt(X2)))))), add(cos(X3), sub(mul(cos(X1), X2), div(X3, mul(square(X2), X1)))))))))), sub(mul(quart(square(X2)), log(X1)), div(mul(X3, cos(square(X1))), sin(div(square(X3), add(cos(mul(cos(cos(cos(X3))), sqrt(mul(div(sin(X5), exp(X1)), mul(X2, quart(X1)))))), log(X5)))))))"
650_fri_c0_500_50,MRGPRegressor,ok,50.0,0.1571302824427128,0.8253402996259114,428.0,142.0,3086.9,,"div(mul(cos(sin(mul(mul(mul(exp(mul(cos(X1), X1)), quart(cos(cos(X2)))), X7), X4))), mul(mul(mul(exp(mul(cos(X1), sub(X43, X31))), X29), mul(quart(square(X1)), X15)), quart(sqrt(X3)))), sub(mul(mul(sub(log(X37), cos(mul(mul(log(div(mul(X18, X47), add(exp(mul(sin(X1), X5)), X2))), X15), quart(X25)))), cube(div(X1, X45))), log(div(mul(cos(X3), square(sub(sqrt(X1), X2))), add(X37, X2)))), mul(mul(add(div(X43, X31), quart(div(mul(cos(sin(mul(X5, quart(sqrt(X18))))), cube(div(cos(quart(X39)), cos(cube(X5))))), sub(mul(mul(X4, cube(div(X24, X4))), log(div(log(X4), add(X37, X2)))), mul(X1, square(X2)))))), sin(div(X5, X4))), log(div(mul(X1, div(mul(exp(X4), X20), quart(square(X1)))), log(sub(X23, sqrt(X3))))))))"
651_fri_c0_100_25,MRGPRegressor,ok,25.0,-0.0781259680132642,1.090980455186143,224.0,74.0,3024.2,,"sub(mul(add(sqrt(mul(cos(log(sin(cos(X4)))), div(sqrt(div(X21, cos(mul(X16, mul(quart(X8), mul(X4, X2)))))), X24))), div(sin(div(quart(X8), X1)), X9)), sub(log(sin(log(sin(X25)))), quart(add(sub(div(X14, X9), mul(cos(X2), X1)), sin(sqrt(sin(X2))))))), div(sqrt(add(quart(X19), add(sin(sub(X15, X10)), X21))), div(mul(quart(X5), sin(exp(mul(exp(X1), X16)))), cos(X3))))"
653_fri_c0_250_25,MRGPRegressor,ok,25.0,-0.179926335069408,1.0515955249175064,437.0,145.0,3104.4,,"mul(add(sqrt(mul(cube(sin(sub(div(square(X1), exp(X23)), mul(cos(div(sin(cube(sin(sub(div(square(X10), exp(X2)), mul(cos(X4), X5))))), div(cube(sin(mul(mul(X4, mul(square(X1), X2)), X5))), sub(mul(log(X6), log(add(mul(X1, X2), add(sqrt(X5), X11)))), div(mul(X4, X5), div(mul(sin(mul(exp(X1), X9)), X23), add(sqrt(X3), square(sub(X11, X25))))))))), X1)))), div(sqrt(quart(X1)), cos(X3)))), mul(mul(square(X4), mul(X14, X2)), cos(cos(cube(cos(sqrt(mul(exp(X1), exp(X2))))))))), sub(sub(X8, X15), quart(add(sub(div(cube(sin(mul(exp(X1), exp(X2)))), X9), exp(X24)), sin(sub(mul(log(sin(square(X3))), log(add(mul(X18, X2), add(X4, X11)))), div(X4, div(mul(quart(mul(log(sub(X1, X16)), X2)), sin(X10)), log(sub(X1, X16))))))))))"
654_fri_c0_500_10,MRGPRegressor,ok,10.0,0.6130986658953654,0.6500104609653605,410.0,136.0,3067.9,,"sub(sub(mul(div(exp(mul(mul(X1, X2), X2)), cube(sin(div(exp(mul(X2, square(X1))), cube(sin(cube(X2))))))), X4), div(sub(div(mul(quart(X1), X2), X3), cos(X3)), sub(X5, sqrt(cube(sub(div(X1, sqrt(mul(mul(div(sub(div(sqrt(mul(sqrt(cube(X10)), X1)), X1), cos(div(sub(div(mul(quart(X1), cos(mul(sin(X2), X4))), X1), cos(X3)), sub(X5, sqrt(cube(sub(sub(sqrt(X1), X2), mul(sqrt(cube(sqrt(X2))), X1)))))))), sub(X4, X5)), X2), X2))), mul(sqrt(cube(X2)), X1))))))), mul(div(sub(div(X4, X1), cos(X3)), sub(X4, sin(X5))), sqrt(mul(mul(div(exp(cube(X4)), cube(sin(X1))), square(div(X1, sqrt(mul(X1, X2))))), add(cos(exp(log(X5))), mul(sub(X7, X4), cube(add(X2, exp(X1)))))))))"
656_fri_c1_100_5,MRGPRegressor,ok,5.0,-0.0112577012461316,0.9386475614058346,227.0,75.0,3129.2,,"add(sub(div(square(mul(add(square(mul(sin(X1), X2)), mul(X1, X4)), add(square(sqrt(square(X5))), exp(X4)))), cube(square(log(sin(X1))))), div(mul(log(sub(mul(X1, X3), div(X4, X4))), log(mul(sin(X1), X5))), sin(div(square(cube(X2)), add(cos(X3), log(add(mul(cube(X2), log(X1)), sqrt(X4)))))))), mul(add(mul(sqrt(X3), exp(log(X1))), cos(sin(X4))), exp(mul(X2, log(sin(X2))))))"
657_fri_c2_250_10,MRGPRegressor,ok,10.0,0.5718385198439829,0.6207033803776522,422.0,140.0,3010.3,,"sqrt(mul(mul(div(exp(add(X10, X2)), cube(sin(exp(sin(X2))))), square(X1)), add(cos(sin(add(X2, X1))), sqrt(mul(mul(div(mul(quart(cos(exp(sin(X1)))), div(square(div(exp(cube(X4)), cube(sin(X1)))), quart(sqrt(mul(mul(div(X6, cube(sin(exp(sin(X2))))), square(div(log(mul(add(sin(X2), cube(div(sin(sin(X2)), sin(X2)))), quart(square(X1)))), sqrt(X2)))), add(cos(sin(X2)), sqrt(mul(mul(div(exp(cube(X4)), cube(sin(X1))), square(div(log(div(sin(sin(X10)), sin(X2))), sqrt(X2)))), add(cos(exp(exp(X3))), mul(sub(exp(X3), square(X5)), cube(square(X8)))))))))))), cube(sin(X1))), square(div(X2, sqrt(X2)))), add(cos(exp(cube(exp(sin(sin(add(X2, exp(square(sin(X1)))))))))), mul(sub(exp(X3), square(X5)), cube(add(X2, X1)))))))))"
658_fri_c3_250_25,MRGPRegressor,ok,25.0,0.0475435937435807,0.8866782106230121,422.0,140.0,3229.4,,"mul(add(sqrt(mul(cos(sin(X8)), div(sqrt(X5), cos(X3)))), mul(div(cos(cos(X16)), sin(add(X5, mul(X2, square(sin(X1)))))), cos(add(cube(X2), X1)))), sub(log(sin(log(square(X9)))), quart(add(sub(div(X14, sub(log(sin(mul(quart(cos(quart(cube(X4)))), div(log(exp(X3)), quart(mul(cube(sqrt(X2)), sin(X1))))))), quart(add(sub(div(X14, X9), exp(cos(div(cos(quart(X1)), div(add(square(sin(X1)), mul(X4, X7)), sub(sqrt(square(cos(X17))), log(cos(mul(quart(cos(X10)), div(X5, quart(mul(cube(X2), sin(div(cos(cos(cos(cube(mul(X2, mul(div(square(sin(sin(X2))), sin(X13)), sin(X1))))))), sin(add(X5, X23)))))))))))))))), sin(div(X24, X4)))))), exp(X24)), sin(add(sin(X5), exp(mul(X2, square(quart(mul(sin(X2), sin(X1))))))))))))"
659_sleuth_ex1714,MRGPRegressor,ok,7.0,-1.7130286247326554,3742.881143396648,107.0,35.0,3003.8,,"div(div(mul(sin(sin(sub(X6, X1))), cos(sub(log(X5), X7))), div(quart(square(X4)), sin(div(square(X5), quart(X2))))), div(sqrt(sqrt(add(log(X2), X3))), mul(sqrt(square(X6)), X1)))"
663_rabe_266,MRGPRegressor,ok,2.0,0.805494319723403,21.729196957217862,257.0,85.0,3001.1,,"div(div(mul(X2, div(sin(sin(X1)), mul(quart(cos(div(X1, sqrt(div(exp(X1), exp(X2)))))), mul(sin(mul(div(X1, X2), log(X1))), quart(cube(X2)))))), mul(quart(cos(quart(X1))), mul(sin(mul(X1, X2)), quart(cos(mul(add(cos(square(X2)), X2), log(log(X1)))))))), div(div(mul(X1, cos(quart(sqrt(div(X1, exp(X2)))))), mul(quart(cos(log(X1))), mul(sin(mul(X1, X2)), quart(quart(X2))))), square(div(div(quart(X2), log(sin(X1))), exp(X2)))))"
665_sleuth_case2002,MRGPRegressor,ok,6.0,-1.0687229261765214,13.68852898277332,326.0,108.0,3312.8,,"add(div(sqrt(log(sin(sqrt(div(log(sin(cube(X6))), X5))))), quart(sub(sin(add(sin(X6), X6)), add(div(div(sin(mul(X6, X6)), square(div(div(mul(X4, X3), sin(square(exp(mul(X6, X2))))), sin(cube(X6))))), div(sub(exp(sin(mul(cos(cube(X6)), X6))), quart(X2)), cos(mul(X6, X3)))), sin(X5))))), mul(log(div(cube(mul(X6, X3)), sqrt(square(X6)))), log(mul(log(log(mul(X6, cos(sub(sqrt(cos(sin(div(log(cube(cube(quart(sqrt(mul(X4, X2)))))), cube(cube(sub(sqrt(X5), mul(cube(X6), cube(X6))))))))), mul(cube(X3), cube(X6))))))), mul(log(X2), exp(X3))))))"
666_rmftsa_ladata,MRGPRegressor,ok,10.0,-0.9783492729014408,5.5610787187894815,422.0,140.0,3304.6,,"mul(quart(mul(sub(cos(square(quart(X1))), mul(cos(mul(quart(cos(quart(cube(X8)))), div(quart(cos(add(mul(sin(cos(exp(X1))), div(log(exp(square(cos(X9)))), quart(mul(cube(X1), sin(X6))))), sub(X1, quart(X5))))), quart(mul(cube(X1), sin(X10)))))), mul(div(X8, X5), sin(log(div(mul(cos(quart(sub(quart(cube(X8)), X7))), mul(exp(X1), X8)), div(exp(sin(sqrt(X10))), cos(div(mul(X6, X2), mul(cos(exp(add(add(X1, cos(X3)), cos(X3)))), div(log(exp(square(X2))), quart(mul(cube(quart(cos(X3))), sin(X6)))))))))))))), mul(mul(add(cos(sqrt(X1)), quart(X10)), sin(cos(add(X10, cos(X3))))), log(square(mul(quart(cos(quart(cube(X8)))), exp(X1))))))), cube(add(mul(log(quart(X5)), square(X1)), mul(sqrt(square(X3)), sub(sin(X4), quart(X1))))))"
678_visualizing_environmental,MRGPRegressor,ok,3.0,-4.865590754231983,7.437158300882753,248.0,82.0,3003.5,,"mul(mul(div(exp(sin(X2)), log(sin(mul(sqrt(sin(quart(div(exp(X1), square(mul(X3, quart(X1))))))), cos(X1))))), mul(log(quart(mul(X1, X3))), X2)), cos(add(sin(X2), mul(X1, mul(mul(div(exp(sin(X2)), log(sin(mul(sqrt(sin(quart(sin(cube(mul(mul(div(sqrt(X1), cube(cube(X1))), X3), X2)))))), cos(log(sub(quart(sqrt(X3)), square(square(X1))))))))), cube(sin(sub(cos(div(X3, sqrt(square(X1)))), X1)))), cos(exp(log(X3))))))))"
687_sleuth_ex1605,MRGPRegressor,ok,5.0,-1.3908051495687466,29.316498681450728,140.0,46.0,3125.0,,"sub(div(square(log(sin(X5))), cube(square(log(sin(X1))))), div(mul(log(sub(mul(X1, X3), div(cos(log(quart(div(div(X2, X5), log(X3))))), X4))), cos(square(X5))), sin(div(square(cube(X2)), sub(log(X3), div(cos(log(quart(X3))), X4))))))"
690_visualizing_galaxy,MRGPRegressor,ok,4.0,-9.80777752852646,297.39597614450577,416.0,138.0,3063.4,,"mul(cos(div(div(cube(cos(X2)), quart(sin(X3))), div(log(quart(quart(X2))), X1))), div(quart(div(sub(div(X1, X4), sub(X3, X2)), log(square(X1)))), sqrt(sub(sub(div(exp(sin(X4)), div(cos(X2), square(div(sin(square(X2)), cube(exp(X1)))))), div(cube(sqrt(mul(X2, square(X1)))), cos(log(X2)))), sin(sub(sin(sin(mul(cube(cube(sqrt(div(sin(X2), X3)))), div(X2, log(X1))))), sub(cos(div(div(cube(cos(X2)), quart(sin(div(quart(X3), cube(div(X4, cube(X2))))))), div(square(cube(X2)), add(cos(sub(div(X3, mul(sqrt(X2), X4)), mul(X1, X3))), log(X4))))), div(sqrt(sin(sin(mul(cube(cube(sqrt(div(sin(div(mul(cos(cos(X4)), cos(exp(X1))), quart(square(sub(X4, X2))))), X3)))), div(X2, log(X1)))))), exp(X4)))))))))"
695_chatfield_4,MRGPRegressor,ok,12.0,-0.5634003069939282,44.597092943282064,440.0,146.0,3166.1,,"sub(log(add(mul(quart(sin(sin(mul(X11, X12)))), mul(div(X12, quart(mul(mul(square(sin(sqrt(quart(X11)))), mul(log(quart(X12)), cos(X9))), X11))), sin(X1))), mul(sin(exp(X3)), cos(quart(mul(log(X12), X11)))))), sub(div(cos(square(X10)), cos(X12)), div(sub(log(add(mul(quart(sin(quart(X6))), mul(cos(X11), sin(X1))), X1)), sub(div(exp(sin(square(X4))), cos(sqrt(square(X12)))), div(cube(sqrt(add(X8, X1))), cube(sub(log(add(mul(quart(sin(X10)), mul(cos(X5), cos(X10))), mul(X2, cos(quart(X7))))), sub(div(exp(sin(X11)), cos(square(sin(sqrt(quart(X11)))))), div(add(mul(quart(sin(add(mul(quart(sin(X6)), cos(quart(X7))), mul(sin(exp(X3)), cos(quart(exp(log(X2)))))))), cos(quart(X7))), mul(sin(exp(X3)), cos(quart(exp(log(X2)))))), quart(mul(X12, X11))))))))), X11)))"
706_sleuth_case1202,MRGPRegressor,ok,6.0,-1.0431057066445293,145.28528370986356,194.0,64.0,3030.3,,"div(quart(square(square(mul(log(X5), div(mul(cube(X2), X5), X1))))), div(sub(mul(sqrt(cube(X2)), log(sub(quart(X5), X5))), add(log(cube(X4)), square(add(cube(add(cube(sin(log(sub(X5, X6)))), X6)), X2)))), div(div(mul(log(quart(div(cube(mul(X6, X3)), X3))), square(quart(X5))), quart(cube(sin(log(sub(X5, X3)))))), quart(cube(X5)))))"
712_chscase_geyser1,MRGPRegressor,ok,2.0,-0.7091661852048292,16.28606548406644,398.0,132.0,3367.0,,"div(cube(log(div(quart(sin(sin(cube(cube(X2))))), div(cube(mul(quart(cos(X1)), log(log(X2)))), div(cube(cos(square(add(sqrt(sqrt(X1)), sin(sqrt(square(div(log(log(cos(log(X2)))), cube(X1))))))))), div(square(mul(exp(sin(X2)), square(X2))), div(div(quart(sin(sin(cube(cube(X2))))), div(cube(mul(quart(cos(X1)), square(sin(sin(X1))))), X1)), sqrt(quart(X2))))))))), div(square(cube(div(add(X2, X1), log(X2)))), div(div(quart(sin(sin(cube(cube(X2))))), div(cube(mul(quart(cos(div(cube(cos(square(quart(X2)))), div(square(cube(div(add(X2, X1), log(X2)))), div(div(quart(log(X1)), div(cube(X2), X1)), sqrt(log(sin(sqrt(sin(X2)))))))))), square(quart(X2)))), X1)), cube(div(cube(square(X1)), quart(cube(X2)))))))"
_deprecated_195_auto_price,MRGPRegressor,ok,15.0,-1.7727723213755908,8521.308672193547,329.0,109.0,3066.7,,"div(exp(add(cos(mul(cos(X4), quart(add(add(cube(X7), sin(div(X15, X6))), add(cos(mul(cos(X12), sqrt(quart(X8)))), quart(X2)))))), quart(cos(sub(X5, X13))))), mul(div(mul(sin(X2), sqrt(cos(sin(mul(mul(X5, X14), cube(div(X14, X6))))))), sub(div(quart(add(add(cube(square(X5)), sin(div(X11, cube(X4)))), log(div(exp(X11), quart(mul(X7, X5)))))), exp(X3)), add(add(cube(X7), sin(div(X15, quart(X2)))), add(X1, quart(X2))))), div(sin(quart(cos(X13))), sqrt(mul(div(X10, div(div(sin(quart(quart(exp(X7)))), sqrt(mul(X2, X3))), sqrt(quart(cube(X12))))), sin(X11))))))"
_deprecated_207_autoPrice,MRGPRegressor,ok,15.0,-0.2390862034686882,5696.393115724156,350.0,116.0,3046.8,,"div(exp(add(cos(sub(X1, cos(quart(X2)))), X2)), mul(div(mul(sin(log(quart(X7))), cos(sqrt(X6))), mul(div(mul(sin(log(X4)), sqrt(log(square(X7)))), sub(div(exp(X7), exp(X2)), cube(X12))), div(sin(quart(add(sub(X7, square(add(sqrt(X14), sin(X3)))), exp(sin(mul(X12, exp(X13))))))), sqrt(mul(div(cos(X10), X5), sin(X7)))))), div(exp(add(mul(div(quart(X7), X3), exp(X13)), X9)), mul(div(mul(sin(div(mul(sqrt(X2), X3), div(cube(quart(X2)), add(exp(X13), X8)))), sqrt(log(cos(X8)))), sub(div(exp(X5), exp(div(X7, cos(X8)))), square(add(X6, X11)))), div(sin(quart(cos(X4))), sqrt(X15))))))"
auto_insurance_losses,MRGPRegressor,ok,24.0,-0.7265876293623181,46.49887963373156,125.0,41.0,3013.5,,"div(div(div(cube(sin(X22)), sin(X9)), sqrt(log(X24))), div(div(square(X6), quart(X1)), div(div(X12, sqrt(log(X24))), div(div(div(sin(div(X15, div(X5, X21))), div(sqrt(X20), X18)), X22), cos(div(X5, X17))))))"
feynman_III_10_19,MRGPRegressor,ok,4.0,-0.2952797351451417,7.8221807885168255,449.0,149.0,3083.9,,"mul(add(log(exp(add(log(sub(mul(cos(mul(mul(X1, quart(div(sqrt(sin(cube(sub(X4, X1)))), quart(quart(X2))))), X3)), sin(mul(mul(add(X4, quart(X1)), sin(cos(X1))), cube(quart(add(X2, X4)))))), mul(mul(div(X1, square(mul(div(X1, exp(X2)), mul(sin(mul(mul(X1, X4), mul(X1, X3))), cube(X3))))), mul(X3, cube(add(X1, sin(quart(X1)))))), X4))), sin(quart(X4))))), div(add(sub(add(cube(X4), X1), mul(X3, X1)), cube(sqrt(X4))), sin(square(mul(div(add(sqrt(X3), mul(X4, sqrt(X2))), div(X4, sin(quart(quart(X4))))), cube(add(X3, sub(square(X3), X1)))))))), log(div(mul(sub(mul(X1, sin(X3)), add(log(sub(mul(X1, sin(X3)), mul(X1, X4))), sin(quart(X1)))), mul(div(X1, sub(X2, mul(X1, X4))), mul(sin(sub(add(X1, X2), X4)), cube(X3)))), cos(X3))))"
feynman_III_12_43,MRGPRegressor,ok,2.0,-0.0113223833631637,0.801595465472229,428.0,142.0,3101.4,,"cube(div(mul(X1, div(log(add(X2, X1)), cos(log(X2)))), div(sin(add(cos(div(quart(div(X1, X1)), quart(cos(exp(cube(X2)))))), div(sin(exp(mul(X2, X1))), cube(div(square(sqrt(mul(log(cos(mul(X2, quart(X1)))), X1))), div(sin(add(exp(X2), sin(X1))), div(sqrt(X2), div(sqrt(X1), cos(cube(X2)))))))))), div(sqrt(div(square(quart(mul(X1, exp(X1)))), sin(mul(cos(mul(mul(X1, X2), quart(X1))), exp(X1))))), div(div(log(cos(mul(add(mul(X2, X1), cos(div(mul(X1, X2), quart(cos(X1))))), cos(square(mul(X1, X2)))))), div(square(quart(mul(X1, exp(X1)))), mul(add(cos(cube(X2)), div(cube(cube(div(cube(cos(div(mul(X1, mul(cube(sqrt(X2)), X2)), square(X1)))), X1))), div(quart(quart(cos(exp(cube(X2))))), X1))), X2))), cos(X2))))))"
auto_insurance_price,MRGPRegressor,ok,23.0,0.1291791380601802,9749.421753303786,74.0,24.0,3899.1,,"div(sin(sin(sin(X23))), div(sin(sin(sin(X23))), square(div(div(X3, log(X23)), div(X3, log(div(sin(sin(X23)), X3)))))))"
feynman_III_13_18,MRGPRegressor,ok,4.0,0.9814150210686846,86.84775203037019,347.0,115.0,3086.6,,"sub(div(sqrt(sub(X2, cube(sin(X1)))), quart(cube(exp(mul(sqrt(exp(X2)), X4))))), mul(sub(cube(mul(sqrt(exp(add(X3, sub(X2, X4)))), X1)), sub(cos(div(sqrt(exp(div(X2, exp(X4)))), exp(mul(quart(X3), mul(X3, X2))))), exp(sqrt(mul(X3, mul(mul(cos(X2), X3), X4)))))), sqrt(add(mul(cos(sqrt(exp(div(X2, exp(X4))))), sub(mul(mul(mul(mul(sqrt(exp(div(X2, exp(X2)))), mul(sqrt(exp(add(X1, mul(sqrt(exp(add(X3, X2))), X1)))), X3)), X3), X2), X4), div(X3, X1))), cos(mul(mul(sqrt(mul(sqrt(exp(add(X2, mul(mul(sqrt(exp(add(X1, X3))), X3), X4)))), X1)), X4), X4))))))"
feynman_III_14_14,MRGPRegressor,ok,5.0,0.1437617798714505,7.754409785730787,407.0,135.0,3047.2,,"div(mul(add(quart(X4), cube(exp(X4))), X1), sub(add(cos(sqrt(add(exp(sqrt(add(cos(div(mul(X5, X5), quart(quart(div(exp(X2), exp(sub(sqrt(X1), X2))))))), sub(X1, X5)))), sub(mul(cos(X4), mul(square(mul(mul(mul(X4, mul(exp(sub(X3, sub(X4, X2))), X1)), X5), mul(sub(X1, X5), X4))), sin(X3))), mul(X1, mul(add(X5, X2), X3)))))), exp(mul(mul(X1, mul(X2, X3)), div(X2, X1)))), cos(add(cos(div(mul(sqrt(add(exp(sqrt(add(cos(div(mul(X5, X3), quart(quart(exp(X4))))), sub(X1, X5)))), sub(mul(X1, mul(square(mul(X1, mul(sub(X1, X5), X2))), sin(X3))), mul(X1, mul(X2, X3))))), X3), quart(X4))), add(cos(div(mul(sub(X4, X2), X3), quart(X4))), sub(X5, X5))))))"
feynman_III_15_12,MRGPRegressor,ok,3.0,-0.1743561219505112,4.815389901800888,434.0,144.0,3230.9,,"add(add(add(sin(sin(mul(X2, X1))), add(mul(mul(square(square(mul(square(X2), cos(add(X3, X2))))), cos(cube(X3))), sin(X3)), mul(log(mul(square(mul(X3, X1)), sin(sub(sin(add(sqrt(add(div(log(cube(exp(add(X3, X1)))), div(cube(cube(X2)), log(X1))), log(sub(sub(square(sqrt(X3)), exp(sin(X3))), X2)))), log(quart(cos(exp(mul(X2, X3))))))), log(log(sin(add(X3, X2)))))))), sin(div(exp(sqrt(sqrt(div(div(X2, cube(cos(X1))), log(div(div(X2, X3), log(X1))))))), sub(exp(X2), div(X2, X3))))))), cube(add(div(sin(X2), quart(X3)), sin(sqrt(X1))))), mul(log(mul(exp(cube(X1)), exp(add(X3, cos(sub(sin(add(sqrt(mul(X1, X3)), mul(square(X2), cos(X3)))), log(log(sin(add(X3, X2)))))))))), quart(add(div(log(X3), exp(X3)), X2))))"
feynman_III_15_14,MRGPRegressor,ok,3.0,-0.3393962027199815,0.0183338669474782,383.0,127.0,3022.1,,"div(square(X3), mul(div(mul(mul(div(mul(div(sqrt(exp(X2)), sqrt(exp(X3))), exp(sub(X1, X2))), sqrt(exp(X3))), exp(sub(X1, cos(div(add(X2, sqrt(X3)), cube(cube(mul(cube(X3), exp(sub(X1, X3)))))))))), cube(X1)), sqrt(mul(X1, X3))), div(add(mul(X2, exp(sub(exp(sub(X1, cos(div(add(mul(div(mul(X1, cube(X3)), X1), exp(sub(X1, X2))), sqrt(X3)), cube(cube(mul(X2, X1))))))), X2))), sqrt(mul(exp(sub(sqrt(exp(X1)), X3)), add(mul(div(X1, exp(sub(X1, X3))), exp(sub(X1, X2))), X2)))), cube(cube(exp(sub(X1, cos(div(sub(X1, X3), cube(cube(sub(X1, cos(div(add(sqrt(exp(X3)), sqrt(X1)), cube(cube(mul(cube(X3), X2)))))))))))))))))"
feynman_III_15_27,MRGPRegressor,ok,3.0,-2.295021731698169,4.299334880203039,368.0,122.0,3021.2,,"add(cos(mul(cos(exp(cube(X2))), quart(cos(sub(X3, X1))))), mul(div(mul(exp(X3), sqrt(add(X1, X3))), sub(div(sin(mul(quart(cos(mul(mul(sqrt(quart(sub(sin(mul(mul(sqrt(X1), X3), X3)), X2))), X1), exp(sub(sin(X1), sub(X2, X1)))))), sin(div(exp(X1), exp(X2))))), cube(cos(X3))), mul(div(div(sin(mul(X3, sin(X2))), div(X2, sub(X1, mul(mul(add(X2, X3), div(div(X1, cube(mul(X2, X1))), quart(cos(X2)))), quart(exp(sub(sin(X1), add(X3, X2)))))))), sqrt(mul(X1, sin(X1)))), quart(exp(mul(add(X2, X3), X1)))))), div(div(sin(square(quart(exp(sub(sin(X1), add(X3, X2)))))), cube(cos(quart(square(X3))))), X2)))"
feynman_III_17_37,MRGPRegressor,ok,3.0,0.9901707030883432,0.6803185625667675,452.0,150.0,3012.5,,"add(cos(mul(cos(sqrt(mul(div(add(X1, log(X3)), sqrt(mul(mul(add(X1, X2), cos(X3)), sin(X1)))), log(mul(X3, cos(X3)))))), quart(cos(sub(X3, X1))))), mul(div(mul(sin(cos(X3)), sqrt(log(X2))), sub(div(exp(X2), div(sin(cube(cube(X1))), sqrt(X3))), square(add(cube(sin(sqrt(mul(add(X1, X2), cos(cos(X3)))))), mul(mul(X3, X2), mul(X1, X3)))))), div(sin(quart(cos(quart(mul(cos(sub(sin(mul(mul(X2, cos(X3)), X1)), X1)), add(cube(sin(exp(X1))), mul(mul(X3, X2), cos(X3)))))))), sqrt(mul(mul(add(div(X1, sub(div(exp(add(X2, X1)), exp(X3)), square(add(X3, add(X1, cos(square(mul(add(X1, mul(exp(X3), exp(X1))), cos(X3))))))))), mul(add(X1, cos(cos(mul(add(X2, mul(add(mul(cube(sin(X1)), X3), X2), X3)), X3)))), X1)), X2), sin(X1))))))"
feynman_III_19_51,MRGPRegressor,ok,5.0,0.303748272482822,2.522393162853481,431.0,143.0,3073.7,,"sub(div(sqrt(cube(sqrt(square(X1)))), sub(div(square(log(sub(add(X2, X1), square(X3)))), cube(square(log(sin(X5))))), div(mul(X4, cos(mul(log(sub(mul(X1, X3), div(X3, X2))), square(mul(div(X3, exp(sub(X4, X5))), exp(cos(square(quart(X2))))))))), sin(div(log(sub(add(X3, X1), div(exp(sub(X2, X3)), exp(X4)))), add(X4, log(mul(log(sub(cube(square(mul(X4, div(add(exp(sub(X2, X3)), mul(X5, X5)), exp(X5))))), div(X3, X4))), cos(X2))))))))), div(mul(log(sub(mul(X1, X3), div(X3, X2))), square(mul(div(X3, exp(sub(X4, X2))), exp(X2)))), sin(div(square(cube(X2)), add(cos(log(sub(mul(X1, div(exp(sub(X2, X3)), exp(X5))), exp(X5)))), log(square(quart(mul(X5, mul(quart(X4), cos(exp(div(exp(X2), exp(X5))))))))))))))"
feynman_III_21_20,MRGPRegressor,ok,4.0,0.8962230290599325,3.1087621826480785,443.0,147.0,3005.7,,"sub(add(sub(div(mul(add(sub(sub(sin(add(X1, X2)), log(sub(X1, X4))), quart(add(X3, X1))), add(log(mul(X4, mul(add(X1, X3), X2))), X1)), cos(exp(X1))), mul(mul(mul(sin(quart(mul(X2, cos(X4)))), cube(X3)), mul(X4, mul(X1, X2))), add(square(X3), square(sub(X1, X4))))), exp(sin(cube(mul(cube(mul(div(sub(X4, div(sub(X2, X4), exp(X4))), exp(X4)), X1)), X1))))), exp(log(sub(X1, X3)))), sin(square(mul(div(X1, exp(sub(sub(sin(X1), X2), cube(quart(add(X3, X1)))))), mul(sin(quart(mul(sqrt(mul(div(sub(X4, X2), exp(X4)), add(X1, X3))), X1))), mul(mul(div(sub(X4, X2), exp(add(X3, X4))), add(X1, mul(mul(X1, mul(mul(mul(quart(mul(X2, cos(X4))), cube(X3)), mul(X4, mul(X3, X2))), X2)), cos(exp(X1))))), X1))))))"
feynman_III_4_32,MRGPRegressor,ok,4.0,-0.2997916939434182,7.975660208909201,443.0,147.0,3043.1,,"mul(div(mul(square(X2), sub(div(X3, X3), X4)), square(quart(square(exp(X2))))), sub(mul(mul(square(mul(exp(X3), exp(X4))), div(square(sub(sub(add(X1, X2), X3), X1)), sub(div(square(sub(quart(X2), X3)), cube(div(cube(X1), exp(square(X3))))), add(mul(square(mul(div(sub(X4, X1), exp(X2)), mul(X4, cube(sqrt(sub(add(X2, sub(X1, X3)), X4)))))), add(div(mul(mul(X1, div(square(X2), cube(quart(exp(X1))))), div(div(square(sub(add(X1, sub(X2, X4)), X3)), exp(X2)), add(X1, sqrt(exp(cube(X2)))))), exp(X2)), sub(X4, X1))), mul(div(X2, div(div(square(cube(div(cube(X1), exp(square(X3))))), exp(X2)), add(X1, sqrt(exp(cube(X2)))))), mul(sin(div(cube(X4), square(X1))), cube(X2))))))), exp(X2)), square(add(cube(cos(sub(X1, X3))), cube(mul(X4, cube(X2)))))))"
feynman_III_4_33,MRGPRegressor,ok,4.0,0.2447161860635378,3.965327975188269,443.0,147.0,3036.4,,"add(sin(div(cos(quart(add(mul(X3, exp(X1)), mul(X3, X4)))), add(sin(div(cube(mul(X4, sin(div(cos(quart(add(mul(X3, exp(X2)), mul(X1, X4)))), mul(sub(div(exp(X3), sin(X4)), X4), quart(mul(X3, sin(div(cube(mul(X4, X3)), X2))))))))), X2)), mul(sin(add(square(X3), div(X2, mul(add(mul(X3, sub(X1, X4)), X2), quart(add(square(mul(X2, X1)), cube(X2))))))), square(sqrt(X3)))))), mul(cube(mul(sub(div(X3, sin(div(div(X3, sin(div(cube(mul(X3, X3)), X2))), X2))), X4), quart(mul(X3, sin(div(cube(mul(add(sin(div(mul(X4, X1), X2)), mul(sin(sub(div(X3, cube(add(sin(div(cube(X3), X4)), mul(sin(sub(square(X1), cos(X3))), square(X3))))), X3)), quart(X2))), X4)), add(mul(X3, sub(X1, X4)), X2))))))), square(square(cube(sub(X1, X2))))))"
feynman_III_7_38,MRGPRegressor,ok,3.0,-0.0991283449358044,39.31015447123249,452.0,150.0,3078.0,,"add(cos(mul(mul(add(sqrt(X2), sin(div(mul(mul(X3, mul(mul(X2, X1), X3)), sqrt(div(mul(X3, add(X2, X1)), square(exp(mul(mul(X3, quart(X3)), sqrt(div(X3, square(exp(X3)))))))))), sqrt(X2)))), log(div(mul(X2, X3), cos(X3)))), quart(cos(div(mul(sin(log(X1)), add(X2, X1)), mul(quart(square(mul(X1, X3))), X3)))))), mul(div(mul(sin(log(X3)), sqrt(log(X2))), mul(quart(log(X2)), X3)), div(div(sin(mul(add(X3, X1), mul(mul(X2, X1), square(exp(mul(mul(X3, quart(X3)), sqrt(div(square(X3), square(exp(X3)))))))))), mul(mul(X1, mul(div(sin(mul(add(X3, X1), sin(X2))), cube(cos(quart(mul(add(sqrt(X2), sin(square(X1))), log(div(mul(X2, X3), cos(X3)))))))), X1)), sqrt(X3))), sqrt(sqrt(add(div(mul(square(X3), add(X2, X1)), square(exp(X3))), div(X1, X3)))))))"
feynman_III_9_52,MRGPRegressor,ok,6.0,0.6433919455482091,9.56730017503414,404.0,134.0,3055.4,,"add(exp(cos(cube(div(square(mul(quart(mul(X3, X4)), cos(mul(X2, X1)))), square(mul(X3, div(mul(X5, mul(mul(quart(mul(X3, mul(X4, cos(sub(square(mul(X2, X2)), X5))))), cos(mul(X2, X1))), X6)), add(cube(exp(X4)), div(X5, cos(sub(X6, X5))))))))))), mul(sqrt(square(X6)), sqrt(mul(div(square(add(mul(add(X2, X1), sqrt(sub(X6, X5))), X1)), add(mul(mul(add(square(X5), sin(X6)), mul(div(mul(X6, X5), exp(X4)), add(X5, X1))), sin(sin(X3))), div(sin(div(sub(sqrt(X2), X4), sin(mul(X1, X2)))), cos(X6)))), add(cube(exp(sqrt(mul(add(square(X4), quart(X1)), mul(X4, mul(X5, X6)))))), div(add(mul(add(add(X2, X3), X1), sqrt(sub(X6, X5))), X1), sqrt(sub(X6, X5))))))))"
feynman_III_8_54,MRGPRegressor,ok,3.0,-1.103055726446451,0.4763243971745767,362.0,120.0,3682.5,,"add(add(add(sin(sin(mul(X2, X1))), add(mul(exp(X1), sin(X3)), mul(div(X2, X1), log(X2)))), cube(add(sub(sqrt(X1), exp(X2)), sin(sqrt(div(add(cos(X3), log(add(X3, X3))), div(sqrt(cube(quart(cube(X2)))), div(square(sub(cube(X3), cube(mul(cos(sub(X2, X1)), sub(X2, cos(quart(X3))))))), div(sqrt(quart(mul(square(X1), mul(cube(quart(X2)), exp(sqrt(X3)))))), exp(sin(cube(exp(add(sin(sin(mul(X2, X1))), exp(X3))))))))))))))), mul(log(mul(exp(cube(X1)), exp(add(X3, X1)))), sin(div(exp(sqrt(square(add(square(sin(mul(X1, quart(X2)))), mul(cos(sub(X2, X1)), exp(sqrt(X3))))))), sub(exp(X2), div(X2, X3))))))"
feynman_II_10_9,MRGPRegressor,ok,3.0,0.3885581795458527,0.1579117549135312,428.0,142.0,3111.2,,"add(cos(sub(div(sqrt(X2), quart(quart(X1))), div(sin(cos(mul(X3, X1))), square(mul(mul(sin(sub(quart(cube(X2)), div(cos(X3), sqrt(X2)))), cube(sin(sub(mul(X2, X3), exp(mul(X2, mul(X2, X1))))))), log(sin(mul(X2, div(exp(cos(mul(quart(X2), X3))), exp(mul(X3, quart(add(X3, X2))))))))))))), mul(div(mul(sin(square(X1)), sqrt(log(mul(cube(exp(mul(X2, X3))), square(X2))))), sub(div(exp(X2), exp(sub(mul(mul(X2, X1), sin(X1)), add(X3, X2)))), mul(square(X2), sub(X1, mul(log(cube(X2)), exp(X1)))))), div(sin(sin(sub(mul(sin(sub(X1, quart(log(X1)))), quart(X2)), sin(mul(X2, div(sin(quart(X3)), sub(exp(X2), X1))))))), sqrt(mul(cube(X2), sin(sin(sin(sub(mul(sin(sub(X1, X3)), quart(X2)), mul(X2, X3))))))))))"
feynman_II_11_20,MRGPRegressor,ok,5.0,-1.955775721498183,12.180861930805154,446.0,148.0,3023.2,,"mul(mul(mul(cube(X4), sub(X4, sub(sqrt(X3), cos(X1)))), sin(mul(X3, exp(sub(add(add(X1, X2), sub(X3, X4)), X5))))), mul(cube(square(sub(X3, sub(X1, X5)))), add(sub(quart(sub(div(mul(X1, X2), div(X4, log(sub(div(cos(div(mul(X5, X3), quart(mul(exp(sub(X3, sub(mul(exp(sub(X3, sub(X4, X2))), cos(cube(mul(X3, X5)))), X2))), cos(sin(X2)))))), sqrt(X3)), add(div(mul(mul(exp(sin(X2)), X5), mul(exp(X2), cos(cube(mul(X2, X5))))), log(mul(X4, X2))), sin(X1)))))), X3)), sqrt(add(div(square(sub(mul(sin(X2), X3), cube(X4))), mul(exp(sub(X3, sub(mul(exp(sub(X3, sub(X5, X2))), cos(cube(mul(X5, X1)))), X4))), mul(X3, cos(cube(mul(X5, sub(mul(X1, X3), cube(X3)))))))), sub(cube(X5), log(X1))))), sub(cube(X5), X4))))"
feynman_II_11_27,MRGPRegressor,ok,4.0,0.7263752103194427,0.2090587938091752,452.0,150.0,3003.7,,"add(div(square(add(div(X3, X1), sub(sqrt(X3), mul(mul(X2, X1), mul(mul(sqrt(exp(add(X3, X2))), X1), div(X4, div(square(add(mul(mul(X2, X1), exp(X2)), sub(add(X1, X2), mul(mul(sqrt(mul(mul(sub(sqrt(exp(add(X2, X3))), mul(X1, mul(mul(sqrt(exp(add(X1, X2))), add(X4, X3)), X4))), X1), add(X3, X3))), X1), mul(mul(sqrt(exp(add(X1, X2))), add(X4, X3)), div(mul(X2, X4), X2)))))), div(quart(div(quart(X4), X3)), cube(mul(X3, X3)))))))))), mul(square(cube(X4)), div(log(X2), cube(mul(X3, X3))))), add(mul(div(log(X2), cube(cube(X2))), X4), sub(sqrt(cos(log(X2))), mul(mul(mul(mul(X2, X1), X4), X1), div(square(add(X2, sub(sqrt(X2), mul(mul(X2, X2), mul(mul(sqrt(exp(add(X1, X2))), X3), X2))))), div(quart(square(sqrt(X4))), X3))))))"
feynman_II_11_28,MRGPRegressor,ok,2.0,-0.6328407777389449,0.3735660410708252,443.0,147.0,3005.5,,"sub(log(add(cos(cube(div(X2, div(sqrt(log(X1)), square(mul(quart(mul(X2, X1)), cos(mul(X2, X2)))))))), div(mul(log(X2), X1), cube(mul(quart(mul(square(sin(div(quart(X1), cos(X2)))), X1)), cos(X2)))))), sub(add(sin(quart(mul(quart(mul(X2, X1)), cos(mul(X2, sub(log(add(cos(cube(X2)), div(mul(X2, X1), cube(mul(quart(mul(X2, X1)), cos(exp(X2))))))), sub(add(sin(quart(mul(quart(mul(X2, X2)), cos(X1)))), mul(square(sin(log(square(square(sub(add(sin(quart(mul(quart(log(mul(X2, X2))), X1))), mul(square(sin(log(square(square(mul(X1, X2)))))), log(log(X1)))), quart(sin(quart(X1))))))))), sqrt(X1))), quart(sin(quart(X2)))))))))), mul(square(sin(log(square(square(div(mul(cube(X2), mul(X2, X1)), div(square(sin(quart(X1))), cos(X2)))))))), sqrt(X1))), quart(sin(quart(X1)))))"
feynman_II_11_3,MRGPRegressor,ok,5.0,-1.1840359676622887,0.1851429667402548,404.0,134.0,3021.3,,"div(sub(add(cos(square(mul(log(mul(div(log(X5), log(mul(exp(mul(X3, sub(mul(X4, sub(sub(X3, X2), X1)), X1))), div(add(sqrt(X5), X2), cos(X2))))), mul(mul(X3, sub(X3, X1)), sub(X2, X4)))), X4))), X1), log(X1)), sin(cos(sub(sub(div(X4, cube(square(log(sub(add(X5, X1), square(sub(X4, X2))))))), div(mul(log(sub(mul(X1, sub(X2, X4)), X4)), cos(square(div(sqrt(add(X3, X2)), exp(div(cube(X4), exp(mul(X1, X4)))))))), sin(cube(square(add(X4, mul(X4, sub(sub(X3, X2), X1)))))))), div(quart(X3), mul(div(sqrt(div(sub(mul(add(X5, X1), X2), quart(X3)), cos(mul(div(cube(X4), exp(mul(X4, X3))), X3)))), exp(div(cube(X4), exp(mul(quart(X4), X4))))), X1))))))"
feynman_II_13_17,MRGPRegressor,ok,4.0,0.8602643411164899,0.0105960001735921,443.0,147.0,3034.0,,"div(div(cube(sqrt(sub(div(exp(X3), div(cube(quart(X1)), square(div(mul(cos(sub(mul(X1, exp(sub(X3, X2))), div(mul(sub(X3, X4), sub(X3, add(X4, X1))), sqrt(sub(log(sub(exp(mul(X1, add(X4, X1))), sin(X2))), X4))))), mul(X3, square(div(mul(X4, X2), exp(X2))))), exp(X3))))), quart(sub(exp(add(mul(sub(X3, X4), add(X4, X2)), sub(X1, exp(X1)))), sin(sqrt(cube(X4)))))))), square(div(mul(X2, add(quart(add(X1, cube(X2))), mul(quart(X1), square(div(exp(sub(X3, X4)), exp(X2)))))), sqrt(sub(log(sub(exp(add(sub(X3, X2), sub(log(X2), X1))), X2)), X4))))), cube(div(div(cube(square(div(mul(sub(X3, X2), sub(square(X2), add(X4, X1))), exp(X4)))), square(div(mul(sin(X3), X2), exp(quart(sub(X1, sin(sqrt(cube(mul(X1, X2)))))))))), X1)))"
feynman_II_13_23,MRGPRegressor,ok,3.0,-0.7213048996249829,1.3792158843390905,449.0,149.0,3003.0,,"add(div(mul(sin(square(div(mul(X2, X3), div(mul(X3, X2), X2)))), square(X3)), square(cube(add(cos(mul(div(X1, sqrt(X3)), quart(cos(div(square(square(exp(X3))), div(sqrt(quart(mul(square(square(cube(log(mul(exp(X1), cos(div(X2, X3))))))), mul(X2, X2)))), exp(sin(cube(exp(X1)))))))))), mul(div(X1, sub(div(exp(X2), exp(X1)), square(add(X3, div(X3, X1))))), div(sin(log(mul(exp(X1), cos(div(X2, sin(cos(X1))))))), sqrt(mul(div(exp(sin(cube(mul(div(sin(square(add(X3, div(X3, X1)))), square(quart(mul(sin(X1), square(X3))))), add(X1, X1))))), cube(log(mul(exp(X1), cos(div(X2, X3)))))), div(sin(div(mul(div(exp(X2), exp(X3)), cos(X3)), exp(sin(cube(exp(X1)))))), sqrt(mul(div(X1, X2), sin(X1)))))))))))), cos(cube(div(add(X2, log(X1)), cube(quart(X1))))))"
feynman_II_13_34,MRGPRegressor,ok,3.0,-0.1032161556274346,2.1008129919674694,443.0,147.0,3112.2,,"add(cos(mul(mul(div(quart(exp(sub(X1, X3))), sub(div(sin(log(mul(X2, X1))), cube(quart(mul(cube(X1), X2)))), X1)), div(sin(quart(cos(X1))), quart(cube(mul(X2, X3))))), quart(add(cos(X3), X3)))), mul(div(quart(exp(sub(X1, X2))), sub(div(exp(sub(X1, X3)), exp(X1)), square(add(X3, quart(add(mul(mul(exp(X1), mul(X2, X1)), square(add(X1, X2))), quart(cos(sub(sin(quart(cos(mul(log(exp(X1)), mul(mul(exp(cos(sqrt(cos(exp(X1))))), X3), X2))))), X1))))))))), div(sin(div(exp(quart(sqrt(X3))), div(sin(log(mul(X2, X1))), cube(quart(add(exp(mul(X1, X2)), X1)))))), sqrt(mul(div(X3, cube(mul(X1, X2))), sin(quart(cos(mul(mul(quart(div(quart(X2), sin(sub(X3, cos(X1))))), X3), add(exp(mul(X1, mul(X2, X2))), sin(square(div(X1, X2)))))))))))))"
feynman_II_15_4,MRGPRegressor,error,,,,,,,ValueError: Input contains NaN.,
feynman_II_15_5,MRGPRegressor,ok,3.0,0.5897732858891481,3.6054904937236665,416.0,138.0,3023.0,,"add(mul(div(sqrt(sqrt(add(div(X1, quart(sub(X2, X3))), mul(log(div(X1, X3)), square(square(X2)))))), mul(mul(X3, X2), square(mul(div(X3, mul(mul(X1, X2), square(X3))), mul(square(X1), div(mul(add(X3, X2), add(X1, cos(X3))), quart(square(X3)))))))), mul(square(mul(add(mul(add(square(X2), X2), cos(X3)), cos(X3)), cos(X3))), div(cube(log(X3)), cos(mul(add(X3, X1), add(X1, X2)))))), square(log(mul(add(add(mul(mul(log(X3), mul(square(sin(X2)), div(mul(X2, div(mul(square(X3), add(X2, X1)), square(exp(X3)))), quart(quart(square(X3)))))), mul(square(X3), div(cube(mul(sin(X1), cos(X3))), cos(X1)))), square(log(mul(X1, cos(mul(add(X3, sin(X2)), add(X1, mul(X1, div(X1, X3))))))))), X1), cos(X3)))))"
feynman_II_21_32,MRGPRegressor,ok,5.0,0.2758071604974954,0.0311053742668447,431.0,143.0,3100.4,,"add(sub(mul(quart(div(sin(X4), log(X3))), log(add(X5, X2))), div(mul(log(sqrt(mul(X3, X1))), div(exp(X2), mul(X5, X1))), exp(div(X2, square(exp(add(X2, sub(X3, X1)))))))), add(cos(div(sub(mul(add(exp(square(mul(X5, X2))), exp(X3)), X1), quart(X5)), sub(mul(cube(mul(cos(X3), X1)), log(mul(X3, mul(exp(square(mul(X3, X2))), div(sub(mul(sub(X2, X3), quart(X3)), mul(exp(square(X3)), div(sub(mul(X2, X1), log(div(add(X2, X3), exp(div(X3, square(exp(add(X2, sub(X3, X1))))))))), cos(mul(mul(cube(mul(cos(X2), mul(X5, X1))), log(mul(X5, mul(X5, X4)))), X1))))), cos(X4)))))), div(mul(log(sqrt(mul(mul(X2, X1), X1))), div(exp(X2), mul(X5, X2))), exp(div(X2, square(exp(add(X2, X4))))))))), X2))"
feynman_II_24_17,MRGPRegressor,ok,3.0,0.3855589921895969,0.7599712276982244,443.0,147.0,3132.3,,"add(div(sin(div(log(div(div(log(cos(X2)), quart(add(X2, cos(X1)))), quart(add(X2, X1)))), quart(mul(sin(sub(quart(log(log(X1))), X3)), quart(X2))))), sin(log(mul(X2, X1)))), sub(mul(log(quart(sub(X3, exp(X2)))), add(sin(sin(X2)), mul(sin(sub(quart(log(log(log(mul(X2, X1))))), X3)), sin(div(log(cos(X2)), add(div(mul(div(quart(X3), X1), div(cos(quart(X2)), div(sin(log(mul(div(cos(div(log(X2), quart(sub(X3, exp(X2))))), mul(X2, cube(X1))), X1))), div(X3, log(X1))))), sin(mul(quart(sin(div(log(cos(mul(X1, X3))), quart(add(X2, cos(X1)))))), sin(X1)))), log(div(log(cos(cos(X1))), quart(cos(X1)))))))))), cube(sin(sub(mul(cos(quart(mul(div(cos(div(square(X3), log(X1))), cos(sqrt(X2))), exp(sub(X1, X2))))), X3), log(X1))))))"
feynman_II_27_16,MRGPRegressor,ok,3.0,0.2481081911375307,73.15012579854198,443.0,147.0,3052.2,,"add(div(mul(X1, cube(sin(X1))), quart(quart(quart(X3)))), mul(div(mul(sin(add(X1, X2)), sqrt(add(cos(div(div(X2, cube(cos(quart(div(sqrt(mul(div(mul(square(X3), add(X2, X1)), X3), X2)), quart(mul(mul(X1, X2), X3))))))), sqrt(mul(X1, X2)))), mul(sin(sub(mul(X2, X3), X1)), quart(cos(add(mul(X1, X2), mul(mul(X1, X3), X2)))))))), sub(div(exp(X2), exp(add(mul(cos(X3), sub(log(sin(X2)), sin(mul(exp(add(X3, X2)), X1)))), sub(div(sqrt(square(X3)), sub(cos(X3), X1)), log(log(add(X3, X2))))))), square(add(X3, X2)))), div(div(sin(mul(add(X3, X1), X1)), square(add(X1, X1))), sqrt(mul(div(X2, X1), sin(mul(mul(div(X1, X2), sin(X3)), log(mul(mul(div(mul(div(X3, X2), mul(exp(X3), X1)), X1), sin(exp(X3))), X3)))))))))"
feynman_II_27_18,MRGPRegressor,ok,2.0,-0.0186302567325766,22.11567205416489,434.0,144.0,3064.3,,"div(div(add(log(sin(mul(exp(X2), add(X2, X1)))), log(div(sub(X2, mul(X2, X1)), quart(quart(X2))))), div(X2, div(sub(div(sub(div(X1, sin(mul(X1, quart(mul(cube(X1), X1))))), log(mul(X1, mul(exp(sub(X2, log(cos(X1)))), cos(cube(square(X2))))))), quart(quart(mul(exp(X2), X2)))), quart(log(sin(quart(X1))))), quart(quart(log(mul(log(sin(sub(square(X2), cube(X1)))), mul(exp(sub(X2, mul(X1, log(cos(mul(X2, X1)))))), cos(cube(mul(exp(add(X2, mul(X1, X2))), add(X2, X1)))))))))))), sin(mul(exp(X2), sub(div(X2, div(X2, sin(mul(X1, quart(mul(cube(add(log(sin(mul(exp(X2), add(X2, X1)))), log(div(sub(X2, X2), quart(quart(X2)))))), X1)))))), div(cos(log(div(X1, X1))), quart(quart(sin(mul(exp(X2), quart(exp(X2)))))))))))"
feynman_II_2_42,MRGPRegressor,ok,5.0,0.6052619916248653,5.392582379959356,440.0,146.0,3030.7,,"div(cos(cos(mul(sub(X3, add(mul(mul(square(mul(cos(cos(mul(sub(cos(div(mul(X5, X3), quart(X4))), add(mul(mul(square(mul(X3, X5)), mul(X5, X2)), sub(X5, X2)), X1)), sub(X2, X3)))), X5)), mul(X5, X2)), mul(sub(X5, add(X4, X1)), sub(X2, X3))), X1)), sub(X2, X3)))), add(mul(sub(div(cos(div(div(quart(mul(X4, X1)), X5), quart(X4))), sqrt(cube(sub(X5, X2)))), add(div(mul(sub(X3, X4), sin(X4)), log(mul(div(mul(X5, X3), quart(quart(exp(sub(X3, X5))))), X2))), sin(div(X3, log(mul(X4, X3)))))), log(sub(X3, log(X5)))), log(log(sub(div(cos(mul(add(mul(sub(X5, add(X4, X1)), mul(sub(X5, add(X4, X1)), sub(X2, X3))), X1), sub(X2, X3))), sqrt(mul(X4, X5))), add(mul(X5, sub(X4, X3)), sin(X3)))))))"
feynman_II_34_11,MRGPRegressor,ok,4.0,0.8561604800604843,2.32887310146218,425.0,141.0,3020.1,,"sub(add(sub(sqrt(add(log(X3), log(X4))), exp(sin(exp(add(log(sub(mul(X1, mul(mul(sqrt(X3), X1), sub(quart(quart(square(X3))), sin(X3)))), mul(X1, X4))), sin(div(log(mul(add(X1, X3), sub(X4, X2))), cube(log(sqrt(sin(square(add(X3, X1))))))))))))), exp(mul(X4, X3))), sin(square(mul(div(add(log(sub(mul(X1, X3), mul(X2, X4))), sin(div(log(sub(sqrt(log(add(X4, X1))), square(div(mul(mul(mul(X3, X1), sub(sub(add(sub(X1, exp(X2)), X3), sin(square(mul(div(X1, exp(X2)), mul(sin(X2), X4))))), div(X4, X2))), X4), cube(log(sqrt(mul(add(X1, X3), sub(X4, X2))))))))), cube(log(sqrt(sin(square(X4)))))))), sin(X2)), mul(cos(sub(X2, X3)), mul(mul(add(mul(X3, cube(X1)), X3), sub(X4, X2)), X4))))))"
feynman_II_34_2,MRGPRegressor,ok,3.0,0.9235929343150324,3.502459010382185,398.0,132.0,3057.7,,"add(div(mul(log(sin(X1)), sin(cube(sin(X2)))), mul(exp(X1), log(quart(cube(sin(div(log(mul(X1, X2)), quart(X3)))))))), mul(div(mul(sin(sqrt(X3)), sqrt(mul(mul(X2, sin(X3)), X1))), sub(div(mul(mul(X2, X3), X3), exp(X3)), div(div(sin(mul(add(X3, X1), sin(X2))), cos(mul(cos(sqrt(quart(X3))), quart(cos(quart(log(mul(add(X3, X2), quart(cos(sub(X3, X1))))))))))), sqrt(div(mul(sin(log(X1)), X2), sub(div(sin(X3), log(X1)), square(mul(X1, add(X3, X2))))))))), div(div(quart(mul(X3, X2)), div(mul(sin(X1), X2), mul(exp(mul(X1, add(X3, X2))), log(mul(add(X3, X2), exp(X1)))))), mul(div(quart(X1), div(X3, mul(exp(X2), log(quart(cube(X3)))))), X1))))"
feynman_II_34_29a,MRGPRegressor,ok,3.0,0.8452720137435628,0.1014295740402465,443.0,147.0,3047.4,,"add(cos(mul(cos(sqrt(quart(quart(sqrt(sub(div(mul(mul(X3, div(mul(sin(log(mul(sub(X3, X1), sub(X3, X2)))), sqrt(X2)), sub(X3, square(sqrt(X3))))), sqrt(sin(X1))), X1), log(log(mul(X1, X2))))))))), quart(cos(sub(X1, mul(sin(X2), X3)))))), mul(div(mul(sin(div(exp(X3), div(sin(X2), X3))), sin(div(sin(sub(square(div(mul(mul(sqrt(div(mul(mul(X1, X3), mul(X3, X2)), X1)), X3), cube(log(square(X2)))), mul(X3, cos(sin(sub(sin(sqrt(X3)), mul(sub(X3, X2), X1))))))), X2)), X2))), sub(div(exp(X2), exp(mul(X3, X2))), square(quart(add(X1, cos(quart(X1))))))), div(div(mul(sub(X3, X2), mul(X1, X3)), exp(exp(X3))), sqrt(mul(div(sin(sub(X3, mul(sub(X3, X2), mul(sub(X3, X2), X1)))), sub(X1, X2)), log(log(mul(X1, X3))))))))"
feynman_II_34_29b,MRGPRegressor,ok,5.0,-0.4367386237181283,187.7109717859199,416.0,138.0,3003.9,,"div(quart(div(mul(X3, sub(add(square(X1), mul(log(cos(exp(X1))), cube(exp(sin(X4))))), X5)), X4)), sub(cos(mul(sub(square(mul(exp(sub(add(X1, X5), X2)), quart(X4))), quart(X4)), sub(add(X3, X4), cos(add(X5, mul(X4, sub(X5, add(X3, X4)))))))), div(quart(quart(mul(sin(square(X3)), X2))), div(quart(div(mul(X3, X4), X3)), square(sub(sub(log(cos(mul(X1, sub(X5, square(sub(mul(X2, X1), add(mul(add(X3, X4), sub(X5, X2)), X1))))))), X5), log(sub(div(cos(div(mul(X5, X3), quart(X4))), square(quart(mul(X5, X4)))), add(div(mul(sub(X3, X4), sin(X1)), log(mul(X4, X2))), quart(div(X1, div(cos(cos(div(exp(sub(add(X3, add(X1, X5)), X2)), exp(X2)))), sub(sub(X2, X5), X3)))))))))))))"
feynman_II_34_2a,MRGPRegressor,ok,3.0,0.8301630640483104,0.214397022901654,410.0,136.0,3049.4,,"add(div(log(mul(X1, X2)), sub(div(add(add(X1, sqrt(div(mul(mul(exp(X2), X1), X1), mul(exp(div(mul(sin(X3), add(X1, X1)), square(exp(div(mul(sin(X3), X1), square(exp(X3))))))), log(X2))))), add(quart(X3), log(add(X3, X2)))), exp(X3)), square(add(X3, sin(div(exp(sqrt(X3)), sub(exp(X2), div(X2, sqrt(div(mul(mul(X2, X1), X2), mul(exp(div(mul(mul(add(X1, X2), X3), add(X2, X1)), square(exp(X3)))), log(X3)))))))))))), mul(log(mul(log(sqrt(sub(div(mul(mul(X3, mul(sqrt(add(square(mul(X2, X3)), X1)), X1)), sqrt(X2)), X2), log(log(mul(X1, cube(add(mul(mul(X2, X1), X1), square(X1))))))))), exp(X1))), sin(div(add(add(X2, X2), X2), sub(exp(X2), div(X2, X3))))))"
feynman_II_35_18,MRGPRegressor,ok,5.0,-0.0031778080077069,0.3323997252314993,446.0,148.0,3042.2,,"sub(div(square(log(sub(add(X5, X1), square(X2)))), cube(square(mul(div(mul(sub(X3, X2), sin(X1)), quart(X3)), X2)))), div(mul(div(X5, X4), div(mul(sub(X3, X5), mul(X4, square(X2))), log(mul(X4, X2)))), sin(sub(sub(div(square(log(sub(add(X5, X1), square(X2)))), cube(square(log(sub(X4, X5))))), div(mul(log(sub(mul(X1, X2), div(X3, X4))), div(mul(sub(X3, X5), sin(X1)), log(mul(X4, X2)))), sin(div(square(cube(sin(mul(sub(X3, X4), sin(X1))))), div(cos(X1), X4))))), div(mul(log(div(sub(div(cos(div(mul(X5, X1), exp(mul(X1, X2)))), sqrt(X2)), add(X1, X4)), cube(square(log(add(X4, sin(exp(sub(X4, X5))))))))), div(mul(sub(X3, X5), sin(X1)), log(mul(X4, X2)))), sin(div(square(cube(sin(mul(sub(X1, X4), sin(X1))))), X1)))))))"
feynman_II_35_21,MRGPRegressor,ok,5.0,-0.2835865376174455,5.811447962873474,443.0,147.0,3086.7,,"log(sub(div(mul(mul(X1, sin(X1)), mul(X2, X1)), sub(div(cos(div(mul(X2, X3), quart(square(X4)))), sqrt(div(cos(div(mul(sub(X3, X4), X3), quart(mul(mul(X5, X1), X3)))), sqrt(cube(sub(X5, X2)))))), X5)), sub(div(cos(div(div(mul(mul(X5, X2), X3), quart(add(X1, mul(sub(div(mul(X1, X2), exp(add(X1, X5))), cos(X3)), X1)))), quart(mul(mul(sub(X1, add(cos(X3), sin(div(div(X2, X5), exp(X1))))), sin(X1)), mul(X5, X1))))), sqrt(cube(sub(X3, X2)))), add(div(mul(sub(X2, X4), sin(X1)), cos(X5)), sin(div(cos(mul(mul(exp(X2), X1), X5)), add(mul(cos(div(mul(square(mul(X5, X5)), sin(X3)), div(X5, quart(add(X1, mul(X2, X1)))))), log(mul(mul(sub(X3, X4), sin(X1)), X3))), mul(X5, mul(X5, cos(cube(X3)))))))))))"
feynman_II_36_38,MRGPRegressor,ok,8.0,0.5756453988586451,0.717369945099135,410.0,136.0,3159.1,,"add(cos(mul(cos(add(quart(mul(cube(X3), exp(X8))), div(add(X4, exp(X1)), exp(mul(cos(X3), sqrt(quart(X7))))))), quart(cos(div(X4, add(X2, X3)))))), mul(div(mul(sin(X6), X3), div(div(sin(mul(X1, sqrt(mul(add(X1, X2), X3)))), div(div(X8, add(sqrt(mul(X4, X4)), X7)), mul(X1, X4))), mul(X1, mul(mul(X1, X4), quart(mul(div(mul(X3, X4), sub(div(exp(X4), exp(X1)), square(add(X4, X8)))), div(sin(mul(sub(X6, X5), X7)), sqrt(mul(add(X1, X2), X3))))))))), div(add(cos(mul(cos(sqrt(quart(X7))), quart(cos(sub(X3, add(X2, X1)))))), mul(div(mul(sin(log(X3)), X4), sub(X7, square(add(X4, X8)))), div(sin(X4), sqrt(mul(div(X5, X8), sin(X3)))))), sqrt(cube(quart(X3))))))"
feynman_II_37_1,MRGPRegressor,ok,3.0,0.3472250490228218,21.69866451247948,440.0,146.0,3085.5,,"add(add(cos(div(cos(div(sin(mul(add(X2, X3), X1)), sqrt(X3))), mul(cube(add(X3, X3)), quart(quart(X1))))), mul(div(cos(div(cos(quart(cos(sub(X3, div(cos(div(sin(mul(add(X2, X3), X1)), mul(X3, X1))), mul(X2, quart(quart(X1)))))))), cube(sub(X1, X2)))), sub(div(exp(X2), exp(X1)), square(div(mul(add(X2, X3), div(mul(log(sin(X2)), sin(X3)), mul(exp(mul(mul(X1, X2), X3)), log(mul(X2, X3))))), cos(X2))))), div(X2, mul(add(mul(X3, X2), mul(X2, X1)), log(sin(X1)))))), mul(div(mul(mul(X3, X2), sqrt(log(X3))), sub(div(add(mul(X3, log(mul(sin(X1), X1))), mul(X2, sin(mul(X3, X1)))), exp(X3)), sub(sqrt(X2), cube(X3)))), div(X1, sqrt(mul(sqrt(add(cube(sub(X3, X1)), cos(mul(quart(X3), X2)))), sin(X1))))))"
feynman_II_38_14,MRGPRegressor,ok,2.0,0.0311217191935354,0.2030041818356072,440.0,146.0,3003.3,,"div(cube(div(add(X2, mul(mul(X2, X1), square(X2))), div(mul(sin(quart(sub(sin(X1), log(X2)))), div(quart(exp(sub(log(square(div(mul(X2, X1), exp(quart(sub(sin(X2), log(X1))))))), X2))), div(div(sqrt(X2), add(X2, sin(X1))), sin(quart(sub(sin(div(square(cube(X2)), sin(quart(div(mul(X1, X1), mul(div(add(X2, quart(square(X2))), sin(square(sub(X2, X1)))), quart(mul(X1, X2)))))))), log(X1))))))), mul(div(mul(div(square(sub(X2, X1)), sin(quart(sub(sin(X2), log(X1))))), X2), X2), quart(mul(quart(mul(X2, X1)), X1)))))), sub(cos(div(cos(sin(X1)), div(quart(quart(div(exp(X1), exp(X2)))), div(square(sub(X2, X1)), sin(quart(div(mul(X1, X1), mul(add(X2, quart(square(X2))), quart(mul(mul(X1, exp(X1)), X2)))))))))), log(mul(cube(X1), exp(X1)))))"
feynman_II_38_3,MRGPRegressor,ok,4.0,0.759716874455203,4.244554118457825,446.0,148.0,3066.2,,"mul(sub(cos(log(quart(X1))), sub(div(X4, div(cube(X2), mul(quart(mul(add(square(mul(div(X1, exp(X3)), mul(mul(X3, add(X4, X2)), cube(X3)))), X1), quart(X3))), add(cube(X3), add(X4, cos(exp(mul(mul(X1, X4), X4)))))))), mul(add(X3, X1), quart(X1)))), add(sub(add(sub(sqrt(mul(X2, sub(X1, sub(X3, X4)))), exp(sin(square(exp(add(log(sub(mul(X1, X3), mul(X1, X4))), sin(cos(exp(X3))))))))), exp(sin(sub(div(X4, div(cube(X2), X4)), X3)))), sin(square(mul(div(X1, sub(div(X4, div(cube(X1), square(div(add(sqrt(sin(mul(X3, X2))), X3), sub(square(X3), exp(log(sub(X1, sub(X3, X4))))))))), mul(add(X3, X1), quart(X2)))), mul(add(cube(X4), add(sin(mul(X2, sub(exp(X3), sub(exp(X2), X4)))), quart(X3))), cube(X3)))))), cube(sqrt(X4))))"
feynman_II_3_24,MRGPRegressor,ok,2.0,0.1712307845413329,0.0450852647860632,452.0,150.0,3004.0,,"add(cos(div(quart(div(quart(X2), div(X2, sqrt(div(square(cos(div(quart(X2), div(sub(exp(sin(X2)), X1), sqrt(div(exp(X1), exp(X2))))))), exp(mul(sin(X1), mul(quart(add(square(X2), sub(X1, X2))), X2)))))))), mul(X2, square(cube(cos(div(mul(X2, mul(X1, square(X1))), X2))))))), div(sub(mul(div(cos(mul(mul(div(cube(X2), exp(X2)), X1), div(log(log(X1)), log(add(X1, X2))))), sin(div(sub(X1, X2), exp(mul(X2, exp(div(sin(div(mul(X1, sin(X2)), exp(X2))), exp(X2)))))))), mul(div(mul(X2, exp(div(sin(div(log(X1), X1)), exp(X2)))), sin(div(sub(X1, log(X2)), exp(mul(X2, exp(div(sin(div(mul(X1, div(X2, exp(X2))), exp(X2))), exp(X2)))))))), quart(mul(X2, X2)))), X1), exp(mul(div(cube(X2), exp(X2)), exp(sin(div(sub(X1, X1), X1)))))))"
feynman_II_4_23,MRGPRegressor,error,,,,,,,ValueError: Input contains NaN.,
feynman_II_6_11,MRGPRegressor,ok,4.0,0.2707965597434971,0.0169452785634863,428.0,142.0,3022.9,,"mul(mul(div(div(mul(X4, X2), exp(X4)), log(mul(mul(X2, sin(X4)), mul(mul(mul(X4, sqrt(mul(div(X3, exp(X4)), X2))), mul(X3, X4)), X4)))), div(X3, square(div(quart(mul(X3, log(sqrt(sin(cos(X4)))))), mul(cos(square(log(cube(sqrt(sub(mul(X2, X4), X3)))))), exp(mul(mul(X3, X1), X4))))))), div(log(cube(sqrt(mul(div(sin(mul(X3, X2)), exp(X4)), mul(X2, mul(X1, mul(div(sin(X3), exp(X4)), X1))))))), square(div(square(mul(mul(cube(mul(X1, X4)), X3), mul(mul(X3, X1), exp(log(mul(div(X1, exp(X4)), X3)))))), mul(mul(mul(X3, X2), log(mul(div(mul(X3, mul(div(mul(X3, X1), exp(X4)), sub(X3, X2))), exp(mul(exp(X2), mul(X4, quart(X4))))), X2))), exp(mul(X4, mul(sqrt(mul(X4, X2)), X4))))))))"
feynman_II_6_15a,MRGPRegressor,ok,6.0,0.8106199022517658,0.1554311778346939,449.0,149.0,3073.5,,"mul(add(mul(div(mul(sin(X1), exp(X3)), sqrt(div(cube(mul(log(quart(div(sqrt(div(X2, X4)), cube(mul(sqrt(X1), cube(square(cube(X3)))))))), mul(X5, mul(exp(X4), mul(X5, cube(X5)))))), sin(mul(quart(div(sqrt(div(X2, cube(exp(div(X3, exp(sub(add(X1, X3), X4))))))), cube(exp(exp(X3))))), X6))))), cube(sub(mul(mul(X5, X2), quart(X3)), sin(X6)))), mul(X5, mul(add(sub(mul(mul(X5, cube(X3)), quart(X5)), div(X6, exp(sub(add(X3, X3), sin(X2))))), log(quart(div(X4, cube(exp(X3)))))), mul(div(mul(X2, sub(X3, div(X3, add(X3, X6)))), exp(sub(add(X1, X3), sin(X2)))), mul(X4, X2))))), mul(exp(cos(sub(X1, X3))), mul(sub(sqrt(div(cube(mul(log(quart(div(sqrt(exp(X2)), cube(exp(X3))))), X1)), sin(mul(X6, cube(X3))))), sin(X6)), sin(X2))))"
feynman_II_6_15b,MRGPRegressor,ok,4.0,0.1617288839525001,0.0310222475604081,452.0,150.0,3004.9,,"div(log(exp(cos(quart(mul(X3, X1))))), mul(cube(sub(sin(div(cos(mul(mul(mul(X4, X3), quart(div(cos(X3), exp(X4)))), X4)), exp(mul(cube(add(X4, sin(X3))), square(div(mul(mul(X4, X3), mul(div(mul(mul(X4, X3), quart(div(cos(X3), exp(X4)))), exp(X4)), div(X3, X4))), exp(X3))))))), mul(sub(cos(log(mul(mul(X4, X3), X1))), quart(div(X1, sqrt(div(X3, X2))))), mul(cube(X4), X3)))), mul(X3, mul(cube(add(X3, X1)), sub(sin(sqrt(X3)), mul(mul(sub(sin(X1), mul(sub(square(cos(div(quart(mul(square(mul(mul(X4, X3), mul(mul(div(X3, exp(X2)), X2), mul(X4, X3)))), mul(mul(X4, X3), quart(X4)))), quart(div(cos(mul(X3, div(X2, exp(X4)))), exp(exp(X4))))))), quart(div(mul(X4, square(X4)), sqrt(div(X3, X2))))), div(X4, exp(X3)))), X4), X4))))))"
feynman_II_8_31,MRGPRegressor,error,,,,,,,ValueError: Input contains NaN.,
feynman_II_8_7,MRGPRegressor,ok,3.0,0.5493099235638281,0.0424955483479959,410.0,136.0,3004.6,,"mul(sub(div(cos(mul(div(mul(X3, mul(sin(X2), exp(sub(sub(X1, X3), X3)))), cos(exp(X1))), div(square(sin(mul(X1, exp(sub(X1, X1))))), mul(mul(X3, mul(X2, mul(sin(exp(sub(X1, add(X3, X2)))), mul(mul(exp(sub(sin(X1), square(div(square(sin(sin(cube(X1)))), mul(exp(sub(X1, exp(sub(sub(X1, X3), X3)))), X3))))), exp(sub(X1, X2))), X1)))), mul(exp(sub(X1, add(X3, X3))), add(X3, X2)))))), mul(exp(sub(sin(quart(X2)), exp(sub(sub(X1, X2), X3)))), sqrt(X1))), log(quart(square(log(X2))))), sqrt(mul(exp(sin(sub(X1, X2))), mul(log(log(X3)), mul(mul(quart(X3), mul(mul(X2, log(square(quart(X1)))), log(square(X1)))), exp(cube(sin(mul(X2, exp(sub(X1, add(X3, X2))))))))))))"
feynman_I_10_7,MRGPRegressor,ok,3.0,0.4959341473880618,0.7876002733905796,434.0,144.0,3003.0,,"add(cos(mul(cos(sqrt(quart(X3))), log(log(square(X1))))), mul(div(mul(sin(cos(quart(X3))), sub(div(square(X3), mul(div(mul(sin(log(X1)), sqrt(log(X3))), sub(div(exp(X2), exp(X3)), square(add(X3, X1)))), div(sin(quart(cos(X1))), sqrt(mul(div(X1, X2), sin(X2)))))), div(mul(mul(sub(sqrt(div(X2, div(X3, div(div(X2, X1), quart(cube(sub(X3, X2))))))), X3), X3), X2), exp(exp(cos(quart(X3))))))), sub(div(exp(X2), mul(quart(cos(X1)), div(sin(quart(cos(X1))), quart(quart(square(X2)))))), square(add(X3, div(X3, X2))))), div(sin(quart(div(mul(sin(log(X1)), sqrt(div(X2, div(X3, div(X1, quart(cube(cube(cos(div(X1, X2)))))))))), sub(div(exp(log(X3)), exp(div(X1, X2))), square(add(X3, X2)))))), sqrt(mul(div(X1, X2), sin(X1))))))"
feynman_I_11_19,MRGPRegressor,ok,6.0,-0.2496109974480125,11.236721523568104,443.0,147.0,3239.2,,"div(sub(div(div(mul(X4, X1), div(X5, X3)), mul(mul(X1, X1), exp(cube(X3)))), mul(cos(mul(X3, X6)), X6)), div(sub(add(div(cube(mul(div(sub(mul(sqrt(add(X3, X5)), X3), X1), mul(X1, mul(X2, X5))), mul(mul(sqrt(div(mul(cos(mul(exp(cube(X3)), mul(X2, X5))), X3), mul(X4, X5))), mul(mul(mul(X2, X5), mul(X6, X3)), X5)), X1))), sin(div(cube(mul(X6, mul(log(mul(log(exp(cube(X5))), mul(exp(X6), X5))), X1))), sin(mul(cos(div(X2, cube(div(cube(mul(X6, mul(X4, X1))), sin(mul(cos(div(X2, X6)), cube(X3))))))), cube(X3)))))), mul(X1, X3)), add(mul(X2, X1), mul(X1, mul(X3, X2)))), mul(mul(log(log(X1)), X4), mul(cos(div(X2, cube(div(cube(mul(X6, mul(X4, X6))), sin(mul(cos(X6), cube(X3))))))), X5))))"
feynman_I_12_1,MRGPRegressor,ok,2.0,0.434822517935077,3.3963742727525856,401.0,133.0,3057.4,,"div(sub(div(div(sin(X1), cube(sin(square(div(X2, div(div(sin(mul(X2, sqrt(quart(log(mul(cube(X1), exp(X1))))))), sin(X2)), sin(sin(quart(mul(X1, X1)))))))))), div(div(div(div(sin(X1), X1), sub(X1, X2)), X1), sin(sin(quart(sub(X1, sqrt(quart(log(div(div(div(sin(mul(X1, mul(X2, X1))), X1), cos(exp(add(X1, X2)))), exp(X1))))))))))), div(sub(div(exp(X1), sub(X2, X1)), log(cube(mul(X1, cos(add(log(mul(X2, X1)), X2)))))), div(div(sin(mul(X2, X2)), quart(mul(X1, X1))), sin(sin(quart(sub(X1, X2))))))), div(div(sin(mul(quart(mul(sqrt(X2), sqrt(X1))), X1)), quart(cube(quart(X1)))), sin(sin(quart(sqrt(sin(exp(mul(square(exp(sqrt(X1))), log(mul(X1, X2)))))))))))"
feynman_I_12_11,MRGPRegressor,ok,5.0,0.3233789813364286,19.33459989638158,386.0,128.0,3012.5,,"mul(sub(div(cos(div(mul(X5, X3), quart(X4))), quart(div(cube(X3), X1))), add(div(mul(mul(X1, X5), add(X3, X4)), mul(log(quart(cube(X2))), mul(X1, X5))), sin(mul(div(mul(X5, add(X3, log(sub(div(mul(mul(X3, X5), sub(X2, X4)), X5), add(div(mul(mul(cube(mul(X5, mul(X5, X4))), X5), X3), log(mul(X4, X2))), X5))))), square(sin(mul(mul(mul(X4, X5), mul(X2, mul(X1, mul(X5, X2)))), mul(X3, X5))))), log(mul(sub(log(mul(add(X5, div(mul(sub(mul(mul(X5, X4), X3), cube(X5)), X1), sqrt(cube(sub(mul(X5, X1), mul(mul(X1, X5), add(X3, X4))))))), X4)), sub(X1, cube(X5))), X2)))))), mul(X3, sqrt(add(log(X1), X5))))"
feynman_I_12_2,MRGPRegressor,ok,4.0,0.9180699672727805,0.0270080463059371,398.0,132.0,3012.6,,"mul(mul(exp(add(square(add(X3, X4)), quart(sqrt(X3)))), mul(exp(sub(X2, exp(sub(X4, exp(sub(sin(X2), add(X3, X4))))))), mul(div(add(log(log(exp(sub(mul(mul(sub(X4, exp(sub(sin(mul(exp(sub(sin(sin(X1)), add(X3, X4))), X1)), add(X3, X4)))), X1), X2), X4)))), quart(quart(X4))), cos(cos(sub(cube(exp(sub(mul(X2, X4), X4))), mul(mul(mul(exp(sub(X2, add(X3, X4))), X1), mul(cos(X4), exp(sub(X1, X4)))), mul(add(mul(cube(X4), cos(sqrt(exp(exp(sub(sub(X2, X4), exp(X3))))))), mul(sub(sin(mul(sub(cube(X4), exp(sub(sin(X2), X4))), X1)), X1), X4)), X4)))))), exp(quart(X4))))), mul(div(add(sin(X3), X4), cube(quart(X1))), exp(mul(X4, X3))))"
feynman_I_12_4,MRGPRegressor,ok,3.0,0.3728852829357582,0.0159323072079126,431.0,143.0,3060.1,,"mul(div(sqrt(sqrt(div(mul(div(div(X2, X3), sub(div(div(X1, X3), exp(mul(mul(mul(X1, X3), X3), mul(mul(cube(mul(sqrt(add(X2, X3)), sqrt(div(X2, exp(X3))))), sub(X2, sqrt(cube(X3)))), X1)))), square(add(X3, mul(sqrt(div(mul(mul(X1, X2), cube(mul(X3, sqrt(div(X2, exp(X3)))))), div(X2, X1))), sub(log(add(mul(X2, cube(X3)), square(X2))), X1)))))), div(sin(quart(cos(X1))), sqrt(cube(mul(cube(mul(sqrt(square(add(X3, sub(X2, X1)))), sqrt(div(cube(X3), exp(X3))))), sub(mul(X2, mul(X3, X3)), cos(X2))))))), exp(X2)))), exp(X3)), mul(mul(X1, X3), sqrt(div(div(div(X1, exp(X3)), cos(mul(X3, mul(mul(cube(mul(sqrt(add(X2, X3)), sqrt(div(X2, exp(X3))))), sub(X2, cos(log(cube(X3))))), X1)))), exp(X3)))))"
feynman_I_12_5,MRGPRegressor,ok,2.0,0.0896851568822391,4.615064323137377,371.0,123.0,3024.9,,"add(quart(div(sin(div(sub(exp(sqrt(cube(sqrt(X1)))), log(cube(X1))), div(sin(quart(X2)), div(X2, div(quart(square(X2)), sin(exp(X2))))))), add(div(mul(X2, div(quart(X1), div(sub(exp(sin(cube(cube(X1)))), log(cube(sin(exp(exp(X1)))))), sqrt(div(X1, exp(quart(X1))))))), quart(mul(div(exp(X1), div(log(mul(X2, X2)), mul(X1, X2))), cube(sub(sin(cube(div(sin(mul(X2, X1)), sin(cube(mul(cube(square(X1)), X1)))))), mul(X2, X2)))))), div(X2, div(sin(cube(X1)), mul(X2, quart(exp(exp(X1))))))))), log(sin(div(mul(div(div(quart(X1), div(sin(sin(exp(exp(X2)))), log(mul(mul(X2, X2), X2)))), X1), cos(X1)), sqrt(sqrt(X2))))))"
feynman_I_13_12,MRGPRegressor,ok,5.0,0.0080958164377975,10.427154551163596,446.0,148.0,3066.5,,"sub(div(cos(div(mul(X4, X3), quart(div(mul(sub(X3, sin(X5)), mul(add(square(mul(X4, mul(X4, square(sub(mul(X5, X1), cube(X4)))))), log(X4)), div(mul(sub(X3, X4), X2), exp(exp(X5))))), mul(sub(X3, X4), add(X1, X5)))))), sqrt(cube(X3))), add(div(mul(sub(X3, mul(square(cos(sin(cos(div(mul(sub(X3, X4), sin(exp(sin(mul(cube(quart(X5)), mul(div(exp(X3), X4), mul(X4, X5))))))), log(square(sub(X3, X2)))))))), X4)), sin(X4)), log(mul(sub(X3, X4), X2))), add(div(mul(sub(mul(mul(mul(cos(cos(X4)), mul(sub(X3, X4), X4)), X4), mul(X1, sub(X4, X3))), X4), sin(quart(square(div(X3, log(mul(X3, mul(mul(X2, sqrt(X4)), mul(sub(X3, X5), X3))))))))), log(mul(X4, square(sub(mul(X5, X4), cube(X4)))))), sin(div(X3, log(X1))))))"
feynman_I_13_4,MRGPRegressor,ok,4.0,0.0155436043004448,22.664051999706416,452.0,150.0,3006.4,,"add(div(mul(div(add(mul(X4, X4), mul(X4, mul(X4, X1))), sub(square(div(add(sqrt(div(mul(X2, X1), cos(X3))), mul(X2, exp(add(log(cos(X3)), sin(X3))))), add(add(div(mul(mul(mul(X2, X1), X2), X1), quart(quart(sub(sqrt(X4), X2)))), mul(mul(div(X1, sub(square(X3), X4)), cube(add(exp(X1), mul(X3, X1)))), X3)), cube(sqrt(X4))))), X4)), mul(sqrt(X4), sin(X2))), quart(quart(mul(sqrt(X4), X2)))), mul(mul(div(add(sqrt(X4), mul(X4, X1)), sub(square(X3), X4)), div(X1, quart(quart(mul(X1, div(mul(sin(X2), X1), cos(mul(X3, X1)))))))), cube(add(exp(quart(sin(X2))), div(add(sqrt(div(mul(X2, div(log(cos(add(X4, X2))), log(square(add(mul(X1, sin(X2)), log(X4)))))), cos(X3))), mul(X1, X4)), add(sub(quart(X2), mul(X3, X1)), cube(sqrt(X4))))))))"
feynman_I_14_3,MRGPRegressor,ok,3.0,0.4686852121644076,13.794440816067654,452.0,150.0,3068.2,,"mul(sub(mul(sin(log(X1)), sin(div(mul(div(mul(X1, sqrt(X3)), sub(div(X1, sqrt(mul(X1, mul(X2, X3)))), square(X1))), X1), cube(div(div(mul(cube(cos(quart(X2))), sin(sub(X2, X1))), mul(exp(X1), log(mul(X2, X3)))), square(exp(div(sin(X2), mul(X1, X2))))))))), sqrt(mul(sin(X2), cos(add(sin(X1), mul(X2, X3)))))), div(div(mul(sub(sub(square(sin(div(sin(mul(add(X1, X1), sin(X2))), cube(div(div(mul(cube(cos(quart(X2))), sin(sub(X2, X1))), mul(exp(mul(X1, add(X1, X2))), log(mul(X2, X3)))), square(exp(div(sin(X2), mul(X1, X2))))))))), cos(mul(mul(X1, X3), log(X2)))), sqrt(mul(X1, add(X3, X1)))), quart(X2)), div(square(cos(X3)), sqrt(div(X3, X1)))), cube(sub(cube(sin(div(sqrt(mul(X2, mul(X1, X3))), mul(add(X1, X3), X2)))), X2))))"
feynman_I_14_4,MRGPRegressor,ok,2.0,0.8852696154880635,5.338997100788882,446.0,148.0,3048.2,,"mul(cube(div(sin(square(div(X1, div(add(X1, mul(X2, X1)), div(mul(cube(X1), X2), mul(quart(exp(X2)), quart(mul(div(sub(exp(sin(add(quart(exp(X2)), exp(X2)))), div(X1, X2)), sqrt(div(exp(X1), mul(cube(div(sin(square(div(X2, div(add(X1, mul(X2, X1)), div(mul(cube(div(sin(X2), sub(X1, mul(X2, X2)))), X1), mul(X2, quart(mul(X1, cube(mul(exp(X2), X1)))))))))), X2)), div(sub(X2, log(cos(X1))), sqrt(div(square(cube(X1)), exp(X2)))))))), cube(mul(exp(X2), X1)))))))))), sub(log(sqrt(X2)), mul(mul(div(sin(X2), sub(X1, mul(X2, X2))), X1), exp(add(X1, X2)))))), div(sub(sin(cube(mul(exp(add(X1, X2)), X1))), add(sub(mul(X1, X1), exp(X2)), add(X1, mul(X2, X1)))), sqrt(div(square(cube(X2)), exp(mul(exp(X2), add(X2, X1)))))))"
feynman_I_15_10,MRGPRegressor,ok,3.0,-0.8457726723910719,2.3079093788243665,422.0,140.0,3105.1,,"cube(div(cube(sin(mul(add(log(div(X3, X3)), sin(square(add(sqrt(mul(X1, square(X2))), log(quart(X3)))))), log(div(mul(X2, div(X1, quart(cube(X2)))), cos(sin(square(add(sqrt(mul(X1, div(sin(div(mul(div(div(mul(X2, exp(X1)), X3), cos(X3)), X2), quart(X2))), sin(log(mul(mul(X2, X1), X1)))))), log(quart(X3))))))))))), sub(sin(X1), div(exp(quart(X3)), div(sqrt(div(square(mul(div(sqrt(div(square(X1), cos(div(X1, X2)))), sqrt(add(div(quart(cos(mul(div(X2, quart(mul(X3, square(div(square(mul(X2, X1)), cos(div(X3, X1))))))), quart(X1)))), quart(cube(X2))), X1))), X1)), cos(div(X1, X2)))), sqrt(add(div(X1, sin(log(mul(cube(quart(mul(X1, cos(X2)))), mul(div(X3, cos(X3)), X1))))), log(quart(cube(log(X3)))))))))))"
feynman_I_15_3t,MRGPRegressor,ok,4.0,0.5983319152618751,0.7755073386404364,449.0,149.0,3108.5,,"mul(mul(div(cube(div(exp(X2), cube(X3))), quart(quart(sin(exp(X4))))), add(sqrt(sub(log(cube(quart(sqrt(div(sqrt(log(square(cube(X4)))), log(add(X4, X3))))))), div(cos(X1), log(add(X4, X3))))), sub(log(sqrt(mul(mul(div(mul(X4, square(X2)), quart(X2)), mul(cube(X4), log(cos(exp(X3))))), add(log(quart(cube(sqrt(X1)))), square(mul(X4, X3)))))), X4))), add(mul(mul(div(mul(X4, add(X4, X3)), quart(sin(cube(quart(sqrt(div(sqrt(log(square(cube(X4)))), log(add(sin(cube(quart(sqrt(div(sqrt(log(square(cube(X4)))), log(add(X4, X3))))))), X3))))))))), square(sub(X3, X1))), add(log(quart(cube(sqrt(mul(X3, exp(X4)))))), div(mul(mul(add(X2, X4), X2), X1), sub(cos(cos(X1)), mul(X1, X2))))), div(mul(mul(add(div(X4, log(add(X3, X3))), square(cube(X4))), X2), X1), X2)))"
feynman_I_15_3x,MRGPRegressor,ok,4.0,-1.1268326540005025,2.3735746922962964,431.0,143.0,3165.6,,"div(div(log(sub(X4, X3)), sqrt(mul(div(add(sqrt(sqrt(sqrt(cos(X4)))), mul(X4, X1)), sub(square(X3), exp(X2))), cube(mul(cos(add(cos(quart(X2)), cos(sqrt(exp(div(div(X1, exp(X4)), exp(X2))))))), sin(mul(mul(add(div(X2, X3), X2), sin(cos(X1))), div(div(X1, sqrt(sqrt(cos(mul(X2, X1))))), div(X1, quart(X1)))))))))), div(div(div(sub(sqrt(div(cos(quart(X1)), sin(X3))), exp(add(X4, log(X3)))), sqrt(sqrt(cos(mul(X2, X1))))), div(sqrt(mul(div(mul(X4, X1), sub(square(mul(X4, X1)), exp(div(log(sub(X4, X3)), exp(X4))))), sin(quart(X4)))), quart(X1))), div(sqrt(X2), quart(div(log(exp(add(sub(X2, X3), log(X3)))), mul(cube(sub(sin(X1), add(X1, X2))), mul(cos(mul(X1, X4)), mul(cube(X4), square(square(X2))))))))))"
feynman_I_16_6,MRGPRegressor,ok,3.0,0.258923988889261,1.033290721918093,404.0,134.0,3015.5,,"add(add(add(add(cube(div(mul(X1, X2), sin(quart(square(quart(X1)))))), cos(add(sin(X1), sin(X2)))), X1), add(div(X1, mul(quart(X1), quart(mul(mul(mul(mul(X3, sub(X3, X2)), X3), X2), X1)))), add(cube(sub(X3, X1)), cos(add(sin(X1), add(div(X1, mul(quart(X1), quart(mul(mul(div(sub(div(div(X1, mul(X2, quart(mul(mul(mul(mul(X1, X2), X3), X2), X1)))), X1), square(add(X3, div(X1, X2)))), sqrt(mul(mul(exp(X3), mul(X3, sub(X1, X2))), sin(X1)))), X2), X1)))), X1)))))), mul(log(mul(exp(cube(X1)), exp(add(X3, X3)))), add(exp(X3), mul(div(mul(X3, sqrt(X3)), sub(div(exp(X2), exp(X1)), X2)), div(sin(quart(cube(X3))), sqrt(mul(div(X1, X2), sin(X1))))))))"
feynman_I_18_12,MRGPRegressor,ok,3.0,0.6195300000902978,4.22106508415609,410.0,136.0,3199.0,,"add(cos(cos(div(log(exp(sqrt(div(mul(mul(X2, quart(add(cos(X3), mul(sin(X3), X1)))), X3), square(mul(mul(X2, quart(add(cos(X3), mul(sin(X3), X1)))), X3)))))), sub(cos(sin(cube(sqrt(add(div(mul(square(X1), X1), square(div(mul(cube(square(sin(square(mul(X1, X1))))), add(X3, X1)), X1))), quart(quart(X2))))))), square(mul(X1, X1)))))), mul(div(mul(sin(X3), sqrt(div(mul(square(cos(div(mul(div(mul(X3, add(X2, X1)), square(exp(sin(X3)))), add(square(exp(X3)), X1)), X3))), add(X2, X1)), square(exp(sin(X3)))))), sub(div(exp(sqrt(div(mul(mul(X3, sin(X3)), add(X2, X1)), X1))), exp(X3)), square(add(X2, X1)))), div(sin(quart(cos(X3))), sqrt(mul(log(div(cos(X3), square(sin(X3)))), sin(X1))))))"
feynman_I_18_14,MRGPRegressor,ok,4.0,0.4911418413590483,16.761407719332983,452.0,150.0,3010.1,,"div(sqrt(mul(mul(mul(mul(sin(X4), add(mul(X2, X4), X2)), X3), mul(div(X2, div(X1, mul(mul(X2, sin(mul(X1, mul(X4, X4)))), X4))), exp(sin(X3)))), X1)), mul(mul(mul(X2, square(mul(sin(X4), mul(mul(sin(X4), X3), mul(mul(X2, sin(sin(X4))), X1))))), add(exp(cube(mul(mul(X4, X1), mul(sin(mul(X1, mul(X4, sin(mul(mul(mul(mul(X4, X2), X1), mul(mul(mul(sin(X4), add(X1, X2)), X3), X3)), X4))))), X2)))), div(mul(mul(X3, X1), X4), div(div(exp(cube(sin(X3))), cos(mul(mul(div(X2, div(X1, mul(mul(X3, X4), X1))), X2), X1))), mul(X4, div(X1, sqrt(cube(add(sub(X2, X4), X2))))))))), mul(mul(mul(mul(mul(sin(X4), add(mul(X2, X4), X2)), X4), add(X1, X2)), X3), mul(sin(mul(X1, mul(X4, X4))), square(cube(X4))))))"
feynman_I_18_4,MRGPRegressor,ok,4.0,0.2335332199821433,0.8264232883079594,446.0,148.0,3326.0,,"div(div(cube(sqrt(sub(X1, X4))), square(div(mul(mul(X2, X3), mul(mul(quart(X2), sin(X2)), mul(mul(quart(X2), X4), cos(div(cos(mul(X4, X4)), cos(mul(X2, X3))))))), sqrt(add(div(mul(cos(cos(add(log(sub(X2, mul(X1, X4))), X3))), cos(log(exp(mul(cos(X3), sub(X2, cube(X1))))))), mul(mul(quart(X2), sin(X1)), add(square(X3), square(X4)))), sin(cos(exp(mul(X4, X3))))))))), div(cube(add(mul(sqrt(add(div(mul(add(X2, quart(X1)), cos(exp(X1))), mul(mul(quart(X2), sin(X2)), mul(mul(quart(X2), X4), cos(div(cos(mul(X4, X4)), cos(mul(X2, X3))))))), sub(cos(add(mul(X3, X4), mul(X4, X1))), X4))), sub(exp(X2), X1)), mul(X1, X4))), quart(div(square(X1), log(cube(div(cube(sqrt(sub(X1, X4))), quart(div(square(sin(X1)), log(cube(X2)))))))))))"
feynman_I_24_6,MRGPRegressor,ok,4.0,0.6601374584556378,8.836958528982708,410.0,136.0,3028.7,,"sin(add(add(sub(add(sub(log(X4), X1), sub(div(sin(X2), exp(mul(sub(exp(sqrt(square(X2))), cube(add(X3, square(X4)))), sqrt(X1)))), mul(add(X3, div(sin(X2), sub(div(sin(X2), exp(mul(sub(exp(add(X3, X1)), cube(add(mul(X1, X4), square(mul(exp(X4), exp(X1)))))), sqrt(div(X2, exp(exp(X4))))))), X4))), mul(sub(div(sin(mul(X2, X1)), sub(div(sin(X2), exp(mul(sub(exp(mul(X4, X1)), add(X2, square(mul(exp(X4), exp(X1))))), sqrt(div(sin(X3), X1))))), mul(add(X3, X3), X4))), mul(add(X3, mul(X3, sin(X1))), X4)), sqrt(div(sin(X2), exp(X4))))))), mul(mul(X2, X4), add(mul(X2, X1), mul(quart(X3), X4)))), square(add(sqrt(X3), sin(X3)))), exp(sin(mul(exp(X3), X3)))))"
feynman_I_25_13,MRGPRegressor,ok,2.0,-0.3827910509502568,0.9611990677314036,437.0,145.0,3081.6,,"add(quart(div(sin(sin(sub(X1, quart(X2)))), add(div(mul(X2, X1), quart(div(X2, add(div(mul(div(sub(X1, X2), exp(X2)), X1), mul(cube(div(X2, mul(sin(square(sqrt(X2))), square(square(cube(X1)))))), X2)), sqrt(div(div(cube(div(sin(mul(X2, square(sub(X2, X1)))), mul(sin(square(sqrt(exp(X2)))), square(square(cube(X1)))))), X1), mul(square(sub(X1, cube(div(sub(X1, X2), exp(X2))))), add(sin(exp(sub(X2, cube(X2)))), mul(cube(add(div(sub(X2, X2), exp(X2)), quart(sub(X2, X1)))), square(square(X1))))))))))), sqrt(cube(mul(mul(add(cube(sin(square(div(sub(X1, X2), exp(X2))))), X1), exp(sub(log(quart(sub(X2, X1))), X2))), square(sin(X1)))))))), log(sub(mul(quart(square(X1)), log(X2)), log(cos(cube(div(div(sub(exp(X2), X2), exp(X2)), exp(X2))))))))"
feynman_I_26_2,MRGPRegressor,ok,2.0,0.7470879177857974,0.1850153047849867,443.0,147.0,3045.2,,"mul(cube(div(sqrt(div(mul(cube(X1), X1), exp(mul(add(exp(X2), square(mul(X1, X2))), mul(X2, sub(cos(add(X1, quart(X2))), exp(X1))))))), log(sub(sub(X1, X2), square(X2))))), div(sub(exp(sin(sub(mul(add(square(X1), sin(cube(div(cos(quart(X1)), sqrt(div(mul(cube(X2), X1), exp(mul(add(exp(X2), square(mul(X1, X2))), mul(X2, sub(sin(cube(X2)), exp(X1))))))))))), mul(mul(exp(X2), sub(mul(log(cos(mul(mul(mul(mul(X2, cube(exp(X1))), X2), X1), quart(quart(sin(X2)))))), X2), X1)), sub(cos(X1), exp(X1)))), X2))), log(cos(mul(mul(mul(X2, X2), X1), cube(X2))))), sqrt(div(mul(X2, X1), exp(mul(add(exp(X2), square(mul(X1, X1))), mul(X1, sub(sin(cube(sqrt(div(div(X1, exp(X2)), exp(mul(div(X1, exp(X2)), X2)))))), exp(X1)))))))))"
feynman_I_27_6,MRGPRegressor,ok,3.0,0.482262903559591,0.2937144141076963,431.0,143.0,3120.7,,"add(cos(mul(div(X1, quart(mul(mul(X3, X1), mul(mul(mul(sin(sub(X1, X2)), X2), quart(cos(X1))), add(X2, X3))))), quart(cos(sub(X3, X1))))), mul(div(mul(div(mul(mul(X3, mul(X1, X3)), X3), X1), sqrt(add(add(sin(sin(mul(X2, X1))), add(mul(exp(X1), log(sqrt(exp(square(X3))))), mul(div(mul(X2, X3), cube(div(mul(mul(X2, mul(X1, X3)), sqrt(cube(X3))), X1))), div(sin(quart(X1)), sqrt(mul(X2, sin(X1))))))), div(square(quart(X3)), X2)))), cos(cube(exp(X2)))), div(div(mul(mul(X3, mul(X2, square(log(square(X1))))), sqrt(cube(X3))), mul(cos(sub(X2, X1)), div(exp(mul(X2, X3)), exp(X3)))), sqrt(mul(div(sqrt(div(log(X3), div(X3, X1))), quart(mul(exp(mul(X1, X3)), mul(X3, add(X2, X1))))), sub(X2, X1))))))"
feynman_I_29_16,MRGPRegressor,error,,,,,,,ValueError: Input contains NaN.,
feynman_I_29_4,MRGPRegressor,ok,2.0,0.8770696127659299,0.5004403083268876,440.0,146.0,3045.3,,"add(div(mul(X1, add(X2, cos(quart(X2)))), quart(div(quart(quart(X1)), add(div(add(X2, X1), exp(X2)), exp(X2))))), mul(cube(X1), cos(div(mul(sub(X1, sub(sub(X2, div(sin(quart(div(sub(X1, X2), exp(square(quart(cos(X2))))))), square(quart(mul(X1, X2))))), square(mul(quart(X1), cos(div(mul(sub(div(quart(div(X2, exp(X2))), log(quart(X1))), add(div(square(cube(X2)), exp(X2)), div(X1, square(quart(X1))))), square(X2)), sin(log(sub(sub(cube(sqrt(X2)), div(sin(quart(div(log(quart(X1)), exp(X2)))), square(quart(cos(X2))))), square(mul(X2, sub(quart(X1), X2)))))))))))), square(X2)), sin(log(sub(sub(cube(sqrt(X2)), div(sin(quart(div(sub(X2, X2), exp(X2)))), sqrt(quart(quart(sin(quart(div(sub(X1, X2), exp(X2))))))))), square(mul(cube(X2), cos(div(X1, X2)))))))))))"
feynman_I_30_5,MRGPRegressor,ok,3.0,0.8910782579276444,0.0532800508462636,443.0,147.0,3056.5,,"sub(sub(mul(div(add(div(X2, mul(div(sin(X1), X2), cube(X3))), add(X1, cos(X3))), quart(log(sqrt(X3)))), X1), div(mul(div(sin(mul(div(X3, exp(sub(mul(div(log(sqrt(sin(sin(X2)))), quart(log(sqrt(X3)))), exp(X3)), div(mul(div(sin(mul(div(X3, exp(X2)), X2)), X1), mul(X1, exp(sub(X1, add(X2, X3))))), sqrt(sqrt(mul(X3, mul(sub(X2, X1), cube(X3))))))))), X2)), X1), mul(sub(X1, X2), exp(sub(X1, add(X2, X3))))), sqrt(sqrt(mul(X3, mul(sub(X2, X1), cube(X3))))))), div(div(mul(div(sin(mul(div(X3, X2), div(sin(mul(cube(div(X3, exp(div(sin(mul(div(X3, exp(X2)), X2)), X2)))), X2)), X2))), sqrt(sqrt(mul(X3, mul(sub(X2, X1), cube(X3)))))), exp(cos(sub(X2, X1)))), sin(X2)), sqrt(div(cube(X2), quart(quart(X2))))))"
feynman_I_30_3,MRGPRegressor,ok,3.0,-2.60333198368938,3.756300218683028,410.0,136.0,3351.1,,"div(square(sub(cube(add(sin(X2), mul(square(mul(sin(cube(exp(X1))), quart(X2))), X1))), cube(X2))), div(sqrt(quart(quart(mul(cos(X3), cos(X2))))), div(square(mul(sin(exp(cube(X2))), log(exp(cos(square(square(X2))))))), div(sqrt(quart(mul(square(X1), mul(sin(sub(div(sqrt(quart(mul(add(X3, X1), mul(X2, X2)))), div(square(mul(sin(exp(cube(X2))), log(exp(cos(square(square(X2))))))), div(sqrt(quart(mul(square(X1), mul(sin(cube(mul(cos(add(sqrt(sub(X3, sin(X2))), sqrt(sqrt(X2)))), cube(add(quart(X2), add(X1, log(cos(mul(cube(cube(X2)), exp(sqrt(X3))))))))))), X2)))), X2))), div(cos(X3), sqrt(X2)))), cube(sin(sub(mul(X2, X3), mul(exp(sqrt(quart(X2))), log(sub(log(X2), exp(X2))))))))))), exp(sin(cube(X3)))))))"
feynman_I_32_17,MRGPRegressor,ok,6.0,-2.1172729663651384,7.59111796775364,371.0,123.0,3021.5,,"mul(mul(add(mul(cube(div(quart(add(X5, X4)), quart(quart(cube(X1))))), sin(sqrt(cube(mul(X1, exp(sub(X5, X6))))))), quart(X2)), mul(X5, mul(X3, mul(exp(X5), mul(mul(X3, X3), mul(add(X2, X4), X5)))))), mul(sub(X1, div(mul(sub(mul(X5, mul(X4, mul(mul(X6, X1), mul(add(mul(X2, X5), X4), mul(exp(sub(X5, X6)), add(X3, X2)))))), X6), div(X5, exp(sub(X5, X6)))), log(quart(X1)))), mul(X4, mul(mul(mul(quart(mul(exp(sub(X5, X6)), X4)), mul(X5, add(X5, X1))), mul(exp(X5), mul(X2, mul(exp(sub(X5, X6)), add(X3, X5))))), add(X3, square(mul(exp(X4), mul(add(mul(X1, X5), exp(X3)), X5))))))))"
feynman_I_32_5,MRGPRegressor,ok,4.0,0.8391671010382392,0.397005794237269,320.0,106.0,3018.2,,"sub(div(mul(sub(X1, X4), square(X1)), cube(mul(mul(sub(div(div(X3, exp(X2)), exp(div(sub(X4, add(X1, mul(sub(X1, X4), square(sub(sin(X2), X4))))), exp(div(sub(sin(X4), mul(sub(X1, X4), sub(X2, X4))), exp(X4)))))), X4), square(sub(sin(mul(X2, div(exp(sub(X1, X3)), exp(X4)))), add(X3, X4)))), X2))), mul(div(div(sub(sin(X4), mul(sub(X1, X4), sub(X2, X4))), cube(sub(X2, X3))), div(X3, X1)), div(sub(X1, mul(exp(sub(sub(X2, X3), X4)), mul(sub(X1, X4), sub(X2, X4)))), exp(sub(X1, add(X3, X4))))))"
feynman_I_34_1,MRGPRegressor,ok,3.0,-0.6444264799929853,2.3842052295795297,443.0,147.0,3171.0,,"add(mul(div(X1, quart(mul(div(sub(sin(square(X3)), exp(log(X1))), quart(log(sin(mul(X1, X3))))), mul(X1, sqrt(X2))))), mul(X3, sub(X2, X1))), square(mul(add(div(mul(log(sin(X2)), X2), mul(add(div(mul(log(sin(X2)), sin(sub(X2, X1))), div(mul(log(sin(X2)), sin(square(mul(add(X3, cube(log(sin(mul(X1, X3))))), quart(mul(sub(X2, X1), exp(sub(X3, X1)))))))), mul(exp(mul(sub(X3, X1), X3)), quart(mul(sub(exp(sqrt(square(X2))), cube(add(mul(X3, X2), square(X1)))), sqrt(add(cube(sub(X3, X1)), cos(quart(sub(X1, X1)))))))))), cube(X3)), quart(mul(sub(exp(sqrt(mul(sub(exp(X2), X1), exp(sub(X3, X1))))), cube(add(mul(X3, X2), X2))), sqrt(add(cube(square(X1)), cos(quart(sub(cos(quart(sub(X3, X1))), X1))))))))), cos(quart(X1))), cube(X1))))"
feynman_I_34_14,MRGPRegressor,ok,3.0,0.0147308053294731,1.2926318052928891,431.0,143.0,3064.1,,"add(div(cos(add(quart(X3), sin(quart(X1)))), quart(sin(cube(cos(X2))))), mul(div(mul(sin(log(X1)), sqrt(log(mul(mul(quart(X1), sin(X3)), log(div(sin(quart(sub(X2, X1))), div(exp(X1), exp(X3)))))))), sub(div(exp(X2), exp(X3)), mul(add(div(X3, sub(sqrt(sin(X1)), div(sin(mul(sin(div(log(X2), quart(div(mul(sin(log(X1)), sqrt(log(X3))), sub(X3, square(add(X3, X2))))))), cos(sqrt(div(quart(X1), X3))))), log(quart(cube(log(X3))))))), sub(div(cos(div(X2, X1)), sub(div(cos(div(X3, X1)), sub(sqrt(X3), cos(X3))), cos(X3))), X2)), sqrt(div(div(sub(cos(X1), mul(X2, X1)), add(X3, mul(X2, X1))), log(div(div(X2, X3), log(X1)))))))), div(mul(exp(exp(X3)), exp(log(X3))), sqrt(mul(div(X1, X2), sin(X1))))))"
feynman_I_34_27,MRGPRegressor,ok,2.0,0.8104398320041738,0.3871833775943212,416.0,138.0,3038.3,,"div(mul(cos(add(exp(div(div(mul(X1, X2), sin(X1)), square(sqrt(X1)))), square(exp(X2)))), mul(cube(cos(sqrt(X2))), X1)), div(quart(log(add(exp(exp(cos(sin(exp(add(X1, sqrt(X1))))))), square(sin(log(sin(square(add(mul(X1, X1), X2))))))))), sub(cos(quart(mul(sin(square(exp(mul(X1, X2)))), X2))), div(mul(sin(square(exp(add(X1, X2)))), sin(exp(log(add(exp(exp(cos(sin(exp(add(X1, X2)))))), X1))))), mul(sin(quart(mul(exp(sin(X2)), square(sqrt(X1))))), div(sub(square(cube(X1)), X1), mul(sin(sin(quart(mul(sub(cos(sin(exp(add(X1, square(sqrt(X1)))))), div(log(cube(cos(X2))), mul(sin(sin(quart(mul(X1, sin(quart(mul(X1, X2))))))), quart(X1)))), sin(quart(exp(X2))))))), div(X1, cos(sqrt(sin(exp(X1))))))))))))"
feynman_I_34_8,MRGPRegressor,ok,4.0,0.853033113101955,4.561862598813463,443.0,147.0,3054.6,,"div(div(square(add(div(div(square(add(X2, sub(X4, mul(mul(X2, X1), X4)))), sub(X4, X2)), exp(mul(mul(add(X2, exp(sub(sub(X3, X4), X4))), exp(sub(X3, X4))), X4))), sub(X2, mul(sub(sin(exp(sin(mul(X3, X4)))), div(X2, div(div(square(sub(X1, mul(mul(X2, mul(mul(X2, X1), sub(exp(X3), X4))), X4))), X3), exp(mul(mul(add(X2, X1), exp(sub(X3, X4))), X3))))), sub(X4, mul(mul(sin(sub(sub(X1, X1), X4)), X2), sub(X4, sub(div(sin(X2), exp(exp(sub(X3, X4)))), mul(add(log(sub(mul(X1, X3), mul(X1, X4))), sin(exp(mul(mul(add(X2, X1), exp(sub(X3, X4))), X4)))), square(X2)))))))))), X3), exp(div(quart(X4), sub(sin(sub(sub(X1, cube(mul(X3, cube(sub(X2, X4))))), exp(cube(sqrt(X2))))), square(sub(X4, X3))))))"
feynman_I_37_4,MRGPRegressor,ok,3.0,0.7903828969504476,1.4375677150793686,413.0,137.0,3006.0,,"mul(add(sqrt(sin(mul(square(mul(X3, mul(div(add(exp(X1), log(X3)), sin(div(cube(mul(exp(square(mul(add(sqrt(X2), mul(X3, cos(X1))), cos(X3)))), mul(square(cos(X3)), log(X2)))), X3))), log(X1)))), mul(cube(X2), mul(square(X1), log(mul(add(X1, X1), cos(X3)))))))), sin(square(mul(cos(mul(square(X3), X2)), sub(X2, X1))))), sqrt(mul(sqrt(mul(sin(mul(square(sqrt(mul(cube(sin(quart(mul(X3, X2)))), mul(X3, log(X3))))), X3)), mul(square(square(X3)), mul(X3, X1)))), mul(sin(mul(square(mul(mul(square(log(mul(X1, cos(X3)))), cube(mul(square(X3), X2))), X2)), mul(cube(X2), mul(X3, log(add(X1, sin(square(mul(cos(square(sub(X2, X1))), sub(X2, X1)))))))))), cos(square(mul(X3, mul(square(X1), log(X2)))))))))"
feynman_I_38_12,MRGPRegressor,ok,4.0,-0.9242111719265952,1.7043496489511225,434.0,144.0,3003.0,,"sub(add(sub(sqrt(exp(square(div(X2, exp(X2))))), exp(sin(square(quart(div(X1, exp(X3))))))), sub(X4, X1)), square(mul(sub(add(sub(div(X1, mul(X2, div(cube(quart(mul(sin(square(mul(div(X3, exp(X2)), exp(sub(X4, exp(sub(X4, X3))))))), X2))), X4))), sub(X1, mul(add(X4, sin(X1)), X3))), exp(sin(quart(sub(div(X3, mul(X2, div(cube(quart(mul(sin(square(mul(exp(sub(X3, X2)), exp(sub(X4, X1))))), X2))), cos(log(X4))))), sub(X4, mul(add(X1, X2), square(quart(sub(add(X4, exp(sin(quart(sub(add(X4, X3), div(X2, mul(exp(sub(X3, X3)), exp(sub(X4, X1))))))))), X2)))))))))), mul(X2, mul(mul(sub(quart(X1), X2), X4), X2))), mul(exp(sub(X3, square(div(X1, exp(X2))))), cube(sin(square(mul(div(X3, exp(X2)), exp(X4)))))))))"
feynman_I_39_1,MRGPRegressor,ok,2.0,-0.4240361841912656,9.98090846618485,443.0,147.0,3095.2,,"div(cube(add(mul(X1, X2), div(mul(X2, X1), mul(div(mul(X2, X2), div(sin(add(exp(X2), X2)), div(sqrt(sin(X1)), div(sqrt(cos(mul(X1, X2))), cos(X2))))), quart(mul(X1, X2)))))), div(quart(log(log(add(div(cube(cos(div(mul(X1, X2), X2))), div(div(mul(cube(div(sqrt(sin(X1)), div(sin(X2), div(mul(cube(div(X1, div(sin(div(sub(X2, mul(X1, X2)), quart(X1))), div(sqrt(sin(X1)), div(sqrt(X2), cos(X2)))))), X1), mul(div(mul(X2, exp(X1)), div(exp(X1), X2)), quart(mul(X1, X2))))))), X2), mul(div(mul(X2, X2), div(exp(X1), X2)), quart(mul(X1, X2)))), cube(div(exp(X2), cube(cube(div(cube(cos(div(mul(X2, X1), log(X2)))), X2))))))), X2)))), cube(div(exp(X2), cube(cube(div(cube(cos(div(mul(X2, X1), square(X2)))), X2)))))))"
feynman_I_39_11,MRGPRegressor,ok,3.0,0.6345288627157284,1.976259935461831,398.0,132.0,3017.8,,"add(add(div(sin(div(div(sub(mul(X3, mul(X2, X1)), cube(add(mul(X3, X2), square(X1)))), mul(mul(cube(sub(X1, X2)), sub(X3, X1)), quart(cube(X1)))), sqrt(mul(div(X1, X2), sin(X1))))), mul(X1, sin(sub(div(mul(X1, sqrt(X2)), mul(X1, sin(quart(mul(add(X2, X2), X2))))), log(log(cos(mul(X2, X3)))))))), sub(div(sqrt(sub(div(mul(mul(X3, mul(X1, X1)), sqrt(exp(X2))), X1), X1)), mul(quart(X3), sqrt(div(X2, exp(mul(X1, mul(add(exp(add(X3, sub(X3, X1))), X3), quart(X1)))))))), mul(sub(X1, X2), sub(X3, X1)))), mul(div(sin(X3), sub(div(exp(X2), exp(X1)), square(add(X3, X2)))), div(sin(quart(mul(X2, X2))), sqrt(mul(div(X3, X2), log(X3))))))"
feynman_I_39_22,MRGPRegressor,ok,4.0,0.8409440187475171,3.7790051217303393,440.0,146.0,3083.2,,"mul(add(sub(sqrt(add(X2, X4)), exp(cos(cube(X1)))), square(cos(div(mul(mul(mul(mul(X2, X4), div(mul(X4, square(X3)), div(X3, mul(mul(mul(X2, X4), sub(log(cube(X2)), sub(X4, X1))), mul(cos(sub(X2, X3)), mul(cube(log(X3)), square(quart(X3)))))))), mul(cos(sub(X2, X3)), square(cos(mul(X4, sub(X3, exp(add(sub(X2, X3), X1)))))))), X2), div(sqrt(sqrt(add(X3, X1))), cube(cube(quart(X3)))))))), mul(mul(mul(mul(square(X4), div(X3, X1)), X2), sub(div(mul(cube(X3), mul(X4, mul(cube(sin(X1)), exp(X2)))), exp(X4)), mul(add(mul(X4, mul(cube(sin(mul(X1, X2))), X3)), mul(X4, X1)), quart(X1)))), mul(mul(mul(mul(cos(add(X4, X4)), quart(X3)), X4), sub(log(cube(quart(X1))), square(X3))), mul(cos(X4), mul(X4, square(quart(X3)))))))"
feynman_I_40_1,MRGPRegressor,ok,6.0,-0.6879845953566703,0.7416640462032102,440.0,146.0,3177.2,,"div(cube(mul(cube(cos(add(div(sqrt(log(sin(X5))), quart(sin(mul(div(mul(X6, X3), div(div(sqrt(log(cube(cos(X5)))), quart(add(mul(log(div(sqrt(X5), sin(X2))), div(X4, div(X2, mul(exp(X2), mul(X5, cos(mul(X2, exp(add(X4, X6))))))))), div(mul(cos(mul(X2, X3)), sin(square(X1))), X5)))), X5)), cube(X3))))), mul(log(div(cube(mul(X6, square(cube(sqrt(X3))))), sqrt(square(cube(sub(X6, add(sin(X5), cube(X1)))))))), log(mul(log(square(X4)), mul(div(div(cube(add(mul(mul(X2, X6), sqrt(X4)), mul(add(X4, X5), log(X1)))), sin(div(square(cube(sqrt(X3))), cos(exp(add(X4, X6)))))), sin(square(log(cube(sqrt(X1)))))), mul(cube(mul(X4, X1)), add(X4, X6))))))))), mul(X4, X1))), sin(mul(div(X6, div(exp(log(mul(X5, X3))), X5)), cube(X4))))"
feynman_I_41_16,MRGPRegressor,error,,,,,,,ValueError: Input contains NaN.,
feynman_I_43_16,MRGPRegressor,ok,4.0,0.4408751484448316,9.063866596362178,446.0,148.0,3020.3,,"mul(mul(X2, sin(add(add(sub(add(exp(X1), mul(X4, mul(sub(add(X3, X1), X4), X2))), mul(X2, div(cube(X2), square(div(square(div(mul(X3, X2), exp(div(add(add(X3, X1), sin(X2)), exp(X4))))), exp(X2)))))), log(X2)), exp(sin(mul(mul(X3, add(X4, add(add(sub(add(div(mul(X4, X2), exp(X4)), square(X4)), mul(mul(X4, X4), div(cube(sqrt(sub(add(X2, X1), exp(mul(X3, X3))))), square(div(sin(mul(X3, add(X1, X2))), exp(exp(sub(X1, X4)))))))), square(cos(X1))), exp(sin(mul(div(mul(X3, X2), exp(div(X1, sin(mul(X3, add(X1, X2)))))), X4)))))), exp(sub(mul(X3, mul(X3, add(X4, X1))), X4)))))))), sub(X2, sin(div(sub(div(sin(X3), exp(mul(add(X3, X1), X2))), mul(sub(add(X3, X1), X4), sub(X2, X4))), square(exp(X2))))))"
feynman_I_43_31,MRGPRegressor,ok,3.0,0.21299883790683,18.5147746657535,413.0,137.0,3047.1,,"add(div(sin(mul(div(sin(quart(mul(X1, add(X2, X1)))), cube(div(mul(X2, quart(X1)), mul(exp(mul(X1, X3)), log(mul(X2, mul(X3, mul(X1, X2)))))))), sin(X2))), cube(div(mul(X2, sin(sin(mul(add(X1, X1), sin(mul(X2, cos(X1))))))), mul(exp(mul(X1, X3)), log(mul(X2, X3)))))), mul(div(mul(sin(log(X3)), sqrt(add(add(div(quart(sqrt(X1)), log(quart(quart(X3)))), cube(square(X1))), mul(log(mul(sin(sub(mul(X3, mul(X1, X1)), quart(X1))), X1)), sin(div(exp(sqrt(X2)), sub(cos(X1), div(X2, X3)))))))), sub(log(cos(X2)), square(add(X3, X2)))), div(div(sin(mul(add(X1, X2), X3)), cube(cos(quart(quart(quart(X3)))))), sqrt(mul(div(div(exp(log(sub(X1, X2))), exp(X3)), X2), sin(X1))))))"
feynman_I_43_43,MRGPRegressor,ok,4.0,0.3063591404860257,1.378767366709997,431.0,143.0,3007.9,,"add(mul(div(cube(sqrt(mul(cube(mul(X3, X1)), mul(mul(X4, sqrt(div(exp(sub(X2, X3)), exp(X1)))), X3)))), square(div(mul(X3, X2), quart(mul(mul(sub(X4, X3), sqrt(mul(quart(mul(X3, X3)), add(X1, X3)))), cos(X2)))))), cube(X3)), sub(mul(sqrt(mul(sqrt(mul(X3, cos(mul(X1, div(exp(sub(X2, exp(X3))), exp(X1)))))), add(mul(mul(X2, X1), square(add(X3, X1))), mul(sqrt(mul(mul(mul(X4, exp(X2)), X1), add(mul(X2, exp(sub(X2, exp(X3)))), X4))), mul(sqrt(mul(mul(X3, square(add(X3, X1))), add(mul(exp(X1), X2), X3))), cos(X2)))))), sub(mul(X4, X3), mul(sqrt(X1), X4))), mul(quart(mul(sqrt(mul(mul(mul(X4, exp(X2)), X1), add(mul(X2, X1), X3))), mul(sub(X2, X3), cos(X2)))), square(add(X3, log(X3))))))"
feynman_I_44_4,MRGPRegressor,ok,5.0,0.833449609828012,10.990523695155144,368.0,122.0,3037.0,,"add(X5, div(mul(add(mul(mul(add(X2, X1), sin(X5)), sub(X5, sqrt(cube(X5)))), X5), mul(square(sin(X4)), sin(sin(X3)))), log(sub(div(cos(div(X5, quart(cube(exp(X4))))), sqrt(div(square(add(mul(X4, X3), mul(exp(X5), div(mul(X5, X3), quart(X4))))), mul(add(mul(add(X2, X1), sub(X5, X4)), X5), X3)))), add(div(mul(X4, X4), log(sub(div(cos(div(mul(X5, X3), quart(cube(exp(X5))))), sqrt(X1)), add(div(div(cube(exp(X5)), log(mul(X3, mul(add(X2, X1), sub(X5, X4))))), log(mul(mul(X1, sub(X4, X5)), X2))), mul(cube(X4), mul(X1, sub(X4, X5))))))), mul(cube(X5), div(cube(sin(X5)), log(X1))))))))"
feynman_I_47_23,MRGPRegressor,error,,,,,,,ValueError: Input contains NaN.,
feynman_I_48_2,MRGPRegressor,ok,3.0,0.3851151946489112,58.73750000507088,443.0,147.0,3063.4,,"div(log(add(mul(X3, div(log(add(mul(X2, X1), log(add(mul(X3, mul(X3, X1)), add(X3, cube(X2)))))), mul(sin(quart(X3)), log(add(mul(mul(cube(X2), div(mul(X3, X1), mul(sin(quart(X3)), quart(mul(square(X3), X1))))), div(log(sqrt(sub(square(X3), log(log(X3))))), mul(sin(quart(sub(cos(X2), square(mul(X1, X3))))), quart(mul(square(mul(square(X3), log(X3))), X1))))), add(X1, X3)))))), add(X1, add(mul(X3, sin(X1)), mul(add(X2, mul(quart(X2), sqrt(mul(mul(X1, X3), X2)))), X1))))), mul(sin(quart(div(log(add(mul(X3, div(log(X2), mul(sin(sin(quart(exp(add(mul(X3, X2), mul(X3, X2)))))), quart(mul(square(X1), X1))))), add(X1, X1))), mul(sin(X3), quart(add(mul(X3, sub(log(log(X3)), sin(mul(X3, X1)))), square(X3))))))), quart(cos(X1))))"
feynman_I_50_26,MRGPRegressor,ok,4.0,-0.346562958883766,2.402217681305021,434.0,144.0,3290.5,,"mul(div(cos(div(div(div(div(X4, add(X3, X2)), mul(quart(add(X2, X4)), quart(mul(mul(add(X3, X2), quart(X4)), X1)))), mul(quart(add(X2, X4)), quart(mul(mul(add(X3, X2), quart(sin(add(X3, X2)))), X1)))), mul(X1, X2))), sin(mul(quart(add(X4, X1)), X2))), sqrt(add(cos(add(div(add(X3, div(sub(exp(sqrt(mul(add(X3, X2), quart(sin(add(X3, div(X4, cos(X1)))))))), div(add(X3, X2), sqrt(log(add(X1, X2))))), exp(cube(X3)))), quart(sin(mul(sin(exp(add(X3, X2))), X4)))), div(mul(add(X3, X2), quart(div(mul(add(X2, exp(X4)), quart(mul(mul(add(X3, X2), quart(sin(quart(mul(mul(add(X3, X2), quart(sin(add(add(X3, X2), X2)))), X1))))), X1))), log(add(X3, X4))))), log(X3)))), cos(sin(quart(sub(X4, quart(X1))))))))"
feynman_I_6_2,MRGPRegressor,ok,2.0,0.2970682127665645,0.0381915884126593,431.0,143.0,3091.7,,"div(sub(mul(X2, div(sin(mul(sin(X2), X1)), sin(sin(quart(X1))))), log(cube(sub(sqrt(cos(div(sin(div(div(sin(mul(square(cos(exp(div(sin(mul(X2, X1)), X2)))), X1)), sin(cube(cube(log(X1))))), sin(sin(quart(X2))))), add(div(mul(X2, div(div(X1, sin(X2)), sin(sin(quart(div(div(sin(cube(log(X1))), sub(sin(X2), mul(square(X2), cube(X1)))), sin(X2))))))), X1), sqrt(cube(X1)))))), mul(sub(mul(X2, div(div(sin(mul(X2, X1)), sin(X2)), sin(sin(quart(X1))))), log(cube(sub(sqrt(cos(sin(X1))), mul(square(X2), cube(X1)))))), X1))))), div(div(sin(mul(X2, div(div(sin(mul(add(square(cos(sqrt(sin(quart(sub(sin(X2), log(X1))))))), square(cos(exp(exp(X1))))), X1)), sin(cube(X1))), sin(X1)))), sin(X2)), sin(sin(quart(square(X2))))))"
feynman_I_6_2a,MRGPRegressor,ok,1.0,0.9462757557484278,0.016025584142539,440.0,146.0,3029.0,,"div(sin(div(mul(sqrt(sin(square(cos(div(square(cos(sin(div(div(cos(X1), cos(square(div(square(X1), square(X1))))), quart(cos(X1)))))), quart(sin(sin(div(X1, square(square(exp(X1)))))))))))), quart(sin(sin(div(X1, square(square(log(cos(square(div(square(X1), square(square(exp(X1)))))))))))))), div(div(cos(X1), cos(X1)), div(sin(cos(quart(cube(mul(X1, add(sin(cos(div(X1, square(square(exp(X1)))))), X1)))))), div(mul(sqrt(exp(X1)), quart(div(square(X1), square(square(exp(X1)))))), div(div(cos(X1), X1), quart(cos(X1)))))))), div(mul(sqrt(sin(square(cos(div(square(cos(cube(X1))), square(square(square(cos(div(square(cos(X1)), square(square(quart(cos(X1)))))))))))))), quart(sin(sin(div(log(cos(X1)), square(square(exp(X1)))))))), div(div(cos(X1), cos(square(div(square(X1), square(square(exp(X1))))))), quart(X1))))"
feynman_I_6_2b,MRGPRegressor,ok,3.0,-1.111896600649167,0.0860846000308556,446.0,148.0,3296.7,,"add(div(div(sin(div(log(X2), quart(X1))), add(sin(square(X2)), exp(X1))), sin(log(quart(cube(mul(mul(X2, X3), sub(X1, sin(X2)))))))), add(div(div(sin(div(log(X2), sin(div(X1, quart(mul(mul(sin(sqrt(X1)), cube(sin(sub(mul(X2, X3), mul(cos(sub(X3, sin(sqrt(X1)))), X1))))), cos(mul(sin(X3), X3)))))))), sin(log(mul(X2, X1)))), sin(log(quart(cube(mul(cos(sub(X3, X2)), X1)))))), sub(mul(X1, add(sin(sin(sub(mul(X1, add(sin(sub(X3, X2)), sub(mul(X2, X3), cos(X1)))), mul(exp(mul(cos(X1), cos(X2))), X2)))), sub(mul(X2, X3), cos(X2)))), mul(exp(mul(cos(X1), cos(quart(mul(mul(sin(sqrt(X1)), cube(sin(sub(mul(X2, X3), mul(X1, cube(sin(sin(X1)))))))), cos(cube(cube(div(mul(X2, X2), div(X2, X1)))))))))), cube(sin(X1))))))"
feynman_I_8_14,MRGPRegressor,ok,4.0,0.0320598142206273,1.013312920530351,440.0,146.0,3005.4,,"add(sin(div(cos(mul(X1, square(sub(X4, X3)))), cube(quart(quart(X4))))), mul(sin(add(sin(div(cos(quart(X2)), div(X1, X2))), mul(sin(sub(exp(square(mul(X1, X2))), cos(add(sin(div(cos(quart(exp(sqrt(X2)))), div(exp(X1), mul(X2, square(square(mul(X3, square(sub(X1, X2))))))))), mul(div(cos(sub(X3, add(X1, X3))), exp(X1)), square(cos(sqrt(sub(X3, X4))))))))), square(sqrt(mul(X3, X4)))))), square(sqrt(mul(X3, add(sin(div(cos(quart(X2)), div(exp(X1), mul(X2, X1)))), mul(sin(sub(log(mul(sin(add(mul(X1, X2), mul(X3, X4))), square(sub(X4, X3)))), X4)), square(add(sin(div(cos(quart(mul(X2, X1))), div(exp(X1), div(exp(square(X1)), cos(mul(X4, X3)))))), mul(sin(sub(div(mul(X2, add(X1, X2)), cos(X3)), cos(X4))), square(sqrt(X3))))))))))))"
feynman_I_9_18,MRGPRegressor,ok,9.0,-1.8189006661216205,0.1820280208219296,425.0,141.0,3349.8,,"div(add(sub(X9, sin(cube(div(sub(div(cos(cos(X5)), add(exp(X3), exp(mul(X4, X6)))), add(div(sqrt(log(sin(X9))), quart(sub(sin(add(X6, X9)), add(quart(mul(X3, X1)), sin(X8))))), mul(log(div(cube(mul(X9, mul(X2, exp(X3)))), sqrt(exp(X3)))), log(mul(X9, mul(log(X4), mul(X7, X3))))))), add(add(exp(X3), exp(X5)), div(add(add(add(cube(X7), add(X4, X6)), X2), div(exp(X8), sub(X1, sin(X9)))), sin(sqrt(X3)))))))), square(sin(add(sub(add(quart(X7), mul(add(X1, log(square(X7))), X3)), mul(cube(X9), add(X5, X4))), log(cube(sub(X2, sub(sin(add(X6, X9)), add(X1, sin(X8)))))))))), div(sub(square(div(X1, cube(square(X7)))), cube(div(log(X8), mul(quart(cube(X9)), X6)))), exp(cube(sub(X9, X2)))))"
feynman_test_1,MRGPRegressor,ok,7.0,0.0184046153960659,9.520029248136614,362.0,120.0,3071.9,,"mul(mul(mul(div(exp(quart(X4)), exp(div(X7, exp(add(X7, X6))))), mul(mul(mul(div(add(X4, sub(exp(X5), X7)), exp(add(X7, X6))), add(X4, add(X1, add(X2, X3)))), add(X4, add(X1, add(X2, add(X2, X3))))), sqrt(X4))), X7), mul(div(add(X4, sub(X7, X7)), exp(div(sub(X7, cos(X5)), exp(add(X7, X6))))), sin(add(square(square(mul(mul(div(X6, exp(add(X5, X6))), add(X4, add(X1, add(X2, add(X3, X3))))), X7))), sin(sub(sub(mul(mul(div(cos(X7), exp(add(div(sub(X7, cos(X4)), exp(div(sub(X6, X4), exp(X7)))), div(X7, exp(X5))))), X6), X7), sqrt(div(X3, cos(X7)))), X6))))))"
feynman_test_10,MRGPRegressor,ok,3.0,-0.5361334422365676,0.6437044755416647,389.0,129.0,3071.2,,"add(cos(mul(cos(div(mul(mul(X2, X3), X3), log(quart(cos(X1))))), quart(cos(log(X3))))), mul(div(mul(sin(X2), sqrt(log(X3))), sub(div(exp(X2), exp(div(cube(cos(mul(X3, div(quart(X3), cube(square(X2)))))), cos(mul(div(X2, sqrt(X2)), X2))))), square(div(div(sin(mul(add(X3, X1), X3)), cube(mul(quart(cube(X2)), cos(X1)))), sqrt(mul(X3, sin(X1))))))), div(div(add(cos(sub(sin(quart(square(X1))), quart(div(X3, log(X2))))), mul(div(mul(sin(log(X1)), sqrt(log(X3))), div(sqrt(sqrt(sub(X2, X3))), sin(X2))), div(div(log(add(exp(exp(X3)), X2)), cube(cos(quart(mul(X3, sin(X1)))))), cube(X2)))), cube(cos(quart(X2)))), sqrt(mul(div(X1, X2), sin(X1))))))"
feynman_test_11,MRGPRegressor,ok,4.0,0.6076584346509442,0.8637363639933099,416.0,138.0,3107.5,,"mul(sub(div(X3, mul(cube(mul(X2, X4)), mul(cube(mul(X3, X4)), quart(mul(X3, add(mul(square(mul(X4, X1)), mul(mul(X1, sin(X3)), X4)), mul(mul(X3, X2), X1))))))), X1), add(mul(mul(mul(X3, sin(X3)), X1), mul(mul(X2, sin(X3)), mul(sub(div(X3, mul(exp(mul(X3, X1)), mul(cube(mul(div(mul(X2, quart(mul(X2, X1))), mul(X1, X3)), mul(cube(X4), X2))), quart(mul(X2, mul(exp(X3), X4)))))), cos(sub(X4, sub(div(X3, mul(exp(X4), mul(cube(mul(X4, X4)), quart(mul(X2, mul(exp(X3), X4)))))), mul(cube(X1), quart(mul(X2, X1))))))), mul(sub(div(X3, X1), div(mul(X4, X3), X2)), add(mul(mul(X4, X1), mul(mul(X1, X3), X4)), mul(mul(X3, X2), X1)))))), mul(sin(X4), X4)))"
feynman_test_12,MRGPRegressor,ok,5.0,0.4063587288043765,12.21750366460508,434.0,144.0,3116.5,,"add(sub(sin(log(sin(square(mul(square(mul(div(sub(mul(X2, X1), sin(X1)), cos(X3)), X1)), add(mul(X1, square(quart(quart(sqrt(sin(X3)))))), square(div(div(X1, sub(sin(log(sin(X4))), div(mul(mul(exp(X3), X2), div(div(X2, sin(cos(X1))), exp(mul(X2, square(mul(X2, div(add(X3, X1), exp(X2)))))))), mul(exp(mul(add(X3, X1), X4)), div(sub(mul(X5, mul(div(X3, exp(X2)), X1)), quart(add(X2, mul(X3, X2)))), cos(cube(X2))))))), X1)))))))), div(mul(X2, div(div(X3, X2), mul(exp(square(mul(X3, mul(add(X1, X3), X2)))), div(X1, X3)))), cube(cube(sin(X5))))), add(square(log(square(mul(sub(X2, square(X2)), add(X3, X1))))), add(sqrt(mul(div(X3, exp(X2)), add(mul(X4, X2), div(X3, exp(X2))))), log(mul(X2, log(X4))))))"
feynman_test_13,MRGPRegressor,ok,5.0,0.6056239006694588,0.011371690501877,407.0,135.0,3155.8,,"mul(div(square(cube(log(exp(X5)))), mul(add(mul(X2, div(square(cube(log(exp(square(mul(sub(X1, X5), square(X4))))))), mul(add(X5, X3), sin(log(square(quart(div(exp(X5), add(X4, X5))))))))), X3), sin(log(square(quart(div(exp(X4), add(mul(mul(exp(cos(X5)), mul(X5, add(square(X4), X1))), X3), X5)))))))), add(mul(div(square(cube(X3)), mul(square(X3), sin(log(square(quart(X5)))))), add(square(div(div(sub(X5, X1), exp(X5)), mul(X1, sin(log(square(quart(div(exp(X4), add(X4, X5))))))))), sqrt(mul(mul(log(square(quart(div(exp(X4), add(X4, X5))))), X5), X1)))), add(square(mul(mul(square(X1), X2), X3)), sqrt(mul(mul(add(square(mul(mul(sin(X5), div(sub(X5, X1), exp(X5))), X3)), X1), X5), X3)))))"
feynman_test_14,MRGPRegressor,ok,5.0,-0.4563672470481665,16.091951756626614,446.0,148.0,3120.6,,"sub(div(square(log(sub(add(X5, X4), square(X2)))), div(sub(X3, quart(mul(X3, X4))), sqrt(X2))), sub(mul(log(sub(div(quart(square(X3)), cube(quart(square(mul(cos(X2), X3))))), div(X3, X4))), cos(square(quart(log(sub(add(X5, X4), square(X2))))))), div(div(square(div(cos(X5), log(X4))), div(mul(log(sub(mul(X1, X3), div(X3, X4))), cos(square(quart(X2)))), cube(quart(mul(X3, log(X2)))))), div(div(square(X4), sin(div(cube(quart(X2)), log(X4)))), square(div(mul(div(div(mul(quart(square(mul(cos(X2), X3))), log(X2)), sin(div(cube(quart(X2)), X4))), square(div(mul(log(mul(square(X2), mul(X3, div(quart(cube(cube(X3))), quart(X2))))), div(quart(square(X3)), quart(X2))), mul(sub(X3, X4), square(X2))))), div(quart(square(X3)), quart(X5))), mul(sub(sub(X1, X5), X4), square(X2))))))))"
feynman_test_15,MRGPRegressor,ok,4.0,-0.3454184747707023,1.6267496996622015,449.0,149.0,3157.2,,"div(div(div(cube(X2), sqrt(mul(X3, quart(sin(X4))))), exp(div(mul(square(X2), div(X1, X4)), sqrt(X4)))), sub(cos(div(div(cube(cos(X2)), quart(mul(cube(mul(X1, log(X4))), X4))), div(square(sub(cos(div(div(cube(div(X3, mul(sub(X1, X2), sqrt(X4)))), div(cube(cos(div(div(sqrt(log(mul(X3, sin(log(X3))))), X4), log(log(X2))))), quart(sin(X3)))), div(quart(quart(X2)), log(mul(X3, sin(log(X4))))))), div(X4, exp(mul(sin(square(X2)), div(X1, sqrt(X4))))))), add(cube(cos(div(div(div(X3, sqrt(mul(X3, quart(sin(X4))))), quart(sin(quart(sin(X4))))), div(X3, add(cos(X2), mul(sqrt(X4), X1)))))), log(sqrt(X1)))))), div(sqrt(sin(div(cube(mul(X3, log(X4))), X3))), exp(mul(sin(square(X3)), div(mul(exp(X1), mul(mul(sqrt(X4), X3), exp(X1))), sqrt(X4)))))))"
feynman_test_16,MRGPRegressor,ok,6.0,0.9188321766744216,6.957090493530782,392.0,130.0,3121.1,,"sub(quart(mul(mul(mul(cube(X4), quart(X3)), mul(X4, X5)), mul(sqrt(div(mul(X1, X2), mul(X6, mul(X5, X4)))), X5))), sub(add(sub(square(X6), cube(sin(X6))), mul(sqrt(X2), div(X1, mul(X6, mul(sqrt(add(X4, X1)), quart(mul(cube(X1), X2))))))), mul(X1, mul(mul(X1, mul(exp(mul(X5, cube(X1))), mul(X2, mul(sin(X3), div(X1, mul(X4, mul(X6, quart(mul(X5, X4))))))))), mul(sqrt(add(X2, sub(mul(div(mul(exp(mul(X5, X4)), mul(X2, X1)), X1), log(X1)), square(add(mul(X6, mul(sqrt(add(X4, X5)), quart(exp(sub(X2, X1))))), mul(add(div(mul(X1, mul(exp(X5), mul(X2, X1))), log(X2)), cube(sin(X3))), mul(cube(X5), square(X5)))))))), quart(X2))))))"
feynman_test_17,MRGPRegressor,ok,6.0,0.7688037503999576,685.3190187620955,428.0,142.0,3038.0,,"div(div(mul(X4, mul(sub(cos(X4), cos(X5)), exp(add(X5, mul(X5, X6))))), X1), div(div(exp(X5), div(add(X5, X1), add(X5, mul(X4, mul(sub(exp(X6), cos(exp(add(X5, X2)))), exp(add(X5, X2))))))), cube(square(sin(div(mul(X4, mul(sub(exp(X6), div(div(mul(X4, mul(sub(exp(X6), cos(X5)), exp(add(X5, mul(X5, X2))))), X1), div(div(mul(X4, mul(sub(exp(X5), cos(div(X2, X5))), exp(add(X5, X4)))), div(sin(X5), add(cos(mul(X2, exp(add(X2, mul(X5, X2))))), mul(X4, mul(sub(exp(X6), cos(X4)), exp(add(X5, X2))))))), cube(square(div(mul(X4, mul(sub(exp(add(X5, mul(X5, X2))), cos(X4)), exp(X1))), div(X5, add(X5, mul(X5, X1))))))))), exp(add(X5, X2)))), div(X5, sqrt(X3))))))))"
feynman_test_18,MRGPRegressor,ok,5.0,0.7095454489070518,0.4234412667133801,437.0,145.0,3068.0,,"mul(sin(div(sin(cube(X1)), log(add(sin(X2), quart(X2))))), sub(sub(div(cos(div(X1, div(sin(X1), exp(div(mul(mul(exp(mul(X1, X3)), cube(sub(X5, X3))), X3), sqrt(X4)))))), sqrt(cube(quart(X1)))), add(div(mul(sub(X3, X4), sin(cos(mul(sqrt(div(mul(X3, sin(X1)), log(mul(cube(square(mul(cube(X4), X1))), div(X1, div(sin(X1), exp(X4))))))), sub(X2, div(exp(sub(X5, X3)), sqrt(X4))))))), log(mul(X4, div(X1, div(sin(X1), exp(X5)))))), sin(div(cos(X3), exp(add(div(mul(sub(X3, X4), sin(X1)), log(mul(X4, X2))), sin(div(cos(X3), exp(X3))))))))), add(div(mul(sub(add(div(mul(X1, X4), X1), sin(exp(sub(X5, add(X1, add(X3, X3)))))), X4), sin(X2)), X1), sin(div(cos(X3), div(mul(X5, X3), exp(X3)))))))"
feynman_test_19,MRGPRegressor,ok,6.0,0.1281203390039567,18.93126018961357,404.0,134.0,3056.4,,"mul(add(div(sin(sin(mul(div(cube(mul(mul(X4, mul(X1, X6)), mul(exp(X4), X1))), div(X4, exp(mul(X5, exp(add(sub(X2, X1), sub(add(X4, X6), X2))))))), mul(X5, exp(add(sub(X2, X1), sub(add(X4, X6), X2))))))), add(quart(mul(cos(X4), square(X5))), log(exp(sin(sin(sub(div(sqrt(add(X4, X1)), div(log(mul(add(X4, X5), mul(mul(X6, X4), mul(X1, X6)))), quart(div(cube(mul(cube(X6), mul(sub(mul(X6, X4), X2), X3))), mul(X6, exp(sub(X4, X1))))))), mul(X4, X5)))))))), X6), mul(mul(mul(mul(sqrt(mul(add(X3, X5), exp(X6))), X1), X4), mul(X5, X6)), mul(div(cube(mul(X6, X1)), mul(X5, mul(sub(cube(mul(X6, X4)), X4), mul(X4, cube(X6))))), X6)))"
feynman_test_2,MRGPRegressor,ok,6.0,-0.8856034251155473,1.8262096777804304,428.0,142.0,3166.7,,"add(cube(exp(sqrt(cube(X3)))), div(sin(exp(cos(sub(X6, X5)))), add(mul(div(sub(X6, cos(sub(X6, sub(div(X1, X6), div(sub(X6, X5), cube(exp(sqrt(mul(X3, cos(sub(X6, X5))))))))))), div(X5, cos(add(div(add(X2, sin(X1)), cos(cos(sub(X6, X5)))), div(X4, cos(cos(sub(X6, X5)))))))), log(div(quart(cos(sub(X6, cos(sin(X1))))), sqrt(add(X2, div(div(add(X2, div(X3, cos(cos(sub(X6, X5))))), cos(cos(X3))), cos(cos(add(sqrt(mul(div(quart(sqrt(mul(X3, log(cos(cos(sqrt(X1))))))), quart(cube(div(sin(exp(quart(sqrt(sqrt(X3))))), cos(sub(X6, X5)))))), X6)), mul(sqrt(exp(log(mul(X2, X5)))), sqrt(sqrt(mul(div(quart(sqrt(cos(X6))), quart(cube(div(sin(sub(X6, X5)), cos(sub(X6, X2)))))), X6))))))))))))), X1)))"
feynman_test_20,MRGPRegressor,ok,7.0,0.02294217966178,3.5222303544557514,443.0,147.0,3061.7,,"mul(sqrt(add(cube(quart(sqrt(X2))), cos(quart(sub(exp(div(log(cos(exp(X6))), sqrt(mul(div(X4, cube(mul(sin(mul(X1, X1)), sqrt(cube(quart(mul(X2, div(mul(exp(sub(X2, X5)), X6), exp(X1))))))))), mul(X5, sqrt(cube(quart(mul(X2, cos(sqrt(cos(X3)))))))))))), X6))))), mul(quart(sub(add(cube(X5), square(exp(div(mul(sqrt(add(X1, cos(quart(X2)))), mul(quart(sin(square(mul(X2, exp(mul(log(quart(exp(sub(X2, X5)))), exp(log(X7)))))))), sin(add(mul(sin(X5), sub(X6, X4)), sin(sub(div(X4, cube(square(X4))), X1)))))), exp(X1))))), sqrt(mul(X1, X6)))), sin(add(log(X4), sin(sub(sqrt(add(mul(X1, mul(X6, exp(sub(X2, X5)))), exp(div(log(cos(exp(X4))), sqrt(mul(div(exp(sub(mul(X2, cos(sqrt(cos(X3)))), X5)), exp(X1)), mul(X1, X4))))))), X3))))))"
first_principles_absorption,MRGPRegressor,ok,1.0,0.996596471938945,0.0772470288982806,32.0,10.0,387.4,,"log(cube(sqrt(mul(cube(log(X1)), sin(cube(X1))))))"
feynman_test_3,MRGPRegressor,ok,4.0,0.0062528632929025,1.9651431413716252,401.0,133.0,3177.5,,"div(div(cos(div(mul(exp(mul(X3, exp(mul(X2, X1)))), sin(X3)), exp(exp(X4)))), X1), div(div(div(quart(div(square(cube(mul(cube(X4), mul(X2, X1)))), cos(exp(mul(X2, square(sub(X2, X3))))))), mul(mul(square(div(mul(mul(mul(X2, square(sub(X4, X3))), X1), square(X4)), div(mul(X2, X1), sin(quart(mul(X1, exp(sub(X1, quart(div(square(log(square(X1))), sqrt(div(X3, sqrt(X1))))))))))))), mul(sin(quart(mul(X3, exp(sub(X1, quart(mul(X1, X2))))))), exp(X2))), quart(mul(X2, X1)))), exp(square(log(X2)))), mul(div(quart(div(square(sub(X4, X3)), mul(mul(mul(X3, square(sub(X4, X3))), mul(exp(X1), exp(X2))), quart(mul(X2, X1))))), mul(X1, cube(mul(cube(X4), mul(X2, X1))))), X2)))"
feynman_test_4,MRGPRegressor,ok,5.0,-0.8002125204960664,0.7122526573670983,431.0,143.0,3147.6,,"mul(mul(sub(log(add(cos(X5), cube(X5))), mul(log(log(X3)), mul(div(div(X3, X1), X5), sin(X2)))), mul(mul(X3, sin(quart(exp(cube(quart(sin(sub(cos(X2), sqrt(X1))))))))), log(square(log(X2))))), log(sub(div(cos(div(mul(X5, X3), quart(log(cube(cos(mul(cube(square(log(sub(cos(div(mul(X5, X3), quart(X4))), X5)))), X2))))))), sqrt(cube(sub(X5, X3)))), add(div(cos(quart(mul(X3, X1))), log(mul(quart(X3), mul(sin(add(X2, mul(X3, add(sub(mul(cube(sub(quart(X2), quart(X1))), X3), mul(div(cos(cube(X2)), X1), X4)), log(X3))))), exp(X1))))), sin(mul(sqrt(mul(div(sin(X5), log(X1)), cube(cos(mul(cube(square(log(sub(cos(div(mul(X5, X3), quart(X4))), X5)))), X2))))), log(cube(sin(div(X2, square(mul(X1, cube(X4)))))))))))))"
feynman_test_5,MRGPRegressor,ok,4.0,-0.5548162366411948,4.034582724664878,443.0,147.0,3120.5,,"sub(add(sub(div(exp(sin(X4)), div(cos(div(X4, quart(mul(X1, quart(mul(X1, X4)))))), log(cos(div(quart(sin(X3)), quart(mul(square(mul(div(X1, exp(X2)), quart(cos(div(X2, quart(mul(X1, X4))))))), div(quart(sin(X3)), quart(mul(X1, X4)))))))))), div(cube(X2), cos(log(X3)))), exp(sin(quart(exp(mul(X2, X1)))))), sin(square(mul(div(X3, exp(X2)), mul(sin(mul(div(X1, exp(X2)), quart(X2))), cube(sub(add(sub(sqrt(add(log(X2), cos(sub(div(sqrt(X2), div(cos(div(quart(sin(X3)), quart(mul(X1, X1)))), square(sin(quart(mul(X4, square(X1))))))), X3)))), exp(sin(square(X4)))), exp(sin(quart(X3)))), sin(square(mul(div(X1, exp(X2)), mul(sin(div(X4, X1)), cube(cos(div(quart(X3), quart(div(exp(sin(X4)), div(cos(div(quart(X4), quart(X3))), square(X2))))))))))))))))))"
first_principles_kepler,MRGPRegressor,ok,1.0,-12.176937019344123,248.52829910848695,14.0,4.0,316.1,,sin(cos(cube(X1)))
feynman_test_6,MRGPRegressor,ok,7.0,-6.221346126132207,0.9694247713502266,419.0,139.0,3138.7,,"div(sqrt(mul(exp(X1), mul(sin(sin(X7)), div(sin(sub(cos(mul(sub(X4, X1), add(square(mul(X7, exp(X2))), X6))), add(sub(add(X5, X5), mul(sin(mul(square(mul(exp(add(X2, X7)), exp(X2))), quart(X6))), mul(X3, mul(X6, exp(sub(X7, X6)))))), cos(add(X2, square(mul(X7, mul(sqrt(add(cube(quart(sqrt(X2))), X5)), mul(quart(X6), sin(add(mul(sin(mul(exp(add(X2, X1)), X6)), sub(X7, X4)), sin(sub(X5, X1))))))))))))), div(div(sin(X6), log(X4)), div(quart(mul(add(div(sqrt(X4), quart(X7)), X4), cube(mul(sin(div(sin(X6), log(sin(mul(square(mul(X7, exp(X2))), quart(X6)))))), mul(exp(X1), mul(X6, exp(X2))))))), square(sub(sub(X2, add(div(sqrt(X4), quart(X2)), sin(X6))), exp(X2))))))))), log(X4))"
feynman_test_7,MRGPRegressor,ok,5.0,-0.0508216559770127,1.4855776650269576,428.0,142.0,3180.6,,"sub(div(add(mul(div(mul(log(sub(X3, div(X3, sin(div(log(div(div(add(cos(cube(X5)), sqrt(X1)), sqrt(X4)), cube(cos(exp(mul(X1, X2)))))), mul(X2, X5)))))), cos(square(quart(cube(mul(sin(X1), sin(exp(mul(X1, X2))))))))), sin(div(square(cube(X2)), add(cos(X3), log(X3))))), quart(cube(X4))), cube(sub(sin(div(X5, X1)), exp(mul(X1, X2))))), cube(square(log(sin(X1))))), div(mul(log(sub(mul(X1, X3), div(X3, X1))), cos(square(quart(X4)))), sin(div(square(cube(X2)), add(cos(log(sub(add(X2, X1), square(X5)))), log(mul(div(sqrt(exp(sqrt(X1))), exp(mul(div(cos(cube(X2)), cube(div(X3, X1))), X4))), sqrt(div(mul(add(cos(exp(mul(X1, X2))), add(div(X4, X5), div(X1, X3))), exp(sqrt(sqrt(X5)))), square(cube(X1)))))))))))"
feynman_test_8,MRGPRegressor,ok,4.0,-1.6586403995336072,0.8004920855833642,443.0,147.0,3139.5,,"add(div(div(mul(cube(sqrt(X4)), mul(X2, X4)), mul(X1, X2)), square(add(div(div(cube(X2), mul(div(div(cube(X2), quart(mul(X4, X1))), square(add(div(div(cube(X2), mul(X3, mul(cube(sqrt(X4)), mul(X2, X4)))), square(mul(quart(add(div(cos(sub(X1, X3)), add(div(div(cube(X2), mul(X1, X2)), square(mul(quart(mul(X4, X1)), quart(quart(X2))))), square(exp(sub(X3, X3))))), cube(sin(quart(X2))))), X3))), sin(exp(X4))))), mul(sin(mul(div(div(mul(log(X3), X2), mul(X1, X2)), square(add(div(div(X2, mul(X3, mul(sin(X4), mul(X2, X4)))), square(mul(quart(mul(X4, X1)), X3))), square(exp(sub(X1, X3)))))), log(div(mul(X2, X2), cos(X3))))), mul(X2, X4)))), square(mul(quart(mul(X4, X1)), X3))), square(exp(sub(X1, X3)))))), square(exp(sub(X1, quart(X2)))))"
feynman_test_9,MRGPRegressor,ok,5.0,-11.597225203773924,14909.8616699112,425.0,141.0,3119.4,,"log(div(div(add(cos(cube(mul(X3, square(log(cube(cos(X3))))))), sin(sin(div(add(cos(cube(X1)), sqrt(add(X3, mul(cube(cube(X2)), X5)))), sqrt(cube(log(X4))))))), sqrt(cube(log(mul(square(quart(div(sub(X3, X5), exp(X2)))), X5))))), cube(quart(div(div(cube(X2), log(div(X4, cube(quart(div(X2, exp(div(sin(mul(div(div(add(cube(quart(div(sin(X5), exp(X2)))), sqrt(add(sin(div(sin(X4), exp(X5))), mul(cube(cube(X2)), X5)))), sqrt(cube(log(div(div(add(cube(quart(div(X5, exp(X2)))), exp(mul(X5, X2))), sqrt(cube(log(cube(X4))))), cube(quart(div(sin(quart(sub(cube(X2), X1))), exp(X2))))))))), cube(quart(div(div(sin(X5), exp(X2)), exp(X2))))), div(quart(div(X3, exp(X2))), sqrt(cube(log(X4)))))), exp(X2))))))))), exp(X2))))))"
first_principles_bode,MRGPRegressor,ok,1.0,-16.777323672983734,9.444548653141831,20.0,6.0,3015.4,,cube(sin(log(cos(exp(X1)))))
first_principles_hubble,MRGPRegressor,ok,1.0,-0.8046430075776474,335.14116182693425,74.0,24.0,3026.7,,"div(square(cube(log(log(cos(X1))))), cube(log(sqrt(sin(square(cube(log(sin(square(cube(log(log(sqrt(cos(square(exp(X1)))))))))))))))))"
first_principles_ideal_gas,MRGPRegressor,ok,3.0,-0.7996044874067754,2.262683632760988,68.0,22.0,3015.4,,"div(X3, mul(div(cube(X1), quart(quart(X3))), div(div(X1, sub(sin(X1), X1)), quart(mul(exp(X2), log(X3))))))"
first_principles_newton,MRGPRegressor,ok,3.0,-1.2730143182147526,17.561413296493452,65.0,21.0,3028.8,,"div(sin(log(cube(X1))), div(sin(div(X2, quart(cube(X1)))), cos(sin(log(log(log(log(div(X2, X3)))))))))"
first_principles_planck,MRGPRegressor,ok,2.0,0.1302984358580905,270.7938383547629,224.0,74.0,3008.7,,"div(mul(cos(X2), mul(cos(X1), add(log(sin(quart(log(X1)))), square(cos(sin(div(log(square(X1)), exp(log(quart(log(log(X1)))))))))))), cube(log(log(div(div(mul(exp(X2), X1), mul(quart(cos(sin(square(log(sin(quart(X1))))))), mul(sin(quart(quart(X2))), quart(quart(X2))))), square(div(X1, mul(X1, sin(log(sin(div(X1, mul(X1, sin(log(sin(log(sin(quart(square(mul(X1, X2)))))))))))))))))))))"
first_principles_leavitt,MRGPRegressor,timeout,,,,,,,wall clock > 3900s,
first_principles_rydberg,MRGPRegressor,ok,2.0,0.6628768499648974,0.9052054378217868,92.0,30.0,3004.5,,"mul(sin(div(sqrt(div(log(sub(sin(X2), X1)), log(X2))), quart(div(sin(X1), quart(div(sin(X1), quart(cube(X2)))))))), div(sin(log(sqrt(cube(X1)))), X2))"
first_principles_schechter,MRGPRegressor,ok,1.0,-0.2538999921521196,4.272475952157173,59.0,19.0,3008.6,,"div(X1, quart(cube(cos(log(cube(square(log(cos(cube(cube(square(log(cos(square(log(cube(X1)))))))))))))))))"
first_principles_supernovae_zg,MRGPRegressor,ok,1.0,0.7996555689483963,0.1168475473257589,428.0,142.0,3041.8,,"div(sin(quart(square(cube(div(sin(div(cube(div(X1, exp(X1))), quart(add(X1, mul(X1, X1))))), exp(sin(X1))))))), div(mul(div(cos(cos(div(mul(add(mul(square(X1), cos(div(cos(square(X1)), exp(X1)))), cos(cube(div(sin(quart(X1)), quart(add(X1, div(mul(add(mul(square(X1), sqrt(X1)), X1), X1), X1))))))), quart(sin(square(sin(quart(square(cube(div(sin(quart(square(cube(div(sin(X1), exp(sin(X1))))))), exp(sin(X1))))))))))), X1))), quart(square(mul(div(sin(X1), exp(X1)), quart(sin(square(cube(div(sin(X1), exp(X1)))))))))), quart(div(sin(mul(X1, X1)), div(X1, div(div(X1, add(square(X1), cube(X1))), quart(add(X1, mul(X1, X1)))))))), div(div(square(mul(log(X1), square(cube(div(sin(X1), exp(sin(X1))))))), exp(sin(X1))), quart(square(cos(X1))))))"
first_principles_supernovae_zr,MRGPRegressor,ok,1.0,0.6024636099236026,0.1540024752722186,437.0,145.0,3065.6,,"add(sqrt(add(log(div(add(X1, log(div(cos(X1), div(cube(quart(sin(mul(div(sub(sqrt(X1), X1), cube(quart(X1))), sub(log(square(X1)), quart(exp(div(sin(X1), exp(X1))))))))), exp(X1))))), quart(cube(log(cos(cos(div(sqrt(X1), quart(exp(sin(X1))))))))))), div(sub(cube(X1), X1), square(square(cube(log(X1))))))), mul(cos(quart(square(sub(sin(mul(X1, X1)), X1)))), add(mul(sub(add(X1, sqrt(X1)), sqrt(cube(log(cos(X1))))), cube(cos(div(exp(X1), quart(cube(cos(div(exp(X1), quart(exp(div(sin(X1), exp(X1)))))))))))), add(log(div(cos(X1), div(cube(quart(sin(mul(div(sub(sqrt(X1), X1), cube(quart(X1))), X1)))), add(X1, X1)))), div(mul(X1, log(X1)), square(square(cube(log(cos(sub(mul(div(sub(sqrt(X1), cube(X1)), cube(quart(exp(X1)))), X1), X1)))))))))))"
first_principles_tully_fisher,MRGPRegressor,ok,1.0,-23.06068446259883,4.56028459425362,41.0,13.0,3009.1,,"sin(div(log(sin(X1)), cube(quart(sin(log(cube(quart(sin(X1)))))))))"
nikuradse_1,MRGPRegressor,ok,2.0,-1.224913651349131,0.1380865663159663,431.0,143.0,3424.2,,"mul(cube(div(sin(cube(cube(X2))), mul(sin(square(sqrt(X2))), square(square(cube(X1)))))), div(sub(exp(log(sub(X1, X2))), log(mul(cube(div(sin(mul(square(add(cube(sub(X1, cos(X2))), sqrt(X2))), X2)), sub(div(sub(exp(sqrt(cube(cos(cube(X2))))), log(cube(sub(X1, cos(X2))))), div(quart(mul(log(mul(X1, X1)), square(mul(X1, X2)))), sin(sin(quart(sub(X1, sin(X2))))))), mul(X2, X2)))), div(sub(exp(sin(X1)), log(cos(X1))), X2)))), sqrt(div(exp(X1), exp(div(sub(exp(sqrt(cube(cos(cube(X2))))), log(cube(sub(X1, cos(mul(X2, X2)))))), div(div(sin(mul(X2, X1)), sin(X2)), sin(sin(quart(mul(cube(cos(sub(X1, X2))), div(sub(sin(div(div(sin(mul(X2, X1)), X1), sin(sin(quart(sub(X1, sin(X2))))))), log(X2)), sqrt(X1)))))))))))))"
nikuradse_2,MRGPRegressor,ok,1.0,-4.314900104453455,0.5546438673435711,443.0,147.0,3412.7,,"div(sin(quart(exp(sqrt(cube(sin(square(sub(add(square(cos(X1)), cos(X1)), log(X1))))))))), div(mul(add(mul(cube(X1), log(X1)), cos(mul(X1, X1))), cos(div(square(div(X1, square(X1))), cube(quart(X1))))), div(div(square(exp(X1)), quart(square(cube(sin(quart(square(add(log(X1), X1)))))))), quart(add(X1, mul(log(div(sin(div(div(div(sin(quart(exp(sqrt(cube(sin(X1)))))), div(mul(add(mul(cube(sin(square(sub(add(square(cos(X1)), cos(X1)), log(sin(sin(X1))))))), log(X1)), cos(mul(X1, X1))), quart(sin(add(X1, X1)))), div(div(square(exp(X1)), cos(square(X1))), quart(div(quart(square(cube(X1))), sub(X1, cos(sin(X1)))))))), cube(cube(X1))), mul(X1, mul(add(X1, X1), X1)))), quart(div(cube(cos(div(square(div(X1, square(square(X1)))), cube(quart(X1))))), square(log(X1)))))), X1))))))"
solar_flare,MRGPRegressor,ok,10.0,-2.049266694119935,1.6908555385977988,419.0,139.0,3370.6,,"mul(div(X1, mul(mul(mul(X5, mul(X7, X7)), X1), cube(add(X6, X1)))), div(div(cube(mul(X4, sub(div(div(X5, mul(X1, add(div(div(mul(exp(add(div(X6, X3), log(X1))), cos(sin(X9))), sqrt(quart(X4))), mul(mul(div(X4, cube(div(X1, mul(mul(X6, X6), cube(add(X6, X1)))))), sub(X7, X2)), X6)), sub(mul(X8, X5), cos(X4))))), mul(exp(mul(cos(div(log(sin(exp(div(log(log(cube(X2))), sqrt(quart(X4)))))), mul(log(exp(mul(X3, X2))), add(div(X1, mul(mul(mul(X2, X6), X6), cube(add(X6, mul(X5, X1))))), sub(mul(X8, X1), cos(X4)))))), X8)), quart(add(mul(add(X7, X8), mul(div(X2, log(div(X9, X1))), X4)), cos(sqrt(X4)))))), X2))), sqrt(mul(X3, X4))), mul(mul(X9, X2), X6)))"
strogatz_bacres1,MRGPRegressor,ok,2.0,0.5768667202958726,1.015861071633872,428.0,142.0,3002.4,,"div(div(div(cube(square(cos(X1))), div(div(cube(square(cos(X1))), sqrt(cos(mul(quart(X2), sin(X1))))), mul(quart(cos(quart(X2))), mul(sin(mul(div(mul(X1, cos(sin(cos(cube(X1))))), mul(quart(cos(add(cos(mul(X2, cube(exp(X2)))), X2))), quart(X2))), X2)), cos(X1))))), mul(sin(X1), mul(sin(mul(div(mul(X1, cos(quart(cube(X2)))), mul(quart(cos(add(cos(mul(X2, cube(X1))), X2))), X1)), X1)), add(quart(X1), X1)))), div(div(X1, mul(quart(X2), mul(sin(square(X2)), cos(sin(cos(cube(X1))))))), square(div(div(mul(sin(X1), cos(exp(X2))), mul(quart(quart(sub(X2, X1))), cos(mul(X2, cos(exp(mul(X2, cos(exp(quart(X2)))))))))), square(div(div(cos(X1), log(cos(quart(cos(quart(sqrt(X2))))))), sin(mul(sin(X1), square(mul(X1, X1))))))))))"
strogatz_bacres2,MRGPRegressor,ok,2.0,0.4191738166443635,1.5586819842008754,434.0,144.0,3116.9,,"mul(div(mul(sin(mul(X1, X1)), X2), mul(quart(div(sin(X2), cos(X2))), div(div(mul(X2, quart(sqrt(X1))), mul(div(sub(square(X1), log(cube(X1))), quart(cube(mul(exp(X1), square(X2))))), mul(sin(div(sin(sub(log(log(cos(sin(quart(cube(mul(sub(mul(X1, X2), square(X1)), exp(X1)))))))), quart(cos(X2)))), mul(X2, sin(sqrt(div(mul(exp(log(sqrt(X1))), X2), mul(X1, mul(sin(X2), quart(quart(X2)))))))))), quart(quart(cos(X1)))))), div(mul(sin(sin(quart(exp(X1)))), X2), mul(quart(cos(log(cos(sin(quart(cube(mul(sub(mul(X1, X2), X2), exp(X1))))))))), mul(sin(cube(X1)), quart(quart(X2)))))))), div(mul(square(div(log(X2), sin(X1))), exp(cube(quart(X1)))), mul(quart(cos(X1)), mul(sin(mul(X1, X2)), quart(quart(sin(quart(cube(mul(X1, exp(X1)))))))))))"
strogatz_barmag1,MRGPRegressor,ok,2.0,0.7424290295291643,0.0906168031577237,425.0,141.0,3016.6,,"div(div(mul(sin(quart(sin(X1))), div(X2, mul(quart(cos(X1)), mul(sin(mul(div(div(mul(X2, div(X1, mul(quart(cos(X1)), mul(sin(mul(X1, cos(X2))), quart(quart(X2)))))), mul(quart(X2), mul(X2, quart(cube(X1))))), square(div(X1, mul(quart(cos(X1)), mul(quart(cos(X1)), mul(sin(X2), quart(quart(X2)))))))), quart(quart(X2)))), quart(cube(exp(X1))))))), mul(quart(sqrt(quart(X1))), mul(sin(mul(X1, X1)), quart(quart(X2))))), square(div(X2, mul(div(mul(exp(log(log(sqrt(sqrt(div(X1, X2)))))), cos(quart(sqrt(X2)))), mul(div(div(mul(exp(log(sqrt(X1))), cos(X2)), mul(quart(cos(X1)), mul(X2, quart(quart(X2))))), square(div(div(cos(X1), log(div(X1, X2))), mul(sqrt(quart(X1)), sin(quart(X1)))))), X2)), mul(exp(X2), cos(log(square(X1))))))))"
strogatz_barmag2,MRGPRegressor,ok,2.0,0.2343396541374379,0.2205060618630363,368.0,122.0,3019.4,,"div(div(div(sin(quart(exp(X2))), div(mul(exp(log(sqrt(X1))), cos(log(square(X1)))), mul(quart(X1), mul(X1, quart(quart(X2)))))), mul(quart(cos(div(div(mul(exp(log(sqrt(X1))), cos(log(square(X2)))), mul(quart(cos(quart(X1))), mul(X2, quart(quart(X2))))), square(div(div(X2, log(X1)), mul(sqrt(quart(X1)), sin(sqrt(X2)))))))), X2)), square(div(div(div(log(X2), X1), log(cos(quart(X1)))), mul(sqrt(mul(quart(cos(div(div(mul(exp(log(sqrt(X1))), cos(log(square(X2)))), mul(quart(X1), mul(X1, quart(quart(X2))))), square(div(div(cos(X1), log(X1)), mul(sqrt(quart(X1)), sin(sqrt(X1)))))))), mul(cube(sin(X2)), quart(square(X1))))), sin(sqrt(X2))))))"
strogatz_lv1,MRGPRegressor,ok,2.0,0.8655970078340288,0.0507918453736137,443.0,147.0,2383.7,,"mul(div(cos(mul(X1, mul(div(sin(log(cos(mul(div(cos(square(quart(sin(mul(cube(div(X1, sub(mul(sqrt(X2), X1), mul(log(square(X2)), X2)))), div(sub(X2, log(cos(mul(div(log(X2), X2), mul(div(sin(add(div(X1, X2), X1)), sin(sqrt(mul(X1, X2)))), div(X2, add(X1, X2))))))), X2)))))), X2), mul(div(sin(add(div(X1, X2), X2)), sin(X1)), div(X1, add(X1, sin(X2)))))))), div(log(X2), X2)), div(X2, add(X1, mul(div(X2, add(X1, mul(div(X2, X1), square(cube(X2))))), square(cube(X2)))))))), X1), mul(div(div(log(quart(sin(X2))), cos(square(quart(X2)))), log(cos(mul(div(cos(square(quart(sin(mul(cube(div(X1, sub(mul(sqrt(X1), X1), mul(log(square(X2)), X2)))), div(sub(X2, log(X2)), X2)))))), X2), square(X2))))), cos(log(cos(log(X2))))))"
strogatz_glider2,MRGPRegressor,ok,2.0,-2.477410236802786,1.531027316821135,452.0,150.0,3006.3,,"div(div(mul(exp(log(sqrt(X2))), cos(quart(square(X1)))), mul(div(sqrt(square(mul(sin(X1), square(X1)))), quart(sub(sin(add(X1, X2)), mul(div(cube(cos(sqrt(cube(X2)))), quart(mul(add(X2, X1), cos(X1)))), X2)))), mul(div(div(cos(sin(X1)), log(cos(quart(cos(quart(X1)))))), mul(sqrt(quart(div(mul(exp(log(sqrt(X1))), cos(quart(X2))), mul(quart(sqrt(sin(add(X1, X2)))), mul(sin(X2), quart(quart(X2))))))), sin(add(X2, X2)))), add(sub(X1, X1), div(X1, add(div(add(X2, cos(add(div(cube(X1), sin(square(cube(cos(X1))))), quart(cube(sin(add(X1, X2))))))), quart(cube(cos(X2)))), cos(sin(mul(cos(X1), div(X1, X2)))))))))), square(div(div(add(div(exp(sin(X1)), quart(cube(cos(X2)))), cos(sqrt(log(X2)))), log(cos(quart(cos(X1))))), mul(sqrt(quart(X1)), sin(quart(quart(sin(X1))))))))"
strogatz_glider1,MRGPRegressor,ok,2.0,0.8767565208693627,0.2652317265202898,425.0,141.0,3566.5,,"div(add(mul(add(mul(sin(X2), mul(X2, sqrt(X1))), quart(cube(cos(add(X2, log(X2)))))), mul(div(X1, X2), mul(cos(cos(cos(cos(exp(X1))))), mul(mul(div(div(cube(log(quart(cube(sin(div(X1, div(X2, sin(sin(X2))))))))), mul(cube(cos(cube(cos(X2)))), mul(sin(mul(X1, X1)), quart(quart(X2))))), square(div(div(cos(sin(X1)), cos(mul(X2, X1))), mul(sqrt(quart(square(quart(sin(X2))))), sin(sqrt(X2)))))), square(sub(sin(X2), exp(X1)))), add(log(sub(square(X2), exp(X2))), exp(cos(quart(X1)))))))), quart(div(cube(cos(square(quart(sin(X2))))), div(square(cube(div(add(X2, X1), log(cos(cos(cos(X2))))))), div(sqrt(sin(sin(X2))), sqrt(X1)))))), square(div(div(cos(sin(square(sqrt(X2)))), log(cos(X2))), quart(square(log(sin(exp(cos(X2)))))))))"
strogatz_lv2,MRGPRegressor,ok,2.0,0.9917872723321554,0.0067213004796651,344.0,114.0,3011.9,,"mul(div(square(X2), quart(square(sin(cube(X2))))), mul(square(mul(quart(mul(div(square(log(mul(X2, X1))), X1), X2)), cos(mul(X1, mul(square(X2), quart(mul(add(div(square(log(mul(quart(mul(div(square(log(cos(X1))), cos(square(div(X2, X1)))), X1)), sin(square(div(cube(X2), X1)))))), cube(quart(X1))), quart(square(sin(cube(X2))))), X1))))))), mul(X1, quart(mul(add(div(square(log(cos(mul(div(X1, X2), cube(square(div(X2, X1))))))), cube(X1)), div(X2, X1)), quart(sin(div(sqrt(exp(mul(cos(square(X2)), X2))), square(mul(quart(mul(div(square(log(cos(X1))), cos(square(div(X2, X1)))), X1)), cos(square(X2))))))))))))"
strogatz_predprey1,MRGPRegressor,ok,2.0,-15.815259122643546,3.763448713055061,377.0,125.0,3001.7,,"add(quart(div(sub(add(sin(cube(square(square(X1)))), mul(div(X2, sin(X2)), sqrt(X1))), quart(sin(quart(X2)))), sub(log(add(cos(cube(X2)), div(div(mul(X2, X1), cube(cube(X1))), mul(X2, sqrt(X1))))), sub(add(div(X1, cos(X1)), quart(div(square(mul(cube(X1), X2)), sub(log(add(X1, div(mul(X2, X2), quart(sin(quart(X1)))))), sub(add(div(X2, cos(X1)), mul(X2, X2)), quart(sin(quart(square(X1))))))))), quart(sin(mul(sqrt(quart(X2)), mul(X2, X1)))))))), log(sub(sub(add(mul(X2, sub(sin(X1), quart(cos(quart(X1))))), X1), cube(log(sin(add(cube(X1), div(X2, square(X1))))))), square(mul(cube(log(sin(add(cube(X1), div(X2, square(X1)))))), cos(X2))))))"
strogatz_predprey2,MRGPRegressor,ok,2.0,0.8467208336185669,0.6187070570014467,356.0,118.0,3020.6,,"div(sub(sin(sin(square(div(X1, mul(X2, log(div(log(sub(sqrt(sin(quart(X2))), sin(X2))), X1))))))), mul(cube(sin(div(X2, X2))), div(square(mul(X1, X1)), cos(sub(X2, X1))))), mul(div(sub(sqrt(X1), quart(div(exp(sin(X2)), sqrt(exp(X1))))), mul(cube(div(sin(mul(X2, X2)), mul(sin(square(sqrt(X2))), square(square(cube(X1)))))), mul(X2, X1))), div(exp(sub(cos(X2), div(X1, X2))), sqrt(exp(div(sub(cos(div(sin(X2), mul(X1, square(square(X1))))), quart(log(sub(mul(X2, X1), cube(X1))))), exp(mul(sin(cube(log(X2))), div(sub(sqrt(sqrt(X1)), log(cos(X2))), sqrt(div(div(X2, sin(X1)), exp(X2))))))))))))"
strogatz_shearflow1,MRGPRegressor,ok,2.0,0.5873079117430153,0.3595741199658874,395.0,131.0,3021.8,,"div(div(exp(sqrt(cube(sqrt(X2)))), mul(quart(cos(quart(X1))), mul(quart(sin(quart(sqrt(X1)))), sin(quart(div(sqrt(exp(exp(quart(cos(X1))))), X2)))))), square(div(div(cos(sin(X1)), quart(cube(cos(quart(div(log(quart(X2)), cube(quart(X1)))))))), mul(mul(exp(square(quart(X2))), cos(log(square(cube(sin(X1)))))), sin(sqrt(div(div(mul(exp(log(sqrt(X1))), cos(log(square(cube(sin(X1)))))), mul(quart(cos(quart(cos(cos(log(square(cube(sin(X1))))))))), mul(X2, sin(X1)))), square(div(div(cos(square(div(div(cos(sin(X1)), quart(cube(cube(sin(X1))))), mul(mul(X2, cos(log(square(cube(X1))))), quart(X2))))), quart(cube(X2))), mul(mul(exp(square(quart(X2))), X1), sin(sqrt(quart(div(log(X2), cube(quart(X1))))))))))))))))"
strogatz_shearflow2,MRGPRegressor,ok,2.0,-0.9208354579603182,0.3284658598378493,449.0,149.0,3053.6,,"div(div(mul(exp(log(sqrt(X1))), cube(mul(square(X2), cube(X2)))), mul(quart(cos(quart(X1))), mul(quart(cos(sin(cos(quart(cube(X2)))))), sin(X2)))), square(div(div(cos(sin(mul(cube(X2), log(quart(sin(cos(X1))))))), log(cos(X2))), mul(cube(X2), div(div(sin(square(square(div(div(X1, log(cos(X2))), square(X2))))), mul(quart(cos(div(div(mul(exp(log(sqrt(X1))), cos(quart(sqrt(cube(X1))))), mul(quart(cos(quart(X1))), mul(quart(cos(sin(mul(cube(X2), log(quart(sin(cos(X1)))))))), quart(quart(cube(mul(X2, X1))))))), square(cube(cos(square(square(X2)))))))), mul(X1, sin(mul(square(div(div(X1, log(cos(quart(log(X2))))), mul(sqrt(log(cube(X2))), X1))), X1))))), square(div(div(X1, log(cos(X2))), mul(sqrt(square(cos(cube(X2)))), sin(square(div(quart(log(X2)), mul(X1, cos(quart(sqrt(X2)))))))))))))))"
strogatz_vdp1,MRGPRegressor,ok,2.0,0.3734647481888868,0.4845119940425907,446.0,148.0,3010.0,,"add(quart(div(sin(mul(X1, cube(X1))), add(div(mul(log(add(exp(X1), cube(X1))), X1), div(div(mul(exp(log(sqrt(X1))), square(X1)), mul(quart(mul(log(X1), exp(X2))), div(cube(sin(X2)), X1))), square(div(X2, mul(sqrt(quart(quart(sin(sub(div(sin(sin(exp(X1))), add(div(mul(log(add(exp(X1), X1)), sqrt(X2)), div(div(sqrt(quart(X1)), mul(quart(cos(quart(X1))), div(cube(sin(X2)), mul(X1, square(X2))))), square(div(div(cos(sin(mul(log(add(X1, cube(X1))), cube(exp(exp(X2)))))), log(cos(div(cube(X1), exp(X2))))), mul(sqrt(quart(X1)), sin(sqrt(X2))))))), sqrt(cube(X1)))), div(sin(X2), log(cube(X1)))))))), sin(X1)))))), sqrt(cube(X1))))), log(sub(sub(cube(quart(div(sin(X2), add(cos(quart(X1)), X1)))), div(sin(X2), add(cos(quart(X1)), exp(X1)))), square(X2))))"
strogatz_vdp2,MRGPRegressor,ok,2.0,0.709254344820452,0.0525961285800613,422.0,140.0,3008.4,,"div(div(mul(exp(cube(X1)), div(X1, div(cos(cos(quart(quart(X1)))), log(cos(X2))))), mul(div(div(mul(exp(log(sqrt(X1))), cos(quart(sin(X2)))), mul(quart(cos(quart(X2))), mul(X1, quart(quart(quart(sqrt(X2))))))), square(div(div(div(div(mul(exp(log(sqrt(div(square(X2), cos(X2))))), cos(quart(X1))), sqrt(div(X1, cos(X2)))), square(square(cube(sin(quart(X1)))))), log(cos(X2))), X1))), mul(sin(div(div(cos(X2), X1), mul(quart(cos(quart(exp(sqrt(square(square(X1))))))), mul(quart(X1), quart(quart(X2)))))), div(div(square(X2), cos(square(div(square(cos(quart(quart(X1)))), mul(sqrt(quart(X1)), X1))))), cos(quart(exp(sqrt(quart(X1))))))))), square(div(div(cos(quart(exp(sqrt(square(square(X1)))))), log(cube(X2))), mul(square(square(cube(sin(quart(X1))))), quart(X2)))))"
