dataset,algorithm,status,n_features,r2,rmse,complexity,complexity_unified,seconds,error,expr
1096_FacultySalaries,MRGPRegressor,ok,4.0,0.9478328052580588,1.2669893408086823,104.0,34.0,1709.0,,"sub(quart(cube(mul(log(add(X4, sub(X3, X2))), div(div(div(cube(X1), exp(exp(quart(exp(quart(sub(X3, X2))))))), X3), sub(X3, X2))))), mul(add(X4, sub(X3, X2)), X1))"
1030_ERA,MRGPRegressor,ok,4.0,-0.4034605517719429,2.1922614610232607,284.0,94.0,3033.7,,"div(mul(cube(cube(sqrt(sqrt(sin(sin(sqrt(X3))))))), div(X2, log(div(X1, X3)))), mul(cube(sub(sin(X1), square(mul(X1, X2)))), mul(mul(add(log(quart(sin(X1))), mul(mul(add(log(log(div(X1, X3))), quart(sub(quart(sqrt(X4)), cube(sin(X3))))), X1), div(sub(cos(div(div(X3, quart(cube(X4))), div(log(X4), add(cos(X2), X3)))), div(sqrt(X3), log(sin(log(cube(X4)))))), quart(sin(cube(X2)))))), X1), div(mul(X4, mul(cube(X4), X2)), quart(sin(cube(cube(cube(sqrt(div(X1, X3)))))))))))"
1089_USCrime,MRGPRegressor,ok,13.0,0.3936446544414599,27.55005088566812,107.0,35.0,3004.6,,"mul(div(div(div(div(cube(X8), X10), X4), X13), cube(sin(square(div(div(X3, mul(log(X13), sqrt(X9))), div(log(div(X2, X6)), sin(mul(X12, X7)))))))), square(div(X13, log(X10))))"
1027_ESL,MRGPRegressor,ok,4.0,0.1981568009797206,1.3982898327925612,449.0,149.0,3125.3,,"sub(div(square(sub(sub(mul(X2, X1), X4), add(X2, mul(X2, X3)))), cube(quart(sub(cube(X3), mul(sqrt(X2), X3))))), add(mul(log(cos(quart(square(cos(div(div(cube(cos(X2)), sub(cos(div(div(cube(X3), quart(sin(square(sub(cos(div(div(cube(cos(div(div(cube(cos(X2)), quart(sin(square(quart(X1))))), add(square(sub(X4, X3)), square(cos(div(X3, exp(mul(X1, square(X3)))))))))), quart(sin(square(sub(X4, X3))))), div(square(X1), add(cos(X2), log(quart(mul(sqrt(mul(mul(X2, X1), add(X1, X4))), cos(log(mul(X4, mul(X4, X2))))))))))), div(sqrt(sin(X3)), log(X3))))))), div(square(cube(X2)), cube(sub(X2, X4))))), div(X4, log(sub(X4, X3))))), div(square(X1), add(cos(X2), sub(add(X3, X1), mul(mul(X2, X4), quart(X3))))))))))), add(log(add(X2, X4)), div(X2, X4))), X1))"
1029_LEV,MRGPRegressor,ok,4.0,0.4775605192905808,0.666231628497719,422.0,140.0,3236.8,,"mul(div(cos(div(mul(div(cos(div(square(log(X3)), log(exp(X2)))), sin(sqrt(sqrt(mul(cube(sub(sin(cos(X4)), mul(mul(X2, X4), sin(X2)))), mul(cos(add(X1, X3)), mul(cube(X4), square(div(cos(cube(sub(add(X1, X2), mul(exp(X1), cube(X4))))), cube(mul(cube(X4), div(X2, square(cube(add(cube(X4), mul(quart(X3), cos(X1))))))))))))))))), cos(cube(sub(log(log(cos(cube(sub(X3, mul(exp(X4), div(cos(div(square(log(X3)), log(exp(X2)))), sin(sqrt(sqrt(div(sin(mul(exp(sin(cube(X4))), X2)), X4))))))))))), mul(X2, X1))))), cos(X2))), sin(X1)), cos(cube(sub(log(log(mul(exp(X4), cube(X4)))), mul(div(div(add(X3, X2), square(X3)), div(div(cos(div(square(log(X3)), log(exp(X2)))), X4), quart(X1))), cube(sin(X2)))))))"
1028_SWD,MRGPRegressor,ok,10.0,-0.0182109598717077,0.7431538364527323,392.0,130.0,3307.7,,"mul(add(mul(mul(X2, X7), square(div(div(log(cube(square(sin(X9)))), mul(log(div(square(sub(sqrt(X4), sub(X1, X6))), cos(div(X10, quart(quart(mul(cos(cos(X7)), X9))))))), add(div(div(log(div(X9, X10)), mul(log(exp(mul(X3, X2))), add(X5, sub(mul(X8, X1), cos(X4))))), mul(exp(mul(cos(add(X8, X4)), quart(exp(X6)))), quart(add(mul(add(X7, X8), mul(X9, X5)), cos(sqrt(div(X3, X10))))))), sub(mul(X8, X1), div(X9, X10))))), mul(exp(mul(X10, quart(exp(quart(cos(add(X7, X3))))))), quart(X10))))), log(sqrt(X7))), add(log(sub(mul(cube(log(mul(cos(X4), square(X5)))), mul(X5, square(mul(div(div(X8, X9), X3), mul(X9, X5))))), X7)), sin(div(X10, X9))))"
1191_BNG_pbc,MRGPRegressor,ok,18.0,-2.087229818639506,1841.5456046304944,446.0,148.0,3715.6,,"div(mul(cos(sin(mul(mul(X13, X9), quart(X11)))), cube(div(cos(quart(X15)), cos(cube(div(sub(X1, X9), X11)))))), sub(mul(mul(sub(log(X7), cos(div(log(exp(square(sub(X2, log(cos(cube(X7))))))), mul(cube(cube(mul(cos(mul(log(div(square(X9), square(X18))), sub(log(cos(mul(div(exp(X14), quart(X9)), sin(X1)))), quart(div(X16, X11))))), X11))), mul(cos(sub(X18, X1)), mul(cube(X6), square(X8))))))), cube(add(quart(mul(square(sin(X3)), X1)), cos(sqrt(X1))))), div(log(exp(square(sub(X2, log(X11))))), mul(cube(cube(mul(cos(mul(log(mul(X1, cos(X11))), sub(log(cos(mul(div(exp(X14), quart(X9)), sin(X1)))), quart(div(X16, X11))))), X11))), mul(cos(sub(X18, X1)), mul(cube(X9), square(X8)))))), mul(mul(add(div(X3, X15), quart(X6)), sin(quart(X12))), log(square(log(X17))))))"
1193_BNG_lowbwt,MRGPRegressor,ok,9.0,-0.383474644222495,928.988567413584,440.0,146.0,3034.0,,"div(div(cos(sqrt(mul(sqrt(log(mul(X1, X2))), X1))), div(quart(square(X1)), div(div(mul(cube(sin(square(square(mul(X1, log(X2)))))), cube(div(sin(X5), mul(X7, X1)))), cos(div(div(X1, div(div(cos(add(add(quart(div(sqrt(X1), square(div(sin(log(X2)), sin(mul(log(X4), X1)))))), log(X8)), X8)), div(mul(cos(div(X5, X3)), mul(sqrt(X2), cube(quart(square(cos(log(cos(div(div(X1, div(quart(square(X9)), X1)), div(sqrt(sqrt(add(X9, X4))), exp(add(square(X4), exp(X7))))))))))))), cos(square(mul(X4, X9))))), cos(quart(log(div(X2, X1)))))), div(X3, exp(add(square(X4), exp(X7))))))), sin(mul(log(div(cos(X3), X1)), mul(X2, X7)))))), div(sqrt(sqrt(add(X9, sin(sqrt(sqrt(log(square(div(sin(log(X2)), X1))))))))), cube(sin(square(square(mul(X1, log(X2))))))))"
1196_BNG_pharynx,MRGPRegressor,ok,10.0,-0.7596167308513486,449.52436866957294,398.0,132.0,3087.4,,"mul(div(quart(cos(mul(sub(div(square(X5), div(div(exp(sqrt(X1)), cube(X5)), mul(X6, square(div(sub(div(X9, X8), cube(X7)), exp(quart(X10))))))), cube(X1)), square(div(X9, sin(mul(X10, X8))))))), cube(square(exp(div(sin(square(X5)), add(sqrt(sub(mul(div(X10, X3), mul(X9, div(div(X10, X8), mul(div(quart(X8), cube(div(quart(cos(cube(div(div(X9, X8), mul(div(quart(cos(cube(cube(sub(sin(exp(X5)), quart(X10)))))), cube(div(quart(cos(cube(cube(sub(sin(exp(X5)), quart(X10)))))), cube(exp(sqrt(X1)))))), square(div(sub(div(X9, X8), cube(sqrt(X7))), exp(quart(X10))))))))), cube(exp(sqrt(X1)))))), square(X3))))), square(X6))), div(X10, X3))))))), square(div(sub(div(X9, X8), cube(X7)), exp(X5))))"
1199_BNG_echoMonths,MRGPRegressor,ok,9.0,-0.8202811858275669,19.09332001901623,440.0,146.0,3416.1,,"sub(log(add(cos(cube(log(X7))), mul(cube(sin(X5)), mul(X2, sin(X3))))), mul(mul(add(div(add(X9, add(X6, add(X7, add(X5, add(X2, X1))))), quart(mul(mul(mul(sin(X4), X8), mul(div(X6, add(X9, X1)), sin(X3))), log(quart(cube(X8)))))), sin(quart(X3))), sin(mul(cos(div(X9, X8)), mul(log(add(cos(cube(cube(X7))), mul(mul(sin(X4), X8), mul(div(X5, X1), sin(X3))))), sub(X8, cube(cube(sin(X2)))))))), log(sub(log(add(cos(cube(cube(X7))), mul(mul(sin(X4), X8), sub(cube(cube(sin(X2))), cos(div(sub(div(X6, X1), log(mul(log(mul(X7, X1)), div(X4, X8)))), quart(X5))))))), mul(mul(add(div(sqrt(X6), quart(cube(sin(X5)))), sub(cube(X1), cos(div(X8, quart(div(X1, X8)))))), log(square(log(X8)))), log(quart(cube(sin(X5)))))))))"
1203_BNG_pwLinear,MRGPRegressor,ok,10.0,-0.8246970791216681,5.747571313015132,440.0,146.0,3152.6,,"mul(sub(log(add(cos(X5), cube(X3))), mul(log(log(X8)), mul(X6, sin(X2)))), mul(mul(add(div(div(quart(quart(exp(sub(X8, X5)))), div(square(sub(mul(square(exp(X1)), X3), sub(X5, cos(sub(exp(div(X3, X1)), square(mul(div(X10, div(div(cos(X5), quart(div(mul(X1, X3), X2))), X1)), mul(X9, X5)))))))), mul(sub(exp(div(X3, quart(quart(mul(X1, X3))))), mul(log(log(X7)), mul(cube(X1), sin(X2)))), mul(mul(add(div(div(quart(quart(exp(sub(X8, X5)))), div(square(sub(mul(X2, X3), sub(X5, cos(sub(exp(div(X3, quart(quart(exp(sub(X2, X5)))))), square(mul(div(X10, div(X3, X1)), mul(X9, X5)))))))), square(sub(sub(X2, X5), exp(X9))))), X1), quart(X10)), sin(quart(X6))), log(square(log(X7))))))), X1), X1), sin(quart(X6))), log(square(log(X7)))))"
1201_BNG_breastTumor,MRGPRegressor,ok,9.0,-1.8163412160268213,20.41482443613243,413.0,137.0,3281.2,,"add(div(sqrt(div(X5, X9)), quart(sub(sub(log(div(div(cos(add(add(quart(cos(X1)), log(X8)), cube(mul(X1, X5)))), div(mul(cos(div(add(square(sqrt(X3)), sub(cube(X7), log(cos(mul(exp(quart(X1)), exp(quart(X7))))))), X8)), mul(sqrt(div(X2, X6)), X3)), div(cos(add(X2, cube(mul(X1, X3)))), div(mul(cos(div(add(square(sqrt(X3)), sub(cube(X7), log(X5))), X8)), mul(sqrt(X7), square(quart(square(mul(X4, X9)))))), cos(square(mul(X4, X9))))))), X4)), quart(div(cube(X7), X2))), add(quart(X9), sin(X8))))), mul(log(div(cube(mul(cos(add(add(quart(cos(X1)), log(sqrt(add(X9, X4)))), cube(mul(X1, X3)))), X6)), sqrt(square(X3)))), log(mul(log(square(X7)), mul(sin(add(sub(log(X5), X1), X4)), exp(X3))))))"
1595_poker,MRGPRegressor,ok,10.0,-2.809275319447893,2.5384582191515497,434.0,144.0,3121.4,,"div(log(quart(quart(exp(mul(X4, sin(mul(quart(mul(log(sub(X6, X7)), div(log(sqrt(sub(square(sub(log(mul(X1, X7)), square(cos(cos(div(div(log(sqrt(sub(X9, X7))), div(exp(log(sub(X1, X7))), exp(exp(div(X7, X3))))), X7)))))), X7))), div(exp(sin(mul(sqrt(div(exp(sin(mul(X3, sub(X9, X7)))), X7)), cos(quart(X4))))), exp(exp(div(X7, X3))))))), X7))))))), div(exp(sin(mul(quart(mul(log(sub(X3, X7)), div(log(sqrt(X8)), div(exp(sin(mul(X9, cos(quart(X4))))), exp(X9))))), cos(quart(X4))))), div(quart(quart(exp(mul(X4, X8)))), div(quart(sqrt(square(sub(log(mul(X1, X7)), square(cos(cos(div(div(log(sqrt(sub(X9, X7))), div(exp(log(sub(X1, X7))), exp(exp(div(X7, X3))))), X7)))))))), square(sub(sub(X2, X5), exp(sqrt(X6))))))))"
192_vineyard,MRGPRegressor,ok,2.0,-4.972561773251416,9.759248073091769,116.0,38.0,3030.0,,"div(mul(div(sin(mul(X2, X1)), log(X1)), mul(log(cube(X2)), exp(cos(X2)))), cube(mul(sin(cube(div(exp(cos(X2)), quart(cube(X2))))), sin(div(sin(div(X1, log(X1))), log(square(quart(X1))))))))"
197_cpu_act,MRGPRegressor,ok,21.0,0.6431503184338715,11.203336043217412,419.0,139.0,3050.8,,"div(div(log(add(exp(log(sin(X17))), add(X16, X15))), mul(sin(X17), div(div(log(add(X4, add(X4, X15))), mul(quart(X21), quart(X10))), mul(X2, div(div(div(log(add(mul(X18, quart(cos(square(X12)))), add(mul(X11, X6), X15))), mul(sin(X3), X5)), mul(sin(quart(quart(X21))), div(cube(X7), cos(mul(sin(X6), sin(X11)))))), mul(sin(quart(quart(X21))), X7)))))), mul(cos(mul(sin(mul(mul(sin(X14), cos(X1)), div(div(X17, mul(sin(quart(mul(X20, square(X8)))), X12)), mul(cos(mul(sin(X7), sin(X11))), div(X17, exp(log(X3))))))), sin(X3))), div(X6, exp(log(div(mul(sin(div(X18, div(div(mul(X1, X20), mul(sin(quart(X21)), X8)), X7))), quart(cos(add(mul(add(X13, X9), sin(X7)), square(cos(X1)))))), sub(X17, X3)))))))"
201_pol,MRGPRegressor,ok,48.0,-0.0682982330571715,41.38266303079066,440.0,146.0,3118.5,,"div(div(log(cos(sqrt(div(sub(mul(sin(X6), X6), mul(cos(X7), sin(log(mul(X7, sqrt(mul(X19, X5))))))), div(div(div(div(X5, X8), mul(sin(X6), exp(X6))), mul(X7, exp(sqrt(X5)))), cube(sub(X14, X6))))))), exp(div(sub(mul(sin(X6), quart(cos(sqrt(X5)))), mul(cos(X7), X5)), div(sqrt(mul(X19, X27)), cube(sub(X14, X6)))))), div(div(div(sub(square(sin(div(sub(mul(sin(quart(X30)), quart(cos(X5))), mul(cos(X7), sin(log(X6)))), X16))), mul(cos(X26), X5)), div(sqrt(mul(X19, X5)), cube(square(sin(div(sub(mul(sin(quart(X30)), quart(cos(X6))), mul(cos(X5), sin(log(X6)))), div(sqrt(X6), cube(sub(X14, X6))))))))), div(sub(mul(sin(quart(X30)), quart(cos(X5))), mul(cos(X7), X32)), div(sqrt(mul(X19, mul(X6, sqrt(log(X5))))), X8))), exp(X28)))"
210_cloud,MRGPRegressor,ok,5.0,-0.2940778664080514,1.3037362062448168,239.0,79.0,3012.9,,"sub(div(square(log(sub(div(square(cube(X2)), add(cos(X5), log(X3))), square(X5)))), cube(square(log(sin(quart(square(sub(X4, log(X3))))))))), div(mul(log(sub(mul(X1, X5), div(X3, div(cos(sin(quart(div(X4, quart(cube(X4)))))), div(X3, X4))))), cos(square(mul(log(X4), div(X4, mul(add(sin(exp(log(X3))), quart(mul(sin(X4), X5))), cos(sin(quart(add(X2, X1)))))))))), sin(div(X3, add(cos(X4), log(X2))))))"
215_2dplanes,MRGPRegressor,ok,10.0,0.4414449670896313,2.6877301117738086,449.0,149.0,3138.0,,"sub(div(mul(X1, X6), mul(quart(cube(sin(cos(X3)))), div(X4, div(X5, X1)))), div(sub(sub(div(mul(X1, X6), mul(quart(X7), X6)), div(sub(div(X2, X1), X1), sub(div(X5, mul(quart(cube(sin(cos(div(X3, X1))))), X6)), div(sub(X5, X2), sub(div(mul(X1, X6), sub(mul(sub(mul(X5, X1), X7), X1), X5)), sub(div(X2, sub(mul(sub(X6, X4), div(sub(mul(X4, X3), sqrt(X6)), sub(mul(X4, X1), X3))), X5)), X5)))))), mul(log(X8), mul(X1, sub(X1, add(mul(add(div(X3, X1), X5), X4), cube(sin(div(X3, X1)))))))), sub(sub(div(X5, mul(quart(cube(sin(cos(div(X3, X2))))), X6)), div(sub(div(X2, X1), mul(sub(mul(X5, cos(div(X4, X1))), X7), X1)), sub(div(mul(X1, X6), sub(mul(sub(mul(X5, X1), X4), X9), X1)), X5))), X5)))"
218_house_8L,MRGPRegressor,ok,8.0,0.0341900204975158,43749.11721111929,338.0,112.0,3075.5,,"div(mul(cos(div(cos(cos(X8)), add(square(X2), cube(X1)))), sqrt(mul(div(div(sqrt(mul(mul(div(sqrt(mul(div(sin(X3), X4), cube(cos(X3)))), sub(div(exp(X4), exp(X1)), mul(X3, square(X2)))), div(sin(quart(X3)), sqrt(mul(cube(exp(mul(log(X1), sin(X7)))), log(X8))))), cube(cos(X1)))), sub(div(exp(X4), exp(X1)), div(mul(cos(div(cos(cos(mul(X2, X3))), add(square(X2), cube(X1)))), sqrt(mul(div(sin(X3), log(X2)), cube(cos(X1))))), div(cube(sqrt(sqrt(div(X8, X1)))), square(cos(X7)))))), log(X2)), cube(cos(X3))))), div(cube(sqrt(sqrt(div(X8, X1)))), square(quart(X2))))"
225_puma8NH,MRGPRegressor,ok,8.0,-0.7333891462544464,7.223991030053529,404.0,134.0,3198.6,,"mul(mul(mul(exp(X4), quart(add(mul(log(mul(cos(log(mul(X2, mul(sqrt(X2), sin(X3))))), mul(mul(mul(add(X5, X4), div(log(X3), log(quart(log(cos(X3)))))), mul(X3, mul(X2, mul(sqrt(mul(cos(X3), X2)), sin(X3))))), mul(div(mul(X3, mul(X2, quart(X8))), exp(X2)), X7)))), div(mul(cos(mul(log(mul(log(cos(X3)), X2)), mul(X2, X3))), X3), log(quart(quart(X4))))), cube(X2)))), exp(log(square(cos(div(X2, cos(mul(mul(sin(div(sub(sin(X3), X2), cos(cos(mul(log(cos(X3)), X2))))), log(exp(mul(sin(X6), X3)))), X2)))))))), sub(cube(mul(cos(sqrt(X2)), exp(mul(X7, X6)))), mul(sin(div(sub(sin(X3), X3), cos(cos(mul(X2, X3))))), log(exp(mul(X2, add(X1, X1)))))))"
227_cpu_small,MRGPRegressor,ok,12.0,0.1151268877932321,17.641893882361,452.0,150.0,3059.3,,"div(sub(log(add(mul(quart(sin(quart(X12))), mul(cos(X5), sin(div(X12, cos(sqrt(square(X12))))))), mul(sin(exp(X3)), cos(quart(X7))))), sub(exp(sin(square(X4))), div(sin(sub(div(cos(div(sqrt(cos(div(sin(X9), sub(X5, cos(X8))))), cos(sqrt(square(X3))))), div(mul(X3, X7), quart(div(mul(X3, X7), quart(add(X8, X11)))))), sub(log(add(mul(quart(sin(X9)), mul(cos(X5), mul(div(X9, quart(add(X8, X11))), mul(X8, X4)))), mul(sin(exp(X3)), cos(div(X7, div(mul(X3, X3), quart(cube(X12)))))))), sub(sin(sin(X6)), div(X3, sub(mul(sin(X4), div(cos(X8), log(X11))), cos(X3))))))), sub(mul(mul(cos(X5), mul(sin(X3), sub(div(sqrt(cos(cube(X12))), X1), div(mul(X9, mul(X8, X4)), quart(exp(log(X2))))))), div(cos(X8), log(cube(quart(X6))))), cos(square(X3)))))), X10)"
228_elusage,MRGPRegressor,ok,2.0,-1.5342852322540417,25.756939282573743,110.0,36.0,3031.7,,"mul(cube(square(log(cube(log(X1))))), div(div(mul(sin(mul(X1, X2)), cube(log(X1))), mul(quart(X2), X2)), square(div(div(cos(quart(X2)), mul(X1, quart(square(X2)))), square(square(cube(X1)))))))"
344_mv,MRGPRegressor,ok,10.0,0.9909696169462318,0.8654306713263206,131.0,43.0,1369.6,,"sub(quart(add(X7, X1)), sub(sin(div(X8, div(cube(sub(div(X6, div(X6, quart(X8))), exp(div(X6, X8)))), sqrt(exp(sub(cube(exp(X6)), cube(mul(X4, exp(X6))))))))), add(add(exp(sub(X3, X1)), X8), div(X1, X8))))"
229_pwLinear,MRGPRegressor,ok,10.0,0.2438498020584627,3.0960008115376323,428.0,142.0,3162.1,,"mul(sub(square(add(quart(X9), sin(sub(X3, X5)))), add(sub(mul(mul(add(div(X3, X10), X2), sin(X1)), mul(X6, X1)), X7), div(div(X9, sqrt(X10)), sub(cos(X6), div(quart(quart(exp(sub(X8, X6)))), div(div(X5, X1), square(sub(X10, exp(div(X1, X5)))))))))), log(add(div(add(X6, X4), mul(X7, log(quart(cube(div(add(div(add(X6, X4), mul(X7, log(quart(cube(div(X7, X1)))))), mul(div(sub(div(X2, X5), cos(mul(X1, div(X5, X2)))), sub(sub(mul(add(div(X3, X1), div(X10, mul(X1, X3))), X1), X1), mul(X5, mul(X1, sub(add(X3, X2), X6))))), add(X1, X9))), X1)))))), mul(log(add(div(add(X6, square(X10)), sub(X9, X4)), mul(div(X5, X1), div(X7, X1)))), mul(X1, sub(add(div(X3, X1), X2), X6))))))"
230_machine_cpu,MRGPRegressor,ok,6.0,0.4537799386546987,133.2310696563935,416.0,138.0,3143.3,,"div(mul(X2, X6), div(sqrt(exp(cube(sqrt(X3)))), mul(add(cos(div(quart(X6), quart(div(div(mul(add(log(X4), mul(X4, X4)), sin(mul(cube(mul(sin(X3), X4)), log(X2)))), sin(add(sin(X6), mul(X6, X2)))), sub(square(sub(X6, log(X4))), mul(cube(sqrt(X3)), exp(cos(div(sqrt(X5), square(X5)))))))))), cos(div(quart(X6), quart(div(div(X6, X5), sub(square(sub(log(X5), log(X4))), mul(cube(sqrt(X6)), exp(cos(div(sqrt(X5), square(mul(quart(mul(X3, X4)), cos(div(X3, div(X2, X4))))))))))))))), log(square(div(add(exp(mul(X2, sin(X4))), div(sqrt(X3), sub(square(X2), mul(div(mul(X2, X6), cube(sqrt(X3))), exp(sin(X4)))))), square(div(sqrt(X2), square(mul(quart(mul(exp(cos(X1)), X4)), cos(mul(X2, X6))))))))))))"
294_satellite_image,MRGPRegressor,ok,36.0,-0.0559632880126181,0.8192498189568431,407.0,135.0,3004.0,,"div(sin(sub(cos(mul(sub(X22, X8), add(X35, X11))), add(sub(add(X7, X6), X35), quart(quart(cos(log(X22))))))), div(quart(quart(exp(sub(X30, X19)))), div(div(sin(sub(cos(mul(sub(X22, X8), add(X35, X11))), add(div(sin(sub(cos(mul(sub(add(sub(add(X10, X20), add(X5, sin(X35))), cos(add(X4, X3))), X30), add(X35, X11))), add(cos(X23), cos(add(X4, X30))))), div(quart(quart(exp(sub(X30, X19)))), div(quart(sqrt(square(X23))), square(sub(quart(cos(X23)), exp(X35)))))), cos(add(X4, X3))))), div(quart(quart(exp(mul(sqrt(X19), X30)))), div(quart(sqrt(square(cos(X23)))), quart(sub(sqrt(square(cos(X23))), cube(div(X24, mul(sqrt(X19), X30)))))))), quart(sub(sqrt(div(X24, X36)), cube(div(X14, mul(sqrt(X19), X30))))))))"
523_analcatdata_neavote,MRGPRegressor,ok,2.0,0.7569330590231494,1.855635608802131,92.0,30.0,287.6,,"div(div(log(X1), div(square(mul(quart(sub(cube(X1), cube(X2))), X2)), mul(cube(square(sub(X1, quart(div(X1, X2))))), quart(div(X1, X2))))), cube(sin(X1)))"
4544_GeographicalOriginalofMusic,MRGPRegressor,ok,117.0,-0.0528568824519277,0.982826628951151,434.0,144.0,3142.1,,"sub(square(div(sqrt(add(div(cos(cos(X93)), X115), log(sub(div(mul(add(mul(X26, X43), div(X101, X102)), cube(X67)), sin(mul(square(mul(cos(log(X103)), cos(X99))), log(X40)))), cos(cos(X73)))))), quart(sin(sin(X59))))), mul(log(square(log(quart(add(X62, add(X80, add(X70, add(add(sqrt(mul(cos(sin(cos(X16))), sqrt(cos(cos(X67))))), mul(div(cos(cos(cos(X73))), add(add(mul(X86, X14), cube(X11)), sub(log(X94), log(X45)))), mul(quart(add(sub(X88, X99), square(X105))), sin(X113)))), add(X17, add(X82, X102)))))))))), log(sqrt(add(sub(X102, mul(add(div(add(sqrt(sub(div(X81, X45), log(mul(sub(X26, X42), sin(X54))))), X99), log(square(quart(X102)))), cube(add(X19, X72))), cube(add(sin(X103), cube(cos(mul(cos(X112), mul(X71, X98)))))))), log(div(sin(X102), X99)))))))"
485_analcatdata_vehicle,MRGPRegressor,ok,4.0,0.4597816868553435,217.9577463987468,110.0,36.0,3009.7,,"div(div(X3, div(sin(X4), X2)), div(sin(log(sqrt(sin(X4)))), div(div(div(mul(X4, cos(X4)), exp(X1)), X2), mul(cube(quart(div(X2, add(X1, X3)))), quart(log(div(X4, X3)))))))"
503_wind,MRGPRegressor,ok,14.0,-1.1542751753595797,6.702888874404464,449.0,149.0,3135.8,,"sub(div(sin(quart(add(sqrt(log(X3)), sqrt(X12)))), mul(div(sin(div(sin(quart(add(mul(X12, mul(X13, X11)), sqrt(X6)))), mul(div(exp(cube(X12)), cube(sin(X9))), square(div(add(log(add(div(div(div(sin(sin(sub(sin(X5), exp(cube(X9))))), quart(mul(cos(div(square(X3), log(X14))), sqrt(mul(add(X12, X14), quart(div(sqrt(div(cos(X5), sqrt(X14))), sub(sub(sqrt(X2), square(X2)), log(mul(X10, X8)))))))))), sqrt(X14)), cos(log(X5))), X2)), sqrt(cube(X13))), X5))))), quart(mul(cos(div(square(X3), div(add(log(add(X4, X2)), sqrt(cube(X13))), sqrt(X8)))), sqrt(mul(add(X12, X5), quart(div(sqrt(div(X3, sqrt(X14))), sub(sub(X9, square(X2)), log(div(cube(exp(mul(X9, X14))), X7)))))))))), square(div(log(div(X13, X14)), X9)))), add(cos(exp(log(sub(X8, X5)))), exp(sqrt(exp(X2)))))"
527_analcatdata_election2000,MRGPRegressor,error,,,,,,,ValueError: Input contains NaN.,
505_tecator,MRGPRegressor,ok,124.0,0.9054146488041568,3.2445273491967823,440.0,146.0,3009.1,,"div(sub(sqrt(X37), square(add(X83, add(add(X116, add(mul(X104, sqrt(div(sub(sqrt(sin(div(add(X109, X49), X114))), square(add(X124, add(X89, X120)))), add(add(X123, mul(X119, sqrt(X107))), add(mul(X44, X123), X110))))), sin(div(add(X99, X49), mul(X124, div(X112, exp(X72))))))), X114)))), square(div(sub(add(X105, sin(X124)), add(mul(X124, div(add(X123, X112), square(div(square(sub(exp(mul(X77, X123)), cos(add(X124, X112)))), quart(add(sqrt(quart(exp(X116))), add(X93, add(div(X110, X47), add(X109, add(X92, sub(mul(X124, div(sqrt(X90), X123)), cube(X55)))))))))))), square(div(square(X107), quart(add(sqrt(quart(X102)), add(X123, add(div(X110, X123), add(X109, add(X92, sub(mul(X44, mul(mul(X110, X109), exp(sin(div(add(X109, X49), exp(X112)))))), cube(X55)))))))))))), quart(cos(sub(exp(X123), X124))))))"
519_vinnie,MRGPRegressor,ok,2.0,0.342857666307942,2.596893814787462,368.0,122.0,3048.8,,"div(div(mul(exp(log(sqrt(X2))), cos(quart(sqrt(X2)))), mul(quart(log(cos(mul(X2, add(X2, sin(mul(X1, X2))))))), mul(sin(mul(X2, X1)), div(cos(div(X2, quart(cos(square(X2))))), add(X2, X1))))), square(div(div(mul(sin(cube(div(sqrt(add(X1, X2)), quart(quart(sin(X2)))))), sin(div(log(sqrt(cube(X1))), X2))), log(add(X2, div(sin(log(log(div(mul(quart(cos(cube(log(quart(cube(sin(X2))))))), div(quart(sin(sin(cube(cube(X2))))), div(cube(mul(div(quart(sin(sin(cube(cube(X2))))), cube(X2)), square(quart(X2)))), X1))), X1)))), div(X1, sqrt(log(sin(quart(cube(mul(quart(sin(X2)), exp(X1)))))))))))), mul(sqrt(quart(X1)), sqrt(sqrt(X1))))))"
560_bodyfat,MRGPRegressor,error,,,,,,,ValueError: Input contains NaN.,
542_pollution,MRGPRegressor,ok,15.0,0.5405288164178932,53.56779239476818,137.0,45.0,3026.8,,"div(exp(add(sqrt(mul(X12, X9)), div(X15, X8))), mul(div(mul(log(sqrt(X4)), sqrt(log(X11))), sin(quart(div(X12, mul(div(mul(log(sin(X3)), sqrt(log(X11))), quart(div(X12, X2))), div(X4, sqrt(mul(cos(X1), X9)))))))), log(X2)))"
537_houses,MRGPRegressor,ok,8.0,0.3809662085268266,75611.89069963728,401.0,133.0,3050.4,,"add(cos(mul(cos(sqrt(sqrt(quart(exp(mul(cos(sqrt(quart(X7))), mul(X7, X8))))))), quart(cos(sub(X4, div(sub(div(cube(sin(X7)), cos(sin(exp(X8)))), cos(cos(sqrt(quart(div(sin(mul(X3, X7)), sin(sub(mul(div(mul(sin(log(X3)), sqrt(log(X4))), sub(X5, square(X2))), div(sin(quart(cos(div(cos(sin(X8)), sin(sub(X1, X5)))))), sqrt(mul(sub(div(sin(sin(X1)), cos(log(X8))), cos(sin(square(div(cos(X1), sin(sub(X1, X5))))))), sin(X3))))), X5)))))))), sub(X1, square(sqrt(X8))))))))), mul(div(mul(sin(log(sqrt(X3))), sqrt(square(log(div(X5, sin(sub(X1, X5))))))), sub(div(square(sub(X8, X7)), exp(X3)), square(add(exp(X6), X8)))), div(sin(X2), sqrt(mul(div(X5, X1), sin(X8))))))"
556_analcatdata_apnea2,MRGPRegressor,ok,3.0,0.1616437197466731,3029.3690047569817,389.0,129.0,3104.3,,"div(sub(sub(sin(div(quart(div(div(X3, sub(X1, X2)), log(log(sin(cube(cube(X3))))))), div(quart(X2), log(div(log(log(sin(X3))), X1))))), X1), div(quart(div(X3, log(log(sin(cube(sub(X2, sin(X1)))))))), sin(X3))), cube(log(quart(sin(log(log(div(div(sin(X1), sub(X1, X2)), log(log(sin(cube(sub(X2, div(sub(sub(sin(div(quart(div(div(X3, sub(X1, X2)), log(log(sin(cube(cube(X3))))))), div(quart(sub(sin(X1), X2)), log(div(log(log(sin(cube(sub(X2, sin(X1)))))), X3))))), X1), div(quart(div(div(sin(sin(X1)), sub(X1, X2)), log(log(sin(cube(sub(X2, sin(X1)))))))), sin(X3))), cube(log(quart(sin(cube(sin(cube(log(sub(X1, X2)))))))))))))))))))))))"
529_pollen,MRGPRegressor,ok,4.0,-1.436616133557996,5.836747363364676,443.0,147.0,3265.9,,"add(mul(mul(div(X2, X4), div(mul(add(X2, X2), quart(X2)), square(mul(quart(X1), X4)))), sqrt(sin(add(sub(log(log(X1)), mul(mul(div(cos(div(square(log(X3)), log(exp(X2)))), sin(sqrt(sqrt(log(square(sqrt(quart(X2)))))))), cos(cube(div(sqrt(exp(sin(sqrt(X4)))), square(cube(add(add(mul(mul(div(X3, X4), sin(sub(cos(div(div(cube(cos(X2)), quart(sin(X3))), div(square(cube(div(cube(X3), add(cos(X1), quart(X4))))), add(cos(X1), quart(X4))))), div(X1, log(sin(log(cube(X4)))))))), sqrt(X1)), sub(add(cos(mul(div(cos(div(square(log(X3)), sin(X3))), sin(sqrt(sqrt(quart(square(X2)))))), cos(cube(sub(log(log(X1)), mul(exp(X4), cube(X4))))))), sqrt(X4)), sin(div(X3, X4)))), mul(X3, cos(X1))))))))), X1)), log(log(X4)))))), cube(log(sin(log(sub(X1, X2))))))"
547_no2,MRGPRegressor,ok,7.0,-1.6657335744993405,1.032376612574035,437.0,145.0,3339.2,,"div(exp(sin(sqrt(mul(cos(X2), quart(cube(X7)))))), sub(square(mul(mul(add(div(mul(exp(square(sin(mul(X2, quart(X1))))), div(log(cube(cube(X1))), sqrt(sqrt(X7)))), sub(sqrt(cos(cos(X2))), X4)), sin(quart(X4))), log(square(log(X7)))), log(div(cos(sqrt(div(X4, mul(X6, X4)))), div(quart(square(X1)), cos(quart(X5))))))), add(sub(log(add(cos(cube(cube(X7))), mul(mul(log(X2), add(sin(X3), log(sin(mul(X1, X3))))), mul(div(sub(X2, X1), X6), sin(X3))))), mul(mul(add(div(sqrt(X4), quart(X4)), sin(quart(mul(exp(square(sin(mul(X2, quart(X6))))), div(log(cube(cube(X1))), sqrt(sqrt(cube(X3)))))))), log(square(log(log(sin(mul(X1, X3))))))), log(quart(cube(add(cube(X1), log(sin(mul(X1, X3))))))))), div(mul(cos(X7), sub(X1, X1)), cube(cube(X5))))))"
522_pm10,MRGPRegressor,timeout,,,,,,,wall clock > 3900s,
557_analcatdata_apnea1,MRGPRegressor,ok,3.0,-1.3793459300614672,4929.093496234415,431.0,143.0,3014.1,,"div(add(div(div(sin(X2), sub(sin(X1), X2)), sqrt(mul(quart(X3), X1))), X3), div(quart(sqrt(div(quart(quart(X3)), div(mul(sin(div(sin(X1), sub(sin(X2), X2))), square(log(X1))), div(sub(quart(div(div(sin(sin(square(exp(X1)))), sub(X1, X2)), log(log(X2)))), cos(X1)), log(sin(exp(sin(square(X3)))))))))), div(div(add(div(div(X2, sub(sin(X1), X2)), sqrt(mul(X1, cos(X2)))), X3), div(quart(sqrt(div(quart(quart(X3)), div(mul(sin(div(sin(X1), sub(sin(X1), X2))), square(log(X1))), div(sub(quart(div(div(sin(sin(square(exp(X1)))), sub(X1, X2)), log(log(X2)))), cos(X1)), log(sin(exp(sin(square(X3)))))))))), div(sub(quart(div(X1, log(log(X2)))), sin(X1)), log(sin(exp(sin(X3))))))), log(sin(exp(sin(sub(sin(X1), X2))))))))"
561_cpu,MRGPRegressor,error,,,,,,,ValueError: Input contains NaN.,
562_cpu_small,MRGPRegressor,ok,12.0,0.789890209928642,8.596622386833026,452.0,150.0,3122.3,,"div(sub(log(add(mul(quart(sin(quart(X12))), mul(cos(X5), sin(div(X12, cos(sqrt(square(X12))))))), mul(sin(exp(X3)), cos(quart(X7))))), sub(exp(sin(square(X4))), div(sin(sub(div(cos(div(sqrt(cos(div(sin(X9), sub(X7, cos(X8))))), cos(sqrt(square(X3))))), div(mul(X3, X7), quart(div(mul(X3, X7), quart(add(X8, X11)))))), sub(log(add(mul(quart(sin(X9)), mul(cos(X5), mul(div(X9, quart(add(X8, X11))), mul(X8, X4)))), mul(sin(exp(X3)), cos(div(X7, div(mul(X3, X3), quart(cube(X12)))))))), sub(sin(sin(X6)), div(X3, sub(mul(sin(X4), div(cos(X8), log(X11))), cos(X3))))))), sub(mul(mul(cos(X5), mul(cos(X5), sub(div(sqrt(cos(cube(X12))), X1), div(mul(X9, mul(X8, X4)), quart(exp(log(X2))))))), div(cos(X8), log(cube(quart(X6))))), cos(square(X3)))))), X10)"
564_fried,MRGPRegressor,ok,10.0,0.2417965928327842,4.0021300790326215,425.0,141.0,3091.5,,"div(sub(div(X6, div(cos(square(X4)), sqrt(mul(mul(div(add(X8, mul(sub(cos(cos(X3)), quart(X1)), X2)), cube(sin(mul(cube(log(mul(add(cube(exp(X1)), X4), square(X3)))), sqrt(div(quart(mul(X1, sqrt(div(square(mul(X2, X8)), cos(div(mul(X2, cos(X6)), X5)))))), cos(div(X10, X5)))))))), square(div(log(X5), sqrt(X2)))), add(sqrt(div(square(mul(X2, X8)), cos(div(mul(X2, square(X2)), X5)))), mul(sub(exp(X3), quart(X1)), X2)))))), cos(sqrt(X2))), div(mul(mul(X1, square(X2)), div(exp(cube(X3)), cube(sin(mul(cube(log(X4)), sqrt(div(quart(mul(cube(log(mul(sqrt(X2), square(X3)))), sqrt(div(square(X8), cos(div(mul(X2, cos(X1)), X5)))))), cos(sqrt(X2))))))))), div(sub(div(X6, mul(log(X2), square(X1))), cos(X3)), sqrt(X2))))"
573_cpu_act,MRGPRegressor,ok,21.0,0.4746888258783772,13.592928281786762,416.0,138.0,3073.2,,"div(div(log(add(exp(log(X3)), add(X16, X15))), mul(sin(X17), div(div(log(add(X4, add(X16, X15))), mul(quart(X21), quart(X10))), mul(X2, div(div(div(log(add(mul(X18, quart(cos(square(X12)))), add(mul(X11, X6), X15))), mul(sin(X3), X5)), mul(sin(quart(quart(X21))), div(cube(X7), cos(mul(sin(X6), sin(X11)))))), mul(sin(quart(quart(X21))), X7)))))), mul(cos(mul(sin(mul(mul(sin(X14), cos(X1)), div(div(X17, mul(sin(quart(mul(X20, square(X8)))), X12)), mul(cos(mul(sin(X7), sin(X11))), div(X17, exp(log(X3))))))), sin(X3))), div(X6, exp(log(div(mul(sin(div(X18, div(div(mul(X1, X20), mul(sin(quart(X21)), X8)), X7))), quart(cos(add(mul(add(X13, X9), sin(X7)), square(cos(X1)))))), sub(X17, X12)))))))"
574_house_16H,MRGPRegressor,error,,,,,,,ValueError: Input contains NaN.,
579_fri_c0_250_5,MRGPRegressor,ok,5.0,0.654870578569323,0.5073325846057551,440.0,146.0,3086.2,,"div(sub(add(cos(div(sub(X1, X4), X2)), cube(cos(mul(cube(exp(mul(X1, X2))), div(cos(X2), sqrt(X3)))))), exp(cos(X3))), sin(cos(sub(log(div(X3, cube(sin(quart(X2))))), mul(log(mul(X1, mul(mul(X3, X5), sub(cube(X5), X5)))), sub(sin(cos(X5)), cos(add(log(div(div(add(cos(cube(X5)), X2), sqrt(cube(log(X4)))), cube(sin(quart(mul(add(mul(sqrt(quart(X3)), exp(sub(X5, mul(X4, sub(sin(cos(X1)), cos(add(log(div(X3, cube(sin(quart(X2))))), quart(cos(mul(X1, X2)))))))))), cos(add(mul(div(quart(X2), log(X5)), sin(X5)), cube(add(X1, X2))))), exp(mul(sub(X1, exp(X1)), log(cube(sub(X3, X4))))))))))), quart(add(mul(sqrt(quart(X3)), exp(log(X1))), cos(add(mul(div(quart(X2), log(X4)), sin(exp(X1))), cube(add(X1, X2))))))))))))))"
581_fri_c3_500_25,MRGPRegressor,ok,25.0,0.4359500918467015,0.6991271906947809,446.0,148.0,3193.3,,"mul(add(sqrt(mul(cos(sin(X15)), div(sqrt(sqrt(div(X4, cube(cos(sin(add(cube(sin(X2)), X1))))))), cos(X3)))), mul(div(cos(cos(mul(exp(cos(square(sin(mul(div(cos(cos(mul(exp(cos(square(X2))), cos(log(sub(sub(exp(X2), cube(X17)), mul(X4, div(X5, quart(mul(cos(X22), X1)))))))))), sin(add(X19, X23))), cos(cos(cube(exp(X1))))))))), cos(log(sub(sub(exp(X2), cube(X17)), add(X24, log(mul(X4, div(X5, quart(cos(sin(add(X2, X1)))))))))))))), sin(X3)), cos(cos(cube(X2))))), sub(quart(mul(quart(X5), sin(X1))), quart(add(sub(div(X21, X9), add(div(log(X5), quart(mul(cube(X2), sin(X1)))), quart(mul(sin(X2), mul(exp(cos(square(sin(X5)))), cos(log(sub(sub(exp(X2), cube(X17)), mul(X4, div(X5, quart(mul(cos(cos(sin(X2))), X1)))))))))))), sin(log(X4))))))"
582_fri_c1_500_25,MRGPRegressor,ok,25.0,0.8899380447995402,0.3346103212344757,401.0,133.0,3165.1,,"mul(add(sqrt(mul(X2, div(X4, cos(X3)))), mul(sub(quart(mul(cube(mul(sin(X2), sin(X1))), sin(X1))), mul(add(sqrt(mul(cos(sin(add(cube(X2), X1))), div(sqrt(X5), cos(X3)))), mul(div(X24, X4), add(sqrt(mul(X23, div(sqrt(X5), cos(X3)))), mul(div(cos(cos(quart(cube(log(div(cos(cos(X1)), quart(exp(sin(X1))))))))), mul(div(cube(X4), cos(X16)), div(X23, quart(mul(cube(sin(sin(X2))), sin(X1)))))), cos(cos(cube(X2))))))), sub(log(sin(log(exp(sin(mul(X2, X2)))))), quart(add(sub(sub(exp(X8), exp(X17)), exp(X24)), sin(mul(quart(sin(X1)), div(X4, quart(mul(cube(X22), sin(X1))))))))))), mul(log(cube(X2)), X4))), mul(mul(cube(mul(sin(X2), sin(X1))), sin(sin(X2))), X5))"
583_fri_c1_1000_50,MRGPRegressor,ok,50.0,0.8401294190061225,0.4047155571550598,434.0,144.0,3165.0,,"div(mul(mul(cos(add(square(div(X4, cos(sqrt(X5)))), mul(exp(log(X50)), add(X19, add(X33, add(X38, add(X42, add(div(sub(log(sub(cos(mul(cos(add(square(div(X4, cos(exp(X4)))), mul(exp(mul(exp(X1), quart(cos(cos(X2))))), cos(sqrt(X1))))), log(sub(cube(cos(sqrt(cube(X2)))), sin(X1))))), sub(X42, X20))), cube(div(mul(exp(X1), quart(cos(cos(X2)))), cos(add(square(div(X4, X46)), X5))))), add(log(exp(sin(X17))), div(add(X45, add(quart(cos(cos(X2))), X36)), cos(log(X21))))), add(X44, add(X32, add(cos(cos(X2)), add(X9, add(X4, add(X16, add(square(div(X4, cos(X2))), mul(exp(log(X50)), cos(sqrt(X1)))))))))))))))))), log(sub(cube(mul(cos(X1), X3)), sin(X1)))), quart(mul(exp(mul(exp(X1), quart(cos(cos(X2))))), cos(X3)))), X4)"
584_fri_c4_500_25,MRGPRegressor,ok,25.0,-0.0431091542723411,0.927904179406412,434.0,144.0,3160.6,,"mul(add(sqrt(mul(cos(sin(X14)), div(sqrt(X5), cos(X3)))), mul(sin(X1), cos(cos(quart(add(sub(div(X14, X9), exp(X24)), mul(X6, div(log(exp(square(X2))), quart(mul(sin(quart(mul(sin(X2), sin(mul(sin(X2), sin(X1)))))), sin(X1))))))))))), sub(mul(mul(sub(mul(log(sin(cube(cos(sin(X2))))), log(add(X4, add(X4, X11)))), div(sqrt(X17), div(mul(quart(X5), X7), log(sub(quart(mul(cube(X2), quart(mul(sin(X2), sin(X1))))), X16))))), div(mul(square(sin(X1)), X2), cos(X3))), div(sin(div(X24, X4)), quart(mul(sin(X2), sin(X1))))), quart(add(sub(sub(sub(X14, X2), exp(log(cube(X1)))), exp(X24)), add(sqrt(mul(cos(sin(mul(cube(X2), sin(X1)))), div(sqrt(X5), cos(X3)))), mul(div(cos(cos(X1)), sin(X2)), cos(cos(cube(sin(X2))))))))))"
588_fri_c4_1000_100,MRGPRegressor,ok,100.0,0.9235712447564048,0.2631087019212935,413.0,137.0,3204.9,,"div(mul(X3, mul(sub(sin(square(sin(mul(cube(sub(sin(square(sin(exp(X1)))), X4)), sqrt(sin(sin(X2))))))), X4), X5)), mul(cos(cube(add(square(mul(div(log(div(quart(X4), sin(X2))), add(mul(add(add(sin(sin(mul(sin(X2), sqrt(X1)))), sin(square(cos(cube(add(square(X5), quart(X54))))))), square(sin(sqrt(sin(X94))))), square(mul(add(mul(sqrt(X100), exp(sqrt(sin(exp(X1))))), log(sub(X100, X37))), sin(mul(exp(X32), sub(X87, X24)))))), mul(cos(exp(X1)), quart(div(cube(sin(X2)), sin(X2)))))), sin(mul(X3, mul(square(mul(sqrt(exp(X1)), sin(X2))), sqrt(sin(exp(X2)))))))), quart(X54)))), mul(exp(mul(sin(sqrt(exp(X1))), sqrt(sin(mul(mul(cos(exp(X1)), quart(div(X2, sin(X2)))), sqrt(sin(exp(X2)))))))), sqrt(log(X3)))))"
586_fri_c3_1000_25,MRGPRegressor,ok,25.0,0.0828459849542042,0.962092867234056,395.0,131.0,3782.1,,"mul(add(square(sub(sub(X18, X21), mul(quart(cos(X8)), div(log(exp(square(X2))), quart(mul(cube(X2), sin(X1))))))), mul(div(cos(cos(X16)), sin(add(X5, X23))), cos(cos(cube(X2))))), sub(log(sin(log(sin(sin(div(cube(div(add(div(cube(sin(X2)), X20), mul(X4, X7)), sub(sqrt(square(cos(sin(X5)))), log(cos(mul(X2, mul(quart(cos(X4)), div(quart(cos(quart(X4))), quart(mul(mul(cube(X2), sin(X1)), sin(X1))))))))))), sub(cos(div(mul(X1, X22), sin(X9))), log(mul(cube(X1), exp(X7)))))))))), quart(add(sub(sub(sub(add(sqrt(mul(cos(sin(X8)), div(sqrt(X5), cos(X3)))), mul(div(cos(sin(X1)), sin(X2)), cos(cos(cube(X2))))), X2), mul(X17, X22)), X2), sin(div(X24, X4))))))"
589_fri_c2_1000_25,MRGPRegressor,ok,25.0,0.2101097042150232,0.9639119958934343,443.0,147.0,3271.3,,"mul(add(sqrt(mul(cos(sin(X8)), div(mul(sin(X5), div(square(add(X3, X3)), quart(mul(cube(sin(div(X6, sin(add(X5, mul(div(cos(X4), sin(add(X5, X23))), cos(cos(mul(X2, square(sin(X1))))))))))), sin(X1))))), cos(X3)))), mul(div(mul(add(sqrt(mul(cos(X4), div(sqrt(X5), cos(X3)))), mul(div(sqrt(X1), div(square(add(X4, X3)), quart(mul(cube(sin(X2)), sin(X1))))), cos(cos(cube(X2))))), sub(log(mul(X2, square(sin(X1)))), cos(X5))), sin(X2)), cos(cos(mul(sqrt(X5), div(X4, cos(X2))))))), add(quart(X13), mul(div(sqrt(X1), div(square(add(X3, X3)), quart(mul(cube(sin(X2)), log(div(X9, log(div(quart(X2), sin(sqrt(mul(X2, div(X5, cos(X3))))))))))))), cos(add(sqrt(mul(sin(X2), div(sqrt(X5), cos(cos(X3))))), mul(sin(X1), cos(cos(X2))))))))"
590_fri_c0_1000_50,MRGPRegressor,ok,50.0,0.7475969300629925,0.46632265434249,440.0,146.0,3122.1,,"div(add(cos(exp(log(sub(X18, cos(mul(exp(X18), sub(X5, div(sub(X29, square(X2)), X5)))))))), X1), add(mul(exp(X2), square(div(add(X2, mul(div(add(X2, mul(X43, X1)), exp(quart(X1))), X1)), exp(quart(sin(log(div(add(cos(exp(log(sub(mul(X1, square(X2)), cos(mul(exp(cos(mul(exp(X1), cos(X2)))), sub(X5, X13))))))), exp(X3)), add(X3, div(div(sin(cube(X15)), div(sin(mul(div(X5, cos(cos(exp(log(sub(X18, cos(mul(exp(X1), sub(X5, div(sub(X29, square(X2)), X5)))))))))), mul(quart(quart(X3)), div(cos(X2), X4)))), exp(X22))), cos(X2))))))))))), div(div(sin(cube(mul(sin(cube(mul(sin(sqrt(X36)), mul(X1, X42)))), mul(X1, square(X2))))), div(sin(cos(X3)), exp(X17))), cos(cube(square(sqrt(sub(square(quart(X2)), exp(add(exp(X3), X4))))))))))"
591_fri_c1_100_10,MRGPRegressor,ok,10.0,0.3350825897567672,0.7621362619914036,215.0,71.0,3071.9,,"mul(mul(sub(sub(mul(mul(X4, quart(square(X1))), X2), quart(add(quart(X7), quart(sub(X4, X5))))), mul(sin(exp(X1)), mul(square(X9), sin(X2)))), mul(mul(add(div(sin(add(cube(X2), square(X1))), cube(cube(X3))), mul(mul(cube(sin(sin(X2))), square(X2)), div(exp(X10), cube(sin(X1))))), sin(exp(X8))), log(square(log(sin(add(X2, X1))))))), log(quart(cube(sin(cos(X3))))))"
592_fri_c4_1000_25,MRGPRegressor,ok,25.0,0.6300497283092513,0.5173739215338007,419.0,139.0,3184.9,,"div(sqrt(mul(sin(div(cube(div(add(div(add(exp(X5), cube(cos(mul(log(div(cos(cos(quart(div(cos(cube(mul(quart(quart(X3)), div(log(exp(X3)), quart(mul(cube(X2), sin(X1))))))), sqrt(sub(square(sin(X2)), exp(add(X13, X4)))))))), quart(exp(sin(X1))))), log(log(cos(X2))))))), X20), mul(X4, div(log(exp(square(X2))), quart(mul(cube(cos(cube(mul(quart(quart(sin(mul(quart(add(mul(X18, X2), X5)), div(log(exp(square(X2))), quart(mul(exp(square(sin(sin(X2)))), sin(X1)))))))), div(log(exp(X4)), X1))))), sin(X1)))))), exp(square(sin(mul(X2, square(sin(X1)))))))), sub(cos(div(mul(X1, X11), sin(X9))), log(X8)))), mul(exp(mul(X3, X12)), exp(quart(X11))))), square(sub(sin(quart(exp(X12))), sub(sin(mul(X1, X5)), cube(cube(X2))))))"
593_fri_c1_1000_10,MRGPRegressor,ok,10.0,0.94298858294485,0.2147993064975849,389.0,129.0,3059.0,,"sub(cos(mul(sub(exp(div(sub(X10, div(log(exp(X3)), sqrt(X7))), exp(X2))), sqrt(mul(mul(div(add(square(X6), add(sub(mul(mul(X2, cos(exp(sin(cos(exp(sin(add(X2, X1)))))))), exp(sin(X2))), quart(X10)), X2)), cube(sin(mul(mul(cube(sin(X1)), cube(X2)), X4)))), square(div(log(X5), sqrt(X2)))), add(cos(exp(log(X1))), X4)))), sub(add(square(X6), add(div(X10, exp(mul(sin(square(mul(sin(sin(X2)), sub(X4, sin(X2))))), sub(exp(sin(add(X2, X1))), sin(X2))))), X2)), cos(add(div(X5, exp(sin(add(X2, X1)))), cos(X4)))))), div(quart(quart(exp(add(sqrt(cos(sub(sin(add(X2, X1)), sqrt(X3)))), X5)))), div(quart(sqrt(square(X1))), square(sub(X4, sin(X2))))))"
594_fri_c2_100_5,MRGPRegressor,ok,5.0,0.1522763341811174,1.0260598419097169,227.0,75.0,3006.5,,"mul(add(mul(sin(sub(div(square(log(sub(sin(add(X2, X1)), square(X2)))), cube(square(log(sin(X1))))), div(mul(log(sub(mul(X1, X3), X5)), cos(square(X1))), sin(div(square(X4), add(cos(X3), log(X3))))))), exp(log(X1))), cos(log(sin(square(add(square(mul(X1, sin(add(X2, mul(sin(X2), exp(sin(X1))))))), mul(X4, sin(X2)))))))), exp(mul(add(square(mul(X1, X2)), X3), log(sin(X2)))))"
595_fri_c0_1000_10,MRGPRegressor,ok,10.0,0.7689607393864573,0.5052583567108573,446.0,148.0,3138.9,,"add(div(mul(X2, cos(div(sin(mul(div(mul(square(X2), mul(cube(log(mul(div(mul(X2, X10), X2), square(X3)))), sqrt(div(div(mul(div(X4, mul(cube(cube(sqrt(X2))), X5)), cos(X3)), div(X5, div(X4, X1))), cos(div(X10, X5)))))), div(log(mul(sqrt(div(mul(X2, cos(div(sin(mul(X2, cos(X1))), X1))), div(X10, div(X4, mul(cube(div(X4, mul(cube(cube(sqrt(X2))), sqrt(square(X3))))), sqrt(div(square(mul(X2, exp(X1))), cos(div(X4, X5))))))))), sub(exp(X1), X5))), div(X4, X7))), cos(X1))), div(X5, X9)))), div(X5, div(X4, mul(cube(cube(log(div(div(mul(X2, cos(X1)), X4), div(div(X5, X4), mul(X2, cos(X1))))))), sqrt(div(square(mul(X2, mul(cube(log(mul(cos(X4), square(square(mul(exp(log(X2)), X1)))))), X9))), cos(div(X1, X5)))))))), square(X3))"
596_fri_c2_250_5,MRGPRegressor,ok,5.0,0.4775786206942225,0.7605140308168186,449.0,149.0,3165.2,,"sub(cos(mul(sub(square(exp(X2)), sub(cos(mul(sin(X5), mul(mul(quart(cube(mul(sqrt(X1), X2))), log(cube(X2))), div(sin(X1), sin(X3))))), div(quart(quart(exp(sub(X3, X5)))), div(quart(add(square(X3), cube(X3))), square(sub(X3, exp(X4))))))), mul(cos(div(log(cos(sub(mul(quart(cube(sin(exp(mul(sqrt(X1), X2))))), square(X4)), sub(log(add(cos(X2), cube(X5))), mul(log(log(X3)), mul(cube(sqrt(exp(X1))), sin(X1))))))), add(square(X3), cube(X3)))), sqrt(mul(div(sin(X5), log(cube(sin(exp(mul(X5, X2)))))), cube(cos(X4))))))), div(quart(quart(cos(mul(sub(square(exp(X2)), cube(cube(X1))), mul(cos(div(log(cos(X1)), add(square(X3), cube(X3)))), sqrt(mul(div(sin(X5), log(X4)), X1))))))), div(quart(cube(X1)), square(sub(square(sin(add(X2, X1))), exp(mul(cos(X2), X3)))))))"
597_fri_c2_500_5,MRGPRegressor,ok,5.0,0.865235695422828,0.3728240971942011,440.0,146.0,3021.4,,"sub(mul(quart(mul(mul(sub(log(add(quart(mul(mul(sub(log(add(sqrt(mul(sin(exp(X2)), sin(X1))), X1)), mul(log(log(X3)), X1)), mul(mul(add(div(X3, X4), quart(X5)), sin(quart(add(X2, X1)))), log(square(log(cos(X4)))))), log(quart(cube(sin(cos(X1))))))), cube(X5))), mul(log(exp(X1)), mul(div(X2, X5), X2))), mul(mul(add(div(X3, X1), quart(cos(add(X2, X1)))), sin(quart(X1))), div(sqrt(mul(X5, log(square(X2)))), div(quart(sqrt(square(square(sin(add(X2, X1)))))), square(sub(cos(div(log(cos(X1)), add(square(X3), cube(X1)))), exp(add(mul(sin(add(X2, X1)), exp(sin(X2))), cos(X3))))))))), log(quart(cube(sin(cos(X2))))))), log(cube(X2))), mul(cos(div(log(cos(X1)), add(square(X3), cube(X2)))), sqrt(mul(div(sin(X5), exp(X2)), cube(cos(X4))))))"
598_fri_c0_1000_25,MRGPRegressor,ok,25.0,0.8993453391304396,0.3525253430069907,446.0,148.0,3016.7,,"mul(add(sqrt(mul(cos(sin(mul(cos(sin(X8)), div(sqrt(X3), cos(mul(exp(X1), square(X2))))))), div(add(X3, mul(div(cos(exp(mul(cos(X15), mul(X9, X2)))), sin(add(div(sqrt(X5), cos(X20)), sin(quart(log(X9)))))), cos(cos(X23)))), cos(X18)))), mul(div(cos(cos(X16)), mul(sin(mul(cube(sin(mul(exp(X1), square(X2)))), square(X2))), div(sqrt(X5), cos(X3)))), cos(cos(mul(log(div(X4, X24)), div(mul(X1, cos(mul(mul(cube(X2), sub(sqrt(X23), square(X1))), X2))), X2)))))), sub(log(sin(log(sin(cube(X5))))), quart(add(sub(div(mul(exp(X20), X14), X9), mul(exp(cube(sqrt(X1))), square(X2))), mul(cube(sqrt(X1)), sqrt(mul(cos(sin(X4)), mul(div(quart(X8), sin(add(sin(add(X5, sin(quart(log(X15))))), X23))), cos(cos(cube(div(square(mul(cube(X1), X2)), X2))))))))))))"
599_fri_c2_1000_5,MRGPRegressor,ok,5.0,0.8256110454478919,0.4421213093550928,440.0,146.0,3104.4,,"mul(sub(div(square(log(sub(add(X5, X1), square(add(X2, X1))))), cube(square(log(sin(X1))))), div(sub(div(log(sub(sub(add(X4, X5), exp(X1)), square(X2))), mul(quart(sub(cos(X3), exp(add(sin(X1), X1)))), mul(X2, sin(add(X2, X1))))), div(X1, sin(div(square(cube(X2)), add(sin(X2), log(X3)))))), sin(div(square(cube(X1)), add(cos(square(X2)), square(X1)))))), mul(add(mul(sqrt(quart(X3)), exp(log(X1))), cos(log(mul(X2, sub(mul(exp(sqrt(cube(X2))), mul(square(mul(X5, X2)), square(exp(sin(add(X2, X1)))))), mul(div(cube(log(log(X2))), exp(sub(square(X3), quart(X2)))), mul(add(X4, X5), mul(X2, sin(add(log(sub(mul(X2, X1), div(X3, X4))), X1)))))))))), exp(mul(sub(add(X4, X5), exp(X1)), sqrt(square(sin(mul(X2, sin(add(X2, X1))))))))))"
601_fri_c1_250_5,MRGPRegressor,ok,5.0,0.705270669900788,0.5562824207760169,440.0,146.0,3072.1,,"sub(cos(mul(div(quart(quart(exp(sub(sin(X2), exp(mul(square(sin(X5)), X1)))))), div(quart(sqrt(X1)), square(square(sub(sub(div(X4, sqrt(mul(add(mul(exp(sub(sin(X2), exp(mul(square(sin(X2)), log(exp(sub(X4, exp(mul(square(X1), X1))))))))), sqrt(exp(X1))), cos(X3)), div(quart(quart(mul(square(sqrt(X2)), X1))), div(quart(sqrt(square(sub(X2, mul(exp(X4), X4))))), square(sub(sub(exp(mul(square(sin(X1)), X1)), X5), div(quart(quart(mul(square(sqrt(X2)), cos(exp(X1))))), div(X2, square(sub(sub(mul(sub(X4, X2), log(sin(X2))), sub(sub(X2, X5), cube(X2))), exp(X4)))))))))))), X5), exp(X4)))))), sub(sin(X2), cos(sin(X2))))), div(quart(quart(exp(sub(sin(X2), exp(mul(square(sin(X2)), X1)))))), div(quart(sqrt(square(X1))), square(sub(sub(X2, X5), exp(square(X4)))))))"
602_fri_c3_250_10,MRGPRegressor,ok,10.0,0.843857912039254,0.4506625584779726,422.0,140.0,3272.1,,"mul(add(mul(mul(sub(log(sin(div(div(log(X3), sqrt(mul(X4, X1))), mul(mul(cube(X2), sub(cos(exp(sin(X6))), X2)), cos(X4))))), mul(log(div(div(log(X3), sqrt(X2)), mul(mul(cube(X2), sub(cos(exp(sin(X1))), X2)), cos(X2)))), mul(cos(add(X7, X4)), sin(sub(exp(X3), div(sin(cos(div(square(add(quart(exp(quart(exp(log(cube(sin(X2))))))), square(cos(X4)))), quart(cube(X2))))), X4)))))), mul(mul(mul(X10, X9), sin(log(X8))), X2)), log(quart(cube(cos(cube(sin(add(X5, X1)))))))), exp(X5)), log(div(mul(X4, X2), cos(exp(sin(exp(mul(mul(sub(log(add(cos(X5), cube(add(X2, X1)))), mul(log(log(X4)), mul(cos(X3), sin(X2)))), mul(X1, sqrt(cube(sin(add(X2, X1)))))), log(quart(add(X2, cube(X10))))))))))))"
603_fri_c0_250_50,MRGPRegressor,ok,50.0,0.4299931409781595,0.6787442838479762,425.0,141.0,3184.9,,"mul(sub(div(mul(div(X4, mul(mul(mul(X12, cos(exp(X28))), X40), X30)), sin(mul(mul(exp(mul(cos(X1), X2)), quart(cos(cos(mul(mul(cube(X35), mul(square(X2), cos(X1))), log(add(X1, div(X5, X30)))))))), X1))), div(div(mul(exp(mul(cos(X1), X2)), quart(quart(cos(X28)))), div(mul(cos(mul(exp(mul(cos(X1), X2)), log(add(X7, div(X5, exp(X4)))))), X2), exp(X3))), mul(X4, X4))), mul(sqrt(div(cos(sin(X6)), mul(X1, add(sub(quart(X2), X5), X48)))), square(div(mul(exp(mul(cos(mul(X17, log(add(X7, div(X5, exp(X4)))))), quart(cos(X28)))), quart(cos(cos(mul(mul(cube(X4), mul(square(X2), X1)), log(add(X1, sin(X2)))))))), X4)))), exp(sin(mul(div(X2, cube(div(mul(X4, div(X17, X34)), log(X5)))), square(X3)))))"
604_fri_c4_500_10,MRGPRegressor,ok,10.0,0.209217232520644,0.9361950209609804,446.0,148.0,3065.6,,"sub(sin(div(sub(sin(cos(mul(sqrt(cube(X2)), cube(exp(sqrt(sin(div(X4, div(add(X5, X1), quart(cube(X2))))))))))), cos(cos(exp(X2)))), exp(mul(sin(square(X7)), sub(exp(cube(sin(add(cube(div(sub(sin(cos(mul(sqrt(cube(X2)), cube(exp(sqrt(sin(div(X4, div(X2, quart(cube(X2))))))))))), cos(X1)), exp(mul(sin(X3), sub(exp(cube(sin(add(cube(sin(add(X2, square(sin(X1))))), X1)))), sin(X2)))))), X1)))), sin(X2)))))), sin(mul(square(sin(mul(X8, X5))), sin(div(sub(sin(sub(mul(mul(add(sin(sub(cos(X3), sin(log(square(sin(sin(add(X2, X1)))))))), X2), quart(X1)), cube(exp(X6))), quart(add(quart(add(X2, X4)), quart(div(sub(square(sqrt(cube(X2))), cos(cos(exp(X1)))), add(sqrt(X5), exp(log(X2))))))))), X10), exp(mul(sin(square(X5)), sub(exp(X3), sin(X7)))))))))"
605_fri_c2_250_25,MRGPRegressor,ok,25.0,0.6253011095614629,0.5970449832756127,413.0,137.0,3087.2,,"mul(add(sqrt(mul(cos(sin(X8)), mul(add(sqrt(mul(sin(square(sqrt(sin(add(X2, X1))))), div(sqrt(sin(cube(X2))), mul(div(log(div(quart(mul(X2, square(sin(X9)))), X20)), add(sqrt(mul(cos(sin(mul(X2, square(sin(X3))))), div(sqrt(X5), cos(X3)))), mul(div(cos(cos(mul(X2, X1))), sin(add(X16, X4))), cos(X24)))), sub(log(mul(cube(X2), sin(X1))), quart(add(sub(mul(cos(sin(X2)), sin(X1)), exp(X24)), sin(div(X2, X5))))))))), mul(div(X18, log(div(quart(mul(X2, square(sin(sin(add(X2, X1)))))), X20))), cos(cos(cube(X2))))), sub(log(sin(log(exp(X1)))), quart(add(sub(div(X14, X9), exp(X24)), sin(div(X24, X4)))))))), mul(div(cos(cos(mul(X2, square(cos(X4))))), cos(X3)), cos(cos(X2)))), square(X4))"
606_fri_c2_1000_10,MRGPRegressor,ok,10.0,0.6082832170189201,0.6801159220958022,428.0,142.0,3114.0,,"sub(mul(mul(add(div(sub(log(exp(sin(X1))), cos(cos(sub(sin(log(log(exp(add(sub(sin(log(log(X4))), cos(cube(X4))), sin(mul(sub(cos(X2), mul(X4, sin(mul(X2, X1)))), mul(X3, X2)))))))), log(X2))))), exp(mul(sin(square(sin(square(X10)))), sub(exp(X6), mul(add(mul(mul(X2, X7), square(X5)), sqrt(add(X4, X1))), add(sub(cos(sin(X2)), sin(sqrt(mul(X4, sin(mul(X2, exp(sin(X1)))))))), sin(div(square(X2), quart(cube(mul(sin(square(X2)), cos(mul(add(div(X4, cube(cos(exp(X1)))), sqrt(cos(X4))), quart(square(X1))))))))))))))), sqrt(mul(mul(exp(add(sub(log(X4), cos(cos(cos(exp(X2))))), X3)), X5), sin(mul(X2, exp(sin(X1))))))), quart(square(X1))), cube(exp(sqrt(cube(X2))))), quart(add(cube(square(X3)), quart(sub(X4, X5)))))"
607_fri_c4_1000_50,MRGPRegressor,ok,50.0,-0.3078254313644779,1.1756828077233268,383.0,127.0,3001.8,,"div(mul(cos(sin(mul(sqrt(cos(sub(sin(X2), add(quart(sub(exp(X5), X48)), mul(mul(add(X50, cos(quart(sin(X2)))), mul(cos(X1), sin(mul(X2, exp(X1))))), sin(X2)))))), quart(X25)))), cube(div(add(add(sin(X8), quart(sin(sqrt(exp(X1))))), div(cos(sin(mul(X2, X17))), mul(quart(mul(X34, X35)), div(quart(X5), sin(X2))))), cos(cube(X5))))), sub(mul(mul(sub(log(X37), cos(X35)), cube(div(X24, X45))), log(div(mul(X18, add(add(quart(quart(square(X29))), quart(sin(square(X26)))), div(cos(sin(mul(X6, X40))), mul(quart(quart(X5)), div(quart(X4), sin(X2)))))), add(X37, X2)))), mul(mul(add(div(X43, X31), quart(X40)), sin(quart(cube(square(X2))))), log(square(log(X37))))))"
608_fri_c3_1000_10,MRGPRegressor,ok,10.0,0.884416322960738,0.3650302364458214,419.0,139.0,3090.7,,"mul(mul(mul(div(exp(cube(X4)), cube(cube(mul(X2, square(X5))))), square(div(cube(X2), sqrt(X2)))), add(mul(mul(X4, square(sin(X1))), cube(X2)), mul(sub(exp(X1), square(X5)), X2))), sub(div(X4, exp(log(X5))), log(div(sin(X5), mul(mul(X2, square(sin(X9))), mul(mul(div(exp(mul(mul(X2, sin(X2)), cube(X2))), cube(cube(mul(X2, square(sin(X1)))))), square(div(cube(X2), sqrt(X2)))), add(mul(mul(X2, square(sin(X1))), cube(X2)), mul(sub(exp(X3), square(X5)), div(exp(square(div(cos(cos(sqrt(add(X1, X2)))), exp(add(cube(sin(X1)), sqrt(exp(cube(sin(X2))))))))), sin(cos(cos(sub(div(sin(X4), mul(X5, sin(mul(X5, mul(exp(exp(add(cube(sin(X1)), sqrt(exp(cube(sin(X2))))))), sqrt(mul(X8, X2))))))), X4)))))))))))))"
609_fri_c0_1000_5,MRGPRegressor,ok,5.0,0.208697744761695,0.8291717814740146,431.0,143.0,3178.3,,"sub(mul(quart(sqrt(mul(div(log(cos(X2)), log(X4)), cube(X1)))), mul(sub(add(X4, X5), exp(sin(add(X2, X1)))), exp(X1))), mul(cos(div(cos(X3), add(div(quart(square(mul(X1, X2))), div(square(cube(square(cos(X1)))), square(sin(exp(X3))))), cube(sqrt(div(div(add(exp(square(X2)), add(sub(log(div(X4, add(sub(log(div(X4, X5)), sub(div(X4, X4), sub(mul(quart(X2), sin(X1)), X5))), add(X1, square(X5))))), sub(div(X4, exp(exp(sin(add(X2, X1))))), sub(sqrt(add(mul(X4, mul(div(sin(X5), log(X4)), X2)), square(X3))), X5))), add(X1, square(X5)))), div(quart(div(div(sin(add(X2, X1)), add(X4, X1)), exp(exp(X2)))), quart(X3))), sqrt(sub(add(X5, exp(X1)), cos(X3))))))))), sqrt(mul(div(sin(X5), quart(X2)), cube(cos(X3))))))"
611_fri_c3_100_5,MRGPRegressor,ok,5.0,-0.9245274449734312,1.1165524552120842,191.0,63.0,3016.8,,"sub(div(add(log(div(quart(sqrt(X5)), cos(mul(log(log(sqrt(X1))), cos(X1))))), sin(add(X2, add(X3, X1)))), cube(square(log(sin(X1))))), div(mul(log(mul(X2, sin(log(X3)))), cos(square(quart(X3)))), sin(div(square(cube(X2)), add(mul(X5, add(mul(cos(cube(X1)), div(exp(X4), log(X2))), sin(add(X2, X1)))), quart(X4))))))"
612_fri_c1_1000_5,MRGPRegressor,ok,5.0,0.9163784323323756,0.3494310230050931,446.0,148.0,3015.2,,"add(sub(mul(cube(sub(mul(sqrt(quart(X3)), sqrt(X1)), quart(X1))), mul(square(mul(mul(add(mul(X4, cos(X5)), cos(sqrt(cos(add(X2, X1))))), exp(sin(add(X2, X1)))), X2)), sin(sqrt(sqrt(X1))))), mul(div(cos(cube(X2)), cube(quart(X1))), X4)), add(div(sub(mul(X5, sqrt(X3)), mul(cube(cos(add(X2, X1))), cos(mul(X2, sqrt(cube(add(sub(mul(cube(sub(mul(sqrt(quart(X3)), sin(X4)), quart(X1))), mul(square(mul(X5, X2)), sin(sqrt(sqrt(X1))))), mul(div(cos(cube(X3)), X5), X4)), add(div(cos(mul(div(div(cos(sin(sin(add(X2, X1)))), cube(div(cos(X2), X1))), cube(cube(add(mul(add(mul(X4, X1), X2), cos(X3)), sub(cube(X2), mul(cube(cos(X1)), cos(X3))))))), X4)), sqrt(X4)), square(sin(sin(add(X2, X1)))))))))))), sqrt(X4)), square(sin(sin(add(X2, X1))))))"
613_fri_c3_250_5,MRGPRegressor,ok,5.0,0.3794231708354341,0.9312896692793208,446.0,148.0,3029.0,,"add(sub(mul(cube(sub(sqrt(X1), quart(X1))), mul(square(mul(X1, add(log(div(sub(X3, cos(mul(X4, X5))), cos(mul(log(X2), cos(X1))))), sin(add(X2, X1))))), mul(div(cos(cube(X2)), cube(div(X3, mul(cube(X1), X2)))), div(cos(sin(add(X2, add(X2, X1)))), X4)))), mul(div(cos(cube(X2)), cube(div(X3, mul(cube(div(square(sin(add(cos(sin(add(X2, X1))), X1))), cube(square(log(sin(X1)))))), cos(div(div(X3, log(sub(X3, X2))), sub(X1, exp(sin(add(X2, X1)))))))))), div(X1, X4))), exp(log(add(mul(cos(div(square(sin(add(X2, X2))), cube(square(log(sin(X1)))))), X3), div(sub(X3, X2), mul(cos(sin(add(X2, add(log(div(sub(mul(exp(mul(X3, X5)), sin(X5)), cos(mul(X4, X5))), cos(mul(log(X2), log(X2))))), sin(add(X2, X1)))))), X4))))))"
615_fri_c4_250_10,MRGPRegressor,ok,10.0,0.0537377215308947,0.9000863695512599,443.0,147.0,3227.4,,"mul(log(div(cube(square(X4)), mul(cos(div(X3, X2)), cos(cos(X3))))), div(div(sub(X6, cube(X5)), sqrt(mul(log(div(cube(square(mul(X2, sin(X7)))), mul(cos(div(sin(X9), cube(square(mul(X2, sin(X1)))))), cos(cos(X3))))), div(div(div(quart(X1), quart(cube(X2))), sqrt(X8)), mul(mul(cube(div(log(log(mul(mul(log(log(X1)), sub(X4, cube(cube(X1)))), X10))), sqrt(quart(X6)))), cos(X2)), cos(sqrt(cos(sin(X1))))))))), mul(mul(cube(X2), mul(mul(sin(add(X1, X5)), quart(log(div(cube(square(square(mul(X2, sin(X1))))), mul(cos(div(X3, log(cos(sin(mul(mul(div(exp(cube(X4)), cube(sin(X1))), square(div(log(X5), sqrt(X2)))), add(cos(exp(log(X9))), mul(sub(exp(X3), square(X5)), cube(log(X1)))))))))), cos(cos(X3))))))), cube(exp(cos(exp(X1)))))), cos(X2))))"
617_fri_c3_500_5,MRGPRegressor,ok,5.0,-0.6383016883181793,1.1049350184530375,419.0,139.0,3271.3,,"sub(div(div(quart(square(sqrt(sin(mul(cos(exp(X1)), X2))))), div(div(sqrt(add(exp(X5), X5)), quart(add(X4, X3))), square(sin(mul(cube(cos(mul(quart(sub(mul(div(X3, X1), quart(X2)), exp(add(X1, X2)))), mul(log(X2), cube(exp(sin(X4))))))), cos(sin(X1))))))), X1), mul(div(cos(cos(cos(sin(log(sin(mul(X1, X2))))))), div(mul(cos(sin(X2)), mul(X4, mul(add(X5, X4), square(sin(div(cos(X1), add(mul(mul(quart(sub(mul(X5, quart(X4)), exp(add(X1, X2)))), mul(log(cos(exp(X2))), cube(exp(sin(X4))))), log(sub(X3, mul(cube(cos(X1)), cos(sin(X2)))))), log(sin(mul(X1, X2)))))))))), square(cube(mul(add(square(mul(X1, X2)), mul(X4, exp(sqrt(cube(X3))))), add(square(sqrt(sin(X2))), cos(exp(X1)))))))), X4))"
616_fri_c4_500_50,MRGPRegressor,ok,50.0,-0.6566775199288628,1.292571894558071,452.0,150.0,3693.8,,"mul(div(div(X50, cube(X5)), cube(cube(X2))), div(mul(sqrt(mul(sub(sin(add(add(X2, add(X4, quart(sin(square(X5))))), square(cos(add(add(quart(quart(X5)), quart(sin(square(sin(X2))))), div(X3, mul(div(mul(cos(sin(mul(X43, quart(X25)))), cube(div(cos(quart(X39)), cos(cube(X5))))), sub(mul(mul(quart(X4), cube(div(X24, div(X31, mul(cube(div(div(sin(X4), cube(X5)), div(cos(sub(sin(exp(sqrt(cube(X2)))), X5)), mul(X3, div(mul(X4, mul(X50, X32)), sin(X2)))))), div(quart(X4), sin(X2))))))), cube(cube(X2))), mul(X25, log(square(div(cube(cos(cube(X5))), cube(X2))))))), div(quart(X4), sin(X2))))))))), mul(sqrt(sqrt(quart(X33))), X28)), exp(sin(X2)))), div(quart(X4), quart(mul(div(cos(sin(cube(sqrt(cube(X2))))), mul(X4, div(quart(X4), sin(X2)))), log(sin(exp(X5))))))), sin(X2)))"
618_fri_c3_1000_50,MRGPRegressor,ok,50.0,0.7750009164985349,0.4966038448202921,353.0,117.0,3362.8,,"div(mul(cos(sin(mul(mul(mul(sin(X4), mul(mul(mul(sqrt(quart(exp(X2))), cube(cube(sin(X1)))), mul(exp(sub(sqrt(quart(exp(X1))), square(sub(div(X2, cos(cube(X5))), cos(cube(sin(X2))))))), X4)), sin(X48))), X15), quart(X25)))), cube(div(cos(quart(X39)), cos(cube(X5))))), sub(mul(mul(sub(log(X37), cos(X35)), sub(quart(cube(X4)), sin(div(sqrt(cube(X1)), div(cos(sin(mul(X6, X17))), mul(quart(mul(X34, X35)), div(quart(X4), mul(exp(mul(cos(X1), sin(X2))), X1)))))))), add(sin(sin(add(X24, X23))), cube(sin(cube(quart(X3)))))), mul(mul(add(div(X43, X31), quart(X40)), sin(quart(X26))), log(square(log(X37))))))"
620_fri_c1_1000_25,MRGPRegressor,ok,25.0,0.2057519303615658,0.8499551570445232,431.0,143.0,3122.7,,"mul(mul(add(sqrt(mul(add(sqrt(mul(exp(X4), div(sqrt(mul(X15, X4)), cos(X3)))), mul(div(cos(cos(X16)), sin(add(X5, mul(X12, div(X1, quart(mul(cube(mul(X1, sin(X2))), sin(X1)))))))), cos(cos(cube(X2))))), div(log(exp(square(X2))), quart(X1)))), mul(mul(log(log(exp(mul(X1, X3)))), sin(X2)), div(sub(X14, X5), sin(div(cos(mul(cos(mul(mul(X5, quart(X4)), div(log(div(cos(mul(X1, X2)), quart(exp(sin(X2))))), quart(div(cos(X1), cos(mul(X2, sin(X1)))))))), X1)), sin(add(X5, mul(quart(X7), div(X1, quart(mul(cube(X1), sin(mul(mul(exp(mul(log(div(cos(cos(X1)), X1)), sin(X2))), quart(X4)), quart(mul(cos(mul(X2, sin(X1))), X1))))))))))))))), quart(X4)), div(log(exp(mul(X1, X3))), quart(mul(cube(X1), sin(X1)))))"
621_fri_c0_100_10,MRGPRegressor,ok,10.0,0.3809391167410199,0.8072564885092985,218.0,72.0,3013.3,,"mul(log(div(cube(div(sin(X4), X8)), mul(cos(cube(X3)), cos(cos(X4))))), div(div(cos(cos(cos(cube(X6)))), sqrt(log(div(X4, X5)))), mul(log(div(cube(square(X9)), mul(cos(X5), cos(X10)))), div(div(log(quart(div(log(log(X1)), sqrt(sub(square(cos(X3)), X5))))), sqrt(quart(X6))), mul(exp(div(cos(X1), X1)), log(div(mul(cube(X6), sin(add(X2, X1))), quart(X2))))))))"
622_fri_c2_1000_50,MRGPRegressor,ok,50.0,0.8407067484457214,0.4074392775280021,428.0,142.0,3124.5,,"sqrt(add(add(quart(X2), quart(sin(sin(mul(sin(quart(cube(X3))), X1))))), div(div(sqrt(cube(exp(add(sin(X1), exp(add(sin(X1), sin(X2))))))), sin(div(sqrt(div(quart(X4), sin(X2))), cube(add(X26, add(X44, add(X5, add(cos(sub(sin(X2), mul(mul(exp(mul(cos(X1), X2)), quart(cos(sin(cube(X2))))), X6))), add(X18, add(X14, add(X39, add(X46, add(X2, add(div(sqrt(cube(X2)), cube(mul(sin(square(X2)), sub(cube(sin(X1)), sin(X47))))), add(X19, add(X33, add(X38, add(X42, add(X31, add(X47, add(X32, add(X23, add(X9, add(X4, add(X16, add(X3, add(X48, add(X13, mul(mul(exp(mul(cos(square(exp(add(sin(X1), sin(X2))))), X2)), quart(cos(exp(X1)))), X6))))))))))))))))))))))))))))), mul(quart(sin(X1)), div(quart(X4), sin(X15))))))"
623_fri_c4_1000_10,MRGPRegressor,ok,10.0,0.5256529486434971,0.5845780279793371,413.0,137.0,3058.1,,"mul(mul(sub(mul(div(exp(X3), cube(div(add(X5, X4), exp(square(sqrt(cube(add(sin(X2), X1)))))))), square(sin(sub(cos(mul(sub(square(exp(X1)), cube(exp(X2))), sub(cos(X5), cos(add(X10, exp(square(sqrt(cube(add(sin(X2), X1)))))))))), div(quart(add(X2, X4)), div(X1, exp(add(cube(X1), cos(X3))))))))), mul(log(mul(mul(div(X10, cube(sin(X1))), square(div(log(X5), sqrt(X2)))), add(cos(X4), mul(sub(exp(X3), X4), cube(add(X4, X10)))))), mul(div(X7, mul(mul(div(exp(cube(X4)), cube(div(add(X5, X4), exp(square(sqrt(cube(add(sin(exp(X3)), X1)))))))), square(sin(X2))), X5)), sin(add(sin(X2), X8))))), mul(div(cos(exp(X1)), sqrt(X9)), log(square(log(X1))))), log(square(sqrt(sub(div(X10, X3), X3)))))"
624_fri_c0_100_5,MRGPRegressor,ok,5.0,-0.1133300386181883,0.9233615809920688,224.0,74.0,3027.5,,"mul(add(mul(sqrt(quart(X3)), exp(exp(sqrt(X1)))), mul(log(mul(div(log(X5), X4), log(X2))), div(square(square(X1)), quart(quart(exp(X2)))))), mul(log(mul(div(log(div(mul(mul(X5, X2), X2), quart(quart(X4)))), log(mul(sin(add(X2, X1)), exp(X1)))), log(mul(div(log(log(X4)), log(X1)), mul(mul(X3, quart(X2)), X2))))), sin(div(cos(quart(X5)), mul(sin(add(X2, X1)), X1)))))"
626_fri_c2_500_50,MRGPRegressor,ok,50.0,0.7721175900937536,0.4761923158122903,419.0,139.0,3099.3,,"sqrt(add(add(add(quart(quart(X3)), quart(sin(X3))), div(cos(add(quart(sin(X2)), quart(sin(X3)))), mul(mul(X1, quart(cos(cos(cos(cos(mul(X1, sin(X2)))))))), log(cube(mul(X1, quart(cos(cos(X2))))))))), div(cos(sin(X5)), mul(quart(mul(add(add(mul(mul(cos(X1), X2), mul(log(div(mul(X4, sqrt(cube(X2))), div(cos(sin(mul(X6, X17))), mul(X5, div(quart(mul(add(add(mul(mul(cos(X1), X2), mul(log(div(X20, div(cos(sin(mul(X6, X17))), mul(X5, div(quart(cube(X1)), X3))))), log(cube(mul(X1, quart(cos(cos(X2)))))))), X1), mul(X1, X3)), X2)), X3))))), log(cube(mul(X1, quart(cos(X1))))))), quart(sin(quart(cos(cube(mul(exp(X1), quart(cos(cos(X2)))))))))), mul(X4, X3)), exp(X1))), div(quart(X4), exp(X5))))))"
627_fri_c2_500_10,MRGPRegressor,ok,10.0,-0.1500984763700756,1.0346046151652404,446.0,148.0,3247.6,,"sqrt(mul(mul(div(sqrt(cube(X2)), cube(sin(mul(add(sin(X2), log(mul(X4, quart(X3)))), quart(square(X1)))))), mul(mul(sub(log(add(cos(X5), cube(X10))), mul(div(div(log(log(X1)), sqrt(quart(X4))), mul(mul(mul(add(X7, log(X1)), quart(square(X1))), cube(exp(sqrt(cube(X2))))), X2)), mul(div(X7, X5), add(div(X5, X6), sub(X9, sin(div(sub(sin(log(log(X4))), cos(cos(exp(X1)))), exp(mul(sin(square(X7)), sub(exp(X9), sin(X7))))))))))), mul(mul(add(div(X3, X1), quart(mul(add(sin(X2), log(X2)), square(X1)))), sin(quart(X6))), log(square(log(X7))))), log(quart(div(sub(sin(log(log(X4))), cos(cos(exp(X2)))), X2))))), add(cos(exp(log(X5))), mul(sub(mul(mul(add(sin(X2), log(X2)), quart(square(X1))), cube(exp(cos(X1)))), square(X5)), cube(add(X4, X10))))))"
628_fri_c3_1000_5,MRGPRegressor,ok,5.0,0.8252507347379759,0.3739563915376487,383.0,127.0,3015.8,,"sub(mul(quart(mul(mul(sub(mul(cos(X2), log(cube(sqrt(exp(add(X2, X1)))))), mul(cos(div(log(cos(X1)), quart(cube(sin(cos(add(X2, X1))))))), sqrt(mul(div(sin(X5), cube(X4)), mul(div(X5, log(X4)), cube(cos(cos(cos(add(X2, X1)))))))))), mul(mul(add(div(X3, X1), quart(X5)), sin(quart(X1))), log(square(log(X2))))), log(quart(cube(sin(cos(add(X2, X1)))))))), log(sqrt(exp(X1)))), mul(cos(div(log(cos(X1)), add(square(X3), cube(X3)))), add(sin(sin(X2)), sin(add(X2, add(mul(cos(exp(X2)), sin(X5)), sin(add(mul(add(mul(sqrt(sin(add(X2, X1))), X3), cos(log(sin(X4)))), exp(mul(sub(add(X4, X5), exp(X1)), log(sin(X2))))), X1))))))))"
631_fri_c1_500_5,MRGPRegressor,ok,5.0,0.0183414961557327,0.929971550841288,449.0,149.0,3244.7,,"sub(div(square(log(sub(add(X5, sin(sin(X2))), square(X2)))), cube(square(log(sin(sub(mul(add(mul(X1, sin(X2)), cos(X4)), exp(mul(sub(sqrt(square(sin(sin(add(X2, cos(X3)))))), exp(X1)), log(cos(sin(X2)))))), mul(add(sqrt(X2), sin(X5)), X4))))))), div(mul(log(sub(mul(X1, X3), div(X3, sqrt(X3)))), cos(add(X2, X1))), sin(div(square(sub(div(square(log(sub(add(X5, X1), square(X1)))), cube(square(log(sin(X2))))), mul(div(div(sqrt(add(mul(mul(sin(X2), sin(X1)), X2), X4)), quart(add(mul(sqrt(square(sin(mul(sin(X1), cos(sin(X2)))))), exp(log(X1))), mul(add(mul(cos(exp(X1)), X4), X4), exp(mul(sub(add(X4, X5), exp(X1)), log(sin(X2)))))))), square(sin(mul(cube(cos(X1)), cos(sin(sin(add(X2, X1)))))))), log(cos(sin(X2)))))), add(cos(X5), X4)))))"
633_fri_c0_500_25,MRGPRegressor,ok,25.0,0.2422605628343315,0.8726663031485221,452.0,150.0,3112.1,,"mul(add(mul(cos(cos(X1)), X2), mul(div(cos(cos(X1)), mul(X4, mul(X5, mul(mul(quart(add(sub(cos(X3), exp(sin(sqrt(mul(X1, X2))))), sin(div(X24, X4)))), X2), quart(X25))))), cos(cos(cube(X2))))), sub(log(square(div(mul(cos(sin(mul(X2, quart(X25)))), cube(div(cos(quart(mul(X9, X4))), mul(cube(mul(mul(quart(X1), X4), X2)), X19)))), sub(mul(mul(sub(log(X4), cos(X10)), cube(div(X5, X20))), log(sub(X21, X22))), mul(mul(add(div(X13, X6), mul(div(cos(add(sub(mul(cube(X4), mul(X5, X5)), mul(mul(X1, X8), quart(X12))), square(div(square(mul(X1, X2)), X1)))), sin(X21)), X2)), sin(quart(X1))), log(square(log(X12)))))))), quart(add(X22, sin(mul(sqrt(div(add(X1, sub(mul(X1, square(mul(cos(cos(X1)), X2))), quart(X1))), cos(X3))), exp(mul(cube(X4), X16))))))))"
634_fri_c2_100_10,MRGPRegressor,ok,10.0,0.7476475861052791,0.5362056605681593,221.0,73.0,3009.9,,"mul(mul(sub(log(add(cos(X5), cube(X10))), mul(log(log(X8)), mul(mul(sub(sub(sub(sin(div(X6, sin(div(sub(sin(log(log(X4))), X4), exp(mul(cube(sin(X1)), X8)))))), sin(log(X2))), X3), X1), sub(add(square(X4), sin(X1)), X2)), sin(X2)))), mul(mul(add(div(X8, log(cos(exp(X1)))), quart(X10)), sin(quart(X6))), log(square(log(X7))))), log(quart(cube(sin(cos(X2))))))"
635_fri_c0_250_10,MRGPRegressor,ok,10.0,0.1665339721616491,0.9149023159199982,428.0,142.0,3194.6,,"mul(log(div(sub(exp(X1), X5), mul(cos(div(cos(X1), X2)), cos(cos(X3))))), div(div(log(div(X5, X4)), sqrt(mul(cube(log(mul(X2, square(X3)))), sqrt(div(square(mul(X2, mul(X1, X2))), cos(div(X10, X5))))))), mul(mul(cube(X2), mul(log(div(cube(square(exp(X5))), mul(X9, cos(square(mul(log(add(exp(X4), cos(X3))), div(div(add(X4, X2), sqrt(quart(X4))), mul(mul(quart(mul(mul(cube(X2), quart(mul(X1, X4))), cos(div(cube(square(exp(X5))), mul(mul(add(sin(X10), log(X8)), quart(square(X1))), cube(exp(X3))))))), sub(X7, X2)), X6)))))))), div(div(log(mul(square(square(X1)), mul(sqrt(X1), X2))), sqrt(quart(X4))), mul(X3, cos(mul(mul(X9, sub(exp(X1), X5)), sub(exp(X1), X8))))))), cos(mul(quart(X4), sub(exp(X1), X5))))))"
637_fri_c1_500_50,MRGPRegressor,ok,50.0,0.5685523429496985,0.6338621371521244,380.0,126.0,3212.7,,"sqrt(add(sqrt(add(add(quart(X3), quart(sin(square(X26)))), div(cos(sin(mul(X1, X17))), mul(cube(X43), div(quart(X20), div(cos(sin(mul(X6, X17))), mul(log(cube(exp(mul(exp(X1), quart(cos(cos(X2))))))), div(quart(X4), div(quart(div(X5, X2)), sub(X4, X13)))))))))), div(cos(sin(mul(X6, X17))), mul(add(X17, add(div(X4, exp(cos(sin(X1)))), add(X25, add(X28, add(X45, add(X1, X36)))))), div(quart(X4), sin(div(sin(div(mul(exp(mul(cos(X1), sin(X2))), cube(X1)), add(div(cos(sin(mul(sin(exp(X1)), sin(X2)))), mul(log(X16), div(quart(div(X21, X2)), sub(X4, X2)))), X50))), add(cube(add(X21, X4)), quart(add(sin(X1), quart(sin(X2))))))))))))"
641_fri_c1_500_10,MRGPRegressor,ok,10.0,0.8756855959641419,0.3064873789165623,434.0,144.0,3193.7,,"sqrt(mul(mul(mul(mul(exp(mul(X4, X9)), sin(X6)), mul(exp(sin(X1)), X1)), square(X7)), add(cos(mul(sqrt(X5), mul(X5, X5))), mul(sub(exp(X3), cube(mul(mul(sin(X2), X2), mul(X4, sqrt(log(exp(X1))))))), mul(sin(mul(sqrt(mul(mul(div(cube(sin(X1)), cube(sin(cube(X3)))), X1), add(cos(exp(X6)), mul(sub(log(X2), square(X5)), mul(sin(sin(X2)), X4))))), add(cos(cube(sin(add(X2, X1)))), mul(sub(exp(X3), exp(sin(mul(exp(cube(cube(mul(sin(exp(sin(sin(mul(div(cube(sin(X1)), mul(mul(X1, quart(X1)), cube(mul(cube(sqrt(X2)), sin(X1))))), square(exp(X1))))))), mul(sqrt(log(exp(X4))), cube(mul(sin(exp(sin(X1))), sin(add(X2, X1))))))))), sin(X2))))), mul(mul(sin(X2), X2), mul(X2, sqrt(mul(X4, sin(X3))))))))), X4)))))"
643_fri_c2_500_25,MRGPRegressor,ok,25.0,0.8591717488339427,0.3506960626484587,377.0,125.0,3165.0,,"mul(add(sqrt(mul(cos(sin(add(sqrt(mul(log(cube(X2)), div(sqrt(mul(cos(mul(sin(X2), quart(mul(sin(X2), sin(sin(X1)))))), div(sqrt(X5), cos(X3)))), cos(X3)))), mul(div(cos(cos(X16)), sin(quart(sqrt(exp(X1))))), cos(cos(mul(X4, div(log(exp(sin(X1))), quart(mul(cube(X2), mul(cube(X2), sin(X1)))))))))))), div(sqrt(X5), cos(X3)))), mul(div(mul(div(sqrt(quart(mul(cube(X1), sin(X1)))), cos(exp(sin(X2)))), cube(X2)), sin(sin(X2))), cos(cos(cube(mul(X1, square(mul(sin(X1), sin(X2))))))))), sub(log(sin(log(X2))), quart(add(sub(sub(add(mul(X17, cube(X25)), sin(div(X24, X11))), mul(X17, X22)), exp(X1)), sin(div(cube(X9), X4))))))"
644_fri_c4_250_25,MRGPRegressor,ok,25.0,0.4626383077452854,0.6530196321395182,446.0,148.0,3193.6,,"mul(add(sqrt(mul(div(log(sin(X2)), quart(mul(cube(X1), sin(X1)))), div(mul(log(sin(square(X1))), log(add(mul(cos(sin(X8)), div(sqrt(X5), cos(X3))), add(X4, X11)))), cos(X3)))), mul(div(quart(mul(sin(X2), sin(X1))), sin(add(X5, X4))), cos(quart(mul(add(sqrt(mul(div(log(sin(quart(add(mul(X1, sin(log(sin(X2)))), sqrt(div(X4, mul(cube(X1), square(X5)))))))), quart(mul(cube(X1), sin(quart(sin(X2)))))), div(sqrt(log(div(log(mul(add(sqrt(quart(mul(sin(X2), sin(X1)))), mul(div(X1, sin(add(X5, X23))), cos(cos(X8)))), sub(cos(X3), div(sqrt(X4), div(mul(quart(sin(X2)), sin(X1)), X4))))), cube(X2)))), cos(X3)))), mul(div(cos(cos(X16)), sin(add(X5, X4))), cos(cos(cube(X2))))), X7))))), sub(log(sin(log(sin(X25)))), cube(cos(sin(cube(X2))))))"
645_fri_c3_500_50,MRGPRegressor,ok,50.0,0.7284350872485525,0.4651052845481979,392.0,130.0,3093.1,,"div(mul(div(sub(cos(exp(X1)), cos(mul(mul(sub(exp(sqrt(cube(sqrt(cube(log(mul(exp(X1), quart(cos(cos(X2)))))))))), X49), cube(sin(square(X1)))), X18))), quart(X40)), cube(div(cos(quart(X39)), cos(cube(X5))))), sub(mul(mul(sub(exp(sqrt(cube(sqrt(cube(log(mul(exp(X1), quart(cos(cos(X2)))))))))), X49), cube(mul(sqrt(X4), X4))), log(div(sin(mul(mul(mul(exp(mul(cos(X1), square(X2))), quart(cos(cos(X46)))), X15), log(sqrt(sin(div(sub(sin(log(log(X4))), cos(X32)), exp(mul(X3, sub(exp(sqrt(cube(X2))), sqrt(cube(mul(mul(exp(X1), quart(cos(cos(X2)))), mul(X2, square(sin(X4))))))))))))))), X16))), mul(mul(add(cos(X3), X5), sub(exp(X4), cos(cos(exp(X1))))), log(X25))))"
646_fri_c3_500_10,MRGPRegressor,ok,10.0,0.4123313179898208,0.6666809346283635,401.0,133.0,3121.5,,"sub(mul(mul(add(X2, mul(mul(div(exp(cube(X6)), cube(sin(mul(mul(add(X2, mul(mul(div(exp(cube(X4)), cube(quart(sqrt(mul(mul(div(exp(X2), mul(div(X4, cube(sin(X1))), exp(sin(add(exp(X2), sin(sin(X2))))))), square(div(exp(sin(add(X1, X2))), sqrt(X2)))), X3))))), square(X5)), add(X7, square(exp(add(exp(X4), log(X1))))))), quart(cube(mul(X2, X2)))), mul(add(cos(sqrt(sub(exp(sin(add(X1, X2))), quart(square(X3))))), cube(sin(X2))), cube(sin(X1))))))), add(cos(exp(sin(sin(X1)))), log(quart(sqrt(quart(X5)))))), add(X8, square(exp(add(exp(X2), log(X1))))))), quart(sqrt(X3))), div(exp(sin(exp(X7))), cube(sin(X2)))), quart(div(div(square(log(X4)), exp(exp(X6))), add(X1, X2))))"
647_fri_c1_250_10,MRGPRegressor,ok,10.0,0.4474797047248299,0.7418710643015429,446.0,148.0,3223.7,,"sqrt(mul(mul(div(exp(cube(X4)), cube(sin(sin(mul(mul(quart(cube(sqrt(X2))), X4), mul(exp(sin(X1)), sqrt(X2))))))), square(div(X1, sqrt(X2)))), add(cos(mul(mul(add(sin(X2), log(X2)), quart(cube(sin(X1)))), cube(sin(X2)))), mul(sub(exp(div(sin(cos(div(square(X2), quart(cube(sin(X1)))))), sqrt(mul(mul(div(exp(cube(sin(X2))), cube(sin(sin(mul(X1, mul(exp(cube(add(X4, X10))), sqrt(X2))))))), X2), add(cos(X1), mul(sub(exp(X3), square(X5)), cube(add(X4, X10)))))))), mul(mul(quart(X5), X4), mul(exp(sin(cos(X1))), sqrt(cube(sin(X2)))))), cube(sub(exp(sub(sin(log(sub(mul(X5, X1), sin(sin(sin(sin(sin(X1)))))))), exp(cube(X3)))), div(sin(cos(div(square(X2), quart(exp(quart(cube(sin(X1)))))))), mul(div(cos(X1), sub(X1, X4)), exp(exp(cos(X7)))))))))))"
648_fri_c1_250_50,MRGPRegressor,ok,50.0,0.8079699729342911,0.4386366493799811,428.0,142.0,3154.1,,"mul(cos(add(square(div(quart(log(div(sin(quart(square(X3))), sin(sqrt(sub(square(X1), exp(sin(X2)))))))), cos(div(div(log(mul(X4, cube(X2))), X5), exp(mul(sin(X19), sub(exp(sqrt(cube(X2))), sin(X47)))))))), mul(div(X2, cos(exp(cos(div(X4, cube(add(cube(square(X5)), cos(cos(sub(sin(X2), cos(X1))))))))))), cos(sub(sin(X2), cos(X1)))))), log(sub(cube(mul(cos(X1), X2)), add(add(square(div(X19, cos(div(sub(X4, cos(cos(exp(X11)))), X5)))), mul(add(square(div(quart(log(div(sin(quart(square(X3))), X4))), cos(div(sub(sin(log(exp(X4))), cos(cos(exp(X11)))), exp(mul(sin(square(X2)), cos(X1))))))), mul(exp(log(X50)), cos(sqrt(sin(sub(sin(add(X2, cos(sin(X47)))), cos(X1))))))), cos(sqrt(X17)))), cos(sin(sub(sin(X2), X1)))))))"
649_fri_c0_500_5,MRGPRegressor,ok,5.0,0.5479229911147612,0.5816220610035785,434.0,144.0,3069.6,,"mul(add(mul(div(log(X5), sqrt(mul(div(log(quart(cube(X1))), mul(square(mul(X1, X2)), cos(X4))), mul(X2, sub(X2, X4))))), mul(mul(cos(X1), X2), sub(mul(quart(cube(mul(square(mul(X1, exp(log(X2)))), X2))), X2), mul(cos(div(cos(X1), add(square(X3), cube(X3)))), sqrt(mul(div(sin(X5), log(X2)), cube(div(sin(X5), cos(mul(X2, mul(mul(cos(X1), log(quart(X4))), sub(X2, X4)))))))))))), add(mul(log(mul(div(log(X5), mul(quart(cube(mul(square(mul(X1, X3)), mul(X5, mul(cos(X2), X1))))), add(mul(add(square(mul(X1, X2)), cos(sin(log(X3)))), mul(X2, cos(X1))), X5))), mul(X2, sub(X2, X4)))), sub(sin(mul(X1, X2)), cos(add(square(X4), quart(mul(square(X2), sqrt(X4))))))), square(X4))), exp(mul(quart(X5), log(mul(X3, X2)))))"
650_fri_c0_500_50,MRGPRegressor,ok,50.0,0.3221296823437017,0.7401608923248342,419.0,139.0,3068.5,,"div(mul(cos(sin(mul(mul(mul(exp(mul(exp(X1), X2)), quart(cos(cos(X2)))), X15), quart(X25)))), cube(div(square(X46), cos(cube(square(log(X3))))))), sub(mul(mul(sub(mul(div(mul(cos(sin(mul(X11, quart(X25)))), cube(div(cos(X3), cos(cube(sin(div(cos(X3), cos(cube(X5))))))))), sub(mul(mul(sub(log(log(square(log(div(mul(cos(X1), X2), log(X4)))))), cos(X35)), X1), log(div(X49, mul(X1, div(X4, X15))))), X11)), cos(mul(quart(cos(mul(mul(exp(mul(cos(X1), sub(X43, X31))), quart(cos(cos(div(X1, div(cos(X2), X4)))))), X15))), cos(cos(X2))))), cos(div(X49, div(cos(quart(X31)), X4)))), X25), log(div(cos(X1), exp(mul(square(X2), X1))))), mul(add(X4, mul(X5, cos(mul(sqrt(X3), X41)))), cos(mul(X1, X2)))))"
651_fri_c0_100_25,MRGPRegressor,ok,25.0,0.4436574749829166,0.7837063137968134,221.0,73.0,3034.3,,"mul(add(sqrt(add(sqrt(mul(cos(sin(X8)), div(sqrt(X17), cos(X3)))), mul(div(cos(cos(sqrt(mul(X6, X11)))), X4), cube(X22)))), mul(div(cos(cos(X1)), sin(add(X5, X23))), cos(cos(cube(mul(mul(X4, X1), square(X2))))))), sin(div(mul(log(log(sin(log(sin(X25))))), cube(sin(div(X24, X1)))), div(mul(X2, cube(add(X2, X1))), div(div(X4, X5), mul(X1, square(sqrt(X12))))))))"
653_fri_c0_250_25,MRGPRegressor,ok,25.0,0.3348921704835204,0.7895275922678605,443.0,147.0,3053.2,,"mul(sub(div(cos(sqrt(X3)), mul(mul(X22, X1), mul(mul(cos(mul(X2, X20)), X1), log(square(mul(X2, cos(X1))))))), mul(mul(cos(mul(mul(X23, X15), quart(log(mul(cos(X2), X1))))), cube(div(cos(quart(X14)), cos(add(mul(X5, mul(exp(X2), quart(X1))), X4))))), div(mul(cube(X4), mul(exp(X2), square(X1))), sub(div(square(X3), X5), log(mul(cos(X2), X1)))))), div(mul(mul(sub(div(X3, mul(mul(cos(X2), X1), square(add(X7, X4)))), mul(mul(cos(sin(mul(mul(X16, X15), quart(mul(sqrt(X1), mul(exp(X2), quart(X1))))))), cube(div(cos(quart(X14)), cos(cube(X5))))), X21)), div(mul(cos(div(quart(add(X21, exp(log(mul(X10, mul(exp(X2), square(X1))))))), sub(div(X7, X5), log(square(X1))))), mul(quart(X20), X17)), sin(cube(quart(X7))))), X1), sin(cube(quart(X10)))))"
654_fri_c0_500_10,MRGPRegressor,ok,10.0,0.7403786780321671,0.5324641968180428,416.0,138.0,3127.3,,"sub(mul(mul(add(sin(mul(mul(quart(X1), square(div(log(X5), add(sin(X4), mul(X2, sub(sin(X4), quart(X1))))))), add(cos(exp(log(add(X4, X10)))), mul(mul(X5, quart(sin(sub(sin(X1), square(cos(X2)))))), cube(add(exp(X4), X10)))))), mul(add(X1, X4), X7)), mul(div(exp(cube(X4)), cube(mul(div(exp(cube(X10)), cube(mul(log(sqrt(mul(mul(cube(sin(X1)), square(div(X2, sqrt(X2)))), add(X6, quart(X1))))), square(X1)))), square(div(square(div(X2, sqrt(X1))), sqrt(X2)))))), square(div(X1, sqrt(X2))))), cube(exp(cos(X7)))), quart(add(sub(sin(log(X3)), sin(log(mul(mul(div(quart(X2), square(sub(sin(X9), quart(X1)))), X1), add(cos(sqrt(X2)), mul(sub(exp(X3), square(X5)), quart(sin(sub(square(X3), X4))))))))), quart(X8))))"
656_fri_c1_100_5,MRGPRegressor,ok,5.0,-0.2738375932354069,1.0534857511608129,218.0,72.0,3072.9,,"sub(div(square(log(sub(add(X5, X1), quart(X4)))), cube(square(log(sin(X1))))), div(mul(log(sub(mul(X2, X3), div(X3, add(mul(sqrt(quart(X1)), exp(log(X2))), mul(add(X4, cos(log(cos(mul(sin(X1), X2))))), exp(mul(X4, log(sin(X2))))))))), cos(square(quart(sub(X4, X1))))), sin(sin(div(square(cube(X2)), add(cos(X3), log(add(mul(cube(X2), log(X1)), sqrt(X4)))))))))"
657_fri_c2_250_10,MRGPRegressor,ok,10.0,0.5245574236970851,0.6540777100684381,449.0,149.0,3101.2,,"mul(log(div(cube(square(mul(div(exp(sin(add(X2, X1))), cube(sin(X1))), add(quart(quart(mul(cos(quart(add(div(square(X1), cube(div(cos(cos(X6)), exp(sin(X2))))), quart(sub(quart(cos(sin(X8))), X5))))), X2))), cos(X3))))), log(add(X5, cos(X7))))), div(div(log(cube(mul(X2, X1))), sqrt(sub(cos(mul(sub(square(exp(X1)), quart(cube(X2))), sub(add(square(cube(X2)), X5), cos(add(add(quart(square(X6)), quart(sub(X4, X5))), cube(exp(X2))))))), div(div(exp(sin(add(X2, X1))), square(X3)), div(quart(sqrt(square(X1))), square(sin(X1))))))), mul(mul(cube(X2), cos(quart(X7))), div(div(X2, div(mul(mul(sin(sub(add(square(quart(sqrt(square(sqrt(square(X7)))))), add(X10, X2)), cos(add(add(quart(square(X6)), quart(sub(X4, X5))), cube(exp(X2)))))), quart(X3)), X4), quart(cube(sin(X2))))), X4))))"
663_rabe_266,MRGPRegressor,ok,2.0,0.9951606959311748,3.4274331080238944,230.0,76.0,2228.1,,"mul(cube(X2), div(cube(X2), div(exp(log(log(div(X1, exp(X2))))), mul(mul(cube(div(cos(X2), exp(square(X1)))), div(sub(quart(div(X1, exp(X2))), div(sqrt(X1), X1)), sqrt(div(X2, sub(div(div(sub(X1, log(cos(square(log(square(X2)))))), sqrt(div(exp(cube(log(cos(X1)))), cube(X2)))), exp(log(quart(X2)))), square(div(cos(X1), add(div(mul(X2, X1), exp(X1)), sqrt(cube(X1)))))))))), X1))))"
658_fri_c3_250_25,MRGPRegressor,ok,25.0,-0.0277258244600226,0.9210476892374136,413.0,137.0,3106.3,,"sin(div(cube(div(add(div(X23, log(sub(log(div(div(log(sin(sin(X2))), quart(mul(cube(mul(sin(X2), sin(X1))), sin(X1)))), sqrt(X4))), X16))), mul(X4, X7)), mul(add(sqrt(mul(cos(sin(X2)), div(sqrt(X5), cos(X3)))), mul(div(cos(cos(cube(cube(cube(X2))))), sin(add(X5, X23))), cos(cos(mul(div(log(div(quart(X4), mul(quart(cos(quart(cube(X18)))), div(X9, quart(mul(mul(cube(X2), sin(sin(X1))), sin(X1))))))), add(quart(square(X4)), mul(cube(X6), X25))), square(X5)))))), div(cos(cos(X22)), quart(quart(mul(sin(X2), sin(X1)))))))), sub(mul(div(log(div(quart(X2), sin(div(log(exp(square(X4))), quart(mul(sin(X2), sin(X1))))))), add(quart(square(X4)), X21)), sin(cos(cube(X3)))), log(mul(cube(X1), exp(X7))))))"
659_sleuth_ex1714,MRGPRegressor,ok,7.0,0.134125843741632,2114.49292762912,107.0,35.0,3006.0,,"div(div(add(sin(square(X2)), quart(sin(mul(X6, X6)))), div(quart(square(X1)), cos(quart(sin(X5))))), div(sqrt(mul(cube(X6), div(X2, quart(square(X6))))), exp(add(square(X4), exp(X7)))))"
665_sleuth_case2002,MRGPRegressor,ok,6.0,-1.6988804396034705,15.634983922040888,272.0,90.0,3500.5,,"add(div(sqrt(log(sin(sqrt(X6)))), quart(cube(X5))), mul(div(sin(mul(X2, X6)), square(X6)), log(mul(div(div(X6, div(X5, exp(square(exp(sin(div(X6, X2))))))), cube(cube(X6))), mul(quart(mul(square(X6), exp(add(X4, exp(X6))))), sin(add(mul(sin(X6), sub(X2, X6)), sin(sub(add(X5, mul(div(log(cube(div(add(X1, add(div(X3, X4), sin(X4))), sqrt(log(sin(X5)))))), cube(cube(sub(sqrt(cos(sin(div(X6, X2)))), mul(cube(X3), cube(X6)))))), X2)), X6)))))))))"
666_rmftsa_ladata,MRGPRegressor,ok,10.0,-0.6187951324511332,5.030411394629511,440.0,146.0,3290.5,,"mul(div(quart(cos(mul(square(exp(X5)), div(mul(quart(mul(mul(exp(X1), sin(X8)), X10)), div(log(div(div(div(div(mul(quart(cos(quart(cube(X6)))), div(X7, div(div(exp(div(mul(cos(quart(sub(X8, X2))), sqrt(square(exp(X4)))), div(exp(add(sub(X1, X7), cos(X3))), cos(div(mul(X6, X2), log(X9)))))), exp(add(sub(sub(X1, X7), X7), cos(X3)))), quart(cos(sqrt(X1)))))), div(mul(quart(cos(X6)), div(log(exp(square(X2))), quart(mul(cube(X1), sin(X6))))), exp(quart(X10)))), cube(exp(exp(sqrt(X1))))), square(quart(X1))), quart(cos(sqrt(X1))))), X1)), exp(quart(X10)))))), cube(X5)), mul(div(quart(cos(exp(X1))), cube(div(div(cos(cos(sqrt(X5))), exp(add(sub(X1, X6), cos(X3)))), exp(sqrt(div(X2, X5)))))), square(div(sub(div(X9, X8), X2), exp(quart(X10))))))"
678_visualizing_environmental,MRGPRegressor,ok,3.0,-6.997645740725427,8.6842482082996,251.0,83.0,3041.3,,"add(cos(mul(sqrt(X3), cos(log(div(cube(div(sin(square(X3)), div(sqrt(sin(X2)), quart(log(mul(sqrt(cube(quart(quart(X2)))), mul(div(add(exp(X1), log(X3)), quart(quart(X1))), cube(div(div(X3, cube(div(X1, X3))), sin(mul(X2, X3))))))))))), X1))))), mul(div(mul(sin(log(X1)), sqrt(cos(exp(cos(quart(X2)))))), sub(div(exp(X2), exp(X3)), square(add(X3, X2)))), div(sin(quart(cos(X1))), sqrt(mul(div(sqrt(X1), X2), sin(X1))))))"
687_sleuth_ex1605,MRGPRegressor,ok,5.0,-0.0274930832804305,19.21894140840979,137.0,45.0,3073.2,,"sub(div(square(log(X5)), cube(square(log(sin(X1))))), div(mul(log(sub(mul(X1, X3), div(X3, X4))), cos(div(cos(div(cube(X5), quart(X4))), sqrt(cube(sub(X1, X2)))))), sin(div(square(cube(X2)), add(sqrt(cube(sin(X3))), log(X3))))))"
690_visualizing_galaxy,MRGPRegressor,ok,4.0,0.8394446550789538,36.24760143274158,446.0,148.0,3054.0,,"add(div(mul(square(mul(sqrt(X4), cube(X2))), div(mul(sin(X2), add(X1, X2)), cube(mul(sin(div(div(cos(X2), exp(X3)), cube(sin(X1)))), cos(cube(X4)))))), sub(add(sub(add(sqrt(mul(sin(div(div(cos(X2), cube(square(mul(sqrt(sin(square(mul(sqrt(sin(square(X4))), X2)))), X2)))), cube(sin(X1)))), cos(cube(X2)))), exp(sin(X2))), square(X4)), exp(sin(quart(div(div(cos(mul(X4, log(div(cube(mul(add(X4, sin(X1)), square(exp(X3)))), mul(log(square(square(square(mul(X4, X2))))), log(cos(exp(X2)))))))), add(mul(X2, sqrt(X4)), X3)), X1))))), sin(square(mul(sqrt(sub(mul(sin(div(div(cos(mul(X4, X2)), add(X3, X3)), cube(sin(cube(sin(X1)))))), cos(sin(div(div(cos(X2), cube(square(mul(sqrt(sin(square(X4))), X2)))), cube(sin(X1)))))), X4)), mul(sin(X2), X2)))))), X3)"
auto_insurance_price,MRGPRegressor,ok,23.0,0.1271919927790974,9760.539124657018,125.0,41.0,351.0,,"mul(add(mul(mul(add(add(div(add(X20, X22), log(X21)), cube(add(X7, X16))), X21), X16), cube(add(X21, add(cube(add(X7, cube(X19))), X14)))), X18), add(X16, cube(add(X21, add(cube(add(X18, cube(X19))), X19)))))"
695_chatfield_4,MRGPRegressor,ok,12.0,-1.635703729001578,57.9054911013975,431.0,143.0,3087.5,,"sin(div(sin(quart(div(div(sin(quart(div(cube(X2), X8))), mul(cos(div(X2, quart(div(square(X12), cos(X7))))), add(cube(sub(log(add(mul(sqrt(square(sin(sqrt(quart(X11))))), mul(cos(X5), sin(X1))), mul(sin(quart(sin(X10))), cos(quart(X7))))), sub(div(sqrt(cos(sqrt(X6))), cos(sqrt(square(X12)))), div(cube(sqrt(add(X8, X12))), quart(exp(log(X2))))))), sub(X11, X12)))), X8))), mul(cos(div(sqrt(cos(square(quart(X12)))), quart(div(square(X12), cos(X7))))), add(cube(sub(log(add(mul(quart(sin(X6)), mul(cos(X5), sin(X1))), mul(sin(exp(X3)), cos(quart(X7))))), sub(X5, div(cube(sqrt(add(X8, X5))), quart(mul(quart(sin(X10)), mul(cos(X5), X12))))))), sub(mul(exp(X10), mul(square(sin(sqrt(quart(X11)))), quart(sqrt(exp(log(div(square(X12), cos(X7)))))))), X12)))))"
feynman_III_12_43,MRGPRegressor,ok,2.0,0.9988145605598038,0.0274441717287946,179.0,59.0,427.0,,"mul(mul(cos(mul(X2, exp(X2))), log(sqrt(X2))), div(mul(X2, X1), div(X2, sin(mul(mul(X1, div(X2, sin(mul(mul(X1, sin(X2)), cos(mul(sin(X2), cos(X2))))))), cos(mul(sin(mul(X1, mul(X2, mul(cos(X2), div(mul(X2, X1), quart(X2)))))), mul(mul(sin(sin(X1)), cos(X2)), cos(X2)))))))))"
706_sleuth_case1202,MRGPRegressor,ok,6.0,-0.0553487347880505,104.41771959304796,203.0,67.0,3075.8,,"add(div(sqrt(log(sin(div(mul(log(sin(X5)), X2), div(sqrt(add(X4, X2)), div(div(log(X3), quart(sqrt(quart(X1)))), X6)))))), quart(mul(div(mul(log(sin(mul(X5, X3))), log(add(X3, X4))), div(sqrt(square(X2)), div(log(X5), quart(sqrt(quart(X1)))))), X5))), mul(mul(X6, exp(mul(X5, X3))), log(mul(log(square(X4)), mul(log(X2), exp(X3))))))"
feynman_III_10_19,MRGPRegressor,ok,4.0,0.9998715672737264,0.0778903964883345,392.0,130.0,1469.1,,"mul(mul(mul(mul(mul(mul(add(mul(X1, square(X3)), sin(X2)), sin(X4)), cos(mul(X1, square(sub(X3, X2))))), add(log(sub(X3, mul(X1, add(mul(mul(mul(add(mul(X1, square(X3)), X3), X1), cos(mul(X1, square(sub(X3, X2))))), add(log(sub(sub(X3, X4), mul(X1, add(X4, log(quart(add(exp(X2), exp(X4)))))))), X1)), log(quart(add(X2, exp(X4)))))))), log(X2))), mul(div(add(add(log(X1), X4), quart(mul(mul(X3, X4), X1))), sin(X3)), add(log(mul(sin(mul(X4, X3)), X2)), mul(X2, X1)))), add(log(sub(sin(quart(X2)), mul(X1, add(log(sub(mul(X1, X3), mul(X1, X4))), mul(X1, X2))))), sin(mul(X1, square(sub(X3, X4)))))), mul(X3, mul(X4, X2)))"
712_chscase_geyser1,MRGPRegressor,ok,2.0,0.1058730155682153,11.779412532162029,443.0,147.0,3180.8,,"div(add(mul(sin(log(X2)), mul(div(X1, X2), sqrt(X1))), div(div(mul(exp(log(div(quart(X2), sub(cube(X1), div(sub(X2, X1), mul(X2, X1)))))), sin(X2)), mul(quart(cos(quart(X1))), mul(sin(div(div(mul(exp(log(div(quart(div(X1, X2)), sub(cube(X1), div(sub(X2, X1), mul(X2, X1)))))), cos(quart(sqrt(X2)))), mul(quart(cos(X2)), mul(sin(mul(X1, X1)), quart(quart(X2))))), square(mul(sin(cube(div(sqrt(add(X1, X2)), quart(cube(X2))))), sin(div(log(sqrt(cube(mul(X2, X2)))), log(square(quart(div(quart(X1), sub(cube(X1), X2))))))))))), quart(quart(X2))))), square(mul(sin(cube(div(sqrt(add(X2, X2)), quart(cube(X2))))), sin(div(log(sqrt(cube(mul(X2, X2)))), log(square(quart(X1))))))))), div(sqrt(cos(square(mul(X1, X2)))), quart(mul(cube(cube(X1)), sin(cos(X2))))))"
_deprecated_195_auto_price,MRGPRegressor,error,,,,,,,ValueError: Input contains NaN.,
_deprecated_207_autoPrice,MRGPRegressor,error,,,,,,,ValueError: Input contains NaN.,
auto_insurance_losses,MRGPRegressor,ok,24.0,-0.2160948581138573,39.0240107438212,191.0,63.0,3007.2,,"div(log(add(square(X6), div(add(div(sqrt(sin(quart(div(square(X21), add(mul(log(X1), cube(X15)), X6))))), sub(X19, div(mul(cos(div(X5, log(X17))), div(X9, X4)), div(X16, X18)))), add(div(sqrt(sin(quart(X1))), sub(X6, X4)), mul(mul(X20, X24), X6))), sin(sub(X2, div(log(X11), mul(square(X1), X20))))))), mul(X1, X21))"
feynman_III_15_14,MRGPRegressor,ok,3.0,0.9978077512283592,0.0007417276370578,437.0,145.0,1805.8,,"mul(sub(mul(mul(sub(exp(sqrt(mul(mul(mul(mul(mul(sin(X1), cube(X2)), X3), mul(sub(X1, add(exp(X2), X2)), sqrt(mul(log(X1), mul(mul(mul(cube(X3), sub(X3, X1)), X3), X2))))), X3), cos(quart(mul(X3, quart(sub(X1, add(X3, X2))))))))), cube(quart(exp(X1)))), sqrt(add(mul(X3, mul(cube(sub(X3, sin(X1))), cube(X3))), X2))), sqrt(add(cube(sub(X2, sin(X1))), square(X2)))), mul(cube(cube(sub(X2, sub(X1, mul(cube(X3), sub(X2, X1)))))), sqrt(mul(sub(exp(sqrt(mul(cos(mul(quart(X1), quart(X3))), sub(X3, X1)))), cube(add(sub(X1, add(X3, X2)), square(X3)))), sqrt(add(cube(sub(X3, mul(X3, X1))), X1)))))), sqrt(add(cube(add(sub(X1, add(X3, X2)), square(sin(sub(X1, add(X3, X2)))))), exp(sqrt(mul(sub(X2, X1), quart(X1)))))))"
feynman_III_13_18,MRGPRegressor,ok,4.0,0.962444917835181,123.45591520435148,428.0,142.0,3009.9,,"mul(add(div(X2, exp(sqrt(mul(exp(sub(add(X1, X3), X4)), exp(X2))))), mul(X2, exp(mul(X2, cos(X3))))), div(sqrt(mul(add(mul(X3, quart(mul(X2, mul(X1, X1)))), quart(X4)), sqrt(mul(add(mul(sqrt(add(mul(add(mul(div(sqrt(mul(X3, exp(X2))), exp(X4)), quart(X1)), cos(mul(X2, quart(mul(square(X3), X4))))), X2), X1)), X4), X2), exp(mul(sub(X2, X4), sqrt(mul(sub(add(X2, X3), X4), X2)))))))), sqrt(add(mul(div(mul(X4, mul(sqrt(mul(exp(add(X1, X3)), exp(X2))), X4)), exp(X4)), X2), mul(X4, div(X2, sqrt(add(mul(div(mul(X4, mul(sub(add(X1, X3), X4), exp(X2))), exp(X4)), mul(sqrt(mul(add(mul(exp(X2), mul(X1, X3)), cos(X1)), X4)), X2)), cos(mul(sqrt(X4), quart(mul(square(X3), X4))))))))))))"
feynman_III_14_14,MRGPRegressor,ok,5.0,0.8719951176437765,2.998228377719818,440.0,146.0,3019.0,,"log(sub(div(cos(div(div(div(cos(div(mul(X5, add(mul(exp(add(X2, sub(X1, X4))), X4), sin(log(square(add(X5, X4)))))), X4)), sqrt(div(square(mul(X4, X3)), mul(add(mul(exp(sub(X2, X4)), sin(X4)), exp(X5)), sin(X3))))), sqrt(div(square(mul(X2, X3)), mul(add(mul(exp(add(X2, X1)), sin(X4)), exp(X5)), sin(X3))))), quart(div(square(div(mul(X4, X3), X1)), mul(mul(exp(sub(X2, X4)), sub(mul(X1, X4), exp(sub(X3, X5)))), sin(log(square(add(X3, X4))))))))), sqrt(cube(div(square(div(mul(square(add(X5, X4)), X3), add(X3, X5))), mul(mul(X5, sub(sub(mul(X1, sin(X4)), X3), X2)), sin(log(square(quart(X5))))))))), add(div(mul(X5, X3), log(mul(mul(mul(mul(add(X2, X1), sub(X3, X5)), X4), X3), X2))), sin(mul(X1, X2)))))"
feynman_III_4_33,MRGPRegressor,ok,4.0,0.9998907322088124,0.0476946984320658,428.0,142.0,747.3,,"add(sub(mul(X3, X4), sub(add(add(mul(add(mul(X4, X2), mul(X1, add(X3, cos(mul(X4, X2))))), sqrt(add(add(mul(mul(sqrt(mul(X1, X1)), mul(X2, add(X3, cos(X3)))), X1), mul(X4, add(add(mul(mul(X4, X3), X2), mul(exp(X2), X1)), mul(X1, add(mul(X2, X1), cos(X2)))))), mul(X1, add(X2, X2))))), mul(X4, add(add(mul(X1, mul(exp(mul(exp(X2), X1)), X1)), add(add(X2, X4), X4)), mul(X3, add(X1, cos(mul(X3, mul(X2, X4)))))))), cube(cube(X1))), mul(X1, div(quart(add(X4, mul(X2, mul(sqrt(mul(X1, add(cos(X1), cos(X4)))), mul(X2, X1))))), cube(X4))))), mul(add(add(mul(X3, mul(cos(X4), X1)), mul(X4, X2)), mul(X1, add(mul(X2, X1), cos(mul(X3, X4))))), add(X3, cos(X1))))"
feynman_III_15_12,MRGPRegressor,ok,3.0,-0.9292687186876338,6.172028331773721,398.0,132.0,3601.9,,"add(add(add(sin(sin(mul(add(div(cube(exp(X1)), log(quart(sqrt(div(mul(X1, sin(sub(add(mul(X1, mul(X1, div(quart(X3), div(sqrt(X2), X3)))), square(mul(add(X2, X3), cos(log(sin(add(X3, X2))))))), div(X2, X3)))), mul(exp(mul(mul(cube(X1), exp(X1)), X3)), cube(mul(sqrt(add(div(cube(exp(X1)), log(quart(cube(log(add(X3, X2)))))), sqrt(square(X3)))), cube(X3))))))))), cube(X1)), X1))), add(mul(exp(X1), div(sin(square(X3)), div(sqrt(sin(X2)), quart(mul(X2, X2))))), log(X2))), cube(cos(cube(quart(X2))))), mul(log(mul(exp(cube(X1)), exp(add(X3, X3)))), sin(div(exp(sqrt(X3)), sub(quart(X3), div(X3, mul(cube(sqrt(sin(add(X3, X2)))), square(div(X3, quart(X3))))))))))"
feynman_III_15_27,MRGPRegressor,ok,3.0,0.9934413648305482,0.1918133672085208,425.0,141.0,3006.0,,"sub(mul(exp(X3), add(square(sub(mul(X2, sub(mul(log(exp(mul(X2, X1))), add(square(sub(mul(quart(X2), sub(X1, X2)), X2)), sub(mul(cube(mul(mul(mul(cube(mul(mul(sub(X3, sub(X1, X2)), X2), X2)), X3), X2), X2)), X3), cos(cos(X3))))), mul(mul(cos(add(sub(mul(mul(X2, X2), X2), sqrt(exp(X3))), sub(mul(mul(square(add(X3, sub(X2, X1))), X3), X3), sub(X3, cos(sin(sin(X3))))))), quart(mul(mul(square(add(X3, sub(X2, X1))), sin(X3)), mul(X3, log(quart(sub(X3, cos(X1)))))))), cube(mul(mul(square(add(X3, sub(X2, sin(X1)))), X2), X2))))), X3)), sub(mul(mul(X2, X2), add(X1, X1)), sqrt(X3)))), mul(mul(cos(sqrt(quart(X3))), quart(mul(mul(square(X3), X3), mul(X3, sub(X3, cos(X1)))))), quart(X1)))"
feynman_III_17_37,MRGPRegressor,ok,3.0,0.9947768640513496,0.4959258642867508,389.0,129.0,3022.2,,"mul(add(sin(mul(mul(cos(X1), add(mul(sin(cos(mul(add(X1, X2), cos(X3)))), mul(mul(add(X1, X2), cos(X3)), add(mul(cos(quart(mul(cube(X3), add(mul(X2, sqrt(mul(div(X1, square(exp(X3))), mul(mul(X2, mul(X1, cos(X3))), X3)))), mul(X3, mul(X1, add(mul(cos(quart(mul(X1, add(mul(X2, sqrt(mul(div(X1, square(exp(X3))), mul(mul(X2, mul(X1, cos(X3))), sqrt(cube(X3)))))), X1)))), div(div(X1, mul(log(X3), mul(mul(X2, X1), X3))), X3)), X2))))))), div(div(X1, mul(log(X3), mul(mul(X2, X1), X3))), X3)), X2))), square(sqrt(add(div(mul(X3, add(X2, X1)), exp(X3)), quart(X3)))))), sqrt(X1))), exp(X3)), mul(add(X2, X1), cos(X3)))"
feynman_III_19_51,MRGPRegressor,ok,5.0,0.0930438410871565,2.878874844315508,443.0,147.0,3055.0,,"div(div(cos(div(exp(sub(sub(X2, cos(div(exp(sub(sub(X2, X3), add(X5, sub(X3, X2)))), exp(sub(sub(X2, cos(div(exp(sub(sub(X2, X3), X4)), cube(square(exp(mul(X5, exp(X4)))))))), square(cube(sub(add(X4, sub(X3, X2)), sqrt(sub(X1, add(X1, X5))))))))))), X4)), exp(X5))), div(sin(sin(cos(X1))), exp(div(exp(sub(sub(X1, X3), exp(X4))), exp(X3))))), sub(div(square(square(quart(mul(X5, X4)))), cube(square(log(sin(X1))))), div(mul(div(add(X1, X1), sin(div(square(mul(exp(mul(div(exp(X2), exp(X5)), X4)), exp(div(exp(sub(sub(X2, X3), exp(X3))), exp(X5))))), X2))), cos(square(cube(sub(add(X4, sub(X3, X2)), sqrt(sub(X1, add(X4, X5)))))))), mul(quart(exp(X2)), div(X1, exp(div(exp(sub(sub(X2, X3), exp(X4))), exp(X5))))))))"
feynman_III_21_20,MRGPRegressor,ok,4.0,0.9930524642127408,0.8043635854747996,416.0,138.0,3011.1,,"div(div(div(sin(log(mul(mul(cube(sub(X4, X2)), X3), X4))), mul(mul(X1, X3), mul(sub(exp(X3), cube(add(mul(X3, mul(exp(mul(X4, X1)), sub(X4, add(sub(exp(mul(exp(sub(X1, X4)), mul(cos(X3), mul(X3, X4)))), cube(add(mul(X3, mul(exp(sub(X3, X4)), sub(X4, add(X1, X2)))), sin(mul(X2, X2))))), sin(mul(mul(X2, X1), add(mul(X2, X3), X2))))))), sin(mul(mul(X2, X1), sub(X3, X4)))))), sqrt(X2)))), mul(cube(X4), add(mul(sub(exp(mul(X3, X1)), mul(cube(sub(X4, add(X1, X2))), sub(X3, X4))), sqrt(X4)), X2))), mul(cube(log(sub(X3, mul(X3, X2)))), mul(sqrt(add(cube(sub(sub(div(X1, exp(X4)), mul(exp(sub(X3, X4)), X2)), X3)), X1)), mul(cube(X4), square(X3)))))"
feynman_III_4_32,MRGPRegressor,ok,4.0,-1.270486593951862,10.541180149684292,449.0,149.0,3060.4,,"sub(add(sub(sqrt(add(div(div(X2, exp(X2)), exp(cube(sub(X1, X3)))), log(X1))), exp(sin(square(X4)))), exp(exp(log(X4)))), sin(square(mul(div(X1, exp(X2)), mul(sin(div(cube(sqrt(sub(X1, X4))), square(div(quart(sub(exp(add(sub(X3, X2), sub(X3, X1))), sin(sqrt(div(quart(mul(sin(mul(X3, X2)), quart(sub(cos(X3), X1)))), X3))))), sub(sub(sub(add(quart(X2), div(cos(mul(sub(X1, X3), X2)), cube(sqrt(div(div(cube(cube(sqrt(sub(add(sub(X2, X3), X1), X4)))), square(exp(X2))), cube(exp(exp(X1)))))))), sin(square(mul(div(X3, exp(X2)), mul(sin(X2), cube(X4)))))), log(sub(X1, exp(X3)))), cube(quart(add(cube(X4), X1)))))))), div(quart(sub(exp(add(sub(X3, X2), sub(X4, X1))), sin(sqrt(square(X3))))), sub(exp(add(sub(X4, X2), sub(X3, X1))), X1)))))))"
feynman_II_11_28,MRGPRegressor,ok,2.0,0.9999685463279616,0.0016395744734272,230.0,76.0,545.0,,"sub(log(div(mul(mul(mul(X2, X2), X1), mul(mul(square(X1), div(mul(X2, div(mul(X2, mul(X2, X1)), div(X2, X1))), div(square(X2), X1))), X2)), sub(add(X2, X1), sub(add(cos(log(add(X1, square(mul(X1, X2))))), mul(mul(exp(mul(X1, X2)), X2), X2)), cos(X2))))), sub(add(X1, mul(mul(exp(X2), X2), X2)), exp(cos(mul(X2, div(mul(X2, mul(X2, X1)), div(X2, X1)))))))"
feynman_III_7_38,MRGPRegressor,ok,3.0,0.9998737105044369,0.4213705322408451,326.0,108.0,2686.0,,"add(sqrt(div(mul(mul(X1, X3), div(X2, square(exp(X3)))), X2)), mul(div(mul(sqrt(add(div(X1, square(exp(X3))), quart(quart(X3)))), exp(log(X3))), sub(div(sin(sqrt(div(mul(mul(X1, X3), div(X2, square(exp(X3)))), X1))), X1), mul(sqrt(add(div(mul(exp(sin(X3)), add(X2, X1)), square(exp(X3))), div(mul(sqrt(add(div(mul(exp(sin(X3)), add(X2, X1)), square(exp(X3))), quart(quart(X3)))), sqrt(exp(X3))), sub(div(mul(mul(X1, X3), mul(X3, X2)), X3), X3)))), sqrt(exp(X3))))), div(X3, mul(mul(mul(square(X3), add(X2, X1)), X3), mul(X1, X2)))))"
feynman_III_8_54,MRGPRegressor,ok,3.0,-1.6629810743539384,0.5359959104479396,428.0,142.0,3194.5,,"mul(mul(sin(sub(quart(X3), div(log(log(mul(div(sqrt(cube(quart(X2))), sub(cos(X1), div(quart(X3), cube(quart(X1))))), sqrt(div(div(sub(cos(X1), mul(X2, X1)), div(add(X2, X2), div(X3, X2))), log(div(div(mul(square(quart(log(mul(exp(X1), quart(X1))))), sub(exp(X1), div(X3, X3))), cube(quart(sin(X3)))), X1))))))), sqrt(X2)))), cube(sin(sub(mul(X2, X3), div(sqrt(cube(div(sin(sub(cos(exp(sin(X3))), cos(X3))), sqrt(div(log(X2), add(sin(mul(sqrt(X3), sqrt(sub(X2, X1)))), square(quart(X2)))))))), sub(cos(cube(quart(mul(X2, X2)))), div(sqrt(X2), sub(cos(cube(div(cos(X3), sqrt(X2)))), div(div(sub(cos(X1), mul(X2, X2)), cube(cos(X1))), cube(quart(sin(X3)))))))))))), cos(cube(cube(div(mul(X2, X2), div(X2, X1))))))"
feynman_II_13_23,MRGPRegressor,ok,3.0,0.999948033741844,0.0075781652448505,290.0,96.0,830.0,,"add(add(mul(quart(square(X3)), mul(X3, add(mul(quart(square(X1)), mul(X2, X1)), cube(sqrt(add(mul(X2, mul(div(add(X2, X1), exp(X3)), X2)), sub(mul(cos(X3), X1), log(X1)))))))), mul(div(exp(X1), exp(X3)), sqrt(add(mul(quart(square(X3)), mul(X2, add(X2, cube(sqrt(add(div(mul(X3, add(X2, X1)), square(exp(X3))), quart(X3))))))), mul(div(mul(X2, X1), square(exp(X3))), X2))))), mul(quart(square(X3)), mul(X2, add(mul(mul(X3, X2), square(X3)), cube(mul(mul(X3, exp(X3)), square(X3)))))))"
feynman_III_9_52,MRGPRegressor,error,,,,,,,ValueError: Input contains NaN.,
feynman_II_10_9,MRGPRegressor,ok,3.0,0.9937583065156924,0.0159546804018449,353.0,117.0,3010.8,,"mul(mul(mul(sin(mul(cos(square(X3)), mul(sub(X2, X1), cos(X2)))), cube(sin(sub(mul(X1, add(X3, sub(X2, square(X2)))), log(sub(quart(cos(cos(mul(X3, X2)))), div(div(X2, mul(sin(X3), quart(cube(mul(X1, sub(cube(X2), square(X2))))))), X3))))))), cos(cube(cube(div(mul(X2, mul(X3, X1)), sqrt(sub(div(X2, X2), mul(sub(div(mul(cube(sub(X2, square(X2))), mul(mul(quart(sqrt(exp(sub(X1, add(X3, X2))))), sin(X2)), div(div(X2, exp(X1)), exp(X2)))), quart(X2)), mul(mul(mul(quart(sub(sqrt(X2), add(X3, X2))), X2), X2), X1)), X1)))))))), mul(mul(quart(X3), X2), cos(add(X3, sin(X3)))))"
feynman_II_13_34,MRGPRegressor,ok,3.0,0.999953894579396,0.0135810416829322,368.0,122.0,723.0,,"mul(mul(mul(mul(mul(mul(mul(X1, sqrt(exp(sub(sub(X2, X3), X3)))), mul(sin(X3), X3)), mul(mul(mul(X2, X1), mul(X3, sqrt(exp(sub(X2, cube(X3)))))), sin(X3))), sqrt(exp(sub(sub(mul(mul(X1, sqrt(exp(sub(sub(X2, X3), X3)))), mul(X3, X3)), X3), X3)))), cube(X2)), mul(exp(sub(sin(sin(X2)), X3)), mul(mul(mul(X2, mul(mul(X3, exp(sub(X2, X3))), X2)), exp(div(mul(X1, log(mul(mul(sub(X2, X3), X2), X1))), X1))), sin(X3)))), mul(mul(mul(mul(X1, X2), mul(X3, sqrt(exp(sub(X2, cube(X3)))))), exp(sub(div(X2, sqrt(exp(sub(mul(X2, X3), X2)))), X2))), mul(X2, div(X3, mul(X2, X1)))))"
feynman_II_11_27,MRGPRegressor,ok,4.0,0.9995693595678397,0.0082936961670817,356.0,118.0,2615.0,,"mul(quart(mul(sqrt(mul(X4, cos(mul(add(exp(X1), X1), X4)))), mul(mul(mul(mul(X4, mul(add(mul(X2, X3), add(X3, add(X2, X3))), exp(X1))), X1), mul(X4, mul(mul(add(mul(X2, X2), add(X2, X2)), exp(sin(X1))), div(mul(mul(X2, X1), add(X4, X3)), X2)))), X3))), mul(mul(mul(mul(mul(mul(mul(mul(X1, X2), X1), mul(X2, mul(X4, mul(X3, exp(sin(X1)))))), mul(div(quart(X2), mul(div(mul(add(X4, X3), X2), X2), mul(add(mul(X2, X2), add(exp(X2), X2)), exp(X1)))), mul(add(sin(X4), X3), X1))), X4), sqrt(add(mul(X1, X2), add(X2, X2)))), X1), quart(cos(cube(X4)))))"
feynman_II_11_20,MRGPRegressor,ok,5.0,0.0344043560049693,6.9620947695374005,449.0,149.0,3003.8,,"div(sub(cos(cos(mul(add(cube(square(sub(mul(square(sub(X2, cube(X4))), X3), quart(add(mul(X2, X4), add(X4, X5)))))), X3), mul(sub(X3, X1), mul(exp(sub(sub(X3, X5), sub(X4, X2))), cos(sub(X3, sub(X4, X2)))))))), log(square(square(mul(add(X2, X3), cube(X4)))))), sin(sin(mul(sin(mul(X1, X4)), mul(sub(div(mul(X1, X5), div(quart(quart(exp(X5))), div(quart(sub(exp(X3), sub(mul(exp(sub(mul(X2, X3), X4)), exp(sub(X2, X5))), mul(X1, exp(sub(sub(X3, sub(X4, X2)), X5)))))), square(sub(div(mul(X1, X2), div(X4, square(mul(X3, square(quart(add(mul(mul(sub(X3, X4), X2), X4), add(X4, X5)))))))), exp(X4)))))), add(sin(X4), mul(mul(X1, exp(sub(sub(X3, sub(X4, X2)), X5))), exp(sub(sub(X3, sub(X4, X3)), X5))))), add(X5, X3))))))"
feynman_II_24_17,MRGPRegressor,error,,,,,,,ValueError: Input contains NaN.,
feynman_II_11_3,MRGPRegressor,ok,5.0,-0.1252130309229622,0.1328907345543319,395.0,131.0,3021.9,,"mul(add(div(mul(add(div(mul(mul(add(X2, X1), add(X3, X4)), add(X3, X4)), sin(X1)), cube(X4)), X3), quart(add(mul(sin(X3), X4), X4))), quart(square(mul(log(mul(div(log(X5), X4), mul(add(X2, X1), exp(sub(X5, X4))))), sub(exp(sub(cos(X4), add(X3, X4))), mul(X2, X1)))))), add(mul(div(X1, square(cube(X5))), mul(X3, square(add(X3, X4)))), div(mul(mul(mul(mul(div(add(sqrt(quart(add(square(X4), add(X1, X2)))), log(mul(X3, mul(mul(mul(X5, sub(exp(sub(X1, add(X3, X3))), mul(X2, X4))), X4), square(X4))))), exp(X4)), X5), sin(X3)), X4), log(mul(add(X4, X3), mul(log(mul(X1, mul(add(X2, X2), add(X3, X4)))), cos(X4))))), sin(X1))))"
feynman_II_27_18,MRGPRegressor,ok,2.0,0.9999384768043668,0.1718744407382252,137.0,45.0,510.4,,"div(X2, sub(log(add(cos(quart(X2)), div(mul(cos(X2), div(mul(X2, div(mul(X2, mul(X2, X1)), X2)), X2)), X2))), sub(add(sqrt(X2), cos(add(quart(X2), cos(cos(X2))))), sub(log(add(cos(X2), X2)), log(square(cos(X2)))))))"
feynman_II_15_5,MRGPRegressor,ok,3.0,0.9973387561931656,0.2903987332109003,236.0,78.0,1602.4,,"mul(exp(X1), mul(mul(log(mul(add(cos(cos(X3)), mul(add(mul(X1, mul(X3, cos(X3))), X3), X3)), cos(cos(mul(X3, mul(X2, cos(X3))))))), div(add(square(mul(square(mul(X2, mul(mul(add(X1, X2), cos(X3)), square(X3)))), mul(X1, X2))), mul(mul(X3, mul(mul(X1, mul(X2, cos(X3))), X3)), mul(mul(X2, X1), sin(X3)))), cos(sin(add(square(cos(X3)), mul(add(X1, X2), X3)))))), cos(X3)))"
feynman_II_13_17,MRGPRegressor,error,,,,,,,ValueError: Input contains NaN.,
feynman_II_27_16,MRGPRegressor,ok,3.0,0.9999564248002653,0.5568741952105455,179.0,59.0,1199.2,,"mul(square(mul(square(mul(X2, square(X3))), mul(add(X3, square(X3)), cos(X2)))), add(mul(mul(X1, X3), X3), sin(square(mul(square(mul(mul(add(X1, X2), mul(add(X1, X3), mul(X2, X3))), X3)), mul(mul(mul(X2, mul(X1, square(X3))), mul(add(X1, X2), mul(mul(X1, X2), X3))), mul(square(X3), X2)))))))"
feynman_II_34_2,MRGPRegressor,ok,3.0,0.9999454661163104,0.0935706215726998,110.0,36.0,485.7,,"div(mul(mul(mul(square(X2), add(mul(X3, add(X1, X2)), X2)), add(add(mul(X3, add(X1, X2)), mul(X2, X3)), mul(X2, X3))), mul(add(X3, X2), X1)), mul(mul(X2, X1), X3))"
feynman_II_15_4,MRGPRegressor,ok,3.0,0.9953059634557264,0.385725468947928,446.0,148.0,3022.7,,"mul(sub(mul(add(X1, mul(sub(div(mul(square(sub(mul(div(mul(mul(X3, mul(X1, X2)), cos(X3)), X3), sin(cos(X3))), mul(cos(quart(X3)), X3))), div(mul(mul(add(X1, X2), cos(X3)), cos(X3)), add(div(mul(sin(X3), add(X2, X1)), square(exp(X3))), square(sin(sqrt(cube(X3))))))), X3), X3), div(mul(mul(add(X1, X2), cos(X3)), sin(cos(X3))), div(mul(sin(X3), add(X2, X1)), X1)))), X3), cos(cos(cos(cos(X3))))), div(mul(mul(div(mul(add(X2, mul(mul(div(mul(add(exp(X2), X1), cos(X3)), add(div(mul(sin(X3), add(X2, X1)), square(exp(X3))), square(sin(sqrt(cube(X3)))))), X3), exp(cos(cos(X3))))), cos(X3)), add(div(mul(sin(X3), add(X2, X1)), square(exp(X3))), square(sin(sqrt(cube(X3)))))), mul(add(X1, X2), cos(X3))), exp(X3)), X2))"
feynman_II_21_32,MRGPRegressor,ok,5.0,0.9198971238180872,0.0103450447377106,383.0,127.0,3007.5,,"mul(exp(mul(div(sub(X1, X2), exp(X2)), mul(square(X3), X1))), div(sub(mul(X4, mul(exp(sub(sub(sub(X1, X2), X5), X5)), exp(sub(sub(X1, mul(X1, exp(sub(sub(X1, X2), X3)))), X3)))), quart(div(sub(div(X4, exp(add(X5, X1))), mul(log(X1), cube(mul(add(X2, X3), sub(div(X4, exp(X5)), X3))))), cos(mul(X2, X1))))), cos(mul(mul(X1, div(mul(sqrt(exp(sub(sub(X1, X2), X5))), quart(X3)), mul(X3, X1))), div(mul(sqrt(exp(sub(sub(sub(sin(X1), X2), cos(mul(X1, div(mul(sqrt(exp(sub(sub(X1, X2), X4))), mul(div(X5, exp(exp(X3))), X1)), X5)))), X5))), mul(div(X5, exp(exp(X3))), X1)), mul(X3, sin(sin(X1))))))))"
feynman_II_34_29a,MRGPRegressor,ok,3.0,0.9162256728964197,0.0746338145463295,149.0,49.0,1323.7,,"mul(div(mul(div(mul(sub(X1, X2), sub(X2, X3)), exp(X3)), mul(mul(log(X3), cos(X3)), X2)), div(mul(div(mul(sub(X1, X3), div(mul(mul(X1, sub(X2, X3)), X3), X1)), exp(X3)), mul(sin(X2), X2)), X2)), div(sub(X1, X3), exp(X3)))"
feynman_II_34_2a,MRGPRegressor,ok,3.0,0.9964058932631344,0.0311887638966384,200.0,66.0,940.6,,"add(div(mul(cube(X3), sub(mul(div(mul(sub(X3, X2), sub(X1, X3)), exp(X3)), sub(X3, div(X3, exp(X3)))), X1)), exp(X3)), mul(cube(mul(add(sin(mul(mul(sub(X3, X2), X3), X3)), sub(mul(div(sub(X3, X1), exp(X3)), X2), X1)), X2)), div(mul(sub(mul(mul(sub(X3, X2), X3), X1), X2), X3), sin(exp(mul(X1, X2))))))"
feynman_II_2_42,MRGPRegressor,ok,5.0,0.9931863683486604,0.7084866012621505,437.0,145.0,3009.9,,"mul(mul(mul(cube(X5), sub(sub(sub(add(X4, X1), X5), sin(X5)), mul(X1, sub(X4, X5)))), mul(div(sqrt(X1), mul(X4, sin(X3))), mul(mul(X5, mul(sub(X5, X3), add(sub(X4, X5), X1))), div(mul(sub(mul(X5, X5), X5), X4), mul(add(mul(X5, mul(X5, mul(X1, sub(X4, X5)))), X4), cube(X5)))))), div(mul(mul(mul(mul(sub(X2, X3), X5), mul(X5, mul(mul(X5, mul(X5, mul(mul(X5, mul(sub(X2, X3), add(sub(X4, X5), X1))), X5))), X5))), div(mul(X5, mul(mul(X4, mul(X4, mul(sub(sub(X2, X3), X2), X1))), div(X2, X5))), X5)), mul(mul(X5, mul(X4, mul(sub(X2, X3), X5))), div(X5, mul(X5, div(mul(X5, mul(mul(X5, mul(X4, mul(sub(X2, X3), X1))), X5)), mul(X4, X1)))))), mul(X4, cube(X5))))"
feynman_II_37_1,MRGPRegressor,ok,3.0,0.9967185971191378,1.538441697050357,341.0,113.0,665.8,,"div(sub(mul(add(X2, X3), X1), mul(cube(mul(X2, X1)), add(add(X2, X3), X1))), mul(mul(sub(add(cube(mul(X2, X1)), square(add(add(X2, X3), X1))), mul(X1, mul(X2, div(sub(cube(mul(X3, mul(X2, X1))), add(sub(mul(mul(X3, mul(X1, X1)), mul(add(X2, X3), X1)), add(add(X2, X3), X1)), X2)), mul(square(log(X2)), mul(mul(mul(mul(sub(exp(add(cube(mul(X2, X1)), square(add(add(X2, X3), X1)))), quart(mul(X1, mul(X2, X3)))), X3), X3), X1), mul(add(X2, X3), X1))))))), mul(add(X2, X3), X1)), div(X1, sub(mul(mul(X3, X2), X1), mul(X1, X2)))))"
feynman_II_34_11,MRGPRegressor,ok,4.0,0.9789291056208692,0.8913498534172583,245.0,81.0,3007.6,,"mul(X3, mul(add(div(cube(X1), exp(mul(mul(exp(sub(X3, X4)), sub(X4, exp(X2))), square(X4)))), sub(mul(add(X1, X3), sub(X4, mul(X2, mul(mul(mul(X1, X3), sub(X4, X2)), X4)))), exp(X2))), mul(div(mul(X4, exp(sub(X1, X4))), exp(mul(mul(X4, sub(X4, X2)), X4))), mul(X4, sub(mul(add(X1, X3), sub(mul(X2, X1), mul(X4, mul(mul(add(sub(X1, X4), X3), sub(X4, X2)), X4)))), X1)))))"
feynman_II_34_29b,MRGPRegressor,ok,5.0,0.9997466991256194,2.4924078993749177,347.0,115.0,3002.4,,"mul(sub(div(quart(div(mul(add(X3, sub(X4, X2)), sub(X1, X2)), exp(X2))), mul(mul(X3, sub(add(X3, sub(mul(div(X2, exp(X2)), mul(mul(X5, X3), mul(X4, X1))), X2)), cos(mul(X5, div(mul(add(X3, sub(X4, X2)), sub(X1, X2)), exp(X2)))))), mul(X5, add(X1, add(X3, X3))))), mul(exp(X2), mul(mul(add(X5, X1), div(X3, exp(X2))), X4))), mul(mul(div(sin(div(mul(X3, X4), exp(X2))), exp(X2)), X3), mul(div(X2, exp(sqrt(mul(X4, X4)))), mul(mul(mul(X5, div(mul(add(X3, sub(X4, X2)), X5), X5)), sub(X1, X2)), mul(div(X2, exp(X2)), cube(X3))))))"
feynman_II_3_24,MRGPRegressor,ok,2.0,0.9998489468264812,0.0006086711902917,104.0,34.0,961.9,,"div(div(sub(X1, X2), exp(X2)), mul(mul(div(div(sub(X1, X2), exp(X2)), X1), mul(mul(cube(X2), X1), X2)), quart(mul(sub(X1, X2), div(mul(X2, X1), exp(X2))))))"
feynman_II_35_18,MRGPRegressor,ok,5.0,0.9651834529346012,0.0619247906225523,446.0,148.0,3014.6,,"div(mul(sqrt(square(mul(mul(X4, X3), cos(X2)))), mul(mul(X4, X2), add(square(X5), cube(sub(X1, sub(X3, sub(X5, X2))))))), sub(div(mul(sub(X3, sub(X5, X1)), sin(X1)), add(sub(div(cos(div(mul(sub(X2, X1), X3), quart(X4))), sqrt(cube(sub(X5, X4)))), add(div(mul(sub(X3, X4), sqrt(cube(sub(X4, sub(X3, sub(X5, X2)))))), X3), log(mul(mul(X1, sub(sqrt(X2), X2)), X1)))), X3)), add(div(cos(cos(X3)), log(mul(X1, X2))), mul(mul(X1, X5), sub(div(cos(div(X3, div(X5, quart(div(mul(sub(X3, X4), X1), div(mul(X4, X2), mul(X1, X3))))))), sqrt(cube(sub(X5, X2)))), add(div(div(div(mul(X1, cube(sqrt(cube(sub(X4, sub(X3, sub(X5, X2))))))), X1), log(mul(X4, X1))), div(cube(X5), X2)), sin(div(X1, log(quart(X2))))))))))"
feynman_II_35_21,MRGPRegressor,ok,5.0,0.949517455056054,1.152503882020226,440.0,146.0,3012.3,,"log(div(div(add(div(mul(X2, sin(X1)), log(mul(X4, mul(X5, X2)))), sqrt(add(X5, mul(X3, sin(div(mul(sub(X5, X4), sin(X1)), X4)))))), log(mul(div(cos(sub(X2, div(quart(mul(X3, X4)), X1))), cube(div(mul(X5, X1), quart(X3)))), add(X4, add(X4, mul(sub(X2, X4), X5)))))), cube(sin(log(sub(div(cos(div(mul(X3, X1), cos(div(div(mul(X5, sin(mul(sub(X3, X4), sin(X2)))), mul(sub(X3, X4), X1)), mul(X1, sin(X2)))))), sqrt(cube(sub(X5, X2)))), add(div(X5, log(mul(X1, square(sub(mul(X2, X1), mul(X4, mul(X2, sub(cos(X2), X2)))))))), sin(log(sub(X1, add(div(mul(sub(X3, X4), X5), log(div(cube(square(exp(cube(X3)))), cube(sin(exp(mul(sub(X3, X4), mul(X5, X2)))))))), sin(div(cos(X3), log(X2))))))))))))))"
feynman_II_38_14,MRGPRegressor,ok,2.0,0.9999002006894726,0.0020603174677585,104.0,34.0,2122.5,,"mul(div(div(mul(cube(X2), X1), square(X2)), div(X2, exp(X2))), div(mul(mul(X1, quart(exp(quart(square(sin(quart(X2))))))), exp(quart(X2))), square(div(quart(X2), exp(square(X2))))))"
feynman_II_36_38,MRGPRegressor,ok,8.0,0.8019956519577784,0.49002256965873,440.0,146.0,3109.2,,"add(cos(mul(add(cos(X2), mul(div(sqrt(quart(sub(X7, X5))), sub(div(exp(X4), exp(sqrt(X4))), square(add(X7, X8)))), div(sin(mul(X5, X1)), sqrt(mul(X1, sin(X3)))))), quart(cos(sub(X4, X2))))), mul(div(sqrt(quart(sub(div(sub(cos(quart(X3)), X6), div(exp(sqrt(quart(sub(X4, X1)))), add(cos(mul(X3, X2)), mul(div(sqrt(exp(add(X7, X3))), sub(div(exp(X4), exp(X1)), X4)), X7)))), X5))), mul(cos(sqrt(quart(X7))), quart(cos(sub(X1, X2))))), div(sin(quart(cos(X6))), div(sqrt(quart(sub(X1, X5))), sub(div(exp(sqrt(mul(X4, X1))), add(cos(mul(exp(X4), X2)), mul(square(add(mul(cos(sqrt(quart(X3))), mul(X7, mul(X2, X3))), X4)), div(sin(sin(div(exp(mul(X4, X3)), exp(X1)))), X2)))), exp(mul(X3, mul(sin(mul(X4, X3)), X3))))))))"
feynman_II_8_31,MRGPRegressor,ok,2.0,0.9999645893957768,0.0734723618381544,212.0,70.0,945.7,,"div(sub(mul(div(square(X2), mul(sub(add(add(cos(exp(X1)), cube(X2)), exp(X1)), add(X1, cube(X2))), X1)), mul(mul(X1, X2), X2)), mul(X2, mul(X1, X2))), mul(div(sqrt(X2), mul(X1, sin(sin(log(X2))))), add(X2, add(square(log(X2)), sub(mul(sub(add(square(X1), sub(add(square(log(X1)), sub(add(square(X2), cube(X2)), X1)), X1)), X1), X1), X2)))))"
feynman_I_10_7,MRGPRegressor,ok,3.0,0.9999385824266512,0.0086937779983584,371.0,123.0,573.6,,"add(div(mul(div(X2, mul(X1, div(add(div(mul(mul(X3, add(X2, sqrt(exp(quart(X3))))), X1), mul(mul(cos(sqrt(exp(X2))), cos(X3)), div(mul(X3, add(X2, exp(X3))), square(exp(X3))))), quart(div(X3, mul(exp(sub(X2, X3)), X1)))), X3))), cos(cube(mul(mul(X2, sqrt(X3)), div(X1, square(exp(X3))))))), mul(mul(cos(X3), sqrt(X3)), div(mul(X3, add(X2, X1)), square(exp(X2))))), quart(div(add(cube(exp(log(X3))), cos(quart(div(add(cube(X1), X2), mul(mul(exp(div(add(X3, cos(quart(div(add(cube(X1), X2), mul(mul(X2, mul(X2, X1)), exp(X3)))))), X2)), mul(X2, quart(mul(X3, mul(sin(X2), X1))))), exp(X3)))))), X2)))"
feynman_II_38_3,MRGPRegressor,ok,4.0,0.996215678127654,0.5326776473135508,446.0,148.0,3016.2,,"mul(sub(div(square(sub(quart(X1), square(X4))), mul(mul(sub(div(add(cos(cube(X3)), square(sub(X4, X1))), mul(cube(mul(sqrt(exp(sub(add(X2, X1), add(X3, X3)))), X4)), mul(mul(X1, X2), mul(log(cube(mul(X3, X4))), exp(sub(add(X2, X1), X3)))))), cube(add(X1, square(add(cos(sub(X2, X1)), X3))))), div(quart(mul(square(mul(sqrt(exp(sub(X4, X3))), X3)), square(mul(sqrt(X1), div(mul(sub(X4, X3), sub(add(X2, X1), X3)), X1))))), mul(X3, square(mul(cos(sub(X2, X1)), X4))))), mul(mul(X1, X2), mul(X2, exp(sub(add(X2, X1), X3)))))), X3), div(quart(mul(square(mul(sqrt(exp(sub(X4, add(X3, X3)))), cos(X1))), square(mul(add(add(X4, X3), X2), X4)))), mul(sqrt(X3), square(mul(cos(cos(sub(X2, X1))), sub(add(X2, X1), add(X3, cos(X3))))))))"
feynman_II_4_23,MRGPRegressor,ok,3.0,0.8102145549989908,0.021758999983192,326.0,108.0,3019.1,,"add(add(add(sin(mul(X2, X1)), sin(mul(X2, X1))), cube(add(add(sqrt(X1), cos(mul(mul(div(mul(div(sub(X3, X1), exp(X3)), X2), exp(X2)), cos(cube(sin(X2)))), cos(mul(div(sub(X3, X1), exp(X2)), mul(sub(cube(square(cos(sin(X2)))), X1), X1)))))), X1))), mul(sub(square(add(X2, mul(exp(X2), X3))), mul(X1, exp(X3))), sqrt(add(cube(mul(sub(cube(X1), X1), sqrt(add(cube(sub(cube(X3), X1)), cos(mul(mul(div(mul(div(sub(X3, X1), exp(X2)), add(X3, X2)), exp(X2)), X2), X2)))))), cube(cube(mul(sub(cube(square(cos(X2))), X1), X1)))))))"
feynman_I_11_19,MRGPRegressor,ok,6.0,0.9996275164720302,0.1940017889504056,329.0,109.0,876.3,,"mul(mul(div(mul(mul(mul(X2, X5), X4), add(X5, X1)), mul(div(mul(mul(mul(X2, X5), add(X1, X2)), add(X5, X1)), mul(X4, X1)), mul(div(add(X5, X1), X3), X6))), mul(div(add(X5, X1), X3), X2)), mul(add(div(X3, mul(X4, X1)), add(mul(mul(mul(mul(X2, X5), div(X5, X5)), add(X5, X1)), mul(div(mul(mul(mul(X2, X5), X4), X6), mul(mul(X2, X5), div(add(X5, X1), X3))), X5)), add(add(X4, X1), add(mul(div(sub(X5, add(sub(X3, add(X6, X2)), add(X6, add(X4, sin(quart(X5)))))), X6), X6), mul(X3, X6))))), X3))"
feynman_I_12_1,MRGPRegressor,ok,2.0,0.9999470365014238,0.0328784586863098,257.0,85.0,597.1,,"div(div(div(mul(X1, add(X2, X1)), add(mul(div(mul(mul(div(mul(mul(quart(X1), X2), quart(X1)), sqrt(X2)), mul(sqrt(div(sqrt(X1), mul(mul(div(mul(mul(sqrt(X1), mul(sqrt(X1), mul(X2, sin(X1)))), quart(X1)), sqrt(sin(X1))), mul(sqrt(div(sqrt(X1), X1)), mul(X2, sin(X1)))), X1))), X2)), X1), mul(div(X2, X1), quart(X1))), mul(exp(X1), sin(mul(sqrt(X1), X2)))), X1)), X1), mul(div(X2, X1), quart(log(exp(exp(X1))))))"
feynman_II_6_11,MRGPRegressor,ok,4.0,0.918895723390033,0.0056512723246865,410.0,136.0,3015.6,,"add(sin(div(cos(quart(sqrt(sqrt(mul(mul(X4, X2), mul(div(X3, exp(X4)), mul(div(X4, X3), mul(X3, sub(add(sin(div(cos(quart(X4)), div(exp(cos(mul(X4, mul(X2, div(square(X4), exp(X4)))))), div(quart(cube(div(div(sin(X3), exp(X4)), X3))), X1)))), mul(sin(sub(X4, cos(X3))), square(sqrt(mul(mul(X4, mul(X3, sub(X2, X1))), X1))))), X1))))))))), div(exp(div(sin(sub(X2, X1)), exp(X2))), div(quart(cube(exp(X4))), mul(X4, mul(div(div(X3, exp(X4)), X3), mul(X4, mul(X3, sub(X2, X1))))))))), mul(sin(sub(sub(square(X4), mul(div(X2, exp(X4)), mul(X2, div(div(cos(X3), exp(X4)), exp(X1))))), cos(X3))), square(div(div(sin(X3), exp(X4)), div(exp(X1), sub(X2, X1))))))"
feynman_II_6_15a,MRGPRegressor,ok,6.0,-0.9911324268792728,0.5039889823041217,437.0,145.0,3021.9,,"div(div(sin(quart(mul(exp(X4), X2))), mul(log(quart(div(div(exp(mul(add(X5, X2), X1)), div(sin(quart(mul(X4, mul(X5, cube(X3))))), mul(log(quart(div(div(exp(mul(add(X5, X3), X1)), log(cos(sin(quart(mul(exp(X4), mul(X1, cube(X3)))))))), mul(X5, cube(square(X3)))))), sub(sqrt(quart(square(mul(X5, X5)))), X2)))), cube(exp(X3))))), div(div(sqrt(div(exp(mul(X6, X3)), X3)), square(mul(sin(quart(mul(exp(X4), mul(X1, cube(X3))))), cos(mul(X1, log(quart(div(div(exp(mul(X3, X1)), log(cos(sin(quart(mul(exp(X4), mul(X1, cube(X3)))))))), X2)))))))), div(quart(div(sqrt(div(X1, exp(sub(add(X1, X3), X2)))), cube(exp(X3)))), cos(mul(X6, X3)))))), div(quart(cube(div(sub(add(X1, X3), sin(X2)), cube(exp(X3))))), cos(mul(X6, X3))))"
feynman_II_6_15b,MRGPRegressor,ok,4.0,-0.901427952624847,0.0467219483778058,449.0,149.0,3033.1,,"div(log(mul(quart(square(div(sin(mul(X3, mul(X4, square(sqrt(square(X3)))))), exp(X4)))), div(mul(cube(X4), mul(X3, X4)), square(sqrt(mul(mul(X4, X2), X4)))))), mul(cube(sub(sin(X1), add(X4, sin(div(cos(quart(X4)), div(mul(sin(sin(mul(quart(sub(quart(sqrt(X2)), cube(X4))), X3))), div(mul(sin(sub(quart(mul(cube(X4), mul(X3, exp(mul(X4, X4))))), sqrt(quart(mul(square(cube(X4)), mul(X4, mul(X3, X1))))))), mul(quart(square(div(X1, square(div(sin(X3), exp(X4)))))), mul(X3, log(sin(mul(mul(X3, X2), sqrt(X3))))))), sin(mul(quart(sub(quart(mul(X3, mul(X4, X3))), cube(sin(X3)))), X3)))), X1)))))), mul(cos(sub(X4, X3)), mul(div(mul(cube(cube(cube(X4))), mul(X3, div(X1, exp(X4)))), exp(sqrt(sub(sin(exp(X4)), sub(div(X3, exp(X4)), X2))))), square(X3)))))"
feynman_I_12_5,MRGPRegressor,ok,2.0,0.9999499342122224,0.0342257105704133,374.0,124.0,860.8,,"mul(div(X2, mul(div(mul(X2, X1), sin(X2)), div(div(sin(mul(X2, X1)), sin(X2)), sin(mul(X1, X2))))), div(div(sin(div(sin(mul(div(sin(mul(div(X2, div(exp(exp(sin(X2))), X2)), div(sin(mul(sin(mul(div(sin(mul(div(X2, div(exp(exp(sin(X2))), X2)), div(sin(mul(div(X2, mul(div(mul(X2, X1), sin(X2)), div(sin(mul(X2, X1)), sin(X2)))), X1)), mul(mul(X1, X2), mul(X2, X1))))), X2), X2)), X1)), mul(mul(X1, X2), mul(X2, X1))))), X2), X2)), X2)), mul(mul(div(mul(mul(div(div(sin(mul(div(sin(X1), X2), sin(X1))), mul(mul(mul(X1, X2), X1), X1)), X2), X2), X1), X1), X1), X1)), X1))"
feynman_II_8_7,MRGPRegressor,ok,3.0,0.9991228754429304,0.0018747142256621,284.0,94.0,3013.5,,"add(mul(X2, mul(X3, X2)), mul(add(mul(exp(sub(X1, add(X3, mul(sub(X1, X2), mul(X1, exp(sub(X1, X3))))))), X2), mul(mul(mul(mul(sin(X1), exp(sub(X1, X2))), mul(X1, mul(exp(sub(X1, add(X3, X2))), X1))), cos(exp(sub(mul(X1, X3), add(X3, X2))))), square(div(mul(exp(X1), X3), cube(exp(X3)))))), sqrt(div(div(mul(exp(sub(sin(X1), X2)), mul(X1, exp(sin(X2)))), cube(exp(X3))), sub(exp(mul(exp(X2), mul(X3, mul(X1, X3)))), sin(mul(X2, X3)))))))"
feynman_I_13_4,MRGPRegressor,ok,4.0,0.9999274439998896,0.194570046166005,239.0,79.0,797.6,,"div(mul(square(X3), X4), div(mul(add(mul(square(X1), square(X1)), add(mul(square(X3), X3), div(add(square(X1), mul(X4, mul(X4, X1))), X1))), X3), add(sub(add(mul(div(mul(add(exp(X3), add(X2, X3)), X1), X1), mul(square(X2), X1)), mul(X4, mul(X4, X1))), sqrt(add(mul(square(X3), add(X2, X3)), X1))), div(add(add(mul(square(X3), X1), mul(add(X2, X3), X1)), mul(X4, mul(X4, X1))), X1))))"
feynman_I_14_3,MRGPRegressor,ok,3.0,0.9999462347589316,0.1387646827536273,197.0,65.0,687.1,,"mul(sin(X1), add(X3, mul(mul(X1, add(X3, X2)), mul(add(mul(X1, add(X3, X2)), mul(log(div(div(mul(sin(X1), add(X3, X2)), X3), sin(mul(sin(mul(sqrt(div(mul(mul(X1, X3), X2), mul(exp(mul(X1, add(X3, X2))), log(mul(X2, X3))))), exp(X3))), mul(X2, X3))))), X1)), add(log(X3), add(X2, mul(X1, X2)))))))"
feynman_I_14_4,MRGPRegressor,ok,2.0,0.9846783065541528,1.9510744641568896,200.0,66.0,594.4,,"mul(mul(cos(X2), mul(mul(exp(square(X1)), mul(sub(div(square(X2), quart(X2)), sub(add(add(X1, X1), cos(mul(div(quart(X2), mul(mul(X2, mul(X1, X2)), cos(div(X1, div(mul(X2, mul(X1, X2)), square(cos(X2))))))), mul(mul(X1, X2), mul(cube(X1), cos(X2)))))), add(X1, mul(X1, X2)))), div(X2, log(X2)))), X1)), exp(cos(X2)))"
feynman_I_12_11,MRGPRegressor,ok,5.0,0.9996900004720124,0.4138500036037674,377.0,125.0,3007.2,,"mul(mul(quart(mul(mul(mul(square(X5), mul(mul(sqrt(mul(X5, add(X4, mul(mul(quart(mul(square(X5), mul(mul(X1, sin(X5)), mul(X3, X4)))), mul(mul(X1, X2), mul(X5, mul(X5, add(X3, X4))))), X4)))), mul(mul(mul(X3, X1), X4), X5)), mul(mul(mul(X1, sin(X5)), X4), X5))), mul(X3, X4)), mul(mul(mul(X1, X4), square(X5)), X5))), mul(X3, mul(mul(sqrt(mul(X5, add(X5, mul(X1, X5)))), mul(mul(mul(X3, mul(X1, sin(X5))), sin(X5)), X5)), X1))), mul(mul(mul(sin(X5), X3), X4), mul(mul(sin(X5), add(mul(mul(square(X5), X3), mul(sin(X5), X4)), mul(mul(mul(sin(square(X5)), X3), X4), mul(X5, X1)))), log(X2))))"
feynman_I_15_3t,MRGPRegressor,ok,4.0,0.9999557650691484,0.0081383230574591,413.0,137.0,566.2,,"div(sub(div(mul(div(mul(add(X4, X3), sub(X3, X2)), exp(X2)), square(X2)), mul(X4, mul(X3, mul(div(X1, div(sub(X1, X4), exp(X2))), div(sub(div(mul(X4, X3), mul(mul(div(mul(add(X4, X3), sub(X3, X2)), exp(X2)), div(mul(X3, sub(square(X2), cube(X2))), X2)), mul(X3, mul(div(X1, exp(X2)), div(sub(add(mul(mul(div(sub(X1, X4), exp(X2)), X3), mul(X3, cube(square(X2)))), X4), X2), X1))))), mul(mul(X2, X4), X1)), mul(mul(sub(X1, X2), mul(mul(X2, sqrt(X2)), X2)), X1)))))), div(sub(X1, X4), exp(X2))), mul(mul(div(mul(add(X4, X3), sub(exp(X3), X2)), exp(X2)), mul(mul(X2, sqrt(X2)), X2)), mul(square(sub(X4, X1)), mul(X2, div(sub(X4, X1), X4)))))"
feynman_I_12_2,MRGPRegressor,ok,4.0,0.9921179702834826,0.0083770409672641,332.0,110.0,3003.4,,"div(div(mul(cube(div(sub(sub(X1, add(X3, X4)), X4), exp(X4))), mul(mul(exp(sub(mul(sub(X1, add(X3, X4)), exp(X1)), exp(sub(sub(X2, add(X3, mul(X3, X1))), X4)))), quart(X4)), X1)), div(mul(exp(cube(X4)), square(sub(mul(X1, exp(sub(sin(X2), add(X3, X4)))), X1))), mul(exp(sub(mul(X3, exp(sub(sin(X2), add(X3, X4)))), div(mul(sub(X2, X4), sub(sub(X1, add(X3, X4)), X4)), exp(X4)))), log(X1)))), div(mul(exp(X3), square(sub(div(X2, exp(X4)), X1))), mul(exp(sub(mul(X3, exp(sub(X2, add(X3, X3)))), cube(X4))), sin(X2))))"
feynman_I_12_4,MRGPRegressor,ok,3.0,0.9997756475525328,0.0003013495736004,305.0,101.0,3007.0,,"div(div(sub(X1, cube(div(sub(X1, X2), exp(X3)))), exp(square(X2))), mul(mul(mul(mul(mul(mul(X1, X2), div(square(X2), exp(X2))), div(square(div(sub(X1, X2), exp(X3))), exp(cube(X2)))), square(mul(mul(X1, div(mul(mul(exp(sub(X3, X2)), div(div(sub(X1, X2), exp(X3)), exp(X3))), square(cube(X3))), X3)), square(cube(cube(X3)))))), div(square(quart(X2)), exp(cube(X2)))), square(mul(mul(X1, div(mul(mul(exp(sub(X3, X2)), div(div(sub(X1, X2), exp(X3)), exp(X3))), square(cube(X3))), X3)), square(cube(cube(X3)))))))"
feynman_I_15_3x,MRGPRegressor,ok,4.0,0.9781180093956336,0.2407574066365231,320.0,106.0,792.6,,"sub(sqrt(add(cos(X3), sub(mul(X3, mul(X4, X3)), mul(mul(X4, X3), sub(X2, X3))))), add(add(sub(sqrt(add(sin(X1), mul(X4, cos(exp(mul(X2, X3)))))), add(sub(sqrt(mul(div(sub(X2, div(exp(log(mul(sub(mul(sub(X1, X3), square(X3)), X3), square(X3)))), mul(X4, X2))), exp(mul(div(sub(X2, X3), exp(X3)), X1))), X1)), exp(add(sub(add(sub(X2, X3), log(quart(X3))), X3), log(quart(X3))))), square(div(exp(log(mul(mul(X1, square(X3)), square(X3)))), mul(X4, X2))))), sin(exp(mul(square(quart(X3)), X3)))), log(mul(X1, square(X3)))))"
feynman_I_15_10,MRGPRegressor,ok,3.0,0.8792966044030023,0.5901866615210615,317.0,105.0,1629.5,,"sub(mul(div(add(div(div(X3, quart(X3)), quart(X3)), cube(exp(mul(mul(add(X2, X1), X2), X2)))), mul(cube(cos(X3)), X2)), sub(square(cube(X2)), sin(sub(mul(add(mul(mul(quart(X3), X1), X2), cube(exp(mul(mul(add(X2, X1), X3), X2)))), X3), log(cos(mul(mul(mul(quart(X3), mul(add(X1, X2), X3)), X2), div(mul(mul(mul(quart(X3), X3), mul(X2, quart(X3))), exp(X2)), mul(X3, sub(mul(X2, X1), X1)))))))))), cube(div(div(sub(cube(X1), mul(exp(X3), X1)), X2), quart(sqrt(mul(mul(quart(X3), mul(add(X1, X2), X3)), X2))))))"
feynman_I_13_12,MRGPRegressor,ok,5.0,-0.0254660174022163,10.602092431742223,446.0,148.0,3096.6,,"log(sub(div(cos(div(mul(cos(sub(X3, X3)), div(mul(square(sub(mul(X4, X5), sub(X1, add(sqrt(X2), cube(X4))))), X2), X1)), mul(sin(cos(X3)), X5))), sqrt(cube(mul(sin(quart(add(log(mul(X2, X3)), sin(quart(add(log(X1), X5)))))), add(mul(sub(X4, X3), X5), log(sub(div(exp(X1), cube(mul(quart(X3), square(sub(X4, X1))))), div(mul(add(div(mul(sub(X3, X4), X1), log(mul(X4, X2))), quart(X1)), X4), log(mul(div(cos(div(mul(X2, mul(sub(X4, X3), X5)), quart(X4))), sqrt(cube(cube(X2)))), X2)))))))))), add(div(mul(sub(X3, X4), mul(X2, mul(sub(X4, X3), X5))), sub(div(cos(div(mul(X1, X3), quart(X4))), sqrt(cube(sub(X3, X2)))), add(div(mul(X5, X4), log(mul(X4, mul(cos(X4), X1)))), sin(div(X3, cos(X3)))))), sin(log(X5)))))"
feynman_I_16_6,MRGPRegressor,ok,3.0,0.9864132016809172,0.1399103092745034,368.0,122.0,1120.8,,"add(mul(div(mul(sub(X3, sqrt(X3)), sub(X1, X2)), add(mul(div(add(X2, X3), cube(exp(exp(X1)))), mul(add(mul(mul(sub(add(X2, X3), X1), mul(sub(X3, X1), sub(X1, X2))), X1), sqrt(square(X2))), exp(X1))), sub(X2, cos(X1)))), mul(sub(X1, mul(X2, sqrt(X3))), exp(mul(X1, mul(sin(X3), sqrt(X2)))))), square(mul(add(div(mul(sub(add(X2, X3), cos(X1)), mul(sub(X3, X1), square(mul(add(div(mul(sub(add(X2, X3), cos(X1)), mul(sub(X3, X1), sub(X1, X2))), mul(exp(mul(X1, X3)), X2)), quart(X3)), mul(square(mul(X2, sub(X3, X2))), X2))))), X1), sub(X1, quart(X1))), mul(X1, mul(X3, sqrt(X3))))))"
feynman_I_18_4,MRGPRegressor,ok,4.0,0.9960900353704486,0.0590258558687458,440.0,146.0,842.7,,"add(div(add(div(sub(mul(mul(add(mul(X3, mul(mul(mul(sub(mul(X1, X3), mul(X1, X4)), X1), X1), X4)), mul(mul(sub(X3, X4), X2), mul(X4, X2))), X1), X3), mul(mul(square(X3), X1), X2)), mul(sin(X2), X4)), sqrt(div(div(sub(mul(mul(X3, mul(mul(mul(X2, mul(mul(sub(X3, X4), X2), X4)), sqrt(X1)), X2)), mul(mul(cos(X1), mul(mul(sub(X4, mul(add(mul(X3, mul(mul(mul(sub(mul(X1, X3), mul(X1, X4)), X1), X2), X4)), mul(cube(X2), X2)), X1)), X4), X3)), X2)), X1), mul(mul(mul(sub(X3, X4), X2), X2), X1)), sin(mul(mul(mul(X2, mul(mul(sub(X3, X4), X2), X2)), sqrt(X1)), X2))))), sub(X4, cos(quart(sqrt(X1))))), sqrt(div(mul(mul(mul(X2, mul(mul(sub(X3, X4), X2), X2)), sqrt(X1)), X2), X1)))"
feynman_I_25_13,MRGPRegressor,ok,2.0,0.999967112360298,0.004687609370586,224.0,74.0,823.3,,"mul(sqrt(mul(square(X2), sub(X1, div(sub(X1, X2), sin(div(sub(X1, X2), exp(div(sub(X1, X2), exp(sqrt(mul(quart(X2), sub(X1, div(sub(X1, X2), exp(X2)))))))))))))), div(add(X1, sqrt(square(div(mul(X2, sub(mul(quart(X2), sub(X1, div(X1, add(X1, sqrt(square(div(mul(X2, sub(mul(quart(X2), sub(X1, div(sub(X1, X2), exp(X2)))), X1)), X2))))))), X1)), X2)))), X2))"
feynman_I_24_6,MRGPRegressor,ok,4.0,0.9996266944055372,0.2928757513182031,404.0,134.0,1822.6,,"sub(div(sin(mul(div(div(square(quart(X4)), add(sqrt(square(X3)), add(X3, add(sqrt(square(X3)), mul(add(X2, X3), X4))))), div(cos(mul(X1, X3)), cos(mul(mul(X1, exp(X4)), X3)))), exp(add(X1, exp(X4))))), add(mul(X1, sub(div(mul(cube(X2), cos(mul(mul(X1, mul(X4, X4)), X3))), exp(X4)), mul(add(mul(exp(X2), X4), X2), add(mul(X2, X1), mul(X1, X4))))), sub(X2, cos(mul(sub(mul(mul(X3, sub(cos(X4), mul(add(X3, X1), X4))), X3), X4), sqrt(mul(X4, X2))))))), mul(add(X2, add(sqrt(add(mul(X4, add(X4, mul(X1, X2))), mul(square(X3), mul(X1, X4)))), mul(X3, X4))), add(mul(add(X3, add(sqrt(square(X3)), mul(add(X2, X3), X4))), add(X1, X4)), X1)))"
feynman_I_18_12,MRGPRegressor,ok,3.0,0.7138861956069741,3.660422746362383,308.0,102.0,3029.7,,"div(mul(exp(log(mul(X3, mul(mul(sin(X3), X2), X1)))), add(add(div(div(exp(X3), X2), square(exp(mul(add(mul(add(X3, square(sin(X3))), mul(sin(X3), X2)), mul(X1, X1)), log(div(X1, sqrt(sub(cos(sin(cube(sqrt(add(div(mul(square(exp(sin(X3))), sin(X3)), square(exp(mul(add(mul(sqrt(sub(quart(mul(X3, X3)), div(mul(square(sin(X3)), add(X2, X1)), X3))), X2), mul(X3, X1)), log(div(X2, mul(X3, mul(X1, X2)))))))), X2))))), square(X1))))))))), X2), X2)), square(exp(div(mul(sin(X3), add(X2, X1)), exp(X3)))))"
feynman_I_18_14,MRGPRegressor,ok,4.0,0.6865502624714699,13.155158183429531,338.0,112.0,3004.2,,"mul(X2, mul(mul(mul(X2, mul(mul(mul(X2, X3), div(X2, div(X4, mul(sin(X4), X1)))), mul(mul(X3, X4), X4))), add(X2, X3)), div(sqrt(X4), add(square(cos(exp(mul(mul(exp(mul(mul(mul(X2, sin(X4)), X1), mul(mul(mul(sin(X4), X4), mul(X1, X3)), div(sqrt(mul(X2, X3)), mul(X4, X3))))), X1), mul(X3, div(sqrt(mul(X2, mul(sin(X4), X3))), mul(X3, add(X4, mul(X4, X1))))))))), div(mul(X4, mul(X2, X4)), div(X4, mul(sin(mul(X3, add(square(cos(mul(mul(mul(sin(X4), X1), X3), X2))), div(mul(X4, X4), div(X4, mul(X4, X1)))))), X1)))))))"
feynman_I_26_2,MRGPRegressor,ok,2.0,0.9998770799611868,0.0040788169112831,170.0,56.0,2288.5,,"div(mul(mul(square(square(X2)), mul(mul(cube(cos(X2)), mul(mul(X2, X1), exp(X1))), sin(X2))), mul(square(mul(X2, X1)), mul(X1, exp(add(X1, X1))))), div(sin(quart(X2)), exp(div(mul(mul(exp(X1), X2), sin(mul(mul(mul(sin(X2), X1), X1), cos(square(X2))))), div(X1, exp(X2))))))"
feynman_I_27_6,MRGPRegressor,ok,3.0,0.9997311646975604,0.0066928912329742,347.0,115.0,2342.7,,"mul(mul(add(square(quart(add(X1, X3))), log(cube(mul(mul(log(cube(mul(X3, square(add(X3, X2))))), sub(div(mul(mul(X3, mul(X3, X1)), sqrt(X2)), X1), log(X3))), square(X3))))), sub(div(mul(mul(X3, mul(quart(X3), X1)), sqrt(cube(X3))), X1), mul(X1, exp(X1)))), sub(div(mul(mul(X1, X3), sqrt(add(cos(sqrt(div(mul(mul(X1, mul(X1, X2)), X3), mul(exp(mul(X1, X3)), X2)))), mul(div(mul(square(X1), X3), sub(div(exp(X2), exp(X1)), X1)), div(log(quart(X1)), sub(X2, X1)))))), sin(sub(cos(X3), sub(X3, X2)))), log(log(mul(X3, mul(mul(square(sub(X2, X1)), X3), X3))))))"
feynman_I_29_4,MRGPRegressor,ok,2.0,0.9763004785849524,0.2197315636120091,260.0,86.0,2254.0,,"sub(div(mul(X1, cos(X2)), exp(log(mul(mul(quart(X2), div(mul(mul(exp(X2), cos(X2)), mul(quart(X2), div(mul(div(mul(exp(X2), cos(X2)), X2), div(div(add(square(X2), div(sub(X2, sub(add(X2, div(sub(X1, sub(div(sub(X1, add(cos(cube(X2)), div(sub(div(sub(X1, X2), exp(X2)), X2), exp(X2)))), exp(X2)), X2)), exp(X2))), X2)), exp(X2))), exp(X2)), exp(cube(X2)))), X2))), X2)), quart(X2))))), add(X1, exp(cos(X2))))"
feynman_I_34_1,MRGPRegressor,ok,3.0,0.9995271413863512,0.0404298432705184,323.0,107.0,904.0,,"div(mul(X2, div(mul(square(div(mul(X2, sub(div(mul(sub(X2, X1), sub(X3, X1)), exp(X2)), X1)), exp(X1))), div(div(mul(sub(X2, X1), sub(X3, X1)), exp(X1)), cos(X2))), exp(sub(X2, X1)))), mul(cube(cube(log(square(X2)))), exp(sub(div(cos(X3), sqrt(X2)), div(mul(cube(div(exp(X1), exp(mul(X1, div(X3, exp(X1)))))), div(mul(square(div(mul(sub(sub(X1, X2), X2), sub(div(mul(sub(X2, X1), sub(X3, X1)), exp(X1)), X1)), exp(X1))), cube(X1)), exp(X3))), mul(mul(mul(mul(X1, X3), exp(X2)), X3), exp(sub(X2, X1))))))))"
feynman_I_29_16,MRGPRegressor,ok,4.0,0.842480427778133,0.7708971561064942,392.0,130.0,3006.6,,"add(quart(div(div(sub(cube(div(add(mul(X1, X2), cos(mul(mul(square(sub(mul(X1, exp(cos(sub(X4, X3)))), X2)), mul(X2, div(add(mul(X1, mul(X2, cos(sub(X3, X4)))), X2), exp(square(sub(X3, X4)))))), X2))), exp(square(cube(sqrt(sub(X4, X3))))))), add(mul(X1, mul(mul(X2, cos(sub(X3, X4))), cos(square(log(sub(X4, X3)))))), div(sqrt(cos(X2)), exp(X1)))), quart(mul(X1, exp(X3)))), add(div(X1, cube(cube(sub(X3, X4)))), div(mul(mul(X3, mul(X2, cos(mul(X2, div(add(mul(X1, exp(X2)), X2), exp(square(sub(X3, X4)))))))), X2), mul(X2, cos(sub(X3, X4))))))), mul(mul(cube(cos(cube(X4))), exp(cos(sub(X4, X3)))), mul(X2, cos(sub(X3, X3)))))"
feynman_I_34_27,MRGPRegressor,ok,2.0,0.998613015021217,0.0331191391946214,446.0,148.0,495.6,,"div(sub(mul(sub(mul(div(X2, cos(sin(sub(mul(sqrt(sqrt(sin(X2))), X2), X2)))), div(X2, cos(sin(X2)))), mul(X1, X2)), div(X2, cos(sin(cos(add(X2, X2)))))), div(sub(X2, mul(mul(X1, div(add(X1, X1), sub(mul(sin(X2), div(X2, cos(sin(cos(add(X2, X2)))))), div(sub(X2, mul(mul(X2, div(add(X1, sin(X2)), div(sin(X2), add(X2, X1)))), X2)), X2)))), mul(sqrt(sqrt(sin(X2))), X2))), sub(add(mul(X1, X2), cos(mul(sqrt(sqrt(mul(sqrt(div(sub(mul(sqrt(sqrt(sin(X2))), X2), mul(sqrt(sin(X2)), X1)), X2)), X2))), X2))), log(sin(X1))))), div(mul(sub(mul(sqrt(X1), X2), X2), mul(X2, mul(X2, X1))), div(add(X2, X1), div(div(add(X1, X2), div(sin(X2), div(sub(sin(X2), mul(X2, X1)), cos(add(X1, X2))))), sin(X2)))))"
feynman_I_34_14,MRGPRegressor,ok,3.0,0.9998966675059472,0.0132378007882337,347.0,115.0,1057.7,,"add(mul(add(mul(add(mul(X1, add(mul(add(mul(add(mul(mul(X2, sub(X2, X1)), X1), mul(X2, X3)), X1), sin(X3)), X1), square(mul(quart(sub(square(X1), X2)), mul(X1, X3))))), mul(X2, sub(X2, X1))), X2), cube(mul(add(mul(add(mul(mul(add(X3, square(X1)), sub(X2, X1)), X1), mul(mul(X1, X3), square(X1))), X1), cube(X1)), mul(X1, X2)))), X3), square(mul(log(cube(cube(X3))), mul(mul(mul(sub(X2, X1), X1), X3), mul(div(X3, X1), mul(quart(cube(X1)), square(add(mul(add(mul(mul(add(X3, square(X1)), sub(X2, X1)), X1), mul(mul(X1, X3), square(X2))), X1), cube(X2)))))))))"
feynman_I_30_3,MRGPRegressor,ok,3.0,-0.993782473279065,2.794132804791606,371.0,123.0,3178.4,,"mul(mul(sin(sub(quart(div(square(mul(sin(X2), log(add(mul(cos(add(X2, X3)), X2), sin(X3))))), div(sqrt(quart(mul(square(mul(X1, quart(quart(X2)))), X1))), exp(sin(cube(exp(X1))))))), div(cos(X3), sqrt(X2)))), cube(sin(sub(mul(X2, cos(log(div(sqrt(sqrt(square(mul(mul(sin(sub(quart(cube(X2)), div(cos(X3), sqrt(X2)))), mul(square(cos(add(X2, X3))), add(quart(X2), X1))), X1)))), sin(add(X3, X1)))))), log(X1))))), cos(cube(cube(div(mul(X2, add(sin(log(exp(sin(sqrt(X2))))), quart(mul(cos(mul(cube(X3), div(X2, X3))), add(cube(sqrt(square(cos(add(X2, X3))))), mul(square(X2), cos(X3))))))), div(X2, mul(square(X2), cos(X3))))))))"
feynman_I_30_5,MRGPRegressor,ok,3.0,0.9994016382645562,0.0039490192230286,302.0,100.0,3005.2,,"add(div(mul(mul(sub(mul(X1, sin(X2)), X1), sqrt(exp(sub(X1, add(X3, X2))))), X1), exp(X1)), div(mul(mul(X3, mul(X1, sub(sin(X3), X2))), add(div(mul(mul(sub(sin(X1), X2), exp(sub(X1, X3))), cos(sin(X1))), mul(mul(sub(mul(X1, X2), X1), sqrt(exp(sub(X1, add(X3, X2))))), X1)), div(div(div(sub(div(mul(X3, sqrt(exp(sub(X1, add(X3, X2))))), exp(X3)), sub(div(mul(mul(X3, X2), X3), X2), div(X2, exp(X2)))), exp(X3)), exp(exp(sin(mul(X3, X1))))), cos(X1)))), cube(X3)))"
feynman_I_32_17,MRGPRegressor,ok,6.0,0.941472946373675,1.0401516314072556,434.0,144.0,3013.9,,"mul(add(mul(X4, mul(exp(add(X1, X3)), mul(X5, sin(X3)))), mul(add(mul(exp(sub(X5, X6)), add(X1, X3)), X3), X4)), mul(add(mul(exp(X6), mul(exp(add(X2, X3)), X1)), log(sub(cos(cos(X6)), sqrt(X6)))), mul(mul(add(mul(X6, mul(exp(X4), X6)), X3), mul(div(cube(exp(sub(X5, X6))), exp(X3)), mul(X5, X2))), mul(sub(mul(add(mul(X6, mul(X5, mul(X3, mul(X2, mul(exp(sub(X5, X6)), X4))))), mul(add(mul(exp(sub(X5, X6)), add(X2, X3)), X2), X3)), mul(add(X5, mul(mul(mul(X2, add(mul(exp(sub(sub(X5, X6), X6)), add(X2, X3)), X1)), mul(mul(X3, mul(exp(X5), X1)), exp(X4))), add(X4, X1))), mul(mul(X4, mul(X3, mul(X5, X4))), mul(log(X4), exp(sub(X2, X1)))))), X5), exp(X6)))))"
feynman_I_39_1,MRGPRegressor,ok,2.0,0.999936590179492,0.0666020845711722,77.0,25.0,604.7,,"mul(add(mul(add(mul(X1, sin(X2)), sub(square(X1), cos(cube(X2)))), sin(X2)), sub(square(X1), X1)), div(mul(X1, X2), X2))"
feynman_I_32_5,MRGPRegressor,ok,4.0,0.8255138761196597,0.4135136478268265,452.0,150.0,3004.4,,"div(sub(sub(mul(X2, square(X2)), cos(X3)), mul(add(X1, mul(X2, exp(sub(sin(X1), X4)))), sqrt(mul(div(X4, exp(X4)), exp(sub(X3, X4)))))), cube(mul(add(X3, cos(div(sqrt(mul(mul(sub(log(exp(X2)), mul(exp(sub(sub(X1, X3), X4)), exp(X2))), X2), sqrt(add(exp(sub(X1, X1)), X3)))), exp(mul(add(X3, X4), sqrt(mul(exp(sub(sub(X1, X4), X4)), mul(add(X3, cos(div(X4, exp(mul(add(X3, X4), sqrt(mul(exp(sub(sub(X1, X4), X4)), sub(X1, X4)))))))), exp(sub(X2, sub(X4, X2))))))))))), sqrt(mul(mul(sub(log(exp(sub(div(sub(X1, mul(add(X4, cos(X4)), sqrt(mul(sub(mul(sub(X4, X1), exp(sub(X2, X4))), X4), exp(sub(X4, X4)))))), exp(X1)), X2))), mul(exp(sub(sub(X1, X4), X4)), exp(sub(X2, X3)))), exp(sub(X1, X4))), X4)))))"
feynman_I_34_8,MRGPRegressor,ok,4.0,0.9999060384312608,0.1153473396309315,446.0,148.0,2523.2,,"mul(mul(div(sub(X4, X2), exp(X1)), sin(div(sub(cube(X4), add(X1, X4)), sin(log(X1))))), mul(mul(mul(mul(mul(X3, sub(X4, X2)), X1), sub(X4, mul(mul(X2, X1), X4))), mul(sqrt(mul(mul(mul(div(sub(X4, mul(mul(mul(div(sub(X4, X2), exp(X4)), sub(X1, X4)), exp(X4)), mul(mul(mul(X1, X3), mul(mul(X2, X1), mul(mul(X3, X4), X4))), mul(div(X4, exp(X4)), mul(mul(X3, exp(X4)), div(mul(mul(X3, sub(X4, X2)), sub(X1, X4)), exp(X4))))))), exp(X4)), sub(X1, X4)), exp(X4)), mul(X1, mul(X4, mul(mul(X3, sub(sub(X1, X4), X2)), sub(X1, X4)))))), mul(div(div(mul(mul(X3, mul(mul(mul(X3, X4), X4), X4)), sub(X1, X4)), X2), X1), mul(X3, X1)))), mul(mul(add(X3, X2), cube(div(X4, exp(X4)))), X4)))"
feynman_I_39_11,MRGPRegressor,ok,3.0,0.999944152686428,0.0244297300211659,341.0,113.0,1495.0,,"sub(mul(cube(div(add(X3, X3), mul(X3, sub(mul(X1, div(X1, mul(div(sub(X2, X1), div(add(X3, X2), mul(div(sub(X2, X1), exp(X1)), mul(X1, X3)))), mul(X2, exp(X1))))), mul(sub(X2, X1), mul(mul(mul(X1, mul(X3, X2)), sin(sin(X1))), X2)))))), add(mul(X1, div(sub(X2, exp(X1)), sub(X2, X3))), sub(mul(X2, mul(X1, X1)), cos(cos(mul(cos(cos(mul(X1, X3))), X3)))))), mul(cube(mul(div(X2, exp(X1)), mul(X1, X3))), mul(exp(mul(mul(X1, X3), X1)), sub(mul(cos(X2), X1), mul(exp(mul(mul(X1, X3), X1)), quart(mul(X1, sub(X2, X1))))))))"
feynman_I_37_4,MRGPRegressor,ok,3.0,0.992887574375342,0.2648035618558585,425.0,141.0,2557.8,,"add(cos(sqrt(mul(X1, add(cos(sqrt(mul(X2, cube(X3)))), mul(div(X3, sub(quart(X3), sqrt(mul(cube(mul(X1, X3)), sin(X1))))), X2))))), mul(div(mul(sin(div(mul(mul(X2, mul(cos(mul(sin(X3), X1)), X1)), sin(X3)), square(X1))), sqrt(log(X3))), sub(div(sqrt(mul(cube(mul(X1, X3)), sin(X1))), sin(square(X2))), div(cube(X1), sub(X3, sub(square(X2), square(add(mul(X2, mul(cos(X3), X1)), add(X2, X1)))))))), div(div(mul(sin(X3), X2), sub(square(X2), div(mul(cube(X3), sqrt(X2)), sub(mul(div(mul(sin(mul(X2, X1)), X1), mul(add(X2, X1), mul(cube(X3), cube(X1)))), div(X1, sqrt(mul(cube(sub(X1, cos(X3))), X3)))), square(add(mul(add(mul(X2, mul(cos(X3), X2)), X2), mul(cos(X3), X2)), X2)))))), X3)))"
feynman_I_43_31,MRGPRegressor,ok,3.0,0.9999489775379788,0.1490772763439822,377.0,125.0,863.8,,"mul(mul(mul(mul(mul(mul(X1, exp(X3)), mul(X3, X1)), mul(X1, mul(X3, sub(mul(X1, mul(X3, X2)), mul(X3, X1))))), mul(mul(mul(mul(X1, X3), mul(add(X1, mul(X1, mul(X3, X2))), sub(mul(X1, mul(X3, X2)), mul(X3, X1)))), mul(add(add(X1, mul(X1, mul(X3, X2))), X1), X2)), mul(add(add(add(mul(mul(mul(X3, cos(X1)), mul(X3, add(X1, X3))), mul(add(add(X1, X3), X1), X2)), X3), X1), X1), X2))), mul(add(mul(add(X3, X1), sub(mul(add(X1, mul(X1, mul(X3, X2))), mul(X3, X1)), X1)), X1), mul(X1, X3))), mul(add(X1, mul(X1, mul(X3, X2))), mul(X3, mul(mul(X2, square(X3)), cos(X1)))))"
feynman_I_38_12,MRGPRegressor,ok,4.0,0.5631137280467434,0.8121131237450345,431.0,143.0,3002.5,,"mul(quart(div(mul(X2, div(sub(X3, X2), exp(X4))), sin(mul(quart(X4), square(mul(square(sub(X3, X1)), mul(mul(X4, div(exp(log(cos(sub(quart(mul(quart(mul(div(X3, exp(X2)), X1)), exp(sqrt(quart(mul(X1, X2)))))), exp(mul(X2, mul(sub(mul(mul(X4, X3), X1), log(sin(X2))), mul(mul(exp(X1), X2), mul(X3, div(exp(sub(X3, X1)), exp(X2))))))))))), cube(div(cube(exp(X2)), sub(mul(mul(X4, X2), X2), log(sin(add(add(div(mul(X3, mul(X4, div(exp(sub(X3, X1)), exp(X2)))), X4), X3), quart(div(X1, exp(X2))))))))))), div(exp(X3), exp(X2))))))))), square(mul(sqrt(mul(square(sin(mul(mul(X4, div(div(exp(sub(X3, X2)), exp(X2)), exp(X2))), exp(X2)))), cos(X3))), mul(X4, div(quart(X2), exp(sub(sin(X2), X1)))))))"
feynman_I_39_22,MRGPRegressor,ok,4.0,0.9599593756477012,1.8960635887653103,245.0,81.0,3002.9,,"add(div(mul(cube(div(sqrt(sqrt(X1)), exp(X3))), cos(sub(X2, X3))), div(mul(div(mul(mul(X3, X2), X1), square(X2)), X2), div(mul(X3, div(mul(add(X2, add(X1, X4)), X2), div(sqrt(sqrt(mul(cube(div(sqrt(sqrt(exp(add(X2, X1)))), exp(X3))), cos(mul(X4, X2))))), exp(X1)))), exp(mul(X4, exp(add(sub(X2, X3), X1))))))), square(cos(div(mul(X4, sub(X1, X3)), div(sqrt(sqrt(exp(X3))), sub(X2, X3))))))"
feynman_I_43_16,MRGPRegressor,ok,4.0,0.9667512642529535,2.210276850470433,353.0,117.0,2195.3,,"mul(mul(mul(div(div(mul(sub(X2, X4), sub(cube(X1), X4)), exp(X4)), exp(mul(mul(log(X4), sub(X4, div(div(mul(sub(add(X3, X2), X4), sub(X4, X1)), exp(X4)), exp(mul(mul(mul(mul(X3, X2), sub(X4, X1)), X4), mul(sin(mul(cube(X4), mul(mul(mul(X3, X2), sub(X4, X1)), X4))), log(X4))))))), X4))), mul(exp(X4), X1)), mul(mul(X4, mul(mul(X3, X2), sub(X1, X4))), log(X4))), div(mul(mul(sub(add(X4, X2), X4), sub(add(sub(add(X4, X4), sub(add(X3, X2), X4)), X4), mul(X4, X2))), X4), sqrt(sin(div(mul(sub(add(X3, X2), X4), sub(X4, X1)), exp(X4))))))"
feynman_I_40_1,MRGPRegressor,ok,6.0,0.6365570802516272,0.3441447059243597,425.0,141.0,3061.9,,"mul(mul(cos(square(exp(add(X4, X6)))), exp(X2)), square(add(div(sqrt(X4), quart(sub(sin(add(X6, add(add(add(X4, mul(cos(X2), exp(cos(mul(X1, X2))))), sin(sub(sub(X2, mul(cos(sub(div(mul(X3, X2), mul(X6, X2)), sqrt(X3))), mul(X5, div(exp(mul(add(X5, X2), sub(log(exp(X3)), X4))), log(cos(div(mul(add(log(X4), mul(X4, X4)), quart(sub(X6, X5))), sin(add(mul(X3, sin(mul(X4, X3))), mul(X6, X2)))))))))), sqrt(X5)))), mul(mul(square(mul(X5, X2)), mul(X4, X1)), div(cube(X3), sqrt(X6)))))), div(cube(square(X3)), mul(cos(div(sub(exp(X2), log(X6)), X2)), X6))))), mul(log(div(X3, sqrt(mul(exp(X2), mul(X5, mul(X5, X1)))))), log(mul(log(cube(mul(X6, X3))), mul(sin(X2), exp(X3))))))))"
feynman_I_41_16,MRGPRegressor,ok,5.0,0.3566385192985425,2.1916501591604955,437.0,145.0,3035.8,,"sub(cos(mul(sub(square(mul(X2, div(exp(add(X4, X1)), exp(X5)))), mul(add(square(mul(X4, div(X1, exp(X5)))), X2), div(div(quart(quart(exp(sub(X1, X5)))), div(quart(sqrt(quart(X3))), square(sub(sub(mul(X2, div(add(X4, X1), exp(X5))), X3), exp(add(sin(X4), sub(quart(X5), X5))))))), sin(X5)))), div(square(mul(X4, X4)), mul(add(mul(add(X1, X1), X5), mul(cube(X5), X1)), square(X4))))), div(quart(quart(exp(sub(X3, X5)))), div(quart(sqrt(div(mul(exp(add(sub(X4, cube(X5)), X1)), X2), exp(X1)))), square(sub(sub(mul(X1, mul(add(X2, X1), sqrt(sqrt(div(exp(add(sub(X4, cube(X5)), X1)), exp(X5)))))), X5), exp(add(sin(mul(X4, mul(div(exp(add(sub(X4, add(X4, X1)), X1)), exp(X5)), mul(X2, X5)))), sub(quart(X5), X5))))))))"
feynman_I_48_2,MRGPRegressor,ok,3.0,0.9999411223014236,0.5747698653737984,287.0,95.0,998.0,,"mul(mul(mul(mul(X1, mul(cos(X3), mul(add(cube(X2), mul(sqrt(square(X3)), mul(add(exp(X2), sin(add(square(X2), mul(X3, mul(X2, sqrt(sub(div(mul(mul(X3, mul(X1, X3)), mul(X3, mul(X3, X1))), X1), add(X3, X3)))))))), sqrt(sub(div(mul(mul(X3, mul(log(X3), X3)), sqrt(cube(X3))), X1), X3))))), add(mul(X1, X2), sqrt(sin(X3)))))), add(mul(X3, X3), sqrt(sin(X3)))), mul(add(square(sub(X3, X2)), X1), add(add(exp(sqrt(exp(X2))), X2), sqrt(sqrt(X3))))), sqrt(exp(X2)))"
feynman_I_6_2a,MRGPRegressor,ok,1.0,0.9999741062138046,0.0003518248329965,98.0,32.0,683.9,,"mul(quart(X1), mul(sin(cube(square(sqrt(X1)))), mul(mul(div(sin(X1), cube(X1)), sqrt(mul(X1, mul(quart(X1), mul(X1, cos(cos(cos(cos(cos(cos(X1))))))))))), X1)))"
feynman_I_43_43,MRGPRegressor,ok,4.0,0.9992128429628148,0.0464466454528056,422.0,140.0,3005.4,,"mul(mul(mul(mul(X1, mul(div(add(X2, X4), exp(X3)), div(X2, exp(X1)))), add(cube(cube(X1)), mul(sin(X2), mul(mul(X2, X4), cube(X3))))), mul(mul(X2, mul(X3, X4)), log(log(mul(X4, X1))))), mul(mul(div(square(add(X2, mul(X4, div(X2, exp(X1))))), div(add(X2, sub(X4, X3)), exp(add(X3, X1)))), mul(mul(div(X2, exp(X3)), X3), cube(X1))), div(log(exp(mul(X1, sub(quart(X3), X4)))), sub(div(mul(mul(div(sub(X3, X4), exp(X1)), square(add(X2, X4))), add(sin(X2), mul(X4, mul(X2, cos(X3))))), exp(X3)), mul(mul(mul(X3, mul(X2, div(X2, exp(X1)))), add(X1, mul(X3, mul(mul(X2, mul(mul(X1, X2), mul(sqrt(X1), X4))), X3)))), mul(mul(X3, mul(mul(X2, X3), X4)), X2))))))"
feynman_I_47_23,MRGPRegressor,ok,3.0,0.9998502764874772,0.0070558135930227,416.0,138.0,2528.2,,"mul(div(X3, sub(div(mul(exp(X1), X2), add(cos(X3), square(X3))), square(mul(X1, add(cos(mul(cos(div(mul(quart(X3), mul(X1, cube(sub(X2, X1)))), square(sin(div(mul(mul(X3, mul(X1, X1)), X2), X1))))), quart(quart(X3)))), mul(div(X2, sub(div(mul(div(X2, sub(div(X3, mul(X2, mul(X1, sub(X2, X3)))), square(X3))), div(mul(square(X3), add(X2, X1)), square(exp(X3)))), X2), exp(div(X1, sub(div(mul(exp(X1), div(X1, square(exp(X3)))), exp(X2)), square(mul(sub(X1, X3), square(add(X3, X2))))))))), log(mul(div(add(X2, X3), exp(X2)), quart(cube(X1)))))))))), div(cube(mul(square(cos(exp(X1))), mul(sub(X1, X3), square(add(X3, X2))))), mul(cube(mul(X1, X2)), mul(X1, add(add(X1, X3), X2)))))"
feynman_I_44_4,MRGPRegressor,ok,5.0,0.9848613796796576,3.313513223943776,437.0,145.0,3009.4,,"mul(div(square(cube(X5)), sub(mul(X3, mul(add(X2, X1), sub(X4, X5))), mul(X5, mul(mul(X3, mul(mul(sub(X5, X4), X1), X2)), X2)))), sub(mul(add(mul(mul(X2, mul(X4, sub(mul(X2, mul(add(X2, X1), sqrt(mul(X5, sin(X4))))), X3))), mul(quart(X2), cube(mul(mul(X3, X4), X4)))), div(mul(cos(X4), mul(mul(add(X2, X1), sub(X4, sub(quart(X4), square(X5)))), X3)), add(add(mul(mul(add(X5, quart(X5)), X3), X2), mul(X1, mul(add(X2, X2), sub(X4, sub(quart(X4), square(X5)))))), mul(sub(add(X2, X1), X3), X1)))), mul(add(mul(add(X2, X1), square(X5)), div(mul(sub(X4, X5), X3), exp(sin(X5)))), X5)), mul(X1, sub(mul(log(X1), add(X2, X2)), add(mul(add(X4, X5), mul(sin(X5), sub(X4, X5))), exp(X5))))))"
feynman_I_8_14,MRGPRegressor,ok,4.0,0.9933157490847372,0.0842065146389834,389.0,129.0,1583.8,,"add(mul(sqrt(mul(cos(sub(sin(X1), X4)), square(mul(square(mul(mul(X4, X2), mul(mul(cos(X2), add(mul(X2, X1), mul(X4, X3))), add(X2, mul(sin(sub(X3, X4)), X3))))), square(sub(square(sub(X3, X4)), X2)))))), sub(sin(add(quart(sin(mul(X4, mul(exp(sub(X1, add(square(sub(X3, X4)), square(sub(X1, X2))))), sub(square(X2), X4))))), mul(add(square(sub(X3, X4)), square(sub(X1, X2))), square(sqrt(add(cos(sub(X3, X4)), sqrt(add(sub(X3, X4), sqrt(add(square(sub(X3, X4)), square(sub(X1, X2)))))))))))), cos(square(add(mul(sqrt(quart(add(mul(sub(X1, X2), sub(add(square(sub(X3, X4)), square(sub(X1, X2))), X2)), X1))), X4), X3))))), sqrt(add(X4, sub(X1, X2))))"
feynman_test_10,MRGPRegressor,ok,3.0,0.9999296629422296,0.0043557621377857,374.0,124.0,952.5,,"mul(mul(mul(X3, X1), mul(X2, X3)), mul(mul(mul(X2, X1), X3), mul(mul(X3, X3), mul(mul(square(X1), X3), div(cube(div(mul(mul(mul(X2, div(log(X2), div(mul(mul(mul(X2, X2), X3), X3), mul(sin(sub(exp(X3), log(sub(cos(div(mul(X2, mul(mul(mul(log(sub(cos(div(mul(mul(mul(X2, X1), X3), X1), X3)), X3)), X1), X3), mul(X3, div(cube(X3), X3)))), mul(X3, mul(X2, X3)))), X3)))), sin(log(div(X2, mul(square(X1), sin(X3))))))))), X2), mul(mul(X3, X2), square(X3))), mul(div(mul(mul(mul(X2, X1), X3), X1), X3), sin(log(div(log(mul(mul(X1, X3), X3)), mul(square(X1), sin(sin(X3))))))))), X3)))))"
feynman_I_50_26,MRGPRegressor,ok,4.0,-0.3478763968783209,2.403388957754069,419.0,139.0,3185.1,,"mul(cos(add(cos(cos(quart(mul(div(div(div(X4, sin(exp(add(X3, X2)))), quart(div(mul(X1, mul(div(X4, sin(exp(add(X3, X2)))), quart(sin(add(X3, X2))))), log(div(X4, mul(cube(square(X2)), mul(add(X3, X2), quart(sin(add(X3, cos(cos(quart(mul(div(div(div(X4, sin(exp(add(X3, X2)))), quart(div(mul(X1, mul(add(X3, X2), quart(sin(add(X3, X2))))), log(div(X4, sub(quart(X2), X2)))))), sin(square(X3))), quart(sin(mul(quart(sin(mul(X3, X2))), exp(add(X2, mul(X1, X4)))))))))))))))))))), mul(X1, X4)), quart(sin(mul(quart(sin(mul(X3, X2))), exp(add(X2, mul(quart(sin(add(X3, X2))), X4)))))))))), cos(quart(add(X2, X3))))), sin(mul(mul(add(div(X2, X3), quart(X1)), X4), cube(quart(add(X2, X4))))))"
feynman_I_6_2,MRGPRegressor,ok,2.0,0.9994140000042993,0.0011027065043174,287.0,95.0,2948.2,,"div(log(sin(sub(log(quart(X2)), quart(cube(X1))))), mul(add(mul(add(exp(X1), mul(X2, exp(X1))), mul(sqrt(sin(X2)), X1)), square(add(exp(cos(X2)), div(div(sin(X2), exp(X1)), exp(X1))))), mul(div(mul(X1, square(mul(X1, X2))), square(X1)), mul(log(sub(sub(mul(add(X2, square(square(X1))), mul(add(mul(X2, mul(cos(mul(X1, sub(X1, cos(X2)))), X2)), mul(add(cos(mul(X1, X2)), square(exp(X1))), mul(mul(square(X1), sub(X2, X1)), mul(X1, X2)))), X2)), X2), X1)), sin(X2)))))"
feynman_I_6_2b,MRGPRegressor,ok,3.0,0.9996257747132732,0.0011459237097854,296.0,98.0,2553.7,,"mul(sub(div(mul(mul(X1, X3), div(mul(mul(X1, sub(X3, X2)), X1), exp(X3))), cube(X1)), X3), mul(mul(cube(sqrt(sub(mul(div(mul(mul(X2, mul(sub(cube(X1), square(X1)), X2)), X2), exp(cos(mul(X3, mul(X3, X1))))), div(cos(sub(X2, X3)), exp(X1))), X3))), sub(X2, square(X3))), mul(mul(sin(X1), sub(mul(sub(quart(X1), cube(sqrt(X2))), X3), mul(cube(sqrt(cube(sqrt(sub(X3, X2))))), X1))), mul(X3, div(mul(mul(mul(sub(quart(X1), X1), cube(sqrt(sub(X3, X2)))), X3), X1), square(X3))))))"
feynman_I_9_18,MRGPRegressor,ok,9.0,-0.5500932070270719,0.1349824378549455,434.0,144.0,3074.4,,"div(sub(div(cube(exp(log(X8))), log(sub(mul(mul(X9, X1), mul(exp(mul(X7, X9)), X4)), sub(add(cos(quart(div(sqrt(X4), log(cube(quart(mul(X9, X3))))))), div(div(X2, exp(exp(X8))), cos(X6))), exp(exp(sub(X5, mul(X3, X4)))))))), mul(div(sqrt(X6), sqrt(mul(X3, add(X7, add(X5, add(X2, X1)))))), mul(log(mul(X8, sub(div(div(cube(mul(X9, X2)), sqrt(square(div(X4, X1)))), quart(X9)), X6))), mul(X7, X8)))), add(add(X1, quart(exp(log(X9)))), div(X2, sub(log(X3), div(cube(mul(X9, X3)), sqrt(square(add(div(sqrt(log(sin(sqrt(X5)))), quart(sub(sin(add(X8, X9)), add(quart(X9), sin(X8))))), mul(log(div(sin(X8), sqrt(square(sin(exp(mul(X9, X5))))))), log(mul(log(square(X6)), mul(sub(X5, X7), mul(X7, X1)))))))))))))"
feynman_test_1,MRGPRegressor,ok,7.0,0.2799987606597547,8.153398155941597,431.0,143.0,3307.3,,"mul(div(add(mul(X6, sub(X6, cos(cube(mul(X1, X7))))), X7), sub(mul(cube(sin(X1)), div(mul(div(X6, sub(sqrt(X6), X3)), sin(X7)), div(log(quart(mul(mul(cube(sin(X5)), div(mul(div(X6, sub(sqrt(X6), X3)), sin(X7)), quart(quart(cos(quart(mul(mul(X3, div(log(X3), quart(X4))), mul(add(cos(X6), exp(X1)), mul(X6, sub(X6, cos(cube(mul(X1, X7))))))))))))), mul(mul(mul(quart(X4), X7), X4), mul(X6, sub(X7, sqrt(X7))))))), X3))), mul(add(exp(X2), exp(X1)), mul(X6, sub(X7, X4))))), div(add(div(X4, X1), div(X7, sub(sqrt(X6), div(cos(div(X7, div(exp(add(cube(X1), mul(X7, X6))), sub(sub(X2, X5), quart(X7))))), add(div(X4, X1), div(X7, sub(sqrt(X3), X3))))))), quart(add(exp(exp(X1)), sqrt(X2)))))"
feynman_test_11,MRGPRegressor,ok,4.0,0.9539906958407172,0.2957820920991957,377.0,125.0,3014.5,,"sub(add(sub(sub(add(sub(X4, sub(sub(sub(mul(cube(mul(X3, X1)), quart(mul(mul(X3, X4), X1))), cube(mul(mul(exp(X4), X2), X2))), exp(cube(X4))), mul(X3, X2))), exp(sin(quart(quart(square(sub(mul(mul(X1, sin(X2)), X3), mul(exp(X4), X3)))))))), sin(square(mul(div(exp(mul(X3, X4)), exp(X3)), mul(sin(X2), X3))))), exp(sin(X3))), exp(X1)), sub(sub(sub(mul(X1, quart(mul(mul(quart(mul(X2, mul(add(X1, log(mul(sin(mul(mul(X4, X2), X3)), mul(div(X1, exp(X4)), X4)))), X3))), X2), X3))), cube(mul(X3, X4))), exp(cube(X2))), mul(sub(mul(X4, cube(X1)), mul(mul(X1, X2), X1)), log(mul(sin(X2), mul(X4, X2))))))"
feynman_test_12,MRGPRegressor,ok,5.0,0.9888301837042108,1.6758820526735496,428.0,142.0,3001.6,,"mul(mul(mul(exp(square(mul(X3, X2))), div(sub(mul(sub(mul(X2, exp(add(X3, X1))), mul(mul(X4, X1), X3)), mul(sqrt(mul(X2, mul(X2, add(X3, X1)))), add(cube(X2), mul(mul(X3, X4), X2)))), log(X1)), cos(mul(X3, X1)))), div(sub(mul(mul(X3, sub(div(mul(square(X2), X2), div(X2, X4)), cos(mul(X2, mul(X3, X1))))), X1), mul(mul(mul(X4, cube(X2)), div(sub(mul(mul(X3, quart(X2)), X1), X2), cos(cos(mul(X2, X4))))), div(sub(mul(X2, mul(X4, X1)), cos(X2)), X2))), cos(mul(mul(X2, quart(X2)), X1)))), div(sub(mul(X2, mul(square(mul(mul(X1, mul(cos(mul(X4, X1)), mul(mul(X3, X2), mul(X2, mul(X3, X1))))), quart(mul(X2, mul(add(X3, X1), X2))))), X1)), X5), cos(mul(X3, cube(X2)))))"
feynman_test_13,MRGPRegressor,ok,5.0,0.818507534017061,0.0077143446612999,434.0,144.0,3077.1,,"mul(log(mul(div(log(X1), log(log(sin(sqrt(quart(mul(mul(add(X1, exp(log(sqrt(quart(mul(X1, X5)))))), sin(mul(mul(log(mul(div(log(X5), log(log(sin(sqrt(mul(div(log(X5), log(log(sin(sqrt(quart(mul(X1, sin(mul(sqrt(sub(X5, mul(X1, cos(sin(X4))))), cube(cos(X4))))))))))), mul(cube(X1), X2))))))), X5)), sub(sin(mul(add(mul(add(X2, X4), sin(sub(mul(mul(cos(X4), X2), X3), exp(X5)))), exp(sin(X5))), X1)), cos(add(square(square(X4)), quart(X5))))), cube(cos(X4))))), X5))))))), mul(X5, mul(square(mul(mul(mul(square(X4), mul(X5, sub(X1, X5))), X5), add(square(X4), X2))), add(square(X4), X1))))), sub(sin(mul(sin(div(X3, log(sub(X3, X2)))), log(div(X3, cos(X4))))), div(mul(square(X4), X3), log(quart(mul(X4, X2))))))"
feynman_test_15,MRGPRegressor,ok,4.0,0.9786061180998936,0.2051336174835629,440.0,146.0,3018.9,,"sub(cube(mul(cube(mul(mul(cos(X1), sqrt(X4)), mul(X3, cos(exp(cos(X4)))))), cos(exp(cube(X3))))), div(mul(sqrt(div(mul(sqrt(sub(cube(mul(cube(mul(X3, cos(exp(cos(X4))))), cos(exp(mul(sqrt(X4), sub(X1, X2)))))), div(mul(X3, sub(X1, X2)), div(X3, square(cube(sqrt(mul(X2, sqrt(X1))))))))), X4), div(sqrt(X4), square(cube(mul(sqrt(sqrt(exp(sin(mul(mul(sqrt(X4), sub(X1, X2)), mul(cos(X4), cos(exp(cos(X4))))))))), cos(exp(cos(X4))))))))), sub(exp(cos(X1)), X2)), div(sqrt(mul(mul(quart(X2), X3), add(X1, square(X4)))), square(cube(mul(quart(mul(sqrt(X4), X1)), cube(mul(mul(sqrt(sub(cube(X2), div(mul(sqrt(X4), sub(X1, X2)), div(sqrt(cos(sin(X4))), square(cube(mul(mul(X3, X1), cos(X1)))))))), sub(X1, X2)), cos(exp(cos(X4)))))))))))"
feynman_test_16,MRGPRegressor,ok,6.0,0.9973402876888574,1.259369103354039,443.0,147.0,3023.9,,"div(sub(mul(X4, mul(X2, mul(X1, exp(X4)))), sub(quart(X6), div(sub(mul(X4, X1), sub(sub(div(mul(X1, X2), sqrt(exp(X2))), add(div(mul(X2, add(X4, X5)), log(X3)), X6)), sin(X6))), exp(add(X6, mul(X3, X4)))))), div(cos(sin(mul(sqrt(add(X1, X5)), mul(mul(mul(cos(mul(X4, mul(X4, X5))), X2), mul(X1, mul(X3, X1))), mul(mul(mul(X4, add(X5, mul(X5, X2))), mul(square(X5), mul(sin(X4), sub(X1, sin(X3))))), X4))))), sub(mul(add(X5, sqrt(X4)), mul(add(sin(div(mul(add(X4, X5), X3), sub(mul(X2, mul(add(sin(X2), mul(X2, X4)), quart(X2))), sin(sqrt(X4))))), mul(mul(mul(X1, exp(X2)), X5), X4)), mul(cos(mul(X3, X5)), mul(sin(X2), quart(sub(X1, X5)))))), sub(mul(cos(mul(X4, X6)), X2), exp(X1)))))"
feynman_test_14,MRGPRegressor,timeout,,,,,,,wall clock > 3900s,
feynman_test_17,MRGPRegressor,ok,6.0,0.2353033916900524,1246.36996250195,452.0,150.0,3119.3,,"div(div(mul(mul(sub(X5, X4), add(X6, X2)), mul(X1, mul(X5, X5))), div(X5, add(div(mul(X4, mul(quart(sqrt(div(cos(X6), sub(X5, X1)))), mul(X5, X4))), square(mul(square(mul(mul(X5, quart(X4)), div(mul(X4, X2), div(X2, add(X5, mul(X5, X2)))))), mul(add(X6, X5), X4)))), mul(X4, mul(sin(X2), div(sin(X5), add(mul(X4, mul(sin(X2), exp(X5))), X5))))))), add(add(div(sub(X2, X6), div(div(mul(X4, X5), div(X5, add(mul(X5, X5), mul(X5, X3)))), cube(square(mul(X2, mul(add(X6, X1), X5)))))), mul(cos(square(cos(X2))), exp(cos(mul(X1, X2))))), mul(div(mul(X4, sqrt(div(mul(X4, X2), div(X2, add(X5, mul(X5, X2)))))), div(X2, quart(add(add(mul(X6, X2), quart(mul(mul(X5, X2), mul(add(X1, X1), X5)))), quart(X4))))), X5)))"
feynman_test_3,MRGPRegressor,ok,4.0,0.9998172959061794,0.026645899411711,428.0,142.0,1267.3,,"sub(quart(mul(add(mul(X2, square(sub(X4, X3))), X3), square(sub(X4, X3)))), add(div(div(mul(square(sub(X4, square(square(sub(X4, X3))))), X1), cos(mul(X3, X1))), cos(mul(X2, X1))), add(add(div(mul(add(X1, add(X4, mul(div(mul(add(X1, X2), add(div(mul(add(X4, add(mul(X2, sub(X4, X3)), mul(div(mul(mul(X2, sub(X4, X3)), X3), X3), X1))), X1), add(mul(X4, X1), div(add(X2, X2), cos(mul(X2, mul(X1, square(sub(X4, X3)))))))), div(X1, quart(mul(add(mul(X2, X3), X2), square(sub(X4, X3))))))), X1), X4))), X1), add(X2, div(X2, cos(mul(X2, mul(X1, square(mul(X4, X3)))))))), sub(cos(div(X1, quart(mul(X3, square(square(square(sub(X4, X3)))))))), X4)), mul(add(square(X4), X2), square(sub(X4, X3))))))"
feynman_test_18,MRGPRegressor,ok,5.0,0.145229374830531,0.7264050951127627,446.0,148.0,3039.3,,"mul(sub(div(quart(log(cos(X4))), sub(div(cos(div(mul(X5, X3), quart(X4))), exp(X2)), add(div(sqrt(cube(mul(mul(cos(X1), X1), mul(X2, X4)))), square(X4)), sin(div(cos(div(mul(X5, div(X1, X4)), add(X5, exp(cube(X3))))), quart(mul(sin(mul(X1, exp(cube(X3)))), div(X1, mul(quart(X1), mul(mul(exp(sub(X5, X3)), X1), div(X4, exp(X1)))))))))))), sqrt(div(sqrt(cube(mul(mul(exp(sub(X5, mul(X1, cube(X1)))), X2), mul(mul(exp(sub(X5, X3)), div(X4, exp(mul(square(X1), sqrt(mul(X3, X1)))))), sub(X4, mul(mul(X4, div(X4, exp(X1))), X1)))))), square(div(sqrt(sqrt(div(sqrt(cube(mul(mul(exp(sub(X5, X3)), X2), mul(square(div(X4, exp(X1))), X1)))), square(X4)))), X4))))), sin(cube(mul(mul(exp(sub(sub(X5, X3), X3)), X2), mul(X1, X4)))))"
feynman_test_19,MRGPRegressor,ok,6.0,-0.1827553246297311,22.049498034747664,446.0,148.0,3031.6,,"mul(add(square(mul(X5, exp(X4))), div(mul(mul(add(square(mul(sub(X1, X6), exp(X4))), div(mul(add(X3, X3), exp(X6)), div(mul(X4, X5), cube(exp(sub(cos(X5), X3)))))), mul(div(cube(mul(X3, mul(X1, mul(X5, square(mul(cube(sin(X1)), sqrt(mul(mul(sub(X1, X5), exp(X4)), exp(X6))))))))), sin(mul(sin(X4), mul(square(add(X6, X4)), X1)))), mul(X5, cube(X6)))), mul(X5, X4)), div(mul(X5, X5), div(cube(mul(cube(mul(add(X4, X5), exp(X6))), mul(X5, square(mul(cube(sin(X1)), sqrt(mul(mul(sub(X1, X5), exp(X4)), exp(X6)))))))), sin(mul(mul(add(square(sub(mul(X4, X1), mul(X6, exp(X4)))), X4), mul(log(X3), exp(X3))), mul(square(add(X6, X4)), X6))))))), mul(exp(X4), mul(sub(cos(cube(mul(X2, exp(sub(X6, X3))))), X3), exp(X6))))"
feynman_test_2,MRGPRegressor,ok,6.0,-0.5429106730814515,1.6519460216857311,434.0,144.0,3186.4,,"add(div(sqrt(log(sin(sqrt(X5)))), add(div(sqrt(log(sin(sqrt(X5)))), quart(sub(sin(add(X6, X6)), add(cube(mul(X3, sqrt(mul(X5, X6)))), sin(X4))))), mul(log(div(cube(mul(X6, sqrt(mul(X5, X6)))), sqrt(square(X6)))), log(mul(mul(sqrt(cos(add(div(div(quart(div(X6, add(X6, div(X3, X6)))), cube(quart(sin(cube(cos(sub(X6, X5))))))), X3), sin(X6)))), X3), mul(log(X2), log(cos(cos(sub(X6, X5)))))))))), mul(log(div(cube(sqrt(div(cos(sin(cos(sub(X6, X5)))), cube(quart(X4))))), log(X2))), log(mul(log(square(X4)), mul(div(quart(div(mul(log(X6), X3), mul(div(sqrt(sqrt(X5)), div(log(X2), div(X1, cos(cos(sub(X6, X5)))))), log(mul(sin(X6), mul(log(X2), exp(X3))))))), cube(quart(sin(cube(cos(sub(X6, X5))))))), exp(X3))))))"
feynman_test_5,MRGPRegressor,ok,4.0,0.998780983837723,0.1129701805557173,347.0,115.0,1731.3,,"add(sub(mul(mul(square(square(X2)), sqrt(add(cube(sub(X2, sub(sub(X1, X4), X3))), cos(div(mul(X2, mul(sin(X1), cos(add(X4, X3)))), X1))))), log(div(log(X3), sqrt(mul(mul(square(sub(sub(X2, X4), X3)), mul(X3, X1)), div(mul(X2, mul(X1, cos(add(X4, X3)))), X1)))))), sqrt(mul(add(square(cos(div(square(mul(mul(X1, X1), square(sub(sub(X1, X4), X3)))), X1))), cube(X2)), X1))), cos(add(X4, add(cos(add(square(mul(X1, X2)), mul(div(square(mul(square(sub(cos(X1), X3)), mul(X1, mul(X2, X1)))), mul(cube(X2), div(X1, exp(X2)))), add(X4, X3)))), mul(sin(X1), square(X2))))))"
first_principles_absorption,MRGPRegressor,ok,1.0,-0.5725259537297025,1.6604126278467717,29.0,9.0,379.3,,"square(quart(quart(cos(div(cube(X1), log(X1))))))"
feynman_test_20,MRGPRegressor,ok,7.0,-3.001248565255528,7.127798085612485,422.0,140.0,3182.9,,"mul(div(exp(sub(X2, X5)), X1), mul(div(X1, div(square(mul(div(mul(square(mul(div(mul(X3, X1), mul(square(exp(div(add(X1, X6), exp(X1)))), log(X2))), sqrt(quart(X6)))), log(X2)), mul(square(exp(div(add(X1, X6), exp(X1)))), log(sqrt(X6)))), sqrt(quart(mul(exp(X2), X4))))), mul(square(mul(div(X1, mul(square(exp(div(add(div(X1, exp(X5)), X6), exp(X1)))), log(sqrt(cos(X5))))), div(mul(sub(exp(add(X5, X3)), X2), X1), mul(square(exp(div(add(X6, X6), exp(X1)))), log(div(exp(sub(X2, X6)), exp(X1))))))), log(cos(sqrt(cos(X4))))))), sqrt(quart(mul(mul(div(mul(X3, X6), mul(square(exp(div(add(X1, X6), exp(X1)))), log(sqrt(exp(X5))))), sqrt(quart(mul(exp(X1), X4)))), mul(add(X1, X6), cube(X2)))))))"
feynman_test_4,MRGPRegressor,ok,5.0,0.9557766383022488,0.111634405976633,416.0,138.0,3034.1,,"mul(add(div(mul(X2, div(exp(X4), log(div(sub(X1, sin(X1)), exp(div(exp(X4), exp(X5))))))), div(sub(exp(square(mul(X2, X1))), mul(mul(cos(X1), X5), X3)), X1)), cos(log(sin(add(log(cos(X1)), sin(X5)))))), sub(sub(div(square(X5), sqrt(cube(mul(X1, sub(X2, mul(X5, add(square(log(div(sub(X1, sin(square(X1))), exp(div(exp(X4), exp(X5)))))), X4))))))), add(div(mul(X3, sin(X5)), log(mul(div(mul(X2, X3), div(quart(X2), exp(X2))), div(div(square(X1), X2), mul(X1, X3))))), sin(div(mul(mul(square(X2), exp(div(X2, exp(X1)))), X3), quart(X3))))), add(div(mul(sub(X3, X1), quart(X3)), log(mul(X4, X2))), sin(mul(mul(mul(X2, mul(square(div(sin(X1), X2)), sin(X3))), X2), X3)))))"
feynman_test_7,MRGPRegressor,ok,5.0,0.9995044945495738,0.0322593098655824,425.0,141.0,2344.3,,"sub(div(cos(div(sin(X4), sub(square(X5), mul(mul(mul(mul(X5, X1), X5), sin(X1)), sin(X2))))), sqrt(cube(sub(sqrt(mul(sub(quart(sub(X2, square(div(square(X5), mul(X1, exp(sub(X1, X2))))))), sqrt(add(div(mul(square(sub(sub(exp(X5), cube(X5)), mul(X5, X4))), mul(X3, X5)), mul(square(sub(X1, X2)), X1)), div(X2, square(sub(X1, X2)))))), mul(X1, sin(mul(X3, mul(X1, X4)))))), sqrt(X5))))), add(div(mul(mul(div(mul(X4, X3), add(exp(X3), X5)), sin(mul(X3, sub(X1, X2)))), sin(X1)), log(square(square(mul(sqrt(div(cos(X5), mul(X4, exp(X2)))), mul(X2, X5)))))), cos(div(quart(mul(div(X1, mul(X2, X5)), sin(mul(X3, X4)))), sub(square(sin(sub(X1, X2))), mul(mul(X2, sin(mul(X1, X5))), exp(X5)))))))"
first_principles_kepler,MRGPRegressor,ok,1.0,-9.320038018061664,219.94255261317628,14.0,4.0,290.5,,sin(cos(cube(X1)))
feynman_test_6,MRGPRegressor,ok,7.0,-3.337348205642669,0.751306552579845,422.0,140.0,3138.3,,"mul(log(mul(mul(X3, mul(X6, exp(X2))), X4)), sub(div(quart(add(X7, X4)), mul(div(sub(sin(mul(X4, X7)), quart(exp(X4))), add(exp(mul(X3, X2)), div(quart(add(cube(div(mul(X6, X5), exp(X6))), mul(quart(exp(X2)), X7))), X2))), X4)), cos(div(cube(sin(cos(log(add(X1, X3))))), div(div(add(exp(div(X6, log(X4))), square(mul(sin(X1), mul(mul(div(sub(sin(mul(X4, X7)), quart(exp(X4))), add(add(exp(mul(X3, mul(X6, exp(X2)))), div(quart(add(X6, X4)), div(X6, log(X4)))), div(quart(add(cube(div(mul(X4, X5), exp(X6))), mul(add(X1, X6), X4))), X2))), X4), mul(X5, sub(X6, X7)))))), cube(quart(add(X6, X4)))), cos(mul(exp(exp(X2)), mul(cos(log(mul(exp(X2), mul(X6, X7)))), X7))))))))"
feynman_test_8,MRGPRegressor,ok,4.0,0.9916871365955529,0.0447612869568905,395.0,131.0,3003.9,,"mul(add(quart(sqrt(div(add(cos(sub(X2, cos(cube(X3)))), mul(X4, mul(add(mul(X3, X4), mul(X4, X2)), X4))), sub(div(X1, sin(sub(sin(X1), mul(X1, X3)))), mul(cos(sqrt(sub(sub(X1, X2), X3))), add(mul(X3, X4), X1)))))), log(mul(mul(X1, quart(X2)), X4))), sub(mul(div(quart(sin(add(log(sub(log(X3), mul(X1, add(X4, cube(X2))))), sin(mul(X4, mul(exp(X1), add(mul(X3, X4), mul(X4, X2)))))))), quart(square(sub(add(exp(X3), quart(X2)), sin(add(X1, sub(mul(cos(sqrt(X4)), X3), mul(X3, X2)))))))), X1), mul(sub(div(mul(mul(X2, div(X1, exp(X3))), mul(X4, mul(X1, X4))), X4), mul(X4, cube(X1))), div(cos(X4), mul(sub(X1, X2), X1)))))"
feynman_test_9,MRGPRegressor,ok,5.0,-21.3655547110124,19866.712387373675,422.0,140.0,3020.6,,"div(cube(mul(quart(div(sin(div(square(cube(X4)), exp(X2))), exp(X2))), sin(quart(cube(X1))))), div(sin(quart(mul(quart(div(sin(sin(div(div(sin(sin(div(square(cube(quart(div(sin(X5), exp(X2))))), X2))), exp(X2)), div(cube(mul(quart(div(sin(div(square(cube(X4)), cube(cos(X2)))), exp(X2))), sin(quart(X1)))), div(sin(quart(mul(quart(div(sin(sin(div(square(cube(quart(div(sin(cos(X2)), exp(X2))))), X2))), exp(X2))), log(div(cube(X2), mul(X5, X4)))))), mul(cube(exp(add(X3, X4))), quart(div(sin(quart(mul(quart(div(sin(X3), exp(X2))), log(div(cos(X2), mul(X5, X4)))))), exp(div(sin(X5), X3)))))))))), exp(X2))), log(div(X1, mul(X5, X4)))))), mul(cube(exp(add(X3, X4))), quart(div(exp(X2), exp(div(sin(X5), X3)))))))"
first_principles_leavitt,MRGPRegressor,ok,1.0,0.9302329002059796,0.2807239439908317,56.0,18.0,1168.8,,"div(square(cos(square(log(quart(square(X1)))))), quart(sin(sin(div(X1, quart(cube(log(square(X1)))))))))"
first_principles_bode,MRGPRegressor,ok,1.0,0.9885388480482752,0.2398071642653202,20.0,6.0,3018.7,,log(sin(square(log(quart(X1)))))
first_principles_hubble,MRGPRegressor,ok,1.0,-2.684387801501281,478.866864955291,74.0,24.0,3025.0,,"div(sin(log(X1)), cube(log(sqrt(sin(cube(div(div(X1, cube(sin(quart(log(X1))))), quart(cube(cos(cube(exp(exp(X1)))))))))))))"
first_principles_rydberg,MRGPRegressor,ok,2.0,0.999380108219298,0.0388160023131736,113.0,37.0,930.0,,"mul(mul(div(exp(mul(log(square(add(X1, X2))), div(log(log(X1)), sqrt(sin(mul(log(mul(sub(X1, X2), square(X2))), div(cube(X1), X1))))))), sub(X1, log(cube(X1)))), cos(X1)), exp(X1))"
first_principles_ideal_gas,MRGPRegressor,ok,3.0,0.739969463700793,0.8600970884161782,68.0,22.0,3002.3,,"mul(div(quart(X1), div(cube(log(X3)), mul(quart(quart(X3)), quart(X2)))), sqrt(cos(quart(sub(square(X1), square(X2))))))"
first_principles_schechter,MRGPRegressor,ok,1.0,-3.828649541773757,8.38418823309108,59.0,19.0,1159.1,,"div(log(sin(sqrt(X1))), quart(quart(log(log(log(log(log(log(quart(quart(log(log(log(X1))))))))))))))"
first_principles_newton,MRGPRegressor,ok,3.0,0.6059463665329516,7.311997703433483,68.0,22.0,3052.8,,"sin(cos(mul(sqrt(sin(quart(div(exp(square(X1)), square(X2))))), cos(log(quart(cos(div(exp(div(X1, X3)), X3))))))))"
first_principles_tully_fisher,MRGPRegressor,ok,1.0,0.6852984734608798,0.521539711608423,41.0,13.0,1386.7,,"div(X1, cube(quart(sin(div(exp(exp(sin(X1))), quart(square(X1)))))))"
first_principles_planck,MRGPRegressor,ok,2.0,0.3659178122182223,231.22054969906475,209.0,69.0,3013.5,,"mul(square(mul(div(quart(cube(div(sin(mul(cube(X2), X2)), sub(sin(X2), mul(exp(sin(sqrt(quart(X1)))), X2))))), square(div(div(square(X1), mul(sin(X1), square(square(cube(square(sin(square(log(square(square(cube(X1)))))))))))), cube(X1)))), div(square(X2), exp(cube(mul(log(exp(X1)), div(add(X2, X2), mul(X1, X2)))))))), mul(X2, add(log(X2), square(log(div(X1, X2))))))"
strogatz_bacres1,MRGPRegressor,ok,2.0,0.9998893643766154,0.0164264312273769,98.0,32.0,663.6,,"mul(cos(cos(cube(cube(X2)))), mul(mul(quart(sub(sin(exp(X1)), exp(sub(X2, X1)))), square(div(sin(sin(X1)), quart(X1)))), add(log(cos(cube(square(X2)))), exp(X1))))"
first_principles_supernovae_zg,MRGPRegressor,ok,1.0,0.9990165535246786,0.0081866519574844,443.0,147.0,3022.2,,"div(cos(sin(div(sqrt(X1), sqrt(mul(sub(add(square(sin(mul(sub(X1, sin(div(X1, log(sin(div(cos(square(X1)), log(X1))))))), div(cos(X1), log(X1))))), X1), sin(X1)), X1))))), div(sqrt(cube(X1)), sin(cos(div(mul(sub(add(X1, quart(square(cube(sin(X1))))), sin(div(cos(div(sqrt(div(mul(X1, sin(X1)), square(cube(div(X1, cube(cube(div(sin(sqrt(cube(X1))), exp(X1))))))))), X1)), log(div(exp(X1), log(X1)))))), cos(div(sqrt(sqrt(X1)), sin(cos(div(mul(sub(add(X1, quart(square(cube(sin(X1))))), sin(div(cos(div(sqrt(div(mul(X1, X1), square(cube(div(X1, cube(cube(div(sin(sqrt(cube(X1))), exp(X1))))))))), X1)), log(div(exp(X1), log(X1)))))), cos(square(exp(X1)))), sin(cos(cos(div(sqrt(X1), exp(X1))))))))))), sin(cos(cos(div(sqrt(X1), exp(X1))))))))))"
strogatz_bacres2,MRGPRegressor,ok,2.0,0.9995216873059084,0.0447291222912188,305.0,101.0,852.5,,"mul(X1, sin(mul(div(div(square(sub(sub(square(X2), sin(sub(sub(sub(square(quart(square(X2))), sub(sub(square(sub(sub(square(quart(square(X2))), sin(sub(sub(sub(square(quart(square(X2))), sin(X2)), sin(X2)), quart(X2)))), X2)), sin(X2)), X2)), sin(X2)), quart(X2)))), square(X1))), div(div(sin(mul(mul(mul(div(sub(sub(square(X2), X2), quart(quart(square(X2)))), div(div(sin(mul(mul(X1, mul(X1, X2)), square(X1))), sin(X2)), X1)), X2), square(X1)), X1)), sin(X2)), X1)), add(quart(sqrt(square(X1))), mul(X1, cube(exp(cube(X1)))))), X2)))"
first_principles_supernovae_zr,MRGPRegressor,ok,1.0,0.8805973987158969,0.0844007198300573,311.0,103.0,3007.6,,"add(square(quart(mul(sqrt(X1), sin(add(X1, X1))))), div(div(exp(X1), cube(sin(log(X1)))), mul(log(sqrt(cos(X1))), mul(quart(mul(div(div(exp(log(X1)), exp(mul(square(div(sqrt(quart(mul(sqrt(X1), X1))), square(cube(sin(mul(div(sin(add(X1, X1)), quart(square(exp(X1)))), sin(sin(sin(mul(sqrt(X1), sin(quart(X1)))))))))))), X1))), mul(exp(X1), mul(cube(mul(cube(cube(sin(X1))), sin(X1))), X1))), quart(mul(X1, sin(sqrt(quart(mul(sqrt(X1), sin(div(X1, mul(exp(X1), mul(cube(mul(cube(X1), X1)), X1)))))))))))), sin(sqrt(quart(X1)))))))"
nikuradse_1,MRGPRegressor,ok,2.0,0.9629124362883528,0.0178282617983352,443.0,147.0,3002.1,,"mul(div(sin(mul(cube(div(sin(mul(square(cos(mul(sin(div(X1, X2)), log(log(X1))))), X2)), X2)), div(sub(X2, exp(X2)), sqrt(div(exp(div(cos(sqrt(div(X2, cos(sqrt(mul(div(exp(X1), exp(X2)), sin(sin(X2)))))))), log(X1))), sqrt(div(exp(mul(log(mul(sub(X1, div(sin(sin(X2)), exp(div(cos(sqrt(div(X2, cos(sqrt(sin(sub(X2, X1))))))), X1)))), square(sqrt(X1)))), X1)), div(sin(sin(cos(mul(X1, X1)))), exp(log(mul(sub(X1, div(mul(X2, X1), exp(div(cos(sqrt(div(X1, cos(sqrt(sin(div(X2, cos(sqrt(sin(sub(X2, X1))))))))))), X2)))), cube(X2)))))))))))), exp(log(mul(sin(X1), div(sin(X2), exp(log(mul(cos(X2), log(mul(sub(X1, div(X1, exp(div(cos(sqrt(div(X2, cos(sqrt(sin(sub(X2, X1))))))), log(X1))))), square(X2))))))))))), X2)"
nikuradse_2,MRGPRegressor,ok,1.0,-0.0933487648326627,0.2515625692580754,449.0,149.0,3117.2,,"mul(div(sin(quart(X1)), div(mul(add(mul(log(sub(X1, cos(X1))), log(X1)), cos(square(quart(X1)))), quart(sin(add(log(quart(square(X1))), sqrt(X1))))), div(div(sin(exp(X1)), div(mul(mul(X1, cube(X1)), quart(sin(add(log(quart(square(X1))), sqrt(cube(X1)))))), div(div(square(exp(X1)), div(sin(sin(square(X1))), quart(cos(log(X1))))), cube(cube(X1))))), mul(div(log(X1), div(quart(cube(log(quart(cos(div(sin(X1), cos(log(quart(X1))))))))), sqrt(X1))), exp(cos(div(X1, exp(cos(div(X1, cube(quart(log(sin(quart(square(add(log(sin(X1)), square(X1)))))))))))))))))), div(sin(quart(square(add(log(div(sin(X1), cos(log(quart(X1))))), square(X1))))), div(mul(add(mul(square(X1), log(X1)), cos(X1)), quart(sin(log(X1)))), div(div(square(exp(X1)), cos(square(X1))), quart(add(X1, mul(X1, X1)))))))"
solar_flare,MRGPRegressor,ok,10.0,-1.9049430240907248,1.65035589476557,446.0,148.0,3128.4,,"mul(div(div(log(cube(square(sin(X9)))), mul(X4, add(X6, sub(mul(log(cube(log(cube(sin(X4))))), X1), cos(log(log(X1))))))), mul(exp(mul(cos(add(X8, X4)), quart(log(X1)))), quart(mul(div(cos(X6), mul(log(cos(sin(quart(sub(X6, X2))))), div(div(log(log(X1)), sqrt(quart(X6))), mul(mul(cube(X2), sub(X7, X2)), quart(X3))))), sub(X7, X2))))), div(log(cube(div(log(exp(square(X2))), quart(mul(cube(X2), sqrt(mul(mul(X2, cube(log(div(X4, X1)))), cube(mul(log(X2), div(cube(X6), mul(exp(add(div(X6, X3), square(X9))), cos(sin(mul(mul(sub(mul(log(cos(sin(quart(sub(X6, X2))))), div(div(log(log(X1)), sqrt(X5)), mul(mul(cube(X2), sub(X7, X2)), quart(X3)))), X3), sub(X7, X2)), quart(quart(X4)))))))))))))))), quart(mul(cube(X2), sqrt(mul(X3, X6))))))"
strogatz_barmag1,MRGPRegressor,ok,2.0,0.9998686566848451,0.0020462762635836,173.0,57.0,3007.0,,"div(div(cube(quart(sqrt(exp(cube(X1))))), mul(quart(log(quart(X1))), mul(div(div(div(X1, square(X1)), quart(mul(quart(log(quart(X1))), mul(X2, quart(quart(X2)))))), square(div(div(cos(X1), log(cos(X2))), square(cos(log(X2)))))), quart(quart(X2))))), square(div(div(cos(X1), square(sqrt(X2))), cube(exp(X1)))))"
strogatz_barmag2,MRGPRegressor,ok,2.0,0.9998690807389192,0.0028833955783127,104.0,34.0,3002.5,,"mul(div(log(square(sin(X2))), cube(X2)), mul(mul(log(cube(mul(square(log(cube(X2))), X2))), square(cube(sin(X2)))), mul(square(sqrt(add(X2, X1))), cos(log(square(cube(sin(X2))))))))"
strogatz_lv1,MRGPRegressor,ok,2.0,0.9996527045771252,0.0025818978333121,152.0,50.0,2515.5,,"div(div(add(div(div(mul(mul(X1, X2), X2), cube(mul(div(add(mul(X1, div(add(mul(X1, mul(X2, X1)), mul(X2, X1)), square(cos(X1)))), mul(X2, X1)), square(cos(X1))), X2))), square(X1)), mul(X2, div(square(X1), X1))), square(cos(mul(X1, X2)))), X1)"
strogatz_glider1,MRGPRegressor,ok,2.0,0.5784541359704816,0.4905303845417416,410.0,136.0,3448.9,,"mul(div(sin(div(cos(quart(X1)), sub(sin(sub(sqrt(quart(cube(add(X1, X2)))), cos(cos(sin(mul(mul(X1, mul(log(X1), X2)), div(cube(cos(square(quart(sin(X2))))), div(square(cube(div(X2, log(div(div(sin(square(cube(cos(X2)))), mul(cos(X2), mul(sin(mul(X1, X1)), quart(quart(X2))))), square(div(div(cos(sin(X1)), log(cos(X2))), mul(sqrt(square(X1)), sin(X2))))))))), div(div(cube(square(cube(cos(X2)))), X2), sqrt(log(sin(sqrt(quart(X1)))))))))))))), cos(sin(X1))))), sin(cos(X2))), sub(div(X2, cos(sin(mul(X1, div(cube(cos(square(quart(sin(X2))))), div(mul(X2, mul(cos(cube(X2)), sub(sqrt(X2), cos(X2)))), div(div(cube(square(cube(cos(X2)))), X2), sqrt(log(sin(X2)))))))))), log(log(div(X2, sqrt(X2))))))"
strogatz_predprey1,MRGPRegressor,ok,2.0,0.999606203382162,0.018212527092903,371.0,123.0,1856.6,,"add(square(cube(X2)), mul(log(square(sqrt(exp(X1)))), add(quart(square(add(exp(X1), sub(sub(X1, X2), X1)))), mul(mul(cube(add(add(add(square(cube(X2)), mul(X2, add(exp(X1), mul(exp(square(X1)), mul(mul(cube(div(sub(X2, X1), X1)), square(X1)), square(cos(exp(X2)))))))), mul(mul(cube(div(sub(X2, X1), exp(X1))), square(X1)), square(square(cos(exp(X2)))))), mul(exp(add(X2, sub(sub(X1, X2), log(X1)))), add(log(exp(X1)), add(square(cube(X2)), mul(X2, add(add(square(cube(X2)), mul(X1, add(X2, mul(exp(square(X1)), X2)))), mul(mul(cube(div(sub(X2, X1), exp(X1))), X1), square(cos(exp(X1))))))))))), square(X1)), square(cos(exp(X2)))))))"
strogatz_glider2,MRGPRegressor,ok,2.0,0.9915024085196902,0.0756837948279394,416.0,138.0,3061.0,,"mul(cube(div(sin(exp(X1)), add(X2, X1))), div(sub(cube(div(cube(sin(mul(cube(X2), sin(X2)))), div(exp(X1), sin(add(X1, X2))))), exp(sqrt(X2))), mul(sub(cube(sin(mul(cube(X2), sin(X2)))), add(mul(cube(div(sin(mul(exp(sqrt(add(X2, X1))), sin(X2))), add(X2, X2))), div(sub(cube(div(quart(X1), exp(X1))), div(mul(cube(div(quart(X1), div(exp(X1), cube(div(sin(mul(exp(sqrt(X1)), sin(sin(add(square(sqrt(X2)), X2))))), add(X2, X1)))))), cube(div(mul(X1, mul(X2, quart(cos(X2)))), sub(X1, mul(cube(div(X1, exp(log(mul(square(X1), X2))))), cube(add(sin(exp(X1)), quart(div(quart(X1), exp(X1)))))))))), sin(X1))), sqrt(div(exp(X1), sin(add(X1, X2)))))), sin(sin(add(X1, X2))))), exp(X1))))"
strogatz_vdp2,MRGPRegressor,ok,2.0,0.9996556290028435,0.0018101328324443,146.0,48.0,440.1,,"add(div(sqrt(quart(add(cos(quart(add(cos(X2), X1))), X1))), div(add(X1, X2), quart(X2))), mul(exp(log(log(div(log(quart(add(cos(X2), X1))), div(sin(quart(X2)), sin(quart(X2))))))), sub(div(sub(X1, square(X1)), sin(X2)), div(X1, quart(X2)))))"
strogatz_predprey2,MRGPRegressor,ok,2.0,0.999931641925391,0.0130658724907958,164.0,54.0,2191.5,,"mul(add(div(log(cube(cos(X2))), sqrt(exp(X1))), square(cos(sqrt(cos(X1))))), mul(cos(X2), mul(cos(sqrt(add(cos(cos(X1)), quart(X2)))), mul(add(cos(sqrt(add(sqrt(add(cos(cos(X1)), quart(X2))), quart(X2)))), square(cube(sqrt(cube(sin(X1)))))), mul(cos(X2), mul(sin(X1), X2))))))"
strogatz_lv2,MRGPRegressor,ok,2.0,0.9997323869665762,0.0012132861238167,167.0,55.0,2799.4,,"div(mul(square(X2), div(mul(X1, div(mul(mul(mul(X1, mul(X2, mul(X2, X1))), X1), X2), add(div(mul(mul(mul(X1, X2), X1), exp(X2)), add(add(square(X2), mul(X1, X2)), X1)), X1))), mul(mul(X2, X1), X1))), add(add(X1, add(add(square(X2), mul(X1, X2)), X1)), X1))"
strogatz_shearflow1,MRGPRegressor,ok,2.0,0.9556762592114272,0.117840223594131,227.0,75.0,3002.3,,"log(cos(mul(add(div(cube(sin(X1)), quart(cos(X1))), div(exp(quart(mul(X1, mul(add(mul(cos(cos(X1)), div(sin(X1), div(cube(X1), quart(cos(X1))))), div(exp(quart(quart(sin(cos(cos(X1)))))), div(cos(sin(sin(X1))), log(cos(X2))))), div(cube(cube(sin(X1))), div(sqrt(quart(sin(sin(X1)))), cos(X2))))))), log(cos(X2)))), div(cube(cube(sin(X1))), div(sqrt(cube(sin(X1))), cos(X2))))))"
strogatz_shearflow2,MRGPRegressor,ok,2.0,0.9998650487749032,0.0027531734330659,110.0,36.0,3010.7,,"mul(cos(cos(exp(mul(log(square(X2)), X1)))), mul(mul(sin(X2), exp(sin(square(X1)))), add(quart(X1), mul(sqrt(sqrt(quart(X1))), add(sqrt(sin(sqrt(sin(X2)))), mul(X1, cube(cube(X2))))))))"
strogatz_vdp1,MRGPRegressor,ok,2.0,0.9999538075641567,0.0041602287298848,107.0,35.0,3369.0,,"sub(div(mul(X1, X2), sub(div(X2, cube(X1)), sub(add(cos(mul(mul(X1, X2), quart(quart(X1)))), cos(mul(mul(X1, X2), quart(quart(quart(X1)))))), square(X1)))), cos(mul(X1, X1)))"
