dataset,algorithm,status,n_features,r2,rmse,complexity,complexity_unified,seconds,error,expr
1096_FacultySalaries,MRGPRegressor,ok,4.0,-0.1604864942350068,5.975775380498719,95.0,31.0,2085.7,,"div(div(mul(X3, X4), div(div(mul(X1, X4), quart(quart(sub(X3, X2)))), log(cube(div(sub(X2, X3), cos(exp(X4))))))), cos(sub(sqrt(X4), add(X3, X4))))"
1089_USCrime,MRGPRegressor,ok,13.0,0.5662936793018909,23.30004049210769,104.0,34.0,2126.9,,"mul(mul(div(quart(cos(mul(X10, X9))), mul(mul(X3, div(X1, X13)), X12)), div(div(div(sqrt(X11), X8), X7), div(log(square(X2)), sin(square(div(X2, X5)))))), square(cube(X13)))"
1028_SWD,MRGPRegressor,ok,10.0,0.0355000617375106,0.7232874715585597,386.0,128.0,3014.4,,"div(quart(mul(cube(log(mul(cos(X4), square(X3)))), sqrt(div(square(mul(X2, X8)), cos(div(X10, X9)))))), div(div(log(cube(sqrt(quart(mul(cube(log(mul(cos(X4), square(X3)))), sqrt(div(square(mul(X2, X8)), cos(div(X4, X9))))))))), div(log(div(cube(div(X5, sqrt(X9))), div(sqrt(quart(mul(cube(log(X5)), sqrt(div(square(mul(mul(mul(X9, X10), cos(X3)), X8)), X9))))), add(X5, sqrt(quart(X7)))))), mul(log(exp(mul(X3, X2))), add(X5, sub(mul(X8, X1), cos(X4)))))), mul(exp(mul(cos(add(X8, X4)), quart(exp(X6)))), quart(add(add(mul(add(X7, X8), mul(X3, X4)), cos(sqrt(div(square(log(div(cos(X3), div(cos(X10), add(X5, X3))))), X8)))), cos(sqrt(X3)))))))"
1030_ERA,MRGPRegressor,ok,4.0,0.2379019718753358,1.615465408948796,236.0,78.0,3049.1,,"div(div(mul(cos(cos(log(X4))), cos(exp(X1))), mul(mul(quart(sin(div(X2, X1))), sin(X2)), div(X2, log(X1)))), mul(cube(cos(div(div(cube(X2), quart(sin(X3))), div(square(cube(mul(X1, log(sin(log(cube(X4))))))), add(cos(X2), log(mul(mul(quart(X2), sin(X2)), add(square(X3), square(X2))))))))), mul(div(sub(cos(div(cube(div(X1, X3)), X3)), sin(X1)), cube(exp(sin(sin(X2))))), mul(X1, X2))))"
1027_ESL,MRGPRegressor,ok,4.0,-0.5500782238459399,1.9441478187179957,452.0,150.0,3062.8,,"div(sub(sub(div(square(sub(sub(X2, X4), X3)), cube(quart(sub(cube(X3), mul(X4, X3))))), add(mul(log(add(log(div(X3, mul(mul(X2, X4), cube(X1)))), X2)), add(log(X2), div(X2, X4))), X1)), cube(mul(sin(sub(square(sub(div(square(sub(sub(X2, X4), X4)), cube(quart(sub(cube(X3), mul(cos(X1), X2))))), add(mul(cos(mul(X4, X2)), sub(square(X4), cube(X1))), X2))), div(X3, X1))), square(square(sqrt(mul(X3, sqrt(X4)))))))), div(add(sin(div(cos(quart(X4)), div(exp(mul(X2, X4)), X2))), mul(sin(sub(square(sub(div(square(sub(sub(X2, X4), X3)), cube(quart(sub(X1, mul(cos(X1), X2))))), add(mul(X3, add(log(X2), X1)), X1))), div(X1, cube(X1)))), square(sqrt(mul(X3, sqrt(X4)))))), mul(div(X1, log(square(cos(cube(mul(cos(X1), sub(quart(X3), cube(X1)))))))), X3)))"
1029_LEV,MRGPRegressor,ok,4.0,0.4918614200926107,0.6570498744306387,401.0,133.0,3072.3,,"div(square(add(X2, sub(X4, mul(mul(X2, X1), square(mul(div(sin(cube(X3)), mul(div(log(X4), exp(X4)), div(X2, X4))), cos(X4))))))), div(sub(div(exp(X1), div(div(div(add(X3, X2), square(X3)), div(sqrt(div(log(exp(square(exp(X1)))), mul(cube(cube(sin(X1))), mul(X2, mul(cube(X4), square(X3)))))), quart(exp(X1)))), square(mul(div(log(exp(square(exp(X1)))), mul(cube(X4), div(add(X3, X2), div(quart(mul(sqrt(mul(mul(X2, X1), add(X1, X3))), cos(log(log(X4))))), X2)))), square(cos(X4)))))), div(cube(div(mul(cos(exp(mul(sqrt(mul(X2, add(X1, X3))), cos(log(log(X4)))))), mul(cube(sub(sin(X1), add(div(X3, X2), sin(exp(X1))))), square(X3))), X1)), cos(log(X3)))), X3))"
1191_BNG_pbc,MRGPRegressor,ok,18.0,-1.2318144931169108,1565.7666728907184,446.0,148.0,3216.9,,"div(mul(cos(sin(mul(mul(mul(log(div(square(X6), square(X18))), sub(log(cos(mul(div(exp(X7), quart(X11)), sin(cos(mul(mul(log(div(square(sub(mul(mul(sub(log(X11), cos(sqrt(add(X9, X1)))), cube(div(X8, X15))), mul(sin(cube(X13)), div(add(X5, X10), log(X11)))), mul(mul(X4, sin(quart(X12))), log(cos(mul(div(exp(X14), quart(X9)), sin(cos(sqrt(X11))))))))), square(X18))), sub(log(cos(mul(div(exp(X7), quart(X11)), sin(cos(X6))))), quart(div(X16, X11)))), exp(sqrt(X3)))))))), quart(div(X16, X11)))), exp(sqrt(X3))), log(div(add(div(sqrt(X11), sin(X9)), log(quart(X9))), sin(cos(log(X3)))))))), cube(div(cos(quart(X15)), cos(cube(X7))))), sub(mul(mul(sin(X4), cube(X16)), log(X1)), mul(mul(add(div(X3, X15), quart(X6)), sin(div(X11, X1))), log(square(log(X17))))))"
1193_BNG_lowbwt,MRGPRegressor,ok,9.0,-0.3141793415935525,905.4241735849956,446.0,148.0,3216.4,,"add(log(sin(div(exp(sqrt(cos(cos(div(X4, X6))))), div(mul(cos(div(X9, X8)), mul(sqrt(X2), sub(X8, X1))), cos(cos(div(X5, div(sin(X4), sin(mul(X5, X1)))))))))), sub(log(log(log(div(X5, X2)))), sqrt(sub(mul(div(div(cos(sqrt(cube(X5))), quart(sub(exp(X3), add(sqrt(add(exp(mul(X7, X2)), X7)), mul(X2, X1))))), div(sqrt(sqrt(add(square(div(X4, mul(X1, square(square(div(sin(log(X2)), sin(X1))))))), quart(X7)))), div(cube(X1), div(mul(cos(div(mul(cos(div(div(X1, sqrt(log(X2))), cube(log(X2)))), mul(sqrt(div(X1, div(quart(cos(div(X4, X1))), mul(log(square(X9)), X9)))), sub(X8, X9))), cos(square(mul(X4, sin(mul(X5, X6))))))), mul(sqrt(X2), sub(div(X7, X2), X1))), cos(square(mul(X4, X9))))))), X9), cos(sin(cos(sub(X3, X8))))))))"
1196_BNG_pharynx,MRGPRegressor,ok,10.0,-2.307302289520992,616.2843568573974,437.0,145.0,3522.5,,"sub(div(exp(sin(square(X8))), square(quart(div(cube(X7), add(X10, X9))))), quart(cos(square(div(sub(div(X9, X8), add(log(div(X8, X7)), sin(mul(div(X9, cube(X9)), square(div(sub(mul(div(X9, cube(exp(sqrt(X1)))), square(div(sub(div(X9, X8), cube(X7)), mul(div(quart(cos(mul(sub(X3, X9), X10))), cube(exp(sqrt(X1)))), square(div(sub(X10, cube(sub(div(X9, X8), cube(X7)))), exp(X10))))))), cube(X7)), mul(div(quart(cos(mul(sub(X3, X9), X10))), cube(exp(sqrt(X1)))), square(div(sub(div(X9, mul(div(sin(div(X9, X8)), cube(mul(quart(div(quart(X1), X10)), div(div(X9, X8), X10)))), square(div(sub(div(X9, X8), X6), mul(div(X10, mul(div(quart(cos(X6)), cube(exp(X3))), exp(X9))), mul(X1, X5)))))), cube(X7)), exp(X10)))))))))), exp(quart(X10)))))))"
1199_BNG_echoMonths,MRGPRegressor,ok,9.0,-1.631482712052816,22.956859283612317,443.0,147.0,3214.9,,"sub(log(add(cos(cube(cube(X7))), mul(mul(sin(exp(sin(mul(sub(X9, X1), add(div(sqrt(X6), quart(X6)), sub(cube(cube(sin(X2))), cos(div(mul(mul(mul(mul(add(div(X4, quart(X6)), sub(cube(cube(sin(X2))), cos(div(add(X7, X7), quart(X5))))), log(square(log(X8)))), log(quart(cube(sin(X5))))), X5), log(quart(cube(sin(div(cos(X5), square(sub(X5, X2)))))))), quart(mul(X5, mul(log(sub(mul(div(X2, X9), X1), sin(div(X1, div(X7, quart(div(X1, sin(mul(X2, X7))))))))), X7))))))))))), mul(sub(X9, cube(sub(X3, X8))), X1)), mul(div(X6, X1), sin(X3))))), mul(mul(add(div(sqrt(X6), quart(cos(cube(cube(X8))))), sub(cos(div(add(X1, X7), quart(X2))), cos(div(add(sqrt(X6), X7), quart(div(X1, X8)))))), log(square(log(X8)))), log(quart(cube(sin(X5))))))"
1203_BNG_pwLinear,MRGPRegressor,ok,10.0,-2.3042400592289565,7.734367006570015,440.0,146.0,3185.7,,"mul(mul(sub(log(add(X7, cube(quart(X3)))), mul(mul(X1, X2), mul(div(div(quart(sqrt(square(mul(exp(X3), X5)))), square(div(quart(quart(exp(X9))), X3))), cos(X5)), sin(div(quart(quart(exp(add(X6, X1)))), div(div(X7, quart(X5)), square(sub(sub(X2, X5), add(X4, add(X10, add(X9, X4))))))))))), mul(mul(add(div(X3, X1), quart(X10)), sin(quart(X6))), log(square(log(X7))))), div(quart(quart(exp(sub(X8, X5)))), div(X6, square(sub(mul(sub(log(add(cos(X3), cube(quart(X3)))), mul(mul(X1, X2), mul(div(div(quart(sqrt(square(mul(X1, X5)))), square(div(quart(quart(sub(mul(X5, sub(X8, X5)), square(X2)))), sub(div(X2, X1), add(mul(X3, X1), X5))))), X3), sin(X2)))), mul(mul(add(div(X3, X1), quart(X10)), sin(quart(X6))), log(square(log(X7))))), exp(X9))))))"
1201_BNG_breastTumor,MRGPRegressor,ok,9.0,-1.1220299418956117,17.720614084084218,380.0,126.0,3297.0,,"div(cos(add(add(cos(div(div(sqrt(mul(sin(X5), cube(X3))), mul(quart(quart(sub(X9, X4))), div(X2, X6))), X8)), X4), div(mul(cos(div(X5, X9)), mul(mul(sqrt(X2), div(cos(square(div(cos(add(X6, cube(mul(X3, X3)))), div(mul(cos(div(X5, X8)), mul(X5, sub(X8, X1))), cos(square(div(sin(mul(sub(div(X2, X3), quart(X5)), quart(sin(X6)))), X9))))))), div(mul(cos(div(X5, X9)), mul(sqrt(X2), sub(X8, X1))), cos(square(mul(X4, sub(X8, X1))))))), sub(X8, X1))), X4))), div(mul(cos(div(div(sqrt(mul(sin(X5), cube(X3))), mul(quart(quart(sub(X9, cos(quart(X7))))), exp(quart(X7)))), X8)), mul(sqrt(X2), sub(X8, X1))), cos(square(X3))))"
1595_poker,MRGPRegressor,ok,10.0,-3.342804857684266,2.710403788600272,452.0,150.0,3289.5,,"div(log(sub(cube(log(X10)), mul(log(add(quart(add(add(quart(sqrt(sub(X9, X7))), sqrt(sub(X1, X7))), sqrt(sub(X1, X3)))), sqrt(sub(X1, X3)))), mul(X2, X2)))), div(exp(sub(cube(log(X10)), mul(log(add(quart(log(square(sqrt(div(quart(div(sqrt(X10), mul(log(sub(cube(X6), mul(log(sub(X1, X3)), X5))), sqrt(sub(X9, X2))))), cube(log(div(quart(quart(add(X7, X1))), cube(log(X9)))))))))), sqrt(exp(sub(cube(log(X10)), mul(log(add(quart(log(square(sqrt(div(quart(div(sqrt(X2), mul(log(sub(cube(log(log(add(quart(sqrt(sub(X9, X7))), sqrt(sub(X1, X7)))))), mul(log(sub(X1, X3)), X5))), sqrt(X7)))), cube(log(div(quart(quart(log(add(quart(sqrt(sub(X9, X7))), sqrt(sub(X1, X3)))))), cube(log(X9)))))))))), sqrt(sqrt(sub(X1, X7))))), X5)))))), X5))), exp(exp(sqrt(sub(X1, X3))))))"
192_vineyard,MRGPRegressor,ok,2.0,-0.1944562611827012,4.364365942742869,107.0,35.0,3004.6,,"mul(sin(cube(div(div(sin(add(exp(X1), add(X1, X2))), cube(cube(log(X1)))), quart(cube(X1))))), sin(div(log(mul(square(sqrt(mul(X1, X1))), log(X2))), log(cos(mul(X1, X2))))))"
197_cpu_act,MRGPRegressor,ok,21.0,0.5153999777036731,13.055587533400674,449.0,149.0,3040.5,,"div(div(log(add(div(log(add(add(mul(X18, X16), div(X21, X12)), X17)), mul(sin(X12), quart(cos(add(mul(div(square(quart(X21)), exp(log(X3))), sin(X7)), square(quart(X11))))))), mul(mul(div(X2, cos(X8)), mul(mul(X1, X10), mul(X20, X21))), mul(div(X2, cos(mul(X16, sin(sub(X21, mul(log(log(X2)), square(X8))))))), X21)))), mul(add(square(sqrt(X6)), mul(mul(div(X2, cos(mul(mul(cos(mul(sin(X7), X3)), div(sqrt(cube(X21)), exp(log(X1)))), sin(sub(X21, mul(log(log(X2)), square(X8))))))), mul(mul(X9, X10), mul(X20, X21))), mul(mul(sub(X17, X6), sin(X21)), exp(log(X15))))), quart(div(div(X17, div(square(quart(X21)), X11)), mul(X13, div(square(quart(X21)), exp(log(X3)))))))), quart(div(X7, cos(mul(X16, sin(div(X2, cos(mul(sin(add(X19, sqrt(X16))), sin(X8))))))))))"
201_pol,MRGPRegressor,ok,48.0,-0.1901287204587931,43.67864402707877,440.0,146.0,3146.8,,"sqrt(div(sub(mul(log(X5), quart(div(sin(div(quart(log(add(sqrt(cos(X25)), cos(sqrt(X5))))), div(sqrt(mul(X19, div(div(log(sqrt(mul(sub(X14, X6), X5))), X6), div(X31, exp(X28))))), cube(sub(mul(sin(mul(X8, X6)), cos(exp(sqrt(X5)))), X6))))), X30))), mul(cos(X7), X28)), square(sin(div(sub(mul(log(X5), quart(sqrt(mul(sin(log(X18)), X5)))), mul(cos(X7), sin(log(X25)))), div(sqrt(mul(X19, div(X6, div(sqrt(mul(X19, X5)), div(div(sin(div(sub(X19, mul(cos(X7), sin(X6))), div(sqrt(mul(X19, X5)), cube(X31)))), X30), div(div(sqrt(X5), div(quart(log(add(square(X5), cos(sqrt(X5))))), div(sqrt(mul(X19, div(div(log(sqrt(mul(sin(mul(X8, X6)), X5))), X6), div(div(sqrt(X5), X19), exp(X28))))), cube(sub(X14, X6))))), X32)))))), cube(X5)))))))"
210_cloud,MRGPRegressor,ok,5.0,0.8108129159861509,0.4984886376567803,239.0,79.0,3016.8,,"sub(div(sqrt(sub(sqrt(sqrt(log(X5))), square(square(X4)))), div(mul(sqrt(quart(div(quart(log(X3)), sub(exp(add(exp(log(X1)), X3)), cube(div(mul(exp(X5), X2), sin(quart(X2)))))))), sin(div(X2, X3))), mul(div(cube(square(X5)), div(mul(exp(quart(X2)), X3), sin(quart(cube(X4))))), cos(sin(quart(add(X2, X1))))))), sqrt(add(exp(log(X4)), div(sub(X4, X3), div(mul(exp(log(X3)), X3), sin(quart(cube(X4))))))))"
215_2dplanes,MRGPRegressor,ok,10.0,0.4663140398818329,2.627214673806591,449.0,149.0,3053.7,,"mul(mul(sub(log(X6), mul(log(log(X8)), mul(X1, sin(X2)))), mul(mul(add(div(mul(X4, X1), quart(quart(square(X3)))), sub(square(mul(X1, sub(mul(X1, X6), X7))), div(X5, X1))), sin(quart(mul(mul(add(div(mul(X1, X1), quart(quart(X7))), mul(X1, X7)), sin(quart(div(X5, X1)))), log(mul(X1, sub(mul(add(cos(div(X4, X3)), cube(X10)), X6), X7))))))), log(mul(mul(add(div(mul(X4, X1), quart(quart(square(X2)))), X7), sin(quart(div(X5, X1)))), log(mul(X6, sub(mul(add(cos(div(mul(mul(X4, div(X6, X1)), sin(X6)), mul(X5, quart(cube(sin(add(div(X3, X1), sub(X4, X10)))))))), cube(X10)), mul(X4, X1)), sub(log(add(cos(mul(X1, X6)), cube(X5))), mul(log(log(X8)), mul(X1, sin(X2))))))))))), log(quart(cube(sin(add(div(X3, X1), sub(X4, X10)))))))"
218_house_8L,MRGPRegressor,ok,8.0,-1.0592701848536472,63882.23698851943,374.0,124.0,3553.4,,"div(div(mul(cos(div(log(cos(X2)), add(square(X2), cube(X1)))), sqrt(mul(div(sin(X3), log(X2)), cube(cos(cos(cos(mul(X2, mul(cos(X4), cos(square(sqrt(X3)))))))))))), div(mul(cos(div(log(cos(sub(X3, mul(log(X4), square(X3))))), add(square(X2), cube(X1)))), sqrt(mul(div(sin(X3), log(X2)), cube(mul(mul(quart(mul(sin(div(X2, sqrt(sqrt(X1)))), cos(X3))), cos(cos(mul(X2, mul(cos(X4), mul(X8, X1)))))), X4))))), div(cube(X2), square(mul(mul(div(X3, X7), X1), mul(sin(div(X5, X1)), mul(X3, X5))))))), div(cube(div(mul(sin(X7), X7), exp(X4))), square(mul(mul(div(X5, X7), X1), mul(sin(div(X5, X1)), mul(X3, X2))))))"
227_cpu_small,MRGPRegressor,ok,12.0,0.500730926466026,13.251713520677416,401.0,133.0,3012.1,,"sub(log(add(mul(quart(X6), mul(cos(X5), sub(div(exp(div(X7, exp(sin(exp(div(sin(cube(X8)), X6)))))), cos(X8)), div(X7, div(exp(sin(add(quart(X8), sin(mul(sub(div(X6, X9), quart(X11)), mul(sin(cube(square(X12))), div(cos(X6), log(X11)))))))), cube(quart(X3))))))), exp(X3))), sub(div(sqrt(cos(sqrt(X6))), cos(sqrt(sin(X4)))), div(cube(X5), quart(sub(log(add(exp(cos(X6)), mul(div(cube(sqrt(add(X2, X5))), quart(square(log(X12)))), mul(log(X7), add(cube(sqrt(cos(cube(X12)))), log(log(div(X2, X6)))))))), sub(div(sqrt(cos(sqrt(X6))), cos(quart(X9))), div(cube(sqrt(add(X8, X5))), quart(exp(log(div(cos(mul(div(X10, quart(X12)), div(cos(X8), log(log(X3))))), log(X11))))))))))))"
225_puma8NH,MRGPRegressor,ok,8.0,0.1816563744626336,4.96360271604525,434.0,144.0,3347.7,,"add(cos(mul(cos(sqrt(log(X2))), quart(mul(X2, quart(add(exp(cube(X5)), square(X2))))))), mul(div(mul(log(mul(X3, mul(X3, X2))), div(sub(div(exp(X4), sin(cube(cube(add(X2, X3))))), square(add(X8, X8))), sin(add(X3, X2)))), sub(div(exp(X4), sin(add(X3, X2))), mul(div(mul(sin(log(X8)), sqrt(add(mul(sqrt(X3), cube(mul(add(log(X7), X8), log(cos(X2))))), cube(add(X2, X3))))), sub(div(exp(X4), sin(add(X3, X2))), square(X5))), div(sin(quart(cube(X2))), mul(div(mul(X2, sqrt(log(cos(X3)))), sub(div(exp(X4), X2), square(X3))), div(sin(quart(cos(X6))), sqrt(mul(sqrt(X2), sin(quart(div(exp(X2), cos(cube(sin(sqrt(X3))))))))))))))), div(sin(quart(mul(sin(div(cos(X2), X3)), sqrt(log(X4))))), sqrt(mul(sqrt(X2), sin(X3))))))"
228_elusage,MRGPRegressor,ok,2.0,-0.1335469012719312,17.22607186837482,125.0,41.0,3030.3,,"div(div(mul(div(cos(mul(X1, X1)), X1), X2), mul(quart(cube(cos(cube(cube(X1))))), X2)), square(div(div(mul(quart(X1), cos(quart(div(X2, X1)))), mul(quart(cube(cos(cube(X1)))), X2)), div(square(quart(X2)), X1))))"
344_mv,MRGPRegressor,ok,10.0,0.9205705920153194,2.566668964121223,329.0,109.0,1657.9,,"div(sub(cube(X4), div(div(X6, X8), mul(sub(cube(mul(mul(exp(X8), exp(X4)), mul(cube(X8), cube(X4)))), add(exp(mul(cos(mul(X4, mul(cube(div(X6, quart(square(add(X8, mul(X8, mul(X6, X8))))))), X7))), X6)), sin(add(mul(X6, mul(X1, cube(mul(X6, sub(sin(add(X4, sin(mul(X3, mul(exp(add(X6, mul(cube(div(X6, X8)), X4))), mul(X6, X1)))))), log(mul(X1, X8))))))), sin(mul(quart(square(add(X8, X6))), mul(X9, X4))))))), X6))), mul(X7, mul(cube(mul(cube(X4), cube(X4))), mul(mul(X1, X8), mul(cube(div(div(X6, X8), X8)), exp(X6))))))"
229_pwLinear,MRGPRegressor,ok,10.0,-0.8248237056362939,4.809583708176046,443.0,147.0,3211.8,,"mul(mul(sub(log(add(square(sub(div(mul(div(X10, X5), X6), log(quart(cube(X3)))), log(sin(log(sub(X5, X1)))))), cube(X10))), mul(sub(div(div(X5, X7), mul(quart(X8), X6)), X10), mul(square(sub(div(sqrt(mul(X1, X5)), log(quart(cube(sin(cos(exp(sub(mul(mul(add(div(X3, X1), mul(X1, X6)), sin(quart(X4))), X7), add(div(X10, X5), cos(X2)))))))))), log(X9))), sin(mul(X7, X5))))), mul(mul(add(div(X3, X1), X4), sin(X6)), div(sub(div(X2, X1), X4), sub(sub(div(X1, mul(quart(X8), X6)), X10), div(X5, mul(sub(sub(add(div(X3, X1), X4), X10), div(X5, mul(X1, X6))), X6)))))), log(quart(cube(sin(cos(exp(sub(X8, add(div(X10, X1), add(div(sub(X6, X5), mul(X2, X1)), cos(cube(sub(X1, div(cos(X2), sub(X5, X1)))))))))))))))"
230_machine_cpu,MRGPRegressor,ok,6.0,0.0520325622473063,175.5166823626055,407.0,135.0,3032.3,,"add(div(sqrt(log(sin(mul(X2, mul(X4, X6))))), quart(cube(X4))), mul(log(div(quart(X2), div(sub(mul(sqrt(quart(X4)), log(sub(sqrt(X5), X5))), add(X6, X2)), cube(log(sqrt(div(quart(square(square(mul(log(X5), X2)))), div(sub(mul(sqrt(X4), log(sub(div(X4, X6), X5))), X4), cube(X3))))))))), log(mul(log(square(X4)), add(div(sqrt(div(sqrt(log(sin(sqrt(X5)))), quart(quart(mul(X2, sqrt(X2)))))), quart(quart(mul(X2, sqrt(X1))))), mul(log(cos(mul(add(div(cube(mul(cos(mul(X4, X3)), X3)), sqrt(square(X6))), mul(X6, sin(X2))), mul(exp(X4), X4)))), log(mul(sin(mul(X2, mul(div(div(sin(mul(X1, X6)), log(cos(log(X4)))), div(mul(X6, X2), cos(X2))), exp(X3)))), mul(log(X2), X3)))))))))"
294_satellite_image,MRGPRegressor,error,,,,,,,ValueError: Input contains NaN.,
523_analcatdata_neavote,MRGPRegressor,ok,2.0,0.9377752695757612,0.9388825384902718,218.0,72.0,292.3,,"mul(sub(div(mul(sub(log(square(X1)), mul(sub(sin(X1), X1), X2)), div(X2, X1)), div(X1, log(cube(sqrt(sin(X1)))))), X2), div(mul(sub(cos(log(cube(X1))), div(mul(sub(cos(log(X1)), cube(X1)), sub(square(X1), sub(quart(X1), div(mul(sub(cos(log(sub(cos(log(X1)), cube(X1)))), X1), sub(square(X1), add(square(X2), X2))), X2)))), cube(X1))), X2), sin(sin(X1))))"
4544_GeographicalOriginalofMusic,MRGPRegressor,ok,117.0,-2.3012060212707928,1.7403177869440674,434.0,144.0,3294.7,,"sub(div(exp(sqrt(quart(X41))), quart(sin(quart(X29)))), div(mul(sin(X100), quart(square(X99))), add(sub(square(X33), div(X71, sub(add(X29, sub(sin(log(cos(square(mul(X102, div(mul(add(mul(X26, X43), div(X62, X106)), cube(sub(X102, X99))), sin(mul(square(X91), sin(quart(mul(X102, cos(X99)))))))))))), div(sin(X71), sqrt(X42)))), div(X71, cos(add(X116, add(X90, add(X84, add(X54, add(X94, add(X42, add(X50, add(X88, add(X114, add(add(X69, add(X31, add(X28, add(X37, add(log(div(sin(X74), mul(X42, X43))), add(X42, add(X64, sin(X35)))))))), add(X45, add(X96, add(X3, add(X76, add(X102, add(X99, add(X38, add(X58, add(X73, add(X33, add(X61, add(X69, add(X11, add(X95, add(log(X94), log(sin(log(cube(X102)))))))))))))))))))))))))))))))))), sin(exp(X25)))))"
485_analcatdata_vehicle,MRGPRegressor,ok,4.0,-0.1148833563567182,313.1139187711278,110.0,36.0,3018.1,,"div(quart(div(div(quart(mul(mul(X2, X1), X3)), cube(X4)), div(add(sqrt(cos(X1)), exp(mul(X2, X1))), square(div(quart(mul(sqrt(mul(cos(X4), add(X1, X3))), cos(X4))), X3))))), X2)"
527_analcatdata_election2000,MRGPRegressor,ok,14.0,0.9167414902138844,31983.954095068948,89.0,29.0,882.5,,"div(div(div(X10, div(X10, X1)), add(div(X10, div(X10, X1)), add(X10, div(X10, div(add(sin(X3), X9), div(X1, cos(X10))))))), div(X10, X1))"
503_wind,MRGPRegressor,ok,14.0,-2.684885729758215,8.766443604438276,449.0,149.0,3149.0,,"add(sin(div(mul(log(sin(X7)), log(add(X14, X2))), div(sqrt(add(X2, div(exp(X12), cos(log(X5))))), div(mul(cos(div(square(X3), log(X14))), sqrt(X12)), quart(quart(mul(cos(div(div(X13, X2), log(sin(div(mul(log(sin(X7)), sub(X10, div(sqrt(add(mul(div(sqrt(X13), X14), cos(X12)), mul(X5, X5))), sin(log(mul(log(mul(cube(X13), add(X9, X12))), quart(cube(X6)))))))), div(sqrt(add(X6, X5)), div(log(X7), quart(X13)))))))), sqrt(mul(add(X12, X9), add(X12, X7)))))))))), sin(log(mul(log(mul(cube(log(sub(X8, quart(mul(cos(sqrt(sin(sub(X13, cos(div(add(X12, mul(cos(div(square(X3), X13)), X8)), sqrt(X8))))))), sqrt(mul(sqrt(mul(div(div(mul(X3, X11), sqrt(X13)), log(mul(X13, square(cube(X7))))), sqrt(sqrt(log(X3))))), X5))))))), add(X9, X12))), quart(cube(X6))))))"
505_tecator,MRGPRegressor,ok,124.0,0.6004008826440287,6.668862438008309,434.0,144.0,3029.5,,"mul(sub(square(sub(sqrt(quart(exp(X116))), exp(X103))), mul(mul(add(cube(mul(sin(square(X105)), mul(mul(X104, X124), X113))), mul(mul(X114, mul(mul(div(X112, X114), X124), X109)), div(add(X104, mul(div(X31, cos(exp(X110))), X124)), cos(exp(X107))))), mul(X14, div(X42, exp(X110)))), sin(log(X103)))), mul(mul(add(sqrt(cos(div(sub(mul(X103, X124), div(X123, exp(sqrt(div(exp(X106), X124))))), quart(X3)))), quart(cos(div(sub(sin(exp(X73)), div(div(add(add(cube(mul(sin(square(X105)), log(add(quart(sub(X123, X124)), X123)))), X34), square(X117)), sqrt(cos(div(X109, quart(mul(mul(X14, mul(X124, X82)), X104)))))), exp(sqrt(X83)))), quart(X115))))), X109), add(X9, mul(X4, add(X104, add(X105, div(add(div(X114, exp(sqrt(div(X104, sqrt(X107))))), X123), exp(sqrt(div(cos(X123), X115))))))))))"
519_vinnie,MRGPRegressor,ok,2.0,0.7023289568105725,1.7478041405223814,347.0,115.0,3036.2,,"div(cube(cos(square(quart(sin(sin(div(div(mul(exp(log(sqrt(X1))), cos(quart(sqrt(X2)))), mul(sin(sub(add(X2, X2), mul(X1, X2))), mul(sin(mul(X1, X1)), quart(quart(cos(cube(X2))))))), square(div(div(cos(sin(X1)), cube(quart(X2))), mul(sqrt(X1), sin(sqrt(X2)))))))))))), div(square(cube(div(add(X2, sin(sqrt(div(log(mul(X2, X1)), cos(square(X2)))))), mul(X1, X2)))), div(X1, sqrt(log(mul(X2, mul(sin(mul(X1, div(quart(sin(sqrt(div(quart(X2), cos(X1))))), div(cube(mul(quart(cos(X1)), square(quart(X2)))), div(X1, quart(X2)))))), quart(quart(mul(exp(log(sqrt(X1))), cos(quart(sub(X2, X1)))))))))))))"
522_pm10,MRGPRegressor,ok,7.0,-2.902265601997161,1.7199881889758732,440.0,146.0,3095.8,,"sub(log(add(cos(cube(add(div(sqrt(X4), quart(mul(div(X4, cube(cube(X1))), cos(div(cube(X4), sqrt(X4)))))), sin(cos(X3))))), mul(cube(sqrt(sqrt(X4))), X1))), mul(mul(add(div(sqrt(X4), div(sin(sub(cos(mul(sub(X3, X1), add(X4, X6))), add(sub(add(X5, X5), add(X6, X7)), cos(add(X2, X7))))), div(quart(quart(exp(sub(X6, X3)))), div(quart(sqrt(square(X4))), square(sub(sub(log(X1), X4), exp(X4))))))), sin(quart(X4))), log(square(sub(cube(add(X2, X5)), div(sub(X3, X2), mul(mul(add(div(sqrt(X4), quart(mul(div(cube(X1), cube(cube(X1))), cos(div(cube(X4), sqrt(X4)))))), sin(quart(X4))), log(square(sub(cube(add(X2, X5)), div(sub(X3, mul(log(X4), cube(cube(X1)))), mul(X4, X2)))))), log(quart(cube(sin(X5)))))))))), log(quart(cube(sin(X5))))))"
547_no2,MRGPRegressor,ok,7.0,-3.5859393443842205,1.3540788031960251,446.0,148.0,3001.5,,"mul(sin(add(sin(X3), cos(sub(log(add(cos(cube(cube(X7))), mul(log(X2), mul(div(X1, X6), mul(add(div(sqrt(X4), quart(cube(sin(log(X7))))), sin(quart(X4))), log(square(div(cos(cos(mul(square(mul(X4, X7)), X3))), add(mul(cos(exp(X2)), log(sub(X1, sin(X6)))), log(sin(mul(mul(div(log(square(cube(cube(sin(X3))))), log(sqrt(mul(exp(sin(X7)), div(log(cube(cube(X1))), sqrt(sqrt(cube(X3)))))))), add(sub(X1, sqrt(X5)), sin(X3))), X3)))))))))))), mul(mul(add(div(sqrt(X4), quart(quart(X1))), sin(quart(X4))), log(add(div(mul(X3, cube(X1)), X3), cube(exp(sin(mul(X3, X1))))))), log(quart(cube(sin(sub(exp(sqrt(sub(X3, cos(X2)))), cos(cube(mul(X1, X4))))))))))))), add(sin(mul(X2, mul(X5, log(sub(X1, cos(cos(cos(sin(sqrt(X7)))))))))), log(sin(X6))))"
542_pollution,MRGPRegressor,ok,15.0,-0.5619281376675815,98.76546973325584,134.0,44.0,3033.4,,"mul(mul(mul(X1, mul(X2, X14)), div(div(quart(X3), sin(X6)), add(quart(div(X12, X2)), cube(X14)))), div(X4, mul(div(mul(sin(div(X15, X8)), sqrt(log(X7))), quart(X2)), div(sin(quart(X1)), sqrt(mul(div(X11, X5), X1))))))"
556_analcatdata_apnea2,MRGPRegressor,ok,3.0,-1.0086885561323575,4689.150472082046,422.0,140.0,3036.6,,"div(sub(quart(div(div(X1, exp(X1)), div(div(cos(sub(sin(X1), X2)), sin(X2)), X3))), cos(sqrt(log(div(X2, sub(div(X2, div(sqrt(X2), sub(sin(X1), X2))), X2)))))), log(div(sub(quart(div(cube(exp(div(sin(X2), sub(X1, X2)))), log(log(div(X2, cube(exp(div(sin(X2), sub(X1, X2))))))))), cos(quart(div(div(div(div(div(div(square(sin(log(div(div(X1, sub(X1, X2)), X3)))), quart(quart(X3))), quart(div(div(X1, sub(cube(div(X1, sub(sin(X3), X2))), X2)), X1))), sub(sin(X1), X3)), add(cos(add(div(X3, X1), mul(quart(div(div(sqrt(div(sin(X2), sub(X1, X2))), sub(sin(X1), X2)), log(log(div(quart(X3), log(X3)))))), X2))), X1)), sub(cube(X1), X2)), square(square(X1)))))), log(sin(exp(sin(X1)))))))"
537_houses,MRGPRegressor,ok,8.0,0.7126262067121457,51517.70404138978,449.0,149.0,3168.0,,"add(cos(mul(cos(sqrt(quart(mul(mul(mul(X7, X8), cube(exp(X2))), div(cos(X1), sin(sub(X1, X5))))))), quart(cos(log(add(mul(sin(X7), mul(sqrt(quart(X1)), add(log(cube(X5)), add(exp(cos(X2)), log(sqrt(X3)))))), sin(sub(X5, sin(X8))))))))), mul(div(mul(sin(square(X3)), sqrt(log(X4))), sub(X8, square(exp(X8)))), div(sin(quart(cos(X6))), sqrt(mul(div(X5, square(sqrt(sub(mul(sqrt(mul(X7, cos(sin(cos(div(X7, X6)))))), add(log(cube(X3)), add(exp(cos(X2)), log(sqrt(X3))))), square(log(div(cos(sin(X8)), sin(sub(X1, div(add(exp(exp(X8)), div(div(sin(X8), exp(X8)), sub(X1, X5))), square(div(mul(sqrt(quart(X8)), mul(X7, cos(sin(cos(div(cube(X1), sin(X7))))))), X3)))))))))))), sin(div(div(mul(sqrt(X2), mul(X7, X4)), exp(X8)), sub(X8, X5))))))))"
529_pollen,MRGPRegressor,ok,4.0,-0.7490371434384338,4.945120221999168,431.0,143.0,3286.7,,"mul(log(sub(cos(div(div(cube(cos(cube(X4))), quart(mul(quart(add(cube(log(sqrt(X4))), cos(cube(sin(X1))))), sqrt(mul(X4, X2))))), div(square(cube(X2)), add(cos(X2), log(X4))))), div(sqrt(sin(sin(sin(square(X1))))), log(mul(sin(mul(square(quart(cube(sin(X3)))), exp(sin(X3)))), quart(exp(X2))))))), mul(sin(sin(exp(cube(X3)))), sub(X2, cube(log(sub(cos(div(div(cube(cos(cube(X4))), quart(sin(X3))), div(square(square(quart(sub(quart(cos(log(X4))), cube(sin(X3)))))), add(X1, log(X4))))), div(sqrt(sin(mul(sin(sin(exp(cube(X3)))), sub(X2, cube(log(sub(cos(div(div(cube(cos(cube(X4))), quart(sin(X3))), div(square(cube(X3)), add(cos(X2), log(X4))))), div(sqrt(sin(sin(sqrt(X1)))), log(sin(log(log(X4)))))))))))), log(sin(log(log(X4)))))))))))"
560_bodyfat,MRGPRegressor,error,,,,,,,ValueError: Input contains NaN.,
561_cpu,MRGPRegressor,ok,7.0,0.9575118383727976,37.28183039815253,380.0,126.0,2348.4,,"sub(log(add(X1, mul(X7, log(add(cos(cube(cube(X7))), mul(log(X2), mul(X6, quart(X5)))))))), mul(mul(add(div(square(X4), quart(X5)), quart(X5)), log(square(log(X6)))), sub(log(add(mul(log(X4), log(mul(X4, X5))), mul(log(log(X4)), mul(X6, sin(X3))))), mul(mul(add(log(log(add(mul(log(square(div(X3, add(X7, X1)))), sin(X3)), mul(log(log(cube(mul(X3, X7)))), cube(cos(X1)))))), sub(add(sin(add(add(sub(add(sub(X7, X1), sin(X5)), mul(mul(X5, square(X4)), quart(X1))), X5), exp(sin(mul(mul(X1, X6), X6))))), exp(mul(log(X2), mul(X4, sin(X3))))), quart(X4))), log(square(log(square(X7))))), log(quart(cube(sin(mul(X4, X5)))))))))"
557_analcatdata_apnea1,MRGPRegressor,ok,3.0,0.5474484658083093,2149.6724109558795,428.0,142.0,3151.7,,"div(sub(quart(div(div(cube(X2), sub(sub(quart(div(X1, quart(sub(sin(X1), X2)))), div(div(X1, square(log(X3))), X1)), X2)), quart(sub(X1, X2)))), div(div(cube(cube(X3)), div(quart(sqrt(square(cube(X3)))), div(sub(sin(X1), cos(sqrt(log(X1)))), log(sin(exp(sub(X2, square(log(div(div(div(sin(X1), sub(X1, X2)), quart(quart(div(X2, sub(sin(X1), X2))))), log(div(quart(quart(log(sub(X1, X2)))), div(quart(sqrt(square(cube(X3)))), div(sub(sin(quart(div(div(sin(X2), sub(X1, X2)), div(sub(quart(div(X1, sub(sin(X1), X2))), X3), sub(X3, X1))))), cos(sqrt(log(X1)))), log(sin(exp(sub(X2, square(log(sub(sin(X1), X2))))))))))))))))))))), cube(cube(X3)))), div(square(sqrt(X3)), square(sin(exp(sub(X2, square(log(sub(sin(X1), X2)))))))))"
562_cpu_small,MRGPRegressor,ok,12.0,0.3152474865288922,15.519278384099977,452.0,150.0,3113.4,,"sub(log(add(mul(quart(div(X6, quart(X12))), mul(cos(X5), sin(X1))), mul(div(div(X6, quart(sin(X11))), div(div(X11, square(add(quart(mul(X3, X10)), quart(X7)))), mul(div(X6, cos(X8)), cos(X3)))), cos(div(X6, quart(X12)))))), sub(div(sin(sub(div(exp(sin(square(X4))), cos(sqrt(square(mul(sin(X11), X3))))), div(sin(sub(exp(div(X12, X6)), quart(X1))), sub(mul(mul(X8, sqrt(square(mul(sin(X11), X3)))), div(cos(X8), log(X11))), cos(square(quart(sin(X9)))))))), sub(mul(sin(cube(sqrt(quart(X12)))), div(div(X6, quart(add(X8, X11))), div(div(X12, square(add(quart(cos(X8)), quart(X2)))), mul(X3, div(div(X11, square(add(exp(quart(sin(X9))), quart(X7)))), mul(sin(cube(sqrt(quart(X12)))), add(X8, X11))))))), cos(square(X12)))), div(sin(sub(exp(quart(sin(X9))), log(X7))), div(X2, X6))))"
564_fried,MRGPRegressor,ok,10.0,0.5097312277016726,3.2182179302247187,449.0,149.0,3102.0,,"mul(log(div(log(mul(cos(X1), X2)), mul(X1, cos(cos(X3))))), div(div(log(div(X5, div(X4, X6))), sqrt(quart(sub(X8, X3)))), mul(mul(div(exp(cube(X1)), cube(sin(mul(square(div(log(mul(cos(X1), square(X3))), sqrt(X2))), div(div(log(log(X1)), sqrt(quart(X4))), mul(mul(cube(X2), sub(X7, cube(add(mul(log(quart(X5)), square(quart(log(add(cube(exp(X1)), X2))))), mul(sqrt(square(quart(X1))), mul(X2, X5)))))), cos(X2))))))), square(div(log(mul(log(div(cube(square(exp(X5))), mul(cos(X1), cos(mul(log(quart(X5)), X4))))), div(div(square(mul(mul(div(exp(cube(X2)), cube(X7)), square(div(log(mul(X5, X4)), sqrt(X8)))), X2)), sqrt(quart(X4))), mul(cube(X1), cos(X2))))), sqrt(mul(cos(X1), X2))))), add(cos(exp(log(quart(X1)))), mul(sub(exp(X2), square(X4)), cube(X3))))))"
573_cpu_act,MRGPRegressor,ok,21.0,0.6481771781661742,11.124146759352447,401.0,133.0,3064.4,,"div(div(log(X11), div(log(add(div(div(mul(X21, mul(X8, X12)), X9), mul(sqrt(X16), div(square(sin(quart(X21))), sin(X2)))), add(X16, div(div(X20, div(div(log(add(mul(X20, X18), add(X16, X15))), mul(sin(quart(X16)), quart(cos(add(mul(add(X6, X19), X2), square(quart(X11))))))), mul(X17, div(X6, exp(log(X17)))))), cos(log(sin(div(div(X17, mul(sin(quart(X21)), quart(X1))), mul(cos(mul(X17, X6)), div(square(quart(sin(quart(X21)))), exp(log(X3)))))))))))), mul(sin(quart(X21)), quart(cos(add(mul(add(X6, X19), quart(X21)), square(quart(X11)))))))), mul(X17, div(X9, exp(log(div(mul(X8, add(sin(X2), X18)), mul(cos(mul(X20, sin(X8))), div(mul(X17, sin(quart(quart(X21)))), exp(log(X3))))))))))"
574_house_16H,MRGPRegressor,ok,16.0,-1.2856435717134165,67301.95858889214,443.0,147.0,3422.9,,"sub(div(exp(log(quart(sin(X10)))), add(quart(div(cos(exp(X13)), div(quart(square(log(log(X13)))), cos(square(X4))))), cos(div(X11, X3)))), div(div(mul(quart(X4), log(mul(X10, sin(X3)))), div(div(cos(sub(div(exp(X4), add(div(div(exp(X8), quart(X10)), div(exp(add(X11, log(X13))), div(X3, X8))), cos(div(X7, cos(square(div(div(cos(sqrt(X13)), div(quart(X1), cos(square(X4)))), div(sqrt(div(quart(exp(sqrt(sqrt(X11)))), sub(exp(div(sin(X10), sqrt(X7))), cos(square(log(log(X13))))))), exp(mul(sqrt(log(X13)), cos(sin(X11)))))))))))), div(div(mul(sin(add(X4, X5)), log(mul(X10, X3))), sqrt(sqrt(log(X13)))), square(cube(exp(exp(X16))))))), div(quart(mul(X4, X15)), cos(quart(X13)))), div(sqrt(sqrt(add(X11, X10))), exp(add(square(X10), X1))))), square(cube(exp(exp(X16))))))"
579_fri_c0_250_5,MRGPRegressor,ok,5.0,0.3916049018857205,0.6735884290330716,452.0,150.0,3248.6,,"add(sub(sin(log(quart(log(X5)))), div(mul(log(div(mul(mul(X1, cos(X2)), X1), square(cube(square(mul(cos(div(cos(X2), square(X1))), sin(square(X4)))))))), div(div(exp(sub(X1, mul(add(sub(sin(log(X3)), div(mul(log(div(mul(mul(X1, log(X2)), X1), X4)), div(div(exp(sub(log(mul(cos(log(add(mul(X1, cos(mul(sin(X1), X2))), cos(X2)))), X2)), sin(log(X1)))), X4), div(log(mul(quart(cube(mul(sqrt(exp(X1)), square(X2)))), X2)), X1))), exp(sqrt(cube(X3))))), add(X1, square(add(X1, exp(exp(sub(log(mul(cos(X1), X2)), sin(log(X4))))))))), sqrt(mul(div(mul(square(X4), div(X4, X5)), log(X4)), cube(cos(exp(mul(sub(add(X4, X5), exp(X1)), log(X4)))))))))), exp(sub(log(mul(cos(X1), X2)), sin(log(X1))))), mul(X1, X2))), exp(sqrt(cube(X3))))), log(X5))"
582_fri_c1_500_25,MRGPRegressor,ok,25.0,0.7079777002021435,0.5450404437679895,452.0,150.0,3022.1,,"mul(add(sqrt(mul(cos(sin(sin(X2))), div(sqrt(X5), cos(X3)))), mul(div(cos(cos(X16)), sin(div(cos(cos(X1)), quart(exp(sin(X1)))))), cos(cos(X19)))), sub(log(quart(mul(cube(X2), sin(X1)))), cos(sin(square(add(mul(div(log(exp(sqrt(X4))), quart(mul(cube(X1), sin(X1)))), mul(add(sqrt(mul(sqrt(X5), div(sqrt(X5), cos(mul(add(sqrt(mul(cos(sin(X8)), div(sqrt(X5), cos(X3)))), mul(div(cos(cos(sin(X1))), sin(add(X5, X23))), cos(cos(cube(X2))))), X10))))), mul(div(X22, sin(add(sin(cube(sin(X1))), X23))), cos(cos(cube(X2))))), sub(log(sin(log(sub(cos(div(X4, quart(mul(cube(X2), sin(X1))))), log(mul(cube(X1), mul(cube(X1), sin(mul(X4, sqrt(quart(sin(X2)))))))))))), quart(add(sub(X2, exp(X24)), sin(div(X24, X4))))))), exp(sub(add(cos(X2), X2), X4))))))))"
581_fri_c3_500_25,MRGPRegressor,ok,25.0,0.8090253371735509,0.4068040825754151,386.0,128.0,3868.4,,"mul(add(sqrt(mul(sqrt(div(add(X1, X2), cos(X10))), div(sqrt(mul(add(sqrt(mul(cos(sin(X8)), div(sqrt(X19), cos(X3)))), mul(div(cos(cos(X16)), cos(sqrt(mul(cos(sin(add(cube(X2), X1))), div(sqrt(X5), cos(X3)))))), cos(div(X4, cube(cos(sin(X2))))))), sub(log(cube(X1)), quart(add(sub(X5, cube(X2)), sin(div(X24, X4))))))), cos(exp(X1))))), mul(div(cos(cos(mul(quart(cos(quart(sub(X20, X8)))), div(log(sin(mul(X4, div(log(exp(square(X2))), quart(mul(sub(X24, sin(X2)), sin(X1))))))), quart(mul(X1, sin(X1))))))), sin(add(X19, X23))), cos(cos(cube(X2))))), sub(log(sin(log(sin(X25)))), quart(add(sub(div(X14, X9), exp(X24)), sin(div(X24, X4))))))"
583_fri_c1_1000_50,MRGPRegressor,ok,50.0,0.8286558165704152,0.4189867656553163,446.0,148.0,3232.2,,"mul(cos(add(square(div(X4, X14)), add(quart(quart(square(X29))), quart(sin(div(X5, add(X21, sub(X37, cos(sub(sin(cube(exp(sin(X1)))), sin(div(X2, cube(X1))))))))))))), log(sub(cube(mul(cos(add(square(exp(X3)), mul(div(cube(div(X5, X4)), sin(X2)), cos(sqrt(X1))))), quart(sin(cube(X1))))), add(cube(add(X17, add(X10, add(sin(add(add(quart(mul(cos(exp(sin(X1))), cos(mul(X2, X1)))), add(X5, div(X4, mul(exp(exp(sin(X1))), div(X4, sin(X2)))))), sub(cube(mul(cos(add(square(exp(X3)), mul(X2, cos(sqrt(X1))))), quart(X43))), add(cube(add(X34, add(X10, add(sin(X2), add(X28, add(X45, cos(mul(square(sin(X8)), X1)))))))), cos(sin(div(exp(X43), quart(X2)))))))), add(X28, add(X45, cos(mul(square(sin(X2)), X1)))))))), cos(sin(div(exp(X43), quart(cos(X2)))))))))"
584_fri_c4_500_25,MRGPRegressor,ok,25.0,0.147765715633226,0.838721455914724,446.0,148.0,3237.9,,"sin(div(cube(div(mul(add(sqrt(mul(cos(sin(X10)), div(sqrt(X5), mul(add(sqrt(mul(sqrt(div(mul(sin(sin(X1)), sin(X1)), cube(cos(sin(X2))))), sin(X1))), mul(X4, add(sqrt(mul(cos(sin(cube(X2))), div(sqrt(X5), cos(X3)))), mul(cube(cos(sin(X2))), cos(cos(cube(X7))))))), sub(log(sin(log(sin(X25)))), quart(mul(cube(X1), sin(X1)))))))), mul(div(X5, sin(add(X5, X23))), cos(cos(mul(cube(X8), cube(X1)))))), sub(log(sin(log(sin(X25)))), quart(square(X7)))), div(mul(mul(add(sqrt(X16), mul(div(cos(cos(X5)), sin(div(mul(sin(X2), sin(X1)), cube(cos(sin(X2)))))), cos(cos(X1)))), sub(log(sin(log(X5))), quart(mul(X4, X5)))), X2), X2))), sub(mul(X3, div(log(exp(square(quart(cos(X14))))), quart(mul(cube(X2), sin(X1))))), log(mul(cube(X1), sin(X1))))))"
586_fri_c3_1000_25,MRGPRegressor,ok,25.0,0.7979481209782174,0.4515723124420439,437.0,145.0,3370.7,,"mul(add(sqrt(mul(cos(sin(cos(sin(X2)))), div(sqrt(X5), cos(X3)))), mul(div(cos(cos(X16)), sin(add(X5, X23))), cos(cos(sin(X1))))), sub(log(sin(log(sin(sin(div(cube(div(X4, sub(sqrt(square(cos(X7))), X5))), sub(cos(div(sqrt(add(quart(X22), add(X8, div(cube(div(add(cube(cos(mul(cube(cos(sin(sin(X2)))), X4))), mul(X4, X7)), div(mul(X22, X16), log(X14)))), sub(cos(X1), log(mul(cube(X1), exp(mul(cube(X2), sin(X1)))))))))), div(mul(quart(X5), sin(X1)), log(sub(mul(log(div(cos(cos(X1)), div(quart(mul(cube(sin(X2)), sin(X1))), X2))), log(log(cos(cos(sin(X2)))))), mul(log(exp(square(X2))), sin(X1))))))), log(mul(cube(X1), exp(X7)))))))))), quart(add(sub(sub(sub(X14, X2), mul(X17, X22)), exp(X24)), sin(div(X24, X4))))))"
588_fri_c4_1000_100,MRGPRegressor,ok,100.0,-0.2725157069028159,1.0735898440683855,431.0,143.0,3142.7,,"add(cos(cos(X35)), cos(mul(X83, add(X33, add(X84, add(X34, add(X1, add(X50, add(X73, add(X51, add(X53, add(X83, add(X81, add(X93, add(X91, add(X28, add(X11, add(X96, add(X9, add(X47, add(X37, add(X87, add(X60, quart(mul(div(log(div(sub(sqrt(X4), sin(sin(X2))), sin(X2))), add(sub(mul(add(div(sin(X80), quart(X5)), mul(log(X12), sqrt(X63))), sin(cube(cube(X87)))), exp(X1)), mul(cube(X56), quart(X24)))), sin(cos(cube(exp(sin(sqrt(mul(mul(cube(sub(sin(div(X78, div(log(div(quart(X4), sin(X2))), add(sub(mul(add(div(sin(X80), quart(square(square(sin(X2))))), mul(log(X35), sqrt(X63))), sin(cube(cube(X59)))), cos(X4)), mul(cube(X56), add(cube(X5), X4)))))), sin(sin(X2)))), sqrt(sin(exp(X1)))), X38))))))))))))))))))))))))))))))))"
589_fri_c2_1000_25,MRGPRegressor,ok,25.0,0.6077117322120822,0.6792922438573739,449.0,149.0,3062.9,,"mul(add(sqrt(mul(cos(sin(X8)), div(sqrt(X5), cos(X3)))), mul(div(quart(mul(square(cube(sin(X1))), sin(X2))), sin(add(X5, X23))), cos(div(log(mul(div(cos(sqrt(X23)), sin(add(X5, quart(mul(sin(X2), quart(mul(div(log(div(quart(log(sin(cube(X5)))), sin(quart(mul(mul(sqrt(cube(X2)), sin(X1)), sin(X1)))))), add(quart(X13), cos(sin(X5)))), sin(cos(mul(mul(quart(X2), sin(X1)), div(X2, cos(X3)))))))))))), cos(div(log(div(quart(X2), sin(X2))), add(quart(mul(div(log(div(quart(X4), sin(quart(mul(sqrt(cube(X2)), sin(X1)))))), X9), sin(cos(cube(exp(X17)))))), mul(cube(X6), quart(X24))))))), add(quart(square(cube(X2))), mul(cube(X6), quart(X4))))))), sub(log(div(log(cube(X4)), quart(mul(square(X2), sin(X1))))), quart(add(sub(div(X14, X9), exp(X24)), sin(div(X24, X4))))))"
590_fri_c0_1000_50,MRGPRegressor,ok,50.0,0.1505602740486076,0.8554713744326836,443.0,147.0,3121.2,,"div(add(cos(exp(log(sub(square(X2), cos(mul(exp(X1), sub(X5, X2))))))), exp(sqrt(square(X29)))), add(mul(sqrt(add(add(cos(sqrt(add(add(quart(quart(square(X29))), add(sin(sin(X17)), mul(sub(div(cos(X32), div(square(X2), div(mul(X4, log(cos(mul(exp(X1), cos(X2))))), div(cos(mul(exp(X1), X47)), X4)))), X4), X9))), div(cos(sin(mul(X6, X17))), mul(X8, log(div(mul(sqrt(X15), quart(square(mul(exp(X1), cos(X2))))), add(sub(square(X47), div(X29, X4)), sin(exp(X8)))))))))), quart(sin(square(X1)))), div(cos(sin(mul(X6, X17))), mul(quart(mul(X34, X35)), log(div(mul(sqrt(X5), quart(square(X14))), add(sub(square(X2), div(X29, X4)), sin(exp(cos(mul(exp(X1), sub(quart(X3), X20)))))))))))), cube(X4)), div(div(square(X7), div(sin(X38), exp(X34))), cos(cube(X3)))))"
591_fri_c1_100_10,MRGPRegressor,ok,10.0,0.1438480121226647,0.8648169797640478,218.0,72.0,3010.4,,"mul(log(cos(sin(add(quart(X4), X1)))), div(div(mul(sin(X1), square(X2)), sqrt(div(div(log(X8), sub(cube(sin(log(X1))), square(cube(exp(X1))))), mul(mul(mul(sub(exp(X3), square(X5)), quart(cube(X7))), square(sqrt(sin(sqrt(sin(add(X2, sin(X1)))))))), cos(X2))))), mul(mul(sin(square(X1)), quart(X3)), mul(cos(X2), div(square(X4), mul(mul(sin(X1), square(sin(X1))), X5))))))"
592_fri_c4_1000_25,MRGPRegressor,ok,25.0,-0.6051367236161798,1.077677645584482,398.0,132.0,3212.2,,"mul(mul(mul(mul(div(log(div(quart(X4), sin(X2))), add(quart(square(X2)), X4)), sin(cos(square(X5)))), div(log(X5), quart(mul(cube(X1), div(log(div(div(log(div(X2, mul(mul(div(log(div(quart(X4), sin(X2))), add(quart(square(X2)), X4)), sin(cos(cube(exp(X5))))), div(log(exp(square(X2))), quart(mul(cube(X1), sin(mul(cube(X2), sin(X1))))))))), add(quart(X5), mul(exp(square(sin(div(cos(mul(X2, square(sin(X1)))), sin(mul(square(cos(X5)), cube(sin(X2)))))))), quart(X16)))), quart(square(X2)))), add(quart(square(X2)), X4)))))), sin(cos(sin(X2)))), div(mul(div(log(div(quart(quart(square(X2))), sin(X4))), add(quart(X21), log(exp(X5)))), sin(cos(cube(sin(X2))))), quart(mul(cube(X1), sin(X1)))))"
593_fri_c1_1000_10,MRGPRegressor,ok,10.0,0.1407552124165475,0.8338931571957848,434.0,144.0,3013.4,,"sqrt(mul(mul(div(exp(cube(X2)), cube(sin(X1))), X2), add(cos(exp(log(X5))), mul(square(X4), sub(mul(mul(mul(mul(div(exp(cube(X4)), log(quart(cube(sin(cos(X2)))))), square(div(log(X5), sqrt(X2)))), add(cos(mul(mul(sub(log(add(cos(X5), sub(mul(X5, X1), sin(sin(X1))))), sin(mul(X9, cube(sin(X2))))), mul(mul(add(div(X3, square(square(mul(square(square(sqrt(cube(X1)))), X4)))), sin(X2)), sin(X2)), log(square(log(X7))))), log(quart(cube(sin(cos(X2))))))), mul(square(square(X3)), X4))), quart(square(X1))), cube(exp(sqrt(cube(X2))))), quart(add(log(add(cos(sqrt(X3)), sub(mul(X5, mul(mul(div(exp(cube(X4)), cube(sin(X2))), square(div(log(X5), sqrt(X2)))), add(cos(exp(log(X5))), mul(square(square(sqrt(cube(X1)))), X4)))), sin(sin(X1))))), X1)))))))"
594_fri_c2_100_5,MRGPRegressor,ok,5.0,0.3496545744556487,0.8987058767843595,212.0,70.0,3015.2,,"sub(div(square(log(sub(add(mul(X1, X2), X1), square(X2)))), cube(square(log(sin(X1))))), div(sub(X5, mul(div(square(X3), square(log(X2))), add(X3, sub(mul(cube(mul(X1, X2)), mul(square(mul(X1, X2)), sin(mul(X3, X5)))), mul(div(cos(cube(X2)), X1), X4))))), sin(div(square(cube(X2)), add(cos(X3), log(mul(div(cos(cube(X2)), cube(div(X2, X1))), X4)))))))"
595_fri_c0_1000_10,MRGPRegressor,ok,10.0,0.3876470386791417,0.822567456618863,449.0,149.0,3042.2,,"div(add(mul(sub(div(mul(X4, mul(mul(cos(square(cos(X10))), cube(cos(square(div(X4, div(X5, X4)))))), cos(X1))), div(X5, cos(X4))), add(X4, X1)), X5), quart(cos(X3))), sin(sub(sub(div(add(mul(sub(exp(X3), add(X5, X10)), cube(sqrt(cube(X10)))), quart(mul(X2, X10))), sin(sub(sin(add(X4, cos(cos(X3)))), square(div(mul(X2, cos(X1)), div(X5, mul(sub(cos(X1), mul(mul(sqrt(X3), X8), X4)), cube(cube(sqrt(cube(mul(sqrt(cube(sqrt(X2))), sub(exp(X1), X2))))))))))))), add(X10, X1)), square(div(mul(X2, cos(sub(exp(X3), mul(mul(sqrt(mul(div(sub(square(div(mul(X2, cos(X1)), mul(X5, X2))), div(X2, X4)), X4), X2)), X4), X4)))), div(X5, mul(div(cube(mul(sqrt(cube(X2)), sub(exp(X1), X5))), X4), div(square(mul(sqrt(X2), X1)), mul(X4, X5)))))))))"
596_fri_c2_250_5,MRGPRegressor,ok,5.0,0.4129857719963378,0.8061596814834247,449.0,149.0,3194.6,,"sub(cos(mul(sub(mul(div(quart(exp(square(X5))), X3), cube(X3)), cube(sin(cos(cos(sin(X2)))))), sub(exp(sin(X2)), sin(sqrt(X5))))), div(quart(quart(exp(exp(sin(mul(add(mul(sqrt(quart(X3)), exp(log(X1))), cos(sin(add(mul(cos(X2), sin(sin(X1))), sin(add(X2, X1)))))), exp(mul(sub(add(X4, log(quart(X3))), exp(X1)), log(sin(add(X5, exp(sin(exp(X1)))))))))))))), div(quart(X4), square(sub(sub(mul(cube(exp(sin(sub(cos(mul(sub(square(exp(sin(mul(exp(sin(X1)), cos(sin(X2)))))), cube(cube(X1))), sub(exp(sin(X3)), sin(sqrt(X5))))), div(quart(quart(exp(exp(sin(mul(div(X1, X3), cube(X3))))))), div(quart(sqrt(log(X1))), square(sub(cube(square(mul(quart(exp(X2)), X1))), exp(X4))))))))), X3), X5), exp(mul(sin(sin(sin(add(X2, X1)))), mul(sqrt(X1), sin(X2)))))))))"
597_fri_c2_500_5,MRGPRegressor,ok,5.0,0.7101804725946498,0.5467393845471882,422.0,140.0,3067.1,,"sub(mul(quart(cube(mul(X1, log(sqrt(exp(sin(X2))))))), mul(cos(X5), X2)), mul(cos(div(log(quart(cube(sin(cos(X2))))), sub(mul(quart(mul(mul(sub(log(add(cos(X4), cube(X5))), mul(log(log(X3)), mul(div(X2, X5), sqrt(mul(div(exp(X5), square(sub(mul(quart(mul(mul(sub(log(add(cos(mul(div(X2, log(X4)), cube(cos(X4)))), cube(X5))), X2), add(mul(X2, exp(log(log(X3)))), sqrt(X1))), log(quart(cube(X1))))), cube(sin(cos(X2)))), mul(X2, sqrt(mul(div(sin(X5), log(X4)), cube(cos(square(X4))))))))), cube(cos(sin(X1)))))))), mul(X2, log(square(log(X2))))), log(quart(X1)))), log(cube(sqrt(exp(X1))))), mul(cos(div(X5, add(square(X3), cube(X3)))), sqrt(X4))))), sqrt(mul(div(X4, X5), cube(cos(sin(add(X2, X1))))))))"
598_fri_c0_1000_25,MRGPRegressor,ok,25.0,0.5077915945163333,0.7795570649680621,440.0,146.0,3179.2,,"mul(add(sqrt(mul(sqrt(X4), div(mul(cube(mul(sqrt(div(log(exp(cos(sin(mul(exp(X2), cos(X2)))))), cos(X3))), X25)), mul(exp(X13), sqrt(X10))), cos(sub(log(sin(log(mul(exp(X1), X2)))), quart(add(sub(div(cos(sin(X8)), X9), exp(cos(X14))), sin(X18)))))))), mul(div(cos(cos(X16)), cube(mul(quart(square(X2)), mul(X1, X2)))), cos(cos(cube(X23))))), sub(cube(sin(mul(exp(mul(mul(X4, mul(X5, cos(X3))), mul(mul(exp(X1), X2), X2))), mul(add(sqrt(mul(cos(sin(X8)), div(sqrt(X5), cos(X3)))), mul(div(cos(X12), X25), cos(cos(cos(div(mul(cube(mul(sqrt(div(X25, cos(X3))), X20)), mul(exp(X1), X2)), X21)))))), sub(log(sin(log(sin(cube(X5))))), quart(add(sub(div(mul(exp(X1), mul(X2, X2)), X1), exp(X24)), sin(div(X24, X4))))))))), X8))"
599_fri_c2_1000_5,MRGPRegressor,ok,5.0,0.8608058455145357,0.3949957830125359,443.0,147.0,3086.8,,"sub(mul(quart(mul(mul(sub(log(add(cos(X5), cube(X5))), mul(log(exp(X1)), mul(sin(add(X2, X1)), X2))), mul(mul(add(div(X3, X1), quart(add(X2, X1))), exp(X1)), log(square(log(X2))))), log(quart(cube(sin(cos(X2))))))), log(cube(sqrt(exp(X4))))), mul(cos(div(log(cos(X1)), add(square(X3), cube(X3)))), sub(mul(quart(mul(mul(sub(log(add(cos(X5), X2)), mul(log(log(X3)), mul(div(X2, X3), sin(X2)))), mul(exp(X1), log(square(mul(sin(add(X2, X1)), sin(X2)))))), log(quart(add(mul(cos(div(log(mul(div(exp(add(X4, X5)), quart(X5)), exp(X1))), add(square(X3), log(X4)))), sqrt(mul(add(X2, X1), cube(cos(X4))))), cos(mul(X2, exp(sin(add(X2, X1)))))))))), log(cube(sqrt(add(X2, X1))))), mul(cos(div(log(X2), add(X4, log(X4)))), X5))))"
601_fri_c1_250_5,MRGPRegressor,ok,5.0,0.5479138839535105,0.6889603713969303,446.0,148.0,3028.0,,"add(sub(mul(cube(sub(sqrt(X1), exp(X1))), cube(sub(cube(cos(X1)), exp(sqrt(sin(X2)))))), sub(div(square(log(sub(add(X5, X1), cube(sub(sqrt(X1), mul(sqrt(quart(exp(X1))), cos(sin(X2)))))))), cube(square(log(sin(X1))))), div(mul(log(sub(mul(X1, X3), exp(mul(sin(exp(quart(sin(sub(div(square(log(sub(add(X5, quart(sin(X2))), square(X2)))), cube(square(log(cos(mul(sub(square(X4), cube(cube(X1))), sub(add(square(X3), add(X3, X2)), cos(exp(X1))))))))), div(mul(log(sub(mul(X1, cos(sin(X2))), exp(mul(X2, log(X1))))), cos(square(quart(sin(X2))))), sin(div(square(cube(X2)), add(cos(X3), mul(add(mul(sqrt(quart(X3)), exp(log(log(X1)))), X4), exp(mul(X5, log(sin(X2)))))))))))))), log(X1))))), cos(square(X4))), sin(div(square(X2), add(cos(X3), X4)))))), log(X3))"
602_fri_c3_250_10,MRGPRegressor,ok,10.0,0.7848255933303909,0.5290379096563416,446.0,148.0,3044.1,,"div(add(log(sub(mul(mul(add(sin(X2), log(X8)), mul(sqrt(sin(X2)), X4)), cube(exp(cos(sin(add(X2, exp(sin(sin(add(X2, X1)))))))))), quart(add(X3, quart(sub(X4, sub(sin(X1), square(X3)))))))), sqrt(X8)), mul(mul(sub(add(div(div(log(log(X1)), sqrt(quart(X4))), mul(mul(cube(div(X4, mul(add(log(cube(mul(X6, sin(mul(X4, sin(add(square(sin(sin(add(X2, X1)))), X1))))))), cos(sqrt(cos(X3)))), cube(mul(X4, add(log(quart(quart(sub(X4, sub(sin(add(X2, sin(X1))), square(X10)))))), sqrt(cube(X5)))))))), sub(X7, log(sin(X1)))), cos(sin(X1)))), exp(sub(sin(log(X5)), mul(mul(X4, sin(div(X3, exp(X1)))), exp(sin(add(X2, X1))))))), mul(log(log(X8)), mul(div(X7, X5), sin(X2)))), mul(X5, log(square(log(X7))))), log(quart(cube(sin(cos(X2)))))))"
603_fri_c0_250_50,MRGPRegressor,ok,50.0,-0.259415014671581,1.0089057045193772,431.0,143.0,3177.8,,"sqrt(add(add(div(mul(sqrt(add(add(quart(quart(square(X3))), add(add(quart(quart(square(X29))), quart(sin(exp(mul(cos(X1), X2))))), div(mul(X18, X39), mul(quart(mul(X5, X35)), div(mul(X25, cos(X2)), sin(X45)))))), div(X24, mul(quart(mul(X34, X4)), div(quart(X10), sin(cos(sin(mul(X6, log(div(mul(sub(X23, X4), div(X17, X2)), log(sub(X49, X21))))))))))))), cos(X2)), log(X5)), mul(exp(X4), div(cos(sin(mul(X37, sub(exp(X16), sin(X3))))), mul(quart(mul(X5, X35)), div(div(mul(X1, cos(X2)), log(mul(mul(mul(quart(X3), quart(X1)), mul(X5, X4)), mul(cos(X1), X2)))), sin(X2)))))), div(cos(sin(mul(X6, sub(exp(X3), cos(sin(quart(square(X3)))))))), mul(quart(mul(X5, cos(X2))), div(sqrt(mul(sqrt(X4), sub(X4, X1))), sin(X2))))))"
604_fri_c4_500_10,MRGPRegressor,ok,10.0,0.7792328625532703,0.4946578914507034,431.0,143.0,3231.7,,"mul(mul(mul(add(div(X3, div(sub(sin(log(log(X4))), cos(cos(exp(X1)))), exp(mul(sin(sub(mul(mul(exp(sqrt(X5)), quart(X4)), cube(exp(sqrt(cube(X2))))), quart(add(cos(exp(X1)), X1)))), sub(X3, sin(mul(mul(sub(log(add(cos(X5), cube(X10))), mul(log(log(X8)), X2)), mul(mul(cube(X3), sin(log(quart(div(cube(cos(X4)), X3))))), log(square(log(X7))))), log(square(cos(sin(X1))))))))))), quart(X10)), add(quart(exp(log(cube(exp(X2))))), square(cos(sqrt(add(X1, X2)))))), log(square(log(square(X9))))), mul(mul(sub(sqrt(sin(div(add(X5, X9), quart(cube(X2))))), square(cube(X10))), mul(sqrt(sqrt(add(sqrt(add(quart(exp(log(cube(exp(X2))))), square(cos(exp(log(add(X4, X7))))))), mul(cube(X3), X5)))), square(sin(X1)))), log(quart(cube(sin(cos(X2)))))))"
605_fri_c2_250_25,MRGPRegressor,ok,25.0,0.8142577326110181,0.4203598431761065,443.0,147.0,3222.6,,"mul(add(sqrt(mul(mul(log(div(cos(mul(sin(X2), sin(sqrt(mul(cos(sin(X8)), div(sqrt(X12), cos(X17))))))), quart(exp(X2)))), log(log(cos(sin(sub(cube(sqrt(cos(X3))), X4)))))), add(sub(mul(add(sqrt(mul(mul(log(div(cos(div(log(mul(quart(X5), sin(X1))), quart(mul(sin(X2), sin(sin(sin(add(X2, X1)))))))), quart(exp(X2)))), log(log(cos(sin(X1))))), div(add(cos(add(X14, X2)), exp(sin(X5))), cos(X3)))), mul(div(log(sin(X1)), sin(X2)), cos(cos(cube(X2))))), sub(log(quart(add(sin(cube(sin(X2))), X1))), quart(X19))), X2), sin(div(X24, X4))))), mul(div(cos(cos(X16)), sin(add(X5, X23))), cos(mul(X20, X5)))), sub(log(X1), quart(add(sub(div(X14, mul(X4, div(log(exp(X5)), quart(mul(cube(X2), sin(X1)))))), exp(X24)), sin(div(X24, X4))))))"
606_fri_c2_1000_10,MRGPRegressor,ok,10.0,0.2360891937269044,0.9497694134925176,422.0,140.0,3094.6,,"mul(add(mul(mul(X2, X7), square(div(quart(exp(log(add(X2, square(X5))))), div(sub(sin(log(log(X4))), X10), log(sqrt(X7)))))), log(add(quart(div(sub(sin(div(X4, X8)), cos(cos(exp(X1)))), exp(mul(sin(square(X2)), exp(X3))))), sub(div(X4, cube(mul(mul(X5, mul(add(X4, log(cos(exp(X2)))), add(sub(cos(sin(X2)), sqrt(div(X4, X2))), X2))), div(X3, X2)))), sin(X2))))), add(sub(cos(sin(X2)), sqrt(mul(add(mul(mul(exp(X3), sqrt(exp(X8))), square(mul(X4, X4))), log(X1)), add(sub(cos(sin(X2)), sqrt(div(X9, cos(exp(X1))))), sin(mul(exp(sin(X1)), X2)))))), sin(mul(X5, div(sub(sin(X6), cos(cos(exp(X1)))), exp(mul(sin(square(quart(add(quart(square(sin(sin(X2)))), quart(X3))))), sub(exp(X6), X6))))))))"
607_fri_c4_1000_50,MRGPRegressor,ok,50.0,0.3910867595121655,0.8022190802701334,440.0,146.0,3424.3,,"div(mul(cos(sin(mul(mul(cube(X4), X15), mul(X5, mul(mul(sqrt(exp(X1)), X2), sin(square(sqrt(X1)))))))), cube(div(cos(quart(X39)), cos(cube(X5))))), sub(mul(mul(sub(log(X37), cos(X35)), cube(div(X24, X45))), log(div(mul(X18, add(add(quart(quart(square(X29))), quart(sin(X1))), div(cos(sin(mul(X6, X40))), mul(sqrt(exp(X1)), div(quart(X4), sin(X2)))))), add(X37, X2)))), mul(mul(add(div(X43, quart(X39)), quart(X40)), sin(div(sqrt(cube(cube(mul(sqrt(exp(X1)), X2)))), div(mul(sin(square(X2)), X5), cube(X5))))), log(sub(mul(cos(add(square(div(quart(X33), cos(exp(cos(mul(sqrt(X5), mul(mul(sqrt(sqrt(cube(X2))), X2), sin(square(sqrt(square(sin(X1)))))))))))), mul(exp(sin(X2)), cos(sqrt(X1))))), log(sub(cube(cube(X4)), add(cube(exp(X37)), cos(X3))))), X29)))))"
608_fri_c3_1000_10,MRGPRegressor,ok,10.0,0.2992933926932121,0.8987702590032941,422.0,140.0,3181.4,,"mul(mul(sub(log(add(cos(X5), cube(X10))), mul(exp(sin(X1)), mul(sin(X2), sin(X2)))), mul(mul(add(div(add(square(sin(X2)), cos(X3)), square(square(mul(mul(sub(log(add(X1, cube(X10))), mul(X2, mul(sin(exp(sin(X1))), sin(X2)))), mul(mul(add(div(add(square(X3), cos(X3)), square(square(mul(X2, cube(X2))))), quart(X10)), sin(quart(div(quart(sqrt(mul(sin(mul(exp(log(X1)), X2)), add(cos(square(X2)), mul(sub(exp(X3), X10), cube(add(X4, X10))))))), mul(mul(X2, X5), X5))))), X2)), log(quart(cube(sin(log(quart(cube(sin(cos(X2))))))))))))), sub(log(X4), mul(X3, mul(sin(exp(sin(X2))), sin(X2))))), square(sin(X10))), log(square(log(mul(add(mul(exp(log(X1)), X2), X5), sin(sin(X2)))))))), log(quart(cube(sin(cos(X2))))))"
609_fri_c0_1000_5,MRGPRegressor,ok,5.0,-0.3242084530004645,1.07263382932477,452.0,150.0,3109.1,,"div(cos(div(add(exp(square(X2)), X4), div(sub(X5, X4), quart(mul(square(quart(add(X2, X1))), sub(exp(X1), sub(X5, X4))))))), sub(add(cos(mul(add(mul(sqrt(X5), X5), cos(div(add(exp(div(X4, X2)), X4), div(sub(X5, add(mul(sqrt(quart(X3)), sin(X1)), cos(div(add(exp(square(X2)), X4), div(sub(mul(sub(add(X4, X5), exp(X1)), cube(mul(cos(X1), X2))), exp(X1)), quart(mul(square(quart(X2)), X5))))))), quart(mul(square(quart(X2)), sub(add(X4, X5), exp(X1)))))))), exp(mul(sub(add(sin(X5), X5), exp(X1)), mul(add(mul(sqrt(quart(X3)), exp(cos(sin(X5)))), X2), exp(mul(sub(add(X4, X5), cos(mul(cube(exp(mul(X1, X2))), X2))), log(sin(X2))))))))), exp(mul(sub(add(X4, X5), exp(X4)), cube(mul(cos(X1), X2))))), cos(cos(add(square(X3), add(X4, X5))))))"
611_fri_c3_100_5,MRGPRegressor,ok,5.0,-0.9522375321972634,1.1245620032115509,224.0,74.0,3026.2,,"mul(add(mul(log(sqrt(X5)), X5), X4), exp(sin(sub(div(square(log(sub(add(X4, X1), add(X5, X5)))), cube(square(log(sin(X1))))), div(mul(log(sub(cos(sub(log(div(X1, X4)), div(sin(add(X2, X1)), X3))), div(X2, X5))), mul(add(mul(cos(X4), sin(cube(sub(sin(add(X2, X5)), cos(X2))))), sin(add(X2, X4))), X4)), sin(div(square(cube(X2)), add(cos(X3), log(X3)))))))))"
612_fri_c1_1000_5,MRGPRegressor,ok,5.0,0.802674504450858,0.5367770116540216,422.0,140.0,3049.9,,"mul(cos(sqrt(add(sub(mul(cube(sub(cube(cos(cube(mul(cube(cos(X1)), cos(sqrt(X2)))))), quart(X1))), mul(square(mul(sin(X2), X2)), sin(X3))), square(div(mul(cube(sqrt(quart(cos(log(sin(cos(sub(X2, sqrt(X2))))))))), exp(X4)), quart(mul(square(mul(X5, X2)), sin(X3)))))), log(X5)))), add(sub(mul(cube(sub(sqrt(X1), exp(X5))), mul(square(mul(X1, sqrt(sin(X2)))), mul(add(mul(sqrt(quart(add(sub(mul(cube(sub(X4, quart(sqrt(quart(X3))))), mul(square(mul(X5, X2)), sin(X3))), mul(div(cos(cube(X2)), cube(div(X2, X1))), X3)), add(sqrt(X2), square(sub(mul(cos(X1), add(X5, X1)), sqrt(cube(X1)))))))), exp(log(X1))), cos(log(sin(X4)))), X5))), mul(mul(sub(mul(X2, sin(add(mul(X1, X2), X1))), X5), X4), X4)), log(X3)))"
613_fri_c3_250_5,MRGPRegressor,ok,5.0,0.7088096812655571,0.6379335944134567,440.0,146.0,3243.3,,"mul(add(mul(add(mul(cos(quart(X3)), sin(mul(X5, add(cube(sin(mul(X5, add(cube(add(mul(cos(cos(X3)), X4), X4)), X3)))), square(X2))))), sin(add(sin(X2), X1))), exp(log(X4))), cos(div(square(log(sub(add(X4, X1), square(X2)))), cube(square(log(sin(X1))))))), sub(div(X3, div(log(log(mul(add(mul(add(mul(cos(quart(X3)), sin(mul(X5, add(cube(X4), mul(cos(sin(add(X2, X1))), X4))))), sin(add(sin(cos(sin(add(X2, add(X4, cube(sin(X2))))))), X1))), add(sin(cos(sin(add(X2, X1)))), X1)), cos(div(square(log(sub(add(X4, X1), square(X2)))), cube(square(log(sin(X4))))))), exp(mul(sub(add(X4, X5), exp(X1)), log(sin(X2))))))), sin(X3))), exp(sub(X1, div(square(log(sub(add(X4, cos(cos(X3))), square(X2)))), cube(square(log(sin(X1)))))))))"
615_fri_c4_250_10,MRGPRegressor,ok,10.0,-1.9847642604919948,1.598576554143527,443.0,147.0,3148.8,,"sub(cos(mul(sub(square(exp(X1)), mul(log(div(cube(square(exp(X5))), mul(cos(div(X3, quart(cube(X2)))), cos(cos(X3))))), div(div(log(log(X2)), sqrt(quart(div(X4, quart(cube(cos(div(log(quart(X1)), quart(mul(cube(X1), X1)))))))))), mul(mul(div(div(sqrt(cos(log(mul(cos(div(X3, X2)), cos(cos(X2)))))), sqrt(quart(add(X4, exp(sin(add(X1, X2))))))), mul(mul(cube(X2), sub(X7, sqrt(add(quart(X3), X2)))), cos(sin(X1)))), sub(X7, X2)), cos(sin(X9)))))), sub(add(square(mul(mul(cube(X2), sub(cos(exp(log(X5))), sqrt(mul(mul(div(exp(sin(add(X1, X2))), cube(sin(X1))), X4), square(cube(X2)))))), cos(sin(X9)))), add(X7, X5)), cos(add(X10, X5))))), div(quart(quart(X10)), div(quart(sqrt(square(X1))), square(sub(sub(X2, X5), exp(log(cos(cos(exp(X1))))))))))"
616_fri_c4_500_50,MRGPRegressor,ok,50.0,-0.5207447824744817,1.2384083923383604,452.0,150.0,3514.8,,"div(mul(div(div(div(log(cube(X5)), X4), cube(cube(X2))), div(sqrt(cos(sin(sin(cube(X2))))), exp(sin(X5)))), cube(div(cos(cos(sub(sin(X2), X3))), cos(cube(X5))))), sub(mul(mul(sub(log(X37), cos(X35)), cube(div(X24, X4))), log(div(mul(X18, X47), add(sqrt(add(add(quart(quart(square(X2))), quart(sin(add(X18, X3)))), div(cos(sin(sin(exp(X5)))), mul(add(X17, add(X46, sub(sin(X4), X26))), div(mul(log(X5), sqrt(cube(X2))), cos(div(sin(sin(sin(X5))), cube(cube(X2))))))))), X2)))), mul(mul(add(div(X43, X31), quart(X40)), sin(quart(X26))), log(div(div(quart(cos(add(mul(X50, div(X48, mul(quart(cube(X2)), div(quart(X4), div(div(cube(X8), cube(cube(X2))), X4))))), sin(sin(X5))))), mul(quart(mul(sin(X5), X35)), div(quart(X4), sin(div(X5, cube(X2)))))), sin(X2))))))"
617_fri_c3_500_5,MRGPRegressor,ok,5.0,-0.7620263101630362,1.1458980828750278,437.0,145.0,3373.5,,"sub(sub(div(square(mul(X4, add(square(mul(X1, sin(log(X4)))), cube(X2)))), cube(square(log(sin(sub(div(square(log(sub(add(sub(X4, X2), X1), square(X2)))), cube(square(log(sin(X1))))), div(mul(sqrt(cos(exp(X5))), cos(X2)), sin(div(square(cube(X2)), add(cos(X3), mul(add(square(mul(X1, X2)), mul(X4, sqrt(cos(X1)))), X1))))))))))), div(mul(sqrt(cos(exp(X2))), cos(mul(add(square(mul(X1, X2)), square(sin(sin(X2)))), add(square(sqrt(X5)), square(sqrt(sin(X2))))))), sin(div(square(cube(X2)), add(cos(X3), mul(add(square(mul(X1, X2)), mul(X4, sqrt(log(X2)))), X1)))))), div(mul(log(sub(add(sub(X4, X2), X1), square(X2))), exp(X1)), sin(div(square(mul(add(square(mul(X1, X2)), X1), add(square(sqrt(X5)), square(sqrt(sin(X2)))))), add(cos(X3), log(X2))))))"
618_fri_c3_1000_50,MRGPRegressor,ok,50.0,-0.8255332515526028,1.4145378640408963,440.0,146.0,3303.4,,"sqrt(add(add(quart(quart(square(X29))), X4), div(cos(mul(add(add(sin(sin(cube(X33))), sin(square(sin(X49)))), square(sin(sqrt(sin(X44))))), square(mul(cos(div(cube(add(add(add(quart(cos(X4)), quart(sin(square(X5)))), div(square(sub(X5, cos(X2))), mul(quart(mul(cube(cube(X1)), X35)), div(quart(X4), mul(X1, quart(cos(cos(X2)))))))), div(cos(mul(add(add(sin(sin(X2)), X6), square(sin(sqrt(sin(X44))))), square(mul(cos(div(cube(X8), cube(X2))), sin(mul(exp(X6), sub(X39, X24))))))), mul(log(X16), div(quart(X4), mul(mul(mul(X5, exp(sin(X2))), quart(quart(sin(exp(mul(X1, X26)))))), div(quart(X4), sin(X2)))))))), cube(X2))), sin(log(add(div(mul(X11, quart(cos(cos(X2)))), X4), quart(sin(square(X5)))))))))), mul(log(X16), div(quart(X4), sin(div(X18, cube(cube(X1)))))))))"
620_fri_c1_1000_25,MRGPRegressor,ok,25.0,0.5327095048179432,0.6519456666724351,440.0,146.0,3136.7,,"mul(mul(add(quart(cube(X1)), log(add(sqrt(mul(cube(X1), div(sqrt(X5), cos(X3)))), mul(div(cos(cos(X16)), sin(mul(cube(X2), add(cube(mul(exp(mul(cos(X1), X1)), quart(cos(cos(X2))))), X23)))), cos(cos(cube(mul(sqrt(X4), div(log(exp(X2)), quart(mul(cube(X1), cube(X2)))))))))))), div(log(exp(square(X2))), quart(mul(quart(mul(cube(X1), X2)), sin(X1))))), div(cos(cos(mul(div(cube(X4), cos(cos(sin(X2)))), square(sin(X1))))), sin(add(cube(cube(cos(sin(mul(div(cos(cos(mul(div(cube(X4), cos(X12)), square(mul(div(quart(mul(cube(X1), cube(X2))), sin(add(cube(mul(exp(mul(cos(X1), X1)), cos(mul(sin(X2), sin(X1))))), X15))), cos(cos(cube(X2)))))))), sin(add(cube(cube(cos(sin(X2)))), X23))), cos(div(X4, quart(mul(cube(X1), sin(X1)))))))))), X23))))"
621_fri_c0_100_10,MRGPRegressor,ok,10.0,-0.6625872673933406,1.3229306793245588,221.0,73.0,3087.3,,"mul(log(div(cube(div(exp(X9), log(quart(log(square(sin(X3))))))), mul(cos(square(X4)), cos(cos(log(log(X6))))))), div(div(log(log(div(cube(square(sub(X4, X7))), mul(cos(div(X3, cos(mul(X1, X4)))), cos(cos(mul(sub(mul(X5, X1), exp(X2)), X4))))))), quart(square(add(X3, X5)))), mul(mul(cube(X2), X4), mul(sqrt(mul(X10, X3)), sub(div(cos(X1), exp(X1)), sin(X3))))))"
622_fri_c2_1000_50,MRGPRegressor,ok,50.0,0.9045671038837756,0.3153648283699865,446.0,148.0,3211.4,,"sqrt(add(add(quart(quart(quart(cos(cos(X2))))), quart(cos(sub(sin(X2), mul(mul(exp(mul(sub(quart(cube(sqrt(cos(mul(exp(X1), sqrt(cube(X2))))))), sin(div(sqrt(cube(X2)), cube(sin(X13))))), sub(X43, X31))), X46), X12))))), div(cos(sin(mul(X20, add(X44, add(X5, add(X11, add(div(sqrt(cube(X2)), mul(X1, cube(sin(exp(X2))))), add(X14, add(X39, add(X46, add(X2, add(X41, add(X19, add(X33, add(X38, add(X42, add(X31, add(X47, add(X32, add(X23, add(X9, add(X4, add(X16, add(X3, sin(div(sub(sin(log(log(quart(quart(X16))))), log(cos(square(sin(X1))))), exp(mul(sin(square(X2)), sub(exp(sqrt(X3)), sqrt(quart(cos(cos(mul(sin(exp(X2)), X1)))))))))))))))))))))))))))))))))), mul(log(X16), div(quart(X4), sin(div(div(sqrt(cube(X2)), cube(sin(X13))), cube(sin(X1)))))))))"
623_fri_c4_1000_10,MRGPRegressor,ok,10.0,0.4417167407245903,0.6341933559534405,449.0,149.0,3077.4,,"mul(sqrt(div(sub(sin(log(log(X4))), cos(div(cos(exp(X1)), log(mul(X2, X5))))), exp(mul(sin(square(X2)), X5)))), add(mul(exp(sin(add(div(sub(sin(log(log(X4))), cos(cos(exp(X1)))), exp(mul(sin(mul(log(sin(quart(cube(square(X2))))), div(div(log(X3), mul(X5, div(quart(quart(exp(sub(X8, X5)))), div(quart(sqrt(square(X1))), square(sub(sub(X10, X5), exp(X9))))))), mul(mul(cube(X2), mul(X2, X4)), mul(quart(square(X3)), log(sub(cube(sqrt(sub(cube(sqrt(cube(X2))), square(cube(exp(X1)))))), quart(sin(log(log(mul(quart(cos(X2)), mul(exp(sin(add(X2, X1))), cos(add(div(cube(X4), mul(X2, sin(add(X2, X1)))), X1))))))))))))))), log(log(mul(quart(cos(X2)), mul(exp(sin(X1)), cos(add(div(cube(X4), mul(X2, sin(add(X2, X1)))), X1))))))))), X1))), X1), cos(X3)))"
624_fri_c0_100_5,MRGPRegressor,ok,5.0,-0.1465067872960053,0.9370184713564408,227.0,75.0,3026.5,,"div(div(X1, sqrt(div(X2, sub(add(sqrt(X5), square(mul(sub(X5, exp(X1)), X2))), quart(X3))))), sqrt(square(mul(log(mul(div(log(X5), mul(mul(X3, quart(quart(X4))), X4)), mul(X3, mul(sqrt(mul(sub(X3, mul(add(mul(log(X2), mul(X2, exp(cos(X1)))), cos(log(X5))), X3)), square(X2))), log(cube(log(X4))))))), sub(X4, cos(add(square(mul(X1, add(X2, exp(cos(X1))))), sqrt(X2))))))))"
626_fri_c2_500_50,MRGPRegressor,ok,50.0,0.4971452562275119,0.70737263832952,359.0,119.0,3104.3,,"sqrt(add(add(X5, quart(cos(X1))), div(cos(sin(mul(X33, X40))), mul(sub(sin(exp(X1)), sqrt(add(add(exp(sqrt(X18)), quart(sin(div(sub(sin(log(add(X5, sin(X2)))), cos(cos(exp(X11)))), exp(mul(add(X4, add(X16, add(X3, add(X48, add(X13, add(X24, add(X8, add(X49, X43)))))))), sub(exp(sqrt(cube(X2))), sin(X47)))))))), div(cos(X32), mul(add(div(sub(sin(cos(X20)), X1), exp(mul(sin(square(X2)), sub(exp(sqrt(cube(sub(sin(X2), mul(cos(X2), cos(X1)))))), sin(X47))))), add(X10, add(X25, add(X28, add(X45, add(X1, X36)))))), div(quart(X4), sin(X2))))))), div(quart(X4), sin(div(cube(X8), cube(X2))))))))"
627_fri_c2_500_10,MRGPRegressor,ok,10.0,0.3513889610362057,0.7769607236875571,437.0,145.0,3196.3,,"sqrt(mul(mul(div(exp(cube(sqrt(cube(X2)))), cube(div(X2, mul(sub(mul(sqrt(mul(mul(div(exp(cube(X4)), cube(div(X2, mul(sub(mul(mul(cos(add(X2, X1)), X1), cube(exp(sin(add(X2, X1))))), quart(add(quart(X3), quart(sub(X4, X5))))), cube(X2))))), square(cube(square(quart(sub(X4, X5)))))), add(cos(exp(log(X5))), mul(cos(div(X9, X5)), sub(sin(log(div(X2, mul(cube(exp(sin(X2))), sqrt(X3))))), X1))))), cube(exp(sin(add(X1, X1))))), quart(add(quart(cube(X4)), quart(sub(X4, X5))))), cube(X2))))), square(cube(div(X4, X1)))), add(cos(exp(log(mul(mul(cos(exp(sin(X2))), X2), X1)))), mul(sub(exp(X3), X1), sub(sin(log(div(div(log(X9), sqrt(quart(X4))), mul(cube(exp(sin(X2))), sqrt(cube(X1)))))), div(X4, cos(sin(add(sin(X2), X1)))))))))"
628_fri_c3_1000_5,MRGPRegressor,ok,5.0,0.162620401438257,0.8186051435416845,428.0,142.0,3071.2,,"sub(mul(quart(mul(mul(sub(log(X4), mul(log(div(X4, log(sin(X2)))), mul(div(X2, X5), sin(X2)))), mul(mul(add(div(X3, X1), quart(X2)), cos(exp(X1))), log(square(log(X2))))), log(quart(cube(sin(cos(X2))))))), log(cube(sqrt(add(mul(sqrt(quart(X3)), exp(X1)), cos(log(sin(mul(quart(mul(mul(sub(log(add(cos(X5), exp(log(X1)))), mul(log(log(X3)), mul(div(X2, X1), sin(X2)))), add(X2, X1)), log(quart(cos(X4))))), log(cube(sqrt(div(X2, square(cube(sin(add(X2, X1))))))))))))))))), mul(cos(div(log(cos(X1)), add(square(cos(X4)), cube(sin(div(cube(log(add(mul(sin(X1), cos(X5)), X2))), sin(X2))))))), sqrt(mul(div(mul(add(mul(X2, sin(add(X2, X1))), cos(log(sin(X4)))), exp(sin(X2))), X4), cube(cos(sin(X1)))))))"
631_fri_c1_500_5,MRGPRegressor,ok,5.0,0.2843691861101471,0.7940246090959163,452.0,150.0,3231.2,,"sub(mul(mul(cube(cos(X1)), cos(sin(X2))), log(cube(X5))), mul(cos(div(log(cos(X1)), add(square(X3), cube(mul(log(cos(exp(X1))), cube(exp(sin(log(X4))))))))), mul(add(square(mul(X2, X1)), add(cos(sub(div(square(log(add(div(X4, X2), exp(X1)))), cube(square(log(sin(X2))))), div(mul(log(sub(mul(X1, X3), quart(sqrt(square(sin(add(mul(sin(X2), X1), X2))))))), cos(square(quart(X4)))), sin(div(square(sin(mul(sin(X5), mul(X4, mul(sin(exp(X2)), mul(X2, X5)))))), add(cos(X2), log(X3))))))), log(X3))), mul(sub(square(sin(add(X1, mul(X2, X1)))), cube(mul(X4, sin(add(mul(X2, cos(div(quart(X1), add(square(add(X1, X3)), div(X4, X5))))), X2))))), sub(add(square(mul(sin(exp(X2)), sub(log(X2), X3))), add(X4, exp(sub(square(X3), quart(X2))))), sqrt(sin(X2)))))))"
633_fri_c0_500_25,MRGPRegressor,ok,25.0,0.2674525792664579,0.8580372313154161,443.0,147.0,3065.0,,"mul(add(sqrt(mul(sub(mul(div(mul(quart(X5), sin(X1)), exp(mul(cos(X1), X12))), log(add(mul(X18, X2), add(X4, X11)))), div(sqrt(X6), div(mul(quart(X2), sin(X1)), log(sub(X1, X16))))), div(sqrt(mul(sub(mul(log(sin(square(X7))), log(X15)), div(sqrt(X6), div(mul(quart(mul(X4, mul(X1, X3))), X24), X13))), div(sqrt(cos(X1)), cos(X3)))), cos(X3)))), mul(div(cos(cos(X16)), sin(cos(mul(sqrt(sqrt(X1)), X2)))), cos(mul(cos(sin(mul(mul(X23, X15), mul(X4, mul(cos(X1), X2))))), cube(div(cos(quart(X14)), cos(cube(sqrt(cos(X1)))))))))), sub(mul(mul(cos(X11), cube(sub(mul(exp(X1), quart(cos(cos(X2)))), mul(X4, mul(quart(X1), X2))))), log(div(mul(X18, X22), add(X12, X2)))), mul(mul(add(div(X18, X6), quart(X15)), sin(quart(X1))), quart(X5))))"
634_fri_c2_100_10,MRGPRegressor,ok,10.0,0.0868866823716273,1.0199761132899454,221.0,73.0,3049.1,,"mul(mul(sub(log(sub(exp(X3), sin(sin(cos(cos(exp(X1))))))), mul(log(log(cos(exp(X2)))), mul(div(X7, X5), X10))), mul(mul(div(exp(cube(X4)), cube(sin(X1))), square(div(log(X5), X1))), add(mul(cube(X3), exp(X6)), mul(sub(sin(sqrt(div(cube(sin(X3)), mul(cube(sin(quart(cube(sin(cos(X2)))))), cube(X4))))), cos(cos(exp(X1)))), X3)))), log(quart(cube(sin(cos(X2))))))"
635_fri_c0_250_10,MRGPRegressor,ok,10.0,-0.752712372466912,1.3267408519896575,446.0,148.0,3045.3,,"sqrt(mul(mul(div(exp(sin(sub(sin(square(log(X7))), div(X3, mul(X7, X10))))), cube(sin(X1))), square(div(log(X5), mul(div(exp(mul(cube(log(mul(cos(X4), square(cos(X3))))), sqrt(X5))), cube(sin(X1))), X10)))), add(mul(mul(div(cube(square(mul(cos(X1), X2))), mul(div(exp(X2), cube(cube(X1))), square(div(sub(sub(X4, mul(exp(X1), square(X2))), log(X7)), sqrt(cube(sqrt(X2))))))), mul(X6, X2)), mul(cos(X1), mul(log(div(cube(square(exp(X5))), mul(cos(div(cos(X1), X2)), cos(X4)))), div(div(mul(sqrt(X1), X2), sqrt(quart(div(mul(X7, X7), square(X3))))), mul(mul(cube(X1), sub(log(add(mul(square(cos(X7)), mul(cos(X1), X2)), mul(X1, cube(add(exp(X2), mul(X9, X2)))))), X2)), X1))))), mul(sub(exp(X3), square(X4)), cube(mul(sqrt(cube(cube(X2))), X10))))))"
637_fri_c1_500_50,MRGPRegressor,ok,50.0,0.7028826362876528,0.5260109313834292,437.0,145.0,3273.9,,"div(sqrt(cube(X1)), div(sin(div(sqrt(cube(X2)), X14)), mul(log(X16), div(quart(X4), sin(mul(exp(mul(X7, sub(sqrt(sin(exp(X1))), X33))), add(X44, add(X5, add(X27, add(X18, add(add(add(quart(quart(square(X29))), quart(sub(exp(X19), sin(div(sqrt(cube(X2)), mul(sin(mul(cube(X1), sin(X1))), X2)))))), div(cos(X4), mul(cos(exp(cos(X2))), div(quart(X4), mul(log(sqrt(add(add(mul(cos(div(cube(X8), cube(log(sin(div(cube(exp(add(sin(X1), sin(X2)))), X4)))))), quart(quart(sin(div(sub(sin(log(X1)), cos(cos(exp(X11)))), exp(mul(sin(sin(exp(X16))), X2))))))), quart(sin(square(X26)))), div(cos(X4), mul(exp(mul(cos(X1), X2)), square(X2)))))), quart(exp(X5))))))), add(X39, add(X46, add(X2, div(cube(exp(add(sin(X1), sin(X2)))), X36)))))))))))))))"
641_fri_c1_500_10,MRGPRegressor,ok,10.0,0.9104733921466538,0.2600925626117086,395.0,131.0,3074.7,,"div(add(mul(sub(exp(X3), square(X3)), X3), quart(mul(X2, cube(X1)))), sin(sub(sin(exp(exp(X4))), square(mul(mul(sub(log(add(cos(square(X1)), sqrt(sqrt(add(sqrt(cube(sin(add(X2, X1)))), div(cube(X2), square(cube(X2)))))))), mul(log(log(X2)), mul(sub(mul(square(X2), X1), sin(sin(X1))), sin(sub(sin(mul(X2, sin(add(X2, X1)))), square(mul(square(cube(X2)), log(add(sin(sub(sqrt(cube(mul(X2, sin(sqrt(mul(exp(X1), X2)))))), sub(X4, X8))), log(X2)))))))))), mul(mul(X2, sin(sqrt(sqrt(add(sqrt(cos(X4)), div(cube(mul(X10, sin(add(X2, X1)))), X4)))))), log(mul(cube(sin(X1)), X4)))), log(quart(cube(mul(sqrt(cube(mul(X2, sin(add(X2, X1))))), sub(exp(X1), X5))))))))))"
643_fri_c2_500_25,MRGPRegressor,ok,25.0,0.092991017570185,0.8900036565299546,425.0,141.0,3064.3,,"mul(add(sqrt(mul(cos(mul(add(sqrt(mul(cos(sin(X8)), div(mul(X1, cos(cube(sub(div(X14, sin(mul(X2, sqrt(X1)))), exp(X24))))), cos(X3)))), mul(div(cos(cos(sin(add(X1, X2)))), X4), cos(sqrt(mul(cos(sin(X18)), div(sqrt(X5), cos(X3))))))), sub(log(div(mul(X2, square(sin(exp(sin(mul(X2, sqrt(exp(X1)))))))), quart(mul(cube(X2), sin(X1))))), quart(add(sub(div(X14, X9), exp(sin(square(sin(sin(log(sin(X22)))))))), sin(div(X24, X4))))))), div(sqrt(X5), cos(X3)))), mul(div(cos(cos(X16)), sin(add(X5, X23))), cos(cos(cube(X2))))), sub(log(sin(log(X2))), quart(add(sub(sub(cube(sin(X12)), mul(X17, X22)), exp(X24)), sin(mul(exp(sin(div(X5, X4))), div(log(X4), quart(mul(cube(sin(add(X1, X2))), sin(X1))))))))))"
644_fri_c4_250_25,MRGPRegressor,ok,25.0,-0.8722440676715864,1.2189169548973335,416.0,138.0,3280.4,,"div(mul(X4, X5), square(sin(mul(add(div(mul(X4, X5), cube(cube(sin(mul(X4, X5))))), mul(cos(mul(X15, exp(X3))), X4)), div(sqrt(add(quart(mul(cube(X2), sin(X1))), mul(add(X20, mul(div(cos(cos(X5)), sin(add(X5, X23))), cos(sub(cube(cube(cos(sin(X2)))), X21)))), sub(log(sin(sin(X1))), sub(X4, add(log(square(sin(add(X2, X1)))), div(square(div(mul(X4, X5), X1)), X12))))))), div(mul(mul(div(X4, sub(mul(log(sin(square(X6))), log(add(mul(X18, X2), X19))), div(mul(add(X20, sin(X1)), sub(log(sin(sin(X1))), sub(mul(X4, X5), X9))), div(mul(quart(sin(X2)), sin(X1)), log(X11))))), div(div(mul(quart(sin(X2)), sin(X1)), log(sub(X1, cube(X1)))), X15)), sin(X1)), log(sub(X1, X16))))))))"
645_fri_c3_500_50,MRGPRegressor,ok,50.0,0.8436393838339273,0.3529215128761328,428.0,142.0,3222.1,,"div(mul(cos(sin(mul(mul(mul(exp(mul(cos(X1), cos(X1))), quart(cos(cos(X2)))), div(sub(sin(log(log(X4))), cos(X15)), exp(mul(sin(square(cos(X2))), sub(exp(X1), sin(X2)))))), quart(X25)))), cube(div(cos(quart(X39)), cos(cube(div(mul(X18, X47), mul(sin(div(cos(X35), exp(mul(sin(square(cos(X2))), sub(exp(X1), sin(X3)))))), div(mul(sin(square(mul(X30, X4))), sub(X28, X35)), cos(cube(X5)))))))))), sub(mul(mul(sub(log(X37), cos(mul(mul(sin(square(cos(log(div(mul(cos(X3), X47), add(X4, X2)))))), cube(X5)), mul(sub(exp(sqrt(exp(X1))), sin(X24)), X4)))), cube(mul(mul(mul(exp(mul(cos(X1), X2)), X1), X15), quart(X25)))), log(div(mul(X18, X4), add(X37, X3)))), mul(mul(X4, sin(quart(X26))), log(square(log(square(X2)))))))"
646_fri_c3_500_10,MRGPRegressor,ok,10.0,0.7454408221491613,0.4387793111000003,410.0,136.0,3059.3,,"mul(mul(sub(log(add(cos(mul(exp(sin(X1)), sin(X2))), cube(sqrt(square(add(cos(square(div(log(X5), sqrt(X7)))), mul(sub(exp(X3), square(cube(X1))), cube(cube(sin(X2)))))))))), mul(quart(square(square(X3))), mul(sqrt(mul(X7, add(cos(mul(X5, X4)), mul(sub(exp(X3), square(cube(X1))), cube(X2))))), sin(sin(mul(sqrt(exp(div(X4, sqrt(X1)))), mul(exp(sin(mul(exp(sin(X1)), X2))), sqrt(cube(sin(X2)))))))))), cos(add(mul(mul(div(exp(cube(sin(X3))), cube(sin(cos(exp(mul(sin(X3), X2)))))), X10), add(cos(sqrt(mul(mul(div(exp(cube(sin(X6))), cube(sin(X1))), square(div(log(X5), sqrt(X2)))), X4))), mul(X2, cube(cube(mul(exp(sin(X4)), sqrt(cube(sin(X2))))))))), cube(X2)))), log(quart(cube(sin(cos(X2))))))"
647_fri_c1_250_10,MRGPRegressor,ok,10.0,0.5774333504167722,0.6487866781836548,398.0,132.0,3087.1,,"sqrt(mul(mul(div(exp(sqrt(X3)), cube(sin(X1))), square(div(log(sub(exp(sub(sin(log(X5)), div(quart(X4), div(quart(sqrt(square(X1))), square(quart(cube(sin(X1)))))))), div(sin(cos(div(square(sub(exp(sub(sin(log(exp(X3))), exp(cube(X3)))), div(sin(cos(div(mul(mul(square(X1), sin(mul(X1, square(sin(X2))))), X4), quart(cube(X2))))), mul(div(cos(X1), mul(X4, sin(add(X2, X1)))), exp(square(sin(log(X5)))))))), quart(cube(X2))))), sqrt(mul(mul(div(sub(sub(X2, X5), exp(sin(sin(sin(X1))))), cube(sin(X1))), X2), add(cos(exp(log(X5))), mul(sub(exp(X3), square(X5)), cube(add(X4, X10))))))))), sqrt(X2)))), mul(mul(add(sin(square(sin(add(X2, X1)))), log(X8)), quart(square(X1))), X5)))"
648_fri_c1_250_50,MRGPRegressor,ok,50.0,0.5581810223292136,0.6653383044080888,428.0,142.0,3332.5,,"mul(cos(add(square(div(quart(X33), cos(exp(cos(div(cube(div(sqrt(cube(cube(exp(X1)))), X5)), div(sqrt(cube(X2)), X5))))))), mul(exp(log(div(div(cos(sub(sin(X2), mul(X14, sqrt(cos(X3))))), X4), div(mul(exp(sin(X2)), cos(sqrt(X1))), div(mul(mul(sub(sin(add(X9, square(cos(X2)))), sqrt(add(square(div(quart(X33), cos(exp(cos(div(cube(div(sqrt(cube(X2)), X5)), div(sqrt(cube(X2)), X5))))))), mul(exp(log(div(div(cos(sub(X2, mul(X14, sqrt(cos(X3))))), X4), div(mul(exp(sin(X2)), mul(cos(X1), sin(X2))), X37)))), cos(sqrt(X1)))))), exp(sub(sin(X2), cube(exp(X1))))), cos(X5)), X37))))), cos(sqrt(X1))))), log(sub(cube(mul(exp(sqrt(div(X42, X4))), X2)), add(sub(cube(X4), mul(cos(X1), cos(sin(X2)))), cos(sin(X19))))))"
649_fri_c0_500_5,MRGPRegressor,ok,5.0,-0.0969210301745728,0.9059877843518166,383.0,127.0,3265.4,,"sub(div(square(log(sub(add(X5, X1), square(exp(add(X1, X4)))))), cube(square(log(sin(X1))))), div(mul(log(sub(mul(div(exp(mul(square(log(sub(add(X5, X2), square(exp(add(X1, X4)))))), X3)), mul(X1, mul(X2, X2))), X3), add(mul(add(cos(sqrt(X2)), add(div(X3, X5), div(X1, X2))), cos(X3)), sin(exp(sin(mul(X4, X1))))))), square(mul(sqrt(X2), mul(mul(quart(X5), X2), square(X1))))), sin(cube(square(log(sub(div(quart(X2), div(mul(add(mul(sqrt(div(X2, X4)), exp(X2)), cos(log(cos(sqrt(square(mul(X1, X2))))))), exp(mul(sub(add(X4, X5), exp(X1)), cos(cube(X2))))), X4)), sqrt(sub(add(cos(div(X2, X5)), exp(add(X2, X1))), cos(X3))))))))))"
650_fri_c0_500_50,MRGPRegressor,ok,50.0,-0.2807810839138418,1.017396591377057,419.0,139.0,3090.8,,"div(mul(cos(sin(mul(mul(mul(X1, quart(cos(cos(X2)))), X15), quart(mul(X5, log(div(mul(cos(X3), div(sub(X5, X35), div(mul(cos(X3), X4), div(mul(cos(X1), X2), X4)))), mul(exp(X1), sub(square(X2), log(exp(X50))))))))))), cube(div(cos(quart(sin(div(sub(sin(log(log(X4))), cos(X17)), exp(mul(sin(square(mul(add(X46, X26), X3))), X5)))))), sin(mul(mul(cos(X32), exp(mul(cos(cos(exp(cos(sin(X47))))), X2))), X22))))), sub(mul(mul(div(X17, log(div(mul(cos(X3), mul(mul(mul(X1, quart(cos(X24))), X15), quart(X45))), mul(exp(X1), sub(square(X2), log(X43)))))), X4), log(div(mul(X37, X47), add(X37, X2)))), mul(mul(add(sin(X1), quart(quart(X25))), sin(quart(X26))), cos(cos(mul(X1, quart(cos(cos(X2)))))))))"
651_fri_c0_100_25,MRGPRegressor,ok,25.0,0.5382678842275957,0.7139655525899992,224.0,74.0,3021.2,,"mul(add(sqrt(mul(sin(mul(cos(cube(add(X1, X2))), cos(X22))), div(cos(X16), cos(sin(div(X24, X4)))))), mul(div(cos(X19), X4), cos(cos(cube(X2))))), sub(log(square(log(sin(square(X6))))), sub(mul(log(mul(cos(sin(X8)), div(X25, mul(add(X13, cos(div(X25, cos(cos(X3))))), X3)))), cos(X2)), div(sqrt(add(quart(X19), add(X17, exp(X1)))), div(mul(quart(X5), sin(X1)), X1)))))"
653_fri_c0_250_25,MRGPRegressor,ok,25.0,-0.1034299182943498,1.0169360886972936,446.0,148.0,3268.0,,"div(quart(div(X4, cube(cos(sin(div(X4, mul(X25, mul(X5, mul(mul(cos(X2), X1), sub(div(X15, X9), cos(X1))))))))))), sub(div(square(X3), add(sub(div(X14, X9), exp(X24)), X1)), div(mul(sub(mul(log(sin(square(mul(sqrt(div(X1, div(quart(div(X4, cos(X2))), sub(div(square(X3), X5), log(square(X1)))))), X4)))), log(add(mul(X18, X2), cos(X13)))), div(sqrt(add(quart(X19), add(X8, X21))), div(mul(quart(X4), sin(div(square(X1), div(X4, X2)))), log(sub(X1, X16))))), sub(mul(log(sin(square(X6))), log(add(mul(X18, sqrt(mul(cube(X4), mul(X5, mul(cos(mul(cos(sin(X1)), sin(X16))), add(cube(square(X20)), cube(sqrt(sqrt(X4))))))))), cos(X13)))), div(sqrt(add(quart(div(cos(cos(X1)), exp(X2))), log(sub(X1, X16)))), X14))), sin(cube(quart(exp(mul(X1, X2))))))))"
654_fri_c0_500_10,MRGPRegressor,ok,10.0,0.243655303764543,0.908824686501584,422.0,140.0,3206.7,,"sqrt(mul(mul(div(exp(sin(X7)), cube(sin(square(sqrt(mul(mul(div(cos(X4), X1), square(div(log(X5), add(mul(log(exp(X1)), square(quart(X7))), mul(sqrt(square(X3)), sub(sin(X4), quart(X1))))))), add(exp(X4), mul(sub(exp(X8), square(div(mul(quart(X2), X1), X4))), cube(add(X2, X1)))))))))), square(div(log(X7), add(mul(log(quart(X2)), square(quart(cos(X3)))), mul(sqrt(sub(square(X2), cos(X3))), X6))))), add(cos(exp(log(mul(div(exp(cube(X4)), mul(div(exp(cube(X4)), cube(sin(X9))), square(div(X1, log(quart(X2)))))), square(div(X1, sqrt(X2))))))), mul(sub(mul(sqrt(mul(mul(div(X4, cube(sin(X1))), square(div(cube(exp(X1)), sqrt(X2)))), add(X2, sub(mul(X2, square(X2)), cos(X3))))), quart(X2)), square(X5)), cube(add(X2, X1))))))"
656_fri_c1_100_5,MRGPRegressor,ok,5.0,0.4163177100977487,0.7131155280084631,209.0,69.0,3084.7,,"sub(div(square(log(sub(mul(div(X3, X1), sqrt(sin(X2))), exp(add(sub(add(X5, X1), square(X2)), X4))))), cube(square(log(sin(X1))))), div(mul(log(sub(cube(X4), div(X3, X4))), cos(square(mul(square(mul(X2, cos(exp(X3)))), mul(log(cos(exp(X1))), cube(exp(sin(X2)))))))), sin(div(square(mul(X4, square(mul(sqrt(X3), X2)))), add(X2, log(sqrt(sin(X2))))))))"
657_fri_c2_250_10,MRGPRegressor,ok,10.0,0.570613205535117,0.6215909116069636,437.0,145.0,3021.7,,"mul(log(div(cube(square(exp(X5))), mul(cos(div(X3, X2)), cos(X2)))), div(div(log(sub(cos(mul(div(add(add(quart(sin(add(square(sin(add(X2, X1))), sin(mul(square(X3), X10))))), quart(X3)), X1), quart(cube(exp(X2)))), sub(div(sin(exp(mul(mul(X2, X1), sin(X2)))), quart(cube(sin(X2)))), cos(square(cos(sin(add(X2, X1)))))))), div(quart(quart(sin(X2))), div(quart(sqrt(square(X1))), quart(add(quart(sin(add(X2, X1))), quart(sub(X2, X5)))))))), sqrt(quart(X4))), mul(mul(cos(mul(sub(log(X4), cube(cube(X1))), sub(div(sin(add(add(quart(sin(add(X2, cos(square(cos(sin(add(X6, X1)))))))), quart(sub(X4, X5))), mul(X10, div(log(square(X3)), mul(X1, cube(X1)))))), quart(cube(sin(X2)))), cos(square(cos(sin(add(X2, X1)))))))), sub(X7, X2)), cos(sin(X9)))))"
663_rabe_266,MRGPRegressor,ok,2.0,0.994724495319146,3.5785701778313235,251.0,83.0,2202.4,,"mul(cube(div(sin(mul(X1, div(X1, sqrt(div(X1, exp(X2)))))), div(square(X2), mul(cube(div(sin(mul(quart(X1), X2)), sub(sin(X2), exp(quart(X1))))), div(sub(X1, cos(X1)), sqrt(div(exp(X1), exp(div(sub(exp(cos(quart(X2))), log(cos(X1))), X2))))))))), div(mul(cube(div(cos(X2), X1)), div(sub(X1, log(cos(X1))), sqrt(X2))), sqrt(div(exp(sqrt(sqrt(div(X2, div(sub(X1, log(cos(exp(quart(X1))))), X1))))), exp(X2)))))"
658_fri_c3_250_25,MRGPRegressor,ok,25.0,0.5049081023308437,0.6392730439884815,410.0,136.0,3194.2,,"add(add(sqrt(mul(cos(mul(exp(add(sin(sin(X2)), X1)), cos(sin(X2)))), div(sqrt(div(X6, X5)), cos(X3)))), mul(div(cos(cos(X16)), sin(sub(sub(log(X4), div(log(exp(sin(X2))), quart(mul(quart(mul(sin(X2), sin(X1))), sin(X1))))), log(cube(X4))))), sin(sin(div(cube(div(add(div(X23, X20), mul(exp(cube(X2)), X7)), div(mul(sin(X25), add(mul(mul(quart(sqrt(X24)), mul(div(X19, X1), div(X6, X5))), sin(X2)), sqrt(div(add(cos(X4), log(X4)), mul(sub(X5, X8), square(X5)))))), log(X14)))), sub(cos(div(mul(X1, div(log(exp(square(X2))), quart(mul(cube(X2), sin(X1))))), sin(mul(exp(X1), cos(sin(X2)))))), log(mul(cube(X1), X2)))))))), div(log(exp(X2)), quart(mul(cube(X1), sin(X1)))))"
659_sleuth_ex1714,MRGPRegressor,ok,7.0,-0.930049338002684,3156.9161996448147,104.0,34.0,3013.1,,"mul(div(cos(log(quart(X6))), div(quart(square(X1)), sqrt(X7))), div(div(mul(X2, cube(sin(X6))), div(quart(mul(X6, X4)), div(X2, cos(square(X4))))), div(sqrt(square(X5)), X1)))"
666_rmftsa_ladata,MRGPRegressor,ok,10.0,-2.7278693609985174,7.633749439866629,437.0,145.0,3129.3,,"mul(mul(sub(log(add(cos(X6), cube(X10))), mul(cos(X2), mul(div(X7, X5), sub(X1, X6)))), mul(mul(add(div(X3, sub(cos(div(sin(mul(quart(cos(X3)), div(log(add(X10, X6)), quart(mul(cube(X1), sin(X6)))))), sub(mul(quart(cos(quart(div(X3, sub(div(exp(sin(X3)), square(quart(mul(cube(X1), sin(X6))))), quart(exp(log(X10)))))))), div(log(exp(X1)), quart(mul(X1, cos(X5))))), X5))), quart(exp(log(quart(cos(mul(square(X10), cube(square(X9)))))))))), quart(X10)), sin(X9)), log(add(X10, X7)))), log(div(mul(cos(quart(sub(exp(add(X1, cos(X3))), X7))), div(log(exp(X1)), quart(mul(cube(X1), cos(X10))))), div(exp(mul(exp(X4), add(X7, X3))), cos(div(sin(mul(quart(cos(X3)), div(log(exp(X1)), quart(mul(cube(X1), sin(X6)))))), sub(X6, X5)))))))"
665_sleuth_case2002,MRGPRegressor,ok,6.0,-2.817552330086535,18.59508276044605,329.0,109.0,3554.9,,"add(div(sqrt(quart(mul(X3, X4))), quart(cube(X5))), mul(log(div(cube(mul(X6, X3)), sqrt(square(cube(X6))))), log(mul(log(square(add(div(sqrt(log(mul(add(X3, X4), log(X5)))), quart(cube(X5))), mul(log(div(cube(X5), sqrt(square(X6)))), log(mul(log(square(log(cube(cube(X1))))), mul(log(X2), exp(mul(square(X6), exp(add(X4, X6))))))))))), mul(log(X2), add(div(X2, quart(cube(X5))), mul(log(div(cube(sin(add(sqrt(X6), log(square(cube(exp(X6))))))), sin(mul(X6, X2)))), log(mul(log(square(X4)), mul(log(X2), exp(sin(mul(mul(X4, X3), cube(quart(exp(X6))))))))))))))))"
678_visualizing_environmental,MRGPRegressor,ok,3.0,-4.977558325090505,7.507806266279999,248.0,82.0,3241.8,,"sub(add(div(div(X2, sqrt(sin(X3))), sqrt(log(quart(mul(div(mul(sin(log(X1)), sqrt(cos(X1))), quart(cube(mul(X3, X2)))), div(sin(quart(div(mul(X3, X1), sub(quart(sqrt(X3)), square(square(X1)))))), sqrt(mul(X3, sin(X1))))))))), sin(log(square(square(cube(mul(X3, log(cube(sub(sin(cos(cos(mul(cos(X1), square(X1))))), quart(log(quart(cube(mul(sin(div(sub(X2, X3), quart(X1))), X2))))))))))))))), sin(cos(sqrt(exp(div(X1, X3))))))"
687_sleuth_ex1605,MRGPRegressor,ok,5.0,-1.9830539904256652,32.74692809011902,140.0,46.0,3059.1,,"sub(div(square(log(sub(add(X5, X1), square(X2)))), cube(square(log(sin(X3))))), div(mul(mul(mul(X5, X1), X5), cos(square(quart(X5)))), sin(div(square(cube(X2)), add(mul(cube(sin(exp(mul(X1, X2)))), div(exp(X4), exp(X5))), log(X3))))))"
690_visualizing_galaxy,MRGPRegressor,ok,4.0,0.9332073877801232,23.37927849271956,422.0,140.0,3045.4,,"sub(add(mul(square(mul(sqrt(add(mul(square(mul(X3, X2)), div(cos(sin(sin(X1))), cube(mul(mul(cube(sin(X1)), X2), X4)))), exp(mul(log(log(X1)), add(square(quart(sub(sin(X2), mul(cos(cos(sin(X1))), cos(exp(X4)))))), add(X1, X4)))))), X2)), div(sin(sqrt(cube(X4))), cube(mul(mul(cube(X4), X2), X4)))), exp(sin(quart(add(mul(sub(X1, X2), log(X4)), sin(sub(sqrt(mul(sqrt(add(div(sin(X1), mul(mul(quart(div(X2, X3)), sin(cube(X3))), add(cube(X2), square(X4)))), sin(div(X3, X3)))), sqrt(mul(mul(mul(mul(cos(sin(X1)), X4), X4), log(div(cube(mul(sin(div(X2, X3)), square(exp(X3)))), mul(log(sin(X2)), log(cos(exp(X2))))))), sqrt(X4))))), exp(cos(X3))))))))), sin(div(add(div(X2, X3), X3), cos(X1))))"
auto_insurance_price,MRGPRegressor,ok,23.0,0.1565721137138119,9594.855171694231,374.0,124.0,517.8,,"add(add(mul(mul(mul(X7, mul(add(add(mul(cube(mul(X7, mul(X23, X23))), X23), X4), X8), log(div(X22, cos(X8))))), mul(cube(mul(X7, X23)), log(div(X22, cos(X8))))), cube(X12)), cube(X23)), mul(X8, cube(mul(X16, mul(div(X11, cube(mul(X7, mul(add(add(mul(mul(mul(X15, mul(mul(mul(mul(X7, mul(add(mul(cube(mul(X7, mul(X23, X23))), X22), X21), log(div(X22, cos(X18))))), log(div(X22, cos(X18)))), X8), X8)), log(div(X22, cos(X18)))), X7), X18), mul(X23, log(div(X20, cube(mul(X16, mul(add(add(mul(cube(X5), X13), div(X22, add(mul(mul(X22, sin(X13)), X2), X15))), X19), log(div(X22, cos(X8)))))))))), X17)))), X6)))))"
695_chatfield_4,MRGPRegressor,ok,12.0,-0.7215325404984876,46.79819167191253,437.0,145.0,3021.8,,"sub(log(add(mul(quart(sin(X10)), mul(cos(sqrt(add(mul(square(div(sqrt(mul(square(sin(sqrt(quart(mul(quart(X12), sub(X9, X11)))))), quart(sqrt(sin(exp(X8)))))), quart(div(square(X12), cos(X7))))), mul(X12, sin(sqrt(square(X12))))), X5))), sin(X1))), mul(sin(exp(sub(cos(X12), div(cube(sqrt(add(mul(square(add(sin(sqrt(mul(square(sin(sqrt(quart(X11)))), quart(sqrt(X6))))), mul(X11, X5))), cos(exp(X7))), cos(sqrt(square(X12)))))), quart(exp(log(X2))))))), cos(quart(X7))))), sub(div(sqrt(cos(sqrt(X6))), cos(sqrt(sub(quart(sub(div(mul(X6, X12), div(cos(X4), X9)), add(sin(X7), sub(X1, X3)))), sqrt(add(div(mul(X12, X7), quart(cube(X10))), sub(cube(X8), log(X9)))))))), div(cube(mul(square(add(sin(quart(X6)), mul(X11, X5))), cos(exp(X7)))), quart(exp(log(sin(X1)))))))"
feynman_III_12_43,MRGPRegressor,ok,2.0,0.9998420692350658,0.0100171415669905,167.0,55.0,394.3,,"cos(div(div(div(mul(cos(sub(sqrt(sin(X1)), sin(X1))), exp(mul(X1, X2))), div(sin(log(sin(quart(mul(X1, mul(mul(X1, square(X2)), exp(cos(cos(sub(sqrt(X1), sin(X1))))))))))), mul(X2, div(mul(X1, X1), X1)))), log(add(cos(cube(X2)), cube(cube(X1))))), div(quart(X2), X1)))"
706_sleuth_case1202,MRGPRegressor,ok,6.0,-1.172409443862739,149.81215402882316,203.0,67.0,3068.4,,"add(div(sqrt(log(sin(div(mul(log(X5), log(add(sqrt(add(X4, X1)), X4))), div(sqrt(add(X4, X1)), div(X6, quart(quart(mul(exp(X5), cube(X5)))))))))), quart(cube(X5))), mul(log(div(cube(mul(X6, X3)), sqrt(square(X4)))), log(mul(div(quart(X5), quart(X6)), mul(div(exp(log(log(mul(X3, X3)))), quart(mul(quart(mul(X1, X5)), sin(X1)))), X5)))))"
712_chscase_geyser1,MRGPRegressor,ok,2.0,-0.923519482215543,17.277158815497696,416.0,138.0,3261.1,,"div(div(mul(exp(sqrt(div(cos(div(X1, mul(sqrt(X2), sin(quart(cos(div(X1, X2))))))), X1))), cos(X2)), mul(quart(cos(quart(square(div(div(sqrt(log(X2)), log(X2)), mul(sqrt(quart(X1)), sin(sqrt(X2)))))))), mul(sin(mul(X1, X1)), square(sub(X1, X2))))), square(div(div(div(mul(exp(X2), cos(add(sub(X1, X2), div(X1, X2)))), mul(quart(cos(quart(X1))), mul(sin(mul(X1, X1)), quart(quart(X2))))), log(cos(X2))), mul(sqrt(quart(div(div(mul(exp(log(sqrt(X1))), log(X2)), mul(log(mul(X1, div(sin(X2), log(X1)))), mul(sin(mul(X1, X1)), quart(quart(X2))))), square(mul(sin(cube(div(sqrt(add(X1, X2)), quart(div(X1, quart(quart(X2))))))), sin(div(log(sqrt(cube(X1))), log(div(log(X2), X1))))))))), sin(sqrt(X2))))))"
feynman_III_10_19,MRGPRegressor,ok,4.0,0.9997252264930762,0.1139287918909346,392.0,130.0,1745.4,,"mul(add(log(div(X2, sub(sub(sin(sin(sub(mul(X1, mul(X3, X2)), add(X2, mul(X1, cos(X4)))))), X3), add(log(sub(X3, log(sub(X3, sin(mul(square(X3), X1)))))), quart(mul(mul(X3, X4), mul(X3, mul(sub(X2, X4), mul(X2, X1))))))))), mul(add(sin(sin(X4)), exp(mul(sub(square(X2), X2), add(log(sub(X2, mul(mul(X1, X3), X4))), X3)))), add(log(div(sub(quart(X4), cube(div(mul(quart(X4), cos(mul(square(X2), X1))), mul(X1, cos(X4))))), X4)), sin(quart(X4))))), log(log(div(mul(mul(add(sin(mul(X4, sub(sin(X3), mul(X3, X2)))), mul(X4, X2)), add(log(sub(X4, mul(X1, X4))), sin(X2))), log(X4)), cos(sub(quart(X2), square(mul(X3, X4))))))))"
_deprecated_195_auto_price,MRGPRegressor,ok,15.0,-0.447660174073855,6157.189295410896,332.0,110.0,3026.1,,"div(exp(add(cube(X12), quart(cos(mul(mul(sub(mul(X7, X5), cube(X2)), X5), X7))))), mul(div(mul(square(mul(X5, sqrt(sin(X14)))), X8), sub(div(cos(X12), square(log(mul(mul(div(mul(sin(log(X4)), sqrt(log(X3))), sub(div(exp(X7), X1), square(add(X6, X11)))), div(sin(quart(mul(X5, X12))), sqrt(mul(cos(X2), add(sub(add(sub(cube(sin(X4)), X6), mul(X9, quart(X13))), sin(add(cos(mul(X8, X14)), square(sin(cube(mul(mul(mul(X7, X5), X3), X1))))))), exp(square(cos(sqrt(sin(X14)))))))))), cube(cube(X5)))))), square(add(X6, X11)))), div(sin(quart(cos(X15))), sqrt(X9))))"
_deprecated_207_autoPrice,MRGPRegressor,error,,,,,,,ValueError: Input contains NaN.,
auto_insurance_losses,MRGPRegressor,ok,24.0,-0.279382960080468,40.02657754149545,104.0,34.0,3005.5,,"div(div(sqrt(X11), div(mul(X11, X16), mul(X22, mul(X5, log(X18))))), mul(square(X1), div(X10, div(X16, div(mul(cos(X17), mul(X5, div(cos(X6), mul(X14, X21)))), X11)))))"
feynman_III_13_18,MRGPRegressor,ok,4.0,0.9982841280555982,26.38882066590106,449.0,149.0,3019.0,,"mul(add(mul(log(sub(mul(X1, sqrt(mul(X2, mul(X1, X1)))), sqrt(sqrt(mul(div(X1, sin(mul(mul(div(X2, exp(X2)), X4), sub(cos(mul(sqrt(mul(mul(sqrt(exp(X2)), X3), X1)), mul(sub(add(X1, X3), exp(X4)), div(sqrt(exp(X2)), exp(X4))))), X3)))), log(mul(quart(exp(X2)), mul(exp(mul(div(X1, exp(X4)), add(mul(X2, mul(X4, mul(add(X1, X3), sqrt(exp(X4))))), X1))), mul(add(X1, X3), sqrt(sqrt(exp(X2)))))))))))), sqrt(mul(sub(add(X1, X3), exp(X4)), div(sqrt(exp(X2)), exp(X4))))), mul(sub(mul(X1, mul(mul(X2, X4), mul(mul(square(X2), X3), cube(mul(div(X2, exp(X4)), sub(add(X1, X3), X4)))))), X3), div(sqrt(mul(mul(add(sqrt(exp(sqrt(exp(X2)))), X2), mul(div(X3, exp(X4)), X1)), X4)), exp(X4)))), sqrt(square(sin(log(exp(X4))))))"
feynman_III_15_14,MRGPRegressor,ok,3.0,0.9993098743264172,0.0004161631629398,428.0,142.0,2414.9,,"mul(mul(mul(X2, add(cube(cube(X3)), mul(mul(mul(mul(cube(X2), X1), X1), X3), X1))), mul(mul(mul(cube(square(mul(X3, X2))), add(cube(mul(mul(cube(X3), X1), mul(quart(X3), X1))), mul(quart(add(sub(X3, X1), X2)), add(sub(X3, X1), X2)))), quart(mul(mul(cube(X1), X2), X1))), mul(mul(mul(X3, mul(mul(quart(X1), sub(sqrt(X3), add(sub(X3, X1), X2))), X3)), sub(div(sqrt(mul(mul(cube(sub(X1, X3)), sub(X2, X3)), cos(X3))), sub(sqrt(X2), X2)), quart(mul(X2, add(sub(X3, X1), X2))))), add(quart(X2), cos(mul(cos(X2), X1)))))), mul(mul(mul(quart(sub(sqrt(X3), add(sub(X3, X1), X2))), mul(mul(quart(X3), X1), X3)), cos(X2)), add(sub(div(X2, X3), sin(mul(X3, X1))), cos(mul(add(X3, X2), X1)))))"
feynman_III_14_14,MRGPRegressor,ok,5.0,0.9169502991887882,2.4150185951730143,422.0,140.0,3024.9,,"log(sub(div(cos(div(mul(X5, X5), quart(X4))), sqrt(sub(div(cos(div(mul(X5, mul(sub(X5, square(sub(sub(X5, sub(X3, sub(X4, X2))), X1))), sub(X5, sub(X3, sub(X4, X2))))), quart(X1))), X1), add(sub(cube(square(div(sin(X4), exp(sub(log(mul(X4, quart(X3))), quart(mul(X4, quart(X2)))))))), sqrt(quart(add(X1, X2)))), sin(div(cos(X3), log(X4))))))), add(div(mul(mul(X4, add(div(cos(X4), sqrt(X5)), div(mul(X1, quart(square(sub(X4, X2)))), mul(sub(X3, X4), sin(X1))))), sin(X1)), mul(quart(X2), quart(add(sin(X1), X2)))), div(cos(div(square(sub(sub(X5, cube(mul(X4, X1))), X1)), add(div(cos(div(X2, quart(X4))), sqrt(X3)), div(mul(X1, quart(square(sub(X4, X3)))), sub(X4, X2))))), sqrt(cube(X1))))))"
feynman_III_4_33,MRGPRegressor,ok,4.0,0.9999009395571994,0.0454123689496085,395.0,131.0,723.8,,"sub(add(sin(sub(sub(sqrt(X4), sqrt(X1)), cos(X3))), sub(X4, mul(X2, X3))), sub(mul(quart(mul(add(quart(sin(mul(cube(X1), cos(mul(X1, X4))))), X2), mul(cos(exp(cos(add(sub(X3, mul(X1, X4)), X4)))), sub(mul(X3, X4), X4)))), sub(log(sub(X1, sub(sub(sub(mul(quart(mul(sin(X3), sub(sub(mul(X2, mul(X3, X4)), cos(cube(X2))), sqrt(X3)))), mul(X1, sin(X3))), mul(mul(cos(X3), X2), mul(X2, X1))), X2), X2))), sub(mul(quart(mul(X3, sub(X1, sqrt(X3)))), sub(log(sub(mul(X4, sub(mul(X4, sub(X2, mul(X1, X4))), mul(X1, X2))), X1)), X1)), mul(X4, X3)))), quart(mul(X2, sub(sub(log(sub(mul(X4, X3), mul(X1, X4))), square(X4)), X4)))))"
feynman_III_15_12,MRGPRegressor,ok,3.0,-0.7634718054301681,5.900866778791075,407.0,135.0,3340.4,,"cos(sub(sin(mul(mul(sin(sub(quart(cube(mul(X1, exp(mul(X2, X1))))), div(cos(X3), sqrt(X2)))), cube(sin(sub(mul(X2, X3), log(X1))))), div(cos(add(add(mul(X3, sub(cos(log(X1)), X2)), cube(X1)), mul(log(mul(mul(log(sin(add(X3, X2))), X3), exp(add(X3, X3)))), sin(div(cos(sub(X1, log(log(sin(add(X3, X2)))))), sub(exp(X2), div(X2, X3))))))), log(log(square(div(square(quart(sin(sin(add(X3, X2))))), X3))))))), log(log(sin(add(X3, mul(add(div(square(square(log(X3))), sub(sqrt(sin(X1)), cos(log(X2)))), sub(div(cos(div(X2, X1)), X3), exp(sub(div(X2, X1), X2)))), sqrt(div(div(sub(cos(X1), mul(X2, X1)), cube(cos(X1))), log(div(div(X2, X3), log(X1))))))))))))"
feynman_III_15_27,MRGPRegressor,ok,3.0,0.9339556871622212,0.6086811401750422,407.0,135.0,3002.7,,"mul(mul(mul(X1, exp(sub(X1, add(X3, X2)))), div(sqrt(quart(X2)), exp(quart(X3)))), mul(sub(mul(add(X3, X2), add(square(sub(sub(X1, X2), X3)), sub(mul(quart(X3), add(X1, X1)), mul(mul(X2, mul(X2, sin(X3))), sub(X1, X2))))), mul(exp(mul(cos(X1), sin(mul(X3, X1)))), add(mul(mul(square(X3), exp(sub(sin(X1), add(X3, add(X3, X2))))), cos(X1)), mul(div(mul(sin(log(X1)), X2), mul(exp(mul(X2, sin(X2))), quart(log(quart(mul(sub(mul(sub(X1, X2), square(add(X3, X2))), X2), quart(X2))))))), div(div(sin(mul(quart(mul(X1, exp(X3))), X2)), div(cos(X1), exp(X2))), div(mul(exp(sub(sin(X1), add(X2, X2))), X3), quart(cos(X3)))))))), exp(mul(X2, sin(sin(X3))))))"
feynman_III_21_20,MRGPRegressor,ok,4.0,0.9998646376533136,0.1122757442220146,206.0,68.0,2147.6,,"add(sub(mul(mul(quart(X3), mul(cube(div(X3, exp(cube(X4)))), X3)), mul(mul(X1, X4), add(mul(X2, div(X3, exp(X4))), X3))), mul(mul(mul(X2, log(exp(mul(X1, X3)))), X4), X4)), add(sub(mul(X3, sub(mul(X2, div(X1, exp(X4))), X2)), X3), div(mul(X4, sub(mul(X2, X1), mul(sub(X4, add(X1, X2)), sub(X3, X4)))), exp(X4))))"
feynman_III_17_37,MRGPRegressor,ok,3.0,0.9948328515369737,0.493260755638914,176.0,58.0,3004.6,,"mul(mul(mul(mul(sin(X3), div(mul(square(X3), add(X2, X1)), X3)), exp(X2)), div(div(mul(sqrt(quart(X3)), mul(X1, X3)), mul(mul(X2, X1), X3)), mul(add(X3, mul(X3, mul(X2, cos(X3)))), X1))), div(mul(mul(X1, mul(X2, cos(X3))), X3), mul(mul(mul(X2, X1), cos(X3)), cos(X3))))"
feynman_III_19_51,MRGPRegressor,ok,5.0,-0.0153127967562722,3.045997676104492,419.0,139.0,3072.5,,"sub(div(sub(mul(X2, X3), exp(square(mul(X3, X4)))), cube(square(log(sin(X5))))), div(mul(log(sub(square(sub(div(log(sub(square(sub(div(exp(X2), exp(mul(sub(X5, X3), X4))), mul(X3, X4))), mul(X2, X1))), exp(mul(add(div(div(exp(X2), exp(add(X4, X3))), exp(X5)), X2), X4))), X3)), mul(sub(div(sin(X4), cube(square(log(X1)))), div(mul(log(sub(square(sub(div(exp(X2), exp(mul(add(div(X2, exp(add(X3, X5))), X2), X4))), X3)), mul(exp(X2), X1))), X2), sin(div(square(X5), add(mul(X3, X4), X1))))), square(mul(mul(sub(X1, X3), mul(X3, square(sub(div(exp(X2), exp(add(X4, X5))), X3)))), X5))))), cos(X1)), sin(div(X3, add(cos(square(sub(div(X3, exp(add(X4, X5))), X3))), log(X3))))))"
feynman_III_7_38,MRGPRegressor,ok,3.0,0.9999185898912958,0.3383138004315499,416.0,138.0,1681.4,,"add(X2, mul(div(square(div(mul(div(mul(square(div(square(X3), exp(X3))), mul(X3, X3)), X3), X3), cos(mul(div(mul(mul(X1, exp(X2)), X1), X3), div(X1, cos(mul(div(mul(mul(X1, X3), mul(X3, X2)), X2), div(X2, exp(X3))))))))), sub(div(div(mul(square(X3), add(X2, X1)), X3), square(exp(X3))), X1)), div(div(div(mul(mul(X3, div(mul(div(mul(X1, X2), exp(X3)), mul(div(X3, square(exp(X3))), div(add(X2, X1), exp(X3)))), exp(X3))), X1), X2), div(sub(X1, X3), square(mul(div(mul(mul(mul(X1, X2), X3), mul(exp(sqrt(X3)), X2)), sub(div(X1, div(X2, log(div(X1, exp(X3))))), X3)), div(X1, sqrt(X3)))))), sqrt(mul(sqrt(mul(X1, sin(mul(mul(X3, mul(X2, X1)), X2)))), X3)))))"
feynman_III_4_32,MRGPRegressor,ok,4.0,0.9993986694842174,0.1715482872318936,383.0,127.0,3012.0,,"sub(add(sub(X3, sin(square(mul(sin(mul(div(X2, exp(X2)), sub(X4, X2))), mul(X3, cube(X2)))))), mul(sub(mul(div(X1, exp(sin(square(mul(sin(square(mul(mul(X4, mul(mul(X1, mul(X2, X3)), X3)), X2))), mul(X1, mul(sin(square(mul(X2, X3))), mul(sin(X3), cube(div(X2, exp(X2))))))))))), X2), sub(add(div(mul(div(X4, exp(X1)), sub(X3, X1)), X4), X3), sin(square(mul(div(X4, exp(X1)), mul(X1, X3)))))), X2)), sin(square(mul(div(div(mul(div(X4, exp(X1)), sub(X2, add(div(mul(div(X4, exp(X2)), sub(X3, X1)), X4), X2))), X4), exp(X2)), mul(exp(X2), cube(sub(mul(X4, exp(X2)), mul(cos(mul(sub(X3, X1), X4)), X1))))))))"
feynman_II_11_28,MRGPRegressor,ok,2.0,0.999938716881546,0.0022885789519835,365.0,121.0,648.9,,"mul(mul(add(cos(cube(add(X2, mul(mul(mul(add(X1, X2), mul(X1, mul(X2, sub(log(add(cos(cube(X2)), div(X2, add(square(mul(mul(mul(add(X1, X2), mul(X1, mul(X2, X1))), X2), X2)), X2)))), sub(add(sin(quart(X2)), mul(X2, log(log(sin(X2))))), quart(X1)))))), X2), X2)))), div(cube(X1), add(square(X2), mul(mul(mul(mul(mul(add(X1, X2), mul(add(X1, X2), mul(add(X1, X2), mul(add(X1, X2), mul(X2, X1))))), sub(mul(X1, square(X1)), sub(add(X2, mul(log(quart(X1)), log(mul(square(X2), square(X1))))), exp(exp(X2))))), mul(add(X1, X2), mul(X2, X1))), X2), X2)))), X1), mul(square(X2), square(X1)))"
feynman_II_11_27,MRGPRegressor,ok,4.0,0.9987155776783788,0.0143233512494118,359.0,119.0,1858.2,,"mul(mul(mul(mul(X2, add(mul(X2, add(X4, X3)), mul(X2, X2))), mul(X3, X2)), mul(mul(X1, X1), add(X4, cos(log(div(mul(mul(X2, X1), X4), X2)))))), mul(sqrt(mul(mul(X2, mul(X1, add(X2, add(mul(mul(X2, mul(X1, add(X2, add(mul(X2, X1), mul(X4, X3))))), X1), mul(X3, X4))))), log(add(X1, mul(mul(X4, mul(mul(mul(exp(X2), X1), add(X4, X3)), X1)), mul(X1, X1)))))), log(mul(mul(mul(X3, mul(X4, mul(mul(mul(X2, mul(X3, X4)), div(X2, X3)), mul(X1, X3)))), X4), mul(add(X4, X3), add(mul(X2, div(mul(mul(X2, X1), X3), X1)), mul(X1, mul(X3, X4))))))))"
feynman_III_8_54,MRGPRegressor,ok,3.0,-1.319973563193474,0.5002866962226089,449.0,149.0,3227.5,,"div(sin(sub(cos(mul(div(mul(sin(log(X1)), sqrt(log(X3))), sub(div(exp(X1), cube(cube(cube(exp(mul(X2, X1)))))), add(log(X2), quart(cos(quart(cos(X2))))))), div(sin(quart(cos(X1))), sqrt(mul(X2, sin(X1)))))), cos(X3))), add(cos(mul(cos(sqrt(quart(X3))), quart(cos(sub(X3, X1))))), mul(div(mul(sin(log(X1)), sqrt(log(X3))), sub(div(div(mul(square(quart(log(div(quart(quart(exp(X3))), div(quart(sqrt(square(X1))), square(sub(mul(cube(sqrt(cube(quart(mul(X1, X2))))), square(div(quart(X2), sin(sub(cos(X3), cos(sin(cube(cube(cos(quart(X3))))))))))), exp(X2)))))))), sub(exp(X1), div(X3, X2))), cube(quart(sin(X3)))), cube(cube(cube(exp(mul(X2, X1)))))), add(log(X2), exp(quart(cos(cos(log(sub(X3, log(X2)))))))))), div(sin(quart(cos(X1))), sqrt(mul(div(X1, X2), X2))))))"
feynman_II_13_23,MRGPRegressor,ok,3.0,0.9999556417754578,0.0070014892327721,395.0,131.0,731.1,,"add(mul(mul(square(square(sqrt(add(div(mul(square(X2), mul(square(X2), add(X2, X1))), square(exp(X3))), quart(quart(X3)))))), mul(add(div(mul(add(X3, mul(square(sqrt(add(div(mul(square(X3), X2), square(exp(X3))), quart(quart(X3))))), mul(add(div(mul(X3, add(X2, X1)), square(exp(X3))), X2), X2))), mul(mul(sin(square(X3)), mul(mul(X2, X2), mul(mul(mul(X3, mul(square(X3), mul(add(X2, X1), mul(X2, add(X2, X1))))), X2), X2))), mul(div(X1, square(exp(X3))), X2))), square(exp(mul(X1, X1)))), quart(mul(mul(X2, div(X1, exp(X3))), mul(square(X1), X2)))), X3)), X3), mul(mul(mul(X1, div(X2, exp(X3))), mul(X2, mul(X1, mul(mul(X3, X3), sin(sin(sin(X1))))))), X2))"
feynman_III_9_52,MRGPRegressor,ok,6.0,0.6425954122864156,9.577979157196715,425.0,141.0,3101.3,,"mul(add(square(X5), quart(exp(X1))), mul(mul(div(X1, X4), mul(X4, X6)), mul(add(mul(X3, mul(X4, mul(X4, cos(sub(X6, X5))))), cos(mul(cos(mul(add(X2, X1), cos(sub(X6, X5)))), sin(mul(mul(cos(sub(X6, X5)), mul(cos(mul(X4, X4)), X6)), mul(exp(mul(sin(X4), log(cube(X6)))), mul(add(X5, cos(mul(cos(square(X2)), X3))), sub(sin(exp(X4)), div(add(square(X2), X3), quart(quart(quart(X1)))))))))))), sub(sqrt(add(X2, X5)), div(add(square(exp(mul(X1, X2))), cube(X2)), cos(mul(mul(X4, mul(cos(mul(X4, cos(sub(cos(mul(X4, cos(sub(X6, X5)))), X5)))), X6)), mul(exp(mul(sin(X4), X2)), mul(add(quart(quart(quart(X1))), cos(mul(cos(cos(sub(X6, X5))), X3))), sub(X1, div(X5, cos(sqrt(X6)))))))))))))"
feynman_II_10_9,MRGPRegressor,ok,3.0,0.9897636361289622,0.0204319467398657,326.0,108.0,3009.2,,"add(mul(mul(div(mul(X2, X3), div(X2, mul(mul(div(X2, div(square(sin(X2)), X1)), X2), exp(sub(X1, add(X3, X2)))))), X2), mul(add(quart(sub(sin(add(X3, X2)), X1)), log(X3)), mul(mul(sin(sub(quart(cube(X2)), div(cos(mul(X1, quart(square(X3)))), mul(mul(square(X2), X1), X2)))), cube(exp(sub(sin(sin(X1)), X2)))), cos(cube(cube(div(mul(mul(log(cube(mul(exp(sub(X1, add(X3, X2))), X2))), exp(sub(sin(X1), X2))), mul(add(quart(X2), X2), X2)), X1))))))), sqrt(mul(sub(exp(sqrt(X1)), exp(X3)), cube(mul(mul(add(X3, X2), X1), X3)))))"
feynman_II_13_34,MRGPRegressor,ok,3.0,0.9999388052939384,0.0156463850758756,365.0,121.0,812.4,,"mul(cos(sub(mul(mul(mul(X1, X3), X2), X2), mul(X1, mul(div(exp(mul(X3, X3)), cube(exp(X3))), X2)))), mul(mul(mul(mul(mul(mul(div(exp(X2), cube(exp(X3))), X1), mul(X3, X1)), mul(square(add(X1, X3)), log(square(mul(mul(X1, mul(mul(sub(X3, mul(X3, X3)), X2), log(X1))), cube(mul(X1, mul(sqrt(cube(X2)), mul(mul(mul(mul(mul(X2, X2), X1), X1), sin(sub(mul(cos(X3), mul(mul(X3, sin(X1)), X2)), X3))), X2))))))))), sub(div(mul(mul(X2, mul(X3, X2)), sub(div(mul(add(X2, X1), sqrt(cube(X3))), X2), mul(X3, X1))), X2), log(X2))), mul(X3, mul(X1, X2))), sin(log(exp(square(X2))))))"
feynman_II_11_20,MRGPRegressor,ok,5.0,0.5987010396964934,4.488242346919264,440.0,146.0,3049.6,,"div(mul(div(mul(mul(exp(sub(X3, sub(X4, X2))), mul(sub(sin(X2), X5), exp(sub(X1, X5)))), cos(X2)), X4), mul(exp(X2), sin(sin(mul(X3, exp(sub(X1, X5))))))), sub(div(cos(exp(sqrt(X3))), sqrt(cube(sub(div(cos(div(mul(X1, mul(exp(sub(X2, X4)), X5)), quart(mul(div(X1, cube(mul(exp(sub(X3, sub(X4, X2))), mul(exp(X2), mul(exp(sub(sub(X1, X5), sub(X4, X2))), X3))))), cube(X4))))), sqrt(cube(sub(X1, X2)))), add(div(mul(sub(add(sin(X4), mul(exp(sub(X2, sub(X4, sin(X1)))), X3)), X4), sin(X1)), log(mul(X4, X2))), sin(X4)))))), add(div(mul(sub(mul(exp(sub(X2, sub(X4, add(sin(X4), sub(X3, X4))))), sub(X5, X1)), X4), sin(X1)), log(sub(X2, sin(X2)))), sin(sub(mul(X2, sub(X5, X3)), X4)))))"
feynman_II_11_3,MRGPRegressor,ok,5.0,0.9935448410869718,0.0100653943473977,452.0,150.0,3014.8,,"mul(mul(mul(mul(exp(square(mul(X3, add(square(square(sin(exp(X3)))), X1)))), mul(log(mul(mul(mul(exp(sub(X1, add(X3, X4))), sub(sub(X1, X2), sub(exp(X5), X3))), mul(sin(X2), mul(mul(X5, cos(square(sin(X1)))), sub(exp(sub(X1, X4)), X2)))), mul(mul(X5, sub(X2, X4)), sqrt(sub(X1, mul(mul(sub(X2, X4), sub(X1, X3)), X3)))))), sub(sub(div(square(X3), exp(X1)), mul(mul(sub(sin(X1), X4), sub(X1, add(X3, X4))), X3)), mul(X1, mul(exp(sub(sin(X5), X4)), square(X4)))))), exp(sub(quart(X4), X4))), mul(mul(X1, X5), mul(div(X1, exp(X4)), sub(X3, exp(X2))))), mul(mul(mul(sub(X2, X4), sub(X1, add(X3, X4))), X4), mul(mul(mul(exp(sub(X1, add(X3, X4))), sub(sub(X1, X2), sin(X5))), exp(X5)), mul(X1, exp(sub(X1, X3))))))"
feynman_II_13_17,MRGPRegressor,ok,4.0,0.5754540111460618,0.0184693114197975,410.0,136.0,3046.6,,"sub(add(sub(sqrt(add(log(div(cube(sqrt(sub(sub(X3, X1), X4))), square(div(mul(div(div(X4, square(div(mul(X3, X2), exp(X2)))), cube(square(mul(sin(square(square(mul(div(add(X4, X1), exp(X2)), X3)))), div(mul(X3, cube(mul(div(X4, exp(X2)), exp(X3)))), div(exp(exp(X4)), sin(X1))))))), X2), exp(X2))))), log(X1))), exp(sin(X3))), exp(sin(square(div(X3, exp(X2)))))), sin(square(mul(div(X3, exp(add(log(div(exp(X3), square(div(mul(div(div(cube(sqrt(X4)), square(div(mul(X3, X2), X2))), cube(square(mul(X3, div(mul(div(add(X4, X1), exp(X2)), exp(X3)), div(exp(exp(X3)), sin(sin(X4)))))))), X1), exp(X2))))), log(X1)))), mul(X2, cube(div(add(cube(add(X4, X1)), X1), exp(X2))))))))"
feynman_II_27_18,MRGPRegressor,ok,2.0,0.9999491089081818,0.1563193496195888,269.0,89.0,796.9,,"mul(div(quart(mul(mul(X2, X1), X2)), div(mul(X2, X1), X2)), div(mul(div(mul(div(mul(div(mul(sub(X1, cos(sin(square(mul(X2, X2))))), sin(div(add(div(mul(X2, X1), mul(mul(X1, X1), mul(mul(X1, X2), X2))), X1), cube(sqrt(X1))))), sin(add(X2, X2))), sin(div(add(X2, X1), mul(X2, X1)))), X2), mul(mul(X1, X2), square(mul(mul(X2, X1), X2)))), cos(mul(X2, X2))), quart(sub(square(X2), add(cos(div(X2, X2)), cube(sqrt(X1)))))), X2))"
feynman_II_24_17,MRGPRegressor,ok,3.0,0.9962396830259967,0.0594523849923795,413.0,137.0,1588.9,,"mul(mul(sin(sub(square(cube(X2)), div(sqrt(div(mul(sub(mul(X1, X3), cube(X3)), X2), div(X2, mul(X1, mul(X2, X2))))), log(X1)))), sqrt(add(cube(sub(cube(square(X2)), div(X2, mul(mul(X2, X1), exp(X2))))), add(X3, add(mul(sub(sqrt(exp(X2)), cube(X2)), mul(mul(X2, X1), X2)), quart(add(mul(sub(mul(sub(mul(X3, X2), X2), div(mul(add(X1, sqrt(exp(X2))), cube(cube(div(mul(sqrt(quart(X3)), X2), div(X3, X1))))), div(sub(cos(square(X1)), add(cube(X2), X3)), X3))), square(cube(X2))), X1), sqrt(exp(X3))))))))), cos(cube(cube(div(mul(sub(mul(X1, cube(X3)), cube(X3)), cos(cube(cube(div(mul(sqrt(quart(X3)), div(mul(sqrt(quart(X3)), X2), div(X2, X1))), div(X2, X1)))))), div(X2, X1))))))"
feynman_II_15_5,MRGPRegressor,ok,3.0,0.9958752816423871,0.3615343240112877,365.0,121.0,1896.9,,"div(add(mul(square(X3), sqrt(log(mul(X3, mul(mul(cos(X3), X1), X3))))), log(quart(mul(cos(X3), mul(cos(square(X3)), cos(div(add(log(mul(X1, mul(mul(cos(X3), mul(X1, X2)), mul(exp(sin(X2)), div(quart(X3), X3))))), log(quart(mul(cos(X3), mul(add(X2, X1), cos(X3)))))), sqrt(mul(mul(cos(sin(X2)), mul(mul(X3, X1), X2)), mul(X1, div(X2, div(sqrt(X3), X3)))))))))))), sqrt(mul(mul(mul(X1, X2), mul(cos(X3), mul(X1, X2))), mul(log(X1), div(X2, mul(sub(cos(mul(add(X2, mul(cos(X3), add(X2, X3))), X3)), add(X2, X1)), mul(mul(cos(X3), mul(X1, X2)), mul(X3, div(quart(X3), X3)))))))))"
feynman_II_34_2,MRGPRegressor,ok,3.0,0.9999487154388778,0.0907401770487588,257.0,85.0,454.3,,"add(div(div(add(X3, mul(X2, X3)), add(div(add(X2, add(X2, add(add(X2, X1), add(X2, add(X1, X1))))), add(X2, sub(mul(mul(add(mul(X2, X1), X1), X3), X3), mul(X1, X2)))), add(div(add(X2, add(X2, add(add(X2, add(X2, X1)), add(X2, add(add(X2, X1), X1))))), add(X1, sub(mul(mul(add(mul(X2, X1), X1), X3), X3), X3))), mul(X1, X2)))), mul(add(X2, X1), X3)), mul(add(add(X2, X1), X1), X3))"
feynman_II_27_16,MRGPRegressor,ok,3.0,0.9954273242334588,5.704565939690646,206.0,68.0,1721.9,,"sqrt(mul(mul(add(mul(square(X2), div(square(X2), X3)), sub(div(mul(mul(mul(add(mul(add(X1, X2), X3), X2), X3), X3), mul(mul(exp(mul(mul(exp(X3), X2), X1)), X1), log(exp(X3)))), mul(div(sub(quart(X1), X2), log(X2)), X2)), add(mul(X3, mul(X3, X3)), mul(X3, sin(sin(mul(mul(X1, exp(X3)), mul(X3, X2)))))))), exp(X3)), X3))"
feynman_II_15_4,MRGPRegressor,ok,3.0,0.990496331107648,0.5488462877106599,230.0,76.0,3015.4,,"add(mul(div(mul(square(X3), add(X2, X1)), exp(sin(X3))), div(div(mul(cube(square(add(sub(add(mul(X3, mul(mul(X1, mul(X2, sin(X3))), X3)), X3), X2), mul(mul(X1, mul(X2, cos(X3))), cos(X3))))), mul(div(sqrt(add(X2, mul(div(X1, cos(cos(X3))), cos(X3)))), sin(X3)), X3)), exp(X1)), quart(mul(X3, cos(X3))))), square(mul(div(mul(sin(X3), add(X2, X1)), X3), cos(X3))))"
feynman_II_21_32,MRGPRegressor,ok,5.0,0.5769503063688604,0.023774095913618,431.0,143.0,3016.5,,"add(sub(mul(add(sin(X2), X1), sin(square(div(X3, quart(X3))))), div(mul(log(sqrt(sub(sin(mul(div(div(mul(exp(X1), add(X3, cos(X3))), exp(X2)), square(sin(mul(cube(mul(X2, mul(mul(square(mul(X3, X2)), div(cos(X1), cos(mul(X2, X1)))), quart(X5)))), div(X3, cos(mul(X1, X5))))))), X4)), quart(div(mul(cube(mul(X2, X5)), div(X3, cos(mul(X1, X5)))), add(X4, mul(sub(sin(mul(div(X1, exp(X2)), X4)), quart(div(exp(X3), add(X4, mul(mul(add(X2, X3), X1), X1))))), X1))))))), mul(X4, X2)), exp(mul(X4, X5)))), add(sqrt(cube(sub(mul(X1, X2), mul(X1, X3)))), div(sub(quart(mul(X5, mul(square(add(X2, X3)), add(div(mul(exp(X1), add(X2, X3)), exp(X3)), X2)))), X3), cos(mul(cube(exp(quart(X3))), X1)))))"
feynman_II_34_2a,MRGPRegressor,ok,3.0,0.9963221434336662,0.0315500514270892,230.0,76.0,875.6,,"mul(X2, mul(div(mul(X1, div(sub(X1, mul(sin(sub(X1, X3)), mul(X1, X3))), X3)), sub(div(mul(sub(X1, X3), sub(X3, X2)), exp(X3)), square(X3))), div(mul(mul(X2, X3), sin(X3)), add(mul(X3, mul(sub(X3, X2), sub(sub(exp(X3), div(mul(sub(X3, add(mul(X3, mul(sub(X1, X3), sub(X3, X2))), X2)), X3), square(exp(X3)))), X1))), mul(sub(X1, X3), sub(X3, X2))))))"
feynman_II_34_29a,MRGPRegressor,ok,3.0,0.9160157357194972,0.0747272716288895,311.0,103.0,1753.0,,"mul(div(mul(square(quart(X3)), div(mul(mul(X1, X3), mul(X3, X2)), X1)), mul(mul(X1, X2), div(sub(mul(cos(square(X3)), div(sub(X1, add(mul(div(mul(exp(X3), div(mul(mul(X1, X3), mul(X3, X2)), mul(div(X1, X3), X1))), mul(mul(X1, div(X2, exp(X3))), div(sub(mul(cos(square(X3)), div(sub(X3, add(X1, X2)), exp(X3))), X2), exp(X3)))), div(cube(exp(add(sin(X3), sqrt(X3)))), square(mul(X1, X2)))), div(mul(X2, X2), X1))), X3)), cube(X1)), exp(sin(X3))))), div(cube(exp(sin(sin(X3)))), mul(X3, X1)))"
feynman_II_2_42,MRGPRegressor,ok,5.0,0.9926676065703518,0.7349625248807639,311.0,103.0,3010.3,,"mul(add(mul(add(square(mul(X3, X4)), mul(X2, X1)), sub(mul(X4, X5), mul(X5, sub(X5, X1)))), mul(add(div(mul(mul(X5, sub(X3, X2)), X4), quart(quart(exp(X5)))), mul(mul(sub(X3, X2), X4), X1)), X3)), sub(mul(sub(X4, X5), mul(X5, sub(mul(sub(sub(mul(sub(X4, X5), mul(X5, sub(mul(sub(X3, X2), X1), mul(sub(X3, X2), X5)))), mul(X1, mul(sub(mul(X4, X1), X5), X4))), X5), X4), mul(sub(X3, X2), X5)))), mul(X3, mul(sub(mul(X4, X1), mul(X5, sub(sub(X5, X2), sub(X5, X1)))), X5))))"
feynman_II_34_11,MRGPRegressor,ok,4.0,0.9693052162826008,1.075818482394029,401.0,133.0,3005.7,,"sub(add(sub(div(div(cube(sqrt(sub(add(quart(sub(mul(mul(X1, X3), X3), mul(X1, X4))), X2), X3))), square(div(mul(X3, X2), div(div(X2, exp(X4)), X2)))), div(X4, X2)), exp(X2)), sub(add(sub(div(div(X1, square(div(mul(X2, div(add(X3, X1), exp(X4))), div(mul(X4, X2), X4)))), mul(sub(div(div(cube(sqrt(mul(mul(X2, div(X1, exp(X4))), X3))), quart(X2)), X3), exp(X3)), exp(log(sub(mul(X3, sub(X2, X4)), exp(X1)))))), exp(mul(X4, X1))), exp(mul(X4, mul(square(X3), X4)))), X2)), sin(square(mul(quart(X1), mul(square(mul(X2, mul(add(mul(X2, sub(X4, X1)), X1), sub(sub(add(X3, X1), X4), X1)))), mul(add(X2, X3), div(sub(X1, X4), exp(X4))))))))"
feynman_II_37_1,MRGPRegressor,ok,3.0,0.9965959874589596,1.5669200598201032,392.0,130.0,983.4,,"mul(mul(X3, mul(cos(mul(X2, X1)), mul(X1, add(mul(X1, X2), sqrt(X1))))), div(mul(cos(mul(X3, mul(X3, mul(X1, X2)))), div(mul(cos(mul(X3, mul(X3, mul(X1, X2)))), mul(X1, X3)), mul(sub(log(mul(X3, mul(mul(mul(X3, X2), mul(sqrt(X1), mul(X2, mul(X1, add(mul(X1, X2), sqrt(mul(X3, mul(X1, X2)))))))), div(cos(X2), mul(X2, div(div(X2, X1), cos(X3))))))), X3), mul(X1, mul(X1, mul(X2, X3)))))), mul(sub(log(mul(X1, mul(mul(mul(X3, X2), mul(log(X1), mul(X2, mul(X1, mul(X1, X3))))), div(cos(mul(sqrt(X1), X2)), mul(X2, div(div(X2, sub(X1, X2)), cos(X3))))))), mul(X3, X2)), log(mul(sqrt(X1), quart(X1))))))"
feynman_II_38_14,MRGPRegressor,ok,2.0,0.999967789485774,0.0011704940306622,350.0,116.0,604.5,,"div(mul(sin(mul(sin(cube(X1)), X2)), X1), div(mul(mul(X1, X2), add(add(add(div(sub(X1, X2), exp(X2)), div(sin(add(X2, X2)), mul(sin(sin(cube(X2))), mul(X2, X1)))), div(X2, add(cube(sin(div(X1, exp(X2)))), X2))), mul(X2, mul(cos(mul(X2, X1)), sub(quart(mul(add(add(div(sub(X1, X2), exp(X2)), div(sin(add(add(X2, X2), X2)), add(cube(sin(div(X1, exp(X2)))), X2))), mul(X2, X1)), log(sin(sin(sin(div(cube(sin(div(X1, exp(X2)))), exp(X2)))))))), div(sub(div(mul(X2, sin(X2)), div(X1, sin(sin(cube(X2))))), X2), div(X1, sin(cube(X2))))))))), exp(X2)))"
feynman_II_34_29b,MRGPRegressor,ok,5.0,0.9993167598510002,4.093430903033686,395.0,131.0,3005.4,,"mul(mul(div(div(X5, exp(mul(X1, mul(add(X3, sub(X5, X2)), X4)))), mul(X1, mul(add(sub(sub(X5, X2), X2), sub(X2, div(sub(X2, X5), exp(X2)))), X3))), mul(mul(square(X4), exp(sub(X2, X5))), mul(mul(mul(div(X2, exp(mul(X5, div(X4, exp(X2))))), mul(X4, sub(X4, mul(div(sub(X2, X5), exp(X2)), mul(X4, sub(X3, X2)))))), add(mul(mul(mul(div(add(X3, X1), exp(X2)), sub(X5, X2)), exp(X2)), mul(X1, add(X3, X2))), X1)), cube(mul(add(X3, X4), X1))))), add(mul(mul(X4, exp(mul(X1, X5))), mul(add(X1, X2), add(sqrt(cos(X5)), mul(div(sub(X2, X5), exp(X2)), mul(X4, sub(X3, X2)))))), square(mul(X4, exp(mul(X5, X3))))))"
feynman_II_3_24,MRGPRegressor,ok,2.0,0.999907202244438,0.0004770748861962,122.0,40.0,763.7,,"sub(square(square(X2)), div(quart(div(square(sub(X1, X2)), exp(X2))), mul(mul(div(div(sub(X1, div(sub(X1, X2), exp(X2))), exp(X2)), exp(X2)), square(square(X2))), cube(mul(X1, div(square(X2), exp(X2)))))))"
feynman_II_35_18,MRGPRegressor,ok,5.0,0.9325420157398102,0.0861962511409906,449.0,149.0,3047.5,,"log(sub(div(cos(div(cube(cos(mul(sin(add(X2, mul(X3, X4))), div(X5, mul(exp(mul(mul(cos(X4), X5), X3)), mul(X1, X5)))))), quart(mul(square(X2), X2)))), sqrt(cube(sub(div(mul(X1, mul(X4, X2)), log(mul(sub(mul(sub(X4, X2), X1), X2), X1))), X4)))), add(div(mul(add(div(mul(X2, div(mul(add(div(mul(sub(X4, cos(X2)), X1), X2), log(mul(mul(X5, mul(X1, sub(X3, X5))), mul(X4, X5)))), X1), log(div(mul(X5, X3), mul(add(X2, mul(X3, X4)), X3))))), log(mul(X4, div(mul(sub(X3, X1), X5), log(mul(sub(X3, X5), X2)))))), sin(div(cos(mul(sub(X3, X5), sin(X1))), sqrt(cube(sub(X5, X4)))))), sin(X1)), log(div(mul(X5, X3), mul(add(mul(X1, X1), square(X2)), X3)))), sin(div(cos(X3), div(X4, log(mul(X1, X3))))))))"
feynman_II_35_21,MRGPRegressor,ok,5.0,0.852001856274634,1.973330874005158,428.0,142.0,3014.2,,"mul(add(square(mul(sqrt(square(X5)), mul(X1, mul(X4, quart(sub(div(mul(X1, X2), X1), sub(X3, X4))))))), mul(log(sub(div(cos(div(mul(X5, X3), quart(quart(X3)))), X2), add(div(mul(sub(X3, X4), sin(X1)), log(mul(mul(log(sub(div(X5, sqrt(X4)), X1)), mul(X1, square(sub(mul(X2, mul(X3, sin(X1))), cube(X3))))), square(div(quart(X5), mul(X1, X2)))))), sin(add(X5, X4))))), exp(X4))), add(log(sub(mul(X2, sqrt(cube(sub(X5, sub(X3, X4))))), add(square(X3), mul(log(sub(div(cos(div(mul(X5, X1), X3)), sqrt(X1)), add(div(mul(sub(X3, X4), X2), log(mul(X4, square(sub(mul(X2, X5), cube(X4)))))), sin(add(log(X1), X4))))), mul(X5, sub(sub(X1, X4), add(div(mul(sub(X3, X2), X2), X2), X1))))))), X3))"
feynman_II_36_38,MRGPRegressor,ok,8.0,0.2005895170735657,0.9846086329700124,434.0,144.0,3059.6,,"add(cos(mul(quart(sub(X5, X2)), div(sqrt(X5), mul(div(sqrt(quart(cube(X3))), sub(div(X3, exp(div(sqrt(quart(sub(X7, X5))), sub(div(exp(X4), cos(sub(X3, X6))), square(mul(X1, X3)))))), square(add(X8, X2)))), div(sin(mul(X4, X3)), sqrt(X2)))))), mul(div(mul(div(sqrt(sub(X3, X6)), sub(X5, square(X4))), div(sin(quart(cos(X6))), add(cos(mul(cos(sqrt(quart(X7))), quart(cos(sub(X4, X2))))), mul(div(sqrt(div(mul(exp(X5), add(X4, div(mul(X8, X3), log(cube(cube(cos(X3))))))), cos(add(X3, X4)))), sub(div(X3, exp(X2)), square(X4))), div(sin(mul(X4, X3)), sqrt(mul(div(exp(X1), X1), sin(X3)))))))), sub(div(exp(X4), exp(X1)), square(add(X8, X4)))), div(sin(square(cos(X1))), sqrt(mul(div(X8, sin(div(X7, X4))), X5)))))"
feynman_II_8_31,MRGPRegressor,ok,2.0,0.9999639281764392,0.0741551608417755,353.0,117.0,768.9,,"div(X1, div(div(add(X2, X1), X1), div(square(square(cube(X1))), sin(div(add(mul(X1, X2), mul(log(div(add(square(X2), X1), X1)), mul(sin(div(add(add(X2, X1), mul(X1, exp(add(X1, X1)))), sqrt(quart(X2)))), div(add(add(log(div(add(X2, div(add(square(X2), X1), X1)), square(div(mul(X2, add(div(add(X2, div(mul(X1, X2), div(mul(X2, mul(X1, X2)), sin(X1)))), square(div(mul(X2, mul(X1, X2)), square(X2)))), add(X2, div(mul(X1, X2), div(mul(X2, X1), sin(X1)))))), X2)))), cos(X2)), add(X2, mul(X1, X2))), div(add(square(X2), X1), X2))))), div(add(X2, X1), square(X1)))))))"
feynman_II_38_3,MRGPRegressor,ok,4.0,0.9999484255506256,0.0621853007390919,239.0,79.0,2585.8,,"div(mul(square(mul(mul(X3, sub(mul(mul(X1, X3), mul(X3, mul(X3, mul(X3, mul(sub(exp(X3), square(X3)), mul(sub(X3, X4), add(X1, sub(X2, X3)))))))), X1)), sub(mul(X3, mul(mul(mul(X3, mul(sub(X3, X4), X2)), X2), X1)), exp(X3)))), sub(div(mul(sub(X3, X4), mul(X2, X1)), exp(X3)), sub(sin(sqrt(X3)), mul(X3, mul(sub(X3, X4), X1))))), mul(exp(sub(sub(X2, X3), X3)), X1))"
feynman_I_10_7,MRGPRegressor,ok,3.0,0.9999471170655366,0.0080671474026866,248.0,82.0,514.4,,"mul(mul(div(mul(mul(X2, quart(X3)), mul(div(sub(X3, X1), exp(X3)), mul(X3, X2))), exp(quart(X2))), mul(exp(X3), X3)), mul(div(sub(X2, mul(mul(mul(mul(X2, X1), X1), mul(div(sub(X2, add(mul(mul(square(X3), X2), mul(div(sub(X3, X1), exp(X3)), mul(X3, X2))), X1)), X2), mul(mul(X3, X2), X1))), mul(div(sub(X3, X2), exp(X1)), mul(X3, X2)))), X2), square(mul(mul(cube(exp(X2)), X2), X3))))"
feynman_II_4_23,MRGPRegressor,ok,3.0,0.2855012981610579,0.0422190252980809,359.0,119.0,3007.3,,"mul(add(cube(cube(X2)), cos(quart(X3))), mul(add(mul(div(div(mul(square(X2), X2), X3), quart(exp(cube(sub(X2, cos(X1)))))), sub(X1, sub(exp(sub(sub(sin(X1), add(X3, cos(X3))), X2)), cube(add(mul(X3, X2), X3))))), sub(div(cube(X3), square(add(add(cube(mul(X1, X2)), X3), mul(mul(sub(X3, cube(add(mul(X3, X1), X1))), sqrt(add(sin(X3), X1))), X3)))), log(log(add(quart(sub(X2, X3)), add(cube(sub(X3, cos(X1))), X3)))))), mul(mul(X1, cos(sqrt(quart(X3)))), square(sqrt(mul(cube(X3), mul(sub(exp(sub(sub(X1, add(X3, X2)), X2)), X3), sqrt(add(cube(sub(X2, X1)), cos(quart(quart(X3))))))))))))"
feynman_I_12_1,MRGPRegressor,ok,2.0,0.999951013766724,0.0316198744000768,293.0,97.0,472.2,,"mul(mul(mul(cos(log(X2)), mul(X2, X1)), mul(sin(X2), mul(X1, mul(mul(mul(X1, mul(sin(sqrt(sqrt(mul(mul(sin(quart(X1)), mul(X2, X1)), X1)))), mul(mul(X2, cos(log(X2))), cos(log(sin(sin(X2))))))), mul(X1, sqrt(sqrt(sin(mul(mul(cos(log(sin(X2))), mul(X2, X1)), sin(sin(X1)))))))), X1)))), mul(X1, sqrt(mul(sin(X1), sqrt(sqrt(mul(mul(sin(quart(X1)), div(mul(sin(X1), div(div(sin(X2), quart(X1)), cos(log(mul(cos(log(X2)), mul(X2, X1)))))), cos(div(X2, X1)))), X1)))))))"
feynman_II_6_11,MRGPRegressor,ok,4.0,0.9819687428736108,0.0026646327502607,416.0,138.0,3026.1,,"add(mul(sub(X1, X2), X1), mul(mul(mul(mul(mul(mul(mul(mul(X1, div(X1, exp(X4))), X3), mul(X3, X2)), mul(sin(X4), mul(X2, div(sin(X3), exp(X1))))), div(X1, exp(X3))), X3), square(add(exp(mul(X1, div(X3, exp(X4)))), mul(add(mul(div(sin(X3), exp(X4)), X2), mul(exp(mul(mul(X3, div(sin(X3), exp(sin(X4)))), cube(X4))), X1)), X1)))), mul(sin(log(mul(mul(mul(mul(mul(mul(X1, X1), X3), X2), mul(sin(X2), mul(sqrt(X3), X3))), div(X1, exp(X4))), X3))), add(sin(div(cos(quart(X4)), div(exp(X4), mul(sin(sin(X4)), exp(X3))))), mul(mul(X1, div(sub(X1, X2), exp(X4))), square(mul(mul(X1, div(X3, exp(X4))), mul(X3, div(mul(sin(X2), mul(X3, X4)), X4)))))))))"
feynman_I_11_19,MRGPRegressor,ok,6.0,0.9969140159454752,0.5584046646639996,398.0,132.0,1413.7,,"div(div(div(div(exp(mul(X5, X6)), square(mul(X5, div(div(sin(X3), square(mul(add(X5, mul(mul(mul(X4, X4), X3), X1)), mul(X5, X2)))), div(sub(sub(sqrt(X1), X2), exp(mul(sin(exp(exp(mul(X6, X3)))), X5))), cos(cos(X1))))))), div(sub(sub(cos(div(X2, add(X5, mul(X4, X1)))), X2), exp(mul(sin(exp(exp(X6))), X5))), cos(cos(div(X1, sqrt(X5)))))), mul(mul(sqrt(exp(X1)), mul(X5, X2)), div(X5, add(div(X6, div(mul(mul(X4, X4), X3), sqrt(sqrt(exp(X6))))), mul(X2, X3))))), mul(sub(sqrt(cube(sqrt(X5))), X6), div(sqrt(X5), add(div(mul(mul(X4, X4), X3), sqrt(div(mul(mul(X4, X4), X3), sqrt(sqrt(exp(X6)))))), sin(exp(exp(mul(X5, X6))))))))"
feynman_II_6_15a,MRGPRegressor,ok,6.0,0.9817065072700518,0.0483080253932817,407.0,135.0,3032.8,,"mul(log(quart(div(div(sub(sqrt(quart(mul(X3, X5))), div(log(sub(add(X1, X3), div(mul(sin(X4), div(sub(X3, X2), cube(exp(X3)))), mul(X1, exp(X3))))), exp(sqrt(exp(add(X5, X3)))))), exp(sub(add(X1, sin(X6)), sin(X6)))), cube(div(sqrt(sub(sin(X6), X1)), cube(cube(exp(cube(X3))))))))), sub(sqrt(div(log(sub(log(cube(mul(log(quart(div(sqrt(add(X1, X3)), cube(exp(sub(sqrt(quart(square(X1))), div(log(div(sub(X3, X2), cube(exp(X3)))), exp(sub(add(X1, X3), sin(X6)))))))))), sub(sqrt(quart(X3)), X4)))), mul(X2, X2))), exp(sub(add(X1, X3), sin(X2))))), div(add(div(sub(add(X1, X3), sin(X6)), cube(exp(X3))), mul(log(quart(X4)), div(X1, sqrt(X6)))), exp(add(X1, X3)))))"
feynman_II_6_15b,MRGPRegressor,ok,4.0,-0.5269288540199351,0.0418687899130703,440.0,146.0,3013.0,,"mul(mul(add(div(sin(sqrt(log(sin(cube(add(X1, X3)))))), cos(div(cos(div(mul(cube(cube(X4)), square(X3)), X3)), div(log(sin(cube(add(X4, mul(div(mul(cube(X4), square(div(X3, exp(X4)))), X3), X4))))), mul(mul(mul(X3, X4), cube(mul(square(div(X3, exp(X4))), X3))), cube(square(quart(X4)))))))), cube(sin(square(X4)))), X4), mul(mul(cube(sin(sub(exp(div(sin(X2), log(exp(square(exp(X1)))))), exp(X3)))), mul(cos(X3), div(sin(sqrt(log(sin(cube(add(X4, square(X2))))))), cos(div(cos(div(mul(cube(X2), square(X3)), X3)), div(exp(X1), mul(mul(mul(X3, X3), cube(mul(sub(mul(X3, add(sqrt(X4), add(X2, sub(X3, X1)))), X4), X3))), cube(square(X3))))))))), mul(X4, log(mul(sub(mul(X3, add(sqrt(square(X1)), add(X2, sub(X3, X1)))), X4), X4)))))"
feynman_I_12_5,MRGPRegressor,ok,2.0,0.99995849999014,0.0311606168507051,167.0,55.0,382.3,,"sub(add(log(X1), log(X2)), mul(exp(exp(X1)), add(cube(quart(cos(div(sub(cube(X1), sub(sub(X1, sqrt(mul(log(X2), cube(quart(cos(div(sub(cube(X1), sub(sub(X1, sqrt(mul(exp(div(square(X2), sin(sin(X2)))), mul(X1, X2)))), X2)), X2))))))), X2)), quart(mul(X2, X1)))))), X2)))"
feynman_II_8_7,MRGPRegressor,ok,3.0,0.9986935106185096,0.0022880071746132,407.0,135.0,3014.5,,"mul(add(div(square(add(X3, mul(mul(X2, sub(mul(mul(X3, X1), X1), sin(X3))), exp(mul(X3, X2))))), sin(cube(X3))), sub(div(cos(div(div(X1, exp(X2)), X1)), mul(exp(exp(sub(X1, X3))), sqrt(mul(div(div(X1, exp(X2)), X1), add(mul(div(exp(X1), X2), exp(X1)), mul(X1, exp(sub(X1, add(X1, X3))))))))), exp(sub(div(X1, exp(X2)), quart(X3))))), sqrt(sub(div(div(sqrt(div(div(add(mul(mul(X1, add(cos(cube(X1)), exp(sub(X1, X3)))), exp(cube(X1))), cube(exp(mul(X3, X1)))), cube(log(X1))), X1)), cos(exp(sub(X1, X2)))), log(sqrt(mul(X3, quart(sub(cos(X2), add(exp(sub(sin(exp(sub(sin(X1), add(X3, X2)))), exp(mul(X1, mul(X1, cube(X2)))))), X2))))))), X1)))"
feynman_I_13_4,MRGPRegressor,ok,4.0,0.9999069937633072,0.2202902883979972,218.0,72.0,804.0,,"mul(add(mul(mul(add(X4, mul(add(cos(X2), add(exp(square(X2)), add(X2, mul(add(X4, add(X2, div(mul(X2, mul(X2, X1)), mul(X4, mul(X4, X1))))), add(X2, sub(mul(X1, cos(X3)), cos(X1))))))), add(X2, sub(mul(X1, cos(X3)), cos(X1))))), add(X2, mul(X2, X1))), quart(X3)), cos(sub(cube(square(X4)), add(square(square(X4)), X3)))), mul(add(X2, X3), X1))"
feynman_I_14_3,MRGPRegressor,ok,3.0,0.999936141783798,0.151229508216383,134.0,44.0,520.7,,"sqrt(div(mul(div(X2, sub(sub(X2, X3), cos(X3))), sin(mul(mul(X1, X3), sin(sub(mul(mul(X2, X3), X1), mul(X3, X1)))))), div(sin(sin(X3)), mul(exp(mul(X1, add(X3, X2))), log(mul(log(mul(X2, X3)), X1))))))"
feynman_I_12_4,MRGPRegressor,ok,3.0,0.9992452038935218,0.0005527388633255,263.0,87.0,1903.9,,"mul(mul(mul(square(mul(X1, exp(sub(sin(X3), add(add(X3, X3), X2))))), mul(X1, exp(sub(sin(X3), add(X3, X3))))), sqrt(sub(cos(X3), square(mul(X1, exp(sub(sin(div(X1, exp(exp(X3)))), add(X3, X3)))))))), mul(div(mul(X3, sub(X2, cube(cube(X3)))), exp(log(quart(X1)))), mul(mul(X1, exp(sub(sin(X2), add(X3, X2)))), mul(sin(mul(div(square(mul(X1, exp(sub(X3, add(X3, X2))))), X3), div(sin(cube(X2)), X2))), quart(sin(X2))))))"
feynman_I_14_4,MRGPRegressor,ok,2.0,0.9999552870641883,0.1053991366725498,392.0,130.0,1211.4,,"mul(sqrt(mul(add(square(X2), square(square(X2))), mul(mul(X2, sub(sqrt(exp(X2)), X1)), X2))), mul(mul(X2, mul(add(mul(X1, X2), div(mul(add(exp(cos(sin(mul(X2, X2)))), square(mul(X2, X2))), mul(add(square(mul(sqrt(X2), X2)), square(mul(add(exp(cos(sin(X2))), square(square(mul(X2, X2)))), mul(mul(square(X2), sub(sqrt(exp(X2)), X1)), X2)))), mul(mul(add(add(add(cos(mul(X2, X1)), square(square(add(square(X2), square(square(X2)))))), X2), square(mul(sin(X2), X2))), sin(mul(mul(mul(X2, sub(sqrt(exp(X2)), X1)), X2), square(sqrt(X2))))), sub(exp(X2), sqrt(X2))))), X1)), mul(mul(mul(X2, sub(sqrt(exp(X2)), X1)), X2), square(sqrt(X2))))), square(square(cos(mul(X2, X1))))))"
feynman_I_12_11,MRGPRegressor,ok,5.0,0.9996466316497418,0.4418514367495042,335.0,111.0,3015.0,,"mul(log(mul(X2, sub(mul(quart(mul(X4, sin(mul(X1, mul(mul(X3, sin(X5)), X4))))), log(mul(div(sin(X5), div(X3, mul(X3, mul(X3, X4)))), sqrt(quart(X5))))), mul(cos(div(mul(mul(mul(sin(X5), add(X3, X4)), X1), sin(mul(X1, mul(mul(X3, X5), X4)))), mul(mul(sin(X5), add(X3, X1)), mul(exp(X5), X4)))), sin(mul(mul(X1, X2), mul(X3, X1))))))), sub(mul(mul(mul(mul(X1, X5), X3), X5), X4), cos(add(square(mul(sin(mul(mul(X1, sin(X5)), X5)), mul(X1, mul(X5, mul(mul(X5, add(X3, X4)), X5))))), exp(sin(mul(mul(X1, X4), X3)))))))"
feynman_I_12_2,MRGPRegressor,ok,4.0,-2.2225626777364065,0.169383963872258,272.0,90.0,3001.1,,"add(mul(div(sub(cube(sin(X4)), log(add(X4, X2))), X4), cube(sub(cube(exp(mul(X4, sub(X3, X1)))), add(sub(X2, X3), sub(mul(mul(div(mul(sub(X3, X1), sqrt(exp(sub(X2, exp(X4))))), exp(X4)), quart(X2)), square(mul(X3, mul(mul(sub(X3, X1), sqrt(exp(sub(X2, cube(X4))))), X4)))), cube(div(X2, exp(X4)))))))), mul(X4, mul(X3, sqrt(sub(mul(X2, mul(div(sub(mul(mul(sub(X3, X1), sqrt(exp(sub(X2, X3)))), X3), X3), exp(X4)), X3)), X4)))))"
feynman_I_15_10,MRGPRegressor,ok,3.0,0.9994798938933206,0.0387414278186396,284.0,94.0,1170.9,,"div(div(sub(mul(mul(mul(quart(exp(mul(X1, X3))), mul(sub(quart(sub(X3, X2)), mul(mul(mul(div(div(sub(X3, X1), exp(sub(X3, X2))), exp(X1)), X2), X1), exp(mul(X3, mul(X1, X2))))), X3)), div(mul(mul(div(div(sub(X3, X1), exp(sub(X3, X2))), exp(X3)), X2), mul(X3, X2)), X1)), cos(mul(X1, sqrt(mul(mul(X2, mul(X1, sqrt(mul(mul(quart(X3), X3), exp(X2))))), exp(X2)))))), cube(div(X1, X2))), quart(X3)), log(div(exp(mul(X1, X3)), log(exp(sin(X2))))))"
feynman_I_15_3x,MRGPRegressor,ok,4.0,0.999745058914607,0.0259870007051884,311.0,103.0,750.1,,"mul(div(X1, mul(X4, X2)), mul(quart(sub(sub(X3, sub(mul(mul(add(sub(sqrt(cos(add(sub(X4, exp(add(sub(X2, X3), log(exp(log(mul(sub(X1, X3), square(X3)))))))), square(cos(mul(X1, X2)))))), X3), mul(add(X2, mul(add(X4, X3), X2)), mul(sub(X1, sqrt(mul(sub(X3, sqrt(X3)), quart(sub(cube(X3), X2))))), mul(X3, X1)))), mul(sub(X1, add(cube(X3), X4)), mul(X3, X4))), mul(sub(sub(X3, square(X3)), sqrt(mul(add(add(X2, X3), X4), quart(sub(cube(X3), square(X3)))))), X2)), mul(X4, X2))), X2)), mul(X3, X1)))"
feynman_I_13_12,MRGPRegressor,ok,5.0,0.6750383347382508,5.96825012075394,443.0,147.0,3088.5,,"sub(div(sub(div(cos(div(mul(X2, sub(X4, X3)), div(X3, quart(mul(X5, square(quart(X4))))))), sqrt(square(X5))), add(div(mul(sub(X3, X4), sin(mul(mul(X1, sub(X4, X3)), square(quart(mul(X5, sub(mul(X4, div(sub(X4, X3), exp(div(exp(X2), exp(X5))))), X4))))))), mul(X2, sub(mul(sub(X3, X4), sub(X5, cos(X4))), X3))), sin(div(cos(X3), div(mul(X4, sin(mul(mul(exp(mul(mul(X3, X5), cos(X3))), quart(X4)), square(quart(mul(X5, sub(X3, X4))))))), mul(X2, sub(mul(mul(X5, mul(X2, sub(X4, X3))), mul(sin(div(cos(X3), log(X4))), mul(mul(X1, sub(X4, X3)), quart(square(X4))))), X3))))))), sqrt(square(cube(sub(X3, X2))))), add(div(mul(sub(X3, X4), sin(sub(X3, X1))), mul(X2, cos(square(X4)))), sin(div(cos(cube(X5)), log(X4)))))"
feynman_I_15_3t,MRGPRegressor,ok,4.0,0.9611452763014802,0.2411982551027008,302.0,100.0,1810.5,,"div(div(add(mul(sub(add(X2, X1), mul(div(X1, mul(div(X2, X1), div(mul(mul(sub(X1, X4), X3), mul(mul(mul(mul(mul(X3, sub(X1, X4)), mul(mul(mul(div(mul(sub(X1, X4), X2), exp(X2)), X3), quart(X3)), mul(mul(mul(log(X3), X3), sub(X2, exp(X2))), mul(div(sub(X2, X4), exp(X2)), X3)))), X1), log(sqrt(mul(mul(X3, X3), X2)))), mul(div(sub(X2, X4), exp(X2)), X3))), X3))), X2)), quart(log(X1))), X4), X2), div(sqrt(square(mul(div(X1, exp(X2)), mul(X1, cube(X3))))), quart(X1)))"
feynman_I_18_4,MRGPRegressor,ok,4.0,0.9999136803822132,0.0087702229338836,302.0,100.0,585.4,,"mul(sub(sub(X3, mul(X1, mul(X2, mul(sin(X3), cos(div(div(mul(X3, mul(div(div(mul(sub(X1, X2), sub(X3, X4)), exp(X1)), exp(X2)), mul(sqrt(X2), X1))), exp(X1)), exp(X2))))))), div(sub(mul(X1, mul(X1, mul(X1, X4))), mul(X1, add(X2, mul(sub(X1, X2), sub(X3, X4))))), mul(square(X1), sub(X3, sqrt(X1))))), div(X1, div(mul(mul(square(X2), sqrt(X1)), log(sub(X1, mul(X2, mul(sub(mul(X2, X3), mul(X2, X4)), X2))))), log(sub(mul(X1, sub(mul(X1, X3), mul(X1, X4))), X1)))))"
feynman_I_16_6,MRGPRegressor,ok,3.0,0.9997234217301296,0.0199618220608846,350.0,116.0,1264.3,,"mul(sub(add(cube(mul(X1, mul(sub(X1, X2), sub(X3, X1)))), cos(square(mul(X3, X2)))), add(mul(mul(X1, log(X3)), X1), square(sub(add(cube(mul(mul(mul(sub(X1, square(X1)), mul(sub(X1, X2), sub(X3, X1))), sub(sub(X3, X1), X1)), mul(sub(X3, X2), sub(cube(square(X3)), exp(X3))))), mul(mul(log(X1), sqrt(X3)), X1)), add(mul(mul(X1, mul(X3, mul(X2, mul(sub(X1, X2), sub(X3, X1))))), X1), square(mul(add(div(mul(mul(X1, X3), sub(X2, X1)), X1), X3), X3))))))), sqrt(add(cube(sub(X3, sub(mul(sub(X1, X2), sub(X3, X1)), X2))), cos(mul(X3, mul(cos(X1), X3))))))"
feynman_I_25_13,MRGPRegressor,ok,2.0,0.999957321193096,0.0053399992477325,332.0,110.0,937.7,,"add(mul(mul(quart(X2), X2), mul(mul(div(mul(sub(X1, X2), X2), exp(X2)), exp(mul(X2, cos(square(add(div(sub(mul(mul(quart(X2), X1), div(sub(X1, X2), mul(add(div(sub(mul(mul(quart(X2), X2), div(sub(X1, X2), exp(X2))), quart(X2)), exp(X2)), sub(sub(cube(log(sub(X1, X2))), sub(cos(X2), div(mul(X1, cos(X2)), sub(X1, X2)))), sub(sin(sub(sqrt(X2), square(X2))), exp(X2)))), exp(X2)))), quart(X2)), exp(X2)), sub(sub(square(X2), div(cos(X2), X2)), sub(sub(cos(square(X2)), X1), mul(X1, cos(X2)))))))))), X2)), log(mul(X1, square(square(X2)))))"
feynman_I_18_14,MRGPRegressor,ok,4.0,0.9994741568499838,0.5388156852213049,320.0,106.0,2607.9,,"mul(mul(mul(mul(mul(mul(mul(mul(mul(mul(mul(add(X3, X2), sin(X4)), X1), square(X4)), mul(mul(X3, mul(X2, X4)), mul(mul(add(X3, X2), sin(X4)), X1))), mul(X4, X3)), X1), mul(X1, sin(X4))), sqrt(mul(mul(sin(X1), X2), X3))), mul(mul(X4, sin(X4)), mul(add(X2, X1), X3))), mul(mul(add(X2, X1), X4), add(X2, X1))), sin(mul(mul(mul(mul(mul(X3, mul(X2, sin(X4))), X1), mul(mul(add(X1, add(X3, X2)), sin(X4)), X4)), mul(mul(mul(mul(add(X2, X1), X4), X3), mul(X4, X4)), log(X4))), add(X3, X2))))"
feynman_I_18_12,MRGPRegressor,ok,3.0,0.9998396315411342,0.0866605253026663,398.0,132.0,3020.9,,"mul(add(sub(square(sqrt(mul(X2, X1))), cube(cube(quart(X1)))), mul(cube(sqrt(add(div(mul(square(sin(X3)), add(X2, X1)), X3), div(sqrt(div(mul(X1, X3), exp(mul(sqrt(X3), X2)))), X3)))), sqrt(cos(div(add(div(mul(mul(mul(X3, X1), X3), add(X2, X1)), sin(X3)), quart(X3)), sub(cos(sin(cube(sqrt(add(div(mul(X1, add(X2, X1)), square(div(add(div(mul(exp(sin(X3)), add(X2, X1)), square(exp(X3))), X3), add(div(mul(X1, mul(cos(exp(X3)), X2)), square(exp(X3))), square(quart(sin(X3))))))), div(exp(sin(X3)), X3)))))), square(mul(X1, X3)))))))), mul(exp(mul(mul(X1, X3), mul(cos(X3), X2))), add(div(mul(X3, add(X1, X1)), square(exp(sin(X3)))), sub(cube(X2), X3))))"
feynman_I_26_2,MRGPRegressor,ok,2.0,0.9998640185056424,0.0042900541271834,179.0,59.0,2018.4,,"div(mul(mul(X2, mul(mul(mul(X2, X2), square(X2)), X1)), div(cube(sub(quart(X1), log(square(X2)))), mul(square(X2), mul(X2, mul(cos(square(X2)), X1))))), sin(mul(mul(X2, sqrt(mul(cube(X1), X2))), mul(div(mul(sin(X2), mul(cos(square(X2)), X1)), exp(X2)), mul(cube(mul(X1, sin(X2))), exp(X1))))))"
feynman_I_29_4,MRGPRegressor,ok,2.0,0.9762602192942788,0.2199181176580051,311.0,103.0,1080.3,,"div(mul(exp(X2), div(mul(X2, div(div(div(sin(X2), mul(sqrt(X2), sqrt(cos(X2)))), mul(cube(sub(sqrt(cos(X2)), square(X1))), div(div(div(X2, exp(X2)), mul(X1, div(mul(cube(X2), div(div(div(X2, mul(sqrt(X2), sqrt(cos(X2)))), mul(mul(exp(X2), quart(div(X2, exp(X2)))), div(mul(cube(X2), div(sub(X1, X2), exp(X2))), cube(sqrt(X2))))), mul(X1, sqrt(cos(cube(X2)))))), X2))), X1))), X1)), X2)), mul(mul(exp(X2), quart(div(X2, exp(X2)))), div(mul(cube(quart(X2)), div(sub(X1, X2), exp(X2))), cube(sqrt(X2)))))"
feynman_I_24_6,MRGPRegressor,ok,4.0,0.9998503978077828,0.1854044464092011,365.0,121.0,3006.2,,"mul(div(add(mul(X2, mul(X4, add(X4, X2))), mul(X4, add(square(X2), mul(X3, mul(mul(add(X3, X1), X4), X4))))), sub(square(X3), X4)), mul(sqrt(add(mul(mul(div(exp(X4), X2), mul(sqrt(add(mul(X2, mul(X2, X1)), X2)), X4)), square(mul(X3, X1))), mul(div(add(X3, mul(X4, add(X1, mul(mul(X1, mul(mul(X3, add(X4, X1)), X3)), mul(mul(X3, X4), X3))))), X4), mul(mul(mul(X2, X1), mul(sqrt(add(mul(X4, mul(X2, X1)), mul(X1, mul(X4, X3)))), mul(mul(mul(X2, X1), X4), mul(X4, mul(sqrt(X4), mul(mul(X4, add(add(X4, X1), X2)), sqrt(mul(X2, X2)))))))), X2)))), sqrt(mul(X4, X2))))"
feynman_I_27_6,MRGPRegressor,ok,3.0,0.9998744502583836,0.004573814320244,365.0,121.0,3011.5,,"add(cos(mul(mul(exp(mul(X1, X3)), mul(sqrt(mul(quart(X3), X2)), mul(X1, X2))), X1)), add(cos(mul(mul(exp(mul(X1, X3)), mul(div(mul(mul(X1, X2), sqrt(mul(quart(X3), X2))), X3), div(X1, square(exp(X3))))), mul(X1, square(X2)))), mul(div(exp(X3), sub(div(X2, exp(X1)), square(div(X2, X3)))), div(mul(div(mul(mul(square(add(X3, X2)), sqrt(mul(X2, mul(mul(quart(X3), sub(X1, X2)), X3)))), X2), sub(X1, square(div(X2, X3)))), div(mul(cos(sqrt(quart(mul(mul(X2, mul(X2, X2)), exp(cube(X1)))))), div(mul(square(X3), add(X2, X1)), mul(mul(X3, sub(X1, X2)), sub(X1, X2)))), log(log(X2)))), X1))))"
feynman_I_34_14,MRGPRegressor,ok,3.0,0.9998483075312744,0.0160390778380004,428.0,142.0,600.6,,"mul(sub(mul(mul(mul(sub(mul(mul(X3, mul(X1, sub(X1, mul(X1, mul(X1, mul(sub(X3, X1), mul(sub(X3, sub(mul(mul(X3, mul(X1, sub(X1, mul(X1, mul(X1, mul(X1, mul(sub(X3, X1), sub(X2, X1)))))))), mul(mul(X1, X3), X1)), mul(cube(mul(X1, mul(sub(X3, cube(X1)), sub(X2, X1)))), X2))), sub(X2, X1)))))))), X2), mul(cube(mul(X1, mul(sub(X3, X1), sub(X2, X1)))), X2)), sqrt(add(mul(cube(X1), mul(X1, sub(square(X2), X1))), cos(X1)))), X1), sub(X1, sub(X2, mul(cube(mul(X1, mul(sub(square(X1), X1), sub(X2, X1)))), mul(mul(X1, X3), X1))))), mul(cube(mul(X1, mul(sub(square(X2), X1), X2))), mul(mul(X1, X3), X1))), sqrt(add(mul(cube(X1), mul(X1, sub(square(X2), X1))), cos(X2))))"
feynman_I_29_16,MRGPRegressor,ok,4.0,0.9362364891740536,0.4904732116525093,428.0,142.0,3011.4,,"div(div(exp(log(mul(X1, mul(cos(log(sub(X3, X4))), X2)))), exp(add(sin(exp(div(mul(sin(log(X3)), mul(mul(X1, div(mul(sin(log(sub(X3, X4))), mul(exp(X1), X2)), X2)), X2)), X2))), mul(X3, mul(cos(X3), div(cos(quart(mul(X1, div(mul(sin(X4), mul(X1, X2)), X1)))), div(exp(div(mul(X1, cos(sub(X3, X4))), X1)), X3))))))), div(cos(div(div(add(X4, X4), div(div(mul(X3, cos(sub(X3, X4))), sub(X3, log(mul(sin(X4), mul(exp(X1), X2))))), X1)), exp(X4))), div(add(log(log(X1)), X2), cube(mul(cos(square(cos(sub(X3, X4)))), div(cos(quart(mul(X1, div(mul(sin(log(sub(X3, X4))), mul(X1, X2)), X2)))), div(exp(div(div(exp(cos(sub(X3, X4))), exp(X2)), sub(X3, X4))), exp(X2))))))))"
feynman_I_34_1,MRGPRegressor,ok,3.0,0.9998204336059824,0.0249143141442647,389.0,129.0,1144.9,,"mul(mul(div(sub(X2, X1), exp(X1)), X3), add(cos(mul(mul(X3, X1), sub(add(mul(X1, X1), sqrt(mul(cos(mul(cos(cos(add(mul(mul(X3, X1), X1), sqrt(mul(cos(mul(cos(cos(X1)), sub(add(mul(X3, sin(div(exp(X3), exp(X1)))), sqrt(mul(mul(div(X2, exp(X1)), X3), X2))), mul(X3, sin(X1))))), X2))))), sub(add(mul(X3, sin(div(exp(X3), exp(X1)))), sqrt(mul(mul(div(X2, exp(X1)), X3), X2))), mul(X3, sin(X1))))), X2))), mul(X3, X1)))), mul(div(sqrt(X3), sub(div(exp(X2), exp(X1)), X2)), div(sin(mul(X1, div(sin(mul(X3, cube(mul(mul(div(add(X2, square(X1)), exp(sin(X1))), X3), div(X1, X3))))), X1))), sqrt(mul(X2, X3))))))"
feynman_I_34_27,MRGPRegressor,ok,2.0,0.998658034370248,0.0325772077977997,140.0,46.0,506.2,,"div(sub(sqrt(square(sqrt(add(X2, X1)))), X2), div(sub(cube(X2), mul(X2, cos(X2))), quart(mul(X1, mul(div(square(div(cos(exp(exp(X1))), sqrt(log(X2)))), div(sub(exp(X1), sub(X1, sqrt(sub(X2, X1)))), quart(mul(X1, X2)))), X2)))))"
feynman_I_30_5,MRGPRegressor,ok,3.0,0.997213901009506,0.0085212952399343,320.0,106.0,3001.2,,"add(cos(mul(cos(mul(mul(mul(X2, X1), X2), mul(mul(X1, mul(X2, cos(mul(mul(mul(X2, mul(mul(cube(X3), X1), X2)), X2), mul(mul(X1, mul(mul(X3, X3), mul(X1, exp(sub(X1, add(X3, X2)))))), X1))))), X1))), quart(cos(sub(X3, div(X1, exp(X3))))))), mul(div(mul(mul(mul(X3, mul(mul(cube(X3), div(X3, exp(X3))), exp(sub(X1, add(X3, X2))))), sin(X3)), mul(mul(add(X3, X2), mul(X1, X2)), X3)), sub(sub(div(X1, div(X2, exp(X3))), square(exp(mul(X3, X2)))), square(exp(X2)))), sqrt(mul(div(X3, X2), sin(X2)))))"
feynman_I_32_17,MRGPRegressor,ok,6.0,0.7215337441221901,2.268843873256989,377.0,125.0,3015.1,,"mul(add(add(mul(mul(X2, exp(sub(X5, X6))), X4), exp(mul(exp(X2), log(add(mul(mul(add(X1, X3), mul(exp(X4), exp(sub(X5, X6)))), X4), mul(X5, sub(X4, X6))))))), sub(cos(X4), div(log(add(mul(square(sub(X5, X2)), mul(mul(exp(sub(X5, X6)), X1), X6)), add(sin(mul(mul(add(X1, X3), mul(X2, exp(sub(X5, X6)))), X3)), square(cos(mul(X3, mul(exp(X5), X4))))))), mul(sin(mul(X4, mul(sub(X5, X6), mul(cube(exp(sub(X5, exp(mul(exp(sub(X5, X6)), X1))))), X4)))), square(cos(mul(X3, mul(exp(sub(X5, X6)), X4)))))))), mul(exp(mul(add(X1, mul(X2, X3)), mul(X3, exp(sub(X5, X6))))), mul(sin(X5), X3)))"
feynman_I_30_3,MRGPRegressor,error,,,,,,,ValueError: Input contains NaN.,
feynman_I_39_1,MRGPRegressor,ok,2.0,0.9999641788640444,0.0500586620094075,92.0,30.0,753.2,,"mul(div(mul(X2, mul(mul(X2, X1), div(add(X2, X2), X1))), quart(mul(cube(X2), mul(X2, X1)))), mul(mul(sin(sin(X1)), X2), div(quart(X1), X2)))"
feynman_I_34_8,MRGPRegressor,ok,4.0,0.999892770139803,0.1232225871311555,212.0,70.0,1657.8,,"add(mul(sqrt(mul(div(mul(sub(X1, sub(div(mul(sub(X1, sub(X4, X2)), sub(X3, X4)), exp(X4)), X2)), sub(X3, X4)), exp(X4)), cube(X4))), exp(sub(X4, X1))), div(sqrt(div(div(sqrt(mul(div(mul(mul(X2, X1), sub(X3, X4)), exp(X4)), square(X3))), mul(mul(X4, X3), X2)), mul(X4, X1))), mul(mul(X4, X1), sub(mul(mul(X2, X4), X4), X3))))"
feynman_I_32_5,MRGPRegressor,ok,4.0,0.8043197197672411,0.4379080522541978,344.0,114.0,3016.4,,"sub(div(mul(mul(cube(mul(X4, sqrt(mul(add(sqrt(X4), X2), div(sub(X1, X4), exp(X4)))))), X3), cube(mul(X1, sqrt(mul(sin(X1), exp(sub(sub(X2, X3), X4))))))), exp(mul(X4, exp(sub(X1, add(X4, X3)))))), mul(mul(mul(square(add(cos(X3), sub(sub(X1, X4), mul(X2, X4)))), div(div(exp(sub(X1, X4)), X3), square(exp(X4)))), X3), mul(mul(mul(add(sqrt(sqrt(mul(mul(X3, mul(sin(X2), div(sqrt(mul(X2, exp(sub(X1, X3)))), square(exp(X4))))), exp(X2)))), X2), exp(sub(sub(X1, X3), X4))), X4), mul(sin(sin(X4)), div(exp(sub(X1, add(X4, X3))), square(exp(X2)))))))"
feynman_I_37_4,MRGPRegressor,ok,3.0,0.993273790776836,0.2575135818125139,296.0,98.0,1767.6,,"add(mul(mul(add(mul(cube(square(add(sub(X1, X2), X1))), add(mul(mul(X2, mul(X1, mul(mul(X2, mul(cos(X3), X2)), add(X2, X1)))), mul(X2, mul(X3, X2))), X2)), cube(quart(X1))), mul(mul(add(mul(mul(X1, mul(X2, mul(cos(X3), add(X2, X1)))), mul(mul(cube(X2), mul(mul(square(X1), cos(X3)), X1)), X1)), X2), cos(cos(X2))), X1)), mul(mul(sin(X3), mul(add(X2, X1), cos(X3))), cube(X3))), cube(sqrt(mul(mul(X3, X1), mul(mul(X3, X2), mul(X1, cos(cos(exp(cos(cos(X3)))))))))))"
feynman_I_39_11,MRGPRegressor,ok,3.0,0.999895346133299,0.0334422249250475,308.0,102.0,1110.7,,"mul(cos(div(mul(cube(X1), sub(add(X1, mul(X3, mul(X2, X1))), log(quart(exp(sub(X3, X1)))))), div(mul(square(X3), X1), cos(X2)))), sqrt(add(div(X2, sub(div(sub(div(mul(cos(X1), mul(mul(X1, add(X1, mul(sub(X1, X2), log(quart(exp(sub(div(mul(cos(X2), mul(mul(X1, add(X1, sub(div(mul(cos(X1), mul(mul(X1, add(X1, mul(sub(X1, X2), log(quart(exp(sub(X3, X1))))))), X1)), X1), log(X2)))), X3)), X3), X1))))))), X1)), X1), X2), X3), quart(X1))), div(mul(mul(X3, X2), X1), exp(exp(X1))))))"
feynman_I_38_12,MRGPRegressor,ok,4.0,-1.2704642087904188,1.851354813819075,395.0,131.0,3008.7,,"div(quart(mul(sin(X4), div(sqrt(exp(X3)), exp(X2)))), cube(mul(X1, exp(sub(sub(add(mul(mul(mul(sub(sin(X4), X3), exp(sub(sub(X4, X2), X1))), sin(div(exp(log(quart(div(X2, exp(X4))))), cube(div(quart(mul(sub(mul(sin(X2), mul(X2, X4)), X2), exp(sub(sub(X3, X2), X1)))), mul(X3, X4)))))), sqrt(cube(mul(div(X2, sub(square(X2), exp(X2))), mul(X2, X1))))), sub(add(mul(X4, div(sqrt(exp(X3)), exp(X2))), sin(mul(div(exp(sub(X3, X2)), exp(X2)), mul(X2, X3)))), sin(div(mul(X3, exp(sub(sub(X4, X1), X1))), mul(add(log(mul(add(X2, div(quart(X1), exp(X2))), exp(sqrt(quart(X3))))), X1), quart(mul(add(cos(X4), X3), X1))))))), X2), X1)))))"
feynman_I_43_31,MRGPRegressor,ok,3.0,0.9999301705090228,0.1744014864383816,380.0,126.0,1648.2,,"mul(mul(add(mul(X1, mul(add(mul(X1, X2), X1), mul(X1, sin(exp(X1))))), mul(mul(mul(X2, X1), mul(log(sin(X3)), X2)), cos(sin(mul(X2, mul(X3, X1)))))), sqrt(sub(X2, mul(sin(X1), cos(mul(mul(X3, X2), X3)))))), mul(add(mul(mul(X2, mul(X2, mul(mul(add(mul(X1, X2), X1), mul(quart(X1), mul(X1, mul(add(mul(X1, X2), X3), X3)))), mul(add(X2, mul(quart(exp(X1)), mul(sin(X1), cos(X2)))), mul(add(mul(X1, X2), X1), quart(X1)))))), X2), add(quart(mul(exp(X1), mul(X2, mul(X1, X3)))), X2)), add(mul(quart(sin(exp(X1))), mul(sin(X1), cos(X2))), add(cos(X1), mul(sin(mul(X3, X2)), mul(X2, cos(X2)))))))"
feynman_I_39_22,MRGPRegressor,ok,4.0,0.5896941913951435,6.069547443538228,437.0,145.0,3016.4,,"mul(sub(square(X4), square(quart(X3))), mul(mul(div(square(add(sub(sub(X4, X4), exp(add(sub(X2, X3), log(square(div(mul(mul(X3, X2), sub(sub(X3, X4), X1)), X2)))))), square(cos(div(mul(div(mul(X1, square(X2)), X2), mul(X4, mul(mul(X1, square(sub(sub(X3, X4), X2))), mul(X2, mul(X4, square(X3)))))), exp(X4)))))), mul(mul(X2, div(div(mul(X2, mul(X3, X4)), X3), sub(mul(square(quart(X3)), cos(X4)), X4))), mul(cos(mul(square(X3), X2)), mul(X4, square(sin(sub(sub(X4, mul(X4, mul(sub(X1, mul(mul(X1, cos(mul(X3, square(sin(X3))))), cube(X3))), cube(square(mul(X3, mul(mul(X1, square(sub(sub(cube(X3), X4), X2))), X3))))))), div(mul(X1, square(X4)), X4)))))))), square(sub(sub(X3, X4), X2))), mul(X1, sub(sub(X3, X4), X2))))"
feynman_I_48_2,MRGPRegressor,ok,3.0,0.9999437768633764,0.5616633847898873,248.0,82.0,587.4,,"div(mul(mul(div(mul(square(cube(square(X1))), mul(sub(cube(X3), X2), X3)), add(exp(X2), sqrt(X3))), add(X3, div(X1, sin(X3)))), mul(mul(sub(X1, X2), X3), mul(sub(cube(X2), mul(X1, mul(sub(X3, X2), X3))), X1))), div(div(mul(div(div(mul(mul(X3, mul(X1, X3)), mul(square(exp(X2)), square(X3))), sin(X3)), mul(X1, X3)), sqrt(cube(X3))), sin(add(X3, X1))), mul(X2, mul(mul(X1, X2), sqrt(quart(X3))))))"
feynman_I_40_1,MRGPRegressor,ok,6.0,-0.7355930192364541,0.7520503782446569,440.0,146.0,3142.8,,"div(sub(sub(div(sqrt(div(X3, mul(X4, X5))), sin(div(X1, X4))), add(div(mul(X1, X2), sub(X3, X5)), div(cube(mul(X6, div(mul(cos(X5), X6), div(X4, div(X2, X5))))), sqrt(square(cube(sub(div(cube(mul(X6, X3)), sqrt(square(cube(sub(cube(mul(X6, X4)), add(sin(X5), X5)))))), add(cube(mul(X6, X3)), cube(X6))))))))), sin(log(square(X3)))), div(mul(add(mul(X4, X3), exp(cos(X1))), mul(mul(mul(X2, X6), sqrt(X5)), mul(X3, X6))), sub(X6, div(square(add(div(sqrt(log(sin(cos(mul(X2, X3))))), quart(sub(sin(add(X6, X6)), add(quart(X3), sin(X4))))), mul(log(div(X2, sqrt(square(cube(mul(add(cos(mul(X3, X5)), X6), mul(add(X5, X2), X6))))))), log(mul(log(square(mul(X4, X3))), mul(log(X2), exp(X3))))))), exp(add(X6, X3))))))"
feynman_I_41_16,MRGPRegressor,ok,5.0,0.8726802523704081,0.974970753557552,431.0,143.0,3017.8,,"div(mul(mul(sub(square(mul(X4, X2)), quart(square(X1))), X5), mul(X2, add(X1, mul(X1, X2)))), mul(div(mul(quart(X1), sub(mul(quart(X5), div(X1, exp(X5))), X3)), mul(div(mul(X1, mul(X2, X4)), mul(mul(add(cube(X5), X4), mul(sqrt(mul(div(add(div(sub(X1, X5), exp(X5)), X1), exp(mul(cube(X5), exp(add(sub(X1, X5), X4))))), mul(X4, X2))), quart(X2))), mul(mul(X1, sub(div(add(X2, X4), exp(X5)), X5)), mul(X3, mul(add(mul(add(X1, exp(add(X2, sub(X1, X5)))), X4), exp(sin(X5))), cube(X4)))))), mul(X1, sin(X2)))), mul(mul(add(X2, X4), sub(div(sub(X1, X1), exp(X5)), X5)), mul(X3, mul(add(mul(add(X1, exp(X2)), sin(X4)), X2), mul(add(sin(X2), X4), div(sub(X1, X5), exp(X5))))))))"
feynman_I_43_16,MRGPRegressor,ok,4.0,0.9537355149663592,2.607251783162665,419.0,139.0,2937.2,,"mul(div(mul(mul(add(X1, X2), sub(sin(X1), X4)), sub(X1, X4)), sub(sub(div(X1, div(quart(X3), div(add(X2, X1), exp(X4)))), div(quart(add(add(mul(X1, X3), mul(div(div(add(X2, mul(mul(X3, X2), sub(X4, X1))), exp(X4)), X2), mul(mul(sin(X4), X1), X4))), mul(mul(X1, X4), div(div(X4, exp(X4)), X4)))), X2)), log(sub(X3, div(div(X1, exp(log(sub(exp(X3), div(div(div(mul(sub(add(X2, X3), X4), sub(div(div(mul(sub(add(X2, X3), X4), sub(X1, X4)), div(mul(X3, X2), mul(mul(X3, X2), X4))), exp(X4)), X4)), sin(X2)), exp(X3)), div(add(X2, mul(mul(X3, X2), sub(X4, add(X2, X3)))), exp(X4))))))), X3))))), mul(exp(X4), mul(mul(X3, X2), sub(X4, X1))))"
feynman_I_6_2a,MRGPRegressor,ok,1.0,0.9999589349853204,0.0004430622029607,446.0,148.0,622.5,,"mul(div(mul(log(mul(mul(div(mul(X1, sin(log(cube(X1)))), mul(mul(div(mul(X1, sin(log(X1))), mul(quart(X1), div(mul(cos(X1), X1), mul(sqrt(X1), square(X1))))), mul(X1, sin(log(sin(log(X1)))))), div(cos(mul(sqrt(X1), square(X1))), mul(X1, mul(div(mul(sqrt(square(X1)), mul(sqrt(X1), square(X1))), mul(quart(X1), div(mul(cos(X1), mul(cos(X1), X1)), mul(cos(mul(exp(sqrt(X1)), square(X1))), square(X1))))), mul(sub(X1, mul(mul(sub(X1, mul(mul(quart(X1), mul(X1, sin(log(X1)))), mul(sub(X1, cube(X1)), cos(X1)))), mul(X1, sin(log(X1)))), mul(sub(X1, cube(X1)), cos(X1)))), X1)))))), X1), sqrt(mul(quart(X1), X1)))), cos(X1)), mul(X1, div(X1, mul(exp(X1), sqrt(mul(quart(X1), X1)))))), quart(mul(sub(sin(add(X1, X1)), X1), cos(X1))))"
feynman_I_43_43,MRGPRegressor,ok,4.0,0.98165129756205,0.2242468446194679,377.0,125.0,3030.4,,"mul(add(mul(X2, mul(sqrt(mul(div(sqrt(X3), exp(add(X3, sin(X1)))), X2)), log(sub(mul(mul(mul(X3, exp(add(X4, sin(X2)))), X3), mul(sqrt(mul(mul(X1, X3), mul(X3, mul(add(exp(sin(X4)), X2), div(X3, exp(add(X3, X1))))))), mul(X2, exp(X1)))), mul(exp(X3), X4))))), sub(mul(add(X2, sqrt(mul(mul(X2, X1), mul(X3, exp(X4))))), cube(mul(add(mul(X1, X4), cos(mul(X4, X2))), div(X3, exp(X3))))), mul(sqrt(mul(mul(cube(X2), div(X4, exp(add(X3, X1)))), mul(X1, exp(add(mul(X1, X3), sin(exp(add(X3, sin(X2))))))))), mul(add(X2, X4), X3)))), mul(mul(div(sqrt(exp(X3)), exp(add(X3, X1))), X2), X4))"
feynman_I_47_23,MRGPRegressor,ok,3.0,0.9993511794178632,0.0146880588610105,341.0,113.0,2458.5,,"add(mul(cos(div(X3, exp(X1))), sub(cube(cube(X1)), sin(mul(square(add(X3, X2)), sub(X2, X1))))), sub(div(add(X2, mul(X1, mul(X2, X1))), add(sin(add(X3, X2)), mul(sqrt(sub(X2, X1)), X1))), log(add(cos(mul(X1, cos(mul(X3, mul(X2, X3))))), mul(div(mul(sqrt(add(div(mul(exp(X3), add(X2, X1)), square(exp(X3))), X3)), sub(X3, sin(mul(X2, square(div(quart(cos(sqrt(mul(cos(X3), X1)))), div(sin(square(square(X3))), sqrt(mul(X3, sin(X2)))))))))), sub(X3, square(sub(div(exp(X2), exp(X1)), square(add(X3, X2)))))), div(square(X3), mul(cos(X3), mul(X1, X2))))))))"
feynman_I_44_4,MRGPRegressor,ok,5.0,0.93846921432642,6.680235760457534,404.0,134.0,3032.0,,"sub(div(cos(div(mul(div(quart(exp(sin(mul(X1, X5)))), div(div(sin(X3), exp(X5)), mul(add(mul(add(X2, X1), sub(X5, X4)), sub(mul(X1, mul(sub(X5, X4), X2)), sqrt(exp(X4)))), X3))), mul(mul(mul(sub(X5, X4), X3), add(X2, X1)), X2)), quart(mul(X4, X3)))), sqrt(cube(sub(X5, X2)))), add(mul(cube(X5), add(div(X2, log(X1)), cos(div(cos(X5), div(mul(add(X4, exp(X4)), X3), mul(add(X2, X1), sub(X5, X4))))))), mul(add(X2, div(sin(cos(X5)), div(div(sin(add(mul(square(X4), div(add(X2, X1), exp(X5))), div(sin(X3), exp(X4)))), exp(cos(div(mul(div(quart(X2), div(X3, mul(X1, X3))), mul(X2, X4)), quart(cos(X4)))))), square(mul(X5, X5))))), X3)))"
feynman_I_6_2,MRGPRegressor,ok,2.0,0.9996585404037228,0.0008417454763408,167.0,55.0,2189.1,,"mul(X1, div(div(X2, exp(cube(X1))), mul(mul(mul(cos(cos(X1)), mul(X2, sub(mul(mul(div(X2, exp(sin(X1))), X2), exp(cos(X1))), cos(X1)))), X2), mul(X1, mul(mul(X1, X2), square(mul(mul(mul(div(mul(X1, X2), exp(X1)), X2), mul(square(X1), X2)), mul(X1, X2))))))))"
feynman_I_50_26,MRGPRegressor,ok,4.0,-0.2789981144675129,2.3411755475124933,440.0,146.0,3134.1,,"sqrt(add(div(mul(add(X2, sin(cos(sin(mul(mul(quart(X2), sin(exp(add(X3, add(X3, X2))))), add(square(X3), mul(add(X3, X2), quart(sin(add(X3, X2)))))))))), cos(exp(X1))), mul(mul(quart(add(div(mul(square(X3), cos(X2)), quart(sin(mul(add(X3, X2), quart(sin(add(X3, X2))))))), sin(cos(sqrt(X1))))), square(X2)), quart(sin(mul(quart(X4), div(mul(X1, quart(sin(mul(add(X3, X2), quart(X4))))), quart(sin(X4)))))))), sin(cos(sin(mul(mul(quart(X2), sin(exp(add(X1, log(mul(quart(add(X1, cube(sin(add(X3, X2))))), div(sin(mul(add(X2, X4), X1)), sin(X4)))))))), add(square(cos(mul(quart(X4), div(mul(log(cube(mul(quart(X2), square(X3)))), quart(sin(mul(add(X3, X2), X1)))), log(X3))))), mul(add(X3, X2), quart(sin(add(exp(quart(X1)), X2)))))))))))"
feynman_I_6_2b,MRGPRegressor,ok,3.0,0.9996571469759148,0.0010968396275623,416.0,138.0,2746.4,,"sub(mul(div(X3, X2), sub(mul(mul(X1, mul(mul(X2, mul(div(sub(X3, X2), exp(X2)), X3)), X1)), X1), mul(mul(sin(sub(X2, X3)), sqrt(sub(X1, mul(cube(sub(mul(add(sin(X2), X1), X2), mul(cube(sqrt(sub(X3, X2))), sub(X1, sqrt(div(sub(X3, X2), exp(X1))))))), sin(square(X1)))))), sqrt(square(X1))))), mul(X3, mul(sub(mul(div(cos(sub(X2, X3)), exp(X1)), X1), sqrt(mul(div(X3, X2), sub(mul(mul(X1, mul(mul(X2, mul(div(sub(X2, X3), exp(X1)), X3)), X1)), X2), mul(mul(X3, sqrt(sub(X2, mul(cube(sub(mul(add(sin(X2), X1), X2), mul(cube(sqrt(sub(X3, X2))), sub(X1, sqrt(div(sub(X3, X2), exp(X1))))))), sin(square(X1)))))), sqrt(div(cos(sub(X3, X2)), exp(X1)))))))), X1)))"
feynman_test_10,MRGPRegressor,ok,3.0,0.9994323653044264,0.0123738977563846,338.0,112.0,1718.6,,"mul(mul(mul(X1, sin(mul(mul(X1, mul(X1, sin(X3))), mul(exp(X3), mul(mul(X3, X2), X3))))), add(sqrt(mul(mul(mul(mul(div(X2, X3), X1), log(X2)), mul(exp(mul(mul(mul(X1, sin(X3)), mul(mul(mul(X2, X1), sin(X3)), X2)), mul(X1, X3))), X2)), mul(exp(cos(X2)), X3))), mul(quart(mul(mul(mul(X2, mul(mul(X1, sin(X3)), mul(X3, mul(X2, X1)))), mul(exp(X3), mul(mul(X3, X2), X3))), mul(div(X1, X2), X3))), div(sin(square(add(exp(X3), X1))), add(X1, mul(cos(X1), X3)))))), mul(X1, mul(mul(cube(cube(X1)), X3), exp(sqrt(div(X3, X2))))))"
feynman_I_8_14,MRGPRegressor,ok,4.0,0.9921527844757592,0.0912382843648987,368.0,122.0,3017.3,,"add(mul(mul(mul(mul(square(mul(X2, cos(sub(X3, X4)))), cos(sub(X2, X1))), quart(quart(X4))), cos(sqrt(X2))), sin(div(sqrt(square(sub(X2, X1))), exp(sqrt(sub(X4, X3)))))), div(add(mul(mul(mul(square(mul(div(square(sin(sqrt(square(sub(X2, X1))))), square(sub(X2, X1))), cos(sub(X3, X4)))), square(sin(div(sub(X2, X1), cos(cos(sqrt(sub(X4, X3)))))))), cos(X2)), sin(div(sqrt(square(sub(mul(sub(X1, X2), cos(sqrt(sub(X4, X3)))), X1))), exp(sqrt(sub(X4, X3)))))), div(div(square(sin(sub(X3, X4))), exp(sqrt(sub(sub(X3, X4), sqrt(square(sub(X2, X1))))))), square(cos(mul(X1, X2))))), square(cos(mul(X1, sub(X2, cos(X3)))))))"
feynman_I_9_18,MRGPRegressor,ok,9.0,0.6214627653387521,0.0667041206805322,449.0,149.0,3041.9,,"add(add(div(sqrt(sqrt(mul(X2, add(X1, X4)))), quart(sub(sin(X8), add(quart(X7), sin(X8))))), square(add(X3, add(X7, add(X5, add(X2, X1)))))), mul(log(div(sub(div(cube(exp(X2)), add(exp(X3), exp(X2))), exp(cube(sub(X7, sin(mul(add(X1, X5), sub(X9, sin(X8)))))))), add(add(X5, add(div(X4, quart(sub(sin(add(X2, X9)), add(X2, sin(X8))))), square(add(X9, add(X7, add(X9, add(X9, X1))))))), div(div(X7, add(add(add(cube(X1), add(X4, X3)), cos(quart(div(X7, X1)))), div(exp(quart(X8)), sub(log(X8), sin(mul(add(X3, X6), sub(X9, X5))))))), sub(log(add(X2, X1)), sin(mul(add(X3, X2), sub(X9, X6)))))))), log(mul(div(log(div(X9, mul(X3, X1))), quart(sub(sin(add(X6, X9)), add(X3, X5)))), mul(log(X2), mul(X1, X2))))))"
feynman_test_1,MRGPRegressor,ok,7.0,0.1335258283283767,8.94437171555906,347.0,115.0,3079.6,,"mul(div(square(add(cube(X1), mul(X7, X6))), add(div(X4, sub(X2, square(X7))), square(div(sin(X7), quart(log(sin(div(sin(X7), quart(log(sin(mul(X6, X7)))))))))))), mul(div(square(div(X7, exp(sin(div(sqrt(mul(sin(log(div(X6, sub(sqrt(X6), X3)))), sqrt(mul(cube(mul(div(square(mul(X6, sub(X7, X5))), exp(X7)), add(X7, X6))), div(X7, exp(X6)))))), add(log(sub(mul(quart(X1), X4), mul(X1, X5))), sin(quart(quart(X6))))))))), add(div(exp(X1), sub(X6, X4)), square(div(sin(sqrt(div(mul(X1, X7), X4))), quart(log(sin(mul(div(log(X4), sub(sqrt(X6), X3)), X7)))))))), sub(X7, X4)))"
feynman_test_11,MRGPRegressor,ok,4.0,0.9632774766298844,0.2642501860979118,443.0,147.0,3007.2,,"mul(mul(add(mul(X2, log(exp(quart(X4)))), mul(mul(X4, X4), X1)), mul(X3, exp(log(X4)))), div(div(mul(div(square(X4), sqrt(X3)), X4), exp(mul(X3, X4))), div(div(mul(div(div(X3, exp(mul(X3, X4))), div(div(mul(X2, X3), mul(mul(X3, sub(X1, X2)), X3)), quart(sqrt(X4)))), X4), mul(X2, X4)), quart(mul(mul(mul(mul(add(mul(X2, X2), X4), exp(sin(X3))), div(div(X1, exp(mul(X4, X4))), div(X2, div(mul(exp(mul(X2, X1)), X4), mul(mul(X3, sub(X1, X2)), X4))))), cube(sin(mul(mul(X2, X3), cos(mul(add(X2, mul(X3, X1)), X2)))))), cos(mul(add(cube(mul(X3, exp(log(X4)))), mul(X3, sqrt(add(mul(X4, sub(div(X1, exp(mul(X3, X4))), add(mul(X1, X4), X2))), mul(exp(X3), X4))))), sqrt(cos(add(X4, X3))))))))))"
feynman_test_12,MRGPRegressor,ok,5.0,0.9985865483559724,0.5961573633220433,452.0,150.0,3011.5,,"sub(log(mul(div(div(X2, sub(X2, sqrt(square(X2)))), div(sub(mul(X2, mul(sub(X2, X3), mul(X2, sub(cube(X2), X4)))), mul(X1, X3)), cos(sqrt(mul(sub(X3, X2), X1))))), mul(X2, log(mul(div(sqrt(mul(sub(X3, X2), X1)), sub(log(sub(mul(X4, mul(sub(X3, X2), X1)), mul(add(X2, mul(sub(X4, mul(X2, add(add(X3, X1), X1))), mul(X2, sqrt(X2)))), mul(log(sub(mul(X4, X3), mul(add(X2, mul(sub(X4, mul(X2, add(X3, X1))), mul(X2, sqrt(X2)))), mul(add(mul(X2, mul(X2, add(mul(X4, X1), X4))), X4), exp(sub(X3, X2)))))), exp(sub(X3, X2)))))), mul(X1, mul(X2, X3)))), mul(mul(X3, mul(sqrt(mul(sub(X3, X4), add(mul(X4, X1), X1))), cube(X2))), add(X3, X1))))))), mul(X1, mul(sub(X2, X3), mul(X2, sub(cube(X2), X4)))))"
feynman_test_13,MRGPRegressor,ok,5.0,0.9510837235114368,0.0040049438643013,449.0,149.0,3011.1,,"mul(sqrt(mul(sin(sqrt(mul(sqrt(X1), add(quart(mul(sub(X4, X5), add(X2, sin(X1)))), mul(square(square(X4)), X3))))), add(quart(mul(cube(X5), mul(X5, add(square(X4), sub(X1, X5))))), mul(div(X5, cos(sub(sub(add(quart(mul(sub(X4, X5), add(X2, X5))), mul(X3, X3)), X5), cos(quart(exp(sin(mul(X1, X5)))))))), cos(sqrt(add(X1, sub(X3, X5)))))))), mul(add(cube(square(cos(X3))), sqrt(sin(sub(X1, X5)))), add(mul(quart(X4), cube(exp(X2))), sin(cube(mul(sqrt(mul(sin(sqrt(mul(sqrt(X1), add(quart(mul(sub(X4, X5), add(X2, sin(X4)))), X1)))), add(quart(X5), mul(square(X4), cos(sqrt(add(X1, X3))))))), mul(add(cube(square(add(square(X4), sub(X1, X5)))), square(X4)), add(mul(quart(X4), X2), sin(cube(mul(mul(add(square(X4), square(X5)), sub(X1, X5)), X5)))))))))))"
feynman_test_14,MRGPRegressor,ok,5.0,-4.35868484318795,30.86756548724803,443.0,147.0,3215.5,,"sub(div(square(mul(cube(X3), sin(sub(X3, X1)))), cube(square(log(sin(div(cos(X2), exp(X3))))))), div(mul(log(mul(log(sub(div(cos(mul(quart(quart(div(cos(cos(X2)), exp(X3)))), log(X2))), quart(quart(div(cos(X2), exp(X3))))), div(mul(cube(X1), log(X2)), div(mul(log(sub(X4, div(X3, X4))), cos(square(quart(cos(quart(quart(div(cos(X2), exp(X3))))))))), sin(div(square(log(X4)), add(cos(X3), log(X3)))))))), cos(square(quart(div(sqrt(X4), sin(X2))))))), cos(square(quart(X4)))), sin(div(square(cos(X1)), add(div(square(mul(sin(div(square(cube(X2)), add(div(square(mul(cube(X3), quart(div(exp(square(X3)), sqrt(X2))))), cube(square(log(sin(X2))))), mul(log(X2), X1)))), quart(div(exp(square(X3)), sqrt(X2))))), cube(square(log(sin(X2))))), mul(log(X2), cube(cube(cube(X3)))))))))"
feynman_test_15,MRGPRegressor,ok,4.0,0.8152065491726302,0.6028861812508285,449.0,149.0,3026.8,,"sub(sub(mul(mul(cos(X4), mul(mul(cos(cos(X1)), X3), mul(cube(X1), sqrt(div(X3, cos(sin(X4))))))), sqrt(mul(cube(mul(sqrt(mul(cube(mul(exp(sub(sqrt(exp(sin(mul(X2, sqrt(X4))))), X1)), log(X4))), log(cos(sin(X4))))), log(X4))), log(exp(sin(X4)))))), div(mul(sub(log(log(X4)), mul(mul(exp(X2), log(mul(sub(log(square(X4)), mul(mul(exp(X2), log(X4)), X3)), sin(X1)))), X3)), X1), div(add(div(div(mul(mul(X3, log(X4)), X3), cos(X3)), mul(cube(mul(exp(sub(sin(X2), X1)), X1)), X1)), sqrt(mul(X4, sqrt(X4)))), square(mul(X4, X3))))), div(div(mul(mul(sqrt(X4), X3), div(cube(X1), X3)), X3), div(add(div(cube(X3), mul(cube(mul(cos(X4), X1)), X4)), log(square(mul(cos(X4), mul(mul(sqrt(X4), X3), mul(cube(X1), X4)))))), square(X3))))"
feynman_test_16,MRGPRegressor,ok,6.0,0.9968526301544502,1.3699653800948977,440.0,146.0,3016.3,,"add(div(mul(mul(sqrt(cos(X5)), cos(X1)), mul(X4, sqrt(cos(mul(X1, X5))))), sub(log(add(div(mul(mul(cos(X2), X1), mul(X5, X1)), X1), div(quart(mul(X4, X1)), mul(X1, X3)))), mul(exp(square(X4)), mul(sqrt(div(mul(quart(mul(X5, X4)), X2), mul(X4, mul(add(X2, X5), X1)))), mul(mul(add(X4, X5), X3), X6))))), div(mul(quart(mul(mul(mul(X5, X4), X2), X1)), cos(div(mul(quart(mul(mul(X5, cos(div(mul(quart(mul(mul(X5, X2), X1)), cos(div(quart(mul(X5, X4)), sqrt(cos(mul(X1, X5)))))), div(mul(quart(X2), X1), sub(X3, X6))))), X1)), cos(div(quart(mul(X5, X4)), mul(X4, X1)))), div(mul(quart(X2), X3), sub(X3, X6))))), mul(sin(log(mul(sqrt(add(X4, X5)), X2))), sin(div(div(mul(X2, X4), X1), mul(X6, X4))))))"
feynman_test_17,MRGPRegressor,ok,6.0,0.4511547710176911,1055.9110594704264,452.0,150.0,3077.9,,"div(mul(sqrt(exp(add(mul(X2, X5), sub(X5, X4)))), X6), div(add(X6, mul(mul(X2, mul(mul(X5, X1), cos(X4))), X5)), mul(sub(X5, X4), div(div(div(mul(X4, div(mul(sqrt(exp(add(X2, sub(X5, X4)))), X6), div(X6, sin(X1)))), div(X6, div(X4, add(sin(add(sin(X6), mul(X1, X2))), mul(X5, X2))))), X3), sin(add(sin(div(div(square(cube(mul(mul(X6, exp(X5)), mul(X4, X1)))), mul(X4, mul(X2, exp(X5)))), cube(mul(mul(div(cos(X4), square(cube(mul(mul(X6, exp(X5)), mul(X4, X6))))), sub(X2, mul(X4, X5))), sqrt(add(sin(div(div(square(cube(mul(X5, mul(X4, X5)))), div(X5, add(X5, mul(X5, X6)))), cube(mul(mul(div(cos(X4), square(X5)), sub(log(X6), mul(X1, mul(quart(cube(X2)), X4)))), X2)))), mul(X6, X2))))))), mul(X4, X2)))))))"
feynman_test_3,MRGPRegressor,ok,4.0,0.9998421790216392,0.024765015859898,437.0,145.0,1230.3,,"add(div(mul(square(sub(X4, X3)), mul(sub(cube(X4), X3), add(mul(X2, X1), X2))), cos(sqrt(add(mul(sub(X4, X3), add(X1, X2)), add(div(mul(X4, mul(mul(square(sub(X4, X3)), add(mul(X2, X1), X2)), quart(sub(X4, X3)))), sin(X2)), cos(mul(square(square(sub(X4, X3))), add(X1, X2)))))))), cos(mul(add(cube(mul(X2, X1)), cos(mul(mul(X1, add(X1, mul(sub(X4, X3), X4))), add(X4, mul(square(sub(X4, X3)), add(sub(X4, X3), X2)))))), add(mul(quart(X1), mul(square(mul(X4, mul(square(square(sub(X4, X3))), X2))), add(sub(X1, X3), square(mul(mul(square(sub(X4, X3)), add(X1, X2)), mul(add(X3, cos(mul(mul(X1, add(X1, mul(sub(X4, X3), X4))), add(X4, mul(square(sub(X4, X3)), add(sub(X4, X3), X2)))))), X1)))))), X3))))"
feynman_test_18,MRGPRegressor,ok,5.0,0.802832549926336,0.3488764842889245,410.0,136.0,3097.5,,"div(sub(div(cos(div(square(X5), quart(quart(exp(X3))))), sqrt(cube(X2))), add(div(mul(sub(X3, X1), add(div(mul(sub(X2, X4), sin(X1)), log(mul(log(X4), X2))), sin(div(cos(X3), log(sub(mul(X5, mul(square(mul(X5, X1)), sin(X4))), X3)))))), mul(mul(exp(square(X3)), X5), mul(mul(quart(cube(log(cos(X1)))), mul(X1, X4)), X4))), sin(mul(log(mul(X5, mul(mul(X3, X5), sub(X2, X3)))), sub(sin(cos(cos(add(mul(sqrt(quart(sub(mul(cube(sub(sqrt(X4), quart(X4))), mul(square(X1), sin(X4))), X3))), exp(X4)), cos(log(sin(X3))))))), cos(mul(sub(X3, X4), sin(X1)))))))), sin(mul(log(mul(X5, mul(X3, sin(div(X4, exp(X1)))))), sub(sin(quart(X1)), cos(add(square(X4), quart(sin(X1))))))))"
feynman_test_19,MRGPRegressor,ok,6.0,0.709970669214244,10.91873212513711,425.0,141.0,3004.5,,"mul(add(mul(add(square(div(div(log(add(mul(X6, X5), div(X6, exp(X1)))), mul(div(mul(X6, X3), div(mul(X1, X4), exp(X1))), quart(cube(mul(X6, X4))))), mul(X3, X1))), quart(mul(X5, mul(X4, X1)))), mul(exp(add(mul(X6, X4), X6)), mul(X3, square(X6)))), quart(mul(cube(X6), mul(X4, X1)))), mul(div(mul(mul(exp(square(sin(X4))), sub(mul(exp(mul(X6, X4)), sub(quart(sub(X6, X1)), mul(sqrt(X6), mul(X6, mul(X5, exp(add(X4, sub(X6, X1)))))))), X5)), mul(X5, mul(X5, X6))), div(X4, div(log(add(mul(X6, X4), div(X6, exp(X1)))), mul(div(mul(X6, X3), div(mul(X1, X6), X5)), quart(mul(X2, mul(exp(X4), mul(X5, log(add(mul(X5, X4), mul(mul(X6, X4), cube(X1)))))))))))), mul(X2, X6)))"
feynman_test_2,MRGPRegressor,ok,6.0,-0.8398652603511423,1.8039249711086556,419.0,139.0,3049.1,,"mul(add(square(cos(sub(X6, add(mul(mul(add(square(mul(sin(quart(X3)), X2)), add(mul(X3, sqrt(cos(X3))), div(mul(cos(mul(X2, div(mul(cos(X2), div(quart(X1), X3)), cube(square(sub(div(X3, cos(cos(sub(X6, X5)))), X3)))))), sin(square(X1))), cos(X3)))), mul(X3, cos(sub(X6, X5)))), cube(X1)), div(mul(cos(mul(X2, X3)), sin(X3)), cube(square(mul(X5, X6)))))))), mul(add(cos(sub(X6, X1)), add(mul(X3, sqrt(mul(X2, X4))), square(X4))), mul(add(square(div(X3, cos(cos(cos(sub(X6, X5)))))), add(mul(X3, cube(sub(cos(X1), div(X1, square(cos(cos(sub(X6, X5)))))))), div(mul(cos(mul(X2, X3)), sin(square(X3))), X3))), mul(X3, mul(X5, X6))))), mul(X6, mul(mul(div(log(X5), cos(X6)), X5), X6)))"
feynman_test_5,MRGPRegressor,ok,4.0,0.9973038135966694,0.1680095807678304,332.0,110.0,1678.1,,"mul(sin(sub(add(cos(X3), div(mul(mul(mul(X2, mul(X2, mul(X1, X2))), mul(X1, mul(cos(X1), X2))), mul(X1, mul(X2, square(sub(sub(X2, X4), X3))))), div(square(square(X1)), X2))), sin(sin(square(X1))))), div(exp(sub(sub(exp(X1), exp(add(cube(sin(sub(sub(X1, X4), X3))), sub(add(log(div(exp(X2), mul(X1, add(X4, X3)))), sub(sub(quart(X2), X3), square(mul(square(X1), X2)))), cube(X1))))), X3)), mul(add(log(sub(mul(X1, X3), mul(X1, X4))), sin(quart(X2))), log(div(mul(add(square(sub(sub(X1, X4), X3)), X2), X2), cos(sub(cos(X2), X2)))))))"
feynman_test_20,MRGPRegressor,ok,7.0,-2.2868666463858776,6.460240187914195,419.0,139.0,3012.4,,"mul(div(cube(sub(X2, X1)), mul(div(cube(sub(X2, X1)), square(exp(div(add(X6, X6), exp(X1))))), mul(square(exp(mul(mul(square(exp(div(X3, exp(X1)))), X1), exp(sub(X2, X1))))), div(X2, square(exp(div(X3, exp(X5)))))))), mul(square(exp(div(mul(cos(sin(exp(X1))), sub(sin(mul(mul(sin(X6), exp(sub(sub(X2, X5), X1))), X2)), X5)), exp(X1)))), div(X2, mul(div(div(cube(sub(X2, X1)), mul(div(cube(sub(X2, X1)), square(exp(div(add(X6, X6), exp(X1))))), mul(square(cos(X4)), div(X2, square(exp(div(X3, exp(X1)))))))), square(exp(div(sub(X2, X1), exp(X1))))), mul(square(exp(div(mul(X3, sub(X2, X5)), exp(X1)))), mul(mul(square(cos(X4)), div(sub(X6, X7), square(exp(div(X3, exp(X1)))))), X3))))))"
first_principles_absorption,MRGPRegressor,ok,1.0,0.9675410377833736,0.2385527524318869,32.0,10.0,357.3,,"quart(div(square(X1), cube(cube(quart(sin(cos(X1)))))))"
feynman_test_4,MRGPRegressor,ok,5.0,0.8203313247199293,0.2250133948979153,368.0,122.0,3010.2,,"log(sub(div(cos(div(mul(sub(X2, sqrt(mul(X3, X1))), X3), quart(cos(X1)))), div(sub(mul(X2, X1), quart(X1)), cos(mul(X1, cos(add(X3, X2)))))), add(div(mul(div(mul(sub(sub(quart(X4), exp(mul(X1, X5))), X3), div(X5, exp(X5))), log(X1)), sin(log(sub(div(sub(mul(cube(sub(sqrt(div(cos(div(mul(exp(X2), X3), quart(cos(X1)))), sqrt(square(X5)))), quart(X1))), div(sin(X3), sqrt(cube(log(quart(cos(X2))))))), mul(X4, X4)), sqrt(cube(sub(X5, X2)))), add(div(mul(X4, sin(X1)), X3), sin(div(div(X2, X1), exp(X1)))))))), log(mul(X4, X2))), add(div(div(exp(X4), exp(X5)), exp(X1)), mul(cos(X1), X2)))))"
feynman_test_7,MRGPRegressor,ok,5.0,0.9993481240643646,0.0370009886786194,365.0,121.0,1877.3,,"mul(cos(sub(mul(cos(sub(div(cos(X1), add(cos(cos(div(square(quart(mul(sub(mul(X4, X3), mul(X4, X5)), X5))), X4))), X3)), log(div(div(add(X1, div(X2, add(mul(cos(cos(X1)), mul(X2, exp(X4))), log(sin(mul(cos(sub(sin(square(X2)), X4)), cube(sqrt(square(div(mul(X5, add(X3, sqrt(div(X4, cos(X1))))), X1)))))))))), X2), cube(sin(X1)))))), cube(div(exp(X3), exp(X5)))), log(div(div(add(cos(mul(cube(X1), cube(X5))), div(cos(sin(exp(mul(X1, X4)))), add(mul(cos(cos(div(square(quart(mul(cube(sin(exp(mul(X1, X2)))), X5))), X4))), log(div(cube(X5), exp(X2)))), log(X5)))), X5), cube(X1))))), exp(X2))"
first_principles_kepler,MRGPRegressor,ok,1.0,-9.346719242534672,220.2266866702272,14.0,4.0,307.3,,sin(cos(cube(X1)))
feynman_test_6,MRGPRegressor,ok,7.0,-14.9019629995069,1.4385680195363766,431.0,143.0,3129.4,,"div(div(cos(quart(add(mul(mul(div(div(cos(sqrt(cube(X6))), div(quart(X2), cos(quart(X5)))), div(sqrt(sqrt(add(cos(X6), mul(add(exp(mul(X3, X1)), quart(exp(X7))), div(X5, X2))))), exp(add(add(X2, add(X1, X2)), X1)))), X4), mul(mul(add(X1, mul(div(mul(add(exp(X7), add(X6, cube(X2))), div(X5, sin(div(X6, X4)))), exp(exp(sub(X2, X6)))), mul(X6, exp(add(X2, X7))))), add(X4, X6)), X2)), exp(add(X6, exp(X7)))))), div(quart(X7), cos(div(div(X5, div(quart(div(add(X7, add(X1, X2)), div(quart(square(div(X7, exp(sub(mul(X6, X4), X4))))), cos(quart(X5))))), X6)), div(sqrt(sqrt(add(X2, X6))), exp(add(add(mul(X6, X3), add(X1, X2)), exp(X7)))))))), div(sqrt(sqrt(add(square(X1), X6))), cos(quart(X1))))"
feynman_test_8,MRGPRegressor,ok,4.0,0.982459750614602,0.0650197244188226,395.0,131.0,3007.8,,"div(add(sub(square(cos(quart(X1))), mul(X3, mul(cos(X4), X1))), log(sub(mul(X2, X3), mul(X1, exp(add(X1, X4)))))), sub(div(mul(exp(sin(X4)), mul(X1, X1)), log(mul(div(add(sub(div(add(log(X4), mul(X2, mul(X2, exp(X4)))), sub(sub(square(cos(div(mul(X4, div(log(cube(cos(X3))), cube(exp(X4)))), X3))), mul(X3, mul(X3, sub(mul(X2, X3), mul(X3, mul(X3, X1)))))), exp(X2))), X3), quart(mul(div(log(div(mul(exp(add(log(X2), X1)), X2), exp(X3))), cube(exp(X3))), X2))), sub(div(sqrt(div(mul(X4, X2), quart(X2))), log(mul(X2, X1))), sub(X1, quart(X3)))), mul(add(X2, mul(X4, mul(X3, X4))), mul(X4, X1))))), square(sub(X3, cos(X2)))))"
feynman_test_9,MRGPRegressor,ok,5.0,-17.061582858371636,17853.117832471766,434.0,144.0,3025.4,,"cos(mul(quart(div(quart(div(sin(mul(quart(div(sin(quart(div(X1, X3))), exp(X2))), sub(X4, X3))), X1)), exp(cube(div(mul(quart(div(sin(X5), exp(X2))), log(sqrt(cos(X2)))), exp(X2)))))), log(div(square(add(div(X1, exp(X2)), X1)), mul(sin(mul(square(cube(div(sin(log(X4)), exp(X5)))), cube(mul(sin(mul(square(cube(div(sin(div(sin(X5), exp(X2))), exp(X2)))), cube(X3))), mul(mul(sqrt(cos(exp(cube(div(sin(X5), exp(div(sin(X5), exp(X5)))))))), cos(mul(quart(div(quart(div(sin(X5), exp(X1))), exp(cube(X4)))), log(div(X2, mul(sin(mul(square(cube(div(X4, exp(X2)))), cube(X3))), mul(mul(quart(div(X4, X3)), add(X5, X2)), quart(div(sin(X5), exp(exp(X3))))))))))), cube(X5)))))), mul(mul(sqrt(cos(X2)), add(X5, X2)), cube(X1)))))))"
first_principles_leavitt,MRGPRegressor,ok,1.0,0.9647662513706476,0.1994957039102815,59.0,19.0,1163.6,,"div(square(square(cube(log(X1)))), quart(quart(sqrt(sin(div(quart(square(X1)), square(cube(sin(cube(X1))))))))))"
first_principles_bode,MRGPRegressor,ok,1.0,0.9987948560903708,0.0777620092394414,20.0,6.0,3005.2,,sqrt(cos(square(exp(exp(X1)))))
first_principles_hubble,MRGPRegressor,ok,1.0,-0.3814248596546319,293.2214607235784,68.0,22.0,3017.3,,"div(square(square(cos(div(quart(cos(X1)), sin(X1))))), square(log(cos(cube(log(sqrt(square(sin(quart(quart(exp(X1))))))))))))"
first_principles_ideal_gas,MRGPRegressor,ok,3.0,0.8168330357754789,0.7218698038236071,68.0,22.0,3005.2,,"div(mul(log(X3), log(log(log(log(X2))))), div(X2, mul(div(X2, cos(div(X2, cos(X1)))), quart(cube(X3)))))"
first_principles_rydberg,MRGPRegressor,ok,2.0,0.999725122551037,0.0258477307986362,113.0,37.0,1213.2,,"mul(cube(mul(cube(mul(sin(mul(log(X1), exp(X1))), log(add(sin(add(cos(X2), X2)), sin(X1))))), mul(sin(square(X2)), sqrt(mul(sqrt(exp(log(X1))), div(exp(X1), exp(X2))))))), cos(X2))"
first_principles_schechter,MRGPRegressor,ok,1.0,-1.1637868212243174,5.612487836429219,62.0,20.0,1066.0,,"div(quart(sqrt(cube(sin(quart(div(log(square(log(X1))), quart(quart(sin(log(X1)))))))))), log(add(X1, X1)))"
first_principles_tully_fisher,MRGPRegressor,ok,1.0,0.0232943191382871,0.9187975206557406,41.0,13.0,1182.9,,log(sin(cube(cube(square(log(cube(square(cos(log(square(log(X1))))))))))))
first_principles_newton,MRGPRegressor,ok,3.0,0.0769713316308705,11.190924689816033,68.0,22.0,3000.8,,"div(exp(exp(cos(exp(exp(div(X1, X3)))))), sqrt(sqrt(sin(mul(cos(cube(div(X1, square(X2)))), cos(exp(X1)))))))"
first_principles_planck,MRGPRegressor,ok,2.0,0.2830727228814137,245.8618837697271,206.0,68.0,3005.1,,"div(div(mul(sin(cos(cube(square(div(div(cos(sin(X1)), mul(X2, cos(quart(log(quart(square(X1))))))), square(mul(div(log(log(X1)), exp(X2)), X2))))))), cos(sub(log(X1), sub(X2, X1)))), mul(quart(cos(sqrt(div(X1, cube(quart(X1)))))), mul(sin(mul(X1, square(square(div(div(X1, log(sqrt(X2))), log(cos(quart(X1)))))))), quart(quart(X2))))), square(log(cos(X1))))"
strogatz_bacres1,MRGPRegressor,ok,2.0,0.999903030208348,0.0153784993056898,143.0,47.0,536.7,,"add(add(cos(cube(div(log(mul(X1, X1)), cos(X1)))), div(sub(X1, sub(add(X1, cube(sub(cube(sub(X1, X2)), sub(sub(X1, sub(add(mul(X2, X1), cube(sub(X1, sub(X2, X1)))), X1)), X1)))), sub(X2, X1))), cos(cube(quart(X1))))), X1)"
strogatz_bacres2,MRGPRegressor,ok,2.0,0.9999771416365026,0.009778156639201,263.0,87.0,565.7,,"mul(add(sqrt(X1), mul(X2, mul(square(cube(X2)), cube(exp(sub(X2, X1)))))), mul(square(add(cube(sqrt(mul(mul(X1, X2), square(X1)))), cos(square(add(cube(cube(X2)), cos(X1)))))), add(cube(cube(X2)), sin(quart(sqrt(sub(X1, mul(square(add(cube(sqrt(mul(mul(X1, X2), square(X1)))), cos(add(cube(cube(sqrt(cube(X1)))), add(cube(sqrt(mul(mul(X1, X2), square(X1)))), cos(X1)))))), cube(add(X2, add(cube(exp(sub(X2, X1))), sin(quart(sqrt(sub(X1, X2)))))))))))))))"
first_principles_supernovae_zg,MRGPRegressor,ok,1.0,0.99944508152085,0.006149581435961,395.0,131.0,3018.8,,"div(cos(mul(add(quart(div(X1, X1)), mul(X1, cos(cube(X1)))), div(mul(cos(X1), sqrt(X1)), mul(square(div(mul(sin(mul(sin(cube(sin(X1))), cos(square(exp(div(sin(cube(sqrt(sin(cube(sqrt(quart(square(cube(div(sin(square(sin(X1))), exp(X1))))))))))), quart(X1))))))), cos(square(exp(cos(square(div(mul(X1, cos(X1)), exp(X1)))))))), sin(cos(sub(cube(X1), mul(X1, cube(square(sin(X1))))))))), mul(X1, cos(X1)))))), mul(sqrt(div(square(exp(div(sin(cube(sqrt(quart(square(cube(div(sin(square(sin(X1))), exp(X1)))))))), sin(div(cos(square(div(mul(X1, cos(X1)), exp(X1)))), log(X1)))))), div(square(X1), exp(X1)))), cos(square(exp(div(sin(cube(sqrt(quart(square(div(sqrt(X1), exp(X1))))))), cube(X1)))))))"
first_principles_supernovae_zr,MRGPRegressor,ok,1.0,0.9902260313354144,0.0241476419442324,425.0,141.0,3015.7,,"mul(add(cube(mul(cube(cos(cube(mul(quart(cos(div(X1, cube(cos(X1))))), cos(cos(X1)))))), sub(square(sin(sin(X1))), div(mul(cube(cos(cube(mul(quart(exp(log(cos(X1)))), mul(square(sin(add(X1, X1))), add(X1, add(X1, X1))))))), sub(square(sin(sin(div(quart(square(cube(div(X1, exp(X1))))), log(square(quart(log(div(mul(sqrt(X1), exp(X1)), quart(sub(square(sin(sin(div(quart(square(cube(div(X1, exp(X1))))), log(square(square(quart(quart(X1))))))))), square(cos(sqrt(quart(log(div(mul(sqrt(mul(quart(cos(square(sin(add(X1, cos(X1)))))), cos(add(X1, X1)))), X1), quart(cube(cube(add(X1, cos(X1)))))))))))))))))))))), cos(cube(cos(X1))))), exp(X1))))), add(sqrt(quart(log(div(mul(sqrt(X1), X1), quart(cube(cube(X1))))))), cos(cube(cube(sin(X1)))))), cube(X1))"
nikuradse_1,MRGPRegressor,ok,2.0,0.6908902955746027,0.0514696446747582,410.0,136.0,3013.8,,"mul(cube(div(X2, log(mul(X1, square(sin(mul(X2, X2))))))), div(sub(X1, log(div(sub(exp(sin(mul(sqrt(sin(X1)), cos(X2)))), log(sin(div(cube(X2), log(sub(X2, cos(X2))))))), mul(mul(quart(sqrt(mul(X2, square(mul(cos(X1), sqrt(sub(X1, X2))))))), X2), cos(log(div(sub(exp(sin(mul(sqrt(sin(X1)), mul(X1, X2)))), log(sin(X2))), mul(mul(quart(sqrt(mul(sin(square(X2)), square(mul(cos(X1), sqrt(sub(sin(X1), X2))))))), X2), cos(sin(mul(X2, X2))))))))))), square(mul(div(square(mul(cos(sub(X1, X2)), X2)), sub(exp(sin(mul(sqrt(mul(mul(quart(X2), X1), cos(X2))), X2))), cos(X2))), exp(sqrt(mul(div(sin(mul(mul(X1, X1), X2)), sub(X2, mul(sqrt(div(cos(X2), log(X1))), X2))), X1)))))))"
nikuradse_2,MRGPRegressor,ok,1.0,0.2083280879427842,0.2140618530703109,449.0,149.0,3051.2,,"div(div(div(mul(cos(sub(sin(X1), quart(add(sin(X1), sin(X1))))), square(exp(X1))), div(div(quart(square(X1)), cos(square(X1))), X1)), div(mul(div(mul(X1, quart(sin(X1))), div(mul(cos(X1), cube(cube(X1))), quart(square(mul(X1, X1))))), quart(sin(add(X1, div(div(square(exp(X1)), cos(square(X1))), quart(sin(quart(square(add(log(X1), square(X1))))))))))), div(sin(X1), square(square(exp(cube(X1))))))), div(add(X1, X1), div(div(square(exp(X1)), cos(square(mul(div(square(X1), div(div(square(exp(X1)), cos(square(X1))), quart(sin(quart(cube(cos(div(square(div(sin(X1), square(square(exp(cube(X1)))))), cube(quart(X1)))))))))), X1)))), quart(sin(quart(cube(cos(div(square(div(sin(X1), square(square(exp(cube(X1)))))), cube(quart(square(add(sqrt(X1), cube(cos(div(square(div(X1, square(X1))), cube(quart(X1))))))))))))))))))"
solar_flare,MRGPRegressor,ok,10.0,-3.793230098703085,2.119936919001133,428.0,142.0,3080.6,,"mul(log(sin(quart(add(X4, cube(X1))))), div(div(log(log(X1)), sqrt(quart(X4))), cube(div(div(sin(mul(X2, sin(quart(cube(X7))))), mul(log(exp(mul(X3, X2))), add(sin(sin(X3)), sqrt(quart(sub(div(mul(log(cos(sin(quart(X2)))), div(div(log(log(sub(X7, X6))), sqrt(quart(X1))), mul(exp(add(div(X6, X3), square(X1))), cos(sin(X9))))), sub(X8, quart(div(X6, X1)))), cube(cube(X1)))))))), mul(exp(mul(cos(add(X8, X4)), quart(div(X6, X4)))), quart(add(mul(sqrt(mul(div(X2, div(div(log(cube(square(sqrt(square(sub(X2, X4)))))), div(div(X6, X1), quart(mul(cube(X1), X6)))), mul(exp(div(sub(sub(X6, X5), X2), sub(X8, X1))), quart(add(mul(cube(X6), mul(X3, X4)), cos(sqrt(X4))))))), X4)), mul(X3, X4)), cos(sqrt(X4)))))))))"
strogatz_barmag1,MRGPRegressor,ok,2.0,0.999961555356338,0.001107077946594,101.0,33.0,3004.3,,"div(mul(sqrt(add(mul(quart(quart(quart(X2))), mul(sin(square(sqrt(X1))), log(sin(cos(X2))))), mul(cube(log(sin(exp(X1)))), square(cos(log(X2)))))), sin(sqrt(sqrt(X2)))), X2)"
strogatz_barmag2,MRGPRegressor,ok,2.0,0.9998933636085382,0.00260228690042,452.0,150.0,3001.9,,"mul(mul(mul(div(mul(mul(add(sin(X1), cube(square(cube(X2)))), mul(add(sin(cube(square(cube(X2)))), cube(square(mul(div(mul(mul(div(X1, X2), mul(add(sin(X1), cube(square(cube(X2)))), log(quart(cube(sin(X2)))))), X1), X1), log(sin(div(X2, cube(X2)))))))), log(quart(cube(add(sin(X1), cube(square(cube(X2))))))))), X1), sin(X1)), log(mul(add(sin(X2), cube(square(mul(div(mul(mul(div(X1, X2), mul(add(sin(X1), cube(square(cube(X2)))), log(sin(X2)))), X1), X2), log(sin(div(X2, cube(X2)))))))), log(sin(X2))))), mul(add(add(sin(X1), cube(square(cube(X2)))), cube(square(mul(mul(div(X1, X2), mul(add(sin(X1), cube(square(cube(X2)))), log(quart(cube(sin(X2)))))), log(sin(div(X2, cube(X2)))))))), cube(sin(X2)))), mul(div(X1, X2), mul(add(sin(X1), cube(X2)), log(sin(X2)))))"
strogatz_glider1,MRGPRegressor,ok,2.0,0.994630855894702,0.0553599931359464,242.0,80.0,3100.5,,"sub(log(add(mul(sin(div(X1, X2)), mul(add(X1, X2), sqrt(div(div(mul(exp(X2), cos(quart(sqrt(X2)))), mul(quart(cos(quart(square(cube(cos(div(cube(cube(sin(log(exp(X2))))), mul(X2, cube(square(cube(cos(X2)))))))))))), mul(X1, quart(quart(X2))))), square(div(div(cos(sin(X1)), log(cos(X2))), mul(sqrt(quart(X1)), X1))))))), quart(cube(log(quart(exp(mul(X2, quart(sin(X2)))))))))), exp(sin(square(cube(cos(cube(cos(X2))))))))"
strogatz_predprey1,MRGPRegressor,ok,2.0,0.999481762833006,0.0208928890598793,119.0,39.0,1660.4,,"div(sqrt(div(mul(X1, quart(quart(sin(X2)))), cube(cos(sub(X1, X2))))), sub(sub(sqrt(square(square(X1))), div(mul(square(X1), square(X1)), cube(cos(X2)))), mul(X1, mul(cos(X1), sub(square(X2), cos(X2))))))"
strogatz_glider2,MRGPRegressor,ok,2.0,0.853675519326626,0.3140606108730231,449.0,149.0,3023.4,,"div(div(mul(X1, cos(quart(sqrt(X2)))), mul(quart(cos(exp(X1))), mul(sin(mul(mul(X1, sub(div(div(X1, sin(sin(add(X1, exp(div(sqrt(sin(sin(add(X1, X2)))), exp(X1))))))), quart(exp(sin(square(X1))))), quart(add(mul(exp(sin(cos(cube(div(cos(square(mul(log(log(sin(X1))), X1))), cos(div(quart(X1), exp(X1)))))))), exp(sin(X2))), mul(add(mul(X2, X2), sin(X1)), X2))))), X1)), quart(mul(quart(cos(X2)), add(X2, mul(X2, X1))))))), square(div(div(cos(sin(X1)), log(cos(div(div(mul(exp(log(sqrt(X1))), sin(add(X1, X2))), mul(quart(X2), mul(sin(X1), quart(quart(X2))))), square(div(div(cos(sin(X1)), log(cos(X2))), mul(sqrt(quart(X1)), sin(X2)))))))), mul(sin(add(X2, X1)), sin(sqrt(div(add(X1, X2), mul(quart(X2), mul(mul(X2, X2), quart(quart(X2)))))))))))"
strogatz_vdp2,MRGPRegressor,ok,2.0,0.999976965177972,0.0004681549203801,137.0,45.0,361.9,,"add(add(div(add(div(div(div(X2, X2), quart(cos(X2))), cos(X2)), mul(exp(sin(X2)), X1)), cos(X2)), log(sqrt(add(sin(sin(log(cos(cos(cos(X2)))))), X1)))), log(sqrt(add(sin(sin(log(cos(log(cos(cos(quart(X2)))))))), X1))))"
strogatz_predprey2,MRGPRegressor,ok,2.0,0.9999651355735336,0.0093311413309827,185.0,61.0,2003.9,,"mul(sqrt(quart(X2)), mul(div(mul(mul(X2, X2), square(div(square(X1), exp(X1)))), log(square(square(cos(square(X1)))))), quart(mul(X1, mul(square(square(mul(mul(sqrt(cos(X1)), sqrt(quart(X1))), cos(square(X2))))), mul(add(exp(cos(X1)), square(mul(X1, X2))), mul(mul(X2, sub(X2, X1)), sub(sin(X2), exp(cube(cos(X2)))))))))))"
strogatz_lv2,MRGPRegressor,ok,2.0,0.999564158070197,0.0015483677057214,95.0,31.0,2577.7,,"mul(add(mul(mul(mul(mul(mul(add(exp(square(X1)), quart(mul(X2, X1))), square(X2)), div(X2, div(X2, X1))), div(X2, div(X2, X1))), X1), X2), X2), X1)"
strogatz_lv1,MRGPRegressor,timeout,,,,,,,wall clock > 3900s,
strogatz_vdp1,MRGPRegressor,ok,2.0,0.9999494891279036,0.0043503501138721,92.0,30.0,1952.9,,"mul(sub(sub(add(cube(X1), square(log(sin(square(log(sub(log(sin(square(X2))), square(X1)))))))), sqrt(quart(X1))), log(sin(log(sin(quart(div(X2, X1))))))), X1)"
strogatz_shearflow1,MRGPRegressor,ok,2.0,0.9999061141989664,0.0054234459044708,392.0,130.0,3004.4,,"sub(div(sqrt(mul(mul(div(sub(sin(square(log(X1))), div(log(cos(cos(exp(X1)))), square(div(square(X2), cos(X2))))), exp(X1)), mul(exp(mul(mul(cube(X2), div(log(cos(cos(exp(X1)))), square(div(square(X2), cos(X2))))), mul(X1, mul(mul(div(sub(sin(square(log(X1))), div(log(cos(cos(exp(X1)))), square(div(square(X2), cos(X2))))), X2), mul(exp(square(cos(X1))), cos(log(square(X1))))), mul(X2, cos(log(square(square(square(cos(X2))))))))))), cos(log(square(X1))))), mul(X2, cos(log(square(square(square(cos(X2))))))))), quart(X2)), div(cos(sub(quart(mul(div(sub(sin(cos(sin(square(log(X1))))), div(log(cos(exp(cube(X2)))), square(div(square(X2), X1)))), X2), X2)), square(square(cos(X2))))), X2))"
strogatz_shearflow2,MRGPRegressor,ok,2.0,0.9900666841609176,0.0236206735053642,266.0,88.0,3009.8,,"sub(cube(add(sub(div(X2, sqrt(div(cube(X2), mul(cube(X2), cube(X1))))), square(div(X1, X2))), exp(cube(X2)))), add(mul(cos(div(sub(cos(cos(mul(X2, X2))), X1), div(div(exp(log(X2)), mul(sin(cube(X1)), X1)), square(add(cube(X1), cube(X2)))))), quart(exp(sub(div(cube(X2), mul(cube(X2), cube(X1))), X2)))), div(mul(mul(X2, cube(X1)), cos(div(sub(cos(cos(X2)), X1), div(X2, square(add(cube(X1), cube(X2))))))), sqrt(quart(cos(sqrt(cube(X1))))))))"
