algorithm,dataset,status,n_features,n_rows,r2,rmse,complexity,seconds,error,expression
OperonRegressor,1027_ESL,ok,4,200,0.8182689549323374,0.6037686268704887,60.0,48.350852251052856,,(0.012 + (1.000 * ((((((-8.824) * X2) - (((-7.456) * X1) + (-18.679))) - ((17.145 * X4) + ((-19.981) * X3))) * (((0.001 * X2) - ((0.000 * X1) + (-0.000))) * ((7.714 * X4) + ((-12.005) * X3)))) + (((28.291 + ((-24.945) * X3)) * (((-0.005) * X1) - ((0.000 * X1) / (1.009 * X2)))) - (((((0.002 * X2) - (((-0.072) * X1) / ((4.866 * X4) + ((-1.308) * X2)))) - ((4.741 * X2) + (0.260 * X1))) - ((0.380 * X3) + (0.284 * X4))) - ((0.019 * X4) + ((-4.384) * X2)))))))
OperonRegressor,1028_SWD,ok,10,200,0.423476161313309,0.6024700693442967,55.0,124.75304818153381,,(0.000 + (1.001 * (((0.027 * X5) + (((((0.022 * X7) + (0.098 * X8)) * ((-25.280) + ((-6.004) * X6))) - (((45.642 - ((-0.729) * X9)) + (0.419 * X6)) - ((((-0.930) * X10) + (1.734 * X8)) + (((-0.854) * X5) + ((-1.247) * X3))))) * (((-0.191) - (((-0.976) / (15.103 * X2)) * (0.020 + (0.014 * X6)))) + ((0.057 * X3) - (0.061 * X10))))) + ((((-0.069) * X6) + ((0.118 * X2) + ((2.684 * X3) - (2.751 * X10)))) - (8.751 - (0.065 * X9))))))
OperonRegressor,1029_LEV,ok,4,200,0.5320451372690906,0.6483561714140051,60.0,110.16797494888306,,(0.014 + (1.000 * ((((0.520 * X1) + (0.451 * X2)) + (0.230 * X3)) - ((((((((0.867 * X1) - (-3.849)) / (271.837 + (345.921 * X4))) + ((-0.009) * X3)) / ((((-17.851) * X2) + ((-79.623) * X4)) + ((-12.425) * X4))) + ((0.005 * X1) + ((-0.002) * X2))) - (((0.003 * X4) + (0.003 * X1)) + ((-0.001) * X3))) * (((7.467 * X1) + ((-10.819) * X2)) - ((-64.940) - ((1.726 * X1) * ((((0.118 * X1) + (0.122 * X4)) * (((-110.043) * X4) + (84.403 * X2))) + ((-14.520) * X3)))))))))
OperonRegressor,1030_ERA,ok,4,200,0.3247427265463497,1.64717446700001,56.0,65.19761061668396,,((-0.001) + (1.000 * ((((((0.005 * X3) - ((0.001 * X4) + ((-0.016) * X2))) + (((0.020 * X1) + (-0.001)) - (0.000 * X4))) * ((((((290.272 * X4) * (0.200 * X2)) + ((87.759 * X1) + (-92.615))) / (0.834 * X4)) * ((0.041 * X1) + ((0.002 * X1) + 0.063))) + 50.075)) - ((((-0.182) * X4) + ((0.700 * X1) + (0.447 * X2))) - ((((-0.012) * X1) + 0.009) / ((0.119 * X3) - ((-0.889) * X2))))) + ((0.237 * X4) / (((-79.652) * X1) + ((-29.202) * X2))))))
OperonRegressor,1089_USCrime,ok,13,47,0.4122761627704694,27.9206484824941,63.0,12.589329242706299,,(0.005 + (1.000 * (((((76.601 * X1) + ((-53.916) * X6)) * (((((-0.003) * X7) - (0.004 * X4)) + (0.001 * X13)) + ((-0.003) * X1))) + ((0.543 * X1) + ((((-0.060) * X3) + ((-0.060) * X7)) - ((0.433 * X13) - ((-0.185) * X4))))) - ((((34.903 * X13) - ((-4.455) * X4)) - (147.815 * X2)) * (((0.002 * X12) - ((0.010 * X5) + ((-0.010) * X6))) + (((0.001 * X3) + ((-0.001) * X11)) - (((((0.025 * X12) + ((-0.043) * X9)) - (0.162 * X3)) + (0.095 * X1)) / (((-90.976) * X13) - (81.086 * X4)))))))))
OperonRegressor,1096_FacultySalaries,ok,4,50,0.999989358104532,0.01119396547092825,53.0,10.491037368774414,,((-0.000) + (1.000 * ((((0.001 * X4) + ((-0.011) * X1)) / (((16.663 * X4) + ((-4.319) * X1)) + (((3.128 * X4) + ((-14.551) * X1)) - (23.003 * X3)))) + (((0.001 / (((6.776 * X4) + ((-4.253) * X1)) - (7.700 * X3))) - ((((((-1.821) * X4) + ((-0.399) * X1)) - ((-0.000) * X3)) / ((13.103 * X4) + (2.871 * X1))) - ((-3.186) * X3))) + ((((-1.444) * X4) + ((-0.237) * X4)) - ((-5.743) * X2))))))
OperonRegressor,1191_BNG_pbc,ok,18,200,0.3059763134989767,919.2760877608177,40.0,7208.0783932209015,,((-0.027) + (1.003 * (((0.118 * X1) + ((((((0.068 * X16) + (0.258 * X11)) + ((-0.005) * X8)) + ((0.133 * X1) + (0.179 * X6))) + ((-0.028) - (0.050 * X1))) - ((0.023 * X9) * ((((-0.982) * ((-0.565) * X6)) + ((-4.807) * X9)) - ((-17.050) + ((-0.300) * X18)))))) - ((0.029 + ((-0.049) * X18)) / 0.518))))
OperonRegressor,1193_BNG_lowbwt,ok,9,200,0.5930294103131655,463.72937841042807,61.0,2547.9758501052856,,(0.002 + (1.000 * ((((((-78.261) * X3) + (3313.790 * X1)) + ((-3438.069) - (497.029 * X2))) / (((-17382.174) - ((-1644.594) * X2)) + ((-199524.125) * X9))) + ((((((-0.138) * X4) + ((0.104 * X8) - ((0.074 * X3) + (1.051 * X1)))) - (582.095 / ((784.447 * X5) + (199.427 * X4)))) - ((-0.719) * X5)) + ((((-327.688) * X5) + ((-2131.024) - ((-75.560) * X2))) / (((116.312 * X4) + ((2176.285 * X3) + (((212.811 * X5) - ((-97.054) * X2)) + (((-333.555) * X3) + ((-6865.245) * X1))))) + (-162.062)))))))
OperonRegressor,1196_BNG_pharynx,ok,10,200,0.43728874102114457,312.7004570436646,45.0,7201.6485233306885,,(0.001 + (1.000 * ((((0.076 * X9) + (0.579 * X10)) + ((1.285 + (1.325 * X6)) / ((-8.918) * X6))) + ((((-1.747) * X3) - ((0.520 * X10) - (((((-3.590) * X8) + ((((3.596 * X7) - (-4.372)) * (0.192 * X10)) * (((1.490 * X9) * 0.629) + ((-0.685) * X7)))) + ((((1.221 * X9) / ((0.069 * X8) + (0.867 * X6))) * (-0.229)) * (1.218 * X6))) - (0.550 * X6)))) * 0.027))))
OperonRegressor,1199_BNG_echoMonths,ok,9,200,0.44518940542750784,11.948610064807513,59.0,1635.3865115642548,,((-0.007) + (0.977 * ((((100793.828 + ((-0.061) * X3)) - ((0.065 * X8) + (125506.969 + ((-0.001) * X8)))) + (((-0.243) * X2) + ((3086.794 * X1) + (((-0.080) * X5) - (((-0.003) * X3) + 393.023))))) - (((647608.000 * X2) / (((-512469.125) * X1) - ((((-413358.969) * X2) + ((606950.875 * X4) + ((-164126.656) * X9))) - ((-3809088.750) + ((-158415.922) * X3))))) + (((866119.000 * X1) - ((863031.625 * X1) + ((9665.403 + (3173.337 * X1)) - ((3173.325 * X1) + ((-15440.700) + ((-0.004) * X8)))))) + (0.159 * X9))))))
OperonRegressor,1201_BNG_breastTumor,ok,9,200,0.10430319146418976,9.788716971027139,56.0,7200.484657049179,,(0.011 + (0.998 * ((((((-0.192) / ((-2.053) - ((-1.386) * X7))) + ((((-0.055) * X9) - (0.343 * X4)) / ((((-2.958) * X5) / (3.173 * X4)) - (3.888 * X4)))) - (0.015 * (2.922 - (3.687 * X4)))) + (0.129 * X8)) + (((0.878 / ((-22.020) - (53.160 * X7))) - ((12.836 * X5) / ((-101.241) * X4))) + ((((((-3.271) * X9) - (0.466 * X4)) + (0.088 * X1)) * (0.001 * X9)) / ((-0.575) / ((((-7.351) * X4) + (7.361 * X9)) + ((-8.307) * X8))))))))
OperonRegressor,1203_BNG_pwLinear,ok,10,200,0.6038196801458093,2.8178105241936335,51.0,7201.197068452835,,((-0.001) + (1.000 * ((((((3.735 * X1) / (((25.005 * X3) + ((-302.876) * X1)) + (-294.188))) - (0.624 * X1)) + (0.250 * X5)) + (0.000 * X5)) - (((-0.090) * X2) + (((6.948 * X1) / (((299.842 * X3) + (423.565 * X1)) - ((-10.888) + ((-572.823) * X2)))) - (((0.003 * X6) * (62.512 - (((-4.761) * X5) + ((-45.814) * X1)))) - ((0.001 * X1) * ((151.786 * X2) + (((-237.054) * X1) + ((-186.395) * X5))))))))))
OperonRegressor,1595_poker,ok,10,200,0.031485803831341364,0.7609173861673825,45.0,7202.169882774353,,(0.008 + (1.044 * ((((0.482 * X10) * (0.179 * X2)) + (((((-113.188) * X4) / ((-125.678) - (0.531 / (((-0.059) * X8) - 35910.352)))) - ((-0.989) * X6)) * (((-0.001) * X9) - ((-0.079) * X2)))) + ((((((-117.786) * X4) / ((-120.690) - ((((-0.100) * X2) * (64.934 * X10)) / (-1.177)))) - ((-0.984) * X6)) * ((-5.776) * X8)) / (-71.221)))))
OperonRegressor,192_vineyard,ok,2,52,0.6698834596673384,2.837554972228994,56.0,9.423678159713745,,(0.002 + (1.000 * ((((((((-4847.114) * X2) + ((-874.543) - (2734.277 * X1))) / ((((-34.957) * X2) - ((-2.126) - ((-26.307) * X1))) + (-24.945))) - (((-553.322) * X2) + 306.869)) - (((-20973.318) - (18045.230 * X1)) / ((((-1316.837) * X2) + 18.852) - ((-481.360) * X1)))) / (1112.742 - ((-463.798) * X1))) + ((((((-310.724) * X2) + (((-20.637) * X2) + 235.411)) - ((-416.487) * X1)) * 0.008) / (8.797 - (((-5.011) * X2) / ((-1.375) * X1)))))))
OperonRegressor,197_cpu_act,ok,21,200,0.9689694978885741,3.2291415610090866,49.0,979.1876564025879,,((-0.001) + (1.000 * (((((((144.345 - (0.120 * X3)) - 140.852) / ((((6.383 * X5) + (7.455 * X16)) - (-311.894)) + (615.916 * X19))) * 189.101) + (((54.646 * X7) - (1145.200 - (92.796 * X18))) / (((((6.424 * X5) + (1540.877 * X19)) + ((-29.373) * X17)) + (((-11.687) * X9) - 280.539)) + (771.524 * X19)))) + (((-0.007) - (0.021 * X3)) - ((0.027 * X12) - (-4.670)))) - (((0.011 * X6) + ((-0.024) * X16)) + (0.030 * X1)))))
OperonRegressor,201_pol,ok,48,200,0.8197894130162849,17.83769964769053,59.0,2161.2204225063324,,((-0.003) + (1.000 * (((((((38.459 * X7) - ((-1.372) * X32)) + ((-0.829) * X23)) + (((((-19.930) + (8.239 * X6)) - ((-6.359) * X8)) * ((-124.528) + (83.680 * X5))) * (((0.010 * X5) + (-0.036)) + (0.007 * X9)))) * (((((26.998 * X5) + (-78.525)) + ((-52.349) * X6)) * (1.073 + ((-0.906) * X6))) * ((((-9.017) * X5) + (-16.080)) * ((-0.001) + (0.001 * X6))))) + ((-141.291) + ((-17.806) * X6))) * ((0.006 + ((-0.001) * X6)) - (0.001 * X8)))))
OperonRegressor,210_cloud,ok,5,108,0.9401599920038592,0.30038163864866985,63.0,23.630006313323975,,((-0.000) + (1.000 * (((0.570 * X3) - ((-0.425) * X4)) + (((((2.981 * X3) / (130.185 - ((-344.579) * X4))) - ((((-0.024) * X3) - (0.025 * X4)) / (((0.976 * X3) - ((-0.529) * X4)) - ((-1.050) * X5)))) - ((((-10.924) - ((((-7.592) * X3) - ((-107.178) * X4)) - ((-19.527) * X5))) - ((-107.612) * X4)) / ((((-16.572) * X5) - (4.442 - (252.911 * X4))) - (177.320 * X3)))) + ((((122.167 * X5) + (95.790 * X2)) + (((-228.586) * X3) - ((-103.036) * X4))) * ((0.001 * X5) - (0.001 * X4)))))))
OperonRegressor,215_2dplanes,ok,10,200,0.9485693718198008,0.9944211990102533,59.0,5020.429656028748,,(0.000 + (1.001 * ((((((-0.389) * X5) + 10.452) - (12.407 + (((5.053 * X1) - ((-0.004) * X6)) + (0.880 * X5)))) - (((((-30.923) + ((-3.148) * X2)) - (0.002 * X4)) - (((((58.538 * X1) - ((-0.336) * X6)) + (1.637 * X5)) - (((-211.078) + ((-0.168) * X7)) - (185.340 * X1))) - (3.554 * X2))) * ((((2.687 - (((-0.000) * X2) + ((-0.003) * X5))) - (6.676 - (((-0.553) * X1) - ((-0.000) * X4)))) - ((-0.001) * X3)) - (-4.555)))) - ((-0.457) * X2))))
OperonRegressor,218_house_8L,ok,8,200,0.5765738269415179,33101.15365271191,52.0,2269.9957830905914,,((-0.002) + (1.000 * ((0.034 / (((-7.512) * X1) - 0.872)) - ((((((-20.147) + (2.531 * X3)) - ((((0.134 * X1) - 39.174) + ((0.457 * X2) - (-10.080))) - (3.092 * X7))) + 5.606) - ((-0.294) * X2)) * (((((-0.013) * X3) - ((-0.603) / ((1.239 * X2) - (-3.076)))) - ((((-0.000) * X8) - ((-0.000) * X7)) * (((15.970 - ((-1.266) * X7)) * ((2.876 * X7) + (3.948 * X8))) - ((213.961 * X1) - 89.247)))) - 0.208)))))
OperonRegressor,225_puma8NH,ok,8,200,0.681720748091024,3.189661119686488,57.0,532.7937760353088,,(0.000 + (1.000 * (((-0.324) - (0.141 * X3)) + ((((((145.881 - (156.967 * X3)) - (65.173 * X2)) + (((-11.207) * X2) - ((-5.375) * X5))) * (((-0.274) * X2) + ((((-10.535) * X3) + ((-57.729) * X2)) * (0.007 * X3)))) + (((-47.369) - (141.470 * X3)) + ((-19.915) + ((-144.120) * X2)))) * (0.324 + ((((2.770 * X2) * (0.008 * X2)) + ((0.266 * X3) + ((-5.831) - ((0.798 * X2) + ((-0.936) * X2))))) * ((0.057 - ((-0.003) * X3)) + (0.001 * X2))))))))
OperonRegressor,227_cpu_small,ok,12,200,0.9671095519730009,3.3245094934705595,54.0,871.9660139083862,,(0.000 + (0.998 * (((((((-3.521) * X7) - ((2.536 * X1) + (10.271 * X3))) + ((((-3.976) * X9) - ((3.817 * X8) + 67.428)) + (1.407 * X9))) * 0.016) + 1.178) - ((((((3.059 * X11) - 11.945) - (((-2.886) * X8) + (((-10.649) * X6) - ((103.684 * X12) * ((-0.086) * X12))))) * (((-0.361) * X6) - ((((105.549 * X12) * ((-0.139) * X12)) + (113.784 * X12)) * (0.006 * X12)))) + (((60.277 * X6) - (6.352 * X12)) + (((-8.003) * X11) - 16.545))) * 0.005))))
OperonRegressor,228_elusage,ok,2,55,0.4374861299546491,16.708374202788217,51.0,12.821621417999268,,(0.004 + (0.999 * (((((-0.000) + (1.068 * X1)) * (0.263 * X1)) - ((-0.166) / ((2.291 + (4.363 * X1)) - ((-1.615) * X2)))) + ((((((3.442 + (2.320 * X1)) * (0.109 * X1)) / (((-11.219) + (20.735 * X1)) - (30.017 * X2))) - ((0.042 * X2) / (0.667 + (1.031 * X1)))) - ((((-14.640) + ((-10.284) * X1)) - (((-212.848) * X2) / (31.391 + (47.210 * X1)))) / (64.111 - (630.475 * X1)))) + ((-0.296) + ((-0.938) * X1))))))
OperonRegressor,229_pwLinear,ok,10,200,0.8865475542657733,1.3983665800924134,61.0,21.278327465057373,,((-0.008) + (1.001 * (((7.935 * X5) + ((-0.897) - (7.646 * X5))) - (((((7.279 * X7) + 45.820) - ((-7.323) * X2)) + (((((79.005 * X7) + (377.124 * X1)) - (9.619 + ((-2.709) * X6))) * (((-0.017) * X6) + ((-0.185) - (0.032 * X2)))) + (((-1.974) * X3) + (((-7.813) * X6) + (((-2.392) * X5) - (3.212 * X5)))))) * ((0.021 * X1) + ((((-0.004) * X3) + (((-0.001) * X6) + ((((-0.001) * X7) + 0.010) - (0.002 * X2)))) - (((-0.000) * X5) - ((-0.000) * X10))))))))
OperonRegressor,230_machine_cpu,ok,6,200,0.6100131283982821,73.15954820555929,60.0,20.204261541366577,,(0.000 + (1.000 * ((((((85.178 - ((-17.917) * X6)) + ((44.340 * X3) - (14.563 * X4))) - ((((-156.959) * X3) - ((-192.361) * X2)) * (((-0.156) * X3) - ((-0.298) * X4)))) + (((((-0.008) * X3) - (0.011 * X4)) / ((0.286 * X3) - (((-4.350) + ((-16.199) * X4)) + ((10.769 * X6) + (16.891 * X4))))) * (((((-112.916) * X3) - (2.703 * X2)) + ((235.473 * X3) + (3974.056 * X1))) - ((249.983 * X2) - (2043.139 * X4))))) * ((0.003 * X3) - ((-0.003) * X2))) - (0.171 + ((-0.209) * X4)))))
OperonRegressor,294_satellite_image,ok,36,200,0.819248682779713,0.9524340167824489,54.0,451.880243062973,,(0.000 + (1.000 * (((((((-0.587) * X17) - 1.057) * ((((-87.615) * X17) - (-431.572)) - (((7.145 * X18) + ((38.351 * X15) + (-41.247))) * ((53.027 - ((-133.694) * X18)) * (((-0.018) * X15) + (-0.012)))))) - ((-48.577) - ((169.790 * X26) + ((((-103.649) * X9) + (106.132 * X7)) + ((38.752 * X31) + ((-163.365) * X25)))))) * ((0.001 * X15) - (0.002 - (0.000 * X23)))) + ((((-0.074) * X32) - (0.927 - ((-0.007) * X23))) - (0.289 * X18)))))
OperonRegressor,344_mv,ok,10,200,0.9990377011643375,0.32364254505310514,57.0,3341.5223886966705,,(0.000 + (1.000 * ((((((((0.301 * X1) + (((-1.685) * X8) + (6.654 * X6))) - ((-7.746) * X8)) - ((1.755 * X6) - ((-1.830) * X8))) / ((19.167 * X8) - ((-9.227) + (((-0.306) * X4) + ((-0.008) * X1))))) - (((27779.545 * X6) - (((-4002.922) * X1) + 12485.432)) / (125.011 * (108.867 * X8)))) - (((((-0.179) * X1) + (0.206 + (0.221 * X8))) - (0.560 * X6)) - (0.493 * X6))) * (2.403 + (((129.676 * X4) + ((-0.002) * X1)) + ((3.206 * X8) + ((-129.565) * X4)))))))
OperonRegressor,4544_GeographicalOriginalofMusic,ok,117,200,0.7962022529471081,0.42811109534709324,60.0,77.98982381820679,,(0.002 + (1.000 * ((((((((-60.040) * X100) + (-110.269)) - ((-2.125) * X8)) * ((0.001 * X43) - ((0.002 * X42) - (0.001 * X41)))) + (((0.002 * X4) + ((0.002 * X98) - (((-0.000) * X43) - 0.003))) * (((-26.413) * X98) - ((((-28.754) * X40) - ((25.949 * X100) + (17.108 * X42))) - ((((-5.186) * X32) - (12.293 * X41)) + (22.411 * X61)))))) - (((((-0.318) * X98) - ((0.131 * X71) - ((-0.351) * X42))) - (((-0.337) * X40) - ((2.813 * X22) * (0.017 * X42)))) - (0.217 * X99))) + (0.262 * X100))))
OperonRegressor,485_analcatdata_vehicle,ok,4,48,0.23329678009220645,249.07860148175297,60.0,12.357152223587036,,(0.000 + (1.000 * (((((-1.040) * X3) + ((-0.520) * X1)) + ((((0.123 * X2) + 0.329) - ((((-10.500) * X3) + (10.212 * X1)) / ((((-29.413) * X3) + (25.696 * X1)) - ((-22.397) * X4)))) - ((((-2.643) - ((-1.597) * X3)) + (0.753 * X1)) / ((((-5.697) * X3) + 8.071) - ((-21.327) * X4))))) - ((((((-0.984) * X1) + 17.473) - ((-10.232) * X4)) * ((-0.007) - (0.010 * X3))) * ((17.113 + ((((-12.188) * X3) + ((-0.443) * X1)) - (0.615 * X4))) + (1.627 * X2))))))
OperonRegressor,503_wind,ok,14,200,0.7878363219768721,3.0884275616225647,59.0,758.4880776405334,,(0.001 + (1.000 * ((((2.150 * X1) + ((((-0.000) * X14) - (0.781 * X9)) - ((0.102 * X9) + ((-0.322) * X13)))) + ((11.416 - ((-1.132) * X12)) + ((((-0.101) * X5) - 4.678) + 4.215))) - (((0.019 * X1) + (((0.015 * X12) - (((-0.808) * X9) - ((((-0.003) * X10) + ((-0.002) * X10)) + ((0.027 * X2) - (-0.219))))) - (0.822 * X9))) * (((0.324 * X6) - (-50.422)) - ((((1.250 * X14) - (1.145 * X12)) - (((-1.145) * X13) - ((-4.758) * X1))) - ((-6.488) * X2)))))))
OperonRegressor,505_tecator,ok,124,200,0.9961307258940977,0.9197595404222475,62.0,25.535603761672974,,(0.000 + (1.000 * ((2.279 * X53) + ((((-0.038) * X109) - (((((-1.061) * X33) - (((-1.197) * X14) - (0.041 * X123))) + ((-0.045) + (((-0.779) * X6) + (0.637 * X38)))) * ((((243.748 * X48) - (25.911 * X23)) + ((((-169.885) * X46) - (1.462 * X89)) + ((-118.980) * X53))) + ((34.665 * X29) - ((-36.209) * X56))))) - ((((12.694 * X29) + ((-0.998) * X23)) + ((((-7.289) * X14) - 0.169) - ((0.012 * X100) - ((6.574 * X48) - ((-0.158) * X123))))) + ((0.038 * X124) + ((4.225 * X10) + ((-13.458) * X38))))))))
OperonRegressor,519_vinnie,ok,2,200,0.7550427671095375,1.7224377268296471,55.0,28.286452054977417,,(0.001 + (0.999 * (((1.030 * X2) + ((((0.210 * X1) + (-7.322)) + 7.509) / ((((-1.834) * X2) - (6.837 * X2)) + ((12.710 * X1) + 8.082)))) + ((((0.010 * X1) + (-0.034)) - ((0.179 * X2) / ((((-2.102) * X2) - (6.924 * X2)) + ((1.438 * X1) + (-7.278))))) - ((0.019 * X2) - ((((58.504 * X2) + (26.847 * X1)) * ((-1.631) * X2)) * ((0.000 * X2) + (((-0.007) + ((-0.012) * X2)) / (((-63.800) * X2) - ((121.908 * X1) + (-3.027)))))))))))
OperonRegressor,522_pm10,ok,7,200,0.1090576334897474,0.8482718370417831,62.0,64.96399164199829,,((-0.015) + (1.002 * (((((-0.246) * X3) - ((-0.561) * X1)) + ((((111.393 * X5) - ((-151.352) * X1)) - ((186.162 * X7) + (((-196.689) * X3) - 46.907))) * (((((-0.001) * X5) - ((-0.000) * X2)) - ((-0.001) * X7)) + (((-0.000) * X4) + (0.001 * X1))))) + (((((-63.668) * X3) - ((-18.399) * X1)) + (((41.223 * X4) + (33.344 * X1)) - (67.377 * X7))) * (((0.002 * X7) + (((0.001 * X6) - (0.000 * X3)) + ((-0.002) * X2))) - ((0.001 * X5) / ((39.288 * X3) - ((-14.768) * X1))))))))
OperonRegressor,523_analcatdata_neavote,ok,2,100,-1.2280022656612952,5.529173164994748,48.0,14.510691404342651,,(0.000 + (1.000 * ((((((0.869 * X1) * 2.242) - (((-0.493) * X2) + (((-170.095) * X1) - (-15.003)))) / (((((((-0.338) * X1) + (0.252 * X1)) / (-52.518)) * (1422.573 * X2)) * ((2010.979 * X2) / 196.819)) + ((-4299102.000) * X1))) + (-0.836)) + (((((((17.392 * X2) + 100.895) * ((-0.016) * X2)) / (((-3.737) * X1) - 3.231)) + ((-1.109) * X1)) / (((-3.512) * X1) - 3.648)) - 0.143))))
OperonRegressor,527_analcatdata_election2000,ok,14,67,0.9999999057983558,34.66902144654715,56.0,9.572471380233765,,((-0.000) + (1.000 * (((-0.831) * (0.040 * X6)) - ((((((((-0.229) - ((-0.002) * X7)) + (0.010 * X2)) - 0.000) + (-0.598)) + (((-1.841) * X10) + 0.828)) + ((((((-0.344) * X1) + ((-0.468) * X11)) + (0.036 * X3)) - ((((-0.000) * X4) - ((0.000 * X1) + ((-0.000) * X11))) / ((1.084 * X10) + 0.027))) - ((((-0.001) * X5) + ((-0.000) * X13)) - ((0.010 * X4) - (0.002 * ((-1.243) * X6)))))) + ((0.467 * X11) + (1.164 * X1))))))
OperonRegressor,529_pollen,ok,4,200,0.7735848069699669,1.4699355833713657,64.0,400.12077355384827,,(0.000 + (1.000 * (((((-1.776) * X1) - (0.069 * X3)) + (((0.351 * X2) - ((-0.030) * X1)) - (1.246 * X4))) - ((((-0.000) * X1) - (0.001 * X4)) * ((((-80.718) * X4) - (((0.393 - ((-0.954) * X1)) / ((-2.241) * X2)) - ((-95.370) * X1))) - (((((((-11.361) * X1) - (138.391 * X3)) - (28.759 * X4)) * (((0.043 * X1) - ((-0.043) * X4)) / ((-0.210) - ((-1.439) * X3)))) - (((-0.133) / (1.110 * X2)) - (((14.585 * X1) - ((-2.741) * X4)) - ((-11.805) * X4)))) * ((-5.989) * X4)))))))
OperonRegressor,537_houses,ok,8,200,0.7023058639591848,62647.38699087104,60.0,3276.9387168884277,,((-0.001) + (0.995 * (((((-8.959) * X1) - ((((-96.409) + (10.961 * X1)) + (9.459 * X4)) * (((0.047 * X1) + ((-0.008) * X4)) + ((0.010 * X3) + ((-0.003) * X2))))) * ((((0.054 * X1) - ((-0.026) * X2)) + (0.020 * X4)) - 0.597)) + (((-2.498) * X1) - (((((-15.905) + ((-71.914) * X5)) + (103.311 * X4)) + (((104.615 * X1) + ((-164.349) * X7)) - (148.373 * X8))) * ((((((0.001 * X6) + (0.002 * X7)) - ((-0.002) * X8)) + (-0.005)) - (0.002 * X2)) + (-0.002)))))))
OperonRegressor,542_pollution,ok,15,60,-26.43505183295328,319.94807045252014,62.0,21.767301559448242,,(0.003 + (1.000 * ((((((1.188 + (2.509 * X15)) * (0.205 + ((-0.156) * X6))) - (((-0.321) * X13) + ((((-0.070) * X9) - (0.168 * X4)) * (((-4.363) * X9) - (1.508 * X4))))) - (((-0.605) * X9) - (0.081 * X14))) - (((((0.004 * X11) - (0.000 * X14)) - (((0.000 * X2) - ((-0.003) * X9)) + (0.002 * X1))) * (((-31.548) * X13) + (((-14.101) + (((-0.940) * X2) - ((-26.337) * X5))) + ((-1.953) * X9)))) * (((-4.533) * X4) + (((-8.353) * X2) - (10.499 * X9))))) + (0.176 * X8))))
OperonRegressor,547_no2,ok,7,200,0.42675294666545105,0.552507764927742,58.0,65.47220969200134,,(0.017 + (1.001 * ((((0.438 * X4) - (((((-0.089) * X7) - ((-0.191) * X6)) - (((((-7.944) * X4) + (9.262 * X1)) - 38.354) * (0.012 * X2))) - ((((-0.002) * X1) + (-0.003)) * ((14.353 * X5) - ((66.666 * X1) - (49.586 * X4)))))) - ((0.269 * X3) + ((-0.655) * X1))) + (((((((-174.783) * X5) - ((169.933 * X3) - (29.249 * X2))) * ((0.025 * X3) + ((-0.022) * X6))) - ((-5.647) * X1)) + (10.867 - (11.582 * X2))) / (((-51.711) * X5) - ((13.071 * X1) + 83.042))))))
OperonRegressor,556_analcatdata_apnea2,ok,3,200,0.9485325765027987,622.2351752002419,55.0,38.16861009597778,,(0.001 + (1.000 * (((0.000 * X1) - (-2.107)) - (((0.016 / (((11.927 * X1) - 2.816) + ((-7.927) * X2))) + ((0.013 * X3) + 2.387)) + (((((-0.003) * X2) - (-0.005)) / ((15.561 + ((-6.176) * X2)) / ((2.559 + ((-7.772) * X2)) - ((-5.850) * X1)))) / ((((-212.734) / (20.543 * X1)) + ((-23.641) / ((-0.220) * X2))) / (((2152.786 + (649.974 * X2)) + (((-2430.080) * X2) + ((-6742.346) * X1))) + (((-116.454) * X2) - (-5079.629)))))))))
OperonRegressor,557_analcatdata_apnea1,ok,3,200,0.8668327305128279,857.8551781169158,48.0,43.87566781044006,,((-0.213) + (1.035 * (((((((369.211 / ((11.185 * X3) + 10.522)) + ((-165.903) / ((10.558 * X3) + 11.572))) + ((-296.833) + (2479.313 * X1))) - ((-80.066) / ((15.584 * X3) + 11.152))) + ((((85.780 * X1) * (95.636 * X1)) + (((-317.040) * X3) + ((-1507.521) - (1011.681 * X1)))) + (1978.427 / ((11.556 * X3) + 9.776)))) * ((0.000 - (0.000 * X1)) / ((36.925 * X2) + ((-36.920) * X1)))) / ((-2.759) + (3.826 * X2)))))
OperonRegressor,560_bodyfat,ok,14,200,0.9991886560382037,0.2061563496981218,54.0,20.64503049850464,,(0.000 + (1.000 * (((0.002 * X5) + (((-1.002) * X1) + ((((-0.001) * X1) / (0.914 + (((5.838 * X12) + (-2.320)) - ((-0.155) * X3)))) - ((((((-0.001) * X12) + 0.010) - ((-0.000) * X3)) / ((15.327 + (3.242 * X1)) / (45.171 * X1))) - (0.000 * X14))))) - (((((((-0.000) * X11) + (((-0.001) * X12) + 0.014)) - (0.025 * X1)) / ((15.495 + (3.827 * X1)) - (31.690 * X1))) - (0.001 * X1)) / (((-16458.344) + (5628.853 * X1)) / (-468940.250))))))
OperonRegressor,561_cpu,ok,7,200,0.9987841562529813,3.845522015002393,55.0,42.41599726676941,,(0.000 + (1.000 * (((((0.081 * X7) - ((-0.324) * X4)) - (((((0.007 * X7) - ((-0.001) * X4)) - ((-0.003) * X5)) * (((-6.265) * X7) - (10.995 * X4))) / ((11.617 * X3) - ((0.853 * X5) + 6.992)))) + ((((-0.000) * X6) + ((((0.001 * X7) - (0.001 * X4)) - (0.001 * X5)) - 0.004)) * (((-7.896) * X6) - (20.210 * X5)))) - (((12.221 * X5) + ((48.962 * X3) - (65.871 + ((-36.109) * X4)))) * ((-0.003) + (((-0.001) * X7) - (0.001 * X4)))))))
OperonRegressor,562_cpu_small,ok,12,200,0.9671095519730009,3.3245094934705595,54.0,487.03833651542664,,(0.000 + (0.998 * (((((((-3.521) * X7) - ((2.536 * X1) + (10.271 * X3))) + ((((-3.976) * X9) - ((3.817 * X8) + 67.428)) + (1.407 * X9))) * 0.016) + 1.178) - ((((((3.059 * X11) - 11.945) - (((-2.886) * X8) + (((-10.649) * X6) - ((103.684 * X12) * ((-0.086) * X12))))) * (((-0.361) * X6) - ((((105.549 * X12) * ((-0.139) * X12)) + (113.784 * X12)) * (0.006 * X12)))) + (((60.277 * X6) - (6.352 * X12)) + (((-8.003) * X11) - 16.545))) * 0.005))))
OperonRegressor,564_fried,ok,10,200,0.8725167270108476,1.784295871990786,62.0,6774.8745839595795,,((-0.001) + (0.998 * ((0.287 * X5) + (((((-0.417) * X2) - (((((-8.400) * X2) - ((-0.508) * X1)) * (0.010 * X1)) + (((-0.222) * X2) - (-0.487)))) + (((((((-15.207) * X2) - (11.743 * X1)) * (((-0.206) * X1) - 0.452)) - 27.785) * ((0.002 * X2) - (-0.002))) * ((((-2.158) * X2) - (((-4.152) * X1) - (((-10.677) * X1) - 17.111))) + (((((-6.829) * X2) - (28.891 * X1)) * (((-0.002) * X1) - (-0.000))) * (15.900 * X2))))) + ((0.487 * X1) - ((-0.579) * X4))))))
OperonRegressor,573_cpu_act,ok,21,200,0.9689694978885741,3.2291415610090866,49.0,898.5409908294678,,((-0.001) + (1.000 * (((((((144.345 - (0.120 * X3)) - 140.852) / ((((6.383 * X5) + (7.455 * X16)) - (-311.894)) + (615.916 * X19))) * 189.101) + (((54.646 * X7) - (1145.200 - (92.796 * X18))) / (((((6.424 * X5) + (1540.877 * X19)) + ((-29.373) * X17)) + (((-11.687) * X9) - 280.539)) + (771.524 * X19)))) + (((-0.007) - (0.021 * X3)) - ((0.027 * X12) - (-4.670)))) - (((0.011 * X6) + ((-0.024) * X16)) + (0.030 * X1)))))
OperonRegressor,574_house_16H,ok,16,200,0.34810126150296694,41071.85809730253,62.0,2044.2559270858765,,(0.000 + (1.001 * ((((-0.386) + (0.227 * X10)) - ((-0.161) * X14)) - (((((((-1.288) * X10) - ((-0.189) * X9)) + ((-9.875) * X16)) + (((6.766 * X13) + ((-19.136) - ((-2.142) * X14))) + (2.421 * X10))) * ((((((-30.417) + ((-9.385) * X4)) + ((-8.044) * X8)) - (6.348 + (((-1.718) * X16) - (4.686 * X14)))) + (20.570 * X16)) * ((0.053 * X8) + (2.651 - (0.891 * X14))))) * ((((-0.000) + (((-0.000) * X10) - ((-0.000) * X9))) - ((-0.000) * X14)) + ((-0.000) * X8))))))
OperonRegressor,579_fri_c0_250_5,ok,5,200,0.93800392779583,0.23228698008954843,62.0,40.61491918563843,,((-0.000) + (1.000 * (((((((((-90.637) * X1) - 128.649) - ((-19.471) * X2)) * ((217.528 * X2) - ((-120.836) * X1))) + (((306.128 - ((-88.197) * X2)) * (((0.500 * X2) - ((-0.483) * X1)) * ((111.369 * X1) - ((-1.395) * X4)))) + ((14034.293 * X2) - (((-1251.786) * X1) / ((-1.120) * X1))))) / (((-27.240) * X1) + (234.537 - ((-1.359) * X5)))) - ((29.650 * X5) - (((-62.259) * X4) - (((0.056 * X3) / (-1.102)) * (((-156.055) - (5.569 * X5)) + ((-667.908) * X3)))))) * (-0.010))))
OperonRegressor,581_fri_c3_500_25,ok,25,200,0.9322862198951241,0.2565307513195992,55.0,28.699316024780273,,((-0.003) + (0.998 * ((((((-3.648) + ((-19.487) * X2)) + ((-18.967) * X1)) * (((((-23.189) * X2) * (1.245 * X2)) - (((24.074 * X3) - 123.857) - ((3.452 * X2) * (16.714 + ((-14.411) * X1))))) / (5.229 + ((-0.765) * X1)))) * ((0.001 + (0.000 * X1)) * ((((-100.786) + (15.496 * X1)) - (((12.777 * X3) - 0.004) - ((3.534 * X2) * ((-1.622) + (8.222 * X1))))) / (-28.097)))) - (((-0.362) * X4) + ((-0.660) + ((-0.308) * X1))))))
OperonRegressor,582_fri_c1_500_25,ok,25,200,0.9629177938229881,0.1991638686967529,54.0,38.72951126098633,,((-0.006) + (1.001 * (((((((36.646 + ((-116.963) * X1)) * (((-0.000) + ((-0.000) * X2)) * ((-0.272) + ((-0.108) * X1)))) * (0.815 + ((-0.829) * X2))) - ((0.002 * X1) + (0.001 * X5))) - (0.023 + (0.011 * X2))) * (((-7.087) * X5) - ((25.819 + ((-110.606) * X1)) - (((1.524 * X1) - (((-0.013) + (0.006 * X2)) * (((-123.194) * X2) + ((-45.993) * X1)))) * ((-48.326) + ((-45.957) * X1)))))) + (0.410 * X4))))
OperonRegressor,583_fri_c1_1000_50,ok,50,200,0.7468015649568762,0.4954889090082524,56.0,90.56152749061584,,(0.002 + (1.000 * ((((-1.155) * X1) - ((-0.627) * X2)) + (((((-1736.094) / ((-4648.801) - ((-2078.147) * X3))) - (((-0.195) * X5) + ((-0.395) * X4))) - ((-0.368) / (((-58.129) * X2) - ((-682.166) * X3)))) + (((((-984.863) - (634.107 * X2)) - ((12.834 * X6) - ((-743.134) * X1))) + ((((35.160 * X4) - ((-474.973) * X1)) - ((((-60.552) * X1) - ((-856.971) * X1)) * ((-0.402) * X2))) * (1.398 * X2))) * (0.001 * X2))))))
OperonRegressor,584_fri_c4_500_25,ok,25,200,0.8605816951709776,0.38906229488758004,60.0,65.51534581184387,,((-0.000) + (1.000 * (((0.301 * X4) + ((0.553 * X2) + ((0.147 * X4) + (((-0.249) * X3) - (-0.547))))) - ((((((22.012 * X1) + (18.723 * X2)) * ((0.013 * X4) - ((-0.412) * X1))) - (((-7.303) * X2) + 34.122)) - (((-5.634) * X3) - ((-15.075) * X1))) * ((((-0.001) * X2) + (-0.002)) * ((((((-0.971) * X1) + ((-2.906) * X2)) * (7.023 + ((-28.728) * X2))) * ((0.051 * X4) - (0.173 * X1))) - (((((-37.486) * X2) + 0.035) + (2.153 * X2)) - (19.322 * X1))))))))
OperonRegressor,586_fri_c3_1000_25,ok,25,200,0.9530249000328334,0.21951093915376063,63.0,115.95042896270752,,((-0.002) + (1.000 * (((((-671.467) * X4) - (((-87.025) * X1) - (1659.370 * X2))) + ((141.594 * X1) - (((((-238.159) + ((-183.696) * X2)) - (((-3.055) * X2) * ((61.630 * X1) + (38.662 * X2)))) - ((-67.233) * X3)) * (((((-6.677) + ((-5.976) * X2)) * (((-4.120) * X2) + ((-20.615) * X1))) / (26.797 + ((-4.269) * X1))) + ((-3.216) + (2.874 * X2)))))) * (((((-0.002) * X4) + ((-0.015) + (0.137 * X2))) / (83.811 + ((-5.935) * X1))) + ((-0.000) + ((-0.002) * X2))))))
OperonRegressor,588_fri_c4_1000_100,ok,100,200,0.826947810901986,0.42168563700653905,63.0,55.30642366409302,,((-0.000) + (1.000 * ((1.207 + (0.012 * X96)) + ((((((-0.091) * X3) - 0.838) + (0.391 * X2)) + (0.383 * X4)) + (((((0.000 * X96) + ((-0.041) * X2)) * ((-112.090) + ((-36.808) * X2))) + (((-0.237) * X3) - (-3.297))) * ((((((-9.652) * X3) + ((10.920 * X5) + (6.028 * X2))) * (((-0.000) * X96) + ((-0.001) * X2))) + (((-0.004) * X3) - (-0.030))) * (((((-0.017) * X96) + ((-0.081) * X2)) + ((-1.402) * X2)) * (((0.545 * X3) - (-15.622)) + ((-9.021) * X2)))))))))
OperonRegressor,589_fri_c2_1000_25,ok,25,200,0.88836239254191,0.3259337447938253,64.0,70.38629817962646,,(0.009 + (0.999 * ((((((27.124 * X5) - ((-81.980) - ((-186.290) * X1))) - (((-0.244) * X2) * (((-6.249) - ((-28.088) * X1)) * ((36.194 * X2) + ((0.036 * X22) + ((-8.737) * X2)))))) + (((-189.400) * X2) - (((0.022 * X5) - ((((-0.005) * X2) - (-0.005)) * (((-153.265) * X3) - ((-94.238) * X4)))) * 94.923))) - ((-25.746) * X4)) / ((135.558 + (((-77.738) * X2) - (((-2.362) * ((-7.389) * X2)) * ((-3.352) * X2)))) - (((-14.564) * X1) * ((-7.109) - ((-6.794) * X1)))))))
OperonRegressor,590_fri_c0_1000_50,ok,50,200,0.8701073247108512,0.35332562561922065,53.0,70.27746748924255,,(0.004 + (0.999 * (((117.876 + ((((((-5.585) - (0.188 * X50)) - (4.674 * X2)) - (0.443 - (0.035 * X1))) * (((23.733 - (0.411 * X50)) - (0.247 * X2)) - ((0.159 - ((-0.078) * X1)) * (9.679 * X1)))) - (((15.810 * X1) - (112.106 * X2)) - ((-0.160) * X5)))) * (((-0.030) - (0.001 * X9)) - (0.031 * X2))) - ((((((-0.059) - (0.411 * X1)) - (0.009 * X2)) - ((-0.452) - ((-0.012) * X50))) + ((-0.294) * X5)) + ((-0.547) * X4)))))
OperonRegressor,591_fri_c1_100_10,ok,10,100,0.966436264789968,0.1829687080859715,55.0,11.023934602737427,,((-0.000) + (1.000 * (((((((0.006 * X2) - (-0.013)) * (((-1.031) - (13.024 * X1)) * (((-0.806) * X2) - 1.627))) + (0.043 * X2)) * ((5.350 - (((14.942 - ((-22.349) * X1)) * (((-0.002) * X5) - ((-0.028) * X1))) + (1.637 * X2))) * ((((0.002 * X2) - 0.001) * (366.193 * X2)) - 1.555))) + (0.322 - ((-0.189) * X1))) - ((((50.623 - ((-14.396) * X1)) * (((-0.004) * X5) - (0.016 * X1))) - ((-0.969) * X2)) + ((-0.347) * X4)))))
OperonRegressor,592_fri_c4_1000_25,ok,25,200,0.9310579234917221,0.25722044457325666,54.0,119.76687788963318,,((-0.010) + (1.000 * ((0.319 * X4) - ((((((0.004 * X1) + (((-0.000) * X4) - 0.001)) - ((-0.005) * X2)) * (((47.291 * X2) / (-3200.234)) - 0.020)) * (6.214 + (((((-18.051) * X1) + ((-7.016) * X5)) + (-177.456)) - ((1.048 * X1) * ((-60.841) * X2))))) * ((((1.541 * X1) * ((((-8.928) * X1) + ((0.269 * X1) * ((-11.098) * X2))) - (23.530 * X2))) - ((((-31.591) * X1) + (11.224 * X5)) - ((-27.683) * X2))) + 93.268)))))
OperonRegressor,593_fri_c1_1000_10,ok,10,200,0.9334706974477199,0.24417005019096402,54.0,110.39642548561096,,((-0.000) + (1.000 * (((0.201 * X5) + ((-0.024) * X5)) + (((((0.379 * X4) + ((0.422 * X1) * ((0.480 * X1) * (((-4.585) * X1) - 5.470)))) - (((-5.643) * X1) - (-0.175))) - ((2.715 * X1) - 2.736)) + (((((-2.779) * X1) - 1.593) - ((0.135 * X1) * ((0.561 * X1) * ((((-7.827) * X1) - 11.589) - (5.143 * X2))))) / (((-6118.988) / (((-8970.229) - (((-227.347) * X1) + (-181.570))) - ((-3066.598) * X2))) - (0.608 * X2)))))))
OperonRegressor,594_fri_c2_100_5,ok,5,100,0.9080023002060559,0.31341629897610696,58.0,17.547240018844604,,((-0.000) + (1.000 * (((((-0.396) - ((-0.294) * X2)) * ((((3646.013 * X3) + (108.254 * X2)) - (97.585 * X4)) / (1924.927 + ((-879.795) * X1)))) + ((0.185 * X5) + (1.085 + (((-0.023) - ((-1.404) * X2)) - ((-0.375) * X4))))) - ((0.096 + (((-0.105) * X3) + (0.384 * X2))) * (((4052.655 - ((-35.322) * X5)) + ((((-766.769) * X2) - ((-1854.099) * X2)) - ((-1145.291) * X3))) / (743.821 + ((5.715 * X1) * ((-206.282) + ((91.720 * X1) - ((-90.331) * X2))))))))))
OperonRegressor,595_fri_c0_1000_10,ok,10,200,-978.9611055342368,30.360576960325165,58.0,58.40316724777222,,((-0.002) + (1.000 * (((0.615 * X2) + ((((((0.000 * X2) + (0.000 * X1)) + 0.000) * (((((-0.025) * X2) * (577.987 * X1)) + (((-27.859) * X2) + 40.705)) + (((-19.146) * X1) - ((-0.486) * X4)))) * (((9.686 * X2) + 17.443) + ((-0.665) * X5))) + (0.300 * X5))) + ((((0.000 * X2) * (795.777 * X1)) + ((0.440 * X1) - ((-0.601) * X4))) + (((((-0.184) * X1) + ((-0.402) * X5)) + (-0.194)) / (((9.719 * X2) + 12.324) + (((-38.404) * X1) - (87.274 * X4))))))))
OperonRegressor,596_fri_c2_250_5,ok,5,200,0.9672716906087097,0.18846916548641027,60.0,27.324893474578857,,((-0.005) + (1.000 * ((((((((2.024 * X1) * (0.152 * X2)) - ((0.444 * X2) - ((-0.331) * X1))) - (-0.377)) * ((((((-9.882) * X1) * (3.561 * X2)) - ((79.350 * X1) + (-8.683))) * (((0.063 * X1) + 0.253) * (((-9.916) * X2) + ((-0.246) * X4)))) - (((-17.944) * X3) - (-143.272)))) - ((-49.136) + (7.756 * X5))) + (((-9.055) * X4) + ((-5.384) * X1))) * ((((-0.003) * X4) + (-0.035)) - (((-4.775) - ((-6.432) * X2)) * ((-0.001) * X2))))))
OperonRegressor,597_fri_c2_500_5,ok,5,200,0.9084905518450737,0.3000683311089349,60.0,70.85123372077942,,((-0.004) + (1.000 * (((((((-0.000) * X4) - (((-0.000) * X3) + 0.000)) - (((-0.001) * X1) - (0.001 * X2))) * (((((3.818 * X4) + (((-3.040) * X3) - ((-25.317) * X2))) * (0.064 * X1)) * (((5.682 * X4) - ((6.650 * X3) + 33.460)) - ((9.844 * X1) - ((-17.072) * X2)))) - (((-57.000) * X2) - (((33.264 * X1) - ((-5.872) * X4)) - ((12.682 * X3) + (-104.122)))))) + ((-0.013) * X5)) * ((((14.463 * X1) - ((-5.238) * X2)) * (0.287 * X2)) - ((0.688 * X3) + 19.168)))))
OperonRegressor,598_fri_c0_1000_25,ok,25,200,0.9311392407201471,0.25474656907214027,57.0,129.78614950180054,,(0.000 + (1.000 * ((((((((-18.929) * X3) + (153.804 - (0.068 * X5))) + ((-20.226) * X2)) + (0.163 * X4)) / ((1.487 * X1) - ((0.026 * X15) - (-22.293)))) * (((0.398 * X3) + ((-0.323) * X2)) + (((13.674 * X2) - 32.367) / ((9.203 * X2) - ((((-0.298) * X3) + (((-2.496) * X1) + (0.013 * X5))) - (-24.388)))))) + (((-3.808) * X2) - (((-0.327) * X2) - (((1.750 * X3) + (0.009 * X25)) + ((9.226 - ((-0.580) * X4)) + ((2.104 * X1) + (0.269 * X5)))))))))
OperonRegressor,599_fri_c2_1000_5,ok,5,200,0.9182360875237887,0.2665879120551047,60.0,135.19893741607666,,((-0.004) + (1.000 * (0.006 * ((((((-1.039) * X3) - ((-28.292) * X2)) - (-62.616)) - ((0.080 * X1) * ((((((-129.043) * X3) + (-341.591)) + (257.053 * X2)) - (((9.112 * X1) - ((-13.180) * X2)) * ((-9.617) * X2))) + (90.487 * X4)))) * ((((((-0.027) * X1) * ((0.866 * X1) - ((-2.899) * X2))) - 1.814) * ((((-2.899) * X1) + ((((-0.280) * X4) - 64.499) + ((-0.244) * X5))) - ((-55.639) + (27.611 * X2)))) - ((54.307 * X2) - (((-9.050) * X1) - 14.586)))))))
OperonRegressor,601_fri_c1_250_5,ok,5,200,0.8993197857342723,0.3032173339574331,58.0,24.664268970489502,,(0.010 + (1.000 * ((((((-1.507) * X5) + (15.901 * X2)) - (3.243 * X4)) + ((((-0.011) * X1) - (-0.009)) * ((((((-117.414) * X1) - (-58.834)) + ((0.375 * X5) + (310.084 * X2))) * ((((182.517 * X2) + (111.686 * X3)) - (((-10.438) * X5) + (-67.506))) * (0.023 + ((0.015 * X1) - (0.002 * X4))))) - (419.731 - ((-1046.777) * X2))))) * (((((-0.294) * X2) / (-124.340)) * (((-0.256) * X5) + ((17.919 * X2) - (1.801 * X4)))) - (((-0.003) * X1) - (-0.143))))))
OperonRegressor,602_fri_c3_250_10,ok,10,200,0.960669585193025,0.21071948295018098,62.0,21.94536852836609,,((-0.000) + (1.000 * ((((0.330 * X5) - (((((37.476 * X4) - ((-50.033) * X2)) - 95.587) * (0.004 + ((0.001 * X1) - (0.004 * X3)))) - (0.618 * X4))) - ((-0.524) * X2)) + ((((((((-18.550) * X2) - (17.756 * X1)) * (((-0.463) * X4) - ((-4.996) * X2))) - ((-68.641) * X2)) - (-341.651)) * (((5.663 * X2) - ((-4.238) * X1)) - (((-0.222) * X2) * (((0.507 * X5) - ((-6.211) * X1)) * (((-2.721) * X1) - (-0.265)))))) * ((-0.001) + (((-0.000) * X2) - (0.000 * X1)))))))
OperonRegressor,603_fri_c0_250_50,ok,50,200,0.9285450924482421,0.24251641750225053,60.0,36.27794861793518,,((-0.002) + (0.995 * ((((0.268 * X5) - ((-0.648) * X4)) + (((-4.557) * X2) + (((0.056 * X3) * (6.318 * X3)) - ((-0.669) * X1)))) - (((((((0.033 * X5) * (18.394 * X3)) * (7.587 * X3)) + (((-2.018) * X5) - (8.022 * X4))) + ((434.499 * X2) + (((0.951 * X1) - ((-0.797) * X2)) * ((((-0.257) * X3) - (64.509 * X2)) - (15.644 * X1))))) - (2.939 * X37)) * ((((-0.133) * X2) + ((((-0.001) * X3) * (5.567 * X3)) - ((1.583 - ((-0.012) * X46)) + (0.299 * X1)))) / 130.469)))))
OperonRegressor,604_fri_c4_500_10,ok,10,200,0.9327523919222752,0.25495475729226175,59.0,64.75356316566467,,(0.001 + (1.000 * (((((((6.180 * X1) - (-5.730)) * ((((-46.965) + ((-3.859) * X4)) - ((-23.107) * X2)) - ((-13.778) * X1))) + (-280.684)) * (((105.024 * X5) + (((-455.133) * X2) + (-452.384))) + ((((-0.026) * X2) + (-0.028)) * (((((-0.155) * X2) + 3.978) + ((9.151 * X1) - ((-3.826) * X2))) * (((-476.631) * X2) + 53.757))))) * (((0.002 * X1) - ((-0.002) * X2)) / ((58.146 * X2) + (-338.353)))) + (0.435 + ((0.415 * X1) - ((-0.369) * X4))))))
OperonRegressor,605_fri_c2_250_25,ok,25,200,0.7799251345503811,0.4917701904245288,63.0,34.22987699508667,,((-0.000) + (1.000 * (((((((((-35.417) * X1) - 34.341) * (((-0.003) * X1) + ((-0.002) * X2))) * ((-17.088) * X2)) + (((-1.861) * X3) + ((5.570 * X1) + (((-0.471) * X3) + (3.240 * X2))))) - (-9.244)) * ((0.024 * X5) - ((((((-0.244) * X3) + ((1.374 * X1) + ((-0.189) * X2))) * (0.006 * X2)) * ((-15.045) * X2)) + ((0.045 * X3) + ((0.081 * X1) + (0.194 * X2)))))) - ((0.115 * X1) - (((0.010 * X9) - ((-0.398) * X4)) + (((-0.147) * X1) + ((0.448 * X2) - (-0.397))))))))
OperonRegressor,606_fri_c2_1000_10,ok,10,200,0.9599407639370225,0.19400960302069578,58.0,71.45255494117737,,(0.000 + (1.000 * (((((16.092 - ((-6.803) * X1)) + ((((0.005 * X2) + ((-0.000) * X3)) * (87.173 - ((-43.560) * X1))) * (((18.768 - (17.037 * X1)) + (3.290 * X3)) - (6.018 * X2)))) * (((-69.978) - (((0.270 * X2) + (0.024 * X3)) * ((((-16.256) * X2) + ((-15.026) * X3)) - (72.273 * X1)))) * ((((-0.000) - ((-0.001) * X1)) - ((-0.001) * X2)) + ((-0.000) * X3)))) - ((-0.395) * X4)) - (((-0.400) - (0.330 * X1)) - ((0.172 * X5) - (0.409 * X3))))))
OperonRegressor,607_fri_c4_1000_50,ok,50,200,0.9368076718422494,0.2521788865456244,58.0,75.65776944160461,,((-0.002) + (1.000 * ((((((6.778 * X5) + ((-3.791) * X2)) + (((((0.387 * X5) + ((-1.607) * X2)) - (3.267 * X1)) * (((0.644 * X5) + ((-2.566) * X2)) - (0.368 * X1))) + (-19.509))) * ((27.337 - ((((-7.116) * X5) + ((-5.464) * X2)) - (8.126 * X1))) * ((-0.000) - (((0.000 * X5) + ((-0.000) * X2)) - (0.000 * X1))))) * ((((0.015 * X5) + (1.015 * X2)) * (0.291 - ((((-0.504) * X5) + (0.311 * X2)) - ((-6.529) * X1)))) + 22.658)) + (0.324 * X4))))
OperonRegressor,608_fri_c3_1000_10,ok,10,200,0.9419824445213737,0.23393127140810063,60.0,73.81225204467773,,((-0.013) + (1.000 * ((((((((-0.068) + ((-0.097) * X2)) * ((((-3.411) * X3) + (10.380 * X1)) + (8.014 * X2))) * ((((-0.223) * X3) + ((-0.708) * X1)) + (5.773 + ((-1.584) * X2)))) - (3.097 * X3)) - (-13.191)) * ((((0.001 * X3) - (0.077 * X1)) + (0.020 + ((-0.100) * X2))) + ((((-0.001) + ((-0.000) * X2)) * (((5.272 * X3) + (10.327 * X1)) + (9.929 * X2))) * (((((-2.428) * X3) + (3.708 * X1)) + (7.175 * X2)) + (1.205 * X2))))) - ((-0.364) * X4))))
OperonRegressor,609_fri_c0_1000_5,ok,5,200,0.9596750804144966,0.20653246157723515,50.0,122.36142563819885,,(0.000 + (1.000 * (((((((-0.274) * X5) - ((-35.395) * X3)) * (0.010 * X3)) + ((0.573 * X4) - ((-0.288) * X5))) - 1.326) + ((((-0.000) * X2) - ((0.000 * X1) - (-0.000))) * ((((160.690 * X2) - (41.543 * X3)) - 356.931) + (((591.732 * X1) - 175.684) + (((((-109.256) * X1) - (-1134.014)) + (((-208.287) * X2) - ((21.235 * X1) * (7.609 * X2)))) * (((-1.583) * X2) - ((0.375 * X1) - (-2.026))))))))))
OperonRegressor,611_fri_c3_100_5,ok,5,100,0.9467653257609521,0.24419209771813943,60.0,27.822137594223022,,(0.000 + (1.000 * (((((((-0.000) * X2) + (-0.000)) * (((-4.215) * X1) + (-12.777))) - (0.000 * X1)) * ((((((-11.535) * X2) + (-11.282)) * (0.330 * X1)) - (((-2.541) * X2) + (-12.342))) * (((((-2.062) * X1) + (-0.129)) * ((((-13.148) * X2) + 12.658) - (0.345 * X3))) + (((-1.558) * X1) + (-10.221))))) + ((-0.297) - ((((7.061 * X5) + 20.262) * ((-0.036) + ((-0.019) * X4))) - (((-0.147) * X3) + (((-0.617) * X2) + (0.731 * X1))))))))
OperonRegressor,612_fri_c1_1000_5,ok,5,200,0.9510307020831691,0.21326378960473122,52.0,77.47202754020691,,(0.000 + (1.000 * ((((((0.010 - ((-0.005) * X1)) * ((10.986 * X2) - 59.171)) * ((7.069 * X2) * (4.055 * X1))) + (38.181 - (((-15.767) * X2) + (0.161 * X4)))) * ((((44.962 - ((-9.373) * X2)) + (((-61.013) - (((-151.896) * X2) * (0.121 * X1))) * (1.067 - ((-0.539) * X1)))) * (((0.002 * X2) + 0.000) - (0.000 * X1))) - (0.046 * X1))) + ((0.400 * X5) - ((0.203 * X5) - ((0.384 - ((-0.445) * X1)) - ((-0.396) * X4)))))))
OperonRegressor,613_fri_c3_250_5,ok,5,200,0.9130455752674251,0.2772333689299006,61.0,42.613192081451416,,(0.002 + (1.000 * (((-0.236) + (((((-17.086) * X4) + ((-37.246) * X2)) + ((((3.164 * X3) - ((-101.047) * X1)) + ((-129.949) * X1)) + (61.088 + (((36.892 * X3) - ((-87.666) * X1)) * (((-0.027) * X4) + ((-0.345) * X2)))))) * (((-0.001) * X1) + ((-0.001) * X2)))) * ((((4.372 * X1) + (2.368 * X2)) + (-0.912)) + (((-21.137) + ((-4.932) * X3)) * ((32.325 + (((10.560 * X3) - (134.028 * X1)) * ((0.003 * X1) + (0.151 * X2)))) * ((0.003 * X4) + ((-0.007) * X2))))))))
OperonRegressor,615_fri_c4_250_10,ok,10,200,0.932490405150362,0.22133241170345702,65.0,47.450387954711914,,((-0.000) + (1.000 * (((((((-1.354) - ((-0.312) * X2)) * (((-24.572) * X1) - (28.258 * X2))) + ((((-40.541) * X1) + ((-28.626) * X2)) - (-44.128))) * ((((((78.092 * X1) * ((-0.026) * X2)) - (2.779 * X1)) * (((-0.111) * X3) - (5.296 * X2))) + ((((-13.950) * X1) - (11.839 * X2)) - (((-1.058) * X1) + 33.888))) * ((0.001 * X1) - ((-0.001) * X2)))) - (((-0.390) * X4) + ((-0.523) * X5))) + (0.316 + ((((-0.016) * X3) - ((-0.010) * X2)) * (((-11.136) * X5) - (-22.412)))))))
OperonRegressor,616_fri_c4_500_50,ok,50,200,0.9331208411626862,0.2517415313774253,59.0,32.48489212989807,,(0.014 + (1.001 * (((0.307 * X4) - ((-0.135) * X2)) + ((((((5.987 * X4) + ((-34.734) * X2)) + ((((-166.502) * X1) * ((0.309 * X2) + (-0.320))) + 114.952)) * ((0.002 * X1) + (((-0.000) * X5) + (0.002 * X2)))) + ((0.122 * X2) + (-0.093))) * (((((((-83.247) * X1) + ((171.561 * X1) + (30.855 * X5))) * ((-3.527) * X2)) + ((125.947 * X5) + (-275.340))) * (((-0.007) * X2) + ((0.001 * X2) + (-0.010)))) + (((1.295 * X5) + ((-5.650) * X2)) + (-8.542)))))))
OperonRegressor,617_fri_c3_500_5,ok,5,200,0.9396167140844351,0.23700432019770423,59.0,90.68796610832214,,((-0.001) + (1.000 * ((((0.295 * X2) + (-83.147)) + ((83.729 - ((-0.350) * X5)) - ((-0.411) * X4))) - ((((((((-107.397) - ((-75.094) * X1)) + (-107.278)) - (300.441 * X2)) * ((((97.602 * X2) + (21.517 * X1)) + (-140.245)) * (0.004 * X1))) - (((-129.608) * X2) + ((-41.527) * X3))) + (4.690 * X5)) * (((((((-90.081) - ((-155.802) * X1)) + (2.101 * X5)) * ((-0.005) * X2)) + 1.570) * (0.006 - ((-0.004) * X1))) - (((-0.003) * X2) + (0.003 * X3)))))))
OperonRegressor,618_fri_c3_1000_50,ok,50,200,0.875001047890178,0.3629184526977296,54.0,74.83929085731506,,((-0.000) + (1.000 * ((((0.074 - (0.977 * X1)) + ((-6.580) * X3)) + ((((68.875 * X5) + ((-166.317) * X3)) / ((-26.645) + (1.334 * X5))) - (((-0.410) * X4) - (2.924 * X5)))) + (((242.770 - ((-62.877) * X1)) + ((((2197.273 - (11601.618 * X1)) + ((-914.892) * X2)) - (((((-8389.669) * X1) * (0.040 * X2)) * ((4.309 * X2) - ((-2.757) * X1))) + (((-647.363) * X1) * ((-2.674) * X2)))) * (0.028 * X2))) * ((-0.006) * X2)))))
OperonRegressor,620_fri_c1_1000_25,ok,25,200,0.9469723839137195,0.22812876474807914,60.0,126.90315556526184,,((-0.000) + (1.000 * ((((0.000 + (0.000 * X1)) * ((((((0.944 * X1) + 1.132) * ((-8.409) + ((-13.648) * X2))) * ((-0.954) * X2)) + (-89.464)) + ((-25.998) * X1))) * ((((-0.787) - ((-0.323) * X1)) * ((-4.624) - (62.617 * X1))) - ((((-37.895) * X2) - ((-16.500) * X1)) * ((((-0.113) + ((-0.307) * X1)) * ((5.396 * X1) + (-7.902))) + ((-0.009) * X4))))) + (((((-0.423) * X1) * (-0.687)) + ((0.198 * X5) - ((-0.383) * X4))) + 0.459))))
OperonRegressor,621_fri_c0_100_10,ok,10,100,0.2288951453585073,0.9025058064030842,58.0,26.11101984977722,,((-0.000) + (1.000 * ((((6.581 + (((((3.153 * X5) + (-39.478)) - (((-27.028) * X1) - (2.626 * X4))) * ((((-0.013) * X2) - ((-0.002) * X8)) - (0.010 * X1))) - ((((-0.143) * X5) + 0.028) - ((-0.877) * X2)))) * (((0.043 * X5) + 0.969) - ((-0.996) * X2))) + ((0.688 * X4) - ((-0.282) * X1))) + (((-5.838) + ((((6.131 * X2) - ((-1.489) * X8)) - ((3.552 * X5) + (1.927 * X1))) / ((66.725 * X2) - (((-25.310) * X5) + 8.766)))) - (5.535 * X2)))))
OperonRegressor,622_fri_c2_1000_50,ok,50,200,0.9178603736552984,0.2836815983539433,61.0,132.0330786705017,,(0.001 + (0.999 * (((0.249 * X4) - ((-0.186) * X5)) + ((((((-0.000) * X2) - (0.000 * X1)) * (((((-57.562) - ((-16.226) * X1)) - ((8.799 * X2) - ((-35.935) * X1))) * (((0.850 * X2) - ((-37.318) * X1)) * ((-0.017) * X2))) + ((-87.959) - (35.695 * X1)))) * (((((-36.811) * X2) - (6.707 * X1)) - (((((-2.924) * X2) - (1.730 * X1)) * (4.396 * X1)) + 57.478)) + (((((-40.676) * X2) - (47.204 - ((-0.738) * X1))) * ((-17.978) * X2)) * (0.010 * X2)))) - (-0.559)))))
OperonRegressor,623_fri_c4_1000_10,ok,10,200,0.9466540252996191,0.2295753248356766,58.0,65.63946342468262,,((-0.017) + (1.001 * ((0.391 * X4) + (((((((10.629 * X5) - ((-4.399) * X2)) + 32.295) * ((-43.639) - ((-51.482) * X1))) + ((((-106.845) * X1) + ((15.006 * X5) - ((-41.949) * X2))) * (((5.200 * X3) - (6.578 * X2)) + 20.856))) * (((((((-0.002) * X3) - ((-0.007) * X2)) + 0.007) * ((-24.987) - ((-52.730) * X1))) * (((0.000 * X5) - ((-0.002) * X2)) + (-0.002))) + ((0.000 * X5) - (0.001 * X2)))) * (((0.102 * X3) - (0.868 * X2)) + (-1.156))))))
OperonRegressor,624_fri_c0_100_5,ok,5,100,0.9336507003344253,0.24791232149333695,57.0,11.197710514068604,,((-0.000) + (1.000 * ((((1.402 * X5) - (((16.596 * X2) - (((8.109 * X2) + ((-59.196) * X1)) * ((((-0.002) * X4) + (0.157 * X1)) - ((0.035 * X3) + ((-0.183) * X2))))) + (((1.633 * X4) + ((-35.421) * X1)) - (0.337 * X3)))) * (0.042 + ((0.016 * X2) + (0.006 * X1)))) + ((((1.286 * X2) + ((0.561 * X4) + (0.177 * X5))) - (0.197 * X3)) + (((((13.355 * X4) + ((-44.988) * X1)) + ((121.478 * X3) + (9.287 * X4))) * (0.003 * X3)) + (0.041 + ((-0.817) * X1)))))))
OperonRegressor,626_fri_c2_500_50,ok,50,200,0.9271938700401238,0.2583568658693986,58.0,66.1852035522461,,((-0.008) + (1.007 * ((((((((-1.056) * X2) - 4.552) * ((-17.099) + (18.443 * X1))) * ((0.000 * X3) - (0.001 * X2))) - (0.187 + ((-0.033) * X1))) * (((0.935 * X4) + (-2.882)) + ((((((1.535 * X4) - ((-25.326) * X2)) + 15.889) * (0.004 * X1)) * (((((-0.460) * X2) - (-0.614)) * (185.399 + (105.063 * X1))) + (((-8.297) * X4) - ((-18.149) * X2)))) - ((-8.418) * X2)))) - ((((-0.199) * X5) - ((0.336 * X1) - ((-0.383) * X4))) - (0.253 * X2)))))
OperonRegressor,627_fri_c2_500_10,ok,10,200,0.919551548751974,0.28499497518666356,57.0,42.49394512176514,,(0.001 + (1.000 * ((((((((-13.173) * X1) * (0.055 * X2)) - ((-0.002) * X1)) - (0.564 * X1)) - (((-0.502) - (0.402 * X4)) - ((-0.216) * X3))) - (((((8.192 * X2) - (((-27.766) * X2) * (0.348 * X1))) * ((((-13.438) * X1) - (111.713 + ((-8.684) * X2))) - (((-8.144) * X1) * (3.191 * X2)))) * (1.825 + (((-0.107) + ((-0.644) * X2)) - (0.844 * X1)))) * ((-0.001) + ((-0.001) * X2)))) + (((0.348 * X2) + (0.188 * X5)) - (0.394 * X1)))))
OperonRegressor,628_fri_c3_1000_5,ok,5,200,0.9553099948633178,0.2008887689559841,53.0,111.1326973438263,,((-0.000) + (1.000 * (((0.365 * X4) - ((-1.717) * X2)) + ((((((-106.527) + (6.330 * X1)) * (0.003 * X3)) * ((-0.551) * X3)) - ((-0.226) + (0.985 * X1))) + (((10.253 + (4.145 + (2.670 * X1))) + (((-106.328) - (126.736 * X1)) * (0.032 * X2))) * (((((39.115 + ((-10.013) * X1)) + (44.108 * X2)) * (((-28.230) + ((-31.713) * X1)) * (0.077 + ((-0.069) * X1)))) + ((-152.055) + ((-85.300) * X1))) * (0.001 * X2)))))))
OperonRegressor,631_fri_c1_500_5,ok,5,200,0.9656636647628832,0.19582657120068167,63.0,42.6438250541687,,((-0.001) + (1.000 * (((0.191 * X5) - (((-0.410) * X4) + ((-0.652) * X2))) - (((((22.610 * X2) - ((-14.841) * X1)) + ((-6.109) - ((((-1.159) * X3) - (((-0.005) * X4) + (2.005 * X2))) * (((-3.235) * X3) - ((-8.919) * X2))))) * ((11.522 - ((((-5431.194) * X2) * ((-0.001) * X1)) - ((0.409 * X2) - (1.627 * X3)))) + (((-0.019) * X4) + ((-1.913) * X2)))) * ((0.007 + (0.003 * X1)) + (((((-64.109) * X2) * (0.583 * X1)) - ((-8.547) * X3)) * (0.000 + (0.000 * X2))))))))
OperonRegressor,633_fri_c0_500_25,ok,25,200,0.8815386217596329,0.3528398685721268,47.0,62.86627984046936,,((-0.000) + (1.000 * (((0.272 * X5) - (-0.104)) - (((((-0.551) * X2) - (0.320 * X1)) + ((-0.638) * X4)) - (((((-519.754) * X2) - (-1022.441)) - (((2.300 / ((-6.208) * X2)) - (47.283 * X1)) * ((((-5.120) * X2) - 8.474) - (2.150 * X4)))) / ((3.238 / (((((-0.000) * X5) - (-0.000)) + (0.000 * X1)) * (((2.976 * X2) - (-3.230)) - (0.315 * X4)))) - 4.554))))))
OperonRegressor,634_fri_c2_100_10,ok,10,100,-46.301042484423775,6.73881317376168,58.0,13.091469049453735,,((-0.003) + (1.000 * ((((0.186 * X10) + (0.329 * X5)) + ((((0.155 * X10) + (0.160 * X5)) + ((0.025 * X3) + (0.322 * X2))) / ((-3.031) + (3.447 * X2)))) - ((((-0.603) * X1) + (((((-0.131) * X4) + ((-0.447) + (0.549 * X2))) / ((-1.261) + (1.029 * X2))) - (0.410 * X2))) * (((((((-1.395) * X10) + ((-0.475) * X5)) + (((-1.104) * X3) - ((-1.844) * X4))) - ((-4.582) + (1.632 * X2))) / ((-3.602) + (1.993 * X1))) - (0.071 + (0.907 * X2)))))))
OperonRegressor,635_fri_c0_250_10,ok,10,200,0.9445791839040582,0.20884515464481698,62.0,25.86685824394226,,((-0.000) + (1.000 * ((((((-4.212) * X1) - (((-0.513) * X4) - ((-2.257) * X3))) + 11.210) + ((0.333 * X5) - (3.854 * X2))) - (((((0.006 * X1) - ((-0.005) * X2)) + (-0.035)) - (0.003 * X3)) * (((((((-0.865) * X4) - ((-3.443) * X1)) - (10.393 * X3)) + (((-17.751) * X1) - (46.467 * X2))) * (((((-0.532) * X1) - (0.142 * X2)) + (-1.700)) - (0.135 * X3))) + ((((-2.800) * X5) + ((((75.663 * X1) - (11.917 * X1)) - (18.393 * X3)) - ((-92.159) * X3))) + (-317.388)))))))
OperonRegressor,637_fri_c1_500_50,ok,50,200,0.9461283654415361,0.22118549498150886,57.0,41.75424313545227,,((-0.003) + (1.000 * ((((-416.616) + (((73.691 * X1) * ((-0.463) + ((0.341 * X2) + (0.159 * X1)))) * (7.387 + (3.045 * X1)))) * ((-0.001) + ((((0.002 * X1) * (0.225 + ((0.361 * X2) + ((-0.209) * X1)))) - ((-0.000) * X2)) * (7.154 + ((((-0.016) + ((-0.193) * X2)) - ((-0.260) * X2)) * (((-17.799) * X1) + ((-17.484) * X2))))))) - ((((-31.406) * X4) - ((9.005 - ((-2.321) * X2)) + ((16.272 * X5) - ((-24.415) * X2)))) * 0.012))))
OperonRegressor,641_fri_c1_500_10,ok,10,200,0.9369956820033498,0.25463507857223255,61.0,48.466646909713745,,((-0.001) + (1.000 * ((((((((0.044 * X6) - ((-1.416) * X2)) * ((((-0.087) * X2) + (0.608 * X2)) * (((-4.063) * X3) - (13.545 * X2)))) - ((-50.266) * X2)) * (((0.026 * X2) * ((-3.078) + ((-4.455) * X2))) - ((0.024 * X3) + ((-0.108) + (0.047 * X1))))) - (((-6.265) * X2) - (((-2.515) * X3) + (-139.481)))) * ((((-0.137) + ((-0.218) * X2)) - ((0.115 * X3) - ((-0.001) * X5))) + ((-0.003) * X4))) + (((-31.548) * X2) - ((16.948 * X3) + 19.097)))))
OperonRegressor,643_fri_c2_500_25,ok,25,200,0.9158198419890687,0.276640449729195,55.0,26.943591356277466,,(0.008 + (0.996 * ((((-0.212) * X3) + (0.010 * X7)) - (((((-0.341) * X4) - ((0.223 * X5) + ((-3.380) * X2))) + ((-0.263) + ((-2.325) * X2))) - ((((-219.827) + ((19.141 * X1) + (((22.212 * X4) - ((-0.604) * X5)) + 286.383))) + (((-9.632) + ((-26.833) * X2)) * (((((-12.240) * X1) + 35.835) + ((-17.282) * X2)) * (1.067 * X1)))) / ((((((-20.617) * X1) + 34.333) + ((-3.157) * X2)) * ((-14.362) * X1)) + 355.143))))))
OperonRegressor,644_fri_c4_250_25,ok,25,200,0.9476062386099775,0.21898980937108156,58.0,47.77285575866699,,((-0.016) + (1.001 * ((((3645.488 + ((((-47.795) * X2) + ((-32.469) * X1)) * ((((-1.573) * X3) - (-133.939)) - (((30.158 * X2) + (43.430 * X1)) - (0.367 * X15))))) / (1711.710 + ((((-6.943) * X2) + ((-11.493) * X1)) * (((134.290 - ((-4.388) * X4)) - ((54.921 * X2) + (51.108 * X1))) - ((3.727 * X2) + ((-1.069) * X4)))))) - (((-2.307) - (0.471 * X4)) + (((-1.389) * X2) + ((3.370 * X3) * (((-0.052) * X3) - (-0.049)))))) - (3.985 - (0.005 * X15)))))
OperonRegressor,645_fri_c3_500_50,ok,50,200,0.7374374197498084,0.502307389647204,61.0,43.139848709106445,,((-0.006) + (1.001 * (((0.405 * X4) + ((((14.166 * X2) + (78.107 * X5)) * (0.002 * X5)) + (((-1.676) * X2) + ((-0.220) * X5)))) + ((0.421 - (((((-2109.114) * X2) + ((-1300.261) * X5)) + ((952.175 * X3) - (1309.421 * X2))) * ((-0.000) * X2))) + ((((-16.776) * X2) - (((-0.042) * X2) * ((1.888 * X22) - ((36.577 * X1) + ((0.367 * X2) * ((-241.574) * X2)))))) * (((((18.123 * X5) + (54.964 * X2)) + (-50.565)) + (((-0.317) * X2) * ((-245.771) * X2))) * ((-0.001) * X2)))))))
OperonRegressor,646_fri_c3_500_10,ok,10,200,0.9430496376413757,0.2551261887265027,59.0,40.622857332229614,,(0.001 + (1.000 * (((0.363 * X4) - ((-0.531) - ((((-0.401) * X3) - ((-0.337) * X2)) - ((-0.637) * X5)))) - ((((((-0.250) + (((30.933 * X2) * ((-0.106) * X1)) - (11.624 * X1))) - (((-0.252) * X1) * ((169.817 * X2) * (0.275 * X1)))) - (17.723 * X2)) * ((-0.002) - ((((-0.000) * X3) - ((-0.001) * X2)) - ((-0.000) * X5)))) * (64.635 + ((((-0.650) * X4) - ((20.920 * X2) - (23.532 * X1))) - (2.115 + (((0.508 * X2) * (49.637 * X1)) - (-2.201)))))))))
OperonRegressor,647_fri_c1_250_10,ok,10,200,0.9256568740714453,0.26598102549536473,50.0,23.45108389854431,,(0.001 + (1.000 * (((0.378 * X4) - (((-0.865) - (0.188 * X5)) - (0.080 * X2))) + (((((0.157 * X4) - ((((-25.806) * X1) - (-0.206)) - 12.028)) + (((((-39.425) * X2) - 103.144) * ((((-13.716) * X1) - 12.185) * ((4.772 * X2) - 4.954))) * ((-0.002) * X1))) * (((((-0.000) * X1) - (-0.000)) * ((9.944 * X2) - (-17.940))) - (((0.000 * X1) - 1.218) - (-1.210)))) * (((-7.406) * X2) - 3.529)))))
OperonRegressor,648_fri_c1_250_50,ok,50,200,0.9435112804467547,0.23699942999536242,60.0,49.55841875076294,,(0.001 + (1.000 * (((0.534 + (((-0.137) * X3) - ((-0.396) * X4))) - ((-0.444) * X2)) - ((((30.129 + ((130.045 * X1) + ((-22.060) * X5))) - ((-180.214) * X2)) - ((((((-0.192) * X2) * ((39.391 * X1) - ((-48.144) * X2))) - ((3.960 * X3) - (10.169 * X2))) * (((-9.425) * X1) - ((1.747 * X3) - (-1.843)))) + (11.880 * X3))) * (((((-0.000) * X3) - 0.002) - (0.001 * X2)) * (((((-0.376) * X1) - (0.253 * X2)) * (((-3.037) * X2) - ((-0.145) * X4))) - 5.302))))))
OperonRegressor,649_fri_c0_500_5,ok,5,200,0.957501063627172,0.20096008500845808,61.0,56.484901905059814,,((-0.002) + (1.000 * ((0.061 + ((((((-0.998) * X1) - ((-0.037) * X3)) + (0.582 * X4)) + (((((-22.656) * X1) - ((20.897 * X1) - (56.541 * X3))) - ((-27.492) * X2)) * ((0.013 * X1) - ((-0.006) * X3)))) - ((-0.266) * X5))) - ((((((0.000 * X1) - ((-0.000) * X2)) - (0.001 * X2)) - ((-0.000) * X3)) - 0.003) * (((26.083 * X1) - ((-9.477) * X2)) * (((6.160 * X1) - (10.774 * X2)) - ((((2.624 * X1) * ((0.097 * X1) - ((-1.541) * X2))) - ((-5.214) * X3)) - 23.837)))))))
OperonRegressor,650_fri_c0_500_50,ok,50,200,0.9558315439955126,0.21611418997993834,59.0,56.82857656478882,,((-0.000) + (1.000 * ((((((49.214 - (11.207 * X1)) + (((-18.436) - ((0.569 * X2) - ((-2.024) * X3))) * ((0.355 * X2) - ((0.377 * X1) * ((-1.246) * X2))))) - ((0.015 * X5) / (((-73.264) * X1) * ((-0.006) * X2)))) * (((0.015 * X1) - (0.000 * X44)) - (((-0.018) * X2) + ((0.006 * X1) * ((-1.059) * X2))))) + (((((-0.316) * X2) - (((-0.606) * X3) * (0.000 * X3))) + (0.603 * X4)) + ((0.013 - (0.142 * X1)) + (0.292 * X5)))) + ((3.449 * X3) * (0.095 * X3)))))
OperonRegressor,651_fri_c0_100_25,ok,25,100,0.8515627497202501,0.42645892514802564,62.0,27.31769871711731,,((-0.000) + (1.000 * (((0.554 * X2) + (((-0.007) * X4) + ((0.426 * X2) + (((14.579 + (-14.113)) + (0.290 * X5)) + ((0.668 * X4) - ((-0.523) * X1)))))) - ((((21.007 * X1) * ((0.677 * X4) - ((-1.915) * X1))) - ((((-17.284) * X2) - ((-15.104) * X1)) - ((((-0.049) * X13) - (0.244 * X1)) * (((-47.363) * X2) + (((-12.330) * X9) + ((106.194 * X1) + (83.568 * X4))))))) * ((0.019 * X2) + (((-0.001) * X9) + (((0.004 * X1) + ((-0.005) * X23)) - ((-0.015) - (0.002 * X4)))))))))
OperonRegressor,653_fri_c0_250_25,ok,25,200,0.945398483914743,0.22737779212026232,56.0,46.61989760398865,,(0.000 + (1.000 * (((0.525 * X4) - (0.815 * X3)) + ((((-0.028) * X1) + (0.315 * X5)) + ((((((5.365 * X1) + ((-0.008) * X5)) - (((-22.958) * X2) - (0.940 * X3))) * ((0.000 * X1) + ((-0.007) - (((-0.000) * X2) - (0.000 * X3))))) + ((0.167 * X2) + ((0.044 * X1) - 0.022))) * ((((-30.985) * X2) + ((((0.006 * X1) + (0.000 * X5)) * (((-4.803) * X1) - 53.519)) * (((68.122 * X2) + (7.418 * X3)) - (-98.830)))) + (((-43.696) * X3) - 2.149)))))))
OperonRegressor,654_fri_c0_500_10,ok,10,200,0.9398314243454915,0.23064065029989178,60.0,40.10119843482971,,((-0.002) + (1.000 * (((((((-224.924) + (((-0.456) * X5) + ((-0.206) * X4))) + ((-14.936) * X1)) / ((7.253 - (((-0.086) * X3) + ((0.001 * X4) + (0.055 * X1)))) + (-8.886))) + (((0.551 * X4) + (11.301 * X1)) - 119.438)) - (7.331 * X3)) + (((((-65.254) * X2) * (0.173 * X1)) + ((((-15.366) * X2) - (-106.175)) - ((-88.329) * X1))) / ((((((-0.033) * X2) * (((-2.574) * X2) - (((-0.087) * X4) + (2.226 * X1)))) + (-9.584)) + 3.798) + (0.636 * X2))))))
OperonRegressor,656_fri_c1_100_5,ok,5,100,0.9212960118412507,0.27755493270306336,51.0,13.123440980911255,,(0.001 + (1.000 * (((4.388 + (((0.752 * X1) - (1.340 * X3)) - (0.554 * X4))) * ((0.052 * X5) + (((0.298 * X2) + 0.020) + (((-0.211) * X1) - ((-0.100) * X4))))) + ((((0.005 * X2) - (0.001 - ((0.105 * X2) * (0.037 * X1)))) - (0.000 * X1)) * (((((((-0.715) * X5) + ((6.621 * X2) + 6.201)) * (0.682 * X1)) - ((5.770 * X2) - ((-0.211) * X4))) - 14.756) * ((((8.176 * X2) + (-8.109)) * ((-1.326) * X1)) + 27.747))))))
OperonRegressor,657_fri_c2_250_10,ok,10,200,0.948176477773589,0.2394369443394062,62.0,39.15587759017944,,(0.000 + (1.000 * (((((((-112.971) * X1) + ((-76.649) * X2)) + (((((-15.758) * X2) + ((-3.156) * X3)) + (-30.668)) * (((((-19.390) * X1) * ((-0.373) * X2)) + (8.270 * X2)) - ((-0.409) * X5)))) / (((((-0.144) * X1) * (((-15.235) * X1) * ((-18.762) + (41.386 * X2)))) * (5.101 * X2)) + 176.668)) - (((-0.250) * X5) - ((0.370 + (0.387 * X4)) + ((((-102.618) + (11.261 * X2)) + (74.462 * X3)) * (((-0.001) * X1) + (0.003 * X3)))))) - (((-0.737) * X2) + (0.242 * X1)))))
OperonRegressor,658_fri_c3_250_25,ok,25,200,0.6353544664486204,0.6922253228847587,49.0,30.94101643562317,,(0.000 + (1.001 * (((0.357 * X2) - (((-0.311) * X4) + (-0.440))) - (((53.607 * X2) - (((3.046 * X2) - ((0.482 * X4) + 3.658)) * ((10.345 + ((-34.681) * X1)) / (36.825 / (((-14.417) * X2) - (8.984 + ((-3.661) * X3))))))) * (((-0.001) - (0.001 * X2)) * (((-37.000) + ((-28.066) * X1)) / (12.849 / (((-3.784) * X2) - (((0.920 * X4) + (-0.418)) - (10.911 + ((-3.522) * X1)))))))))))
OperonRegressor,659_sleuth_ex1714,ok,7,47,-0.8770057295384708,2764.238391260492,61.0,10.016475200653076,,(0.000 + (1.000 * (((-0.286) * X7) - (((((((15.290 * X4) - (((-33.214) * X6) + (27.579 * X3))) * (0.019 * X1)) - (3.066 * X2)) - ((1.769 * X6) + ((-1.343) * X3))) * (((-0.334) * X6) - (((((18.689 * X6) + (26.898 * X3)) - ((-16.226) * X4)) * ((-0.157) * X6)) * ((-0.111) - ((-0.133) * X4))))) - ((0.226 - (0.310 * X4)) - (((((-7.821) * X4) - ((-24.949) * X1)) - (((5.391 * X6) - (((-116.467) * X6) + (0.060 * X4))) - (95.977 * X2))) * ((0.003 * X2) - (0.002 * X3))))))))
OperonRegressor,663_rabe_266,ok,2,120,0.9997634079493111,0.7592421518211364,59.0,27.2051203250885,,((-0.000) + (1.000 * (((1.431 * X1) + (0.289 * X2)) - ((((0.000 * X1) - (-0.004)) * (((((1113.423 * X2) + ((-9803.943) * X1)) / (((-424.179) * X1) - (-87.908))) * ((0.165 * X2) + (1.010 * X1))) - (((-66.512) * X2) + ((-9.017) * X1)))) - ((((((-0.042) * X2) + (0.036 * X1)) / ((7.370 * X1) - (-10.807))) + (-1.039)) + ((((-46.374) * X1) + 133.306) / (((43.370 * X2) + ((((-68.310) * X2) + (57.969 * X1)) / (((-85.718) * X1) - 139.627))) - (-140.701))))))))
OperonRegressor,665_sleuth_case2002,ok,6,147,-0.6028538255212152,10.812979131340883,58.0,35.25021958351135,,(0.000 + (1.000 * (((-49.180) / (((-2863.349) + (2878.552 * X6)) - (173.014 * X2))) + ((((-0.104) * X5) + ((-16.385) / ((-90.815) - (70.182 * X6)))) + (((((((-1.353) * X5) - 42.100) / ((565.009 * X6) - (999.938 * X1))) - ((1.331 + ((-1.863) * X6)) / (((-132.986) * X5) - ((-82.052) + ((-43.165) * X6))))) - ((((-2.735) * X6) - ((-4.703) * X1)) / ((87.970 * X5) - (((375.912 * X6) + (-146.330)) + ((-37.256) * X2))))) + ((0.566 * X6) + (-0.155)))))))
OperonRegressor,666_rmftsa_ladata,ok,10,200,0.5526525620319163,1.880175459683089,62.0,54.55841636657715,,((-0.001) + (0.999 * ((((((0.078 * X3) / ((((-22.646) * X10) + (138.169 * X3)) - (-48.570))) - ((0.009 * X5) - ((((-0.001) * X3) + ((-0.005) * X9)) + (0.008 * X1)))) - (-0.017)) * ((((-19.757) * X2) + ((((-1.968) * X5) - ((0.101 * X3) + ((-37.961) * X1))) - (-52.228))) + ((((((-111.681) * X10) + (95.099 * X3)) - ((-52.368) * X1)) * (((-0.018) * X3) + (0.079 * X10))) - 20.633))) - ((((-0.224) * X10) + 0.605) + ((0.003 * X5) * ((6.447 * X10) + ((-70.647) * X1)))))))
OperonRegressor,678_visualizing_environmental,ok,3,111,-0.3818882471929361,3.517704507931332,57.0,18.894871950149536,,((-0.000) + (0.995 * ((((((0.575 * X3) + 4.375) / (48.431 + (((-441.502) * X1) + ((-171.340) - ((-166.584) * X3))))) - ((-0.060) * X2)) + (((-0.525) * X1) + (((((3.894 * X3) + (3.008 * X1)) - (4.837 * X2)) / ((-88.222) + ((((-217.991) * X3) + (-157.021)) - ((-80.381) * X2)))) - (((55.111 * X1) + (324.913 - (380.575 * X3))) / (((-1589.320) * X3) + 2038.526))))) - (((-54.483) * X3) / ((512.635 * X1) + (((580.765 * X3) + 142.941) - ((-295.043) * X2)))))))
OperonRegressor,687_sleuth_ex1605,ok,5,62,-0.47971224624400954,17.213054836562723,63.0,22.519028186798096,,((-0.016) + (1.000 * (((((318.310 * X2) - (0.691 * X5)) + (((-481.113) * X1) + 178.839)) / (((16112.709 * X4) + ((166.375 * X2) - ((-550.779) * X5))) - (((-135.113) * X1) + (-808.006)))) - (((((301.032 * X2) - ((130.522 * X2) - ((-60.904) * X5))) * ((-0.002) * X1)) - (0.781 * X5)) - (((((851.382 * X1) - ((-810.733) * X5)) + (((((-910.510) * X2) - ((-530.278) * X5)) * (0.641 * X1)) + (((-380.034) * X2) - ((-45.302) * X5)))) / (((-206.617) * X1) + (-227.092))) * ((0.052 * X4) + (-0.004)))))))
OperonRegressor,690_visualizing_galaxy,ok,4,200,0.966593206618412,16.511844935854445,60.0,47.81009888648987,,((-0.000) + (1.001 * ((((((((0.262 * X2) * (0.134 * X2)) / ((((-54.918) * X2) + (0.038 * X2)) - (21.478 * X1))) * (0.004 * X2)) * (((-321.454) * X2) + (244.054 * X4))) - ((0.008 * X2) + ((-0.004) * X4))) * ((100.500 * X3) - (((((-0.403) * X4) - (0.112 * X1)) * (((-95.038) * X4) - (-66.631))) - 0.485))) - ((1.703 * X2) - (((((-117.478) * X4) * ((0.109 * X2) + ((-0.495) * X3))) / (-115.319)) + ((((0.576 * X2) + (6.749 * X4)) / ((-50.061) * X3)) + (-0.046)))))))
OperonRegressor,695_chatfield_4,ok,12,200,0.8871223523318119,15.43759539009058,61.0,47.35079383850098,,((-0.022) + (1.000 * (((0.580 * X12) + (((0.109 * X9) + ((0.607 * X12) / (((-45.345) * X3) + 9.856))) + (((-0.344) * X12) / (((-41.363) * X6) + 21.131)))) - ((((((-35.409) * X6) + 6.803) + (36.364 * X7)) * ((((-0.003) * X9) + ((-0.124) * X10)) + ((((0.083 * X12) / (((-31.820) * X4) - (-31.276))) + (0.483 * X10)) + ((-0.359) * X10)))) + (((-3.213) / ((((-194.164) * X12) + (((-563.930) * X9) + ((-939.110) * X10))) + ((-139.648) * X7))) + ((-0.252) * X11))))))
OperonRegressor,706_sleuth_case1202,ok,6,93,-2.4710681876325267,184.03465297916813,57.0,22.32418155670166,,(0.000 + (1.000 * ((((((-0.001) * X3) - (0.002 * X5)) - 0.001) * ((345.349 * X3) - (((((-423.129) * X2) * (((-15.653) * X4) - 0.649)) - (((((-68.344) * X4) - 75.803) - ((-89.385) * X5)) * (((-118.544) * X4) - ((27.854 * X3) - ((-51.024) * X5))))) / ((-51.223) + ((((28.499 * X5) + (57.939 * X1)) - (-2.021)) - 46.142))))) + ((((0.824 * X5) + (0.153 * X1)) - (-0.275)) - ((((-1.092) * X5) + ((-3.023) * X1)) / ((61.765 * X3) - (57.454 * X5)))))))
OperonRegressor,712_chscase_geyser1,ok,2,200,0.7000516147672764,7.348038812696368,64.0,40.140239238739014,,((-0.044) + (1.003 * (((0.864 * X2) - ((-0.064) / (((-4.303) - ((-0.859) * X2)) - (((-10.104) * X1) + (7.868 * X2))))) + (((0.020 / ((-0.028) - ((-0.897) * X2))) - (((-0.072) / (((4.159 * X2) * (2.221 * X2)) - ((-3.326) * X2))) * (1.503 * X1))) + ((((-0.408) * X1) / ((((-3.281) * X1) + ((-0.385) * X2)) - ((-20.664) * X2))) - ((-1.972) / ((((-0.864) * X2) * ((((-117.979) * X1) + ((-637.603) * X2)) - (41.959 * X2))) - ((-54.765) - ((-822.887) * X2)))))))))
OperonRegressor,_deprecated_195_auto_price,ok,15,159,0.7142240196831946,3378.2971283678344,61.0,35.87313961982727,,((-0.010) + (1.000 * ((((((-61.304) - ((-105.458) * X5)) + ((((-0.923) * X13) * ((19.465 - ((-57.680) * X2)) - ((-68.086) * X6))) + ((-50.030) * X7))) * (((0.001 - (0.001 * X2)) - (0.004 * X6)) - ((-0.004) * X8))) - (((((-0.001) * X7) - ((-0.003) * X5)) - (0.002 - (0.001 * X2))) * (((((33.423 * X7) - (28.919 * X3)) * ((-2.035) * X5)) - (77.994 * X6)) - ((0.375 * X13) * (((161.765 - ((-91.684) * X2)) - ((-34.452) * X5)) - ((-115.589) * X8)))))) + (0.928 * X7))))
OperonRegressor,_deprecated_207_autoPrice,ok,15,159,0.7142240196831946,3378.2971283678344,61.0,31.942201137542725,,((-0.010) + (1.000 * ((((((-61.304) - ((-105.458) * X5)) + ((((-0.923) * X13) * ((19.465 - ((-57.680) * X2)) - ((-68.086) * X6))) + ((-50.030) * X7))) * (((0.001 - (0.001 * X2)) - (0.004 * X6)) - ((-0.004) * X8))) - (((((-0.001) * X7) - ((-0.003) * X5)) - (0.002 - (0.001 * X2))) * (((((33.423 * X7) - (28.919 * X3)) * ((-2.035) * X5)) - (77.994 * X6)) - ((0.375 * X13) * (((161.765 - ((-91.684) * X2)) - ((-34.452) * X5)) - ((-115.589) * X8)))))) + (0.928 * X7))))
OperonRegressor,auto_insurance_losses,error,24,164,,,,,missing result,
OperonRegressor,auto_insurance_price,error,23,200,,,,,missing result,
OperonRegressor,feynman_III_10_19,ok,4,200,0.9998831202959071,0.07904776430768473,59.0,7200.040289402008,,(0.000 + (1.000 * ((((((((-3.942) * X2) - ((-32.576) + (((-1.651) * X3) + ((-1.591) * X4)))) * (3.130 + ((0.168 * X2) + ((0.165 * X3) + ((-0.378) * X4))))) * ((-1.402) + (((-0.073) * X2) + ((0.170 * X3) - (((-0.000) * X1) + (0.069 * X4)))))) - (((-9.104) * X2) - ((8.802 * X3) + (8.010 * X4)))) * (0.024 + ((0.009 * X1) + (0.000 * X4)))) - (((-4.264) + (((-1.760) * X1) + ((-3.978) * X4))) + (0.953 + (((-0.375) * X1) + (3.957 * X4)))))))
OperonRegressor,feynman_III_12_43,ok,2,200,0.9999999999999808,1.1212530975082851e-07,15.0,7200.03829741478,,((-0.000) + (1.000 * ((((2.428 - ((-0.953) * X1)) + ((-0.013) * X1)) * (0.280 * X2)) - ((-0.684) * X1))))
OperonRegressor,feynman_III_13_18,ok,4,200,0.9999996833104978,0.3091874417304527,49.0,7200.025032043457,,(0.000 + (1.000 * (((((((0.035 * X1) - 37.551) + ((-0.076) * X4)) * ((((-0.042) * X4) - ((0.000 * X1) + 1.107)) + ((-0.414) * X2))) * (((-0.000) * X3) + (-0.001))) * ((((-7.481) * X1) + (-19.374)) - (((((-27.754) * X4) + (25.879 * X2)) / (((0.011 * X1) + (-17.963)) + ((-6.923) * X4))) * (((0.015 * X4) - ((2.059 * X1) + 5.333)) + ((-0.001) * X2))))) + (-0.845))))
OperonRegressor,feynman_III_14_14,ok,5,200,0.9856431945456099,0.8388012314796109,58.0,7200.865266084671,,(0.003 + (1.005 * ((-0.807) + (((0.187 * X1) + (((((-17.696) * X3) - (((58.999 * X2) - ((-1.280) * X3)) - (-70.310))) * ((2.376 + ((-0.014) * X3)) - 2.449)) - ((0.014 * X5) - ((-2.644) * X2)))) * ((0.003 - ((0.001 * X5) + (0.001 * X4))) * (((17.399 * X1) + ((3.710 * X2) - (-38.122))) + ((((-14.281) * X2) - (((-17.828) * X5) + ((-22.425) * X4))) * ((((-0.003) + (0.001 * X5)) - (0.002 * X1)) * (((-56.147) * X5) + ((-68.488) * X4))))))))))
OperonRegressor,feynman_III_15_12,ok,3,200,0.45803966246307604,3.765482018365978,61.0,7200.168808460236,,((-0.050) + (1.007 * (((((15.393 * X3) - ((-17.344) + (1.125 * X1))) - ((1.174 - ((-0.886) * X3)) * (((((-123.021) + (96.725 * X2)) * ((-0.056) * X2)) - ((-11.683) * X3)) * (0.626 * X2)))) * ((((-0.006) + ((((-14.018) + (4.486 * X2)) - ((-7.586) * X3)) * ((-0.001) * X2))) - ((-0.005) * X3)) * (((((-12.269) + ((-6.840) * X2)) - (2.593 * X3)) * (((15.067 + ((-9.898) * X2)) * (13.612 * X2)) * ((-0.002) * X2))) - (4.998 * X3)))) - ((-0.423) * X1))))
OperonRegressor,feynman_III_15_14,ok,3,200,0.9927552604442449,0.0014664436840010559,62.0,5888.168693065643,,((-0.004) + (1.004 * ((((0.000 * X1) + ((-0.000) * X3)) + (((-0.000) * X2) + (-0.000))) * (((((((((-7.118) * X2) + ((-8.207) * X3)) * ((7.353 * X1) + (43.164 * X2))) + (((1.487 * X1) + (11.922 * X3)) * ((68.153 * X2) + ((-44.343) * X3)))) - ((319.691 * X1) + (((-379.808) * X2) + (148.051 * X3)))) * ((-773.448) + (435.339 * X3))) * ((((-0.764) * X3) - ((0.431 * X2) + (-0.295))) * (((-0.000) * X2) + ((0.000 * X1) + ((-0.001) * X3))))) - ((-1227.458) + (393.990 * X3))))))
OperonRegressor,feynman_III_15_27,ok,3,200,0.9984406277348012,0.10633693127019919,57.0,5880.668422937393,,(0.000 + (1.000 * (((((-0.048) * X3) - 0.563) + (((-0.069) * X2) + (0.191 * X1))) + ((((-0.004) * X2) - (((0.004 * X3) - 0.476) + 0.471)) * (((((-12.579) * X3) - (-36.504)) + (((((-1.335) * X2) + (3.549 * X1)) * ((((-1.196) * X3) + 3.089) + ((-2.102) * X2))) - ((11.984 * X2) + ((-8.055) * X1)))) * (((((-0.044) * X3) - (-0.570)) * ((((5.568 * X2) - (-3.202)) * (0.124 * X2)) - (10.257 * X3))) - (((-5.960) * X3) - 1.072)))))))
OperonRegressor,feynman_III_17_37,ok,3,200,0.9999647601090538,0.029722594689368546,46.0,6286.7376828193665,,(0.000 + (1.000 * ((((((0.029 * X1) - (((0.001 * X3) + 0.021) * ((38.324 * X1) + 97.066))) * ((((0.171 * X3) * ((68.487 * X2) - (52.381 * X3))) + ((20.843 * X2) - ((-32.575) * X3))) + (((((-8.142) * X3) * (1.050 * X3)) + 11.883) * ((5.624 * X2) - (-15.223))))) - (((-20.533) * X1) + (-114.532))) / 56.339) * (((12.512 * X3) * ((-0.002) * X3)) + (((-0.000) * X1) + 0.214)))))
OperonRegressor,feynman_III_19_51,ok,5,200,0.981611412999656,0.24617473426671624,58.0,6569.180910587311,,(0.196 + (1.050 * ((((((1.531 * X1) * ((-48.003) * X2)) + ((-11.698) * X4)) + ((((-232.903) * X2) + (-240.770)) + ((-88.301) * X1))) / ((((-0.791) * X1) + (100.392 * X3)) + ((5.906 * X1) / (0.028 * X1)))) * (((((904.234 * X3) + (((447.481 * X4) + ((-130.958) * X3)) + ((-1097.143) * X2))) / (((4.326 * X5) + (30.590 * X4)) + ((4.567 * X1) / (0.066 * X1)))) / ((((-107.313) * X5) + ((-88.621) * X5)) + ((2.450 * X1) / ((-0.006) * X1)))) + (0.029 * X3)))))
OperonRegressor,feynman_III_21_20,ok,4,200,0.9999999992326607,0.00028304596571570255,58.0,7200.406240940094,,(0.000 + (1.000 * (((1.067 + (0.000 * X4)) + (0.000 * X2)) - ((((((-0.037) * X1) - ((((-0.835) * X3) + (((-0.037) * X1) - ((-0.830) * X4))) + ((-0.000) * X2))) / ((-3.316) + ((-1.273) * X4))) - 0.652) * ((((0.000 * X1) + (0.009 * X2)) - (-0.023)) * (((((((-22.898) * X1) - (0.514 * X4)) - 13.384) - 18.597) - ((((0.002 * X2) - ((-8.495) * X4)) / ((-16.497) + (0.002 * X4))) - (-27.485))) - (((-110.218) * X4) * ((-0.000) * X2))))))))
OperonRegressor,feynman_III_4_32,ok,4,200,0.9936704442410005,0.730510020870763,62.0,7062.8100163936615,,(0.001 + (1.001 * (((((-0.171) + (0.463 * X3)) + ((-0.200) * X2)) + ((-0.303) * X1)) + ((((-0.004) - ((-0.000) * X1)) + (0.001 * X2)) * ((((((32.257 * X1) + ((-35.884) - ((-5.104) * X2))) + ((-47.395) * X3)) * (0.132 + ((21.496 * X2) * (0.002 * X2)))) * (((((0.158 * X1) + ((-0.068) * X2)) + ((-0.117) * X4)) * ((-39.016) - ((-16.213) * X1))) + ((-9.048) + ((-9.663) * X2)))) + (((12.465 * X2) * ((-2.228) * X2)) + ((0.546 * X4) + ((-58.147) * X4))))))))
OperonRegressor,feynman_III_4_33,ok,4,200,0.9999981611010231,0.0069096378234196855,59.0,7200.088710784912,,((-0.000) + (1.000 * (((((0.686 * X3) - ((-0.022) + (0.033 * X1))) - ((-0.686) * X4)) - ((((0.143 * X2) - ((((-0.028) * X2) + 4.801) + (0.349 * X1))) / (((18.583 * X4) - ((15.302 * X2) + (-7.440))) - (((-17.604) * X3) - (114.596 + ((-10.734) * X1))))) - ((((-106.871) + ((-39.003) * X1)) + (0.729 * X3)) / (((-2216.931) / (((-1.129) * X2) + (-1.379))) + (((-6.408) * X3) - ((-3.885) + ((-5.453) * X1))))))) + ((6.928 * X4) * (0.038 * X3)))))
OperonRegressor,feynman_III_7_38,ok,3,200,0.9999739274435514,0.18490793998337632,54.0,7200.362166881561,,(0.000 + (1.000 * (((0.326 * X2) + ((-0.205) + ((-0.335) * X3))) - ((((((0.000 + ((0.002 * X2) / (-1.297))) - ((-0.001) * X3)) * ((2.169 + ((-3.504) * X3)) + (4.316 * X1))) - (-0.000)) * ((((0.205 * X2) + (((-0.724) * X3) * ((-3.255) * X3))) - (((8.644 * X3) + (0.005 * X1)) + (-26.993))) + (((0.166 * X3) * (5.837 * X3)) * (((-0.131) * X2) + (((0.614 * X3) * (2.453 * X3)) - (3.141 * X3)))))) - (0.412 * X1)))))
OperonRegressor,feynman_III_8_54,ok,3,200,0.2135943515668125,0.31493914101993137,60.0,7200.189656496048,,(0.099 + (1.047 * (((((((((0.004 * X3) - (0.001 * X2)) + (((-7.912) * X1) * (0.000 * X3))) * (((-392.844) * X3) + ((223.297 * X2) - ((-104.534) * X1)))) * (((40.706 * X1) - (20.137 * X3)) - (((-35.401) * X2) + (-49.079)))) + (((-207.713) * X3) + ((196.072 * X2) - ((-93.235) * X1)))) * (((-0.000) * X3) - ((-0.000) * X2))) * (((2.072 * X2) - 11.104) - ((((((-10.015) * X2) * (((-13.394) * X1) * ((-0.054) * X3))) - 4.791) - 3.074) - (16.640 * X1)))) - (0.195 * X1))))
OperonRegressor,feynman_III_9_52,ok,6,200,0.9188067926016431,4.10284221950575,56.0,7200.294600248337,,(0.003 + (1.004 * ((-0.615) + (((((((-0.004) * X1) - ((-0.003) * X4)) + ((((-0.004) * X2) - 0.015) - (0.007 * X3))) + (0.000 * X5)) * (((((-0.484) * X6) + (1.073 * X5)) * (((-13.190) * X6) + (5.977 * X5))) - (39.310 - ((3.164 * X4) + (-30.581))))) * (((0.190 * X1) - ((0.205 * X4) + 37.367)) + (((((0.331 * X6) + (-3.261)) + ((-0.329) * X5)) - ((-0.013) * X3)) * ((((-0.056) * X2) - ((1.202 * X6) + 11.795)) + (1.198 * X5))))))))
OperonRegressor,feynman_II_10_9,ok,3,200,0.999999998142597,1.0667034045010451e-05,44.0,7200.131488323212,,((-0.000) + (1.000 * ((((((((-0.129) * X1) + (0.028 + (((-0.000) * X3) + (0.129 * X1)))) / (((-0.301) * X2) - 4.805)) / ((-0.400) + ((-0.116) * X3))) - (-0.027)) - 0.027) * (((0.000 * X1) - (((-1.345) * X3) + (((((-4.825) * X1) + (4.787 * X2)) / (((-1.362) * X2) - 3.553)) - 1.140))) * (((-1.225) * X2) + (-19.529))))))
OperonRegressor,feynman_II_11_20,ok,5,200,0.9999973551978973,0.011555682053846907,56.0,6517.704773187637,,(0.000 + (1.000 * (((((((165.278 * X2) - ((((-289.425) * X2) + 0.305) + (-221.414))) - (-1223.965)) / ((322.883 * X5) - (-840.052))) * ((((-89.430) + (263.339 * X3)) - (-449.149)) - (((-31.860) * X3) + (156.840 * X3)))) * ((((((-59.505) * X3) - (((-59.505) * X3) + (0.000 * X4))) + ((((3900.559 * X1) + (101.235 * X2)) - (-452.569)) / ((-949.703) + (18.929 * X2)))) + ((3.925 * X1) + ((-0.098) * X2))) / (((-259.089) * X4) + (-673.929)))) - 0.728)))
OperonRegressor,feynman_II_11_27,ok,4,200,0.9998605699090405,0.008288606654273943,60.0,7200.097369432449,,((-0.000) + (1.000 * ((((-0.887) + (0.021 * X1)) - ((-0.030) * X2)) + ((((-0.032) + ((-0.007) * X4)) + (((0.001 * X2) + (0.000 * X1)) * ((((((-0.003) * X2) + ((-0.000) * X1)) + 0.282) * ((-68.815) + ((242.347 * X1) + ((-15.129) * X4)))) + ((-70.138) * X1)))) * (((-1.643) - ((((-1.024) + (0.001 * X4)) + (((-0.645) * X1) + ((-0.074) * X2))) * ((((-2.133) * X2) - 23.302) + (((-5.216) * X3) + ((-0.827) * X1))))) + (2.152 * X2))))))
OperonRegressor,feynman_II_11_28,ok,2,200,0.999999678630828,0.00016447662174483424,59.0,7200.547417163849,,(0.000 + (1.000 * ((((((0.000 * X2) - (-0.001)) + (0.000 * X1)) * ((((6.980 * X2) + (7.026 * X1)) - (((((-143.900) * X2) - 60.341) - (-94.934)) * (((-0.000) * X1) + ((-0.013) * X2)))) - (((0.125 * X1) + (0.064 * X2)) * (((((-2.428) * X2) + ((-5.668) * X1)) * ((0.067 * X1) - ((-0.622) * X2))) + ((-18.705) * X2))))) - (-0.102)) * ((((5.857 * X2) + (5.837 * X1)) - (((19.167 * X1) + ((-0.393) * X2)) * ((0.003 * X1) + ((-0.168) * X2)))) - 0.799))))
OperonRegressor,feynman_II_11_3,ok,5,200,0.9981362921935544,0.005366288052966549,53.0,7200.0991978645325,,(0.000 + (1.001 * (((((((((-0.735) * X4) + ((-29.913) * X2)) + ((67.479 * X3) - (((-22.914) * X1) + 198.711))) * ((((-0.073) * X1) + ((0.032 * X4) + (0.000 * X2))) + (0.183 * X3))) + (((125.322 * X4) - (35.323 * X5)) + ((104.911 * X3) + 599.743))) / ((3.524 / ((((-0.103) * X3) + 0.892) + (((-0.004) * X4) + (0.019 * X2)))) + ((0.883 * X4) - (0.252 * X5)))) - (((-0.714) * X4) + ((2.744 * X3) + 154.270))) * ((0.014 * X1) + 0.109))))
OperonRegressor,feynman_II_13_17,ok,4,200,0.9776481846527942,0.003730290822253236,59.0,7200.072345733643,,((-0.002) + (1.003 * ((((((((-76.519) * X2) - (195.249 * X4)) - (140.839 * X1)) + ((-355.422) - (300.326 * X2))) + ((((((-29.356) * X3) + (31.916 * X2)) - ((-9.203) * X1)) * (((-0.002) * X4) - ((0.012 * X2) - ((-0.005) * X1)))) * ((((0.449 * X2) - ((-0.086) * X1)) * (((14.621 * X2) + (11.582 * X4)) * ((14.143 * X2) + (10.802 * X4)))) - ((14.676 * X1) * ((12.251 * X1) - 6.377))))) + (129.635 * X3)) * ((((-0.000) * X4) + (((-0.000) * X2) - (0.000 * X1))) + 0.001))))
OperonRegressor,feynman_II_13_23,ok,3,200,0.9999999744074525,0.00019426021475092012,53.0,6851.29620718956,,(0.000 + (1.000 * ((((-3.343) - ((-0.000) * X3)) - (3.503 * (-0.922))) + ((0.951 * X1) - (((0.000 * X2) - (((((-0.045) * X1) - (((-5.323) * X2) + (-24.114))) / (((-0.194) * X2) - ((-4.565) - (1.821 * X3)))) * ((0.003 - ((-0.000) * X3)) - ((-0.001) * X1)))) * (((-0.262) - ((-0.086) * X3)) - ((((-2.524) * X2) + (-21.954)) / (((-0.004) * X1) - ((-4.124) - (0.959 * X3))))))))))
OperonRegressor,feynman_II_13_34,ok,3,200,0.9999897762862269,0.006744680765321377,58.0,7200.048947811127,,(0.000 + (1.000 * ((((0.431 * X2) - ((((-0.842) * X1) + 0.041) - ((0.138 * X2) * (1.203 * X1)))) - (((-0.003) * X1) + (-0.000))) - ((((((-0.000) * X2) + (0.000 * X3)) * ((0.132 * X2) + ((-0.270) * X3))) + (((-0.000) * X2) - ((-0.000) * X3))) * (((163.252 - (32.734 * X3)) - ((-53.572) * X1)) + ((0.382 * X3) * (((-15.859) - ((-11.907) * X3)) * (((0.050 * X2) - (0.076 * X3)) * (((8.912 * X2) + ((-42.064) * X3)) - ((-37.344) * X1))))))))))
OperonRegressor,feynman_II_15_4,ok,3,200,0.9999864799198247,0.019317748597281307,58.0,6899.232020616531,,((-0.000) + (1.000 * ((((38.672 + ((-0.018) * X1)) - ((((-0.284) * X3) * (((((-0.141) * X3) * ((-4.559) * X3)) * ((-11.510) + (24.870 * X3))) + ((-171.279) * X3))) - (((-5.477) * ((-2.103) * X3)) - ((-22.747) - 12.530)))) * ((((((-9.873) * X3) * (0.009 * X3)) + (7.890 * X2)) / (6.470 + ((-0.018) * X1))) + ((((-1.211) * X2) - ((-0.036) - ((-0.013) + (0.009 * X1)))) + ((0.002 * X3) * (5.315 * X3))))) - (0.815 + (-0.042)))))
OperonRegressor,feynman_II_15_5,ok,3,200,0.999999675921231,0.002977775923895887,55.0,6464.834867715836,,(0.000 + (1.000 * ((-0.772) - ((((((((-0.031) * X3) + ((0.016 * X3) * (8.096 * X3))) * (((6.562 * X2) + 3.391) + 13.595)) + ((-0.002) * X1)) + (((-10.989) * X2) + (-28.530))) * (((5.211 * X3) + ((4.069 * X3) * ((-5.288) * X3))) - (-39.389))) * ((((((-0.000) * X1) + ((-0.000) * X3)) - (((-0.000) * X3) * (5.525 * X3))) * (((-0.013) * X3) + ((-1.192) + ((5.935 * X3) * (0.009 * X3))))) + ((0.000 * X1) + 0.002))))))
OperonRegressor,feynman_II_21_32,ok,5,200,0.981582948509625,0.0065220120652817945,63.0,7200.16965842247,,((-0.000) + (1.000 * (((((((-0.866) * X5) + (0.501 * X4)) - (-4.555)) + (((0.056 * X3) + (0.043 * X2)) * ((-9.248) - ((-15.528) * X3)))) * (((-0.068) * X2) + (((0.001 * X2) * (((318.829 * X2) * (((-0.053) * X2) + (0.046 * X1))) + ((((-13.452) * X3) + (31.843 * X2)) + ((-0.097) * X4)))) - (((((-0.008) * X3) - (((-0.007) * X1) + 0.005)) * ((-10.384) - (((-3.367) * X3) + ((-3.925) * X2)))) + (((0.028 * X5) + ((-0.016) * X4)) - ((-0.010) * X1)))))) - 0.152)))
OperonRegressor,feynman_II_24_17,ok,3,200,0.9999725385059506,0.004519836645802015,60.0,7200.116240024567,,((-0.000) + (1.000 * (((((-4.162) - ((0.248 * X1) - ((0.487 * X2) + ((-0.502) * X3)))) / (-57.017)) * ((((((0.107 * X3) - 2.857) * (7.633 * X3)) - ((7.069 * X2) + ((-0.002) * X3))) + (((91.373 - ((1.192 * X1) * ((-0.247) * X3))) - ((-0.990) * X1)) + (11.848 * X3))) - (((0.006 * X2) + ((-0.004) * X1)) * ((((-12.877) * X2) + ((-1.852) * X1)) * (16.301 - ((0.096 * X1) - (((-3.652) * X2) + ((-1.756) * X3)))))))) - (((-0.515) * X2) - (-6.793)))))
OperonRegressor,feynman_II_27_16,ok,3,200,0.9999999985306273,0.003476367534921576,50.0,5731.200986146927,,(0.000 + (1.000 * ((-1.038) - ((0.000 * X3) + (((((((-4.100) * X3) + ((0.000 * X2) + (-10.913))) * ((1.210 * X2) - (-2.672))) - ((-0.250) * (((-0.000) * X1) + (7.540 * X3)))) - ((3.854 * X3) - (-5.227))) * ((((((-3.326) * X3) + ((-11.117) * X1)) + (-0.218)) * (-0.001)) - ((((((-0.001) * X3) + ((-1.451) * X1)) - 2.651) * ((0.000 * X2) + (0.003 * X3))) - 0.026)))))))
OperonRegressor,feynman_II_27_18,ok,2,200,0.9999999999999662,4.680303366622258e-06,38.0,6784.61687374115,,((-0.000) + (1.000 * ((((0.000 * X1) - (0.772 * X2)) * ((((-0.275) - (((((-0.486) * X1) - (2.068 * X2)) * 0.315) * ((0.155 * X2) * (0.000 * X2)))) + (((((-0.513) * X2) - 0.519) - ((-0.458) * X2)) * (3.700 - ((-1.427) * X1)))) + (0.335 * X1))) - (0.158 + ((0.883 * X2) + ((-0.407) * X1))))))
OperonRegressor,feynman_II_2_42,ok,5,200,0.9999996835379931,0.00421065850551928,29.0,7200.112670183182,,((-0.003) + (1.000 * (((0.000 * X5) + (((-0.000) * X1) - 0.001)) * (((3.810 - 12.958) + (((((-24.966) + (-1.500)) + ((-0.003) * X5)) * ((4.305 * X3) + ((-4.324) * X2))) * ((17.210 * X4) + 44.611))) / (11.877 + (4.566 * X5))))))
OperonRegressor,feynman_II_34_11,ok,4,200,0.9987948174988064,0.17468833579089094,60.0,7200.302881717682,,(0.000 + (1.001 * (((((0.042 * X2) + (0.048 * X3)) + (-0.594)) + (0.165 * X1)) + ((((((((0.003 * X2) + ((-0.000) * X3)) + 0.006) + (0.000 * X1)) + ((-0.001) * X4)) * ((((2.023 * X3) + ((-0.006) * X1)) + ((-0.767) * X4)) - (-4.707))) + (-0.013)) * (((6.461 * X4) - (-19.449)) + ((((((-22.082) * X4) - (-30.632)) * (((-0.014) * X4) - ((-0.002) * X3))) + 1.312) * (((-7.849) * X4) - ((((-7.137) * X1) + ((-0.132) * X3)) + (-2.748)))))))))
OperonRegressor,feynman_II_34_2,ok,3,200,0.9999999999999027,3.00837218796977e-06,36.0,7200.235872745514,,(0.000 + (1.000 * ((((-0.034) * (((1.976 * X1) - ((1.428 * (((-0.000) * X2) + (-2.871))) - 1.036)) * (((((-0.189) * X3) - 1.301) * ((((-0.000) * X1) + (4.413 * X2)) * 1.414)) - (((-5.033) * X2) + (3.071 * X3))))) + (-0.002)) + (((0.000 * X3) + (0.537 * X1)) + (0.000 * X2)))))
OperonRegressor,feynman_II_34_29a,ok,3,200,0.9999787655531636,0.001054375350432347,51.0,5797.7881581783295,,((-0.000) + (1.000 * ((((18.336 * X3) + ((-16.346) * X1)) * ((0.010 * X3) + ((-0.025) + ((-0.009) * X2)))) + (((-0.222) + (0.449 * X2)) - (((((3.791 * X3) + (0.007 * X1)) + ((((10.463 * X3) + (-24.449)) * (1.759 * X3)) * (0.086 * X3))) - 10.963) * ((((0.001 * X2) - 0.000) - (0.001 * X3)) * (((-4.383) + (0.038 * X3)) - (((((-15.242) * X3) - ((-1.979) * X1)) + (11.243 * X1)) * (0.383 * X3)))))))))
OperonRegressor,feynman_II_34_29b,ok,5,200,0.9988202291567128,7.530059704062431,54.0,6283.295374631882,,(0.000 + (1.000 * (((((0.000 * X1) + ((0.000 * X5) - (-0.001))) * ((((31.649 + (12.153 * X3)) * ((0.005 * X2) + (((-0.009) * X4) + (0.000 * X3)))) * (31.995 - (6.186 * X2))) - ((8.503 * X3) + 21.863))) * ((((42.459 - (22.654 * X2)) * ((((-2.245) * X2) + (0.135 * X4)) + (((-0.030) * X1) - ((-1.826) * X5)))) * ((0.036 * X2) + ((-0.001) * X4))) - ((((-3.915) * X2) + (9.866 * X5)) + ((0.171 * X5) - (-26.649))))) + (-0.923))))
OperonRegressor,feynman_II_34_2a,ok,3,200,0.999998297491593,0.0006012477684231212,53.0,5793.952045202255,,(0.000 + (1.000 * (((-20.737) + ((((((-1.142) * X3) * ((-1.880) * X3)) - ((6.631 * X3) - 0.573)) * (((((-0.078) * X3) * (((-19.580) * X3) + ((-0.037) * X2))) * (0.006 * X3)) - 0.061)) * (((-2.597) * X3) - (-3.076)))) * (((((0.325 * X3) * (3.259 * X3)) - ((6.298 * X3) - 19.242)) * (((((-0.000) * X1) * (1.495 * X2)) - ((0.001 * X1) + (((-0.001) * X3) - 0.001))) - (0.001 * X2))) - ((-0.000) * X3)))))
OperonRegressor,feynman_II_35_18,ok,5,200,0.9933271600814023,0.025948769278012634,60.0,6713.657244682312,,(0.000 + (1.000 * ((((((-20.595) * X3) + (0.089 * X2)) - 1.374) - (((-0.059) * X1) + ((-20.900) * X3))) + (((((-11.748) * X4) - (((-27.460) * X3) + ((-73.844) * X1))) + (((((-0.004) * X2) + (0.011 + (0.002 * X1))) * ((((-67.399) * X2) - ((-69.340) * X4)) * ((23.477 * X2) - ((22.140 * X5) - (4.546 * X3))))) + ((216.759 - (24.668 * X3)) + (((-7.864) * X5) - (41.255 * X3))))) * ((0.002 * X2) - ((0.002 * X5) - (((-0.002) * X4) + (0.007 - ((-0.002) * X3)))))))))
OperonRegressor,feynman_II_35_21,ok,5,200,0.9953252911620963,0.34527289716968323,59.0,6330.231716632843,,(0.000 + (1.000 * ((((((-0.208) * X2) - ((2.187 + ((-0.124) * X4)) - (0.286 * X5))) * ((((((-0.012) * X4) - 0.040) - (((-0.008) * X2) - (0.012 * X3))) * (((5.634 * X4) + (66.582 * X5)) - ((21.576 * X2) - ((-56.113) * X3)))) - (((-6.728) + ((0.912 * X2) - ((2.065 * X5) - ((-0.351) * X3)))) - (((-0.518) * X4) - (-7.239))))) * (((2.490 * X2) + (((-0.352) * X4) - (-5.594))) * (((-0.003) * X1) + (-0.008)))) - (1.385 + ((-0.012) * X4)))))
OperonRegressor,feynman_II_36_38,ok,8,200,0.9547391956262312,0.23920106764179452,59.0,6407.31705904007,,(0.000 + (1.000 * ((((((0.001 * X8) - (-0.004)) + ((-0.003) * X3)) - (((0.001 * X6) + ((0.002 * X7) + ((-0.005) * X1))) - (((-0.003) * X4) - ((-0.001) * X5)))) * (37.911 + ((((0.116 * X8) - (-0.591)) - (((0.230 * X4) - (0.267 * X2)) - (((-0.260) * X7) - (0.222 * X3)))) * ((10.750 * X5) - ((((-56.984) + (11.675 * X6)) + (18.475 * X3)) - (((-18.218) * X4) - ((-2.251) * X2))))))) - ((0.535 - (((-0.071) * X4) - (0.072 * X3))) + ((-0.201) * X2)))))
OperonRegressor,feynman_II_37_1,ok,3,200,0.9999999999999815,3.208146774900365e-06,42.0,7200.167342424393,,((-0.000) + (1.000 * (((-1.329) + (((0.755 * X1) / (0.432 * X1)) + ((0.590 * X2) - 0.417))) - ((((-0.054) * X2) + (-0.140)) * (((2.525 * X1) + (((((0.371 * X3) + (2.331 * X1)) + (0.000 * X2)) + ((-0.371) * X3)) * (((-0.339) * X3) - (((-0.856) * X3) + (-0.718))))) - (((-0.000) * X2) + ((-3.135) * X3)))))))
OperonRegressor,feynman_II_38_14,ok,2,200,0.9999999999996201,1.31962232281164e-07,46.0,6751.565464496613,,((-0.000) + (1.000 * (((((0.214 * X2) + 1.067) + ((((-0.461) * X2) + ((4.541 * X2) + ((((-0.000) * X1) - ((-0.000) * X2)) * (1.749 + (1.060 * X1))))) - (((-0.863) * X2) + (((-0.239) - ((-0.927) * X2)) - (3.406 * ((-1.513) * X1)))))) / (((-1.225) + ((((-0.306) * (0.785 * X2)) + ((-0.000) * X1)) - (-0.390))) / 0.110)) - (0.000 * X2))))
OperonRegressor,feynman_II_38_3,ok,4,200,0.9999999999999766,1.5227801499169967e-06,55.0,6500.228842496872,,(0.000 + (1.000 * (((((-0.000) * X1) - ((-0.034) * X3)) + (((-0.034) * X3) - 1.077)) - ((((((0.000 * X3) - 0.000) * (((-24.034) * X1) - ((6.544 * X3) - (-22.334)))) + ((((-115.086) - (0.000 * X2)) - (((0.000 * X4) + 32.090) + ((56.576 * X1) - (0.000 * X3)))) / ((((10.798 * X3) - (-11.387)) - ((-0.000) * X4)) - (-16.680)))) * (((8.299 - ((-3.185) * X2)) + ((-0.000) * X3)) * ((0.008 * X4) + 0.021))) + ((-0.000) * X2)))))
OperonRegressor,feynman_II_3_24,ok,2,200,0.9999999451027268,1.3282417519695535e-05,53.0,6034.962993383408,,(0.000 + (1.000 * ((-0.849) - (((((((272.375 * X2) + (269.614 * X2)) + (6631.908 * X2)) / ((((-0.016) * X2) * (66.969 + (1693.366 * X2))) - (61.285 * X2))) + (((-9.066) * X2) + (68.085 + ((52.827 * X2) / (-14.647))))) * (4.747 + (((((-2.121) * X2) + ((-0.000) * X1)) / (1.626 * X2)) + (1.326 * X1)))) * (0.003 - (((0.000 * X2) * (((-0.624) * X2) + (((70.076 * X2) + ((-0.006) * X1)) * (0.001 * X2)))) * ((-0.466) * X2)))))))
OperonRegressor,feynman_II_4_23,ok,3,200,0.9999999798575268,4.729097743406713e-06,58.0,6420.066039800644,,(0.000 + (1.000 * ((-1.151) - (((((((-25.511) * X2) + (0.000 * X3)) * (((-0.003) * X1) + ((((-0.012) * X2) + (0.006 * X3)) - (-15.146)))) - (((-386.043) * X2) + 7479.215)) / ((((-10.240) * X3) * ((((-2.376) * X2) + 1.145) - 7.262)) + ((((0.001 * X2) + (0.000 * X1)) * (((-4.133) * X2) + (0.751 * X1))) + (((63.247 * X2) + (0.899 * X3)) - (-165.214))))) * ((0.007 * X1) + (((0.000 * X2) + ((-51.518) * X3)) - ((-0.017) + ((-51.518) * X3))))))))
OperonRegressor,feynman_II_6_11,ok,4,200,0.9983894746980055,0.0008122170274403334,63.0,7200.396795749664,,((-0.000) + (1.000 * (((((144.621 * X3) + (((28.397 * X1) + (-365.941)) + ((56.987 * X4) + (-341.290)))) / ((((-44.069) * X4) + (2.842 * X1)) + (-116.118))) * ((((((-0.083) * X3) + (-0.015)) + ((-4.868) * X3)) + ((4.930 * X3) + (((-0.000) * X2) + ((-0.000) * X1)))) * ((((-43.427) * X3) + (((-154.873) * X2) + ((((-436442560.000) * X3) / (-3761949900800.000)) + (((-7.955) * X2) - 545.690)))) / ((((-9.446) * X4) + ((-32.105) * X1)) + (-121.295))))) - ((0.002 * X4) + (-0.504)))))
OperonRegressor,feynman_II_6_15a,ok,6,200,0.9842983860914303,0.04605284386838663,60.0,7200.32243680954,,(0.007 + (1.010 * ((((((-41.233) * X3) + ((-3.724) * X3)) * (((-0.000) * X5) + 0.002)) - 0.359) + (((((((12.369 * X5) + 1125.140) - ((-276.499) * X6)) * ((-0.108) * X3)) - ((-44.091) * X4)) - (((-47.832) * X6) + (((-20.678) * X5) + (-99.651)))) * (((((0.001 * X3) * ((-6.897) + ((3.695 * X3) + (0.872 * X1)))) * ((((-0.443) * X3) * ((0.095 * X5) + 1.083)) + ((-0.088) * X1))) * ((0.721 * X2) - (-2.201))) * (((-0.194) * X3) + ((-0.060) * X1)))))))
OperonRegressor,feynman_II_6_15b,ok,4,200,0.9894653996881518,0.0030372503441132266,61.0,7200.014852285385,,((-0.000) + (1.000 * (((((-12.389) * X3) * ((-0.018) * X3)) + ((-0.254) * X3)) + (((((((((-0.000) * X2) + (0.000 * X1)) + (-0.000)) + (0.000 * X4)) * ((((-3.005) * X3) * (1.710 * X3)) + (7.485 + (6.142 * X3)))) * (((0.872 * X3) + ((-4.809) * X4)) + ((2.193 * X2) + ((-1.911) * X1)))) * (((((0.767 * X2) + (0.223 * X1)) + ((((-9.605) * X3) * (0.442 * X3)) + 18.272)) + ((-4.645) * X1)) + (((-0.344) * X4) * ((8.361 * X3) + ((-29.451) * X4))))) - 0.018))))
OperonRegressor,feynman_II_8_31,ok,2,200,0.9999999741038816,0.0020533356609412183,22.0,7200.271403551102,,((-0.000) + (1.000 * ((((-1.507) - (0.581 * X1)) * (((2.928 - ((-0.564) * X2)) * ((-0.184) * X2)) - (0.000 * X1))) + ((((-0.331) * X1) / (-0.814)) - 0.157))))
OperonRegressor,feynman_II_8_7,ok,3,200,0.9955600387567453,0.005937378484664233,54.0,7200.521458864212,,((-0.000) + (1.000 * (((((-0.001) * X1) - ((0.001 + (0.000 * X2)) - (0.000 * X3))) * ((((6.990 * X2) - ((((-47.125) * X2) - (41.042 * X3)) * ((0.046 * X1) + ((0.121 * X3) - (0.189 * X3))))) * (((0.972 + ((-0.209) * X2)) * (((-19.826) * X3) + (16.985 + ((-41.415) * X2)))) + (40.399 * X2))) + ((((26.242 + ((-13.523) * X2)) - ((-17.073) * X3)) * ((13.785 + (7.452 * X2)) - (1.785 * X3))) - (145.488 * X1)))) - ((-0.459) * X1))))
OperonRegressor,feynman_I_10_7,ok,3,200,0.9999982291411095,0.001615432688324074,53.0,5295.350883245468,,((-0.000) + (1.000 * (((((((0.000 * X1) + (0.000 * 7.159)) * ((((-131.551) * X3) - ((-47.742) * X2)) - (((-18.092) * X2) + 80.889))) * (((-6.122) * X3) + 18.760)) + ((-0.004) * X1)) * (((0.000 - (((((-0.070) * X3) - ((-0.070) * X2)) + 0.125) * (((-2.957) * X3) * ((-0.000) + (0.000 * X3))))) * ((18.467 * X2) + ((((-2.489) * X3) * (9.486 + ((-9.180) * X3))) - 36.221))) + 0.031)) - ((-0.993) * X1))))
OperonRegressor,feynman_I_11_19,ok,6,200,0.9999999999982807,1.1539324412886309e-05,55.0,7200.657005786896,,((-0.000) + (1.000 * ((((-2.822) * X1) + ((((2.745 * X5) + (0.064 * X4)) * ((0.056 * X2) - (-6.130))) - ((((((-0.004) * X2) + (0.606 * X1)) - ((0.443 * X1) - 0.000)) * (((0.000 * X3) - (0.932 * X4)) - (((-0.000) * X1) - (-19.692)))) + (((-0.437) * X6) + ((((-0.395) * X3) + ((-0.470) * X2)) + (16.430 * X5)))))) + ((((-6.007) / 1.775) + (((12.512 * X3) + ((-0.000) * X2)) + ((-0.000) * X5))) * (0.012 * X6)))))
OperonRegressor,feynman_I_12_1,ok,2,200,0.9999999703418558,0.0008756928714216421,21.0,7200.190252065659,,((-0.000) + (1.000 * ((0.682 * X1) + (((0.926 - ((-0.157) * X1)) * (((4.112 - (0.000 * X2)) * (0.406 * X2)) - (0.001 * X1))) - ((1.459 * X2) + ((-0.597) * X2))))))
OperonRegressor,feynman_I_12_11,ok,5,200,0.998422178278509,1.0274067573728727,51.0,7200.253204107285,,((-0.002) + (1.000 * (((0.001 - ((-0.001) * X5)) * ((((0.323 * X2) + (6.657 * X5)) - 16.568) + (0.038 * X4))) * ((((2046.963 - (((-0.713) * X1) + ((-568.045) - (1012.189 * X2)))) * ((((-0.003) * X1) + (-0.007)) + (0.000 * X4))) - (-23.483)) + ((((((-5.460) - (2.086 * X3)) * ((1.542 * X1) + 4.002)) * ((20.179 - ((-0.631) * X2)) + (7.691 * X4))) + (7.645 - ((-0.798) * X3))) * (0.017 - (0.138 * X5)))))))
OperonRegressor,feynman_I_12_2,ok,4,200,0.9886357040813206,0.009506137647948032,59.0,7200.383230447769,,(0.001 + (1.002 * ((((((((-6.747) * X1) * (-1.418)) + (((-1.600) * X3) + ((-12.778) * X4))) * (((70.117 * X2) - (100.325 * X4)) * (((((-0.001) * X3) * (0.582 * X3)) + (0.001 * X4)) * (((3.623 * X4) - ((-0.493) * X3)) - ((-1.328) * X3))))) - (-39.828)) * (((0.003 * X2) + (((((-1.883) * X3) - (-33.429)) * (0.000 - (0.001 * X3))) + (((0.002 * X4) * ((-3.486) - ((-0.448) * X3))) + ((0.026 * X3) - ((-0.003) * X1))))) + 0.019)) + (-1.383))))
OperonRegressor,feynman_I_12_4,ok,3,200,0.9979138897021737,0.0012044625131282826,52.0,5837.950662136078,,(0.002 + (0.995 * ((0.001 - ((((((46.546 * X2) + 20.419) - (-13.794)) * (((-0.018) * X2) + 0.017)) - 2.945) * (((-0.000) * X2) + 0.001))) * (((-87.397) * X2) - (((((-0.002) * X3) + (0.001 * X1)) * (((((4.796 * X2) + 11.107) - 42.158) + ((2.042 * X3) * ((-22.175) * X3))) * (((4.403 * X3) * ((43.574 * X3) + (-87.527))) + ((10.520 * X2) + ((-14.367) * X3))))) - ((42.332 * X1) + ((-121.398) + ((-88.066) * X3))))))))
OperonRegressor,feynman_I_12_5,ok,2,200,0.9999999957229324,0.00033163330530276046,18.0,7200.117463350296,,((-0.000) + (1.000 * ((0.682 * X1) + (((((-1.275) / (-0.175)) * ((0.779 * X1) - (-1.171))) + (6.237 - (0.001 * X2))) * (0.046 * X2)))))
OperonRegressor,feynman_I_13_12,ok,5,200,0.999999863710333,0.003383216115084949,52.0,6035.2503979206085,,((-0.000) + (1.000 * (((((((((0.001 * X5) + 63.543) + 143.233) - (((-49.940) + ((-96.643) * X1)) + (0.042 * X4))) - 6.068) * (((0.001 * X3) - (-3.240)) / (((0.009 * X3) + ((-14.495) * X4)) + (-37.817)))) * ((0.000 * X3) - 0.012)) * (((0.817 * X2) - (-2.118)) * (((((-5.452) * X5) + (-14.189)) / ((((-15.874) * X3) + 0.562) + (-41.763))) * ((1.947 * X3) + ((-1.936) * X4))))) - ((0.000 * X2) - 0.002))))
OperonRegressor,feynman_I_13_4,ok,4,200,0.9989418184713508,0.856273550100641,63.0,7200.218433856964,,((-0.000) + (1.000 * (((0.003 * X1) - (-0.019)) * ((((((-13.622) * X1) - ((-36.237) * X4)) - (((5.041 * X2) + (0.301 * X4)) * (1.776 * X3))) - ((42.480 * X2) + (23.604 * X3))) + (((((1.706 * X2) + (1.120 * X4)) - (((-2.531) * X3) - (0.071 * X2))) - (-27.170)) * (((((-34.804) * X1) - ((-38.773) * X4)) * (((-0.002) * X2) - (((-0.005) * X4) + ((-0.007) * X1)))) - (0.461 - ((((1.904 * X1) + ((-0.561) * X4)) - ((-8.394) * X2)) - ((6.043 * X2) + ((-1.667) * X3))))))))))
OperonRegressor,feynman_I_14_3,ok,3,200,0.9999999999747451,9.715698119190896e-05,44.0,7200.437114953995,,(0.000 + (1.000 * ((0.000 * X3) - (((((((((-0.167) * X1) - 0.435) * (((-0.906) * X3) + (-2.353))) / (-2.582)) * ((-9.599) - ((((2.666 * X2) + ((-0.000) * X3)) + (((1.479 * X1) + ((-1.479) * X1)) * ((0.690 * X1) - (5.124 * X2)))) + (-2.650)))) - (((0.000 * X2) - ((-0.000) * X1)) - (-1.586))) - (0.395 + 0.772)) / (-1.969)))))
OperonRegressor,feynman_I_14_4,ok,2,200,0.9999999997730488,0.00019172369024541232,30.0,7200.098071575165,,(0.000 + (1.000 * ((4.392 + (((0.148 * X2) - (-0.389)) * ((((((-2.636) * X1) + (-6.840)) - ((-0.000) * X2)) * ((-0.155) * X2)) - ((1.065 * X1) * (-0.983))))) - ((((-0.910) * X2) - ((-0.507) * X2)) - (-4.547)))))
OperonRegressor,feynman_I_15_10,ok,3,200,0.9999845075441097,0.008326273674535152,59.0,5528.741546392441,,(0.000 + (1.000 * (((0.378 * X1) + (-1.237)) - ((((((-0.000) * X3) + 0.019) + ((-0.008) * X2)) + (0.015 * X2)) * ((((((-0.000) * X2) - (((-0.001) * X3) - (((-0.001) * X1) + 0.000))) * ((9.843 * X3) - (4.917 * X2))) * ((((((-5.645) * X1) + (-86.828)) + ((-32.323) * X2)) + (15.434 * X3)) + (((-5.054) * X3) * (((16.386 * X3) - (3.266 * X2)) + (((-0.171) * X3) * (51.131 * X3)))))) - ((1.230 * X2) - ((2.395 * X3) - (63.828 - ((-24.791) * X1)))))))))
OperonRegressor,feynman_I_15_3t,ok,4,200,0.9999747135460719,0.006055652469470345,57.0,7200.1819405555725,,((-0.000) + (1.000 * ((((((((-19.861) - (29.343 * X3)) * ((-0.199) - ((-0.088) * X3))) - (18.787 * X3)) + (-40.922)) * ((0.000 / ((0.603 * X2) - (-1.305))) * (((-12.753) + (((-3.510) - ((-0.508) * X3)) * ((-4.074) - (1.553 * X1)))) - (4.654 * X4)))) + ((((0.000 * X2) - (-0.000)) / (0.039 - (0.010 * X3))) * ((((((-16.509) * X2) - (-65.783)) - ((-17.746) * X1)) + ((-20.415) * X3)) - (6.570 * X4)))) - ((-0.948) * X4))))
OperonRegressor,feynman_I_15_3x,ok,4,200,0.999165263006171,0.04641963216229228,41.0,7200.315639972687,,((-0.000) + (1.000 * ((((67.121 - (((((0.040 * X1) + ((-0.106) * X3)) - (0.005 * X2)) * (27.171 * X3)) * ((((17.013 * X3) - (2.009 * X2)) - 20.615) - ((-2.068) * X4)))) - ((-172.523) * X4)) * ((-0.001) + ((((-0.000) * X1) + (0.000 * X3)) - (0.000 * X2)))) - ((((-0.904) * X1) + (0.137 * X4)) - ((-0.248) * X2)))))
OperonRegressor,feynman_I_16_6,ok,3,200,0.9990347048433483,0.03541887556799124,52.0,7200.770098686218,,(0.004 + (0.998 * ((((6.332 - (1.973 * X1)) - (-0.630)) * ((((((-1.023) * X2) + ((0.161 * X3) * ((-1.672) * X1))) - ((((-11.902) + ((-1.006) * X1)) + ((-3.895) * X1)) - ((-1.461) * X3))) * ((((-0.809) * X3) * ((-0.003) * X1)) + ((((43.060 * X1) + ((-41.750) * X3)) * (0.000 * X2)) - ((-0.001) * X1)))) - ((-0.090) * X1))) - ((((-0.266) * X1) + (-0.151)) - (0.019 * X3)))))
OperonRegressor,feynman_I_18_12,ok,3,200,0.9996588261539253,0.1372264529340653,51.0,7157.445036888123,,((-0.008) + (1.007 * (((0.044 * X1) + ((((-3.161) + (3.619 * X3)) + (30.715 + ((5.295 - ((-0.036) * X1)) * (1.359 * X3)))) * ((((14.850 - ((-0.266) * X1)) - ((((-11.034) * X3) - (-10.232)) * ((-0.323) * X3))) * (((-2.678) - (1.041 * X1)) * ((0.000 * X2) - (-0.000)))) * (((((-0.371) + (0.081 * X3)) - ((-0.005) * X1)) * (((0.294 * X2) - 14.321) - (29.119 * X3))) - 8.310)))) + (0.055 * X2))))
OperonRegressor,feynman_I_18_14,ok,4,200,0.99983972242829,0.3274243619240879,56.0,7200.07501077652,,((-0.058) + (1.000 * (((0.000 * X3) - (-0.001)) * (((3.526 * X2) - (((0.287 * X2) - (-0.744)) * ((((((-1.257) * X1) + 7.939) + ((-36.001) * X4)) * ((-0.002) * X4)) - 0.434))) - ((((0.290 * X2) - (-0.751)) * ((((((-0.772) * X1) + (-4.318)) + ((15.623 * X4) - ((-14.743) * X4))) * (0.002 * X4)) - 0.364)) * ((((-2.934) * X4) - ((41.350 * X1) + 107.633)) * ((((-9.902) * X4) - 5.142) + (((-5.886) * X4) * (-9.115)))))))))
OperonRegressor,feynman_I_18_4,ok,4,200,0.9999909731861949,0.002554895911862199,56.0,7200.291718244553,,(0.000 + (1.000 * ((((0.702 * (((-219.941) * X4) - (-0.466))) + ((-151.147) * X3)) + (((((-0.010) * X1) - 0.000) + (0.010 * X2)) * (((((0.344 * X4) + 7.998) - 0.873) - (((-3139.873) * X3) + (3162.521 * X4))) - (((((0.380 * X2) - (-11.535)) + (((-2.665) * X1) - (-0.914))) * ((((-0.290) * X1) - 0.066) + ((-0.291) * X2))) * ((((36.957 * X4) + (4.411 * X3)) + ((-41.101) * X3)) * (((-1.236) * X2) - (-5.145))))))) * (-0.004))))
OperonRegressor,feynman_I_24_6,ok,4,200,0.9999827197229547,0.059869870965564544,53.0,7109.186230421066,,(0.000 + (1.000 * (((((-0.000) * X2) - (((((2.273 * X3) - ((-2.292) * X2)) + ((13.734 * X4) - (-46.363))) * (((-0.091) + ((-0.026) * X1)) - ((0.000 * X3) - ((-0.000) * X2)))) * ((((((-0.004) * X2) + (0.004 * X3)) + 0.758) * ((((-0.044) * X2) + (0.046 * X3)) - 8.112)) + 6.156))) * (14.928 + ((((9.467 * X4) - ((-0.008) * X1)) - (-16.335)) * (((0.084 * X3) - ((-0.080) * X2)) + 0.855)))) + (-1.297))))
OperonRegressor,feynman_I_25_13,ok,2,200,0.9999999999946501,1.8349462588226681e-06,28.0,7200.561357975006,,(0.000 + (1.000 * ((((0.292 * X2) - (-0.107)) - (0.292 * X2)) * ((((((11.053 * X1) - (11.056 * X2)) / ((-2.345) - (0.901 * X2))) - (0.000 * X2)) * (0.373 * X2)) - ((((4.590 * X2) + ((-4.586) * X1)) - 0.054) - (-2.519))))))
OperonRegressor,feynman_I_26_2,ok,2,200,0.9996786550193053,0.009023856959489852,57.0,5757.350558042526,,((-0.000) + (1.000 * ((((((((-0.000) * X1) - 0.000) * (18.675 * X2)) - ((-0.000) * X1)) * (((((((-0.459) * X2) + 0.120) * (38.449 * X2)) * ((0.532 * X1) - (-0.610))) * ((0.026 * X1) - 0.113)) + (-9.218))) + ((-0.002) + ((-0.007) * X2))) * (((((((-0.010) + (0.037 * X2)) + (0.000 * X1)) * (23.340 * X2)) - ((-0.136) * X1)) * (((-5.547) * X1) - (-1.261))) + (((-1.141) + ((-0.740) * X2)) + ((0.753 * X1) + (-30.563)))))))
OperonRegressor,feynman_I_27_6,ok,3,200,0.9992605263230965,0.009642913717972644,60.0,7200.600410223007,,((-0.000) + (1.000 * (((0.399 * X2) + (((((((0.145 * X1) + (1.572 * X2)) - ((-8.616) * X3)) * (((-0.250) * X3) - ((0.051 * X2) - 0.445))) - ((-3.701) * X3)) - (((((-0.651) * X2) - 5.694) - (((-0.522) * X2) - 2.941)) + (18.248 + ((-2.795) * X1)))) * ((((((0.973 * X1) + ((-4.352) * X2)) + (-23.994)) - ((-3.243) * X3)) * ((((0.002 * X1) + ((-0.001) * X2)) + (-0.000)) - (0.001 * X3))) - (((-0.045) * X1) + (0.032 * X2))))) + ((-0.300) * X3))))
OperonRegressor,feynman_I_29_16,ok,4,200,0.9482970844110334,0.4357339345786289,57.0,7200.051407337189,,(0.014 + (0.991 * ((((-0.140) * X1) + ((-0.008) * X2)) - ((0.388 + (((-0.395) * X1) + ((-0.383) * X2))) - ((41.758 - (((1090.330 + (((-33.792) * X4) * ((-10.505) * X3))) * (((-0.009) * X1) + ((-0.008) * X2))) - (((7.439 * X3) - (0.142 * X4)) * (1.731 * X4)))) * (((((-0.090) * X3) - (13.397 * X2)) * ((0.000 * X1) + ((-0.000) * X2))) - ((0.013 - (((0.008 * X3) - (0.009 * X4)) * ((1.756 * X3) - (1.592 * X4)))) - ((-0.003) * X2))))))))
OperonRegressor,feynman_I_29_4,ok,2,200,0.9999999874483763,0.0001497321359429786,44.0,5922.506218194962,,((-0.000) + (1.000 * ((((-0.000) * X2) - (-0.006)) * (((((-1.832) - ((-2.102) * X1)) - (2.980 * X2)) * ((29.930 - (((9.428 * X2) + (7.787 * (-5.366))) * (((2.617 * X2) - (-1.573)) * ((-0.668) + 0.668)))) - ((((-2.418) * X2) / (-0.009)) / ((9.421 * X2) - (-19.894))))) - ((((-0.000) * X1) + (0.000 * X2)) * (12.553 * X2))))))
OperonRegressor,feynman_I_30_3,ok,3,200,0.6976119004867607,1.4189115938037031,57.0,5942.610802650452,,(0.003 + (1.005 * ((((-0.000) + (((0.000 * X3) * (3.259 * X2)) - ((-0.000) * X2))) * ((((((((-50.447) * X2) * ((-1.908) * X2)) - (141.524 * X3)) * ((54.647 + (12.523 * X3)) - (((-21.787) * X1) - ((-12.244) * X2)))) * (0.000 * X2)) * (((((-19.149) * X2) * ((-1.548) * X2)) - (46.465 * X3)) * ((16.732 + ((-4.553) * X3)) - ((70.110 * X3) * (0.123 * X2))))) - ((-1537.530) + ((-650.543) * X2)))) + ((-0.187) + ((0.028 * X2) + (0.273 * X1))))))
OperonRegressor,feynman_I_30_5,ok,3,200,0.9990934792303469,0.003591271974834229,53.0,6893.012984752655,,((-0.000) + (1.000 * (((((((-0.694) * X3) + (1.231 - ((((-84.109) * X3) + ((-10.526) * X2)) * (0.002 * X3)))) * (((-0.166) * X3) + (0.633 - (0.085 * X2)))) * ((17.508 - (49.176 * X2)) - (((((-69.310) * X2) + ((-36.637) * X3)) - ((-14.335) * X1)) * (((-0.048) * X3) + (0.518 - (0.063 * X2)))))) * ((((1.419 * X3) - ((5.060 * X3) + (8.144 - ((-0.892) * X2)))) * (0.003 * X3)) - 0.043)) + (0.223 - (0.828 * X2)))))
OperonRegressor,feynman_I_32_17,ok,6,200,0.9897706881001798,0.47151621201858934,54.0,7200.037969350815,,((-0.001) + (1.001 * ((((((((7.094 * X2) - 3.120) - (((-3.125) * X1) + ((-8.122) * X5))) * ((((2.272 * X5) + (1.401 * X4)) + ((-1.940) * X6)) + (1.410 * X3))) + (422.030 - ((-61.206) * X4))) / (((-3.200) / (-0.287)) + ((((-0.711) * X3) + ((-0.110) * X5)) - (((0.254 * X1) + (1.422 * X5)) + ((1.281 - (2.319 * X6)) + ((0.383 * X4) - (-0.595))))))) - ((4.961 * X4) - (((1.648 * X2) - 54.207) + (5.671 * X6)))) * 0.041)))
OperonRegressor,feynman_I_32_5,ok,4,200,0.9995826727486545,0.014506078868314242,53.0,5592.921121835709,,(0.001 + (1.003 * ((-0.336) + (((((((-9.257) * X2) - 19.998) / (21.855 - ((-8.415) * X3))) * (((((-1.904) * X4) + 4.202) * ((9.842 * X1) + ((-6.237) * X4))) - (((13.328 * X4) + (-18.334)) + (-41.874)))) + (6.887 - ((-3.443) * X4))) * ((((-0.781) - (((6.622 * X1) + (((-13.203) * X4) + 3.307)) / (8.038 + (((-0.074) * X1) + (3.843 * X4))))) * ((0.000 * X2) - (((-0.000) * X1) + (0.000 * X4)))) - 0.001)))))
OperonRegressor,feynman_I_34_1,ok,3,200,0.9998725264248096,0.020063083490078123,58.0,7200.049618959427,,(0.000 + (1.000 * ((((0.850 * X3) - (0.023 * X1)) + (((0.129 * X2) + (-0.138)) - (0.190 * X1))) - ((((((((6652.414 * X1) + (-23693.848)) * ((0.006 * X2) - (0.008 * X1))) - (((-97.574) * X2) - (17.973 * X2))) * ((0.000 * X2) - ((0.000 * X1) - (-0.000)))) * (((-0.425) * X2) - (((-0.049) * X3) - (1.232 * X1)))) - (((-0.002) * X2) - ((0.000 * X3) - (0.003 * X1)))) * (((4.317 * X1) + (-11.832)) * ((0.254 * X2) - (((-1.778) * X3) - ((-1.850) * X1))))))))
OperonRegressor,feynman_I_34_14,ok,3,200,0.9999959909195677,0.003238115681751355,55.0,7200.041281461716,,((-0.000) + (1.000 * ((((0.118 * X2) - ((0.193 * X1) - (-0.099))) + ((((0.958 * X2) - ((9.467 * X1) - 25.393)) + ((((1.276 * X2) - ((8.942 * X1) - 23.284)) * (((-14.531) * X1) - 1.072)) * ((((0.174 * X2) - (1.028 * X1)) * (((-1.867) * X1) + (0.326 * X2))) * (((-0.003) * X1) + (0.000 * X2))))) * (((((-0.108) * X2) - (-0.166)) - ((1.033 * X3) - (1.062 * X1))) * (((-0.002) * X2) - (((-0.003) * X1) - 0.000))))) + (0.907 * X3))))
OperonRegressor,feynman_I_34_27,ok,2,200,0.9999999997114435,1.3725659767732063e-05,33.0,7200.040712356567,,(0.006 + (1.000 * ((308.950 + ((14.697 * X2) - ((35.342 - (((-12.499) * X2) - ((1.516 * X2) - (-255.971)))) + ((((1.597 * X1) + ((-0.671) * X1)) / (0.052 * X1)) - ((((-1.158) * X2) * ((-0.226) * X1)) + ((-3.969) * ((-0.769) * X1))))))) - (2.374 * X1))))
OperonRegressor,feynman_I_34_8,ok,4,200,0.9999999969119916,0.0005717562777465935,42.0,7200.275343179703,,((-0.000) + (1.000 * ((((-0.000) * X2) - (((-0.000) * X3) + (0.000 * X1))) - ((((((0.372 * X3) + (0.000 * X1)) - (-0.966)) * ((29.533 * X2) - ((((12.767 * X2) + (0.001 * X4)) * (((-0.000) * X3) + ((-0.892) * X1))) - (29.712 * X1)))) + ((((5.529 * X3) + ((-6.686) * X4)) * 5.186) - 15.509)) / (((-32.531) * X4) - 84.383)))))
OperonRegressor,feynman_I_37_4,ok,3,200,0.9996187534578216,0.05605470801877772,68.0,7200.8034880161285,,(0.000 + (1.000 * (((((((((-0.159) * X2) - (((-0.007) * X3) * ((-17.382) * X3))) + (0.180 * X1)) - (((-0.110) * X2) + (-1.004))) * ((((-10.162) * X2) + (4.272 * X1)) + (((-0.194) * X3) * ((-37.912) * X3)))) - ((47.444 - ((-1.428) * X3)) - (((0.020 * X3) * ((-15.350) * X3)) + ((0.757 * X2) + ((-13.530) * X1))))) * (((-0.001) * X2) - ((((-0.005) * X3) - (((-0.000) * X2) - (((-0.002) * X3) * ((-13.093) * X3)))) + (-0.046)))) - ((((-0.390) * X2) + ((-0.425) * X1)) + (-1.031)))))
OperonRegressor,feynman_I_38_12,ok,4,200,0.9866044562823988,0.1668684756629299,59.0,7200.120618343353,,((-0.002) + (1.000 * ((((0.000 * X3) - (0.000 * X1)) + 0.002) * ((((((-0.010) * X2) + (0.010 * X3)) * ((-16.602) + (((48.312 * X4) - ((8.984 * X1) + (67.939 * X2))) * (((-1.115) * X4) + ((-7.365) + (5.974 * X2)))))) * (((((-0.027) * X1) * ((143.116 * X1) + (73.515 * X2))) - ((-1.449) * X1)) - (((-1.186) * X4) - ((10.468 * X2) + ((-1.616) * X3))))) - (((((114.959 * X2) + ((-109.915) * X3)) + 164.618) - ((-91.031) * X1)) - ((46.724 * X4) + (33.758 * X2)))))))
OperonRegressor,feynman_I_39_1,ok,2,200,0.9999999999417941,5.82480724360281e-05,12.0,7200.082719564438,,((-0.001) + (1.000 * (((0.104 * X1) * ((3.500 + (2.512 * X2)) + 2.999)) - ((-0.684) * X2))))
OperonRegressor,feynman_I_39_11,ok,3,200,0.9999999999999839,3.887544100483677e-07,47.0,4876.881810665131,,((-0.000) + (1.000 * ((((-1.094) - (3.761 - ((-0.000) * X2))) * (0.038 + (((-0.093) * X2) - (((((-0.002) * X2) + (-0.004)) / ((0.349 * X1) - ((-2.002) - (0.346 * X1)))) * ((((-42.501) * X3) + (38.335 * X1)) + ((-0.000) * X2)))))) - (((((0.000 * X2) + 0.000) / (19.701 * X3)) * (((6.192 * X3) + ((-2.632) * X1)) + (0.786 * X2))) - ((-0.000) * X1)))))
OperonRegressor,feynman_I_39_22,ok,4,200,0.9999999993030404,0.0002664309265876212,51.0,5716.908314466476,,(0.000 + (1.000 * (((((-1.015) - (((((14.632 * X1) + 37.943) * (((-0.000) * X4) - 0.001)) - ((((-0.000) * X2) - ((-0.000) * X3)) * (((-10.266) * X2) - ((-10.012) * X3)))) / ((1.998 * X3) + 5.191))) - (-1.012)) * (((((0.000 * X4) - ((-8.704) * X2)) + ((-0.000) * X3)) * ((((-0.000) * X2) - (0.000 * X3)) + 5.743)) - (-129.994))) - ((((-0.000) * X3) + 0.764) + ((-0.119) * X2)))))
OperonRegressor,feynman_I_40_1,ok,6,200,0.9438879351668453,0.15356627756572036,60.0,7200.172040939331,,((-0.001) + (1.000 * ((((0.084 * X6) - (-0.548)) + ((((-0.119) * X3) + ((-0.120) * X2)) + (((-0.031) * X5) + (0.061 * X4)))) * ((0.995 * X5) - ((((-0.814) * X1) + (0.343 * X6)) + ((((((-609.524) * X4) - (((-815.880) * X5) + ((-178.272) * X4))) + (((404.548 * X3) + (407.174 * X2)) + ((223.386 * X1) + ((-516.540) * X6)))) / (((((-88.221) * X1) + (21.370 * X6)) - (-511.699)) + (((56.341 * X5) - (21.824 * X3)) + ((-22.221) * X2)))) + (0.571 + (0.216 * X4))))))))
OperonRegressor,feynman_I_41_16,ok,5,200,0.9981677623308464,0.13078041558331932,54.0,7200.101370573044,,(0.000 + (1.000 * (((((((((-1.191) * X5) * (((-24.606) * X5) + 67.527)) - (-14.777)) * (((-0.237) * X3) + (((-2.668) * X5) - ((-0.490) * X1)))) * ((6.651 * X5) * (((-0.006) * X5) - ((-0.002) * X1)))) - ((5.677 * X1) + (((-0.426) * X2) - ((21.339 * X5) - 28.334)))) * (((((0.979 * X1) - (-1.873)) * ((6.887 * X2) + 14.826)) - ((1.903 * X5) - (1.005 * X1))) * (((-0.000) * X4) + ((-0.000) / 0.567)))) - 0.553)))
OperonRegressor,feynman_I_43_16,ok,4,200,0.9985862097315362,0.37689815489528466,59.0,7200.76163983345,,(0.000 + (1.000 * ((((((-6.669) * X2) + (3.202 * X4)) + (((((((-0.019) * X2) + (0.022 * X4)) * ((20.829 * X4) - 29.140)) + ((-0.139) * X4)) * ((5.507 * X4) + ((((-0.537) * X3) + ((-0.225) * X1)) + ((-1.563) * X4)))) - 19.484)) * ((0.000 * X2) - (((((0.001 * X4) - 0.006) - (((-0.000) * X3) + (0.004 * X1))) * (((((-0.054) * X2) + (0.718 * X4)) + ((-1.835) * X3)) + (-4.616))) - ((-0.006) * X3)))) - (((-0.126) * X2) + (0.761 - (0.011 * X4))))))
OperonRegressor,feynman_I_43_31,ok,3,200,0.9999999999999912,1.8144335790124316e-06,62.0,5224.211498498917,,(0.000 + (1.000 * (((-0.009) / 4.036) - (((((0.031 - ((0.011 * X3) / (-0.930))) * (-0.753)) + (((0.000 * X1) / 1.041) * ((-1.709) * X3))) * ((((-0.000) * X3) - ((-1.254) * X1)) * (((-0.024) / ((-1.700) * X1)) - ((((-6.963) * X2) + ((-3.974) * X3)) - ((-3.974) * X3))))) - ((0.269 * X2) + (((0.536 * X1) - (((-0.267) * X2) + ((-0.535) * X3))) + (((1.638 * X1) - ((-1.636) * X2)) * (((-0.000) * X2) - (((-0.126) * X3) - ((-0.000) * X1))))))))))
OperonRegressor,feynman_I_43_43,ok,4,200,0.9988345470263599,0.053719443976038825,63.0,5919.685356378555,,(0.000 + (1.000 * ((-1.040) - ((((((0.012 * X1) + (0.012 * X3)) * (((-2.990) * X1) - (-12.925))) * (((23.596 * X1) - (24.324 * X4)) * (0.472 + ((-0.099) * X1)))) - (((-11.273) + ((-4.266) * X4)) + ((4.151 * X3) - ((-3.564) * X1)))) * ((((-0.002) + ((-0.000) * X4)) - (0.001 * X2)) * (((-0.697) * X3) - ((-26.385) + ((((0.309 * X3) * ((-13.134) * X3)) * (((-0.010) * X3) * ((-34.377) * X3))) - (((-0.654) * X1) + (((-0.088) * X3) * ((-31.560) * X3)))))))))))
OperonRegressor,feynman_I_44_4,ok,5,200,0.999814727847953,0.28067860181152093,54.0,6769.881843805313,,(0.001 + (1.000 * (((18.047 + ((-0.059) * X4)) + (6.955 * X3)) * (((((0.014 + ((-0.001) * X5)) + (0.000 * X4)) * ((796.262 + (((-94.704) * X5) + ((-176.480) * X4))) - (((509.239 * X5) + (519.001 * X4)) * (0.021 * X5)))) - (12.051 + (((-2.067) * X5) + ((-2.301) * X4)))) * (((0.458 * X1) - (-1.194)) * ((((7.070 * X5) + ((-7.096) * X4)) - ((-0.007) * X2)) * ((((-0.003) + (0.000 * X5)) - (0.001 * X2)) + (0.000 * X4))))))))
OperonRegressor,feynman_I_47_23,ok,3,200,0.9996642877627447,0.012253114957259637,53.0,7200.049031257629,,((-0.000) + (1.000 * ((((((378.750 * X1) + ((-397.192) * X3)) + ((29.800 * X2) + (-48.557))) / ((43.427 / 0.642) + (((0.541 * X1) + (23.532 * X3)) - (2.116 * X2)))) - ((((706.035 * X1) + ((-727.688) * X3)) + ((((-534.816) * X2) + (-69.419)) + (((-72.333) * X1) + (56.712 * X3)))) / ((24.151 / 0.106) + ((((-6.660) * X1) + (38.264 * X3)) - ((-32.610) * X2))))) * (((((-0.008) * X1) + (0.002 * X2)) + (0.042 * X3)) + 0.180))))
OperonRegressor,feynman_I_48_2,ok,3,200,0.9999995514081469,0.06781292180049754,59.0,6795.062154531479,,(0.000 + (1.000 * ((((2.374 * X1) + ((-1.881) * X1)) + ((-1.507) + 0.131)) - (((((((-0.000) * X3) + (0.001 * X2)) * ((((0.643 * X3) + (0.200 * X2)) - (-1.422)) - (0.001 * X1))) - ((-0.059) * X3)) * (((((-1.589) * X3) + (0.111 * X2)) * ((((0.045 * X2) - (-1.361)) + ((-0.782) * X2)) - ((-0.523) * X1))) - (((5.125 * X1) + ((0.002 * X2) - (-13.347))) - (((-10.447) * X2) * ((((-0.009) * X2) - 0.000) - ((-0.112) * X3)))))) + (-1.252)))))
OperonRegressor,feynman_I_50_26,ok,4,200,0.4669316529781148,1.428561699696158,64.0,7200.04714179039,,((-0.019) + (1.009 * (((((((((-155.934) * X2) + (1000.950 * X1)) * ((-0.082) * X3)) - (((104.713 * X2) + (24.950 * X1)) + (327.210 * X3))) + ((-1.755) * X1)) / ((((2.569 * X2) + (8.600 * X1)) + ((149.584 * X2) - ((((-34.736) * X3) * ((-12.916) * X3)) + ((-191.283) * X3)))) + ((1.973 * X1) / ((-0.006) * X1)))) - ((0.097 * X3) - ((0.107 * X3) + (0.303 * X4)))) - (((((-0.052) * X2) - (-0.010)) * (((-2.842) * X2) + (((1044.558 * X2) + (302.161 * X1)) * ((-0.001) * X3)))) + ((-0.140) * X1)))))
OperonRegressor,feynman_I_6_2,ok,2,200,0.9999096513256355,0.0004045263101343499,56.0,6129.113735437393,,((-0.000) + (1.000 * ((((0.010 * X2) - ((0.012 * X1) - (-0.015))) * (((((0.392 * X2) * (2.211 * X2)) + ((-67.040) - ((-18.467) * X1))) + ((((0.183 * X2) * ((28.080 * X2) - (61.697 * X1))) + (((-6.176) * X1) - 48.147)) * ((((-0.001) - ((-0.001) * X1)) * (((-19.039) * X1) + 51.565)) * ((1.907 * X2) - (((-2.754) * X1) - (-2.921)))))) - (((-0.317) * X1) - ((0.013 * X2) * ((130.764 * X1) - 157.834))))) + (((-0.302) * X1) - 0.897))))
OperonRegressor,feynman_I_6_2a,ok,1,200,0.9999999830584478,9.143858452734695e-06,53.0,7200.032875061035,,(0.000 + (1.000 * (((((((((1.678 * X1) / (-2.973)) + (-0.843)) - (((-0.007) * X1) * (2.372 * X1))) * ((((-0.209) * X1) + 0.790) + (((0.060 * X1) + (0.053 * X1)) * (((-0.295) * X1) - (2.027 * X1))))) + ((-0.547) * X1)) - (((0.111 * X1) * (1.384 * X1)) / (1.646 * (-1.089)))) * (((0.265 * X1) + 0.527) + ((((-0.133) * X1) + ((-0.538) * X1)) * (((-0.053) * X1) - (-0.717))))) + ((-0.602) * X1))))
OperonRegressor,feynman_I_6_2b,ok,3,200,0.9973515242009919,0.0030971088597197215,56.0,7200.094652414322,,((-0.001) + (0.998 * ((((((0.000 * X2) - (0.000 - ((0.000 * X1) - (0.000 * X3)))) * ((((-0.203) * X1) * ((28.359 * X2) - (28.333 * X3))) - (22.305 * X1))) - ((0.002 * X1) + 0.009)) * (((((-5.967) + (7.875 * X1)) - (91.012 * X3)) - ((-91.851) * X2)) + (((((0.239 * X2) - (((-0.080) * X1) - ((-0.231) * X3))) * (39.393 + ((-30.990) * X1))) - (67.480 - ((-0.806) * X3))) * ((1.367 * X2) - ((0.452 * X1) - ((-1.356) * X3)))))) - (0.674 * X1))))
OperonRegressor,feynman_I_8_14,ok,4,200,0.9051486328657664,0.30517370050454595,57.0,5557.105410814285,,((-0.000) + (1.000 * (((((0.366 * X4) * ((-1.616) * X3)) + ((((((-10.303) * X4) / (0.213 * X2)) + (3908.049 * X2)) + ((((-7.256) * X4) / (1.040 * X2)) * (((-396.526) * X4) - ((-1.833) * X2)))) * (0.000 * X2))) + (-0.919)) + ((0.066 * X1) * ((5.841 * X1) + ((((((-6.764) * X4) * ((-54.715) * X4)) - 5327.054) + ((((-8.378) * X4) * (112.413 * X3)) + ((((-11127.117) * X1) * (0.085 * X2)) + ((8098.864 * X4) / (4695.360 * X2))))) * (0.002 * X2)))))))
OperonRegressor,feynman_I_9_18,ok,9,200,0.9930869143957275,0.010211906004122483,56.0,6679.864046573639,,(0.000 + (1.000 * ((((((((-51.262) * X2) + ((1777.048 * X1) - ((-2.035) * X8))) + (((-118.534) * X3) + (-2112.677))) - (2205.440 * X1)) * ((((-1.511) * X3) + (-10.246)) - ((0.724 * X2) - ((-0.001) * X9)))) / (((507.665 * X6) + (((-504.907) * X5) + ((((-351.093) * X2) - (505.954 * X9)) + ((499.956 * X8) - (504.819 * X7))))) + ((506.801 * X4) + 7340.905))) - (((-0.020) * X5) + ((0.020 * X5) + (2.209 + (((0.175 * X3) + 0.885) - ((-0.174) * X1))))))))
OperonRegressor,feynman_test_1,ok,7,200,0.9521758499549087,2.5786476888412175,56.0,7200.979613542557,,(0.004 + (1.004 * ((((0.059 * X3) + (-0.345)) - ((-0.059) * X4)) + ((10.555 - ((((((-27.435) * X7) + (-1.330)) + ((-13.733) * X6)) + (15.737 * X1)) * ((((98.561 * X4) + ((-145.532) * X7)) + ((103.706 * X2) + 120.308)) * (((-0.000) * X4) + (((-0.001) * X3) + (0.001 * X7)))))) * (((((-0.001) * X7) + 0.003) + ((-0.002) * X6)) * ((((((-1.745) * X7) + (1.454 * X2)) + (1.275 * X1)) + ((3.139 * X5) + 2.534)) + ((-1.994) * X6)))))))
OperonRegressor,feynman_test_10,ok,3,200,0.9999949584229137,0.0010750411277097606,59.0,5725.6666378974915,,(0.000 + (1.000 * (((((((-0.000) * X2) - (((-0.000) * X1) - (-0.003))) + (0.002 * X3)) * ((3.374 * X2) - (((0.445 * X1) - 10.725) + ((-0.507) * X3)))) * ((((130.528 * X2) - ((((5.925 * X2) + (7.478 * X3)) + ((-3.640) * X1)) * ((((-2.491) * X1) - (-24.346)) - (4.818 * X3)))) * ((((-0.003) * X3) - (-0.012)) - (0.001 * X1))) - (((-0.435) * X1) - (-15.616)))) + (((0.029 * X2) - ((-0.950) * (1.200 * X3))) - (((-0.030) * X3) - (-0.473))))))
OperonRegressor,feynman_test_11,ok,4,200,0.9993046815738588,0.027032135301381013,61.0,5797.337101221085,,(0.010 + (1.008 * ((-1.683) - ((((((-1.177) * X2) - ((-11.918) * X4)) - ((((-1.389) - ((-0.167) * X4)) + (((-0.010) * X2) + (0.367 * X3))) * (((-18.008) - (11.165 * X4)) + ((0.082 * X2) + ((-0.167) * X3))))) * ((((-0.001) * X1) + (0.000 * X3)) - 0.004)) * ((((-18.830) - (0.377 * X4)) - ((((-1.080) - (0.980 * X4)) + (((-0.020) * X1) + ((-0.788) * X3))) * ((((-0.007) * X2) + ((-0.033) * X3)) * ((-25.125) - (14.692 * X4))))) + (4.641 * X2))))))
OperonRegressor,feynman_test_12,ok,5,200,0.9997066413639187,0.24818571286029523,59.0,7200.126909255981,,((-0.000) + (1.000 * (((((((0.028 * X1) + ((-0.027) * X2)) * ((8.440 * X3) + ((-8.292) * X2))) * ((((0.560 * X1) - (((-0.587) * X3) + ((-11.252) * X2))) * (((-0.298) * X2) - (-0.659))) + (-11.554))) - ((((1.932 * X1) + 20.649) - ((-5.951) * X1)) + ((7.951 * X3) + ((-7.831) * X2)))) * (((((-0.000) * X4) - ((0.000 * X3) + ((-0.000) * X2))) * (((-3.658) * X2) - (-17.463))) + ((((-0.001) * X1) - 0.036) + (0.002 * X2)))) - 1.006)))
OperonRegressor,feynman_test_13,ok,5,200,0.980343269533401,0.002148575949595403,55.0,7200.267581701279,,(0.000 + (1.000 * (((0.180 * X1) - 0.804) - ((((((-94.037) * X1) - 246.208) * (((((-4.298) * X3) + (38.523 * X5)) - (((-73.720) * X4) * ((-0.814) * X4))) / ((-63.319) - ((0.191 * X3) + (22.020 * X5))))) - (((68.541 * X1) - (-215.365)) - ((((-0.043) * X4) - (((-0.003) * X1) - (-0.035))) * (((3.947 * X4) * ((614.716 * X2) - (36.278 * X3))) - (720.525 - (((-2578.460) * X2) + (-507.359))))))) * (0.001 - ((0.000 * X3) + (0.000 * X5)))))))
OperonRegressor,feynman_test_14,ok,5,200,0.8987974919104134,4.20036478268719,52.0,7200.790921926498,,((-0.003) + (1.002 * ((((0.000 * X5) + ((0.000 * X4) - 0.000)) + (((0.009 * X1) * (((1.875 * X4) - (3.172 * X3)) / 444.412)) - (0.000 * X3))) * (((((((((-8.683) * X5) + (-10.324)) + (5.481 * X3)) * ((((-8.507) * X3) + (2.454 * X4)) - (-12.945))) + 49.750) * (((((-1.956) * X3) * ((0.064 * X2) - (-0.062))) * (((-10.779) * X4) - 9.989)) + (-0.006))) + ((455.203 * X2) - (-443.941))) * ((3.296 * X2) - 3.629)))))
OperonRegressor,feynman_test_15,ok,4,200,0.9946768125042404,0.09234024098290208,54.0,7200.5333087444305,,((-0.000) + (1.000 * ((((36.666 + ((4.504 * X2) + (((-7.655) * X1) + ((((-13.224) * X4) * (0.713 * X4)) + (1.287 * X4))))) * (((0.000 * X3) + ((((-0.001) * X4) * (1.032 * X4)) + (0.000 * X4))) + 0.001)) * (((3.346 * X2) + ((-0.120) * X3)) + ((6.466 * X3) + ((15.131 + (((-4.493) * X1) + (0.162 * X4))) + (((-1.245) * X4) * (3.702 * X4)))))) + ((0.896 * X3) + ((0.013 * X1) + (0.016 + (((-0.003) * X4) * (33.724 * X4))))))))
OperonRegressor,feynman_test_16,ok,6,200,0.9910516905979118,2.692222981794158,67.0,6328.002772569656,,((-0.001) + (1.000 * (((((((-194944.281) * X6) - (((-147857.266) * X3) - ((-167393.484) * X1))) - (((-75021.305) * X5) + (188084.109 * X4))) + (((((((-150116.094) * X2) - ((-67831.961) * X4)) + (-126474.969)) + (36120.734 * X6)) - ((-168449.062) * X5)) * (((((-1.505) * X2) - (2.505 * X4)) + (-3.914)) + ((-0.378) * X5)))) - (((2215601.250 * X2) - (((-37416.914) * X2) - (167855.953 * X4))) + (((((-87311.250) * X2) - (74552.188 * X4)) + ((-104343.844) * X1)) * (((((-6.603) * X2) - ((-1.077) * X4)) + (-7.551)) + (1.014 * X5))))) / (-2731817.000))))
OperonRegressor,feynman_test_17,ok,6,200,0.991141828417361,139.5577816917561,63.0,7200.068088769913,,(0.000 + (1.001 * (((((-5.980) * X5) - (-50.606)) - (((((((4.081 * X1) + ((-0.503) * X4)) + 6.584) - ((0.247 * X4) + ((-1.777) * X5))) * (((-44.183) * X5) - 58.908)) + (((-78.867) * X2) + (8.335 * X5))) * (((((-14.525) * X2) + (-23.456)) + ((((0.109 * X2) + ((-0.138) * X4)) - (((-0.002) * X6) + ((-0.062) * X6))) * ((43.709 * X4) + ((-25.397) * X5)))) * (((((-0.001) * X4) + (0.001 * X5)) - (-0.002)) - (((-0.001) * X2) + ((-0.001) * X6)))))) * (-0.010))))
OperonRegressor,feynman_test_18,ok,5,200,0.9626174747692906,0.14353945910280408,63.0,7200.057026147842,,((-0.003) + (1.000 * ((((((((-0.286) * X3) * ((24.556 * X5) - ((-16.325) + ((-14.808) * X2)))) - ((-4.627) - ((-2.218) * X1))) * (((((-3.224) * X1) + ((-58.079) * X3)) - ((-123.902) - ((-16.166) * X4))) * ((0.000 * X1) + (0.000 * X3)))) + (-0.043)) * ((((((1.982 * X1) - (1.234 * X4)) * (((-4.167) * X1) - ((-2.672) * X4))) - ((((-20.044) * X1) + ((-29.642) * X3)) - (22.300 - (7.020 * X2)))) / 2.696) + ((-4.374) * X5))) - (((-0.360) * X3) - (0.443 * X4)))))
OperonRegressor,feynman_test_19,ok,6,200,0.97889961555652,1.753606784367638,55.0,6774.199812412262,,(0.002 + (1.004 * ((-0.509) - (((((-13678.620) * X2) / 13246.456) - ((((((8.849 * X4) - ((-6.712) * X3)) - (-24.106)) * ((7.410 * X5) + 20.970)) - 230.764) * (((((-0.000) * X1) - ((-0.000) * X6)) - (-0.001)) * ((16.799 * X1) + (-43.726))))) * ((((((19.127 * X1) - (1.950 * X6)) * (0.344 - ((-0.781) * X1))) - (((-0.167) * X5) + (-69.253))) * ((((-0.000) * X4) - (0.000 * X6)) - 0.001)) + ((0.002 * X1) - ((-0.017) * X3)))))))
OperonRegressor,feynman_test_2,ok,6,200,0.8055523626370666,0.8887812718464179,61.0,7200.152511835098,,(0.009 + (1.008 * (((((((((-0.001) * X3) + (9.512 * X5)) * ((0.046 * X5) + ((-0.309) * X6))) - 6.505) * 0.006) - ((-0.006) * X3)) * (((((17.209 * X5) + ((-36.638) * X6)) * ((455.844 * X3) + (2.802 * X5))) * ((0.000 * X3) + ((-0.000) * X5))) + ((-9.757) + ((((((-0.019) * X3) + (0.027 * X5)) + ((-0.028) * X6)) * (((385.385 * X3) + ((-553.379) * X6)) + (553.895 * X5))) - ((5.548 * X2) - (((-9.813) * X3) + ((-5.835) * X1))))))) - ((0.767 * X3) + ((-0.002) * X6)))))
OperonRegressor,feynman_test_20,ok,7,200,0.9434904827609882,3.1184962036550443,61.0,7200.422755718231,,((-0.057) + (1.008 * (((((0.002 * X1) / ((((4.593 * X6) + (((-11.804) * X5) / (-2.053))) + 8.574) - (-10.434))) * ((((((-29.846) - (19.770 * X4)) - (8.129 * X2)) * (((1.573 * X3) + ((-2.778) * X1)) - ((-3.148) * X4))) - ((-30.776) * X5)) * (((4.711 * X6) + (5.220 * X5)) - (7.197 * X2)))) - ((-0.067) * X2)) * (((((2.896 * X2) - (4.740 * X1)) * (((-135.775) * X1) + (((-91.030) * X6) - ((-41.942) * X2)))) * (((-0.000) * X3) + (0.000 * X1))) + (-0.001)))))
OperonRegressor,feynman_test_3,ok,4,200,0.9996348256862703,0.035223193146175696,56.0,5538.408895254135,,((-0.000) + (1.000 * ((0.035 + (0.000 * X2)) * (((-19.151) * X2) - ((((-1.078) - ((0.000 * X1) + (0.312 * X2))) * (((-0.001) * X4) - ((-1.507) + (17.203 * X1)))) - ((((-0.005) - ((0.001 * X2) * ((0.083 * X2) + 2.599))) * (-2.706)) * (((6.647 * X3) - ((((-4.498) * X3) + 12.842) + (11.166 * X4))) * ((((-0.544) * X1) + ((0.120 * X1) + (-1.461))) * ((((-0.002) * X2) + ((-10.419) * X4)) - ((-11.996) - (10.407 * X3)))))))))))
OperonRegressor,feynman_test_4,ok,5,200,0.9987458837967724,0.01760818394190425,58.0,7200.257389545441,,((-0.003) + (0.999 * (((0.438 * X2) - ((((((0.015 * X2) - ((-0.004) + ((-0.077) * X1))) * ((0.322 - ((-0.025) * X5)) + ((-0.076) * X1))) * (1.928 - ((7.075 * X1) - ((4.452 * X2) - (1.595 * X3))))) + (((-0.007) * X5) - ((-0.747) * X1))) - ((-0.111) - (0.214 * X3)))) + (((((-0.000) * X4) - 0.000) / (((-0.268) * X5) - 0.638)) * ((((82.718 * X5) - (8.717 * X5)) - (98.901 * X4)) * (((-0.284) * X5) - ((-5.914) - ((-3.214) * X1))))))))
OperonRegressor,feynman_test_5,ok,4,200,0.9995709743267501,0.06587634547118264,53.0,7200.661865472794,,(0.002 + (1.000 * (((((((((-1.890) * X2) - (0.452 * X4)) - ((-8.151) + (0.482 * X3))) - (-1.148)) * (8.985 + ((((-6.831) + ((-0.344) * X3)) - (2.359 * X2)) * (((0.324 * X1) - (0.133 * X2)) + 0.401)))) - ((-64.219) * X1)) * ((((0.000 * X2) - (0.000 * X4)) * (((-12.643) + ((-26.967) * X3)) - (19.376 * X4))) + (((0.001 * X1) + ((-0.002) * X4)) - (((-0.017) + (0.001 * X3)) - ((-0.001) * X2))))) - 1.180)))
OperonRegressor,feynman_test_6,ok,7,200,0.9566370783945576,0.09674006046283466,61.0,7200.442496061325,,((-0.381) + (1.134 * ((((((-0.000) * X6) + ((-0.000) * X5)) + ((-0.001) * X4)) - (((0.000 * X6) + (-0.003)) - ((0.000 * X1) * 1.528))) * ((((-5706319270525826517434368.000) / (-573514733487875777768718336.000)) + ((-1.494) * X4)) - ((27.465 - (((-13.352) * X7) - ((-27.520) * X6))) * ((((((0.007 * X6) + (0.005 * X5)) + (0.003 * X4)) - (0.005 * X2)) + ((-0.004) * X1)) * ((((61.706 * X1) + ((-63.026) * X5)) + ((53.793 * X2) - ((-136.580) + (64.679 * X4)))) + (((-126.865) * X6) + ((-109.975) * X3)))))))))
OperonRegressor,feynman_test_7,ok,5,200,0.999710354515937,0.021060780566262798,68.0,5893.7694680690765,,((-0.000) + (1.000 * (((((((-82.399) - ((-6.249) * X1)) + ((0.387 * X3) + ((-6.041) * X2))) * (((-0.008) * X1) + ((0.000 * X4) - (((-0.000) * X3) + ((-0.009) * X2))))) - ((-1.426) * X2)) - (((-0.132) + ((-0.032) * X5)) + (((-0.001) * X5) + (-0.002)))) - ((((((-0.050) * X1) + ((0.591 * X4) + ((-0.809) * X5))) * ((46.519 * X5) - ((-15.141) * X1))) + (((-52.413) * X4) - (((-85.675) * X5) - (35.958 * X1)))) * ((((-0.000) * X4) + (0.000 * X5)) + (((-0.000) * X3) + (0.000 * X2)))))))
OperonRegressor,feynman_test_8,ok,4,200,0.9984870236854148,0.017527426668175795,66.0,6222.383017778397,,(0.000 + (1.000 * ((((167.903 * X2) - (((49.506 * X3) - (((-251.421) * X3) - ((-229.877) * X1))) + ((-151.431) * X4))) / (((23.174 * X2) + (((-53.954) * X1) - ((-31.218) * X3))) - (-266.643))) + ((((((543.167 * X3) + ((-126.889) * X1)) + ((-473.652) * X4)) + ((((-28.806) * X2) + ((-235.329) * X1)) - (-40.028))) / (((10.309 * X2) - ((((-28.616) * X3) + (37.910 * X1)) + ((-8.965) * X4))) - (-242.624))) - (((0.636 * X3) + ((((-0.024) * X3) + ((-1.322) * X1)) + (0.268 * X2))) + ((-1.081) * X4))))))
OperonRegressor,feynman_test_9,ok,5,200,0.9845207475865659,851.9219803919138,59.0,7200.188581228256,,(0.165 + (1.007 * (((((((-0.004) * X3) - (((0.002 * X4) - (0.002 * X5)) - (0.000 * X2))) - 0.002) * (((((-115.845) * X2) - (((-148.870) * X1) - ((-74.653) * X5))) * (0.447 * X2)) - ((((93.050 * X1) - (73.244 * X5)) + (80.891 * X3)) + ((-62.266) * X2)))) / ((2.572 / 0.038) + (((((((-5.220) * X1) - ((-13.939) * X5)) + (9.944 * X2)) - (4.760 * X4)) - ((-0.241) * X4)) - (4.552 * X3)))) * (((((-3.095) * X1) - ((-5.271) * X5)) + (6.300 * X2)) - (8.788 * X4)))))
OperonRegressor,first_principles_absorption,ok,1,14,-3.234251080018595,2.7151905243635355,51.0,3.5571889877319336,,(0.250 + (1.000 * ((((0.768 * X1) - (0.012 * X1)) + (((((-0.683) * X1) - 2.103) * ((-0.075) * X1)) * (5.255 - (2.138 * X1)))) + (((((((-0.683) * X1) - 1.414) / ((((-5.255) * X1) - 2.992) * ((-0.075) * X1))) + ((((((-5.255) * X1) - 2.992) - (-2.609)) / ((-0.194) + ((-0.932) * X1))) + (((-5.255) * X1) * ((5.255 - (2.138 * X1)) * ((-0.683) * X1))))) / (6.283 - 124.064)) * (-0.017)))))
OperonRegressor,first_principles_bode,ok,1,8,0.7586004732315961,0.5969589738027958,50.0,6.557704210281372,,((-1.181) + (0.041 * ((((0.216 * X1) / ((((-17.358) * X1) + 7.329) + ((((((-17.358) * X1) + 7.974) + 7.946) + ((((-17.358) * X1) + ((-17.358) * X1)) / 2.019)) / 2.019))) * (((-17.358) * X1) + 7.974)) + (((((-12.133) * X1) + ((25.482 * X1) / (((-17.358) * X1) + 7.974))) / 2.309) + ((0.094 * X1) / ((-2.676) + ((((2.718 * X1) / (((-17.358) * X1) + 7.946)) + ((-0.277) * X1)) / 2.019)))))))
OperonRegressor,first_principles_hubble,ok,1,32,-2.0120050977326733,489.2059631584907,49.0,13.009493350982666,,(0.000 + (0.999 * (((((-20.004) * X1) / (((-74.684) * X1) + (((6.510 * X1) * ((-25.793) * X1)) + 47.628))) + (((7.508 * X1) / (((11.154 * X1) * ((-41.600) * X1)) + 26.746)) + (((0.727 * X1) + ((3.009 * X1) / ((1727.818 * X1) + (-281.737)))) + 0.052))) - ((280.278 * X1) / (((116.054 * X1) + (((5.707 * X1) * ((-21.706) * X1)) + 111.027)) + (((((-23969.000) * X1) + (50.304 * X1)) + 7632.922) - (-27974.785)))))))
OperonRegressor,first_principles_ideal_gas,ok,3,30,0.8417460822303358,0.7501621581840936,49.0,12.793204069137573,,(0.000 + (1.000 * ((((-0.001) * X2) - ((28.792 + (0.001 * X3)) - 28.786)) * (((((-0.285) * X3) * ((41.501 + ((-28.258) * X3)) + ((-2.084) * X1))) * (((-0.427) - ((-0.252) * X2)) * ((((-16.397) * X3) + (0.678 * X1)) - 8.499))) + (((((-30.506) * X2) - ((118.601 * X1) + ((-85.134) * X3))) + 17.247) + (((-21.835) - (((-53.619) * X3) + (120.380 * X1))) * ((-0.256) * X1)))))))
OperonRegressor,first_principles_kepler,ok,1,6,0.9880755566267776,199.05194088438824,29.0,3.8922605514526367,,((-0.217) + ((-0.272) * (((((0.994 * X1) * ((-0.831) * X1)) * ((-0.634) * X1)) / 1.590) + ((((-1.176) * X1) - (((((-0.314) * X1) * ((-1.433) * X1)) - ((-1.190) * X1)) * 2.609)) - ((-1.190) * X1)))))
OperonRegressor,first_principles_leavitt,ok,1,26,0.47685840592446804,0.5678346834378775,56.0,10.450843334197998,,(0.224 + (1.092 * (((((((-374.654) + (((-397.572) * X1) + (-366.699))) / ((83.943 * X1) + 86.316)) + ((((-0.638) * X1) * (1137.266 * X1)) + (12.242 / ((0.635 * X1) - 0.315)))) - ((((-78.258) * X1) - (((-0.000) * X1) * (1.034 * X1))) + ((((-0.593) * X1) * (1137.266 * X1)) / ((((-0.000) * X1) + 0.001) + (((7.512 * X1) * (2.318 * X1)) * (2.318 * X1)))))) * ((((-0.000) * X1) + 0.001) + (((-0.000) * X1) * (2.318 * X1)))) + ((-1.050) * X1))))
OperonRegressor,first_principles_newton,ok,3,30,-9.972095821291008,29.374102154923552,56.0,7.714677333831787,,((-0.000) + (1.001 * ((((((0.010 * X2) / (((-3.306) * X3) + (2.570 * X2))) + (((-0.444) * X1) - (-0.389))) - (-2.489)) + (((-0.082) * X2) / (((-3.048) * X3) + (2.596 * X2)))) + ((((-21.516) * X2) - ((((2.069 * X3) + (258.791 * X1)) + ((-12.127) * X2)) + ((-262.990) * X1))) + ((((95.892 + (154.996 * X1)) / ((((-663.343) * X3) + (242.911 * X1)) + ((-29.913) * X2))) + ((-7.585) * X2)) * (((-1.290) * X1) - 1.973))))))
OperonRegressor,first_principles_planck,ok,2,100,0.9999633245593077,0.8336211848979209,46.0,30.876280546188354,,((-0.000) + (1.000 * (((((-0.001) * X1) - 1.138) - (((68.363 * X1) - (((((-1119.192) * X2) - ((-16.228) * X1)) + (-1007.403)) - ((((-0.034) * X2) - 0.030) / ((-42.425) - (121.009 * X1))))) / ((((-1042.259) * X2) - (1.174 * X1)) + (-921.343)))) * (((-5.464) + ((-0.049) * X1)) - ((((-0.095) * X2) - (-1.958)) / ((-44.283) - (121.019 * X1)))))))
OperonRegressor,first_principles_rydberg,ok,2,50,0.9999454174092872,0.012958872852725139,49.0,9.125259399414062,,(0.000 + (1.000 * (((1.295 - 1.542) + ((((-9.707) * X1) / ((-26.773) + ((-10.634) * X1))) + (((-26.683) + ((-14.970) * X1)) / ((((-4.270) - 70.583) + (28.273 * X1)) - (33.044 * X2))))) + (((((0.840 - 0.710) - (2.661 * X2)) / (((-213.055) - (-64.955)) + (720.065 * X1))) - ((-0.223) * X1)) + ((0.004 * X1) / ((1.564 * X2) - ((((-38.407) * X1) + ((-71.990) * X1)) / (2.379 - 50.208))))))))
OperonRegressor,first_principles_schechter,ok,1,27,-19.58495995743437,16.303630909085268,40.0,4.810150384902954,,((-0.000) + (1.000 * ((((-0.634) * X1) / ((2.621 * X1) + 1.751)) - (((0.642 * X1) + 0.539) + (((((3.932 + ((-12.752) * X1)) / ((((-1646.154) * X1) - 164.488) - (6.977 + 164.349))) - (0.001 / ((2.837 * X1) + 1.322))) - (((-0.000) * X1) * (((-0.580) * X1) * (39.907 * X1)))) - (((-0.023) * X1) / ((2.829 * X1) + 1.377)))))))
OperonRegressor,first_principles_supernovae_zg,ok,1,200,0.9998238908406999,0.003584792049953438,57.0,27.891827821731567,,((-0.000) + (1.000 * (((-1.217) * X1) - ((((-0.342) + ((0.025 * X1) / ((51.721 * X1) - (-50.983)))) - ((((((-0.050) * X1) / ((7.703 * X1) - (-11.387))) + (4.851 * X1)) + (3.997 * X1)) / (((2.162 + (1.187 * X1)) / (0.119 * X1)) - ((((-8.151) * X1) / ((8.687 * X1) - (-11.771))) - 0.947)))) - ((((25.461 * X1) - (-21.720)) / ((-25.263) - ((((-5.341) * X1) / ((-0.190) / (0.949 * X1))) - ((-39.036) * X1)))) - ((-0.400) * X1))))))
OperonRegressor,first_principles_supernovae_zr,ok,1,200,0.994108412117242,0.014717804384527935,51.0,18.00523281097412,,(0.000 + (1.000 * (((-2.935) / ((-48.630) - (29.600 * X1))) + ((((((1.052 * X1) * (6.618 - (1.583 * X1))) * ((-2.457) - (1.718 * X1))) * (((-0.001) * X1) * (35.031 - (8.916 * X1)))) + ((((-50.376) - (30.248 * X1)) / ((-44.149) - (33.904 * X1))) - (1.174 * X1))) + ((((19.180 - (6.577 * X1)) - ((-13.697) * X1)) / ((-15.644) - (11.551 * X1))) - (((-5.720) - (10.844 * X1)) / ((-33.185) - (24.129 * X1))))))))
OperonRegressor,first_principles_tully_fisher,ok,1,18,0.842112983597568,0.4442229850512414,53.0,6.7053327560424805,,((-0.326) + ((-0.000) * ((((((((-2.107) * X1) + ((-82.473) * X1)) + ((-79.866) * X1)) + 7.868) / (((((-2.107) * X1) + ((-82.278) * X1)) + ((-79.866) * X1)) - (68.724 + (57.921 * X1)))) - ((7.868 + ((-2.107) * X1)) * ((((81.961 / (68.724 + (57.921 * X1))) + ((-82.473) * X1)) + ((68.724 + (57.921 * X1)) / ((-82.412) * X1))) + (1.474 / (((-1.373) * X1) - (-1.701)))))) * (14.518 + ((-1.131) * X1)))))
OperonRegressor,nikuradse_1,ok,2,200,0.9975772142008541,0.008088626121514793,59.0,60.16978216171265,,((-0.000) + (1.000 * (((((-373.258) + ((((-542.815) * X1) - (107.039 * X2)) - (((((-316.214) * X1) - ((-31.606) * X2)) * (7.015 * X2)) * ((-0.041) * X2)))) / (468.811 - ((-493.464) * X1))) + ((0.308 * X2) - (0.274 * X1))) - ((0.040 + (((-0.110) * X2) - ((-0.563) * X1))) * (((1484.969 - ((-1617.719) * X2)) + (((-159.708) - (620.111 * X1)) - ((((-9.626) * X1) - ((-43.510) * X2)) * (34.700 * X2)))) / (17.807 + (1678.858 + ((1303.239 * X1) - ((-187.916) * X2)))))))))
OperonRegressor,nikuradse_2,ok,1,200,0.9713817696167061,0.033288533990183944,56.0,52.03766584396362,,(0.000 + (1.000 * (((((((-3.485) * X1) - 9.049) * (((((-1.464) * X1) + 3.812) * ((-3.085) * X1)) * (((1.030 * X1) * (0.002 * X1)) * ((12.161 * X1) * ((-1.715) * X1))))) - (((-28.517) * X1) - ((-8.586) + (15.107 * X1)))) * ((((((((-0.641) * X1) - 4.539) * ((-2.909) * X1)) * (5.336 * X1)) * (((0.065 * X1) + (-2.845)) + 2.576)) + ((-1449.969) / ((-44565.414) * X1))) + ((-19.354) + (33.086 * X1)))) * ((0.001 * X1) - (-0.001)))))
OperonRegressor,solar_flare,ok,10,200,-0.036472320556640625,0.6967063819555719,55.0,134.625643491745,,((-0.002) + (1.007 * (((48.072 * X2) + (((-0.012) * X6) + (-0.047))) + ((((((7.296 * X2) + (32.965 - ((-16.729) * X5))) - ((((-23.009) * X6) + ((13.246 * X3) - ((-12.445) * X4))) + ((((-172.745) * X6) - 35.922) / (((-15.191) * X3) - (3.042 * X4))))) - ((-12.711) * X7)) / (((17.156 * X7) + ((50.707 * X2) + (((-13.312) * X3) - (34.465 * X4)))) + ((3.358 * X1) / 0.002))) - ((47.946 * X2) + (((-0.189) * X3) - (0.074 * X4)))))))
OperonRegressor,strogatz_bacres1,ok,2,200,0.9999999845228347,0.0002714583154696605,47.0,17.924667596817017,,(0.000 + (1.000 * ((((-0.398) * X1) + ((((((0.234 * X1) - (-7.012)) - (2.353 * X1)) * ((15.777 * X1) * ((-0.006) + (((-0.079) * X1) * (0.003 * X1))))) + (8.971 - ((0.629 * X1) - (-0.890)))) * (((((((-0.023) * X2) + (0.087 * X1)) - (0.079 * X1)) * (10.946 - ((1.160 * X1) - 2.459))) + (((-0.112) * X1) + (0.380 * X2))) - ((0.007 * X1) - 0.005)))) + ((-1.329) * X2))))
OperonRegressor,strogatz_bacres2,ok,2,200,0.9999999929649458,0.0001710418493796503,46.0,18.98955750465393,,(0.000 + (1.000 * (((((-0.000) - (0.000 * X2)) * (17.687 * X1)) * ((5.037 * X2) / (((-0.208) * X1) + 1.202))) + (((0.407 * X1) + (0.049 - (0.888 * X2))) + ((((0.126 + (((-0.856) * X1) + 2.132)) * (0.009 * X2)) - (((-0.001) * X2) / (((-0.069) * X1) - ((0.160 * X1) + 1.055)))) + (((((-20.036) * X2) + (8.880 * X1)) * ((-0.008) * X1)) / ((0.160 * X1) + 1.052)))))))
OperonRegressor,strogatz_barmag1,ok,2,200,0.9983665031837626,0.007137503881367832,59.0,19.762637615203857,,((-0.000) + (1.000 * ((((0.729 * X1) / ((0.821 * X1) + (5.017 * X2))) - (((1.920 - (((-7.311) * X2) - (((-1.661) * X1) - (-13.157)))) / ((((-1.201) * X1) - (-8.294)) / ((((0.754 * X1) - 0.092) + ((-0.228) * X2)) + ((-0.704) * X1)))) * ((((22.716 * X1) - (-29.885)) / (((((-2.543) * X2) - 1.029) + ((-3.492) * X1)) + (4.048 * X1))) + (((2.009 * X1) + ((-9.299) * X2)) + 31.633)))) - ((((-1.745) * X1) + (9.205 * X2)) + ((-2.523) * X1)))))
OperonRegressor,strogatz_barmag2,ok,2,200,0.9999420019540621,0.0015910208305494307,60.0,37.4147002696991,,((-0.000) + (1.000 * ((((5.854 * X2) + (0.210 * X1)) + (((-2.551) + ((-8.579) * X2)) - ((((-0.608) * X2) - (0.223 * X1)) * (((0.150 * X2) * (3.125 * X1)) + ((4.140 * X2) + ((-0.189) * X1)))))) + (((((-0.132) * X2) * ((-4.275) * X1)) / ((3.043 * X2) - 5.991)) + (((92.845 * X2) - (((-4.509) - ((3.481 * X1) - ((62.655 * X2) - (-26.630)))) * ((((1.766 * X2) + ((-0.003) * X1)) * ((1.388 * X1) + (2.424 * X2))) + ((-13.164) * X2)))) * ((-0.002) * X1))))))
OperonRegressor,strogatz_glider1,ok,2,200,-307.0383485209875,13.582692263028898,54.0,22.023568868637085,,(0.014 + (1.032 * ((((2.980 * X1) - (1.836 * X2)) / ((-77.127) + (147.120 * X2))) - ((((((8.836 + ((-15.355) * X2)) * ((468.269 * X2) - ((-240.236) * X1))) - ((1042.261 * X1) - 651.413)) / ((97.741 + ((-83.788) * X2)) * ((78.892 * X1) - (259.031 * X2)))) - ((((((-2.101) * X1) - 2.545) / (((-2.806) + ((-0.390) * X2)) - ((-1.848) * X2))) - (0.940 * X1)) * ((-0.234) * X2))) + ((((-0.056) * X1) - (0.188 * X2)) - (0.423 * X2))))))
OperonRegressor,strogatz_glider2,ok,2,200,0.8764210915240389,0.3032947217132601,59.0,19.784372091293335,,((-0.000) + (1.000 * ((((-1.089) * X1) * (0.543 * X2)) - (((((0.005 * X1) - (((0.003 * X2) + (0.001 - ((-0.002) * X1))) / ((1.426 - ((-0.756) * X1)) / 5.491))) * (((((7.241 * X2) + ((-7.242) * X1)) / ((-6.776) - ((-23.003) * X1))) + (((0.664 / (0.505 * X2)) - ((-23.714) * X1)) - ((-4.387) * X2))) + ((((-690.692) * X2) - (590.669 - ((-1789.345) * X1))) * (0.016 * X2)))) - ((-0.245) - (((-0.164) * X2) + ((-0.986) * X1)))) - (0.006 * X2)))))
OperonRegressor,strogatz_lv1,ok,2,200,0.9999999999988933,3.816828807857804e-07,42.0,16.52372694015503,,((-0.000) + (1.000 * (((-0.047) + (((-0.321) * X2) - (((0.000 * X2) - (((-0.696) * X1) + ((-1.409) * X1))) * (0.225 * X2)))) + (((0.000 / ((((-0.688) * X1) + ((-2.195) * X1)) - (0.788 * X2))) - (((-0.503) * X2) / (((-0.952) * X2) / (1.831 * X1)))) + (((0.024 - 0.527) + (0.372 * X1)) * ((-1.002) * X1))))))
OperonRegressor,strogatz_lv2,ok,2,200,0.9999999999998019,1.6120872722095367e-07,42.0,16.02101182937622,,((-0.000) + (1.000 * (((-0.206) + (((-1.122) * X2) - (((1.339 * X2) - (((-0.696) * X1) + ((-1.409) * X1))) * (0.395 * X2)))) + (((0.000 / ((((-0.688) * X1) + ((-2.195) * X1)) - (0.788 * X2))) - (((-1.025) * X2) / (((-0.952) * X2) / (1.831 * X1)))) + (((0.024 - 0.527) + (0.000 * X1)) * ((-1.002) * X1))))))
OperonRegressor,strogatz_predprey1,ok,2,200,0.9999558274598124,0.009129260602477976,55.0,19.405897617340088,,((-0.000) + (1.000 * (0.183 - ((((((8.067 * X1) - 12.795) * ((25.146 - (2.537 * X1)) * ((((-1.153) * X2) - ((-1.385) * X1)) * ((0.001 * X1) - 0.007)))) * (26.907 + ((((-0.019) * X1) - (-0.054)) * ((((-84.633) * X1) - (-114.805)) * (((-0.263) * X1) - (-2.108)))))) - ((((15.288 * X1) - 86.199) + ((2.486 * X1) - (-2.103))) + ((106.132 * X2) - ((-60.543) * X1)))) * (((-0.003) * X1) + (((-0.000) * X2) + (-0.002)))))))
OperonRegressor,strogatz_predprey2,ok,2,200,0.999999995739472,9.781899076778019e-05,35.0,31.83159589767456,,((-0.000) + (1.000 * (((((((0.697 * X1) + (1.475 * X2)) / ((-20.354) + (((-0.178) * X1) + ((-9.524) * X2)))) + ((49.583 * X1) - ((26.669 * X1) + (-34.736)))) / (33.188 + ((45.271 * X1) - (-40.173)))) - ((0.014 * X2) + 0.460)) * (48.964 + (((-0.013) * X1) + (23.134 * X2))))))
OperonRegressor,strogatz_shearflow1,ok,2,200,0.9899145161160304,0.07270236474981222,57.0,36.444905042648315,,((-0.001) + (1.000 * (((((-0.001) * X2) - (-0.001)) * (((((-4.539) * X1) + ((-2.828) * X2)) - (-1.398)) - (-5.268))) * (((((-83.352) * X2) - (-3.171)) - 25.166) - ((((((5.726 * X1) - (-2.664)) / ((1.529 * X2) - 0.744)) + (0.864 * X2)) - (3.215 * X2)) * ((((-102.794) * X2) - 12.060) + ((((81.433 * X2) - 131.216) * (((-0.144) * X1) - 0.018)) + (((-11.510) + ((-14.132) * X1)) * (((-0.556) * X2) * ((-14.547) * X2))))))))))
OperonRegressor,strogatz_shearflow2,ok,2,200,0.9954983300241926,0.017373515756977317,66.0,40.98685026168823,,((-0.001) + (1.000 * ((((((((-26.707) * X1) - ((-31.318) * X2)) * ((23.824 * X1) - ((-8.907) * X2))) * (0.258 * X1)) - (((-377.975) * X1) - ((-95.711) * X2))) - (((((0.179 * X1) - 0.111) - ((-0.143) * X2)) * ((((-16.891) * X2) - (((-268.683) * X1) + (-38.758))) - ((((-0.591) * X1) * ((-30.931) * X1)) * (7.958 * X1)))) * (((-48.032) * X2) - ((36.234 - ((-37.902) * X1)) - ((((-2.325) * X1) - ((-5.766) * X2)) * (((-9.449) * X1) - (4.015 * X2))))))) / (52.799 - ((-232.351) * X1)))))
OperonRegressor,strogatz_vdp1,ok,2,200,0.9999999999998499,6.827440581800627e-07,45.0,23.145493030548096,,(0.000 + (1.000 * ((2.336 + ((1.602 * X2) - (((0.869 + ((0.004 * X1) - (((-0.515) * X2) + ((-1.372) * X2)))) - (((((-7071.755) * X2) * (16142.723 * X1)) / (1031465.562 - (-1031461.062))) / (-240291.188))) + ((-1.838) * X2)))) + ((((-0.455) * X1) * ((0.980 * X1) * ((0.000 * X2) + (3.064 * X1)))) + (((((-5.996) * X1) - (-0.162)) - (0.001 * X2)) * (0.432 * X1))))))
OperonRegressor,strogatz_vdp2,ok,2,200,0.9999999999999308,2.5198786320005002e-08,10.0,4.493860483169556,,((-3.131) + ((-1.077) * (((-1.203) + (0.929 * X1)) + (-1.704))))
