algorithm,dataset,status,n_features,n_rows,r2,rmse,complexity,seconds,error,expression
OperonRegressor,1027_ESL,ok,4,200,0.7916145534125176,0.6465314756660081,62.0,47.57604122161865,,(0.000 + (1.000 * (((((-0.070) * X2) - ((-0.491) * X1)) - (((-0.227) * X3) - (0.453 * X4))) - (((-0.075) - (((((0.263 * X2) + ((-0.157) * X4)) * ((70.308 * X2) + (177.429 * X4))) - ((64.448 * X3) + (-16.197))) * ((0.000 * X1) + ((((-0.000) * X2) + ((-0.000) * X4)) - (((-0.000) * X3) + (-0.001)))))) * (((-3.583) * X1) + ((((((-0.071) * X2) + ((-0.248) * X4)) - (((-0.153) * X3) + 0.006)) * (6.534 - (3.542 * X3))) + ((4.868 * X2) + ((-0.183) * X4))))))))
OperonRegressor,1028_SWD,ok,10,200,0.42119081418666715,0.6036629874699139,62.0,140.91788458824158,,((-0.001) + (1.002 * (((((((-56.451) * X10) - ((8.728 * X8) - (((-3.793) * X2) + (27.692 * X5)))) * ((((0.087 * X6) + (0.156 * X3)) + (-0.587)) - (0.499 * X10))) - (-50.796)) * (((0.001 * X7) + (0.001 * X8)) - ((((-0.003) * X3) - (0.002 * X9)) + (((-0.003) * X5) - ((0.000 - ((-0.001) * X1)) - ((-0.003) * X10)))))) + (((-0.057) * X5) + (((((-0.001) * X6) + ((-0.001) * X3)) + 0.000) * ((58.368 * X10) - ((((-82.443) * X2) - ((-37.694) * X10)) - (-63.109))))))))
OperonRegressor,1029_LEV,ok,4,200,0.5327828443074654,0.6478449195812426,62.0,134.4363658428192,,((-0.002) + (1.011 * ((((0.359 * X1) + (0.587 * X2)) + ((0.148 * X3) + (0.242 * X4))) + ((((((((-22.363) * X1) + ((16.449 * X3) + ((-21.565) * X4))) * (((1.498 * X1) + (4.232 * X2)) + (((-1.511) * X3) + ((-4.667) * X4)))) + (104.731 * X3)) * ((((-0.651) * X1) + (0.404 * X2)) + (-0.729))) + ((((45.937 * X1) + ((-51.783) * X2)) + (58.615 * X3)) + (43.687 * X4))) * ((((0.864 * X3) + ((6.449 * X4) + ((-0.864) * X3))) + (((-0.001) * X1) + (0.001 * X2))) + ((-6.448) * X4))))))
OperonRegressor,1030_ERA,ok,4,200,0.31764916109712105,1.6558036328960533,62.0,64.46419143676758,,((-0.001) + (1.001 * (((((0.113 * X4) - (((-0.344) * X1) + ((-0.355) * X2))) + (0.213 * X3)) + ((-0.119) - ((((0.876 * X1) + (0.965 * X2)) + (0.999 * X3)) / ((6.697 * X2) + ((636.223 * X4) - ((-53.932) * X1)))))) + ((((((0.447 * X1) + ((-0.801) * X2)) + (((-4.157) * X4) + ((-1.310) * X3))) * (((44.505 * X4) - (-88.273)) * ((1.619 * X4) - 3.770))) + (((((-60.601) * X2) + ((-107.933) * X4)) * ((1.300 * X4) - (-6.693))) + ((-251.926) * X3))) * ((-0.001) * X2)))))
OperonRegressor,1089_USCrime,ok,13,47,-0.6145572348344222,46.27703980775569,62.0,11.564307451248169,,(0.011 + (1.000 * (((((((-6.021) - (1.499 * X12)) - ((12.566 * X4) + ((-6.948) * X13))) * (0.024 * X10)) * ((0.938 * X13) + (1.684 * X1))) + ((0.220 * X1) + ((((-0.357) * X4) + ((-0.764) * X13)) - (((-2.227) - ((-12.060) * X12)) / ((((0.243 * X1) + (12.199 * X12)) + (26.446 * X11)) + ((-129.528) * X13)))))) - ((((((-0.000) * X2) + ((-0.001) * X7)) + (0.003 * X8)) + (((-0.001) * X13) - ((-0.003) * X12))) * ((((34.846 * X7) - 6.423) + ((-0.392) * X11)) + ((-14.005) * X4))))))
OperonRegressor,1096_FacultySalaries,ok,4,50,0.999980475677544,0.015162208150542035,54.0,9.136387348175049,,(0.139 + (1.001 * ((((-3.187) * X3) - ((((-0.001) * X3) - (0.004 / ((((-4.085) * X4) + (2.569 * X1)) - ((-4.644) * X3)))) * ((1.117 * X2) + ((-0.936) * X4)))) + ((((-1.676) * X4) - ((-5.737) * X2)) + (0.564 / (((-1449.756) - (3380.069 * X4)) + (((((-0.923) * X4) + (0.841 * X1)) - ((-4.894) * X4)) * ((((-4958.423) * X4) - ((-1310.213) * X2)) - (((4937.524 * X4) + ((-10.436) * X1)) - (1303.948 * X2))))))))))
OperonRegressor,1191_BNG_pbc,ok,18,200,0.30607908433201414,919.20802216819,37.0,7201.636807441711,,(0.002 + (1.016 * ((((-2.620) * X1) + (0.204 * X6)) - (5.303 + (((((((-0.189) * X11) * 0.040) - (0.019 * X17)) * ((2.659 * X11) - ((((-2.958) * X1) - (0.772 * X11)) - (0.350 + 1.161)))) + (((-0.081) * X7) + (1.077 * X1))) + (((((-3.916) * X1) - 5.294) + (0.175 * X9)) - (3.149 * (0.078 * X11))))))))
OperonRegressor,1193_BNG_lowbwt,ok,9,200,0.5919901323740537,464.3211121045517,61.0,2620.3476510047913,,(0.002 + (0.997 * ((((0.116 * X1) + (((0.007 * X5) + (0.001 * X6)) + ((-0.007) * X4))) * (((((-0.660) * X5) - (((((-130.274) * X5) + (650.128 * X9)) - ((-1.794) * X1)) / (((-9.314) * X5) + (44.830 * X9)))) + ((-0.417) * X6)) - ((((-1.006) * X5) + ((-3.441) * X1)) + (0.114 * X8)))) - ((0.139 * X3) + ((((-12.608) * X8) / ((133.837 * X9) + ((-88.371) * X8))) - (((540.977 + (((-17.284) * X2) + (67.447 * X1))) + (62.105 * X1)) / (((-210.235) * X3) + (873.278 * X1))))))))
OperonRegressor,1196_BNG_pharynx,ok,10,200,0.4338285026489781,313.66041635193034,34.0,7201.966766357422,,((-0.007) + (1.002 * (((((-0.193) * X6) + (-0.074)) - ((-1.120) * X10)) - (((((-0.068) * X9) + (0.560 * X10)) + (0.102 * X8)) + ((((-0.398) * X6) + (-0.051)) * ((((0.180 * X6) + (-1.154)) + (-0.727)) * ((((-0.489) * X6) + 0.820) / 3.174)))))))
OperonRegressor,1199_BNG_echoMonths,ok,9,200,0.44589584400559634,11.941000578019972,59.0,1519.7132267951965,,((-0.011) + (0.990 * ((((((((-2204.053) * X9) - (2603.207 * X2)) / (((517.171 * X2) - ((5129.016 * X1) - 9252.556)) - (((-4469.034) * X1) - (-16413.605)))) - (66939.078 - ((-0.480) * X9))) - ((((5041.331 * X1) - 9252.556) / (((579.744 * X5) - (1704.130 * X1)) - (-4598.300))) - (154.098 * X5))) + ((((-558511.250) * X1) - (-66937.281)) + (((-0.085) * X8) - ((0.065 * X3) - (((0.007 * X1) - (((-558511.312) * X1) - (0.017 * X8))) - (((-0.041) * X9) - ((-0.427) * X2))))))) + ((-153.964) * X5))))
OperonRegressor,1201_BNG_breastTumor,ok,9,200,0.11754909547869108,9.716067750540063,54.0,7200.136246442795,,((-0.002) + (0.998 * ((((-133.015) / (3326.375 - ((-8062.372) * X7))) - (7.936 / ((-85.837) - ((-58.049) * X7)))) + ((((128.152 * X5) / ((((-3540.313) * X4) + ((-1727.366) * X9)) - ((-1784.625) * X5))) - ((13.194 - (0.077 * X7)) / (182.535 * X5))) + (((178.700 / (((6133.036 * X4) - 1512.805) - (6276.478 * X3))) - ((3462.821 * X5) / (((-31227.350) * X4) + ((-781.332) * X9)))) + ((((0.005 * X4) - (-0.060)) - (0.046 * X3)) - ((-0.167) * X5)))))))
OperonRegressor,1203_BNG_pwLinear,ok,10,200,0.6020383075126794,2.8241383760481327,62.0,7200.196296930313,,(0.003 + (1.003 * (((((((-54.259) * X6) + ((-239.988) * X7)) + ((((-2271.091) * X3) + (3166.368 * X1)) - (545.162 * X2))) / ((((516.310 * X2) + (25895.994 * X1)) + (((-1384.097) * X3) + (7137.797 - ((-210.974) * X4)))) + (((-3332.220) * X1) + 13269.392))) + (0.229 * X5)) - (((((((((-118997.578) * X6) + ((-61590.676) * X7)) + (4159.167 * X7)) + (((-1378542.750) * X1) + ((-248841.734) * X5))) - (((-136739.234) * X5) + (722212.188 * X1))) / (925695.250 * X1)) + ((((-0.041) * X3) + (0.144 * X1)) + 2.657)) + ((-0.145) * X6)))))
OperonRegressor,1595_poker,ok,10,200,0.04049532736221051,0.7573699312616209,58.0,7203.008938789368,,(0.010 + (1.005 * (((((((10.383 * (0.000 * X2)) * (((-0.154) * X6) - (1.736 * X4))) - (0.000 * X1)) - (0.158 * X6)) * ((-0.549) * X4)) - ((1.829 * ((-0.076) * X2)) * ((0.609 * X6) - ((-0.611) * X4)))) - (((-0.003) * X6) + ((((0.335 * X2) * (0.038 * X10)) - (((((-1.847) - ((-0.065) * X2)) * ((0.957 * X6) - ((-0.967) * X4))) - ((1.717 * X8) + (((-0.009) * X2) * ((-2.390) * X10)))) - ((0.004 * X2) * (2.801 * X10)))) * ((-0.047) * X10))))))
OperonRegressor,192_vineyard,ok,2,52,0.713038888153159,2.6455877111657955,47.0,8.457735300064087,,((-0.000) + (1.000 * (((((131.926 * X1) - (49.277 * X2)) / ((1666.965 - ((-1841.672) * X1)) + (2089.346 * X2))) - (0.091 - (((53715.289 + (28828.748 * X1)) + (2579.121 * X2)) / (19768.602 - ((-9869.868) * X1))))) - ((0.033 * X2) + ((2.493 + ((-0.385) * X1)) - (((1103.675 + (1093.031 * X1)) / ((4422.525 + (42055.555 * X1)) + ((-21646.420) * X2))) - ((((-1943.286) * X2) - ((-233.787) * X1)) / (13198.450 - (17823.236 * X1)))))))))
OperonRegressor,197_cpu_act,ok,21,200,0.9794584026402279,2.6273007445555874,69.0,919.5121486186981,,(0.000 + (0.999 * (((((((-0.066) * X7) + ((-0.031) * X1)) + (0.299 * X21)) + ((((-0.025) * X10) + (((-0.097) * X17) + ((-0.050) * X16))) + ((-0.098) * X18))) - (-0.356)) + ((((((((-155.956) * X6) + ((-0.940) * X20)) + ((-143.309) * X16)) + (((182.277 * X18) + ((-346.406) * X3)) - 2531.816)) + ((((-179.468) * X18) + (((-489.353) * X18) + (522.089 * X20))) + (((-201.770) * X8) + ((-4400.604) * X21)))) / ((((-31.922) * X21) * (57.293 * X21)) - (-15337.587))) + (((-0.043) * X9) + (((-0.029) * X18) + ((-0.124) * X3)))))))
OperonRegressor,201_pol,ok,48,200,0.824703553292234,17.592811637413458,61.0,2270.5465536117554,,((-0.010) + (1.000 * ((((0.001 * X5) + (0.000 * X7)) + ((-0.003) - ((-0.000) * X8))) * (((((-6.644) * X9) + ((-16.643) * X6)) - (((((-65.646) + ((13.967 * X19) + ((-4.452) * X18))) + ((10.750 * X9) + (24.791 * X6))) * (((-107.336) + (96.385 * X5)) * ((-41.608) + (((-21.114) * X5) + (2.663 * X20))))) * (((-0.001) - ((-0.000) * X8)) + (((0.000 * X9) + (0.000 * X6)) - (((-0.000) * X5) + ((-0.000) * X7)))))) + ((((-9.425) * X19) + (15.019 * X18)) + 231.136)))))
OperonRegressor,210_cloud,ok,5,108,-12.165193195425987,4.455445944827703,61.0,23.403141975402832,,((-0.013) + (1.000 * (((0.089 * X2) + ((-6.773) * X1)) + ((((((-0.077) * X5) / ((3.414 * ((-3.276) * X2)) - (9.216 + ((-5.012) * X1)))) * ((((31.064 * X4) + (((-24.423) * X5) - (-11.666))) / (((-2.266) * X5) - 0.393)) - ((3.246 * X1) * ((-0.175) * X3)))) - ((((-0.438) * X4) + ((-6.854) * X1)) - (0.532 * X3))) + ((((((-211.345) * X2) - ((-382.975) * X4)) / (((-4553.460) * X5) - 1373.260)) / (2679.324 + (5890.573 * X1))) * ((1411.613 * X4) + ((-3090.178) * X3)))))))
OperonRegressor,215_2dplanes,ok,10,200,0.948580722271437,0.9943114613602864,54.0,5126.79908156395,,((-0.000) + (1.000 * (((((-1.405) + ((-2.541) * X5)) - (0.279 * X6)) - (((((18.082 * X1) - (0.001 * X4)) - 11.317) - (0.004 * X2)) + 19.149)) - (((((((0.046 * X5) + 14.146) - ((-51.286) * X6)) - ((-14.200) * X1)) - ((51.276 * X6) + ((-0.003) * X7))) / 2.378) * (((((55.502 * X1) - (0.016 * X4)) - (0.047 * X2)) - (((((0.023 * X6) + ((-0.000) * X7)) - (-86.150)) + (0.031 * X3)) - (23.971 * X1))) + (((-0.210) * X5) + 4.824))))))
OperonRegressor,218_house_8L,ok,8,200,0.5760769177017034,33120.570787601624,57.0,2423.2683663368225,,((-0.000) + (0.999 * ((((-0.238) * X3) - 1.087) + (((0.193 * X2) + ((-0.110) * X7)) - (((((-13.747) - ((((-1.135) * X2) + (2.427 * X7)) + (1.035 * X3))) + (3.874 * X8)) * (((((-0.000) * X7) + ((-0.000) * X3)) - (0.001 * X2)) - 0.001)) * ((((2.078 * X2) + (((-7.831) * X8) + (2.064 * X3))) - 33.270) * ((0.068 * ((12.195 * X3) - (2.612 * X2))) - ((-2.633) + ((((-2.905) * X7) + (4.419 * X3)) * (((-0.003) * X2) + (0.058 * X7)))))))))))
OperonRegressor,225_puma8NH,ok,8,200,0.6818275266775564,3.18912602970763,62.0,582.6457440853119,,(0.000 + (1.000 * (((((-20.155) * X2) + (((((((-5.833) * X3) - (33.117 * X2)) * ((-0.022) * X3)) + ((-1.366) - (0.238 * X3))) * ((8.129 - ((-14.762) * X3)) + (7.137 * X2))) + ((((-6.276) * X2) - ((-21.265) * X3)) * ((-0.400) * X2)))) * (((((0.002 * X2) * (1.664 * X2)) - ((-0.006) * X2)) + ((-0.035) - ((-0.011) * X3))) * ((1.424 - ((-0.077) * X3)) + (((((-0.861) * X2) * (0.141 * X2)) - ((-0.352) * X3)) + (0.167 * X2))))) + ((-0.342) - (0.106 * X3)))))
OperonRegressor,227_cpu_small,ok,12,200,0.9665924618805368,3.350540864110566,56.0,815.445348739624,,(0.000 + (1.000 * ((((((-452.268) - (((-62.269) + (123.699 * X12)) * (((-0.432) * X12) * ((-0.243) * X12)))) * (((-3.871) * X12) - (((0.208 * X8) + ((0.726 * X6) - 0.821)) - (((-0.476) * X3) - (0.109 * X9))))) - ((-119.059) + (216.325 + (((-52.716) * X1) - (119.577 * X8))))) + (((-1758.307) * X12) - ((197.988 * X8) + ((((10220.871 + (725.668 * X9)) + ((4765.387 * X7) - ((-4715.319) * X8))) + 9946.652) / ((-99.712) + ((-41.874) * X11)))))) / (-1297.898))))
OperonRegressor,228_elusage,ok,2,55,-0.538306961100125,27.630521262186196,61.0,12.939388275146484,,((-0.000) + (1.000 * ((((-0.428) + ((-0.873) * X1)) - ((-0.012) * X2)) + (((((0.033 / ((-0.211) + (((-2.487) * X1) - (-0.350)))) - (((-0.007) * X2) / (((-0.947) * X2) - (1.794 * X1)))) + ((((-0.735) * X2) - ((-11.486) * X1)) * (0.028 * X1))) - ((((-5.018) - ((-1.203) * X2)) / ((((-20.626) * X1) - 15.654) - ((-10.663) * X2))) / ((0.073 * X2) + (8.036 * X1)))) + ((((-14.340) * X1) - 23.245) / ((((-183.066) * X1) - 156.273) - (25.088 * X2)))))))
OperonRegressor,229_pwLinear,ok,10,200,0.8702383841866383,1.4955027887685601,61.0,22.869570016860962,,((-0.000) + (1.000 * ((0.840 * X2) + (((((-0.075) * X5) + (-0.310)) - ((-0.113) * X7)) - (((((((27428.596 * X3) + (17191.617 * X6)) + (31333.949 * X5)) - (45436.258 * X2)) + (((12196.024 * X3) + ((-22025.145) * X1)) * ((((-0.324) * X6) + ((-2.186) * X1)) - (0.225 * X7)))) + ((-53365.734) * X1)) / (((-84798.883) - (((((-1.721) * X1) + ((-2.106) * X5)) - (4.170 * X2)) * (((-302.124) * X10) + ((1090.332 * X3) + (67.986 * X1))))) + ((5437.592 * X10) + (((-1874.035) * X7) + (28903.928 * X1)))))))))
OperonRegressor,230_machine_cpu,ok,6,200,0.8807495755492059,40.45535233886709,64.0,21.56937050819397,,(0.001 + (1.001 * ((((((-0.012) * X6) * (((-0.539) * X5) - ((-1.945) * X2))) - (((0.078 * X5) / ((4.738 * X5) - ((-6.557) * X2))) - (((((47.328 * X2) + (3.117 * X3)) + ((-6.103) * X4)) * ((-0.001) * X3)) - (((-0.042) * X2) + (-0.008))))) * ((((2.031 * X5) - ((-1.738) * X2)) + ((-7.546) * X4)) - (-2.200))) - (((((1.050 * X5) - ((-3.688) * X2)) * (35.834 + ((-2.740) * X3))) * ((-0.002) * X3)) - ((-0.145) + (((0.024 * X2) + (0.280 * X3)) - ((-0.221) * X4)))))))
OperonRegressor,294_satellite_image,ok,36,200,0.8234139553171604,0.9413960076056643,65.0,490.1522545814514,,((-0.001) + (1.000 * (((0.173 * X17) - 0.708) - (((((((((-4.168) * X19) + ((-10.917) * X26)) - ((0.990 * X15) + ((-13.044) * X25))) * ((((-0.013) * X17) - ((-0.013) * X31)) - 0.006)) - (((-0.318) * X17) - 0.617)) * (((123.181 * X31) - ((-76.949) * X26)) + (((-108.399) * X9) + (169.967 * X7)))) - ((((-22.215) * X23) - (-162.719)) + (((-126.982) * X26) - (((-3.530) * X19) + ((-199.733) * X25))))) * (((((-0.001) * X15) + ((-0.001) * X25)) - (-0.004)) + (((-0.001) * X19) + (0.001 * X26)))))))
OperonRegressor,344_mv,ok,10,200,0.9995554157190032,0.21998227002408904,59.0,3179.4310233592987,,(0.000 + (1.000 * (((-0.959) * X6) - ((((((((-4.730) * X6) + (16.823 * X6)) - (2.197 * X6)) + ((4.247 * X8) - (-1.418))) - ((-1.404) * X1)) * ((((-0.005) * X8) - (-0.019)) - ((-0.000) * X6))) * ((((((-15.672) * X6) - (9.001 * X1)) * (((0.001 * X8) - 0.001) - (0.001 * X6))) * (((((2.730 * X8) - 11.984) - ((-8.149) * X6)) * (((6.161 * X4) - (-0.685)) * (((-0.001) * X7) - (0.115 * X6)))) + ((1.150 * X7) - ((-18.769) * X6)))) + (-9.303))))))
OperonRegressor,4544_GeographicalOriginalofMusic,ok,117,200,0.8108545051336795,0.4124343179804813,56.0,80.88430953025818,,((-0.001) + (1.000 * (((((0.201 * X99) + (1.124 * X100)) - ((((-0.046) * X103) - (0.494 * X42)) - ((-0.102) * X41))) - ((-2.073) * X98)) - ((((0.215 * X40) - (((2.695 * X101) - ((-20.196) - (6.309 * X44))) / (11.655 - ((-4.101) * X44)))) - ((-0.136) * X44)) + (((((0.001 * X71) - (0.008 * X98)) - ((0.004 * X100) + 0.007)) - (0.000 * X19)) * (((-1.110) * X71) - (((65.276 - ((1.330 * X13) - (6.141 * X41))) - (15.112 * X42)) - ((-169.826) + (5.114 * X60)))))))))
OperonRegressor,485_analcatdata_vehicle,ok,4,48,-0.8654311470852387,388.51911157374997,59.0,13.201834678649902,,((-0.000) + (1.000 * (((((0.086 * X2) + 1.208) / ((2.709 * X3) + ((-3.762) * X1))) + (((-0.148) * X3) + ((0.108 * X2) - (((-1.248) - ((((-0.039) * X3) + ((-1.438) * X1)) - (6.997 * X4))) / ((4.046 - (4.139 * X3)) - ((-20.709) * X4)))))) - (((24.499 - (((-64.535) - ((-1.059) * X3)) / ((-23.955) - (14.589 * X4)))) - ((-3.971) * X4)) * ((((22.253 * X3) - (((-61.723) * X2) + (-22.865))) * ((-0.001) * X2)) * ((0.550 * X3) + (0.168 * X1)))))))
OperonRegressor,503_wind,ok,14,200,0.7875330107565256,3.090634395945284,54.0,814.1303429603577,,(0.000 + (1.000 * ((((-0.846) * X1) + ((4.190 - (((0.347 * X11) + 2.114) - ((0.704 * X2) - ((-0.556) * X14)))) + (((-0.075) * X6) - (((-0.218) * X10) + ((-0.742) * X13))))) - (((0.004 * X1) + (((0.006 * X2) - ((-0.002) * X12)) - ((0.003 * X9) + 0.037))) * ((((-41.168) + ((9.958 * X11) + (-17.440))) - (16.911 * X2)) + ((20.670 * X1) + ((((-2.802) * X5) - (7.834 * X14)) + (((-10.528) * X2) + ((-4.749) * X13)))))))))
OperonRegressor,505_tecator,ok,124,200,0.9978492435318461,0.6857331924418874,67.0,22.918184995651245,,((-0.000) + (1.000 * ((((-97.636) + ((-24.460) * X109)) / ((((-45.147) * X104) + (10.165 * X107)) - (((-41.443) * X6) + (-237.470)))) + (((((-0.207) * X124) + ((((((-5.383) * X124) + (28.661 * X110)) + ((140.457 * X81) + ((-240.914) * X54))) + (((416.609 * X34) + ((-66.465) * X112)) * ((-0.107) * X30))) / (((-176.027) * X112) - (((-493.370) * X34) + (-1091.519))))) + ((-0.743) * X123)) - ((0.176 * X54) + ((((-0.030) + ((-0.061) * X109)) + (-0.407)) - ((0.006 * X112) - (((-0.022) * X104) + ((-0.237) * X43)))))))))
OperonRegressor,519_vinnie,ok,2,200,0.7564642697150797,1.717432746654838,63.0,35.11802816390991,,((-0.005) + (1.001 * ((((((134.461 * X1) + (-158.249)) - (412.483 * X2)) + (((-95.846) * X1) + (((-141.314) * X2) * ((-13.099) * X2)))) * ((((0.000 * X2) / (((-8.634) * X2) - (((-19.419) * X1) + (-5.619)))) + (((-0.000) * X2) - (((-0.000) * X2) / ((((-0.889) * X1) + 4.697) - ((-5.804) * X2))))) + ((((((-0.363) * X2) + 0.000) + (0.001 * X1)) + (0.364 * X2)) / ((((((-0.722) * X1) + 1.604) - (0.671 * X2)) + ((-42.345) * X1)) - (22.354 * X2))))) - ((-1.020) * X2))))
OperonRegressor,522_pm10,ok,7,200,0.031008574167521008,0.8846474092532326,64.0,71.98854112625122,,(0.000 + (0.999 * ((((((((-0.002) * X3) - ((-0.001) * X4)) + (0.001 * X6)) * ((143.616 * ((-0.543) * X2)) + (((-95.628) * X3) - ((-94.652) * X4)))) - ((((-0.442) * X1) - ((-0.101) * X4)) + 0.182)) - ((((10.128 * X5) - (((-1.434) * X1) - (8.309 * X4))) - ((-25.701) * X3)) / (131.707 - ((((-35.795) * X1) - (29.379 * X4)) - ((-30.539) * X3))))) - ((((-0.001) * X5) - (((-0.001) * X7) + ((-0.001) * X1))) * ((32.162 * X5) - ((61.569 * X5) - ((134.159 * X7) + ((-107.113) * X1))))))))
OperonRegressor,523_analcatdata_neavote,ok,2,100,-23.03580716932231,18.160664405648077,20.0,15.167392015457153,,((-0.000) + (1.000 * ((((((((9.983 * X1) + (-4.578)) * ((0.028 * X2) - 0.658)) + 3.355) - (-0.100)) * (0.080 * X2)) / (((-0.815) * X1) - 0.779)) - 0.834)))
OperonRegressor,527_analcatdata_election2000,ok,14,67,0.9999987406948956,126.75871383552605,55.0,12.322651147842407,,(0.000 + (1.000 * ((((((-0.034) * X6) + 0.010) - ((0.008 * X2) + ((0.824 * X1) + ((-1.847) * X10)))) - ((0.013 * X4) + (((0.003 * X11) + (0.037 * X3)) + 0.009))) - (((((((-24.163) * X11) + (63.709 * X3)) + (-51.914)) + ((((-6.264) * X12) + ((-33.208) * X3)) / ((-0.158) + ((-0.366) * X1)))) / (((515.211 * X12) + 23.219) + (((-35.989) * X1) + (110.687 * X10)))) * ((((0.007 * X2) - (-0.004)) * (2.166 * X2)) + ((0.002 * X4) + 0.001))))))
OperonRegressor,529_pollen,ok,4,200,0.7814822208886169,1.4440722062121287,67.0,373.22888255119324,,(0.005 + (1.000 * ((((-0.062) * X3) - ((-0.352) * X2)) + ((((((((-32.805) * X3) + (100.848 * X1)) - ((-23.330) * X2)) * (((((-5.366) * X3) - ((-2.887) * X4)) * ((-0.000) * X2)) * (((-0.780) * X3) - ((-0.376) * X2)))) - (1.733 * X1)) - (1.225 * X4)) - ((((((((-25.078) * X1) / (-2.023)) - (2.550 * X3)) - ((-12.327) * X4)) * ((0.937 * X3) - ((-1.018) * X2))) - (2.598 * X3)) * ((((1.623 * X3) - ((-1.113) * X2)) - ((-1.180) * X2)) * (((-0.000) * X3) * ((8.585 * X3) - (7.810 * X2)))))))))
OperonRegressor,537_houses,ok,8,200,0.6947709359617823,63435.265785042706,60.0,3478.938938140869,,(0.001 + (1.001 * ((0.661 + (((((-0.613) * X8) - (0.710 * X7)) + ((-0.055) * X5)) - (0.594 + ((-0.555) * X1)))) - ((((13.805 * X2) + (((-23.441) * X8) + ((-9.397) * X7))) + ((57.392 + ((1.875 * X5) + ((-20.544) * X7))) + ((((-2.973) * X4) + ((-0.488) * X5)) + (((-2.038) * X5) + (((-340.593) + (145.616 * X1)) * ((-0.051) * X1)))))) * (((0.010 * X8) + (0.011 * X7)) - (((0.003 * X2) + (((-0.010) * X5) + (0.012 * X4))) - (0.004 + ((-0.003) * X1))))))))
OperonRegressor,542_pollution,ok,15,60,-16.846362054883414,258.04856751481276,62.0,25.224072456359863,,(0.019 + (1.000 * (((((((-22.123) * X11) - (18.655 * X9)) / (((((-205.885) * X1) + ((-209.311) * X9)) - (146.273 * X10)) - ((-1197.422) * X11))) - ((((0.329 * X2) - (0.342 * X4)) + ((-0.843) * X9)) - ((0.347 * X14) + (((-0.176) * X13) + ((-0.100) * X10))))) - (((((32.135 * X2) - (24.803 * X4)) + ((-40.917) * X9)) - ((((-67.034) * X11) - (73.876 * X8)) * (0.330 * X2))) * (((0.006 * X8) + ((-0.008) * X9)) + (((0.012 * X9) / (6.605 * X2)) - ((0.005 * X12) + (0.004 * X9)))))) + (0.167 * X8))))
OperonRegressor,547_no2,ok,7,200,0.5501122851048981,0.48946262778576893,65.0,62.935651540756226,,(0.001 + (1.004 * (((((-0.016) * X1) + (0.004 * X2)) * ((((-9.403) * X1) + ((-5.132) * X2)) - (47.971 - ((((((-3.212) * X3) + (4.738 * X1)) - (((-40.714) * X5) + (77.748 * X7))) / ((-3.501) - ((-7.421) * X7))) * (((-0.116) * X5) + ((-0.164) * X7)))))) + ((((224.597 * X4) - (86.533 - ((((-0.641) * X5) + (((-0.742) * X1) + ((-0.675) * X2))) * ((48.978 * X4) - (((-31.593) * X5) + ((-1.385) * X7)))))) + (((-156.436) * X3) + ((-116.656) * X4))) / ((105.720 * X3) - (-435.812))))))
OperonRegressor,556_analcatdata_apnea2,ok,3,200,0.9266300602051971,742.9291960542353,44.0,34.433282136917114,,((-0.000) + (0.998 * (((((((-0.001) / (((1.403 * X3) + (-0.259)) + ((-0.681) * X2))) + ((-0.005) * X2)) + (0.002 / (((1.771 * X3) + (-0.017)) + ((-1.254) * X2)))) / (((((0.744 * X2) + (-3.179)) + (1.400 * X2)) / ((-1.405) * X1)) - (2.232 * X2))) - (((-0.123) * X2) + 0.620)) - ((0.015 * X1) - (((-0.144) * X2) + 0.392)))))
OperonRegressor,557_analcatdata_apnea1,ok,3,200,0.6791446788134556,1331.5879386265738,45.0,35.74443054199219,,(0.006 + (1.018 * (((((0.492 * X1) - (((-693.682) + (224.937 * X2)) - (-530.303))) + (((-11.530) * X2) / ((35.173 * X1) - ((12.729 * (2.724 * X2)) - 0.621)))) - ((((-27.712) * X1) / (((-405.211) * X1) - ((1196.883 + (63.126 * X3)) - 1446.981))) + (((-0.164) * X1) / (((-1.969) * X1) - (((2.177 + (4.658 * X3)) - 0.853) - (-1.430)))))) / ((-691.844) + (952.060 * X2)))))
OperonRegressor,560_bodyfat,ok,14,200,0.9971861711990959,0.3839220420082442,48.0,22.917476177215576,,(0.000 + (1.000 * (((((-0.010) * X9) + ((-2.751) * X1)) + (((0.008 * X11) + (-0.019)) + ((1.729 * X1) + (((((-1.258) * X9) + ((-0.403) * X1)) - ((-0.274) * X3)) / ((-64.581) + ((-215.782) + (503.656 * X1))))))) - (((0.007 * X9) + (0.015 * X1)) * (((-27.059) + ((-34.325) * X1)) / (((27.108 * X9) + ((-1.230) * X1)) + (((38.454 * X11) + 55.513) - (44.843 * X3))))))))
OperonRegressor,561_cpu,ok,7,200,0.9992618866374888,2.9962493513157944,57.0,39.71229028701782,,((-0.000) + (0.999 * ((((((((34.456 * X3) + (39.179 * X6)) - ((-52.010) - (26.475 * X7))) * ((0.168 * X2) + (0.000 * X5))) - ((((-1.727) * X2) + 12.686) - ((-2.485) - ((-0.028) * X7)))) + (((-1.567) * X5) + ((2.779 * X3) - (((-5.775) * X6) - ((-4.462) * X4))))) * ((-0.016) + ((((-0.005) * X5) + ((-0.008) * X6)) + (((-0.005) * X3) - ((0.000 * X7) - ((-0.012) * X4)))))) - (0.501 + (((-6.143) * X6) + (6.250 * X6))))))
OperonRegressor,562_cpu_small,ok,12,200,0.9665924618805368,3.350540864110566,56.0,426.6552846431732,,(0.000 + (1.000 * ((((((-452.268) - (((-62.269) + (123.699 * X12)) * (((-0.432) * X12) * ((-0.243) * X12)))) * (((-3.871) * X12) - (((0.208 * X8) + ((0.726 * X6) - 0.821)) - (((-0.476) * X3) - (0.109 * X9))))) - ((-119.059) + (216.325 + (((-52.716) * X1) - (119.577 * X8))))) + (((-1758.307) * X12) - ((197.988 * X8) + ((((10220.871 + (725.668 * X9)) + ((4765.387 * X7) - ((-4715.319) * X8))) + 9946.652) / ((-99.712) + ((-41.874) * X11)))))) / (-1297.898))))
OperonRegressor,564_fried,ok,10,200,0.8711327568089359,1.7939549682485854,54.0,6534.274906635284,,((-0.035) + (1.000 * ((((10.937 * X1) + ((-3.270) + (0.287 * X5))) + (((3.759 * X1) + (-49.809)) + ((548.105 * X1) / ((-185.429) + (169.009 - ((((-18.171) * X1) - ((-16.825) * X1)) - (1.192 * X2))))))) + ((((((-1.670) * X2) - ((1.526 * X1) + 0.911)) * (((((-83.895) * X1) - (((-0.107) * X8) + 21.661)) - ((-5.346) * X2)) / (((-4.538) * X1) + 53.495))) + ((6.741 * X1) + 53.127)) - (((-10.469) * X1) - (0.579 * X4))))))
OperonRegressor,573_cpu_act,ok,21,200,0.9794584026402279,2.6273007445555874,69.0,795.2667486667633,,(0.000 + (0.999 * (((((((-0.066) * X7) + ((-0.031) * X1)) + (0.299 * X21)) + ((((-0.025) * X10) + (((-0.097) * X17) + ((-0.050) * X16))) + ((-0.098) * X18))) - (-0.356)) + ((((((((-155.956) * X6) + ((-0.940) * X20)) + ((-143.309) * X16)) + (((182.277 * X18) + ((-346.406) * X3)) - 2531.816)) + ((((-179.468) * X18) + (((-489.353) * X18) + (522.089 * X20))) + (((-201.770) * X8) + ((-4400.604) * X21)))) / ((((-31.922) * X21) * (57.293 * X21)) - (-15337.587))) + (((-0.043) * X9) + (((-0.029) * X18) + ((-0.124) * X3)))))))
OperonRegressor,574_house_16H,ok,16,200,0.35227537773986217,40940.15510968432,57.0,1926.2931509017944,,(0.001 + (1.002 * ((((-0.642) - ((-0.234) * X14)) - ((-0.235) * X10)) + (((0.003 * ((((10.354 * X10) - 62.360) + (-15.336)) + ((85.647 * X13) - ((-15.629) * X14)))) * (((((-7.682) * X10) - ((-2.979) * X9)) + (-9.501)) - ((-4.487) * X14))) * (((-0.001) * ((((-0.130) * X10) - ((-1.516) - ((-6.174) * X14))) - ((-30.264) - (6.311 * X4)))) * ((0.077 * ((20.801 * X15) - (11.105 * X10))) - (((1.627 * X13) - ((-3.701) * X8)) + 9.954)))))))
OperonRegressor,579_fri_c0_250_5,ok,5,200,0.9206353381144687,0.26281876206816657,57.0,36.671406984329224,,(0.000 + (1.000 * (((((((1940.912 * X2) - (-1097.684)) * (((1.187 * X2) - ((-0.609) * X4)) + ((((-0.719) * X2) - (0.591 * X4)) + (1.471 * X1)))) + ((28554.086 + ((-3775.896) * X3)) + (7725.517 * X2))) * ((0.091 + ((-0.007) * X3)) + ((((-0.020) * X2) - (0.001 * X4)) - (0.026 * X1)))) / ((129.816 * X1) - ((195.307 * X1) - (467.268 + (61.017 * X3))))) - (((-0.289) * X5) - (((-5.468) + (0.687 * X4)) + (((0.271 * X2) - ((-2.008) * X3)) - ((-1.087) * X1)))))))
OperonRegressor,581_fri_c3_500_25,ok,25,200,0.905612119880993,0.30287192636138227,56.0,37.95279145240784,,((-0.010) + (1.001 * (((((-0.002) * X2) - (0.008 * X1)) - (0.281 * 0.055)) * (((((4.324 * X2) - (0.118 * X1)) - (((96.337 * X2) - (1.710 * X4)) * (0.043 - (((-0.000) * X4) - ((0.001 * X2) - ((-0.001) * X1)))))) - (-0.489)) * (((241.393 * X2) + (((-44.661) * X4) - ((47.999 * X5) + 58.037))) - ((((-22.269) * X3) + ((37.292 * X2) - (184.941 * X1))) - ((((52.245 * X2) - ((-2.242) * X4)) * (76.592 * X1)) * (((-0.032) * X2) - (0.015 * X1)))))))))
OperonRegressor,582_fri_c1_500_25,ok,25,200,0.9551707672127211,0.21898200344904295,54.0,48.11988663673401,,((-0.000) + (1.000 * (((((((6.548 * X2) * (0.304 * X2)) * (25.885 * X1)) + (((((-0.030) * X2) * ((-1143.585) * X1)) + ((-139.730) * X2)) + ((-58.202) + (17.885 * X3)))) * (((((8.351 * X2) * ((-0.000) * X2)) + (((12.297 * X3) * (0.000 * X2)) * (48.050 * X1))) + (((((-2.050) * X1) * (0.000 * X2)) * (20.332 * X1)) + (0.009 + (0.002 * X1)))) + (0.020 * X1))) + (0.879 + ((0.212 * X5) + (0.412 * X4)))) - ((0.002 * X2) * (175.485 * X1)))))
OperonRegressor,583_fri_c1_1000_50,ok,50,200,0.9427302695717367,0.23564921567052044,56.0,92.13889050483704,,((-0.000) + (1.000 * (((0.204 * X5) + (0.009 * X42)) + ((((-60.916) - ((-0.746) * X1)) - (((-61.592) - (0.410 * X4)) - ((-0.583) * X2))) + ((((((-24.366) - ((-1.958) * X1)) - ((-12.152) * X2)) * ((-25.847) - (11.119 * X1))) * (((0.000 - (0.000 * X1)) - ((-0.000) * X2)) - (0.000 * X4))) * (((-1.008) - (10.973 * X1)) - ((((-43.341) - (16.232 * X1)) * (16.798 - (17.973 * X1))) * (((-1.932) - (5.984 * X1)) * (0.001 * X2)))))))))
OperonRegressor,584_fri_c4_500_25,ok,25,200,0.7499600463184988,0.5210314638422847,52.0,69.371173620224,,((-0.000) + (1.001 * (((12.789 * X1) + (0.338 * X4)) - (((((0.509 * X2) - 4.794) - ((((-98.726) * X2) - (-13.652)) / ((3.808 + ((-1.208) * X1)) / (((0.754 * X2) + (-1.219)) - ((-0.003) * X4))))) - (((77.684 * X2) + (330.623 * X1)) / (((-7.748) * X2) - 27.347))) - ((((5.081 * X2) - (8.715 - (0.055 * X4))) / ((5.823 + ((-1.235) * X1)) / ((173.353 * X1) + (388.288 + ((21.565 * X2) - (-348.262)))))) * (0.030 * X2))))))
OperonRegressor,586_fri_c3_1000_25,ok,25,200,0.9505716654300782,0.22516988197145563,59.0,111.61513137817383,,((-0.006) + (0.998 * ((((((-0.152) * X1) - ((-0.158) + (((-0.002) * X2) * (((-105.951) * X1) - (106.314 - ((-16.580) * X4)))))) * ((((-1.909) * X3) - (-10.207)) + ((0.026 * X2) * (((-186.073) * X1) - ((36.835 * X2) - ((30.080 * X3) - 7.752)))))) - (((-1361.121) - ((-1743.836) * X4)) / (-1924.509))) * (0.500 + (((-0.002) * X2) * ((17.579 * X1) - ((83.016 - ((-8.198) * X4)) - ((0.580 * X2) * ((61.437 * X1) - ((-28.087) - ((-5.333) * X4)))))))))))
OperonRegressor,588_fri_c4_1000_100,ok,100,200,0.8340293603221564,0.4129675184452142,54.0,57.39853620529175,,((-0.008) + (0.989 * (((((((2.680 * X2) - 1.038) * ((((-0.846) * X2) - (-0.376)) * ((((-5826.442) * X1) + ((-622.583) * X3)) - (-296.152)))) + (((9083.885 * X1) + (361.553 * X19)) - ((15212.686 * X2) - 2306.183))) + ((((((2177.573 * X1) + (24.489 * X19)) * (((-1278.446) * X3) - (-10196.946))) + (18097320.000 * ((-0.004) * X4))) + ((766104.938 * X3) - (5266822.500 * X2))) / (((-574.314) * X2) - 1322.426))) + (3319.818 * X4)) / (((-683.256) * X2) - (-8880.363)))))
OperonRegressor,589_fri_c2_1000_25,ok,25,200,0.9186214965969266,0.27827802703746,57.0,67.31506824493408,,((-0.001) + (1.001 * (((1.051 * X2) - (((-30.450) + (6.862 * X5)) / (-35.888))) - (((((((3.395 - ((-5.660) * X1)) * (((-21.500) * X2) - (44.278 * X1))) * (0.001 * X2)) + (((-0.492) + (0.263 * X1)) + (0.492 * X2))) - (((-32.635) - ((-10.772) * X4)) * (0.009 + (0.002 * X3)))) / (-24.680)) * ((-142.129) + (((((-15.591) + ((-33.556) * X2)) * ((-0.041) - (0.064 * X1))) * (15.298 * X2)) + (((-39.251) * X1) + ((-41.464) * X2))))))))
OperonRegressor,590_fri_c0_1000_50,ok,50,200,0.9624080683678685,0.1900772442226877,50.0,78.14834427833557,,(0.000 + (1.000 * ((0.552 * X4) + ((((((0.006 * X9) + ((-0.738) * X5)) + (0.103 * X5)) + ((0.014 * X44) + (0.918 * X5))) - ((((-3.832) * X1) - (44.818 - (19.102 * X3))) * (((-0.041) - (0.017 * X3)) - (0.003 * X1)))) - (((((-9.042) * X2) - 0.938) - 19.456) * (((18.720 * X1) - (((0.193 * X2) - 0.770) * ((((-4.978) * X2) - (19.772 * X1)) - (35.633 - ((-0.162) * X3))))) * ((-0.003) - (0.002 * X1))))))))
OperonRegressor,591_fri_c1_100_10,ok,10,100,0.9674421801031268,0.18020603729656906,61.0,10.641852855682373,,((-0.003) + (1.000 * (((((401.045 + (97.964 * X5)) - (285.998 * X1)) - ((((((-1008.142) * X2) - (2.305 * X1)) - ((-141.262) * X1)) - (((-997.402) * X1) / (((-49.251) - (5.438 * X1)) - ((-31.264) * X1)))) - (155.085 * X4))) / 530.277) + (((((-0.222) * X2) - ((-0.829) + ((-0.004) * X5))) * ((250.404 * X2) - ((-36.410) - ((-7.746) * X4)))) / (((((-3.238) * X2) - ((-10.510) - ((-6.788) * X1))) * ((4.494 * X1) - (((-2.026) * X2) - (0.055 * X2)))) + (-59.954))))))
OperonRegressor,592_fri_c4_1000_25,ok,25,200,0.8690509992856764,0.3544984974923038,45.0,112.55854105949402,,(0.001 + (1.000 * (((((0.341 - (((-15.811) * X2) / 11.261)) * (14.438 - ((((-2.254) * X2) / 508.292) - (8.243 * X2)))) * (((26.895 * X1) - ((-12.528) * X2)) * ((0.001 * X1) - ((0.020 * X2) / (-10.755))))) - ((((-12.813) - ((14.331 * X4) - ((-8.311) * X1))) + ((51.915 * X1) - ((-178.017) * X2))) / (41.112 - ((6.000 * X1) - ((-11.177) * X2))))) + (2.973 * X2))))
OperonRegressor,593_fri_c1_1000_10,ok,10,200,0.9225675460254934,0.2634191952800094,57.0,115.3577971458435,,(0.000 + (1.000 * (((((((19.186 * X4) - (((-14.301) * X2) * (30.508 * X1))) * (((-0.173) * X1) - ((-0.147) * X2))) + ((((-0.303) * X1) - ((-16.827) * X2)) * ((-11.657) - ((-38.490) - ((0.001 * X1) - (8.814 * X2)))))) / (((-0.805) + ((((-0.028) * X1) - (0.012 * X2)) * ((-27.843) - (((-14.010) * X1) - (9.478 * X2))))) / 0.006)) - ((-0.351) - ((0.573 * X4) - (((-0.194) * X5) + (0.939 * X1))))) - ((0.187 * X4) - (2.071 * X2)))))
OperonRegressor,594_fri_c2_100_5,ok,5,100,0.9234690787618597,0.28585879852222534,53.0,16.38847303390503,,(0.005 + (1.000 * ((((((-0.927) * X2) * ((0.458 * X1) * (((-68.454) - (14.776 * X1)) - ((29.462 - (50.559 * X1)) * (0.453 * X2))))) + (((-7.232) * X1) + ((((4.553 * X3) + (1.060 * X5)) + (-37.345)) - ((24.656 - (((-5.102) * X3) + (1.165 * X5))) * (0.300 * X2))))) * ((0.032 * X1) - ((0.012 * X4) - ((((0.013 * X3) + (-0.012)) - (((-27.357) - (33.426 * X1)) * (0.002 * X2))) + ((-0.008) * X5))))) - ((-0.608) * X2))))
OperonRegressor,595_fri_c0_1000_10,ok,10,200,0.8469227073674618,0.37945561811993367,59.0,52.79473662376404,,(0.001 + (1.000 * (((((0.523 * X1) + (0.275 * X5)) - ((-0.212) * X2)) - ((-0.622) * X4)) + ((((((11.676 + ((-2.517) * X1)) + ((-0.123) * X9)) - ((-17.132) * X2)) - (0.834 * X4)) - (((-0.445) * X3) * (1.465 * X8))) * (((-0.002) + ((-0.002) * X1)) * (((((((-0.228) * X1) + (0.008 * X5)) - (0.061 * X2)) * (((-39.361) + ((-4.932) - (((-0.955) * X3) * (3.096 * X8)))) - (13.869 * X2))) + (0.524 * X9)) + ((-12.541) + ((-4.442) * X1))))))))
OperonRegressor,596_fri_c2_250_5,ok,5,200,0.9557683671481675,0.21910132683697497,54.0,24.532665729522705,,((-0.003) + (1.002 * (((0.002 + ((((0.001 * X2) + (-11.082)) - ((0.000 * X3) - (11.082 + (0.000 * X5)))) * ((((-37.506) * X2) + (6.203 * X5)) - ((8.043 * X3) - (((-35.389) * X1) + 1.366))))) * (47.435 + ((((((-29.165) * X1) + (-5.432)) * ((((-8.857) * X1) * (0.161 * X2)) - ((-6.301) + (0.051 * X5)))) - (((-22.222) * X2) + (((9.583 * X5) - (2.304 * X3)) - (-28.373)))) * ((0.299 * X2) - 0.071)))) - ((-0.337) * X4))))
OperonRegressor,597_fri_c2_500_5,ok,5,200,0.926135721915547,0.2695904002402011,61.0,84.78285241127014,,((-0.000) + (1.000 * ((((0.718 - ((-17.657) * X2)) * ((-0.188) * X1)) - (-12.957)) + ((((0.059 * X5) - ((-0.110) * X4)) + ((((((-19.709) * X2) + ((-32.484) * X1)) * (5.918 - ((-9.191) * X2))) * (((0.001 * X1) * ((-0.453) * X2)) - (-0.001))) + ((((-0.407) * X2) - 3.231) - (0.095 * X3)))) * (((((-0.297) * X2) - (-3.896)) - (((28.882 * X3) - ((-3.016) * X4)) * (((-0.158) * X3) / (-110.143)))) - (((-0.386) * X1) * ((-2.311) * X2)))))))
OperonRegressor,598_fri_c0_1000_25,ok,25,200,0.8261878215187762,0.4047273389197652,62.0,120.12791872024536,,((-0.002) + (0.999 * ((((7.604 * X2) - ((9.999 * X2) * ((-0.808) * X1))) - ((-6.639) * X1)) - ((((((((-314.389) * X2) * (187.737 * X1)) + 1710.614) + ((((-15318.106) * X2) - ((-191882.859) * X1)) / ((-47.821) + (600.469 * X1)))) - (((46597.562 * X2) - ((-25037.207) * X1)) - (((((-6457.075) * X2) - (2648.680 * X1)) - ((-577.261) + (17788.189 * X1))) - ((-2063.801) * X5)))) / (((207.641 * X2) - ((-177.380) * X1)) + (((-7578.341) + ((11.230 * X2) * (4.834 * X1))) + ((-69.474) * X2)))) - (0.545 * X4)))))
OperonRegressor,599_fri_c2_1000_5,ok,5,200,0.9553318159403145,0.19704198294661648,60.0,106.32222032546997,,((-0.010) + (1.003 * (((0.338 * X4) + (((((((-13.338) * X1) + ((-6.796) * X2)) * ((3.589 * X2) + 2.744)) + ((7.823 * X5) + (((-24.116) * X2) - (-14.802)))) * ((((((-29.649) * X5) + ((-391.228) * X1)) * ((0.000 * X2) - (-0.000))) * (8.174 + ((-35.909) * X2))) - ((1.761 * X2) - (-4.794)))) * (((0.002 * X2) - 0.006) + ((((-0.000) * X1) + (0.000 * X3)) * (((-0.378) * X1) + ((-0.683) * X2)))))) + ((6.758 + ((-3.386) * X3)) * ((-0.040) * X3)))))
OperonRegressor,601_fri_c1_250_5,ok,5,200,0.9496713055629025,0.2143827273358765,60.0,27.2824866771698,,((-0.003) + (1.000 * (((((((8.944 * X1) + (-16.222)) - ((1.588 * X3) * ((-2.871) * X3))) + ((-15.729) * X2)) + (((((((-0.545) * X2) * (59.586 * X2)) + ((24.970 * X4) - (23.045 * X4))) + (((-12.570) * X1) + 47.859)) * ((((-0.370) * X1) + 0.461) - (((-0.241) * X1) * ((-1.604) * X2)))) - ((-5.319) * X4))) + (2.853 * X5)) * (((((0.006 * X1) + 0.001) - (0.000 * X4)) * (((-1.980) * X2) * (1.614 * X2))) - ((((-0.028) * X1) + (-0.066)) - (0.000 * X4))))))
OperonRegressor,602_fri_c3_250_10,ok,10,200,0.961692587042824,0.20796097278992118,53.0,23.52702021598816,,(0.000 + (1.000 * (((((173.586 * X1) * ((-0.008) + ((-0.018) * X2))) - ((-137.502) + (1.884 * X2))) - ((136.357 - (0.367 * X4)) - ((((0.069 * X2) + ((-0.083) * X3)) - 0.216) * (((-1.887) * X5) - ((-4.054) + (1.544 * X2)))))) + ((0.001 * X1) * ((((79.566 * X1) * ((-0.058) + (2.438 * X2))) - 977.294) * ((0.033 * X5) - (((-0.001) * X2) * (((77.029 * X1) * ((-6.181) + ((-15.892) * X2))) - (376.269 + (778.725 * X2))))))))))
OperonRegressor,603_fri_c0_250_50,ok,50,200,0.7226141103223991,0.4778232698042661,60.0,39.263580560684204,,((-0.000) + (1.000 * (((((((-0.120) * X4) - (0.321 * X2)) / ((-81.271) + (98.803 * X4))) - ((-0.371) * X2)) + ((-0.420) + (((0.287 * X5) + (0.605 * X4)) + ((((1.033 * X26) + ((-5.311) * X4)) + ((1.510 * X1) + (-1.627))) / ((99.342 * X5) + ((232.991 * X4) - ((-11.896) * X2))))))) - (((((3.029 * X2) + ((-0.098) * X16)) + ((3.250 * X1) + (-10.148))) * (((-0.001) * X1) + (-0.001))) * (((7.918 * X4) - (91.182 * X2)) + (((-16.322) * X1) + (-132.698)))))))
OperonRegressor,604_fri_c4_500_10,ok,10,200,0.9362691664399238,0.24819869783342627,62.0,70.62773823738098,,((-0.001) + (1.000 * ((((0.760 * X1) + (((-0.450) * X2) - (-0.399))) - ((((((83.426 * X2) - ((-29.558) * X5)) + (((-78.433) * X1) * ((-1.410) * X2))) - (260.531 - (((-87.143) * X1) - ((3.345 * X1) - ((-0.822) * X8))))) * (((-0.008) - ((((-0.000) * X1) - (0.000 * X10)) + ((0.009 * X2) - (0.001 * X5)))) / (-35.970))) * (((-15.723) * X2) - ((0.204 * X1) * (141.260 + ((((-16.879) * X1) * (4.607 * X2)) + ((1.683 * X2) - ((-19.638) * X5)))))))) - ((-0.341) * X4))))
OperonRegressor,605_fri_c2_250_25,ok,25,200,0.8971773949841366,0.33614083796682126,55.0,36.96043372154236,,((-0.001) + (1.000 * (((((((-25.617) * (((0.069 * X18) - ((-3.705) * X1)) * ((0.099 * X2) + (0.072 * X1)))) - (8.900 * X1)) * ((-0.176) * X2)) + ((-15.310) + ((-5.820) * X2))) * ((-0.001) + (0.000 * X2))) * (((((16.050 * X5) + (61.367 * X2)) - (55.366 + ((-19.456) * X4))) - (((28.870 - ((-25.660) * X1)) * (((4.086 * X2) + 7.694) * (0.014 * X2))) * ((58.726 + ((-21.464) * X2)) + ((-21.719) * X1)))) + (82.427 - (74.073 * X1))))))
OperonRegressor,606_fri_c2_1000_10,ok,10,200,0.9700496176321357,0.16775407598070893,55.0,61.153358459472656,,((-0.001) + (1.000 * ((((-0.603) * X5) - (((-0.519) - (0.392 * X4)) + ((((241.414 - (94.164 * X3)) * (0.001 * X3)) - ((0.405 * X2) + (-0.094))) - (0.785 * X5)))) + (((((-0.073) * X2) + (-0.106)) * ((2.228 * X2) - (((31.459 * X1) + (((-7.124) * X2) + 51.898)) * ((0.061 * X2) + (-0.062))))) * ((4.828 * X2) - (((0.028 * X1) * ((((-14.263) * X2) + (-49.336)) + ((19.616 * X1) - ((-37.412) * X2)))) * ((2.660 * X2) + 2.416)))))))
OperonRegressor,607_fri_c4_1000_50,ok,50,200,0.9301774632335553,0.2650784097220365,61.0,83.00027465820312,,((-0.001) + (1.000 * (((((((-0.096) * X14) + ((3.274 * X4) + (((-7.904) * X1) + ((-6.051) * X2)))) * ((0.146 * X1) + (0.306 * X2))) + 19.400) * ((((((-0.266) * X5) + (4.208 * X2)) - ((-0.377) - (2.483 * X1))) * ((((-0.000) * X1) + ((-0.000) * X2)) + (-0.001))) * (((0.077 * X24) + (((((-3.540) * X1) + ((-0.710) * X4)) * ((0.563 * X5) + (4.459 * X2))) + ((-4.533) * X2))) + 43.733))) + ((((-0.000) * X14) + ((0.296 * X4) - ((-0.341) * X2))) + 0.531))))
OperonRegressor,608_fri_c3_1000_10,ok,10,200,0.9479909235693977,0.22148694808478794,63.0,52.057854413986206,,((-0.006) + (1.000 * (((-0.074) - ((0.018 * X3) + ((-0.009) * X1))) * (((((-6.056) - ((-29.225) * X2)) - (((-23.512) * X1) - (((((-24.096) * X3) + (48.892 * X1)) - ((-59.610) * X2)) * ((0.280 * X2) - ((-0.247) * X1))))) * (((((0.000 * X3) + ((-0.001) * X1)) * ((-1.057) - ((-7.881) * X2))) - (-0.026)) * (((((0.039 * X3) + ((-0.562) * X1)) - (0.254 * X2)) * (12.528 * X2)) + (21.043 - ((-3.454) - (((-3.236) * X3) + ((-3.764) * X1))))))) - (4.978 * X4)))))
OperonRegressor,609_fri_c0_1000_5,ok,5,200,0.9601424087929674,0.2053322142676878,63.0,119.96081948280334,,((-0.001) + (1.001 * ((((0.188 * X2) - ((((20.651 * X2) - (((-56.025) * X1) + (6.422 * X3))) * ((0.002 * X1) + 0.003)) + ((-0.292) * X5))) - (((((0.249 * X2) - (((-2.867) * X1) + (-3.785))) * (((-0.000) * X3) + ((-0.004) * X2))) + (((-0.025) * X1) + 0.001)) * (((((((-2.686) * X1) + (0.453 * X5)) - (((-4.728) * X1) + ((-19.695) * X2))) * (((-4.382) * X1) + (-6.533))) - (-394.386)) / 12.292))) + ((((-15.730) * X3) * ((-0.021) * X3)) - ((-0.573) * X4)))))
OperonRegressor,611_fri_c3_100_5,ok,5,100,0.9449632962644898,0.24829073428511778,56.0,22.476012706756592,,((-0.000) + (1.000 * ((((23.747 * X2) - (((((0.810 * X5) - (((-1.942) * X1) + 3.414)) * (2.697 * X1)) + (-12.277)) - (((((2.826 * X1) - (18.633 * X2)) * ((3.507 * X5) - (23.457 * X2))) * ((-0.039) * X1)) + ((-0.639) * X4)))) * ((((((((-6.138) * X5) - (18.363 * X2)) * (0.557 * X1)) + 25.805) - (30.365 * X2)) * ((-0.001) * X1)) + (-0.082))) - (((((-0.017) * X5) - (((-0.011) * X1) + 0.043)) * ((7.465 * X4) + (10.439 * X2))) - 0.538))))
OperonRegressor,612_fri_c1_1000_5,ok,5,200,0.9288208040355969,0.25711755071891396,58.0,84.7863380908966,,(0.010 + (1.000 * ((((((((-10.935) * X3) + 11.044) * (((-0.000) * X2) - ((-0.000) * X1))) + (((((-0.001) * X2) - (0.000 * X1)) - ((-0.000) * X4)) * ((((0.942 * X2) - ((-0.278) * X4)) * (8.581 * X1)) - (((1.816 * X2) - ((-1.600) * X4)) + 12.532)))) + (-0.001)) + ((-0.001) * X5)) * (((((2.072 * X1) * (0.968 * X2)) - ((0.665 * X3) - (11.805 * X1))) + 17.277) * (((10.646 + ((-11.141) * X2)) * ((-0.290) * X2)) - (14.899 + ((-5.034) * X1)))))))
OperonRegressor,613_fri_c3_250_5,ok,5,200,0.9393900274962451,0.23145773713422063,64.0,39.79261088371277,,((-0.000) + (1.000 * (((((((-3.203) * X4) + ((-100.765) * X3)) + (26.809 * X5)) - (((((-0.028) * X1) + (-0.047)) + ((-0.001) * X4)) * (((((-8.838) * X2) + (-13.721)) * ((((-44.609) * X1) + 127.970) + ((-39.505) * X2))) * (((((-0.004) * X5) + ((-0.155) * X2)) * (((-21.654) * X1) + ((-6.016) * X2))) - ((1.057 * X1) + 11.248))))) * (((-0.001) * X1) + ((-0.002) * X2))) - (((((-1.958) * X4) + (-10.660)) * ((0.004 * X1) + (0.033 * X4))) - ((0.351 * X2) + 0.216)))))
OperonRegressor,615_fri_c4_250_10,ok,10,200,-0.16733466268953534,0.9203647063617232,59.0,44.87943720817566,,(0.000 + (1.000 * (((((0.319 * X4) - ((0.743 * X3) - 0.181)) + (0.664 * X5)) + (0.460 * X1)) + ((((5.539 - ((-0.205) * X5)) + ((-1.394) * X1)) - (((-0.111) * X4) + (2.142 * X2))) * ((((23.750 - ((-8.757) * X2)) + (6.959 * X1)) * (((23.542 - ((-6.358) * X5)) - ((-0.315) * X4)) - ((-12.361) * X2))) * (((((((-0.000) * X4) - ((-0.000) * X2)) + (0.000 * X1)) * ((-1.248) + ((0.366 * X5) - ((-0.450) * X2)))) - ((-0.000) * X3)) - (0.000 * X2)))))))
OperonRegressor,616_fri_c4_500_50,ok,50,200,0.8611048298129678,0.362788106400921,62.0,28.53948450088501,,((-0.001) + (1.000 * ((0.265 - ((((-0.352) * X4) + ((-0.064) * X5)) - (0.008 - (1.033 * X1)))) + ((((-27.122) - (((((-16.728) * X5) - (1.345 * X5)) - (18.342 * X1)) * ((((-0.001) * X4) + (0.156 * X5)) - ((-0.161) * X1)))) + (((((-2.475) * X5) - (6.282 * X1)) - (((-0.098) * X2) * ((-111.959) - ((-336.941) * X1)))) + (((0.060 * X2) * (0.286 * X2)) * ((((-12.300) - ((-17.031) * X1)) * (((-16.167) * X5) - (16.648 * X1))) - ((-97.377) * X1))))) * (0.052 * X2)))))
OperonRegressor,617_fri_c3_500_5,ok,5,200,0.9460194547999063,0.2240869288380724,54.0,87.02126336097717,,((-0.003) + (1.000 * (((((16.546 * X2) - (64.772 + (71.836 * X2))) - (((-14.831) * X3) + ((((-45.541) * X1) + (((1.580 * X2) - (0.220 * X1)) * ((-13.528) * X1))) * ((((5.357 * X1) + (-20.753)) + (29.194 * X2)) * ((0.017 * X2) + ((0.000 * X1) + 0.026)))))) * ((((-0.001) * X1) + (((-0.001) * X2) + 0.000)) * (((((0.254 * X4) + (-11.447)) + (32.154 * X2)) * ((0.198 * X1) + 0.092)) - ((1.324 * X4) + 25.113)))) - ((-0.414) * X4))))
OperonRegressor,618_fri_c3_1000_50,ok,50,200,0.7988077828487913,0.4604277098027911,59.0,57.34892988204956,,(0.000 + (1.000 * ((((41.172 * X4) - 7.969) * ((0.003 * X5) + (0.000 * X4))) + ((((((-0.069) * X5) + ((0.115 * X4) - (-0.025))) - ((((233.607 * X2) + (34.544 * X5)) * ((0.040 * X5) + ((-0.036) * X4))) * ((-0.012) * X2))) - ((((((-0.061) * X40) - (-5.855)) * ((-6.138) * X2)) - (-70.143)) * (0.006 * X2))) * (((0.440 * X4) - (-5.033)) - (((((((-0.137) * X2) - 0.464) * ((-6.371) * X2)) * ((-6.154) * X2)) - (-53.202)) * ((-0.112) * X2)))))))
OperonRegressor,620_fri_c1_1000_25,ok,25,200,0.943137877323064,0.23623298148760105,59.0,138.9108157157898,,(0.000 + (1.000 * ((((((((-30.936) + ((8.167 * X2) - (0.149 * X22))) + ((((-7.360) * X1) - (4.857 * X2)) * ((-1.155) * X1))) * (((((-7.249) * X2) - ((-1.417) * X1)) * ((-0.000) * X1)) + (0.001 * X1))) - ((0.028 * X2) - (((0.001 * X2) - ((-0.000) * X4)) * ((-9.451) * X1)))) * (((((-0.388) * X2) * ((28.881 * X2) - ((-23.314) * X1))) + (61.025 + (0.186 * X4))) + ((-0.081) * X16))) + (((0.341 * X2) - ((-0.379) * X4)) + (0.200 * X5))) + 0.389)))
OperonRegressor,621_fri_c0_100_10,ok,10,100,0.8211579139219113,0.4346384562698276,64.0,27.714472770690918,,(0.017 + (1.000 * ((((((-55.429) * X3) - ((43.123 * X2) - ((((-0.673) * X1) - (6.298 * X5)) - (((-16.129) * X1) - ((-3.222) * X4))))) * ((0.005 * X2) - ((0.007 * X3) - (((-0.001) * X1) - (0.000 * X4))))) + ((0.294 * X5) + (((0.692 * X2) - (((-0.047) * X3) - ((0.414 * X1) - ((-0.523) * X4)))) + ((((-0.801) * X1) + (-1.492)) / ((19.698 * X3) - ((40.735 * X1) - ((-46.715) * X4))))))) - (((((-0.000) * X5) + 0.002) - ((-0.002) * X2)) * (((-47.226) * X1) * ((-1.496) * X1))))))
OperonRegressor,622_fri_c2_1000_50,ok,50,200,0.810314605298493,0.4310937733941881,58.0,118.19220232963562,,((-0.007) + (1.000 * (((((((((8.651 * X4) - ((-64.147) * X1)) * (0.339 * X2)) + (-12.228)) / ((0.208 * X36) / (((-26.473) * X2) + ((-24.111) - ((-70.528) * X1))))) - ((-75.869) * X36)) - (((((85.247 * X2) + ((18.552 * X4) - ((-37.597) * X1))) + (-70.336)) / ((0.726 * X36) / ((100.668 * X2) + ((0.797 * X1) * ((-52.466) * X1))))) * (((((-1.727) * ((-10.818) * X1)) + 27.474) + (0.145 * X9)) * ((-0.010) * X2)))) * (0.000 * X36)) - (2.012 * X2))))
OperonRegressor,623_fri_c4_1000_10,ok,10,200,0.9215446062671621,0.2784106109215955,65.0,50.959221839904785,,((-0.000) + (1.000 * (((0.010 * X1) * ((((-20.949) * X2) + (((-7.974) * X2) * (((-0.049) * X1) * (((-1.308) * X5) - ((-15.057) * X2))))) * ((((-0.264) * X1) * ((5.324 * X5) - ((-20.394) * X2))) + (((((-250.234) - ((-67.003) * X3)) - (265.486 * X2)) / (((-23.651) * X2) + (0.049 * X4))) - ((0.715 * X5) - ((-7.447) * X2)))))) + ((((((-0.020) * X1) * ((20.769 * X5) - ((-4.010) * X2))) - ((-0.409) * X4)) + ((1.026 * X1) - ((-0.351) - ((-0.071) * X3)))) - (1.164 * X2)))))
OperonRegressor,624_fri_c0_100_5,ok,5,100,0.8790680285476605,0.33469598842086445,55.0,14.04327130317688,,(0.009 + (1.002 * ((((0.436 * X4) + (0.163 * X1)) + (((((35.162 + (3.445 * X2)) + (2.382 * X3)) + (((0.014 * X4) + (0.062 * X1)) * ((112.386 * X4) + (-306.770)))) * (0.001 + (0.001 * X2))) * ((18.639 * X1) + ((0.594 * X3) - ((-15.876) * X2))))) + ((0.271 * X5) - (((8.402 * X5) + (((17.702 * X3) + ((-3.808) * X1)) - ((6.466 * X5) - ((-22.720) * X2)))) * (0.010 + ((((-0.019) * X3) + ((-0.001) * X1)) - ((0.002 * X4) - ((-0.023) * X2)))))))))
OperonRegressor,626_fri_c2_500_50,ok,50,200,0.881774076980409,0.32922468504138513,61.0,78.94477224349976,,((-0.011) + (1.001 * (((((((-15.067) - (1.952 * X1)) + ((1.276 * X3) - ((-1.533) * X1))) + ((((-14.987) * X2) * ((-0.096) * X1)) * (((-12.193) * X2) * (0.076 * X1)))) - (((-9.974) * X2) * (1.058 * X1))) * ((((((-0.635) * X2) - ((-2.060) - (1.267 * X1))) - ((-0.034) * X4)) * ((-0.001) + (((0.000 * X2) - (-0.000)) * ((-18.740) + (((-10.455) * X2) * ((-0.549) * X1)))))) * ((9.490 - (18.830 * X1)) - (21.890 * X2)))) - ((0.348 * X3) - (0.371 * X4)))))
OperonRegressor,627_fri_c2_500_10,ok,10,200,0.9296788207352173,0.2664535014378306,60.0,38.74648332595825,,(0.000 + (1.000 * (((1.700 * X2) + ((((((0.185 * X5) + ((-0.249) * X3)) + (-0.522)) - ((-0.398) * X4)) - (((-0.462) * X1) + (-1.112))) - (1.743 * X2))) - ((((((-0.000) * X1) + 0.002) - (0.001 * X2)) * ((((-3.318) * X1) + 9.068) - ((-9.851) * X2))) * ((((((-7.734) * X1) - ((-0.724) * X4)) + (-11.472)) - ((-0.121) * X9)) * ((((1.711 - (7.827 * X2)) / (((-0.545) * X1) + 6.808)) - ((-1.171) * X2)) * (((-25.383) * X2) - (33.987 * X1))))))))
OperonRegressor,628_fri_c3_1000_5,ok,5,200,0.9518696068539643,0.20847796527345164,54.0,137.01065731048584,,((-0.001) + (1.000 * (((((0.027 * X5) * (6.529 * X3)) + 0.510) + ((0.332 * X4) + (0.459 * X2))) + ((((-2.484) * X1) - ((((-0.239) * X2) * ((13.494 - (8.806 * X1)) - ((0.450 * X4) + (5.140 * X2)))) - 8.213)) * ((((((-0.276) * X4) + (19.896 * X2)) + (1.390 - ((-10.834) * X1))) * ((((0.215 + ((-0.172) * X5)) + ((-1.883) * X2)) * (((0.140 * X4) + ((-0.622) * X2)) - (1.303 * X1))) - 10.715)) * (0.001 - ((-0.001) * X1)))))))
OperonRegressor,631_fri_c1_500_5,ok,5,200,0.92087893784627,0.2972628956200076,59.0,38.41979932785034,,(0.000 + (1.000 * ((((-0.087) * X1) + ((-0.762) * X1)) + ((0.514 * X2) - ((((7.247 + ((-0.064) * X4)) - ((2.406 * X2) + (5.025 * X1))) / ((((-0.088) * X3) - (5.772 - (0.003 * X5))) + (((-2.008) / ((-0.435) * X2)) - ((-2.689) * X2)))) + (((((0.902 * X3) * (0.248 * X2)) + ((-0.249) - (((-0.403) * X3) * 0.062))) - (0.544 - (((-0.423) * X4) - (0.193 * X5)))) - (((-17.333) * X2) / (((-7.189) / ((-1.538) * X1)) - ((-4.118) * X2)))))))))
OperonRegressor,633_fri_c0_500_25,ok,25,200,0.9538630040591717,0.2201982777067703,58.0,71.16205406188965,,((-0.000) + (1.000 * (((((-194.893) - 192.097) + ((-160.670) * X3)) * ((((-0.000) * X4) + 0.004) + ((-0.002) * X3))) + (((((((((-5667.504) * X1) - 7468.362) * (((-0.177) * X2) - 0.324)) * (((-0.027) * X2) - (0.000 * X4))) + (9.881 * X3)) + (((-10.126) * X3) + ((28.377 + (((-4.295) * X1) + (0.430 * X5))) * ((7.652 * X2) - (-15.798))))) * (((0.002 * X1) + ((-0.000) * X4)) - (-0.004))) + ((0.565 * X4) + (((-0.181) * X1) + (0.258 * X5)))))))
OperonRegressor,634_fri_c2_100_10,ok,10,100,0.9136338736089181,0.28795178877103556,58.0,10.497354984283447,,(0.006 + (1.002 * ((((((0.002 * X2) - 0.002) * ((((-19.452) * X4) - ((((-43.833) * X3) - ((-23.164) * X5)) + (((-10.574) * X2) + 1.570))) + ((-99.617) * X1))) + ((-0.119) * X1)) - ((-0.237) + ((-0.023) * X2))) * ((((43.779 * X4) - (((((-65.666) * X2) - ((-15.330) * X5)) + ((-72.814) * X1)) * ((((9.874 * X2) - 17.775) * ((-0.018) - (0.009 * X2))) * (((-11.727) * X2) + (-7.217))))) - (((142.399 * X2) - 112.042) + (30.726 * X1))) / 48.283))))
OperonRegressor,635_fri_c0_250_10,ok,10,200,0.8297985163449069,0.36599033451656793,64.0,23.996737241744995,,((-0.000) + (1.000 * (((((-0.143) * X1) + (0.516 * X5)) - ((((((-0.000) * X4) - ((-0.000) * X5)) - (((-0.002) * X2) - (-0.004))) - (((-0.001) * X10) - (0.001 * X1))) * ((((((-0.414) * X10) - ((-2.329) * X1)) * ((56.788 * X2) - (-73.202))) - (((-92.758) * X2) - (-120.265))) - ((9.164 * X4) - (9.733 * X5))))) - ((-0.839) + ((((-0.007) * X4) - ((-0.004) * X5)) * (((((-8.335) * X6) - (-128.184)) - (41.012 + (6.928 * X5))) - ((3.371 * X4) - ((-13.683) * X1))))))))
OperonRegressor,637_fri_c1_500_50,ok,50,200,0.9187960320089955,0.2715596200413315,56.0,38.740538358688354,,((-0.006) + (0.999 * (((((0.022 * X3) + (0.076 * X1)) - (((-0.000) + ((-0.001) * X1)) * ((((-69.247) + ((-25.635) * X3)) - ((-128.545) * X2)) - (((0.156 * X2) - 0.154) * ((27.158 + (15.944 * X1)) * (16.863 * X2)))))) * (((-18.482) + (9.230 * X1)) - ((((-0.001) * X2) - 0.005) * (((45.748 + ((-7.469) * X1)) - ((22.429 * X2) - (-10.834))) * ((((-69.485) * X2) - ((-0.270) * X4)) - ((-4.753) + (13.572 * X3))))))) + (0.392 * X4))))
OperonRegressor,641_fri_c1_500_10,ok,10,200,0.9222904857058594,0.2827939875688737,58.0,33.068801164627075,,(0.002 + (0.998 * (((0.401 * X4) - ((-17.901) - ((-1.883) * X2))) + (((((((39.041 * X1) / ((-0.556) * X2)) + ((((-0.107) * X5) + (-24.371)) + ((-10.091) / (0.399 * X2)))) + (((-7.970) * X3) - ((-1.435) - (1.219 * X2)))) / ((19.799 * X1) + (((-38.278) - ((-19.535) * X2)) + (2.175 / (0.068 * X2))))) + (1.093 * X1)) + (((47.009 * X3) - ((-452.842) - ((-1.535) * X2))) * (((0.000 * X5) + (-0.037)) + ((0.004 * X3) - ((-0.005) * X2))))))))
OperonRegressor,643_fri_c2_500_25,ok,25,200,0.9437288180094685,0.22617980875004684,57.0,31.755515813827515,,((-0.000) + (1.000 * (((0.747 * X1) - (((-0.266) * X4) - ((1.018 * X2) + ((0.222 * X5) - (-1.208))))) - ((((((((-0.056) * X2) + ((-0.056) * X3)) * ((4448.990 + (8029.233 * X2)) + ((-15454.233) * X3))) + (982.246 * X4)) - (((9332.454 * X2) + (1986.662 * X3)) - (-4166.955))) + (((-50.020) * X1) * (164.656 + (118.324 * X2)))) / ((-5705.938) + ((((-4.402) + (9.434 * X2)) * (((-5.145) * X1) * (((39.617 * X2) + (11.681 * X1)) - (-69.855)))) + (2481.539 * X2)))))))
OperonRegressor,644_fri_c4_250_25,ok,25,200,0.9413607419749277,0.2316745615633709,62.0,36.65971803665161,,(0.000 + (1.000 * (((0.306 * X4) - ((-0.336) * X1)) + (((((((1.599 * X5) - ((-9.718) * X1)) * (((-1.157) * X2) + ((-0.036) * X4))) * (((-3.841) * X2) + (((-0.475) * X4) - (2.575 * X1)))) - (((82.255 * X2) + (74.992 * X1)) + ((((-10.759) * X2) * ((-1.659) * X1)) + (-4.131)))) * (((0.008 * X2) + 0.018) + ((((-0.000) * X2) + ((0.000 * X5) - (-0.000))) * (((45.031 * X2) * (0.649 * X1)) + ((8.536 * X2) + (((-2.184) * X4) - ((-45.251) * X1))))))) - (-0.465)))))
OperonRegressor,645_fri_c3_500_50,ok,50,200,0.9312888351457069,0.25696075938820223,54.0,38.4830379486084,,((-0.000) + (1.000 * (((((((((-22.559) * X5) + (-105.452)) * (1.635 * X2)) - (816.256 * X1)) - (221.817 + ((-303.545) * X1))) * ((((-5.011) + (((0.036 * X15) + (1.766 * X1)) * (0.815 * X2))) * (0.000 * X2)) + (-0.000))) * (((-6.154) + ((((20.187 * X1) + (-4.613)) + ((2.499 * X5) + 10.719)) * (0.121 * X2))) + (0.071 * X2))) + ((0.340 * X4) + (((-7.651) + ((((-0.794) * X2) + (3.914 * X1)) * (1.299 * X2))) * (-0.093))))))
OperonRegressor,646_fri_c3_500_10,ok,10,200,0.9088809376501875,0.32270925179378895,66.0,40.878658056259155,,(0.062 + (1.007 * (((((0.001 * X4) - (0.749 * X1)) - ((0.006 * X5) - ((0.004 * X3) - ((-0.738) * X1)))) * ((((-13.650) * X5) - ((-92.785) * X2)) - ((((((7.582 * X5) - ((-325.801) * X2)) * ((-0.227) * X1)) * ((-0.278) * X1)) - (((1.355 * X5) - ((-70.275) * X2)) - ((-63.970) * X1))) * (((-0.055) * X5) - (((((-28.048) * X5) - ((-188.804) * X2)) * (0.003 * X1)) - ((-1.029) * X2)))))) - ((((0.811 * X4) - (((-0.877) * X1) - (1.149 * X2))) - ((1.283 * X4) - (0.014 * X6))) - ((-0.178) * X5)))))
OperonRegressor,647_fri_c1_250_10,ok,10,200,0.43365485234332035,0.7341263948902301,46.0,24.935590505599976,,(0.004 + (1.003 * ((((-0.004) - (0.007 * X4)) - (((0.003 * X5) - (0.014 * X2)) - ((((61.559 * X2) + (461.592 / ((16.024 * X2) + 36.750))) - (((321.716 * X1) - 238.966) / (((-8.136) * X2) + 16.532))) * (0.001 * X1)))) * (((((2.479 * X5) + (18.636 * X2)) - (3.871 * X1)) - (((((20.026 * X2) + (9.939 * X1)) * ((-11.503) * X1)) - ((-99.643) + (2.563 * X4))) * (0.071 + (0.011 * X4)))) - 57.225))))
OperonRegressor,648_fri_c1_250_50,ok,50,200,0.9592907428981664,0.2011930733222709,62.0,38.64292621612549,,(0.015 + (1.002 * ((((((-1.456) * X4) - (0.803 * X2)) + (0.177 * X5)) - (((-1.805) * X4) - ((0.244 * X3) - (-0.255)))) - (((((((-50.017) * X1) - ((((-24.239) * X3) - 54.854) - ((-43.973) * X2))) * (((-0.081) * X2) + ((-0.000) * X5))) + ((1.995 * X3) - 5.156)) * ((0.001 * X3) - (((-0.000) * X4) - (0.001 * X2)))) * ((((((-3.093) * X1) * ((-10.918) * X2)) - (((-1.327) * X3) - (-139.586))) * (1.777 - ((-1.222) * X2))) - (((-77.543) * X2) + (42.806 * X1)))))))
OperonRegressor,649_fri_c0_500_5,ok,5,200,0.958763765842314,0.1979521731148065,59.0,64.8885498046875,,(0.008 + (1.000 * ((7.210 + ((-2.695) * X2)) + ((((2.808 * X1) + (0.508 * X4)) - (((-0.047) * X3) / (((2.479 * X1) + (-25.596)) / (((-96.743) - ((-44.848) * X2)) - (181.847 * X3))))) + ((0.266 * X5) - ((((((0.273 * X1) - (0.012 * X4)) - ((-0.223) * X2)) * (((3.664 * X1) + 4.549) - ((-25.729) * X2))) - ((((-3.690) * X1) + (-67.806)) - ((-39.297) * X2))) * ((0.105 - ((-0.002) * X3)) - ((((-0.024) * X1) - ((-0.001) * X4)) - (0.010 * X2)))))))))
OperonRegressor,650_fri_c0_500_50,ok,50,200,0.8610726007382874,0.38328438578924706,58.0,58.895918130874634,,(0.003 + (0.998 * ((((((-0.003) - (0.004 * X1)) * ((-1.840) - (1.174 * X2))) * ((((-79.085) * X2) - (((1635.357 * X1) - 3073.549) * (0.024 - ((-0.010) * X2)))) - ((((-49.043) * X1) - (3224.366 - (341.892 * X31))) * (((-0.000) - ((-0.006) * X1)) - ((-0.008) * X2))))) + (0.159 * X1)) - ((((-0.510) * X5) - (0.918 * X4)) + (((((-72.352) * X5) - (105.051 * X4)) + (((-55.765) - ((-117.818) * X2)) + ((-14.978) * X9))) * ((-0.003) - (0.000 * X29)))))))
OperonRegressor,651_fri_c0_100_25,ok,25,100,0.9727474720784473,0.1827297054956569,57.0,28.57685899734497,,(0.000 + (1.000 * (((((4.544 * X2) - ((-11.383) * X1)) * ((58.783 - ((-47.340) * X2)) * (((0.000 * X16) - (0.000 * X1)) - (0.000 * X2)))) + (0.150 - ((((((-58.283) * X3) + (9.759 * X2)) - ((9.375 * X22) + ((-6.788) * X5))) * ((0.005 * X3) + ((-0.000) * X23))) - ((-7.962) * X2)))) - ((0.081 + (0.036 + (((0.000 * X4) - ((-0.004) * X1)) + ((-0.002) * X2)))) * ((((-5.584) * X4) - (((6.218 * X1) + (0.604 * X3)) + (2.902 * X5))) - (74.296 * X2))))))
OperonRegressor,653_fri_c0_250_25,ok,25,200,0.8193812355336083,0.41354914553364297,61.0,36.810747385025024,,((-0.004) + (1.000 * ((((0.759 * X2) - ((0.076 * X8) - (0.569 * X4))) - ((-0.309) - (0.281 * X5))) - ((((0.009 * X2) - ((-0.000) * X1)) - ((-0.013) - ((-0.001) * X5))) * (((12.560 * X2) - (46.747 * X1)) - ((((-0.175) * X2) - ((0.055 - ((-0.085) * X17)) - ((-0.105) * X1))) * ((((46.713 * X2) - (63.976 - ((-2.691) * X5))) - ((-10.571) * X22)) - ((((-0.057) * X20) - ((0.062 * X2) - ((-0.546) * X1))) * (((-29.334) * X17) + (157.921 - ((-53.984) * X1)))))))))))
OperonRegressor,654_fri_c0_500_10,ok,10,200,0.9422516400718943,0.22595440681158468,60.0,41.001293659210205,,((-0.001) + (1.002 * (((6.614 + ((-0.020) * X4)) + (((0.250 * X5) - ((-0.542) * X4)) + (((-2.418) * X1) + ((-364.015) * X2)))) + ((362.091 * X2) - (((((-0.457) * X3) - ((0.004 * X4) + (((0.365 * X2) - 1.880) + ((0.007 * X5) - ((-0.512) * X1))))) / ((-2227.582) + ((475.765 + (((-36.221) * X1) + ((-354.133) * X2))) * (0.438 * X1)))) * (((-1886.135) * X3) - (((297.456 * X2) * ((-0.153) * X4)) + ((((-49.576) * X4) - (1484.563 * X2)) - ((2147.409 * X1) - 7765.384)))))))))
OperonRegressor,656_fri_c1_100_5,ok,5,100,-1372.1406949762686,36.6613201200894,55.0,16.172304153442383,,(0.000 + (1.002 * ((((((((((-6.608) * X1) - (0.646 * X4)) * ((-11.704) + (15.538 * X2))) + (48.734 + (109.139 * X1))) - (-10.411)) / (((((-0.837) * X4) + ((-6.394) * X1)) - (-13.827)) / ((-0.464) + (0.922 * X2)))) - (((-8.546) * X1) - ((-2.539) * X4))) * (((((-0.031) + (0.001 * X2)) + (0.003 * X1)) * (((-0.294) * X4) + (13.773 * X2))) + (((0.397 * X2) + (0.041 * X1)) - 0.149))) - (((0.552 * X1) - (0.208 * X5)) - 0.237))))
OperonRegressor,657_fri_c2_250_10,ok,10,200,0.9483804625406369,0.23896525075509512,57.0,41.199251651763916,,((-0.007) + (0.998 * (((((6.335 * X2) - ((((-5.647) * X2) * (0.052 * X1)) - (5.426 * X4))) + (-22.381)) * (((-0.019) * X1) + (0.030 * X3))) - (((-0.583) + ((0.094 * X2) - ((0.212 * X5) + ((0.399 * X4) + (0.346 * X3))))) + (((((-103.681) * X1) + (((((-2.374) * X2) * ((-4.870) * X1)) + (-11.240)) * (1.556 + (4.971 * X2)))) * (((((-0.957) * X2) * ((-4.978) * X1)) + (-13.689)) * (4.428 + (5.574 * X2)))) * ((0.000 * X2) + 0.000))))))
OperonRegressor,658_fri_c3_250_25,ok,25,200,0.7516409910130089,0.5712839099852848,56.0,30.577682733535767,,((-0.003) + (1.000 * ((((-16.264) + ((((-27.027) + ((0.861 * X1) * ((8.335 * X2) + (5.155 * X1)))) - ((-3.448) * X4)) + ((15.471 * X2) + ((0.096 * X4) * (16.193 * X4))))) * (((((-10.086) - ((0.140 * X2) * ((-35.032) + ((-32.693) * X1)))) + ((-5.077) * X2)) + ((-0.562) + ((-2.366) * X1))) * ((0.002 + ((-0.002) * X1)) - ((0.001 * X2) * ((3.195 + (6.576 * X1)) + ((0.332 * X2) * (11.448 + (11.023 * X1)))))))) - ((-0.312) * X4))))
OperonRegressor,659_sleuth_ex1714,ok,7,47,0.7988544356350789,904.8944514460592,64.0,10.202858209609985,,(0.014 + (1.000 * (((((((((-163.676) * X6) + ((-371.638) * X3)) / (((-93.579) * X2) + (-56.566))) - (((-13.001) * X5) - (((-0.940) * X1) + 9.834))) - (((((-480.015) * X4) + (((-1657.220) * X6) + ((-1292.738) * X3))) + ((-826.116) + (505.256 * X4))) / ((181.667 * X6) + (102.712 * X3)))) - (((((-1022.460) * X6) + ((-373.758) * X3)) - ((899.644 * X5) - ((((-332.515) * X1) - (752.178 * X4)) + (506.711 * X2)))) / ((-104.078) + ((-177.697) * X4)))) * (0.012 * X6)) - (((-0.380) * X6) + (0.079 * X4)))))
OperonRegressor,663_rabe_266,ok,2,120,0.999537407682872,1.061645308442654,62.0,25.652543783187866,,((-0.000) + (1.000 * ((((((((0.022 * X2) + ((-0.002) * X1)) * (((-26.003) * X2) + ((-16.297) * X1))) - 13.362) - ((1.287 * X2) - ((-0.994) * X1))) * ((((-2.307) * X2) + 14.318) - (0.836 * X1))) * ((0.007 * X2) - ((-0.008) * X1))) - ((((-2.546) * X1) + (((-1.158) * X2) - (-0.093))) - ((((((-43.411) * X2) + (56.643 * X1)) * ((6.116 * X2) - (-5.739))) - (-38.766)) / (((-4631.537) * X2) + ((((-34.227) * X1) - 50.285) * (((-1102.013) * X2) + (1430.796 * X1)))))))))
OperonRegressor,665_sleuth_case2002,ok,6,147,-1.172135439184801,12.58756877540626,59.0,20.13353657722473,,((-0.001) + (1.001 * ((((((-43.430) * X5) - (((19.185 * X4) + (31.849 * X1)) - (136.406 * X6))) * ((-0.002) * X6)) - (0.787 / (38.495 - (81.623 * X6)))) + ((((((-11.254) * X5) - ((((-1.684) * X4) + (52.380 * X1)) - ((-14.349) * X6))) / (((7.388 * X4) + ((-199.074) * X1)) - (85.242 * X6))) - (((-0.049) * X5) - ((((-1.775) * X4) + ((-8.587) * X1)) / ((((-312.934) * X1) + (117.211 * X5)) - (499.465 * X6))))) - ((4.213 / ((50.964 * X6) + 46.422)) - (0.287 * X6))))))
OperonRegressor,666_rmftsa_ladata,ok,10,200,0.6355565546541158,1.6970356844412342,64.0,59.76582860946655,,((-0.000) + (1.000 * ((((((((-0.099) * X3) + ((-0.010) - ((-0.137) * X8))) * ((25.348 * X3) - ((98.971 * X10) + (70.157 * X5)))) - (((19.083 * X9) + ((-96.063) * X1)) + (39.075 * X2))) * (((-0.003) * X5) - (((0.003 * X3) + ((-0.003) * X1)) + ((-0.009) - ((-0.002) * X8))))) + ((((0.001 * X9) - (-0.005)) + ((-0.002) * X1)) * (((-61.650) * X3) - ((((-32.750) * X10) + (72.088 * X5)) - ((-122.937) * X8))))) - (((23.313 * X3) - ((-0.113) - ((-0.740) * X8))) - (23.577 * X3)))))
OperonRegressor,678_visualizing_environmental,ok,3,111,0.3805171896740297,2.355252772229224,59.0,17.99518871307373,,(0.000 + (1.000 * ((((-0.281) - (((-0.761) * X2) + ((-1.262) * X1))) / (((-16.679) - ((4.221 * X3) + (((-1.782) - ((0.725 * X2) + ((-6.412) * X1))) * ((-7.298) * X1)))) + (7.600 * X2))) + (((((20.873 * X2) + ((-19.289) * X1)) / (((-896.817) * X3) + (((-271.151) * X2) + ((-63.719) * X1)))) + ((0.114 * X1) / ((-6.838) + ((-3.773) * X2)))) - (((((-0.485) * X2) + (1.416 * X1)) / (36.213 - ((-31.995) * X1))) + (0.092 + (0.519 * X1)))))))
OperonRegressor,687_sleuth_ex1605,ok,5,62,-2.5010290796332164,26.476902568412008,58.0,27.36241102218628,,((-0.003) + (1.000 * (((((113.479 + (94.913 * X5)) - (((-269.059) - (343.823 * X2)) / ((-5.041) + ((-508.375) * X5)))) + ((-206.119) * X1)) * (((-0.002) * X5) - ((0.001 * X1) - (((0.064 * X5) - (((-0.016) * X1) - ((0.018 * X1) - (0.152 * X2)))) / ((-31.367) - ((-254.946) * X2)))))) - ((((((-2.544) + ((-3.534) * X5)) + (0.202 * X1)) * (((-21.203) + (11.622 * X5)) + (13.226 * X1))) / ((233.898 * X1) - (426.889 * X2))) - ((0.208 * X2) + (0.971 * X5))))))
OperonRegressor,690_visualizing_galaxy,ok,4,200,0.9698819126150843,15.678044777233746,66.0,50.37502884864807,,(0.001 + (0.994 * ((((1.426 * X4) + (((-0.992) * X2) / ((-5.808) * X3))) + (-0.658)) + (((-3.025) * X2) - (((((0.070 * X4) - ((-0.009) * X2)) + 0.070) + ((((-0.001) * X3) - (0.007 * X4)) * (((-3.848) * X4) - (-9.743)))) * ((((((-1.397) * X3) + ((-4.348) * X4)) - 7.216) - (((-13.523) * X4) - ((-21.220) * X2))) + (((((-0.082) * X3) - ((-0.176) * X4)) + (((0.010 * X2) + ((-0.007) * X4)) * (((-16.235) * X3) - ((-17.821) * X4)))) * ((9.383 * X3) - ((-10.928) * X4)))))))))
OperonRegressor,695_chatfield_4,ok,12,200,0.6905607999883749,25.56014680213532,63.0,45.15864634513855,,((-0.000) + (1.000 * ((0.546 * X12) + ((((((-0.273) * X6) + (0.422 * X7)) + (-0.017)) + (0.214 * X9)) + ((((((0.006 * X12) + (0.050 * X10)) - (0.042 * X4)) * (((((-19.044) * X12) + (9.171 * X10)) * ((10.525 * X6) + ((-30.288) * X12))) + ((81.588 * X8) - (138.943 * X12)))) + (((-11.349) * X11) + (((-12.027) * X12) - (((-11.213) * X5) + ((-7.572) * X7))))) * (((0.029 * X5) + (((((-0.005) * X9) + ((-0.047) * X7)) + (-0.015)) + (0.017 * X8))) + (((-0.006) * X12) + (0.019 * X10))))))))
OperonRegressor,706_sleuth_case1202,ok,6,93,0.21849265703099474,87.32418990605962,57.0,18.31842875480652,,((-0.052) + (1.004 * ((0.620 * X5) - (((((30.817 - (21.591 * X3)) / ((-23.859) - ((-28.712) * X5))) + ((((-46.361) - (16.448 * X5)) * (0.133 - ((-0.084) * X5))) + ((3.984 * X4) - ((65.772 - ((-59.413) * X6)) / ((-88.638) * X2))))) * (((-0.006) * X3) - (((-0.000) * X4) * ((61.460 * X4) + (85.445 - (21.372 * X5)))))) - (((((-12.460) * X3) - (((-2.315) * X1) / (0.915 * X2))) * ((0.002 * X5) - (-0.001))) * ((9.392 * X5) - (-15.633)))))))
OperonRegressor,712_chscase_geyser1,ok,2,200,0.6880620776200435,7.493457786523903,54.0,40.518521308898926,,(0.000 + (1.000 * ((((0.889 * X2) - 0.044) - (((-1.140) * X2) / (((((-10.248) * X2) - (-10.435)) - 12.980) + (0.987 * X1)))) + ((((-196.730) / (((-119303.211) * X1) - (((-108420.562) * X2) - 23712.045))) - ((11.390 * X2) / ((((-21.946) * X1) - 43.398) + ((-163.196) * X2)))) + ((-4726.917) / ((1175.908 - 498.767) + ((((5329.174 * X1) - (((-34522.090) * X2) - 1025.250)) - (((-649.443) * X2) * ((-1416.786) * X2))) + ((981.855 * X1) / (511.405 * X1)))))))))
OperonRegressor,_deprecated_195_auto_price,ok,15,159,0.873241993230334,2249.949047380222,58.0,34.23958086967468,,((-0.019) + (1.003 * ((((((142.971 * X5) - (((31.479 * X5) - (53.408 + (12.705 * X12))) * ((-2.848) - (2.037 * X8)))) * ((((0.000 * X15) + 0.001) - ((-0.001) * X8)) - ((-0.001) * X12))) - ((((-12.780) * X13) / (((-1.873) * X15) + (-0.993))) * (((((0.011 * X15) - (0.008 * X3)) + ((-0.008) * X11)) - (((0.011 * X8) + ((-0.028) * X7)) - ((-0.003) * X12))) - (0.006 * X6)))) - ((0.018 * X5) - (((0.099 * X15) + 0.010) - ((-0.530) * X12)))) + (0.527 * X7))))
OperonRegressor,_deprecated_207_autoPrice,ok,15,159,0.873241993230334,2249.949047380222,58.0,27.620047092437744,,((-0.019) + (1.003 * ((((((142.971 * X5) - (((31.479 * X5) - (53.408 + (12.705 * X12))) * ((-2.848) - (2.037 * X8)))) * ((((0.000 * X15) + 0.001) - ((-0.001) * X8)) - ((-0.001) * X12))) - ((((-12.780) * X13) / (((-1.873) * X15) + (-0.993))) * (((((0.011 * X15) - (0.008 * X3)) + ((-0.008) * X11)) - (((0.011 * X8) + ((-0.028) * X7)) - ((-0.003) * X12))) - (0.006 * X6)))) - ((0.018 * X5) - (((0.099 * X15) + 0.010) - ((-0.530) * X12)))) + (0.527 * X7))))
OperonRegressor,auto_insurance_losses,error,24,164,,,,,missing result,
OperonRegressor,auto_insurance_price,error,23,200,,,,,missing result,
OperonRegressor,feynman_III_10_19,ok,4,200,0.9995692263565825,0.15175555640989563,52.0,7200.19306063652,,(0.000 + (1.002 * ((((((0.211 * X2) + ((3.231 * X3) * (0.003 * X3))) - (((-0.001) * X4) * (337.361 + (((-6.799) * X1) - (50.194 * X2))))) - ((-0.655) * X1)) * (3.437 + ((0.017 * X2) - (0.106 * X4)))) - ((((((6.108 * X4) + (6.677 * X2)) - ((((-8.164) * X1) - (0.002 * X2)) * (2.469 + ((-0.361) * X3)))) * (2.274 + (((-0.148) * X2) + (0.166 * X3)))) * (0.031 - (0.004 * X4))) + (0.102 - ((0.007 * X2) + (0.264 * X3)))))))
OperonRegressor,feynman_III_12_43,ok,2,200,0.9999999999796041,3.649084031177365e-06,17.0,7200.072872638702,,((-0.000) + (1.000 * ((((((-2.726) / ((-0.711) * X2)) - (-1.474)) * ((0.535 * X2) * (0.333 * X1))) - 0.000) + (0.680 * X2))))
OperonRegressor,feynman_III_13_18,ok,4,200,0.9999999811087993,0.07551527243298105,51.0,7200.063093185425,,(0.000 + (1.000 * (((((((((-29.996) * X1) - ((-1.468) * X2)) - (21.711 + ((16.215 * X3) + ((-8.632) * X4)))) * (2.753 + (2.787 * X4))) * ((0.000 * X4) * (((-39.574) + (45.956 * X4)) + 6.006))) - ((-28.858) + ((-11.119) * X1))) * ((((19.048 + ((7.328 * X3) + (0.001 * X4))) / (((-1.704) + ((-0.000) * X2)) + ((-0.657) * X4))) * (1.459 + (0.563 * X2))) * ((0.000 * X4) - (0.001 + (0.000 * X2))))) - 0.845)))
OperonRegressor,feynman_III_14_14,ok,5,200,0.9814946986553252,0.9523097538253875,60.0,7200.565944433212,,(0.004 + (1.013 * (((((((-14.185) * X2) - ((((-0.077) * X1) - (11.063 * X4)) - (((-14.283) * X3) - ((-12.293) * X5)))) * (((-0.000) * X5) + (((-0.000) * X4) - (-0.001)))) * (((-3.205) - 2.677) - (((-0.541) * X5) + (2.430 * X1)))) * (((1.500 * X4) - ((((-9.276) * X2) - ((((-9.524) * X4) - (-6.721)) - (((-9.155) * X3) - ((-1.832) * X5)))) * (((-0.052) * X5) + (((-0.058) * X4) - (-0.100))))) + 4.074)) + ((0.284 * X1) - 0.276))))
OperonRegressor,feynman_III_15_12,ok,3,200,0.3809938542110638,4.0242440090732075,58.0,7200.349619626999,,((-0.043) + (1.005 * (((((((-18.912) + (16.927 * X3)) - (((-5.885) * X2) - (0.722 * X1))) - (((63.340 * X2) - ((-41.192) * X3)) * (((-0.603) + (0.008 * X1)) + (0.394 * X2)))) * (0.001 + (0.000 * X1))) * ((((((102.575 * X3) + ((-11.452) * X2)) - ((-71.495) + (20.292 * X3))) * ((-0.003) * X2)) * (((80.311 + ((-11.178) * X3)) + (19.374 * X2)) - ((((-199.832) * X2) - (166.483 * X3)) * ((-0.145) * X2)))) - ((-4.959) * X3))) - ((-0.453) * X1))))
OperonRegressor,feynman_III_15_14,ok,3,200,0.999999991405609,1.5972082833780848e-06,58.0,6085.145838260651,,((-0.000) + (1.000 * (((0.047 - ((-0.000) * X1)) / ((((-34.122) * X2) + ((-0.005) * X3)) - 88.526)) * ((((742.342 + (0.292 * X3)) - (-385.262)) - (((-435.537) * X2) - (0.091 * X1))) + ((((((((-123.184) * X1) + ((-37.164) * X3)) - (-1564.265)) + (776.088 * X1)) / ((((-0.192) * X1) + ((-33.934) * X3)) - 86.717)) / ((((0.596 * X1) + ((-91.979) * X3)) - (-10.316)) - 253.454)) * ((((-2158.129) * X1) + ((-122.987) * X3)) + ((-3908.200) - 2190.823)))))))
OperonRegressor,feynman_III_15_27,ok,3,200,0.9990594522815652,0.08258470796081933,64.0,6326.043361186981,,(0.000 + (1.000 * (((0.002 * X3) - (((-0.002) * X2) - (((((-0.000) * X2) + ((-0.001) * X1)) + 0.001) - ((((-0.184) * X2) + (0.003 * X3)) * (0.004 * X3))))) * ((-245.089) + ((((1.216 * X2) + (1.176 * X3)) - (((((-0.057) * X1) + ((-5.488) * X3)) - ((((-0.164) * X3) * (17.662 * X3)) + ((-3.082) * X2))) * ((-0.092) * X3))) * (((((-1.525) * X2) + ((-0.581) * X3)) * (((((-17.042) * X2) + ((-1.708) * X3)) * ((-0.282) * X2)) - ((-21.005) + (14.848 * X2)))) + 69.630))))))
OperonRegressor,feynman_III_17_37,ok,3,200,0.9999844356872605,0.019753061493095844,64.0,5958.813682556152,,((-0.000) + (1.000 * ((((-74.601) - ((-4.423) - (((((3.171 * X3) * ((-3.505) * X3)) * ((-0.261) * X1)) - ((((-0.270) * X3) * (27.969 * X3)) - ((-27.104) * X1))) - ((-0.151) * X3)))) * (((((0.003 * X3) * ((((-245.581) * X3) * ((-0.186) * X3)) + ((-377.899) * X3))) - ((1.111 * X3) - ((((-0.700) * X3) * ((-6.629) * X3)) + (-29.959)))) * ((((-0.000) * X3) - 0.001) - (0.001 * X2))) - ((0.035 * X2) - ((((-0.000) * X3) * (28.379 * X3)) - (0.000 * X1))))) - (-0.204))))
OperonRegressor,feynman_III_19_51,ok,5,200,0.9192836311138464,0.5157629088649671,60.0,7200.14294052124,,(0.122 + (1.017 * (((((((-0.472) * X3) - (1.027 * X4)) - (-2.264)) * ((((1350.326 * X5) + ((-1427.780) * X4)) + ((4985.410 * X4) + ((-4491.651) * X2))) * ((0.000 * X5) + (0.000 * X4)))) * ((-4506.214) + (((((-979.437) * X3) - 1803.653) - ((-3492.719) * X3)) * (((((-18.994) * X3) + (15.424 * X2)) * ((0.000 * X5) + (0.000 * X4))) * (((5101.385 * X3) + ((-730.976) * X2)) + (((3299.591 * X5) + (330.063 * X2)) - (5608.257 * X1))))))) * ((((-0.002) * X5) + (0.002 * X2)) + ((-0.001) * X3)))))
OperonRegressor,feynman_III_21_20,ok,4,200,0.9989814311506757,0.32610573717350916,56.0,7200.892436027527,,(0.000 + (1.000 * (((-0.385) * X3) - (((((0.019 * X4) + ((0.027 * X2) + (((-0.004) * X2) * ((1.540 * X1) - (-10.789))))) - (((0.016 * X1) - ((-0.001) * X4)) - 0.005)) * (((((0.039 * X1) + (7.786 * X4)) - ((14.252 * X3) + (((-0.047) * X2) + ((-6.020) * X3)))) - 20.824) - ((((9.228 * X3) + (0.205 * X2)) - ((9.231 * X3) + (((-8.471) * X4) + ((-0.189) * X1)))) * (((20.469 * X4) + ((-18.024) * X3)) * (0.031 - (0.013 * X4)))))) - 0.066))))
OperonRegressor,feynman_III_4_32,ok,4,200,0.9947369729108709,0.6661275035073484,64.0,7052.8507289886475,,(0.001 + (1.001 * (((((((-5.873) - (((-3.253) * X1) + ((-1.585) * X2))) + ((0.191 * X1) * (((-8.839) * X1) + ((-4.263) * X2)))) * (((28.813 * X1) + ((-4.780) * X2)) + ((((1.063 * X4) + (6.956 * X2)) * ((0.253 * X4) + ((-0.929) * X2))) + ((-26.650) * X3)))) + ((40.895 * X1) + ((-176.702) * X2))) * ((0.002 - ((-0.000) * X4)) + ((((-0.125) + ((-0.870) * X2)) * ((0.000 * X4) + ((-0.000) * X2))) + ((0.000 * X4) + ((-0.000) * X2))))) - (((-0.247) * X4) - (-0.335)))))
OperonRegressor,feynman_III_4_33,ok,4,200,0.9999914717785928,0.014880090815222128,59.0,7200.097176551819,,((-0.000) + (1.000 * ((((((0.020 * X1) + (10.951 * X4)) * ((4.544 * X4) - ((-832.801) * X3))) + (((-2006.967) * X1) + (-127.806))) + ((13083.599 * X4) - (((((((-659.115) * X4) - (10.319 * X2)) - ((23770.166 * X3) - ((-10029.092) * X4))) + (1746.793 * X2)) - ((((-15.829) * X3) - ((481.660 * X1) + (19.425 * X4))) * ((0.150 * X4) - ((-1.415) * X2)))) + (((702128.375 * X3) - (((-150641.578) * X4) - (((-1279479.875) * X1) + (698984.562 * X4)))) / (5045.142 + ((1403.794 * X3) - (867.733 * X2))))))) / 34774.113)))
OperonRegressor,feynman_III_7_38,ok,3,200,0.999999960221982,0.0072224629347368815,46.0,7200.150766372681,,(0.000 + (1.000 * ((0.485 * X1) + (((((((9.512 * X3) / ((0.681 * X3) - (-1.775))) + ((0.241 * X3) / (1.262 * X3))) - (0.001 * X3)) * ((-1.887) - (0.002 * X1))) - ((3.409 * X3) / ((-0.127) * X3))) * (((((-0.000) * X3) - ((-0.000) - (0.000 * X1))) * (((((-0.059) * X1) + (-22.931)) - (((-25.876) * X2) + (51.707 * X3))) + (17.169 * X2))) + (0.000 * X2))))))
OperonRegressor,feynman_III_8_54,ok,3,200,0.24758150269512802,0.30805840206270735,64.0,7200.212823629379,,(0.068 + (1.020 * (((-0.133) * X2) + ((((((0.026 * X1) + ((-0.040) * X3)) * (((-0.138) * X2) + ((6.481 * X1) - (18.841 * X3)))) * ((-5.382) * X3)) + (((-9.070) * X1) - ((-15.551) * X3))) * (((((0.000 * X3) + ((-0.000) * X2)) + (0.659 + (-0.659))) * ((16.987 * X2) - ((-14.046) * X1))) * ((((((-0.022) * X1) - ((-0.009) * X3)) * ((1.051 * X3) - (30.388 * X2))) * ((((-24.776) * X3) - ((-2.132) * X2)) + ((3.785 * X1) * ((-0.930) * X3)))) + ((21.490 * X3) - (12.596 * X2))))))))
OperonRegressor,feynman_III_9_52,ok,6,200,0.9084862116894663,4.355803042225282,59.0,7200.125699996948,,(0.000 + (1.000 * (((((-0.210) * X3) + (-0.916)) - (0.006 * X2)) + ((((((-0.804) * X1) - ((-0.000) * X4)) - (2.319 * X2)) - ((22.736 - (2.885 * X4)) - ((((((-0.054) * X6) + 0.000) - ((-0.056) * X5)) * (139.269 * X5)) - ((-0.949) * X3)))) * ((((((-0.000) * X6) * (3.924 * X5)) - (0.000 * X2)) - (((0.000 * X3) + 0.001) - (0.000 * X4))) * (((18.095 * X1) - (((-25.748) * X6) * ((-1.004) * X6))) - (((2.111 * X6) * ((-11.555) * X5)) + (-78.871))))))))
OperonRegressor,feynman_II_10_9,ok,3,200,0.9999788546847946,0.0011381452389748474,57.0,7200.099694013596,,(0.000 + (1.000 * ((((((7120.983 * X2) + ((-512.864) * X1)) + (4543.125 - ((((-0.428) * X1) - ((-35.084) * X3)) - (((15.715 * X1) - ((-5.870) * X3)) * ((0.005 * X2) + (5.831 * X3)))))) - ((-3982.344) * X3)) + (((-4867.538) * X1) - ((((((-0.969) * X1) - ((-0.773) * X3)) * ((0.001 * X2) + ((-40.389) * X3))) - ((-0.535) * X3)) * ((-36.795) - ((((0.084 * X2) + (38.185 * X3)) * (0.119 * X3)) - (14.696 * X3)))))) / (((-5360.464) * X2) - 13986.800))))
OperonRegressor,feynman_II_11_20,ok,5,200,0.9842889951593257,0.8906374948704657,61.0,6404.988452672958,,(0.000 + (1.000 * (((-0.162) * X5) - (((((((((-11.940) * X5) + ((-3.892) * X4)) - ((1.877 * X1) + ((-19.710) * X2))) - (-31.898)) * ((((90.232 * X3) * ((-0.005) * X1)) + ((1.006 * X5) + (0.191 * X4))) - (((-1.282) - ((-1.307) * X3)) + (1.196 * X1)))) + (((-98.321) * X2) - ((-49.913) * X4))) / (((((-3.870) * X1) + ((0.837 * X1) / (0.007 * X1))) + ((28.187 * X5) - ((19.620 * X2) - (48.179 * X4)))) + ((0.889 * X1) / (0.011 * X1)))) - ((0.003 * X1) + (0.019 * X2))))))
OperonRegressor,feynman_II_11_27,ok,4,200,0.9999664098832733,0.00406826309785658,48.0,7200.097682476044,,(0.000 + (1.000 * (((-0.951) + ((0.005 * X2) + ((-0.000) * X4))) - ((((((3.089 - ((-0.364) * X1)) + ((-0.004) * X4)) + ((1.902 * X2) - 1.989)) * (0.000 - ((-0.000) * X1))) - (-0.002)) * ((((1.935 + (1.117 * X1)) * (15.801 + ((0.200 * X2) + (3.135 * X4)))) * (((((-1.316) * X2) - 2.311) + ((0.094 * X4) / 11.106)) * (6.713 + ((1.296 * X3) + (0.032 * X1))))) - ((-0.037) * X3))))))
OperonRegressor,feynman_II_11_28,ok,2,200,0.9999993436960476,0.0002350469283552508,58.0,7200.506376028061,,(0.000 + (1.000 * (((((((0.676 * X2) + (0.057 * X1)) * ((((-1.933) * X2) + ((-60.417) * X1)) + ((3.894 * X2) + (24.437 * X1)))) + ((-59.299) * X1)) + (((((0.005 * X2) + (0.004 * X1)) * ((18.497 * X1) - (-24.857))) - ((-0.371) * X1)) * ((((-0.260) * X2) * ((3.706 * X2) + (11.761 * X1))) - (((32.861 * X2) + ((0.750 * X2) - ((-2.311) * X1))) + (((0.143 * X2) * (9.485 * X1)) * ((2.158 * X2) + (0.416 * X1))))))) * (-0.010)) - (((-0.593) * X2) + 0.082))))
OperonRegressor,feynman_II_11_3,ok,5,200,0.9972069594405464,0.006569369505071662,59.0,7200.14254450798,,(0.000 + (1.000 * (((((((5915.606 * X1) - (5305.218 - ((-10797.332) * X3))) + (7047.763 * X2)) - ((((-1248.251) * X5) - (((495.077 * X1) + (2479.944 * X1)) - ((1557.970 * X2) - ((-4506.805) * X4)))) * (((-0.118) * X3) - (((-0.130) * X5) - ((0.381 * X2) + ((-0.437) * X4)))))) + 1012.439) / ((((-441.011) * X5) - (((900.559 * X2) - (2.226 - ((-2835.272) * X3))) - (2174.104 * X4))) + (((-394.065) * X1) + 16157.201))) - (((-0.095) * X5) - ((0.271 * X3) + (((-0.066) * X2) - (0.454 * X4)))))))
OperonRegressor,feynman_II_13_17,ok,4,200,0.9757843820972982,0.003882702084626309,57.0,7200.582396030426,,(0.005 + (1.003 * (((((((-0.000) * X2) + 0.001) + (((-0.000) * X1) - (0.000 * X4))) * (((((1.343 * X1) - ((-1.278) * X4)) + (2.533 * X2)) * ((((-0.673) * X1) - (0.680 * X4)) - (1.314 * X2))) * (((((-0.324) * X1) - (1.750 * X4)) * ((11.126 * X4) - 1.088)) + (((6.697 * X2) * (((-5.002) * X2) - ((-4.919) * X3))) + ((13.838 * X1) - (13.729 * X4)))))) + (-0.306)) + (((((-3.297) * X1) - (5.299 * X4)) - ((9.254 * X2) - (5.223 * X3))) * 0.026))))
OperonRegressor,feynman_II_13_23,ok,3,200,0.9999998318543942,0.0004979318033545755,63.0,7200.0548622608185,,((-0.000) + (1.000 * (((-0.040) - (((-0.027) * X2) - (((-0.009) * X3) - ((-0.965) * X1)))) + (((((0.715 * X2) - ((((-19.662) * X2) - (((-33.903) * X3) - (0.864 * X1))) / (((-7.248) * X3) - 18.727))) * ((0.050 * X3) - (0.184 * X2))) + (8.683 - (((-0.847) * X2) - (((-1.276) * X3) - ((-0.013) * X1))))) * (((((-0.332) * X2) - (((22.266 * X3) - (20.696 * X1)) / (((-7.954) * X3) - 19.984))) * ((0.002 * X3) - (0.001 * X2))) + (((-0.004) * X3) - ((-0.001) * X1)))))))
OperonRegressor,feynman_II_13_34,ok,3,200,0.9999841495541743,0.008398037289143248,55.0,6619.815084934235,,(0.000 + (1.000 * ((((((-0.001) * X3) + (0.030 * X2)) - (((-0.005) * X2) + (-0.062))) * ((12.472 - (0.013 * X3)) + ((((((0.000 * X3) + (0.000 * X2)) - (0.058 + (-0.058))) - ((5.078 * X3) * ((-0.000) * X3))) * ((((25.720 * X3) + (-25.174)) - (((-41.238) * X3) * ((-0.200) * X3))) * ((30.251 * X3) - ((30.635 * X1) - ((-10.560) * X2))))) - ((-4.376) * X1)))) - ((((-13.884) * X3) * (0.001 * X3)) - ((0.553 * X1) - 0.810)))))
OperonRegressor,feynman_II_15_4,ok,3,200,0.9999977251000781,0.007924064906569609,63.0,5895.086505889893,,(0.000 + (1.000 * (((-0.770) - ((-0.001) * X1)) - ((((((-0.000) * X3) - ((-0.103) * X1)) + ((-0.109) * X1)) + (-0.017)) * ((((((-15.198) * X2) + ((((-0.593) * X3) * ((-3.484) * X3)) + (-44.310))) * (0.004 * X3)) * (((((2.107 * X3) * ((-3.754) * X3)) - ((-3.573) * X3)) + 14.211) * (5.603 * X3))) + (((((6.982 * X3) * ((-0.268) * X3)) - ((-0.529) * X3)) + 3.405) * (((((-0.882) * X2) - ((-0.515) * X3)) - (((-12.099) * X2) + (0.432 * X3))) + 29.320)))))))
OperonRegressor,feynman_II_15_5,ok,3,200,0.9999621019638381,0.03220142396296579,61.0,6462.39644241333,,(0.000 + (1.000 * (((((-0.423) * X2) - (((-6.827) * X3) - (-1746.656))) + ((((((((-0.009) * X1) * (26.294 * X2)) + ((-0.088) * X2)) + ((-0.608) * X1)) + (-1.777)) + (((((-10.746) * X3) * ((-0.001) * X3)) + ((-0.002) * X3)) + ((-0.519) * X2))) * (((72.740 * X3) - 1379.898) + ((((99.606 * X3) * (10.421 * X3)) + ((-0.004) * X2)) + (((-320.658) * X3) - 532.453))))) / ((((-70.083) * X3) - (-1769.659)) + (((27.566 * X3) * (9.526 * X3)) + ((-0.394) * X1))))))
OperonRegressor,feynman_II_21_32,ok,5,200,0.9782775548316489,0.007083141235310327,51.0,7200.538418769836,,(0.002 + (1.011 * ((((3.160 * X2) - ((((74.903 * X3) - 332.550) / (((6.616 * X5) + 141.218) - (((-18.262) * X3) + ((-45.543) * X2)))) - (((-3.531) * X2) - (-0.893)))) * (-0.002)) * ((((((((1.521 * X3) + 1.984) * (((-26.840) * X2) - ((-15.502) * X3))) - ((179.970 * X3) + (35.975 * X5))) - 127.790) * (((-0.095) * X1) + (-0.563))) + ((57.666 * X2) + (((-11.434) * X4) * 1.383))) + ((-72.115) * X1)))))
OperonRegressor,feynman_II_24_17,ok,3,200,0.9999998426545007,0.0003421273714078408,54.0,7200.366952419281,,(0.000 + (1.000 * (((((((-1.907) * X2) - 0.083) + (1.887 * X2)) * (((((((-10.768) * X3) + (6.426 * X1)) - (-158.915)) / (((22.404 * X3) + (2.742 * X1)) - (-77.274))) + ((0.175 * X3) + ((-0.032) * X1))) + (-0.888))) + (((2.681 * X2) - 49.120) / ((((34.860 * X3) + (25.465 * X1)) + ((-23.015) * X2)) - (-223.146)))) + (((((-1164.923) * X2) - (-317.034)) - ((4.845 * X3) + ((-726.666) * X1))) / ((312.547 * X2) - (-1633.503))))))
OperonRegressor,feynman_II_27_16,ok,3,200,0.9999999998346162,0.0011662890381969888,47.0,5059.4428696632385,,(0.000 + (1.000 * ((((((((-0.000) * X2) - (6.789 * X3)) - (14.256 - ((-15.999) * X3))) * (((1.516 + (6.199 * X3)) - ((((-0.000) * X2) + ((-5.045) * X3)) - 49.865)) * ((0.008 + (0.003 * X1)) + ((-0.000) * X2)))) - (7.587 - ((0.001 * X3) + ((-2.935) * X1)))) * (((-0.026) * X2) - (((-0.000) * X3) - (((0.205 * X3) * ((-0.000) * X1)) - 0.069)))) + (-1.038))))
OperonRegressor,feynman_II_27_18,ok,2,200,0.9999999999456416,0.0001878859947487081,53.0,7200.207520723343,,((-0.000) + (1.000 * (((((0.246 * X2) * ((((3.958 - ((-2.388) * X2)) * (0.507 * X1)) - (((-4.278) * X1) - (3.138 * X2))) / (-2.641))) / ((((((-1.997) + (1.146 * X2)) - ((-0.234) * X2)) + ((((-0.132) * X1) + ((-1.333) * X2)) - (((-1.224) * X1) - (-0.816)))) * (((1.179 * X1) - (-1.158)) / ((1.481 * X2) / (0.000 * X2)))) + (-1.866))) - ((-0.407) * X1)) - (0.158 + ((-0.812) * X2)))))
OperonRegressor,feynman_II_2_42,ok,5,200,0.999670498372387,0.13586825999027058,61.0,7200.231949567795,,((-0.002) + (1.000 * (((0.347 * X5) - (((-12.041) + ((((-0.101) * X5) - (-0.009)) * (((((-24.038) * X5) - (-20.236)) * (0.305 * X5)) - (((-7.244) * X5) - (-12.282))))) - (-1.565))) * (((((-0.032) * X5) - (((-11.685) + ((0.008 * X3) + ((-0.006) * X2))) - (4.521 * X4))) * ((((-12.634) - ((5.039 * X1) + ((-3.156) * X5))) - (((((-0.172) * X1) + (0.050 * X5)) * (7.353 * X5)) - (0.008 * X4))) * ((1.450 * X3) + ((-1.457) * X2)))) * (-0.000)))))
OperonRegressor,feynman_II_34_11,ok,4,200,0.9996360680399919,0.0959947754431574,57.0,7200.306211471558,,(0.000 + (1.000 * ((((((((-0.046) * X4) - (-0.121)) * (((-4.917) * X3) + ((4.937 * X3) + ((-8.255) * X4)))) + ((((((-0.767) * X4) - (-1.898)) * ((11.458 * X4) + ((-9.972) * X2))) - (0.013 * X4)) * (((-0.240) * X4) + (((2.123 * X4) - (-6.797)) * ((0.027 * X4) - (-0.032)))))) - 11.102) * ((((0.000 * X4) - 0.006) + ((-0.002) * X1)) * (((4.878 * X3) + 12.508) + (((0.032 * X2) + ((-5.487) * X4)) + (5.403 * X4))))) + (-1.060))))
OperonRegressor,feynman_II_34_2,ok,3,200,0.9999999986040404,0.00036037956567124105,60.0,7200.7694182395935,,((-0.000) + (1.000 * (((((-0.000) * X3) * ((((3.178 * X3) - ((-1.305) * X2)) + (1.680 * X1)) * ((((-1.160) * X1) + (-3.117)) - ((1.124 * X2) + (0.253 * X1))))) - (((-0.000) * X3) + ((-0.538) * X1))) - ((((-1.705) * X1) - 4.431) * ((((((-0.568) * X1) + (-0.000)) - (((-0.121) * X3) + (0.952 * X1))) - ((((0.000 * X1) + 0.017) - (0.100 - (((-0.000) * X2) + ((-0.031) * X3)))) * ((((-0.000) * X1) + (4.019 * X2)) / 2.720))) + (1.520 * X1))))))
OperonRegressor,feynman_II_34_29a,ok,3,200,0.9999999981793226,9.76317936259707e-06,52.0,5396.559799909592,,(0.000 + (1.000 * ((((((0.004 - (0.009 * X3)) - (2.020 * ((-0.957) * X3))) + (((-0.606) * X1) + (((-0.000) * X2) - ((((-3.175) * X1) - 6.667) - (0.071 * X3))))) - (1.995 * X3)) * (((((((-0.599) * X3) + (0.000 * X1)) + (0.021 * X2)) + 0.056) - ((-0.599) * X3)) * ((((((0.006 * X1) - 94.974) + ((-0.002) * X2)) * ((-8.455) * X3)) * ((-0.029) / ((8.340 * X3) - (-21.618)))) + 2.810))) + (-1.263))))
OperonRegressor,feynman_II_34_29b,ok,5,200,0.9999999997969291,0.0031240895916919797,54.0,5650.289498329163,,(0.000 + (1.000 * (((((((0.700 * X3) - (((0.001 * X2) + (-25.141)) / 13.834)) * ((((0.000 * X2) - 38.897) - (0.000 * X3)) - ((14.948 * X5) + (0.000 * X4)))) * ((((-0.000) * X3) - (((-30.062) + ((-0.001) * X2)) / ((12.405 * X2) - (-32.306)))) * (((-1.269) - (0.000 * X3)) - (((-0.000) * X5) + (0.485 * X4))))) + (((-0.001) * X5) + ((0.002 * X2) + (-100.863)))) * (0.009 + (0.004 * X1))) - ((0.000 * X2) + ((-0.359) * X1)))))
OperonRegressor,feynman_II_34_2a,ok,3,200,0.9999999998069931,6.401699609465319e-06,34.0,5991.405040502548,,((-0.000) + (1.000 * ((((0.000 * X1) + (-0.006)) * ((((-71.263) * X1) - ((-0.001) * X2)) - (-38.187))) - ((((((-1.505) * X1) - ((-0.000) * X2)) - 3.905) / (((-0.718) * (6.453 * X3)) - 12.010)) * (((1.242 * X3) + (0.000 * X1)) + ((-1.241) * X2))))))
OperonRegressor,feynman_II_35_18,ok,5,200,0.9922040320268334,0.028047647110654488,60.0,6547.500918626785,,((-0.000) + (1.000 * ((((((-0.431) * X5) - ((-0.080) * X2)) - ((-0.385) - ((-0.101) * X1))) - ((-1.084) * X1)) + ((((((-6.911) * X5) - (24.633 * X2)) + ((((-34.102) * X3) + (34.795 * X4)) + (23.738 - ((-34.391) * X1)))) + ((((-247.692) * X3) - (((-30.025) * X5) - (225.159 * X4))) * (((-0.027) * X4) + ((0.036 * X2) - ((0.016 * X5) - (0.018 * X1)))))) * ((0.002 * X3) - ((0.002 * X4) - ((((-0.003) * X5) - (0.755 * X2)) - (0.012 - (0.758 * X2)))))))))
OperonRegressor,feynman_II_35_21,ok,5,200,0.9874730845638064,0.5652066704833405,61.0,5901.544785737991,,(0.000 + (1.000 * ((((4.894 * X2) + (0.443 * X1)) + ((-0.180) * X4)) + ((((((-9943.044) * X2) + ((-697.600) * X3)) + (443.542 * X5)) / (2338.545 - ((-118.255) * X1))) - ((((((-5107.376) * X2) + ((-3652.487) * X3)) - (9175.940 * X1)) - ((((-1.423) - (0.134 * X1)) + (((0.117 * X2) + (0.099 * X1)) + ((-0.220) * X4))) * ((((2750.173 * X2) + (4779.973 * X5)) + ((-483.177) - ((-5443.085) * X1))) - (3824.889 * X3)))) / ((((-3119.700) * X2) + (2344.640 * X3)) - ((-18596.840) - ((-2361.983) * X1))))))))
OperonRegressor,feynman_II_36_38,ok,8,200,0.9709265794150659,0.19171232989772122,61.0,6345.239825248718,,(0.000 + (1.000 * (((-0.814) - ((((-0.001) * X6) + ((-0.090) * X2)) + ((-0.123) * X1))) - ((0.002 - (((0.000 * X6) + ((0.000 * X4) + ((-0.001) * X1))) - ((-0.000) * X3))) * (((((((-8.675) * X7) + ((5.294 * X8) + (5.355 * X5))) * ((-0.400) * X7)) - (5.971 * X3)) - (((-19.018) - (1.557 * X2)) - ((-6.148) * X4))) * (((4.130 * X4) + ((-1.646) * X1)) - (((((-5.257) * X7) + ((2.436 * X8) + (2.439 * X5))) - (4.214 * X3)) - ((-17.195) - (4.656 * X2)))))))))
OperonRegressor,feynman_II_37_1,ok,3,200,0.9999999957858108,0.0015312444426516165,51.0,7200.032662153244,,((-0.000) + (1.000 * ((((((0.365 * X1) + (((-0.039) * X1) + (0.429 * X2))) - ((((-0.000) * X1) - (0.105 * X3)) * (3.591 + ((1.615 * X2) + (0.891 * X1))))) + ((-0.624) * X2)) - (0.103 * ((-0.768) * X2))) - ((((-0.062) * X3) - (((((0.971 * X3) + (1.797 * X2)) - ((-2.077) + (0.971 * X3))) * ((0.126 * X1) - ((0.462 * X1) * ((-0.079) * X3)))) - (-0.006))) + (((-0.706) * X2) + 0.006)))))
OperonRegressor,feynman_II_38_14,ok,2,200,0.9999999987850646,7.4627678614636634e-06,52.0,7200.1280353069305,,(0.000 + (1.000 * ((((((-0.687) * X2) - (-2.384)) * ((0.244 * X1) - (((-0.041) * X1) + (0.213 * X2)))) + (-0.172)) + (((((0.034 * X1) - ((-3.767) * X2)) * (((0.015 * X1) - (1.686 * X2)) / (2.024 + ((1.452 * X2) - (-3.017))))) * ((((((-0.006) * X2) - (-3.099)) * ((-0.059) - ((-0.690) * X2))) - ((((-70.624) * X2) + (86.158 * X1)) * ((0.000 * X2) - 0.345))) - (-0.199))) * (-0.002)))))
OperonRegressor,feynman_II_38_3,ok,4,200,0.9999999997904897,0.00014393445012235412,53.0,6788.429223060608,,(0.000 + (1.000 * ((((5.075 * X3) - 1.077) + (((((((31.214 * X3) - (31.180 * X4)) - (0.002 * X2)) / ((((-0.000) * X2) - (7.410 * X3)) - 19.260)) * (((-7.703) * X3) + ((7.697 * X1) + (0.000 * X2)))) + (84.355 + ((-32.449) * X3))) * ((0.004 * X2) - (((-0.000) * X3) - 0.011)))) + ((((31.960 - (((-0.000) * X4) - (12.264 * X2))) * (((-0.000) * X2) + ((0.011 * X1) + (0.011 * X4)))) + ((-0.000) * X4)) + ((-5.075) * X3)))))
OperonRegressor,feynman_II_3_24,ok,2,200,0.999999997953086,2.5647883774669185e-06,36.0,5674.897368192673,,((-0.000) + (1.000 * (((-0.000) + ((-39.892) / (((2.407 * X2) - 36.708) + (((-16.476) * X2) + (-0.079))))) * ((2.001 * X2) - (((((-0.132) * X1) + (0.133 * X2)) * ((-0.000) + ((-41.526) / (((3.054 * X2) - 34.668) + (((-15.829) * X2) + 1.813))))) + ((2.300 * X2) + 0.349))))))
OperonRegressor,feynman_II_4_23,ok,3,200,0.9999999998797545,3.653896088403144e-07,40.0,5784.381298542023,,(0.000 + (1.000 * (((0.473 * X2) - ((((((-0.502) * X2) + (0.000 * X3)) - ((((-2.708) - (0.502 * X2)) + (-5.687)) + ((-3.234) * X1))) / (((-10.613) - (4.082 * X3)) - (((0.706 * X2) + (0.000 * X3)) * (5.757 - ((-2.214) * X3))))) - (((-1.151) - (0.000 * X1)) - ((-0.000) * X3)))) + ((-0.473) * X2))))
OperonRegressor,feynman_II_6_11,ok,4,200,0.9946416778297275,0.001481503646755509,59.0,7200.143805503845,,(0.001 + (1.000 * (((0.039 * X4) + ((((-0.041) * X2) + (1.376 + (-1.776))) - (((-0.122) * X3) - (0.023 * X1)))) * ((((0.131 * X2) + ((-1.883) + ((-0.161) * X4))) - ((1.280 * X3) - ((-0.086) * X1))) - (((((-1.690) * X1) + (((4.550 * X2) + (1.903 * X3)) - ((0.491 * X2) + (-25.721)))) * (((-1523.447) - ((2181.933 * X3) - (10.621 * X1))) / (((((-0.426) * X3) + ((-45.020) * X1)) + (-525.323)) + ((11.853 * X3) + ((-172.081) * X4))))) * (-0.022))))))
OperonRegressor,feynman_II_6_15a,ok,6,200,0.9865493425380992,0.042624182578930615,58.0,7200.369269609451,,((-0.001) + (1.012 * ((0.004 - ((0.001 * X3) + (0.000 * X1))) * ((((((-0.066) * X3) - (((-39.406) + ((-15.601) * X6)) * (((-0.004) * X3) + (0.001 * X2)))) * (((49.760 - (14.046 * X1)) * ((0.710 * X3) + ((-0.118) * X5))) - (4.796 * X4))) - (7.827 - (((-0.628) * X2) - (0.918 * X3)))) * ((2.273 * X1) - (((-11.289) + (((((-0.041) * X3) + (0.009 * X2)) - ((-0.004) * X4)) * (162.443 + (((-124.607) * X3) + (16.995 * X5))))) - ((-1.854) * X6)))))))
OperonRegressor,feynman_II_6_15b,ok,4,200,0.961945414413808,0.005772647743085563,59.0,7200.021226406097,,(0.152 + (1.020 * ((((((3.345 + (1.325 * X3)) * ((-5.689) * X4)) + 35.395) + (((76.754 * X4) - ((((-48.723) * X1) + ((54.183 * X3) * ((-1.049) * X4))) + (((-0.818) * X3) + (((-4.329) * X4) * ((-10.539) * X4))))) * (0.264 * X4))) - (8.871 * X1)) * (((((-0.000) * X2) + (0.000 * X4)) + (-0.000)) * ((((1.003 * X2) + ((-2.417) * X1)) - 9.709) + (((((-52.623) * X3) - (-27.311)) * ((0.879 * X3) + ((-0.145) + ((-0.642) * X3)))) - (-25.879)))))))
OperonRegressor,feynman_II_8_31,ok,2,200,0.9999999605625267,0.0025339448310170588,30.0,7200.024049520493,,((-0.000) + (1.000 * ((((0.407 * X1) - 0.157) + (1.102 * X2)) + (((((((-4.496) * X2) * (-0.003)) - ((-16.855) * X1)) * ((((6.463 * X2) * 0.310) - (-10.418)) + (0.001 * X2))) + ((-162.839) - ((-87.601) * X2))) * (0.002 * X2)))))
OperonRegressor,feynman_II_8_7,ok,3,200,0.9999999746552143,1.4185657050629727e-05,51.0,7200.035761833191,,((-0.000) + (1.000 * (((((((-5.430) - ((((-8.774) * X3) + 25.483) - ((-8.369) * X3))) / ((-5.026) - (0.074 * X2))) + (((0.214 * X3) - (((-1.888) * X1) - ((-0.150) * X3))) * (1.246 - (0.018 * X2)))) / ((29.100 - (((-11.223) * X3) + (0.000 * X1))) / ((-0.608) - (0.009 * X2)))) * (((((-6.028) * X1) + 15.044) + (11.890 * X1)) / ((-3.618) - (1.393 * X2)))) - (((-0.000) * X1) + 0.897))))
OperonRegressor,feynman_I_10_7,ok,3,200,0.9999999567677959,0.00025240652477216886,52.0,5349.672736406326,,((-0.000) + (1.000 * (((((-1.830) * X3) + ((3.470 - ((-12.662) - (0.788 * X2))) + (((-0.127) * X1) * ((-48.768) - ((2.380 * X2) + ((-5.540) * X3)))))) * (((-0.040) * X3) + (((((-0.018) * X2) + ((0.622 * X3) + 1.813)) / ((9.197 - (((-12.812) * X3) + (-22.942))) + ((-1.529) * X2))) + (((-2.300) - ((-1.538) * X3)) * (((0.000 * X2) + ((-0.000) * X3)) + 0.026))))) + (0.993 * X1))))
OperonRegressor,feynman_I_11_19,ok,6,200,0.9999998135998361,0.00379948692579154,64.0,7200.19939494133,,(0.000 + (1.000 * (((0.395 * X3) + ((((((0.000 * X1) + (0.791 * X6)) + ((-34.178) * X5)) - ((-0.001) * X4)) * (((-0.004) * X2) - (-0.457))) + ((16.006 * X5) - ((-0.396) * X1)))) + (((((((((-0.006) * X2) + ((-0.001) * X6)) + (-0.058)) + ((-0.253) * X3)) / (((0.000 * X1) + ((-0.000) * X2)) + ((-47.397) / (((-0.001) * X1) + (28.574 * X6))))) - ((-0.395) * X4)) + (0.394 * X2)) - (((-0.004) * X4) * (((41.833 * X1) + (((-0.000) * X3) * 123.054)) + ((-0.001) * X5)))))))
OperonRegressor,feynman_I_12_1,ok,2,200,0.9999999711595771,0.0008635363835765797,23.0,6753.644916296005,,((-0.000) + (1.000 * (((((-0.000) * X2) + (0.022 * X1)) * ((0.162 * X1) - ((((((-12.279) * X2) + ((-5.052) * X1)) + (5.221 * X1)) + (0.363 * X2)) - 30.880))) + (0.684 * X2))))
OperonRegressor,feynman_I_12_11,ok,5,200,0.996058615132981,1.6238199579192818,53.0,7200.3290202617645,,((-0.006) + (1.001 * (((((-0.000) * X5) + 0.000) * ((((((3.001 * X3) + (3.014 * X4)) + (9.413 * X1)) + 1.657) + (9.045 * X2)) - ((((-0.011) * X5) * ((((-39.067) * X3) + ((0.933 * X3) + (-99.006))) - (2.011 * X5))) * (((1.107 * X5) + 59.075) + (22.719 * X4))))) * ((14.669 - ((6.295 * X5) + 58.228)) - ((((0.782 * X1) - (((-0.058) * X5) + (-1.634))) + 0.929) * ((-77.917) - (((-1.654) * X1) - ((-28.625) * X5))))))))
OperonRegressor,feynman_I_12_2,ok,4,200,0.9946790198026931,0.006504720690411523,55.0,7200.2011177539825,,((-0.005) + (1.000 * (((1105.929 * X3) + (((((-726.530) * X2) - ((((-115.625) * X4) - 166.176) - 1592.502)) - (651.313 * X1)) + ((((((-51.877) * X2) + (12.479 * X4)) + ((1248.921 * X3) - (-652.626))) * (0.389 * X4)) + (1609.743 * X4)))) * (((((-0.018) * X1) + ((((-5.367) * X1) + ((2.254 * X2) - 14.957)) / (((-9.949) * X1) + ((((-47.920) * X3) - 147.711) + ((-12.823) * X4))))) / (((-23466.889) * X4) - 52264.387)) * ((31.272 * X2) - (-116.679))))))
OperonRegressor,feynman_I_12_4,ok,3,200,0.9960890287757972,0.001649175843030048,58.0,5872.978544950485,,((-0.001) + (1.000 * ((((0.004 * X2) + 0.017) - (((((-5.432) * X3) + (((-0.103) * X3) * (((-82.354) * X3) + (((-1.735) * X3) * ((-21.749) * X3))))) + ((-9.155) * X2)) * (((-0.001) + ((((-0.000) * X2) / ((5.832 * X2) - (-14.001))) * ((3.966 * X3) + (-6.424)))) + (0.000 * X2)))) * ((((0.199 * X3) * (((-27.919) * X2) + ((14.891 * X3) + ((-13.509) * X1)))) + (((6.782 * X1) + ((-20.005) * X3)) - 19.256)) + ((-12.815) * X2)))))
OperonRegressor,feynman_I_12_5,ok,2,200,0.9999999999646774,3.013780978016058e-05,16.0,7200.198618412018,,((-0.000) + (1.000 * ((11.365 * X2) + (((0.682 * X1) + ((-10.681) * X2)) - (((-0.243) * X2) * ((1.188 * X1) / 1.098))))))
OperonRegressor,feynman_I_13_12,ok,5,200,0.9950607959161717,0.6440606429446153,63.0,6010.480177164078,,(0.008 + (1.002 * (((((((((-10.926) * X3) + (((-19.985) * X4) - 30.325)) * ((-0.256) * X4)) - ((24.189 * X4) + ((-35.937) + ((14.747 * X3) + ((-4.149) * X4))))) * ((((-17.202) * X3) + ((-17.402) * X4)) - ((-132.278) + ((-53.356) * X5)))) * (((((-5.482) * X4) - ((9.638 * X1) + (((-32.592) * X1) - 47.381))) - (((2.309 * X3) * ((-3.706) * X3)) + ((-0.425) * X5))) * (((-0.000) * X2) - 0.001))) + (((-26.484) * X4) - (20.786 * X3))) * (((-0.001) * X3) + (0.001 * X4)))))
OperonRegressor,feynman_I_13_4,ok,4,200,0.9986502899375664,0.9670583601863866,57.0,7200.786864757538,,(0.000 + (1.000 * (((0.375 * X2) - ((((((((-35.266) * X3) + ((-9.551) * X1)) - ((-2.112) * X2)) * ((0.399 * X3) - (0.102 * X1))) + ((-51.645) * X2)) * ((0.003 * X1) + (0.001 * X2))) - ((0.442 * X3) + ((-0.210) - ((-0.733) * X1))))) - (((0.043 + ((-0.007) * X3)) - (2.228 * ((-0.004) * X4))) * (((((-0.036) + (0.049 * X3)) - (1.334 * ((-0.045) * X4))) * ((((-29.120) * X3) - (65.583 * X1)) - ((-0.390) * X4))) - (9.204 * X4))))))
OperonRegressor,feynman_I_14_3,ok,3,200,0.9999999522430673,0.0042249307587213574,56.0,7201.224585533142,,(0.000 + (1.001 * (((((-0.174) * X2) * ((-0.560) * X3)) + (((0.978 / ((-2.104) - (((-0.020) * X1) + ((-0.000) * X2)))) * (((-2.439) * X2) + (((-0.554) * X3) - ((-1.361) - (0.153 - (0.068 * X1)))))) - ((((0.085 * X1) + ((-0.000) * X3)) - (-0.117)) * ((((-2.296) * X2) - ((2.402 * X3) + ((-0.004) * X1))) - (6.020 - (((23.177 * X3) + ((-0.003) * X1)) * ((-0.040) * X2))))))) + (0.308 * ((-2.809) * X2)))))
OperonRegressor,feynman_I_14_4,ok,2,200,0.9999999974272279,0.000645520759154337,25.0,5142.022885799408,,(0.000 + (1.000 * (((((1.000 * X2) - (-2.622)) * (((0.323 * X1) + ((-0.068) * X2)) - ((((((-2.693) * X1) - 8.451) - ((-0.000) * X2)) * (0.047 * X2)) - (-0.123)))) + (0.962 * X2)) * 0.480)))
OperonRegressor,feynman_I_15_10,ok,3,200,0.9999934251921294,0.005424154864668842,52.0,5524.352709054947,,(0.000 + (1.000 * ((((-1.120) + (0.214 * X2)) + ((12.387 + (2.372 * X2)) * (0.087 - ((-0.068) * X1)))) + (((((-0.001) * X2) + (0.001 * X3)) * ((13.797 + (3.549 * X2)) - (0.445 * X3))) * ((-3.010) + (((0.002 - ((-0.004) * X1)) - (0.004 * X3)) * (((73.562 * X3) - (263.941 + 62.383)) - ((((0.680 * X2) + ((-2.127) * X3)) * ((0.790 * X2) + ((-2.535) * X3))) * (((-0.238) - ((-0.138) * X3)) * (44.184 * X3))))))))))
OperonRegressor,feynman_I_15_3t,ok,4,200,0.9999648522799947,0.007139463166896329,60.0,7200.51004576683,,(0.001 + (1.000 * ((((((0.002 - ((((-0.000) * X2) - ((-0.000) * X3)) * ((6.842 * X2) - 2.902))) + (0.001 * X2)) * ((((((-0.011) * X2) - ((-0.007) * X3)) * (((-125.886) * X1) + (266.227 * X4))) - ((-2.534) * X3)) + (((-4.140) * X1) + ((-0.354) * X4)))) * (2.415 + ((-1.195) * X2))) + ((((-0.001) - ((-0.001) * X2)) * (((-12.912) * X2) + (1.326 * X4))) + (((-0.011) * X1) + ((0.001 - (0.001 * X3)) * ((0.002 * X2) - (6.283 * X3)))))) + (0.985 * X4))))
OperonRegressor,feynman_I_15_3x,ok,4,200,0.9998405646848674,0.020287060599133194,59.0,7200.535680532455,,(0.001 + (1.000 * (((((-0.001) + (((0.908 * X1) + ((-0.270) * X4)) + ((-0.030) + (((-0.062) * X2) * (0.828 * X4))))) + ((-0.021) * X3)) - (((((9.361 * X2) + (3.478 * X4)) - (((1.635 + (0.372 * X2)) * (((-0.279) * X3) + ((-0.040) * X4))) * (42.528 * X3))) * ((-0.000) + ((-0.001) * ((-0.257) * X3)))) * (((-0.575) * X4) + ((((34.637 + ((-92.705) * X1)) - ((-190.557) * X3)) * (0.515 * (0.066 * X3))) * ((-0.240) * X3))))) - (0.262 * X2))))
OperonRegressor,feynman_I_16_6,ok,3,200,0.9996545516124125,0.02118830866840178,58.0,7200.934611320496,,(0.000 + (1.000 * ((((((((((-25.015) * X3) - ((-57.590) * X1)) + (-12.344)) - (46.500 * X3)) * ((((0.004 * X2) - (0.000 * X1)) + (-0.019)) * (((25.670 * X1) + (13.937 * X2)) + (14.100 + ((-4.571) * X1))))) - ((-15.596) * X3)) + (((((-7.708) * X3) - ((-72.945) + ((-29.128) * X1))) * ((32.387 + ((-4.979) * X1)) * ((0.047 * X1) + ((-0.058) * X3)))) - (1.062 * X3))) * (((0.002 * X2) - (0.002 * X1)) + (-0.000))) - (((-1.017) * X1) - 0.157))))
OperonRegressor,feynman_I_18_12,ok,3,200,0.9991272571598946,0.21947907407363948,51.0,6730.404656410217,,((-0.011) + (0.995 * (((((((((-0.032) * X3) + (0.002 * X1)) * ((-3.612) - (1.341 * X1))) * ((((-3.679) * X3) + 17.455) * (((0.183 * X2) - (-0.591)) + ((4.303 * X3) + (0.432 * X1))))) - 27.865) - (10.663 * X1)) * ((((-0.009) * X3) + 0.001) + (0.010 * X3))) * (((13.681 * X3) - (2.154 * X1)) + (((0.000 + (0.029 * X3)) + (-0.013)) * (((16.421 + ((741.464 * X2) - (-22.206))) - (-706.633)) - (-651.549)))))))
OperonRegressor,feynman_I_18_14,ok,4,200,0.9998320686842945,0.3351509526061381,47.0,7201.01159787178,,((-0.000) + (1.000 * ((((0.002 * X1) + ((-0.002) * X3)) - 0.062) - ((((-0.000) * X4) - ((((-0.001) * X2) - 0.002) * (((((-12.713) * X3) + (((-0.267) * X4) / 0.924)) - 12.731) - (((-0.002) * X1) - (-20.290))))) * ((((((0.103 * X1) - (-0.254)) - (-0.014)) * (((-5.999) * X4) - 13.513)) * ((0.864 * X4) - 2.117)) * (((-2.462) * X4) - (-0.295)))))))
OperonRegressor,feynman_I_18_4,ok,4,200,0.9999999680995738,0.00015188126703483796,50.0,7200.314327478409,,((-0.000) + (1.000 * ((1.362 * X4) + ((((0.050 * X4) + ((-0.049) * X3)) * ((((26.478 * X1) - (-68.740)) / ((((-0.965) * X2) - 5.520) - (((0.966 * X1) - 0.851) + 0.348))) + (((-0.000) * X4) - (0.000 * X3)))) - ((((0.000 * X4) - (((-0.000) * X1) - (-0.001))) * (((-151.183) + (((-71.667) * X1) - 182.493)) / (((1.322 * X2) - 5.752) - (((1.609 * X1) - 1.701) - (-4.342))))) / (-36.486))))))
OperonRegressor,feynman_I_24_6,ok,4,200,0.9998826705418307,0.15600427666906125,60.0,7200.406717777252,,(0.000 + (1.000 * (((((((-0.150) * X1) - (2.529 * X2)) * (((-1.043) * X2) - (1.115 * X4))) - (((((5.366 * X2) - ((-14.526) * X4)) + (20.315 * X3)) * (((0.140 * X2) + (((-0.094) * X2) - (0.025 * X4))) + ((-0.124) * X3))) + ((((-9.215) * X4) - (15.935 * X3)) - (((15.316 * X2) - (-53.748)) + (0.164 * X2))))) * ((((5.250 * X1) - (((-0.059) * X1) - (((0.214 * X2) - ((-0.514) * X4)) + (0.092 * X3)))) - (-17.538)) * ((0.000 * X4) - (-0.001)))) + (-1.261))))
OperonRegressor,feynman_I_25_13,ok,2,200,0.9999999999555712,5.287849529664541e-06,52.0,3891.333199739456,,((-0.0000000629) + (0.9999996424 * ((((((((-2.9501953125) * X2) + 7.5093879700) * ((((0.4042815566 * X1) + (5.3554029465 * X2)) - ((6.1406450272 * X1) * (-0.2848439515))) * (0.0949289575 * X2))) / (((-0.9627290368) / (-0.0000011670)) / (((-7.3415575027) * X2) + (((-1.8744430542) * X1) - 9.5397930145)))) - (((3.8848981857 * X2) + ((-18.5633602142) + ((-3.8851976395) * X2))) / (1.4970394373 * (2.5489680767 + (0.9795409441 * X2))))) - ((-0.0000127596) * X1)) * ((0.1011972427 * X1) - (((-0.0127998535) * ((-2.5677883625) * (3.7156569958 * X2))) - (-0.0543838367))))))
OperonRegressor,feynman_I_26_2,ok,2,200,0.9993965099544023,0.012366348963764545,55.0,5589.784584522247,,((-0.005) + (1.000 * (((((0.599 * X1) + 0.975) + ((((42.561 * X2) + (22.594 * X1)) * (((0.003 * X2) - ((0.000 * X1) - (-0.000))) * (((-17.622) * X2) - ((-53.629) * X2)))) - (22.006 * X2))) * ((0.003 * X1) - (-0.005))) * (9.504 + (((-0.002) * X2) * ((((((1.489 * X1) + 2.310) * (((-0.125) * X1) - 0.046)) * ((((-3.978) * X2) * (-27.840)) * ((6.946 * X2) + (5.006 * X1)))) + (((-125.311) * X1) - 96.467)) + ((-7.513) * X2)))))))
OperonRegressor,feynman_I_27_6,ok,3,200,0.9992862244700246,0.009473877151985643,64.0,7200.215893507004,,((-0.000) + (1.000 * ((((((-0.003) * X3) - ((-0.001) * X2)) - (0.002 * X1)) - (-0.021)) * (((((((-0.003) * X3) - ((-0.004) * X2)) - ((0.001 * X1) + (0.000 * X3))) - (-0.005)) * (((((((-49.520) * X3) - (7.050 * X1)) - (15.790 * X2)) * (((-0.033) * X3) + (0.090 - ((-0.011) * X1)))) * ((((-96.393) * X3) - (32.938 * X2)) - ((-151.615) * X1))) + (((-895.991) * X2) + (((-1022.858) * X3) - ((-2161.893) * X1))))) - ((((24.343 * X3) - (33.742 * X2)) - (-0.018)) - (-3.190))))))
OperonRegressor,feynman_I_29_16,ok,4,200,0.9501037022971109,0.4280534756879181,60.0,7200.099323272705,,(0.001 + (1.000 * ((((0.065 + ((((-0.001) * X4) * ((23.590 * X3) - (17.361 * X4))) / (-1.538))) - (0.006 * X1)) * ((((((-6.003) * X3) - ((-5.859) * X4)) * (0.326 * X3)) * (((-0.995) * X2) + ((-1.621) * X1))) - ((((27.103 * X3) - (34.947 * X4)) * ((-0.354) * X3)) - ((((-7.890) * X2) + ((-5.917) * X1)) - ((((0.640 * X2) * (6.121 * X1)) - ((-5.558) * X1)) + 42.550))))) - (((((-0.034) * X4) * (8.670 * X3)) + (-1.843)) - ((0.630 * X2) + (0.594 * X1))))))
OperonRegressor,feynman_I_29_4,ok,2,200,0.999999990692667,0.00012893703879080125,34.0,7200.330466270447,,(0.000 + (1.000 * ((((((((-0.002) * X2) + (((-0.000) * X1) - (-7.142))) - 7.142) - (42.793 / (((0.523 * X2) - 5.257) - (3.012 * X2)))) * (((60.818 * X1) + ((-61.117) * X2)) * (((-0.000) * X1) - 0.477))) * (0.001 * X2)) + (((-0.359) * X2) + ((0.358 * X1) - 0.312)))))
OperonRegressor,feynman_I_30_3,ok,3,200,0.6980257055158281,1.4179404018733526,56.0,5573.333027839661,,(0.002 + (1.008 * (((0.298 * X1) - 0.288) + (((((((((-9936.560) * X3) - (989.421 * X2)) - ((-978.732) * X2)) - (6821.862 - (751.078 * X1))) + (((((-0.214) * X1) - (7.142 * X3)) - (44.492 * X2)) * (((101.610 * X2) * ((-0.985) * X3)) - (95.153 * X2)))) * (((((54.325 * X3) * (0.057 * X2)) * ((-7.772) * X3)) - ((-76.376) * X2)) * ((0.009 * X2) - (0.015 - ((-0.003) * X1))))) + ((463.223 * X3) - (2058.560 * X2))) * (((0.000 * X1) - (0.000 * X3)) - (0.000 * X2))))))
OperonRegressor,feynman_I_30_5,ok,3,200,0.9993174451395103,0.0031162206333917647,58.0,7095.227061033249,,((-0.000) + (1.000 * ((((14.329 - (9.180 * X1)) + ((15.178 * X2) + (18.307 * X3))) + ((((-57.169) * X3) + (((4.419 * X2) + (60.561 * X3)) * ((((-0.000) * X2) + ((-0.001) * X3)) * ((12.448 + ((-5.911) * X3)) * ((28.339 * X3) - (3.584 * X1)))))) * (((-23.638) + (5.359 * X3)) * (((-0.005) * X3) - ((-0.002) * X1))))) * (0.002 * ((-10.238) - ((-0.001) * ((-19.515) - ((((-4.209) * X2) + (0.582 * X3)) * (((-379.654) * X2) - (-1284.452))))))))))
OperonRegressor,feynman_I_32_17,ok,6,200,0.956887037876291,0.968004442523217,55.0,7200.159405946732,,((-0.274) + (1.021 * ((((0.000 * X3) + (0.000 * X5)) - (-0.000)) * ((((((-5.979) * X6) * ((167.192 * X6) - (61.879 * X5))) - (((((17.287 * X5) + (14.392 * X1)) + (17.144 * X3)) - ((-23.122) + ((-16.928) * X5))) * ((((14.980 * X5) + (4.386 * X1)) + (8.543 * X4)) + ((12.505 - (25.628 * X6)) + ((-2.631) * X2))))) * (((18.833 * X3) + (((19.511 * X2) - ((-0.439) * X6)) + ((16.386 * X5) + ((-36.351) * X6)))) + (26.668 * X4))) / (-41.263)))))
OperonRegressor,feynman_I_32_5,ok,4,200,0.9929687578483022,0.05954258556031167,55.0,5637.027884960175,,((-0.009) + (1.000 * (((11.367 + ((2.922 * X1) - ((-2.889) * X4))) / ((((-37.490) * X3) - (43.271 * X4)) - 166.428)) * ((((-0.001) * ((((-8.026) * X4) - (10.780 * X2)) - 36.274)) / (103.003 - ((2.690 * X3) - (51.537 * X4)))) * ((((((-289.310) - (59.494 * X4)) - (209.388 * X2)) - (-273.178)) + (493.100 - (((207.920 * X1) + ((-390.163) * X4)) - ((109.153 * X3) - ((-88.817) * X4))))) * (((-7.416) * X4) - ((-26.527) - ((-1.283) * X2))))))))
OperonRegressor,feynman_I_34_1,ok,3,200,0.9999999997993759,2.5169762758198263e-05,48.0,7200.186702489853,,((-0.000) + (1.000 * ((((((5.231 * X1) + (((13874168440346155941888.000 * X3) / 3200009230793517843630522368.000) - ((16.319 * X3) + (0.219 * X1)))) - ((((-8.197) + ((-2.425) * X3)) / ((0.000 * X1) + 6.278)) * ((-8.137) * X2))) - ((-12.135) * X1)) * (((0.000 * X2) - 0.013) - (0.016 + (((((-0.000) * X2) - (-0.003)) - ((-0.002) * X1)) / (((0.010 * X2) - 0.174) - (0.070 * X1)))))) + ((-0.138) - ((-0.648) * X3)))))
OperonRegressor,feynman_I_34_14,ok,3,200,0.9999420279300749,0.012313439442627248,53.0,7200.0267152786255,,(0.000 + (1.000 * ((((((((-0.093) * X1) * (227.201 - (((-115.579) * X2) - ((-395.329) * X1)))) + ((53.438 * X1) + ((0.563 * X2) - (-99.257)))) * (((0.020 * X2) - ((0.198 * X1) + ((-0.207) * X3))) * (((410.103 * X1) + (((-296.411) * X2) - 416.490)) * (((0.000 * X3) - ((-0.023) * X1)) + (((-0.002) * X2) - 0.051))))) + (((-829.005) - ((-174.423) * X1)) - (1290.697 * X1))) / 8538.070) - (((-0.106) * X2) - (0.853 * X3)))))
OperonRegressor,feynman_I_34_27,ok,2,200,0.9999999999368274,6.422175792924713e-06,16.0,7200.030231714249,,((-0.001) + (1.000 * (((0.680 * X1) + (0.752 * X2)) - (((((-0.594) * X1) + 0.158) / (-0.876)) * ((-0.386) * X2)))))
OperonRegressor,feynman_I_34_8,ok,4,200,0.9999999911411449,0.0009684127641591936,42.0,7200.024392127991,,(0.000 + (1.000 * ((((((89.794 - (0.002 * X4)) * (((-0.616) * X3) - ((-0.476) * X4))) - (143.618 - ((-42.724) * X4))) * ((((0.001 * X1) + ((-31.638) * X2)) - ((((-0.001) * X3) - (-82.518)) - (0.000 * X4))) * ((-0.019) + ((-0.007) * X1)))) + (((-47.835) - ((-102.389) * X4)) + 313.499)) / ((-249.224) - (96.077 * X4)))))
OperonRegressor,feynman_I_37_4,ok,3,200,0.9991917579160294,0.08161685727819873,60.0,7200.389915466309,,((-0.000) + (1.000 * ((((-0.039) * X3) - ((((0.003 * X2) + ((-0.001) * X1)) * (((23.942 * X3) * ((-1.786) * X3)) + (((-11.022) * X2) + (22.447 * X1)))) + (((-0.018) * X1) + 1.138))) - (((16.237 * X3) - ((((1.260 * X2) + ((-3.522) * X1)) + (((-0.274) * X3) * ((-5.820) * X3))) * (0.944 * X3))) * ((((-0.012) * X3) * (((0.229 * X3) - (((-1.140) * X2) + (0.166 * X1))) + 1.822)) - (((0.060 * X3) - ((0.004 * X2) + ((-0.000) * X1))) + (-0.017)))))))
OperonRegressor,feynman_I_38_12,ok,4,200,0.9814376430344753,0.19643129768954265,56.0,7200.420360326767,,((-0.002) + (1.001 * (((((((-0.001) * X2) * (((0.398 * X2) - (0.025 * X4)) - (((-0.076) * X1) * (2.766 + ((-3.083) * X1))))) - (0.000 * X3)) * (14.620 - (((-7.416) * X3) + ((-6.653) * X4)))) - 0.022) * (((13.044 - (5.158 * X3)) - ((((0.431 * X3) + ((-6.890) * X1)) - (((14.741 * X2) - (9.024 * X4)) - ((0.058 * X2) * ((47.510 * X1) + (89.222 * X2))))) * (((0.291 * X3) - (0.249 * X2)) + (0.518 + ((-0.066) * X1))))) + ((-2.946) * X3)))))
OperonRegressor,feynman_I_39_1,ok,2,200,0.9999999996911101,0.00013418381718680785,28.0,6303.7748210430145,,((-0.001) + (1.000 * (((0.193 * X2) - (((-0.379) * X2) - (0.677 * X1))) + ((((0.030 / (-132661.281)) * ((233619.922 * X1) - 177886.906)) + (((2.545 * (-0.535)) + ((-0.000) * X2)) * (((-2.356) * X1) - 0.956))) * (0.083 * X2)))))
OperonRegressor,feynman_I_39_11,ok,3,200,0.9999999999233897,2.67921490097091e-05,49.0,5531.311671495438,,((-0.000) + (1.000 * (((((-2.614) * X2) + ((((-0.311) * X3) + (2.684 * X1)) + ((7.554 * X3) * ((((0.000 * X1) - (-0.011)) - ((-0.042) * ((-0.000) * X1))) * (((-11.811) * X2) - ((-0.000) * X1)))))) + (((-1.546) * X3) - (((-1.182) - ((0.060 * (-1.907)) - (0.758 * X3))) + ((-0.045) * X1)))) / ((((0.000 * X3) + ((-2.010) * X1)) + (-2.262)) - 3.526))))
OperonRegressor,feynman_I_39_22,ok,4,200,0.999979266232513,0.04595364412780862,51.0,5354.629818916321,,(0.000 + (1.001 * ((((((-0.003) * X4) - 0.007) * ((((0.474 * X3) * (45.762 + ((-20.538) * X3))) - ((-8.924) - (-54.802))) * ((0.013 * X1) - (-0.034)))) * (((7.773 + ((-1.091) * X3)) - (0.000 * X1)) * (((((0.006 * X3) * ((0.001 * X4) - (7.776 * X2))) - (0.123 * X3)) * (((1.352 * X3) - 17.995) + (((-0.012) * X3) * (23.158 + ((-526.205) * X3))))) + (9.961 - ((-3.826) * X2))))) - (1.075 + (0.000 * X4)))))
OperonRegressor,feynman_I_40_1,ok,6,200,0.9575672918308186,0.1335420710394286,55.0,7200.15355348587,,(0.001 + (1.000 * (((-0.775) - (0.027 * X1)) + ((((4.534 * X4) + (((10.193 * X6) + (16.362 - (6.359 * X2))) + (0.802 * X1))) + (((-6.226) * X5) - (6.061 * X3))) * (((12.923 - ((-4.892) * X1)) * (((0.003 - (0.000 * X1)) - (0.001 * X2)) + ((-0.001) * X3))) + (((((28.238 * X4) + ((-29.455) * X5)) + (-5.076)) + (10.465 * X2)) * ((((((-0.000) * X4) + ((-0.000) * X5)) + (0.000 - ((-0.000) * X1))) + (0.000 * X5)) + (0.000 * X2))))))))
OperonRegressor,feynman_I_41_16,ok,5,200,0.9923949977978159,0.2664412615959272,45.0,7200.243781805038,,(0.001 + (1.000 * (((0.050 * X1) - ((((((((-0.549) * X2) - 1.304) * ((7.377 * X1) + 14.153)) + (4.611 * X5)) * (((-5.375) * X5) + 8.565)) - (((34.557 * X5) + (-3.739)) + (-42.358))) * (0.001 - (((((1.059 * X1) - (3.443 * X5)) * ((6.094 * X5) + 4.633)) - ((3.827 * X1) + ((3.026 * X1) + 18.199))) * ((0.000 * X4) + (((0.000 * X2) - (-0.000)) - (0.000 * X5))))))) - 0.460)))
OperonRegressor,feynman_I_43_16,ok,4,200,0.9999999997874809,0.00014612702104165227,44.0,7200.292116880417,,((-0.000) + (1.000 * (((-0.011) - (0.000 * X3)) * (94.428 - (((((0.000 * X2) - (-8.977)) - ((((-7.175) * X3) + ((-0.000) * X4)) / 2.076)) / (((((-7.862) * X4) - 10.303) - 6.165) - 3.971)) * ((-0.007) - (((-11.669) - ((0.527 * X2) - ((-3.980) * X2))) * ((((-1.048) * X2) + ((1.048 * X2) + (-15.265))) + ((-5.900) * X1)))))))))
OperonRegressor,feynman_I_43_31,ok,3,200,0.9999999760873202,0.0030005687128214736,43.0,5144.829277276993,,(0.000 + (1.000 * ((((((((-1.023) * X2) + (0.014 * X3)) * (-0.000)) - (((-0.000) * X3) - (-2.098))) + ((-0.808) * X1)) * (((-0.255) * X2) + ((-0.255) * X3))) + ((((((((-0.001) * X2) + (((-21.456) * X3) + (0.033 * X1))) * (1.793 * X1)) - (100.049 * X3)) * ((-0.002) * X2)) - ((-0.536) * X1)) + (-0.002)))))
OperonRegressor,feynman_I_43_43,ok,4,200,0.9999999532006577,0.0003404113299466462,55.0,6007.73503780365,,((-0.000) + (1.000 * (((-1.052) + (0.001 * X1)) - (((((((0.007 * X3) / ((0.472 * X3) - (-1.226))) - ((-0.005) * X1)) * (((0.089 * X1) + 139.578) - (((-0.087) * X3) - (53.694 * X2)))) * (((((-0.022) * X3) + (-51.811)) / ((0.176 * X1) - (-0.506))) - (((-0.025) * X1) + 0.051))) + (((-0.062) * X4) + ((85.598 * X2) - (((-0.303) * X3) - 222.163)))) * (((-0.001) * X4) - ((0.000 * X3) + (((-0.000) * X1) + 0.003)))))))
OperonRegressor,feynman_I_44_4,ok,5,200,0.9998076705277482,0.28597439595243257,62.0,6781.948951244354,,((-0.001) + (1.000 * ((((((-0.017) * X4) - ((-0.003) * X5)) * ((((((-10.022) * X3) + (3.319 * X5)) * (((-0.342) * X4) - (7.455 * X5))) + (-2.610)) + (179.678 * X5))) - (((4.245 + (((-0.101) * X4) - (0.708 * X5))) + ((-22.874) * X3)) + (-63.823))) * ((((39.445 + ((15.216 * X2) + ((-0.017) * X5))) * ((((-0.022) * X1) - 0.058) + ((-0.000) * X4))) / ((-11.880) + ((0.001 * X2) + (((-2.593) * X4) - (2.517 * X5))))) * (((-0.044) * X4) - ((-0.044) * X5))))))
OperonRegressor,feynman_I_47_23,ok,3,200,0.9999476349169222,0.004839314200733713,59.0,7200.5160846710205,,((-0.000) + (1.000 * ((((((0.001 * X3) + 0.028) - (((((-0.255) * X3) + (3.072 * X1)) + ((-2.769) * X2)) * (((0.000 * X1) - (((-0.000) * X2) - ((-0.000) * X1))) + (((-0.005) * X3) + ((0.005 * X3) + (-0.001)))))) * (((0.680 * X3) + ((-6.090) - (20.630 * X1))) + (((((-277.336) * X1) - (1690.166 * X2)) - ((-1723.858) * X3)) / (((-1544.650) / 15.262) + ((55.340 * X3) / (-1.625)))))) - (((-1.017) * X1) - (0.006 * X2))) - ((0.024 * X3) + (-0.102)))))
OperonRegressor,feynman_I_48_2,ok,3,200,0.9999995831686653,0.06536826307416968,58.0,7200.169410467148,,(0.000 + (1.000 * (((2.053 * X1) - (-3.915)) - ((((0.173 + ((-0.063) * X3)) + ((((-0.001) * X2) * (0.326 * X3)) + (0.001 * X2))) + (((-0.000) * X1) - (-0.040))) * (((((((-2.525) * X1) - (0.007 * X2)) + ((0.010 * X1) - 6.527)) * ((((-2.909) * X2) * ((-0.000) * X2)) + (0.020 * X2))) + (((((-0.113) * X1) * ((-6.653) * X3)) + ((21.204 + (5.512 * X3)) * ((-0.002) * X3))) + (23.746 + (1.956 * X3)))) - (((-7.311) * X1) - (-4.822)))))))
OperonRegressor,feynman_I_50_26,ok,4,200,0.6300284992818428,1.1901225667851567,62.0,7200.054653644562,,((-0.003) + (0.999 * (((((228.119 * X3) - ((((1070.948 * X2) + 16716.594) / 78.303) + (1.724 * X1))) + (((59.137 * X4) - ((-276.064) * X2)) + (76.105 * X1))) / (((((-24.559) * X2) + ((-6.753) * X3)) * ((50.123 * X2) - 78.063)) + ((2.425 * X1) / ((-0.002) * X1)))) * ((((-2.682) * X3) - ((((-11.491) * X1) / ((-4.098) * X1)) + 0.571)) + (((-0.831) * X2) - ((((-0.003) * X2) + ((-0.003) * X3)) * (((5.545 * X2) + ((-17.192) * X3)) * (((-29.171) * X2) + ((-15.878) * X3)))))))))
OperonRegressor,feynman_I_6_2,ok,2,200,0.9999400139440672,0.0003296180871766237,57.0,6124.658988714218,,(0.000 + (1.000 * (((((((((-13.064) * X2) - (-22.757)) * (((0.557 * X1) + ((-0.292) * X2)) + (-0.848))) + (-41.400)) - ((((-0.080) * X1) + (0.187 * X2)) * ((-26.476) * X1))) * (((((4.464 * X2) * ((0.124 * X1) - 0.096)) * (4.955 * X1)) + (-36.819)) * (((12.817 * X1) - ((13.369 * X2) - 9.861)) * (((-0.007) * X1) + (((-0.003) * X2) - (-0.009)))))) - (428.353 * X2)) * (((6.977 * X1) - (-0.001)) + (((-6.977) * X1) + (0.000 * X2))))))
OperonRegressor,feynman_I_6_2a,ok,1,200,0.9999999796659496,1.0017626716641629e-05,41.0,7200.126217126846,,((-0.000) + (1.000 * (((((1.621 * (-0.696)) + (((-0.439) * X1) + ((-0.308) * X1))) - (((1.329 * X1) * (1.064 * X1)) / (1.551 * (-0.850)))) * ((((-0.052) * X1) + 0.311) + (((0.146 * X1) + ((-0.138) * X1)) * (((0.618 - ((-1.357) + (0.824 * X1))) * ((-0.944) * X1)) - (-0.513))))) + ((-0.710) * X1))))
OperonRegressor,feynman_I_6_2b,ok,3,200,0.9914519581144213,0.005564059774051348,56.0,7200.214116811752,,(0.003 + (1.004 * ((0.002 - (0.000 * X1)) * (((25.147 - ((-0.466) * X1)) - (526.386 * X1)) + ((0.941 * X2) - ((((((57.474 * X3) + ((-26.707) * X2)) * ((-1.425) * X2)) - (17.173 + ((-19.573) * X1))) * ((((-20.674) - ((-3.401) * X1)) * ((-0.398) + (0.032 * X1))) / (4.624 - ((-1.714) * X1)))) - (((((-23.362) - ((-16.443) * X1)) * (4.002 * X3)) * (0.963 * X3)) - (((-9.294) - ((-4.605) * X1)) * ((-0.092) + (0.184 * X1))))))))))
OperonRegressor,feynman_I_8_14,ok,4,200,0.9665852042099197,0.18113180382704902,59.0,5759.235272169113,,(0.001 + (0.998 * (((((-1.162) + ((-0.002) * X4)) - ((((40.403 * X4) + ((-78.303) * X3)) - ((17.400 * X4) + ((-28.168) * X3))) * (((-0.012) * X4) + (0.005 * X3)))) - (((0.011 * X2) - (0.016 * X1)) * ((((((-41.444) * X1) + ((-0.266) * X3)) * (0.543 * X2)) * (0.289 * X2)) + (-0.074)))) - ((-0.871) * ((((((-0.575) * X2) * 49.748) - ((-28.041) * X1)) * (((7.010 * X4) * ((-0.032) * X3)) + (-1.487))) * (((3.268 * X2) * 0.003) - (0.010 * X1)))))))
OperonRegressor,feynman_I_9_18,ok,9,200,0.9938461443350511,0.009634839717459395,54.0,7143.706158876419,,((-0.000) + (1.000 * (((0.454 * X3) + ((-0.032) * X1)) + ((((((14.516 * X2) - (-127.626)) + ((12.122 * X5) + ((-27.619) - (19.906 * X4)))) / (((((1.408 * X7) - ((-20.931) * X6)) + (((-22.353) * X1) - (10.109 * X5))) + (((-20.941) * X9) - (22.294 * X7))) + (303.392 - ((-20.846) * X8)))) - ((0.344 - (0.042 * X4)) + (((-0.026) * X1) - ((-0.028) * X5)))) * (((0.674 * X2) - (-9.108)) + ((1.740 * X3) + (0.049 * X1)))))))
OperonRegressor,feynman_test_1,ok,7,200,0.9420462175038526,2.8386331698612346,59.0,7200.557965993881,,((-0.251) + (0.956 * ((0.002 - ((((((-6.116) * X7) + (2.918 * X2)) * (((-2.849) * X7) + 3.883)) - (((-8.376) * X5) - (6.760 * X3))) * ((((((0.012 * X5) - ((-0.020) * X3)) + ((-0.036) * X7)) + ((-0.020) * X6)) * (((-0.002) * X4) - 0.006)) - ((0.000 * X1) + (0.000 * X7))))) * (((((18.983 * X7) + (22.571 * X6)) * ((0.470 * X6) - 1.442)) - ((((-2.500) * X7) + ((-6.504) * X2)) - ((13.065 * X1) + ((11.156 * X5) - ((-6.645) * X4))))) + (15.562 * X6)))))
OperonRegressor,feynman_test_10,ok,3,200,0.9999933411407456,0.001235497272741757,60.0,6015.2611203193665,,(0.000 + (1.000 * ((((-0.017) * X1) - (((-0.184) * X2) + ((-1.192) * X3))) + ((((((17.198 - (2.620 * X2)) + (0.958 * X1)) + ((((-4.863) * X1) + ((6.106 * X2) + (8.394 * X3))) * ((((-0.058) * X1) - (0.136 * X3)) - (-0.644)))) * ((2.252 + (((0.617 * X2) + ((-8.387) * X3)) - ((-1.202) * X1))) - (2.618 * X1))) + ((2.215 * X3) + ((((-13.511) * X2) + ((-0.967) * X3)) + ((-3.734) * X1)))) * (0.002 + (((0.000 * X3) - ((-0.001) * X2)) - (0.000 * X1)))))))
OperonRegressor,feynman_test_11,ok,4,200,0.9969878347954534,0.0562636466548204,55.0,5902.891870975494,,((-0.000) + (1.000 * ((((-0.352) - (0.396 * X2)) + (((((-0.005) * X3) - (0.057 * X1)) - (0.017 * X2)) * ((-6.876) - ((-1.556) * X2)))) + ((((((((-0.010) - ((-0.016) * X4)) * ((41.208 * X2) + (131.715 * X3))) - (1.443 - (3.420 * X2))) + (((-5.109) * X1) + (-22.200))) * ((41.235 * X4) + ((3.474 * X1) + (51.521 - (3.273 * X2))))) + (203.705 * X4)) * (((0.000 * X4) + (-0.000)) - (((-0.001) * X3) - ((-0.000) * X1)))))))
OperonRegressor,feynman_test_12,ok,5,200,0.999999655100904,0.008509878632680134,59.0,7200.017983913422,,((-0.000) + (1.000 * (((((169.112 + ((((-27.565) * X4) + ((-1.093) + (-1.031))) - ((-20.021) * X2))) * ((0.000 * X3) + ((((-0.000) * X1) + (-0.000)) * (((-0.106) * X2) + (-0.277))))) - ((((((-0.151) * X3) - 0.394) / (((-9.241) * X2) + (-31.160))) * ((3.879 * X4) - (-33.560))) + (0.000 * X5))) * ((0.000 * X4) - ((((-76.851) - (0.001 * X3)) + ((-29.478) * X1)) / (((-11.670) * X2) + (-41.820))))) - (((-0.000) * X2) + 1.037))))
OperonRegressor,feynman_test_13,ok,5,200,0.9801882092271813,0.002157033724421294,49.0,7200.1681435108185,,(0.002 + (1.000 * ((0.553 * X1) + ((((((-67.827) * X5) + 230.836) * ((0.000 * X5) + 0.000)) + (((391.035 * X1) + 1824.602) / (-99974.211))) * (((((-54.642) * X5) + 207.689) * (((0.310 * X5) + 0.181) + (0.072 * X3))) - (((-82.532) - (((450.515 * X4) + (425.144 * X4)) * (((-0.109) * X4) + (((-0.001) * X5) + 0.019)))) * (((0.010 * X1) + ((((-0.119) * X5) + 0.457) + ((-0.132) * X3))) + (0.173 * X2))))))))
OperonRegressor,feynman_test_14,ok,5,200,0.935677654169082,3.348669665691941,44.0,7200.133493185043,,(0.004 + (0.999 * (((((((254.162 * X4) + 314.381) / ((11.265 * X3) - (-24.041))) - (((0.208 * X3) * ((2.887 * X2) - (-4.758))) * (((-8.158) * X2) - (-13.811)))) * ((((0.112 * X3) - (0.756 * X5)) - 1.849) - 0.381)) + 54.109) * ((((((-0.001) * X4) - 0.002) * ((0.678 * X1) - (((-0.134) * X2) - 1.807))) * ((2.285 * X2) - (-2.047))) * ((1.742 * X2) - 1.874)))))
OperonRegressor,feynman_test_15,ok,4,200,0.9834949851626964,0.16259720707505385,61.0,7200.31526517868,,((-0.012) + (1.008 * ((((((((-27.914) * X3) + (((-113.501) * X3) - (((-5.528) * X3) - (-292.935)))) + (((7.831 * X3) + (-80.741)) - (((0.058 * X3) + 0.232) * (((-0.792) * X4) * (2572.792 * X4))))) * (((-0.161) - ((-0.071) * X3)) + (((((-11.038) * X1) + (-2.137)) + (8.990 * X2)) * (-0.005)))) - ((-7.428) * X4)) + (((138.753 * X3) + ((-1.440) * X1)) + 2.208)) * (((-0.000) * X2) - ((((-0.000) * X3) + (-0.008)) + ((0.000 * X4) * (4.305 * X4)))))))
OperonRegressor,feynman_test_16,ok,6,200,0.9973980351406615,1.4517480275388874,54.0,6148.567610025406,,(0.000 + (1.000 * ((((((17.035 * X1) - (74.253 * X4)) + (((((-0.312) * X1) - 0.183) - 0.746) * (((-131.487) * X2) - (((6.204 * X6) - (-123.145)) - (-264.168))))) + (((1.138 * X1) + ((((-0.504) * X6) + ((-6.379) + ((-1.611) * X5))) - ((-0.903) * X2))) * (((6.147 * X1) + ((3.087 * X3) - (6.504 * X5))) - (21.785 * X4)))) * (0.003 - (((((-0.000) * X3) - (0.000 * X5)) - (0.000 * X4)) - (0.001 * X2)))) + ((0.099 * X6) - 1.342))))
OperonRegressor,feynman_test_17,ok,6,200,0.9804860972865863,207.13528260161996,55.0,7200.044068574905,,(0.012 + (1.030 * ((0.002 - (0.000 * X4)) * (((((42.520 * X5) + (26.135 * X1)) - (58.395 * X4)) - 303.112) + (((((((-171.120) * X5) + ((-29.688) * X1)) + (133.920 * X4)) - (532.090 - (((-293.872) * X2) + ((-252.889) * X2)))) * ((802.844 - (((-511.478) * X6) + ((-307.311) * X2))) - (((-203.667) * X5) + (114.169 * X4)))) * (((0.052 * X5) / (7.904 - (((-0.057) * X5) + ((-0.125) * X1)))) - (((0.007 * X5) + (0.000 * X1)) + (0.000 - (0.000 * X4)))))))))
OperonRegressor,feynman_test_18,ok,5,200,0.961351852011339,0.14594906985122613,59.0,7200.077661514282,,(0.000 + (1.000 * ((((((((-109.141) * X1) + (92.268 * X3)) - (((-87.249) * X4) - (-71.636))) + ((((((-81.772) * X3) + (33.173 * X5)) - ((28.286 * X4) - 150.395)) * (((0.002 * X1) + (0.006 * X3)) + ((-0.004) * X5))) * ((((17.319 * X1) + (58.334 * X3)) + ((-8.957) * X5)) + ((-36.375) * X2)))) * ((((-0.001) * X3) + 0.004) - ((0.001 * X1) - (0.001 * X4)))) + ((-0.178) - ((-0.039) * X2))) - ((((0.002 * X1) - (0.174 * X4)) + (0.389 * X3)) + ((-0.075) * X5)))))
OperonRegressor,feynman_test_19,ok,6,200,0.9844094803429329,1.5073611873350146,54.0,7200.241558074951,,(0.001 + (0.995 * ((-0.517) - ((((((30.769 * X3) - ((-45.778) * X4)) - (-114.860)) * ((0.543 * X5) + 0.852)) - (((3.267 * X1) - (46.569 * X4)) + (((11.833 * X2) + (20.571 * X4)) + ((-27.110) * X3)))) * (((((((1.598 * X1) - ((-5.387) * X4)) + 61.980) + ((12.700 * X6) + (((-19.104) * X3) - ((-16.467) * X4)))) / ((((-1.101) * X1) - (0.001 * X4)) + ((3.818 * X1) / ((-1.357) * X1)))) - (-1.156)) * ((0.000 * X6) + 0.000))))))
OperonRegressor,feynman_test_2,ok,6,200,0.9286432767097494,0.538407385826033,57.0,7200.202197790146,,((-0.008) + (1.000 * ((((((((345.600 * X6) - (1215.964 * X5)) + ((5.690 * X3) + ((-2.177) * X2))) * (0.246 * X6)) + (-820.799)) * (((((-6.180) * X1) + (-28.896)) * ((0.004 * X3) + ((-0.002) * X2))) - (((34.586 * X6) - (27.528 * X5)) * ((0.010 * X6) - (0.011 * X5))))) - ((53.954 * X1) + 183.097)) / (((((-93.224) * X3) - (((-14.919) * X2) + (-4.493))) + (((1.354 * X6) - (2.029 * X5)) * (((-25.662) * X6) - ((-40.767) * X5)))) + (-269.308)))))
OperonRegressor,feynman_test_20,ok,7,200,0.9604734472963705,2.6081279344714954,58.0,7200.28658413887,,((-0.074) + (1.006 * ((((2.927 - (2.414 * X1)) * ((0.000 * X1) + ((-0.000) * X2))) * (((((-0.199) - (0.013 * X6)) * ((3.201 * X3) + (21.507 * X1))) - ((-4.987) * X1)) / ((((4.187 * X5) * (-0.672)) - ((-0.508) * X4)) + (-6.216)))) * (((((((-13.372) * X5) + (9.421 * X2)) - (18.864 * X1)) - ((-28.013) * X4)) * (((-2.934) * X4) - (((14.193 * X1) + ((-10.226) * X2)) - ((2.016 * X3) * ((-4.736) * X1))))) / ((-5.206) - (2.576 * X6))))))
OperonRegressor,feynman_test_3,ok,4,200,0.9999419278876807,0.014046315693389131,59.0,5612.221163272858,,((-0.000) + (1.000 * (((((0.154 - (((-0.598) * X1) + (0.626 * X2))) - ((0.001 * X4) - (0.001 * X4))) + (((-0.356) * X1) * (0.504 * X2))) + ((-1.221) * X1)) + ((((((((-2623.067) - (48.421 * X4)) * (((-3.024) * X1) + (58.614 * X3))) - ((-22970.051) - (153747.844 * X3))) * ((((1.340 * X1) + ((-1.271) * X1)) + (6.254 * X3)) - (6.443 * X4))) * (0.002 - (((-0.000) * X1) + ((-0.001) * X2)))) + ((0.911 * X1) - ((-10.619) * X3))) * ((0.000 * X4) - (0.000 * X3))))))
OperonRegressor,feynman_test_4,ok,5,200,0.9985198675881022,0.019129162714786263,63.0,7200.30591917038,,((-0.000) + (1.000 * ((((0.015 * X5) - (0.602 * X1)) + ((-0.105) - (0.174 * X3))) + ((0.358 * X2) + ((((((6.807 * X2) - (((-45.495) * X5) - ((-45.644) * X1))) - (34.557 * X4)) * ((((-1.112) * X5) - (2.070 * X1)) - (-5.690))) + ((((((-38.052) * X2) - (34.403 * X1)) - ((-51.121) * X3)) * (((0.358 * X2) - ((-0.371) * X1)) - (((-0.152) * X4) - (-0.866)))) + (((-198.739) * X5) - ((-133.603) * X4)))) * (((0.000 * X4) - (-0.001)) - ((0.000 * X5) - ((-0.000) * X1))))))))
OperonRegressor,feynman_test_5,ok,4,200,0.9993740997628808,0.07956836162999219,59.0,7200.733793497086,,((-0.000) + (1.000 * (((((-0.471) * X2) - ((((0.000 * X2) - (((-0.000) * X4) + (0.001 * X1))) + ((0.000 * X3) - 0.004)) * ((((1.922 * X2) - ((44.465 * X3) - (76.511 * X1))) + (((-40.105) * X4) - 34.239)) - 7.263))) + (((((18.465 * X2) - (((-3.524) * X3) - ((-22.529) * X1))) + ((3.724 * X4) - (-29.398))) * ((((-0.042) * X4) - ((0.140 * X2) - (((-0.043) * X3) - ((-0.070) * X1)))) - (-0.806))) * (0.007 * X2))) + ((0.020 * X3) - ((-0.568) * X1)))))
OperonRegressor,feynman_test_6,ok,7,200,0.9567691470938736,0.09659262947320926,51.0,7200.631804943085,,(0.000 + (1.012 * (((0.000 * X6) - 0.002) * ((0.004 - ((8.096 * X3) + ((19.081 * X4) + (-236.367)))) - (((0.772 * X6) + (((((36.777 * X7) + ((-49.480) * X4)) + 71.932) - ((24.548 * X3) + ((87.840 * X6) + (29.532 * X5)))) * (((((-0.009) * X6) + ((-0.004) * X5)) + 0.013) - ((-0.008) * X2)))) * ((((-16.114) * X3) + ((((-33.346) * X4) + 49.821) - ((52.250 * X6) + (22.686 * X5)))) - ((39.668 * X1) * (-1.412))))))))
OperonRegressor,feynman_test_7,ok,5,200,0.9997313689889088,0.020282391234147098,60.0,5747.58981180191,,((-0.000) + (1.000 * ((((((-0.001) * X5) - (((0.000 * X2) - (0.000 * X4)) - ((-0.000) * X1))) - (-0.001)) * (((((21.510 * X4) + ((-34.411) * X5)) * ((((0.476 * X5) - ((-0.040) * X1)) - 0.449) - ((0.154 * X3) + ((-0.039) * X2)))) + (((-8.697) * X5) - ((-9.191) * X1))) - ((9.537 * X3) + (((-9.423) * X2) - (-40.071))))) + ((0.669 * X1) - ((((-0.671) * X2) - 0.191) - ((((-12.271) * X2) - ((-13.359) * X1)) * ((0.004 * X2) - (0.004 * X1))))))))
OperonRegressor,feynman_test_8,ok,4,200,0.9983554744398413,0.01827352821396311,61.0,6201.850661039352,,((-0.000) + (1.000 * (((((((0.001 * X3) + ((-0.000) * X1)) + ((-0.001) * X4)) + (0.001 * X2)) * ((((-43.605) * X2) - (((-1.513) * X3) + ((-78.282) * X1))) + ((((0.035 * X2) + ((-0.019) * X3)) + (0.025 * X4)) * (297.571 * X2)))) + (0.138 - (((-0.245) * X2) - ((((-0.128) * X3) + (16.077 * X1)) + (0.396 * X4))))) + ((((((-201.672) * X3) + (39.211 * X1)) + (230.910 * X4)) / (((((-64.497) * X3) + (34.635 * X1)) + ((-35.340) * X4)) - 334.581)) + ((-15.247) * X1)))))
OperonRegressor,feynman_test_9,ok,5,200,0.9773139928012874,1031.3447574190727,57.0,7200.204790830612,,(0.183 + (1.068 * (((((-0.000) * X1) - 0.000) - (0.000 * X3)) * ((((-4.489) + ((((-1.639) * X1) - ((-0.227) * X5)) - ((-1.891) * X5))) * (((((-2.319) * X3) + ((3.477 * X2) - (4.529 * X4))) * (((0.498 * X2) - ((0.347 * X1) - (0.406 * X5))) * (((-5.934) * X2) + 4.168))) - (((-18.515) + (-7.824)) - ((3.294 * X2) - ((-8.151) * X4))))) * ((((0.685 * X3) + 0.664) + ((-0.697) * X5)) * ((4.896 * X5) + ((3.582 * X2) - (4.691 * X4))))))))
OperonRegressor,first_principles_absorption,ok,1,14,-3.103557061484427,2.672958673964965,48.0,3.1248257160186768,,(0.002 + (1.000 * ((((((0.026 + (((6.626 * X1) - (-28.451)) * (0.004 * X1))) * (((-4.280) * X1) - (-15.604))) - (((6.718 * X1) - (-3.828)) / ((0.004 * X1) + ((45.289 * X1) - (-25.957))))) - ((0.004 * X1) / ((6.283 * X1) - ((0.693 * X1) - ((6.283 * X1) - ((45.289 * X1) - (-25.957))))))) - ((0.004 * X1) / ((6.283 * X1) - 1.414))) - ((0.004 * X1) / ((6.283 * X1) - ((0.693 * X1) - 1.414))))))
OperonRegressor,first_principles_bode,ok,1,8,-47.72751807019599,8.481319494228188,45.0,7.123244762420654,,((-0.857) + ((-0.571) * ((((-0.447) * X1) / (((-18.238) * X1) - ((-3.763) - 4.590))) - (((2.568 + ((-0.905) * X1)) + ((-2.479) * X1)) / (((((-0.905) * X1) / ((-11.373) * X1)) + (((0.312 - (0.314 * X1)) / (0.460 * X1)) + (0.318 * X1))) + (((-18.202) * X1) - (((-2.098) * X1) / (((-18.238) * X1) - ((-3.763) - 4.590)))))))))
OperonRegressor,first_principles_hubble,ok,1,32,0.6138400448534345,175.16507066141972,52.0,11.623392581939697,,((-0.000) + (1.000 * (((((((-0.080) * X1) / (8.607 - (5.808 * X1))) - (0.259 * X1)) + ((((-1024.328) * X1) / ((148.651 * X1) + (((-841.441) * X1) - (-124.689)))) - (((((7.737 * X1) + 3.398) * (7.768 * X1)) / ((2012.427 * X1) + (((-345.030) * X1) + 371.021))) + ((610.855 * (0.003 * X1)) / ((14.061 * X1) + 11.087))))) - (((153.408 * X1) + (((-995.260) * X1) - (-20.961))) / (((-673.064) * X1) - (-118.421)))) + (0.984 * X1))))
OperonRegressor,first_principles_ideal_gas,ok,3,30,0.45900854263644264,1.3869893327800547,48.0,13.627066135406494,,(0.001 + (1.001 * (((((72.346 * X1) + (134.060 * X3)) + ((-161.986) - ((51.045 * X3) + (35.296 * X2)))) * ((((-0.003) * X1) + (0.003 * X3)) - ((0.001 * X2) - 0.001))) + (((((((75.544 * X3) - ((57.916 * X2) - (-13.333))) * ((((-9.413) * X2) - 2.558) + ((-15.846) * X3))) - ((-612.281) * X1)) * ((0.078 * X2) - 0.048)) + ((-26.373) * X3)) * (((-0.003) * X3) + ((-0.001) * X1))))))
OperonRegressor,first_principles_kepler,ok,1,6,0.9855202714857366,219.34491381819666,46.0,4.0502119064331055,,((-0.260) + ((-0.014) * (((((-0.709) / (((-0.140) - 3.722) / ((-0.583) - ((0.989 * X1) - ((-0.117) * X1))))) / (((0.941 * X1) * (((-11.497) * X1) - (13.564 * X1))) - (((-11.497) * X1) - (((-11.497) * X1) - (13.564 * X1))))) + ((-0.384) * X1)) + (((((-11.497) * X1) - (13.564 * X1)) * (((-0.652) * X1) + (-1.744))) * (-1.137)))))
OperonRegressor,first_principles_leavitt,ok,1,26,0.2744101129073564,0.6687409235631206,38.0,13.018788576126099,,((-0.000) + (1.000 * ((((0.294 * X1) + (-0.054)) - ((((((-89.198) * X1) + (-60.473)) / (((-25.024) * X1) + (-17.233))) + ((-15.724) * X1)) * (0.006 * X1))) * ((((185.966 * X1) - 96.229) / (((-47.586) * X1) + 23.576)) - ((0.019 * X1) * (((-18.213) * X1) + (3183.486 / ((180.231 * X1) + 7.487))))))))
OperonRegressor,first_principles_newton,ok,3,30,-27.406681476336033,47.263954529064726,45.0,8.439713716506958,,((-0.000) + (1.000 * ((((((-116805.258) * X2) - 17760.326) - 18985.457) / (((212374.422 * X2) - (-67083.203)) + (3448.057 * X3))) + (((-197102.047) - ((190434.906 * X1) - (85016.492 * X2))) / (((((((10458032.000 * X2) - 3476437.250) - ((-0.731) + (6789.564 * X3))) - (5109861.000 - (((-43082416.000) * X1) - ((-15258906.000) * X2)))) / ((79694.727 * X2) - (-23446.789))) - 125077.656) + ((-150772.609) - ((375106.812 * X1) - (58342.270 * X2))))))))
OperonRegressor,first_principles_planck,ok,2,100,0.9999894312960497,0.44749886554594126,57.0,24.52913475036621,,(0.001 + (1.000 * ((((((-15.293) * X1) + (-16.389)) * (((8.557 - ((-22.643) * X1)) / (9.172 - ((-24.309) * X1))) / (((-6.168) * X1) + (7.409 - ((-13.195) * X1))))) - ((1.991 - ((-5.647) * X1)) / (18.240 - ((-20.553) * X2)))) + (((7.769 - 4.862) + ((((-23.232) * X1) + ((-8.158) - ((-0.000) * X2))) / (16.732 - ((-47.652) * X1)))) - (((-0.379) * X1) * (((-0.380) * X1) * ((-0.000) / (((-20.910) * X1) + (-7.330)))))))))
OperonRegressor,first_principles_rydberg,ok,2,50,0.9999603273468652,0.011048053757033698,59.0,8.571781396865845,,(0.000 + (1.000 * (((((193.840 * X1) - (-342.647)) / ((1326.591 - (605.872 * X1)) - ((-688.763) * X2))) - (((-0.262) * X1) - (-0.157))) + (((-0.017) / (((-70.396) * X2) - (((-28.878) - ((-14.300) * X1)) + (28.368 * X1)))) + ((((76.446 - ((-58.806) * X1)) / ((182.968 - ((-60.852) * X1)) - (((-20.170) * X2) - ((207.376 * X2) + ((-52.135) * X1))))) - (((-33.256) / (((-308.989) * X1) * (-29.838))) + ((-38.745) * X1))) / ((39.536 * X1) - (-102.093)))))))
OperonRegressor,first_principles_schechter,ok,1,27,0.9943206540642797,0.27080612518438957,42.0,7.154937982559204,,(0.000 + (1.000 * (((((-0.075) * X1) * (((-12.678) + (((0.607 * X1) - ((-0.057) - 0.479)) - ((0.876 * X1) / (((-0.605) * X1) - 0.301)))) / (-0.999))) + (-0.512)) - (((-0.031) * X1) / ((((-0.004) * X1) / (((-1.079) * X1) - 0.488)) - (((0.410 * X1) - (((-0.710) * X1) - 0.435)) - (((-0.708) * X1) - 0.479)))))))
OperonRegressor,first_principles_supernovae_zg,ok,1,200,0.9998264913219578,0.0035582265533676835,53.0,18.83810520172119,,(0.000 + (1.000 * (((((((-25.421) * X1) / (((((-2.524) * X1) - 6.983) * (1.621 * X1)) - 8.864)) - (((((-6.263) * X1) - (-14.464)) * ((-0.135) * X1)) * (3.703 * X1))) + (-18.776)) * ((((((-13.173) * X1) - 6.391) * (0.012 * X1)) / (((((-3.948) * X1) - 7.139) * (2.776 * X1)) - 14.906)) - ((0.007 * X1) - (-0.003)))) * (((((0.082 * X1) - ((-19.241) * X1)) + ((2.088 * X1) - 23.947)) * (0.123 * X1)) + (-11.034)))))
OperonRegressor,first_principles_supernovae_zr,ok,1,200,0.994244957971381,0.014546251631651212,62.0,16.177382230758667,,((-0.000) + (1.000 * ((((((2.618 * X1) / ((-28.150) + ((-21.919) * X1))) - (((-6.190) * X1) / ((15.531 * X1) - (-25.493)))) - (((((8.739 * X1) - (-4.134)) - (((-10.809) + ((-13.601) * X1)) / ((14.520 * X1) - (-26.723)))) - ((((-0.542) * X1) / ((-15.235) + ((-11.557) * X1))) * ((-13.981) * X1))) / ((15.216 * X1) - (-25.507)))) - (1.041 * X1)) + ((((((-3.566) * X1) * ((-8.969) * X1)) - ((-37.026) * X1)) * (19.937 + ((-6.871) * X1))) * (0.000 * X1)))))
OperonRegressor,first_principles_tully_fisher,ok,1,18,0.8435401439781995,0.4422107340729177,45.0,5.5386857986450195,,((-0.294) + (0.310 * ((((((19.220 / (((29004.258 * X1) + 45579.688) - 1.756)) - ((1.415 * X1) - 2.371)) / (((45.215 + ((-14.372) * X1)) + ((29002.355 * X1) + 45579.688)) + (((29002.355 * X1) + 45581.184) + (8976.380 * X1)))) + (((((-0.001) * X1) / ((1.415 * X1) - 1.756)) - (19.220 / (30367.160 * X1))) - ((28.183 * X1) / (((29004.672 * X1) + 45579.688) + (8976.380 * X1))))) - (0.077 * X1)) * (45.215 + ((-14.372) * X1)))))
OperonRegressor,nikuradse_1,ok,2,200,0.9966664477709637,0.009487917152686341,56.0,49.97964525222778,,(0.000 + (1.000 * (((-1.771) + (((-0.059) * X1) + (5.248 / (5.576 - ((-5.271) * X1))))) - (((((-38.105) - ((-102.579) * X1)) - ((((726.571 - ((-887.325) * X1)) - ((-476.524) * X1)) - (536.155 * X2)) * (0.046 * X2))) * (0.027 * X2)) * ((((((-323.405) - (((-92.775) * X1) + (56.876 * X2))) * ((-0.422) * X1)) - (-122.778)) - ((-9.763) * X2)) / (((754.833 - ((-987.953) * X1)) - ((342.873 * X1) + 260.350)) + (218.218 - ((-90.926) * X2))))))))
OperonRegressor,nikuradse_2,ok,1,200,0.9714918458249864,0.03322445235618043,58.0,57.34188532829285,,((-0.000) + (1.000 * ((((0.000 - (((((-0.353) * X1) * (((-4.545) * X1) * ((-0.984) * X1))) + (1.028 * X1)) * (0.100 - (0.025 * X1)))) / ((-2.043) * X1)) - ((1.543 + ((0.454 * X1) * ((-1.458) * X1))) * (((-1.433) * X1) * ((-0.115) - ((-0.040) * X1))))) * (4.253 + ((((-0.090) * X1) * (13.836 + ((-8.242) * X1))) * ((3.125 - ((((0.026 * X1) * ((-1.756) * X1)) - (0.101 * X1)) * ((0.618 * X1) * (5.376 * X1)))) - ((-1.484) * X1)))))))
OperonRegressor,solar_flare,ok,10,200,-0.3341437578201294,0.7904461353005557,61.0,135.61245560646057,,((-0.003) + (1.001 * ((((((0.070 * X5) + ((-0.179) * X3)) - 0.140) * (((((-843.719) * X1) + ((-54.788) * X6)) - ((384.386 * X2) + (((-157.480) * X4) + ((95.196 * X5) + (308.257 * X3))))) / ((-4598.330) * X9))) - (((-0.135) * X4) + (((0.144 * X1) + (0.009 * X6)) + ((-0.081) * X7)))) / ((1868.880 * X1) / ((((2031.375 * X1) + (78.065 * X6)) + (195.511 * X7)) - ((((9.174 * X4) + (((-39.780) * X5) + (29.689 * X3))) * ((-13.594) + (10.624 * X7))) + (((-59.559) * X5) + (153.962 * X3))))))))
OperonRegressor,strogatz_bacres1,ok,2,200,0.9999998726285353,0.0007787418421301806,55.0,18.190108060836792,,(0.000 + (1.000 * (((((0.000 * X1) + (0.000 * X2)) - 0.000) * ((((-0.890) - ((((0.004 * X2) + ((-0.069) * X1)) * (((-0.764) * X1) - (-3.131))) + (0.249 * X1))) * (((((13.881 * X2) + ((-25.469) * X1)) + (51.078 - ((-60.987) * X2))) * ((2.675 * X1) - (-2.292))) - ((0.003 * X1) / ((1.677 * X1) - (-1.301))))) + (35.830 * X2))) + (((((-0.034) * X2) + (0.013 * X1)) * (((-1.860) * X1) - (-23.074))) + ((-0.837) * X1)))))
OperonRegressor,strogatz_bacres2,ok,2,200,0.9999999741115205,0.00032811186286765224,48.0,21.569721698760986,,((-0.000) + (1.000 * ((((-0.779) * X2) - ((-0.435) * X1)) + (((((23.240 * X2) - (8.641 * X1)) * (((12.888 - (18.493 * X1)) * ((-0.047) - (((-0.087) * X2) - ((-0.046) * X1)))) / (9.510 - ((-1.487) * X1)))) / (((-30.334) * X2) - ((-10.868) * X1))) - ((((11.254 * X2) - (0.068 * X1)) + (((2.580 * X2) - (1.267 * X1)) * (7.946 - ((-0.329) * X1)))) * (0.000 * X1))))))
OperonRegressor,strogatz_barmag1,ok,2,200,0.9995185440931907,0.003874944359968146,60.0,20.825312852859497,,(0.000 + (1.000 * (((((((0.339 * X1) * ((3.019 * X1) + (12.174 * X2))) + ((4.746 * X1) - (-5.713))) + (31.425 * X2)) / ((((-3.197) * X2) + ((0.442 * X1) - (3.153 * X2))) / ((((-0.055) * X1) + (-0.040)) + (0.032 * X2)))) * ((12.434 + (((26.342 * X2) + (-8.265)) / (((-0.169) * X1) + ((-1.859) * X2)))) + ((((-1.235) * X2) + ((-1.808) * X2)) + (1.522 * X1)))) - (((((-0.325) * X1) + (0.705 * X2)) + (((-1.533) * X1) * ((-0.073) * X1))) + (-0.953)))))
OperonRegressor,strogatz_barmag2,ok,2,200,0.9999187110172363,0.0018835841589916636,63.0,28.069002866744995,,(0.000 + (1.000 * ((((-4.210) - ((0.574 * X2) - 4.068)) - ((0.096 * X1) - ((((((666.388 * X2) * ((-0.103) * X2)) + ((-1.795) * X1)) + ((-26.033) * X2)) * (((((-0.113) * X1) - ((-3.480) * X2)) * ((-0.004) * X1)) - (((-0.026) * X2) - ((0.024 * X1) - 0.044)))) + (-2.743)))) + ((((((-1.552) * X2) - ((((-0.052) * X1) + ((-0.023) * X2)) * ((0.754 * X1) - ((-8.506) * X2)))) * (((-4.539) * X1) + (-16.346))) + (12.627 * X2)) / ((-5.848) - ((-10.355) * X2))))))
OperonRegressor,strogatz_glider1,ok,2,200,0.521623831778659,0.5352642473482184,66.0,22.104092597961426,,((-0.004) + (1.009 * (112.148 - (((((((-715.146) * X2) - (-33.486)) / ((-1.639) - (((-3.609) * X2) * ((-3.828) * X2)))) * ((-0.492) * X2)) - ((1.488 * X2) - 139.173)) - ((((-0.368) * X1) + ((((-7.819) * X2) * ((-8.293) * X2)) * ((-0.004) * X2))) - ((((381.932 * X2) - ((-193.833) - (((-23.995) * X2) * ((-8.207) * X2)))) / ((-0.459) - (((-0.904) * X2) * ((-2.824) * X2)))) * ((-0.045) / (((-1.332) * X2) + ((-0.737) - (((-0.546) * X2) * ((-1.148) * X2)))))))))))
OperonRegressor,strogatz_glider2,ok,2,200,0.9206114185036226,0.24309257604658419,54.0,19.105857133865356,,((-0.002) + (1.000 * ((((((-41812.930) * X1) + (((((119.930 * X2) + (78.647 * X1)) * ((0.769 * X2) + (1.485 * X1))) - (422.541 + ((51.154 * X2) + ((-0.700) * X1)))) * ((((53.350 * X2) + (60.807 * X1)) * ((1.096 * X2) + (1.637 * X1))) - (10.728 * X1)))) / (168.752 + (((-6.873) * X2) + (86.329 * X1)))) / 582.151) - (((116.047 + ((21.179 * X2) + (64.225 * X1))) + (-115.907)) + (((-65.500) * X1) - ((5.013 * X1) - (((-21.203) * X2) + (4.940 * X1))))))))
OperonRegressor,strogatz_lv1,ok,2,200,0.9999985031066496,0.00044390493950375513,42.0,17.54507303237915,,(0.000 + (1.000 * (((-0.046) + (((-0.320) * X2) - (((0.002 * X2) - (((-0.697) * X1) + ((-1.409) * X1))) * (0.225 * X2)))) + ((((-0.000) / ((((-0.684) * X1) + ((-2.191) * X1)) - (0.453 * X2))) - (((-0.503) * X2) / (((-0.952) * X2) / (1.832 * X1)))) + (((0.023 - 0.528) + (0.372 * X1)) * ((-1.003) * X1))))))
OperonRegressor,strogatz_lv2,ok,2,200,0.9999998635424348,0.00013381091886800802,41.0,17.23908758163452,,(0.000 + (1.000 * (((-0.206) + (((-1.121) * X2) - (((1.341 * X2) - (((-0.698) * X1) + ((-1.410) * X1))) * (0.394 * X2)))) + (((0.000 / ((((-0.669) * X1) + ((-2.176) * X1)) - (0.447 * X2))) - (((-1.024) * X2) / (((-0.949) * X2) / (1.832 * X1)))) + (((0.022 - 0.530) + (0.000 * X1)) * ((-1.002) * X1))))))
OperonRegressor,strogatz_predprey1,ok,2,200,0.9999972478773486,0.002278732307349315,56.0,19.061825037002563,,((-0.000) + (1.000 * (((-0.720) * X2) - ((0.009 + (((-0.006) * X1) - 0.000)) * (((((((-20.062) * X1) * ((0.010 * X2) + (0.200 * X1))) * (1.569 * X1)) - (((4.246 * X1) * ((-2.897) * X1)) - 36.991)) * ((((-0.133) + ((-10.548) - ((-2.273) * X1))) * ((0.001 * X1) - 0.002)) * (((5.904 * X2) + ((-7.048) * X1)) * ((-4.509) - ((-1.638) * X1))))) + ((-43.762) + (((-100.415) * X1) + (((-9.367) * X2) + (10.642 * X1)))))))))
OperonRegressor,strogatz_predprey2,ok,2,200,0.9999999726406701,0.00024788154250370546,26.0,30.97232437133789,,((-0.000) + (1.000 * ((((((-1.717) * X2) + (2.056 * X1)) / ((1.318 * X1) + 2.135)) + ((0.588 * X2) * ((-0.535) * X2))) - ((((-0.001) * X1) + (-0.664)) - (((-0.891) * X2) / (-2.207))))))
OperonRegressor,strogatz_shearflow1,ok,2,200,0.9709793997083159,0.12332563578326522,51.0,32.15741157531738,,(0.031 + (1.001 * ((((-0.007) * X2) - 0.004) * (((-23.589) - (16.242 * X2)) - (((((((-23.409) * X2) - (-59.739)) * ((-1.111) * X2)) * (((((-91.073) * X2) + 223.341) * (2.543 * X2)) * (0.090 * X2))) * (0.027 * X2)) - (((((774394.062 * X2) + ((-2128.520) + (-2075.502))) / ((85.769 * X1) + (-144.575))) + ((((-37663.793) * X2) - (-256441.953)) / ((115.603 * X2) + (-115.807)))) / ((69.541 * X2) + (-34.118))))))))
OperonRegressor,strogatz_shearflow2,ok,2,200,0.9980518001654733,0.011429247488559934,50.0,39.602057695388794,,(0.003 + (0.999 * ((((20.216 * X1) + 17.850) - (((((19.461 * X2) + (-50.074)) - (51.878 * X1)) * ((0.024 * X2) - (((-0.000) * X1) + (-0.031)))) * (((-7.627) - (0.033 * X1)) + (((56.922 * X1) + (((-14.571) * X2) - (-136.694))) * (0.094 * X2))))) / (((((38.440 * X1) + 28.730) - ((((-34.246) * X2) - (9.918 - (8.165 * X1))) * (0.761 * X2))) / ((-6.376) - ((-27.998) * X1))) - ((-1.596) * X1)))))
OperonRegressor,strogatz_vdp1,ok,2,200,0.9982211613627899,0.07431341683958757,40.0,29.855712890625,,((-0.000) + (1.000 * ((((((0.000 / (4.614 * X2)) + ((0.000 * X2) + 17.416)) * ((((((-0.634) * X1) + (-1.048)) + (-0.154)) * (1.468 * X1)) * (0.061 * X1))) - (-1.203)) / (1.200 * 0.604)) - (((-1.552) * X2) - ((((((-1.979) * X1) + (-3.290)) + (0.000 / (1.582 * X1))) - (3.857 + ((-4.411) * X1))) * 0.027)))))
OperonRegressor,strogatz_vdp2,ok,2,200,0.9999999690132856,1.687252077287741e-05,25.0,19.041110277175903,,(0.000 + (238.077 * (((-0.085) * X1) / (((11.621 * X1) / (((-42.761) - ((211.945 * ((-503.172) * X2)) - (-40.888))) - ((43.584 - (((-128.124) * X2) * 3248.689)) + (((-47.819) * X1) + 41.088)))) + 20.262))))
