algorithm,dataset,status,n_features,n_rows,r2,rmse,complexity,seconds,error,expression
OperonRegressor,1027_ESL,ok,4,200,0.8593020712675263,0.5312510878776496,60.0,49.26006579399109,,((-0.001) + (1.000 * ((((((21.841 * X3) - 13.146) + ((((20.738 * X4) - ((36.981 * X3) - 18.108)) * (((-1.269) * X2) - ((-1.431) * X1))) + ((-29.436) * X4))) / ((5.095 * X4) - (-22.126))) * ((((-0.000) * X2) - (0.001 - ((0.000 * X3) + ((-0.001) * X1)))) * (55.875 + ((((48.084 * X3) + (36.222 * X1)) + ((-15.015) * X4)) + ((-25.298) * X2))))) + ((0.287 * X4) - ((((-12.622) * X2) - (((-12.352) * X2) - ((-0.214) * X1))) + (((-0.289) * X3) - (-0.011)))))))
OperonRegressor,1028_SWD,ok,10,200,0.408612289659794,0.6101870534736281,60.0,130.2665696144104,,((-0.012) + (1.001 * (((((0.251 * X3) + (0.034 * X10)) + (0.065 * X2)) + (0.062 * X4)) + ((0.172 * X5) + ((((((-13.669) * X6) - ((32.968 * X7) + (44.869 * X8))) - (((((-27.666) * X3) - (7.890 * X1)) * (2.471 * X5)) - ((-53.987) * X9))) - ((48.517 * X3) - ((-55.728) * X10))) * (((((0.000 * X1) + ((0.000 * X3) + ((-0.002) * X10))) + (0.000 * X2)) - (0.001 * X5)) - (0.002 - ((((-0.814) * X3) - (1.789 * X10)) * ((0.000 * X1) + (((-0.000) * X3) - ((-0.001) * X10)))))))))))
OperonRegressor,1029_LEV,ok,4,200,0.517957936334386,0.6580427903708661,56.0,108.0575590133667,,((-0.020) + (0.998 * ((((0.164 * X1) + (0.633 * X2)) + (0.284 * X3)) - (((((0.028 * X1) + (((0.002 * X2) * ((1.020 * X1) + (1.746 * X2))) * (((-1.143) * X2) - (3.708 * X4)))) - (0.005 * X3)) - ((-0.034) * X4)) * (((-0.275) * X1) - (7.217 - ((((((-97.515) * X1) + (166.809 * X2)) - ((-175.521) * X4)) + ((-38.937) * X3)) * (((0.001 + (0.101 * X1)) + (0.017 * X3)) + ((((-0.120) * X1) + ((-0.033) * X2)) - ((-0.017) * X4))))))))))
OperonRegressor,1030_ERA,ok,4,200,0.32254278737528796,1.6498554725569428,64.0,58.068408489227295,,((-0.014) + (1.001 * (((0.097 * X4) + (((((-6385.487) * X4) - (((-8475.403) * X1) + ((-498.499) * X2))) + ((((-55.835) + ((-50.245) * X2)) + (32.814 * X4)) * (((-152.587) * X4) - ((353.068 * X2) + ((170452.359 * X2) / ((-2728.925) * X4)))))) / ((((8749847674880.000 * X2) / (4408597282816.000 * X4)) * (((-1063.789) * X1) + ((-666.512) * X2))) - ((((38761.984 * X1) + ((-48769.848) * X2)) + (28920.918 * X3)) - (4249.365 * 23.547))))) - (((((-0.293) * X1) + ((-0.253) * X2)) + ((-0.238) * X3)) + (((-0.004) * X1) + (0.021 * X2))))))
OperonRegressor,1089_USCrime,ok,13,47,0.4373893740692847,27.317617100692196,66.0,12.634089469909668,,((-0.003) + (1.000 * (((((1.763 * X13) - ((-1.140) * X4)) * (((-0.272) * X11) - ((-0.098) * X12))) + ((0.375 * X1) + (((((-0.004) * X11) - ((-0.002) * X12)) * ((((-10.920) - (12.631 * X12)) - (175.345 * X4)) - (108.074 * X9))) - (((1.456 * X11) - (0.165 * X4)) / (((-10.607) * X13) - ((-2.004) * X4)))))) - (((((-0.237) * X8) + (-0.083)) / (((-3.909) * X13) - ((-0.381) * X4))) + (((0.991 * X13) - ((-0.118) * X4)) - ((((-0.294) * X12) + (-0.514)) / (((-2.347) * X13) - (3.097 * X4))))))))
OperonRegressor,1096_FacultySalaries,ok,4,50,0.9998412860094126,0.043229685328346,56.0,11.597963333129883,,(0.000 + (1.000 * ((-0.006) * (((((-0.604) - (17.206 * X4)) + (((-0.604) - (0.007 * X4)) + (((-0.050) * X1) + ((65.491 * X2) + (2.631 + ((-7.378) * X2)))))) + ((-32.217) * X3)) * ((((((0.258 * X2) + ((-7.052) - ((-0.745) * X4))) - (((3.931 * X2) + ((-2.346) * X4)) / ((-0.324) * X3))) * (((((-28.815) * X2) + (12.456 * X4)) + (15.710 * X3)) - (((11.390 * X2) + ((-4.459) * X4)) / (3.499 * X3)))) * (-0.042)) - 17.782)))))
OperonRegressor,1191_BNG_pbc,ok,18,200,0.29978965413452285,923.3642982945145,40.0,7201.886779785156,,(0.022 + (1.100 * ((((((-0.330) * X11) - (-3.763)) + (((((-2074.927) * X1) + (283.709 * X6)) + (885.936 * X18)) / (-929.170))) / (-10.517)) + ((((0.232 * X1) + (0.128 * X6)) - ((((0.241 * X11) - ((-0.178) * X12)) * 0.215) - (((0.765 * X7) + (1.242 * X1)) * 0.099))) - (((-0.338) + ((-0.283) * X11)) + (0.175 * X9))))))
OperonRegressor,1193_BNG_lowbwt,ok,9,200,0.595124853104308,462.5339942062492,58.0,2508.9837810993195,,(0.000 + (1.000 * (((-0.027) + (0.018 * X1)) * ((((((-37.209) * X1) - 21.231) * ((-13.283) + (0.345 * X9))) - (((-3.601) * X5) + (27.091 * X8))) + ((((-19.657) / (((-0.296) * X3) + (1.274 * X1))) + ((4.387 * X3) + (25.653 * X6))) - (((((-19.280) * X5) / (((-85.998) * X5) + ((-3.506) * X8))) - (((-3.068) * X4) - (113.211 / (8.999 * X1)))) - ((851.674 / ((-494.146) * X9)) - ((0.053 * X1) * (((-121.108) + (679.763 * X8)) + ((-735.709) * X6))))))))))
OperonRegressor,1196_BNG_pharynx,ok,10,200,0.43312215770648954,313.8560137916516,52.0,7203.5930190086365,,((-0.000) + (0.998 * (((((((-0.099) * X10) + ((-0.149) * X6)) - ((-0.153) * X10)) + ((-0.107) * X8)) + ((((86.014 - ((-54.350) * X1)) * ((-0.368) * ((-0.066) * X10))) + (4.471 - (0.403 * X5))) * (0.053 * X10))) + ((((((((-8.961) * X9) + ((-72.913) * X10)) + (1.064 * X8)) + ((-17.172) * X8)) / ((-247.506) * X9)) + (0.737 - ((-0.012) * X5))) / ((-2.005) - ((-3.630) * X10))))))
OperonRegressor,1199_BNG_echoMonths,ok,9,200,0.44552610884730903,11.94498382867778,63.0,2174.162347793579,,(0.000 + (1.000 * ((((((-2625177496191840026624.000) + ((5677177656928370688.000 * X2) + ((-1227452841477596512256.000) * X9))) + ((((638194125670581272576.000 * X8) + ((-506698445963082596352.000) * X1)) + ((493793662705829150720.000 * X5) + (312898456082540658688.000 * X8))) + (((789692965335511072768.000 * X5) + (592438749725148053504.000 * X1)) + ((8920477474123415552.000 * X3) + ((-571890865319037632512.000) * X8))))) + ((((-1271627805797543575552.000) * X5) + (711917770095659581440.000 * X1)) + (((-745249192412805332992.000) * X1) + (1247752816797969022976.000 * X9)))) + (((-372500676847905800192.000) * X8) + 2594129117410794405888.000)) / ((((((-1707453184689045504.000) * X7) - (((-974590201869369344.000) * X3) - ((-10958625685857370112.000) * X9))) + (((-6669518237077602304.000) * X5) + (59863592271473541120.000 * X1))) + (((-5696375129949339648.000) * X3) - ((-350552619359404032.000) * X3))) + (-142923071180742066176.000)))))
OperonRegressor,1201_BNG_breastTumor,ok,9,200,0.10986656304570552,9.758269672321198,62.0,7200.342900276184,,((-0.003) + (0.996 * (((((-13.497) - (32.051 * X7)) / (((-80.360) + ((-37.833) * X6)) - (176.489 * X7))) - (((-0.399) + (((-0.520) * X1) - (6.187 * X5))) * ((-0.032) * X5))) + (((((((-26.065) * X4) + (5.018 * X8)) - (44.073 * X5)) / ((((-274.385) * X4) + (96.362 * X9)) - (49.065 * X9))) - (((((-12.661) * X4) + ((-2.417) * X8)) - (7.682 * X5)) / ((((-291.077) * X4) + (181.209 * X9)) - ((2.243 * X1) - (6.777 * X5))))) + ((-30.430) / ((-340.512) - ((-233.635) * X7)))))))
OperonRegressor,1203_BNG_pwLinear,ok,10,200,0.602556044533239,2.8223007156862217,57.0,7200.927468299866,,((-0.005) + (0.987 * ((((((((-3.644) * X3) - 119.178) + (((-0.564) * X9) - ((-40.419) * X1))) * (((0.828 * X8) + (((-248.179) * X1) + (5.951 * X5))) - ((81.110 * X3) + ((-4.028) * X4)))) - (((2042.138 * X6) + (632.622 * X7)) - (((((15.879 * X3) - 19.615) + ((40.126 * X5) + (335.913 * X1))) - ((-22.674) * X2)) * (((62.440 * X1) + ((-13.315) * X5)) - ((60.799 + (4.230 * X6)) - ((5.841 * X1) + (9.363 * X3))))))) / (-11233.487)) - (((-0.895) * X3) - 1.282))))
OperonRegressor,1595_poker,ok,10,200,0.04751628611450209,0.7545939019802345,37.0,7201.195064067841,,(0.012 + (1.002 * (((((-0.050) * X2) + (((((29.056 * X2) * (0.267 * X10)) + (((-1.789) * X6) * (((-4.141) * X10) + ((-4.250) * X2)))) + ((0.779 * X2) - ((((-2.981) * X2) + ((-2.926) * X10)) * ((2.525 * X4) - ((-2.504) * X8))))) * 0.127)) * 0.090) - ((0.701 * X1) * (0.028 * X10)))))
OperonRegressor,192_vineyard,ok,2,52,-0.055231433534598695,5.07322940753491,53.0,8.251061201095581,,((-0.000) + (1.000 * ((((((86.022 + ((95.774 * X2) + (104.493 * X1))) / ((438.521 * X2) + ((371.304 * X1) - (-351.383)))) + ((-28.767) - ((-0.204) * X1))) + (((((-6.181) * X2) + (3.313 * X1)) / ((80.658 * X2) + ((22.337 * X1) - 81.096))) - ((0.499 * X2) - (((114.861 * X2) + ((33.296 * X1) - (-11.229))) / ((594.937 * X1) - (-32.580)))))) - (-29.645)) + ((((-230.971) * X2) + 476.664) / ((3.019 - ((-1.109) * X1)) / (-0.006))))))
OperonRegressor,197_cpu_act,ok,21,200,0.9782521665164392,2.70334007348537,65.0,1068.9748768806458,,(0.000 + (1.002 * (((((-115187.125) * X1) - (((-571.202) * X21) * ((-641.837) * X17))) + (((10416.669 * X21) * ((-736.751) * X19)) + ((((((-838431.188) * X21) - ((178160.844 * X16) - ((-5109798.500) * X19))) - (17033.037 * X15)) + (((-542931.125) * X18) - (85736.789 * X7))) - ((((-148172.312) * X20) - (((-118391.562) * X7) - (81696.453 * X9))) - (((-461136.000) * X3) + (((-427075.125) * X17) - (77109.492 * X9))))))) / ((((-3200378.750) * X19) - ((((792.445 * X21) * ((((-0.579) * X21) - (403.312 * X19)) - 1336.090)) + ((-28842.062) * X9)) - 3090684.000)) - ((-83759.484) * X21)))))
OperonRegressor,201_pol,ok,48,200,0.8174253541253533,17.95431869638042,58.0,1914.5037393569946,,(0.004 + (1.002 * (((((((((-0.016) * X5) + 0.016) / (((-285.605) * X5) + (-1278.578))) * ((((-1457.116) * X6) - (685.721 * X8)) + ((1632.353 * X5) + 3088.399))) + ((-0.008) * X8)) - ((-0.012) * X9)) * ((((((-0.003) * X5) + (((-0.003) * X5) + (-0.012))) * ((((-726.100) * X5) + 1688.974) + ((((-427.267) * X6) - (181.239 * X8)) + ((-738.207) * X7)))) * (((((-0.263) * X6) - ((0.546 * X5) + (0.083 * X9))) - (0.237 * X8)) + 0.918)) + (0.051 * X7))) - 0.621)))
OperonRegressor,210_cloud,ok,5,108,-6.253085757402503,3.307036337156231,64.0,27.93840217590332,,((-0.005) + (1.001 * ((((((-0.539) * X4) + (0.286 * X1)) - ((-1.018) * X2)) / (((11.713 * X4) + ((-9.607) * X1)) - ((-39.515) * X3))) + (((((0.449 * X4) + (0.074 * X1)) - ((-0.032) * X2)) - ((((-1.020) + (((1.201 * X4) + ((-1.339) * X1)) - (0.870 * X3))) - (0.363 * X5)) / (((9.694 * X4) + (10.946 * X1)) - ((-27.561) * X2)))) + ((0.162 / ((((-1.225) * X4) + ((-3.047) * X1)) - ((-2.865) * X3))) + ((((-0.163) * X5) / ((12.077 * X5) + (4.768 * X2))) - ((-0.545) * X3)))))))
OperonRegressor,215_2dplanes,ok,10,200,0.9485783043535947,0.9943348391211865,50.0,5206.581839323044,,((-0.000) + (1.000 * ((((((((0.001 * X3) - (148.151 * X1)) - 0.696) - (0.632 * X5)) - ((((0.000 * X3) - (0.044 * X1)) + 148.145) - (((-0.052) * X7) - (0.158 * X6)))) * (((((-0.002) * X2) + ((-0.001) * X4)) - ((((0.001 * X3) - (1.792 * X1)) - (-1.783)) - ((-0.006) * X5))) - ((0.000 * X7) - ((-0.001) * X6)))) + ((((-14.843) * X6) * 0.013) + ((0.001 * X2) + (0.001 * X4)))) - (1.707 * X5))))
OperonRegressor,218_house_8L,ok,8,200,0.5768197016613392,33091.54168344813,63.0,2246.7010629177094,,((-0.039) + (1.003 * (((((0.026 * X2) + ((-0.026) * X7)) * (((0.993 * X2) + ((-0.872) * X8)) - 22.579)) + ((0.599 * X3) - (-3.812))) * ((0.064 * X3) + ((((((0.049 * X2) + (0.029 * X7)) * ((((-21.417) * X3) - ((-10.237) * X8)) + (((-42.079) * X5) + (7.596 * X7)))) + 29.286) * ((((-0.000) * X2) + ((-0.000) * X7)) * ((((2.692 * X2) + ((-1.365) * X7)) + (((-1.319) * X8) + (-30.795))) + (((-0.886) * X2) + ((-0.027) * X7))))) + ((0.069 * X2) + ((-0.248) * X7)))))))
OperonRegressor,225_puma8NH,ok,8,200,0.6808342382280916,3.1941001457509905,57.0,504.2868571281433,,((-0.001) + (1.000 * (((-0.117) - ((((6.530 - ((-0.197) * X3)) + (2.558 * X2)) + ((-2.448) * X2)) * ((((-0.000) * X2) * ((-0.899) * X2)) + (((-0.018) - ((-0.001) * X3)) + (0.000 * X2))))) * (((((1078.026 - (791.667 * X3)) + ((-407.317) * X2)) * (176.952 - ((-218.342) * X3))) * (((-0.006) - ((-0.002) * X3)) + ((0.006 - (0.001 * X3)) + (0.003 * X2)))) + (((-36.091) * ((-27.537) * X2)) + ((166.559 - ((-1080.496) * X3)) + 203.202))))))
OperonRegressor,227_cpu_small,ok,12,200,0.9682321015553466,3.2672842979599825,63.0,911.5370376110077,,(0.000 + (1.000 * (((-0.034) * X9) - (((((((-0.013) * X8) + (0.379 + ((-0.082) * X11))) + (((-0.001) * X12) * ((-42.148) * X12))) - (((((0.000 * X8) + (0.014 * X12)) - ((-0.004) * X5)) - (((-0.015) * X7) - (0.027 * X3))) + (((0.000 * X3) * ((-108.206) * X12)) - ((-0.042) * X6)))) * (((((-4.956) + ((-0.285) * X11)) - ((0.038 * X12) * ((-18.421) * X12))) - (((-0.189) * X6) - ((0.100 * X1) + (0.017 * X5)))) + ((0.086 * X3) - (0.210 * X12)))) - ((-1.676) + (0.331 * X11))))))
OperonRegressor,228_elusage,ok,2,55,0.6703998305581501,12.789727418073383,53.0,13.331700325012207,,(0.009 + (0.998 * ((((((-13.494) + (5.913 * X2)) / ((-540359.562) * X1)) + (0.000 * X2)) + (((-0.002) * X1) + (-0.000))) * (397.428 + ((((((-210.482) * X2) + ((-656.867) / ((19.803 * X1) - (-26.316)))) + (((-33.219) * X1) - (-21.366))) / ((-2.369) - ((20.310 * X1) - (-19.208)))) + ((155.583 / (1.271 * X1)) + ((((13.886 * X1) + 334.211) / ((((-12.117) * X1) + (-24.878)) + (10.754 * X2))) + ((-148.892) * X1))))))))
OperonRegressor,229_pwLinear,ok,10,200,0.875990126269738,1.4619827132268535,59.0,22.26954936981201,,(0.000 + (0.999 * (((((-0.030) * X9) + (0.139 * X7)) + (((232.526 * X6) / ((((-5299.848) * X3) + ((-17165.602) * X1)) - ((1417.224 * X7) - ((2200.550 * X1) - (7405.789 * X8))))) + ((((0.335 * X5) + (0.245 * X6)) - (((-0.022) * X5) + (-0.078))) - ((((-0.171) * X3) + ((-0.501) * X1)) - (0.253 * X2))))) - ((((99.190 * X3) - (170.650 * X6)) - ((76.237 * X5) + (-504.979))) * ((20.774 * X1) / (10029.247 + (((-1649.362) * X6) + ((((-341.205) * X5) + (502.113 * X7)) - (2007.444 * X2)))))))))
OperonRegressor,230_machine_cpu,ok,6,200,-36.27252710207003,715.2213017865038,60.0,21.74230694770813,,((-0.000) + (1.000 * (((((((16.328 * X2) - (-47.673)) - ((3.568 * X3) - (22.682 * X4))) * (0.006 * X3)) - ((-0.228) * X4)) - 0.154) - ((((0.000 * X5) - (0.008 * X2)) * ((((((-0.494) + ((-0.000) * X2)) - ((-0.502) * X4)) - (1.592 * X6)) - ((-0.662) * X4)) * (((((85.393 * X6) * ((-0.018) * X4)) - ((-7.541) * X4)) * (((4.557 * X3) - (((1.380 * X5) - (-1.442)) + (-1.746))) - (1.714 * X4))) - ((-3.158) * X6)))) + (((-0.037) * X5) - (0.145 * X2))))))
OperonRegressor,294_satellite_image,ok,36,200,0.8265331986570629,0.9330444799144781,62.0,451.41340804100037,,(0.001 + (1.000 * ((-1.281) - ((((0.005 * X5) + (((-0.000) * X20) - (0.008 * X6))) - (((8.526 * X17) - (-17.334)) * (((-0.001) - (((-0.000) * X15) + ((-0.000) * X23))) + ((-0.000) * X9)))) * (((5.694 * X27) - (((-26.567) * X5) + ((25.091 * X20) - ((-53.716) * X6)))) - (((-0.517) * X13) + ((0.045 - (((-0.023) * X5) + ((0.024 * X20) - ((-0.052) * X6)))) * ((((-6.063) * X5) + (((-8.737) * X17) - (-32.777))) * (57.946 + ((1.818 * X20) - ((-18.033) * X6)))))))))))
OperonRegressor,344_mv,ok,10,200,0.9991612669863756,0.30214992892542475,56.0,3433.770142555237,,(0.000 + (1.000 * ((((0.002 * X8) - 0.006) - ((-0.000) * X6)) * ((((((-40.416) * X1) - 49.941) + ((((-0.011) * X1) + (10.955 * X6)) * ((5.809 * X8) - 8.555))) - (((((((15.378 * X1) + (32.006 * X6)) * (30.244 * X6)) * ((-0.237) * X4)) + ((((-6.381) * X1) + ((-11.620) * X6)) * (19.143 * X6))) + ((((-30.595) * X1) - 57.904) * ((5.654 * X8) - 2.582))) * ((0.001 * X6) + ((0.018 * X4) - (0.028 * X8))))) + (((-23.687) * X6) + ((-144.266) * X8))))))
OperonRegressor,4544_GeographicalOriginalofMusic,ok,117,200,0.7959535492572299,0.4283722374525101,61.0,78.37565851211548,,(0.000 + (1.000 * ((((((-61.876) * X45) + (((((-64.734) * X99) - (-191.536)) + (((-45.662) * X99) - ((-326.088) * X42))) - ((33.854 * X43) + ((-103.621) * X100)))) * (0.000 * X98)) + (0.929 * X41)) + ((((-0.041) * X48) + (-4.164)) - ((((-0.001) * X102) - (((0.000 * X62) - (0.001 * X41)) + ((0.000 * X71) - ((-0.013) - (((-0.001) * X43) + (0.001 * X100)))))) * (((-13.268) * X45) + ((((17.866 * X99) - (-308.717)) + (((-6.034) * X62) - (70.404 * X41))) - ((-48.018) * X42))))))))
OperonRegressor,485_analcatdata_vehicle,ok,4,48,0.9061321299078535,87.15278241443934,59.0,12.449554920196533,,((-0.000) + (1.000 * ((((((-9.131) - ((-4.959) * X1)) / (68.438 + (2.991 * X3))) * ((-1.591) * X2)) + (((-0.080) * X3) + (((((-0.685) * X1) + (-0.070)) - (0.129 * X4)) - (((((-4.463) * X3) - (3.402 * X1)) + 6.739) / (((-10.775) - ((-9.656) * X3)) - (47.575 * X4)))))) - (((((434.931 - (6.354 * X3)) - ((-321.995) * X4)) * ((-0.256) * X2)) - (114.388 * X4)) * (((((-0.024) * X1) + 0.057) - (0.023 * X4)) / ((-10.480) - ((-26.892) * X3)))))))
OperonRegressor,503_wind,ok,14,200,0.7767671168932248,3.16796945726088,58.0,761.485368013382,,(0.000 + (1.000 * ((((((-6.659) * X5) + ((-28.699) + ((-7.325) * X9))) / (((-74.531) * X2) + 159.388)) + ((0.165 * X1) + ((((-11.147) * (0.109 + (0.003 * X2))) * ((((0.121 * X14) - (0.279 * X12)) + ((-6.596) * X2)) - (((1.683 * X14) - ((-1.133) * X12)) - ((0.800 * X13) - ((-0.131) * X9))))) - ((7.816 * X2) - ((-1.454) * X12))))) - (((1.732 * X14) - ((-0.090) * X12)) - (((0.218 * X10) + (1.518 * X13)) - (0.001 * ((130.971 * X6) + ((-173.032) * X14))))))))
OperonRegressor,505_tecator,ok,124,200,0.9981863051686622,0.6297115521076003,57.0,25.361423015594482,,(0.000 + (1.000 * ((((((((0.688 * X31) - (0.466 * X32)) - ((-0.132) - ((-0.175) * X75))) - (((-0.005) * X124) + (0.126 * X23))) + (((0.493 * X99) - ((1.699 * X60) + ((-0.031) * X123))) + ((-0.660) * X92))) - ((-1.947) * X64)) * ((((152.188 * X45) + (((-63.343) * X92) + ((-162.109) * X46))) + 33.368) - (56.828 + ((-75.193) * X87)))) + (((((2.213 * X45) + ((6.992 * X99) + 18.681)) + (35.536 * X62)) - (15.474 + (10.743 * X87))) - ((33.930 * X60) + ((-0.313) * X123))))))
OperonRegressor,519_vinnie,ok,2,200,0.7716823713608348,1.6629075999546667,61.0,34.418184757232666,,(0.011 + (1.000 * (((0.002 - ((-0.002) * X2)) * (((((((-155.350) * X2) - (363.119 * X1)) / ((-121.160) - ((-84.742) * X2))) + ((((2858.380 * X2) - (3839.681 * X1)) / (((-44.701) * X1) - ((-69.574) * X2))) + (((-244.487) - ((-3992.092) * X2)) / ((-92.343) * X1)))) / (10.639 * X1)) + ((10.687 / ((5.649 * X1) + ((-3.759) * X2))) - (((((39.150 * X1) - ((-15.578) * X2)) / ((1.150 * X1) + (0.592 * X2))) + ((-24.614) * X2)) / ((-3.270) / (2.539 * X2)))))) - ((-0.914) * X2))))
OperonRegressor,522_pm10,ok,7,200,-0.5615340218847773,1.1230160632688264,59.0,56.852445125579834,,((-0.000) + (0.999 * (((-0.301) - ((((((-0.296) * X3) + ((0.299 * X3) + (0.217 - (0.135 * X2)))) * (((1.868 * X3) + ((-0.524) * X1)) - ((-56.260) + ((-33.332) * X4)))) - (15.057 * X1)) * (((-0.032) * X4) + ((((((-0.221) * X1) + (0.079 * X5)) * ((10.349 * X7) + (-32.364))) - ((1.125 * X4) + 8.847)) * ((((-0.000) * X6) + ((4.766 * X3) / ((-5015.622) * X6))) - ((0.001 * X4) + ((0.001 * X3) + (0.000 * X1)))))))) - (((-0.557) * X1) + (0.072 * X5)))))
OperonRegressor,523_analcatdata_neavote,ok,2,100,0.9010494806308761,1.165229353636172,43.0,12.530269145965576,,(0.000 + (1.000 * (((((1.295 * X1) / (-0.547)) - ((-0.770) * X1)) + ((0.466 * X1) + (((-0.071) * (((-0.626) * X2) + ((-1.819) * X2))) - (((-0.237) - ((-0.234) * X2)) / ((1.225 * X1) * 0.867))))) - (((((1.251 * X1) / ((0.265 * X2) + (-0.101))) - (0.009 * X2)) * (0.031 * X2)) * ((0.605 * (1.856 * X2)) / ((-1.624) * X1))))))
OperonRegressor,527_analcatdata_election2000,ok,14,67,0.9937445730288785,8933.894533531413,66.0,12.690781354904175,,(0.000 + (1.000 * (((((((-0.013) * X4) - (0.031 * X6)) + (1.791 * X10)) + ((((-14.434) * X11) + (9.040 * X1)) / (((4138.555 * X11) + ((-1086.216) * X1)) - ((11024.775 * X4) - (9904.088 * X6))))) + (((-0.036) * X3) - (((((-4.835) * X10) + ((3.307 * X1) - ((2.610 * X14) + ((-4.327) * X11)))) / ((((-129.560) * X11) + (51.082 * X1)) - ((180.442 * X14) + ((-368.642) * X2)))) - ((((-0.087) * X4) - (0.501 * X1)) / ((((-512.000) * X11) + ((-3.429) * X1)) - (((-732.623) * X4) - ((-1189.076) * X6))))))) + ((-0.776) * X1))))
OperonRegressor,529_pollen,ok,4,200,0.7823487992180537,1.4412059753140312,54.0,421.7995226383209,,(0.001 + (1.002 * (((((-0.069) * X3) - (1.213 * X4)) + ((((-1.716) * X1) + (1.427 * (0.246 * X2))) - (((((-0.134) * X3) - (1.112 * X4)) + (((-108.530) * X1) + (((-0.998) * X3) - ((-105.477) * X1)))) / (((-2592.991) * X2) + (-35.875))))) - (((((-1.636) * X1) + ((2.565 * X3) - (2.164 * X4))) - ((0.006 - (0.005 * X1)) / (0.282 * (1.516 * X2)))) * ((((-0.020) * X1) - (0.032 * X4)) / ((23.541 * X2) + (-0.865)))))))
OperonRegressor,537_houses,ok,8,200,0.7034047330369244,62531.65592086017,53.0,3527.928617477417,,(0.001 + (1.000 * (((0.759 * X6) + (((-0.487) * X2) + (0.000 * X1))) - (((0.108 * X2) + (((((-0.175) * X8) + ((((-0.145) * X5) - 0.019) + (0.017 * X4))) + (0.115 * X1)) - (0.195 * X7))) * (((((-108.556) * X7) - (((2413.913 * X8) + (-9742.557)) * (0.001 * X2))) + (((254.138 * X6) + (32.154 * X1)) - (((90.545 * X8) + (-495.856)) + ((((-0.172) * X1) * ((-51.933) * X1)) + (8.873 * X4))))) / (((-42.435) * X5) - 89.262))))))
OperonRegressor,542_pollution,ok,15,60,-1.0760661728352487,88.01307586922876,65.0,22.463806867599487,,(0.033 + (1.001 * ((((((0.245 * X14) + (0.436 * X9)) - (((15.432 * X4) - ((((-0.028) * X8) + (0.221 * X9)) * ((164.625 * X10) + ((-135.476) * X6)))) * ((((0.012 * X2) - ((-0.022) * X1)) - (0.005 * X4)) - (((-0.012) * X14) + (0.022 * X9))))) - ((0.272 * X2) - ((-0.199) * X1))) - (((((-120.811) * X9) + (25.089 * X8)) - (((((-1.564) * X2) - ((-3.279) * X1)) * (((-51.503) * X2) + ((-27.618) * X1))) - (((-127.364) * X13) - (151.402 * X4)))) * (((-0.001) * X4) + ((-0.004) * X9)))) + (0.417 * X8))))
OperonRegressor,547_no2,ok,7,200,0.5676085922185328,0.4798505513291992,61.0,67.98240733146667,,(0.002 + (0.998 * ((((((-17.085) * X7) + (((0.098 * X4) - (0.170 * X6)) - ((0.231 * X2) + ((-0.805) * X1)))) - ((0.187 * X3) - ((-0.089) * X6))) - (((((((-82.105) * X6) + (14.613 * X3)) + (97.836 * X3)) + (((-63.604) * X5) - ((67.917 * X4) + ((-3.527) * X1)))) - (((((-2.800) - ((-0.009) * X5)) - (2.805 * X1)) * (((-7.935) * X6) + (5.036 * X3))) * ((4.706 * X4) - (3.740 * X6)))) * (((0.002 - (0.001 * X5)) - (0.001 * X1)) + ((-0.000) * X3)))) - ((-17.175) * X7))))
OperonRegressor,556_analcatdata_apnea2,ok,3,200,0.9189315038606256,780.9341284897814,51.0,50.65337133407593,,((-0.196) + (1.010 * (((((0.001 * X1) / (3.218 * X2)) / ((((-0.103) * 4.924) - (0.350 * X2)) + (1.887 * X3))) + (((1476269514424320.000 / (527273246413840973824.000 + (1406502029650500255744.000 * X3))) / ((((1.147 * X1) + (0.851 * X2)) - ((-1.060) * X1)) + (((-0.863) / ((-0.629) * X2)) / ((-1.185) * X2)))) + ((-0.012) * X2))) / ((((1.167 * X1) + (1.042 * X2)) - ((-1.080) * X1)) + (((-0.863) / ((-0.587) * X2)) / ((-1.185) * X2))))))
OperonRegressor,557_analcatdata_apnea1,ok,3,200,-50.59685658780497,16886.002594613863,55.0,53.58928561210632,,((-0.000) + (1.000 * ((((((((((-0.383) * X2) - (2.209 * X1)) + (2.214 * X2)) + ((-1.741) * X2)) + (2.890 * X2)) + ((-2.899) * X2)) / (-18.248)) / ((((-34.165) * ((0.320 * X2) - (0.016 * X3))) + ((-3.944) + (4.773 * X2))) + (12.204 * X1))) - (0.253 - (((((876.744 * X1) - 1144.422) / ((-0.737) + (1.154 * X2))) + ((-876.635) + ((586.059 * X2) - (45.812 * X3)))) / (((((-0.575) * X2) - (1.489 * X1)) + (2.017 * X2)) / (0.000 * X1)))))))
OperonRegressor,560_bodyfat,ok,14,200,0.9993808574964194,0.18008996806936897,63.0,22.3158962726593,,(0.000 + (1.000 * ((((-1.022) * X1) + ((((((-0.002) * X9) + (-0.026)) - (((-0.048) + (0.114 * X9)) / ((18.040 * X10) + (-15.386)))) / ((52.476 * X10) + ((-29.519) * X11))) - ((((0.544 * X10) + ((-0.291) * X11)) + ((-0.010) - (0.006 * X4))) / ((25.943 * X10) + ((-14.288) * X11))))) - (((((-14.656) * X1) + (((3.402 * X1) + ((-3.932) * X10)) * ((-1.263) * X1))) / (((-6.751) * X10) + 11.721)) * (((((-7.713) * X1) + ((-0.570) * X4)) * (1.252 * X1)) * ((-0.001) * X1))))))
OperonRegressor,561_cpu,ok,7,200,0.9975982884120974,5.404765378349346,63.0,40.6006600856781,,((-0.000) + (1.000 * (((0.179 - ((-0.119) * X3)) - ((((-10.638) * X3) - ((9.546 * X3) - (5.015 - (16.215 * X4)))) * ((0.002 * X7) - ((-0.004) * X4)))) - ((((-0.006) - ((-0.006) * X4)) + ((0.003 * X5) + (0.001 * X6))) * (((-57.571) + (((14.877 - ((-12.359) * X4)) - ((-9.286) * X4)) / (((-70.366) * X7) - ((-18.884) * X4)))) + (((-5.450) * X5) + (((((-2.587) * X3) - (8.017 * X6)) + (((-25.738) * X7) - ((-29.711) * X6))) * ((-0.121) - ((-0.081) * X4)))))))))
OperonRegressor,562_cpu_small,ok,12,200,0.9682321015553466,3.2672842979599825,63.0,480.39347982406616,,(0.000 + (1.000 * (((-0.034) * X9) - (((((((-0.013) * X8) + (0.379 + ((-0.082) * X11))) + (((-0.001) * X12) * ((-42.148) * X12))) - (((((0.000 * X8) + (0.014 * X12)) - ((-0.004) * X5)) - (((-0.015) * X7) - (0.027 * X3))) + (((0.000 * X3) * ((-108.206) * X12)) - ((-0.042) * X6)))) * (((((-4.956) + ((-0.285) * X11)) - ((0.038 * X12) * ((-18.421) * X12))) - (((-0.189) * X6) - ((0.100 * X1) + (0.017 * X5)))) + ((0.086 * X3) - (0.210 * X12)))) - ((-1.676) + (0.331 * X11))))))
OperonRegressor,564_fried,ok,10,200,0.95926183688142,1.0086511537937153,55.0,7009.499858140945,,((-0.002) + (1.002 * (((0.563 * X4) - 2.366) - ((((((-0.767) * X3) * ((-2.174) * X3)) * (-0.200)) - ((0.016 * X4) - ((((-0.100) * X1) - (0.287 * X5)) - 2.400))) - ((((0.007 * X1) - ((-0.008) * X2)) + (((1.360 * X1) - (((0.921 * X1) - (2.011 * X2)) - (7.147 * X2))) * ((0.001 * X1) - (0.000 * X5)))) * (75.227 + ((((4.120 * X2) - (-7.878)) * (((-2.352) * X1) - ((0.822 * X1) - ((-0.342) * X2)))) + ((-15.807) * X2))))))))
OperonRegressor,573_cpu_act,ok,21,200,0.9782521665164392,2.70334007348537,65.0,907.3456766605377,,(0.000 + (1.002 * (((((-115187.125) * X1) - (((-571.202) * X21) * ((-641.837) * X17))) + (((10416.669 * X21) * ((-736.751) * X19)) + ((((((-838431.188) * X21) - ((178160.844 * X16) - ((-5109798.500) * X19))) - (17033.037 * X15)) + (((-542931.125) * X18) - (85736.789 * X7))) - ((((-148172.312) * X20) - (((-118391.562) * X7) - (81696.453 * X9))) - (((-461136.000) * X3) + (((-427075.125) * X17) - (77109.492 * X9))))))) / ((((-3200378.750) * X19) - ((((792.445 * X21) * ((((-0.579) * X21) - (403.312 * X19)) - 1336.090)) + ((-28842.062) * X9)) - 3090684.000)) - ((-83759.484) * X21)))))
OperonRegressor,574_house_16H,ok,16,200,0.19873002812416818,45534.829455096646,60.0,2045.5886089801788,,(0.009 + (1.022 * ((((153.413 + ((-36.814) * X10)) - (((-71.919) * X14) * ((-0.472) * X14))) - (((((-0.001) * X8) + ((0.001 * X15) + (-0.004))) + (0.006 * X13)) * (((((-69.765) * X14) - ((-126.150) + (63.972 * X9))) + (157.066 * X10)) * (((((-27.815) * X8) + ((-147.420) + (31.684 * X10))) + ((-52.780) * X13)) + (((43.629 * X15) + (-151.253)) - (((-169.215) * X14) * ((-0.143) * X14))))))) * ((0.001 * X14) - ((((-0.000) * X8) + ((0.000 * X5) + 0.003)) + (0.000 * X13))))))
OperonRegressor,579_fri_c0_250_5,ok,5,200,0.9405691044419404,0.22743061067075482,56.0,34.61899757385254,,(0.006 + (1.000 * (((((((-33146.586) * X2) - (33103.484 * X2)) + (((((-409.100) * X3) - 72.556) * ((0.047 * X3) - (-0.010))) * (((445.850 * X3) - 4274.275) - (((-280.897) * X1) - (345.758 * X2))))) / 242.898) - (((-295.847) * X5) - (((((285.766 * X2) - (((-5.241) * X1) * (19.666 * X2))) + (209.156 * X1)) * (((((-0.356) * X1) * (1.779 * X2)) - (((-0.022) * X3) - 0.739)) - ((-2.399) + ((0.607 * X1) - ((-0.500) * X2))))) - ((-622.889) * X4)))) / 1001.971)))
OperonRegressor,581_fri_c3_500_25,ok,25,200,0.9359362461510737,0.24952099586531717,59.0,31.36523175239563,,((-0.000) + (0.999 * ((0.373 * X4) - (((((-0.464) * X2) - (((12.180 * X3) + (13.860 * X1)) * (0.011 * X3))) + (-0.230)) - (((((10.303 * X2) + ((-0.180) * X4)) * (1.720 * X1)) - ((38.153 + (4.721 * X2)) - ((-1.321) * X4))) * (((((-1887.741) + (1108.155 * X1)) * ((-0.000) * X1)) - ((120.463 + (9.738 * X1)) - ((((-79.048) * X2) + ((-1.766) * X4)) * ((-0.557) * X1)))) / ((-63.963) / ((0.025 * X2) - (((-14.796) + ((-20.407) * X2)) * (0.001 * X1))))))))))
OperonRegressor,582_fri_c1_500_25,ok,25,200,0.9618587051043165,0.20198796242439354,52.0,34.79713249206543,,(0.001 + (0.999 * ((((((20.257 + (0.397 * X1)) - (((0.167 * X2) * ((-0.166) + (46.632 * X1))) - (4.289 * X3))) * (0.000 + (0.001 * X1))) * ((((-139.236) * X2) + ((-76.758) + (26.600 * X3))) - ((((2.672 * X2) * (77.134 + (13.156 * X2))) + (0.826 * X3)) * ((((-0.002) * X2) * (96.427 * X2)) - (0.158 * X3))))) + (((0.209 * X5) + (((-0.040) * X2) * (9.569 * X2))) - ((-0.420) * X4))) - ((-1.098) + ((-0.410) * X1)))))
OperonRegressor,583_fri_c1_1000_50,ok,50,200,0.8346865153505327,0.4003663506124551,55.0,113.63917899131775,,((-0.003) + (1.005 * ((((0.111 * X1) - ((-0.116) * X2)) - (((-0.207) * X5) + ((-0.436) * X4))) + (((((2.398 * X24) - 565.498) / ((((((-6510.845) * X1) - (1344.963 * X2)) * (0.049 * X2)) - 210.240) - ((-0.240) / ((3.970 + (0.892 * X4)) - (95.538 * X2))))) - ((((0.653 * X1) - (-1.996)) - ((-1.026) * X2)) - ((0.014 * X26) - 0.054))) + ((((((-421.351) * X1) - (64.638 * X2)) * (1.244 * X2)) - ((497.835 * X1) - 64.577)) * ((-0.001) * X2))))))
OperonRegressor,584_fri_c4_500_25,ok,25,200,0.8684985390603726,0.3778544437261831,62.0,72.03574919700623,,((-0.000) + (0.999 * (((0.537 - ((-0.584) * X4)) + (0.490 * X1)) - ((((-0.001) - ((-0.003) * X4)) * (((-33.655) * X2) + ((-41.782) * X5))) - ((((((-0.800) + ((-13.063) * X1)) * (7.393 * X2)) * (1.151 * X2)) - (((((-28.526) * X4) + ((-150.874) * X1)) - ((140.756 * X2) - (0.654 * X2))) - ((-15.927) * X5))) * ((((0.822 * X2) - ((0.209 * X1) * ((0.687 * X4) + ((-4.678) * X1)))) - ((((-0.172) * X4) + (1.017 * X1)) - (-3.219))) * ((0.003 * X2) - (-0.003))))))))
OperonRegressor,586_fri_c3_1000_25,ok,25,200,0.9674385299220074,0.18275712329615923,63.0,125.50726079940796,,((-0.000) + (1.000 * ((((0.221 * X3) + (0.118 * X1)) * (0.660 * X3)) + ((((-0.074) * X1) + (((0.366 * X4) - ((-0.229) * X2)) - ((-0.410) + ((-0.286) * X1)))) - (((((-2.385) - ((2.117 * X1) - ((-0.132) * X2))) * (((-0.442) * X1) - (4.045 * X2))) - ((-6.132) * X1)) * (((((((-1.536) * X4) - ((-10.522) * X2)) - ((-14.377) * X1)) * ((0.006 * X4) - ((-0.097) * X2))) - 6.954) * (((((-0.076) * X4) - ((-7.607) * X2)) * ((-0.001) + (0.002 * X1))) - 0.024)))))))
OperonRegressor,588_fri_c4_1000_100,ok,100,200,0.9470210412034019,0.23332000091989918,53.0,65.97968292236328,,(0.003 + (0.998 * (((((((-17.138) * X5) + 269.603) + ((-20.704) * X4)) - ((112.628 * X2) - ((-84.241) * X1))) * (((((0.003 * X4) + (0.263 - ((-0.007) * X2))) - ((((-0.000) * X5) + 0.250) - (0.003 * X1))) * ((((75.233 * X4) + (138.250 - (324.878 * X2))) - (110.667 * X1)) - (161.848 * X1))) / (456.174 - ((((-57.091) - ((-46.026) * X2)) - ((-84.649) * X1)) * (((1.206 * X4) + (6.763 - (3.879 * X2))) - (3.992 * X1)))))) + (0.016 * X1))))
OperonRegressor,589_fri_c2_1000_25,ok,25,200,0.9282950813188275,0.2612152573327276,52.0,70.1178650856018,,((-0.000) + (1.000 * (((((3.209 - ((-50.002) - (46.190 * X1))) + ((((27.296 - ((-70.432) * X1)) * (4.493 * X2)) + (-478.835)) * ((-0.169) * X2))) / (34.895 - (((172.371 * X2) - 256.978) * ((-0.078) * X2)))) * (((-0.003) - (0.004 * X1)) * ((158.598 - (45.702 * X1)) + ((113.526 - (150.868 * X1)) * (0.255 * X2))))) - ((((-0.196) * X5) - (((4.870 * X2) * ((-0.063) * X2)) - ((-0.258) * X4))) - (1.225 + (0.224 * X1))))))
OperonRegressor,590_fri_c0_1000_50,ok,50,200,0.8803537540909281,0.3391035559981127,50.0,68.01850414276123,,(0.002 + (0.999 * (((((-1.298) * X1) + ((((119.504 * X4) + (665.161 + (56.178 * X1))) - ((-1940.696) * X2)) * (0.001 - ((-0.002) * X1)))) * ((((0.001 * X2) - ((-0.006) - (0.000 * X35))) * ((20.055 - (33.479 * X1)) - (11.511 * X2))) - (0.026 - (0.111 * X1)))) - ((((-52.039) - (81.584 * X1)) - (((46.887 * X5) - ((-85.797) * X4)) - (((-74.683) * X2) + ((3.565 - (7.942 * X1)) * (1.498 - (3.469 * X1)))))) * 0.006))))
OperonRegressor,591_fri_c1_100_10,ok,10,100,0.9558030909400953,0.20996051403914617,63.0,16.657602548599243,,(0.000 + (0.999 * ((((((-1.828) * X1) + (((0.911 * X3) + ((-2.301) * X2)) + (0.204 * X4))) / ((((-1.350) * X1) + ((-0.506) * X2)) - ((((3.816 * X3) + ((-22.930) * X1)) - ((((-18.849) * X3) + ((-36.154) * X2)) - (-64.428))) / (((-7.781) * X1) + ((((-7.561) * X3) + ((-23.872) * X2)) + 42.791))))) + ((((-0.570) * X3) + (0.775 * X2)) + (0.288 * X4))) + ((0.168 * X5) - ((((((-42.989) * X3) + ((-50.373) * X2)) - 46.115) * ((0.005 * X1) + ((-0.011) * X2))) - 0.165)))))
OperonRegressor,592_fri_c4_1000_25,ok,25,200,0.9395040221745088,0.2409497915432729,60.0,115.26067280769348,,((-0.000) + (0.999 * (((((0.029 * X2) - (-0.512)) - ((-0.325) * X4)) + (0.347 * X1)) - ((((-0.036) * X2) + ((((((-0.004) * X2) - ((19.512 * X2) * (0.000 * X1))) - (0.001 * X5)) + 0.009) * (((-3.984) * X2) - 7.841))) * ((((-4.711) * X2) - (-1.507)) + ((((((-11.964) * X1) - (((-1.684) * X5) - (0.867 * X4))) * (((-0.013) * X2) - (-0.006))) + (-0.272)) * ((((48.350 * X2) - (-9.758)) + (59.007 * X1)) - ((56.140 * X2) * ((-0.885) * X1)))))))))
OperonRegressor,593_fri_c1_1000_10,ok,10,200,0.9517003611145178,0.2080452712767742,61.0,138.3276183605194,,(0.001 + (1.000 * (((0.184 * X5) + ((0.391 * X4) + ((0.989 * X1) - (0.504 * X2)))) + (((((((21.874 * X1) * ((40.794 * X1) * ((-0.252) * X2))) + (-5.799)) - ((-27.201) * X2)) - (((-50.917) * X1) - (0.426 * X4))) + (((-2.404) + (((0.020 * X1) * (44.379 * X2)) + ((-8.432) * X1))) * (((-0.102) * X2) * ((249.995 * X1) - (12.566 * X2))))) * (((-0.039) - ((-0.000) * X4)) - ((0.005 * X2) + ((((0.005 * X9) - ((-0.289) * X2)) * ((-0.047) * X2)) + ((-0.010) * X1))))))))
OperonRegressor,594_fri_c2_100_5,ok,5,100,-21.82546823345605,4.93677053190963,65.0,17.178403854370117,,(0.000 + (1.000 * (((((((-1.071) * X1) - (-0.103)) + (((-0.093) * X3) * ((1.687 * X1) + (((-2.524) * X3) + ((-0.785) * X5))))) + (((-0.007) * X1) * (((0.907 * X2) + ((0.658 * X3) + ((-0.106) * X5))) * (((-28.760) * X2) + (((-68.514) * X1) + (18.326 * X4)))))) - ((((0.789 * X3) + ((-0.367) * X5)) + (0.005 + ((-0.002) * X5))) - (((208.450 * X1) + (((-0.864) * X5) + (((-18.652) * X3) + ((-29.510) * X5)))) / (((-641.999) * X1) + (325.319 + (135.923 * X5)))))) - ((-0.606) * X4))))
OperonRegressor,595_fri_c0_1000_10,ok,10,200,0.94186187521951,0.23384931969684652,67.0,71.90772843360901,,(0.005 + (1.002 * ((((0.290 * X5) - ((((-0.547) * X1) + ((-0.578) * X2)) - (0.601 * X4))) + ((((((-6.034) * X1) + ((-36.850) * X3)) + (4.935 * X2)) * ((0.033 * X1) + ((-0.040) * X2))) + (((((416.797 * X1) + (110.303 * X3)) * ((10.278 * X3) + ((-47.377) * X2))) - (((-298.395) + ((-9.190) * X8)) + ((-133.488) * X3))) / (((((-242.519) * X1) + ((-2.216) * X4)) - ((-28.026) * X5)) - ((-3563.813) + ((((-115.546) * X1) + (115.859 * X2)) - ((-26.256) * X5))))))) + (((-4.393) * X1) * ((-1.176) * X2)))))
OperonRegressor,596_fri_c2_250_5,ok,5,200,0.9414485162933456,0.25208527256673086,56.0,25.967548608779907,,((-0.009) + (0.999 * (((((-1.537) * X4) - ((3.402 * X4) - (((4.198 * X3) + 4.460) - ((((-23.002) * X1) + (((-24.746) * X2) + 6.967)) + (3.553 * X5))))) * ((((0.004 * X1) - ((-0.000) * X5)) * (((6.422 * X4) + (46.967 * X2)) * ((13.777 * X1) + ((22.884 * X2) + 61.299)))) - ((6.902 * X1) + 16.459))) * (((((-0.000) * X2) - ((0.000 * X1) + (-0.001))) * ((2.151 * X2) - (-3.419))) - ((0.000 * X3) + (((-0.000) * X4) + ((-0.000) * X2)))))))
OperonRegressor,597_fri_c2_500_5,ok,5,200,0.852975827577821,0.38034837615856193,59.0,70.17149710655212,,((-0.000) + (1.000 * ((((((((((-25.073) * X1) * (0.062 * X2)) - (1.242 * X2)) - ((-0.641) * X4)) - (-6.666)) * ((((-5.508) * X3) + (0.033 * X5)) - (((3.396 * X2) - (((-0.819) * X1) - 4.625)) * (((0.241 * X2) - 5.240) - ((0.378 * X1) * ((-4.799) * X2)))))) * (((((-0.010) * X2) + 0.000) - ((0.003 * X1) * (3.133 * X2))) - (((-0.001) * X1) * (-8.666)))) + ((((-0.280) * X3) + (0.189 * X5)) - ((-0.373) * X4))) - (((-0.349) * X2) - 0.428))))
OperonRegressor,598_fri_c0_1000_25,ok,25,200,0.8739157672142505,0.34470916480260816,55.0,123.22539258003235,,(0.002 + (0.998 * ((((((7.086 * X2) + (3.402 * X2)) + ((0.293 * X4) - ((-11.209) * X1))) * (0.000 + ((-0.001) + ((((-0.001) * X1) + (0.002 * X2)) + ((-0.002) * X2))))) * (((4.171 + ((2.967 * X2) - (2.387 * X1))) * (((-0.102) * X4) - ((-2.029) * X1))) + (20.921 + ((-6.372) + (9.538 * X2))))) + ((((((((21.034 * X4) - (597.755 * X1)) + (-1095.012)) * ((-0.001) * X2)) + 0.391) + (0.275 * X5)) + (0.542 * X4)) - ((-0.885) * X1)))))
OperonRegressor,599_fri_c2_1000_5,ok,5,200,0.9546162941281379,0.19861388149177553,59.0,121.7008306980133,,((-0.001) + (1.002 * ((((-0.132) * X1) - ((-0.540) * X2)) + ((0.497 + ((((-0.000) - (0.000 * X1)) * (((2.731 * X2) * ((13.200 * X1) + ((-0.551) * X4))) - (((10.448 * X2) - (-90.175)) - ((14.524 * X3) - (0.186 * X5))))) * ((((((-11.227) * X1) - ((-2.599) * X3)) - ((15.159 * X2) - 39.127)) * ((0.013 - ((-0.010) * X2)) * (((-104.134) * X2) + ((-85.776) * X1)))) + ((-26.050) * X2)))) + ((((5.511 * X3) - (3.042 * X5)) - (5.933 * X4)) * (-0.063))))))
OperonRegressor,601_fri_c1_250_5,ok,5,200,0.9488103467984461,0.2162086439798416,55.0,26.891427040100098,,(0.000 + (1.000 * ((((-0.094) * X3) - (((-5.048) * X1) + (-0.401))) - (((((((((-0.289) * X3) - ((-1.527) * X2)) * ((0.004 * X1) + 0.010)) * (((52.675 * X1) + 25.869) * (((-56.086) * X1) + 85.164))) - (((-34.703) * X1) + 1.758)) + ((-6.272) * X5)) * (((((0.115 * X4) - (6.077 * X2)) * ((0.003 * X2) - ((-0.001) * X1))) * ((0.116 * X1) + 0.401)) - (((-0.007) * X1) + (-0.035)))) - ((0.381 * X4) + ((-4.711) * X1))))))
OperonRegressor,602_fri_c3_250_10,ok,10,200,0.9485436660544265,0.2410237555505215,56.0,23.783869981765747,,((-0.000) + (1.000 * ((((((0.595 * X1) * (((-0.692) - ((-0.013) * X10)) - (0.884 * X2))) * (((-13.060) * X2) - (20.532 * X1))) - ((20.911 * X1) - (((11.397 * X3) + (-44.440)) - (24.126 * X2)))) * ((0.009 * X3) - ((((2.783 * X1) * (((-0.000) - ((-0.000) * X10)) - (0.001 * X2))) * ((0.208 * X4) - (8.301 * X2))) - (((0.001 * X4) - ((-0.027) * X1)) - ((-0.038) * X2))))) - ((((-0.436) * X4) - (0.471 * X2)) - ((0.250 * X3) + 0.367)))))
OperonRegressor,603_fri_c0_250_50,ok,50,200,-1.0279548303613066,1.291975422450963,60.0,38.92115902900696,,((-0.001) + (0.999 * ((((((0.866 * X45) + ((1.999 * X45) + (((1.659 * X44) - (-16.750)) - ((-21.537) * X2)))) * ((((0.392 * X4) - 7.891) - ((-3.080) * X2)) - ((-3.856) * X1))) - ((((21.806 * X4) - (-38.195)) / ((((-2.896) * X16) + (-2.987)) - ((-14.659) * X1))) * (-2.289))) * (((-0.000) * X2) + ((0.000 * X16) + ((-0.002) + ((-0.003) * X1))))) + (((0.298 * X5) + ((0.024 * X16) + ((-0.008) + ((0.595 * X4) - ((-0.398) * X2))))) + (0.419 * X1)))))
OperonRegressor,604_fri_c4_500_10,ok,10,200,0.9047369440309627,0.3034498686709298,55.0,63.56842112541199,,(0.005 + (1.000 * (((((((-77.651) + (((1.766 * X2) + 0.797) * ((9.572 * X1) - ((-1.538) * X2)))) * ((((-0.042) * X2) + (-0.029)) * ((50.353 * X2) + (132.264 * X1)))) - (((-279.069) * X2) + 105.161)) * ((((-0.007) * X2) + 0.656) - ((((-0.000) * X1) - (0.000 * X2)) * ((((-1.536) - ((-0.571) * X2)) * ((316.287 * X5) - (252.844 * X3))) - (((606.376 * X2) + 906.997) - (((-39.819) * X4) + 1066.918)))))) / (-184.425)) - ((-0.358) * X4))))
OperonRegressor,605_fri_c2_250_25,ok,25,200,0.9154553545733848,0.30480355687943667,59.0,38.65857553482056,,(0.045 + (0.978 * (((((1.071 * X3) + ((-0.308) * X2)) * ((0.178 * X4) + (-0.358))) - ((0.766 * X2) + ((-0.426) * X4))) - ((((0.029 * X20) - (-1.100)) - (((-0.017) * X13) - ((-0.207) * X5))) - (((((0.004 * X2) + 0.007) - (((-0.003) * X2) * ((418.322 * X1) * (((-0.001) * X2) + (-0.001))))) * ((28.687 * X1) + ((27.163 * X2) + (-33.648)))) * (((-3.383) + (((-0.005) * X1) * (((-58.458) * X3) - (980.133 * X2)))) - (((-3.034) * X2) + 2.844)))))))
OperonRegressor,606_fri_c2_1000_10,ok,10,200,0.9397554045152822,0.2379199948942395,55.0,72.11797738075256,,((-0.002) + (0.997 * (((((((-0.004) * X2) * ((-0.430) * X2)) + (-0.011)) + (0.003 * X1)) + (0.000 * X8)) * ((((-17.137) * X5) - (((6.737 - ((0.343 * X2) * (55.560 * X1))) + ((-27.646) * X2)) * ((((-1.400) - (0.695 * X1)) * (((-3.228) - ((-0.383) * X4)) + ((0.390 * X2) * (7.993 * X1)))) + (2.020 * X2)))) + ((((42.404 * X3) - (26.587 - (((-7.618) * X3) - (41.210 * X4)))) + ((6.464 * X1) * (10.751 * X1))) + (94.236 * X1))))))
OperonRegressor,607_fri_c4_1000_50,ok,50,200,0.9416316555499727,0.24236239326770462,60.0,81.9288694858551,,(0.003 + (1.000 * ((((((((-0.039) * X1) * (((-1.168) * X1) + (14.255 * X2))) + (((-0.182) * X4) - (((-0.919) + (0.430 * X2)) - ((-0.488) * X1)))) * ((((-2.552) * X5) + ((-19.688) * X2)) - (9.975 * X1))) + (((-0.751) * X4) - (44.939 + ((-7.142) * X3)))) * (((0.000 * X4) - (((0.001 * X2) + ((0.002 * X1) * (0.055 + (0.162 * X2)))) - ((-0.001) * X1))) - (-0.000))) * (((((-1.636) * X3) + (2.413 * X2)) + ((0.339 * X1) * (21.449 * X2))) + (-27.147)))))
OperonRegressor,608_fri_c3_1000_10,ok,10,200,0.9567144125561491,0.20205994294494153,57.0,64.49772572517395,,((-0.001) + (1.000 * (((((-0.000) * X2) - 0.001) * (21.759 + ((0.569 - ((0.003 * X6) + ((-0.467) * X1))) * (((-8.424) * X2) - (((-0.645) * X3) + (0.024 * X1)))))) * ((((-0.097) - (((-2.908) * X2) * (0.300 * X1))) * (75.356 - (((9.906 * X4) - (((-57.224) * X2) * ((0.095 * X3) + (0.626 * X1)))) - (((-19.575) * X1) - (57.933 * X2))))) - ((16.366 * X4) - (((57.744 * X2) + (43.929 * X1)) + (((0.332 * X3) + (0.117 * X1)) * ((-19.297) * X3))))))))
OperonRegressor,609_fri_c0_1000_5,ok,5,200,0.9520639232131707,0.2251815529694983,63.0,118.39861106872559,,((-0.000) + (0.999 * (((((((-123.828) * X1) / ((((-0.321) * X2) + ((9.407 * X1) - (0.868 * X4))) + (-67.041))) - ((0.014 * X2) * (((-76.204) * X1) + (10.680 * X2)))) - (((((-0.598) * X2) + (((-3.545) * X1) - ((-0.056) * X4))) - (3.261 * X4)) + (((-235.707) * X1) / (((4.214 * X1) + ((9.366 * X2) + ((-0.194) * X4))) + (-49.102))))) - ((0.002 * X3) * (((-183.002) * X3) - ((451.737 * X2) / ((3.063 * X1) + ((65.039 * X2) + ((-10.259) * X4))))))) - ((2.627 * X4) - (0.284 * X5)))))
OperonRegressor,611_fri_c3_100_5,ok,5,100,0.9408774897039632,0.257342039216456,56.0,24.216761112213135,,(0.000 + (1.000 * (((((((-0.003) * X2) + (((-0.006) * X1) - (-0.012))) * (((13.526 * X2) + (12.394 - (6.558 * X4))) * (((-10.720) * X2) + (((-21.545) * X1) - 29.320)))) - (4.077 * X1)) * ((0.026 * X4) + (0.270 - ((((2.957 * X2) - (((-0.768) * X3) - (-3.050))) - (((-0.413) * X1) + ((-5.213) * X1))) * ((((2.332 * X5) - ((-1.180) * X1)) - (-8.043)) * ((0.003 * X2) + ((0.001 * X4) - 0.001))))))) + (0.616 - ((-0.391) * X1)))))
OperonRegressor,612_fri_c1_1000_5,ok,5,200,0.9514629895399819,0.2123203860033404,58.0,77.73286628723145,,(0.000 + (1.000 * ((((((-2.073) * X2) - ((-1.776) * X2)) - 0.093) - ((-0.195) * X5)) + ((((((0.348 - (5.278 * X1)) - (0.445 * X3)) + ((((-4.937) * X2) * (0.773 * X2)) + 13.130)) * ((((-104.971) * X2) * (0.046 - ((-0.082) * X1))) - ((((-0.075) * X2) - (0.451 * X4)) + (-38.243)))) * ((((((-1911.598) * X2) * (0.012 - ((-0.004) * X1))) * (0.000 - ((-0.000) * X1))) - (-0.001)) + ((-0.002) * X1))) - (((-0.257) * X1) - (0.394 * X4))))))
OperonRegressor,613_fri_c3_250_5,ok,5,200,0.9378941971710711,0.23429647220792293,54.0,46.76371908187866,,((-0.002) + (1.000 * ((0.047 - ((0.002 * X2) * ((-3.936) - (((-0.059) * X2) * (49.966 - ((-51.683) * X1)))))) * (((4.406 * X2) - ((0.695 - (2.265 * X1)) + ((0.943 * X4) + (0.174 * X2)))) * ((((((-0.019) - (0.005 * X1)) + ((-0.004) * X2)) * ((((-26.744) * X2) - (15.465 * X4)) - (((20.546 + ((-14.261) * X3)) * ((-0.745) * X3)) - (49.009 - (96.076 * X1))))) * ((0.304 * X4) + (2.575 * X2))) - (8.231 - ((-2.134) * X1)))))))
OperonRegressor,615_fri_c4_250_10,ok,10,200,0.8688149137362975,0.30853504319537467,56.0,39.68167042732239,,(0.001 + (1.000 * ((((4.503 * X4) + (-2.355)) + ((((-0.023) * X5) + (0.275 - (((-0.002) * X2) * ((((-19.099) * X2) + ((-50.485) * X1)) - (9.572 * X1))))) * (((((-5.179) * X4) + 14.125) - (((-0.902) * X2) * ((((-2.609) * X2) - 39.720) + ((-37.201) * X1)))) + ((-27.030) * X1)))) * ((0.010 * X5) + (0.135 - (((-0.001) * X2) * ((32.094 - (((-0.009) * X2) * ((-995.888) + ((-2059.436) * X1)))) + ((-17.887) * X1))))))))
OperonRegressor,616_fri_c4_500_50,ok,50,200,0.7612603360690094,0.4756327578122382,61.0,40.23258924484253,,(0.000 + (1.000 * (((0.012 - (((-0.002) * X4) + ((-0.004) * X5))) * ((22.331 * X4) + (((-55.995) * X2) * ((-0.151) * X2)))) - (((((((-0.103) * X2) * (((2.226 * X2) * ((-95.294) * X2)) - (263.212 * X2))) + (-72.878)) - (65.708 * X2)) * (((((-0.000) * X2) * ((((-9.673) * X4) + ((-28.081) * X5)) - (109.541 * X2))) - (0.027 * X2)) - (((0.000 * X4) + ((0.000 * X20) + ((-0.000) * X5))) * (((49.062 * X2) * (1.591 * X2)) + (-54.566))))) - ((0.078 * X5) - (-0.231))))))
OperonRegressor,617_fri_c3_500_5,ok,5,200,0.9318259908435594,0.25182990900502467,55.0,81.83900761604309,,((-0.016) + (1.001 * ((((423.191 * X4) + 868.999) - (((((-361.538) * X1) * (((0.001 * X2) - (-0.001)) * (2.626 * X2))) - (((0.816 * X3) - ((0.900 * X1) + 2.248)) - ((2.227 * X2) - ((-0.275) * X4)))) * (((307.865 * X2) - (((-448.129) * X1) + 6.056)) - (((((-7.901) * X1) + 25.615) - ((11.458 * X2) - ((2.212 * X3) - 6.145))) * ((((-69.792) * X4) - (((-636.542) * X1) + (-915.401))) * ((-0.025) * X2)))))) * ((0.000 * X2) - (-0.001)))))
OperonRegressor,618_fri_c3_1000_50,ok,50,200,0.7886329265487039,0.4719266811767263,58.0,55.39180541038513,,(0.001 + (1.000 * (((-2.066) * X2) + ((((0.119 + ((-0.354) * X3)) + (((((6.934 * X5) + ((-1.280) * X4)) + ((1.218 * X2) + (2.630 * X5))) * ((-3.495) * X2)) * ((-0.054) * X2))) - ((-0.565) * X4)) + (((((((401.652 * X2) - 236.751) * (0.038 * X2)) * (((-0.192) * X2) + ((-0.247) * X5))) * ((-2.892) * X2)) + (((((2.222 * X2) + ((-1.906) * X5)) * (((-5.020) * X4) - (-30.417))) - 37.930) * ((-0.682) * X2))) * ((-0.024) * X2))))))
OperonRegressor,620_fri_c1_1000_25,ok,25,200,0.9310334241549025,0.2601646757421758,59.0,128.02082800865173,,((-0.016) + (1.015 * ((((0.213 * X5) - (((-0.776) + ((((-0.701) * X1) + (-0.260)) + ((-0.386) * X4))) - (0.722 * X2))) + (0.240 * X3)) + ((((-4956.026) + (((-24.666) + ((-62.568) + ((165.258 * X1) + ((-72.104) * X2)))) * (((-36.327) * X1) + (35.784 * X3)))) + (((-10039.526) * X1) + (((-1684.242) * X1) + ((-11173.226) * X2)))) / (((308.821 + ((297.114 + ((229.085 * X1) + ((-96.940) * X2))) * ((-0.686) * X2))) * ((-23.850) * X2)) - (-7502.154))))))
OperonRegressor,621_fri_c0_100_10,ok,10,100,0.9215422759948494,0.28787976450399344,60.0,26.415308952331543,,(0.000 + (1.000 * (((0.322 * X5) + ((0.140 - (((-0.625) * X4) - (0.652 * X1))) + ((((0.003 * X4) - (0.016 * X1)) * (13.430 * X1)) - (((0.000 * X9) - (0.012 * X3)) * ((28.700 * X3) - (((-6.377) + (5.422 * X9)) + ((-4.482) * X9))))))) - (((0.006 - (((-0.000) * X10) - ((-0.003) * X1))) + ((-0.002) * X2)) * (((-132.471) * X2) - (((((-0.490) * X1) * ((-102.722) * X1)) + (((((-3.899) * X9) - (11.350 * X3)) - ((-230.522) * X1)) + (21.077 * X2))) * (0.532 * X2)))))))
OperonRegressor,622_fri_c2_1000_50,ok,50,200,0.9125247593341548,0.2927503188583994,64.0,124.77750396728516,,((-0.022) + (1.020 * ((((((-4.516) - (3.769 * X1)) * (((-0.011) * X4) + (0.721 * X2))) - (-15.245)) * ((((-0.304) * X2) - (0.017 - ((-0.010) * X1))) + (((-0.075) - ((-0.002) * X1)) * (((-0.015) * X3) - (3.918 * X2))))) * (((((-0.050) * X2) - ((((-0.007) * X3) - ((-0.022) * X4)) - (-0.056))) * (((((0.608 * X2) - ((-1.487) * X1)) * (((-51.984) - ((-14.154) * X1)) + (32.049 * X2))) - (-36.949)) - (((-1.076) * X3) - (6.039 * X5)))) - ((-6.326) * X2)))))
OperonRegressor,623_fri_c4_1000_10,ok,10,200,0.9390830960760572,0.24532583819428366,59.0,54.57536172866821,,((-0.005) + (1.001 * (((((((0.070 * X4) - 0.392) - ((0.202 * X1) - ((-0.033) * X2))) * ((((32.039 * X2) * ((-0.043) * X1)) - (((-0.506) * X1) - 3.560)) * (((11.891 * X2) * (((-3.286) * X1) - ((-0.143) * X4))) - (-76.449)))) - (((-10.285) * X5) - 11.037)) * ((((((-5.707) * X4) - ((16.422 * X2) + ((-8.129) * X1))) + (-41.292)) - ((18.395 * X2) * ((0.085 * X2) - (0.505 * X2)))) * ((((-0.000) * X1) - (0.000 * X2)) + 0.000))) - ((-0.406) * X4))))
OperonRegressor,624_fri_c0_100_5,ok,5,100,0.9238232797004664,0.2656385347070229,60.0,11.449238300323486,,(0.012 + (1.000 * ((0.381 * X4) + (((((((-3.620) * X2) - ((-2.580) * X3)) - (2.875 * X1)) / ((248.606 * X4) + (341.207 * X1))) - ((((((11.805 * X4) + (160.826 * X1)) - ((-60.878) * X3)) * ((((-0.131) * X2) - (0.025 * X3)) - ((0.009 * X5) - ((-0.006) * X1)))) - (((24.283 * X2) - ((-42.816) * X3)) - (((-5.540) * X4) + ((-25.337) * X1)))) * (0.023 + ((((-0.008) * X2) - ((-0.007) * X3)) - (((-0.001) * X4) + (0.008 * X1)))))) + ((0.249 * X5) - (1.104 * X3))))))
OperonRegressor,626_fri_c2_500_50,ok,50,200,0.8586846616836987,0.3599404750281217,61.0,59.33021903038025,,(0.003 + (0.999 * ((((-0.016) * X43) - ((-0.253) * X4)) - (((-1.187) + ((((1.614 - ((-1.753) * X1)) * ((((-2.291) * X2) - (3.624 * X1)) * ((-3.382) * X2))) + ((-21.336) - (25.775 * X1))) * (((0.032 - ((-0.090) * X1)) - (0.096 * X1)) + ((-0.009) * X2)))) * ((((0.024 - (0.045 * X1)) + (((-0.050) * X2) - ((((-11.325) * X1) + ((-0.600) * X2)) * ((-0.004) * X2)))) * ((((-2.608) - ((-1.654) * X1)) * ((-2.254) * X2)) + 12.800)) - (0.204 * X2))))))
OperonRegressor,627_fri_c2_500_10,ok,10,200,0.930163374226129,0.2655339053964733,57.0,41.74868679046631,,(0.001 + (1.000 * ((((22.287 + ((-2.529) * X3)) + (((15.472 * X2) - 14.698) * (((9.562 * X1) * (((-0.025) * X2) - (0.035 - ((-0.001) * X3)))) + (((-0.061) * X2) - (-0.396))))) * (((((-0.280) * X4) + ((-0.052) * X3)) + (0.278 * X4)) + ((((-0.002) - ((-0.000) * X1)) - ((-0.001) * X2)) * (((-84.831) + (7.839 * X2)) + (((-0.597) * X1) * (((-79.534) * X2) - 83.681)))))) - ((1.641 + ((-0.863) * X3)) + ((-0.444) * X4)))))
OperonRegressor,628_fri_c3_1000_5,ok,5,200,0.9493908198760562,0.21377903188280004,57.0,112.19262886047363,,(0.000 + (1.000 * ((((((-46.756) * X3) - ((487.312 * X1) + ((432.019 + (138.227 * X2)) - (((-1.179) * X4) + ((-1997.072) * X2))))) / (1042.671 + ((((-946.279) * X1) + ((-590.838) * X2)) - (((24.813 * X2) + (20.920 * X1)) * ((0.166 * X5) - ((11.969 * X2) + (17.824 * X1))))))) + 0.948) + ((((0.393 * X4) + (1.450 * X2)) - (((((-63.035) * X3) + (32.618 * X2)) - ((-103.234) + (34.736 * X2))) * (0.003 * X3))) + (((-0.290) * X2) + ((0.393 * X5) + ((-0.016) * X2)))))))
OperonRegressor,631_fri_c1_500_5,ok,5,200,0.9448919527412614,0.24808594503097847,58.0,41.720728158950806,,(0.004 + (0.996 * ((((0.413 * X4) + (0.282 * X5)) + (0.556 - ((-0.294) * X2))) - ((((((-22.934) - (82.616 * X1)) + ((-10.409) * X2)) + ((6.693 - ((-13.200) * X1)) * ((((-6.639) - (0.173 * X1)) + (7.303 * X2)) * (((-0.577) - ((-0.487) * X2)) + (((-1.457) * X1) * ((-0.185) * X2)))))) - (4.138 * X5)) * ((((-0.028) - (0.008 * X2)) - ((-0.009) * X1)) + ((((0.007 * X1) * (100.649 * X2)) + ((-1.389) - ((-1.913) * X1))) * (0.005 * X2)))))))
OperonRegressor,633_fri_c0_500_25,ok,25,200,0.8815279313711178,0.35285578899378167,65.0,66.08664011955261,,((-0.002) + (1.001 * (((((((-4.941) * X4) - (89.305 * X1)) - (((-59.276) * X2) - ((-3.600) * X15))) + (((0.152 * X2) - ((-0.157) * X1)) * ((((((-0.591) * X4) - (43.766 * X1)) - ((-45.430) * X1)) * (43.367 * X2)) - (((43.323 + (23.247 * X2)) - ((34.522 * X4) - ((-121.539) * X1))) + (4.813 * X5))))) * (((-0.012) + ((-0.003) * X2)) - ((((-0.000) * X10) - ((-0.000) * X20)) - ((-0.001) * X1)))) - ((((-0.360) + ((-1.278) * X2)) - ((0.511 * X4) - (0.608 * X1))) + ((-0.281) * X5)))))
OperonRegressor,634_fri_c2_100_10,ok,10,100,0.9684897531347932,0.17392978608096535,61.0,15.794832468032837,,((-0.002) + (1.000 * (((-5.276) + ((((6.712 * X5) + (166.255 - (10.234 * X3))) + (7.715 * X2)) / ((((-1.957) * X4) + ((((-95.711) * X2) - (-102.895)) * ((-0.006) * X1))) - (-28.063)))) - (((0.008 * X2) - (-0.011)) * (((((((-21.172) * X2) - (-36.706)) + ((-23.573) * X2)) * ((-0.211) * X1)) + ((-18.390) - ((-2.439) * X3))) * ((((6.440 * X3) + (((-57.572) * X2) - (-64.684))) * ((((-6.106) * X2) + (-6.623)) * (0.012 * X1))) - (7.858 * X2)))))))
OperonRegressor,635_fri_c0_250_10,ok,10,200,0.9456555703190913,0.2068071087999834,60.0,25.559799671173096,,(0.000 + (1.000 * (((-16.846) + ((-10.895) + (((1.173 * X4) - (0.196 * X1)) + ((-0.501) * X2)))) - ((((((-0.560) - ((-0.003) * X5)) + (((-0.100) * X2) - (-2.348))) * ((-102.598) + ((0.086 * X10) - (73.001 * X1)))) + (142.331 * X1)) * ((((((0.001 * X4) + (((-0.025) * X2) - 0.550)) * ((((-0.001) * X3) * (3.549 * X3)) - (((-0.006) * X4) - ((-0.323) * X1)))) + (((-0.163) * X1) - (-0.152))) - ((-0.014) * X2)) + ((0.001 * X5) - (0.000 * X6)))))))
OperonRegressor,637_fri_c1_500_50,ok,50,200,0.9068683089628078,0.29082069704959007,57.0,43.02924561500549,,(0.000 + (1.000 * (((((7.557 * X2) + 21.122) / 188.047) * ((((((-0.010) * X1) * ((-0.345) - (((-0.152) * X4) - ((-1.648) * X2)))) + (-0.070)) * (((-0.010) * X1) * ((326.472 + ((-119.609) * X3)) - ((-804.187) * X2)))) - (0.114 - (((-0.089) * X4) - ((-0.175) * X2))))) * ((((1.025 * X4) - ((-21.077) * X2)) + (-5.655)) + (((-40.700) - (((-1.158) * X4) - (3.457 * X2))) + ((1.668 * X1) * (((4.644 * X1) + (-2.766)) + 0.724)))))))
OperonRegressor,641_fri_c1_500_10,ok,10,200,0.9553322755808882,0.2144025708356594,60.0,31.865657329559326,,(0.002 + (0.999 * ((((((-0.028) * X1) + (((17.828 * X3) - ((((-6.684) * X2) * (5.258 * X1)) - (13.315 * X2))) * (0.000 * X1))) * ((103.067 + (81.275 * X2)) - ((((0.017 * X2) * (((-280.467) * X1) - (185.632 * X2))) + (((3.296 * X3) - (1.955 * X3)) - (((-3.001) * X1) - ((-13.198) * X2)))) * (((((-4.819) * X2) * (0.112 * X1)) - (4.369 * X2)) - ((-0.101) * X4))))) - (((-1.456) * X1) - (0.191 * X5))) - (((((-0.382) * X4) - ((-1.386) * X2)) - (0.216 * X1)) - 0.191))))
OperonRegressor,643_fri_c2_500_25,ok,25,200,0.9223352839149849,0.2657190512533675,56.0,32.484904050827026,,(0.000 + (1.000 * (((0.393 * X4) + ((3.023 * X3) + (((-0.020) * X2) + 0.522))) + ((((7.221 * X3) + ((-0.488) * X5)) / (((-0.128) * X2) + (-2.169))) - (((((83.075 * X2) + (-84.805)) + ((((-138.450) * X1) + (((-111.337) * X2) + 241.115)) - (0.151 * X24))) / (((((-1169.348) * X1) + 733.626) / (((-6.001) * X2) + (-29.327))) + (47.644 / ((1.845 * X2) + (-1.552))))) + (((-0.992) * X2) + (((0.075 * X1) + ((-0.013) * X18)) + 2.805)))))))
OperonRegressor,644_fri_c4_250_25,ok,25,200,0.9175468358402818,0.2747184198490667,58.0,48.356518030166626,,(0.002 + (0.997 * (1.197 + (((((2539.732 - ((((-5491.812) * X2) + ((-4000.491) * X4)) - (4065.213 * X1))) * ((-5.719) - ((((-0.126) * X25) + ((-1.432) * X3)) + (0.536 * X4)))) + ((-2253.856) - (((400.908 * X25) + (7713.259 * X3)) + ((-26383.391) * X4)))) / ((((-842.867) - ((-783.288) * X1)) * (24.085 * X2)) + (((114.042 * X2) * (61.827 * X2)) + (14346.097 - (((-9453.344) + (1619.851 * X5)) - ((-9709.581) * X1)))))) - ((((-0.757) * X2) + ((-0.366) * X4)) - (0.570 * X1))))))
OperonRegressor,645_fri_c3_500_50,ok,50,200,0.8875608166195023,0.32870930101426926,59.0,42.54387068748474,,((-0.003) + (0.999 * (((0.644 * X2) + ((6.025 * X1) * (0.100 * X2))) + (((0.190 * X4) + ((0.162 * X4) + (0.314 - ((-0.186) / (14.276 - ((0.774 * X5) + (6.401 * X1))))))) + ((((((174.468 * X2) - (((-10.375) * X5) + ((-81.484) * X1))) + (((-194.140) * X1) * ((-2.139) * X2))) / ((-118.840) - (((-57.294) * X2) + ((29.105 * X1) * (5.119 * X2))))) - (0.214 * X1)) + (((((-41.301) * X3) + ((-26.698) * X2)) - ((69.046 * X1) * (0.780 * X2))) * ((-0.006) * X2)))))))
OperonRegressor,646_fri_c3_500_10,ok,10,200,0.9442805100606885,0.2523540979061672,59.0,38.82791519165039,,(0.001 + (1.000 * ((((0.001 * X1) - (-0.004)) * ((((((32.786 * X1) - (-166.054)) - ((-102.975) * X2)) * (((-33.041) + ((0.496 * X1) * (15.851 * X2))) - ((-2.916) * X2))) * (((((-44.099) * X5) - (298.437 * X2)) * (((0.001 * X1) - ((-0.001) * X2)) * (((-1.518) * X1) - (0.926 * X2)))) - ((0.927 * X1) - ((-1.102) * X2)))) - (((1499.527 * X4) + (((-92.019) * X1) - ((3.102 * X1) * (202.621 * X2)))) - ((((-961.768) * X1) - 1709.192) - (319.505 * X2))))) / (-18.373))))
OperonRegressor,647_fri_c1_250_10,ok,10,200,0.9128160531722066,0.28803715319324685,59.0,20.24100613594055,,((-0.001) + (1.001 * ((((((0.000 * X2) - (0.000 * X5)) - (-0.001)) * (((-17.860) * X2) + (41.970 + ((-7.597) * X1)))) * (((((-4.763) * X2) - (0.656 * X5)) + ((22.884 + ((-5.777) * X1)) * (((0.227 * X2) - ((-0.049) * X5)) + 0.197))) * ((((-0.075) * X1) * (((-4.679) + ((-2.057) * X1)) * (((-37.648) * X2) - (17.204 + ((-5.578) * X1))))) + ((-3.848) * X2)))) - ((((5.784 + ((-0.387) * X1)) - (0.171 * X5)) - 6.142) + ((-0.372) * X4)))))
OperonRegressor,648_fri_c1_250_50,ok,50,200,0.946870780199726,0.22984399167597297,55.0,49.103671073913574,,((-0.008) + (1.005 * ((((0.182 * X5) + (0.013 * X3)) + (1.848 + ((0.359 * X4) - ((-1.336) * X2)))) - (((((32.541 * X19) + (1435.732 * X3)) + (2736.812 + ((90.162 * X5) + (937.825 * X2)))) - ((-537.849) + ((5.795 * X5) - (95.477 * X2)))) * ((((((-0.268) * X3) - ((-6.674) * X2)) + (((-6.228) * X2) + 3.660)) + (-3.069)) / (1237.807 + ((((2.164 * X5) + (66.507 * X2)) * ((8.339 * X3) - ((-17.326) * X2))) + (((-370.199) * X3) - (1404.570 * X2)))))))))
OperonRegressor,649_fri_c0_500_5,ok,5,200,0.9553568368415104,0.20596728987514562,56.0,66.09029746055603,,(0.000 + (1.000 * (((-0.230) + ((0.263 * X5) - ((-0.678) - (0.462 * X4)))) + ((((((7.327 * X3) - 5.609) - ((-6.891) * X2)) * ((0.040 - (0.044 * X2)) - ((-0.046) * X3))) - (((((10.837 - (7.917 * X2)) - ((-3.902) * X5)) - ((12.003 * X1) - (0.663 * X4))) * ((((0.256 * X5) - ((-0.420) * X2)) - ((-0.049) * X3)) - (((-0.882) * X1) - (-0.575)))) * ((((-0.002) * X3) - 0.021) - (0.018 * X2)))) + ((0.313 * X1) - ((-0.124) * X4))))))
OperonRegressor,650_fri_c0_500_50,ok,50,200,0.9575735782844202,0.21180947157563373,56.0,58.8535737991333,,(0.000 + (1.000 * ((0.605 * X4) - ((((-0.291) * X5) + ((((2.979 * X3) * ((-0.115) * X3)) - ((-1.279) * X2)) - (-1.824))) - ((((-21.321) + ((-4.746) * X1)) * ((-0.071) - (0.096 * X2))) - ((((((-0.025) * X3) * ((-66.204) * X3)) - (((0.297 * X2) * (6.671 * X3)) - ((-28.933) + ((-35.802) * X1)))) * (0.002 - ((-0.001) * X2))) * (((((-0.012) - (0.128 * X2)) - 0.141) * ((-35.022) + (15.100 * X1))) - (10.352 * X2))))))))
OperonRegressor,651_fri_c0_100_25,ok,25,100,0.97082042773144,0.18907983661964128,59.0,26.67862343788147,,((-0.000) + (1.000 * (((((-70.268) + ((((0.051 * X3) * (5.740 * X3)) - ((-0.015) * X17)) + 69.909)) - (((-0.146) * X3) - (0.332 * X2))) - ((((-0.636) * X4) - (0.462 * X1)) - ((((0.000 * X1) + (((-0.001) - ((-0.000) * X19)) - (0.001 * X2))) * ((((19.974 * X1) - (2.358 * X3)) - ((-1.566) * X23)) + 20.681)) * (((((-0.333) * X3) * ((3.934 * X4) - (8.771 * X1))) - ((-15.889) * X1)) + (((0.676 * X5) - ((-13.640) * X2)) + (-32.234)))))) + (0.341 * X5))))
OperonRegressor,653_fri_c0_250_25,ok,25,200,0.7621643396901461,0.47455240662697334,62.0,46.832088470458984,,((-0.000) + (0.999 * ((0.560 * X4) - ((((-0.134) - ((0.031 * X2) + ((-0.041) * X22))) + ((-0.274) * X5)) - (((0.003 - ((((-0.008) * X2) - (0.010 * X1)) - (0.001 * X3))) - (((-0.001) * X2) * ((0.248 * X17) - ((-6.927) * X1)))) * ((81.725 - ((24.033 * X2) - ((-7.346) * X14))) + ((((((-0.074) * X1) + (0.235 * X5)) * ((11.472 * X2) - (30.312 * X14))) + (((-9.049) * X1) + ((-3.268) * X5))) + (((3.220 * X1) + ((-0.583) * X5)) * (((-3.362) * X1) + (0.335 * X5))))))))))
OperonRegressor,654_fri_c0_500_10,ok,10,200,0.9385880030288691,0.23301163027044364,61.0,41.25900912284851,,((-0.000) + (1.000 * (((((((((-15.434) * X2) - (((-0.628) * X5) + (-15.857))) + ((-13.217) * X1)) * (((1.361 * X5) + 63.500) + (68.542 * X1))) * ((((-0.017) * X8) - ((-2.935) * X2)) * (0.000 + (0.000 * X2)))) - ((-0.559) * X4)) + (((0.287 * X5) + 0.656) + (0.435 * X2))) - ((((((-6.384) * X1) - ((-0.895) * X4)) - (((-10.891) * X3) - 14.054)) - (1.056 * X4)) * (0.047 + (((-0.036) * X3) + ((((-0.000) * X2) - ((-0.531) * X1)) + ((-0.552) * X1))))))))
OperonRegressor,656_fri_c1_100_5,ok,5,100,0.8806755099380917,0.34175539065616156,56.0,15.814084529876709,,(0.005 + (1.000 * ((0.356 * X4) - (((((3.347 * X3) - ((-8.483) * X2)) - (19.078 - (((22.877 * X2) - (((-2.835) * X5) - ((-0.922) * X1))) * (((0.342 * X3) - ((-0.286) * X2)) + (-0.942))))) * (((-0.000) * X5) - ((((((-0.001) * X1) - ((-0.000) * X4)) + 0.000) + 0.000) - (0.001 * X2)))) * ((-80.775) - (((((((-2.157) * X1) - (7.152 * X3)) - ((-13.544) * X2)) * ((0.248 * X1) - (-0.331))) - 8.120) * ((-6.100) * X1)))))))
OperonRegressor,657_fri_c2_250_10,ok,10,200,0.9260212418326653,0.2860758628178344,53.0,44.983534812927246,,(0.001 + (1.000 * ((((32.335 * X3) / ((((-12.637) * X3) - 85.060) - ((-8.936) * X2))) - ((((0.293 * X3) * ((-0.485) * X3)) + ((-0.055) * X3)) - (((((3.158 * X2) - 0.965) * (4.801 * X1)) - (29.591 * X2)) / (((((3.513 * X2) - 3.389) * (0.699 * X1)) - (1.019 * X2)) + 4.384)))) - ((((-5.583) * X2) - 0.415) + (((((((14.850 * X2) - (-17.624)) * (0.409 * X1)) - (3.172 * X2)) * (0.163 * X2)) - (0.206 * X5)) + ((-0.396) * X4))))))
OperonRegressor,658_fri_c3_250_25,ok,25,200,0.8882128690498065,0.38327274608212164,60.0,32.68295121192932,,(0.002 + (1.000 * (((((22.750 * X2) - (((-16.054) * X3) - 37.636)) * ((((-0.024) - (5.475 * X3)) - ((-5.481) * X3)) - ((-0.005) * X4))) + ((((4.852 * X2) - (-4.623)) - ((-0.821) * X4)) * (((0.149 * X2) - (-0.497)) - (0.060 * X4)))) - (((((-65.386) * X2) - 14.576) / ((-74.075) - ((((-20.031) * X2) - (((-29.022) - ((-1.024) * X3)) - ((-6.674) * X1))) * ((-2.193) * X1)))) * (((-7.895) * X2) - ((((-9.724) * X2) - 3.652) - (0.050 * X21)))))))
OperonRegressor,659_sleuth_ex1714,ok,7,47,0.7925455250739604,918.9758506020983,58.0,10.125141382217407,,(0.007 + (1.000 * ((((((0.006 * X6) + ((-0.084) * X3)) * (((-129.836) * X5) - ((-43.103) * X7))) + (((92.784 * X1) * ((0.056 * X6) + (0.049 * X3))) - (((-0.185) * X2) + ((-6.181) * X6)))) - ((((((-12.396) * X1) + ((140.177 + ((-16.650) * X6)) / 2.761)) + ((((-1422.637) * X2) / 1275.152) / (((-6.342) + ((-11.612) * X6)) / (-11.181)))) - (((61.827 * X6) + (35.779 * X3)) / (((18.157 * X6) + (4.261 * X3)) - 13.753))) - (21.943 * X4))) * ((-0.016) * X6))))
OperonRegressor,663_rabe_266,ok,2,120,0.9993724318188031,1.236547190586351,58.0,29.547327518463135,,(0.000 + (0.999 * ((((-0.425) * X2) + ((0.726 * X1) + (((-0.063) / (((84.030 * X2) - (31.975 * X1)) + (10.224 * X1))) - (114.462 / ((322.405 - ((-23330.055) * X1)) + ((-6760.021) * X1)))))) - (((((-0.094) * X2) + (-0.138)) / (((-15.053) * X2) + (-43.559))) * (((((-72.282) * X2) + ((-84.661) * X1)) - ((((-735.728) + (294.372 * X2)) / (42.915 + ((-429.684) * X1))) + (-37.698))) - ((((-117.113) * X2) + (49.382 * X1)) / (81.760 - ((-57.947) * X1))))))))
OperonRegressor,665_sleuth_case2002,ok,6,147,-0.07344501031841433,8.84888001895078,58.0,33.947497606277466,,((-0.022) + (0.977 * (((0.537 * X6) - (0.127 * X5)) + (((((-0.015) * X6) / (((2.274 * X4) + (0.404 * X1)) - (((-10.492) * X6) - ((-16.402) * X5)))) * ((6.243 * X6) - (-10.551))) + ((0.017 / ((11.360 * X5) - ((-1.092) - (2.197 * X6)))) - (((((-5.035) * X6) - (0.130 * X5)) / (((18.126 * X4) + ((-25.729) * X1)) - ((-41.021) * X6))) - ((((-0.004) * X5) - ((0.009 * X6) + (0.005 * X1))) * ((29.537 * X6) - (((-1.358) * X4) + (11.956 * X1))))))))))
OperonRegressor,666_rmftsa_ladata,ok,10,200,-4.672848784043094,6.695399665508726,60.0,58.42014455795288,,(0.001 + (1.002 * (((((-10.410) + (5.263 * X7)) * (((-52.281) - (((-10.077) * X1) - (23.313 * X10))) / (((-1.906) + (1.042 * X1)) / (((0.001 * X9) - (0.000 * X10)) + (0.000 * X2))))) + ((0.826 * X1) + ((-0.086) + ((((-0.002) + ((-0.003) * X1)) * (((-40.602) * X3) + (50.698 * X5))) - (0.244 * X2))))) - ((((-0.006) * X9) - ((-0.005) * X1)) * (((-45.379) * X1) + ((((-0.629) * X1) * ((2.018 * X1) - (7.072 * X10))) + ((18.695 * X10) + ((-25.595) * X7))))))))
OperonRegressor,678_visualizing_environmental,ok,3,111,-2.7576448933624707,5.800704759741907,60.0,16.927348375320435,,((-0.002) + (0.993 * (((((33.061 + (31.750 * X3)) * (((0.000 * X3) - 0.000) * (((-14.429) * X2) + ((-26.280) * X1)))) - ((((-0.657) * X1) - (-0.031)) / (((-23.605) * X2) + (22.535 * X3)))) - ((((-1.149) * X2) + ((-3.167) * X3)) / ((47.652 * X3) + ((-147.503) * X1)))) + (((((0.277 * X3) - 0.134) - ((((-4.876) * X1) - (0.280 * X3)) / ((19.318 * X2) + (81.074 * X3)))) - (((-0.199) * X3) / (((-44.474) * X2) - 80.192))) - (((-611.083) * X1) + (612.142 * X1))))))
OperonRegressor,687_sleuth_ex1605,ok,5,62,-1.7604483576271273,23.510352009471152,55.0,18.561015605926514,,((-0.028) + (1.001 * ((((((-68.906) * X2) * (((-0.007) * X1) - (-0.001))) + (0.776 * X5)) - (((((16.898 * X4) + (((-197.060) + (553.045 * X5)) / (168.725 * X2))) - (0.659 - ((-1.879) * X3))) - ((2.350 * X1) - ((-2.602) * X5))) * (((5.158 / ((-471.699) * X4)) + (0.022 * X5)) - (((0.006 * X4) + (((-0.018) * X1) - (-0.007))) - ((-0.077) / ((173.495 * X5) - (88.828 * X3))))))) - ((-7.335) / ((-19.477) - (157.792 * X5))))))
OperonRegressor,690_visualizing_galaxy,ok,4,200,0.9697459021379057,15.713405196027475,62.0,45.929436922073364,,(0.000 + (1.000 * ((((((((-0.001) * X1) + ((-0.010) * X2)) + (0.012 * X4)) * (((3.993 * X2) + (5.002 * X4)) - (0.767 * X1))) - ((0.007 * X4) - (-0.020))) * ((((-19.093) * X1) - ((((-49.903) * X2) + ((-6.662) * X4)) - (-0.275))) + (((((-2.459) * X4) / ((0.128 * X4) - ((24.266 * X1) - ((-4.905) * X2)))) - ((3.844 * X2) + (18.495 * X4))) * ((((-28.789) * X1) - ((-46.714) * X2)) * ((0.004 * X2) + (0.020 * X4)))))) - (((0.525 * X2) + ((-0.314) * X4)) - (-0.087)))))
OperonRegressor,695_chatfield_4,ok,12,200,0.8262525966680107,19.152913195997666,59.0,39.10308480262756,,((-0.004) + (1.000 * ((((0.034 * X8) - ((-0.335) * X11)) + (0.598 * X12)) + (((((393.520 * X12) + (133.344 - (228.711 * X11))) + ((-318.324) * X8)) - (((((-7.553) - ((-8.069) * X11)) + ((-14.599) * X1)) * (((34.401 * X6) - (80.363 * X11)) + (82.381 * X12))) + ((257.289 * X5) - ((-10.022) * X11)))) * ((0.000 * X6) - (((0.001 * X12) / ((((-0.948) * X8) - ((-0.362) * X11)) + ((-11.399) * X1))) + ((0.001 * X5) - (((-0.000) * X11) + ((0.000 * X8) - (0.000 * X11))))))))))
OperonRegressor,706_sleuth_case1202,ok,6,93,0.46673537135528875,72.13390157711147,62.0,20.40338969230652,,(0.001 + (1.005 * (((0.758 * X5) - (((0.061 * X5) + ((-0.421) * X1)) / ((((-2.215) * X3) - ((5.672 * X2) - ((-7.846) * X5))) + ((-49.331) * X6)))) + (((((((-76.264) * X1) - ((-97.962) * X2)) - (35.528 * X4)) - (((-72.478) - (((-35.349) * X4) * (1.674 * X4))) - (57.275 * X3))) - (((0.529 * X3) - ((0.756 * X2) - ((-0.395) * X5))) * ((((-51.660) * X3) - ((103.354 * X2) - ((-182.993) * X5))) + (18.972 * X6)))) * ((((-4.540) * X5) - 14.669) - (((-4.537) * X5) - 14.665))))))
OperonRegressor,712_chscase_geyser1,ok,2,200,0.7017103413778694,7.327693170850867,53.0,35.65283513069153,,(0.014 + (0.999 * ((((0.002 * X2) / ((2.096 - (0.673 * X2)) + ((-2.717) * X1))) + (0.926 * X2)) + (((0.006 / (((-0.226) - (0.632 * X2)) * (((-799843520.000) * X2) / (901940032.000 * X1)))) - (0.218 / (((-2.568) / (6.982 - ((6.449 * X2) + ((-9.411) * X1)))) + ((-24.788) * X2)))) + ((((-0.605) - ((-0.772) * X2)) * ((0.209 * X2) / (((-8.176) * X2) + (7.501 * X1)))) - ((3.941 * X2) / ((49.826 * X2) + ((-7.639) * X1))))))))
OperonRegressor,_deprecated_195_auto_price,ok,15,159,0.8473045270106636,2469.437638255064,60.0,32.04476237297058,,((-0.000) + (1.000 * (((0.715 * X7) + (0.191 * X12)) + ((((((19.264 * X5) - (10.409 * X8)) - ((-2.741) - ((-1.781) * X2))) / ((((-23.942) * X7) + (1.469 * X12)) - ((-124.534) - ((-69.578) * X2)))) - ((((0.039 * X2) + ((-0.021) * X12)) / ((0.629 * X5) + (-0.949))) + ((0.322 * X8) + (0.209 - (0.086 * X5))))) - ((((((((-94.826) * X5) + 41.456) - (((-231.170) * X8) - ((-73.759) * X8))) * (0.333 * X5)) + (60.337 * X7)) + ((-21.923) * X2)) * ((-0.002) * X5))))))
OperonRegressor,_deprecated_207_autoPrice,ok,15,159,0.8473045270106636,2469.437638255064,60.0,33.079551219940186,,((-0.000) + (1.000 * (((0.715 * X7) + (0.191 * X12)) + ((((((19.264 * X5) - (10.409 * X8)) - ((-2.741) - ((-1.781) * X2))) / ((((-23.942) * X7) + (1.469 * X12)) - ((-124.534) - ((-69.578) * X2)))) - ((((0.039 * X2) + ((-0.021) * X12)) / ((0.629 * X5) + (-0.949))) + ((0.322 * X8) + (0.209 - (0.086 * X5))))) - ((((((((-94.826) * X5) + 41.456) - (((-231.170) * X8) - ((-73.759) * X8))) * (0.333 * X5)) + (60.337 * X7)) + ((-21.923) * X2)) * ((-0.002) * X5))))))
OperonRegressor,auto_insurance_losses,error,24,164,,,,,missing result,
OperonRegressor,auto_insurance_price,error,23,200,,,,,missing result,
OperonRegressor,feynman_III_10_19,ok,4,200,0.999882335961572,0.07931255026604023,62.0,7200.0520832538605,,(0.000 + (1.000 * ((-0.103) + (((((((0.656 * X4) + ((-0.673) * X2)) * ((0.039 * X4) + ((-0.042) * X2))) - ((-0.209) * X2)) - (((((-0.009) * X4) + (0.009 * X2)) - ((0.009 * X3) - (0.010 * X2))) * (((0.908 * X3) - (-7.469)) - ((1.867 * X4) + ((-1.001) * X2))))) * (((((-0.197) * X4) + (0.215 * X2)) - (((-37.526) + ((9.037 * X4) + ((-7.967) * X2))) * ((0.005 * X4) + ((-0.006) * X2)))) - ((-4.097) + (((-0.031) * X3) - (1.548 * X1))))) - ((-0.824) * X1)))))
OperonRegressor,feynman_III_12_43,ok,2,200,0.9999999954229323,5.466451932522487e-05,18.0,7200.043952703476,,((-0.000) + (1.000 * (((((-0.000) * X1) - ((-0.347) * X2)) * (1.956 + (((-1.473) * X1) * (-0.514)))) - ((-0.684) * X1))))
OperonRegressor,feynman_III_13_18,ok,4,200,0.9999999790739127,0.0794783841285044,55.0,6311.783824682236,,(0.000 + (1.000 * ((((((((-6.560) * X2) + (((3.370 * X2) + (0.005 * X4)) + (-8.294))) * 3.454) * ((((-0.001) * X3) + (4.671 * X1)) - (-12.125))) * (((2.913 * X3) + ((-0.001) * X1)) - (-7.572))) * ((((-0.031) + (((((-0.053) * X2) + (-0.401)) / ((0.002 * X4) - 8.609)) + ((-0.000) * X3))) - (((-0.000) * X3) + ((-0.000) * X1))) / ((25.915 + ((-26.659) * X4)) + (-95.096)))) + ((-1.276) - (-0.431)))))
OperonRegressor,feynman_III_14_14,ok,5,200,0.988126201339549,0.7628251303942118,58.0,7200.271402835846,,(0.001 + (1.002 * (((((-0.049) * X5) + 0.973) + ((((((0.143 * X3) - (0.170 * X5)) - (0.146 * X4)) * (((-7.868) * X4) - (((-12.309) * X2) + (12.506 * X5)))) + ((2.606 * X5) + 15.221)) * ((((0.000 * X4) + (((-0.001) * X1) + (-0.001))) + (0.000 * X5)) * ((((-0.533) * X3) + ((((-0.631) * X2) + (1.009 * X5)) + (-3.551))) * ((2.877 * X3) + (((-2.685) * X4) - (((-2.135) * X2) + (2.162 * X5)))))))) + ((0.059 * X2) - (((-0.310) * X1) + 1.212)))))
OperonRegressor,feynman_III_15_12,ok,3,200,0.3971819636126652,3.9712748436162855,60.0,7200.048798322678,,((-0.059) + (1.007 * ((((((((239.913 * X3) - ((-22.620) - (10.938 * X1))) * ((-0.117) * X2)) - (1.104 * X3)) * ((-0.003) * X2)) - ((0.002 * X1) + (0.249 * X3))) * ((((((258.366 * X2) + (78.933 * X3)) * ((1242.776 * X2) - (4928.708 * X3))) * ((-0.000) * X2)) - (((131.544 * X3) - ((87.704 * X1) + ((-15.446) * X3))) - (81.940 - (414.259 * X2)))) * (((((((-109.937) * X2) + ((-66.923) * X3)) * (0.120 * X2)) - ((-8.224) * X2)) * (0.000 * X2)) - (0.003 * X3)))) - ((-0.377) * X1))))
OperonRegressor,feynman_III_15_14,ok,3,200,0.999978182102853,8.047490000083306e-05,56.0,5813.7434258461,,((-0.000) + (1.000 * ((((((((-19.753) * X3) - (((-13.727) * X1) + 22.000)) + ((((-0.028) * X2) - 0.013) * (((-62.346) * X1) - ((-257.573) * X3)))) + ((-14.225) * X2)) / ((((-1.171) * X3) - ((14.127 * X2) - 4.122)) - 42.419)) / ((-63.453) - (23.585 * X3))) * ((((((-6684.977) - (1828.967 * X3)) + (((3.931 * X2) + (24.194 * X1)) * ((5.181 * X2) + ((-2.592) * X3)))) + ((-1013.791) * X1)) + (119.220 * X2)) / ((-165.015) - (67.268 * X3))))))
OperonRegressor,feynman_III_15_27,ok,3,200,0.999999987923882,0.00029591902922355517,58.0,5541.5834403038025,,((-0.000) + (1.000 * ((((((((0.321 * X1) - (153.970 * X3)) + (579.593 - ((-49.958) * X3))) + ((((615.100 * X1) - ((-0.292) * X3)) + (((-534.143) * X2) + 206.467)) / (((0.630 * X2) + ((-0.000) * X3)) - ((-4.506) * 0.363)))) / (((0.005 * X2) - ((-11.510) * X3)) - ((-5.877) * 5.075))) - (((((((-18.790) * X3) + ((-22.966) * X1)) - (29.353 * X2)) * ((-0.000) * X2)) + ((-1.908) * X1)) + 38.634)) * ((-0.164) - (-0.188))) + ((-0.046) * X1))))
OperonRegressor,feynman_III_17_37,ok,3,200,0.9999987231340156,0.005657728464132266,58.0,7200.093382120132,,(0.000 + (1.000 * (((((((-1.408) * X2) - 3.659) + ((0.006 * X3) * (((2.592 * X2) * (5.872 * X3)) + (39.398 * X3)))) * ((((((-0.000) * X3) * ((-2.560) * X3)) - 0.015) + ((-0.000) * X3)) * (((((-0.001) * X1) - (-7.456)) + (0.098 * X3)) - (((((-2.202) * X3) * ((-1.863) * X3)) + (0.023 * X3)) + ((-0.940) * X3))))) * (((((-1.645) * X1) - 9.096) - (((-0.000) * X2) - 0.618)) - (-4.222))) - (((-0.157) * (1.468 * X1)) + (-0.801)))))
OperonRegressor,feynman_III_19_51,ok,5,200,0.9468631004016114,0.4184729627740118,63.0,6820.885816335678,,(0.131 + (1.018 * (((((((-0.002) * X4) * ((((-37.359) * X5) + ((-162.888) * X4)) + (29.549 * X5))) + ((-0.339) * X3)) * (((59.167 - (18.881 * X4)) - (28.760 * X3)) - ((-49.109) * X1))) * ((((-0.000) * X2) - (((-0.000) * X5) + ((-0.000) * X4))) * (((56.073 - ((-45.040) * X2)) - (19.250 * X3)) * ((((-0.102) * X3) + ((-0.110) * X4)) - ((-0.149) * X2))))) * ((((0.021 * X2) - ((0.073 * X5) + (0.039 * X4))) - (0.058 * X3)) * (((13.671 * X5) * (1.806 * X5)) + ((-20.262) * X3))))))
OperonRegressor,feynman_III_21_20,ok,4,200,0.9999999833304893,0.0013192426109768015,47.0,7200.6126708984375,,(0.000 + (1.000 * (((0.463 + ((-0.000) * X2)) - (-0.604)) + (((((((87.259 * X3) - ((0.034 * X4) - 36.128)) * (((-0.014) * X2) - (0.009 + ((-0.000) * X3)))) - (((0.350 * X2) + (2.358 * X3)) + ((-0.000) * X4))) + ((-2.321) * X2)) - 7.903) * ((0.000 * X4) - (((-0.000) * X1) - (((((-0.035) * X1) + (0.000 * X2)) - 0.091) / ((-0.845) + ((-0.324) * X4)))))))))
OperonRegressor,feynman_III_4_32,ok,4,200,0.9919491495415546,0.8238733269249737,56.0,7043.538496017456,,((-0.000) + (1.000 * ((((((((((-246.809) * X1) + (5.201 * X3)) + (203.600 * X4)) * (((0.002 * X3) - (0.000 * X4)) - ((0.003 * X1) + ((-0.000) * X2)))) * (((10.754 * X1) + (0.528 * X2)) - 23.122)) + ((((-26.508) * X3) - (16.092 * X1)) - ((-37.909) - ((-22.909) * X4)))) + ((40.948 * X1) + (42.793 * X2))) * (((((((-0.001) * X2) - (-0.002)) - ((-0.000) * X4)) * ((0.129 * X1) + (2.894 * X2))) + ((-0.001) * X4)) - 0.009)) + (0.066 * X4))))
OperonRegressor,feynman_III_4_33,ok,4,200,0.9999953160677032,0.011027616457410093,63.0,7200.0363936424255,,(0.000 + (1.000 * (((((-8.963) - (0.161 * X4)) + (((-0.222) * X3) - (((((-36.548) * X1) + (40.969 * X4)) * ((-7.694) - ((-4.803) * X3))) * (((-0.000) * X2) + (-0.000))))) * ((((((-0.006) * X4) + (0.027 * X2)) + (0.005 * X1)) - (((-0.002) * X1) * (1.115 * X2))) - ((0.006 * X3) - ((-0.022) * X2)))) + (((-8.060) * X4) - ((((0.030 * X3) - ((-0.005) - ((-0.655) * X3))) - ((1.848 - ((-0.046) * X3)) * (((-0.004) * X1) + (5.628 * X4)))) - ((-1.715) * X4))))))
OperonRegressor,feynman_III_7_38,ok,3,200,0.9999999842472704,0.0045450813482088796,46.0,7200.509996414185,,(0.000 + (1.000 * ((0.000 * X3) - ((((-0.027) + ((-0.010) * X1)) * ((((-150.422) + ((((-35.470) * X3) - (120.994 * X2)) + ((98.225 * X3) + (0.025 * X1)))) / ((((-3.076) * X3) + (0.000 * X1)) + ((39.919 * X1) / ((-4.981) * X1)))) - (((-0.543) * X3) - (11.007 + ((((-0.543) * X3) + (0.012 * X1)) - ((34.626 * X1) / ((-3.691) * X1))))))) - (-1.263)))))
OperonRegressor,feynman_III_8_54,ok,3,200,0.2481005150127561,0.3079521356116911,58.0,7200.27400135994,,(0.104 + (1.043 * (((-0.087) * X2) + ((((((((76.377 * X3) - (22.720 * X2)) + ((-54.863) + ((-63.830) * X1))) * ((7.023 * X2) + ((86615440.000 * X1) / 16743607.000))) * ((((-9.371) * X3) * ((0.001 * X1) - (0.008 * X3))) - 0.170)) + (19.084 * X3)) + (((17.458 * X3) - (53.952 * X2)) + ((-41.889) + ((-53.364) * X1)))) * (((-0.000) + (((-0.000) * X3) - ((-0.000) * X2))) * (((52.127 * X3) - (10.615 * X2)) - (((-9.462) * X2) * (((-15.910) * X1) * (0.223 * X3)))))))))
OperonRegressor,feynman_III_9_52,ok,6,200,0.8836658766271365,4.911097177989892,50.0,7200.075714349747,,(0.004 + (1.004 * (((((22.379 * X2) + ((32.003 + 32.364) + ((52.178 * X1) - (27.431 * X4)))) + (((75.403 - ((3.661 * X3) + (43.939 * X6))) + (26.460 * X5)) * (((0.146 * X3) + 0.266) * (((4.846 * X6) + 7.858) + ((-2.932) * X5))))) * (((0.001 - ((-0.001) * X2)) - (0.001 * X4)) - (((((-1.772) * X6) - ((-1.142) * X5)) * (0.002 * X5)) + (-0.007)))) - (((0.037 * X6) + 1.111) + ((0.230 * X3) + ((-0.026) * X6))))))
OperonRegressor,feynman_II_10_9,ok,3,200,0.9999999494044983,5.567324780577176e-05,53.0,7200.061981916428,,(0.000 + (1.000 * (((((-0.399) * X2) + (0.000 * X1)) + ((0.398 * X2) - 1.377)) - (((0.000 * X3) + ((((((-0.215) * X1) + (0.213 * X2)) / (((-0.791) * X2) - 2.064)) - ((11.182 - ((-0.000) * X2)) + (((-0.004) * X3) + (-11.465)))) / ((-4.296) - (1.241 * X3)))) * (((27.979 - ((-0.002) * X2)) + (((-0.904) * X3) + (-12.010))) - (((((-0.001) * X2) * (2.173 * X2)) - (0.900 * X3)) - ((-0.000) * X1)))))))
OperonRegressor,feynman_II_11_20,ok,5,200,0.995611686956113,0.4707038967670706,57.0,6249.126653671265,,((-0.003) + (1.000 * ((((((((-7.815) * X3) - 123.010) - (35.741 * X4)) + ((-3.493) * X2)) + ((-15.445) * X2)) / ((((-43.623) * X4) + (-105.923)) * ((39.704 * X5) + 104.028))) * ((((0.104 * X4) - 0.528) * (((32.151 * X4) - (-157.950)) - (12.793 * X2))) - ((((23.186 * X3) - ((-70.707) - ((-10.557) * X4))) * (((((-0.002) * X5) - ((0.005 * X1) + 0.015)) * ((((-8.372) * X4) - (-52.859)) - ((-24.940) * X2))) + (0.051 * X1))) + (31.216 * X5))))))
OperonRegressor,feynman_II_11_27,ok,4,200,0.99985260186911,0.008522151746211008,58.0,7200.0300443172455,,((-0.001) + (1.000 * ((0.553 * X2) - ((((((((-0.004) * X3) + ((-0.180) * X1)) + ((-0.153) * X2)) - 2.364) * (0.001 + (0.000 + (((-0.000) * X4) + (0.000 * X2))))) + ((-0.000) * X2)) * (((-41.535) - (((-18.355) * X1) + ((-93.121) * X4))) + ((((1.640 * X2) + (18.721 * X1)) - ((((-8.380) * X1) - 14.668) * (0.390 * X3))) * (2.905 + ((((-0.500) * X1) * ((-1.437) * X2)) + ((13.385 + ((-0.378) * X1)) + ((3.297 * X4) + (0.759 * X2)))))))))))
OperonRegressor,feynman_II_11_28,ok,2,200,0.9999997430826028,0.00014706144436666603,56.0,7200.087351560593,,(0.000 + (1.000 * (((((((-2.830) * X1) - ((((-0.283) * X1) - 0.458) + (0.673 - ((-0.172) * X2)))) * (5.906 + (0.354 * X1))) - (((((0.034 * X1) - ((-0.006) * X2)) * ((((-0.189) * X1) - (1.141 * X2)) + 0.409)) - ((-0.022) * X2)) * ((((-2.852) * X1) - (0.539 * X2)) * (5.412 + (0.518 * X1))))) * (((-0.022) * X2) - ((((-0.001) * X2) - 0.002) * (((-1.338) * X1) - (2.785 * X2))))) - ((((-0.590) * X1) - (0.560 * X2)) + 0.081))))
OperonRegressor,feynman_II_11_3,ok,5,200,0.9983108923099475,0.005108739269769564,60.0,7200.22195315361,,(0.003 + (1.004 * ((((((-435.493) * X3) + ((-42.692) * X5)) + (((((1.959 * X1) + ((-1.406) * X2)) - (((0.238 * X4) + (-7.034)) - (((-3.969) * X3) + ((-0.369) * X5)))) * ((19.424 * X3) - (96.642 + (17.611 * X2)))) + ((-118.713) * X2))) * ((((-0.093) * X2) - ((0.364 + ((-0.073) * X4)) - ((0.113 * X3) + (0.001 * X5)))) / ((((-5.932) * X1) + 308.687) - (((-76.891) * X4) - ((-26.180) * X5))))) - (((((-0.110) * X1) + 0.397) + ((-0.016) * X2)) + 0.678))))
OperonRegressor,feynman_II_13_17,ok,4,200,0.9717786514106818,0.004191555035307455,58.0,7200.4546983242035,,((-0.003) + (1.002 * ((4.152 - (1.757 * X2)) * ((((((-4.617) + ((3.573 * X2) + (0.436 * X1))) - ((-17.648) * X1)) * (1.977 + (((-1.167) * X1) - ((-0.880) * X3)))) + (115.704 - ((38.976 * X3) - ((62.044 * X2) - (((-33.867) * X2) - (36.118 * X4)))))) * (((0.000 * X4) + (-0.000)) * ((((((-47.164) - ((-12.133) * X2)) - ((-13.357) * X1)) * (((-0.167) * X2) - (0.050 * X4))) * ((0.160 * X2) - ((-0.058) * X4))) + (2.731 - ((-0.277) * X3))))))))
OperonRegressor,feynman_II_13_23,ok,3,200,0.9999988656130033,0.0012933251551877456,59.0,7200.323140144348,,(0.000 + (1.000 * ((((((-0.001) + (((-0.000) * X1) + ((-0.000) * X1))) * (((-1.110) - (1.600 * X3)) - (((-0.329) * X2) + (-6.214)))) * ((((-7.863) * X2) + 10.197) - ((((-16.575) * X3) - (1.800 * X2)) - ((-2.237) * X2)))) * (((((((-3.140) * X3) - ((-1.012) * X2)) * (((-0.040) - (0.183 * X3)) * (((-6.304) * X3) + (0.404 * X2)))) + 8.932) * ((((-2.255) * X3) - ((-0.610) * X2)) * (0.012 - (0.005 * X3)))) + 1.401)) + (0.993 * X1))))
OperonRegressor,feynman_II_13_34,ok,3,200,0.999983148287397,0.008659226098607304,62.0,7200.115691661835,,((-0.000) + (1.000 * (((0.561 * X1) - 0.779) - ((((((-0.001) * X3) - ((((-0.014) - (0.113 * X1)) - ((2.293 * X3) + ((-1.276) * X2))) * (0.000 * X3))) - (-0.015)) - (((-0.009) * X2) - (0.000 * X1))) * ((((-0.943) * X2) - (((-1.052) * X3) + ((19.376 * X1) - (-50.508)))) + ((((-3.461) * X3) - ((-2.612) * X1)) * (((((-0.013) * X3) - (-0.024)) * (((-2.125) * X3) + (1.917 * X2))) * ((-2.783) - (((132.744 * X3) * (0.024 * X3)) - ((-1.524) * X3))))))))))
OperonRegressor,feynman_II_15_4,ok,3,200,0.9999951858297806,0.011527300037463576,53.0,7140.771067857742,,(0.005 + (1.007 * ((((39.497 - ((-15.326) * X2)) - ((((((-3.112) * X2) - (130.102 - (3.112 * X2))) - (((1.088 * X3) * ((-4.313) * X3)) + (61.224 * X1))) * ((-1.095) - (0.419 * X2))) * (((0.014 * X3) * (10.094 * X3)) + ((-1.220) - (0.000 * X2))))) * ((0.001 * X3) - ((((((-0.000) * X3) * ((-0.366) * X3)) * (1.973 * X3)) + (-0.008)) - (((-0.003) * X3) * (1.500 * X3))))) + ((-0.772) - ((-0.000) * X3)))))
OperonRegressor,feynman_II_15_5,ok,3,200,0.9999993159244243,0.004326321264885525,57.0,7200.067772388458,,((-0.000) + (1.000 * (((-0.771) - (((0.000 * X3) + ((-3.242) * X1)) + (3.241 * X1))) - (((((0.257 * X3) * ((-2.716) * X3)) + (9.915 + ((-0.256) * X3))) * (((0.239 * X3) + 4.262) - (((-2.514) * X3) * ((-0.088) * X3)))) * ((((((0.190 * X3) + 1.430) - (((-3.501) * X3) * ((-0.223) * X3))) * ((1.431 * X1) + 3.710)) * ((((-0.003) * X2) + (((3.119 * X3) * (0.021 * X3)) * (((-8.563) * X3) * (0.000 * X3)))) + (-0.008))) + 0.000)))))
OperonRegressor,feynman_II_21_32,ok,5,200,0.9825107514817462,0.006355608266617246,54.0,7200.16636133194,,(0.006 + (1.004 * (((((0.033 - ((-0.005) * X4)) - (0.009 * X2)) - (((0.002 - ((-0.000) * X4)) - ((0.002 * X3) + (0.001 * X1))) * (((3.402 * X3) - (-2.492)) - (((-2.977) * X3) + (5.138 * X1))))) * ((((((2.719 + ((-0.874) * X5)) + ((-0.924) * X2)) * ((5.732 + (0.915 * X5)) + ((-2.869) * X2))) + 28.395) * (((((-0.147) * X3) - 2.033) - (((-0.111) * X1) - ((-0.173) * X5))) + ((-0.705) * X2))) + 99.738)) - 0.780)))
OperonRegressor,feynman_II_24_17,ok,3,200,0.9999998005205212,0.0003852208371680109,57.0,7200.143418073654,,(0.000 + (1.000 * (((((-3560.005) - ((685.691 * X3) + (541.364 * X1))) - ((-154.733) * X2)) / (((183.862 * X2) - ((((-193.647) * X3) + (232.378 * X2)) + ((-157.249) * X1))) - (-1005.648))) + ((((((-2.219) * X3) + (117.118 * X1)) - (-1009.465)) / ((51.372 * X2) - (-265.536))) - ((0.600 - (((-0.059) * X2) + (0.008 * X1))) * ((((6.017 * X1) - ((62.331 * X2) - (34.824 * X3))) - (-899.340)) / (((370.379 * X3) + ((46.843 * X1) + ((-74.706) * X2))) - (-1404.034))))))))
OperonRegressor,feynman_II_27_16,ok,3,200,0.9999999860949023,0.010694161028221107,56.0,5340.1220943927765,,((-0.000) + (1.000 * ((((0.001 * X3) - (-0.002)) * ((-70.859) + (((0.003 * X1) - (19.049 - ((-7.526) * X3))) * (((((-476.000) * X1) - (11.289 - (1.757 * X1))) * ((0.008 * X2) - ((-0.000) * X3))) - ((((5.702 * X2) + (9.797 * X1)) - ((-20.899) * X3)) + (3.932 * X2)))))) + ((((((-0.005) * X2) / ((-210.011) * X1)) + ((0.006 * X2) + ((-11.145) * X3))) - 44.425) * ((0.000 * X2) - (((0.002 * X1) + ((-7.640) * X3)) * (0.001 * X3)))))))
OperonRegressor,feynman_II_27_18,ok,2,200,0.999999987488015,0.0028505194059816096,19.0,7200.355551481247,,(0.000 + (1.000 * (((((-0.179) * X2) - 0.452) * (((-0.872) * X2) - (1.935 + ((0.647 * X1) * ((0.520 * X2) - (-1.391)))))) - (1.032 - (0.071 * X2)))))
OperonRegressor,feynman_II_2_42,ok,5,200,0.9999991267134674,0.0069946761696922,65.0,7200.308964014053,,((-0.002) + (1.000 * ((((((-14.311) * X3) - ((-14.375) * X2)) * (((((158728.594 * X5) + ((-192337.750) * X4)) + (((-217787.109) * X1) + ((-400935.562) + (192338.703 * X4)))) + ((((-158719.922) * X5) + (-24221.457)) + (-138165.438))) / (-16908.531))) * ((((((-5557.246) * X5) + (10473.915 * X4)) + (-314778.750)) + ((((-194658.938) * X5) + (((-260942.734) * X5) + ((-298547.750) * X4))) + (((461110.188 * X5) + ((-13596.383) * X4)) + (-466910.750)))) / (((((-212891.094) * X5) + ((-47.683) * X4)) + (-400622.781)) + (-153251.766)))) / (-1467.977))))
OperonRegressor,feynman_II_34_11,ok,4,200,0.9999999880325454,0.0005504760053339571,60.0,7200.405351638794,,((-0.000) + (1.000 * ((((((20.085 * X3) + (126.464 - (0.012 * X1))) * (((-2.051) * X2) - ((((-0.081) * X2) - ((0.000 * X3) - (-0.000))) * ((0.003 * X3) + ((-9.767) * X1))))) + ((-12647.185) / 8532.099)) - ((((((0.060 * X3) + (678.065 * X1)) - (-1766.744)) * (((-0.039) * X2) - ((((-0.060) * X3) + ((-0.000) * X1)) + (0.047 * X2)))) + ((-58.357) - ((-106.193) * X1))) + ((-128.579) * X4))) / ((((-0.004) * X2) + (((-120.106) * X4) - (-2.242))) - 314.469))))
OperonRegressor,feynman_II_34_2,ok,3,200,0.9999999775872707,0.0014440130476193233,33.0,7200.246744632721,,(0.000 + (1.000 * ((((((-0.177) * X2) - (0.000 * X1)) - 0.459) * ((0.000 * X2) - ((((0.003 * X2) - ((-7.087) * X1)) + (((((-1.454) * X3) + 2.095) + ((6.622 * X3) + ((-7.089) * X1))) + 11.397)) * (0.226 + (0.087 * X1))))) + (((-0.000) * X2) + (-1.399)))))
OperonRegressor,feynman_II_34_29a,ok,3,200,0.9999999892940243,2.3674885824599335e-05,54.0,5723.5286066532135,,(0.000 + (1.000 * ((((((-193.044) - (345.837 * X1)) + (((0.360 * (((-90.451) * X3) + ((-114.938) * X1))) - ((107.900 + ((-829.114) * X3)) + (868.394 * X2))) + (((((-0.002) * X3) + ((-15.289) * X1)) + ((24.208 * X1) / ((-6.097) * X1))) * (38.040 + (24.295 * X2))))) / ((((-7.291) * X3) + ((-0.000) * X1)) + ((42.314 * X1) / ((-2.239) * X1)))) - ((0.005 * X3) - ((-52.141) + (((0.714 * X1) * 0.010) - (-0.617))))) * 0.008)))
OperonRegressor,feynman_II_34_29b,ok,5,200,0.9999999840196965,0.02771354623501607,51.0,6262.202769756317,,(0.000 + (1.000 * ((((0.001 * X2) - 0.930) + (((((1.571 * X3) * ((-6.044) - (2.323 * X5))) + (((-0.001) * X2) * 2.460)) + (((-9.470) * X5) + (-24.642))) * (((11.859 * X4) + (30.991 - (0.001 * X5))) * ((((((-0.217) * X3) - ((-0.031) * X1)) - 0.040) / ((15.435 * X2) - (-40.197))) + ((((0.098 * X3) + ((-0.021) * X1)) + (0.000 * X2)) / ((6.983 * X2) - (-18.186))))))) + (((-6.394) * X2) * 0.000))))
OperonRegressor,feynman_II_34_2a,ok,3,200,0.9999999870331164,5.2471883112443124e-05,52.0,5621.077138185501,,(0.000 + (1.000 * (((((-6.010) + ((-7.298) * X3)) + (((((-17.565) * X3) + ((14.121 * X2) - 94.079)) + ((((-204.854) * X1) - ((-17.501) * X3)) + ((-14.071) * X2))) * ((((-0.011) * X2) + (((-0.000) * X3) + ((-0.013) / 0.898))) - 0.015))) + (4.973 * X2)) / ((0.695 * X1) - (((-5.780) * X3) + (((((-0.154) * X2) - 2.426) - 2.141) + ((((0.154 * X2) - 1.722) - 8.924) + (0.240 - ((-0.695) * X1)))))))))
OperonRegressor,feynman_II_35_18,ok,5,200,0.9960033926900921,0.020082008687568466,59.0,6646.05060005188,,((-0.000) + (1.000 * ((0.907 - ((0.158 * X5) - (0.851 * X1))) + ((((((-0.733) * X2) + ((0.621 * X4) + ((-1.210) - ((0.130 * X1) + ((-0.317) * X5))))) * (((-0.798) * X2) + (((((-3.658) * X4) - (-13.843)) + (5.226 * X3)) + ((-2.150) * X5)))) + (44.216 - ((7.565 * X5) - (5.069 * X1)))) * (((-0.001) - ((0.000 * X1) + ((-0.000) * X3))) * (((-10.808) * X2) + (((((4.440 * X4) + 46.500) + ((-2.652) * X1)) + ((-8.753) * X3)) + (16.522 * X5))))))))
OperonRegressor,feynman_II_35_21,ok,5,200,0.9950079574597848,0.35679958833107656,49.0,6331.394843578339,,(0.001 + (1.001 * (((-1.404) + (0.070 * X5)) - ((((1.100 + (0.528 * X5)) - (0.404 * X3)) - ((((3.799 * X2) + (33.384 * X3)) + ((-37.067) + ((-40.763) * X5))) / (((-76.431) + (5.003 * X4)) - (5.421 * X3)))) * (((((-46.105) - ((-0.656) * X3)) - (16.684 * X1)) + ((1.315 * X5) + (1.684 * X2))) * ((0.024 * X2) + (((((-0.005) * X4) + 0.051) + ((-0.008) * X5)) - ((-0.004) * X3))))))))
OperonRegressor,feynman_II_36_38,ok,8,200,0.9530247399898318,0.2436893648795993,64.0,6232.736505746841,,((-0.000) + (1.000 * ((((((-8.098) * X5) - ((-6.140) * X3)) - (((((((-16.969) * X4) - ((-70.509) * X7)) * ((-0.309) * X7)) - ((22.597 * X8) - ((-10.878) * X2))) + (((-77.139) * X1) + (82.593 * X3))) + ((0.227 - ((((-0.068) * X1) + (0.017 * X3)) - ((-0.078) * X4))) * (((191.433 * X7) + ((93.161 * X6) + (235.498 * X4))) - (194.785 * X2))))) * (((((0.000 * X1) + ((-0.002) * X3)) - (0.001 * X4)) - ((-0.001) * X5)) + 0.005)) - ((((-0.129) * X5) - (-0.376)) - ((-0.135) * X4)))))
OperonRegressor,feynman_II_37_1,ok,3,200,0.9999999317143835,0.006163850938197079,58.0,6119.338219642639,,(0.000 + (1.000 * (((((((((-0.003) * X3) + (1.900 * X1)) + (0.001 * X2)) - (-3.412)) * (((0.026 * X3) + (0.000 * X1)) + ((-0.000) * X2))) * ((1.316 * X2) - (-3.368))) + (((0.001 * X3) - (-0.232)) * (((0.600 * X3) + (2.539 * X1)) + (0.683 * X2)))) + ((((((-1.201) * X3) + ((-5.276) * X1)) + ((-0.005) * X2)) - 10.042) * (((-0.043) * X2) - ((((-0.000) * X3) * (0.993 * X3)) * (((6.173 * X3) + ((-0.463) * X1)) + ((-0.918) * X2))))))))
OperonRegressor,feynman_II_38_14,ok,2,200,0.9999999530771871,4.6378357521578425e-05,60.0,6085.018659114838,,(0.000 + (1.000 * (((((-0.053) * X2) + ((0.070 * X1) - (((((-1.969) * X2) - ((0.005 * X2) - 0.908)) * ((22.588 * X2) + (0.002 * X1))) * (((((-0.000) * X2) + ((-0.000) * X1)) * ((0.065 * X2) - (-0.083))) * ((2.096 * X2) + ((-2.816) * X1)))))) * ((((-2.772) * X2) + ((((((-1.440) * X2) - (-4.605)) * ((0.051 * X2) + (0.000 * X1))) * ((0.249 * X2) + ((-0.002) * X1))) * (14.306 + (((-0.006) * X1) + ((-0.933) * X2))))) - (-9.635))) + (-0.172))))
OperonRegressor,feynman_II_38_3,ok,4,200,0.9999999846509309,0.0012319784851766366,55.0,6485.572983503342,,(0.000 + (1.000 * ((((((((-5.047) * X1) - ((-5.051) * X3)) * (((-0.001) * X3) - (-23.320))) / (((-64.860) - ((0.095 * X1) - (-6.278))) + (((-16.265) * X3) - (((-0.098) * X1) - ((-11.102) * X3))))) + ((0.000 * X2) - (-4.304))) * ((((-0.101) * X2) * (((-0.301) * X4) - (-0.039))) + ((0.189 * ((0.423 * X4) - ((-1.100) - (0.068 * X2)))) + (0.071 * X2)))) + ((99.895 - ((-0.011) * X2)) * (-0.011)))))
OperonRegressor,feynman_II_3_24,ok,2,200,0.999999992906049,4.774697194040867e-06,39.0,6246.228212356567,,((-0.000) + (1.000 * (((((97.698 + (19.546 * X1)) - (((-14.166) * X2) * (3.447 * X2))) + (((-57.835) * X2) - ((89.543 * X1) + (-8.444)))) - ((-40.174) + ((-310.928) * X2))) / ((((-386.368) + ((-7.737) * X2)) - (215.224 * X2)) - ((((0.676 * X2) * (85.084 * X2)) + (0.004 * X1)) - ((-75.083) * X2))))))
OperonRegressor,feynman_II_4_23,ok,3,200,0.9999999891955607,3.4635623504538193e-06,54.0,6373.240901231766,,((-0.000) + (1.000 * ((0.000 * X3) - (((251.994 - (((((50.062 * X3) + (213.024 * X1)) + (328.516 * X3)) - ((182.200 * X2) + ((688.262 * X3) - ((-40.685) * X2)))) - ((((-0.879) + ((-108.201) * X3)) + ((106.979 * X3) - ((-0.000) * X2))) * (((-97.008) * X2) + ((-0.046) * X3))))) / (((447.875 + (((-0.075) * X3) * (((-0.235) * X3) - (1368.942 * X2)))) - (((-267.612) * X2) + ((-268.942) * X3))) - (-251.254))) + (0.000 * X1)))))
OperonRegressor,feynman_II_6_11,ok,4,200,0.9965135951266443,0.0011950256409296854,47.0,7200.106225728989,,(0.000 + (1.000 * (((((21.269 + ((5.140 * X2) + 0.913)) + ((((-21.056) * X3) + ((-0.866) * X1)) * (((((-12.103) * X3) + (4.531 * X1)) - (-81.457)) * (((-0.003) * X2) + (-0.015))))) / (((((3.635 * X3) + ((-41.564) * X1)) - (-9.919)) * (((0.008 * X4) - (-0.022)) - ((-0.000) * X2))) + (((-1.452) * X4) - 3.671))) - (((-2.133) * X3) - 7.319)) * 0.088)))
OperonRegressor,feynman_II_6_15a,ok,6,200,0.9842662353156276,0.04609996888054949,62.0,7200.100116729736,,((-0.353) + ((-0.691) * ((((((42.357 * X2) - (-68.689)) - ((-93.215) - ((-53.559) * X3))) * ((7.485 * X3) + (1.789 * X1))) * ((-0.000) + (((-0.000) * X3) * (((((2.931 * X3) + (1.098 * X1)) - (1.161 * X5)) - (1.147 * X4)) * (20.361 + (((-22.030) * X3) + (3.688 * X2))))))) * ((-2.735) + ((((((-1.032) * X3) * (((-6.129) * X3) + ((-10.831) * X1))) + (((((-607.188) * X2) - ((-975.997) * X3)) - (980.681 * X6)) * (0.021 * X3))) - ((-35.989) * X6)) * (0.016 * X3))))))
OperonRegressor,feynman_II_6_15b,ok,4,200,0.9881472424181873,0.0032216715321755135,53.0,7200.140656232834,,(0.000 + (1.000 * ((((((((-0.003) * X3) - ((-0.002) * X1)) + (-0.004)) * ((((-0.223) * X3) - (0.082 * X1)) + (0.877 / 15.636))) - 0.004) * ((68.828 + (80.902 * X3)) + ((((((-23.899) * X4) * 0.001) + ((0.014 * X2) + (0.314 + (-0.300)))) * ((((-40.674) * X4) - (-30.581)) - ((14.104 * X3) - ((-16.414) * X1)))) * (((((-7.261) * X4) * (8.687 * X3)) + (40.935 + (51.438 * X3))) + ((-46.641) * X4))))) - (-0.374))))
OperonRegressor,feynman_II_8_31,ok,2,200,0.9999999662213094,0.002345114325084995,62.0,7200.2284898757935,,((-0.000) + (1.000 * (((0.000 * X1) - ((((-0.118) * X1) / ((-1.267) * X1)) - ((1.954 * X2) / (-32536.059)))) * ((((((7.635 * X2) + ((-0.441) * X1)) - ((((0.686 * X2) + (0.008 * X1)) * (4.557 * X1)) - (((-1.349) * X2) + (((-2.263) * X2) + ((-18.440) * X1))))) * (((-0.001) * X1) + (0.208 * X2))) - (-1.695)) - ((5.505 * X1) - ((((((-11.796) * X2) + (3.216 * X1)) - (37.425 - ((1.037 * X2) + ((-2.275) * X1)))) * (((-0.130) * X2) + (0.017 * X1))) / (-0.557)))))))
OperonRegressor,feynman_II_8_7,ok,3,200,0.9999331990400074,0.0007282768358878896,58.0,7200.216616392136,,((-0.000) + (1.000 * ((((0.194 * X3) * ((0.093 * X3) + (3.752 * X1))) - ((((22.734 * X1) - (17.076 * X2)) / ((((-2.118) * X2) + (0.135 * X1)) + (-5.649))) + (((((5.179 * X1) + (-5.805)) * (0.018 * X2)) - (2.398 * X1)) + ((4.813 * X3) - (-5.053))))) * ((((((-0.001) * X3) - (0.000 * X2)) - ((((0.084 * X1) + ((-0.076) * X3)) + ((0.003 * X2) + ((-0.085) * X3))) / ((((-2.336) * X3) - 1.842) + (-4.180)))) + ((-0.002) * X1)) - (-0.073)))))
OperonRegressor,feynman_I_10_7,ok,3,200,0.9999999194138461,0.0003446093866309678,51.0,5252.393495798111,,(0.000 + (1.000 * ((((((-1.276) * X1) / (0.693 * X1)) + (((((((-0.696) * X3) + (-1.485)) - (0.015 * X1)) + 13.127) / (((2.299 * X3) + 5.722) - (0.265 * X2))) + ((0.107 * X3) + 1.463))) * ((((0.002 * (14.429 * X2)) - ((8.142 * X1) - (-21.212))) * ((0.000 * X3) + (((-0.000) * X2) - (0.000 * X1)))) * (((-0.005) * ((-57.580) * X2)) + 4.859))) + ((((-0.000) * X2) - ((-0.978) * X1)) + (-0.040)))))
OperonRegressor,feynman_I_11_19,ok,6,200,0.9999936067298959,0.02225170716918419,57.0,7200.345642566681,,(0.000 + (1.000 * ((((((((440.129 * X6) * (0.083 * X3)) - (13.260 * X4)) * (((0.012 * X1) + (0.000 * X6)) + ((-0.000) * X5))) + (((0.145 - (0.153 - ((-3.533) * X3))) + ((-0.069) * X1)) + (213.017 * X5))) - ((-0.084) * X4)) * ((0.001 * X2) - 0.112)) + ((((-0.000) * X2) - (((((((-388.327) * X6) * (0.057 * X3)) - (47.624 * X4)) - (11.132 * X4)) * ((0.002 * X1) - (-0.007))) + ((-24.196) * X5))) + ((0.395 * X2) - (((-0.388) * X1) - (0.396 * X6)))))))
OperonRegressor,feynman_I_12_1,ok,2,200,0.9999999941072931,0.00039033477660581096,14.0,7200.1327402591705,,(0.000 + (1.000 * ((0.681 * X1) - ((0.080 * (((-8.495) * X2) - ((2.409 * X2) * (1.356 * X1)))) - (-0.000)))))
OperonRegressor,feynman_I_12_11,ok,5,200,0.9946450907690616,1.8927336762931708,59.0,7200.331505060196,,((-0.006) + (1.000 * (((((((-0.002) - ((-0.001) * X2)) + ((0.000 - (0.001 * X5)) * (((-0.703) * X4) - ((3.325 * X3) + 7.819)))) + ((-0.002) * X2)) * ((((-3.478) * X1) - (0.494 * X5)) + (-8.972))) + (-0.023)) * (((-4.797) - (1.113 * X5)) + (((0.003 - ((-0.001) * X5)) * (((-17.210) * X4) - (((-1.718) * X3) + 67.587))) * (((((0.517 * X1) - (5.303 * X5)) - ((-3.767) * X4)) - ((-31.995) * X5)) + ((-100.892) - ((-7.775) * X5))))))))
OperonRegressor,feynman_I_12_2,ok,4,200,0.9999999163109716,2.5796874720346924e-05,35.0,7200.027389764786,,(0.000 + (1.000 * (((((((((-15.133) + ((-5.825) * X1)) / (((-1.436) * X4) - 3.757)) * (((-0.093) * X4) - 3.426)) / (((-1.408) * X4) - 3.632)) * ((0.000 * X4) - 0.005)) / ((4.362 - (20.046 * X3)) - 56.408)) * (((331.154 * X2) - (-742.541)) + ((-45.307) * X2))) + (-0.648))))
OperonRegressor,feynman_I_12_4,ok,3,200,0.9968174456457186,0.001487690429711574,58.0,6251.135347604752,,(0.000 + (1.000 * ((((4.663 * X2) + (9.729 * X3)) * ((((13.009 - (7.911 * X3)) * (((((-0.820) * X3) + (0.658 * X1)) + (0.315 * X2)) + ((-0.430) * X2))) * (((0.000 * X3) + ((0.000 * X2) * ((-0.193) * X2))) + ((-0.000) * X2))) * (((-2.064) * X2) + ((-5.139) * X3)))) + (((((-0.108) * X3) + ((((-0.024) * X2) * (2.116 * X1)) + ((0.041 * X2) * (1.741 * X2)))) - ((((0.026 * X3) + ((-0.021) * X1)) + (0.024 * X2)) * (6.892 - (2.857 * X3)))) - 0.378))))
OperonRegressor,feynman_I_12_5,ok,2,200,0.9999999529830004,0.0010995438140486509,19.0,5991.134059906006,,((-0.000) + (1.000 * ((-0.000) + ((((((9.593 * X1) + (1.036 * X2)) - (1.028 * X2)) * (0.027 * X2)) - ((-0.682) * X1)) - ((-0.683) * X2)))))
OperonRegressor,feynman_I_13_12,ok,5,200,0.9966329731322779,0.5317672251479346,56.0,6100.66500043869,,(0.001 + (1.003 * (((((((((13.497 * X3) + (14.399 * X4)) - 109.142) * ((0.043 * X5) - (0.124 * X3))) + (-8.378)) + ((((-0.110) * X3) + (0.159 * X4)) * (((-0.204) * X3) + ((-10.396) * X4)))) + (((-12.262) * X3) + (1.343 * X4))) * (((0.005 * X3) + ((-0.005) * X4)) * ((1.563 * X2) - (-4.052)))) * ((0.001 * X4) - (((((0.012 * X3) + (0.012 * X4)) * ((((5.900 * X3) + (5.676 * X4)) - 54.370) - (21.973 * X1))) - (-1.873)) - ((-0.742) * X1))))))
OperonRegressor,feynman_I_13_4,ok,4,200,0.9983976427110676,1.0536882109578205,60.0,7200.217969655991,,(0.000 + (1.000 * (((((0.687 * X1) + (-0.220)) - (((((-26.865) * X2) + (-146.138)) + (((-57.307) * X1) + (0.850 * X4))) * ((0.003 * X2) + (0.001 * X3)))) + ((-0.003) * X1)) + ((0.007 * X3) - ((((0.002 + ((-0.000) * X3)) - (((-0.001) * X1) + ((-0.000) * X4))) * ((((((-1.430) * X1) + (1.356 * X4)) + ((1.757 * X2) + ((-8.158) * X3))) * (((-0.644) * X2) + (5.317 * X3))) + (((-118.619) * X3) - (249.528 * X4)))) - (((-0.032) * X1) - (0.096 * X4)))))))
OperonRegressor,feynman_I_14_3,ok,3,200,0.9999999884075885,0.0020815568542990968,43.0,7200.255786418915,,(0.000 + (1.000 * ((-1.398) + (((((-7.537) * X1) - 19.623) * (0.012 + ((((-0.000) * X2) - ((((-2.795) * X3) + ((-0.621) * X1)) - ((7.300 * X3) - (0.619 * X1)))) * (((-0.000) * X2) + ((((-0.000) * X3) * ((-0.084) * X3)) + 0.000))))) * (((-2.431) * X2) + ((0.000 * X3) - (((-7.139) + (0.213 * X2)) / (-1.214))))))))
OperonRegressor,feynman_I_14_4,ok,2,200,0.9999999906254678,0.001232208932427054,20.0,5993.632407426834,,(0.000 + (1.000 * (((2.012 - ((-0.775) * X1)) * (((0.007 * X2) - (-0.040)) * (((-0.001) * X1) - (1.920 + ((-10.477) * X2))))) - ((-0.467) * X1))))
OperonRegressor,feynman_I_15_10,ok,3,200,0.9999858757533382,0.007950111030975598,60.0,5720.645675897598,,(0.000 + (1.000 * (((0.426 * X2) - ((((-0.386) * X1) + (0.005 * X3)) - (-0.041))) + (((((0.058 * X2) - ((((22.746 * X3) - (19.101 * X1)) * ((-0.001) - ((-0.000) * X3))) * ((19.727 * X3) + (1.948 - (9.550 * X2))))) * (((((-4.753) * X2) - ((-10.856) * X3)) * (((-0.022) - ((-0.013) * X3)) * ((-32.393) * X3))) - (-21.646))) + (((10.208 * X2) - ((20.448 * X3) - ((-2.912) * X1))) - ((-252.253) * X1))) * (((-0.000) * X3) - ((-0.002) - (0.001 * X2)))))))
OperonRegressor,feynman_I_15_3t,ok,4,200,0.999917703326895,0.010924664733807715,53.0,7200.277019023895,,(0.000 + (1.000 * (((0.000 * X2) * ((((6.411 * X2) + (-6.359)) * ((2.308 - (2.219 * X2)) * (((-2.525) - (0.990 * X3)) * ((11.763 - (13.235 * X3)) + ((21.558 * X1) + ((-21.603) * X4)))))) - (((-810.657) * X1) + (325.913 * X4)))) - ((0.136 - ((-0.007) * X3)) * ((((-0.300) - (0.013 * X3)) / ((1.784 - ((-0.113) * X3)) + (-0.414))) * ((0.250 * X3) + ((0.174 - ((-0.247) * X2)) + (((-1.093) * X1) + (32.689 * X4)))))))))
OperonRegressor,feynman_I_15_3x,ok,4,200,0.9998424245894485,0.02016838336366953,57.0,7200.102214574814,,(0.000 + (1.000 * ((((((0.000 - ((-0.003) * X2)) * ((-1.890) + ((-0.377) * X4))) - (((-0.008) * X3) + ((0.002 * X4) + (0.000 * X1)))) * (8.840 + ((0.169 * X3) - ((-0.529) + ((-0.045) * X4))))) * (4.822 + (((((-299.574) * X3) + 485.608) * (((0.000 * X3) + (0.000 * X4)) * (2.664 * X3))) * (((0.631 * X3) + (((-0.357) * X1) + (0.164 * X4))) * (((-7.368) * X3) + ((-0.470) * X3)))))) - ((0.380 * X3) + ((0.168 * X4) + ((-0.915) * X1))))))
OperonRegressor,feynman_I_16_6,ok,3,200,0.999525463108775,0.02483360085336852,56.0,7200.633297920227,,((-0.000) + (1.000 * (((((68.909 - (9.911 * X2)) - (((-12.540) * X1) + (7.532 * X3))) - ((-6.122) * X1)) * (((((((26.925 * X1) + ((-35.631) * X2)) - (((-4.085) * X1) - (0.805 * X2))) * ((2.514 * X1) + (-8.253))) - (19.604 * X1)) * ((((1.362 * X1) - (2.030 * X3)) - ((-0.616) * X1)) * ((-0.000) + (((-0.000) * X1) + (0.000 * X3))))) * ((-0.021) + ((0.031 * X3) * (-0.054))))) - (((-0.000) * X3) - (0.161 + (1.013 * X1))))))
OperonRegressor,feynman_I_18_12,ok,3,200,0.9999866768510508,0.027117735078507645,52.0,6714.187934875488,,(0.000 + (1.001 * (((0.000 * X3) + 0.000) * (((((((-0.000) * X3) + (-0.000)) * (((((-121.468) * X3) - 163.864) - 47.101) * (((29.167 * X3) + (-85.398)) * (((-24.208) * X1) + (-62.973))))) - (((-0.008) * X3) + 0.034)) * ((((-2.536) * X3) + (-331.965)) - (((((-0.021) * X3) + 0.026) * (((188.253 * X3) - 363.342) * (91.203 - ((-35.375) * X2)))) - ((-91.693) - (163.566 * X2))))) + ((748.138 * X3) + (-11492.803))))))
OperonRegressor,feynman_I_18_14,ok,4,200,0.9993900429888226,0.6387401657857728,55.0,7200.145714998245,,((-0.001) + (1.000 * (((0.001 * X2) - (-0.003)) * (((7.536 * X2) - (((-14.308) * X1) - (21.719 - ((-15.630) * X3)))) + (((((((0.372 * X1) - ((-69.143) * X3)) - (-190.498)) * (0.001 * X4)) * ((((1.558 * X1) - (49.549 * X4)) - (-12.310)) + (((-1.052) * X1) - (1.038 * X3)))) - (((-30.076) - (11.313 * X3)) + ((-0.029) * X1))) * ((0.706 * X4) * ((-16.156) + (((-0.591) * X4) - ((6.238 * X1) - ((-0.073) * X3))))))))))
OperonRegressor,feynman_I_18_4,ok,4,200,0.9999975087377027,0.0013421952481212209,65.0,6794.890629768372,,((-0.000) + (1.000 * ((-0.001) - (((-0.681) * X4) + (((((-0.000) * X4) - (0.676 * X3)) + (((((-2.840) * X1) - (2.752 * X2)) * ((-0.000) - (((-0.000) * X1) - (0.000 * X2)))) * (((((-2.318) * X1) - ((-2.316) * X2)) * ((1.736 * X1) - ((-1.775) * X2))) * ((1.092 * X4) + (((-3.931) * X4) - ((-2.804) * X3)))))) - (((0.003 * X1) - (0.003 * X2)) * ((0.087 + (((-39.951) * X4) - ((-39.687) * X3))) + (((0.243 * X1) - ((-0.243) * X2)) * ((31.329 * X4) + ((-31.108) * X3))))))))))
OperonRegressor,feynman_I_24_6,ok,4,200,0.9999794686282475,0.06525923146559408,53.0,7200.108340740204,,(0.001 + (1.000 * (((((((0.040 * X2) + (0.176 * X4)) * (((0.330 * X2) + (0.279 * X3)) + 3.112)) + (2.089 + (0.167 * X3))) + ((0.084 * X2) - ((-0.016) * X3))) * (((0.001 * X4) - (-0.002)) * (((((-6.128) * X1) - 2.989) - 18.213) * ((((10.578 * X2) + ((-13.822) * X3)) * (((0.000 * X4) - 0.210) + (((-0.019) * X2) + (0.021 * X3)))) - (((-0.216) * X3) - ((-12.136) + ((-5.489) * X3))))))) + ((-1.300) + (0.000 * X3)))))
OperonRegressor,feynman_I_25_13,ok,2,200,0.9999992979893602,0.0006646896086089189,57.0,7200.384833097458,,(0.000 + (1.000 * ((((-0.008) * X2) - (-0.031)) * (((((((0.078 * X2) * ((-0.389) * X2)) * ((0.216 * X2) * (1.193 * X2))) * ((((12.601 * X2) - 13.806) - ((-30.624) * X2)) - (-4.430))) - (6.463 * X2)) * ((0.019 + ((-0.003) * X2)) * ((((1.599 * X1) + ((-1.269) * X2)) - ((-1.328) * X2)) - ((((-2.133) * X2) - (-1.991)) * (2.795 + ((8.198 * X2) + ((-6.901) * X1))))))) - (10.734 + (((-15.849) * X1) + ((-2.211) + (18.824 * X2))))))))
OperonRegressor,feynman_I_26_2,ok,2,200,0.9997983960114186,0.00714753025171996,56.0,5808.11819767952,,((-0.000) + (1.000 * ((((((((((-5.496) * X2) * (0.000 * X1)) * (((-1.228) * X2) - (-0.459))) * (((-3.807) * X2) - 6.516)) * ((9.376 * X1) - (-8.591))) - 0.101) * (((0.772 * X2) * (((((-1.075) * X2) - (-1.973)) * (((-0.035) * X2) - 0.931)) - ((-2.806) * X1))) - (4.114 * X1))) - (((5.578 * X2) * ((0.692 * X2) - 0.176)) - 22.178)) * ((((25.984 * X1) - (-20.396)) * (((-0.001) * X2) - (-0.000))) + ((-0.028) * X2)))))
OperonRegressor,feynman_I_27_6,ok,3,200,0.9987593684428446,0.012490169533834933,53.0,7200.199025630951,,((-0.000) + (1.000 * ((((0.000 * X1) + (0.001 * X3)) + ((0.000 * X2) - 0.006)) * (((((-124.998) * X2) + (21.915 * X3)) + (((-34.635) * X1) + ((116.100 * X3) + ((0.000 * X2) - (-19.264))))) - (((0.091 * X1) + ((((11.916 * X3) - (-3.865)) + (((-11.385) * X2) + (2.292 * X3))) * ((((-0.007) * X3) - (0.002 * X1)) + (((-0.001) * X2) - (-0.018))))) * (((-112.267) * X1) + ((91.036 * X3) + ((37.747 * X2) + 130.906))))))))
OperonRegressor,feynman_I_29_16,ok,4,200,0.9392273168202936,0.4724089014767962,57.0,7200.164093971252,,(0.000 + (1.000 * (((((((-5.657) * X4) * ((-4.980) * X4)) - (0.022 * X2)) - (((((-2.576) - ((1.408 * X2) + ((-1.435) * X1))) * (((-0.620) * X2) - ((2.555 * X1) + ((-3.273) * X2)))) - ((1.860 * X3) * ((15.119 * X3) - (27.620 * X4)))) - ((-13.364) * X2))) * (((0.002 * X2) + (0.001 * X1)) - (((0.000 * X4) * (0.028 - (19.219 * X3))) - (0.021 - ((-0.001) * X1))))) - (((145.572 * X4) * (0.002 * X3)) - ((-0.949) + ((0.340 * X2) + (0.344 * X1)))))))
OperonRegressor,feynman_I_29_4,ok,2,200,0.9999999898537458,0.00013462258760417296,48.0,6548.351495265961,,(0.000 + (1.000 * (((-0.722) + ((((-1.545) * X2) + (1.090 * X1)) - 0.229)) * ((((-0.117) / ((0.405 * X2) - (-0.855))) + (-0.001)) * (((((((6.817 * X2) + (0.239 * X1)) - ((3.788 * X2) * ((-5.099) * X2))) - (((-1.821) * X2) * ((-0.226) * X2))) * (1.599 * X2)) * (((0.396 * X2) - (-0.855)) * (0.000 * X2))) - (2.384 + (((-0.006) * X2) + ((-0.000) * X1))))))))
OperonRegressor,feynman_I_30_3,ok,3,200,0.7050070952326339,1.4014537653164436,55.0,6383.4915137290955,,(0.073 + (1.000 * ((((-0.465) - ((0.000 * X3) - ((0.018 * X3) + ((0.436 * X3) + (0.496 * X2))))) - ((((0.085 - (((-0.888) * X1) + ((2.247 * X2) + (9.048 * X3)))) + (((-1.894) * X3) * (3.110 * X2))) * (((-0.000) + ((0.000 * X3) + (0.000 * X2))) * ((10.323 * X3) + (21.921 * X2)))) * (((9.236 * X2) + (8.478 * X3)) - ((((10.705 * X3) + (10.769 * X2)) * ((-1.516) - ((8.000 * X3) + ((-5.694) * X2)))) * ((-0.078) * X2))))) + (0.251 * X1))))
OperonRegressor,feynman_I_30_5,ok,3,200,0.9999975606572288,0.00018629269796967342,56.0,6358.517868757248,,(0.000 + (1.000 * (((((((-0.244) * X1) + (0.708 * X3)) - ((0.007 * X2) - 10.125)) - (((-0.250) * X1) + 10.836)) - (0.715 * X3)) - (((((((0.097 * X2) - 0.166) + (((-0.108) * X1) + ((-0.001) * X3))) / ((((-0.226) * X1) + (2.242 * X3)) - (((-0.776) * X2) - 5.896))) * (((332.069 * X2) + ((937.679 * X3) + (((-86.898) * X1) - (-2534.035)))) / ((0.002 * X3) - (((-1.782) * X2) - 6.986)))) - ((-9.475) * X3)) / (29.863 - ((-11.702) * X3))))))
OperonRegressor,feynman_I_32_17,ok,6,200,0.9518244157759409,1.0232621596986131,60.0,7200.07377076149,,((-0.348) + (1.129 * (((((869.988 * X4) + (116675.086 * X1)) / 6786.776) - ((((-26.022) * X5) - (((-29.973) * X6) + (((-11.698) * X6) * (0.616 * X2)))) - (8.218 + (14.871 * X4)))) * ((((((-0.144) * X6) * ((((-33.463) * X4) - ((-26.711) * X6)) + ((-65.732) * X5))) - ((-7.809) * X5)) - (((40.184 * X5) - ((7.766 * X6) + ((-27.273) + ((-20.930) * X3)))) + (0.550 * X2))) * (((-0.000) * X3) + (((0.000 * X6) - (0.000 * X5)) - ((0.000 + (0.000 * X4)) + (0.000 * X2))))))))
OperonRegressor,feynman_I_32_5,ok,4,200,0.9803473112507883,0.09954573324138707,57.0,5851.295140028,,((-0.276) + (1.083 * (((((-13.090) * X4) - 21.613) + (((((-10.888) * X4) * 2.092) * (((-0.058) * X3) - (0.140 * X4))) * ((0.344 * X3) - ((-2.127) * X4)))) * ((((-0.000) * X1) - 0.000) * (((((0.228 * X2) - (-0.410)) * ((((4.455 * X1) + ((-8.132) * X4)) + (1.624 * X2)) * (((-11.779) * X4) - (-15.637)))) * (((-15.274) * X4) - (((((-19.027) * X3) - (3.934 * X4)) + (7.540 * X2)) * ((0.220 * X3) - ((-0.053) * X4))))) * 6.748)))))
OperonRegressor,feynman_I_34_1,ok,3,200,0.9999864833345649,0.006533146234763988,59.0,7200.024995565414,,(0.000 + (1.000 * ((((0.781 * X3) + ((-0.152) * X2)) + (((-0.156) * X1) + ((0.282 * X2) + (-0.121)))) - ((((-2.925) + (((-2.090) * X2) - ((-2.564) * X1))) * (0.000 + (((0.002 * X1) + ((((-0.091) * X1) + ((-0.001) * X3)) - ((-0.089) * X1))) + ((-0.000) * X2)))) * (((((-10.200) * X1) + ((1.683 * X2) + 15.460)) * (((0.468 * X2) - (1.947 * X1)) * (((2.862 * X2) + 15.062) / (((-69.602) * X1) + (-159.581))))) + ((6.114 * X1) + (-23.233)))))))
OperonRegressor,feynman_I_34_14,ok,3,200,0.9999795969044263,0.007304962774509207,53.0,7200.093579530716,,((-0.000) + (1.000 * (((((0.000 * X1) + ((-0.000) - (0.000 * X2))) * (((((-9.034) * X1) + (7.143 - ((-1.895) * X2))) * (((0.895 * X2) - (3.570 * X1)) * (((0.067 * X1) - 0.034) * (((-0.624) * X1) - (-0.100))))) + ((1.728 * X1) - 30.183))) * ((((-5.147) * X1) - ((((-7.617) * X2) - ((-5.582) - (10.778 * X1))) * (2.670 + (0.961 * X3)))) + ((10.826 * X3) - ((4.161 * X1) - (-2.003))))) - ((-0.872) * X3))))
OperonRegressor,feynman_I_34_27,ok,2,200,0.999999993175057,6.675246700545293e-05,32.0,6756.147495269775,,((-0.000) + (1.000 * ((((-1.730) * X2) * ((-0.151) * X1)) + ((((-0.041) * X2) / (-0.322)) - ((((0.142 * X2) + 0.000) / ((-1.284) * X2)) * ((6.157 * X1) - ((2.060 * (((-1.058) * ((-1.037) * X2)) * (-2.218))) - (-0.005))))))))
OperonRegressor,feynman_I_34_8,ok,4,200,0.9999999796783151,0.0014667346808120462,50.0,7200.308337926865,,((-0.000) + (1.000 * (((((((-9.895) * X4) + ((0.067 * X1) - (-447.487))) + (20.461 * X4)) + ((((((-58.116) * X3) + (0.008 * X1)) - 31.112) - 119.817) * ((((0.005 * X3) + ((-23.821) * X1)) - 61.768) * ((((-0.015) * X2) + ((-0.000) * X1)) - 0.040)))) + (161.857 * X4)) / (((((((0.034 * X3) + (0.024 * X2)) - 0.541) + (((13.482 * X1) - (161.753 * X4)) - 1.643)) + ((-13.494) * X1)) + (-161.282)) - 256.163))))
OperonRegressor,feynman_I_37_4,ok,3,200,0.997057070724034,0.1557395984798457,60.0,7200.035868167877,,((-0.000) + (1.000 * ((-1.112) + (((((-0.305) * X3) - ((((-5.960) * X2) - (((-5.089) * X2) - (0.471 * X1))) - ((0.001 * X3) * (((-35.095) * X3) * (((-4.968) * X1) + (-3.830)))))) - ((((-0.571) * X2) * (0.635 * X3)) * (0.366 * X3))) - (((((-0.004) * X3) - ((((-3.206) * X3) * (0.003 * X3)) + 0.076)) - ((0.002 * X1) + ((-0.002) * X2))) * ((((-1.249) * X3) * (((-11.978) * X3) + (0.863 * X1))) + ((6.457 * X1) + ((-11.313) * X2))))))))
OperonRegressor,feynman_I_38_12,ok,4,200,0.979490742305213,0.20647577107195494,59.0,7200.186955213547,,(0.000 + (1.000 * (((((-0.277) + (((-4.467) * X2) - ((-0.135) * X3))) - (((-0.078) * X4) - ((-0.096) * X1))) + (4.377 * X2)) - (((649.016 + (((-176.579) * X2) + ((-84.264) + ((38.355 * X4) - (((-48.579) * X2) - (177.693 * X3)))))) + ((-128.389) * X2)) * ((((0.002 * X2) * (((-81.438) * X4) - (((14.776 * X1) + ((-91.142) * X2)) - (-59.844)))) + ((-0.056) * X1)) * (((0.404 * X2) - ((0.403 * X2) - ((-0.001) * X3))) / (0.808 + (0.322 * X1))))))))
OperonRegressor,feynman_I_39_1,ok,2,200,0.9999999745994969,0.001216800698336214,25.0,7200.113109827042,,(0.000 + (1.000 * ((((-0.002) * X2) - 2.985) * (((((-0.036) * X2) - 0.092) * ((((-0.502) * X1) / 7.062) - ((((-0.324) * X2) + (0.328 * X2)) + (0.005 + ((-2.531) * X1))))) - (0.230 * X2)))))
OperonRegressor,feynman_I_39_11,ok,3,200,0.9999999832454602,0.0003962143043628521,53.0,5858.013194322586,,(0.000 + (1.000 * (((((((3095.670 * X1) + ((-4344.602) * X2)) - 1263.796) + (((-17.584) - ((10.598 * X3) + ((17.559 * X3) + (0.022 * X1)))) * ((((-58.792) * X2) + (98.959 * X1)) - (((6.691 * X1) * 7.976) - ((0.046 * X3) - (-28.134)))))) / 99.447) / ((33.234 * X1) - (-95.988))) + ((0.389 * X3) - ((((48.429 * X1) - ((16.741 * X3) + ((-32.993) * X1))) + ((-91.370) * X2)) / (((39.692 * X1) - (-114.422)) - ((0.000 * X2) + (0.070 * X3))))))))
OperonRegressor,feynman_I_39_22,ok,4,200,0.9999999635698641,0.0019262437397484437,54.0,5325.820350646973,,(0.000 + (1.000 * ((((((-0.004) * X4) - (((-0.004) * X3) - 10.164)) - ((-3.914) * X1)) * (((((((-0.002) * X4) - ((2.505 * X3) - 16.350)) - ((-6.288) * X2)) + (2.508 * X3)) * (((-0.766) - (0.000 * X2)) + ((0.000 * X4) - (-0.767)))) * (((((0.001 * X1) + (0.000 * X2)) + ((-0.001) * X3)) + ((-0.003) * X4)) - (((2.317 * X4) - (-6.022)) / ((-1.074) + ((-0.413) * X3)))))) + ((-1.076) - (0.000 * X2)))))
OperonRegressor,feynman_I_40_1,ok,6,200,0.9621594182357484,0.12610916040346815,60.0,7200.155942201614,,(0.000 + (1.000 * (((((((-0.654) * X3) * ((((-3.120) * X3) + ((6.258 * X2) - (-7.853))) + (5.915 * X5))) + ((36.873 + (12.621 * X1)) - ((3.688 * X2) + ((3.352 * X5) + (6.695 * X4))))) * (((((-10.601) * X3) + (((-11.123) * X2) - (-24.675))) - (((-16.671) * X6) + ((10.590 * X5) + ((-6.814) * X4)))) * ((((-0.000) * X3) + ((0.000 * X3) + (((-0.000) * X2) - (-0.000)))) + ((((-0.000) * X5) + (0.000 * X4)) + (0.000 * X1))))) + (-0.730)) + (0.018 * X2))))
OperonRegressor,feynman_I_41_16,ok,5,200,0.9915102785540137,0.28151304849881953,59.0,7200.768312215805,,((-0.004) + (1.002 * ((((((-1.077) * X1) - 2.164) * ((((-0.003) * X2) - (((-0.002) * X5) - ((-0.001) * X1))) + (((-0.004) * X4) + 0.007))) - (((-0.014) * X1) + (0.012 * X5))) * ((20.074 - (1.082 * X4)) + (((((((-0.024) * X2) - (((-0.032) * X5) - (0.003 * X3))) * ((90.164 * X5) - (21.855 * X1))) * ((18.435 * X5) + (-33.462))) - (88.100 - ((21.918 * X5) - (8.128 * X1)))) * (((-0.023) * X4) + ((0.013 * X2) - (((-0.066) * X5) - (0.000 * X1)))))))))
OperonRegressor,feynman_I_43_16,ok,4,200,0.9999999670045702,0.0018207839326906878,45.0,7200.242823839188,,((-0.000) + (1.000 * (((-8.423) - (((((-0.000) * X4) + ((((-0.001) * X3) + (0.417 * X1)) + (0.000 * X2))) - ((((((-3.852) * X1) + (0.003 * X1)) - 9.987) * ((0.000 * X2) - (((-0.042) * X3) + ((-0.000) * X4)))) - 1.078)) * ((((-160.335) * X4) + ((((32.770 * X2) + (34.328 * X4)) * 4.670) - (-396.349))) / (((-185.678) * X4) - 482.704)))) + 7.355)))
OperonRegressor,feynman_I_43_31,ok,3,200,0.9999999594380827,0.0039079472170480386,53.0,5114.739173173904,,((-0.000) + (1.000 * (((((((((-0.004) * X3) - ((-7.488) * X1)) * ((0.000 * X2) + (0.035 * X3))) - ((-0.679) * X1)) - ((-2.644) + (((2.646 + ((-0.126) * X3)) + (0.608 * X2)) - ((0.608 * X2) + (0.553 * X3))))) * ((((-0.769) * X2) + (0.790 + ((((-1218604.500) * X2) / (22666131456.000 * X2)) - ((-0.000) * ((-1.613) * X3))))) + (1.072 * X2))) + (0.537 * X2)) - (((-0.000) / ((-0.788) * X3)) - (0.000 * X1)))))
OperonRegressor,feynman_I_43_43,ok,4,200,0.9977487049107904,0.07466212452603813,58.0,5736.291567564011,,((-0.000) + (1.002 * (((-0.397) * X3) - ((((((6.045 * X3) * ((-0.852) * X3)) - (((-0.084) * X3) + 20.910)) * (((((-0.063) * X2) - 0.164) * (((0.081 * X1) + (-1.309)) - (5.292 * X4))) + ((0.783 * X2) - (((-9.866) * X3) * (0.032 * X3))))) - ((-24.265) + ((-23.650) * X1))) * ((((-0.000) * X1) + 0.000) * ((((-14.018) * X3) + ((((-3.988) + (17.070 * X1)) - ((-5.079) * X3)) * ((0.004 * X2) - (0.002 + ((-0.312) * X1))))) + 31.603))))))
OperonRegressor,feynman_I_44_4,ok,5,200,0.9996605308691869,0.37993068931218676,54.0,5871.294896364212,,(0.001 + (1.002 * (((((((-4.297) - (1.653 * X1)) * ((((0.020 * X4) + (0.030 * X5)) - 0.229) * (((-0.600) * X2) + (-1.551)))) - 0.005) * ((0.000 * X4) + ((-0.000) * X5))) * (((((0.514 * X5) + (0.770 * X4)) + (-5.511)) * ((((0.176 * X5) + ((-0.497) * X4)) * ((((-2.675) * X5) + (19.875 * X4)) + 24.410)) - ((((62.455 * X3) + 6.285) + ((-81.764) * X5)) + 138.345))) + ((479.528 * X5) + ((-57.960) * X4)))) + ((-0.001) * X5))))
OperonRegressor,feynman_I_47_23,ok,3,200,0.9999459385531535,0.004917074111693062,60.0,7200.313097000122,,(0.000 + (1.000 * ((((((2.826 * X2) - (-20.646)) - (((((-134.969) * X2) - ((-19.096) * X3)) - ((111.005 * X1) + (-323.705))) * (((-0.004) * X2) + (0.003 * X1)))) * (((((10.349 * X1) + ((1.498 * X1) + (5.951 * X1))) - ((37.501 * X3) + (((-1.081) * X2) - (-50.030)))) / ((((-0.065) * X1) + 17.967) - ((((-0.664) * X1) - (0.040 * X2)) + ((-6.140) * X3)))) + ((-1.160) * X2))) - ((((-2.695) * X1) + ((-62.064) * X2)) + ((3.963 * X3) + (-53.690)))) / 56.419)))
OperonRegressor,feynman_I_48_2,ok,3,200,0.9999991678769499,0.09235928070535433,63.0,6487.507606983185,,(0.000 + (1.000 * ((((((-0.000) * X1) - ((-0.001) * X2)) - ((0.008 * X3) - (((-0.002) * X3) + (-0.077)))) * (((((-12.337) * X3) - (-7.399)) + (((((10.578 * X3) - 15.248) * ((-0.448) * X1)) - ((-0.010) * X2)) + ((-0.120) * X2))) - (((((((-1.049) * X3) + 76.058) - ((-33.984) * X1)) + ((-5.609) * X2)) * ((-0.055) * X2)) * (((-0.022) * X3) + ((-0.006) * X2))))) + (((-8.832) + ((((-2.286) * X3) + (1.020 * X1)) - (-9.279))) - ((-2.184) * X3)))))
OperonRegressor,feynman_I_50_26,ok,4,200,0.451803484864004,1.4486907590960603,58.0,7200.089419603348,,((-0.055) + (1.029 * ((((((109.949 * X2) + ((-24.048) * X1)) + ((((-19.156) * X3) - ((-69.174) * X2)) - ((-1.109) * X4))) / (((37.830 * X3) - ((-12.541) * X2)) + ((12.100 * X2) - 132.301))) - ((2.131 * X2) * ((((-0.142) * X3) - ((((316.227 * X2) + (26.475 * X1)) + ((539.062 * X2) + (764.771 * X3))) / ((((-2139.671) * X3) - ((-705.530) * X2)) + ((1.710 * X1) / (0.000 * X1))))) + (((-2.453) * X3) / (2.750 * X3))))) - (((-0.313) * X4) - (0.277 * X3)))))
OperonRegressor,feynman_I_6_2,ok,2,200,0.9998996140309991,0.000426405098080001,59.0,6157.57909989357,,((-0.000) + (1.000 * ((0.215 - (0.719 * X2)) + (((((-0.044) * X1) - ((-0.083) * X2)) - (((((2.586 * X2) - (-11.073)) - (2.701 * X1)) - ((0.016 * X1) * (((-95.405) * X1) - ((-454.431) + ((-63.753) * X2))))) * (((3.304 * X2) / ((-5.999) - ((-0.023) * X2))) - (((((-0.003) * X1) - (-0.006)) / (15.845 / (9.857 * X1))) - (0.560 * X2))))) * ((((-0.002) * X1) * (((7.945 * X2) * (19.629 * X1)) + (((-289.988) * X2) - (-148.714)))) - (-4.532))))))
OperonRegressor,feynman_I_6_2a,ok,1,200,0.9999999500387454,1.5702527536623122e-05,26.0,5596.649756908417,,(0.000 + (1.000 * (((((((0.040 * X1) * ((1.419 * X1) - 5.983)) * (0.429 * X1)) * ((-0.708) * X1)) + ((-1.667) * X1)) * ((0.150 * X1) * ((-1.530) - ((-0.190) * X1)))) - ((0.888 * X1) - (-0.351)))))
OperonRegressor,feynman_I_6_2b,ok,3,200,0.9927550256220367,0.005122440152924798,60.0,7200.071042537689,,((-0.000) + (1.000 * ((((((-126.315) * X1) + (8.620 + ((-0.299) * X3))) - ((((((-68.556) * X1) - ((-4.786) * X2)) * (((-8.390) * X1) + ((-0.917) * X3))) + ((-64.003) * X3)) * (0.021 * X1))) * (0.007 + (((-0.002) * X1) - ((-0.000) * X2)))) - (((((0.003 * X1) - 0.008) / ((-53.820) - (21.267 * X1))) * ((((-17.408) * X1) + ((16.666 * X1) - ((-18.060) * X2))) - (26.650 * X3))) * ((47.463 * X2) - (24.348 - ((24.888 + ((-31.749) * X3)) - (0.390 * X3))))))))
OperonRegressor,feynman_I_8_14,ok,4,200,0.9857788031501954,0.11816623013937784,63.0,5926.26078248024,,((-0.000) + (0.999 * ((((((1.948 * X4) * ((-1.623) * X3)) - 16.956) - ((((3.536 * X1) * (((-0.076) * X1) + (0.614 * X2))) - (-6.400)) * ((((-7.129) * X3) * (0.088 * X3)) - (-2.268)))) * (((3.815 * X4) * ((-0.003) * X4)) - (((((-0.102) * X2) - ((-0.104) * X1)) * (((-0.132) * X2) - ((-0.133) * X1))) - (((0.000 * X1) - (((-0.000) * X4) * (59.237 * X3))) - (-0.024))))) + ((-0.612) - ((((-4.465) * X3) * (0.077 * X3)) - (((-0.008) * X4) * (33.067 * X3)))))))
OperonRegressor,feynman_I_9_18,ok,9,200,0.9905892667053064,0.011914685248146224,60.0,5833.303154468536,,((-0.000) + (1.000 * (((((2488.151 * X4) - (((-320.342) * X9) - ((-1832.680) + ((-1861.025) * X6)))) + ((((102.792 * X5) + ((-2812.567) + (917.612 * X6))) * (3.120 + ((-0.012) * X6))) + ((((-2808.052) * X4) - (318.430 * X8)) - ((0.838 * X1) - (229.698 * X7))))) / (((-1643.718) - (100.724 * X8)) + ((((((-6836.697) * X5) + ((-6840.699) * X9)) + ((((-7108.554) * X1) - (5981.635 * X7)) - ((7136.631 * X2) - (6839.041 * X4)))) + ((-7140.616) * X3)) / (-67.755)))) - (6.616 + ((-0.423) * X6)))))
OperonRegressor,feynman_test_1,ok,7,200,0.9411879075322918,2.859576344034647,59.0,7200.467046022415,,(0.002 + (1.001 * (((-0.325) - (((((((27.026 * X6) + (54.996 * X7)) - ((14.015 * X3) + (15.369 * X7))) - (((-7.044) * X7) + ((42.684 * X3) + 56.702))) * ((-0.001) - ((((-0.000) * X7) + (0.000 * X1)) + ((-0.000) * X6)))) * ((((((-1.930) * X4) + (3.191 * X7)) * (70.450 * X7)) - (((-313.250) - (396.925 * X5)) + (199.920 * X6))) * ((((-0.040) * X7) + (0.021 * X1)) + ((-0.028) * X6)))) * (((-0.028) * X4) + (((-0.047) * X2) + (-0.113))))) - (-0.034))))
OperonRegressor,feynman_test_10,ok,3,200,0.9999984400305529,0.0005979982589794962,53.0,5288.520035505295,,(0.000 + (1.000 * (((((((((-0.144) * X3) - 0.185) * (11.907 * X3)) * (((-2.276) * X1) - ((3.610 * X3) - (((-4.554) * X2) - 25.946)))) + (((233.620 * X1) - ((598.463 * X2) + (213.409 * X3))) + ((((-0.064) * X2) - 0.085) * ((1662.780 * X3) - 358.141)))) / (((73.655 + (8.203 * X3)) - ((-8.914) * X1)) + (((13.730 + ((-30.665) * X3)) - (5.236 * X1)) * ((-0.059) * X2)))) * ((0.013 * X3) - 0.026)) - ((-0.081) + ((-0.838) * X3)))))
OperonRegressor,feynman_test_11,ok,4,200,0.999647349159251,0.019251339151499028,50.0,5660.540435791016,,(0.000 + (1.000 * (((((15.711 + (0.305 * X1)) - (3.690 * X2)) * ((0.005 + (0.001 * X1)) - ((-0.000) * X2))) * ((((((-0.434) + (0.147 * X4)) * ((-5.163) + 27.004)) - ((-8.140) * X3)) * ((((0.008 + ((-0.000) * X4)) * ((45.826 * X3) + 32.543)) - (0.371 * X3)) * (((0.151 + (0.110 * X4)) * (((-5.575) * X3) - (1.932 * X4))) + ((-6.426) + ((-2.731) * X4))))) - (((-4.660) * X3) - 10.307))) - 1.778)))
OperonRegressor,feynman_test_12,ok,5,200,0.9999533359068756,0.09898485547349029,58.0,7200.237673997879,,((-0.000) + (1.000 * (((((((-0.035) * X4) - (-20.897)) - ((((-7.683) * X2) - (-47.371)) * ((0.070 * X2) + ((-0.174) * X3)))) * (((((-1.933) - ((0.000 * X3) - ((-0.002) * X2))) - ((-2.229) - (0.009 * X1))) * (((4.438 * X4) + ((0.001 * X3) - (-61.662))) - ((2.683 * X2) - (-26.485)))) - (((-5.954) + (1.211 * X4)) - ((0.616 * X2) - 16.628)))) + (((-9.640) * X2) + ((9.198 * X3) - ((-1.150) * X2)))) / ((8.197 * X2) - (-23.098)))))
OperonRegressor,feynman_test_13,ok,5,200,0.9720845048187976,0.002560458474060379,57.0,7200.326841592789,,(0.000 + (1.000 * (((0.011 + ((((-0.000) * X5) + 0.001) * (((-8.881) * X5) - (0.308 * X1)))) * ((34.564 * X1) + (((-48.210) * X5) + (-31.566)))) - (((((((((-11.758) * X2) + (-34.955)) + (10.033 * X3)) - (((-6.637) * X5) - ((-15.142) * X1))) * ((0.061 * X5) + (-0.177))) * ((2.519 * X5) + ((57.286 * X4) + (47.396 - ((-10.475) * X3))))) - ((5.030 * X2) + (16.080 * X5))) * (((-0.001) * X4) + (((0.000 * X2) + 0.001) - ((-0.000) * X3)))))))
OperonRegressor,feynman_test_14,ok,5,200,0.8522370250155151,5.0754456775609595,53.0,7200.389455795288,,(0.008 + (1.001 * (((0.303 * X3) + ((((-0.221) * X2) - (-0.242)) * (((0.248 * X4) + ((6.980 * X3) * (((-1.248) * X3) + ((0.639 * X2) - (-6.161))))) - ((((-3.217) * X4) * (-9.099)) + ((0.901 / (1.167 / ((-0.300) * X5))) + ((20.351 * X5) - 38.944)))))) * (((-10.136) + (7.387 + ((-1.050) * X1))) * (((0.002 * X2) - (-0.002)) * (((-12.997) + ((0.256 * X3) * ((18.843 * X4) - (-18.802)))) - (6.485 * X4)))))))
OperonRegressor,feynman_test_15,ok,4,200,0.9975867655432408,0.0621734376521668,60.0,7200.503284454346,,((-0.001) + (1.000 * ((((((((-0.344) - ((0.125 * X2) + (0.005 * X4))) * (((-0.095) * X3) + (6.144 * X4))) * (((-0.338) * X3) + (59.651 * X4))) - (((-160.188) * X2) - 487.337)) / (7.535 + (2.757 * X1))) * ((((((98.512 * X3) + ((-267.905) * X4)) - (-260.624)) - ((((-0.713) * X3) + ((-0.091) * X4)) * (((-150.291) * X4) + ((-0.926) * X1)))) / (((-13.269) * X4) - (-295.073))) * ((0.007 - ((0.000 * X4) * ((-0.758) * X1))) + (0.009 * X4)))) + (0.924 * X3))))
OperonRegressor,feynman_test_16,ok,6,200,0.9960572873974342,1.787055710865681,61.0,6602.403856277466,,(0.000 + (1.000 * (((((0.040 * X6) - ((-0.701) * X1)) + 0.065) + (((((-147.237) - ((-10.835) * X1)) - ((18.540 * X2) - ((-65.047) * X1))) + ((-5.180) * X5)) * (((-0.005) * X2) - (0.002 * X4)))) + ((((((((0.092 * X2) - (0.050 * X4)) + (-0.064)) * ((64.250 * X2) - (11.410 * X5))) + ((-6.251) * X5)) - (22.109 * X4)) + (-51.198)) * (((((((-0.002) * X6) - ((-0.008) * X1)) + ((-0.005) * X5)) + 0.005) - ((-0.001) * X3)) - ((0.000 * X2) - ((-0.002) * X4)))))))
OperonRegressor,feynman_test_17,ok,6,200,0.9852620564181018,180.01158599811944,60.0,7200.200011968613,,((-0.000) + (1.001 * (((((((-41.168) * X4) + (78.150 * X6)) - ((((-33.544) * X2) - (((-0.665) * X4) + 70.645)) + ((-58.865) * X5))) * (((((((-99.002) * X1) + ((-26.616) * X6)) - 138.568) + (((-9.713) * X2) - ((-43.145) * X4))) * ((0.003 * X2) - ((0.001 * X4) + (-0.003)))) * ((((-0.026) * X2) - ((0.132 * X4) + (-0.540))) + (0.501 * X5)))) - ((((56.989 * X2) - 104.749) + (19.936 * X1)) + (78.857 * X5))) * (((-0.001) * X5) - ((0.001 * X2) - (-0.004))))))
OperonRegressor,feynman_test_18,ok,5,200,0.9646106551582679,0.1396603895729805,56.0,7200.038816213608,,(0.000 + (1.000 * (((-0.150) - (0.091 * X3)) + (((((((((-3.883) * X3) * (6.304 * X3)) + ((-138.112) * X5)) - (78.833 - (68.155 * X3))) * ((((-0.286) * X1) + (0.004 * X3)) + ((((-0.004) * X2) + (0.287 * X1)) + (0.000 + ((-0.002) * X5))))) * (((19.521 * X1) + (56.710 * X3)) + (((-15.849) * X3) * (3.143 * X3)))) + ((((163.263 * X1) + ((-17.318) * X2)) + (80.931 + ((-42.619) * X5))) - (168.340 * X4))) * ((0.001 * X1) - (0.003 + (0.000 * X5)))))))
OperonRegressor,feynman_test_19,ok,6,200,0.9717242618964326,2.029990512614415,59.0,6019.579409599304,,(0.000 + (1.000 * ((-0.560) - (((((((-1.905) * X1) - (682.680 * X6)) + (-2753.223)) * ((0.000 * X1) - (0.018 * X6))) - (((-2.944) * X4) + ((0.076 * X5) + (-51.071)))) * (((-0.000) * X3) + (((((0.000 * X5) + (((-0.000) * X4) - (-0.000))) * (((-6.349) * X3) - ((1.658 * X4) - 7.433))) - (((((-0.000) * X4) - 0.001) - ((-0.000) * X6)) * (((-3.323) * X5) + (-6.890)))) * ((((-1.314) * X4) - 5.249) / (((-1.875) * X1) + (-4.838)))))))))
OperonRegressor,feynman_test_2,ok,6,200,0.8762305675788834,0.7090882012568497,61.0,7200.414889574051,,((-0.014) + (0.998 * ((((((-10.092) * X6) * (0.009 * X5)) - 0.173) / ((-32.985) + (((-11.401) * X3) + (2.877 * X1)))) * (((((-33.388) * X5) * (2.972 * X5)) - ((67.997 * X3) + ((((-123.422) * X6) * ((-0.810) * X6)) - ((((-64.178) * X6) * ((-3.881) * X5)) - (-75.037))))) - (((((3.002 * X2) + (((-0.159) * X6) * (43.371 * X5))) * (59.560 - (((-0.119) * X6) + ((21.232 * X3) + ((-1.265) * X1))))) * ((-0.138) - ((0.007 * X3) + (0.007 * X1)))) - (26.686 * X1))))))
OperonRegressor,feynman_test_20,ok,7,200,0.9232247886843123,3.63492062213768,58.0,7200.294075727463,,((-0.054) + (1.004 * ((((((0.635 * X1) * (((-6.329) * X3) + ((10.893 * X1) + (7.712 * X6)))) / ((-0.431) - (0.211 * X6))) * (0.052 * X5)) * (((-0.747) - 4.802) - (3.482 * X4))) * (((((-0.000) * X1) * ((((-4.483) * X3) + ((2.418 * X6) - ((-7.443) * X1))) - ((-10.487) * X5))) * (1.838 - ((-0.799) * X3))) * ((((((7.757 * X1) + ((-8.298) * X2)) - (5.410 * X4)) * (((-0.682) * X2) - 0.534)) * ((0.189 * X7) - (3.858 * X5))) - (-21.343))))))
OperonRegressor,feynman_test_3,ok,4,200,0.9999511175181549,0.012887101146682454,57.0,5556.164817810059,,(0.000 + (1.000 * ((((((((-119.138) * X4) + (143.843 * X3)) * (((171.448 - ((-61.189) * X2)) + ((4.013 * X3) / (4504.660 * X1))) * (((0.008 * X4) + ((-0.009) * X4)) + (0.000 * X3)))) + (219.807 - ((-74.246) * X2))) * ((5.419 * X1) - (((((-131.938) * X4) - (-0.009)) + (((-754.361) * X3) / (-6.639))) * (((0.005 * X4) - 0.000) + ((-0.006) * X3))))) + ((((-339.918) - ((-1408.934) * X2)) + ((-72.603) * X1)) - ((-282.454) * X1))) / (-2245.419))))
OperonRegressor,feynman_test_4,ok,5,200,0.9986629254059908,0.01818123981380129,57.0,7200.167090892792,,((-0.000) + (1.000 * ((((7.035 * X2) - ((14.019 * X1) - ((-4.358) * X3))) / (((-0.431) * X3) + ((4.630 * X1) + 20.096))) + (((0.053 * X5) - 0.101) + ((((((-0.000) * X5) + ((0.000 * X2) - (((-0.000) * X4) + (0.000 * X1)))) * ((7.357 * X5) - ((-8.369) * X1))) + ((0.003 * X2) - ((0.003 * X4) + (0.005 * X1)))) * (((3.231 * X4) + ((4.829 * X5) - (3.452 * X1))) + (21.635 - ((10.695 * X5) - (((-2.801) * X2) - ((0.049 * X5) - ((-0.013) * X1)))))))))))
OperonRegressor,feynman_test_5,ok,4,200,0.9996065475000732,0.06308614825353681,54.0,7200.302521705627,,(0.003 + (0.999 * (((((0.158 * X1) - (0.049 * X2)) - (0.153 + ((-0.008) * X3))) * (3.267 + (0.256 * X1))) - ((((-33.600) + (5.789 * X4)) - ((-5.431) * X2)) * ((((-0.003) * X4) + (0.005 * X1)) - (((((-0.002) - ((-0.000) * X2)) - (((-0.000) * X3) + ((-0.000) * X1))) * (2.803 + (0.953 * X1))) * (((-0.951) * X3) + ((((0.077 * X3) - (0.152 * X2)) * ((-2.853) * X2)) - ((-2.226) + ((-0.991) * X1))))))))))
OperonRegressor,feynman_test_6,ok,7,200,0.9526248319400933,0.10111660241361828,61.0,7200.15175485611,,((-0.317) + (1.105 * (((((0.000 * X7) + ((-0.000) * X4)) - ((0.000 * X3) + (((-0.000) * X2) + ((0.000 * X6) + (0.000 * X5))))) * ((((-14.861) * X4) + ((((((-28.137) * X6) + ((-8.034) * X5)) - ((-10.633) * X6)) - (-10.978)) * ((-0.948) * X6))) - ((16.224 * X5) - (((-20.823) * X6) + 17.936)))) * ((24.927 - ((((-7.035) * X7) + (19.195 * X4)) - (((-9.478) * X3) + ((1.809 * X2) + (((-11.909) * X6) + ((-10.319) * X5)))))) - ((11.721 * X1) * (-2.676))))))
OperonRegressor,feynman_test_7,ok,5,200,0.9999061957443451,0.011985395044972537,60.0,5708.992351293564,,((-0.000) + (1.000 * ((((((((-9.208) * X2) - ((-0.159) * X4)) - (7.345 * X1)) - (-95.393)) * (((0.001 * X3) - ((-0.086) * X2)) - (-0.439))) * ((0.017 * X1) + (((0.000 * X3) - (0.011 * X2)) + 0.005))) + ((((((0.031 * X1) + ((((-0.056) * X3) - ((-0.056) * X2)) + (-0.270))) * ((((3.571 * X1) - (9.946 * X4)) - ((-8.810) * X2)) - 48.758)) - ((-2.761) * X2)) / ((((-52.466) * X5) - ((-8.019) * X4)) - 137.507)) - (((-1.131) * X2) + (-0.021))))))
OperonRegressor,feynman_test_8,ok,4,200,0.9985066075608464,0.01741362020847851,58.0,6239.130985736847,,((-0.000) + (1.000 * (((((((-3051.454) * X2) + (4072.542 * X4)) - ((1695.132 * X3) - (3436.480 * X1))) / (((((-223.272) * X3) + (368.139 * X1)) - ((153.511 * X2) + (99.716 * X4))) - 2373.382)) - (0.615 * X3)) + ((1.332 * X1) + ((((-0.259) * X2) + (1.083 * X4)) + ((1552.940 - (((3772.489 * X2) - ((3843.208 * X3) + (7628.026 * X1))) - (((-8.904) * X3) + (((-3671.788) * X2) + (3098.025 * X4))))) / ((((417.482 * X2) + ((-45.443) * X4)) - (-9540.148)) - (((-1544.390) * X3) + (1941.366 * X1)))))))))
OperonRegressor,feynman_test_9,ok,5,200,0.9793814382021255,983.2275000437078,58.0,7200.0580468177795,,(0.165 + (1.029 * (((((((0.449 * X2) - (0.354 * X4)) * ((((-7.034) * X2) - (-1.330)) + ((3.883 * X1) + (1.801 * X3)))) - (((-2.889) * X5) + (2.737 * X2))) * ((((3.192 * X3) + 3.122) + ((-2.763) * X5)) * (((((-0.166) * X5) * ((8.527 * X1) + ((-14.957) * X5))) + ((1.813 * X1) + ((-4.294) * X5))) - ((2.421 * X2) + ((0.192 * X3) - (2.259 * X5)))))) * (((2.764 - ((-2.137) * X1)) + (4.222 * X3)) + (4.397 * X4))) * (((-0.000) * X2) - (-0.000)))))
OperonRegressor,first_principles_absorption,ok,1,14,-3.5639075859501386,2.818904914596809,43.0,3.503434419631958,,(0.039 + ((-1.025) * ((((0.306 * X1) - (0.390 / (((206.783 * X1) * (0.031 + (0.246 * X1))) - (((-5.887) + ((-1.508) * X1)) * (((-5.887) + ((-1.508) * X1)) - 1.100))))) * ((-0.670) * (-0.189))) - ((((0.306 * X1) - 1.100) * (((-5.887) + ((-1.508) * X1)) * (0.031 + (0.246 * X1)))) - ((-0.189) / ((206.783 * X1) - (-52.978)))))))
OperonRegressor,first_principles_bode,ok,1,8,0.6536785197637374,0.7150163824429319,68.0,8.889824867248535,,((-0.569) + ((-1.960) * ((((((((-25.514) - ((-45.443) * X1)) / ((((-10.985) * X1) - (-4.902)) * ((-43.228) * X1))) + ((-44.565) * X1)) + (((-24.492) - ((-45.650) * X1)) / ((-22.192) / ((-0.983) * X1)))) / ((-0.485) * X1)) / ((((-24.492) - ((-45.443) * X1)) / (3.696 * X1)) + (((((-45.650) * X1) - (-25.514)) / ((-0.983) * X1)) - ((-26.285) * X1)))) / ((((-24.492) - ((-45.443) * X1)) / ((-0.983) * X1)) / ((12.649 + ((-28.445) * X1)) / ((-24.492) - ((-45.443) * X1)))))))
OperonRegressor,first_principles_hubble,ok,1,32,-5.700050853835046,729.6304334416509,49.0,12.677641153335571,,(0.000 + (1.000 * ((((-0.456) * X1) + ((((0.043 - (18.364 * X1)) + ((((-3.945) * X1) - ((-3.963) * X1)) / ((-1.124) + (6.883 * X1)))) - (((1213.875 * X1) / ((123.997 - (184.519 * X1)) - (171.523 * X1))) / ((28.830 * X1) - (-23.096)))) + ((((((27.888 * X1) - (1272.246 * X1)) / ((-312.061) + (209.686 * X1))) + ((35.197 * X1) - 0.193)) / ((6.473 * X1) - (-1.522))) * ((-0.015) * X1)))) + (19.623 * X1))))
OperonRegressor,first_principles_ideal_gas,ok,3,30,0.6893971386406199,1.0509465852639188,50.0,11.759752035140991,,((-0.000) + (1.000 * ((0.055 * X2) - (((((-1.017) * X1) / ((0.606 * X1) - (-1.912))) - (((((-0.094) * X1) / (((-21.315) * X3) - (18.854 * X1))) - 1.367) - ((0.193 - ((-0.462) * X1)) / ((((-15.821) * X3) - 7.325) / ((((-88.249) * X3) - 18.274) / (((-83.023) * X1) - (5.839 * X1))))))) - ((((-0.005) * X1) - (-0.423)) / ((((-40.030) * X3) - 107.214) / ((-289.203) - 25.048)))))))
OperonRegressor,first_principles_kepler,ok,1,6,0.9981440183160748,78.52974763849268,51.0,2.5541043281555176,,((-0.156) + (0.011 * ((2.718 * ((((-0.501) * X1) + (-2.044)) * ((((((0.434 * X1) - (-0.241)) - (-0.241)) * (((-0.501) * X1) + (-2.044))) - (-1.775)) + ((0.007 / (-2.079)) - (11.190 * X1))))) + ((0.318 * X1) * ((((-0.071) * X1) * (0.019 * X1)) / (((0.007 / (((0.434 * X1) - (-0.241)) - 0.733)) * ((((-0.501) * X1) + (-2.044)) - (1.327 * X1))) * ((0.434 * X1) - (-0.241))))))))
OperonRegressor,first_principles_leavitt,ok,1,26,0.6321783111447452,0.4761359320366576,43.0,8.681922197341919,,((-0.002) + (1.001 * (((6.618 - (((-1.649) - ((-9.287) * X1)) * ((-37.345) + (8.203 * X1)))) - (((((((-906.501) * X1) * (30.694 * X1)) / ((4.356 + ((-20.057) * X1)) - (37.667 + (831.750 * X1)))) / ((105.729 * X1) - (-73.201))) - (((-1.988) * X1) / ((-0.280) + (0.562 * X1)))) + (38.827 * X1))) * ((-0.004) + ((-0.002) * X1)))))
OperonRegressor,first_principles_newton,ok,3,30,-448.5731983808613,188.02691100730246,55.0,7.708319902420044,,((-0.000) + (1.000 * (((((94.636 * X2) + ((((-13.337) * X1) * ((-11.990) * X2)) + (73.834 * X1))) + 44.963) / ((86.899 * X3) - (31.942 * X1))) + (((((-0.026) - ((-0.033) * X3)) - ((0.062 * X1) / ((-8.147) * X2))) / ((((-0.089) * X2) - (((-22.631) * X1) / ((-4.790) * X2))) - (15.182 * X1))) + (((-15.596) * X1) - (((((-2.788) * X2) - ((5.087 * X1) / ((-41.309) * X2))) - (15.277 * X1)) - (0.973 - (2.678 * X3))))))))
OperonRegressor,first_principles_planck,ok,2,100,0.9997219691490412,2.2952371614328486,48.0,30.049485683441162,,(0.000 + (1.000 * ((((((136.534 * X2) - 228.782) + (-572.197)) + 434.824) / (((((-102971.352) * X1) - 45074.844) / ((9088.221 * X2) - ((-1.045) * X1))) - (((((-39292.102) * X1) - 83863.398) + ((-186804.891) * X1)) - ((11910.021 * X2) + ((-13614.595) * X2))))) + ((((0.061 * X2) - 0.448) / (((244542.484 * X1) - (-103211.703)) + (49845.316 * X1))) + (((((-3437968.250) * X2) - 2135198.000) + (2590964.000 * X1)) / (((-9487809.000) * X2) - 8416313.000))))))
OperonRegressor,first_principles_rydberg,ok,2,50,0.9999250475671334,0.015185637314136125,64.0,10.389928102493286,,((-0.000) + (1.000 * (((0.421 * X2) - ((-0.102) + ((0.575 * X2) - (0.920 * X1)))) + (((((((-0.469) * X2) - ((-1.306) * X1)) * ((-2.036) * X2)) / (((2.809 * X2) - (3.225 * X1)) - (-9.566))) - (((0.120 * X2) - ((-0.080) * X1)) / ((-14.810) + (((-3.273) * X2) - (((-3.485) * X2) - ((-10.301) * X1)))))) + (((((-2.158) + (((-1.225) * X2) - ((-4.900) * X1))) * (16.888 * X2)) + ((((5.531 * X1) + (1.759 * X1)) + (-0.097)) * ((-13.349) * X1))) * ((-0.001) * X1))))))
OperonRegressor,first_principles_schechter,ok,1,27,0.9920886691819076,0.3196201082960049,38.0,5.368643760681152,,((-0.000) + (1.000 * ((((0.283 * X1) / (((((-76.641) * X1) / (-36.401)) + 2.415) / ((-8.787) + ((-3.963) * X1)))) - (0.519 - ((0.101 * X1) / (((((-0.538) * X1) + ((-3.457) * X1)) + ((-2.176) * (0.941 * X1))) - 2.962)))) - (((-0.005) * X1) / (((-2.297) * (2.688 * X1)) - 2.859)))))
OperonRegressor,first_principles_supernovae_zg,ok,1,200,0.9997133207496309,0.004573736345156507,49.0,17.054091215133667,,(0.000 + (1.000 * (((((0.001 * X1) * (((5.890 - (9.182 * X1)) * ((-0.065) * X1)) - 2.218)) * ((-19.867) + (((8.004 * X1) - 30.518) * ((-0.658) * X1)))) * (((-6.794) + (9.569 * X1)) + ((((7.546 * X1) * (((4.576 * X1) - (-5.245)) * (0.092 * X1))) * ((((4.722 * X1) + 15.327) * ((-0.829) * X1)) - ((-18.320) * X1))) + (((0.012 + (1.691 * X1)) * ((-15.836) * X1)) - 4.298)))) + (-0.513))))
OperonRegressor,first_principles_supernovae_zr,ok,1,200,0.9976364677867268,0.00932196802948337,54.0,19.830814599990845,,(0.000 + (1.000 * (((((((-2.547) * X1) + 11.938) / ((((-3.103) * X1) + ((5.692 * X1) / (((-19.270) * X1) + (-25.746)))) - (((-2.378) * X1) + (((-2.325) * X1) - 2.248)))) - ((((-13.442) * X1) + 6.102) - (((19.963 * X1) + 2.067) * (((-1.049) * X1) * (0.252 * X1))))) * (((0.133 * X1) + (-0.130)) + ((((-58.607) * X1) + (-13.324)) * (((-1.428) * X1) * ((-0.000) * X1))))) + (0.094 / ((0.150 * X1) - 0.305)))))
OperonRegressor,first_principles_tully_fisher,ok,1,18,0.7951564078375907,0.5059865919413987,38.0,7.290955305099487,,((-0.175) + (0.951 * ((0.007 * (((1.752 * X1) / (((-0.813) * X1) - 0.975)) + (((((-0.274) - (0.644 * X1)) - 0.975) / (((0.644 * X1) - (((-0.171) * X1) / 2.835)) + (0.000 + 0.975))) + ((-0.974) / ((0.644 * X1) - 0.802))))) + ((-0.098) - ((((35075.629 * X1) / 2.532) / 2.532) * (0.000 + ((-0.000) * X1)))))))
OperonRegressor,nikuradse_1,ok,2,200,0.9970045542204056,0.008993898525840677,53.0,60.422778367996216,,((-0.000) + (1.000 * (((((((-0.731) * X1) * (59.329 * X1)) - (((15.369 * X2) + ((19.898 * X2) + (((-80.236) * X1) + 28.468))) - (195.796 * X2))) * ((-0.004) - ((-0.002) * X2))) + ((((-0.332) * X1) - (((-0.305) * X2) + 0.772)) - ((5.900 * X1) / ((11.859 * X1) + 11.496)))) - ((41.481 - (31.829 * X2)) * ((0.145 - (0.447 * X2)) / (31.053 + ((((-3.577) * X2) + (7.587 * X1)) * ((4.528 - (1.442 * X2)) - ((-9.257) * X1)))))))))
OperonRegressor,nikuradse_2,ok,1,200,0.9709904465958645,0.03351535340494537,60.0,42.93465256690979,,((-0.001) + (1.002 * ((((-0.062) * X1) + (((((2.551 * X1) * ((-0.508) * X1)) * (((-8.998) * X1) + (((-5.536) * X1) * ((-0.557) * X1)))) + 5.202) * (0.002 + (0.001 * X1)))) * ((((2.650 * X1) + ((-21.295) * X1)) + ((((-0.546) / (12.893 * X1)) + 20.430) - ((2.214 * X1) * (1.469 * X1)))) + ((((-2.307) * X1) * ((-0.087) * X1)) * ((31.420 * X1) + ((((((-7.225) * X1) - (-16.564)) - 1.562) * ((4.072 * X1) * ((-0.602) * X1))) * ((-0.469) * X1))))))))
OperonRegressor,solar_flare,ok,10,200,-0.03707849979400635,0.696910115712931,57.0,133.19575595855713,,((-0.060) + (1.016 * ((((((-1758.470) * X2) - ((209.327 * X6) - (323.283 * X4))) + (((((-0.024) * X6) - (0.721 * X7)) + (((-0.043) * X4) - (((-0.707) * X7) - (0.236 * X2)))) * (((((-511.909) * X6) - (675.279 * X4)) - ((-2099.812) * X3)) + (5056.020 - (459.160 * X7))))) / ((33574.602 * X1) + ((295.513 * X5) - ((((1778.890 - ((-434.142) * X7)) - (675.446 * X3)) + (1587.561 * X2)) + ((-332.107) * X4))))) + ((((-0.052) * X9) + (0.161 * X2)) - ((-0.208) * X3)))))
OperonRegressor,strogatz_bacres1,ok,2,200,0.9999956098908891,0.0045718828733205905,61.0,19.125903129577637,,(0.000 + (1.000 * ((((6.485 - ((-0.464) * X2)) - ((((((-8.134) * X1) - ((-23.240) - ((-0.163) * X2))) - (((-2.563) * X1) * (0.524 * X1))) * (((-0.750) * X1) * ((-0.134) * X1))) + (((-17.793) * X1) + ((0.015 * X1) / ((2.528 * X2) + 1.419))))) * (((0.000 * X1) / (2.188 - ((-5.830) * X2))) - ((((-0.007) * X2) + (0.003 * X1)) - ((((-0.001) * X1) * ((-0.107) * X1)) * (((-0.491) * X2) + (0.239 * X1)))))) + (((-0.492) * X1) + (0.038 - (0.770 * X2))))))
OperonRegressor,strogatz_bacres2,ok,2,200,0.9999933121270009,0.005273666594279638,56.0,20.213531494140625,,(0.000 + (1.000 * ((((-0.874) * X2) + (0.402 * X1)) + ((((((-0.148) * X1) + (-0.013)) + (0.236 * X2)) / ((-0.922) + (((-2.113) * X1) + (5.247 * X2)))) + ((((((-0.432) + ((0.608 * X1) - (8.139 * X2))) + ((-8.979) * X1)) / ((10.644 * X1) - ((-10.077) * X2))) + ((((7.411 * X2) + ((-2.998) * X1)) * (((11.398 * X1) + (-43.765)) * ((-0.016) * X1))) + (((-33.320) * X2) - ((-15.158) * X1)))) * ((-0.004) * X1))))))
OperonRegressor,strogatz_barmag1,ok,2,200,0.9998704230775186,0.0020102544943848047,55.0,19.495054244995117,,((-0.000) + (1.000 * ((((2007.050 * X2) + (92.862 * X1)) / ((-51.146) - ((-675.054) * X2))) - (((((((-1941.479) - (17.097 * X1)) / (((-4954.181) * X2) + ((-85.694) - (542.166 * X1)))) - ((-1.585) * X1)) + ((((-724.405) - (661.580 * X1)) * ((1.304 - ((-0.120) * X1)) / ((2575.893 * X2) + 2580.586))) - ((-4.123) - (0.322 * X2)))) + (((-0.182) * X1) * ((-0.765) - (1.124 * X1)))) + ((121.251 - ((-51.490) * X1)) / (217.679 - (161.699 * X2)))))))
OperonRegressor,strogatz_barmag2,ok,2,200,0.9999866967109554,0.0007619889939803916,59.0,32.9953670501709,,(0.000 + (1.000 * ((((-0.569) * X1) + ((((((-0.666) * X2) - ((-0.015) * X1)) * (((-4.683) - ((-26.137) * X2)) - ((3.948 * X1) - (0.076 * X2)))) + (24.895 - ((-0.412) * X1))) * ((((1.121 * X2) - ((-1.595) * X1)) * ((((-0.004) * X1) - ((-0.030) * X2)) * ((0.043 * X1) - (0.887 * X2)))) + ((((((-0.013) * X1) - (0.036 * X2)) * ((0.179 * X1) - (3.507 * X2))) - (0.159 - (0.125 * X2))) - (((0.379 * X1) - ((-0.132) * X2)) - (0.425 * X1)))))) + 1.730)))
OperonRegressor,strogatz_glider1,ok,2,200,0.33375514506293724,0.6316847641749339,48.0,20.23712992668152,,((-0.000) + (1.000 * (((((-0.336) * X1) + 21.926) - 20.565) + (((-0.922) + ((-3.106) * X2)) * (((((1.132 * X2) + 19.428) + (((-0.364) * X1) + 0.127)) / ((((0.389 * X1) + 8.287) + (((-9.390) * X2) / (1.741 + (5.040 * X2)))) - ((-30.168) * X2))) - ((0.122 + (1.186 * X2)) / (((((-0.011) * X1) + 13.107) + (((-32.621) * X2) / (0.232 + (1.066 * X2)))) - ((-18.232) * X2))))))))
OperonRegressor,strogatz_glider2,ok,2,200,0.875910442687615,0.3039207081125645,56.0,20.789793014526367,,(0.000 + (1.000 * (((((99.997 * X2) + (((-686.609) - ((-457.923) * X2)) + (((-292.582) - ((186.610 * X2) + (285.429 * X1))) * ((0.024 * X2) * ((52.464 * X2) + (49.264 * X1)))))) + (((1566.124 * X1) + (1480.384 * X2)) + ((((-229917.000) * X1) + 84787.219) / ((127.824 * X1) - ((-337.870) - (120.461 * X2)))))) / ((1382.901 * X1) - ((-2643.775) - (30.759 * X2)))) + ((((-0.640) * X2) + (0.625 * X1)) + ((((-4.010) * X1) + (-2.510)) / ((-212.340) - ((-415.434) * X2)))))))
OperonRegressor,strogatz_lv1,ok,2,200,0.9996811926370947,0.00647826515253777,61.0,19.131051778793335,,((-0.000) + (1.000 * (((0.000 / (((-3.151) * X1) - (((-4.229) * X2) - (-3.102)))) + (((-3.392) * X1) - (0.048 - (((-0.018) * X1) + ((-0.322) * X2))))) + ((((((((-3.175) * X1) + ((-4.983) * X2)) / (((-3.797) * X2) - (-0.892))) - (((0.411 - (0.256 * X2)) / (((-1.963) * X2) - (-1.638))) / (((-3.288) * X1) - (((-1.115) * X2) - (-1.974))))) * ((-0.002) * X1)) - (((8.721 * X2) - ((-6.791) * X1)) * (0.054 * X1))) + (2.944 * X1)))))
OperonRegressor,strogatz_lv2,ok,2,200,0.9999114021117492,0.0034096078263231733,64.0,19.971576929092407,,((-0.000) + (1.000 * ((((-1.463) * X1) + ((-0.202) + (((-1.117) * X2) - (((1.239 * X2) - (((-1.174) * X2) - (3.794 * X1))) * (0.220 * X2))))) + (((-0.000) / (((0.417 * X2) - (((-0.751) * X1) + ((-0.622) * X1))) - (((-26.166) * X1) / ((61.561 * X1) - (-7.185))))) + ((((-0.169) * X1) - ((0.007 * X2) / (((0.823 * X2) - (((-0.708) * X1) + ((-1.107) * X1))) - (((-28.265) * X1) / ((61.078 * X1) - (-7.479)))))) / ((53.275 * X1) - (((-16.407) * X2) - (11.407 * X1))))))))
OperonRegressor,strogatz_predprey1,ok,2,200,0.999937387883157,0.010868975525123604,54.0,19.51785135269165,,((-0.000) + (1.000 * ((((-11.155) * X1) - ((1.294 * X2) - 32.757)) + (((((-0.180) - (((0.396 - (0.491 * X2)) / (3.238 - (4.013 * X2))) - (0.015 * X1))) * (((-34.605) * X1) - (((51.874 - ((-26.810) * X2)) / ((11.146 * X1) - (-18.131))) - ((-5.346) * X1)))) + (((0.002 - ((-0.002) * X2)) / ((-9.058) * X1)) - (33.244 - (0.356 * X2)))) - (((0.109 * X1) / ((-29.826) - ((-10.597) * X1))) / ((2.463 * X1) - (-0.139)))))))
OperonRegressor,strogatz_predprey2,ok,2,200,0.9999956042940488,0.0031419970906672048,54.0,31.236103296279907,,((-0.000) + (1.000 * (((((((-0.099) * X1) - 0.259) / (((-43.371) * X2) + 9.951)) + (((5.230 * X2) + 6.625) - (0.043 * X1))) * ((-0.060) * X2)) + ((((((0.107 * X1) + (14.178 * X1)) * ((-1.169) * X2)) + (((((-1.635) * X1) + ((-129.227) * X2)) + ((-7.716) - (((-0.190) * X2) / ((-0.848) * X1)))) / (31.313 - ((-668.643) * X2)))) + ((-22.391) - ((30.702 * X1) + (15.789 * X1)))) / (((-20.962) * X1) - 33.775)))))
OperonRegressor,strogatz_shearflow1,ok,2,200,0.9862271238880269,0.08495960562230466,46.0,32.32907247543335,,(0.000 + (1.000 * (((50.376 - (((1747.275 * X2) - (11.583 - ((-318.135) * X1))) / (((-41.902) * X2) - 63.183))) * (0.008 * X2)) - ((((((((-90330.758) - (279370.875 * X1)) / (((-7643.600) * X2) - 2734.111)) + ((202.589 * X2) - ((-14.806) - (54.768 * X1)))) / ((11.176 * X2) - 5.694)) / ((3.821 * X2) - 2.904)) * (((0.139 - (0.039 * X1)) + (((-0.022) * X2) / (3.697 - (3.814 * X1)))) - 0.045)) + 0.051))))
OperonRegressor,strogatz_shearflow2,ok,2,200,0.9605677554253026,0.051419356276232536,56.0,39.977874755859375,,((-0.000) + (1.000 * ((((27.232 * X1) + ((((-0.603) * X1) - (-0.479)) * (((-37.017) * X2) - (-18.181)))) - (((12.327 * X2) + (16.016 - ((-31.227) * X1))) * ((((24.064 * X1) + (29.282 - ((-1.569) * X2))) * (((0.004 * X2) + (((-0.001) * X1) - (-0.003))) * ((19.574 * X1) - 7.548))) * (((-8.880) * X2) - (((25.305 - (7.895 * X2)) * ((-6.971) - ((-16.425) * X1))) * (((-0.019) * X1) - (-0.039))))))) / ((87.148 * X1) - 16.781))))
OperonRegressor,strogatz_vdp1,ok,2,200,0.9987724878583993,0.061732213763484325,61.0,34.57243776321411,,(0.000 + (1.000 * ((((((-0.001) + ((-0.002) * X1)) / ((1.323 + (0.232 * X1)) - ((-39.837) * X2))) - (((-0.002) * X2) / (((-3.596) * X2) - (((-3.953) / ((-4.867) * X1)) / (0.199 + ((-4.194) * X1)))))) + ((((((-0.006) * X2) - ((-0.154) - ((-5.285) * X1))) * (21.595 + (13.276 * X1))) + ((-20.978) * X1)) * (0.019 * X1))) - ((((-1.550) * X2) - ((-0.001) * X1)) - (((-0.945) - (((-0.009) * X2) - (18.473 * X1))) / ((-0.652) + (12.609 * X1)))))))
OperonRegressor,strogatz_vdp2,ok,2,200,0.8871808221931486,0.0321946473342038,55.0,30.911093711853027,,(0.001 + (1.000 * (((((-2465.904) / (48125636.000 * X2)) + ((0.822 * X2) + (((-0.002) - (0.001 * X1)) / (((-4.722) - (5.671 * X1)) - (18.530 * X2))))) - (((-0.010) - (0.009 * X2)) / ((-0.947) - ((-18.354) * X1)))) - (((0.823 * X2) - ((((-14.127) - (29.426 * X2)) / (((-69.208) * X2) + ((-79.997) * X1))) / (((-159.477) * X2) + (1098.724 * X1)))) + ((1.000 * X1) - (((-2.905) - (1.582 * X2)) / (((-612.102) * X2) + (4216.636 * X1))))))))
