algorithm,dataset,status,r2,rmse,complexity,seconds,error,expression
ffx,1027_ESL,ok,-1.487971,2.507112,625,5.71,,"0.0528 - 13.6*max(0,-1.39-X3) * max(0,-1.49-X0) + 8.93*max(0,-1.39-X3) * max(0,-1.86-X2) - 6.82*max(0,X1-1.78) - 5.67*max(0,-1.39-X3) * max(0,X1-1.11) + 4.22*max(0,X0+0.198) * max(0,X1-1.78) + 3.27*max(0,-1.86-X2) * max(0,-1.49-X0) + 2.78*max(0,-1.39-X3) * max(0,-1.57-X1) - 2.59*X3 * max(0,X1-1.78) - 2.55*max(0,-1.86-X2) - 2.25*max(0,X0+0.198) * max(0,-1.86-X2) - 1.95*X3 * max(0,-1.49-X0) + 1.53*max(0,-1.49-X0) + 1.11*X3 * max(0,-1.86-X2) + 1.07*max(0,-1.39-X3) * max(0,-0.842-X0) - 0.917*max(0,-1.39-X3) * max(0,-1.16-X2) - 0.889*max(0,-0.842-X0) + 0.706*max(0,X1-1.11) - 0.668*max(0,X1-1.78) * max(0,X1-1.11) - 0.570*max(0,-1.39-X3) + 0.551*X3 * max(0,-1.57-X1) + 0.510*X2 - 0.484*max(0,-1.57-X1) * max(0,-1.86-X2) - 0.465*max(0,-1.16-X2) * max(0,-1.49-X0) - 0.433*max(0,X2-0.937) + 0.371*max(0,-1.16-X2) - 0.348*max(0,-0.842-X0) * max(0,-1.86-X2) - 0.347*max(0,-1.16-X2) * max(0,-0.842-X0) + 0.336*max(0,-1.16-X2) * max(0,-1.57-X1) - 0.311*max(0,0.444-X1) + 0.305*X3 * max(0,X1-1.11) - 0.289*max(0,X0-1.73) * X3 + 0.288*max(0,-1.57-X1) * max(0,-1.49-X0) + 0.272*abs(X0) + 0.271*X3 - 0.261*max(0,X0-0.446) - 0.249*max(0,-0.198-X0) + 0.235*max(0,-0.842-X0) * max(0,-1.49-X0) + 0.225*max(0,X0+0.198) * max(0,X1-1.11) + 0.201*max(0,-0.637-X3) - 0.193*max(0,X0-1.73) * max(0,X0+0.198) + 0.191*max(0,-1.39-X3) * X3 + 0.189*max(0,X2-1.63) + 0.156*max(0,X0+0.198) - 0.141*max(0,-1.39-X3) * max(0,X1-1.78) + 0.119*max(0,-0.460-X2) - 0.115*max(0,X2+0.460) + 0.0870*abs(X2) - 0.0841*max(0,-1.57-X1) - 0.0676*max(0,X1-0.444) + 0.0657*X2**2 - 0.0572*max(0,-0.896-X1) - 0.0412*max(0,X3-0.861) + 0.0404*max(0,-1.16-X2) * X3 + 0.0396*X3**2 - 0.0392*max(0,-1.39-X3) * max(0,X0+0.198) - 0.0369*max(0,X1+0.226) - 0.0164*max(0,0.446-X0) + 0.0152*max(0,X0+0.198) * X3 - 0.00945*X3 * max(0,-0.842-X0) - 0.00591*abs(X1) + 0.00579*max(0,-1.16-X2) * max(0,-1.86-X2) - 6.09e-5*max(0,X0-1.73)"
ffx,1028_SWD,ok,-0.341503,0.978415,1398,15.1,,"0.725 - 8.24*max(0,-1.09-X1) * max(0,-0.759-X6) + 6.10*max(0,X4-0.837) * max(0,-0.759-X6) + 5.51*max(0,-0.716-X3) * max(0,-1.09-X1) + 4.93*max(0,X8+0.435) * max(0,-0.759-X6) - 4.78*max(0,X8+0.0870) * max(0,-0.759-X6) - 4.56*max(0,X8+0.0870) * max(0,-0.716-X3) - 4.47*max(0,-0.716-X3) * max(0,-0.759-X6) + 3.53*max(0,X8+0.435) * max(0,-0.770-X4) - 3.51*max(0,-0.770-X4) * max(0,-1.09-X1) - 2.82*max(0,X3-0.307) * max(0,-0.770-X4) - 2.74*max(0,-0.770-X4) + 2.74*max(0,X9+0.513) * max(0,-0.770-X4) - 2.46*X4 * max(0,-0.759-X6) - 1.93*max(0,-0.770-X4) * max(0,-0.716-X3) + 1.93*max(0,-0.770-X4) * max(0,0.160-X2) - 1.75*max(0,X8+0.435) * max(0,X4-0.837) - 1.72*max(0,X3-0.307) * max(0,-1.09-X1) - 1.59*max(0,-1.09-X1) - 1.48*X4 * max(0,-1.09-X1) - 1.39*max(0,X9+0.850) * max(0,-0.770-X4) + 1.37*max(0,-0.716-X3) - 1.37*max(0,X8+0.435) * max(0,0.160-X2) + 1.33*max(0,X8+0.0870) * max(0,X4-0.837) - 1.33*max(0,X4-0.837) * X7 + 1.28*max(0,X6-0.325) * max(0,-0.770-X4) - 1.26*max(0,X9+0.850) * max(0,-0.759-X6) + 1.23*max(0,X8+0.0870) * max(0,0.160-X2) + 1.17*max(0,X9+0.513) * max(0,-1.09-X1) - 1.14*max(0,X8+0.0870) * max(0,-0.770-X4) + 1.11*X7 * max(0,-0.716-X3) - 1.07*max(0,X9+0.513) * max(0,0.160-X2) - 1.05*max(0,0.544-X2) * max(0,-0.759-X6) + 1.05*max(0,X4-0.837) * max(0,0.160-X2) + 1.01*max(0,X8+0.435) * max(0,-0.716-X3) + 0.995*max(0,0.160-X2) * max(0,-0.716-X3) + 0.923*max(0,0.544-X2) * max(0,X3-0.307) + 0.827*max(0,X4-0.837) * max(0,X3-0.307) + 0.819*max(0,X8+0.0870) * max(0,X3-0.307) + 0.744*max(0,X9+0.513) + 0.734*max(0,X8+0.435) * X7 + 0.714*max(0,X6-0.325) * max(0,-0.716-X3) + 0.681*max(0,0.544-X2) * max(0,-0.770-X4) + 0.670*max(0,0.544-X2) * max(0,-1.09-X1) + 0.658*X4 * max(0,-0.770-X4) - 0.656*max(0,0.160-X2) + 0.651*max(0,X9+0.850) * max(0,-1.09-X1) + 0.641*max(0,0.160-X2) * max(0,-0.759-X6) - 0.603*max(0,X9+0.850) * max(0,-0.716-X3) - 0.599*max(0,X9+0.177) + 0.580*max(0,X6-0.325) * max(0,X4-0.837) - 0.577*max(0,X0+0.437) - 0.577*max(0,X6-0.325) * max(0,-1.09-X1) - 0.562*X7 * max(0,X3-0.307) - 0.527*max(0,X8+0.435) * max(0,X3-0.307) - 0.515*X4 * max(0,X3-0.307) - 0.515*max(0,X3-0.307) * max(0,-0.759-X6) - 0.497*max(0,X8+0.435) * max(0,-1.09-X1) - 0.492*max(0,X3-0.307) * max(0,0.160-X2) - 0.491*max(0,X9+0.513) * max(0,X4-0.837) - 0.469*max(0,X8+0.0870) * X7 + 0.463*X4 * max(0,0.160-X2) - 0.461*max(0,X2-0.928) - 0.458*max(0,X2-1.31) - 0.456*max(0,-0.759-X6) + 0.436*max(0,X4-0.837) * max(0,-0.716-X3) - 0.434*max(0,X9+0.513) * X7 - 0.410*max(0,X6-0.325) * X4 + 0.395*max(0,X8+0.0870) * X4 + 0.394*X7 * max(0,0.160-X2) - 0.358*max(0,X9-0.496) + 0.343*max(0,-0.375-X3) + 0.342*X4 * X7 - 0.341*X7**2 + 0.339*max(0,X9+0.513) * max(0,-0.716-X3) - 0.307*max(0,X6-0.325) + 0.288*max(0,X9+0.850) - 0.283*X7 * max(0,-0.759-X6) + 0.280*max(0,X8+0.0870) - 0.275*max(0,X6-0.325) * max(0,X3-0.307) + 0.266*max(0,X9+0.850) * max(0,0.544-X2) + 0.262*max(0,X9+0.513) * X4 + 0.261*max(0,X8-0.261) + 0.253*max(0,X8+0.0870) * max(0,X6-0.325) - 0.240*max(0,X9+0.513) * max(0,-0.759-X6) + 0.231*X5 + 0.223*max(0,X9+0.850) * X7 - 0.218*max(0,-0.770-X4) * max(0,-0.759-X6) - 0.213*max(0,X4-0.837) * max(0,0.544-X2) - 0.211*X7 * max(0,-0.770-X4) + 0.189*max(0,X6-0.325) * max(0,0.544-X2) - 0.178*max(0,X8+0.435) * max(0,X6-0.325) + 0.167*max(0,X3-0.307) + 0.166*max(0,0.544-X2) - 0.163*max(0,X6-0.325) * X7 - 0.163*X4 * max(0,X4-0.837) - 0.156*max(0,X8+0.0870) * max(0,-1.09-X1) - 0.139*max(0,0.544-X2) * max(0,-0.716-X3) - 0.129*max(0,0.510-X7) + 0.127*X4 * max(0,-0.716-X3) + 0.126*max(0,X4-0.837) + 0.107*max(0,0.160-X2) * max(0,-1.09-X1) - 0.107*max(0,0.881-X7) - 0.104*max(0,X9+0.850) * max(0,X3-0.307) + 0.104*X5**2 + 0.103*max(0,X8+0.435) * X4 - 0.103*max(0,X8+0.0870) * max(0,0.544-X2) + 0.0975*max(0,X0+0.825) + 0.0915*max(0,X9+0.513) * max(0,X3-0.307) + 0.0881*max(0,X8+0.435) * max(0,X8+0.0870) + 0.0840*max(0,X9+0.513) * max(0,X8+0.435) + 0.0728*max(0,X3-0.648) + 0.0705*X7 + 0.0695*max(0,-0.0341-X3) - 0.0626*max(0,-0.496-X5) - 0.0603*max(0,0.544-X2) * max(0,0.160-X2) + 0.0602*max(0,X9+0.513) * max(0,0.544-X2) - 0.0596*max(0,X9-0.833) + 0.0569*X4 - 0.0520*X7 * max(0,0.544-X2) + 0.0411*max(0,X1-0.629) - 0.0376*max(0,-0.0361-X6) + 0.0343*max(0,X1+0.0603) + 0.0337*max(0,X8+0.435) - 0.0331*max(0,-0.368-X4) + 0.0269*max(0,-0.405-X1) + 0.0267*max(0,X1-0.284) + 0.0237*max(0,-0.749-X1) - 0.0228*X7 * max(0,-1.09-X1) - 0.0222*max(0,X8+0.435) * max(0,0.544-X2) - 0.0143*X4 * max(0,0.544-X2) - 0.0128*max(0,X4-0.837) * max(0,-1.09-X1) + 0.00781*max(0,X3-0.989) - 0.00557*max(0,X6-0.686) + 0.00322*max(0,X8-0.609) + 0.00151*max(0,X9+0.513) * max(0,X6-0.325) - 0.00102*max(0,-0.228-X5) + 0.000649*max(0,X8-0.957) - 0.000473*max(0,X9-0.160)"
ffx,1029_LEV,ok,0.691878,0.504977,532,6.09,,"1.01 + 13.8*max(0,X1-1.21) * max(0,-0.822-X3) + 9.06*max(0,-0.812-X2) * max(0,-0.822-X3) + 6.58*max(0,X3-1.11) - 5.70*max(0,X1+0.824) * max(0,X3-1.11) + 5.56*X1 * max(0,X3-1.11) - 3.87*max(0,X1-1.21) * X1 + 3.42*max(0,X1-1.21) * max(0,-0.812-X2) - 3.35*max(0,X1+0.824) * max(0,-0.812-X2) + 3.25*max(0,X1-1.21) - 2.77*max(0,-0.812-X2) * max(0,X3-1.11) - 2.63*max(0,X1-1.21) * max(0,0.725-X3) + 2.60*max(0,-0.822-X3) + 2.05*max(0,X0-0.0331) * max(0,-0.822-X3) - 1.97*max(0,X0-0.0331) * max(0,X3-1.11) - 1.87*max(0,0.682-X2) + 1.83*max(0,-0.812-X2) + 1.73*X1 * max(0,0.725-X3) - 1.52*max(0,0.725-X3) * max(0,-0.812-X2) + 1.44*max(0,0.682-X2) * max(0,-0.812-X2) - 1.36*max(0,X1+0.824) * max(0,0.725-X3) + 1.25*max(0,0.725-X3) + 1.23*X1 * max(0,-0.812-X2) - 1.22*max(0,0.682-X2) * max(0,-0.822-X3) + 1.20*max(0,X1-1.21) * max(0,X3-1.11) - 1.20*max(0,X1-1.21) * max(0,0.682-X2) - 1.17*max(0,X0-0.0331) * max(0,X1-1.21) + 1.15*max(0,X1+0.824) * max(0,X1-1.21) - 1.14*max(0,X1+0.824) * max(0,-0.822-X3) + 1.12*max(0,0.308-X2) + 0.979*max(0,-0.723-X0) + 0.863*X0 - 0.787*max(0,0.725-X3) * max(0,-0.822-X3) - 0.785*max(0,X0-0.0331) * max(0,-0.812-X2) - 0.702*max(0,X0-0.0331) * max(0,0.725-X3) - 0.590*max(0,0.682-X2) * max(0,X3-1.11) - 0.550*X1 * max(0,-0.822-X3) - 0.523*max(0,X2+0.812) + 0.367*max(0,X1+0.824) * max(0,0.682-X2) - 0.317*max(0,0.338-X3) + 0.289*X1**2 + 0.166*max(0,X1+0.824) * X1 - 0.144*max(0,0.682-X2) * max(0,0.725-X3) + 0.142*max(0,0.790-X0) - 0.141*max(0,X3+0.435) + 0.109*max(0,X0-0.0331) * max(0,0.682-X2) + 0.0768*max(0,-0.0102-X1) - 0.0455*max(0,X0-0.0331) * X1 - 0.0410*max(0,X0-0.0331) + 0.0369*max(0,0.682-X2) * X1 + 0.0229*max(0,X1+0.824) * max(0,X0-0.0331) + 0.0205*X0**2 + 0.0196*max(0,1.17-X0) + 0.000268*max(0,X1+0.824)"
ffx,1030_ERA,ok,-0.034286,1.844668,1013,8.9,,"0.486 + 27.0*max(0,-1.15-X2) * max(0,0.00733-X3) + 16.3*max(0,0.418-X3) * max(0,X3-0.00733) + 5.33*max(0,-0.208-X0) * max(0,X3-0.829) - 4.28*max(0,-0.611-X0) * max(0,X3-0.418) + 3.64*max(0,X2-1.25) + 2.84*max(0,-0.208-X0) * max(0,-0.814-X3) - 2.59*max(0,-0.170-X1) * max(0,-0.814-X3) - 2.30*max(0,-0.170-X1) * max(0,X3-0.829) + 2.28*max(0,-0.188-X2) * max(0,-0.403-X3) - 2.09*max(0,-0.188-X2) * max(0,-0.814-X3) + 2.07*max(0,X0-1.00) - 1.94*max(0,-0.814-X3) * max(0,-0.403-X3) + 1.89*max(0,X1-1.35) - 1.82*max(0,-0.611-X0) * max(0,X3-1.24) - 1.80*max(0,-0.611-X0) * max(0,-0.403-X3) - 1.68*max(0,-0.188-X2) * max(0,X3-1.24) + 1.64*max(0,-0.611-X0) * max(0,-0.188-X2) + 1.60*max(0,-0.170-X1) * max(0,X3-0.418) - 1.48*max(0,X2-0.291) * max(0,-0.403-X3) + 1.24*max(0,-0.403-X3) + 1.19*max(0,X3-1.24) * max(0,X3-0.829) - 1.14*max(0,X2-0.770) + 1.10*max(0,-0.170-X1) * max(0,-0.403-X3) + 0.903*max(0,X1-1.35) * max(0,-0.403-X3) - 0.859*max(0,-0.208-X0) - 0.851*max(0,-0.611-X0) * max(0,X3-0.00733) - 0.810*max(0,-0.678-X1) + 0.785*max(0,0.418-X3) * max(0,-1.15-X2) + 0.738*max(0,-0.611-X0) * max(0,-0.814-X3) - 0.685*max(0,0.00733-X3) - 0.629*max(0,X3-0.418) * max(0,X3-0.829) - 0.583*max(0,X1-0.337) + 0.581*max(0,-1.19-X1) + 0.573*max(0,X1+0.170) + 0.538*max(0,-0.170-X1) * max(0,-0.208-X0) - 0.536*max(0,-0.170-X1) * max(0,-0.188-X2) - 0.457*max(0,0.418-X3) * max(0,-0.188-X2) + 0.435*max(0,-0.170-X1) * max(0,X3-0.00733) + 0.416*max(0,-0.188-X2) * max(0,-0.208-X0) + 0.415*max(0,0.418-X3) * max(0,-0.403-X3) + 0.370*max(0,-0.188-X2) * max(0,X3-0.829) + 0.355*max(0,-1.01-X0) - 0.350*max(0,-0.208-X0) * max(0,X3-0.00733) - 0.349*max(0,0.418-X3) * max(0,-0.814-X3) + 0.337*max(0,-1.15-X2) * max(0,X3-0.829) - 0.318*max(0,-0.188-X2) - 0.308*max(0,X3-0.829) + 0.308*max(0,-0.170-X1) * max(0,-0.611-X0) - 0.269*max(0,-0.611-X0) * max(0,0.00733-X3) - 0.263*max(0,0.770-X2) + 0.202*max(0,X0+0.208) - 0.196*max(0,0.337-X1) + 0.193*max(0,-0.667-X2) - 0.187*max(0,X1-0.845) - 0.170*max(0,X0-0.196) - 0.140*max(0,-0.208-X0) * max(0,X3-1.24) - 0.136*max(0,-0.170-X1) * max(0,X3-1.24) - 0.129*max(0,0.196-X0) + 0.127*max(0,-0.208-X0) * max(0,-0.403-X3) - 0.116*max(0,X3-0.00733) * max(0,X3-0.829) - 0.115*max(0,X3-0.00733) - 0.0972*max(0,-0.170-X1) + 0.0930*max(0,X1-1.35) * max(0,0.418-X3) - 0.0768*max(0,0.418-X3) * max(0,-0.208-X0) + 0.0748*max(0,X2+0.667) - 0.0740*max(0,0.291-X2) - 0.0678*max(0,-0.611-X0) + 0.0669*max(0,X1+0.678) + 0.0581*max(0,X1+1.19) + 0.0423*max(0,-0.170-X1) * max(0,0.418-X3) + 0.0346*max(0,X3-1.24) - 0.0341*max(0,X0-0.600) + 0.0301*max(0,X2+0.188) - 0.0281*max(0,X3-0.00733) * max(0,X3-0.418) - 0.0281*max(0,1.35-X1) + 0.0228*max(0,X2-0.291) + 0.0135*max(0,-1.15-X2) - 0.0108*max(0,-0.814-X3) + 0.00750*max(0,-0.170-X1) * max(0,-1.15-X2) + 0.00699*max(0,X1-1.35) * max(0,0.00733-X3) - 0.00216*X0**2 + 0.000674*max(0,X1-1.35) * max(0,-0.188-X2) + 0.000464*max(0,X2+1.15) + 7.99e-5*max(0,X1-1.35) * max(0,-0.814-X3)"
ffx,1089_USCrime,ok,0.582854,23.522478,238,6.1,,"0.636 - 1.13*max(0,-0.991-X11) + 0.846*max(0,-1.17-X12) + 0.777*max(0,X6-1.02) - 0.710*max(0,X12+0.225) - 0.706*max(0,X11-1.12) - 0.637*max(0,0.384-X0) + 0.602*max(0,-0.553-X10) + 0.581*max(0,-0.962-X6) - 0.567*max(0,X6-1.51) - 0.429*max(0,X4-2.07) + 0.427*max(0,0.0586-X3) - 0.424*max(0,X9-2.19) - 0.422*max(0,-0.0689-X8) - 0.393*max(0,X3-0.930) - 0.354*max(0,X1-1.29) + 0.298*abs(X11) + 0.278*max(0,X0-2.07) - 0.266*max(0,X3-0.494) + 0.255*max(0,-0.442-X4) + 0.244*max(0,0.0641-X11) - 0.212*max(0,-0.0421-X7) - 0.204*max(0,X7-1.19) - 0.196*max(0,0.619-X10) + 0.0922*abs(X3) - 0.0835*abs(X9) - 0.0809*max(0,X10-0.619) - 0.0652*abs(X10) + 0.0647*max(0,0.715-X12) - 0.0318*max(0,X3+0.812) + 0.0186*abs(X2) + 0.0147*X2 + 0.0101*max(0,-0.740-X0) - 0.00505*max(0,-0.246-X2) - 0.00392*abs(X7) + 0.00286*max(0,X0+0.178) - 0.000260*max(0,0.0410-X2) - 1.12e-5*max(0,0.328-X2) - 4.05e-7*max(0,0.615-X2) - 1.25e-8*max(0,0.903-X2) - 3.35e-10*max(0,1.19-X2) + 8.85e-12*max(0,X2+0.246) + 1.10e-12*max(0,X2-0.0410)"
ffx,1096_FacultySalaries,ok,-1.512452,5.439053,734,10.32,,"0.196 + 4.97*max(0,X3-2.37) + 4.48*max(0,X3-1.76) - 3.69*max(0,0.527-X3) * X3 - 3.15*max(0,X3-1.76) * max(0,X1-1.23) - 2.86*max(0,0.527-X3) * abs(X3) - 2.76*max(0,X3-1.76) * max(0,X1-1.78) - 2.73*max(0,0.527-X3) * abs(X1) - 2.73*max(0,0.527-X3) * X1 + 2.69*max(0,X1-1.78) * max(0,X1-1.23) - 2.24*max(0,X2-0.569) + 1.87*max(0,0.0490-X2) - 1.85*abs(X1) - 1.48*max(0,0.147-X1) + 1.38*max(0,-0.0892-X3) + 1.37*max(0,X1-1.78) - 1.36*X3 * max(0,X1-1.23) + 1.21*abs(X3) * X1 - 1.21*max(0,X3-0.527) + 0.993*max(0,X3+0.0892) * abs(X1) - 0.991*max(0,X3+0.0892) * max(0,X1-1.23) - 0.988*max(0,0.527-X3) * max(0,-0.991-X2) - 0.974*abs(X2) * max(0,X1-1.78) + 0.968*max(0,X3+0.0892) * X1 + 0.949*X3 * X1 - 0.872*max(0,-0.396-X1) - 0.870*max(0,0.527-X3) + 0.861*max(0,-0.991-X2) * abs(X2) + 0.830*X3 * max(0,-0.0892-X3) - 0.815*abs(X1) * max(0,-0.0892-X3) - 0.803*max(0,X3+0.0892) * abs(X3) + 0.792*abs(X1) * abs(X3) - 0.752*max(0,-0.0892-X3) * X1 - 0.744*max(0,X3+0.0892) * X3 + 0.728*X3 * abs(X1) + 0.645*X2 * X1 + 0.601*max(0,1.09-X2) + 0.588*max(0,X1+0.396) + 0.581*max(0,X1+0.940) + 0.578*max(0,X2-1.61) + 0.559*max(0,-0.0892-X3) * abs(X2) - 0.508*abs(X1) * max(0,X1-1.23) - 0.504*X3 * X2 + 0.495*max(0,X1-0.691) - 0.475*max(0,-0.705-X3) - 0.470*abs(X3) + 0.456*max(0,X3-1.14) * max(0,X1-1.23) - 0.409*X3 * abs(X3) - 0.370*max(0,-0.940-X1) + 0.352*abs(X2) * X1 - 0.325*max(0,1.23-X1) + 0.306*max(0,X2-1.09) - 0.302*X3 * max(0,X3-1.14) - 0.299*max(0,X3+0.0892) * max(0,X3-1.14) - 0.284*abs(X2) * max(0,X3-1.14) - 0.283*X2 * max(0,X3-1.14) - 0.274*max(0,X3+0.705) - 0.246*max(0,0.691-X1) - 0.225*abs(X1) * max(0,X3-1.14) - 0.224*X1**2 - 0.205*max(0,X2+0.991) - 0.192*max(0,0.527-X3) * X2 - 0.186*abs(X2) + 0.175*max(0,0.527-X3) * max(0,-0.0892-X3) + 0.172*max(0,0.527-X3) * abs(X2) - 0.172*X2 + 0.156*X2 * max(0,-0.0892-X3) - 0.155*max(0,X3+0.0892) * X2 - 0.151*X2 * abs(X2) + 0.150*abs(X1) * X2 - 0.142*max(0,-0.991-X2) + 0.123*max(0,1.76-X3) + 0.119*max(0,X3+0.0892) * max(0,X3-1.76) + 0.108*X3**2 - 0.107*X2 * max(0,X1-1.78) - 0.103*max(0,-0.471-X2) - 0.0864*max(0,X3+0.0892) * max(0,X1-1.78) - 0.0834*X3 * max(0,X1-1.78) + 0.0607*max(0,-0.0892-X3) * abs(X3) - 0.0353*max(0,-0.991-X2) * X2 - 0.0265*abs(X2) * max(0,X1-1.23) + 0.0257*max(0,-0.991-X2) * abs(X1) - 0.0244*X2 * max(0,X1-1.23) - 0.0172*max(0,X2+0.471) - 0.0143*abs(X1) * max(0,X3-1.76) - 0.0132*max(0,1.78-X1) - 0.0122*X2 * abs(X3) + 0.00776*X2**2 - 0.00456*X0**2 + 0.00303*X1 * max(0,X1-1.23) - 0.00212*X2 * max(0,X3-1.76) - 8.66e-5*max(0,X3-1.76) * max(0,X3-1.14)"
ffx,1191_BNG_pbc,ok,-10.049834,3096.262891,2660,67.81,,"3.32 + 68.6*max(0,X2-0.259) * max(0,X15-2.19) - 66.8*max(0,-0.303-X2) * max(0,X16-2.77) + 36.3*max(0,X2-0.821) * max(0,X8-3.19) + 33.6*max(0,X2-0.821) * max(0,X8-2.59) + 30.7*max(0,X8-2.59) * max(0,X12-3.65) - 21.1*max(0,X14-2.22) * max(0,X11-0.0792) - 20.6*max(0,X12-3.65) * max(0,0.0792-X11) + 15.3*max(0,X2-0.259) * max(0,X16-2.77) + 11.9*max(0,0.192-X8) * max(0,X11-3.74) + 11.9*max(0,X8-2.59) * max(0,-0.303-X2) - 9.08*max(0,X8-1.39) * max(0,X16-2.11) + 9.03*max(0,X11-0.0792) * max(0,0.811-X11) - 8.81*max(0,X2-0.821) * max(0,X8-1.39) - 8.32*abs(X8) * max(0,X16-2.11) - 8.08*max(0,-0.208-X10) * max(0,X8-3.19) - 7.55*max(0,X12-2.98) * max(0,0.0792-X11) - 7.23*max(0,X2-0.821) * max(0,X10-0.368) + 6.84*max(0,X2-0.259) * max(0,0.811-X11) - 6.40*max(0,X2-0.259) * max(0,0.0792-X11) - 6.31*max(0,X14-2.22) * max(0,X2-0.821) + 6.06*max(0,-1.36-X10) + 5.72*abs(X10) * max(0,0.192-X8) - 5.41*max(0,X13-3.67) - 5.32*max(0,X2-0.821) * max(0,X11-1.54) - 5.27*max(0,-0.303-X2) * max(0,X14-3.73) - 5.19*max(0,-0.303-X2) * max(0,X11-0.0792) - 5.15*max(0,-0.208-X10) * max(0,0.192-X8) + 4.97*max(0,X10-0.368) * max(0,0.0792-X11) - 4.93*max(0,X2-0.259) * max(0,X8-1.39) + 4.88*max(0,X10-0.368) * max(0,X16-2.11) + 4.85*max(0,X2-0.821) * max(0,0.0792-X11) + 4.80*max(0,0.0792-X11) - 4.72*max(0,X2-0.821) * abs(X8) + 4.69*abs(X10) * max(0,X8-1.39) + 4.17*max(0,X9-3.88) + 4.11*max(0,X10-0.944) + 3.97*max(0,X8-2.59) * abs(X2) - 3.69*max(0,X10-0.368) * max(0,0.192-X8) - 3.64*max(0,-0.947-X9) + 3.63*max(0,X11-1.54) * max(0,0.192-X8) + 3.55*max(0,X2-0.821) * max(0,0.192-X8) - 3.33*max(0,X2-0.821) - 3.13*max(0,X14-2.22) * max(0,X12-3.65) + 3.09*abs(X10) * max(0,X2-0.821) - 3.08*max(0,X2-0.259) * max(0,0.192-X8) + 3.05*max(0,-0.303-X2) * abs(X11) - 2.99*max(0,X2-0.259) * max(0,X11-3.74) - 2.99*max(0,-0.208-X10) * abs(X2) + 2.90*max(0,X13-2.03) - 2.84*max(0,X9-2.91) - 2.81*max(0,X2-0.259) * abs(X11) - 2.81*max(0,-0.303-X2) * X11 - 2.68*abs(X11) * max(0,0.0792-X11) - 2.54*max(0,X10-0.368) * max(0,-0.303-X2) - 2.54*abs(X8) * max(0,X10-0.368) - 2.46*max(0,-0.303-X2) * max(0,0.811-X11) - 2.45*abs(X8) * max(0,X8-3.19) + 2.42*max(0,-0.303-X2) + 2.42*abs(X8) * max(0,0.0792-X11) - 2.41*max(0,X13-2.85) + 2.33*abs(X10) * max(0,X8-3.19) + 2.30*max(0,X15-0.976) + 2.22*max(0,X11-1.54) * abs(X8) + 2.11*max(0,-0.208-X10) * max(0,0.811-X11) + 2.10*max(0,X2-0.259) * abs(X2) - 2.08*max(0,X8-1.39) * abs(X2) + 2.02*max(0,X11-1.54) * max(0,-0.303-X2) - 1.95*max(0,X10-0.368) * max(0,X8-3.19) + 1.93*max(0,-0.208-X10) * max(0,X11-0.0792) + 1.92*max(0,-0.866-X2) - 1.91*max(0,X15-2.19) * max(0,X8-1.39) + 1.89*max(0,X2-0.821) * X11 - 1.88*abs(X10) * max(0,0.811-X11) - 1.86*max(0,0.811-X11) * abs(X11) + 1.81*abs(X10) * abs(X2) + 1.81*max(0,-0.303-X2) * max(0,0.0792-X11) + 1.80*max(0,0.811-X11) * max(0,0.0792-X11) - 1.80*max(0,0.811-X11) * abs(X2) - 1.76*abs(X10) * max(0,0.0792-X11) - 1.74*max(0,0.134-X16) - 1.73*max(0,-1.43-X2) - 1.67*abs(X10) * max(0,X14-3.73) - 1.64*max(0,X11-0.0792) * max(0,X16-2.11) + 1.57*X11 * max(0,0.192-X8) - 1.56*max(0,X16-0.134) + 1.54*max(0,X2-0.821) * max(0,X11-0.0792) - 1.51*max(0,X8-1.39) + 1.51*max(0,X14-1.46) - 1.46*abs(X10) * max(0,X11-1.54) + 1.43*max(0,X13-1.21) + 1.41*max(0,X11-0.0792) * max(0,X8-1.39) + 1.41*max(0,-0.419-X13) + 1.39*abs(X10) * max(0,0.792-X8) - 1.38*max(0,-0.303-X2) * max(0,X8-1.39) + 1.35*max(0,X2-0.821) * abs(X11) - 1.34*X0**2 + 1.29*max(0,X8-3.19) * abs(X2) + 1.28*max(0,X2-0.259) * abs(X8) + 1.25*max(0,X8-2.59) * max(0,0.0792-X11) - 1.24*abs(X10) * abs(X11) - 1.20*max(0,X11-1.54) * max(0,X12-2.98) - 1.19*max(0,X14-2.22) * abs(X10) - 1.19*max(0,-0.208-X10) * max(0,0.792-X8) + 1.18*max(0,-0.208-X10) * max(0,0.0792-X11) - 1.16*abs(X2) + 1.10*max(0,-0.233-X15) - 1.08*max(0,-0.303-X2) * abs(X2) + 1.07*abs(X10) - 1.03*max(0,-0.526-X16) - 1.02*max(0,X8-1.99) - 1.02*max(0,0.811-X11) - 1.00*max(0,X2-1.38) - 0.991*max(0,X12-0.951) - 0.986*abs(X2) * max(0,0.0792-X11) + 0.955*X16**2 - 0.924*max(0,X2-0.259) * max(0,X2-0.821) + 0.892*max(0,0.811-X11) * max(0,0.792-X8) + 0.888*max(0,X8-1.39) * max(0,0.0792-X11) - 0.887*max(0,-0.208-X10) - 0.886*max(0,-0.838-X15) + 0.842*max(0,X8-1.39) * max(0,X12-3.65) - 0.833*abs(X10) * abs(X8) - 0.825*X10**2 + 0.817*abs(X2) * abs(X11) + 0.804*max(0,0.795-X16) - 0.802*abs(X11) * max(0,0.192-X8) - 0.799*abs(X8) * max(0,0.792-X8) - 0.778*max(0,1.99-X8) + 0.748*max(0,X12-2.30) + 0.748*max(0,X9-0.983) - 0.746*max(0,X15-0.372) + 0.742*abs(X15) - 0.723*max(0,X16-1.45) - 0.698*abs(X10) * max(0,X10-0.368) + 0.697*max(0,0.276-X12) + 0.694*max(0,X15-2.19) * max(0,0.192-X8) - 0.648*max(0,X14-3.73) * max(0,0.0792-X11) + 0.630*max(0,0.811-X11) * max(0,0.192-X8) + 0.630*max(0,X12-1.63) - 0.625*X2 + 0.620*abs(X5) + 0.620*max(0,X10-1.52) + 0.619*max(0,-0.208-X10) * max(0,X8-1.39) - 0.596*max(0,X15-1.58) - 0.588*X15**2 - 0.587*max(0,0.192-X8) * max(0,0.0792-X11) - 0.576*max(0,X14-2.22) * max(0,X10-0.368) + 0.559*max(0,X8-2.59) * abs(X11) + 0.557*abs(X8) * max(0,X12-3.65) - 0.556*max(0,0.372-X15) - 0.554*max(0,0.811-X11) * X11 + 0.552*max(0,0.259-X2) - 0.546*max(0,X2-0.821) * abs(X2) + 0.526*max(0,0.983-X9) + 0.513*max(0,-0.0511-X14) - 0.513*max(0,0.951-X12) - 0.500*abs(X8) * max(0,X8-1.39) - 0.497*abs(X0) - 0.475*max(0,X10-0.368) * abs(X2) - 0.472*max(0,1.39-X8) - 0.469*max(0,X8-1.39) * X11 - 0.468*max(0,X10+0.208) - 0.466*abs(X8) - 0.462*max(0,X10-0.368) - 0.453*max(0,0.792-X8) * abs(X11) + 0.398*max(0,X8-2.59) * max(0,X12-2.98) + 0.368*max(0,X2-0.259) * max(0,X10-0.368) - 0.364*max(0,X16-2.11) * abs(X11) + 0.361*max(0,X11-2.27) + 0.356*max(0,X2-0.259) + 0.353*abs(X2) * X11 + 0.350*max(0,X10-0.368) * max(0,X11-3.74) - 0.348*max(0,X2+0.303) + 0.344*max(0,-0.783-X10) + 0.334*max(0,-0.208-X10) * max(0,-0.303-X2) + 0.301*max(0,-0.303-X2) * max(0,X16-2.11) + 0.300*X11 * max(0,0.0792-X11) - 0.278*max(0,0.705-X14) + 0.272*max(0,X8-0.192) + 0.254*abs(X9) - 0.241*max(0,X2-0.259) * max(0,0.792-X8) - 0.239*max(0,X11-1.54) * abs(X11) - 0.232*abs(X8) * abs(X2) + 0.224*max(0,X8-0.792) + 0.201*max(0,X9-1.95) + 0.193*max(0,X17-1.13) - 0.193*X13**2 - 0.190*max(0,X14-2.22) * abs(X2) + 0.188*X5 - 0.186*X6**2 + 0.180*max(0,X2-0.259) * max(0,X11-1.54) - 0.170*max(0,X14-0.705) - 0.161*X9**2 + 0.148*abs(X14) - 0.146*max(0,X14-2.97) * max(0,0.0792-X11) - 0.144*X1**2 + 0.136*max(0,X10-0.368) * max(0,X8-1.39) + 0.130*X11 - 0.127*max(0,X10-0.368) * X11 + 0.116*max(0,-0.208-X10) * max(0,X16-2.11) - 0.111*abs(X13) - 0.110*max(0,0.192-X8) * max(0,X14-3.73) + 0.107*max(0,1.46-X14) + 0.106*max(0,X15-2.19) * max(0,0.792-X8) + 0.101*max(0,X11-0.0792) - 0.0935*abs(X10) * max(0,-0.303-X2) - 0.0921*max(0,X14-2.22) * max(0,X12-2.98) - 0.0764*abs(X10) * max(0,X11-3.74) - 0.0723*max(0,-0.303-X2) * max(0,X14-2.97) + 0.0704*max(0,X11-0.0792) * abs(X2) - 0.0674*max(0,2.91-X9) - 0.0668*abs(X8) * max(0,X15-2.19) - 0.0638*max(0,X11-0.0792) * max(0,X11-3.74) + 0.0583*max(0,0.0178-X9) + 0.0579*X11 * max(0,X12-3.65) + 0.0561*max(0,X8-1.39) * abs(X11) - 0.0560*max(0,0.192-X8) * max(0,X14-2.97) - 0.0546*max(0,X16+0.526) - 0.0523*max(0,X11-0.0792) * max(0,0.792-X8) + 0.0507*max(0,0.715-X17) + 0.0496*max(0,X13-0.398) - 0.0492*X3 - 0.0481*max(0,-0.296-X5) - 0.0401*max(0,2.85-X13) - 0.0400*abs(X10) * max(0,X14-2.97) + 0.0366*max(0,1.63-X12) - 0.0363*max(0,X11-1.54) * max(0,X11-0.0792) - 0.0329*max(0,-0.303-X2) * max(0,0.192-X8) + 0.0315*max(0,X2-0.259) * max(0,X11-0.0792) - 0.0311*X7 - 0.0285*abs(X6) + 0.0284*max(0,X16-0.795) + 0.0268*abs(X10) * X11 - 0.0265*abs(X17) - 0.0260*max(0,-0.641-X0) - 0.0259*X1 - 0.0248*max(0,X11-0.0792) * abs(X11) + 0.0230*abs(X8) * max(0,X11-0.0792) + 0.0201*max(0,X8-1.39) * max(0,X12-2.98) - 0.0197*max(0,X14-2.22) * X11 - 0.0197*abs(X4) + 0.0175*max(0,1.38-X2) - 0.0167*max(0,X7-0.320) + 0.0149*max(0,X17-1.56) + 0.0142*max(0,X12-2.98) * max(0,X12-3.65) + 0.0120*max(0,0.944-X10) + 0.0113*max(0,X13+0.419) - 0.0112*max(0,-2.43-X4) - 0.0102*abs(X2) * max(0,0.792-X8) - 0.00999*max(0,X11-1.54) * X11 - 0.00964*abs(X3) + 0.00913*max(0,0.821-X2) - 0.00865*abs(X11) * max(0,X14-2.97) - 0.00782*max(0,X7-0.901) - 0.00655*abs(X1) - 0.00551*max(0,0.792-X8) * max(0,X14-2.97) + 0.00455*X11**2 - 0.00404*max(0,0.792-X8) * max(0,X14-3.73) - 0.00293*max(0,X14-2.22) * max(0,-0.303-X2) - 0.00199*X3**2 - 0.00134*X4**2 - 0.00131*max(0,2.03-X13) + 0.00120*max(0,-0.346-X1) + 0.00104*abs(X16) + 0.000679*max(0,1.52-X10) + 0.000479*max(0,X14-2.22) * max(0,0.0792-X11) - 0.000400*max(0,0.267-X5) - 0.000393*max(0,X11-0.0792) * max(0,0.192-X8) + 0.000373*max(0,X2-0.259) * abs(X10) + 0.000359*max(0,0.208-X1) - 0.000264*max(0,X7-1.48) - 0.000188*max(0,X3-1.60) + 0.000183*X5**2 + 5.88e-5*max(0,0.302-X3) + 2.66e-5*max(0,0.192-X8) - 2.20e-5*max(0,-1.05-X4) - 1.36e-5*abs(X12) + 5.48e-6*max(0,-0.0692-X1) + 4.03e-6*max(0,0.484-X1) - 2.09e-6*max(0,X3-1.17) - 9.38e-7*max(0,-1.97-X4) - 6.35e-9*max(0,X1+0.0692) - 5.51e-9*max(0,X3-0.302)"
ffx,1193_BNG_lowbwt,ok,-5.527815,1721.79786,1928,38.76,,"-1.51 - 154*max(0,-0.168-X1) * max(0,X8-2.26) - 52.7*max(0,X1-0.425) * max(0,X8-1.28) + 49.0*max(0,X1-2.20) - 47.3*max(0,-1.21-X3) * max(0,X1-1.61) - 35.1*max(0,-0.761-X1) * max(0,X2-2.06) + 31.7*max(0,-1.21-X3) * max(0,X1-1.02) - 25.5*max(0,0.299-X8) * max(0,X1-2.20) + 24.7*max(0,X8-0.790) * max(0,X2-2.06) - 19.4*max(0,X8-0.790) * max(0,X1-2.20) - 16.4*max(0,X8-0.790) * max(0,X2-1.52) - 15.5*max(0,X1-0.425) * max(0,X1-2.20) + 13.7*max(0,X2-0.978) * max(0,X1-1.02) + 13.5*max(0,-0.191-X8) * max(0,X1-2.20) + 13.3*max(0,0.425-X1) * max(0,X2-2.06) - 12.1*max(0,X2-2.06) * max(0,-1.21-X3) - 11.3*max(0,-0.761-X1) * max(0,X8-1.28) + 9.86*max(0,-1.21-X3) * max(0,X1-2.20) - 9.67*X0 * max(0,X1-1.61) - 9.39*max(0,X1-0.425) * max(0,-1.21-X3) + 8.83*max(0,0.299-X8) * max(0,X1-1.61) - 8.41*max(0,X2-0.978) * max(0,X2-2.06) + 8.16*max(0,-0.168-X1) * max(0,X2-2.06) - 8.13*max(0,X1-0.425) * max(0,X2-0.978) + 7.76*max(0,-0.191-X8) * max(0,X1-1.02) + 7.73*max(0,X2-2.06) * max(0,X1-2.20) + 6.78*X0 * max(0,X1-1.02) - 6.27*max(0,0.299-X8) * max(0,X1-1.02) - 6.20*X0 * max(0,X1-2.20) + 6.06*max(0,X1-0.425) * max(0,X2-1.52) + 6.03*max(0,X1-0.425) * max(0,-0.191-X8) - 5.93*max(0,-0.191-X8) * max(0,X1-1.61) - 5.75*max(0,X8-1.28) * max(0,X8-2.26) + 5.56*max(0,-0.168-X1) * max(0,X2-1.52) + 5.49*max(0,X8-0.790) * max(0,X1-1.61) - 5.30*max(0,X8-0.790) * max(0,X1-1.02) - 5.29*max(0,X8-0.790) * max(0,X8-2.26) - 5.10*max(0,X1-1.02) * max(0,X1-2.20) + 4.68*max(0,-0.761-X1) * max(0,X2-0.978) - 4.64*max(0,X2-0.978) * max(0,X1-1.61) + 4.58*max(0,-0.761-X1) * max(0,X2-1.52) + 4.52*max(0,0.425-X1) * max(0,-0.191-X8) + 4.44*max(0,-0.168-X1) * max(0,-0.191-X8) - 4.21*max(0,-0.168-X1) * max(0,0.299-X8) + 4.10*max(0,X8-1.28) - 4.09*max(0,X2-0.978) + 4.06*max(0,-0.761-X1) * max(0,X8-0.790) + 4.00*max(0,-0.761-X1) * max(0,-1.21-X3) - 3.99*max(0,X1-0.425) * max(0,X1-1.61) + 3.97*max(0,X8-0.790) * max(0,X2-0.978) - 3.89*max(0,-0.168-X1) * max(0,X2-0.978) - 3.85*max(0,-0.761-X1) + 3.84*max(0,-0.191-X8) * max(0,X2-2.06) - 3.73*max(0,-0.168-X1) * max(0,X8-1.28) - 3.70*max(0,0.299-X8) * max(0,X1-0.425) - 3.66*max(0,X2-1.52) * max(0,-1.21-X3) - 3.55*max(0,-0.644-X2) + 3.54*max(0,-0.761-X1) * max(0,-0.191-X8) + 3.52*max(0,X8-0.790) * max(0,-1.21-X3) - 3.23*max(0,-0.191-X8) * X0 + 3.14*max(0,0.299-X8) * max(0,X2-2.06) + 3.02*max(0,X2-2.06) * max(0,X2-1.52) - 2.82*X0 * max(0,X8-1.28) - 2.81*max(0,0.299-X8) * max(0,-0.191-X8) - 2.54*max(0,X1-0.425) * X0 - 2.47*max(0,X1-1.61) * max(0,X1-1.02) - 2.42*max(0,0.425-X1) * max(0,0.299-X8) + 2.38*max(0,0.425-X1) * max(0,X8-1.28) - 2.35*max(0,-1.21-X3) + 2.14*max(0,-0.191-X8) * max(0,X2-0.978) + 2.11*X2**2 + 2.07*max(0,-0.168-X1) + 1.98*max(0,-0.761-X1) * max(0,-0.168-X1) + 1.94*max(0,0.299-X8) * X0 - 1.93*max(0,X2-2.06) - 1.93*max(0,-0.191-X8) * max(0,X2-1.52) + 1.83*max(0,X2-1.52) - 1.82*X0 * max(0,X2-2.06) - 1.79*max(0,-0.168-X1) * max(0,-1.21-X3) + 1.62*max(0,-0.191-X8) - 1.59*max(0,-0.103-X2) + 1.58*max(0,X8-0.790) * max(0,X8-1.28) + 1.49*max(0,-0.761-X1) * X0 - 1.47*max(0,0.299-X8) * max(0,X2-1.52) + 1.42*max(0,X8-0.790) * max(0,X1-0.425) - 1.35*max(0,0.425-X1) * max(0,X2-1.52) - 1.20*max(0,X2-0.438) + 1.20*max(0,X1-1.61) - 1.19*max(0,0.438-X2) + 1.09*max(0,0.299-X8) + 1.08*max(0,X8-0.790) + 1.08*max(0,X1-0.425) * max(0,X1-1.02) - 1.05*max(0,X2-0.978) * max(0,X2-1.52) - 0.978*max(0,-0.761-X1) * max(0,0.425-X1) - 0.875*max(0,0.425-X1) * max(0,X8-0.790) - 0.869*max(0,-0.191-X8) * max(0,-1.21-X3) - 0.780*max(0,X2-0.978) * max(0,X1-2.20) + 0.762*max(0,X3-0.236) - 0.753*max(0,X2-0.978) * max(0,-1.21-X3) + 0.726*max(0,X2-2.06) * max(0,X1-1.02) + 0.693*max(0,1.02-X1) + 0.691*max(0,0.299-X8) * max(0,-1.21-X3) - 0.680*max(0,X1-0.425) * max(0,X2-2.06) + 0.674*max(0,1.52-X2) - 0.671*max(0,0.425-X1) + 0.661*max(0,X1+0.168) - 0.593*max(0,0.425-X1) * max(0,-1.21-X3) - 0.593*max(0,X2-0.978) * X0 + 0.580*max(0,X1-1.61) * max(0,X1-2.20) + 0.574*max(0,X1-1.02) - 0.522*X0 + 0.517*X0 * max(0,-1.21-X3) + 0.506*max(0,-0.852-X3) + 0.466*max(0,X5-3.41) + 0.457*max(0,0.978-X2) - 0.451*max(0,-0.168-X1) * X0 - 0.450*max(0,X8-0.299) - 0.440*max(0,X3+1.21) - 0.437*max(0,X8+0.191) - 0.426*max(0,X2-2.06) * max(0,X1-1.61) + 0.417*max(0,-0.333-X0) + 0.370*max(0,-1.61-X7) - 0.349*X2 - 0.345*max(0,0.425-X1) * max(0,X2-0.978) + 0.338*max(0,X8-2.26) + 0.334*max(0,0.236-X3) + 0.306*max(0,X3-0.598) - 0.298*max(0,0.425-X1) * max(0,X8-2.26) + 0.245*max(0,-0.490-X3) + 0.243*X0 * max(0,X8-2.26) - 0.238*max(0,-0.168-X1) * max(0,X8-0.790) - 0.237*max(0,X1-0.425) + 0.233*X7 - 0.227*X0 * max(0,X2-1.52) + 0.221*max(0,0.598-X3) - 0.205*max(0,0.790-X8) - 0.198*max(0,0.590-X6) + 0.180*max(0,X3+0.852) - 0.176*max(0,X5-2.00) + 0.172*max(0,X3+0.127) + 0.145*max(0,X3+0.490) + 0.144*max(0,-0.0556-X0) - 0.141*X8**2 - 0.125*max(0,-0.483-X4) + 0.122*max(0,X5-4.12) - 0.115*max(0,0.425-X1) * X0 + 0.103*max(0,-0.215-X4) + 0.0981*X8 + 0.0916*max(0,0.299-X8) * max(0,X2-0.978) - 0.0815*max(0,X2-1.52) * max(0,X1-1.61) - 0.0736*max(0,0.579-X5) - 0.0707*max(0,X2-1.52) * max(0,X1-2.20) - 0.0664*max(0,1.29-X5) - 0.0619*max(0,-1.27-X7) - 0.0476*X4 - 0.0336*max(0,X8-0.790) * X0 - 0.0278*max(0,X2-1.52) * max(0,X1-1.02) + 0.0262*max(0,0.0537-X4) - 0.0208*max(0,0.425-X1) * max(0,-0.168-X1) - 0.0175*max(0,1.15-X6) - 0.0148*max(0,X5-1.29) + 0.0147*max(0,0.222-X0) + 0.0134*X6**2 - 0.00882*X6 - 0.00271*max(0,1.71-X6) + 0.000883*max(0,-0.761-X1) * max(0,0.299-X8) - 0.000506*max(0,X4-0.860) - 0.000378*max(0,X5-2.70) - 0.000311*max(0,-0.920-X7) + 0.000106*max(0,0.778-X0) + 3.94e-5*max(0,X6-1.71) - 5.18e-6*X4**2 - 5.51e-7*X0**2 - 2.01e-9*max(0,2.84-X6) - 2.05e-11*max(0,3.40-X6)"
ffx,1196_BNG_pharynx,ok,-4.075552,934.624719,1398,31.62,,"0.823 - 92.4*max(0,-0.688-X0) * max(0,X4-2.00) + 77.9*max(0,X0-0.465) * max(0,X4-2.00) + 43.7*max(0,X4-1.35) * max(0,-0.688-X0) + 42.4*max(0,X5-4.77) * max(0,-1.25-X4) - 26.0*X7 * max(0,X4-2.00) - 23.7*max(0,X0-1.23) * max(0,-1.25-X4) + 19.1*max(0,X4-1.35) * max(0,X0-0.465) + 17.5*max(0,-0.598-X4) * max(0,X0-1.23) + 16.2*max(0,X4-0.699) * max(0,X0-1.23) - 14.8*max(0,2.35-X5) * max(0,X4-2.00) + 12.0*max(0,X0-0.465) * max(0,-1.25-X4) + 8.33*max(0,X4-1.35) + 8.21*abs(X0) * max(0,X4-2.00) + 7.99*max(0,X5-4.77) * max(0,X4-0.0505) + 7.96*max(0,X0-1.23) - 7.32*max(0,X4-1.35) * X9 - 6.33*max(0,2.35-X5) * max(0,X4-1.35) - 6.32*max(0,X4-0.699) * max(0,X0-0.465) - 6.21*abs(X3) * max(0,X4-2.00) + 5.91*X9 * max(0,X4-2.00) + 5.47*abs(X4) * max(0,X4-2.00) - 5.39*abs(X3) * max(0,X0-1.23) + 5.33*abs(X0) * max(0,-0.688-X0) - 5.23*max(0,X4-1.35) * abs(X0) - 5.14*max(0,-1.25-X4) + 5.12*max(0,X4-1.35) * max(0,X4-2.00) - 5.00*max(0,-0.598-X4) * abs(X4) - 4.87*max(0,X4-0.0505) * max(0,X0-1.23) + 4.73*max(0,X4-2.00) - 4.22*max(0,-0.688-X0) - 3.86*max(0,X4-0.0505) * max(0,-0.688-X0) + 3.78*max(0,X4-0.699) + 3.75*abs(X4) * max(0,-1.25-X4) - 3.56*max(0,2.35-X5) * max(0,X0-1.23) + 3.54*max(0,X4-0.0505) * abs(X0) + 3.46*max(0,X5-2.35) * abs(X3) - 3.41*max(0,X5-2.35) * max(0,-0.688-X0) - 3.30*max(0,X4-0.0505) - 3.28*max(0,-0.688-X0) * max(0,-1.25-X4) + 3.26*max(0,X4-0.699) * max(0,X4-2.00) + 3.22*max(0,X8-1.19) - 2.97*max(0,-0.598-X4) * max(0,X0-0.465) + 2.91*abs(X3) * max(0,-0.598-X4) - 2.90*max(0,X5-4.77) * X9 - 2.89*abs(X3) * max(0,-1.25-X4) + 2.58*max(0,X0-0.465) + 2.57*max(0,X5-2.35) * X9 + 2.56*abs(X3) * max(0,X5-4.77) - 2.55*abs(X3) * max(0,X4-1.35) - 2.41*abs(X0) + 2.40*max(0,-0.598-X4) * max(0,X5-4.77) + 2.34*abs(X3) * max(0,X4-0.0505) + 2.32*max(0,2.35-X5) * max(0,-1.25-X4) + 2.21*X9 * max(0,X0-1.23) + 2.05*X9 * max(0,-0.688-X0) - 1.99*max(0,X5-2.35) - 1.97*abs(X4) * max(0,-0.688-X0) + 1.95*max(0,-0.598-X4) - 1.91*max(0,X4-1.35) * max(0,X4-0.0505) + 1.82*max(0,X4-1.35) * abs(X4) + 1.79*X9 - 1.70*max(0,X4-0.699) * abs(X0) + 1.65*max(0,X5-4.77) * abs(X0) + 1.65*max(0,X0-1.23) * max(0,X0-0.465) - 1.63*max(0,-0.598-X4) * max(0,-1.25-X4) + 1.61*X9 * max(0,X0-0.465) - 1.59*abs(X4) * max(0,X0-0.465) + 1.52*max(0,0.699-X4) - 1.47*X9 * abs(X0) + 1.43*max(0,-0.598-X4) * abs(X0) - 1.41*max(0,0.0505-X4) + 1.19*max(0,X5-2.35) * max(0,X4-0.0505) - 1.04*abs(X4) + 0.994*max(0,X5-2.35) * max(0,X5-4.77) + 0.978*max(0,X5-2.35) * abs(X0) - 0.968*max(0,2.35-X5) * max(0,X0-0.465) + 0.940*max(0,X4-1.35) * max(0,X4-0.699) - 0.924*max(0,-0.598-X4) * X9 - 0.893*max(0,X4-0.0505) * X9 - 0.868*max(0,2.35-X5) * max(0,-0.688-X0) - 0.862*max(0,X4-0.699) * max(0,-0.688-X0) + 0.853*abs(X3) * max(0,-0.688-X0) + 0.853*max(0,2.35-X5) * abs(X0) + 0.834*max(0,X4-0.699) * X9 + 0.830*abs(X4) * abs(X0) - 0.829*abs(X8) + 0.820*max(0,X4-0.699) * abs(X4) - 0.804*max(0,X5-4.77) - 0.759*max(0,X4-0.0505) * abs(X4) + 0.743*max(0,2.35-X5) * abs(X4) - 0.717*abs(X3) * max(0,X4-0.699) - 0.672*abs(X3) * abs(X4) - 0.614*max(0,2.35-X5) + 0.601*max(0,-0.598-X4) * max(0,-0.688-X0) + 0.579*max(0,-0.376-X7) + 0.579*max(0,0.369-X8) + 0.577*X7 * max(0,-1.25-X4) - 0.575*max(0,X5-0.744) + 0.565*max(0,X5-2.35) * abs(X4) + 0.558*X9 * abs(X4) + 0.546*X9 * max(0,-1.25-X4) - 0.543*abs(X4) * max(0,X0-1.23) - 0.508*max(0,X4-0.0505) * max(0,X4-0.699) + 0.487*max(0,X5-2.35) * max(0,-0.598-X4) - 0.456*abs(X0) * max(0,-1.25-X4) + 0.433*abs(X0) * max(0,X0-0.465) + 0.401*max(0,2.35-X5) * max(0,X4-0.699) + 0.368*abs(X3) * X9 - 0.367*max(0,2.35-X5) * X9 + 0.360*abs(X9) + 0.353*X7 * max(0,X0-0.465) + 0.333*max(0,X4+0.598) - 0.279*abs(X2) - 0.264*X7 * max(0,-0.688-X0) - 0.255*max(0,X4-0.0505) * max(0,X0-0.465) + 0.247*max(0,-0.724-X3) + 0.228*max(0,0.0342-X7) + 0.210*max(0,-0.598-X4) * max(0,2.35-X5) + 0.187*max(0,X4-0.0505) * max(0,X4-2.00) - 0.186*max(0,X6+0.152) - 0.154*X7**2 - 0.134*max(0,1.67-X7) + 0.131*abs(X5) - 0.125*max(0,0.854-X7) - 0.115*abs(X3) * max(0,2.35-X5) + 0.105*X1 - 0.101*X7 - 0.0591*abs(X1) + 0.0571*abs(X3) * max(0,X0-0.465) - 0.0523*max(0,2.35-X5) * max(0,X4-0.0505) - 0.0449*max(0,-0.682-X2) - 0.0414*X2**2 - 0.0393*abs(X6) + 0.0284*max(0,-0.298-X3) + 0.0216*max(0,X5-4.77) * max(0,-0.688-X0) + 0.0208*max(0,X8-0.778) - 0.0168*max(0,-1.18-X1) - 0.00796*max(0,0.465-X0) - 0.00685*abs(X3) * abs(X0) - 0.00375*abs(X3) + 0.00289*max(0,X0-1.23) * abs(X0) - 0.00140*max(0,-0.883-X1) + 0.000180*X2 - 0.000134*max(0,-0.415-X2) - 0.000105*X1**2 - 6.73e-6*max(0,-0.583-X1) - 5.04e-7*max(0,-0.147-X2) + 1.28e-7*max(0,X1-0.314) - 2.04e-9*max(0,0.120-X2) - 1.68e-10*max(0,-0.284-X1) + 9.11e-13*max(0,X2+0.682)"
ffx,1199_BNG_echoMonths,ok,-62.501009,122.377066,2265,44.05,,"2.28 - 1381*max(0,X1-2.07) * max(0,X3-1.36) - 282*max(0,-1.30-X5) * max(0,X3-2.03) - 98.8*max(0,X4-3.14) * max(0,0.120-X1) + 74.4*max(0,-0.101-X5) * max(0,X7-2.15) + 63.7*max(0,X5-1.10) * max(0,X3-1.36) + 45.5*max(0,-1.30-X5) * max(0,X3-1.36) + 30.0*max(0,X3-1.36) * max(0,X1-1.42) + 24.6*max(0,X5-1.10) * max(0,X1-1.42) + 24.5*max(0,-0.701-X5) * max(0,X3-2.03) - 23.7*max(0,X6-0.482) * max(0,X1-2.07) - 22.4*max(0,X3-2.70) - 21.4*max(0,X6-0.482) * max(0,-0.701-X5) + 20.8*max(0,-0.101-X5) * max(0,X3-2.03) - 20.3*max(0,X5+0.101) * max(0,X3-2.03) - 19.2*max(0,X7-2.15) * max(0,0.120-X1) + 18.1*max(0,X6-0.482) * max(0,X6-2.63) + 15.8*max(0,X6-2.63) * max(0,0.120-X1) - 14.6*max(0,X4-3.14) * max(0,X1-0.120) + 14.5*max(0,X4-3.14) + 13.9*max(0,X6-0.482) * max(0,X7-2.15) - 13.8*max(0,0.769-X1) * max(0,-1.30-X5) - 13.3*max(0,X5-1.10) * max(0,X1-0.120) - 12.9*max(0,X4-0.799) * max(0,X1-2.07) - 12.4*max(0,X4-0.799) * max(0,X5-1.10) - 11.9*abs(X5) * max(0,X7-2.15) - 11.7*max(0,X3-2.03) + 11.2*max(0,-1.30-X5) * max(0,0.120-X1) + 10.3*max(0,X5+0.101) * max(0,X4-3.14) - 9.92*max(0,-0.701-X5) * max(0,X3-1.36) - 9.22*max(0,-1.30-X5) * max(0,X1-0.120) - 8.25*max(0,-0.101-X5) * max(0,X1-1.42) - 7.91*abs(X5) * max(0,X1-1.42) + 7.76*max(0,X4-0.799) * max(0,0.120-X1) + 7.66*max(0,X7-2.15) + 7.63*max(0,-0.701-X5) + 7.41*max(0,X5-1.10) * abs(X1) - 7.08*max(0,0.769-X1) * max(0,X7-2.15) + 6.71*max(0,X3-2.03) * max(0,X3-1.36) + 6.50*max(0,-0.701-X5) * max(0,-1.30-X5) + 6.41*max(0,-1.30-X5) - 6.36*max(0,-0.101-X5) * max(0,X3-1.36) + 5.69*max(0,X1-2.07) * max(0,-0.101-X5) - 5.34*max(0,X6-2.63) - 5.31*max(0,0.769-X1) * max(0,X5-1.10) + 5.27*max(0,-0.652-X3) - 5.12*max(0,X4-0.799) * abs(X1) + 4.95*max(0,X6-0.482) * max(0,-1.30-X5) + 4.90*max(0,X6-0.482) * max(0,X5-1.10) - 4.73*max(0,-0.701-X5) * max(0,-0.101-X5) + 4.69*max(0,X3-0.690) + 4.44*abs(X5) * max(0,X3-1.36) - 4.38*max(0,-0.314-X7) + 4.37*max(0,X4-0.799) * max(0,X1-0.120) - 4.29*max(0,X4-3.14) * max(0,-0.101-X5) - 4.19*abs(X5) * max(0,X3-2.03) + 4.14*max(0,X3-1.36) * max(0,0.120-X1) - 3.99*max(0,X6-0.482) * max(0,X3-2.03) - 3.92*max(0,X7-1.17) + 3.91*max(0,X3-1.36) - 3.90*max(0,X5+0.101) * max(0,X7-2.15) + 3.81*max(0,X3-2.03) * max(0,0.120-X1) + 3.72*max(0,0.769-X1) * max(0,-0.101-X5) + 3.49*max(0,X7-1.66) + 3.48*max(0,X5+0.101) * max(0,0.120-X1) - 3.35*max(0,X7-0.180) - 3.33*max(0,X4-0.799) + 3.31*max(0,-0.701-X5) * max(0,X1-0.120) - 3.30*max(0,X6-1.20) + 3.28*max(0,X4-0.799) * X1 + 3.28*max(0,-0.701-X5) * max(0,X1-1.42) + 3.25*abs(X5) * max(0,X1-2.07) - 3.19*max(0,X1-0.769) - 3.04*max(0,X5+0.101) - 2.99*max(0,X3-2.03) * max(0,X1-0.120) + 2.87*max(0,X5+0.101) * max(0,X1-2.07) + 2.75*max(0,X7-2.15) * max(0,X1-0.120) - 2.69*max(0,X5+0.101) * max(0,X6-0.482) + 2.56*max(0,X6-0.482) * max(0,X1-0.120) - 2.54*X3**2 - 2.53*max(0,-0.701-X5) * max(0,0.120-X1) + 2.50*max(0,X4-0.799) * max(0,-1.30-X5) + 2.49*max(0,0.180-X7) * abs(X1) + 2.43*X3 - 2.42*max(0,-1.30-X5) * abs(X1) + 2.41*X7**2 + 2.41*max(0,0.0189-X3) + 2.39*max(0,0.180-X7) * max(0,X3-1.36) - 2.38*X1 * max(0,-1.30-X5) + 2.35*max(0,0.120-X1) - 2.28*max(0,X3-1.36) * max(0,X1-0.120) - 2.23*abs(X1) + 2.20*max(0,X1-1.42) - 2.19*max(0,X5+0.101) * max(0,X3-1.36) + 2.19*max(0,X6-1.92) - 2.18*max(0,X3-2.03) * max(0,X1-1.42) - 2.15*max(0,X5-1.10) * max(0,0.120-X1) + 2.13*max(0,-0.701-X5) * max(0,0.769-X1) - 2.12*max(0,0.180-X7) * max(0,X1-0.120) - 2.11*max(0,0.180-X7) * max(0,0.120-X1) - 2.09*max(0,X4-1.58) - 2.01*max(0,X7-0.673) - 1.95*max(0,X4-2.36) + 1.95*max(0,X4-0.799) * max(0,-0.701-X5) + 1.94*max(0,X6-0.482) * abs(X5) + 1.93*abs(X5) * max(0,X1-0.120) + 1.91*max(0,X4-0.799) * max(0,X1-1.42) + 1.86*max(0,X6-0.482) * max(0,0.769-X1) - 1.85*max(0,X4-0.799) * max(0,-0.101-X5) - 1.84*abs(X5) * max(0,0.120-X1) - 1.77*max(0,X5+0.101) * max(0,X5-1.10) + 1.76*max(0,X1-2.07) - 1.71*max(0,-0.701-X5) * abs(X1) - 1.70*max(0,X5-1.10) * X1 + 1.64*max(0,X1-1.42) * max(0,X1-0.120) + 1.60*max(0,-0.101-X5) * max(0,X1-0.120) - 1.56*max(0,X3-1.36) * abs(X1) - 1.55*max(0,-0.760-X4) - 1.52*max(0,0.769-X1) * max(0,X1-0.120) + 1.49*max(0,0.482-X6) + 1.48*X5 - 1.47*abs(X4) + 1.42*max(0,X4-0.799) * max(0,0.769-X1) - 1.38*max(0,-0.101-X5) * max(0,-1.30-X5) + 1.36*max(0,X1-0.120) + 1.33*max(0,X5-1.10) - 1.30*max(0,X1-2.07) * max(0,X1-0.120) + 1.25*max(0,X5+0.101) * abs(X5) + 1.23*abs(X5) * max(0,X5-1.10) - 1.23*max(0,X5-1.70) + 1.19*max(0,0.690-X3) - 1.17*max(0,0.769-X1) * max(0,X3-2.03) - 1.15*max(0,0.769-X1) * max(0,X3-1.36) + 1.14*max(0,0.0196-X4) - 1.04*max(0,0.673-X7) - 1.01*max(0,-0.101-X5) * abs(X1) - 0.993*max(0,0.769-X1) + 0.990*max(0,1.42-X1) + 0.979*X4**2 + 0.957*max(0,0.180-X7) * max(0,X1-1.42) - 0.932*max(0,2.07-X1) - 0.924*max(0,0.769-X1) * X1 + 0.901*abs(X7) + 0.900*X1 * max(0,X1-1.42) + 0.851*abs(X5) * X1 - 0.840*max(0,X5+0.101) * max(0,0.769-X1) - 0.827*max(0,X5+0.101) * max(0,X1-0.120) - 0.817*max(0,-0.235-X6) - 0.811*abs(X3) - 0.809*max(0,X6-0.482) * abs(X1) - 0.808*max(0,X6-0.482) * max(0,X1-1.42) + 0.798*X1 * max(0,X3-1.36) - 0.782*abs(X5) * max(0,-0.101-X5) - 0.778*max(0,X6-0.482) * max(0,-0.101-X5) + 0.755*X1 * max(0,X3-2.03) + 0.730*max(0,-0.101-X5) * max(0,0.120-X1) - 0.705*max(0,1.58-X4) + 0.670*max(0,-0.101-X5) + 0.662*max(0,X5+0.701) - 0.651*max(0,X5-0.500) + 0.633*max(0,X4-0.0196) + 0.629*max(0,0.180-X7) - 0.608*max(0,0.769-X1) * abs(X1) + 0.607*max(0,X1-2.07) * X1 - 0.599*max(0,1.20-X6) + 0.579*max(0,0.799-X4) + 0.570*abs(X1) * max(0,X1-0.120) - 0.509*max(0,0.500-X5) - 0.507*max(0,X5+0.101) * max(0,X4-0.799) + 0.486*X2 - 0.484*max(0,X5+0.101) * abs(X1) - 0.480*X1 * max(0,X1-0.120) + 0.462*X1**2 - 0.444*X0 - 0.431*max(0,-0.701-X5) * abs(X5) + 0.430*abs(X5) * max(0,-1.30-X5) - 0.427*max(0,X3-0.0189) + 0.417*max(0,X6-0.482) * X1 - 0.396*max(0,X4+0.760) + 0.391*max(0,X7-2.15) * abs(X1) + 0.366*X1 * max(0,0.120-X1) + 0.366*abs(X0) - 0.336*abs(X5) - 0.335*abs(X5) * abs(X1) - 0.329*max(0,X6-0.482) * max(0,0.120-X1) + 0.321*X5**2 - 0.321*X2**2 - 0.298*max(0,1.70-X5) + 0.294*max(0,-0.529-X1) - 0.289*max(0,X7+0.314) - 0.289*X1 - 0.281*max(0,-1.18-X1) + 0.280*max(0,X5-1.10) * max(0,X3-2.03) + 0.255*abs(X6) + 0.247*max(0,1.17-X7) + 0.233*X7 - 0.229*abs(X1) * max(0,0.120-X1) + 0.227*max(0,-0.952-X6) - 0.216*X8 + 0.215*max(0,-0.101-X5) * X1 - 0.197*max(0,X6-0.482) * max(0,X3-1.36) - 0.196*X0**2 + 0.192*X4 - 0.175*max(0,X5+0.101) * X1 - 0.173*X6**2 + 0.170*max(0,X5+1.30) + 0.168*max(0,X6-0.482) * max(0,X4-0.799) + 0.166*max(0,X5+0.101) * max(0,X1-1.42) + 0.158*max(0,2.03-X3) + 0.106*max(0,1.10-X5) + 0.103*max(0,X6+0.235) + 0.102*abs(X5) * max(0,0.769-X1) - 0.102*max(0,-0.701-X5) * X1 - 0.0970*abs(X8) - 0.0831*max(0,0.769-X1) * max(0,0.120-X1) - 0.0791*max(0,X6-0.482) - 0.0786*max(0,1.92-X6) + 0.0782*max(0,1.36-X3) - 0.0619*max(0,-0.321-X0) + 0.0547*max(0,X4-0.799) * abs(X5) - 0.0415*max(0,2.36-X4) + 0.0412*max(0,2.63-X6) - 0.0401*max(0,X1+1.18) + 0.0373*max(0,-0.178-X8) - 0.0353*max(0,3.14-X4) + 0.0304*X6 + 0.0301*max(0,X6-2.63) * abs(X1) - 0.0298*X8**2 - 0.0256*max(0,X3-2.03) * abs(X1) - 0.0229*max(0,2.70-X3) - 0.0172*max(0,X3+0.652) - 0.0145*max(0,X4-3.14) * abs(X1) - 0.0134*max(0,-0.0418-X0) + 0.0117*max(0,-0.701-X5) * max(0,X1-2.07) - 0.00806*max(0,X4-3.14) * max(0,X5-1.10) + 0.00802*max(0,0.119-X8) + 0.00602*max(0,X0-0.795) - 0.00521*max(0,X1-2.07) * abs(X1) + 0.00242*X1 * abs(X1) + 0.00205*max(0,0.416-X8) - 0.00156*max(0,X4-3.14) * abs(X5) - 0.00124*max(0,X4-3.14) * max(0,X4-0.799) - 0.00107*max(0,X4-3.14) * max(0,X1-1.42) + 0.00106*max(0,X0-0.237) - 0.000923*max(0,X4-3.14) * max(0,X6-0.482) - 0.000897*max(0,X4-3.14) * max(0,0.769-X1) - 0.000382*max(0,X4-3.14) * X1 + 0.000109*max(0,X6-2.63) * max(0,-1.30-X5) + 1.41e-5*max(0,0.713-X8) - 1.08e-5*max(0,0.237-X0) - 1.92e-8*max(0,X6-2.63) * X1 + 2.73e-10*max(0,X6-2.63) * max(0,-0.101-X5) + 1.66e-10*max(0,X6-2.63) * max(0,0.769-X1)"
ffx,1201_BNG_breastTumor,ok,-4.09666,26.856769,1398,32.64,,"5.73 - 489*max(0,X2-2.09) * max(0,X0-1.34) - 62.8*abs(X6) * max(0,X0-2.01) + 40.7*abs(X8) * max(0,X2-2.61) - 40.1*max(0,X4+0.0584) * max(0,X2-2.61) + 30.7*max(0,-0.581-X6) * max(0,X2-2.09) + 30.6*max(0,X2-0.553) * max(0,X0-1.34) - 25.0*abs(X5) * max(0,X6-1.53) + 24.2*X8 * max(0,X2-2.61) - 24.2*max(0,X2-2.61) - 22.4*X3 * max(0,X0-2.01) + 21.9*X8 * max(0,X0-2.01) + 20.1*abs(X5) * max(0,X2-2.61) + 20.0*max(0,X6+0.581) * max(0,X2-2.61) - 19.6*max(0,X4+0.0584) * max(0,X0-2.01) - 19.6*max(0,X0-2.01) + 18.9*abs(X5) * max(0,X0-2.01) + 17.5*max(0,-0.667-X0) * max(0,X2-2.09) - 17.5*abs(X4) * max(0,X2-2.61) + 17.4*max(0,-0.197-X1) * max(0,X2-2.61) - 16.8*max(0,X0-1.34) * max(0,X0-2.01) - 16.1*max(0,X4+0.0584) * max(0,X0-1.34) - 14.2*max(0,X4+0.0584) * max(0,X2-2.09) - 13.2*max(0,-0.197-X1) * max(0,-0.667-X0) + 13.1*abs(X4) * max(0,X0-2.01) + 13.0*abs(X6) * max(0,X2-2.09) - 12.9*abs(X6) * max(0,X2-2.61) - 12.8*abs(X6) * max(0,X0-1.34) - 12.8*X8 * max(0,X2-2.09) + 12.5*max(0,X6-1.53) + 12.3*abs(X8) * max(0,-0.667-X0) + 12.2*max(0,X6+0.581) * max(0,X0-2.01) + 12.1*max(0,X0-1.34) - 11.6*max(0,-0.197-X1) * max(0,X2-2.09) + 11.0*max(0,X2-0.553) * max(0,X6-1.53) + 10.6*max(0,X6+0.581) * max(0,X2-2.09) + 9.66*abs(X8) * max(0,X0-1.34) - 8.54*max(0,X4+0.0584) * max(0,X6-1.53) - 8.43*max(0,-0.667-X0) * max(0,X2-2.61) + 8.16*abs(X5) * max(0,X0-1.34) - 7.73*abs(X4) * max(0,X0-1.34) + 7.44*abs(X8) * max(0,-0.581-X6) - 7.01*max(0,X2-2.09) * max(0,X2-2.61) + 6.62*X3 * max(0,X2-2.61) + 6.60*max(0,X6+0.581) * max(0,X6-1.53) - 6.30*max(0,-0.667-X0) * abs(X5) - 6.10*abs(X5) - 5.81*max(0,X2-0.553) * max(0,X0-2.01) - 5.77*max(0,-0.581-X6) * abs(X4) + 5.64*max(0,-0.581-X6) + 5.46*max(0,-0.667-X0) - 5.21*abs(X4) * max(0,X2-2.09) - 5.16*abs(X8) * max(0,X6-1.53) - 4.62*X8 * max(0,X0-1.34) - 4.24*X3 * max(0,X2-2.09) + 4.18*max(0,-0.667-X0) * max(0,X6-1.53) - 4.14*max(0,-0.581-X6) * abs(X6) - 3.86*X3 * abs(X4) - 3.65*max(0,-0.581-X6) * max(0,-0.197-X1) - 3.65*X8 * max(0,-0.667-X0) - 3.54*X3 * max(0,-0.667-X0) - 3.30*abs(X8) * max(0,X0-2.01) - 3.23*abs(X6) + 2.89*abs(X8) * abs(X5) + 2.68*max(0,X6+0.581) * abs(X5) - 2.61*abs(X8) * max(0,-0.197-X1) - 2.55*X3 * abs(X5) + 2.51*X3 * max(0,X4+0.0584) + 2.27*abs(X6) * max(0,X6-1.53) + 2.24*abs(X4) * abs(X6) - 2.17*abs(X5) * abs(X4) - 2.03*max(0,-0.667-X0) * abs(X4) - 2.02*X3 * max(0,X6-1.53) + 1.95*abs(X8) * X3 - 1.87*max(0,-0.581-X6) * max(0,X2-0.553) + 1.87*X8 * max(0,X6-1.53) + 1.86*max(0,-0.197-X1) * abs(X4) + 1.84*max(0,-0.197-X1) * abs(X5) + 1.74*max(0,-0.667-X0) * max(0,X2-0.553) + 1.72*max(0,X4+0.0584) * abs(X4) + 1.69*abs(X5) * abs(X6) - 1.68*max(0,X6+0.581) * abs(X4) + 1.66*max(0,X4+0.0584) * abs(X6) - 1.62*max(0,-0.197-X1) * max(0,X6-1.53) + 1.49*X3 - 1.45*max(0,X6+0.581) * max(0,X0-1.34) - 1.43*X8 * max(0,-0.581-X6) - 1.34*max(0,-0.581-X6) * max(0,X4+0.0584) - 1.31*abs(X8) * max(0,X4+0.0584) + 1.30*max(0,X6+0.158) + 1.28*max(0,-0.197-X1) * max(0,X2-0.553) + 1.27*abs(X4) + 1.23*max(0,-0.581-X6) * max(0,X2-2.61) + 1.21*X8 * max(0,-0.197-X1) + 1.19*max(0,-0.197-X1) * abs(X6) - 1.18*abs(X4) * max(0,X2-0.553) + 1.18*max(0,X2-0.553) * max(0,X2-2.09) - 1.16*abs(X8) * abs(X4) - 1.15*max(0,X4+0.0584) * abs(X5) - 1.14*abs(X8) + 1.14*abs(X5) * max(0,X2-0.553) - 1.14*max(0,-0.581-X6) * max(0,-0.667-X0) - 1.12*max(0,X2-0.553) + 1.12*max(0,X4-0.275) + 1.09*X3 * max(0,-0.197-X1) + 1.07*X8 * abs(X5) - 1.03*X3 * max(0,-0.581-X6) - 1.02*max(0,X0-0.00173) - 1.02*abs(X8) * max(0,X2-2.09) - 1.01*abs(X8) * abs(X6) - 0.960*max(0,X6+0.581) * abs(X6) - 0.942*max(0,-0.197-X1) * max(0,X6+0.581) - 0.938*max(0,-0.581-X6) * max(0,X0-1.34) - 0.931*abs(X4) * max(0,X6-1.53) - 0.891*abs(X8) * max(0,X6+0.581) - 0.855*X3 * X8 - 0.824*max(0,-0.668-X5) + 0.817*max(0,1.34-X0) * max(0,X6-1.53) - 0.817*abs(X8) * X8 + 0.803*max(0,X4+0.0584) * max(0,X2-0.553) + 0.768*X8 * max(0,X2-0.553) - 0.705*max(0,1.34-X0) - 0.673*X3 * max(0,X0-1.34) - 0.665*abs(X6) * max(0,X2-0.553) + 0.662*max(0,X6+0.581) - 0.598*max(0,-0.667-X0) * abs(X6) + 0.549*X3 * abs(X6) - 0.528*max(0,-0.346-X8) - 0.470*max(0,-0.197-X1) * max(0,X4+0.0584) - 0.462*X8 * max(0,X4+0.0584) - 0.416*X8 * abs(X6) - 0.405*max(0,X4+0.0584) * max(0,-0.667-X0) - 0.383*max(0,X6+0.581) * max(0,X2-0.553) + 0.361*X8 * max(0,X6+0.581) - 0.349*abs(X1) - 0.327*X5 + 0.319*max(0,-0.581-X6) * abs(X5) + 0.293*X8 + 0.236*abs(X3) + 0.206*max(0,X2-0.553) * max(0,X2-2.61) + 0.191*abs(X7) - 0.178*max(0,X2-2.09) + 0.173*abs(X8) * max(0,X2-0.553) + 0.166*max(0,1.07-X2) - 0.152*max(0,0-X3) + 0.150*max(0,X4+0.0584) - 0.135*X3 * max(0,X6+0.581) + 0.134*X7 - 0.0877*X3 * max(0,X2-0.553) + 0.0873*max(0,X4-0.609) - 0.0832*max(0,-0.667-X0) * max(0,X6+0.581) - 0.0714*max(0,X4+0.0584) * max(0,X6+0.581) - 0.0684*abs(X2) - 0.0533*abs(X5) * max(0,X2-2.09) + 0.0483*max(0,0.201-X7) + 0.0353*max(0,-0.108-X7) + 0.0148*max(0,-0.0692-X8) + 0.0132*X8 * abs(X4) + 0.00956*max(0,0.267-X1) - 0.00813*max(0,-0.401-X5) - 0.00674*max(0,0.731-X1) - 0.00637*max(0,-0.197-X1) + 0.00576*max(0,0.333-X3) + 0.000591*max(0,0.510-X7) - 9.52e-5*max(0,-0.134-X5) + 7.55e-6*max(0,0.820-X7) - 3.55e-6*max(0,0.134-X5) + 5.24e-7*max(0,1.13-X7) - 2.42e-7*max(0,0.401-X5) + 3.72e-8*max(0,1.44-X7) - 8.83e-9*max(0,0.668-X5) - 1.82e-9*max(0,X7+0.108) + 6.45e-10*max(0,X5+0.668) - 1.90e-10*max(0,X7-0.201) + 1.16e-10*max(0,X5+0.401) - 7.90e-11*max(0,X7-0.510) - 4.72e-11*X5**2 + 2.10e-11*max(0,X5-0.134)"
ffx,1203_BNG_pwLinear,ok,-1.02579,6.221655,1642,27.2,,"1.40 - 18.9*max(0,X4+0.432) * max(0,-1.05-X5) + 16.8*max(0,X4+0.770) * max(0,-1.05-X5) - 10.6*max(0,X4+0.432) * max(0,-0.740-X7) + 9.59*max(0,X4+0.770) * max(0,-0.740-X7) - 8.58*max(0,X4+0.770) * max(0,-0.711-X0) + 7.16*max(0,-1.05-X5) * max(0,-0.740-X7) - 5.52*max(0,X4+0.432) * max(0,X5+0.0502) - 5.21*max(0,-0.650-X9) * max(0,-0.740-X7) + 5.15*max(0,-1.05-X5) * max(0,X7-0.175) - 4.87*max(0,-0.740-X7) * max(0,-0.634-X8) + 4.77*max(0,X4+0.432) * max(0,-0.650-X9) - 4.08*max(0,X4+0.770) * max(0,-0.650-X9) + 3.49*max(0,X4+0.770) * max(0,X5+0.0502) - 3.49*max(0,-1.05-X5) - 3.34*max(0,-0.650-X9) * max(0,-1.05-X5) - 2.83*max(0,X4+0.432) * max(0,X7-0.175) + 2.68*max(0,X5+0.385) * max(0,X4+0.770) - 2.57*max(0,X2+0.106) * max(0,-1.05-X5) + 2.50*max(0,X5+0.0502) * max(0,-0.740-X7) + 2.49*max(0,X4+0.770) * max(0,X7-0.175) + 2.39*max(0,-0.711-X0) * X0 + 2.33*max(0,-0.711-X0) * max(0,X5+0.0502) + 2.20*max(0,X4+0.432) * max(0,-0.711-X0) + 1.94*max(0,X8-0.294) * max(0,-0.740-X7) - 1.85*max(0,X4+0.432) * max(0,X5+0.385) - 1.75*max(0,X5+0.0502) * max(0,-0.634-X8) + 1.74*max(0,X4+0.432) * max(0,-0.634-X8) + 1.71*max(0,-0.650-X9) * max(0,-0.634-X8) - 1.70*max(0,X6+0.744) * max(0,X4+0.432) - 1.70*max(0,-0.740-X7) + 1.61*max(0,X2+0.106) * max(0,-0.740-X7) - 1.59*max(0,X4+0.770) * max(0,-0.634-X8) - 1.53*max(0,-0.650-X9) * max(0,X5+0.0502) - 1.52*max(0,X7-0.785) - 1.49*max(0,-1.05-X5) * X0 - 1.41*max(0,-0.711-X0) * max(0,X7-0.175) + 1.37*max(0,X6+0.744) * max(0,-0.740-X7) + 1.36*max(0,X5+0.385) * max(0,-0.634-X8) + 1.35*max(0,X4+0.770) * max(0,X8-0.294) + 1.32*max(0,-0.711-X0) * max(0,-0.650-X9) - 1.32*max(0,X4+0.770) * X0 - 1.25*max(0,X8-0.294) - 1.18*max(0,X7-0.175) - 1.15*max(0,X4+0.432) * max(0,X8-0.294) + 1.15*max(0,X4+0.770) + 1.12*max(0,X3-0.194) * max(0,X5+0.0502) + 1.11*max(0,X5+0.0502) * max(0,X7-0.175) + 1.07*max(0,X6+0.744) * max(0,X7-0.175) + 1.06*max(0,-0.711-X0) * max(0,-1.05-X5) + 1.05*max(0,X6+0.744) * max(0,X4+0.770) + 1.03*X1 * max(0,-0.634-X8) - 0.976*max(0,X3-0.194) + 0.969*max(0,-0.634-X8) - 0.939*max(0,X5+0.0502) - 0.927*max(0,-0.443-X0) + 0.898*max(0,X6+0.744) * max(0,-0.650-X9) + 0.870*max(0,-0.711-X0) * max(0,-0.740-X7) - 0.869*max(0,-0.435-X7) + 0.856*X4**2 - 0.851*max(0,X7-0.175) * max(0,-0.634-X8) - 0.836*max(0,-0.719-X5) + 0.819*max(0,X5+0.385) * max(0,-0.650-X9) - 0.807*max(0,X5-0.619) - 0.774*max(0,X3-0.194) * max(0,-0.711-X0) + 0.762*max(0,X4+0.432) * max(0,X2+0.106) - 0.761*max(0,X3-0.194) * max(0,X7-0.175) + 0.754*max(0,-1.05-X5) * max(0,X8-0.294) - 0.751*X0 + 0.744*max(0,-0.650-X9) * X0 - 0.726*max(0,X5+0.0502) * X0 + 0.684*max(0,X8-0.294) * max(0,X7-0.175) - 0.655*max(0,X2+0.106) * max(0,X8-0.294) - 0.654*X1 * max(0,-0.650-X9) + 0.629*max(0,X3-0.194) * max(0,X4+0.432) + 0.629*max(0,X4-0.246) - 0.568*max(0,X8-0.912) + 0.558*max(0,X2+0.106) * max(0,X7-0.175) - 0.550*max(0,-0.711-X0) * max(0,X8-0.294) + 0.545*max(0,X5+0.385) * X0 + 0.528*X1 * max(0,X7-0.175) + 0.526*max(0,X3-0.194) * max(0,X8-0.294) - 0.508*max(0,X7-0.480) + 0.506*max(0,X2-0.870) + 0.496*max(0,X6+0.744) * max(0,X8-0.294) - 0.479*max(0,X5+0.385) - 0.442*max(0,-0.325-X8) - 0.430*max(0,X2+0.106) * max(0,-0.650-X9) + 0.412*max(0,-0.650-X9) * max(0,X7-0.175) - 0.382*max(0,-0.777-X3) - 0.369*max(0,X6+0.744) * X0 - 0.360*max(0,X6+0.744) + 0.354*max(0,X3-0.194) * max(0,-0.634-X8) - 0.354*max(0,X6+0.744) * max(0,-0.711-X0) - 0.350*max(0,X6+0.744) * max(0,X5+0.385) - 0.346*max(0,X3-0.194) * max(0,X4+0.770) + 0.343*max(0,X6+0.744) * max(0,-1.05-X5) - 0.341*max(0,X4+0.432) * max(0,X4+0.770) - 0.338*max(0,X4+0.770) * max(0,X2+0.106) + 0.334*max(0,X4-0.584) + 0.325*max(0,-0.711-X0) * max(0,X2+0.106) + 0.317*X1 * max(0,-1.05-X5) - 0.305*max(0,-0.650-X9) * max(0,X8-0.294) - 0.304*X1 - 0.299*max(0,-0.130-X7) - 0.298*max(0,-0.711-X0) * max(0,-0.634-X8) - 0.295*max(0,X2+0.431) + 0.290*max(0,X4+0.0931) + 0.281*max(0,X5+0.385) * max(0,X8-0.294) - 0.274*max(0,X2+0.106) * max(0,X5+0.0502) + 0.268*X0 * max(0,-0.634-X8) - 0.267*max(0,X2+0.106) * max(0,-0.634-X8) - 0.257*X4 - 0.233*max(0,X8-0.294) * max(0,X5+0.0502) - 0.233*max(0,X3-0.194) * max(0,-0.650-X9) - 0.224*max(0,X5+0.385) * max(0,-0.740-X7) + 0.204*max(0,X2-0.544) + 0.203*X1 * max(0,-0.740-X7) + 0.196*max(0,X4+0.432) - 0.190*max(0,X3-0.194) * max(0,-0.740-X7) - 0.183*max(0,X5-0.284) + 0.183*max(0,X6+0.744) * max(0,X5+0.0502) + 0.172*max(0,X6+0.744) * max(0,X3-0.194) - 0.154*max(0,-0.385-X5) - 0.143*max(0,X7-0.175) * X0 - 0.141*max(0,-0.174-X0) + 0.138*max(0,X3-0.194) * max(0,X5+0.385) - 0.138*max(0,X8-0.603) + 0.125*max(0,X3-0.194) * max(0,-1.05-X5) + 0.123*X6**2 - 0.113*max(0,-0.453-X3) - 0.0931*X1 * X0 + 0.0927*max(0,X4-0.923) + 0.0905*max(0,X4+0.432) * X0 - 0.0894*max(0,X3-0.194) * X0 + 0.0876*X1 * max(0,X8-0.294) + 0.0875*max(0,X3-0.194) * max(0,X2+0.106) - 0.0873*max(0,-1.05-X5) * max(0,-0.634-X8) - 0.0866*X1 * max(0,X2+0.106) + 0.0785*max(0,X6+0.744) * max(0,X2+0.106) + 0.0660*max(0,X2+0.106) - 0.0621*max(0,X8-0.294) * X0 - 0.0614*X1**2 + 0.0559*max(0,X6+0.744) * max(0,-0.634-X8) - 0.0558*max(0,X1+0.535) - 0.0556*max(0,-0.0155-X8) - 0.0471*max(0,X5+0.385) * max(0,X7-0.175) + 0.0450*X1 * max(0,X5+0.0502) + 0.0443*max(0,X5+0.385) * max(0,X5+0.0502) - 0.0435*X6 + 0.0382*max(0,X5+0.385) * max(0,X2+0.106) - 0.0336*max(0,-0.299-X9) - 0.0244*max(0,X3-0.842) - 0.0199*max(0,X1+0.201) - 0.0193*max(0,-0.130-X3) + 0.0181*max(0,X2-0.219) - 0.0152*max(0,X2+0.106) * X0 - 0.0107*max(0,0.0527-X9) - 0.00865*max(0,-0.650-X9) - 0.000381*max(0,0.0939-X0) - 5.25e-7*max(0,0.362-X0) - 4.66e-10*max(0,0.630-X0) + 8.10e-11*max(0,X0+0.174)"
ffx,1595_poker,ok,-38.066171,7.731186,3125,21.45,,"2.10 - 156*max(0,-1.00-X7) * max(0,X5-1.02) + 38.8*max(0,X3-1.16) * max(0,X1-0.745) - 29.8*max(0,-0.953-X1) * max(0,-0.868-X9) - 23.7*max(0,-0.868-X9) * max(0,-0.457-X3) - 23.0*max(0,X3-1.16) * max(0,X7-0.770) - 22.6*max(0,X3-1.16) * max(0,-1.00-X7) + 22.0*max(0,-0.829-X2) * max(0,X5-1.02) - 20.9*max(0,-0.862-X3) * max(0,-1.00-X7) - 20.9*max(0,X3-1.16) * max(0,X5-0.600) + 18.5*max(0,X3-1.16) * max(0,X5-0.184) - 18.3*max(0,X3-1.16) * max(0,X5-1.02) - 18.0*max(0,-1.00-X7) * max(0,-0.868-X9) + 17.9*max(0,-0.929-X8) * max(0,-0.529-X1) - 17.7*max(0,-0.929-X8) * max(0,-1.00-X7) + 16.5*max(0,-0.470-X9) * max(0,-0.953-X1) - 15.8*max(0,X7-0.770) * max(0,X5-1.02) + 14.7*max(0,-0.953-X1) * max(0,-1.00-X7) - 14.7*max(0,-0.953-X1) * max(0,X5-1.02) + 14.2*max(0,-0.470-X9) * max(0,-1.00-X7) + 13.5*max(0,-0.470-X9) * max(0,X5-1.02) + 13.0*max(0,-0.929-X8) * max(0,-0.862-X3) - 12.0*max(0,-0.829-X2) * max(0,-1.00-X7) - 11.7*max(0,X1-0.745) * max(0,X5-1.02) + 11.6*max(0,-0.470-X9) * max(0,-0.862-X3) + 11.2*max(0,-0.829-X2) * max(0,-0.116-X7) + 11.2*max(0,-0.929-X8) * max(0,-0.868-X9) + 11.1*max(0,-0.116-X7) * max(0,X5-0.600) + 10.5*max(0,-1.00-X7) - 10.4*max(0,-1.00-X7) * max(0,-0.529-X1) - 10.0*max(0,X3-1.16) * max(0,-0.953-X1) + 10.0*max(0,-0.862-X3) * max(0,X5-1.02) + 10.0*max(0,X7-0.327) * max(0,X5-0.600) + 9.70*max(0,-0.829-X2) * max(0,X3-1.16) - 9.67*max(0,-0.929-X8) * max(0,X5-1.02) + 9.55*max(0,-0.953-X1) * max(0,X5-0.600) + 9.24*max(0,-0.929-X8) * max(0,-0.116-X7) + 9.06*max(0,0.327-X7) * max(0,X5-1.02) + 8.97*max(0,-0.953-X1) * max(0,-0.862-X3) - 8.88*max(0,-0.929-X8) * max(0,-0.104-X1) - 8.83*max(0,-0.862-X3) * max(0,X1-0.745) + 8.68*max(0,-0.929-X8) * max(0,X7-0.327) - 8.47*max(0,-0.953-X1) + 8.28*max(0,X7-0.327) * max(0,-0.529-X1) + 8.14*max(0,-1.00-X7) * max(0,X5-0.600) + 8.11*max(0,X7-0.327) * max(0,-0.457-X3) + 8.11*max(0,X7-0.770) - 8.06*max(0,-0.929-X8) * max(0,-0.457-X3) + 7.24*max(0,X1-0.745) * max(0,-0.457-X3) - 6.91*max(0,-0.470-X9) * max(0,X5-0.184) - 6.88*max(0,-0.868-X9) * max(0,X5-1.02) - 6.70*max(0,-0.929-X8) * max(0,X7-0.770) - 6.70*max(0,-0.953-X1) * max(0,X7-0.770) - 6.70*max(0,-0.116-X7) * max(0,X5-1.02) - 6.50*max(0,-0.829-X2) * max(0,0.327-X7) + 6.42*max(0,-0.116-X7) * max(0,-0.868-X9) + 6.29*max(0,X9-0.722) + 6.26*max(0,-0.116-X7) * max(0,-0.953-X1) - 6.26*max(0,X5-0.184) * max(0,-0.529-X1) + 6.05*max(0,-1.07-X5) - 5.94*max(0,0.327-X7) * max(0,X5-0.600) + 5.93*max(0,-0.953-X1) * max(0,-0.529-X1) + 5.91*max(0,X5-0.184) * max(0,-0.868-X9) - 5.85*max(0,-0.862-X3) * max(0,-0.104-X1) + 5.84*max(0,X3-1.16) * max(0,-0.470-X9) - 5.72*max(0,-0.116-X7) - 5.69*max(0,0.327-X7) * max(0,-0.529-X1) + 5.60*max(0,-0.868-X9) * max(0,X5-0.600) - 5.49*max(0,X5-1.02) * max(0,X5-0.600) + 5.35*max(0,X3-1.16) * max(0,-0.116-X7) - 5.32*max(0,-0.457-X3) + 5.28*max(0,-0.116-X7) * max(0,-0.457-X3) - 5.18*max(0,-0.868-X9) * max(0,X7-0.327) - 5.06*max(0,X7-0.770) * max(0,X5-0.600) + 4.96*max(0,X3-1.16) * max(0,X7-0.327) - 4.90*max(0,-0.862-X3) * max(0,X5-0.184) - 4.88*max(0,X1-0.745) * max(0,X7-0.770) + 4.87*max(0,-0.470-X9) * max(0,-0.0523-X3) + 4.84*max(0,-0.929-X8) * max(0,-0.0523-X3) - 4.80*max(0,-0.953-X1) * max(0,-0.457-X3) - 4.68*max(0,-0.0523-X3) * max(0,X7-0.770) - 4.67*max(0,-0.470-X9) * max(0,X7-0.770) - 4.61*max(0,-0.929-X8) * max(0,X1-0.745) - 4.50*max(0,-0.470-X9) * max(0,0.327-X7) + 4.49*max(0,X1-1.17) - 4.49*max(0,-0.649-X5) + 4.47*max(0,X3-1.16) * max(0,-0.104-X1) - 4.41*max(0,-0.829-X2) * max(0,X5-0.600) + 4.33*max(0,-0.862-X3) * max(0,-0.0523-X3) - 4.20*max(0,-1.00-X7) * max(0,-0.0523-X3) - 4.07*max(0,-0.104-X1) * max(0,X7-0.770) - 4.06*max(0,-0.929-X8) * max(0,-0.470-X9) - 3.99*max(0,-0.529-X1) * max(0,-0.457-X3) - 3.95*max(0,X7+0.116) + 3.92*max(0,-1.00-X7) * max(0,-0.104-X1) + 3.80*max(0,-0.862-X3) * max(0,-0.529-X1) - 3.57*max(0,-0.829-X2) * max(0,-0.529-X1) + 3.53*max(0,X4-0.871) - 3.48*max(0,X7-0.770) * max(0,-0.457-X3) + 3.42*max(0,-0.0523-X3) * max(0,-0.104-X1) + 3.35*max(0,-0.829-X2) * max(0,-0.929-X8) - 3.30*max(0,-0.929-X8) + 3.27*max(0,0.327-X7) * max(0,-0.104-X1) + 3.23*max(0,X1-0.745) * max(0,-0.868-X9) + 3.17*max(0,0.327-X7) + 2.78*max(0,X1-0.745) * max(0,X7-0.327) - 2.73*max(0,-0.529-X1) + 2.73*max(0,X1+0.104) - 2.73*max(0,-0.104-X1) * max(0,-0.457-X3) - 2.70*max(0,X3-0.757) - 2.70*max(0,-0.0523-X3) * max(0,X7-0.327) + 2.69*max(0,-0.862-X3) * max(0,X7-0.327) + 2.68*max(0,-0.471-X2) + 2.66*max(0,-0.0523-X3) - 2.62*max(0,X7-0.327) * max(0,X5-1.02) - 2.61*max(0,X3-1.16) * max(0,0.327-X7) + 2.61*max(0,-0.560-X7) + 2.58*max(0,X5-0.184) + 2.52*max(0,-0.104-X1) * max(0,X5-0.184) - 2.43*max(0,X1-0.745) + 2.35*max(0,-0.470-X9) * max(0,X5-0.600) - 2.30*max(0,-0.953-X1) * max(0,-0.0523-X3) - 2.17*max(0,-0.829-X2) * max(0,X7-0.770) - 2.06*max(0,-0.829-X2) * max(0,-0.868-X9) + 2.04*max(0,-0.232-X5) - 1.99*max(0,-0.457-X3) * max(0,X5-1.02) - 1.94*max(0,-0.0523-X3) * max(0,X1-0.745) - 1.88*max(0,X9-0.325) + 1.85*max(0,-0.470-X9) * max(0,X7-0.327) - 1.84*max(0,X5-0.184) * max(0,X7-0.770) - 1.81*max(0,-0.470-X9) * max(0,-0.104-X1) + 1.80*max(0,X3-1.16) + 1.78*max(0,-0.862-X3) * max(0,X5-0.600) + 1.76*max(0,-0.470-X9) * max(0,-0.868-X9) + 1.74*max(0,-0.862-X3) - 1.68*max(0,-0.0523-X3) * max(0,-0.457-X3) - 1.65*max(0,-0.0523-X3) * max(0,X5-0.184) - 1.64*max(0,-0.829-X2) * max(0,-0.104-X1) + 1.63*max(0,-0.457-X3) * max(0,X5-0.600) - 1.60*max(0,X5-0.184) * max(0,X1-0.745) - 1.56*max(0,X7-1.21) + 1.53*max(0,-0.0523-X3) * max(0,-0.529-X1) + 1.52*max(0,-0.529-X1) * max(0,X5-0.600) - 1.49*max(0,-0.104-X1) * max(0,X7-0.327) + 1.44*max(0,-0.829-X2) * max(0,X7-0.327) + 1.43*max(0,-0.104-X1) + 1.40*max(0,-0.929-X8) * max(0,X5-0.184) + 1.39*max(0,-0.868-X9) - 1.37*max(0,X5-0.600) - 1.31*max(0,-1.00-X7) * max(0,0.327-X7) - 1.30*max(0,0.245-X2) - 1.30*max(0,-0.829-X2) * max(0,-0.470-X9) - 1.30*max(0,-0.116-X7) * max(0,0.327-X7) + 1.30*max(0,-0.829-X2) * max(0,-0.0523-X3) - 1.29*max(0,-0.116-X7) * max(0,-0.529-X1) - 1.24*max(0,0.327-X7) * max(0,-0.457-X3) + 1.19*max(0,-0.953-X1) * max(0,-0.104-X1) + 1.19*max(0,-1.00-X7) * max(0,-0.457-X3) - 1.18*max(0,X1-0.320) - 1.13*max(0,X9-1.12) + 1.11*max(0,-0.104-X1) * max(0,X5-1.02) + 1.10*max(0,-0.829-X2) * max(0,-0.862-X3) - 1.09*max(0,X4+0.210) + 1.04*max(0,-0.470-X9) * max(0,-0.457-X3) - 1.01*max(0,-1.00-X7) * max(0,X5-0.184) - 0.961*max(0,-0.929-X8) * max(0,X5-0.600) - 0.927*max(0,-0.843-X6) - 0.880*max(0,X9+0.868) + 0.872*max(0,X3+0.0523) + 0.866*max(0,-0.829-X2) - 0.860*max(0,-0.829-X2) * max(0,X1-0.745) + 0.849*max(0,X5-0.184) * max(0,X7-0.327) + 0.826*max(0,X7+0.560) + 0.802*max(0,-0.104-X1) * max(0,-0.868-X9) - 0.772*max(0,-0.116-X7) * max(0,X5-0.184) - 0.752*max(0,-0.571-X4) + 0.749*max(0,-0.104-X1) * max(0,-0.529-X1) - 0.740*max(0,X5-0.184) * max(0,-0.457-X3) - 0.704*max(0,X5+0.649) + 0.668*max(0,X5+0.232) - 0.666*max(0,0.325-X9) - 0.666*max(0,-0.829-X2) * max(0,X5-0.184) - 0.649*max(0,0.327-X7) * max(0,X1-0.745) - 0.635*max(0,-0.929-X8) * max(0,0.327-X7) - 0.620*max(0,X5-0.184) * max(0,X5-1.02) + 0.593*max(0,-0.470-X9) - 0.581*max(0,0.274-X0) - 0.564*max(0,-0.0523-X3) * max(0,X5-0.600) - 0.560*max(0,X5-0.184) * max(0,X5-0.600) - 0.549*max(0,-0.116-X7) * max(0,-1.00-X7) - 0.527*max(0,X1+0.953) - 0.503*max(0,-0.929-X8) * max(0,-0.953-X1) - 0.503*max(0,0.600-X5) + 0.489*max(0,X4-0.510) + 0.485*max(0,0.327-X7) * max(0,-0.868-X9) + 0.484*max(0,X6-0.612) - 0.481*max(0,X2-0.960) + 0.440*max(0,-0.862-X3) * max(0,-0.457-X3) - 0.436*max(0,X3+0.457) - 0.415*max(0,X1+0.529) + 0.415*max(0,-0.116-X7) * max(0,-0.104-X1) - 0.346*max(0,0.157-X8) + 0.342*max(0,-0.210-X4) - 0.327*max(0,-0.953-X1) * max(0,0.327-X7) + 0.323*max(0,X7-0.327) + 0.311*max(0,X2+0.471) - 0.308*max(0,X8-0.519) - 0.301*max(0,-0.0729-X9) + 0.261*max(0,X3-1.16) * max(0,-0.929-X8) + 0.233*max(0,0.327-X7) * max(0,-0.0523-X3) - 0.232*max(0,-0.953-X1) * max(0,X5-0.184) - 0.222*max(0,X8-0.881) - 0.190*max(0,0.184-X5) - 0.183*max(0,1.02-X5) + 0.175*max(0,X7-0.770) * max(0,X7-0.327) + 0.173*max(0,-0.470-X9) * max(0,X1-0.745) - 0.157*max(0,0.327-X7) * max(0,X5-0.184) + 0.151*max(0,X0-1.01) - 0.148*max(0,-0.868-X9) * max(0,X7-0.770) - 0.138*max(0,-0.457-X0) - 0.136*max(0,-0.205-X8) + 0.130*max(0,-0.862-X3) * max(0,0.327-X7) - 0.121*max(0,0.640-X0) - 0.118*max(0,X2-0.245) - 0.0979*max(0,-0.479-X6) - 0.0885*max(0,-0.116-X7) * max(0,-0.0523-X3) - 0.0784*max(0,-0.823-X0) - 0.0667*max(0,X6+0.479) + 0.0514*max(0,-0.470-X9) * max(0,-0.529-X1) - 0.0421*max(0,X9+0.470) - 0.0412*max(0,X2-0.602) + 0.0401*max(0,-0.829-X2) * max(0,-0.953-X1) - 0.0379*max(0,X5-1.02) - 0.0369*max(0,X9+0.0729) + 0.0314*max(0,X3-0.353) - 0.0214*max(0,-0.567-X8) + 0.00748*max(0,X0-0.640) + 0.00144*max(0,X6-0.976) - 5.72e-5*max(0,X1-0.745) * max(0,X5-0.600) + 3.05e-5*max(0,X0+0.823)"
ffx,192_vineyard,ok,0.145977,4.563998,734,4.91,,"-3.62 + 9.17*max(0,-0.870-X0) - 8.33*max(0,-1.39-X1) + 7.72*max(0,0.785-X0) * max(0,X0-0.233) + 7.41*max(0,-0.318-X0) + 6.02*abs(X1) - 5.39*max(0,X1+0.0914) - 5.20*max(0,-0.0914-X1) - 4.98*max(0,-0.742-X1) * abs(X0) + 4.95*max(0,-0.742-X1) * X0 - 4.36*max(0,0.233-X0) - 4.22*max(0,0.785-X0) * max(0,X1+0.0914) - 3.56*abs(X0) * max(0,X1+0.0914) + 3.26*max(0,0.233-X0) * max(0,X1+0.0914) - 3.18*max(0,X0-1.89) - 2.92*max(0,-2.04-X1) + 2.90*max(0,X0-0.233) * max(0,X1+0.0914) + 2.84*max(0,-0.742-X1) * max(0,-0.0914-X1) + 2.82*max(0,-0.742-X1) * abs(X1) - 2.77*max(0,-0.318-X0) * max(0,-0.0914-X1) - 2.48*max(0,-0.742-X1) * X1 - 2.27*X0**2 + 2.26*abs(X0) * max(0,X0-0.233) + 2.25*max(0,0.233-X0) * X0 - 2.13*max(0,0.785-X0) * max(0,-0.0914-X1) + 2.11*max(0,0.785-X0) + 2.09*max(0,X1-0.559) + 2.01*X1 + 1.98*max(0,-0.318-X0) * max(0,X1+0.0914) + 1.82*max(0,X0+0.318) - 1.71*max(0,-0.318-X0) * abs(X0) + 1.70*X1 * max(0,X0-0.233) + 1.66*max(0,0.233-X0) * abs(X1) + 1.60*max(0,-0.742-X1) * max(0,0.233-X0) + 1.59*max(0,0.233-X0) * max(0,-0.0914-X1) - 1.57*max(0,-0.742-X1) * max(0,-0.318-X0) + 1.48*X1 * max(0,-0.318-X0) + 1.33*max(0,-0.318-X0) * X0 - 1.28*abs(X1) * abs(X0) + 1.26*max(0,0.785-X0) * abs(X0) + 1.23*max(0,-0.318-X0) * abs(X1) + 0.973*max(0,X0-0.785) + 0.970*max(0,X1-1.21) + 0.915*abs(X1) * max(0,X0-0.233) - 0.906*X0 * abs(X1) - 0.893*max(0,0.559-X1) + 0.864*max(0,0.785-X0) * abs(X1) + 0.821*max(0,1.89-X0) + 0.819*max(0,-0.742-X1) + 0.808*max(0,0.785-X0) * X0 - 0.806*X1 * max(0,0.233-X0) - 0.804*X1**2 + 0.725*max(0,0.785-X0) * max(0,-0.318-X0) - 0.722*X1 * X0 - 0.717*X1 * abs(X0) + 0.713*max(0,X0-0.233) + 0.537*max(0,1.21-X1) - 0.524*X0 - 0.523*max(0,X0-1.34) - 0.486*abs(X0) * max(0,-0.0914-X1) + 0.466*max(0,X1+2.04) + 0.451*abs(X1) * max(0,-0.0914-X1) + 0.441*abs(X0) - 0.394*abs(X1) * max(0,X1+0.0914) + 0.354*max(0,1.34-X0) - 0.311*X1 * max(0,-0.0914-X1) + 0.170*X1 * abs(X1) + 0.158*X0 * abs(X0) + 0.149*X0 * max(0,X1+0.0914) - 0.121*max(0,X1+0.742) - 0.114*X0 * max(0,-0.0914-X1) + 0.109*X1 * max(0,X1+0.0914) + 0.0985*X0 * max(0,X0-0.233) - 0.0895*max(0,0.233-X0) * abs(X0) + 0.0783*max(0,0.233-X0) * max(0,-0.318-X0) - 0.0149*max(0,X0+0.870)"
ffx,197_cpu_act,ok,-0.268492,7.131189,1642,59.07,,"-1.61 + 22.1*max(0,X19-2.51) * max(0,X8-1.59) - 4.36*max(0,-2.16-X20) - 1.65*max(0,0.0808-X3) * max(0,X11-2.35) + 1.50*X18 * max(0,X19-1.93) - 1.28*max(0,0.747-X9) * max(0,X11-2.35) - 1.19*max(0,1.54-X9) * max(0,X11-2.35) + 1.09*max(0,X2-2.18) * max(0,X5-2.40) - 0.962*max(0,X19-2.51) * max(0,0.0808-X3) - 0.815*max(0,0.747-X9) * max(0,X19-3.08) - 0.789*max(0,0.0808-X3) * max(0,-2.16-X20) - 0.706*max(0,1.37-X12) + 0.693*max(0,X9-3.93) - 0.653*max(0,1.27-X11) * max(0,0.0808-X3) - 0.603*max(0,X16-0.279) - 0.558*max(0,X2-1.04) * max(0,1.59-X8) + 0.553*max(0,0.0808-X3) * max(0,X7-3.92) + 0.518*max(0,0.996-X3) - 0.497*max(0,0.747-X9) * max(0,X19-1.93) + 0.494*max(0,X2-1.04) * max(0,0.747-X9) - 0.489*max(0,X5-2.40) * max(0,X19-3.08) + 0.424*max(0,X19-2.51) + 0.404*max(0,X2-2.18) * max(0,1.59-X8) + 0.393*abs(X3) + 0.385*max(0,1.59-X8) * max(0,X19-1.93) - 0.376*max(0,X5-4.15) - 0.368*max(0,X2-1.04) * max(0,0.0808-X3) - 0.352*max(0,0.208-X19) + 0.329*X18 * max(0,X3-1.91) - 0.321*max(0,X12-1.37) + 0.318*max(0,0.0808-X3) * max(0,X19-1.93) + 0.314*max(0,X2-1.04) * max(0,X2-2.18) - 0.296*max(0,1.54-X9) * max(0,X19-1.93) + 0.288*max(0,X11-1.27) - 0.280*max(0,1.27-X11) * max(0,X7-3.17) - 0.280*max(0,0.259-X20) + 0.269*max(0,0.783-X19) - 0.265*max(0,2.51-X8) * max(0,X8-1.59) - 0.265*max(0,1.27-X11) * max(0,X19-1.93) - 0.247*max(0,X9-1.54) + 0.243*max(0,1.52-X5) + 0.237*max(0,X8-1.59) * max(0,X19-1.93) - 0.237*max(0,X19-1.93) * max(0,X5-2.40) + 0.235*max(0,-0.347-X20) + 0.225*max(0,X20-0.864) - 0.224*max(0,X2-2.18) * max(0,X16-1.80) + 0.220*max(0,X19-1.36) + 0.219*max(0,0.0808-X3) * max(0,0.747-X9) - 0.217*max(0,X5-2.40) + 0.216*max(0,X19-2.51) * max(0,1.59-X8) - 0.214*max(0,X6-1.05) + 0.214*abs(X19) + 0.205*abs(X6) + 0.204*abs(X1) + 0.202*max(0,1.27-X11) * max(0,1.59-X8) + 0.187*max(0,3.25-X1) - 0.178*max(0,X17-1.14) + 0.177*X18 * max(0,X13-3.06) + 0.173*X20 * max(0,X3-1.91) - 0.156*X20 * max(0,X7-3.92) - 0.156*max(0,2.35-X11) * max(0,X7-3.17) + 0.156*abs(X17) + 0.148*X16**2 + 0.146*max(0,0.474-X2) - 0.145*max(0,X20-0.259) + 0.140*abs(X13) + 0.139*max(0,1.27-X11) * max(0,2.35-X11) + 0.137*max(0,X12-6.92) - 0.124*max(0,0.747-X9) * max(0,X13-3.06) + 0.118*max(0,X7-3.92) - 0.113*max(0,1.77-X0) + 0.112*max(0,X19-2.51) * max(0,1.27-X11) - 0.110*max(0,X3-2.83) - 0.109*max(0,0.0808-X3) * max(0,X18-5.34) - 0.109*max(0,0.400-X4) - 0.108*max(0,X2-1.04) * max(0,X3-1.91) + 0.108*max(0,1.48-X15) - 0.108*abs(X9) + 0.107*max(0,2.35-X11) * max(0,X8-2.51) - 0.101*max(0,1.54-X9) + 0.101*max(0,2.32-X18) - 0.0998*max(0,1.59-X8) * max(0,1.54-X9) - 0.0992*max(0,0.747-X9) * max(0,X5-2.40) + 0.0978*max(0,1.54-X9) * max(0,X8-3.43) + 0.0977*max(0,X19-2.51) * max(0,1.54-X9) + 0.0955*max(0,X19-2.51) * max(0,2.51-X8) - 0.0949*max(0,1.54-X9) * max(0,-2.16-X20) - 0.0920*max(0,X6-4.14) - 0.0907*max(0,X7-0.164) - 0.0894*max(0,1.14-X17) + 0.0872*max(0,2.51-X8) * max(0,1.27-X11) - 0.0784*max(0,X3-3.74) + 0.0753*max(0,X4-2.34) - 0.0751*max(0,0.747-X9) * max(0,X3-1.91) + 0.0742*max(0,X7-2.42) * max(0,1.59-X8) - 0.0717*max(0,0.279-X16) + 0.0712*max(0,1.27-X11) * max(0,0.747-X9) + 0.0682*abs(X14) - 0.0667*max(0,X4-0.400) + 0.0621*abs(X7) + 0.0618*max(0,2.51-X8) * max(0,X7-3.92) + 0.0578*max(0,X13-5.03) + 0.0574*max(0,1.27-X11) * max(0,X8-2.51) - 0.0573*X1 - 0.0567*max(0,X2-1.04) * X20 - 0.0557*max(0,1.05-X6) - 0.0557*X20 * max(0,0.0808-X3) + 0.0531*max(0,4.05-X13) - 0.0515*max(0,1.54-X9) * max(0,X5-2.40) - 0.0501*max(0,X3-1.91) - 0.0472*X20 * max(0,1.59-X8) - 0.0470*X3**2 - 0.0464*max(0,X2-1.04) * max(0,2.35-X11) + 0.0456*max(0,1.32-X18) + 0.0429*max(0,X7-2.42) * max(0,2.51-X8) + 0.0421*X18 * max(0,X3-2.83) - 0.0420*max(0,X14-1.07) - 0.0418*max(0,X8-5.28) - 0.0412*max(0,2.51-X8) * max(0,1.59-X8) + 0.0406*max(0,X5-1.52) + 0.0403*max(0,X2-0.474) + 0.0403*max(0,X20+0.347) - 0.0382*max(0,0.0808-X3) * max(0,1.59-X8) + 0.0378*max(0,X7-2.42) * max(0,X7-3.92) - 0.0325*max(0,X16-1.80) * max(0,0.747-X9) - 0.0318*max(0,X16-1.80) + 0.0302*max(0,1.36-X19) + 0.0295*max(0,1.09-X13) - 0.0288*max(0,2.51-X8) * max(0,1.54-X9) + 0.0279*max(0,X3-0.996) + 0.0271*max(0,X17-0.321) + 0.0258*max(0,0.747-X9) * max(0,1.59-X8) - 0.0246*max(0,2.65-X10) - 0.0237*max(0,X2-1.04) - 0.0237*max(0,X19-1.93) * max(0,X19-3.08) + 0.0209*max(0,0.646-X5) + 0.0200*max(0,1.54-X9) * max(0,X8-2.51) - 0.0199*max(0,1.27-X11) * max(0,X8-4.36) + 0.0189*max(0,X13-4.05) - 0.0174*max(0,1.59-X8) + 0.0171*max(0,3.33-X18) - 0.0166*abs(X0) - 0.0164*max(0,1.27-X11) * max(0,X3-1.91) - 0.0129*max(0,1.07-X14) - 0.0127*X1**2 - 0.0126*max(0,X10-3.53) - 0.0116*max(0,2.35-X11) * max(0,X19-1.93) + 0.0115*abs(X4) - 0.0113*abs(X16) + 0.0107*max(0,2.42-X7) - 0.0100*max(0,X2-2.18) * max(0,X8-4.36) - 0.00953*abs(X10) - 0.00909*max(0,2.35-X11) * max(0,X3-1.91) + 0.00892*X7**2 - 0.00832*max(0,X16-1.80) * max(0,X19-3.08) - 0.00735*max(0,1.78-X10) + 0.00706*max(0,0.0808-X3) * max(0,X8-1.59) - 0.00641*max(0,1.27-X11) * max(0,-2.16-X20) + 0.00609*max(0,3.06-X13) + 0.00437*abs(X15) + 0.00326*max(0,1.67-X7) + 0.00306*max(0,1.59-X8) * max(0,X7-3.17) - 0.00149*max(0,X0-1.77) + 0.00136*max(0,2.51-X8) * max(0,X7-3.17) + 0.00130*X20 * max(0,0.747-X9) - 0.00125*max(0,X2+0.0953) + 0.00118*max(0,4.33-X18) - 0.00101*max(0,X13-2.08) + 0.000872*max(0,X13-6.02) - 0.000840*max(0,X7-2.42) * max(0,X8-2.51) + 0.000724*max(0,X19-2.51) * max(0,0.747-X9) - 0.000664*max(0,-0.665-X2) - 0.000499*max(0,X16-2.56) - 0.000328*max(0,X7-2.42) * max(0,X8-1.59) + 0.000319*max(0,X15-4.10) - 0.000297*max(0,1.54-X9) * max(0,X13-3.06) - 0.000287*max(0,X3-4.66) - 0.000274*abs(X18) - 0.000125*max(0,X2-2.18) * max(0,X7-3.17) - 8.48e-5*X18 * max(0,0.0808-X3) + 5.71e-5*max(0,X9-4.72) + 5.33e-5*max(0,X15-5.42) + 3.43e-5*max(0,6.14-X1) - 2.73e-5*max(0,X2-2.18) * max(0,X8-2.51) + 7.38e-6*max(0,X14-6.46) + 1.99e-6*max(0,X15-6.73) - 1.22e-6*max(0,X16-1.80) * max(0,X19-1.93) - 4.86e-8*max(0,X2-2.18) * max(0,X8-3.43) + 5.15e-9*max(0,X15-8.04)"
ffx,201_pol,ok,-1.52924,72.879378,2265,124.28,,"-2.02 + 317*max(0,X12-2.35) * max(0,X13-3.06) - 161*max(0,X12-2.35) * max(0,X5-2.04) + 120*max(0,X12-2.35) * max(0,X13-2.50) - 12.7*max(0,X20-1.60) * max(0,X13-1.37) + 12.3*max(0,X5-0.469) * max(0,X13-1.37) - 10.7*max(0,1.03-X18) * max(0,X18-0.416) - 7.16*max(0,X12-2.35) * max(0,X13-1.37) + 5.84*max(0,X18-0.416) * max(0,X13-1.37) + 4.89*max(0,X7-3.46) * max(0,X18-2.86) + 4.84*max(0,X17-3.56) - 3.81*max(0,X17-2.30) + 3.43*max(0,0.416-X18) * max(0,X4-2.12) + 3.26*max(0,X4-0.764) + 2.97*max(0,X19-3.44) + 2.90*max(0,X13-1.93) * max(0,X12-2.35) + 2.87*max(0,0.416-X18) * max(0,X17-2.93) + 2.73*max(0,X21-4.73) * max(0,X5-1.52) + 2.29*max(0,0.620-X15) + 2.15*max(0,0.469-X5) - 2.02*abs(X4) + 1.95*max(0,0.416-X18) * abs(X18) - 1.65*max(0,X15-1.14) + 1.65*max(0,X14-1.90) + 1.57*abs(X17) + 1.55*max(0,X17-2.93) * max(0,1.68-X23) - 1.55*max(0,X21-2.40) + 1.55*max(0,2.11-X30) - 1.39*max(0,0.416-X18) * max(0,X12-2.35) + 1.39*max(0,X21-3.96) + 1.34*max(0,X23-4.18) - 1.34*max(0,-0.0544-X5) - 1.34*max(0,X14-1.18) - 1.32*max(0,X28-3.76) + 1.27*max(0,-0.589-X4) - 1.26*max(0,X12-3.13) - 1.23*abs(X5) + 1.18*max(0,X16-2.32) - 1.17*abs(X15) + 1.16*max(0,X28-7.16) - 1.13*max(0,X17-0.404) - 1.13*abs(X19) - 1.11*abs(X23) - 1.07*max(0,1.14-X15) - 1.01*max(0,X20-1.60) * max(0,X12-2.35) - 0.973*max(0,1.55-X26) + 0.966*max(0,X7-3.46) * max(0,1.20-X27) - 0.944*max(0,1.70-X31) + 0.927*max(0,1.04-X17) + 0.926*max(0,0.415-X6) - 0.890*max(0,X16-1.04) + 0.884*max(0,X6-3.59) + 0.838*max(0,X21-1.63) - 0.822*max(0,0.810-X20) + 0.819*max(0,1.03-X18) * abs(X18) - 0.817*max(0,0.416-X18) * max(0,X5-2.56) - 0.812*max(0,X22-5.14) - 0.791*max(0,X24-2.16) + 0.787*max(0,X13-0.805) - 0.770*max(0,0.404-X17) + 0.732*max(0,X15-0.620) + 0.732*max(0,1.56-X12) + 0.718*max(0,X5-0.469) * abs(X18) + 0.705*max(0,X15-0.104) + 0.687*max(0,X15-1.65) + 0.679*max(0,X6-2.96) + 0.679*max(0,X4+0.589) - 0.661*abs(X13) - 0.646*max(0,0.416-X18) * max(0,X14-3.33) + 0.631*max(0,X22-2.65) * max(0,X5-0.469) - 0.618*max(0,X5+0.0544) - 0.617*max(0,X4-0.0875) + 0.614*max(0,1.63-X21) - 0.586*max(0,2.40-X21) - 0.572*max(0,0.416-X18) * max(0,1.68-X23) - 0.567*abs(X26) - 0.560*max(0,X18-3.47) + 0.543*max(0,X13-3.06) * max(0,X13-2.50) + 0.541*max(0,X15-2.17) - 0.538*max(0,X25-1.54) - 0.527*max(0,1.68-X23) * max(0,X14-3.33) + 0.509*max(0,X18-1.64) + 0.500*max(0,X12-1.56) + 0.494*max(0,0.805-X13) - 0.483*max(0,X18-0.416) + 0.471*max(0,X19-1.77) + 0.468*max(0,1.03-X18) * max(0,X4-2.12) + 0.468*max(0,3.12-X27) - 0.460*max(0,0.405-X16) - 0.454*max(0,X14-3.33) + 0.452*abs(X24) + 0.449*abs(X20) + 0.446*max(0,1.85-X29) * max(0,X24-5.97) - 0.444*abs(X16) + 0.430*max(0,X24-5.97) * max(0,1.68-X23) + 0.419*max(0,2.93-X17) + 0.418*max(0,X26-3.93) + 0.412*max(0,0.469-X14) + 0.402*max(0,1.60-X20) + 0.390*max(0,X19-0.940) - 0.379*max(0,2.16-X24) + 0.377*max(0,X25-5.09) + 0.375*max(0,X5-0.992) - 0.369*max(0,X13-1.37) * max(0,1.68-X23) - 0.366*abs(X14) - 0.365*max(0,3.44-X19) + 0.364*max(0,X13-1.93) * max(0,1.68-X23) - 0.364*max(0,X13-1.37) * max(0,1.20-X27) - 0.353*max(0,X5-0.469) * max(0,1.50-X28) + 0.346*max(0,1.85-X29) * max(0,X18-2.25) + 0.335*abs(X22) - 0.333*max(0,X24-1.20) - 0.327*max(0,1.03-X18) * max(0,X14-3.33) + 0.325*max(0,0.764-X4) + 0.320*max(0,X5-0.469) * max(0,X12-2.35) - 0.303*max(0,X19-2.60) * max(0,X5-1.52) - 0.297*max(0,X20-1.60) * max(0,X19-2.60) - 0.288*max(0,X22-2.65) * max(0,1.68-X23) - 0.283*max(0,X17-1.67) - 0.275*max(0,1.83-X22) * max(0,X18-0.416) - 0.270*max(0,X13-1.37) - 0.264*max(0,X13-1.93) * max(0,X4-2.79) + 0.259*max(0,X5-0.469) * max(0,1.68-X23) + 0.259*max(0,1.20-X27) * abs(X18) + 0.257*max(0,X16-2.96) + 0.244*max(0,X28-2.63) - 0.238*max(0,0.416-X18) * max(0,1.20-X27) - 0.233*max(0,0.0875-X4) + 0.232*max(0,1.50-X28) * max(0,X17-2.93) - 0.229*max(0,1.03-X18) * max(0,1.68-X23) + 0.226*max(0,X13-1.93) * max(0,X13-3.06) + 0.209*max(0,X19-2.60) * abs(X18) - 0.208*max(0,1.03-X18) * max(0,X4-2.79) - 0.194*max(0,1.83-X22) * max(0,X14-3.33) + 0.190*max(0,X30-2.11) + 0.188*X26 + 0.182*max(0,1.80-X8) - 0.177*max(0,1.03-X18) * max(0,X13-1.37) + 0.176*max(0,X20-1.60) * max(0,X18-0.416) + 0.176*max(0,1.85-X29) * max(0,1.20-X27) - 0.175*max(0,X15-2.68) + 0.174*max(0,1.54-X25) * max(0,X17-2.93) - 0.166*max(0,X19-2.60) * max(0,0.416-X18) - 0.160*max(0,X16-0.405) + 0.159*abs(X21) - 0.152*X32 - 0.152*max(0,X19-2.60) * max(0,X5-2.04) - 0.151*max(0,1.85-X29) * max(0,1.68-X23) + 0.150*max(0,0.104-X15) - 0.147*abs(X18) * max(0,X4-2.79) + 0.142*max(0,1.03-X18) * max(0,X13-1.93) + 0.140*abs(X18) * max(0,X22-3.48) + 0.138*max(0,3.91-X25) - 0.136*max(0,X32-2.37) - 0.127*max(0,X13-1.37) * max(0,1.54-X25) + 0.122*max(0,X22-2.65) * abs(X18) - 0.120*max(0,1.03-X18) * max(0,1.20-X27) + 0.120*max(0,1.20-X27) - 0.117*max(0,X18-0.416) * max(0,X5-1.52) + 0.114*max(0,X5-0.469) * max(0,1.54-X25) - 0.110*max(0,X18-3.47) * max(0,X18-2.86) + 0.106*max(0,3.18-X20) + 0.105*max(0,X13-1.93) * max(0,1.54-X25) - 0.0991*max(0,1.50-X28) * max(0,1.68-X23) + 0.0987*max(0,0.416-X18) * max(0,X13-3.06) + 0.0976*max(0,1.20-X27) * max(0,X17-2.93) + 0.0970*max(0,5.09-X25) + 0.0968*max(0,X22-3.48) - 0.0918*max(0,2.74-X26) + 0.0908*max(0,X20-1.60) * max(0,X5-1.52) - 0.0864*max(0,X19-2.60) * max(0,X12-2.35) + 0.0859*max(0,X7-3.46) * abs(X18) - 0.0835*X24 - 0.0804*max(0,X21-4.73) * max(0,1.68-X23) - 0.0795*max(0,X20-0.810) + 0.0712*max(0,X7-3.46) * max(0,X18-2.25) + 0.0700*max(0,X26-6.31) - 0.0683*max(0,X31-5.42) - 0.0635*abs(X18) * max(0,X14-3.33) - 0.0597*max(0,X8-5.76) + 0.0585*max(0,X5-0.469) * max(0,X18-0.416) + 0.0583*max(0,1.85-X29) * max(0,1.50-X28) - 0.0570*max(0,2.94-X31) - 0.0549*max(0,4.18-X31) + 0.0532*abs(X6) - 0.0512*max(0,X14-4.05) * max(0,X4-2.79) + 0.0497*max(0,1.03-X18) * max(0,X17-2.93) - 0.0496*max(0,5.42-X31) - 0.0493*max(0,X27-2.16) + 0.0460*max(0,X13-1.93) * abs(X18) - 0.0458*max(0,X13-3.06) * max(0,X4-2.12) - 0.0431*max(0,X4-1.44) - 0.0402*max(0,1.54-X25) * max(0,X4-2.79) - 0.0393*max(0,1.83-X22) * max(0,X13-1.37) + 0.0370*max(0,X25-6.27) - 0.0362*max(0,1.03-X18) * max(0,X12-2.35) + 0.0342*max(0,X7-3.46) * max(0,1.50-X28) - 0.0332*max(0,X5-0.469) * max(0,X19-4.27) - 0.0300*max(0,1.83-X22) * abs(X18) - 0.0287*max(0,1.20-X27) * max(0,X14-3.33) - 0.0271*X14 - 0.0270*abs(X27) - 0.0266*max(0,1.20-X27) * max(0,X4-2.79) + 0.0248*max(0,X19-2.60) * max(0,1.54-X25) + 0.0236*max(0,X24-5.97) - 0.0204*max(0,1.54-X25) * max(0,X14-3.33) - 0.0204*X15 - 0.0193*max(0,X18-0.416) * abs(X18) - 0.0166*abs(X8) - 0.0166*max(0,1.83-X22) * max(0,X4-2.79) + 0.0165*max(0,X19-2.60) * max(0,1.50-X28) - 0.0146*max(0,1.50-X28) - 0.0135*max(0,1.85-X29) * max(0,X13-1.37) - 0.0118*max(0,X16-1.68) - 0.0107*max(0,X5-0.469) * max(0,1.20-X27) + 0.00857*max(0,3.56-X17) + 0.00845*max(0,X6-2.32) + 0.00787*max(0,2.72-X25) + 0.00785*max(0,X23-5.42) + 0.00762*max(0,X26-7.50) - 0.00630*max(0,X13-1.37) * max(0,X4-2.79) - 0.00601*max(0,1.85-X29) * max(0,X14-3.33) - 0.00595*max(0,0.416-X18) * max(0,1.85-X29) - 0.00570*max(0,2.79-X4) - 0.00545*max(0,1.50-X28) * max(0,X14-3.33) + 0.00522*max(0,X25-7.46) - 0.00505*max(0,1.03-X18) * max(0,1.85-X29) - 0.00481*max(0,3.76-X28) - 0.00470*max(0,X13-1.93) * max(0,X14-4.05) - 0.00424*max(0,1.85-X29) * max(0,X4-2.79) + 0.00393*max(0,X30-3.60) - 0.00343*max(0,X5-2.04) * max(0,X18-2.86) - 0.00337*abs(X18) * max(0,X14-4.05) - 0.00336*max(0,X7-4.16) - 0.00321*max(0,X13-1.37) * max(0,X14-3.33) - 0.00317*max(0,X32-4.01) + 0.00228*max(0,X13-1.93) * max(0,1.85-X29) + 0.00182*max(0,1.85-X29) * max(0,X17-2.93) - 0.00179*max(0,1.03-X18) * max(0,X14-4.05) - 0.00174*max(0,X8-7.08) + 0.00118*max(0,X29-3.20) - 0.000966*X18**2 - 0.000941*max(0,1.54-X25) * max(0,X14-4.05) - 0.000855*max(0,1.20-X27) * max(0,X14-4.05) + 0.000446*max(0,X23-6.67) - 0.000400*max(0,X13-1.37) * max(0,X14-4.05) - 0.000368*max(0,1.68-X23) * max(0,X18-3.47) + 0.000358*max(0,X13-1.93) * max(0,0.416-X18) - 0.000295*max(0,X13-3.06) * max(0,X14-3.33) - 0.000280*max(0,X18-2.25) * max(0,X18-3.47) - 0.000276*max(0,X13-2.50) * max(0,X4-2.79) - 0.000274*max(0,X14-3.33) * max(0,X4-2.79) + 0.000231*max(0,X13-1.93) * max(0,1.50-X28) - 0.000221*max(0,1.83-X22) * max(0,X14-4.05) + 0.000171*max(0,1.54-X25) * max(0,1.20-X27) - 0.000160*X32**2 + 0.000103*max(0,X19-2.60) * max(0,1.20-X27) + 8.02e-5*max(0,X23-7.92) + 6.91e-5*max(0,1.83-X22) * max(0,X19-2.60) - 2.84e-5*max(0,X5-2.04) * max(0,X18-3.47) - 2.48e-5*max(0,X32-7.28) - 2.26e-5*max(0,X13-1.93) * max(0,X14-3.33) - 4.13e-6*max(0,1.85-X29) * max(0,X14-4.05) - 1.91e-6*max(0,X32-8.92) - 1.83e-6*max(0,1.68-X23) * max(0,X4-2.79) - 1.18e-6*max(0,X14-3.33) * max(0,X14-4.05) - 8.85e-7*max(0,X13-2.50) * max(0,X14-4.05) - 7.88e-8*max(0,X8-8.40) - 2.57e-8*max(0,X5-2.04) * max(0,X18-2.25) - 3.28e-9*max(0,X14-3.33) * max(0,X13-2.50) - 2.27e-9*max(0,1.68-X23) * max(0,X14-4.05) - 1.27e-9*max(0,X4-2.12) * max(0,X4-2.79) - 5.16e-10*max(0,X13-3.06) * max(0,X4-2.79) - 1.91e-10*max(0,X13-3.06) * max(0,X14-4.05) - 1.53e-10*max(0,X17-2.93) * max(0,X18-2.25) - 6.72e-11*max(0,X4-2.12) * max(0,X13-2.50) - 1.21e-12*max(0,X17-2.93) * max(0,X18-2.86)"
ffx,210_cloud,ok,-126.624852,13.872195,1398,10.5,,"-1.96 + 24.6*max(0,X2-2.24) * max(0,0.117-X3) + 12.6*max(0,0.301-X2) * max(0,X3-1.36) - 9.35*max(0,X2-2.24) * max(0,0.741-X3) - 7.49*max(0,X4-0.449) * max(0,-0.346-X2) + 7.47*max(0,X3-2.61) - 7.10*max(0,X2-2.89) + 5.07*max(0,X3-0.117) * max(0,0.741-X3) - 3.74*max(0,X4-1.56) * max(0,0.741-X3) + 3.57*max(0,0.117-X3) + 3.34*max(0,X4-2.12) * max(0,X3-1.36) - 3.32*abs(X3) * max(0,X4-2.12) + 3.27*abs(X3) * max(0,-0.346-X2) - 2.52*max(0,X2-1.60) * max(0,0.117-X3) - 2.52*max(0,X4-0.449) * max(0,X2-2.24) - 2.45*max(0,X2-1.60) * max(0,X4-2.12) + 2.41*max(0,X2-1.60) * max(0,X3-2.61) + 2.32*max(0,X2-0.949) - 2.19*max(0,0.301-X2) * max(0,X3-0.117) + 1.84*max(0,X4-1.56) * max(0,X3-2.61) + 1.80*max(0,X4-0.449) * max(0,0.117-X3) - 1.80*abs(X3) * max(0,0.741-X3) - 1.78*abs(X2) * max(0,0.117-X3) + 1.71*max(0,X2-2.24) * max(0,X3-2.61) + 1.46*max(0,X3-0.741) * max(0,-0.346-X2) + 1.36*max(0,-0.507-X3) + 1.35*max(0,X2-1.60) - 1.35*max(0,X2-2.24) + 1.33*max(0,X3-0.117) + 1.33*max(0,X4-2.12) - 1.18*max(0,X3-1.99) * max(0,X3-2.61) + 1.15*max(0,0.301-X2) * max(0,-0.346-X2) - 1.14*abs(X2) * max(0,-0.346-X2) + 1.10*max(0,X3-0.117) * max(0,X4-2.12) - 1.03*max(0,X3-0.741) * max(0,X4-2.12) + 1.02*max(0,0.301-X2) * max(0,X3-0.741) - 0.992*max(0,0.741-X3) - 0.968*max(0,0.741-X3) * max(0,X2-1.60) - 0.964*max(0,X3-0.741) + 0.909*max(0,X4-0.449) * max(0,0.741-X3) - 0.906*max(0,-0.346-X2) + 0.905*max(0,X4-1.56) * max(0,X4-2.12) + 0.809*max(0,X4-0.449) * max(0,X3-0.741) - 0.805*max(0,X4-1.56) * max(0,X2-1.60) - 0.802*max(0,X4-1.56) - 0.769*max(0,X4+0.107) + 0.765*max(0,X4-0.449) * max(0,X3-0.117) - 0.709*max(0,X4-0.449) * max(0,X4-1.56) + 0.672*max(0,-0.346-X2) * max(0,0.117-X3) - 0.586*max(0,0.301-X2) - 0.556*max(0,0.301-X2) * max(0,0.117-X3) + 0.536*max(0,X4+0.663) + 0.535*max(0,1.56-X4) + 0.533*max(0,2.24-X2) - 0.517*max(0,X4-1.00) + 0.512*abs(X2) * max(0,X4-0.449) + 0.503*max(0,X3-0.741) * max(0,X4-1.56) - 0.466*max(0,-0.663-X4) + 0.445*max(0,X3-1.99) * max(0,X2-1.60) - 0.433*max(0,1.00-X4) + 0.432*max(0,X2+0.346) + 0.416*max(0,X4-1.56) * max(0,X3-0.117) - 0.404*max(0,X4-1.56) * max(0,X3-1.99) + 0.389*max(0,0.741-X3) * max(0,0.117-X3) - 0.371*max(0,X2-0.301) + 0.368*abs(X2) - 0.366*max(0,X4-0.449) - 0.349*abs(X2) * abs(X3) - 0.344*abs(X2) * max(0,X4-2.12) - 0.323*max(0,X3-1.99) * max(0,X4-2.12) - 0.316*max(0,1.60-X2) - 0.315*max(0,X3-1.99) - 0.306*max(0,0.741-X3) * max(0,-0.346-X2) + 0.301*max(0,0.449-X4) + 0.296*abs(X2) * max(0,0.741-X3) - 0.271*max(0,1.36-X3) - 0.270*X2**2 + 0.252*max(0,0.301-X2) * max(0,X3-1.99) - 0.251*max(0,X3-0.117) * max(0,X3-2.61) + 0.249*max(0,X3-1.36) + 0.236*abs(X2) * max(0,X2-2.24) + 0.227*max(0,2.12-X4) + 0.224*abs(X3) * max(0,X3-2.61) + 0.223*max(0,-0.481-X1) + 0.216*max(0,X3-1.36) * max(0,X3-2.61) - 0.199*max(0,X1-0.632) - 0.197*max(0,X3-0.741) * max(0,X3-0.117) + 0.187*max(0,2.89-X2) + 0.187*abs(X3) * max(0,X2-2.24) - 0.184*abs(X3) * max(0,X3-1.36) + 0.181*X2 - 0.173*abs(X2) * max(0,X3-0.741) + 0.173*abs(X2) * max(0,X3-2.61) - 0.164*max(0,X1-0.261) - 0.160*abs(X3) * max(0,X3-0.741) - 0.157*abs(X3) - 0.154*max(0,X4-1.56) * max(0,X3-1.36) + 0.148*abs(X2) * max(0,X4-1.56) + 0.147*max(0,0.949-X2) - 0.146*abs(X2) * max(0,X2-1.60) - 0.141*max(0,0.301-X2) * max(0,0.741-X3) + 0.131*abs(X1) + 0.129*max(0,X1+0.481) - 0.125*max(0,X4-0.449) * max(0,X2-1.60) + 0.123*max(0,X4-0.449) * max(0,X4-2.12) + 0.100*max(0,X3+0.507) - 0.0976*abs(X2) * max(0,X3-1.36) - 0.0943*max(0,2.61-X3) + 0.0872*max(0,-0.852-X1) + 0.0786*abs(X3) * max(0,X3-1.99) + 0.0751*max(0,X3-0.741) * max(0,X2-1.60) - 0.0626*max(0,-0.110-X1) - 0.0588*abs(X4) - 0.0575*max(0,0.632-X1) - 0.0561*X3 - 0.0522*max(0,X2-2.24) * max(0,X2-1.60) + 0.0520*abs(X3) * max(0,X4-0.449) - 0.0500*abs(X3) * max(0,X3-0.117) + 0.0469*X0 + 0.0461*max(0,X3-0.117) * max(0,X3-1.36) + 0.0454*max(0,X1-1.00) - 0.0409*max(0,X3-0.741) * max(0,X3-1.36) + 0.0407*max(0,X2-2.24) * max(0,X3-1.99) + 0.0374*abs(X2) * max(0,X3-1.99) + 0.0359*X1**2 + 0.0331*abs(X3) * max(0,X4-1.56) - 0.0327*X4**2 + 0.0309*max(0,X1+0.852) - 0.0301*max(0,X4-0.449) * max(0,X3-1.36) - 0.0300*max(0,X3-0.117) * max(0,X3-1.99) + 0.0276*X4 - 0.0272*max(0,X3-0.741) * max(0,X3-2.61) - 0.0162*X3**2 - 0.0153*abs(X3) * max(0,0.117-X3) - 0.0136*max(0,X2-1.60) * max(0,X3-1.36) - 0.0127*max(0,X3-0.117) * max(0,-0.346-X2) - 0.00977*max(0,1.00-X1) + 0.00927*max(0,1.99-X3) - 0.00843*abs(X3) * max(0,X2-1.60) + 0.00831*max(0,X3-0.117) * max(0,X2-1.60) - 0.00709*max(0,X4-0.449) * max(0,X3-1.99) + 0.00579*X1 + 0.00437*max(0,X3-0.741) * max(0,X3-1.99) + 0.000276*max(0,X2-2.24) * max(0,X4-1.56) - 0.000264*max(0,X3-1.99) * max(0,X3-1.36) + 0.000262*max(0,X2-2.24) * max(0,X3-1.36) + 8.40e-5*abs(X2) * max(0,X3-0.117) + 2.79e-8*max(0,X2-2.24) * max(0,X3-0.741) + 4.29e-10*max(0,X4-0.449) * max(0,X3-2.61)"
ffx,215_2dplanes,ok,0.687495,2.416391,1642,28.58,,"-0.574 - 3.87*max(0,-0.869-X3) * max(0,-0.741-X9) - 2.49*max(0,X2+0.0868) * max(0,-0.741-X9) + 2.07*max(0,X2+0.403) * max(0,-0.741-X9) - 2.06*max(0,X6+0.0942) * max(0,-0.772-X8) - 1.84*max(0,X6+0.0942) * max(0,-0.869-X3) + 1.39*max(0,X6+0.437) * max(0,-0.772-X8) - 1.37*max(0,-0.869-X3) * max(0,-0.772-X8) - 1.36*max(0,-0.772-X8) * max(0,-0.741-X9) + 1.34*max(0,X1+0.165) * max(0,X2+0.0868) - 1.20*X1 * max(0,X2+0.0868) - 1.15*max(0,X1+0.165) * max(0,-0.869-X3) - 1.08*max(0,X1+0.165) * max(0,X2+0.403) - 0.991*max(0,-0.869-X3) * max(0,X9+0.0674) + 0.930*max(0,X2+0.0868) * max(0,-0.772-X8) + 0.927*max(0,X6+0.0942) * max(0,-0.741-X9) + 0.911*max(0,X6+0.779) * max(0,-0.869-X3) + 0.898*X1 * max(0,X2+0.403) + 0.892*max(0,X2+0.403) * max(0,-0.869-X3) - 0.882*max(0,X2+0.0868) * max(0,X9+0.0674) - 0.870*max(0,X6+0.779) * max(0,-0.741-X9) + 0.819*max(0,X6+0.437) * max(0,-0.869-X3) + 0.778*max(0,X4-0.0159) * max(0,-0.869-X3) - 0.752*max(0,X1+0.165) * max(0,X6+0.0942) + 0.743*X0 + 0.731*max(0,X2+0.403) * max(0,X9+0.0674) + 0.608*max(0,X1+0.165) * max(0,-0.772-X8) - 0.608*max(0,-0.869-X3) * max(0,X2+0.0868) - 0.600*max(0,X3+0.219) * max(0,-0.772-X8) - 0.599*max(0,X2+0.403) * max(0,-0.772-X8) + 0.599*max(0,X6+0.0942) * max(0,X9+0.0674) - 0.588*max(0,X4-0.0159) * X4 + 0.547*max(0,X2+0.403) * X0 + 0.535*max(0,-0.741-X9) - 0.530*X1 * max(0,-0.772-X8) + 0.523*max(0,X6+0.437) * max(0,X1+0.165) - 0.512*max(0,X6+0.0942) * X4 - 0.459*max(0,X2+0.0868) * X0 + 0.451*max(0,X6+0.779) * max(0,X1+0.165) - 0.448*max(0,X6+0.437) * X0 + 0.438*max(0,X6+0.779) * max(0,X2+0.403) + 0.425*max(0,-0.772-X8) + 0.420*X1 * max(0,-0.869-X3) + 0.400*max(0,X4-0.0159) * max(0,-0.741-X9) - 0.399*max(0,X6+0.779) * max(0,X2+0.0868) + 0.397*X7 * max(0,X2+0.0868) + 0.396*max(0,X3+0.219) + 0.385*max(0,X6+0.437) * X4 + 0.375*X7 * max(0,-0.869-X3) + 0.370*X1 * max(0,-0.741-X9) + 0.362*X1 * max(0,X6+0.0942) - 0.355*max(0,X1+0.165) * max(0,-0.741-X9) - 0.353*max(0,X9+0.0674) * max(0,-0.772-X8) - 0.350*max(0,X3+0.219) * max(0,-0.741-X9) - 0.325*max(0,X6+0.779) * X1 + 0.320*X1 * X0 + 0.312*max(0,X6+0.0942) * X0 - 0.300*X4 * X0 + 0.295*X7 * max(0,-0.772-X8) - 0.293*max(0,X6+0.779) * max(0,X9+0.0674) - 0.283*max(0,X1+0.165) * X5 + 0.283*max(0,X1+0.165) * X4 + 0.280*max(0,-0.544-X3) - 0.273*max(0,X1+0.165) * max(0,X3+0.219) - 0.268*max(0,X6+0.779) * max(0,X6+0.437) - 0.257*X7 * max(0,X2+0.403) - 0.238*max(0,X2+0.403) * max(0,X3+0.219) - 0.233*max(0,X2+0.403) * max(0,X6+0.0942) - 0.231*X5 * X0 + 0.220*max(0,X2+0.0868) * X4 + 0.208*max(0,X2+0.0868) + 0.206*max(0,X6+0.0942) + 0.196*max(0,X4-0.0159) * max(0,-0.772-X8) - 0.192*max(0,X2-0.545) + 0.189*max(0,X1+0.165) * X1 - 0.181*X1 * X4 - 0.178*max(0,X4-0.0159) * max(0,X2+0.0868) + 0.177*max(0,-0.772-X8) * X4 + 0.176*max(0,X4-0.0159) + 0.175*X4**2 + 0.170*max(0,-0.404-X9) + 0.169*max(0,-0.869-X3) * X5 + 0.168*max(0,X3+0.219) * X4 + 0.164*max(0,X3-0.430) - 0.163*max(0,-0.869-X3) * X4 + 0.163*max(0,X2+0.0868) * X5 + 0.160*X4 * max(0,-0.741-X9) + 0.160*X1 * X5 + 0.155*max(0,X6+0.437) * max(0,X2+0.403) + 0.143*X1 - 0.142*max(0,X6+0.437) * X1 - 0.138*max(0,X2+0.403) * X4 + 0.137*max(0,X4-0.335) - 0.136*max(0,X2-0.229) + 0.136*X1 * max(0,X3+0.219) + 0.134*max(0,X6+0.437) * max(0,X3+0.219) - 0.134*max(0,X6+0.437) * max(0,X2+0.0868) + 0.129*max(0,X3+0.219) * max(0,X2+0.0868) + 0.128*max(0,X4-0.0159) * X5 - 0.127*max(0,X6+0.779) * max(0,X3+0.219) + 0.120*X1 * max(0,X9+0.0674) + 0.114*X5 + 0.113*max(0,X6+0.0942) * max(0,X2+0.0868) + 0.113*max(0,X2+0.718) + 0.112*X4 - 0.107*max(0,-0.741-X9) * X0 - 0.105*max(0,X2+0.403) * X5 - 0.103*X5 * max(0,-0.741-X9) + 0.100*max(0,X6+0.779) * X4 + 0.0978*max(0,X6+0.0942) * max(0,X3+0.219) + 0.0955*max(0,X6+0.437) * max(0,-0.741-X9) - 0.0942*max(0,X4-0.0159) * max(0,X3+0.219) + 0.0917*max(0,X3+0.219) * max(0,X9+0.0674) - 0.0894*max(0,-0.869-X3) - 0.0856*max(0,X1+0.165) * max(0,X9+0.0674) + 0.0833*max(0,X9-0.606) + 0.0826*X7 + 0.0784*max(0,X3-0.755) + 0.0775*max(0,-0.772-X8) * X5 + 0.0735*max(0,X9-0.270) + 0.0734*max(0,X3+0.219) * X5 + 0.0733*max(0,X6+0.779) * max(0,-0.772-X8) + 0.0701*max(0,X2+0.403) + 0.0697*max(0,X9+0.0674) * X4 + 0.0680*max(0,X9+0.0674) - 0.0668*max(0,X4+0.621) - 0.0645*max(0,X1+0.165) - 0.0632*X4 * X5 - 0.0631*max(0,-0.320-X0) + 0.0628*max(0,X4-0.0159) * X0 - 0.0625*max(0,-0.869-X3) * X0 + 0.0623*X7 * max(0,X3+0.219) + 0.0607*X7 * X0 - 0.0600*X1**2 + 0.0559*max(0,X5+0.632) - 0.0547*max(0,X1+0.165) * X0 - 0.0519*max(0,X9+0.0674) * X0 + 0.0518*max(0,X2+0.403) * max(0,X2+0.0868) - 0.0506*max(0,X6+0.779) * X7 + 0.0491*max(0,-0.219-X3) + 0.0486*max(0,X6+0.437) * max(0,X6+0.0942) - 0.0455*max(0,X4-0.0159) * max(0,X9+0.0674) - 0.0451*max(0,X7+0.146) - 0.0445*max(0,X6+0.437) * max(0,X9+0.0674) - 0.0436*max(0,X1+0.165) * X7 + 0.0429*X8**2 + 0.0415*max(0,X6+0.779) * X0 - 0.0407*X7 * max(0,X9+0.0674) - 0.0378*max(0,X4-0.653) - 0.0368*max(0,X6+0.437) * X7 + 0.0352*max(0,X6+0.779) * max(0,X6+0.0942) + 0.0352*max(0,X9-0.943) - 0.0347*max(0,X1-0.182) + 0.0332*max(0,-0.447-X8) + 0.0326*X1 * X7 + 0.0315*max(0,X3+0.219) * X0 + 0.0303*max(0,X9+0.0674) * X5 - 0.0287*X7**2 + 0.0265*max(0,X6+0.779) * X5 + 0.0256*X7 * X5 + 0.0252*max(0,X1+0.859) - 0.0240*max(0,-0.587-X0) - 0.0234*max(0,X6-0.248) + 0.0233*max(0,X6+0.0942) * X5 + 0.0222*X8 + 0.0220*X7 * max(0,-0.741-X9) + 0.0217*max(0,X6+0.437) + 0.0173*X7 * max(0,X6+0.0942) + 0.0163*max(0,X4+0.303) - 0.0157*X6**2 + 0.0148*X7 * X4 - 0.0142*max(0,X6-0.591) - 0.0132*max(0,X2-0.860) + 0.0118*max(0,-0.772-X8) * X0 - 0.0108*max(0,X7-0.178) + 0.0104*X5**2 + 0.0102*max(0,X5-0.648) - 0.0101*max(0,X3-0.106) + 0.00981*X6 - 0.00946*max(0,X7-0.826) + 0.00923*max(0,X6+0.779) + 0.00907*max(0,X5-0.00800) + 0.00901*max(0,X5-0.968) + 0.00799*max(0,0.203-X8) - 0.00631*max(0,X1+0.512) - 0.00530*max(0,X7-0.502) - 0.00513*max(0,-0.0533-X0) - 0.00359*max(0,X6+0.437) * X5 - 0.00310*max(0,X6-0.933) + 0.00136*max(0,X5+0.312) + 0.00134*max(0,-0.122-X8) + 0.000495*max(0,X1-0.877) + 0.000359*max(0,0.529-X8) + 8.52e-6*max(0,X5-0.328) - 8.89e-7*max(0,0.213-X0) + 6.64e-10*max(0,X0-0.747) + 1.94e-10*X0**2 - 2.30e-12*max(0,0.480-X0)"
ffx,218_house_8L,ok,-17.459796,151293.383004,2660,17.27,,"3.08 - 192*max(0,X1-1.63) * max(0,X3-2.02) + 138*max(0,X2-1.44) * max(0,X5-2.94) - 72.3*max(0,2.46-X1) * max(0,X1-1.63) - 66.4*max(0,X1-1.63) * max(0,X5-2.94) - 30.1*max(0,-0.875-X7) * max(0,-1.70-X2) - 29.3*max(0,X2-0.656) * max(0,X7-1.17) - 22.9*max(0,-0.875-X7) * abs(X0) + 20.8*max(0,X2-1.44) * abs(X0) + 19.6*abs(X0) * max(0,X6-1.95) - 19.1*max(0,-0.875-X7) * max(0,X6-1.95) + 16.0*max(0,-0.0569-X7) * max(0,-1.70-X2) - 15.5*max(0,X7-1.17) * abs(X0) - 14.9*max(0,X6-1.95) * max(0,0.809-X1) + 13.5*max(0,X2-1.44) * max(0,X7+0.0569) + 12.5*max(0,X6-1.95) * max(0,X5-2.94) - 11.8*max(0,X2-0.656) * max(0,X5-2.31) - 11.6*abs(X0) * max(0,-1.70-X2) - 10.4*abs(X0) * max(0,1.51-X0) + 10.2*max(0,X7-1.17) * max(0,1.51-X0) + 10.0*max(0,-0.875-X7) - 9.64*max(0,X7-1.17) * max(0,0.809-X1) + 9.43*abs(X0) * max(0,0.809-X1) - 9.00*max(0,-0.875-X7) * max(0,X2-0.656) - 8.53*max(0,X7-1.17) * abs(X7) + 8.19*max(0,X5-2.94) - 7.05*max(0,X5-2.31) * max(0,X5-2.94) + 6.77*max(0,X2-1.44) * max(0,-0.875-X7) + 6.31*abs(X0) * abs(X7) - 6.16*max(0,-0.875-X7) * max(0,0.809-X1) - 6.08*max(0,X7-1.17) * max(0,X5-2.94) + 6.05*max(0,X6-1.95) * max(0,1.63-X1) + 5.97*max(0,1.51-X0) + 5.87*max(0,-0.875-X7) * max(0,1.51-X0) - 5.64*max(0,X1-1.63) * max(0,X5-2.31) - 5.62*max(0,X7+0.0569) + 5.23*max(0,-1.70-X2) * max(0,X5-2.31) - 5.15*max(0,X2-0.656) * abs(X0) - 4.93*max(0,1.63-X1) + 4.87*max(0,X7-1.17) + 4.87*max(0,1.51-X0) * max(0,X5-2.94) + 4.79*max(0,0.809-X1) * max(0,X5-2.94) - 4.69*max(0,X2-0.656) - 4.65*max(0,X7+0.0569) * abs(X0) - 4.60*max(0,-0.875-X7) * abs(X7) + 4.59*max(0,-0.0569-X7) * max(0,X5-2.31) + 4.57*max(0,X2-2.23) + 4.28*max(0,X2-0.656) * max(0,1.51-X0) - 4.20*max(0,X2-1.44) * max(0,X1-1.63) + 4.18*max(0,-0.0569-X7) * max(0,X5-2.94) - 4.15*X7 * max(0,X5-2.94) - 4.08*max(0,-1.88-X6) + 3.44*max(0,X2-0.656) * max(0,X7+0.0569) - 3.36*abs(X0) * max(0,X5-2.31) - 3.32*max(0,X7-1.17) * max(0,-1.70-X2) - 3.28*max(0,-0.875-X7) * max(0,1.63-X1) - 3.21*max(0,-0.0569-X7) * max(0,X6-1.95) - 3.14*max(0,X6-0.995) + 3.07*max(0,-0.0569-X7) * max(0,0.809-X1) + 3.05*max(0,X2-0.656) * abs(X7) - 3.02*max(0,X1-2.46) + 2.87*max(0,X7+0.0569) * max(0,X7-1.17) - 2.83*max(0,X1-2.46) * max(0,X5-2.31) - 2.80*max(0,-0.923-X6) - 2.77*max(0,X7-1.17) * max(0,1.63-X1) - 2.65*max(0,-0.875-X7) * max(0,X3-2.02) + 2.61*max(0,X7+0.0569) * max(0,-1.70-X2) + 2.55*abs(X7) * max(0,0.809-X1) + 2.43*max(0,X7+0.0569) * max(0,X1-4.94) - 2.39*max(0,X1-4.11) + 2.33*max(0,-0.0569-X7) * max(0,X3-2.02) - 2.31*max(0,X2-0.656) * max(0,X3-2.02) - 2.28*max(0,X0-7.39) - 2.22*abs(X7) * max(0,1.51-X0) + 2.20*max(0,1.51-X0) * max(0,0.809-X1) + 2.19*abs(X7) * max(0,X1-4.94) - 2.12*max(0,X2-1.44) * max(0,1.63-X1) + 1.99*abs(X7) + 1.95*max(0,X6-1.95) + 1.94*max(0,X7+0.0569) * abs(X7) - 1.92*max(0,X2-1.44) * abs(X7) - 1.92*max(0,1.51-X0) * max(0,X1-4.94) + 1.91*max(0,-0.875-X7) * max(0,X5-2.31) + 1.90*X7 + 1.82*max(0,-0.466-X7) - 1.79*max(0,-0.0569-X7) + 1.78*max(0,X2-0.656) * max(0,0.809-X1) + 1.77*abs(X0) * max(0,2.69-X0) - 1.77*abs(X6) - 1.71*max(0,X1-4.94) + 1.67*max(0,2.46-X1) * max(0,X5-2.94) + 1.65*max(0,X1-0.809) + 1.64*max(0,X6-1.95) * max(0,2.46-X1) + 1.62*max(0,-1.70-X3) - 1.57*max(0,0.656-X2) + 1.55*max(0,X2-1.44) + 1.55*X6**2 + 1.53*max(0,X5-1.67) - 1.53*max(0,-0.916-X2) - 1.53*max(0,X7+0.0569) * max(0,1.51-X0) + 1.52*abs(X7) * max(0,1.63-X1) - 1.50*max(0,-0.957-X3) + 1.49*max(0,-0.875-X7) * max(0,X5-2.94) - 1.46*max(0,X2-1.44) * max(0,1.51-X0) - 1.41*max(0,-0.0569-X7) * max(0,1.63-X1) - 1.35*max(0,1.51-X0) * max(0,X5-2.31) - 1.32*max(0,0.809-X1) * max(0,X5-2.31) - 1.30*max(0,X7-0.352) - 1.30*max(0,1.63-X1) * max(0,X5-2.31) + 1.30*max(0,X7+0.0569) * max(0,X5-2.94) + 1.28*max(0,0.809-X1) - 1.24*max(0,X1-2.46) * max(0,X1-4.94) - 1.23*max(0,X2-0.656) * max(0,1.63-X1) + 1.22*max(0,X2-1.44) * max(0,X3-2.02) - 1.20*max(0,X2-1.44) * max(0,X2-0.656) - 1.19*max(0,2.69-X0) * max(0,1.63-X1) + 1.19*abs(X7) * max(0,X5-2.31) - 1.17*max(0,X2-0.656) * max(0,2.69-X0) + 1.16*max(0,X6-0.0363) - 1.16*max(0,3.28-X1) + 1.13*X7 * max(0,X1-4.94) + 1.10*X2**2 + 1.09*abs(X7) * max(0,X1-2.46) - 1.05*max(0,2.46-X1) * max(0,X5-2.31) - 1.02*max(0,X3-2.02) * max(0,1.63-X1) - 1.02*max(0,X6-2.91) + 0.995*max(0,1.63-X1) * max(0,X5-2.94) + 0.985*max(0,1.44-X2) - 0.975*max(0,0.761-X7) - 0.961*abs(X0) * max(0,X1-4.94) + 0.884*max(0,2.69-X0) * max(0,0.809-X1) - 0.867*max(0,-0.130-X2) - 0.861*max(0,2.69-X0) * max(0,1.51-X0) + 0.823*max(0,-0.213-X3) + 0.809*max(0,5.04-X0) - 0.803*max(0,2.46-X1) - 0.791*max(0,0.352-X7) + 0.777*max(0,X7+0.0569) * max(0,X5-2.31) - 0.766*max(0,X3-0.530) - 0.715*abs(X4) + 0.713*max(0,2.69-X0) * max(0,X1-4.94) + 0.707*max(0,1.17-X7) + 0.695*max(0,X7+0.466) - 0.687*max(0,X5-2.31) + 0.672*max(0,X7-1.17) * max(0,2.46-X1) - 0.663*abs(X3) - 0.651*max(0,2.46-X1) * max(0,X3-2.02) - 0.613*max(0,2.69-X0) * max(0,X5-2.31) - 0.590*max(0,3.36-X4) + 0.586*max(0,X3+0.213) + 0.574*max(0,-0.0569-X7) * abs(X7) + 0.571*max(0,-0.875-X7) * max(0,2.69-X0) + 0.551*max(0,X5-0.403) + 0.534*max(0,X4-5.49) - 0.523*max(0,X3-2.02) + 0.499*max(0,X2-0.656) * max(0,-0.0569-X7) + 0.494*max(0,X7-1.17) * max(0,2.69-X0) - 0.486*max(0,-1.70-X2) * max(0,1.63-X1) + 0.459*max(0,-0.0569-X7) * max(0,X1-1.63) - 0.446*max(0,-0.0569-X7) * max(0,2.69-X0) + 0.433*max(0,X2-1.44) * max(0,0.809-X1) - 0.429*max(0,X1-1.63) + 0.424*max(0,X4-2.30) - 0.414*max(0,2.46-X1) * max(0,1.63-X1) - 0.411*abs(X1) - 0.407*X6 + 0.381*max(0,-0.875-X7) * max(0,2.46-X1) + 0.375*max(0,X2-0.656) * max(0,X5-2.94) - 0.369*max(0,X2-1.44) * max(0,2.46-X1) - 0.368*abs(X0) * max(0,1.63-X1) - 0.324*abs(X5) + 0.321*X1 + 0.320*max(0,X7+0.875) - 0.320*max(0,2.69-X0) * max(0,X1-2.46) - 0.311*max(0,1.04-X5) + 0.309*max(0,6.21-X0) + 0.307*X3**2 - 0.303*max(0,-1.70-X2) + 0.296*max(0,2.69-X0) - 0.295*max(0,-0.875-X7) * max(0,-0.0569-X7) + 0.292*max(0,0.809-X1) * max(0,1.63-X1) - 0.290*max(0,0.0363-X6) + 0.272*max(0,1.95-X6) - 0.272*max(0,-0.0569-X7) * max(0,1.51-X0) - 0.272*X2 - 0.271*max(0,X7+0.0569) * max(0,1.63-X1) - 0.264*max(0,X2-0.656) * max(0,X1-1.63) + 0.258*abs(X0) * max(0,X5-2.94) + 0.253*max(0,X3-1.27) + 0.251*max(0,2.30-X4) + 0.237*max(0,1.67-X5) + 0.226*max(0,X4-1.23) - 0.224*abs(X0) * max(0,-0.0569-X7) + 0.220*max(0,2.31-X5) - 0.218*max(0,1.51-X0) * max(0,1.63-X1) + 0.214*max(0,2.94-X5) + 0.213*max(0,X2-0.656) * max(0,X1-2.46) + 0.199*abs(X7) * max(0,X5-2.94) - 0.182*max(0,-0.0569-X7) * max(0,2.46-X1) + 0.177*max(0,X2+0.130) - 0.168*max(0,1.51-X0) * max(0,X1-1.63) - 0.166*max(0,2.69-X0) * max(0,X1-1.63) - 0.149*max(0,X7+0.0569) * max(0,0.809-X1) - 0.138*max(0,1.51-X0) * max(0,X1-2.46) - 0.126*max(0,X1-3.28) - 0.120*max(0,X2-0.656) * max(0,2.46-X1) - 0.119*max(0,X2-1.44) * max(0,2.69-X0) - 0.115*abs(X7) * max(0,2.69-X0) - 0.114*max(0,-0.232-X5) + 0.111*max(0,X2+1.70) + 0.107*X5**2 + 0.105*X3 - 0.0972*abs(X2) + 0.0962*max(0,7.39-X0) + 0.0957*max(0,2.69-X0) * max(0,X5-2.94) + 0.0945*max(0,X4-3.36) + 0.0923*max(0,X7+0.0569) * max(0,2.69-X0) + 0.0916*X7**2 + 0.0910*max(0,1.23-X4) - 0.0874*max(0,X0-1.51) - 0.0853*max(0,X7+0.0569) * max(0,X1-1.63) - 0.0834*max(0,-1.70-X2) * max(0,0.809-X1) - 0.0737*abs(X0) + 0.0636*max(0,X5-1.04) + 0.0596*max(0,6.55-X4) + 0.0573*X4 - 0.0494*max(0,X1-1.63) * max(0,X1-4.94) - 0.0482*max(0,1.51-X0) * max(0,2.46-X1) - 0.0346*max(0,2.69-X0) * max(0,2.46-X1) + 0.0326*max(0,X6-1.95) * max(0,X5-2.31) - 0.0316*max(0,0.995-X6) - 0.0278*max(0,2.69-X0) * max(0,X3-2.02) - 0.0238*abs(X7) * max(0,X6-1.95) - 0.0210*max(0,X7-0.761) + 0.0181*X1**2 - 0.0159*max(0,X7-1.17) * max(0,X5-2.31) - 0.0131*X4**2 + 0.00986*max(0,X6-1.95) * max(0,1.51-X0) - 0.00921*max(0,X2+0.916) - 0.00905*max(0,X6+0.923) - 0.00401*max(0,3.86-X0) - 0.00389*max(0,X7+0.0569) * max(0,2.46-X1) + 0.00142*max(0,2.91-X6) + 0.000479*X0**2 - 0.000408*max(0,X1-1.63) * max(0,X1-2.46)"
ffx,225_puma8NH,ok,-2.159685,10.008316,2265,15.39,,"0.633 - 52.0*max(0,X1-1.18) * max(0,X5-1.22) - 44.0*max(0,X2-0.669) * max(0,X5-1.22) - 35.4*max(0,X2-0.669) * max(0,X1-1.18) - 22.9*max(0,X7-0.285) * max(0,X1-1.18) + 17.3*max(0,X2-0.215) * max(0,X1-1.18) + 15.9*max(0,X2-0.215) * max(0,X5-1.22) - 13.1*max(0,-0.670-X6) * max(0,X5-1.22) + 10.3*max(0,-0.155-X7) * max(0,X5-1.22) - 9.69*max(0,X2-0.669) * max(0,-1.06-X5) + 9.50*max(0,X2-0.215) * max(0,-1.06-X5) + 8.89*max(0,X6-0.712) * max(0,X2-0.669) + 8.89*max(0,X2-0.669) * max(0,-0.703-X3) - 7.96*max(0,X2-0.669) * max(0,-0.245-X3) - 7.06*max(0,-0.670-X6) * max(0,-0.245-X3) - 6.38*max(0,X7-0.285) * max(0,-0.703-X3) + 5.93*max(0,X1-0.732) * max(0,X1-1.18) + 5.70*max(0,-0.169-X1) * max(0,X5-1.22) - 5.68*max(0,-0.703-X3) * max(0,X5-1.22) - 5.65*max(0,-0.670-X6) * max(0,X1-1.18) + 5.40*max(0,X1-1.18) - 5.38*max(0,X1-0.732) * max(0,X5-0.765) - 5.10*max(0,-0.102-X0) * max(0,X1-0.732) - 4.97*max(0,X6-0.712) * max(0,X1-0.732) - 4.87*max(0,0.215-X2) * max(0,X1-1.18) - 4.59*max(0,X1-0.732) * max(0,X2-0.669) + 4.37*max(0,X1-0.732) * max(0,-0.209-X6) - 4.31*max(0,-0.670-X6) * max(0,X5-0.765) - 4.29*max(0,X7-0.285) * max(0,X5-1.22) - 4.26*max(0,X2-0.215) * max(0,-0.670-X6) - 4.26*max(0,-1.06-X5) + 4.21*max(0,X2-1.12) + 4.11*max(0,-0.102-X0) * max(0,-0.670-X6) + 3.95*max(0,-0.102-X0) * max(0,X1-0.281) + 3.94*max(0,X1-0.732) * max(0,-0.703-X3) - 3.81*max(0,X6-0.712) * max(0,X2-0.215) + 3.78*max(0,-1.06-X5) * max(0,-0.245-X3) + 3.65*max(0,X7-0.285) * max(0,X1-0.732) + 3.64*max(0,-0.209-X6) * max(0,-0.245-X3) - 3.54*max(0,-0.551-X4) + 3.51*max(0,X1-0.281) * max(0,X5-1.22) + 3.49*max(0,X5-0.765) * max(0,-0.209-X6) - 3.45*max(0,0.281-X1) * max(0,X5-0.765) - 3.40*max(0,-0.209-X6) * max(0,-1.06-X5) - 3.38*max(0,X5-0.765) * max(0,-0.703-X3) - 3.31*max(0,-0.155-X7) * max(0,X5-0.765) + 3.23*max(0,-0.102-X4) - 3.17*max(0,X7-0.285) * max(0,X2-0.669) - 2.91*max(0,X6-0.712) * max(0,-1.06-X5) - 2.86*max(0,-0.155-X7) * max(0,X1-0.732) + 2.81*max(0,0.215-X2) * max(0,-1.06-X5) - 2.69*max(0,X4-1.24) + 2.64*max(0,X5-0.765) * max(0,-0.245-X3) + 2.62*max(0,X2-0.215) * max(0,X5-0.765) + 2.59*max(0,X6-0.712) * max(0,X1-0.281) + 2.53*max(0,0.215-X2) * max(0,-0.703-X3) + 2.44*max(0,0.215-X2) * max(0,X5-1.22) + 2.42*max(0,X7-0.285) * max(0,-0.245-X3) + 2.40*max(0,X6-0.712) * max(0,-0.155-X7) - 2.35*max(0,-0.102-X0) * max(0,-0.209-X6) + 2.30*max(0,0.281-X1) * max(0,-0.703-X3) + 2.29*max(0,X2-0.215) * max(0,-0.703-X3) - 2.29*max(0,-1.06-X5) * max(0,X1-1.18) - 2.24*max(0,0.281-X1) * max(0,-1.06-X5) + 2.22*max(0,-0.169-X1) * max(0,X5-0.765) + 2.16*max(0,-0.209-X6) * max(0,-0.703-X3) + 2.16*max(0,X4-0.796) - 2.12*max(0,X5-0.309) - 2.07*max(0,-1.04-X7) - 2.03*max(0,X0-1.26) - 1.98*max(0,-0.169-X1) * max(0,-0.245-X3) - 1.96*max(0,-0.169-X1) * max(0,-0.209-X6) + 1.92*max(0,-1.000-X4) + 1.86*max(0,X7-0.285) * max(0,X5-0.765) - 1.86*max(0,X6-0.712) * max(0,-0.169-X1) + 1.79*max(0,X7-0.285) * max(0,X2-0.215) + 1.76*max(0,X7-0.285) * max(0,-1.06-X5) + 1.75*max(0,0.281-X1) * max(0,-0.670-X6) + 1.73*max(0,X5+0.147) - 1.71*max(0,-0.155-X7) + 1.69*max(0,X6-1.17) - 1.64*max(0,X2-0.215) * max(0,X1-0.281) - 1.63*max(0,-0.670-X6) * max(0,X1-0.281) - 1.61*max(0,-1.07-X1) + 1.61*max(0,-0.595-X7) + 1.58*max(0,X5-0.765) * max(0,X1-0.281) - 1.43*max(0,0.215-X2) * max(0,-0.245-X3) + 1.39*max(0,X6-0.712) * max(0,X5-0.765) + 1.36*max(0,-0.245-X3) * max(0,X1-1.18) + 1.36*max(0,X2-0.215) * max(0,-0.209-X6) - 1.35*max(0,0.347-X4) + 1.33*max(0,-1.13-X6) + 1.32*max(0,X5-0.765) * max(0,X5-1.22) - 1.30*max(0,X6-0.251) - 1.30*max(0,X1-0.732) * max(0,-0.245-X3) - 1.28*max(0,X2-0.669) - 1.27*max(0,-0.245-X3) + 1.26*max(0,X6-0.712) * max(0,-0.703-X3) + 1.14*max(0,X7-0.285) * max(0,-0.102-X0) + 1.10*max(0,-0.155-X7) * max(0,X2-0.669) + 1.09*max(0,X1-0.732) * max(0,X1-0.281) + 1.01*max(0,X3-0.212) - 0.997*max(0,X1-0.732) * max(0,-1.06-X5) + 0.914*max(0,X6-0.712) + 0.909*max(0,X1-0.281) * max(0,X1-1.18) - 0.909*max(0,X1-0.281) * max(0,-0.209-X6) + 0.903*max(0,X2-0.669) * max(0,-0.209-X6) - 0.872*max(0,X7-0.725) + 0.862*max(0,-0.169-X1) * max(0,-0.155-X7) + 0.861*max(0,-0.102-X0) * max(0,-1.06-X5) - 0.839*max(0,-0.102-X0) * max(0,X5-0.765) - 0.816*max(0,X7-0.285) * max(0,X1-0.281) + 0.779*max(0,X7-0.285) * max(0,-0.169-X1) + 0.752*max(0,-0.238-X2) - 0.750*max(0,X7-0.285) * max(0,-0.209-X6) + 0.726*max(0,X0-0.805) + 0.706*max(0,X2+0.238) + 0.705*max(0,-0.169-X1) * max(0,-0.102-X0) + 0.664*max(0,X2-0.215) + 0.655*max(0,-0.147-X5) + 0.651*max(0,-0.703-X3) * max(0,X1-1.18) - 0.644*max(0,X2-0.669) * max(0,X1-0.281) - 0.601*max(0,X6-0.712) * max(0,X5-1.22) + 0.584*max(0,-0.102-X0) * max(0,X2-0.669) + 0.577*max(0,0.281-X1) * max(0,-0.245-X3) + 0.572*max(0,X5-1.22) - 0.562*max(0,X4-0.347) + 0.554*max(0,X6-0.712) * max(0,-0.245-X3) + 0.549*max(0,X6-0.712) * max(0,0.281-X1) - 0.545*max(0,0.281-X1) - 0.536*max(0,0.281-X1) * max(0,-0.102-X0) + 0.532*max(0,-1.16-X3) - 0.499*max(0,X7+0.155) - 0.493*max(0,X6-0.712) * max(0,-0.102-X0) - 0.474*max(0,-0.692-X2) - 0.471*max(0,X3+0.245) - 0.470*max(0,-0.169-X1) * max(0,-0.670-X6) - 0.454*max(0,-0.703-X3) - 0.450*max(0,-0.102-X0) * max(0,-0.703-X3) + 0.406*max(0,-0.670-X6) - 0.400*max(0,-0.670-X6) * max(0,-0.703-X3) + 0.396*max(0,-0.620-X1) - 0.395*max(0,-0.102-X0) - 0.388*max(0,-0.102-X0) * max(0,X2-0.215) - 0.367*max(0,X2-0.215) * max(0,X2-0.669) + 0.300*max(0,0.285-X7) - 0.284*X3**2 + 0.254*max(0,-0.155-X7) * max(0,-0.209-X6) + 0.251*max(0,-0.602-X5) - 0.236*max(0,0.215-X2) * max(0,-0.209-X6) - 0.233*max(0,-0.155-X7) * max(0,-1.06-X5) - 0.206*max(0,X7-1.17) + 0.205*max(0,0.212-X3) + 0.205*max(0,0.712-X6) - 0.202*max(0,X6-0.712) * max(0,X1-1.18) - 0.199*max(0,0.215-X2) * max(0,X1-0.281) + 0.188*max(0,-0.155-X7) * max(0,-0.670-X6) + 0.172*max(0,-0.102-X0) * max(0,-0.155-X7) - 0.172*X2**2 + 0.162*max(0,-0.209-X6) - 0.157*X0**2 + 0.152*max(0,-0.102-X0) * max(0,-0.245-X3) - 0.151*max(0,-1.15-X2) + 0.151*max(0,X7-0.285) * max(0,X6-0.712) - 0.147*max(0,X1-0.281) - 0.139*max(0,-0.703-X3) * max(0,-0.245-X3) - 0.138*max(0,-0.555-X0) + 0.134*max(0,X7-0.285) - 0.133*max(0,X3+0.703) + 0.131*max(0,-1.01-X0) + 0.112*max(0,X1+0.169) + 0.111*max(0,-0.155-X7) * max(0,X1-0.281) - 0.0784*max(0,X2+0.692) + 0.0585*max(0,X1-0.281) * max(0,-0.703-X3) - 0.0536*max(0,-0.155-X7) * max(0,-0.703-X3) - 0.0378*max(0,X3-1.13) + 0.0358*max(0,-0.670-X6) * max(0,X2-0.669) - 0.0325*max(0,X3-0.670) - 0.0234*max(0,0.352-X0) - 0.0173*max(0,X6+0.670) - 0.00762*max(0,-0.169-X1) * max(0,X2-0.215) - 0.000307*max(0,-0.209-X6) * max(0,X1-1.18)"
ffx,227_cpu_small,ok,-66.061707,51.850784,2265,31.1,,"-5.14 + 435*max(0,X2-1.61) * max(0,X11-0.864) + 114*max(0,X5-2.40) * max(0,X4-2.34) - 14.7*max(0,X2-1.61) * X9 + 8.62*max(0,X11-0.864) * max(0,X7-1.67) + 7.90*max(0,X2-1.04) * X9 + 6.47*max(0,4.36-X8) * max(0,X8-3.43) - 6.20*max(0,X8-1.59) * max(0,X11-0.864) - 3.67*max(0,-2.16-X11) - 3.63*max(0,X2-2.18) - 3.59*max(0,1.05-X6) * max(0,X2-1.61) + 2.21*max(0,X10-1.93) * X9 - 1.99*max(0,X10-1.93) + 1.98*max(0,X10-1.93) * max(0,X11-0.864) - 1.90*max(0,0.164-X7) * max(0,X9-6.34) - 1.89*max(0,X2-1.61) * X11 - 1.79*max(0,X2-1.04) + 1.62*max(0,X5-2.40) * max(0,X2-1.61) - 1.55*max(0,X10-3.08) + 1.43*X9 * max(0,X11-0.864) - 1.35*max(0,0.0808-X3) * max(0,X7-1.67) + 1.26*max(0,X8-1.59) * max(0,2.51-X8) + 1.19*max(0,X10-1.36) + 1.17*max(0,X2-1.61) - 1.12*max(0,4.36-X8) * max(0,X8-2.51) - 1.05*max(0,X8-1.59) * max(0,0.0808-X3) + 0.963*max(0,2.08-X6) + 0.943*max(0,X2-1.04) * max(0,1.05-X6) + 0.933*max(0,X5-2.40) * max(0,X11-0.864) + 0.929*max(0,X3-1.91) - 0.900*max(0,X2-1.04) * X11 + 0.895*max(0,X6-4.14) * X11 + 0.893*max(0,X11-0.864) * max(0,2.08-X6) - 0.818*X9 * max(0,X7-2.42) + 0.705*max(0,X8-5.28) - 0.658*max(0,X11-0.864) * X11 + 0.653*abs(X11) + 0.643*max(0,X10-2.51) + 0.620*max(0,1.32-X9) - 0.588*max(0,1.77-X0) - 0.569*max(0,X8-4.36) + 0.539*max(0,X8-1.59) * max(0,4.36-X8) - 0.501*max(0,-0.665-X2) + 0.482*max(0,X2-1.04) * max(0,2.51-X8) - 0.479*max(0,1.05-X6) * max(0,2.51-X8) - 0.468*max(0,X2-1.61) * max(0,2.51-X8) - 0.461*max(0,2.51-X8) * max(0,X11-0.864) + 0.461*max(0,X5-2.40) * X11 - 0.456*max(0,X11-0.259) + 0.446*X11 * max(0,X4-3.31) + 0.439*max(0,X4-3.31) * max(0,X8-4.36) + 0.407*max(0,1.05-X6) * max(0,X11-0.864) - 0.402*max(0,0.0808-X3) - 0.384*max(0,-0.0953-X2) + 0.378*max(0,3.23-X0) - 0.356*max(0,X7-3.17) * max(0,X7-2.42) - 0.322*max(0,X3-0.0808) + 0.317*max(0,2.51-X8) + 0.317*max(0,3.33-X9) + 0.310*max(0,X2-1.04) * max(0,0.0808-X3) + 0.308*max(0,1.05-X6) - 0.300*max(0,X11+0.347) + 0.293*max(0,X10-1.93) * max(0,2.51-X8) + 0.293*max(0,1.80-X1) + 0.291*max(0,X8-1.59) + 0.290*abs(X2) + 0.290*max(0,X2-1.04) * max(0,X11-0.864) - 0.278*max(0,1.05-X6) * max(0,0.0808-X3) - 0.274*max(0,1.05-X6) * max(0,X8-2.51) - 0.272*max(0,4.36-X8) * max(0,X11-0.864) + 0.267*max(0,1.61-X2) + 0.263*X11 - 0.259*max(0,0.259-X11) - 0.251*max(0,X7-0.916) + 0.234*abs(X3) + 0.226*X2**2 + 0.226*max(0,1.05-X6) * max(0,2.08-X6) + 0.225*max(0,0.0808-X3) * max(0,X11-0.864) + 0.224*max(0,X5-1.52) - 0.218*max(0,X3-0.996) + 0.218*max(0,1.52-X5) - 0.209*max(0,X0-1.77) - 0.209*max(0,2.51-X8) * max(0,2.08-X6) + 0.206*max(0,0.0808-X3) * max(0,2.51-X8) - 0.201*max(0,X5-0.646) - 0.195*max(0,4.14-X6) + 0.191*max(0,0.996-X3) - 0.190*max(0,0.474-X2) - 0.188*max(0,X7-3.92) - 0.187*max(0,X2-0.474) - 0.186*max(0,X2-1.61) * max(0,X8-4.36) + 0.182*abs(X1) + 0.179*max(0,X7-2.42) - 0.174*max(0,X10-1.93) * X11 - 0.167*max(0,1.93-X10) + 0.165*max(0,0.164-X7) * max(0,-2.16-X11) - 0.163*max(0,0.0808-X3) * max(0,X6-4.14) + 0.158*max(0,X11-0.864) * max(0,X4-3.31) + 0.156*max(0,X1-3.25) - 0.155*max(0,1.05-X6) * max(0,X8-4.36) - 0.153*max(0,X10-1.93) * max(0,0.0808-X3) + 0.152*max(0,X7-3.17) * max(0,X4-3.31) - 0.150*max(0,X11+2.16) + 0.145*max(0,1.59-X8) + 0.141*max(0,4.36-X8) - 0.140*X10**2 - 0.133*max(0,1.05-X6) * X11 + 0.132*max(0,X9-5.34) * max(0,X9-6.34) + 0.125*max(0,X4-2.34) * max(0,X4-3.31) + 0.122*max(0,X8-1.59) * X9 + 0.115*X7**2 - 0.110*X4**2 - 0.108*max(0,X8-1.59) * max(0,1.05-X6) + 0.107*max(0,1.04-X2) + 0.106*abs(X10) - 0.104*max(0,X7-0.164) + 0.101*abs(X8) + 0.101*max(0,X6-3.11) + 0.0988*X3 + 0.0949*max(0,1.36-X10) + 0.0939*max(0,0.669-X8) - 0.0931*max(0,X7-1.67) * max(0,X7-2.42) - 0.0923*max(0,X2+0.0953) + 0.0899*max(0,X1-1.80) - 0.0872*max(0,-0.347-X11) + 0.0817*max(0,X9-6.34) * max(0,-2.16-X11) - 0.0800*max(0,1.37-X4) + 0.0786*max(0,4.36-X8) * max(0,2.08-X6) - 0.0785*max(0,X10-0.783) - 0.0763*max(0,X2-1.04) * max(0,2.08-X6) + 0.0748*max(0,1.91-X3) + 0.0737*max(0,X4-0.400) - 0.0684*max(0,X11+0.952) + 0.0640*max(0,X8-3.43) + 0.0635*max(0,3.43-X8) + 0.0603*max(0,X7-2.42) * max(0,X8-4.36) + 0.0561*max(0,4.36-X8) * max(0,X7-2.42) - 0.0520*max(0,3.31-X4) - 0.0511*X3**2 + 0.0507*max(0,X0-4.69) + 0.0503*max(0,4.36-X8) * X11 + 0.0500*max(0,X7-1.67) * max(0,X4-3.31) + 0.0488*max(0,2.08-X6) * max(0,X4-3.31) + 0.0457*abs(X5) + 0.0456*X9 * max(0,-2.16-X11) + 0.0454*max(0,X9-1.32) - 0.0441*max(0,X7-1.67) * max(0,-2.16-X11) + 0.0413*max(0,2.51-X8) * max(0,-2.16-X11) + 0.0408*max(0,4.69-X0) - 0.0398*max(0,4.33-X9) - 0.0393*max(0,3.74-X3) + 0.0393*abs(X0) - 0.0390*max(0,X8-1.59) * max(0,2.08-X6) + 0.0375*max(0,X11-0.864) + 0.0349*max(0,4.36-X8) * max(0,X4-3.31) - 0.0337*abs(X6) + 0.0326*max(0,2.51-X8) * X11 - 0.0306*max(0,X8-2.51) * max(0,-2.16-X11) + 0.0306*max(0,2.51-X8) * max(0,X9-6.34) + 0.0285*max(0,0.400-X4) - 0.0284*max(0,X6-4.14) - 0.0282*max(0,X2-1.04) * max(0,X6-4.14) + 0.0277*max(0,4.36-X8) * max(0,2.51-X8) + 0.0263*max(0,X5-2.40) * max(0,X10-1.93) + 0.0262*max(0,X7-2.42) * max(0,X8-3.43) - 0.0236*max(0,2.51-X8) * max(0,X7-1.67) + 0.0235*abs(X4) + 0.0233*max(0,X4-3.31) - 0.0228*max(0,9.03-X1) + 0.0224*max(0,X6-2.08) + 0.0222*max(0,0.208-X10) + 0.0220*max(0,2.08-X6) * max(0,X4-2.34) + 0.0217*max(0,2.08-X6) * X11 - 0.0202*max(0,5.25-X4) - 0.0202*max(0,4.36-X8) * max(0,1.05-X6) - 0.0194*max(0,X8-1.59) * max(0,X8-4.36) + 0.0191*max(0,X8-2.51) * max(0,X7-2.42) - 0.0189*max(0,1.05-X6) * max(0,X10-1.93) - 0.0188*max(0,2.08-X6) * max(0,X7-3.17) - 0.0163*max(0,2.08-X6) * max(0,X7-1.67) + 0.0143*max(0,X1-4.69) - 0.0142*X0**2 + 0.0133*max(0,4.36-X8) * max(0,X4-2.34) + 0.0126*max(0,X3-4.66) - 0.0121*max(0,X7-2.42) * max(0,-2.16-X11) + 0.0112*max(0,3.25-X1) - 0.0110*max(0,X8-1.59) * max(0,X8-2.51) + 0.0101*X2 - 0.00946*max(0,0.646-X5) - 0.00851*max(0,1.05-X6) * max(0,X8-3.43) - 0.00837*max(0,2.83-X3) - 0.00805*max(0,X5-2.40) + 0.00703*X5**2 - 0.00702*max(0,X7-3.17) * max(0,X7-1.67) - 0.00653*max(0,0.0808-X3) * X11 + 0.00652*X1 - 0.00597*max(0,X8-1.59) * max(0,X7-2.42) - 0.00569*X1**2 - 0.00567*max(0,X8-1.59) * max(0,X4-3.31) + 0.00561*X11 * max(0,X7-1.67) - 0.00510*max(0,0.164-X7) + 0.00459*max(0,X4-2.34) + 0.00434*max(0,X11-0.864) * max(0,X4-2.34) - 0.00433*max(0,4.36-X8) * max(0,X10-1.93) - 0.00390*X5 + 0.00352*max(0,0.0808-X3) * X9 + 0.00339*max(0,X8-0.669) + 0.00332*X11 * max(0,X4-2.34) - 0.00317*max(0,X8-1.59) * max(0,X10-1.93) - 0.00247*max(0,X2-1.04) * max(0,X5-2.40) - 0.00239*abs(X7) + 0.00231*max(0,X4-2.34) * max(0,X8-4.36) + 0.00217*max(0,X8-3.43) * max(0,X8-4.36) - 0.00214*max(0,X4-1.37) + 0.00189*X6 + 0.00174*X11 * max(0,X7-3.17) - 0.00169*X8**2 - 0.00151*max(0,X8-1.59) * max(0,X8-3.43) + 0.00146*max(0,X3-2.83) - 0.00144*max(0,X2-1.61) * max(0,X8-3.43) + 0.00127*X9 * max(0,X9-6.34) - 0.00125*max(0,X8-1.59) * max(0,X7-1.67) + 0.000874*max(0,4.36-X8) * max(0,X2-1.61) + 0.000684*max(0,X4-3.31) * max(0,X8-3.43) - 0.000443*X9 * X11 - 0.000360*max(0,X7-3.17) * max(0,-2.16-X11) + 0.000327*max(0,2.51-X8) * max(0,X4-2.34) - 0.000256*max(0,X9-3.33) - 0.000208*max(0,X6-4.14) * max(0,2.51-X8) + 0.000201*max(0,X0-6.15) + 0.000139*X9 * max(0,2.08-X6) + 0.000122*X6**2 + 4.27e-5*X9 * max(0,2.51-X8) + 1.97e-5*max(0,X1-6.14) - 5.77e-6*max(0,X2-1.61) * max(0,X7-2.42) + 4.49e-6*max(0,X4-2.34) * max(0,X8-3.43) + 1.88e-6*max(0,X4-3.31) * max(0,X7-2.42) + 1.48e-8*max(0,X4-2.34) * max(0,X7-2.42) - 3.66e-9*max(0,X2-1.61) * max(0,X8-2.51) + 9.98e-10*max(0,X4-3.31) * max(0,X8-2.51) - 1.04e-10*max(0,X2-1.61) * max(0,X4-3.31) + 8.29e-14*max(0,X4-2.34) * max(0,X8-2.51)"
ffx,228_elusage,ok,0.532886,15.22576,734,5.26,,"3.43 + 47.6*max(0,-1.18-X0) * max(0,X1-1.07) + 18.3*max(0,-1.18-X0) + 9.37*max(0,-0.160-X1) * max(0,X0-0.240) + 8.98*max(0,-1.18-X0) * max(0,-0.160-X1) - 8.38*max(0,-0.571-X1) * max(0,-1.18-X0) + 7.76*abs(X1) * max(0,X1-1.07) - 7.51*max(0,X1+0.160) * max(0,-1.18-X0) - 6.59*max(0,-1.18-X0) * max(0,-0.232-X0) - 6.02*max(0,X1-1.07) * abs(X0) - 4.84*abs(X0) - 4.68*max(0,X1-1.07) - 4.29*max(0,-0.705-X0) + 3.88*max(0,-0.232-X0) - 3.56*max(0,X0-1.19) + 3.19*max(0,X1+0.160) * max(0,X0-0.240) + 3.16*max(0,-0.571-X1) + 3.10*max(0,0.240-X0) * max(0,X1-1.07) - 2.97*max(0,-1.18-X0) * abs(X0) - 2.97*abs(X1) - 2.93*max(0,-0.160-X1) * X0 - 2.80*max(0,-0.571-X1) * max(0,-0.160-X1) + 2.69*max(0,X1-0.250) - 2.60*max(0,-0.232-X0) * max(0,X1-1.07) + 2.53*abs(X0) * max(0,X0-0.240) + 2.52*max(0,X1+0.160) * max(0,-0.232-X0) - 2.22*max(0,0.240-X0) * max(0,-1.18-X0) - 1.97*abs(X1) * X0 - 1.83*max(0,0.240-X0) + 1.82*abs(X1) * max(0,X0-0.240) - 1.67*X0 - 1.63*max(0,X1+0.160) * max(0,X1-1.07) - 1.57*abs(X1) * max(0,-0.160-X1) + 1.22*max(0,0.240-X0) * max(0,-0.160-X1) + 1.20*max(0,0.250-X1) - 1.18*max(0,-0.571-X1) * X0 - 1.05*max(0,-0.160-X1) * abs(X0) - 1.02*max(0,0.713-X0) + 0.999*max(0,X1-0.660) + 0.952*abs(X1) * max(0,-1.18-X0) - 0.732*max(0,-0.160-X1) * max(0,-0.232-X0) + 0.529*max(0,0.660-X1) - 0.522*max(0,X1+0.160) - 0.512*max(0,1.19-X0) + 0.482*max(0,-0.571-X1) * max(0,-0.232-X0) - 0.466*max(0,X0+0.705) - 0.464*max(0,X1+0.160) * abs(X1) + 0.461*max(0,-0.981-X1) - 0.406*max(0,X1+0.160) * max(0,0.240-X0) + 0.396*max(0,X0+0.232) + 0.383*abs(X1) * max(0,0.240-X0) - 0.349*max(0,-0.160-X1) + 0.338*max(0,X1+0.571) + 0.326*max(0,X1+0.160) * abs(X0) - 0.319*abs(X1) * max(0,-0.232-X0) - 0.248*max(0,0.240-X0) * abs(X0) - 0.217*X1 - 0.196*max(0,X0+1.18) + 0.193*X1**2 + 0.187*X0**2 - 0.156*max(0,-0.232-X0) * abs(X0) + 0.154*max(0,X0-0.240) - 0.143*max(0,0.240-X0) * max(0,-0.232-X0) + 0.142*X0 * abs(X0) + 0.0935*max(0,X1+0.160) * X0 + 0.0804*max(0,X1+0.981) + 0.0602*max(0,-0.571-X1) * abs(X0) + 0.0405*max(0,X0-0.713) - 0.0181*abs(X1) * abs(X0) + 0.0108*max(0,X1-1.07) * X0 + 0.00580*max(0,-1.18-X0) * X0 + 0.00410*X0 * max(0,X0-0.240) + 8.26e-5*max(0,-0.232-X0) * X0"
ffx,229_pwLinear,ok,0.173354,3.774625,1398,27.62,,"0.792 - 14.4*max(0,-0.513-X2) * max(0,-0.906-X5) + 8.41*max(0,-0.513-X2) * max(0,-0.608-X3) + 5.77*max(0,-0.513-X2) * max(0,-0.878-X4) + 5.61*max(0,-0.906-X5) * max(0,-0.878-X4) + 4.99*max(0,-0.608-X3) * max(0,-0.878-X4) + 4.92*max(0,-0.513-X2) * max(0,-0.774-X7) + 4.28*max(0,-0.608-X3) * max(0,-0.774-X7) + 3.94*max(0,-0.774-X7) * max(0,-0.878-X4) - 3.45*max(0,-0.513-X2) * X5 - 3.31*max(0,-0.626-X8) * max(0,-0.774-X7) - 3.23*X2 * max(0,-0.906-X5) + 3.17*max(0,-0.626-X8) * max(0,-0.906-X5) - 2.35*max(0,-0.608-X3) * max(0,-0.906-X5) + 2.05*max(0,-0.608-X3) * X2 + 1.88*max(0,-0.513-X2) * max(0,-0.626-X8) + 1.83*max(0,-0.513-X2) * X3 - 1.75*max(0,-0.608-X3) * max(0,-0.626-X8) - 1.45*max(0,-0.878-X4) - 1.32*max(0,X9-0.00792) * max(0,-0.878-X4) + 1.27*X2 * max(0,-0.774-X7) - 1.15*max(0,-0.626-X8) * max(0,-0.878-X4) - 1.06*max(0,-0.513-X2) * X2 - 1.02*max(0,-0.513-X2) * X0 + 0.972*X3 * max(0,-0.774-X7) - 0.895*max(0,-0.774-X7) + 0.879*max(0,X7-0.184) * max(0,-0.513-X2) - 0.821*X2 * X5 + 0.812*X5 * max(0,-0.906-X5) + 0.801*max(0,X7-0.184) * max(0,-0.878-X4) + 0.754*max(0,X7-0.184) * max(0,-0.906-X5) - 0.743*max(0,-0.696-X0) + 0.726*X2 * max(0,-0.878-X4) + 0.702*max(0,-0.626-X8) * X5 + 0.699*X1 * max(0,-0.906-X5) + 0.695*max(0,X7+0.136) * max(0,-0.878-X4) + 0.684*max(0,-0.626-X8) * X2 - 0.676*max(0,-0.608-X3) * X1 - 0.674*max(0,X7-0.184) * max(0,-0.626-X8) + 0.647*max(0,-0.906-X5) * X4 + 0.643*max(0,-0.513-X2) * X4 - 0.618*max(0,-0.513-X2) - 0.601*max(0,-0.608-X3) + 0.583*X3 * max(0,-0.906-X5) - 0.563*max(0,-0.878-X4) * X4 - 0.500*X0 - 0.496*X2 * X0 - 0.489*max(0,X9-0.00792) * max(0,-0.906-X5) + 0.488*max(0,X7-0.184) * max(0,-0.608-X3) + 0.473*max(0,X7-0.184) * X4 - 0.472*max(0,-0.774-X7) * X0 + 0.453*max(0,X7+0.136) * max(0,-0.608-X3) + 0.450*X5**2 - 0.442*X4**2 - 0.436*max(0,-0.455-X7) - 0.430*max(0,X7+0.136) * max(0,-0.906-X5) + 0.410*X3 * X2 - 0.409*X2**2 + 0.409*X1 + 0.383*X5 * max(0,-0.878-X4) + 0.372*X5 - 0.353*X1 * max(0,-0.878-X4) + 0.347*X2 + 0.334*max(0,-0.608-X3) * X6 + 0.320*max(0,X7-0.184) * X2 - 0.319*max(0,-0.626-X8) * X6 - 0.317*max(0,-0.530-X4) - 0.307*X3**2 + 0.306*X4 - 0.298*max(0,X7-0.503) - 0.294*X3 * max(0,-0.608-X3) + 0.293*max(0,-0.573-X5) - 0.286*max(0,X7+0.136) + 0.276*X5 * X1 + 0.276*max(0,-0.626-X8) + 0.272*max(0,-0.774-X7) * X4 + 0.250*X3 * max(0,-0.878-X4) + 0.226*X5 * max(0,-0.774-X7) - 0.225*max(0,X8-0.325) - 0.223*max(0,-0.513-X2) * X6 + 0.220*max(0,-0.906-X5) * X0 + 0.216*X5 * X0 + 0.209*X3 * X5 - 0.207*X3 * max(0,-0.626-X8) + 0.195*max(0,X9-0.00792) + 0.195*X4 * X0 - 0.192*X1 * max(0,-0.774-X7) + 0.181*X6 + 0.176*max(0,X7-0.184) * X3 - 0.175*X3 * X1 - 0.168*max(0,X7+0.136) * X1 - 0.167*X1 * X0 - 0.166*max(0,-0.608-X3) * X5 + 0.148*max(0,-0.626-X8) * X4 + 0.141*X6 * max(0,-0.906-X5) + 0.135*max(0,0.0914-X5) - 0.127*X2 * X6 - 0.126*max(0,X9-0.00792) * X4 + 0.121*max(0,-0.513-X2) * max(0,X7+0.136) - 0.120*X3 - 0.119*max(0,X7-0.822) + 0.113*max(0,-0.906-X5) * max(0,-0.774-X7) + 0.112*max(0,-0.626-X8) * X1 + 0.112*max(0,X9-0.642) - 0.108*X3 * X4 - 0.101*max(0,-0.284-X3) + 0.0940*max(0,X7-0.184) * X1 - 0.0887*max(0,X9-0.00792) * X0 + 0.0872*X2 * X1 - 0.0858*max(0,X7-0.184) * X6 + 0.0844*max(0,-0.878-X4) * X0 + 0.0833*max(0,X7-0.184) * max(0,X7+0.136) + 0.0828*X9**2 - 0.0819*X1 * X4 - 0.0817*max(0,-0.429-X0) + 0.0773*max(0,-0.906-X5) - 0.0721*max(0,X7-0.184) - 0.0716*max(0,0.365-X3) + 0.0680*max(0,X7+0.136) * X2 + 0.0673*X6 * X1 - 0.0665*max(0,0.611-X6) + 0.0664*X6 * X0 - 0.0639*X6 * X4 + 0.0602*max(0,X7+0.136) * X0 + 0.0567*max(0,0.513-X4) - 0.0546*max(0,-0.136-X7) + 0.0519*max(0,X9-0.325) - 0.0499*max(0,X9-0.00792) * max(0,-0.774-X7) - 0.0489*X9 - 0.0461*max(0,0.424-X5) + 0.0398*max(0,-0.608-X3) * X4 - 0.0376*max(0,-0.513-X2) * X1 + 0.0355*max(0,X7-0.184) * X5 + 0.0349*X6 * max(0,-0.774-X7) - 0.0332*max(0,-0.608-X3) * X0 - 0.0321*max(0,-0.183-X4) + 0.0285*X3 * max(0,X7+0.136) + 0.0273*X1**2 + 0.0265*X2 * X4 - 0.0217*X6 * max(0,-0.878-X4) - 0.0212*max(0,X7+0.136) * X6 + 0.0209*max(0,X7+0.136) * X4 - 0.0203*X3 * X0 - 0.0195*max(0,X7+0.136) * X5 - 0.0174*max(0,0.281-X6) - 0.0158*max(0,X8-0.959) + 0.0144*max(0,-0.241-X5) - 0.0125*max(0,X9+0.626) + 0.0119*X3 * X6 + 0.0100*max(0,X9-0.959) - 0.00901*max(0,-0.161-X0) + 0.00711*max(0,X1+0.640) - 0.00673*max(0,0.165-X4) - 0.00648*X6**2 - 0.00488*max(0,X8-0.642) + 0.00402*max(0,X7-0.184) * X0 - 0.00343*max(0,0.118-X2) + 0.00256*X6 * X5 - 0.00130*max(0,-0.626-X8) * X0 - 0.000766*max(0,0.434-X2) - 1.88e-5*max(0,0.0405-X3) - 1.63e-5*max(0,0.107-X0) + 1.58e-5*max(0,-0.309-X8) + 1.33e-8*max(0,X0+0.429) - 8.20e-12*max(0,0.643-X0)"
ffx,230_machine_cpu,ok,0.915006,31.033185,1928,13.23,,"-1.34 + 54.7*max(0,X4-3.95) * max(0,X3-2.05) + 39.0*max(0,0.806-X4) * max(0,X3-2.82) + 12.4*max(0,2.82-X3) * max(0,X3-2.05) - 7.74*max(0,X3-0.518) * max(0,1.28-X3) + 6.43*max(0,1.85-X4) * max(0,X3-2.82) + 6.28*max(0,X4-1.85) * max(0,X3-2.05) - 4.86*max(0,0.806-X4) * max(0,X3-2.05) - 3.24*max(0,1.85-X4) * max(0,X3-3.58) + 3.00*max(0,X5-3.94) * max(0,X3-2.05) + 2.83*max(0,X5-3.94) + 2.75*max(0,X3-4.35) - 2.33*max(0,X1-4.92) - 2.16*max(0,X4-2.90) * max(0,1.28-X3) + 1.95*max(0,2.82-X3) * max(0,X3-1.28) - 1.47*max(0,1.85-X4) * max(0,X4-0.806) + 1.27*X3 * max(0,0.518-X3) - 1.18*max(0,X3-1.28) * max(0,X4-3.95) + 1.10*max(0,X4-0.806) * max(0,X3-3.58) - 0.984*max(0,0.806-X4) + 0.969*max(0,X1-1.83) - 0.942*max(0,0.806-X4) * max(0,X3-1.28) + 0.928*max(0,X1-2.86) - 0.905*max(0,X1-5.95) - 0.897*abs(X3) * max(0,0.518-X3) + 0.711*max(0,X2-2.67) - 0.709*max(0,X5-4.78) + 0.704*max(0,X3-3.58) + 0.699*max(0,0.806-X4) * max(0,X3-0.518) - 0.663*max(0,1.85-X4) * max(0,X5-3.94) - 0.636*max(0,X1-3.89) - 0.635*max(0,1.85-X4) * max(0,X3-2.05) + 0.613*max(0,2.82-X3) * max(0,X4-3.95) + 0.613*abs(X3) * max(0,2.05-X3) + 0.613*max(0,2.05-X3) * max(0,X3-0.518) + 0.611*max(0,2.05-X3) * max(0,X3-1.28) + 0.607*max(0,1.85-X4) * max(0,X3-1.28) - 0.583*max(0,0.803-X1) - 0.578*max(0,1.28-X3) + 0.558*max(0,X2-1.33) - 0.552*max(0,0.806-X4) * abs(X3) + 0.533*max(0,X3-2.82) - 0.533*max(0,2.05-X3) * max(0,X4-2.90) + 0.515*max(0,X0-3.87) + 0.514*max(0,X4-1.85) + 0.511*abs(X2) - 0.505*max(0,X3-1.28) + 0.494*max(0,2.82-X3) * abs(X3) - 0.475*X3 * max(0,2.05-X3) - 0.450*X4 - 0.412*max(0,X4-2.90) * max(0,X3-2.05) - 0.384*max(0,2.82-X3) * max(0,X5-3.94) - 0.372*max(0,0.518-X3) * max(0,1.28-X3) - 0.367*max(0,X0-3.16) + 0.359*X3 * max(0,1.28-X3) - 0.354*max(0,X5-1.40) + 0.352*max(0,1.85-X4) * max(0,X3-0.518) - 0.350*max(0,-0.00371-X2) + 0.348*max(0,X2-3.34) - 0.345*max(0,X4-0.806) * max(0,X3-1.28) + 0.335*max(0,X5-3.09) * max(0,X3-2.05) + 0.318*max(0,X4-1.85) * max(0,1.28-X3) + 0.306*X2 + 0.300*max(0,2.82-X3) + 0.280*max(0,4.35-X3) + 0.280*abs(X4) - 0.271*max(0,X2-2.00) + 0.265*max(0,1.83-X1) + 0.259*max(0,X5-3.09) * max(0,1.28-X3) + 0.258*max(0,2.82-X3) * max(0,X3-0.518) + 0.246*max(0,X4-3.95) - 0.240*max(0,X1-0.803) - 0.238*max(0,X4-0.806) + 0.213*max(0,X4-2.90) + 0.206*max(0,2.82-X3) * X3 + 0.190*max(0,X4-0.806) * max(0,0.518-X3) + 0.187*max(0,1.85-X4) * max(0,0.806-X4) - 0.182*max(0,2.82-X3) * max(0,X4-2.90) + 0.175*abs(X1) - 0.173*X2**2 - 0.166*X1 + 0.162*max(0,X3-2.82) * max(0,X3-2.05) + 0.157*max(0,X4-5.00) - 0.155*max(0,X5-2.24) - 0.150*max(0,2.05-X3) * max(0,X4-3.95) - 0.138*max(0,0.806-X4) * X3 + 0.134*max(0,X5-3.94) * max(0,X3-1.28) - 0.132*max(0,2.82-X3) * max(0,X4-0.806) - 0.131*abs(X3) * max(0,X5-3.94) + 0.128*abs(X3) * max(0,X3-3.58) + 0.125*max(0,1.40-X5) + 0.122*max(0,0.666-X2) - 0.121*max(0,5.95-X1) + 0.121*max(0,2.90-X4) + 0.115*max(0,1.33-X2) + 0.114*max(0,X5-0.552) + 0.113*X3 * max(0,X3-3.58) - 0.112*max(0,X0-1.76) + 0.109*max(0,X4-0.806) * max(0,X3-2.82) + 0.108*max(0,X3-3.58) * max(0,X3-2.05) - 0.106*max(0,X2-0.666) - 0.105*max(0,3.89-X1) + 0.104*max(0,0.806-X4) * max(0,0.518-X3) + 0.103*max(0,X0-2.46) - 0.101*max(0,X3-2.05) - 0.0954*max(0,1.06-X0) + 0.0930*max(0,2.05-X3) - 0.0927*max(0,X2+0.00371) + 0.0882*max(0,2.82-X3) * max(0,1.28-X3) - 0.0881*max(0,X4-0.806) * max(0,X3-0.518) + 0.0815*max(0,X5-3.09) * max(0,X3-2.82) - 0.0803*max(0,X4-0.806) * max(0,X3-2.05) - 0.0802*max(0,2.24-X5) - 0.0802*max(0,1.85-X4) - 0.0727*X3 * max(0,X3-1.28) - 0.0683*max(0,1.85-X4) * max(0,2.82-X3) - 0.0634*max(0,X3-1.28) * max(0,X3-2.05) + 0.0634*max(0,2.82-X3) * max(0,2.05-X3) + 0.0613*max(0,X5-3.94) * max(0,X3-0.518) - 0.0608*abs(X3) * max(0,X3-1.28) - 0.0573*max(0,2.05-X3) * max(0,1.28-X3) - 0.0572*max(0,0.806-X4) * max(0,1.28-X3) - 0.0563*max(0,X4-0.806) * abs(X3) - 0.0562*max(0,0.552-X5) + 0.0547*max(0,4.92-X1) + 0.0543*X3 * max(0,X3-2.82) + 0.0536*max(0,1.85-X4) * max(0,0.518-X3) + 0.0534*max(0,2.46-X0) + 0.0529*max(0,X4-0.806) * max(0,2.05-X3) + 0.0510*max(0,6.04-X4) - 0.0482*abs(X3) * max(0,X3-2.05) + 0.0473*abs(X3) * max(0,1.28-X3) + 0.0460*max(0,X4-0.806) * max(0,X4-2.90) - 0.0460*X3**2 - 0.0452*X3 * max(0,X5-3.94) - 0.0452*max(0,2.05-X3) * max(0,0.518-X3) + 0.0449*X4**2 - 0.0443*max(0,0.806-X4) * max(0,2.05-X3) - 0.0441*X0 + 0.0438*abs(X3) * max(0,X3-2.82) + 0.0430*max(0,2.86-X1) - 0.0390*abs(X3) * max(0,X4-2.90) + 0.0390*abs(X0) - 0.0372*max(0,X3-0.518) * max(0,X3-1.28) + 0.0360*max(0,X3-0.518) * max(0,X3-2.82) + 0.0359*max(0,1.85-X4) * max(0,2.05-X3) - 0.0347*X3 - 0.0346*max(0,3.34-X2) + 0.0324*max(0,2.67-X2) - 0.0322*abs(X5) + 0.0321*max(0,X4-1.85) * max(0,X3-1.28) - 0.0302*max(0,X4-2.90) * max(0,0.518-X3) - 0.0302*max(0,3.94-X5) + 0.0297*max(0,1.85-X4) * max(0,1.28-X3) - 0.0295*abs(X3) - 0.0295*max(0,5.00-X4) - 0.0292*max(0,2.00-X2) + 0.0289*max(0,X3-1.28) * max(0,X3-2.82) - 0.0284*max(0,X3-0.518) * max(0,X3-2.05) + 0.0269*max(0,3.58-X3) + 0.0250*max(0,X4-1.85) * max(0,0.518-X3) + 0.0210*X0**2 + 0.0207*max(0,X4-1.85) * max(0,2.05-X3) - 0.0196*max(0,X4-2.90) * max(0,X3-1.28) - 0.0193*max(0,X0-0.353) + 0.0181*max(0,X4-1.85) * max(0,X4-3.95) - 0.0178*max(0,X3-0.518) * max(0,X4-3.95) - 0.0169*max(0,3.09-X5) + 0.0146*max(0,2.05-X3) * max(0,X5-3.94) - 0.0140*max(0,X4-0.806) * max(0,1.28-X3) + 0.0140*max(0,1.85-X4) * abs(X3) - 0.0130*X3 * max(0,X4-2.90) - 0.0125*max(0,X3-0.518) * max(0,X4-2.90) + 0.0117*max(0,2.82-X3) * max(0,0.518-X3) - 0.00983*max(0,X0-1.06) + 0.00960*max(0,X3-0.518) - 0.00742*X3 * max(0,X3-0.518) - 0.00742*max(0,2.82-X3) * max(0,0.806-X4) + 0.00731*X1**2 - 0.00664*X5 - 0.00646*max(0,0.518-X3) - 0.00631*abs(X3) * max(0,X3-0.518) - 0.00517*abs(X3) * max(0,X4-3.95) + 0.00466*max(0,X4-1.85) * max(0,2.82-X3) + 0.00407*max(0,1.85-X4) * X3 + 0.00227*max(0,X5-3.09) * max(0,X3-3.58) + 0.00208*max(0,3.16-X0) + 0.00186*X3 * max(0,X3-2.05) + 0.00126*X3 * max(0,X4-3.95) - 0.00125*max(0,0.353-X0) - 0.000648*X5**2 - 0.000540*max(0,3.95-X4) - 0.000460*max(0,X4-2.90) * max(0,X4-3.95) + 0.000411*X3 * abs(X3) + 0.000227*max(0,X5-3.09) * max(0,0.518-X3) + 0.000169*max(0,X3-3.58) * max(0,X3-2.82) - 5.34e-5*max(0,X4-0.806) * X3 + 5.01e-8*max(0,X3-3.58) * max(0,X3-1.28) + 3.52e-11*max(0,X3-3.58) * max(0,X3-0.518)"
ffx,294_satellite_image,ok,-0.126985,1.158259,1190,32.5,,"-0.607 + 4.34*max(0,-1.43-X0) + 3.81*max(0,-1.14-X22) - 3.44*max(0,-2.48-X12) * max(0,-2.20-X0) - 2.23*max(0,-1.14-X22) * max(0,-1.84-X22) + 1.77*max(0,-0.812-X31) * max(0,-0.970-X14) - 1.75*max(0,-1.43-X0) * max(0,-2.20-X0) - 1.72*max(0,-0.434-X22) * max(0,-0.812-X31) - 1.72*max(0,-0.812-X31) * max(0,-1.43-X0) + 1.66*max(0,-1.68-X30) * max(0,-1.09-X3) - 1.54*max(0,-1.09-X3) * max(0,X35-4.04) - 1.38*max(0,-1.09-X3) + 1.13*max(0,-0.434-X22) - 1.07*max(0,-1.06-X19) - 0.993*max(0,-0.987-X33) * max(0,-1.14-X22) + 0.981*max(0,-1.59-X2) + 0.927*max(0,-1.47-X1) + 0.902*max(0,-1.68-X30) * max(0,-0.972-X15) + 0.865*max(0,-2.51-X29) * max(0,-1.84-X22) - 0.785*max(0,-0.972-X15) - 0.720*max(0,-0.972-X15) * max(0,-1.09-X3) - 0.636*max(0,-0.972-X17) - 0.599*max(0,-1.52-X20) + 0.569*max(0,0.0299-X21) + 0.518*max(0,-0.318-X19) - 0.493*max(0,-0.434-X22) * max(0,-0.256-X14) - 0.486*max(0,-0.943-X30) - 0.460*max(0,-0.987-X33) * max(0,-1.84-X22) - 0.416*max(0,-1.19-X8) + 0.364*max(0,-0.812-X31) * max(0,-1.06-X19) + 0.351*max(0,-1.68-X30) * max(0,-2.47-X32) + 0.348*max(0,-0.339-X10) + 0.343*max(0,-1.09-X10) - 0.325*max(0,-1.43-X0) * max(0,-2.19-X5) + 0.316*max(0,-1.04-X26) * max(0,-1.06-X19) - 0.315*max(0,-1.47-X1) * max(0,X35-4.04) - 0.305*max(0,-1.06-X19) * max(0,-1.43-X0) - 0.281*max(0,-0.339-X10) * max(0,X35-4.04) - 0.233*max(0,-0.256-X14) + 0.227*max(0,0.0979-X35) + 0.225*max(0,-0.339-X10) * max(0,-0.318-X19) - 0.218*max(0,-0.499-X8) + 0.216*max(0,-2.51-X29) * max(0,-0.987-X33) - 0.208*max(0,-1.43-X0) * max(0,-1.84-X22) - 0.196*max(0,-1.43-X9) - 0.184*max(0,-1.69-X12) + 0.181*max(0,-1.04-X26) - 0.166*max(0,X27-0.928) - 0.160*max(0,-2.48-X12) + 0.150*max(0,-0.339-X10) * max(0,-0.434-X22) - 0.145*max(0,-0.987-X33) * max(0,-0.970-X14) - 0.133*max(0,-0.812-X31) * max(0,-1.84-X22) - 0.117*max(0,-0.970-X14) * max(0,X35-4.04) - 0.114*max(0,-2.12-X21) + 0.101*max(0,-0.144-X24) + 0.0982*max(0,0.158-X16) + 0.0980*max(0,0.332-X1) - 0.0972*max(0,-0.812-X31) + 0.0951*max(0,X6+0.747) + 0.0929*max(0,X17-0.481) - 0.0818*max(0,X17+0.972) + 0.0768*max(0,0.0854-X11) - 0.0768*max(0,-2.51-X29) * max(0,X35-4.04) + 0.0742*max(0,X30-0.528) - 0.0740*max(0,-0.318-X19) * max(0,-1.43-X0) - 0.0733*max(0,-0.987-X33) * max(0,-2.48-X12) - 0.0700*max(0,X8-0.888) + 0.0640*max(0,-0.585-X11) - 0.0634*max(0,X2-0.710) - 0.0627*max(0,X12-0.674) - 0.0609*max(0,X29-1.23) + 0.0551*max(0,-0.0563-X2) + 0.0522*max(0,X24+0.144) + 0.0505*max(0,X10+0.339) + 0.0503*max(0,-2.51-X29) * max(0,-2.47-X32) - 0.0494*max(0,X10-0.411) - 0.0485*max(0,X33+0.204) - 0.0482*max(0,0.194-X8) - 0.0460*max(0,X32+1.12) + 0.0432*max(0,0.538-X15) + 0.0421*max(0,0.330-X3) - 0.0398*max(0,-0.581-X4) - 0.0380*max(0,X6-0.734) - 0.0378*max(0,-0.256-X14) * max(0,-0.318-X19) + 0.0361*max(0,X16-0.158) + 0.0354*max(0,X4+1.31) + 0.0352*max(0,X34-0.239) + 0.0347*max(0,X32-0.913) + 0.0293*max(0,X12+0.114) + 0.0259*max(0,X14+0.970) + 0.0248*max(0,0.422-X19) - 0.0241*max(0,X4-0.872) - 0.0235*max(0,X16-0.770) - 0.0226*max(0,X0+0.661) - 0.0199*max(0,X20-1.12) - 0.0198*max(0,X22+1.84) + 0.0180*max(0,X13-0.509) + 0.0160*max(0,X26-0.346) - 0.0145*max(0,-0.382-X3) + 0.0144*max(0,X28-0.262) - 0.0131*max(0,X27-0.150) - 0.0125*max(0,-0.339-X10) * max(0,-0.256-X14) - 0.0119*max(0,-0.339-X10) * max(0,X31-3.46) - 0.0107*max(0,-1.13-X23) - 0.0102*max(0,X11-0.756) - 0.00967*max(0,X10-1.16) + 0.00959*max(0,X21-0.0299) + 0.00954*max(0,X26+1.04) - 0.00944*max(0,X22-0.971) - 0.00810*max(0,-0.339-X10) * max(0,-0.987-X33) - 0.00741*max(0,-1.06-X19) * max(0,-2.20-X0) + 0.00725*max(0,X5-0.351) - 0.00505*max(0,-0.339-X10) * max(0,-1.84-X22) - 0.00213*max(0,-2.47-X32) * max(0,X35-4.04) - 0.00105*max(0,-0.987-X33) * max(0,-2.19-X5) + 0.00102*max(0,-2.51-X29) * max(0,X31-3.46) + 0.000839*max(0,X1-0.332) - 0.000279*max(0,-1.14-X22) * max(0,-2.19-X5) - 0.000121*max(0,X31-3.46) * max(0,X35-4.04) - 6.77e-5*max(0,-0.812-X31) * max(0,-2.19-X5) - 7.36e-6*max(0,X31-3.46) * max(0,-1.09-X3) - 4.93e-7*max(0,X31-3.46) * max(0,-1.47-X1) - 9.24e-9*max(0,X31-3.46) * max(0,-0.970-X14) - 6.73e-11*max(0,-0.972-X15) * max(0,X35-4.04)"
ffx,344_mv,ok,0.9973,0.561496,386,22.65,,"0.962 + 0.960*X7 * max(0,X5-1.39) - 0.847*max(0,0.830-X5) + 0.782*max(0,-0.848-X5) * max(0,X9-1.24) - 0.557*max(0,-0.0788-X7) - 0.437*X7 * X5 + 0.284*X7 - 0.278*max(0,-0.504-X8) * max(0,X3-1.71) + 0.215*X0 + 0.195*X7 * max(0,X3-1.71) - 0.182*max(0,X4-1.38) * max(0,X0-0.680) + 0.138*max(0,X4-0.927) - 0.103*X7 * max(0,X0-0.680) - 0.0786*max(0,X3-0.869) * max(0,X3-1.71) - 0.0737*max(0,0.231-X0) - 0.0707*max(0,0.274-X1) * max(0,X5-1.39) + 0.0686*max(0,X4-1.38) * max(0,X9-1.24) + 0.0654*X7 * max(0,X5-0.830) + 0.0591*max(0,-0.423-X4) * max(0,X0-0.680) - 0.0520*max(0,X4-1.38) * max(0,-1.41-X5) + 0.0362*X7 * max(0,X3-1.29) - 0.0318*max(0,0.236-X7) + 0.0281*X7 * max(0,-0.848-X5) + 0.0251*max(0,-0.423-X4) * max(0,X3-0.869) - 0.0231*max(0,X4-1.38) * max(0,-0.168-X9) + 0.0216*max(0,X4-0.477) - 0.0215*max(0,-0.848-X5) * max(0,-1.41-X5) - 0.0196*X5 * max(0,X0-0.680) + 0.0163*max(0,0.274-X1) * X7 - 0.0163*X7 * max(0,X8-1.29) + 0.0149*max(0,X5+0.288) + 0.0146*max(0,-0.423-X4) * X5 + 0.0123*max(0,X0+1.11) + 0.0113*max(0,-0.168-X9) * max(0,X0-0.680) - 0.0102*max(0,-0.217-X0) - 0.00499*max(0,X3-0.869) * max(0,X0-0.680) - 0.00299*max(0,X3-0.869) * max(0,-0.168-X9) - 0.00135*max(0,-0.168-X9) - 0.00129*max(0,0.552-X7) - 0.00119*max(0,0.274-X1) * max(0,-0.168-X9) - 0.000801*max(0,-0.168-X9) * max(0,X8-1.29) + 0.000140*max(0,0.719-X1) + 3.27e-5*max(0,X7+0.0788) - 1.49e-6*max(0,0.867-X7) + 4.69e-8*max(0,X7-0.552) + 8.89e-10*max(0,X7-0.236) + 4.26e-11*max(0,X7-1.18) + 1.11e-12*X7**2"
ffx,4544_GeographicalOriginalofMusic,ok,-7.530523,2.74855,1398,99.95,,"1.66 + 150*max(0,X41+1.34) * max(0,-1.53-X38) + 4.44*max(0,X91-0.884) * max(0,X7-1.75) + 1.80*max(0,X72-3.02) * max(0,X116-0.601) - 1.40*max(0,-0.0806-X32) * max(0,X12-1.82) - 1.26*max(0,-0.0806-X32) * max(0,X94-2.57) - 1.18*max(0,X7-1.75) + 1.05*max(0,-2.12-X14) * max(0,-0.593-X95) + 1.03*max(0,-1.44-X35) - 1.02*max(0,-0.593-X95) * max(0,X116-0.601) + 0.995*max(0,-0.593-X95) * max(0,X35-2.36) + 0.893*max(0,-0.0806-X32) * max(0,X87-2.77) + 0.874*max(0,X91-0.884) * max(0,X35-2.36) - 0.873*max(0,X12-1.82) - 0.723*max(0,X41+1.34) * max(0,X91-2.27) - 0.718*max(0,-0.593-X95) * max(0,X100-1.33) + 0.674*max(0,X65-3.44) - 0.625*max(0,X6-2.15) * max(0,-0.0806-X32) - 0.598*max(0,1.35-X101) * max(0,X91-2.27) + 0.570*max(0,-0.849-X92) * max(0,-1.53-X38) + 0.562*max(0,-0.0806-X32) * max(0,X65-3.44) + 0.441*max(0,X38-2.46) + 0.402*max(0,-0.593-X95) * max(0,X58-4.28) - 0.391*max(0,X41+1.34) * max(0,X62-2.25) + 0.349*max(0,X116-0.601) * max(0,X35-2.36) + 0.337*max(0,X41+1.34) * max(0,X31-2.75) - 0.333*max(0,0.931-X99) + 0.324*max(0,X41+1.34) - 0.311*max(0,-0.0806-X32) - 0.305*max(0,1.35-X101) + 0.299*max(0,X59-3.31) + 0.285*max(0,-1.42-X6) - 0.275*max(0,X41+1.34) * max(0,-1.44-X35) - 0.270*max(0,1.35-X101) * max(0,X60-2.35) + 0.258*abs(X93) - 0.255*max(0,X41+1.34) * max(0,X116-0.601) + 0.255*max(0,X98-1.42) - 0.253*max(0,X41+1.34) * max(0,X95-2.52) + 0.249*max(0,-0.849-X92) * max(0,-0.0806-X32) + 0.229*max(0,1.35-X101) * max(0,X65-3.44) - 0.211*max(0,-0.593-X95) * max(0,-0.0806-X32) - 0.204*max(0,X3-1.37) - 0.197*max(0,X33-1.29) - 0.188*max(0,-0.593-X95) + 0.186*max(0,-0.0806-X32) * max(0,X91-0.884) + 0.168*max(0,X41+1.34) * max(0,X87-2.77) - 0.167*max(0,0.147-X40) - 0.166*max(0,1.76-X41) - 0.165*max(0,1.45-X70) - 0.163*max(0,0.578-X66) + 0.161*max(0,-0.849-X92) + 0.160*max(0,-0.250-X43) + 0.160*max(0,-0.0806-X32) * max(0,X58-4.28) - 0.154*max(0,X66-1.37) - 0.153*max(0,-0.0806-X32) * max(0,X116-0.601) - 0.153*max(0,-0.534-X61) - 0.152*max(0,-0.849-X92) * max(0,-0.593-X95) + 0.152*max(0,-0.670-X88) + 0.151*max(0,-0.849-X92) * max(0,X94-2.57) - 0.146*max(0,X42-1.59) - 0.142*max(0,4.02-X90) - 0.133*max(0,X6-2.15) + 0.133*max(0,1.35-X101) * max(0,X91-0.884) - 0.132*max(0,X10-0.0907) - 0.129*max(0,2.45-X32) - 0.129*max(0,X38-0.0637) + 0.126*max(0,1.49-X72) + 0.126*max(0,X89-0.577) - 0.125*max(0,X15+0.734) - 0.124*max(0,-1.10-X10) + 0.120*max(0,X14-1.01) + 0.120*max(0,X30-6.31) - 0.110*max(0,X42+0.718) + 0.108*max(0,-0.0806-X32) * max(0,X35-2.36) - 0.104*max(0,X115+0.330) + 0.102*max(0,X70+0.151) - 0.0988*max(0,-1.50-X89) - 0.0978*max(0,X116-0.601) + 0.0968*max(0,X16-0.0623) + 0.0953*max(0,X41+1.34) * max(0,X100-1.33) - 0.0946*max(0,-0.506-X91) - 0.0936*abs(X92) + 0.0915*max(0,1.18-X59) - 0.0888*abs(X40) - 0.0867*max(0,X88-1.06) - 0.0855*max(0,X5-1.28) - 0.0850*max(0,X92-1.61) - 0.0839*max(0,X41+1.34) * max(0,-0.0806-X32) - 0.0838*max(0,X0-4.66) - 0.0836*max(0,-0.550-X63) + 0.0804*abs(X95) + 0.0749*abs(X12) + 0.0731*max(0,0.839-X35) + 0.0702*max(0,X41+1.34) * max(0,X91-0.884) + 0.0697*abs(X41) + 0.0683*max(0,X100-1.33) + 0.0679*max(0,X58-4.28) - 0.0676*max(0,X36+0.112) - 0.0640*max(0,X44+0.410) + 0.0623*max(0,X100-1.33) * max(0,X91-0.884) + 0.0623*max(0,1.35-X101) * max(0,X35-2.36) - 0.0622*max(0,X41+1.34) * max(0,X7-1.75) - 0.0597*max(0,X41+1.34) * max(0,-2.12-X14) - 0.0584*max(0,X39+0.964) - 0.0572*max(0,X46-0.562) - 0.0563*max(0,X9-0.624) - 0.0555*max(0,X47-0.562) + 0.0554*abs(X7) + 0.0550*max(0,X7-0.0902) + 0.0543*max(0,X93+0.249) - 0.0524*max(0,0.365-X98) + 0.0512*max(0,X41+1.34) * max(0,X35-2.36) - 0.0511*max(0,1.88-X96) - 0.0510*max(0,1.35-X101) * max(0,X12-1.82) + 0.0509*abs(X34) + 0.0474*max(0,2.03-X33) + 0.0470*max(0,1.49-X36) + 0.0464*max(0,X16+0.796) + 0.0460*X98 - 0.0446*max(0,-0.751-X62) + 0.0418*max(0,X29-5.17) - 0.0411*max(0,0.303-X99) + 0.0410*max(0,1.45-X47) + 0.0406*max(0,0.861-X38) - 0.0398*max(0,X6-0.721) + 0.0371*abs(X0) + 0.0368*max(0,X35-2.36) - 0.0355*max(0,-2.51-X16) + 0.0350*max(0,X87-2.77) - 0.0324*max(0,X45-1.62) - 0.0319*max(0,-0.404-X90) - 0.0307*abs(X66) + 0.0289*max(0,X34+0.463) + 0.0287*max(0,X14+0.554) + 0.0264*max(0,1.35-X101) * max(0,X87-2.77) - 0.0245*max(0,-0.248-X5) + 0.0239*max(0,X74-0.941) - 0.0237*abs(X2) - 0.0232*max(0,X41+1.34) * max(0,-0.593-X95) - 0.0182*max(0,X6-2.15) * max(0,X41+1.34) + 0.0181*abs(X90) + 0.0159*max(0,X41+1.34) * max(0,X58-4.28) + 0.0157*abs(X73) - 0.0145*max(0,X0-5.74) - 0.0124*max(0,-0.508-X11) + 0.0120*abs(X69) - 0.0112*max(0,X10+1.10) + 0.0106*max(0,X69+0.200) - 0.0101*max(0,X48-0.562) + 0.00788*max(0,1.35-X101) * max(0,X58-4.28) - 0.00561*max(0,-0.252-X97) + 0.00342*max(0,X74-0.0979) + 0.00340*abs(X74) - 0.00336*max(0,X49-0.562) + 0.00325*max(0,1.45-X46) - 0.00191*max(0,X92-2.23) - 0.00160*max(0,X1-5.00) + 0.00124*max(0,X91-0.884) - 0.000921*max(0,X6-2.15) * max(0,1.35-X101) - 0.000570*max(0,X43-1.52) - 0.000181*max(0,X1-6.17) + 0.000149*max(0,X29-6.31)"
ffx,485_analcatdata_vehicle,ok,0.270092,243.028238,532,16.21,,"0.802 - 3.46*X2 * max(0,-0.823-X3) + 1.69*X2 * abs(X3) + 1.54*X2 * max(0,-0.436-X3) - 1.40*X0 * max(0,-0.823-X3) - 1.26*X2 * max(0,X3-0.726) - 1.11*X2 * max(0,0.339-X3) + 1.09*X2 * max(0,X3-1.11) - 1.01*X2 * max(0,X3-0.339) - 0.899*abs(X3) - 0.810*X1 * max(0,-0.823-X3) + 0.801*abs(X3) * max(0,-0.823-X3) + 0.665*abs(X1) * max(0,-0.823-X3) - 0.644*X0 + 0.608*X0 * max(0,-0.436-X3) + 0.459*X0 * abs(X3) + 0.423*max(0,X3-0.726) + 0.411*abs(X0) * max(0,-0.823-X3) - 0.349*abs(X1) * max(0,-0.436-X3) - 0.347*max(0,X3-0.339) * X0 - 0.333*X2 - 0.297*abs(X1) * X2 + 0.279*X1 * abs(X3) + 0.276*max(0,0.339-X3) - 0.275*X1 * max(0,X3-0.339) + 0.270*X1 * X2 - 0.267*max(0,-0.436-X3) + 0.243*abs(X1) * max(0,X3-0.726) - 0.241*abs(X1) * abs(X3) + 0.226*X1 + 0.211*abs(X2) * max(0,-0.823-X3) - 0.170*X1 * max(0,0.339-X3) - 0.167*max(0,0.339-X3) * X0 + 0.166*X2 * X0 - 0.165*max(0,-0.436-X3) * abs(X3) + 0.162*abs(X1) * max(0,X3-0.339) + 0.159*abs(X1) * max(0,0.339-X3) + 0.148*X1 * max(0,X3-1.11) - 0.145*abs(X0) - 0.144*max(0,0.339-X3) * abs(X3) + 0.141*max(0,X3-0.339) - 0.129*abs(X1) * X0 + 0.128*X1 * max(0,-0.436-X3) - 0.120*abs(X0) * max(0,-0.436-X3) + 0.109*abs(X0) * max(0,X3-0.339) + 0.0758*X0 * max(0,X3-1.11) + 0.0630*max(0,-0.823-X3) - 0.0534*max(0,X3-0.726) * X0 + 0.0478*max(0,0.339-X3) * max(0,-0.823-X3) - 0.0476*abs(X0) * X0 + 0.0416*abs(X1) * X1 + 0.0407*abs(X0) * max(0,X3-0.726) + 0.0358*abs(X0) * max(0,0.339-X3) + 0.0340*max(0,X3-0.726) * abs(X3) - 0.0293*abs(X2) - 0.0253*abs(X0) * abs(X3) + 0.0209*abs(X1) + 0.0170*max(0,X3-1.11) + 0.0160*max(0,-0.439-X0) + 0.00596*max(0,-0.436-X3) * max(0,-0.823-X3) - 0.00555*abs(X2) * abs(X3) + 0.00500*abs(X0) * X1 + 0.00174*max(0,-0.169-X0) + 0.000938*max(0,X3-1.11) * abs(X3) + 0.000172*max(0,0.101-X0) + 0.000164*max(0,-0.492-X2) + 4.59e-6*max(0,0.372-X0) + 3.09e-6*max(0,-0.224-X2) + 3.42e-7*max(0,0.0447-X2) - 1.67e-7*max(0,X0-0.101) + 4.11e-8*max(0,0.313-X2) + 1.30e-9*max(0,0.581-X2) - 1.04e-9*max(0,X0-0.372) - 7.88e-10*max(0,X0+0.439) - 1.47e-10*X2**2 - 1.14e-10*X0**2 - 4.04e-11*max(0,X2-0.0447) + 5.86e-14*max(0,0.913-X0)"
ffx,503_wind,ok,-3.470444,12.514324,2265,33.53,,"-0.406 + 133*max(0,-0.424-X2) * max(0,X3-2.30) - 86.9*max(0,-0.424-X2) * max(0,X12-2.20) - 85.2*max(0,-0.424-X2) * max(0,X8-2.54) - 29.3*max(0,-0.424-X2) * max(0,X3-1.70) + 20.2*max(0,-0.424-X2) * max(0,X5-1.94) - 14.1*max(0,-0.424-X2) * max(0,X9-1.72) - 11.3*max(0,X5-2.62) + 10.9*max(0,X8-2.54) * max(0,X3-2.30) - 10.2*max(0,X6-1.98) + 8.75*max(0,X7-2.61) * max(0,X13-1.63) + 8.75*max(0,X9-1.72) + 8.12*max(0,X5-1.94) * max(0,X6-2.68) - 6.75*max(0,-0.424-X2) * max(0,-0.780-X1) - 6.64*max(0,-0.424-X2) * max(0,X13-2.24) - 6.17*max(0,X5-1.25) * max(0,X2-1.45) - 5.94*max(0,X10-0.168) * max(0,-0.780-X1) - 5.90*max(0,X9-1.10) - 5.38*max(0,X2-1.45) * max(0,X10-0.168) - 4.95*max(0,X12-1.56) - 4.80*max(0,X5-1.94) + 4.75*max(0,X3-1.70) - 4.75*max(0,-0.780-X1) * max(0,X3-1.70) + 4.38*max(0,X7-2.61) * max(0,X8-2.54) + 4.21*max(0,-0.780-X1) * abs(X2) + 4.03*max(0,X7-2.61) + 3.96*max(0,X3-1.10) - 3.94*abs(X3) * max(0,X3-2.30) + 3.81*max(0,X5-1.94) * max(0,X13-1.63) + 3.72*max(0,-1.26-X11) + 3.66*max(0,X2-1.45) * abs(X10) - 3.45*max(0,-0.733-X9) + 3.42*max(0,X5-1.25) * abs(X2) - 3.37*max(0,X2-0.0453) * max(0,X3-2.30) + 3.22*max(0,X8-1.15) + 3.12*max(0,X8-0.463) - 3.10*abs(X3) * max(0,X5-2.62) - 2.94*max(0,X9-1.72) * max(0,X12-2.20) + 2.94*max(0,X13-1.63) * max(0,X3-2.30) + 2.93*max(0,-0.0981-X3) - 2.92*max(0,X11-1.88) * max(0,X12-2.20) - 2.87*abs(X3) * max(0,X2-1.45) + 2.82*max(0,-0.892-X2) - 2.82*max(0,X12-2.20) - 2.81*max(0,X5-1.25) * max(0,X3-1.70) - 2.68*max(0,X2-0.0453) * max(0,-0.780-X1) - 2.67*max(0,-1.04-X12) + 2.41*max(0,X11-1.09) - 2.36*abs(X3) + 2.20*max(0,X10-0.168) * max(0,X3-2.30) - 2.19*max(0,X11-1.88) * max(0,X3-2.30) + 2.16*max(0,-0.780-X1) * max(0,X6-2.68) + 2.07*max(0,X6-2.68) + 2.06*max(0,X6-1.28) - 1.97*max(0,-0.366-X1) - 1.93*abs(X3) * max(0,X12-2.20) - 1.92*max(0,X4-1.04) + 1.90*max(0,-0.424-X2) * max(0,X4-2.33) + 1.88*max(0,-0.698-X3) + 1.87*max(0,X4-0.404) + 1.79*max(0,-0.919-X8) + 1.78*max(0,X10-0.168) * max(0,X9-1.72) + 1.75*max(0,X5-1.25) * max(0,X6-2.68) - 1.73*abs(X2) * max(0,X12-2.20) - 1.72*max(0,X13-1.02) + 1.72*max(0,X6-0.577) - 1.71*max(0,X5-0.563) - 1.71*max(0,X5-1.25) * max(0,X12-2.20) + 1.69*max(0,X11-1.88) + 1.66*max(0,X2-0.983) + 1.64*abs(X2) * max(0,X13-1.63) - 1.59*X8**2 + 1.58*max(0,-0.424-X2) * abs(X10) + 1.57*max(0,X5-1.25) * max(0,X2-0.0453) - 1.50*max(0,X4-2.33) * max(0,X12-2.20) + 1.49*max(0,-0.228-X7) + 1.48*X9**2 + 1.47*abs(X2) - 1.41*max(0,X8-1.85) * max(0,X12-2.20) + 1.40*max(0,-0.477-X11) - 1.38*max(0,-0.780-X1) * max(0,X9-2.33) + 1.38*abs(X3) * abs(X2) - 1.35*max(0,-0.424-X2) * abs(X2) + 1.34*abs(X10) * max(0,X9-1.72) - 1.32*max(0,-0.424-X2) * abs(X3) + 1.31*max(0,X3+0.0981) + 1.30*max(0,-0.501-X10) + 1.30*abs(X3) * max(0,X5-1.25) + 1.25*max(0,-0.228-X8) - 1.25*max(0,-0.780-X1) * max(0,X12-2.20) - 1.22*abs(X10) + 1.20*X2 * max(0,X6-2.68) - 1.20*X11**2 - 1.20*max(0,X2-0.0453) * max(0,X12-2.20) - 1.19*max(0,-0.123-X6) - 1.18*max(0,-0.939-X7) + 1.17*max(0,-0.811-X5) + 1.17*abs(X3) * max(0,-0.780-X1) - 1.17*abs(X3) * max(0,X10-0.168) - 1.12*max(0,-0.424-X2) * max(0,X13-1.63) + 1.11*max(0,0.463-X8) + 1.08*max(0,-0.237-X4) - 1.07*max(0,-0.424-X2) - 1.06*max(0,X3-1.70) * max(0,X12-2.20) + 1.04*abs(X3) * max(0,X3-1.70) - 1.01*max(0,X4-2.33) * X2 + 1.01*max(0,X13-1.63) + 1.01*max(0,-0.780-X1) * abs(X10) + 0.944*max(0,X10-0.168) - 0.918*max(0,X5-1.94) * max(0,X12-2.20) - 0.913*X3**2 - 0.894*max(0,0.0453-X2) - 0.888*X2 * max(0,X9-1.72) + 0.868*abs(X1) - 0.860*max(0,X1-0.877) + 0.858*max(0,X10-0.168) * max(0,X6-2.68) - 0.857*X2 * max(0,X2-1.45) + 0.854*X12**2 + 0.831*abs(X3) * abs(X10) + 0.825*max(0,X5-1.25) * X2 + 0.814*max(0,X4-1.69) - 0.777*max(0,X12-0.259) - 0.763*max(0,X2-0.0453) * abs(X10) - 0.761*max(0,-0.424-X2) * max(0,X5-1.25) - 0.757*max(0,-0.780-X1) * max(0,X8-1.85) - 0.752*X2 * max(0,-0.780-X1) - 0.745*abs(X4) + 0.741*max(0,X10-1.51) - 0.718*max(0,-0.793-X13) + 0.694*max(0,X8-2.54) * max(0,X12-2.20) + 0.693*max(0,X9-1.72) * max(0,X6-2.68) + 0.681*max(0,X5-1.25) * abs(X10) - 0.661*max(0,X11-1.88) * max(0,X5-1.94) + 0.641*X2 * abs(X10) - 0.638*max(0,X7-0.483) + 0.629*max(0,-0.878-X4) - 0.622*abs(X9) - 0.616*abs(X10) * abs(X2) - 0.613*abs(X3) * max(0,X2-0.0453) + 0.589*max(0,X10-0.168) * abs(X10) - 0.586*max(0,0.259-X12) - 0.571*max(0,X10-0.837) - 0.557*max(0,1.15-X8) + 0.537*max(0,X10-0.168) * max(0,X13-1.63) + 0.530*max(0,-0.780-X1) + 0.486*max(0,X8+0.228) + 0.474*max(0,X5-1.25) + 0.468*abs(X6) - 0.468*max(0,0.502-X3) - 0.462*max(0,X5-1.94) * max(0,X9-1.72) + 0.448*abs(X10) * max(0,X3-1.70) + 0.444*X3 - 0.440*max(0,X2-1.45) * max(0,X2-0.0453) - 0.439*max(0,X7-1.19) + 0.432*max(0,X11+0.477) - 0.425*max(0,X2-0.514) - 0.394*max(0,X5-1.25) * max(0,-0.780-X1) + 0.375*max(0,X13-2.24) * max(0,X3-2.30) - 0.370*max(0,X2-0.0453) * abs(X2) - 0.368*max(0,X7-1.90) + 0.356*max(0,0.308-X11) - 0.355*max(0,X11-1.88) * max(0,X5-1.25) + 0.354*max(0,0.983-X2) - 0.350*max(0,X4-2.33) * max(0,X3-2.30) - 0.347*max(0,-0.424-X2) * max(0,X8-1.85) + 0.339*max(0,-1.17-X10) - 0.336*max(0,X2-0.0453) * max(0,X5-1.94) + 0.335*X2 * max(0,X10-0.168) + 0.327*max(0,X11-0.308) - 0.323*max(0,-0.124-X5) - 0.317*max(0,-0.780-X1) * max(0,X8-2.54) - 0.311*max(0,X2-0.0453) - 0.296*abs(X10) * max(0,X12-2.20) - 0.284*max(0,X2-0.0453) * max(0,X8-1.85) - 0.284*max(0,X3-0.502) - 0.272*X4**2 - 0.268*max(0,1.63-X13) + 0.265*max(0,0.577-X6) - 0.254*max(0,0.483-X7) + 0.254*max(0,-0.424-X2) * max(0,X10-0.168) + 0.250*max(0,1.69-X4) + 0.231*max(0,1.98-X6) - 0.230*X7**2 - 0.215*max(0,-0.824-X6) + 0.210*max(0,X13-2.24) * max(0,X8-2.54) - 0.207*max(0,X1+0.366) - 0.205*max(0,1.10-X9) + 0.193*max(0,X13-0.419) - 0.192*max(0,X2-1.45) * max(0,-0.780-X1) - 0.192*max(0,X2-0.0453) * max(0,X9-1.72) + 0.180*max(0,-0.187-X13) + 0.170*abs(X10) * max(0,X13-1.63) + 0.153*max(0,2.33-X9) - 0.150*abs(X3) * max(0,X9-2.33) + 0.144*max(0,1.45-X2) + 0.143*max(0,X7+0.228) + 0.135*X10 - 0.128*max(0,1.19-X7) - 0.128*max(0,X5-1.25) * max(0,X9-2.33) - 0.117*max(0,0.837-X10) - 0.110*max(0,X6+0.123) - 0.109*max(0,X2-1.45) * abs(X2) - 0.108*max(0,X11-1.88) * max(0,X9-1.72) - 0.102*X2**2 + 0.0927*max(0,0.419-X13) - 0.0920*abs(X3) * max(0,X8-1.85) - 0.0879*max(0,X11-1.88) * max(0,X7-2.61) + 0.0855*max(0,2.68-X6) + 0.0853*max(0,X8+0.919) - 0.0838*abs(X3) * X2 + 0.0796*max(0,1.28-X6) - 0.0771*max(0,2.61-X7) + 0.0661*max(0,-0.424-X2) * X2 - 0.0652*max(0,X9-0.491) - 0.0652*max(0,X5+0.124) - 0.0651*abs(X11) - 0.0644*max(0,-0.389-X12) - 0.0617*max(0,1.90-X7) + 0.0612*abs(X3) * max(0,X6-2.68) - 0.0581*max(0,X4-2.33) * max(0,X2-0.0453) - 0.0563*X2 * max(0,X3-2.30) - 0.0494*abs(X8) - 0.0480*abs(X12) + 0.0470*max(0,0.491-X9) - 0.0461*max(0,2.66-X11) - 0.0419*max(0,X12+1.04) - 0.0419*max(0,0.908-X12) - 0.0354*max(0,X2-0.0453) * max(0,X9-2.33) + 0.0295*max(0,X5+0.811) - 0.0276*max(0,-0.121-X9) + 0.0256*max(0,0.0483-X1) - 0.0236*max(0,X9-2.33) - 0.0226*max(0,1.94-X5) - 0.0182*X2 * max(0,X2-0.0453) - 0.0176*max(0,X2+0.424) - 0.0140*X13**2 - 0.0140*max(0,X6+0.824) - 0.0139*max(0,-0.424-X2) * max(0,X10-2.18) - 0.00997*max(0,1.85-X8) + 0.00983*max(0,X11+1.26) - 0.00863*X6**2 - 0.00793*abs(X5) - 0.00463*max(0,X11-1.88) * max(0,X8-1.85) - 0.00357*abs(X13) + 0.00268*max(0,1.72-X9) - 0.00209*max(0,X4+0.878) - 0.00209*max(0,X9-1.72) * max(0,X3-2.30) - 0.00126*max(0,1.10-X3) + 0.00123*max(0,0.168-X10) - 0.00111*max(0,X11-1.88) * X2 - 0.00107*max(0,2.30-X3) - 0.000864*max(0,1.56-X12) - 0.000562*abs(X10) * max(0,X9-2.33) + 0.000329*max(0,X13-1.63) * max(0,X8-2.54) - 0.000280*X2 * max(0,X5-1.94) - 0.000134*max(0,X9+0.733) - 6.32e-5*max(0,1.09-X11) - 2.41e-5*max(0,0.563-X5) + 1.23e-6*max(0,X10-0.168) * max(0,X3-1.70)"
ffx,505_tecator,ok,0.995138,0.879841,328,42.92,,"0.128 - 0.769*X122 + 0.510*max(0,0.772-X122) * max(0,X104-2.21) - 0.122*max(0,X123+1.07) + 0.0977*max(0,X105-0.971) * max(0,-0.229-X122) + 0.0929*max(0,1.77-X112) * max(0,X104-2.21) - 0.0830*X103 * max(0,-0.979-X111) + 0.0737*max(0,0.772-X122) - 0.0505*max(0,X123-0.838) + 0.0466*max(0,-0.229-X122) - 0.0462*max(0,X103-1.24) - 0.0446*X103 - 0.0409*max(0,-0.979-X111) + 0.0389*max(0,-1.32-X103) - 0.0351*max(0,X108+0.840) + 0.0322*max(0,X104-1.44) - 0.0271*max(0,0.263-X111) - 0.0201*max(0,X105-0.971) * max(0,-0.979-X111) - 0.0176*max(0,1.50-X111) - 0.0154*max(0,X103+0.0429) - 0.0153*max(0,X115-1.12) + 0.0138*max(0,1.77-X112) * max(0,2.01-X108) + 0.0129*max(0,X106+0.348) - 0.0119*max(0,1.77-X112) * max(0,X123-0.838) - 0.0117*max(0,2.04-X107) + 0.00979*max(0,1.77-X112) * max(0,X105-0.971) - 0.00900*max(0,X111-1.50) + 0.00877*max(0,-1.39-X102) * max(0,-0.229-X122) - 0.00746*max(0,1.69-X109) - 0.00528*max(0,1.77-X112) * max(0,-0.979-X111) + 0.00339*max(0,0.271-X122) - 0.00310*max(0,0.506-X106) - 0.00182*max(0,0.772-X122) * X103 + 0.000303*max(0,0.798-X102)"
ffx,519_vinnie,ok,0.744745,1.412507,280,4.3,,"-0.715 + 13.3*max(0,X1-1.92) - 8.87*max(0,X1-1.26) * max(0,X1-1.92) - 6.45*max(0,X1-0.606) - 6.02*max(0,X1-1.26) + 5.28*X1 * max(0,X1-1.92) - 4.76*max(0,X1+0.711) * max(0,X1-1.92) - 4.39*max(0,-0.711-X1) + 2.92*max(0,-1.37-X1) * X1 + 2.75*max(0,X1-0.606) * X1 + 1.67*max(0,-1.37-X1) - 1.42*max(0,X1-0.606) * max(0,X1-1.92) + 1.36*max(0,-1.37-X1) * max(0,-0.711-X1) + 1.33*max(0,X1+0.711) * max(0,X1-0.606) + 1.21*max(0,-0.0524-X1) * max(0,-0.711-X1) - 1.20*max(0,-0.711-X1) * X1 - 1.20*max(0,X1+0.711) * max(0,X1-1.26) + 1.18*X1**2 - 0.892*max(0,-1.37-X1) * max(0,-0.0524-X1) + 0.759*max(0,X1+0.711) + 0.720*max(0,-0.0524-X1) * X1 - 0.620*max(0,X1+0.711) * max(0,-0.0524-X1) - 0.423*max(0,X1+0.711) * X1 - 0.343*max(0,-0.0524-X1) + 0.313*X1 + 0.269*max(0,X1-0.606) * max(0,X1-1.26) + 0.161*max(0,1.26-X1) - 0.108*X1 * max(0,X1-1.26) + 0.0762*max(0,-0.382-X0) - 0.0178*X0**2 + 0.00692*max(0,0.824-X0) - 0.00216*X0"
ffx,522_pm10,ok,-35.888411,4.870812,2265,16.94,,"2.28 - 354*max(0,X6-1.12) * max(0,X2-2.12) + 235*max(0,X6-0.740) * max(0,X2-2.12) + 79.1*max(0,X6-1.12) * max(0,X4-1.85) - 45.7*max(0,X4-1.85) * max(0,X6-0.740) - 43.3*max(0,-0.794-X4) * max(0,-1.86-X0) + 41.9*max(0,X6-1.12) * max(0,-1.86-X0) + 32.4*max(0,X2-0.0995) * max(0,X6-1.12) - 31.3*max(0,X3-0.0192) * max(0,X2-2.12) - 28.0*max(0,X4-0.792) * max(0,X6-1.12) - 28.0*max(0,0.0192-X3) * max(0,X2-2.12) - 27.5*max(0,X4-1.85) * max(0,X0+0.0551) + 27.1*abs(X3) * max(0,X2-2.12) - 25.2*max(0,X6-1.12) * max(0,X6-0.740) + 22.7*max(0,X4-0.792) * max(0,X6-0.740) + 21.6*abs(X5) * max(0,X6-1.12) - 13.8*max(0,-1.26-X0) * max(0,0.0192-X3) - 12.7*max(0,X2-0.0995) * max(0,-1.86-X0) - 12.6*max(0,-0.794-X4) - 12.2*abs(X2) * max(0,X6-1.12) - 11.8*max(0,X2-0.0995) * max(0,X6-0.740) - 11.3*max(0,X6-1.12) * max(0,X0+0.0551) - 10.7*max(0,X4-0.792) * max(0,X0+0.0551) - 10.4*abs(X2) * max(0,-0.794-X4) + 10.3*abs(X3) * max(0,X2-2.79) - 9.85*max(0,X4-1.85) * max(0,X3-0.0192) + 9.75*max(0,X2-0.0995) * max(0,-0.794-X4) + 9.42*max(0,X6-1.12) * max(0,0.0192-X3) - 9.13*max(0,X6-1.12) * abs(X0) + 9.11*max(0,X4-1.85) + 9.10*max(0,0.0995-X2) * max(0,X6-1.12) + 8.64*max(0,X2-0.0995) * max(0,-1.26-X0) + 8.55*abs(X5) * max(0,X4-1.85) - 8.30*abs(X5) * max(0,X2-2.12) - 8.21*max(0,-1.26-X0) * max(0,X6-0.740) - 7.78*max(0,-0.0551-X0) * max(0,X4-1.85) - 7.77*max(0,-1.26-X0) * max(0,X6-1.12) + 7.65*abs(X0) * max(0,X2-2.79) + 7.32*max(0,X6-0.740) * max(0,X0+0.0551) + 7.32*max(0,-0.794-X4) * max(0,0.0995-X2) + 7.18*abs(X4) * max(0,X0+0.0551) - 6.48*max(0,X6-1.12) * max(0,X3-0.0192) - 6.41*abs(X4) * max(0,X6-0.740) - 6.15*max(0,-0.766-X6) - 6.10*max(0,0.0995-X2) * max(0,X6-0.740) + 6.09*max(0,-0.0551-X0) * max(0,X6-0.740) - 6.02*max(0,X2-2.12) * max(0,X0+0.0551) - 5.82*abs(X6) + 5.67*max(0,X2-2.79) + 5.64*max(0,-0.794-X4) * max(0,-1.26-X0) + 5.64*max(0,0.0192-X3) - 5.57*abs(X2) * max(0,-1.86-X0) + 5.43*max(0,-0.794-X4) * max(0,X6-0.740) - 5.37*abs(X3) * max(0,-1.86-X0) - 5.36*max(0,0.0192-X3) * max(0,X6-0.740) - 5.22*abs(X5) * max(0,X6-0.740) + 5.21*max(0,X6-1.12) - 5.17*abs(X4) * max(0,X6-1.12) - 5.08*max(0,-1.86-X0) * max(0,X3-0.0192) + 4.94*X6**2 + 4.89*max(0,-1.09-X1) + 4.87*max(0,-2.84-X3) + 4.76*max(0,-0.794-X4) * max(0,0.0192-X3) + 4.68*abs(X4) * max(0,X4-1.85) - 4.60*max(0,-0.794-X4) * max(0,X3-0.0192) + 4.49*max(0,-0.0551-X0) * max(0,0.0192-X3) + 4.47*max(0,-0.0551-X0) * max(0,-0.794-X4) + 4.41*max(0,-0.265-X4) + 4.33*max(0,X6-0.740) + 4.31*max(0,X2-0.0995) * max(0,X4-0.792) + 4.05*max(0,X1-1.97) + 3.98*max(0,X1-0.440) + 3.95*max(0,-1.26-X0) * max(0,X3-0.0192) - 3.87*abs(X5) + 3.86*abs(X4) * max(0,-0.794-X4) + 3.77*abs(X2) * max(0,X6-0.740) + 3.67*max(0,-0.223-X5) + 3.45*abs(X2) * max(0,X4-1.85) - 3.42*max(0,X4-0.792) * max(0,X4-1.85) - 3.42*max(0,X4-0.792) * max(0,0.0192-X3) + 3.38*max(0,X2-0.0995) * max(0,X0+0.0551) + 3.33*max(0,-1.26-X0) - 3.33*max(0,X2-0.0995) * max(0,0.0192-X3) + 3.27*abs(X2) * max(0,-1.26-X0) + 3.18*abs(X0) * max(0,0.0192-X3) - 3.18*max(0,X2-0.0995) * max(0,X3-0.0192) + 3.09*max(0,X5-0.257) - 2.97*max(0,X4-0.792) * max(0,X3-0.0192) - 2.89*abs(X0) * max(0,X0+0.0551) + 2.74*abs(X3) * max(0,-1.26-X0) + 2.74*abs(X5) * max(0,X0+0.0551) + 2.67*abs(X2) * max(0,-0.0551-X0) - 2.66*max(0,X2-0.0995) * abs(X3) + 2.62*max(0,X5-1.22) + 2.55*max(0,-1.86-X1) + 2.49*max(0,-2.46-X0) + 2.46*max(0,X4-0.792) * max(0,-1.86-X0) + 2.39*max(0,X4-1.32) - 2.36*max(0,X0+0.656) + 2.36*max(0,0.0995-X2) * max(0,X4-0.792) - 2.35*abs(X5) * max(0,X4-0.792) - 2.33*abs(X4) * abs(X0) - 2.27*max(0,-0.794-X4) * abs(X3) + 2.18*abs(X5) * max(0,-1.26-X0) - 2.15*abs(X4) * max(0,X2-2.12) - 2.14*max(0,-0.794-X4) * max(0,X0+0.0551) + 2.09*max(0,X0-0.546) - 2.01*abs(X4) * max(0,X2-2.79) + 1.98*max(0,X2-0.0995) - 1.97*max(0,X2-0.0995) * abs(X0) + 1.94*max(0,X4-0.792) - 1.93*abs(X3) * max(0,0.0995-X2) + 1.92*max(0,-0.0551-X0) - 1.90*abs(X2) * abs(X0) - 1.86*max(0,X0+0.0551) * max(0,X2-2.79) + 1.84*max(0,X5+0.223) + 1.83*abs(X2) * max(0,0.0192-X3) - 1.83*max(0,X3-1.92) - 1.81*max(0,-1.88-X3) - 1.73*max(0,X2-0.0995) * max(0,X2-2.12) + 1.72*abs(X5) * max(0,-1.86-X0) + 1.72*abs(X3) * max(0,X6-1.12) + 1.66*abs(X2) * max(0,X3-0.0192) - 1.66*max(0,-1.86-X0) - 1.66*abs(X0) * max(0,X3-0.0192) - 1.66*max(0,X3-0.971) - 1.64*max(0,-0.574-X2) - 1.60*abs(X4) * abs(X2) - 1.57*max(0,-0.656-X0) + 1.56*abs(X4) * max(0,-1.86-X0) + 1.54*max(0,X4-1.85) * max(0,0.0192-X3) + 1.54*max(0,0.0995-X2) * max(0,X0+0.0551) + 1.54*abs(X2) * max(0,X0+0.0551) - 1.53*max(0,-0.0551-X0) * max(0,-1.86-X0) + 1.50*max(0,-0.389-X6) - 1.49*max(0,-1.26-X0) * max(0,X4-1.85) - 1.46*X1**2 - 1.44*max(0,X2-1.45) - 1.42*max(0,X4-1.85) * abs(X0) - 1.38*max(0,0.971-X3) + 1.37*max(0,X3-0.0192) * max(0,X0+0.0551) + 1.35*max(0,0.0995-X2) * max(0,X3-0.0192) - 1.34*max(0,-1.18-X5) - 1.29*max(0,-0.703-X5) + 1.26*max(0,-0.794-X4) * abs(X0) - 1.26*abs(X4) * max(0,0.0995-X2) - 1.23*abs(X5) * abs(X3) + 1.21*max(0,-0.0551-X0) * max(0,X3-0.0192) + 1.20*max(0,0.0995-X2) - 1.20*max(0,-0.794-X4) * max(0,X6-1.12) - 1.19*max(0,X5+0.703) + 1.17*max(0,0.440-X1) - 1.16*abs(X5) * abs(X0) - 1.07*max(0,0.0995-X2) * max(0,0.0192-X3) - 1.04*abs(X0) + 1.03*max(0,-0.0551-X0) * abs(X3) - 1.01*max(0,X4-0.263) - 1.01*abs(X5) * max(0,0.0995-X2) - 0.952*X5 + 0.903*abs(X3) * max(0,X3-0.0192) - 0.902*abs(X5) * max(0,0.0192-X3) + 0.902*abs(X4) + 0.889*max(0,X1-1.21) + 0.865*abs(X2) * max(0,X4-0.792) - 0.843*max(0,X5-0.737) - 0.835*max(0,0.737-X5) + 0.826*abs(X5) * max(0,-0.0551-X0) + 0.809*max(0,X1+0.327) + 0.786*max(0,-0.0551-X0) * max(0,X6-1.12) - 0.777*max(0,X2-0.0995) * max(0,-0.0551-X0) - 0.772*max(0,0.0995-X2) * max(0,X4-1.85) + 0.754*max(0,X4+0.265) + 0.747*X4 - 0.742*abs(X3) * abs(X0) - 0.734*max(0,X6+0.766) + 0.733*abs(X4) * max(0,X3-0.0192) + 0.726*X2**2 + 0.701*abs(X4) * max(0,-1.26-X0) + 0.669*X4**2 + 0.655*abs(X5) * max(0,-0.794-X4) + 0.628*X5**2 + 0.626*X6 + 0.598*abs(X3) * max(0,X6-0.740) - 0.566*max(0,X4+0.794) - 0.565*max(0,X1+1.09) - 0.564*max(0,X4-0.792) * max(0,-1.26-X0) + 0.548*max(0,2.79-X2) - 0.547*abs(X4) * max(0,0.0192-X3) + 0.539*X0 + 0.532*abs(X2) * abs(X3) - 0.521*max(0,0.0995-X2) * max(0,-1.86-X0) + 0.507*X1 - 0.504*max(0,X0+1.26) + 0.485*max(0,X0+2.46) + 0.477*max(0,X3-0.0192) * max(0,X6-0.740) - 0.475*max(0,1.22-X5) - 0.466*abs(X2) - 0.463*abs(X1) - 0.443*max(0,1.85-X4) - 0.442*max(0,0.263-X4) + 0.438*max(0,X3+2.84) - 0.429*X3**2 - 0.411*max(0,0.0192-X3) * max(0,X0+0.0551) + 0.404*max(0,-0.932-X3) + 0.399*abs(X5) * max(0,X2-2.79) + 0.361*abs(X4) * max(0,X4-0.792) + 0.358*max(0,1.12-X6) - 0.356*max(0,-0.0551-X0) * max(0,0.0995-X2) + 0.340*abs(X5) * max(0,X3-0.0192) + 0.329*max(0,X2-0.772) - 0.318*max(0,X4-0.792) * abs(X0) + 0.315*abs(X2) * max(0,X2-0.0995) + 0.315*max(0,0.257-X5) - 0.298*max(0,0.546-X0) + 0.266*max(0,X2-0.0995) * max(0,X2-2.79) + 0.262*max(0,X6-0.364) - 0.259*max(0,X0+1.86) + 0.255*max(0,-0.327-X1) + 0.240*max(0,X2-2.12) - 0.238*max(0,X1+1.86) - 0.220*max(0,-1.26-X0) * abs(X0) - 0.216*abs(X3) * max(0,0.0192-X3) - 0.215*abs(X0) * max(0,X2-2.12) + 0.201*max(0,-0.0551-X0) * abs(X0) - 0.192*X2 - 0.189*max(0,0.0995-X2) * max(0,-1.26-X0) - 0.168*max(0,X2+0.574) + 0.153*abs(X4) * abs(X3) - 0.146*abs(X3) * max(0,X4-0.792) + 0.132*abs(X3) * max(0,X0+0.0551) - 0.105*max(0,-0.0551-X0) * max(0,-1.26-X0) - 0.0950*abs(X3) + 0.0888*max(0,X3-0.0192) - 0.0863*max(0,X0+0.0551) + 0.0823*max(0,1.92-X3) - 0.0611*max(0,X6+0.389) - 0.0582*max(0,-0.0129-X6) + 0.0463*max(0,1.45-X2) - 0.0455*max(0,-1.86-X0) * abs(X0) + 0.0404*max(0,1.97-X1) - 0.0370*max(0,X3+0.932) - 0.0258*max(0,X2-2.12) * max(0,X2-2.79) + 0.0236*abs(X2) * max(0,0.0995-X2) + 0.0191*max(0,2.12-X2) - 0.0122*max(0,X3+1.88) - 0.00835*abs(X0) * max(0,X6-0.740) + 0.00693*max(0,-0.0551-X0) * max(0,X4-0.792) - 0.00180*max(0,0.364-X6) + 0.000935*max(0,0.772-X2) - 0.000424*abs(X2) * max(0,X2-2.12) + 1.26e-5*max(0,X6+0.0129)"
ffx,523_analcatdata_neavote,ok,0.949013,0.836433,91,5.24,,"-1.29 + 3.65*max(0,-0.745-X0) - 0.810*X0 + 0.491*max(0,X0+0.203) + 0.270*max(0,X0+0.474) + 0.228*max(0,X0-0.0677) + 0.0844*max(0,X0+0.745) + 0.0495*max(0,-0.474-X0) - 0.0338*max(0,-4.52-X1) + 0.0320*max(0,0.0677-X0) - 0.0256*max(0,X1+2.12) + 0.00760*max(0,X0-0.339) - 0.000508*max(0,-3.72-X1) - 0.000431*max(0,X1+1.32) - 0.000426*max(0,X1+2.92) + 0.000402*max(0,-0.203-X0) + 0.000172*max(0,X0-0.610) - 6.45e-6*max(0,X1+0.520) - 4.33e-6*max(0,-2.92-X1)"
ffx,527_analcatdata_election2000,ok,0.935744,28633.259134,125,6.65,,"0.581 + 1.06*max(0,X9-3.39) + 0.358*X9 + 0.254*X10 - 0.146*max(0,1.25-X8) + 0.115*max(0,X10-3.37) - 0.111*max(0,0.448-X2) + 0.0966*abs(X9) - 0.0878*max(0,2.66-X2) - 0.0736*max(0,0.502-X10) - 0.0731*max(0,1.84-X4) + 0.0682*max(0,1.47-X11) + 0.0514*max(0,X9-0.245) - 0.0472*max(0,0.333-X7) - 0.0414*max(0,0.874-X9) - 0.0380*abs(X11) + 0.0355*X1 + 0.0295*abs(X1)"
ffx,529_pollen,ok,0.284429,2.335466,1013,9.53,,"1.93 - 58.8*max(0,X1-0.177) * max(0,X0-2.19) - 52.8*max(0,-1.09-X3) * max(0,X2-1.33) + 23.7*abs(X1) * max(0,X0-2.19) + 12.4*max(0,-1.09-X3) * max(0,X2-0.685) + 6.76*max(0,-1.81-X0) + 5.32*max(0,X1-0.837) + 5.09*max(0,X1-2.16) + 4.93*max(0,X3-1.07) * max(0,X2-1.33) + 4.56*max(0,X3-1.07) + 3.85*max(0,X0+0.213) * max(0,X2-1.33) + 3.85*X0 * max(0,X2-1.33) - 3.84*X3 * max(0,-1.09-X3) + 3.52*max(0,X1-0.177) + 3.11*max(0,X1-1.50) + 3.09*X3 * max(0,-1.81-X0) + 3.07*X3 * max(0,X2-1.33) - 2.93*max(0,X2-0.685) * max(0,X2-1.33) - 2.89*max(0,X0-2.19) - 2.76*max(0,X1-0.177) * max(0,-1.81-X0) + 2.74*max(0,-1.09-X3) * max(0,X0-2.19) + 2.72*max(0,X0-1.39) + 2.70*max(0,X1-0.177) * max(0,-1.01-X0) + 2.68*max(0,X2-1.33) - 2.44*X3**2 - 2.43*abs(X1) * max(0,X1-0.177) - 2.41*max(0,-1.01-X0) + 2.19*max(0,X3-0.348) - 2.08*max(0,X1-0.177) * max(0,-0.213-X0) + 2.08*max(0,-1.09-X3) + 2.08*max(0,-0.372-X3) - 2.01*max(0,-1.81-X0) * max(0,-0.213-X0) - 1.90*max(0,X0+0.213) * max(0,X1-0.177) + 1.53*max(0,X0+0.213) * max(0,X0-2.19) + 1.51*abs(X1) * max(0,X2-1.33) - 1.49*max(0,X0+0.213) * X0 - 1.49*X0 * max(0,-1.09-X3) + 1.44*max(0,-1.14-X1) + 1.41*X0 * max(0,-1.81-X0) - 1.41*abs(X1) * max(0,-0.213-X0) + 1.41*max(0,X1-0.177) * abs(X0) + 1.32*max(0,X2-0.685) * max(0,-1.01-X0) - 1.32*max(0,-1.81-X3) + 1.28*max(0,X2-1.33) * max(0,-0.213-X0) - 1.28*X3 * max(0,-0.213-X0) - 1.24*max(0,X3-1.07) * max(0,X2-0.685) - 1.19*max(0,-1.01-X0) * max(0,X2-1.33) - 1.16*max(0,X3-1.79) + 1.11*max(0,X0-0.588) - 1.08*max(0,X3-1.07) * max(0,-1.01-X0) - 1.05*abs(X0) * max(0,-1.81-X0) + 1.04*X3 * abs(X0) - 1.00*abs(X0) * max(0,X2-1.33) - 0.993*max(0,X0+0.213) * X3 - 0.963*X0 - 0.932*X1 - 0.894*max(0,X0+0.213) * max(0,-1.09-X3) - 0.843*max(0,X0+0.213) * max(0,X2-0.685) + 0.827*max(0,X1-0.177) * max(0,X2-0.685) + 0.767*X3 * max(0,-1.01-X0) - 0.751*max(0,0.177-X1) + 0.744*abs(X1) * max(0,-1.01-X0) + 0.734*max(0,X3-1.07) * max(0,-1.81-X0) - 0.728*max(0,X2-0.685) - 0.724*max(0,X0+0.213) - 0.723*X1**2 - 0.719*abs(X1) * max(0,-1.81-X0) + 0.705*abs(X1) * abs(X0) + 0.660*max(0,-0.597-X2) - 0.614*max(0,0.588-X0) + 0.585*abs(X0) * max(0,-0.213-X0) + 0.543*X0 * max(0,-0.213-X0) - 0.528*max(0,-1.81-X0) * max(0,-1.01-X0) - 0.516*max(0,-0.213-X0) + 0.501*abs(X0) - 0.496*max(0,X1-0.177) * X3 - 0.491*max(0,X3+0.372) + 0.487*max(0,0.348-X3) - 0.474*X0 * max(0,X0-2.19) - 0.450*max(0,0.685-X2) - 0.447*X0 * X3 - 0.445*max(0,X0+1.81) + 0.428*max(0,0.0439-X2) - 0.405*abs(X1) * X0 + 0.404*X0**2 + 0.400*max(0,-1.01-X0) * max(0,-0.213-X0) - 0.374*max(0,-1.88-X2) + 0.335*max(0,X0+0.213) * abs(X0) + 0.322*max(0,-0.483-X1) + 0.320*max(0,X1-0.177) * max(0,-1.09-X3) - 0.294*abs(X1) * max(0,X2-0.685) - 0.287*abs(X2) + 0.284*abs(X3) + 0.271*max(0,X3-1.07) * max(0,-0.213-X0) - 0.258*max(0,X1-0.177) * max(0,X2-1.33) + 0.244*abs(X1) * max(0,-1.09-X3) - 0.243*abs(X1) * max(0,X0+0.213) - 0.220*X3 * max(0,X0-2.19) - 0.201*abs(X0) * max(0,-1.09-X3) + 0.195*X0 * max(0,X1-0.177) + 0.188*X0 * max(0,X2-0.685) - 0.180*X3 + 0.162*abs(X0) * max(0,X2-0.685) + 0.162*X0 * max(0,-1.01-X0) - 0.161*max(0,2.19-X0) - 0.155*abs(X1) * X3 + 0.111*abs(X0) * max(0,X0-2.19) + 0.105*max(0,X2-0.685) * max(0,-0.213-X0) + 0.105*max(0,1.39-X0) + 0.0820*abs(X1) + 0.0718*max(0,X1+0.483) - 0.0670*X3 * max(0,X2-0.685) + 0.0661*max(0,X2+0.597) + 0.0477*max(0,-1.24-X2) + 0.0468*max(0,2.16-X1) - 0.0451*max(0,0.837-X1) - 0.0136*abs(X0) * max(0,-1.01-X0) + 0.00159*X0 * abs(X0)"
ffx,537_houses,ok,-7.119603,294651.358644,1928,23.77,,"-0.249 - 311*max(0,-2.31-X1) * max(0,X7-1.97) + 159*max(0,-1.09-X1) * max(0,X4-2.90) - 15.3*max(0,X5-2.97) * max(0,-1.09-X1) + 14.2*max(0,-1.70-X1) * max(0,X5-2.04) + 13.5*max(0,-1.70-X1) * max(0,X2-1.92) + 12.9*max(0,X0-3.51) + 10.0*max(0,-2.31-X1) + 9.47*max(0,X7-1.97) * max(0,0.181-X5) - 8.23*max(0,-0.389-X7) * max(0,-2.31-X1) + 7.77*max(0,X5-2.04) * max(0,-1.09-X1) - 7.77*max(0,-2.91-X1) * max(0,0.181-X5) + 6.60*max(0,2.04-X5) * max(0,X5-1.11) - 6.08*max(0,-1.70-X1) * max(0,X5-1.11) + 6.02*max(0,X7-1.97) - 5.87*abs(X7) * max(0,X4-3.73) - 5.54*max(0,X7-1.97) * max(0,0.163-X3) + 4.46*max(0,X2-3.44) + 4.43*max(0,-0.389-X7) * max(0,-2.91-X1) - 4.15*abs(X7) * max(0,X7-1.97) + 4.14*max(0,X1-0.121) - 3.98*max(0,X2-1.92) * max(0,-1.09-X1) + 3.79*max(0,X5-1.11) * abs(X7) - 3.71*max(0,X0-2.77) + 3.68*abs(X7) * max(0,X5-2.04) - 3.63*max(0,-0.978-X7) + 3.55*max(0,-2.91-X1) - 3.42*max(0,-2.31-X1) * abs(X7) - 3.04*max(0,0.181-X5) - 3.02*max(0,X0-1.29) - 2.93*abs(X7) * max(0,X5-2.97) - 2.93*max(0,-1.09-X1) * max(0,0.181-X5) + 2.87*max(0,-1.70-X1) * abs(X7) + 2.83*max(0,-1.09-X1) * max(0,-2.91-X1) + 2.77*max(0,X3-2.03) + 2.63*max(0,2.04-X5) * max(0,X7-1.97) - 2.59*max(0,2.04-X5) * max(0,-2.91-X1) + 2.59*max(0,2.04-X5) * max(0,X2-1.92) - 2.50*abs(X7) * max(0,0.181-X5) - 2.48*max(0,-0.389-X7) + 2.48*max(0,-0.389-X7) * abs(X7) - 2.47*max(0,-0.389-X7) * max(0,0.163-X3) - 2.47*max(0,X5-1.11) + 2.42*max(0,0.163-X3) + 2.37*max(0,-1.70-X1) * max(0,X7-1.97) + 2.34*max(0,X2-1.16) - 2.32*abs(X7) * max(0,X3-3.91) - 2.28*max(0,X2-1.92) * abs(X7) + 2.23*max(0,-2.31-X1) * max(0,-2.91-X1) + 2.23*max(0,-0.389-X7) * max(0,0.181-X5) - 2.22*max(0,-0.608-X6) + 2.20*abs(X7) * max(0,0.163-X3) - 2.14*max(0,X2-1.92) * max(0,X4-3.73) - 2.07*max(0,-0.188-X0) + 2.01*max(0,X7-0.201) - 2.00*max(0,2.04-X5) * max(0,-1.70-X1) + 1.99*abs(X7) * max(0,-2.91-X1) - 1.97*max(0,X2-1.92) - 1.95*max(0,X0-2.03) + 1.95*max(0,X5-2.04) - 1.79*abs(X7) - 1.78*abs(X1) - 1.78*max(0,1.10-X3) + 1.72*max(0,-1.70-X1) * max(0,0.163-X3) + 1.69*abs(X7) * max(0,X4-2.90) + 1.54*max(0,-1.09-X1) * max(0,0.163-X3) + 1.52*max(0,X3-2.97) - 1.50*abs(X3) + 1.49*abs(X5) - 1.49*max(0,X0-0.552) - 1.47*max(0,0.552-X0) + 1.42*max(0,2.04-X5) * max(0,-1.09-X1) + 1.37*X0**2 + 1.34*max(0,X7+0.389) + 1.34*max(0,-2.31-X1) * max(0,-1.09-X1) - 1.27*max(0,X5-2.97) + 1.24*max(0,-1.70-X1) * max(0,-2.91-X1) + 1.22*max(0,X1-0.121) * max(0,0.163-X3) + 1.22*max(0,X3-0.163) - 1.22*max(0,2.04-X5) * max(0,-2.31-X1) + 1.07*max(0,1.16-X2) - 1.04*X5 - 1.03*max(0,-1.70-X1) - 0.999*max(0,X6-0.119) - 0.942*abs(X7) * max(0,-1.09-X1) - 0.927*max(0,-1.70-X1) * max(0,-1.09-X1) + 0.911*max(0,4.83-X5) + 0.851*max(0,2.04-X5) * max(0,-0.389-X7) - 0.788*max(0,-0.485-X1) - 0.778*max(0,X3-3.91) - 0.762*X7**2 + 0.761*max(0,2.97-X5) - 0.752*max(0,X4-3.73) + 0.736*max(0,X2-2.68) + 0.735*max(0,0.790-X7) - 0.701*max(0,X7-1.97) * max(0,-1.09-X1) - 0.691*max(0,2.04-X5) * max(0,X1-0.121) - 0.677*max(0,X1-0.121) * max(0,0.181-X5) - 0.670*max(0,X1+0.485) + 0.661*max(0,X2-1.92) * max(0,X5-2.04) + 0.661*max(0,0.119-X6) + 0.660*max(0,3.90-X5) - 0.659*X0 + 0.646*max(0,0.415-X4) - 0.631*max(0,X7-0.790) - 0.613*max(0,X2-1.92) * max(0,X5-2.97) + 0.592*max(0,1.29-X0) - 0.578*max(0,X1+2.91) + 0.576*max(0,1.38-X7) - 0.562*max(0,2.03-X3) + 0.557*abs(X0) + 0.551*max(0,0.121-X1) - 0.547*max(0,X5-1.11) * max(0,X2-1.92) - 0.546*max(0,-0.356-X2) + 0.538*max(0,X7-1.38) - 0.519*max(0,X5-0.181) - 0.501*X1 + 0.497*max(0,X2-1.92) * max(0,X4-2.90) + 0.489*max(0,-1.70-X1) * max(0,-2.31-X1) + 0.471*max(0,X1+1.09) - 0.465*abs(X4) - 0.455*max(0,2.07-X4) - 0.452*max(0,2.04-X5) + 0.445*max(0,-2.31-X1) * max(0,0.181-X5) + 0.444*max(0,1.24-X4) - 0.441*max(0,-2.31-X1) * max(0,0.163-X3) - 0.439*max(0,1.57-X6) - 0.434*max(0,2.97-X3) - 0.423*max(0,2.90-X4) + 0.419*abs(X6) + 0.414*X6**2 - 0.411*max(0,2.68-X2) + 0.407*abs(X2) - 0.404*max(0,0.846-X6) + 0.398*max(0,X4-2.90) + 0.388*max(0,X4-1.24) + 0.380*max(0,X3-1.10) - 0.373*X3 - 0.354*abs(X5) * max(0,X4-3.73) + 0.350*max(0,-1.09-X1) - 0.346*max(0,1.97-X7) - 0.333*max(0,1.92-X2) - 0.330*max(0,0.403-X2) + 0.321*max(0,-0.414-X4) + 0.319*X3**2 - 0.318*max(0,-1.70-X1) * max(0,0.181-X5) + 0.291*X1**2 + 0.282*max(0,X2+0.356) - 0.278*X5**2 - 0.272*max(0,X5-1.11) * max(0,X4-3.73) - 0.245*max(0,X6-0.846) - 0.240*X6 + 0.233*max(0,-0.389-X7) * max(0,X1-0.121) + 0.225*max(0,-2.91-X1) * max(0,0.163-X3) + 0.224*max(0,-0.389-X7) * max(0,-1.09-X1) - 0.214*X2**2 - 0.205*max(0,X4-0.415) - 0.194*X4 - 0.194*max(0,-1.34-X6) + 0.190*max(0,2.04-X5) * abs(X7) - 0.171*max(0,X2-0.403) + 0.170*max(0,0.163-X3) * max(0,0.181-X5) - 0.166*max(0,X6-1.57) - 0.150*max(0,X4-2.07) - 0.139*max(0,1.11-X5) - 0.138*max(0,X5-2.97) * max(0,X4-3.73) + 0.132*X7 + 0.131*max(0,4.84-X3) - 0.124*max(0,X4+0.414) + 0.122*max(0,X1+1.70) + 0.0988*max(0,X5-1.11) * max(0,X5-2.04) - 0.0984*max(0,2.04-X5) * max(0,0.163-X3) - 0.0909*max(0,X5-1.11) * max(0,X5-2.97) + 0.0904*max(0,-1.70-X1) * max(0,-0.389-X7) + 0.0901*max(0,X5-2.97) * max(0,X5-2.04) - 0.0901*max(0,X6+0.608) - 0.0867*X4**2 - 0.0842*max(0,0.201-X7) - 0.0817*max(0,3.91-X3) - 0.0811*X2 + 0.0715*max(0,X5-2.04) * max(0,X4-2.90) + 0.0640*max(0,X6+1.34) + 0.0584*max(0,X5-2.97) * max(0,X4-2.90) + 0.0570*max(0,X1+2.31) - 0.0496*max(0,X0+0.188) + 0.0398*max(0,X5-3.90) * max(0,X4-2.90) - 0.0390*max(0,X7+0.978) - 0.0342*max(0,X3-4.84) * max(0,X4-3.73) + 0.0330*max(0,X5-1.11) * max(0,X4-2.90) - 0.0305*max(0,2.77-X0) - 0.0259*max(0,X5-1.11) * max(0,-1.09-X1) - 0.0249*max(0,3.51-X0) + 0.0173*max(0,X2-1.92) * max(0,X3-3.91) - 0.0153*max(0,2.03-X0) - 0.0121*max(0,3.73-X4) - 0.00905*max(0,X3-3.91) * max(0,X4-3.73) - 0.00789*max(0,2.30-X6) + 0.00728*max(0,X3-3.91) * max(0,X4-2.90) - 0.00562*max(0,2.04-X5) * max(0,0.181-X5) + 0.00181*max(0,X5-2.04) * max(0,X4-3.73) - 0.00122*abs(X7) * max(0,X1-0.121) + 0.000869*max(0,X5-1.11) * max(0,X3-3.91) - 0.000662*abs(X7) * max(0,X3-4.84) - 0.000225*max(0,X2-1.92) * max(0,X3-4.84) - 0.000185*max(0,X3-4.84) - 4.38e-5*abs(X5) * max(0,X3-4.84) - 2.54e-5*max(0,X5-1.11) * max(0,X3-4.84) - 1.52e-5*max(0,X5-2.97) * max(0,X3-4.84) - 1.91e-6*max(0,X3-3.91) * max(0,X3-4.84) - 1.45e-7*max(0,X5-4.83) * max(0,X4-3.73) + 6.15e-8*max(0,X5-2.04) * max(0,X3-4.84) - 5.30e-8*abs(X7) * max(0,X5-4.83) - 2.55e-8*max(0,X5-4.83) - 1.71e-8*max(0,X2-1.92) * max(0,X5-4.83) - 1.81e-9*max(0,X5-1.11) * max(0,X5-4.83) - 1.14e-9*max(0,X5-2.97) * max(0,X5-4.83) - 1.89e-10*max(0,X3-3.91) * max(0,X5-4.83) - 2.21e-11*max(0,X4-2.90) * max(0,X4-3.73) + 3.72e-12*max(0,X5-2.04) * max(0,X5-4.83) - 3.62e-13*max(0,X5-4.83) * max(0,X3-4.84)"
ffx,542_pollution,ok,-1.144242,89.446521,203,9.73,,0.0126 + 0.966*abs(X8) * X12 + 0.924*abs(X7) - 0.904*abs(X8) - 0.749*abs(X9) * abs(X13) + 0.666*X1 * X8 - 0.612*abs(X9) * X5 + 0.591*abs(X13) * X8 - 0.582*abs(X9) * X13 - 0.564*abs(X8) * X11 - 0.479*X1 * X13 + 0.471*X1 * abs(X13) - 0.466*X2 - 0.464*X6 - 0.458*abs(X2) - 0.438*X4 + 0.428*abs(X13) + 0.401*X8 - 0.353*X7**2 - 0.348*X5 * X13 + 0.347*X7 + 0.335*abs(X0) - 0.307*X1 - 0.285*X1**2 - 0.272*abs(X8) * abs(X12) - 0.234*X13 * X11 + 0.221*abs(X3) + 0.219*X1 * X11 + 0.203*X9**2 + 0.199*X5 * abs(X8) + 0.198*abs(X9) * X8 + 0.174*X14 + 0.172*abs(X6) - 0.168*X4**2 - 0.167*X10 + 0.159*X10**2 - 0.147*X6**2 - 0.129*X5**2 + 0.127*abs(X14) - 0.127*X11 + 0.123*X3 + 0.112*abs(X9) * abs(X8) + 0.0927*X2**2 + 0.0762*X9 - 0.0475*X14**2 - 0.0231*X5 * X8 + 0.0203*X13 * X8 + 0.0163*X8 * X11 - 0.000400*abs(X8) * X8
ffx,547_no2,ok,-8.162227,2.411903,2265,17.43,,"0.156 + 322*max(0,X2-2.22) * max(0,-0.0608-X5) + 78.6*max(0,X2-2.89) * abs(X5) + 53.9*max(0,X2-1.55) * max(0,X6-1.09) - 50.7*max(0,X0-0.287) * max(0,X6-1.09) - 49.9*max(0,X5-1.36) * max(0,X6-1.09) + 44.7*max(0,X1-2.23) * max(0,X5-0.414) - 44.1*max(0,-0.425-X6) * max(0,X2-2.89) + 36.6*max(0,X6-0.712) * max(0,X6-1.09) - 33.0*max(0,-0.191-X0) * max(0,X5-1.36) - 27.9*max(0,0.414-X5) * max(0,X2-2.22) - 24.5*max(0,X5-0.414) * max(0,X6-1.09) - 18.5*max(0,X0-0.287) * max(0,X2-2.89) + 16.7*max(0,X0+0.191) * max(0,X6-1.09) + 16.5*max(0,X2-0.203) * max(0,X5-1.36) - 16.4*max(0,X0-0.287) * max(0,X5-1.36) - 16.3*max(0,X2-1.55) * max(0,X5-0.414) + 16.1*max(0,X0-0.287) * max(0,X6-0.712) + 15.5*max(0,X2-2.22) * max(0,X6-1.09) - 14.0*max(0,X6-1.09) * max(0,-0.0608-X5) - 13.1*max(0,X0+0.191) * max(0,X5-1.36) - 12.8*max(0,0.414-X5) * max(0,X5+0.0608) - 12.6*max(0,0.414-X5) * max(0,X6-1.09) - 12.3*max(0,-0.425-X6) * max(0,X2-1.55) + 11.6*max(0,X6-1.09) - 11.5*max(0,X2-1.55) * max(0,-0.191-X0) + 11.4*max(0,-0.191-X0) * max(0,X5+0.0608) + 11.1*max(0,X2-1.55) * max(0,-0.0608-X5) - 10.6*abs(X0) * max(0,X6-1.09) - 10.4*max(0,X0-0.287) * max(0,X2-2.22) + 10.0*max(0,-0.191-X0) * max(0,X6-1.09) + 9.52*max(0,X5-1.36) * max(0,X6-0.712) - 9.39*max(0,-0.425-X6) * max(0,X5-0.414) - 9.35*max(0,X2-0.203) * max(0,X0-0.287) - 8.05*max(0,X0-0.287) * abs(X2) + 8.04*max(0,-0.425-X6) * abs(X5) - 7.95*max(0,X0-0.287) * max(0,-0.0608-X5) + 7.81*max(0,X6-0.712) * max(0,-0.0608-X5) + 7.69*max(0,X1-2.23) * max(0,-0.0608-X5) - 7.67*max(0,X0+0.191) * max(0,X1-2.23) + 7.63*max(0,X2-0.876) + 7.62*max(0,-0.191-X0) * max(0,X5-0.414) + 7.43*max(0,X2-0.203) * max(0,X6-1.09) + 7.14*max(0,X2-2.89) + 7.04*abs(X2) * max(0,X5-1.36) + 6.60*max(0,X2-0.203) * max(0,X1-2.23) - 6.50*max(0,X5-0.414) * max(0,X5-1.36) - 6.39*max(0,X5-0.414) * abs(X0) - 6.34*max(0,X0+0.191) * max(0,X6-0.712) + 6.24*max(0,X2-1.55) * max(0,X5+0.0608) - 6.19*max(0,X2-1.55) * max(0,X6-0.712) - 6.18*X5 * max(0,X6-1.09) + 6.15*max(0,-1.15-X0) + 6.11*max(0,X0-0.287) * max(0,X5-0.414) + 5.98*max(0,X0+0.191) * abs(X5) + 5.91*max(0,X2-0.203) * max(0,X2-2.89) - 5.59*max(0,X4-1.26) - 5.48*max(0,-0.425-X6) * max(0,X2-2.22) + 5.32*max(0,-0.469-X2) - 5.03*max(0,X6-0.712) - 4.88*max(0,-0.802-X4) + 4.84*max(0,X2-0.203) * max(0,X5-0.414) - 4.73*max(0,X5+0.0608) - 4.56*max(0,X2-1.55) * abs(X0) - 4.46*max(0,X2-0.203) * max(0,-0.191-X0) + 4.40*max(0,X5-1.36) + 4.40*max(0,X2-0.203) * abs(X0) + 4.39*max(0,X5-1.36) * abs(X0) - 4.29*abs(X2) * max(0,X5-0.414) + 4.27*max(0,X2-1.55) * X5 - 4.27*max(0,-1.01-X5) - 4.25*max(0,-0.425-X6) * max(0,-0.0608-X5) + 4.04*max(0,X1-1.49) - 3.87*max(0,0.203-X2) + 3.83*max(0,-1.50-X1) + 3.83*max(0,X6-0.712) * max(0,X5+0.0608) - 3.69*abs(X0) * max(0,X5+0.0608) + 3.68*max(0,X0-0.287) * max(0,X0+0.191) + 3.67*abs(X2) * max(0,X5+0.0608) + 3.65*abs(X0) + 3.58*max(0,X2-1.55) * abs(X5) + 3.53*max(0,-0.751-X1) + 3.52*max(0,X2-0.203) * max(0,X0+0.191) - 3.52*abs(X2) * max(0,X6-0.712) + 3.49*max(0,X0-0.287) * max(0,X1-2.23) - 3.49*max(0,X0+0.191) * max(0,X5+0.0608) + 3.46*max(0,X6-1.09) * max(0,X5+0.0608) - 3.36*X2**2 - 3.34*abs(X4) + 3.31*max(0,X1-0.740) - 3.27*max(0,X2-1.55) * max(0,X2-2.89) + 3.24*max(0,-0.425-X6) * max(0,X2-0.203) + 3.24*max(0,X2-2.22) * abs(X5) - 3.19*max(0,X5-0.888) + 3.10*max(0,-0.425-X6) * max(0,X5-1.36) + 3.07*max(0,X0+0.191) * abs(X2) - 2.98*max(0,X2-1.55) * max(0,X2-2.22) - 2.92*max(0,X0-0.287) * max(0,X5+0.0608) - 2.83*max(0,-0.425-X6) * max(0,X5+0.0608) + 2.72*max(0,-0.425-X6) * X5 + 2.70*max(0,X5-0.414) * max(0,X6-0.712) + 2.69*max(0,X5-0.414) * abs(X5) - 2.66*max(0,X5-1.36) * abs(X5) + 2.61*abs(X2) * abs(X0) - 2.61*X0**2 - 2.58*max(0,X2-0.203) * max(0,X5+0.0608) + 2.46*max(0,-0.804-X6) + 2.44*max(0,-1.46-X3) - 2.43*max(0,-0.0460-X6) - 2.35*max(0,X1-2.23) * abs(X5) - 2.33*X1**2 + 2.29*max(0,0.876-X2) + 2.26*max(0,-3.57-X3) + 2.25*max(0,-0.668-X0) + 2.18*max(0,X4-1.77) - 2.13*abs(X2) * max(0,-0.191-X0) + 2.10*max(0,-0.286-X4) - 2.07*max(0,-2.51-X3) - 2.06*max(0,X2+0.469) + 2.06*max(0,X0-0.287) * max(0,X2-1.55) + 2.00*max(0,X5-0.414) - 1.97*max(0,X0+0.191) * max(0,X2-2.89) + 1.95*abs(X2) + 1.94*X4**2 + 1.87*abs(X2) * max(0,X2-2.89) - 1.74*max(0,1.49-X1) + 1.72*max(0,-0.425-X6) - 1.72*max(0,-0.191-X0) * max(0,X6-0.712) - 1.70*max(0,X0+0.191) * max(0,X2-2.22) - 1.67*max(0,-0.191-X0) * abs(X0) - 1.65*max(0,X0+0.191) + 1.65*max(0,X1-2.23) * max(0,X6-1.09) - 1.60*max(0,X2-0.203) * abs(X5) - 1.58*max(0,X2-0.203) * max(0,X6-0.712) - 1.45*max(0,X1-2.23) * max(0,X5+0.0608) + 1.39*max(0,X0+0.191) * max(0,X5-0.414) + 1.38*max(0,X6-0.333) - 1.37*X1 + 1.31*X5**2 - 1.29*abs(X2) * max(0,X2-2.22) + 1.22*max(0,X0-0.287) * X5 + 1.22*abs(X0) * max(0,X6-0.712) - 1.21*max(0,X2-0.203) * X5 + 1.19*abs(X1) + 1.19*abs(X2) * max(0,X6-1.09) - 1.16*max(0,-0.425-X6) * max(0,X0+0.191) + 1.14*max(0,X3+0.402) + 1.11*max(0,0.414-X5) * max(0,-0.0608-X5) + 1.10*max(0,X4-0.744) - 1.09*max(0,-0.0608-X5) - 1.08*max(0,X6-1.09) * abs(X5) - 1.06*max(0,X1-2.23) * max(0,X6-0.712) - 1.04*max(0,0.414-X5) - 1.02*abs(X6) - 0.997*max(0,X2-2.22) + 0.971*max(0,-1.62-X0) - 0.956*abs(X5) * max(0,-0.0608-X5) + 0.920*max(0,X0+0.191) * X5 + 0.911*X5 * max(0,X6-0.712) - 0.907*max(0,X2-0.203) * max(0,X2-1.55) - 0.905*max(0,-0.425-X6) * abs(X2) + 0.896*max(0,X2-0.203) * abs(X2) + 0.895*max(0,0.740-X1) + 0.859*max(0,X2-0.203) * max(0,X2-2.22) + 0.840*max(0,X5-1.36) * X5 + 0.829*max(0,X0+1.15) + 0.825*X2 + 0.802*max(0,X6-0.712) * abs(X5) + 0.786*abs(X2) * max(0,X1-2.23) - 0.785*abs(X5) + 0.781*max(0,X5+0.535) - 0.733*X6**2 + 0.698*X5 - 0.698*max(0,-0.425-X6) * max(0,X0-0.287) - 0.695*max(0,X0+0.191) * max(0,X2-1.55) + 0.691*max(0,0.414-X5) * abs(X5) - 0.678*max(0,-0.535-X5) + 0.675*max(0,X4+0.286) - 0.670*max(0,X3+1.46) + 0.666*abs(X0) * max(0,X2-2.22) + 0.658*max(0,X5-0.414) * X5 - 0.624*X6 - 0.612*max(0,X0-0.764) - 0.599*max(0,X5+0.0608) * abs(X5) - 0.544*X0 + 0.526*abs(X2) * max(0,-0.0608-X5) + 0.524*abs(X0) * max(0,-0.0608-X5) - 0.506*max(0,0.414-X5) * max(0,X6-0.712) + 0.499*max(0,X0+1.62) - 0.498*max(0,0.229-X4) - 0.493*max(0,X2-0.203) - 0.464*abs(X2) * X5 + 0.455*abs(X0) * X5 - 0.438*X4 - 0.437*max(0,X0+0.191) * max(0,-0.0608-X5) + 0.432*max(0,X3+3.57) - 0.430*max(0,X3+2.51) - 0.425*max(0,-0.425-X6) * max(0,-0.191-X0) + 0.410*max(0,0.712-X6) + 0.399*max(0,1.36-X5) - 0.383*abs(X2) * max(0,X2-1.55) - 0.363*max(0,X0+0.191) * abs(X0) + 0.356*max(0,X0-0.287) + 0.350*max(0,0.414-X5) * X5 - 0.343*max(0,X3-0.654) + 0.338*abs(X3) + 0.336*max(0,0.764-X0) - 0.325*max(0,1.55-X2) - 0.309*max(0,X1-2.23) * abs(X0) - 0.306*max(0,X4-0.229) - 0.292*max(0,X1-2.23) * X5 + 0.286*max(0,0.333-X6) + 0.272*max(0,0.287-X0) - 0.266*X5 * abs(X5) - 0.258*X5 * max(0,X5+0.0608) - 0.258*max(0,1.09-X6) + 0.255*max(0,X0+0.668) - 0.254*max(0,X0-0.287) * abs(X0) + 0.244*max(0,X2-0.203) * max(0,-0.0608-X5) + 0.240*max(0,2.89-X2) - 0.208*X3**2 + 0.192*max(0,X1+0.751) - 0.166*max(0,X5-1.36) * max(0,X5+0.0608) + 0.165*max(0,2.22-X2) + 0.163*max(0,0.744-X4) - 0.153*abs(X2) * abs(X5) - 0.148*max(0,-0.425-X6) * abs(X0) - 0.140*max(0,X6+0.425) + 0.139*X5 * max(0,X2-2.89) - 0.130*max(0,1.26-X4) + 0.118*abs(X0) * abs(X5) - 0.117*max(0,X3-1.71) + 0.117*X3 + 0.116*max(0,X0-0.287) * abs(X5) + 0.0928*max(0,X1-2.23) + 0.0861*max(0,X2-2.22) * max(0,X2-2.89) - 0.0813*max(0,-0.402-X3) - 0.0774*max(0,-0.191-X0) + 0.0659*max(0,-0.191-X0) * max(0,-0.0608-X5) + 0.0629*max(0,X6+0.804) - 0.0519*max(0,X5-0.414) * max(0,X5+0.0608) + 0.0488*max(0,-0.191-X0) * abs(X5) + 0.0282*max(0,X2-1.55) - 0.0268*max(0,X5+1.01) - 0.0217*max(0,X5-0.414) * max(0,X2-2.22) - 0.0205*max(0,0.888-X5) + 0.0193*max(0,1.77-X4) - 0.0180*abs(X0) * max(0,X2-2.89) + 0.00861*max(0,X2-2.22) * max(0,X6-0.712) - 0.00475*max(0,0.654-X3) - 0.00308*max(0,X6+0.0460) + 0.000304*X5 * max(0,X2-2.22) - 1.27e-5*X5 * max(0,-0.0608-X5)"
ffx,556_analcatdata_apnea2,ok,0.899626,753.016085,386,3.85,,"-0.277 + 126*max(0,X1-0.995) * max(0,X0-1.07) - 33.9*max(0,X1+0.105) * max(0,X0-1.07) - 33.6*max(0,X0+0.0866) * max(0,X1-0.995) - 12.0*max(0,X2-1.19) * max(0,X0-1.07) - 9.83*max(0,X1-0.995) + 9.07*max(0,X1+0.105) * max(0,X0+0.0866) + 9.02*max(0,X1+0.105) * max(0,X1-0.995) + 6.58*max(0,X0-1.07) - 4.93*max(0,X2-1.19) * max(0,X1-0.995) - 4.67*max(0,-0.0866-X0) * max(0,X1-0.995) - 4.60*max(0,-0.105-X1) * max(0,X0-1.07) + 3.06*max(0,X2-1.19) * max(0,X0+0.0866) - 2.02*max(0,X0+0.0866) * max(0,X0-1.07) + 1.53*max(0,X2-1.19) * max(0,X1+0.105) + 1.33*max(0,-0.0866-X0) * max(0,X1+0.105) + 1.32*max(0,-0.105-X1) * max(0,X0+0.0866) - 0.988*max(0,X1+0.105) - 0.960*max(0,X0+0.0866) + 0.851*max(0,X2-0.788) * max(0,X0-1.07) + 0.621*max(0,-0.0866-X0) * max(0,-0.105-X1) + 0.497*max(0,-0.424-X2) - 0.493*max(0,-0.828-X2) - 0.483*max(0,X2-0.788) * max(0,X2-1.19) - 0.374*max(0,X2-0.384) + 0.331*max(0,X2-0.788) * max(0,X1-0.995) - 0.327*max(0,-0.105-X1) + 0.326*max(0,X2+0.424) + 0.278*max(0,-0.105-X1) * max(0,X2-1.19) - 0.215*max(0,-0.0866-X0) - 0.210*max(0,X2-0.788) * max(0,X0+0.0866) + 0.180*max(0,-0.839-X1) - 0.115*max(0,-0.105-X1) * max(0,X2-0.788) - 0.0818*max(0,X2-0.788) - 0.0423*max(0,X2-1.19) - 0.0413*max(0,-0.0866-X0) * max(0,X2-0.788) - 0.0247*max(0,X2+0.0202) - 0.0227*max(0,X2-0.788) * max(0,X1+0.105)"
ffx,557_analcatdata_apnea1,ok,0.808124,875.343135,625,6.34,,"-0.723 + 77.1*max(0,X1-0.995) * max(0,X0-1.07) + 26.4*max(0,X0-1.07) * max(0,X1-0.628) + 22.9*max(0,-0.828-X2) * max(0,X0-1.07) - 12.3*max(0,X1+0.105) * max(0,X0-0.683) - 12.2*max(0,X0-1.07) * max(0,X2-0.788) - 11.5*max(0,X0+0.0866) * max(0,X1-0.995) - 10.8*max(0,-0.828-X2) * max(0,X0-0.683) - 9.32*max(0,X0+0.0866) * max(0,X1-0.628) + 8.71*max(0,X0+0.0866) * max(0,X1+0.105) - 8.40*max(0,X1+0.105) * max(0,X0-1.07) - 6.85*max(0,X1-0.995) * max(0,X2-0.788) - 5.81*max(0,X0-0.683) - 5.22*max(0,X2-0.384) * max(0,X0-1.07) + 3.65*max(0,X2-0.384) * max(0,X0-0.683) + 3.15*max(0,X0-1.07) * max(0,X0-0.683) - 2.80*max(0,-0.424-X2) * max(0,X0-1.07) - 2.64*max(0,X1-0.628) * max(0,X0-0.683) - 2.60*max(0,X1-0.995) * max(0,X0-0.683) + 2.27*max(0,X0+0.0866) * max(0,X2-0.788) + 2.22*max(0,X0+0.0866) * max(0,X0-0.683) + 2.20*max(0,X0+0.0866) * max(0,X0-1.07) - 2.13*max(0,X2-0.384) * max(0,X1-0.995) + 1.98*max(0,X1+0.105) * max(0,X2-0.788) + 1.92*max(0,X0-0.683) * max(0,X2-0.788) - 1.70*max(0,-0.424-X2) - 1.59*max(0,-0.424-X2) * max(0,X1-0.628) - 1.48*max(0,X2-0.788) + 1.11*max(0,X2-0.384) * max(0,X1-0.628) + 0.989*max(0,X1-0.995) * max(0,X1-0.628) + 0.986*max(0,X0+0.0866) * max(0,-0.424-X2) - 0.971*max(0,-0.424-X2) * max(0,X0-0.683) + 0.905*max(0,-0.828-X2) + 0.781*max(0,-0.0202-X2) + 0.777*max(0,X1+0.105) * max(0,-0.424-X2) + 0.746*max(0,X1+0.105) * max(0,X1-0.995) - 0.667*max(0,X0+0.0866) * max(0,X2-0.384) - 0.665*max(0,-0.424-X2) * max(0,X1-0.995) + 0.644*max(0,X1-0.628) * max(0,X2-0.788) + 0.514*max(0,-0.828-X2) * max(0,X1-0.628) + 0.455*max(0,-0.0866-X0) + 0.408*max(0,X2-0.384) * max(0,X2-0.788) - 0.364*max(0,-0.856-X0) - 0.334*max(0,X1+0.105) * max(0,X2-0.384) - 0.329*max(0,X1+0.105) + 0.323*max(0,X2+0.0202) - 0.257*max(0,-0.839-X1) + 0.226*max(0,-0.105-X1) + 0.161*max(0,X2-0.384) - 0.157*max(0,X0+0.0866) - 0.117*max(0,X1-0.628) + 0.0912*max(0,0.628-X1) + 0.0726*max(0,0.384-X2) - 0.0716*max(0,X2-1.19) - 0.0699*max(0,X0-1.07) + 0.0393*max(0,X1+0.105) * max(0,X1-0.628) - 0.0249*max(0,0.683-X0) - 0.00569*max(0,X1-0.995)"
ffx,560_bodyfat,ok,0.968679,1.246931,203,12.28,,"-0.350 + 4.44*max(0,X0-1.36) * max(0,X13-1.97) - 0.750*X0 + 0.468*max(0,X0-0.678) * max(0,X13-1.97) + 0.426*max(0,X0-2.05) + 0.235*max(0,1.36-X0) - 0.170*max(0,-1.22-X3) * max(0,X0-1.36) - 0.112*max(0,-1.18-X11) * max(0,X0-1.36) - 0.0765*max(0,X12-0.0393) * max(0,X8-1.96) - 0.0665*max(0,X0-0.678) + 0.0490*max(0,-0.00676-X0) + 0.0441*max(0,X13-1.25) * max(0,X0-1.36) + 0.0128*max(0,-0.692-X0) - 0.0114*max(0,-0.827-X9) + 0.00754*abs(X5) - 0.00600*max(0,1.32-X1) - 0.00413*max(0,X1-1.99) + 0.00369*max(0,X1+0.678) + 0.00260*max(0,X13-1.25) * max(0,X0-0.678) - 0.00140*max(0,-1.22-X3) * max(0,-0.382-X7) + 0.000605*max(0,X9-0.860) + 0.000593*abs(X12) * max(0,X13-1.97)"
ffx,561_cpu,ok,0.98951,8.553942,41,4.0,,-0.171 + 0.297*X3 + 0.165*X4 + 0.145*X2 + 0.0910*X3**2 + 0.0892*X4 * X3 + 0.0777*X6 * X2 + 0.0422*X6 + 0.0159*X2 * X3 + 0.00837*X5 + 0.00158*X6**2
ffx,562_cpu_small,ok,-66.061707,51.850784,2265,30.81,,"-5.14 + 435*max(0,X2-1.61) * max(0,X11-0.864) + 114*max(0,X5-2.40) * max(0,X4-2.34) - 14.7*max(0,X2-1.61) * X9 + 8.62*max(0,X11-0.864) * max(0,X7-1.67) + 7.90*max(0,X2-1.04) * X9 + 6.47*max(0,4.36-X8) * max(0,X8-3.43) - 6.20*max(0,X8-1.59) * max(0,X11-0.864) - 3.67*max(0,-2.16-X11) - 3.63*max(0,X2-2.18) - 3.59*max(0,1.05-X6) * max(0,X2-1.61) + 2.21*max(0,X10-1.93) * X9 - 1.99*max(0,X10-1.93) + 1.98*max(0,X10-1.93) * max(0,X11-0.864) - 1.90*max(0,0.164-X7) * max(0,X9-6.34) - 1.89*max(0,X2-1.61) * X11 - 1.79*max(0,X2-1.04) + 1.62*max(0,X5-2.40) * max(0,X2-1.61) - 1.55*max(0,X10-3.08) + 1.43*X9 * max(0,X11-0.864) - 1.35*max(0,0.0808-X3) * max(0,X7-1.67) + 1.26*max(0,X8-1.59) * max(0,2.51-X8) + 1.19*max(0,X10-1.36) + 1.17*max(0,X2-1.61) - 1.12*max(0,4.36-X8) * max(0,X8-2.51) - 1.05*max(0,X8-1.59) * max(0,0.0808-X3) + 0.963*max(0,2.08-X6) + 0.943*max(0,X2-1.04) * max(0,1.05-X6) + 0.933*max(0,X5-2.40) * max(0,X11-0.864) + 0.929*max(0,X3-1.91) - 0.900*max(0,X2-1.04) * X11 + 0.895*max(0,X6-4.14) * X11 + 0.893*max(0,X11-0.864) * max(0,2.08-X6) - 0.818*X9 * max(0,X7-2.42) + 0.705*max(0,X8-5.28) - 0.658*max(0,X11-0.864) * X11 + 0.653*abs(X11) + 0.643*max(0,X10-2.51) + 0.620*max(0,1.32-X9) - 0.588*max(0,1.77-X0) - 0.569*max(0,X8-4.36) + 0.539*max(0,X8-1.59) * max(0,4.36-X8) - 0.501*max(0,-0.665-X2) + 0.482*max(0,X2-1.04) * max(0,2.51-X8) - 0.479*max(0,1.05-X6) * max(0,2.51-X8) - 0.468*max(0,X2-1.61) * max(0,2.51-X8) - 0.461*max(0,2.51-X8) * max(0,X11-0.864) + 0.461*max(0,X5-2.40) * X11 - 0.456*max(0,X11-0.259) + 0.446*X11 * max(0,X4-3.31) + 0.439*max(0,X4-3.31) * max(0,X8-4.36) + 0.407*max(0,1.05-X6) * max(0,X11-0.864) - 0.402*max(0,0.0808-X3) - 0.384*max(0,-0.0953-X2) + 0.378*max(0,3.23-X0) - 0.356*max(0,X7-3.17) * max(0,X7-2.42) - 0.322*max(0,X3-0.0808) + 0.317*max(0,2.51-X8) + 0.317*max(0,3.33-X9) + 0.310*max(0,X2-1.04) * max(0,0.0808-X3) + 0.308*max(0,1.05-X6) - 0.300*max(0,X11+0.347) + 0.293*max(0,X10-1.93) * max(0,2.51-X8) + 0.293*max(0,1.80-X1) + 0.291*max(0,X8-1.59) + 0.290*abs(X2) + 0.290*max(0,X2-1.04) * max(0,X11-0.864) - 0.278*max(0,1.05-X6) * max(0,0.0808-X3) - 0.274*max(0,1.05-X6) * max(0,X8-2.51) - 0.272*max(0,4.36-X8) * max(0,X11-0.864) + 0.267*max(0,1.61-X2) + 0.263*X11 - 0.259*max(0,0.259-X11) - 0.251*max(0,X7-0.916) + 0.234*abs(X3) + 0.226*X2**2 + 0.226*max(0,1.05-X6) * max(0,2.08-X6) + 0.225*max(0,0.0808-X3) * max(0,X11-0.864) + 0.224*max(0,X5-1.52) - 0.218*max(0,X3-0.996) + 0.218*max(0,1.52-X5) - 0.209*max(0,X0-1.77) - 0.209*max(0,2.51-X8) * max(0,2.08-X6) + 0.206*max(0,0.0808-X3) * max(0,2.51-X8) - 0.201*max(0,X5-0.646) - 0.195*max(0,4.14-X6) + 0.191*max(0,0.996-X3) - 0.190*max(0,0.474-X2) - 0.188*max(0,X7-3.92) - 0.187*max(0,X2-0.474) - 0.186*max(0,X2-1.61) * max(0,X8-4.36) + 0.182*abs(X1) + 0.179*max(0,X7-2.42) - 0.174*max(0,X10-1.93) * X11 - 0.167*max(0,1.93-X10) + 0.165*max(0,0.164-X7) * max(0,-2.16-X11) - 0.163*max(0,0.0808-X3) * max(0,X6-4.14) + 0.158*max(0,X11-0.864) * max(0,X4-3.31) + 0.156*max(0,X1-3.25) - 0.155*max(0,1.05-X6) * max(0,X8-4.36) - 0.153*max(0,X10-1.93) * max(0,0.0808-X3) + 0.152*max(0,X7-3.17) * max(0,X4-3.31) - 0.150*max(0,X11+2.16) + 0.145*max(0,1.59-X8) + 0.141*max(0,4.36-X8) - 0.140*X10**2 - 0.133*max(0,1.05-X6) * X11 + 0.132*max(0,X9-5.34) * max(0,X9-6.34) + 0.125*max(0,X4-2.34) * max(0,X4-3.31) + 0.122*max(0,X8-1.59) * X9 + 0.115*X7**2 - 0.110*X4**2 - 0.108*max(0,X8-1.59) * max(0,1.05-X6) + 0.107*max(0,1.04-X2) + 0.106*abs(X10) - 0.104*max(0,X7-0.164) + 0.101*abs(X8) + 0.101*max(0,X6-3.11) + 0.0988*X3 + 0.0949*max(0,1.36-X10) + 0.0939*max(0,0.669-X8) - 0.0931*max(0,X7-1.67) * max(0,X7-2.42) - 0.0923*max(0,X2+0.0953) + 0.0899*max(0,X1-1.80) - 0.0872*max(0,-0.347-X11) + 0.0817*max(0,X9-6.34) * max(0,-2.16-X11) - 0.0800*max(0,1.37-X4) + 0.0786*max(0,4.36-X8) * max(0,2.08-X6) - 0.0785*max(0,X10-0.783) - 0.0763*max(0,X2-1.04) * max(0,2.08-X6) + 0.0748*max(0,1.91-X3) + 0.0737*max(0,X4-0.400) - 0.0684*max(0,X11+0.952) + 0.0640*max(0,X8-3.43) + 0.0635*max(0,3.43-X8) + 0.0603*max(0,X7-2.42) * max(0,X8-4.36) + 0.0561*max(0,4.36-X8) * max(0,X7-2.42) - 0.0520*max(0,3.31-X4) - 0.0511*X3**2 + 0.0507*max(0,X0-4.69) + 0.0503*max(0,4.36-X8) * X11 + 0.0500*max(0,X7-1.67) * max(0,X4-3.31) + 0.0488*max(0,2.08-X6) * max(0,X4-3.31) + 0.0457*abs(X5) + 0.0456*X9 * max(0,-2.16-X11) + 0.0454*max(0,X9-1.32) - 0.0441*max(0,X7-1.67) * max(0,-2.16-X11) + 0.0413*max(0,2.51-X8) * max(0,-2.16-X11) + 0.0408*max(0,4.69-X0) - 0.0398*max(0,4.33-X9) - 0.0393*max(0,3.74-X3) + 0.0393*abs(X0) - 0.0390*max(0,X8-1.59) * max(0,2.08-X6) + 0.0375*max(0,X11-0.864) + 0.0349*max(0,4.36-X8) * max(0,X4-3.31) - 0.0337*abs(X6) + 0.0326*max(0,2.51-X8) * X11 - 0.0306*max(0,X8-2.51) * max(0,-2.16-X11) + 0.0306*max(0,2.51-X8) * max(0,X9-6.34) + 0.0285*max(0,0.400-X4) - 0.0284*max(0,X6-4.14) - 0.0282*max(0,X2-1.04) * max(0,X6-4.14) + 0.0277*max(0,4.36-X8) * max(0,2.51-X8) + 0.0263*max(0,X5-2.40) * max(0,X10-1.93) + 0.0262*max(0,X7-2.42) * max(0,X8-3.43) - 0.0236*max(0,2.51-X8) * max(0,X7-1.67) + 0.0235*abs(X4) + 0.0233*max(0,X4-3.31) - 0.0228*max(0,9.03-X1) + 0.0224*max(0,X6-2.08) + 0.0222*max(0,0.208-X10) + 0.0220*max(0,2.08-X6) * max(0,X4-2.34) + 0.0217*max(0,2.08-X6) * X11 - 0.0202*max(0,5.25-X4) - 0.0202*max(0,4.36-X8) * max(0,1.05-X6) - 0.0194*max(0,X8-1.59) * max(0,X8-4.36) + 0.0191*max(0,X8-2.51) * max(0,X7-2.42) - 0.0189*max(0,1.05-X6) * max(0,X10-1.93) - 0.0188*max(0,2.08-X6) * max(0,X7-3.17) - 0.0163*max(0,2.08-X6) * max(0,X7-1.67) + 0.0143*max(0,X1-4.69) - 0.0142*X0**2 + 0.0133*max(0,4.36-X8) * max(0,X4-2.34) + 0.0126*max(0,X3-4.66) - 0.0121*max(0,X7-2.42) * max(0,-2.16-X11) + 0.0112*max(0,3.25-X1) - 0.0110*max(0,X8-1.59) * max(0,X8-2.51) + 0.0101*X2 - 0.00946*max(0,0.646-X5) - 0.00851*max(0,1.05-X6) * max(0,X8-3.43) - 0.00837*max(0,2.83-X3) - 0.00805*max(0,X5-2.40) + 0.00703*X5**2 - 0.00702*max(0,X7-3.17) * max(0,X7-1.67) - 0.00653*max(0,0.0808-X3) * X11 + 0.00652*X1 - 0.00597*max(0,X8-1.59) * max(0,X7-2.42) - 0.00569*X1**2 - 0.00567*max(0,X8-1.59) * max(0,X4-3.31) + 0.00561*X11 * max(0,X7-1.67) - 0.00510*max(0,0.164-X7) + 0.00459*max(0,X4-2.34) + 0.00434*max(0,X11-0.864) * max(0,X4-2.34) - 0.00433*max(0,4.36-X8) * max(0,X10-1.93) - 0.00390*X5 + 0.00352*max(0,0.0808-X3) * X9 + 0.00339*max(0,X8-0.669) + 0.00332*X11 * max(0,X4-2.34) - 0.00317*max(0,X8-1.59) * max(0,X10-1.93) - 0.00247*max(0,X2-1.04) * max(0,X5-2.40) - 0.00239*abs(X7) + 0.00231*max(0,X4-2.34) * max(0,X8-4.36) + 0.00217*max(0,X8-3.43) * max(0,X8-4.36) - 0.00214*max(0,X4-1.37) + 0.00189*X6 + 0.00174*X11 * max(0,X7-3.17) - 0.00169*X8**2 - 0.00151*max(0,X8-1.59) * max(0,X8-3.43) + 0.00146*max(0,X3-2.83) - 0.00144*max(0,X2-1.61) * max(0,X8-3.43) + 0.00127*X9 * max(0,X9-6.34) - 0.00125*max(0,X8-1.59) * max(0,X7-1.67) + 0.000874*max(0,4.36-X8) * max(0,X2-1.61) + 0.000684*max(0,X4-3.31) * max(0,X8-3.43) - 0.000443*X9 * X11 - 0.000360*max(0,X7-3.17) * max(0,-2.16-X11) + 0.000327*max(0,2.51-X8) * max(0,X4-2.34) - 0.000256*max(0,X9-3.33) - 0.000208*max(0,X6-4.14) * max(0,2.51-X8) + 0.000201*max(0,X0-6.15) + 0.000139*X9 * max(0,2.08-X6) + 0.000122*X6**2 + 4.27e-5*X9 * max(0,2.51-X8) + 1.97e-5*max(0,X1-6.14) - 5.77e-6*max(0,X2-1.61) * max(0,X7-2.42) + 4.49e-6*max(0,X4-2.34) * max(0,X8-3.43) + 1.88e-6*max(0,X4-3.31) * max(0,X7-2.42) + 1.48e-8*max(0,X4-2.34) * max(0,X7-2.42) - 3.66e-9*max(0,X2-1.61) * max(0,X8-2.51) + 9.98e-10*max(0,X4-3.31) * max(0,X8-2.51) - 1.04e-10*max(0,X2-1.61) * max(0,X4-3.31) + 8.29e-14*max(0,X4-2.34) * max(0,X8-2.51)"
ffx,564_fried,ok,-15.873772,23.730055,1642,14.46,,"0.145 - 231*max(0,X6-1.32) * max(0,X7-1.24) + 47.7*max(0,X8-1.15) * max(0,X1-1.12) + 28.5*max(0,X8-1.15) * max(0,X7-1.24) - 18.9*max(0,X4-1.36) * max(0,X6-1.32) + 16.6*max(0,X7-1.24) * max(0,X1-1.12) + 10.3*max(0,-1.14-X7) * max(0,X1-1.12) + 9.98*max(0,X9-1.25) * max(0,X7-1.24) - 8.68*max(0,-1.14-X7) * max(0,-0.859-X2) + 6.55*max(0,X9-1.25) * max(0,X6-1.32) + 5.12*max(0,-1.14-X7) * max(0,X6-1.32) - 4.71*max(0,-0.859-X2) * max(0,X8-1.15) + 4.02*max(0,X6-0.348) * max(0,X7-1.24) - 3.98*max(0,X6-0.348) * max(0,X1-1.12) + 3.75*max(0,X8-0.326) * max(0,X1-1.12) + 3.15*max(0,X9-1.25) * max(0,X1-1.12) + 2.62*max(0,X4-1.36) * max(0,X1-0.652) + 2.58*max(0,X4-1.36) * max(0,-0.190-X7) - 2.50*max(0,X9-0.272) * max(0,X7-1.24) - 2.33*max(0,-0.859-X2) * max(0,X6-1.32) + 1.98*max(0,X4-1.36) * max(0,X2-0.0969) - 1.94*max(0,X6-0.348) * max(0,X4-1.36) + 1.88*max(0,X6-1.32) + 1.65*max(0,X9-1.25) * max(0,-0.190-X7) + 1.52*max(0,X4-1.36) * max(0,X3+0.101) - 1.34*max(0,X8-0.326) * max(0,X1-0.652) - 1.32*max(0,X9-1.25) * max(0,X2-0.0969) - 1.27*abs(X8) * max(0,X7-1.24) - 1.27*max(0,-0.859-X2) * max(0,X3+0.101) - 1.09*max(0,X8-0.739) - 1.04*max(0,X8-1.15) * max(0,X9-0.272) + 0.996*max(0,X8-1.15) * max(0,-0.136-X6) - 0.953*max(0,X9-0.272) + 0.930*max(0,X3+0.549) - 0.915*max(0,X6-1.32) * max(0,-0.101-X3) + 0.909*max(0,-1.14-X7) * max(0,X3-0.348) + 0.897*max(0,-1.14-X7) * max(0,X9-0.272) - 0.851*max(0,X4-1.36) * max(0,-0.101-X3) - 0.847*max(0,-0.274-X1) - 0.837*max(0,X8-0.326) * max(0,-1.14-X7) + 0.813*max(0,X9-1.25) * max(0,-0.101-X3) - 0.780*max(0,X1-0.652) * abs(X7) + 0.749*max(0,X8-1.15) * max(0,-0.190-X7) + 0.719*max(0,X3-1.25) + 0.708*max(0,X2-1.53) + 0.681*max(0,-0.136-X6) * max(0,X1-1.12) + 0.677*max(0,X8-1.15) * abs(X7) + 0.629*max(0,X1-0.652) * max(0,X6-1.32) + 0.622*max(0,-0.859-X2) * max(0,-0.101-X3) + 0.615*max(0,X8-0.326) * max(0,X9-0.272) - 0.597*max(0,X1-0.652) * max(0,X2-0.0969) - 0.564*max(0,X6-0.348) * max(0,X2-0.0969) + 0.556*max(0,X8-0.326) * max(0,-0.190-X7) - 0.536*max(0,-1.14-X7) * abs(X2) - 0.533*max(0,-0.190-X7) * max(0,X1-1.12) + 0.501*abs(X8) * max(0,X1-0.652) - 0.499*max(0,X5-1.38) + 0.459*max(0,X7-0.287) * max(0,0.0969-X2) - 0.455*max(0,0.290-X0) - 0.440*max(0,X8-1.15) * max(0,0.0969-X2) + 0.429*max(0,-0.859-X2) * max(0,X9-0.272) + 0.427*max(0,X9+0.217) + 0.424*max(0,X2-0.0969) * max(0,X9-0.272) - 0.408*max(0,X4-0.905) + 0.400*max(0,X3-0.348) * max(0,X7-0.287) - 0.389*max(0,X9-1.25) * max(0,X3+0.101) - 0.385*max(0,-1.20-X1) - 0.376*max(0,X3+0.101) * max(0,X7-1.24) - 0.374*abs(X7) * abs(X3) - 0.353*max(0,-1.14-X0) - 0.350*max(0,-1.14-X7) + 0.350*max(0,X1-0.652) * max(0,X9-0.272) - 0.349*max(0,-0.911-X8) + 0.346*max(0,-0.136-X6) * max(0,X9-0.272) + 0.336*max(0,X4-1.36) * abs(X2) - 0.327*max(0,X3-0.348) * abs(X2) + 0.327*max(0,X8-1.15) * max(0,-0.101-X3) - 0.297*max(0,0.905-X4) + 0.289*max(0,-0.965-X5) + 0.271*X2**2 + 0.270*max(0,X9-1.25) * max(0,X4-1.36) - 0.270*max(0,X8-0.326) * max(0,-0.136-X6) - 0.268*max(0,X3-0.348) * max(0,X1-0.652) + 0.263*abs(X8) * max(0,0.0969-X2) - 0.259*max(0,X8-0.326) * max(0,X7-0.287) - 0.258*max(0,X3-0.348) * max(0,X9-0.272) - 0.251*max(0,-0.136-X6) * max(0,-0.190-X7) + 0.242*max(0,X1-0.652) * max(0,X3+0.101) + 0.233*abs(X8) * max(0,-0.859-X2) + 0.226*max(0,-0.190-X7) * max(0,X9-0.272) + 0.226*abs(X8) * abs(X2) - 0.216*max(0,-0.932-X4) - 0.204*abs(X2) * abs(X3) - 0.199*abs(X2) * max(0,X7-1.24) - 0.195*max(0,-1.19-X9) - 0.188*max(0,X8-0.326) * max(0,X6-0.348) + 0.184*max(0,X6-0.348) * max(0,-0.190-X7) + 0.177*abs(X5) + 0.158*max(0,X9-0.272) * max(0,X1-1.12) - 0.151*max(0,X1-0.652) * max(0,-0.101-X3) - 0.140*max(0,0.0969-X2) * abs(X3) + 0.127*max(0,-0.190-X7) * abs(X2) + 0.125*max(0,X7+0.190) - 0.125*max(0,0.442-X5) + 0.115*max(0,-0.705-X9) - 0.112*max(0,0.767-X0) + 0.105*abs(X8) * abs(X3) - 0.103*max(0,0.348-X3) + 0.0999*max(0,-0.859-X2) * max(0,-0.136-X6) + 0.0884*abs(X7) * abs(X2) + 0.0848*max(0,X8-0.326) * max(0,-0.101-X3) - 0.0848*max(0,X6-0.348) * abs(X2) - 0.0820*max(0,X8-1.15) * abs(X2) - 0.0819*max(0,X9-0.272) * abs(X3) + 0.0793*max(0,X6-0.348) * abs(X3) + 0.0787*max(0,-0.620-X6) - 0.0768*max(0,0.652-X1) - 0.0767*X0**2 - 0.0762*max(0,X8-0.326) * abs(X2) - 0.0683*max(0,-0.190-X7) * max(0,-0.101-X3) + 0.0642*max(0,X8-1.15) * max(0,X6-1.32) - 0.0596*abs(X0) + 0.0593*max(0,0.0969-X2) * abs(X7) - 0.0563*max(0,X1-1.12) + 0.0534*abs(X8) * max(0,-0.190-X7) - 0.0531*max(0,X7-0.763) + 0.0511*max(0,-0.190-X7) * max(0,X2-0.0969) + 0.0482*max(0,X5+0.0269) + 0.0385*max(0,-0.217-X9) + 0.0367*max(0,-0.859-X2) * max(0,X1-0.652) - 0.0318*max(0,X6-0.348) * max(0,X7-0.287) + 0.0299*max(0,-0.136-X6) * abs(X2) + 0.0268*max(0,0.0969-X2) * max(0,X1-1.12) + 0.0247*max(0,X6+0.136) - 0.0203*max(0,-1.14-X7) * max(0,-0.101-X3) - 0.0194*abs(X8) * max(0,-0.136-X6) + 0.0182*max(0,-0.136-X6) * max(0,-0.101-X3) + 0.0143*max(0,-0.666-X7) - 0.0142*max(0,0.0969-X2) * max(0,-0.101-X3) - 0.0119*max(0,X8-0.326) * max(0,X2-0.0969) - 0.0111*max(0,0.446-X4) - 0.0109*max(0,-0.136-X6) * max(0,X3-0.348) + 0.0106*max(0,-0.136-X6) * max(0,0.0969-X2) - 0.0102*max(0,0.326-X8) + 0.00941*max(0,X6-0.348) * max(0,-0.101-X3) - 0.000938*max(0,-1.14-X7) * max(0,-0.190-X7) - 0.000600*max(0,-1.14-X7) * abs(X7) - 0.000489*max(0,X7-0.287) * max(0,X9-0.272) + 8.08e-5*abs(X8) * max(0,X3-0.348)"
ffx,573_cpu_act,ok,-0.268492,7.131189,1642,59.72,,"-1.61 + 22.1*max(0,X19-2.51) * max(0,X8-1.59) - 4.36*max(0,-2.16-X20) - 1.65*max(0,0.0808-X3) * max(0,X11-2.35) + 1.50*X18 * max(0,X19-1.93) - 1.28*max(0,0.747-X9) * max(0,X11-2.35) - 1.19*max(0,1.54-X9) * max(0,X11-2.35) + 1.09*max(0,X2-2.18) * max(0,X5-2.40) - 0.962*max(0,X19-2.51) * max(0,0.0808-X3) - 0.815*max(0,0.747-X9) * max(0,X19-3.08) - 0.789*max(0,0.0808-X3) * max(0,-2.16-X20) - 0.706*max(0,1.37-X12) + 0.693*max(0,X9-3.93) - 0.653*max(0,1.27-X11) * max(0,0.0808-X3) - 0.603*max(0,X16-0.279) - 0.558*max(0,X2-1.04) * max(0,1.59-X8) + 0.553*max(0,0.0808-X3) * max(0,X7-3.92) + 0.518*max(0,0.996-X3) - 0.497*max(0,0.747-X9) * max(0,X19-1.93) + 0.494*max(0,X2-1.04) * max(0,0.747-X9) - 0.489*max(0,X5-2.40) * max(0,X19-3.08) + 0.424*max(0,X19-2.51) + 0.404*max(0,X2-2.18) * max(0,1.59-X8) + 0.393*abs(X3) + 0.385*max(0,1.59-X8) * max(0,X19-1.93) - 0.376*max(0,X5-4.15) - 0.368*max(0,X2-1.04) * max(0,0.0808-X3) - 0.352*max(0,0.208-X19) + 0.329*X18 * max(0,X3-1.91) - 0.321*max(0,X12-1.37) + 0.318*max(0,0.0808-X3) * max(0,X19-1.93) + 0.314*max(0,X2-1.04) * max(0,X2-2.18) - 0.296*max(0,1.54-X9) * max(0,X19-1.93) + 0.288*max(0,X11-1.27) - 0.280*max(0,1.27-X11) * max(0,X7-3.17) - 0.280*max(0,0.259-X20) + 0.269*max(0,0.783-X19) - 0.265*max(0,2.51-X8) * max(0,X8-1.59) - 0.265*max(0,1.27-X11) * max(0,X19-1.93) - 0.247*max(0,X9-1.54) + 0.243*max(0,1.52-X5) + 0.237*max(0,X8-1.59) * max(0,X19-1.93) - 0.237*max(0,X19-1.93) * max(0,X5-2.40) + 0.235*max(0,-0.347-X20) + 0.225*max(0,X20-0.864) - 0.224*max(0,X2-2.18) * max(0,X16-1.80) + 0.220*max(0,X19-1.36) + 0.219*max(0,0.0808-X3) * max(0,0.747-X9) - 0.217*max(0,X5-2.40) + 0.216*max(0,X19-2.51) * max(0,1.59-X8) - 0.214*max(0,X6-1.05) + 0.214*abs(X19) + 0.205*abs(X6) + 0.204*abs(X1) + 0.202*max(0,1.27-X11) * max(0,1.59-X8) + 0.187*max(0,3.25-X1) - 0.178*max(0,X17-1.14) + 0.177*X18 * max(0,X13-3.06) + 0.173*X20 * max(0,X3-1.91) - 0.156*X20 * max(0,X7-3.92) - 0.156*max(0,2.35-X11) * max(0,X7-3.17) + 0.156*abs(X17) + 0.148*X16**2 + 0.146*max(0,0.474-X2) - 0.145*max(0,X20-0.259) + 0.140*abs(X13) + 0.139*max(0,1.27-X11) * max(0,2.35-X11) + 0.137*max(0,X12-6.92) - 0.124*max(0,0.747-X9) * max(0,X13-3.06) + 0.118*max(0,X7-3.92) - 0.113*max(0,1.77-X0) + 0.112*max(0,X19-2.51) * max(0,1.27-X11) - 0.110*max(0,X3-2.83) - 0.109*max(0,0.0808-X3) * max(0,X18-5.34) - 0.109*max(0,0.400-X4) - 0.108*max(0,X2-1.04) * max(0,X3-1.91) + 0.108*max(0,1.48-X15) - 0.108*abs(X9) + 0.107*max(0,2.35-X11) * max(0,X8-2.51) - 0.101*max(0,1.54-X9) + 0.101*max(0,2.32-X18) - 0.0998*max(0,1.59-X8) * max(0,1.54-X9) - 0.0992*max(0,0.747-X9) * max(0,X5-2.40) + 0.0978*max(0,1.54-X9) * max(0,X8-3.43) + 0.0977*max(0,X19-2.51) * max(0,1.54-X9) + 0.0955*max(0,X19-2.51) * max(0,2.51-X8) - 0.0949*max(0,1.54-X9) * max(0,-2.16-X20) - 0.0920*max(0,X6-4.14) - 0.0907*max(0,X7-0.164) - 0.0894*max(0,1.14-X17) + 0.0872*max(0,2.51-X8) * max(0,1.27-X11) - 0.0784*max(0,X3-3.74) + 0.0753*max(0,X4-2.34) - 0.0751*max(0,0.747-X9) * max(0,X3-1.91) + 0.0742*max(0,X7-2.42) * max(0,1.59-X8) - 0.0717*max(0,0.279-X16) + 0.0712*max(0,1.27-X11) * max(0,0.747-X9) + 0.0682*abs(X14) - 0.0667*max(0,X4-0.400) + 0.0621*abs(X7) + 0.0618*max(0,2.51-X8) * max(0,X7-3.92) + 0.0578*max(0,X13-5.03) + 0.0574*max(0,1.27-X11) * max(0,X8-2.51) - 0.0573*X1 - 0.0567*max(0,X2-1.04) * X20 - 0.0557*max(0,1.05-X6) - 0.0557*X20 * max(0,0.0808-X3) + 0.0531*max(0,4.05-X13) - 0.0515*max(0,1.54-X9) * max(0,X5-2.40) - 0.0501*max(0,X3-1.91) - 0.0472*X20 * max(0,1.59-X8) - 0.0470*X3**2 - 0.0464*max(0,X2-1.04) * max(0,2.35-X11) + 0.0456*max(0,1.32-X18) + 0.0429*max(0,X7-2.42) * max(0,2.51-X8) + 0.0421*X18 * max(0,X3-2.83) - 0.0420*max(0,X14-1.07) - 0.0418*max(0,X8-5.28) - 0.0412*max(0,2.51-X8) * max(0,1.59-X8) + 0.0406*max(0,X5-1.52) + 0.0403*max(0,X2-0.474) + 0.0403*max(0,X20+0.347) - 0.0382*max(0,0.0808-X3) * max(0,1.59-X8) + 0.0378*max(0,X7-2.42) * max(0,X7-3.92) - 0.0325*max(0,X16-1.80) * max(0,0.747-X9) - 0.0318*max(0,X16-1.80) + 0.0302*max(0,1.36-X19) + 0.0295*max(0,1.09-X13) - 0.0288*max(0,2.51-X8) * max(0,1.54-X9) + 0.0279*max(0,X3-0.996) + 0.0271*max(0,X17-0.321) + 0.0258*max(0,0.747-X9) * max(0,1.59-X8) - 0.0246*max(0,2.65-X10) - 0.0237*max(0,X2-1.04) - 0.0237*max(0,X19-1.93) * max(0,X19-3.08) + 0.0209*max(0,0.646-X5) + 0.0200*max(0,1.54-X9) * max(0,X8-2.51) - 0.0199*max(0,1.27-X11) * max(0,X8-4.36) + 0.0189*max(0,X13-4.05) - 0.0174*max(0,1.59-X8) + 0.0171*max(0,3.33-X18) - 0.0166*abs(X0) - 0.0164*max(0,1.27-X11) * max(0,X3-1.91) - 0.0129*max(0,1.07-X14) - 0.0127*X1**2 - 0.0126*max(0,X10-3.53) - 0.0116*max(0,2.35-X11) * max(0,X19-1.93) + 0.0115*abs(X4) - 0.0113*abs(X16) + 0.0107*max(0,2.42-X7) - 0.0100*max(0,X2-2.18) * max(0,X8-4.36) - 0.00953*abs(X10) - 0.00909*max(0,2.35-X11) * max(0,X3-1.91) + 0.00892*X7**2 - 0.00832*max(0,X16-1.80) * max(0,X19-3.08) - 0.00735*max(0,1.78-X10) + 0.00706*max(0,0.0808-X3) * max(0,X8-1.59) - 0.00641*max(0,1.27-X11) * max(0,-2.16-X20) + 0.00609*max(0,3.06-X13) + 0.00437*abs(X15) + 0.00326*max(0,1.67-X7) + 0.00306*max(0,1.59-X8) * max(0,X7-3.17) - 0.00149*max(0,X0-1.77) + 0.00136*max(0,2.51-X8) * max(0,X7-3.17) + 0.00130*X20 * max(0,0.747-X9) - 0.00125*max(0,X2+0.0953) + 0.00118*max(0,4.33-X18) - 0.00101*max(0,X13-2.08) + 0.000872*max(0,X13-6.02) - 0.000840*max(0,X7-2.42) * max(0,X8-2.51) + 0.000724*max(0,X19-2.51) * max(0,0.747-X9) - 0.000664*max(0,-0.665-X2) - 0.000499*max(0,X16-2.56) - 0.000328*max(0,X7-2.42) * max(0,X8-1.59) + 0.000319*max(0,X15-4.10) - 0.000297*max(0,1.54-X9) * max(0,X13-3.06) - 0.000287*max(0,X3-4.66) - 0.000274*abs(X18) - 0.000125*max(0,X2-2.18) * max(0,X7-3.17) - 8.48e-5*X18 * max(0,0.0808-X3) + 5.71e-5*max(0,X9-4.72) + 5.33e-5*max(0,X15-5.42) + 3.43e-5*max(0,6.14-X1) - 2.73e-5*max(0,X2-2.18) * max(0,X8-2.51) + 7.38e-6*max(0,X14-6.46) + 1.99e-6*max(0,X15-6.73) - 1.22e-6*max(0,X16-1.80) * max(0,X19-1.93) - 4.86e-8*max(0,X2-2.18) * max(0,X8-3.43) + 5.15e-9*max(0,X15-8.04)"
ffx,574_house_16H,ok,-11.527164,124632.945019,2660,45.82,,"-4.20 + 56.5*max(0,-0.466-X15) * max(0,X9-3.36) - 36.1*max(0,X15-0.761) * max(0,X7-1.27) - 35.3*max(0,X7-1.27) * max(0,X9-0.0822) - 26.6*max(0,X7-1.27) * max(0,-0.875-X15) - 25.5*max(0,-2.83-X5) * max(0,X13-2.34) + 19.0*max(0,X7-1.27) * max(0,X7-2.02) - 11.4*abs(X7) * max(0,X7-2.02) - 11.1*max(0,X9-0.0822) * max(0,-0.875-X15) + 8.09*max(0,-6.23-X12) * max(0,X13-2.34) - 7.71*max(0,-0.875-X15) * max(0,0.0822-X9) - 6.74*max(0,X9-4.18) - 6.40*max(0,-0.875-X15) - 6.33*max(0,X7-1.27) * max(0,0.0822-X9) + 5.58*max(0,X7-1.27) * X7 + 5.58*max(0,X9-0.0822) * max(0,-0.466-X15) + 5.13*max(0,-0.466-X15) * max(0,-0.875-X15) - 4.51*max(0,X9-2.54) - 4.49*max(0,X2-4.22) * max(0,-0.875-X15) - 4.41*max(0,X7-2.02) + 4.28*max(0,X1-1.35) + 4.27*max(0,X7-1.27) * abs(X9) + 3.71*max(0,X7-1.27) - 3.69*max(0,X15-0.761) * max(0,-2.07-X5) - 3.52*max(0,X4-1.42) * max(0,-0.213-X7) - 3.37*max(0,X7-0.530) + 3.13*max(0,X7-1.27) * max(0,-0.466-X15) - 3.07*max(0,-1.19-X4) - 2.96*max(0,1.23-X11) * max(0,-2.83-X5) + 2.81*max(0,X4-1.42) * max(0,-2.07-X5) + 2.68*max(0,X4-1.42) * abs(X9) - 2.64*max(0,X1-4.01) - 2.58*max(0,X4-1.42) + 2.56*max(0,X14-4.22) - 2.38*max(0,X8-5.41) + 2.31*max(0,0.901-X9) * max(0,-0.466-X15) + 2.28*max(0,X4-1.42) * max(0,0.0822-X9) - 2.13*max(0,X5-0.209) - 2.13*max(0,0.901-X9) + 1.99*max(0,-0.957-X7) + 1.88*max(0,0.313-X10) + 1.88*max(0,X4-1.42) * max(0,X9-0.0822) + 1.87*max(0,X15-0.761) * max(0,-1.70-X7) + 1.85*max(0,X10-2.85) - 1.83*max(0,X9-0.0822) * max(0,0.901-X9) + 1.80*max(0,-0.542-X4) - 1.74*max(0,X6-2.10) * max(0,-0.466-X15) - 1.74*max(0,1.16-X10) - 1.70*abs(X9) * max(0,X13-1.52) - 1.67*max(0,X15-0.761) * max(0,X9-3.36) + 1.65*max(0,X12+0.768) - 1.64*max(0,-0.405-X3) - 1.60*abs(X0) + 1.59*max(0,-0.466-X15) * abs(X9) - 1.58*max(0,-5.13-X12) * max(0,X7-1.27) + 1.55*abs(X7) * max(0,-1.70-X7) + 1.53*abs(X9) - 1.52*abs(X9) * max(0,1.23-X11) - 1.47*max(0,X2-6.25) - 1.44*max(0,-0.466-X15) * max(0,-1.70-X7) - 1.42*max(0,X10-1.16) - 1.34*max(0,X15-0.352) + 1.33*abs(X7) * max(0,-0.875-X15) + 1.33*abs(X7) * max(0,0.901-X9) - 1.31*max(0,0.901-X9) * max(0,-0.875-X15) + 1.30*max(0,X7-1.27) * max(0,1.23-X11) + 1.21*max(0,1.23-X11) * max(0,X7-2.02) - 1.20*max(0,X12+1.86) - 1.19*max(0,X9-0.901) + 1.16*X7 * max(0,-0.466-X15) + 1.16*max(0,X0-1.61) + 1.15*abs(X11) + 1.14*max(0,-1.31-X5) - 1.13*max(0,-0.213-X7) * max(0,1.23-X11) + 1.13*max(0,X7+0.957) - 1.12*max(0,-0.116-X13) + 1.06*max(0,1.23-X11) + 1.06*abs(X5) + 1.05*max(0,X1-0.467) + 1.01*abs(X7) - 1.01*max(0,X13-1.52) * max(0,-2.83-X5) + 0.941*max(0,-0.875-X15) * max(0,X13-1.52) + 0.935*max(0,-0.213-X7) - 0.890*max(0,X10-3.70) - 0.876*max(0,X13-0.704) + 0.840*max(0,X9-3.36) * max(0,1.23-X11) + 0.828*max(0,0.901-X9) * max(0,-1.70-X7) + 0.824*max(0,X8-1.41) + 0.804*abs(X9) * max(0,0.0822-X9) + 0.782*X7 * max(0,-0.213-X7) + 0.763*max(0,-0.466-X15) - 0.754*max(0,X4-0.111) + 0.753*max(0,1.16-X2) - 0.733*abs(X2) + 0.726*max(0,X15-0.761) * max(0,1.23-X11) + 0.724*max(0,6.02-X6) - 0.703*max(0,X4-1.42) * max(0,-0.466-X15) - 0.687*max(0,-5.13-X12) * abs(X9) + 0.683*max(0,X3-3.64) * max(0,0.0822-X9) - 0.675*max(0,0.352-X15) + 0.673*max(0,X9-1.72) + 0.669*max(0,-4.04-X12) + 0.657*max(0,X15-0.761) * max(0,X4-1.42) - 0.650*abs(X7) * max(0,X1-3.12) - 0.648*max(0,-0.213-X7) * max(0,0.0822-X9) + 0.645*max(0,1.72-X9) - 0.635*max(0,0.111-X4) + 0.627*abs(X7) * max(0,X13-2.34) + 0.626*max(0,1.23-X11) * max(0,0.0822-X9) + 0.620*max(0,X15-0.761) * max(0,-0.213-X7) + 0.620*max(0,X4-1.42) * max(0,1.16-X2) - 0.616*max(0,X6-1.12) - 0.608*max(0,X13+0.116) - 0.595*X7 * max(0,-0.875-X15) + 0.589*max(0,1.35-X1) + 0.587*X13**2 - 0.587*abs(X7) * max(0,1.23-X11) + 0.573*abs(X3) + 0.570*max(0,-0.418-X1) + 0.546*max(0,-1.70-X7) - 0.537*X1**2 - 0.525*max(0,X10-2.01) + 0.524*max(0,2.10-X6) - 0.510*max(0,-1.86-X12) - 0.493*max(0,X11-3.36) - 0.489*X7 * abs(X9) - 0.485*max(0,0.530-X7) - 0.484*X5 - 0.483*max(0,X11-3.36) * max(0,0.0822-X9) + 0.472*max(0,-0.466-X15) * max(0,X13-1.52) + 0.467*max(0,-0.466-X15) * max(0,0.0822-X9) - 0.466*max(0,-5.13-X12) * max(0,0.0822-X9) + 0.464*max(0,X6-2.10) * max(0,1.16-X2) + 0.461*max(0,1.41-X8) - 0.458*max(0,X5-0.968) + 0.456*max(0,X15-0.761) * X7 - 0.455*max(0,-0.466-X15) * max(0,1.16-X2) - 0.453*abs(X12) - 0.452*max(0,0.901-X9) * max(0,1.16-X2) + 0.445*max(0,0.968-X5) - 0.430*X7 * max(0,X7-2.02) - 0.425*max(0,X5+1.31) + 0.413*max(0,X15-0.761) - 0.413*abs(X7) * max(0,X2-4.22) - 0.405*max(0,X9-0.0822) * max(0,-0.213-X7) + 0.405*abs(X4) - 0.393*abs(X6) - 0.389*max(0,X1-2.24) - 0.380*abs(X7) * max(0,X11-3.36) + 0.372*max(0,1.23-X11) * max(0,-0.875-X15) - 0.372*max(0,X5+0.550) - 0.372*abs(X7) * abs(X9) + 0.371*max(0,X2-1.16) + 0.365*max(0,0.901-X9) * max(0,0.0822-X9) - 0.357*max(0,X12+2.95) - 0.347*max(0,X9-0.0822) * X7 + 0.345*abs(X13) + 0.342*X7 * max(0,0.901-X9) + 0.341*max(0,X10-0.313) - 0.339*max(0,X6-2.10) * max(0,-0.213-X7) + 0.336*max(0,-0.213-X7) * max(0,-0.875-X15) - 0.335*X7 * max(0,0.0822-X9) + 0.303*max(0,X15-0.761) * abs(X9) + 0.294*max(0,-0.213-X7) * max(0,-1.70-X7) + 0.291*max(0,1.62-X3) + 0.290*X0 - 0.287*max(0,4.09-X0) - 0.283*abs(X7) * max(0,0.0822-X9) + 0.281*max(0,X3-3.64) + 0.272*max(0,X9-0.0822) * abs(X9) - 0.268*max(0,X3+0.405) - 0.262*max(0,X10-4.55) + 0.261*max(0,X6-2.10) * max(0,1.23-X11) - 0.256*max(0,X5+2.83) - 0.255*abs(X7) * max(0,-0.213-X7) + 0.252*abs(X14) - 0.240*max(0,X1-3.12) + 0.222*max(0,X1+0.418) - 0.210*max(0,X11-4.43) - 0.210*max(0,X9-3.36) + 0.195*max(0,0.0822-X9) + 0.194*max(0,X2-2.18) + 0.193*max(0,X4-1.42) * max(0,-1.70-X7) - 0.165*max(0,X6-2.10) * max(0,X1-3.12) - 0.162*max(0,X7-1.27) * max(0,-6.23-X12) + 0.161*max(0,5.04-X6) - 0.148*max(0,X4-1.42) * max(0,0.901-X9) - 0.144*max(0,-0.550-X5) + 0.141*max(0,X15-0.761) * max(0,X9-0.0822) - 0.140*max(0,-1.70-X7) * max(0,X13-2.34) - 0.140*max(0,X14-0.766) + 0.131*max(0,3.17-X13) + 0.128*max(0,0.209-X5) + 0.127*max(0,X4-0.764) - 0.127*max(0,2.75-X8) + 0.124*max(0,-5.13-X12) * max(0,X13-2.34) - 0.119*max(0,1.16-X2) * max(0,-2.83-X5) - 0.117*max(0,X8-6.74) - 0.116*abs(X9) * max(0,-2.83-X5) + 0.102*abs(X8) - 0.0968*abs(X10) + 0.0882*max(0,4.06-X6) - 0.0871*max(0,X2-4.22) * max(0,-0.466-X15) + 0.0869*X10**2 + 0.0843*max(0,X9-0.0822) + 0.0813*max(0,1.16-X2) * max(0,X7-2.02) - 0.0804*max(0,X1-3.12) * max(0,1.23-X11) - 0.0786*abs(X15) + 0.0667*max(0,1.16-X2) * max(0,1.23-X11) + 0.0659*max(0,1.16-X2) * max(0,0.0822-X9) + 0.0657*max(0,X3-4.66) - 0.0617*max(0,X12+6.23) - 0.0614*max(0,0.901-X9) * max(0,1.23-X11) - 0.0581*max(0,4.08-X8) + 0.0576*max(0,0.467-X1) - 0.0520*max(0,0.901-X9) * max(0,X11-3.36) - 0.0471*X7 - 0.0452*max(0,-1.70-X7) * abs(X9) + 0.0445*max(0,X4-1.42) * max(0,1.23-X11) - 0.0436*max(0,X4-2.07) - 0.0426*max(0,4.22-X2) - 0.0418*max(0,X11-6.55) - 0.0406*max(0,X3-0.607) - 0.0397*max(0,1.61-X0) - 0.0392*X7 * max(0,-1.70-X7) - 0.0387*max(0,X8-4.08) + 0.0359*max(0,X0-6.57) - 0.0311*max(0,-0.213-X7) * max(0,-2.83-X5) + 0.0303*max(0,X6-2.10) + 0.0296*max(0,1.16-X2) * max(0,-0.875-X15) + 0.0271*max(0,X0-7.81) + 0.0244*max(0,X15-0.761) * max(0,0.0822-X9) - 0.0235*max(0,X6-2.10) * max(0,X1-2.24) - 0.0215*max(0,0.766-X14) + 0.0207*abs(X7) * max(0,X3-3.64) + 0.0167*max(0,2.34-X13) - 0.0160*max(0,X14-1.92) - 0.0150*abs(X1) - 0.0125*max(0,2.24-X1) + 0.0124*max(0,X9-3.36) * abs(X9) + 0.0111*max(0,-0.937-X13) - 0.0101*max(0,X12+5.13) + 0.00983*max(0,X9-3.36) * max(0,1.16-X2) - 0.00716*max(0,X11-3.36) * abs(X9) - 0.00678*X14**2 + 0.00651*max(0,X3-2.63) - 0.00574*max(0,5.33-X0) - 0.00316*max(0,X1-2.24) * max(0,X1-3.12) - 0.00265*X5**2 - 0.00259*max(0,-0.213-X7) * max(0,1.16-X2) - 0.00251*max(0,-1.70-X7) * max(0,-2.83-X5) - 0.00205*max(0,2.85-X0) - 0.00142*X7 * max(0,X1-3.12) + 0.00136*max(0,X15+0.466) - 0.000740*max(0,X1-2.24) * X7 - 0.000689*X7 * max(0,X3-3.64) + 0.000193*X12**2 + 0.000158*max(0,X3-3.64) * max(0,1.23-X11) - 8.28e-5*max(0,2.01-X10) + 2.96e-5*max(0,X3-3.64) * abs(X9) - 4.81e-7*max(0,-1.70-X7) * max(0,X13-1.52) + 6.99e-10*max(0,X3-3.64) * max(0,1.16-X2) + 9.08e-11*max(0,X3-3.64) * max(0,-0.213-X7)"
ffx,579_fri_c0_250_5,ok,-2822.695628,53.672423,1642,15.32,,"-1.69 - 4240*max(0,X1-1.30) * max(0,X4-1.24) - 38.4*max(0,X1-1.30) * max(0,X3-1.22) + 22.4*max(0,X1-1.30) * max(0,X3-0.762) + 16.5*max(0,X0-0.821) * max(0,X3-1.22) + 12.9*max(0,X0-0.821) * max(0,X1-1.30) - 11.3*max(0,X0-0.821) * max(0,X3-0.762) + 10.1*max(0,-0.640-X2) * max(0,X4-1.24) - 9.42*max(0,X1-1.30) * max(0,X3-0.305) + 8.90*max(0,X4-1.24) * max(0,X3-1.22) - 8.64*max(0,-0.534-X0) * max(0,X1-1.30) + 6.93*max(0,X4-1.24) * max(0,X0-0.369) - 6.74*max(0,-0.653-X4) * max(0,X3-1.22) - 6.35*max(0,X1-1.30) * max(0,X0-0.369) + 6.04*max(0,-0.640-X2) * max(0,X0-0.821) + 5.84*max(0,X0-0.821) * max(0,X4-0.295) + 5.47*max(0,-0.640-X2) * max(0,X3-1.22) - 5.34*max(0,X0-0.821) - 4.80*max(0,-0.534-X0) * max(0,X4-1.24) - 4.77*max(0,-0.534-X0) * max(0,X3-1.22) + 4.49*max(0,-0.640-X2) * max(0,X1-1.30) + 4.45*abs(X1) * max(0,X0-0.821) + 4.35*max(0,X0-0.821) * max(0,X3-0.305) - 4.23*max(0,X3-0.762) * max(0,X4-1.24) - 3.86*abs(X1) * max(0,X4-1.24) + 3.86*abs(X4) * max(0,X3-1.22) - 3.65*max(0,X3-0.762) * max(0,X0-0.369) - 3.52*max(0,X4-0.295) * max(0,X0-0.369) - 3.51*X0 * max(0,X4-1.24) + 3.50*max(0,X1-1.30) * max(0,X4-0.295) + 3.41*max(0,X3-1.22) * max(0,X0-0.369) + 3.26*max(0,X4-1.24) * max(0,X3-0.305) - 3.23*max(0,-0.640-X2) * max(0,X3-0.762) + 3.04*max(0,X0-0.369) - 2.93*abs(X1) * max(0,X3-0.305) - 2.89*abs(X3) * max(0,X3-1.22) + 2.86*max(0,X3-0.305) * max(0,X3-1.22) - 2.83*max(0,X3-1.22) + 2.70*max(0,X3-0.305) * max(0,X0-0.369) - 2.67*max(0,X0-0.821) * max(0,X4-1.24) - 2.63*abs(X1) * max(0,X0-0.369) + 2.53*max(0,-0.640-X2) * max(0,X3-0.305) + 2.33*max(0,X1-1.30) - 2.29*max(0,-0.986-X0) + 2.27*max(0,-0.534-X0) * max(0,X3-0.305) - 2.24*max(0,X3-0.762) * max(0,X4-0.295) + 2.10*abs(X3) * max(0,X4-1.24) + 2.07*abs(X1) * abs(X3) + 2.05*max(0,X3-0.762) * max(0,X3-0.305) + 1.97*abs(X4) - 1.96*max(0,X4+0.179) + 1.89*max(0,X3-0.762) * max(0,X3-1.22) - 1.84*max(0,-0.640-X2) * max(0,-0.152-X3) - 1.83*max(0,X4-1.24) * max(0,X4-0.295) - 1.81*max(0,-0.640-X2) * X3 + 1.80*max(0,X1-1.30) * max(0,-0.152-X3) - 1.76*max(0,-0.179-X4) + 1.68*max(0,-0.534-X0) * max(0,X4-0.295) - 1.61*abs(X1) * max(0,-0.152-X3) + 1.61*max(0,X1-1.30) * X3 - 1.60*max(0,X3-0.305) + 1.57*max(0,X4-0.295) * max(0,X3-0.305) + 1.55*X0 + 1.53*max(0,-0.608-X3) + 1.52*max(0,X0-0.821) * max(0,-0.152-X3) + 1.51*max(0,-0.534-X0) + 1.46*max(0,-0.653-X4) * max(0,X0-0.369) - 1.44*X0 * max(0,X1-1.30) + 1.39*max(0,-0.152-X3) * max(0,X4-0.295) + 1.36*max(0,X4-0.768) - 1.26*max(0,0.295-X4) + 1.25*max(0,X4-0.295) * max(0,X3-1.22) - 1.25*abs(X3) * max(0,X0-0.369) - 1.23*max(0,-0.534-X0) * abs(X4) + 1.16*max(0,-0.152-X3) * max(0,X4-1.24) - 1.15*max(0,X4-1.24) - 1.15*abs(X1) * max(0,X3-1.22) - 1.14*X0 * max(0,X3-1.22) + 1.13*max(0,-0.653-X4) * max(0,X3-0.305) - 1.11*max(0,-0.0824-X0) - 1.10*max(0,0.369-X0) - 1.06*X3 * max(0,X0-0.369) - 1.01*max(0,-0.534-X0) * max(0,-0.152-X3) - 0.989*max(0,-0.640-X2) * max(0,X4-0.295) - 0.989*max(0,-0.640-X2) * max(0,X0-0.369) - 0.988*max(0,X0-0.821) * abs(X4) + 0.976*max(0,0.768-X4) - 0.957*max(0,X1-0.820) + 0.941*X0**2 - 0.905*abs(X1) * max(0,X1-1.30) + 0.893*X0 * max(0,X4-0.295) + 0.892*abs(X4) * max(0,X3-0.305) + 0.889*max(0,X1-1.30) * abs(X4) + 0.868*max(0,X4+0.653) - 0.867*max(0,-0.640-X2) - 0.856*abs(X2) - 0.828*max(0,-0.534-X0) * X3 + 0.810*max(0,X2-0.305) + 0.807*max(0,X0-0.821) * X3 - 0.803*abs(X3) * max(0,X4-0.295) - 0.789*max(0,X0+0.0824) - 0.768*max(0,-0.152-X3) * max(0,X0-0.369) - 0.747*X0 * abs(X4) - 0.700*abs(X4) * X3 + 0.698*abs(X1) * max(0,X3-0.762) + 0.694*max(0,X4-0.295) + 0.694*max(0,X1-1.30) * abs(X3) - 0.646*X0 * max(0,X0-0.369) - 0.642*max(0,-0.152-X3) + 0.637*max(0,-0.640-X2) * abs(X3) + 0.636*max(0,0.305-X2) - 0.635*max(0,-0.143-X1) - 0.625*abs(X4) * max(0,X3-0.762) - 0.624*max(0,0.762-X3) + 0.619*X0 * max(0,X3-0.762) + 0.612*max(0,X2+0.167) - 0.604*max(0,X2-1.25) - 0.599*max(0,0.305-X3) + 0.596*abs(X3) + 0.570*max(0,1.27-X0) - 0.539*max(0,X2-0.778) - 0.523*max(0,X0-0.821) * max(0,X0-0.369) + 0.517*X0 * max(0,X3-0.305) - 0.510*abs(X4) * max(0,X4-0.295) + 0.509*max(0,X1-0.338) - 0.504*X3 * max(0,X3-1.22) + 0.480*max(0,0.821-X0) + 0.468*X3 * max(0,X4-1.24) + 0.460*abs(X4) * max(0,X0-0.369) + 0.445*max(0,-1.07-X3) - 0.439*abs(X4) * max(0,-0.152-X3) + 0.426*X3 * max(0,X3-0.305) + 0.396*abs(X1) * max(0,X4-0.295) + 0.394*abs(X3) * max(0,X3-0.305) - 0.390*abs(X1) * abs(X4) + 0.389*X2**2 + 0.380*max(0,X3-0.762) + 0.364*abs(X1) * X3 + 0.363*max(0,1.22-X3) + 0.349*max(0,X0-1.27) + 0.348*abs(X4) * max(0,X4-1.24) - 0.330*abs(X4) * abs(X3) - 0.327*max(0,X3+1.07) - 0.327*max(0,-0.534-X0) * max(0,X3-0.762) - 0.301*X0 * max(0,-0.640-X2) - 0.285*abs(X1) * max(0,-0.640-X2) + 0.277*max(0,-1.11-X1) + 0.267*X3 * max(0,-0.152-X3) + 0.260*max(0,X0-0.821) * abs(X3) + 0.254*max(0,X1+0.143) + 0.242*max(0,1.30-X1) + 0.240*X3 * max(0,X4-0.295) - 0.239*abs(X1) + 0.232*max(0,-1.13-X4) - 0.232*max(0,-0.152-X3) * abs(X3) - 0.214*X3**2 + 0.211*X1 + 0.209*max(0,X3+0.608) - 0.197*X0 * max(0,X0-0.821) + 0.189*max(0,-0.534-X0) * max(0,-0.640-X2) + 0.185*max(0,-0.534-X0) * abs(X3) - 0.177*X0 * X3 - 0.173*max(0,X0+0.534) - 0.154*max(0,-0.653-X4) + 0.148*X3 + 0.147*max(0,-0.167-X2) + 0.130*abs(X0) + 0.122*max(0,1.24-X4) - 0.120*max(0,-1.11-X2) + 0.0870*X1**2 - 0.0801*X2 - 0.0731*X3 * abs(X3) - 0.0677*max(0,-0.534-X0) * abs(X1) - 0.0539*max(0,X2+0.640) + 0.0535*max(0,X1+1.11) - 0.0476*max(0,-0.534-X0) * X0 + 0.0328*max(0,-0.624-X1) + 0.0313*max(0,0.778-X2) - 0.0290*max(0,X3-0.762) * abs(X3) + 0.0282*max(0,-0.640-X2) * abs(X4) + 0.0259*max(0,X3+0.152) - 0.0188*X0 * max(0,-0.152-X3) + 0.0178*X0 * abs(X3) - 0.00894*max(0,X1+0.624) - 0.00595*abs(X1) * X0 - 0.00567*max(0,0.338-X1) - 1.66e-8*max(0,X3-0.762) * X3"
ffx,581_fri_c3_500_25,ok,-0.064967,1.166366,1642,30.92,,"0.556 - 29.4*max(0,-1.22-X20) * max(0,X15-1.31) - 12.5*max(0,X15-1.31) * max(0,X0-1.59) + 7.34*max(0,-0.632-X9) * max(0,X0-1.59) - 5.65*max(0,X1-0.764) * max(0,X0-1.59) - 4.97*max(0,X13-1.47) * max(0,X15-1.31) - 4.26*max(0,X13-1.47) * max(0,X17-0.688) - 4.06*max(0,X10-1.38) * max(0,X1-0.764) - 3.36*max(0,X21-1.31) * max(0,X1-0.764) + 3.22*max(0,-1.22-X20) * max(0,-1.02-X5) - 3.19*max(0,0.472-X0) * max(0,X1-0.764) + 2.80*abs(X0) * max(0,X1-0.764) - 2.43*max(0,X6-1.20) * max(0,-1.02-X5) + 2.43*max(0,X21-1.31) * max(0,-0.571-X5) - 2.12*max(0,X19-0.895) * max(0,X0-1.59) - 1.94*max(0,-0.580-X23) * max(0,-1.02-X5) + 1.84*max(0,X13-1.47) * max(0,X21-1.31) - 1.78*max(0,-1.22-X20) * max(0,X5-1.24) + 1.59*max(0,X17-1.13) * max(0,X5-1.24) - 1.58*max(0,X1+0.178) + 1.56*max(0,X0-1.03) + 1.47*max(0,-0.632-X9) * max(0,X15-1.31) - 1.36*max(0,X19-0.895) * max(0,X21-1.31) - 1.32*max(0,X6-1.20) * max(0,X17-0.688) - 1.27*max(0,-0.632-X9) * max(0,X13-1.47) - 1.26*max(0,-1.22-X20) * max(0,-0.642-X0) - 1.24*max(0,X6-1.20) * max(0,X1+0.178) + 1.23*max(0,X1+0.178) * max(0,0.472-X0) + 0.903*max(0,X21-1.31) * max(0,X17-0.688) - 0.809*max(0,-0.580-X23) * max(0,X21-1.31) + 0.732*max(0,X2-2.02) - 0.727*max(0,-0.580-X23) * max(0,X5-1.24) - 0.716*max(0,-0.632-X9) * max(0,-1.22-X20) + 0.714*abs(X1) * max(0,X6-1.20) + 0.602*max(0,X6-1.20) * max(0,-0.580-X23) + 0.585*max(0,X17-1.13) * max(0,X1-0.764) + 0.580*max(0,0.472-X0) - 0.573*max(0,-0.580-X23) * max(0,X17-0.688) + 0.520*max(0,-0.580-X23) * max(0,-1.22-X20) - 0.503*max(0,X13-1.47) * max(0,-0.571-X5) + 0.440*max(0,X11-0.290) - 0.422*max(0,-0.580-X23) * max(0,X11-0.759) + 0.388*max(0,X3+0.519) - 0.371*abs(X0) - 0.370*max(0,-1.12-X1) - 0.356*max(0,-0.964-X3) + 0.350*abs(X1) * max(0,X15-1.31) + 0.345*max(0,-0.642-X0) * max(0,X17-0.688) + 0.343*max(0,X6-1.20) * max(0,X11-0.759) - 0.327*max(0,-0.293-X4) + 0.324*max(0,0.602-X2) - 0.320*max(0,X17-1.13) * max(0,-0.580-X23) + 0.320*max(0,-0.819-X2) + 0.320*max(0,X1-0.764) + 0.319*max(0,X19-0.895) * max(0,X17-1.13) - 0.315*max(0,-1.12-X11) - 0.309*abs(X1) * max(0,0.472-X0) - 0.298*max(0,X16-1.20) - 0.283*max(0,X1+0.650) + 0.270*max(0,X14-1.21) - 0.268*max(0,X10-1.38) * max(0,-0.642-X0) + 0.260*max(0,X17-1.13) * max(0,X0-1.03) - 0.254*max(0,X19-0.895) * max(0,X1+0.178) + 0.243*max(0,X2-1.31) - 0.240*max(0,-0.571-X5) * max(0,X11-0.759) + 0.239*max(0,X19-1.40) - 0.234*max(0,X6-1.20) * max(0,-0.642-X0) - 0.232*max(0,0.472-X0) * max(0,X11-1.23) + 0.222*abs(X1) * max(0,X1-0.764) + 0.222*max(0,X13-1.47) * max(0,-0.642-X0) - 0.210*max(0,X10-1.38) - 0.210*max(0,-1.22-X20) * max(0,X17-0.688) - 0.201*max(0,X4-3.34) - 0.196*max(0,-1.15-X22) - 0.195*max(0,X19-0.895) * max(0,X0-1.03) - 0.182*max(0,-0.642-X0) * max(0,X15-1.31) - 0.173*max(0,-0.982-X24) - 0.169*max(0,-1.22-X20) * max(0,X11-0.759) - 0.168*max(0,-0.642-X0) + 0.167*max(0,-0.571-X5) * max(0,-1.02-X5) - 0.164*max(0,X19-0.895) * max(0,-1.02-X5) + 0.164*max(0,X1+0.178) * max(0,X1-0.764) - 0.153*max(0,-0.558-X13) + 0.152*max(0,X0-0.472) - 0.149*max(0,1.88-X4) + 0.144*max(0,0.290-X11) + 0.142*max(0,X18-1.12) - 0.136*abs(X1) * max(0,-1.02-X5) + 0.133*max(0,X19-0.895) * max(0,-0.580-X23) - 0.132*max(0,X19-0.895) * max(0,X4-3.34) - 0.128*abs(X0) * max(0,X4-3.34) - 0.126*max(0,X5-1.24) * max(0,X11-0.759) - 0.122*max(0,3.34-X4) + 0.122*max(0,X9-1.13) - 0.121*abs(X1) * max(0,X11-0.759) - 0.116*max(0,-0.632-X9) * max(0,-0.642-X0) - 0.115*abs(X0) * max(0,X11-0.759) - 0.113*max(0,X19-0.895) * max(0,X11-0.759) - 0.112*max(0,X10-1.38) * max(0,X1+0.178) + 0.111*max(0,X5-1.24) * max(0,-0.642-X0) + 0.104*abs(X19) - 0.103*max(0,X17-0.688) + 0.0989*max(0,-0.632-X9) * max(0,0.472-X0) + 0.0956*max(0,X7-1.29) + 0.0933*max(0,-0.997-X14) - 0.0888*max(0,X20-1.16) - 0.0849*max(0,X23-0.718) - 0.0822*max(0,X24-1.20) - 0.0761*max(0,-0.0730-X3) - 0.0727*max(0,-1.22-X20) - 0.0723*max(0,X19-0.895) * abs(X1) - 0.0685*max(0,-0.991-X15) - 0.0649*max(0,-0.487-X12) + 0.0614*max(0,-0.742-X20) + 0.0571*max(0,-1.24-X18) - 0.0555*max(0,X6-1.20) * max(0,X15-1.31) + 0.0510*max(0,0.194-X22) + 0.0502*max(0,X8-1.20) + 0.0488*max(0,-0.580-X23) * max(0,0.472-X0) - 0.0460*max(0,X17-1.13) * max(0,-1.22-X20) + 0.0426*abs(X12) + 0.0413*max(0,-1.17-X8) - 0.0376*max(0,X19-0.895) * max(0,X13-1.47) + 0.0372*max(0,0.245-X17) + 0.0370*max(0,X21-0.391) - 0.0355*max(0,-0.632-X9) * max(0,X10-1.38) + 0.0319*max(0,X15-1.31) * max(0,X17-0.688) - 0.0314*max(0,-0.632-X9) * max(0,X1+0.178) - 0.0307*max(0,X15+0.532) + 0.0300*max(0,-0.606-X16) - 0.0269*abs(X1) - 0.0259*max(0,X22-0.194) + 0.0239*abs(X20) + 0.0195*max(0,-0.571-X5) * max(0,0.472-X0) - 0.0184*max(0,X13-1.47) * max(0,X1+0.178) + 0.0181*max(0,-1.09-X17) - 0.0175*max(0,0.333-X5) - 0.0169*max(0,0.383-X7) - 0.0150*max(0,-0.632-X9) * max(0,-1.02-X5) + 0.00930*max(0,X12-0.963) + 0.00762*max(0,0.456-X13) + 0.00562*max(0,-0.571-X5) + 0.00519*max(0,X5+0.119) + 0.00511*max(0,X21-1.31) * max(0,-1.22-X20) - 0.00188*max(0,X9+0.632) - 0.000890*max(0,X4-3.34) * max(0,X0-1.59) - 0.000879*max(0,X15-0.847) - 0.000458*max(0,X18+0.296) - 1.05e-6*max(0,X4-3.34) * max(0,X1-0.764) - 2.09e-9*max(0,X4-3.34) * max(0,X0-1.03) - 4.57e-10*max(0,-1.02-X5) * max(0,X4-3.34) - 3.50e-11*max(0,X11-0.759) * max(0,X4-3.34)"
ffx,582_fri_c1_500_25,ok,0.683792,0.523019,1642,20.77,,"0.471 + 20.2*max(0,X1-1.25) * max(0,X5-1.43) - 8.86*max(0,X1-1.25) * max(0,X0-1.59) + 6.95*max(0,X1-1.25) * max(0,-1.09-X15) - 5.76*max(0,-0.935-X4) * max(0,-1.04-X18) + 4.88*max(0,X13-1.11) * max(0,X1-0.812) - 4.25*max(0,X5-1.43) * max(0,X8-1.21) - 4.01*max(0,X1-1.25) * max(0,X3-1.38) - 3.73*max(0,X1-0.372) * max(0,X5-1.43) - 3.18*max(0,X13-1.11) * max(0,X10-1.41) - 3.03*max(0,-0.932-X3) * max(0,X0-1.59) + 2.98*max(0,X1-1.25) * max(0,-1.04-X18) + 2.90*max(0,-0.932-X3) * max(0,X8-1.21) + 2.54*max(0,X0+0.177) * max(0,X1-0.812) + 2.52*max(0,-1.36-X0) * max(0,-1.04-X18) + 2.17*max(0,-0.935-X4) * max(0,X3-1.38) + 2.03*max(0,X0-1.00) - 1.92*max(0,-0.935-X4) * max(0,X10-1.41) + 1.89*max(0,-0.932-X3) * max(0,X13-1.11) - 1.86*max(0,X1+0.0672) * max(0,X13-1.11) - 1.83*max(0,X0-1.59) * max(0,-1.04-X18) - 1.82*max(0,X1+0.0672) - 1.75*max(0,-0.932-X3) * max(0,-1.36-X0) + 1.55*max(0,X1-1.25) * max(0,X8-1.21) + 1.54*max(0,-0.636-X7) * max(0,X13-1.11) + 1.41*max(0,-1.36-X0) * max(0,X3-1.38) - 1.25*max(0,-0.501-X22) * max(0,X3-1.38) + 1.24*max(0,-1.04-X18) * max(0,X5-1.43) - 1.21*max(0,X0+0.177) - 1.19*max(0,X3-1.38) * max(0,X16-0.785) + 1.19*max(0,-1.36-X0) * max(0,X8-1.21) + 1.17*max(0,-0.946-X1) * max(0,X4-1.37) - 1.06*max(0,-1.36-X0) * max(0,X10-1.41) + 1.06*max(0,-0.932-X3) * max(0,X16-1.23) + 1.05*max(0,-0.636-X7) * max(0,X0-1.59) - 1.02*max(0,X16-1.23) * max(0,X13-1.11) + 0.987*max(0,-0.932-X3) * max(0,X10-1.41) - 0.942*max(0,-0.946-X1) * max(0,-1.09-X15) - 0.913*max(0,X1-0.372) * max(0,X16-1.23) - 0.874*max(0,-0.946-X1) * max(0,-0.935-X4) + 0.868*max(0,-0.501-X22) * max(0,X16-0.785) + 0.842*max(0,X1-1.25) - 0.807*max(0,-0.501-X22) * max(0,X5-1.43) - 0.797*max(0,-0.507-X1) - 0.781*max(0,-0.946-X1) * max(0,-1.04-X18) + 0.739*max(0,-0.507-X1) * max(0,X4-1.37) + 0.694*max(0,-0.636-X7) * max(0,X8-1.21) + 0.657*max(0,X16-0.785) * max(0,X0-1.00) + 0.640*max(0,-0.932-X3) * max(0,X1-0.372) + 0.633*max(0,X21-1.22) - 0.630*max(0,X1-1.25) * max(0,-0.501-X22) + 0.597*max(0,-0.638-X15) * max(0,-1.04-X18) + 0.593*max(0,-0.501-X22) * max(0,X4-1.37) - 0.574*max(0,-1.09-X15) * max(0,X16-0.785) + 0.550*max(0,X10-1.41) - 0.544*max(0,-0.932-X3) * max(0,X0+0.177) + 0.531*max(0,X5-1.43) * max(0,X10-1.41) + 0.505*max(0,-0.507-X1) * max(0,X8-1.21) - 0.488*max(0,X0-1.59) * max(0,-0.935-X4) - 0.467*max(0,-0.501-X22) * max(0,-1.09-X15) + 0.456*max(0,-0.501-X22) * max(0,X8-1.21) - 0.449*max(0,-0.507-X1) * max(0,X5-1.43) + 0.446*max(0,-0.468-X2) - 0.420*max(0,X19-1.18) + 0.386*max(0,X3+0.932) + 0.384*max(0,X8-1.21) + 0.365*max(0,-0.507-X1) * max(0,X0+0.177) - 0.347*max(0,X8-0.732) - 0.341*max(0,-0.501-X22) * max(0,X1-0.812) - 0.339*max(0,-0.469-X3) + 0.333*max(0,-1.08-X11) + 0.332*max(0,X2+0.0182) - 0.324*max(0,-0.638-X15) * max(0,X16-0.785) + 0.323*max(0,X5-1.43) * max(0,X3-1.38) - 0.308*max(0,X0+0.177) * max(0,-1.09-X15) - 0.285*max(0,X7-1.18) - 0.273*max(0,X10-1.41) * max(0,X1-0.812) - 0.273*max(0,-0.991-X19) + 0.266*max(0,-0.636-X7) * max(0,X10-1.41) + 0.264*max(0,-0.969-X17) - 0.263*max(0,-0.177-X0) - 0.262*max(0,-0.0672-X1) + 0.253*max(0,-0.501-X22) * max(0,-1.04-X18) - 0.250*max(0,X9-1.13) + 0.241*max(0,X17-1.35) - 0.228*max(0,X20-1.23) - 0.227*max(0,-0.636-X7) * max(0,X16-1.23) - 0.223*max(0,-1.09-X13) + 0.218*max(0,-1.15-X23) - 0.212*max(0,-1.16-X9) - 0.209*max(0,-1.09-X7) + 0.196*max(0,X4+0.473) - 0.191*max(0,X13-0.670) - 0.178*max(0,-0.935-X4) * max(0,X16-1.23) + 0.170*max(0,-0.636-X7) * max(0,X0+0.177) + 0.168*max(0,-0.953-X22) + 0.167*max(0,-1.02-X24) + 0.161*max(0,-0.638-X15) + 0.160*max(0,-1.04-X18) - 0.148*max(0,-0.638-X15) * max(0,X1+0.0672) - 0.147*max(0,-0.501-X22) * max(0,-0.935-X4) + 0.147*max(0,X3-1.38) + 0.147*max(0,X11-0.289) + 0.147*max(0,X24-1.31) + 0.0996*max(0,X14-1.20) + 0.0944*max(0,-0.997-X20) - 0.0933*max(0,-1.02-X6) - 0.0881*max(0,-1.10-X12) + 0.0820*max(0,X12-1.24) + 0.0818*max(0,X1+0.0672) * max(0,X1-0.812) - 0.0740*max(0,X9-0.213) - 0.0726*max(0,X16-1.23) * max(0,X10-1.41) + 0.0717*max(0,-0.501-X22) * max(0,-0.507-X1) + 0.0707*max(0,-0.932-X3) * max(0,-0.638-X15) + 0.0677*max(0,-0.501-X22) * max(0,-0.636-X7) - 0.0648*max(0,-0.501-X22) * max(0,X13-1.11) - 0.0602*max(0,0.290-X18) + 0.0588*max(0,X4-1.37) * max(0,X16-0.785) - 0.0534*max(0,X6-0.346) + 0.0516*max(0,X4-0.913) + 0.0505*max(0,-0.625-X11) + 0.0496*max(0,X16-1.23) * max(0,X16-0.785) + 0.0481*max(0,X17+0.0433) - 0.0448*max(0,X18-0.290) - 0.0446*max(0,X10-0.483) - 0.0395*max(0,X18-0.733) + 0.0352*max(0,-0.918-X2) + 0.0339*max(0,-0.427-X5) + 0.0332*max(0,-0.560-X21) + 0.0332*max(0,X5-0.0373) + 0.0278*max(0,0.376-X24) + 0.0240*max(0,X24-0.376) - 0.0227*max(0,X9+0.245) - 0.0165*max(0,X1-1.25) * max(0,X16-0.785) - 0.0165*max(0,X14+0.662) + 0.0136*max(0,X22-0.854) - 0.0100*max(0,X7-0.722) + 0.00994*max(0,-0.636-X7) * max(0,-0.638-X15) + 0.00868*max(0,X1-0.372) * max(0,X1-0.812) - 0.00639*max(0,-0.245-X9) + 0.00593*max(0,X4-1.37) * max(0,X16-1.23) + 0.00538*max(0,-0.662-X14) - 0.00302*max(0,X20+0.106) - 0.000482*max(0,-0.121-X19) + 0.000164*max(0,0.483-X10)"
ffx,583_fri_c1_1000_50,ok,0.705103,0.537943,1013,50.69,,"1.68 + 3.44*max(0,X1-0.991) + 1.99*max(0,X0-1.42) + 1.88*max(0,X0-0.859) - 1.09*max(0,X37-1.25) - 0.941*abs(X1) - 0.873*max(0,X1-0.0501) + 0.699*max(0,X6-1.15) + 0.694*max(0,X1-1.46) + 0.679*max(0,-0.570-X2) - 0.659*max(0,X11-1.26) - 0.618*max(0,X49-1.27) + 0.605*max(0,X15-1.31) - 0.566*abs(X0) - 0.526*max(0,X0+0.270) - 0.510*max(0,X47-1.33) + 0.493*max(0,-1.21-X6) + 0.489*max(0,-0.900-X26) + 0.482*max(0,X30-1.26) - 0.476*max(0,-0.931-X24) + 0.415*max(0,X34-1.26) + 0.414*max(0,-1.06-X12) + 0.404*max(0,X3-0.232) - 0.398*max(0,X27-1.44) + 0.374*max(0,-1.10-X7) + 0.349*max(0,-1.03-X45) - 0.293*max(0,1.13-X3) - 0.287*max(0,X39-1.18) + 0.279*max(0,-1.09-X8) - 0.277*max(0,-1.01-X17) - 0.275*abs(X45) - 0.269*max(0,X33-0.832) + 0.267*max(0,-1.04-X40) + 0.267*max(0,X23-1.17) - 0.252*max(0,X19-0.743) - 0.237*max(0,-1.03-X34) + 0.229*max(0,-0.879-X27) + 0.226*max(0,X45-1.26) - 0.225*max(0,X45-0.346) - 0.221*max(0,-1.10-X21) + 0.204*max(0,-0.696-X29) - 0.203*max(0,X3-1.13) - 0.191*max(0,-0.974-X22) + 0.190*max(0,0.991-X1) - 0.189*max(0,X1+0.420) - 0.185*max(0,X8-0.258) + 0.159*max(0,X36-0.850) + 0.158*max(0,-0.987-X49) - 0.153*max(0,X41-0.968) + 0.147*max(0,X18-0.447) - 0.144*max(0,X8-1.16) + 0.142*max(0,X40-0.847) + 0.135*max(0,X14-1.28) + 0.135*max(0,-1.02-X48) - 0.127*abs(X12) + 0.127*max(0,X25-1.53) - 0.126*abs(X23) + 0.124*max(0,X13-1.24) + 0.118*max(0,X24-1.39) + 0.118*max(0,X27+0.416) + 0.117*max(0,X47-0.373) + 0.114*max(0,X4+1.11) + 0.111*max(0,X21-1.24) - 0.107*max(0,-0.940-X33) + 0.107*max(0,-0.796-X39) + 0.0979*max(0,-0.977-X23) - 0.0967*max(0,-1.01-X38) - 0.0962*max(0,-1.11-X20) - 0.0932*max(0,0.671-X4) + 0.0913*max(0,X49+0.537) - 0.0896*max(0,-1.08-X15) - 0.0804*max(0,-0.170-X31) - 0.0788*max(0,0.468-X26) + 0.0779*abs(X16) - 0.0774*max(0,0.314-X23) - 0.0762*abs(X38) - 0.0734*max(0,-0.621-X36) + 0.0728*max(0,X17+0.0943) - 0.0722*max(0,X20+0.675) + 0.0716*max(0,-0.568-X37) + 0.0704*max(0,X43-0.795) + 0.0696*max(0,X11-0.304) + 0.0680*max(0,X10-1.36) + 0.0663*abs(X2) + 0.0660*max(0,0.807-X44) + 0.0640*max(0,X9-0.351) + 0.0605*abs(X11) - 0.0563*max(0,X35-1.24) - 0.0538*max(0,0.488-X41) + 0.0522*max(0,-1.40-X0) + 0.0504*max(0,-1.09-X5) - 0.0500*max(0,-0.173-X12) + 0.0495*abs(X42) + 0.0484*max(0,X18-0.910) + 0.0458*abs(X34) + 0.0456*max(0,0.305-X30) + 0.0435*max(0,0.447-X18) + 0.0433*max(0,-0.114-X34) - 0.0430*max(0,-1.10-X14) - 0.0420*abs(X48) + 0.0398*max(0,X16+0.168) - 0.0395*max(0,0.801-X35) - 0.0381*max(0,X46-1.01) - 0.0378*abs(X6) - 0.0368*max(0,X22+0.499) - 0.0351*abs(X22) - 0.0343*max(0,X15+0.602) + 0.0319*max(0,X36+1.11) - 0.0319*max(0,1.33-X47) - 0.0299*abs(X21) + 0.0294*max(0,X4-0.226) - 0.0282*max(0,X37+1.02) - 0.0271*max(0,X29-0.707) - 0.0269*max(0,X24+0.466) + 0.0251*abs(X9) - 0.0246*max(0,X31-1.22) - 0.0241*max(0,X10+0.502) - 0.0231*max(0,X48+0.0404) - 0.0228*max(0,X32-1.31) - 0.0178*max(0,X33+0.940) + 0.0175*max(0,-0.104-X2) + 0.0165*max(0,-0.416-X27) - 0.0162*max(0,X32-0.362) - 0.0160*max(0,X14+0.628) - 0.0133*max(0,0.758-X31) + 0.0114*max(0,X26+0.900) + 0.0106*max(0,0.351-X9) - 0.0104*max(0,-0.942-X9) + 0.0100*max(0,0.694-X5) + 0.00904*max(0,X7+0.633) + 0.00756*max(0,0.859-X0) + 0.00641*max(0,X17+0.552) + 0.00468*max(0,X43-0.356) + 0.00341*max(0,-0.633-X7) - 0.00242*max(0,-0.630-X21) - 0.00183*max(0,X29-0.239) - 0.00177*max(0,0.898-X28) + 0.00165*max(0,X3+0.669) + 1.22e-5*max(0,X25+0.414)"
ffx,584_fri_c4_500_25,ok,0.51899,0.646723,1398,29.63,,"0.738 + 28.4*max(0,X0-1.35) * max(0,X19-1.31) + 23.8*max(0,X5-1.82) * max(0,X22-1.24) + 12.5*max(0,-0.908-X10) * max(0,X8-1.33) - 9.07*max(0,-1.10-X3) * max(0,X16-1.22) + 7.36*max(0,X0-1.35) * max(0,X22-1.24) + 7.07*max(0,-1.06-X8) * max(0,X0-1.35) + 5.77*max(0,X8-1.33) * max(0,X0-0.729) - 5.37*max(0,-0.908-X10) * max(0,X16-1.22) + 4.72*max(0,-1.20-X21) * max(0,X7-1.26) + 3.65*max(0,X8-1.33) * max(0,X16-1.22) + 3.42*max(0,X12-1.28) * max(0,X1-0.836) - 2.30*max(0,-1.10-X3) * max(0,-1.20-X21) - 2.18*max(0,X8-1.33) * max(0,X22-1.24) - 2.05*max(0,X12-1.28) * max(0,X15-1.39) + 1.89*max(0,-0.908-X10) * max(0,X1-0.836) + 1.56*max(0,X1-0.836) - 1.53*max(0,-1.06-X8) * max(0,-0.908-X10) - 1.47*max(0,X1+0.139) * max(0,X16-1.22) + 1.42*max(0,X7-1.26) * max(0,X16-1.22) + 1.34*max(0,X12-1.28) * max(0,-1.10-X3) - 1.33*max(0,X7-1.26) * max(0,X20-0.727) + 1.27*max(0,X1+0.139) * max(0,X0-0.729) + 1.27*max(0,-1.20-X21) * max(0,X1-0.836) + 1.25*max(0,-0.706-X21) * max(0,X7-1.26) + 1.24*max(0,-1.10-X3) * max(0,-0.706-X21) + 1.23*max(0,X5-1.82) * max(0,X0-1.35) + 1.22*max(0,X5-1.82) * max(0,-0.706-X21) + 1.06*max(0,-1.06-X8) * max(0,X1-0.836) + 1.05*max(0,-0.706-X21) * max(0,X4-1.71) - 1.04*max(0,X1-0.836) * max(0,X0-1.97) + 1.01*max(0,-1.06-X8) * max(0,X0-0.729) + 0.995*max(0,-1.20-X21) * max(0,-0.908-X10) + 0.961*max(0,X12-1.28) * max(0,X22-1.24) - 0.913*max(0,-1.06-X8) * max(0,X22-1.24) - 0.852*max(0,X8-1.33) * max(0,X20-0.727) - 0.833*max(0,X19-0.842) * max(0,X22-1.24) + 0.818*max(0,X23-1.21) - 0.745*max(0,X16-1.22) * max(0,X4-1.71) + 0.729*max(0,X19-1.31) * max(0,X16-1.22) - 0.714*max(0,X0+0.508) + 0.711*max(0,X12-1.28) * max(0,-1.06-X8) - 0.707*max(0,X1+0.139) * max(0,X22-1.24) + 0.700*max(0,X10-1.41) - 0.697*max(0,-0.706-X21) * max(0,X15-1.39) - 0.697*max(0,X1+0.627) - 0.633*max(0,-0.908-X10) * max(0,X19-1.31) - 0.629*max(0,X3-1.22) + 0.604*max(0,X12-1.28) * max(0,-0.635-X3) - 0.568*max(0,X1+0.139) + 0.559*max(0,-0.635-X3) * max(0,X1-0.836) - 0.518*max(0,X16-1.22) * max(0,X0-0.729) - 0.508*max(0,X4-2.43) * max(0,X0-1.97) - 0.499*max(0,X19-0.842) * max(0,-0.706-X21) - 0.494*max(0,-0.627-X1) + 0.469*max(0,X12-1.28) - 0.462*max(0,X1+0.139) * max(0,X7-1.26) + 0.460*max(0,X20-0.727) * max(0,X0-0.729) + 0.455*max(0,-1.20-X21) * max(0,-1.06-X8) - 0.449*max(0,X19-0.842) * max(0,-0.635-X3) + 0.447*max(0,X22-1.24) * max(0,X15-1.39) - 0.445*max(0,-1.10-X3) + 0.443*max(0,X20-0.727) * max(0,X1-0.836) - 0.404*abs(X0) - 0.403*max(0,X5-1.82) * max(0,X16-1.22) - 0.391*abs(X1) + 0.388*max(0,X2-0.891) + 0.377*max(0,X3+1.10) + 0.362*max(0,X19-0.842) * max(0,X20-0.727) + 0.323*max(0,-1.20-X21) * max(0,X1+0.139) - 0.313*max(0,X7-1.26) - 0.287*max(0,-1.06-X8) - 0.262*max(0,-0.508-X0) + 0.253*max(0,X3-0.757) + 0.246*max(0,-1.07-X17) + 0.232*max(0,X5-1.82) * max(0,X0-0.729) - 0.212*max(0,X17-1.16) + 0.190*max(0,-1.10-X3) * max(0,-1.06-X8) - 0.187*max(0,X6-1.44) - 0.186*max(0,X22-1.24) - 0.185*max(0,X7-1.26) * max(0,X15-1.39) + 0.181*abs(X2) + 0.170*max(0,0.282-X2) - 0.160*max(0,X5-1.82) * max(0,X20-0.727) + 0.155*max(0,X8-0.850) - 0.154*max(0,X7-1.26) * max(0,X5-2.51) - 0.139*max(0,X12-1.28) * max(0,X19-1.31) + 0.137*max(0,X9-0.347) + 0.137*max(0,X16-0.765) - 0.132*max(0,X0-1.97) - 0.124*max(0,-0.210-X21) + 0.122*max(0,-0.567-X24) - 0.121*max(0,-1.11-X1) - 0.118*max(0,X14-0.944) + 0.114*max(0,X17-0.268) + 0.113*max(0,-0.326-X2) + 0.112*abs(X16) - 0.0989*max(0,X1+0.139) * max(0,X0-1.97) - 0.0953*max(0,X23-0.730) + 0.0892*max(0,-0.533-X18) + 0.0852*max(0,-0.578-X20) + 0.0769*max(0,0.371-X8) + 0.0767*max(0,X13-0.773) + 0.0756*max(0,-0.988-X7) - 0.0721*max(0,X14-1.41) - 0.0715*max(0,-0.971-X15) - 0.0687*abs(X23) + 0.0684*max(0,X19-0.842) * max(0,X16-1.22) - 0.0677*max(0,X13+0.159) - 0.0649*abs(X10) + 0.0591*max(0,-1.13-X0) - 0.0543*max(0,0.814-X7) - 0.0519*max(0,X23-0.252) + 0.0509*max(0,-0.959-X5) + 0.0452*max(0,0.484-X10) - 0.0363*max(0,X5-2.51) - 0.0307*max(0,0.444-X15) + 0.0302*max(0,0.308-X16) - 0.0240*max(0,0.391-X11) - 0.0231*max(0,-0.635-X3) + 0.0230*max(0,X20+0.578) + 0.0225*max(0,X18+0.533) - 0.0152*abs(X21) - 0.0145*abs(X11) + 0.0107*abs(X15) + 0.0106*abs(X4) + 0.0100*max(0,X19-0.842) * max(0,X0-0.729) + 0.00961*max(0,-1.09-X13) + 0.00729*abs(X9) + 0.00711*max(0,-0.983-X9) - 0.00460*max(0,0.474-X14) + 0.00357*max(0,X17+0.180) + 0.00266*max(0,X22-0.326) - 0.00157*abs(X19) + 0.000877*max(0,0.956-X6)"
ffx,586_fri_c3_1000_25,ok,0.123553,0.893384,1398,33.01,,"0.883 + 3.57*max(0,X1-0.883) + 2.66*max(0,X0-0.975) - 2.56*max(0,X3-1.37) + 2.48*max(0,-1.18-X10) - 2.36*max(0,X4-1.71) + 2.34*max(0,X21-1.21) + 2.12*max(0,X10-1.24) - 2.09*max(0,X14-1.37) - 2.02*max(0,X13-0.832) - 2.02*max(0,-0.571-X1) - 1.90*max(0,X16-1.22) + 1.88*max(0,X18-1.11) - 1.84*max(0,X22-1.31) - 1.74*max(0,X1+0.0864) - 1.71*max(0,X12-1.40) - 1.64*max(0,X8-0.881) + 1.59*max(0,-1.08-X21) + 1.56*max(0,X15-1.25) - 1.55*max(0,-0.694-X10) + 1.54*max(0,X8-1.35) + 1.51*max(0,-1.23-X20) + 1.45*max(0,X13-1.29) + 1.44*max(0,X2-2.39) + 1.37*max(0,-1.06-X1) + 1.36*max(0,X6-1.39) + 1.29*max(0,X4-2.37) + 1.24*max(0,X13-0.377) + 1.23*max(0,X20-0.794) - 1.21*max(0,-0.194-X5) - 1.19*max(0,X21-0.296) + 1.15*max(0,X11-1.20) + 1.10*max(0,X7-0.791) - 1.10*max(0,X5-1.16) - 1.08*max(0,-0.0864-X1) + 1.08*max(0,X5-0.711) + 1.07*max(0,X0-1.63) + 1.04*max(0,-1.10-X5) - 1.03*max(0,-1.24-X9) - 0.979*max(0,X9-1.09) + 0.950*max(0,X4-0.372) + 0.922*max(0,-0.962-X4) - 0.895*max(0,X9-0.626) - 0.894*max(0,X0+0.331) + 0.868*max(0,-0.306-X9) + 0.856*max(0,X14-0.907) + 0.835*max(0,-0.669-X11) + 0.834*max(0,X3-0.918) + 0.803*max(0,-0.533-X13) - 0.791*max(0,X18-0.651) - 0.790*max(0,-0.0781-X13) - 0.778*max(0,-1.14-X11) + 0.771*max(0,-0.823-X2) + 0.735*max(0,X2-1.11) - 0.708*max(0,X5+0.194) - 0.698*max(0,X23-1.45) + 0.687*max(0,-1.01-X12) + 0.669*max(0,X9+0.306) - 0.644*max(0,-0.694-X16) + 0.642*max(0,X5-0.259) - 0.640*max(0,X20-0.288) - 0.638*max(0,X1-1.37) - 0.619*max(0,-0.723-X20) + 0.615*max(0,X15-0.334) + 0.615*max(0,X22-0.422) - 0.594*max(0,-1.64-X0) - 0.592*max(0,0.296-X21) - 0.587*max(0,-0.448-X3) + 0.586*max(0,X12-0.914) + 0.567*max(0,-1.06-X6) - 0.566*max(0,-0.331-X0) + 0.565*max(0,X23-0.492) - 0.562*max(0,X15+0.123) - 0.558*max(0,-0.772-X9) + 0.547*max(0,0.398-X1) - 0.528*max(0,-0.202-X11) + 0.525*max(0,X19-1.32) + 0.506*max(0,-1.02-X17) - 0.505*max(0,X7-0.350) + 0.502*max(0,-1.17-X16) - 0.496*max(0,X23-0.0145) - 0.495*max(0,-0.620-X21) + 0.490*max(0,-0.162-X21) - 0.489*max(0,-0.0821-X6) - 0.489*max(0,-1.04-X15) + 0.470*max(0,-1.19-X18) - 0.451*max(0,-0.972-X7) + 0.443*max(0,X16-0.264) + 0.438*max(0,X14-0.449) + 0.418*max(0,X21+0.162) - 0.409*max(0,X6-0.408) - 0.388*max(0,-0.916-X22) - 0.380*max(0,-0.532-X12) + 0.377*max(0,X1-0.398) - 0.376*max(0,X2+0.180) + 0.374*max(0,-0.217-X20) + 0.373*max(0,1.11-X2) - 0.367*max(0,-0.463-X23) + 0.359*max(0,-0.0236-X22) - 0.351*max(0,X1+0.571) + 0.344*max(0,X3-0.463) - 0.343*max(0,X18-0.191) + 0.342*max(0,0.259-X5) + 0.340*max(0,0.883-X1) + 0.319*max(0,-0.940-X23) + 0.319*max(0,0.377-X13) + 0.315*max(0,X17+0.115) + 0.311*max(0,X24-0.708) - 0.310*max(0,X17-0.337) + 0.294*max(0,X8-0.414) - 0.291*max(0,-0.730-X18) + 0.291*max(0,0.975-X0) + 0.289*max(0,0.334-X15) - 0.276*max(0,X10-0.274) + 0.272*max(0,X10-0.759) + 0.271*max(0,X6-0.899) - 0.268*max(0,-0.988-X13) + 0.249*max(0,-0.646-X5) - 0.247*max(0,-0.848-X19) - 0.238*max(0,X6+0.0821) + 0.236*max(0,X3-0.00777) + 0.236*max(0,0.449-X14) + 0.215*max(0,-0.984-X0) - 0.212*max(0,X10+0.694) + 0.205*max(0,-0.414-X19) + 0.204*max(0,X20+0.217) + 0.194*max(0,X8+0.0526) + 0.193*max(0,X19-0.455) - 0.189*max(0,0.288-X20) - 0.188*max(0,1.71-X4) - 0.185*max(0,X0-0.322) - 0.181*max(0,X17-0.789) - 0.180*max(0,X7+0.0905) - 0.169*max(0,X21-0.754) + 0.164*X4 + 0.162*max(0,0.264-X16) - 0.160*max(0,1.04-X4) + 0.158*max(0,0.455-X19) - 0.155*max(0,X24-1.16) - 0.150*max(0,0.0145-X23) - 0.148*max(0,X12+0.0497) - 0.125*max(0,0.881-X8) + 0.124*max(0,0.492-X23) - 0.123*max(0,-0.269-X18) - 0.121*max(0,-0.180-X2) + 0.120*max(0,X24-0.260) + 0.110*max(0,0.759-X10) - 0.103*max(0,-0.295-X4) + 0.101*max(0,X23-0.969) + 0.0909*max(0,-0.987-X8) - 0.0809*max(0,-0.123-X15) + 0.0787*max(0,X8+0.520) + 0.0753*max(0,X7-1.23) - 0.0653*max(0,X11-0.731) - 0.0607*max(0,0.626-X9) - 0.0592*max(0,0.191-X18) + 0.0591*max(0,-0.636-X24) - 0.0502*max(0,-0.468-X14) - 0.0476*max(0,-1.08-X24) - 0.0462*max(0,0.337-X17) - 0.0315*max(0,X13+0.0781) - 0.0299*max(0,X19-0.889) + 0.0253*max(0,0.791-X7) + 0.0250*max(0,-0.581-X15) + 0.0164*max(0,X11+0.669) - 0.0161*max(0,X14+0.00968) - 0.0135*max(0,X16+0.215) + 0.0121*max(0,X20-1.30) + 0.00403*max(0,-0.531-X7) - 0.000870*max(0,-0.470-X22)"
ffx,588_fri_c4_1000_100,ok,0.399268,0.669433,1190,71.65,,"-0.161 + 4.36*max(0,X1-1.17) + 1.80*max(0,X0-0.873) - 1.18*max(0,-1.00-X1) + 1.03*max(0,X12-1.22) - 0.958*max(0,X24-1.39) - 0.893*max(0,X1+0.134) + 0.824*max(0,X69-1.34) + 0.731*max(0,X31-1.37) + 0.660*max(0,X26-1.29) + 0.636*max(0,X8-1.28) - 0.617*max(0,X99-1.43) + 0.571*max(0,X4-0.758) + 0.509*max(0,X39-1.47) + 0.464*max(0,X19-1.14) + 0.460*max(0,-0.975-X2) + 0.451*max(0,-0.966-X11) + 0.418*max(0,X36-1.04) + 0.405*max(0,X42-1.23) - 0.391*max(0,X0+0.255) - 0.361*max(0,-1.13-X27) + 0.343*max(0,-1.06-X51) - 0.334*max(0,-1.09-X83) - 0.319*max(0,-0.715-X5) - 0.297*max(0,X90-0.871) - 0.285*max(0,X83-1.15) + 0.284*max(0,X50-0.727) + 0.284*max(0,X59-1.13) + 0.273*max(0,X6-1.23) - 0.269*max(0,-1.00-X20) + 0.248*max(0,X3+1.16) + 0.241*max(0,-0.619-X61) - 0.239*max(0,-1.11-X7) + 0.235*max(0,-1.12-X76) - 0.222*max(0,X67-1.22) + 0.219*max(0,X94-0.845) - 0.199*max(0,X1+0.569) + 0.196*max(0,-1.04-X75) + 0.196*max(0,-0.912-X8) + 0.172*max(0,-1.15-X67) + 0.170*max(0,-0.452-X80) + 0.165*max(0,X5-1.72) + 0.163*max(0,-1.06-X68) - 0.151*max(0,X70-0.772) - 0.151*max(0,X46-0.749) + 0.150*max(0,-0.576-X92) + 0.149*max(0,X3-1.26) - 0.149*max(0,-0.0650-X10) + 0.140*max(0,-1.16-X74) - 0.140*max(0,X10-1.28) - 0.137*max(0,-0.673-X27) - 0.134*max(0,X86-0.318) + 0.123*max(0,-1.00-X69) + 0.116*max(0,-0.133-X21) - 0.108*max(0,-0.819-X0) + 0.105*max(0,X19-0.680) - 0.104*max(0,-1.10-X79) + 0.103*max(0,-1.02-X89) + 0.0994*max(0,-0.703-X74) + 0.0945*max(0,X81-1.32) - 0.0927*max(0,X53+0.414) - 0.0908*max(0,-0.244-X95) - 0.0907*max(0,X20-0.904) + 0.0905*max(0,0.297-X42) - 0.0898*max(0,-0.644-X83) - 0.0852*max(0,X79-1.20) + 0.0818*max(0,X45-0.208) + 0.0802*max(0,X30-0.801) + 0.0801*max(0,-0.512-X24) + 0.0749*max(0,0.614-X48) - 0.0748*max(0,-0.876-X25) - 0.0743*max(0,X49-0.885) - 0.0724*max(0,-0.862-X53) - 0.0707*max(0,X60+1.02) + 0.0705*max(0,-1.05-X78) + 0.0690*max(0,-1.09-X88) + 0.0675*max(0,0.261-X35) + 0.0667*max(0,X23+0.550) + 0.0659*max(0,X54-1.22) + 0.0627*max(0,-0.00733-X43) + 0.0621*max(0,X43-1.39) + 0.0618*max(0,X66-1.24) + 0.0602*max(0,X39-0.999) + 0.0590*max(0,0.807-X88) + 0.0582*max(0,-0.877-X36) - 0.0573*max(0,X49+0.00828) - 0.0571*max(0,X12+0.670) + 0.0556*max(0,-0.370-X62) - 0.0552*max(0,0.251-X71) + 0.0529*max(0,X52-0.308) - 0.0520*max(0,X86+0.611) + 0.0513*max(0,X66-0.357) + 0.0507*max(0,-0.586-X78) - 0.0471*max(0,-0.971-X6) - 0.0447*max(0,X99-0.953) - 0.0439*max(0,0.833-X72) + 0.0423*max(0,0.761-X54) + 0.0417*max(0,X32+0.155) + 0.0415*max(0,X29-0.610) + 0.0414*max(0,X85+0.0929) + 0.0414*max(0,-0.474-X8) + 0.0413*max(0,X36-1.52) + 0.0409*max(0,X76-0.284) - 0.0394*max(0,X16+0.332) + 0.0380*max(0,X72+0.0937) - 0.0369*max(0,-0.455-X49) + 0.0366*max(0,X84-1.13) - 0.0355*max(0,-0.282-X65) + 0.0321*max(0,1.26-X89) + 0.0304*max(0,X7-0.233) - 0.0303*max(0,X35+0.644) - 0.0265*max(0,-0.192-X28) - 0.0251*max(0,-0.965-X44) + 0.0223*max(0,-1.09-X30) + 0.0207*max(0,0.349-X89) - 0.0196*max(0,-1.08-X46) + 0.0194*max(0,0.290-X77) + 0.0188*max(0,X91-0.0588) + 0.0186*max(0,X23+1.03) + 0.0175*max(0,-1.06-X61) + 0.0165*max(0,X92-0.756) - 0.0152*max(0,X47-0.122) - 0.0146*max(0,-0.181-X79) - 0.0143*max(0,X46-0.293) - 0.0138*max(0,X25-0.0115) - 0.0131*max(0,0.213-X40) + 0.0112*max(0,X92-1.20) - 0.0107*max(0,0.829-X13) - 0.0104*max(0,1.22-X52) - 0.0104*max(0,X16+0.798) - 0.00934*max(0,0.357-X38) - 0.00818*max(0,X33+0.991) - 0.00799*max(0,X25-0.455) + 0.00762*max(0,0.675-X74) - 0.00562*max(0,0.503-X91) + 0.00559*max(0,X59+1.15) + 0.00440*max(0,0.370-X33) - 0.00366*max(0,-0.805-X41) - 0.00348*max(0,X44+0.965) - 0.00317*max(0,X63-1.25) - 0.00307*max(0,X90+0.460) + 0.00259*max(0,0.824-X33) - 0.00221*X89 - 0.000191*max(0,X44+0.507)"
ffx,589_fri_c2_1000_25,ok,0.440533,0.729283,1642,37.05,,"0.697 + 42.1*max(0,X23-1.18) * max(0,X15-1.47) - 29.8*max(0,-1.11-X24) * max(0,X0-1.63) + 19.3*max(0,X3-1.24) * max(0,X10-1.12) - 13.0*max(0,X0-1.63) * max(0,X1-1.18) + 9.65*max(0,X3-1.24) * max(0,-1.10-X9) + 5.27*max(0,X3-1.24) * max(0,X5-1.12) - 5.22*max(0,X9-1.14) * max(0,X0-1.63) + 4.90*max(0,X10-1.12) * max(0,X23-1.18) + 4.71*max(0,X21-1.31) * max(0,X17-1.35) - 4.10*max(0,-1.10-X9) * max(0,X1-1.18) + 4.06*max(0,X11-1.40) * max(0,X9-0.690) + 4.01*max(0,X3-1.24) * max(0,X6-1.33) - 3.94*max(0,X5-1.12) * max(0,X9-1.14) + 2.74*max(0,X10-1.12) * max(0,X1-0.714) + 2.20*max(0,X17-1.35) * max(0,X10-1.12) + 2.18*max(0,X21-1.31) * max(0,X3-1.24) + 2.17*max(0,X0-0.471) * max(0,X1-0.714) - 1.98*max(0,X21-1.31) * max(0,X1-1.18) + 1.90*max(0,-0.985-X12) * max(0,-1.10-X9) + 1.80*max(0,X21-1.31) * max(0,X5-1.12) + 1.64*max(0,X9-0.690) * max(0,X15-1.47) - 1.55*max(0,X5-1.12) * max(0,-1.11-X24) + 1.53*max(0,X3-1.24) * max(0,-1.06-X14) + 1.51*max(0,X21-1.31) * max(0,-0.546-X6) + 1.50*max(0,X21-1.31) * max(0,X1-0.714) - 1.44*max(0,X10-1.12) * max(0,-1.11-X24) - 1.35*max(0,-0.682-X19) * max(0,X9-1.14) + 1.34*max(0,-1.10-X9) * max(0,X1-0.714) - 1.30*max(0,-0.546-X6) * max(0,X0-1.63) + 1.29*max(0,X1+0.214) * max(0,X1-1.18) - 1.19*max(0,X1+0.214) - 1.17*max(0,X21-1.31) * max(0,-0.225-X19) + 1.14*max(0,-0.225-X19) * max(0,-1.06-X14) - 1.05*max(0,-0.677-X1) - 0.996*max(0,X3-1.24) * max(0,-0.985-X12) - 0.905*max(0,X21-1.31) * max(0,-1.06-X14) + 0.898*max(0,-1.05-X2) + 0.880*max(0,-0.546-X6) * max(0,X10-1.12) - 0.848*max(0,X23-0.734) * max(0,-0.682-X19) - 0.827*max(0,-0.579-X14) * max(0,-1.11-X24) - 0.805*max(0,X0+0.111) - 0.798*max(0,X0-0.471) * max(0,-1.11-X24) + 0.779*max(0,X1+0.214) * max(0,X0-0.471) + 0.777*max(0,X24-1.17) + 0.672*max(0,-0.546-X6) * max(0,X23-1.18) + 0.661*max(0,X6-0.391) * max(0,X1-1.18) - 0.656*max(0,X6-1.33) * max(0,X9-1.14) - 0.619*max(0,-0.225-X19) * max(0,X11-1.40) - 0.618*max(0,-0.682-X19) * max(0,-1.11-X24) + 0.586*max(0,X1+0.214) * max(0,X6-1.33) + 0.586*max(0,X8-1.34) + 0.570*max(0,-0.225-X19) * max(0,X9-0.690) + 0.558*max(0,X1+0.214) * max(0,X1-0.714) - 0.545*max(0,-0.692-X0) - 0.544*max(0,-1.10-X9) * max(0,X0-1.63) + 0.506*max(0,-0.579-X14) * max(0,X23-1.18) - 0.486*max(0,X1+0.214) * max(0,X11-1.40) - 0.485*max(0,-0.546-X6) * max(0,-1.06-X14) - 0.483*max(0,X9-0.690) * max(0,X10-1.12) + 0.441*max(0,X6-0.391) * max(0,-0.985-X12) - 0.415*max(0,-0.546-X6) * max(0,-0.579-X14) - 0.402*max(0,-1.08-X21) - 0.387*max(0,X1+0.677) + 0.383*max(0,X6-1.33) * max(0,X5-1.12) - 0.370*max(0,-0.546-X6) * max(0,X5-1.12) + 0.366*max(0,-0.985-X12) * max(0,X23-1.18) - 0.360*max(0,X1+0.214) * max(0,X9-1.14) - 0.351*max(0,X21-1.31) + 0.350*max(0,X0-0.471) * max(0,X15-1.47) - 0.342*max(0,X6-0.391) * max(0,X1+0.214) - 0.316*max(0,X6-0.391) * max(0,X11-1.40) - 0.299*max(0,0.315-X3) + 0.278*max(0,X2-2.30) - 0.270*max(0,X21-1.31) * max(0,-1.10-X9) + 0.259*max(0,X3+0.149) + 0.259*max(0,0.963-X2) + 0.252*max(0,X6-0.391) * max(0,X17-1.35) + 0.245*max(0,X1-1.18) + 0.233*max(0,-1.27-X0) + 0.217*max(0,X4-0.873) - 0.208*max(0,-1.14-X19) + 0.200*max(0,0.471-X0) - 0.199*max(0,-1.01-X6) - 0.199*max(0,-0.985-X12) * max(0,X9-1.14) + 0.175*max(0,-0.546-X6) * max(0,-0.225-X19) - 0.174*max(0,-0.546-X6) * max(0,X3-1.24) + 0.164*max(0,-0.964-X8) - 0.163*max(0,X0-0.471) * max(0,X9-1.14) - 0.160*max(0,-0.696-X10) + 0.160*max(0,-0.985-X12) * max(0,X10-1.12) + 0.158*max(0,X2-0.963) + 0.143*max(0,X0-1.05) + 0.140*max(0,-0.996-X17) + 0.127*max(0,-1.12-X22) - 0.117*max(0,X9+0.207) + 0.114*max(0,X8-0.879) - 0.110*max(0,X12-0.341) - 0.109*max(0,-0.524-X7) - 0.105*max(0,-0.934-X4) + 0.0992*max(0,X4+0.0308) + 0.0970*max(0,-0.537-X20) + 0.0908*max(0,-0.225-X19) * max(0,X17-1.35) - 0.0900*max(0,0.421-X4) + 0.0853*max(0,-0.652-X24) - 0.0763*max(0,X13-0.444) - 0.0753*max(0,-0.225-X19) * max(0,X9-1.14) - 0.0699*max(0,-0.546-X6) * max(0,X1+0.214) - 0.0698*max(0,X6-0.391) * max(0,-1.10-X9) - 0.0663*max(0,-0.191-X22) + 0.0639*max(0,X15+0.0523) - 0.0599*max(0,X1+0.214) * max(0,-0.682-X19) - 0.0562*max(0,-0.985-X12) * max(0,-1.11-X24) + 0.0527*max(0,0.258-X24) - 0.0484*max(0,X23+0.154) + 0.0481*max(0,-1.10-X9) * max(0,-1.11-X24) - 0.0480*max(0,-0.101-X12) - 0.0470*max(0,X0-0.471) * max(0,-0.682-X19) - 0.0447*max(0,X23-0.734) + 0.0426*max(0,-0.546-X6) * max(0,X15-1.47) - 0.0424*max(0,-0.985-X12) * max(0,X15-1.47) - 0.0405*max(0,-0.0767-X18) - 0.0376*max(0,X7-0.801) + 0.0370*max(0,X5+0.190) + 0.0340*max(0,-0.0523-X15) - 0.0329*max(0,-0.122-X21) - 0.0329*max(0,X6-0.391) * max(0,-0.682-X19) - 0.0325*max(0,-0.225-X19) * max(0,-1.11-X24) + 0.0265*max(0,X20-0.872) - 0.0257*max(0,-0.579-X14) * max(0,X10-1.12) + 0.0216*max(0,-0.190-X5) + 0.0203*max(0,-0.0946-X14) - 0.0176*max(0,X22-0.272) + 0.0157*max(0,-0.207-X9) - 0.0149*max(0,-1.04-X23) - 0.0148*max(0,X6-0.391) * max(0,X0-0.471) - 0.0110*max(0,0.339-X16) - 0.00864*max(0,X1+0.214) * max(0,-1.06-X14) + 0.00790*max(0,X20+0.0677) - 0.00700*max(0,X11-1.40) * max(0,X1-1.18) + 0.00692*max(0,X23-0.734) * max(0,X1-0.714) - 0.00456*max(0,X10+0.243) - 0.000163*max(0,X18-1.20)"
ffx,590_fri_c0_1000_50,ok,0.569398,0.653019,1398,49.83,,"1.03 - 565*max(0,X24-1.27) * max(0,X9-1.18) + 9.01*max(0,X48-1.31) * max(0,-1.19-X45) - 8.14*max(0,-1.17-X26) * max(0,X48-1.31) + 6.63*max(0,X30-1.28) * max(0,X3-1.33) - 5.74*max(0,X24-1.27) * max(0,X48-1.31) + 5.47*max(0,X11-0.846) * max(0,X0-1.14) + 4.68*max(0,X48-1.31) * max(0,X9-1.18) - 4.26*max(0,X1-0.704) * max(0,X0-1.14) + 4.11*max(0,X6-1.19) * max(0,-1.04-X2) + 4.10*max(0,X35-1.28) * max(0,-1.19-X45) - 3.92*max(0,X24-1.27) * max(0,X27-1.31) + 3.92*max(0,X30-1.28) * max(0,X41-1.32) - 3.72*max(0,-1.17-X26) * max(0,X27-1.31) + 3.45*max(0,X3-1.33) * max(0,X48-1.31) + 3.44*max(0,-1.01-X4) * max(0,X42-1.40) + 2.84*max(0,X13-1.36) * max(0,X9-1.18) - 2.80*max(0,X35-1.28) * max(0,X27-1.31) + 2.76*max(0,X6-1.19) * max(0,X0-1.14) - 2.66*max(0,X15-1.15) * max(0,X27-1.31) + 2.56*max(0,-0.854-X13) * max(0,-1.19-X45) - 2.47*max(0,X15-1.15) * max(0,X1-0.704) + 2.36*max(0,X13-1.36) * max(0,X4-1.38) + 2.09*max(0,X24-1.27) * max(0,X15-1.15) + 1.98*max(0,X2-0.822) * max(0,X9-1.18) - 1.97*max(0,X24-1.27) * max(0,X35-1.28) + 1.95*max(0,X3-1.33) * max(0,-1.04-X2) + 1.89*max(0,X41-1.32) * max(0,X9-1.18) - 1.54*max(0,X1-0.704) * max(0,-1.17-X26) + 1.47*max(0,X15-1.15) * max(0,-1.17-X26) + 1.43*max(0,X13-1.36) * max(0,X35-1.28) + 1.41*max(0,X30-1.28) * max(0,-1.04-X2) + 1.31*max(0,X4-1.38) - 1.22*max(0,X11-0.846) * max(0,X42-1.40) + 1.20*max(0,X13-1.36) * max(0,-1.04-X2) + 1.15*max(0,X1-0.704) * max(0,X4-1.38) + 1.13*max(0,X41-1.32) * max(0,X13-1.36) + 1.09*max(0,X27-1.31) * max(0,-1.04-X2) + 1.05*max(0,-0.854-X13) * max(0,X27-1.31) - 1.03*max(0,X1-0.704) * max(0,X11-0.846) + 1.01*max(0,X3-1.33) * max(0,X6-1.19) - 1.00*max(0,-1.04-X2) * max(0,X4-1.38) - 0.992*max(0,0.277-X0) * max(0,X42-1.40) - 0.976*max(0,-1.01-X4) * max(0,X35-1.28) - 0.969*max(0,X1-0.704) * max(0,X42-1.40) - 0.910*max(0,X13-1.36) * max(0,-1.19-X45) + 0.789*max(0,X1-0.704) * max(0,X48-1.31) + 0.724*max(0,X1-0.704) * max(0,X35-1.28) + 0.707*max(0,0.277-X0) * max(0,X35-1.28) - 0.679*max(0,-1.19-X45) * max(0,X4-1.38) + 0.575*max(0,X15-1.15) * max(0,X13-1.36) - 0.574*max(0,0.274-X1) - 0.554*max(0,0.277-X0) + 0.530*max(0,X1-0.704) * max(0,X9-1.18) + 0.495*max(0,X2-0.822) * max(0,X4-1.38) + 0.494*max(0,X41-1.32) * max(0,X35-1.28) + 0.446*max(0,X3-1.33) * max(0,-1.19-X45) - 0.443*max(0,0.878-X3) + 0.368*max(0,X2-0.822) + 0.346*max(0,-1.04-X41) + 0.341*max(0,X13-1.36) + 0.338*max(0,-1.04-X2) - 0.333*max(0,X24-1.27) * max(0,0.277-X0) - 0.332*max(0,-0.0510-X4) * max(0,X11-0.846) - 0.321*max(0,X24-1.27) * max(0,-0.0510-X4) + 0.311*max(0,X3-1.33) * max(0,X0-1.14) + 0.306*max(0,X11-0.846) * max(0,X9-1.18) + 0.304*max(0,X3-1.33) * max(0,X11-0.846) + 0.302*max(0,-1.01-X4) * max(0,X6-1.19) - 0.287*max(0,-0.0510-X4) - 0.285*max(0,-0.392-X48) - 0.280*max(0,-0.854-X13) * max(0,X35-1.28) - 0.277*max(0,X3-1.33) * max(0,X1-0.704) + 0.271*max(0,-0.854-X13) * max(0,X4-1.38) - 0.260*max(0,-1.19-X45) + 0.253*max(0,-0.854-X13) - 0.219*max(0,X14-1.35) + 0.199*max(0,-0.438-X7) + 0.185*max(0,-0.519-X19) - 0.179*max(0,-1.03-X27) + 0.177*max(0,-0.663-X6) - 0.174*max(0,-1.00-X33) - 0.151*max(0,X36-1.31) - 0.148*max(0,X30-1.28) * max(0,X11-0.846) + 0.146*max(0,X34-0.693) + 0.145*max(0,X29+0.0440) + 0.140*max(0,-0.966-X35) - 0.132*max(0,X6-1.19) * max(0,X11-0.846) - 0.126*max(0,0.704-X1) * max(0,X11-0.846) - 0.122*max(0,-0.0510-X4) * max(0,0.277-X0) + 0.122*max(0,X47-0.820) - 0.118*max(0,0.428-X3) - 0.108*max(0,-0.986-X16) + 0.107*max(0,X3+0.471) + 0.104*max(0,-0.981-X8) - 0.0921*max(0,0.704-X1) * max(0,X24-1.27) - 0.0831*max(0,0.277-X0) * max(0,X27-1.31) + 0.0775*max(0,X41-1.32) - 0.0761*max(0,0.258-X49) + 0.0745*max(0,X31-1.44) - 0.0711*max(0,0.277-X0) * max(0,X48-1.31) - 0.0685*max(0,0.704-X1) * max(0,X27-1.31) - 0.0659*max(0,0.704-X1) - 0.0641*max(0,X36+0.0718) + 0.0605*max(0,X41-1.32) * max(0,X11-0.846) + 0.0599*max(0,-1.07-X12) + 0.0575*max(0,X28-0.905) + 0.0532*max(0,-0.571-X2) + 0.0479*max(0,X39+0.156) + 0.0413*max(0,-0.120-X9) + 0.0411*max(0,X22+0.136) - 0.0407*max(0,0.704-X1) * max(0,-1.01-X4) - 0.0398*max(0,0.0335-X48) - 0.0365*max(0,-0.0770-X33) + 0.0357*max(0,-0.517-X35) - 0.0350*max(0,-0.171-X38) + 0.0341*max(0,0.336-X23) + 0.0336*max(0,X30-1.28) * max(0,X24-1.27) + 0.0303*max(0,X1-0.704) * max(0,X2-0.822) - 0.0281*max(0,X11-0.846) + 0.0267*max(0,X3-1.33) + 0.0259*max(0,X40+0.978) - 0.0226*max(0,X17-0.932) + 0.0202*max(0,0.513-X31) - 0.0163*max(0,-0.107-X25) + 0.0157*max(0,0.704-X1) * max(0,-1.04-X2) - 0.0143*max(0,-0.586-X0) + 0.0134*max(0,-1.17-X26) * max(0,X9-1.18) - 0.0107*max(0,-0.0510-X4) * max(0,X1-0.704) + 0.0102*max(0,X35+0.517) + 0.00998*max(0,-0.0746-X47) + 0.00936*max(0,X12+0.129) - 0.00747*max(0,-0.155-X1) + 0.00390*max(0,X29-0.878)"
ffx,591_fri_c1_100_10,ok,-0.115757,1.054937,862,14.53,,"1.21 - 4.57*max(0,X8-0.181) * max(0,-1.00-X4) - 4.13*max(0,-1.12-X9) * max(0,-0.111-X3) - 4.02*max(0,-0.111-X3) * max(0,X6-1.41) + 2.56*max(0,X1-0.757) - 2.04*max(0,-1.11-X2) * max(0,X7-1.09) - 1.75*max(0,-1.00-X4) * max(0,-1.11-X2) - 1.68*max(0,X3-1.23) * max(0,X6-1.41) + 1.58*max(0,-0.285-X8) * max(0,-0.779-X5) + 1.40*max(0,-1.12-X9) * max(0,-0.285-X8) + 1.34*max(0,X0-1.43) + 1.23*max(0,X0-0.783) + 1.10*max(0,X3-1.23) - 1.08*max(0,X1+0.793) - 1.07*max(0,-0.793-X1) - 0.903*max(0,X2-0.233) * max(0,-0.779-X5) - 0.862*max(0,X5-1.12) + 0.821*max(0,-0.285-X8) * max(0,X7-1.09) + 0.748*max(0,X8-0.181) * max(0,-1.11-X2) - 0.744*max(0,X0+0.506) + 0.642*max(0,X4-1.24) + 0.614*max(0,-1.12-X9) * max(0,-1.11-X2) - 0.609*max(0,X9-0.994) + 0.578*max(0,X2-0.682) * max(0,-1.00-X4) - 0.523*max(0,-0.556-X3) - 0.491*max(0,X8-1.11) + 0.429*max(0,X8-0.181) * max(0,X3-0.781) + 0.395*max(0,-0.274-X9) * max(0,X2-0.233) + 0.379*max(0,-0.285-X8) * max(0,X3-0.781) - 0.361*max(0,-0.285-X8) * max(0,X6-1.41) - 0.358*max(0,X7-0.263) * max(0,-1.11-X2) - 0.348*max(0,X1-1.27) + 0.341*max(0,-0.111-X3) * max(0,X2-0.682) + 0.331*max(0,X4-0.341) - 0.314*max(0,X7-0.263) * max(0,-0.779-X5) - 0.308*max(0,X2-0.682) * max(0,X7-1.09) + 0.288*max(0,-1.12-X9) * max(0,-0.554-X4) - 0.267*max(0,-0.304-X5) * max(0,-1.11-X2) + 0.261*max(0,-0.111-X3) * max(0,-0.663-X2) - 0.240*max(0,-0.111-X3) * max(0,-0.304-X5) - 0.226*max(0,-1.31-X1) - 0.210*max(0,X3-0.781) * max(0,X6-1.41) + 0.201*max(0,X8-0.181) * max(0,X7-0.676) - 0.177*max(0,X7-0.263) * max(0,-0.696-X9) + 0.168*max(0,X7-0.263) * max(0,X3-0.781) + 0.164*max(0,X8+0.285) - 0.159*max(0,-0.554-X4) * max(0,-1.11-X2) - 0.154*max(0,X8-0.181) * max(0,-0.779-X5) - 0.127*max(0,-0.111-X3) * max(0,X7-0.263) - 0.121*max(0,X8-0.181) * max(0,-0.696-X9) - 0.110*max(0,-0.274-X9) * max(0,X7-0.263) - 0.109*max(0,-0.111-X3) * max(0,-1.00-X4) + 0.109*max(0,X3-1.23) * max(0,X7-0.263) - 0.108*max(0,X7-0.263) * max(0,-0.304-X5) + 0.107*max(0,-1.12-X9) * max(0,X2-0.233) + 0.0927*max(0,X6-0.925) + 0.0913*max(0,-1.80-X0) - 0.0767*max(0,1.41-X6) + 0.0637*max(0,X2-0.682) - 0.0479*max(0,-1.22-X8) + 0.0470*max(0,-0.149-X7) * max(0,X6-1.41) + 0.0442*max(0,-0.149-X7) * max(0,X8-0.181) - 0.0391*max(0,-0.149-X7) * max(0,0.233-X2) + 0.0389*max(0,-0.696-X9) * max(0,-0.304-X5) + 0.0307*max(0,X9+0.274) - 0.0295*max(0,-0.530-X6) + 0.0275*max(0,X5+0.304) - 0.0228*max(0,-0.779-X5) * max(0,X7-0.676) - 0.0202*max(0,-0.215-X2) * max(0,X6-1.41) + 0.0159*max(0,X8-0.181) * max(0,-0.663-X2) - 0.0146*max(0,0.647-X8) + 0.00145*max(0,-0.274-X9) * max(0,X2-0.682)"
ffx,592_fri_c4_1000_25,ok,0.558796,0.698162,1013,33.21,,"1.10 + 3.40*max(0,X1-0.785) - 3.06*max(0,X5-2.34) + 3.04*max(0,X0-0.982) + 2.54*max(0,X5-1.72) + 2.11*max(0,X4-3.16) + 2.08*max(0,X0-0.399) + 1.79*max(0,X21-1.21) + 1.79*max(0,X24-1.38) - 1.59*max(0,X4-2.41) - 1.55*max(0,X0-1.57) + 1.44*max(0,X2-1.83) - 1.38*max(0,X0+0.185) - 1.28*max(0,X24-0.895) + 1.19*max(0,X16-0.765) - 1.06*abs(X1) + 1.03*max(0,X17-1.28) - 0.993*max(0,-1.01-X21) + 0.953*max(0,X11-1.37) + 0.947*max(0,X13-1.25) + 0.861*max(0,-1.35-X0) + 0.829*max(0,0.785-X1) - 0.784*max(0,-0.584-X16) - 0.751*max(0,X1-1.26) + 0.751*max(0,-0.446-X18) + 0.746*max(0,X6-1.40) + 0.689*max(0,-1.03-X16) - 0.681*max(0,X10-1.24) - 0.655*max(0,X7-1.29) - 0.643*max(0,-1.11-X1) - 0.641*max(0,-0.919-X8) + 0.633*max(0,-1.07-X10) - 0.625*max(0,X5-0.469) + 0.614*max(0,X3-0.840) - 0.610*max(0,X1+0.634) + 0.606*max(0,0.399-X0) - 0.586*max(0,X11-0.925) - 0.584*max(0,X20-1.32) + 0.559*max(0,X12-0.720) - 0.531*abs(X18) - 0.522*max(0,X13-0.800) - 0.510*max(0,X21-0.765) - 0.507*max(0,-1.01-X15) - 0.506*abs(X0) + 0.482*max(0,-0.661-X12) + 0.476*max(0,X7-0.855) - 0.469*max(0,-0.634-X1) - 0.456*max(0,-0.849-X11) + 0.442*max(0,-0.575-X4) + 0.425*max(0,-1.04-X3) + 0.423*max(0,-0.647-X23) - 0.418*max(0,-0.185-X0) - 0.417*max(0,X3-1.31) + 0.414*max(0,-0.565-X21) - 0.411*max(0,X12-0.260) - 0.366*max(0,-0.573-X3) + 0.349*max(0,-0.566-X24) + 0.341*max(0,-0.466-X8) + 0.340*max(0,X18-0.934) - 0.316*max(0,X7-0.420) - 0.315*max(0,X16+0.584) - 0.308*max(0,-1.12-X12) + 0.307*max(0,X24+0.566) - 0.292*max(0,0.171-X4) - 0.292*abs(X10) - 0.273*max(0,X17-0.354) + 0.270*max(0,-0.896-X20) + 0.264*max(0,X23-0.774) + 0.259*max(0,X10-0.778) + 0.256*max(0,X22-1.45) + 0.245*max(0,X4-0.918) - 0.242*max(0,-0.440-X22) + 0.240*max(0,X18-0.474) - 0.232*max(0,-0.428-X9) + 0.208*max(0,X15-1.31) - 0.198*max(0,-0.906-X18) + 0.193*abs(X7) - 0.193*max(0,-0.993-X13) - 0.192*max(0,0.441-X8) - 0.183*max(0,0.420-X7) - 0.168*max(0,0.354-X17) + 0.161*max(0,X3+1.04) + 0.159*max(0,X2-0.677) - 0.158*max(0,-0.246-X14) - 0.149*max(0,-0.449-X7) + 0.145*abs(X11) + 0.142*max(0,X21+0.121) - 0.140*max(0,X14-0.228) - 0.140*max(0,0.300-X23) + 0.140*max(0,X10-0.315) + 0.140*max(0,X20-0.878) - 0.136*max(0,-0.422-X6) - 0.123*max(0,X8-0.441) - 0.122*max(0,-0.780-X5) - 0.122*max(0,-1.19-X14) + 0.118*abs(X5) + 0.112*max(0,X18+0.446) - 0.109*max(0,-0.877-X6) + 0.106*max(0,-1.03-X17) - 0.103*max(0,0.434-X20) - 0.103*max(0,0.800-X13) + 0.101*max(0,X9-0.530) - 0.100*max(0,-0.884-X7) + 0.100*max(0,0.0379-X11) + 0.0958*max(0,-0.0810-X15) - 0.0953*max(0,X22-0.976) - 0.0837*max(0,-0.0963-X13) - 0.0797*max(0,X14-1.18) - 0.0761*max(0,X16-1.21) + 0.0748*abs(X15) - 0.0694*max(0,0.382-X19) + 0.0618*max(0,X8-1.35) + 0.0617*abs(X20) - 0.0607*max(0,X23-1.25) + 0.0579*max(0,X2-0.101) + 0.0518*max(0,0.530-X9) + 0.0476*max(0,-0.966-X19) + 0.0428*max(0,-1.12-X23) - 0.0414*max(0,-0.475-X2) + 0.0397*max(0,X18-1.39) + 0.0384*max(0,X19-1.28) - 0.0379*max(0,X2-1.25) - 0.0353*max(0,0.895-X24) + 0.0353*max(0,0.765-X16) + 0.0318*max(0,X12-1.18) - 0.0252*abs(X4) - 0.0244*max(0,-0.721-X14) - 0.0208*abs(X22) + 0.0202*max(0,X19+0.966) + 0.0166*max(0,-1.05-X2) + 0.0145*abs(X12) - 0.0138*max(0,X6+0.422) + 0.0133*max(0,X3-0.369) - 0.00954*abs(X8) + 0.00676*max(0,-0.570-X17) - 0.00631*max(0,X20-0.434) + 0.00620*abs(X21) - 0.00204*max(0,0.469-X5)"
ffx,593_fri_c1_1000_10,ok,0.826342,0.374039,1642,23.23,,"0.472 + 17.4*max(0,X5-1.31) * max(0,X9-1.25) + 15.6*max(0,X0-1.32) * max(0,X9-1.25) + 10.8*max(0,-0.545-X1) * max(0,X0-0.0820) - 8.81*max(0,X0-1.32) * max(0,X1-0.809) + 6.61*max(0,X5-1.31) * max(0,X2-1.14) + 5.11*max(0,-0.536-X0) * max(0,X1+0.0934) - 4.71*max(0,-1.17-X4) * max(0,X0-1.94) + 3.50*max(0,X0-1.32) + 3.43*max(0,-0.704-X4) * max(0,-1.02-X9) - 3.18*max(0,-1.02-X9) * max(0,X1-0.809) + 2.85*max(0,-1.17-X4) * max(0,X2-1.14) + 2.81*max(0,-0.0934-X1) * max(0,X0-0.0820) - 2.53*max(0,-1.17-X4) * max(0,-0.567-X9) - 2.52*max(0,-1.02-X9) * max(0,-0.545-X1) - 2.42*max(0,0.700-X0) * max(0,X1-0.809) + 2.15*max(0,-0.567-X9) * max(0,X1-0.809) - 1.95*max(0,-0.704-X4) * max(0,X0-1.94) - 1.91*max(0,-0.994-X8) * max(0,-1.02-X9) - 1.89*max(0,-0.994-X8) * max(0,X0-1.94) - 1.87*max(0,X1+0.0934) - 1.77*max(0,X9-1.25) * max(0,X0-0.0820) + 1.74*max(0,X0-0.0820) * max(0,X1-0.809) - 1.68*max(0,0.700-X0) * max(0,X0-0.0820) + 1.38*max(0,X5-0.835) * max(0,-0.994-X8) + 1.21*max(0,X5-0.835) * max(0,X1-0.809) + 1.17*max(0,X0-0.700) * max(0,X1-0.809) + 1.14*max(0,X1+0.0934) * max(0,X0-0.700) - 1.13*max(0,-0.567-X9) * max(0,X0-0.700) + 1.12*max(0,-0.994-X8) * max(0,X1-0.809) - 1.09*max(0,-0.704-X4) * max(0,X1-0.809) - 1.06*max(0,X0-0.0820) + 1.04*max(0,-0.994-X8) * max(0,X9-1.25) + 0.989*max(0,-0.994-X8) * max(0,-0.536-X0) + 0.980*max(0,X1-0.809) + 0.945*max(0,X5-1.31) * max(0,X1-0.809) + 0.936*max(0,-0.0934-X1) * max(0,-0.567-X9) - 0.936*max(0,X5-0.835) * max(0,X0-0.0820) + 0.897*max(0,-0.567-X9) * max(0,X2-1.14) + 0.892*max(0,X9-0.797) + 0.891*max(0,X2-0.694) * max(0,X9-1.25) + 0.883*max(0,-0.704-X4) * max(0,X0-0.700) + 0.880*max(0,X5-0.835) * max(0,X2-0.694) - 0.793*max(0,-0.536-X0) + 0.787*max(0,X5-1.31) * max(0,-0.536-X0) + 0.773*max(0,X3-1.02) - 0.717*max(0,-0.536-X0) * max(0,-1.17-X4) + 0.697*max(0,-0.574-X6) * max(0,X1-0.809) - 0.662*max(0,X9-1.25) - 0.652*max(0,-0.994-X8) * max(0,X1+0.0934) - 0.648*max(0,X1-1.26) - 0.630*max(0,X2-0.694) * max(0,-0.567-X9) - 0.630*max(0,X2-0.694) * max(0,X0-0.0820) - 0.609*max(0,X5-1.31) * max(0,-0.994-X8) - 0.600*max(0,-0.545-X1) - 0.505*max(0,-0.574-X6) * max(0,X0-0.700) - 0.493*max(0,-0.994-X8) * max(0,-0.0934-X1) + 0.489*max(0,X5-1.31) * max(0,-0.567-X9) + 0.488*max(0,-0.536-X0) * max(0,-0.704-X4) - 0.481*max(0,X0-1.32) * max(0,X0-1.94) + 0.469*max(0,X2-0.251) + 0.466*max(0,-0.536-X0) * max(0,-0.545-X1) + 0.461*max(0,-1.02-X9) * max(0,-0.567-X9) - 0.459*max(0,-0.567-X9) + 0.421*max(0,X1+0.0934) * max(0,X1-0.809) - 0.386*max(0,X0-1.32) * max(0,-0.567-X9) + 0.381*max(0,-0.574-X6) * max(0,-0.545-X1) + 0.369*max(0,-0.994-X8) * max(0,-0.704-X4) + 0.360*max(0,-0.704-X4) * max(0,X1+0.0934) + 0.350*max(0,-0.994-X8) * max(0,X2-0.694) - 0.341*max(0,X9-0.342) - 0.322*max(0,X5-0.835) * max(0,-1.17-X4) - 0.318*max(0,-0.994-X8) * max(0,0.700-X0) + 0.305*max(0,-1.17-X4) * max(0,X1+0.0934) - 0.304*max(0,X4-1.16) + 0.282*max(0,X1+0.0934) * max(0,0.700-X0) - 0.281*max(0,0.582-X3) + 0.280*max(0,-0.536-X0) * max(0,X9-1.25) + 0.268*max(0,X0-0.0820) * max(0,X0-0.700) - 0.257*max(0,0.700-X0) * max(0,-0.0934-X1) + 0.256*max(0,X4+0.704) + 0.254*max(0,0.700-X0) + 0.249*max(0,-0.574-X6) * max(0,-1.02-X9) - 0.248*max(0,-0.994-X8) * max(0,-0.567-X9) - 0.232*max(0,X7-1.20) - 0.231*max(0,X2-0.694) * max(0,-0.545-X1) - 0.215*max(0,-1.15-X3) - 0.209*max(0,X8-1.38) + 0.202*max(0,X2-0.694) * max(0,-0.704-X4) - 0.201*max(0,-1.17-X4) * max(0,-0.704-X4) + 0.200*max(0,-1.06-X5) + 0.151*max(0,X3+0.285) - 0.149*max(0,-0.563-X7) - 0.145*max(0,X5-0.835) * max(0,0.700-X0) - 0.138*max(0,X2-0.694) * max(0,X0-1.94) + 0.133*X2**2 - 0.133*max(0,X8-0.908) + 0.132*max(0,-0.574-X6) * max(0,-0.567-X9) - 0.124*max(0,X0+0.536) + 0.123*max(0,-0.122-X7) - 0.114*max(0,-0.574-X6) * max(0,-0.0934-X1) + 0.102*max(0,X5-1.31) * max(0,X2-0.694) - 0.0939*max(0,-0.130-X6) + 0.0934*max(0,X7-0.320) - 0.0874*max(0,0.227-X4) + 0.0865*max(0,-0.704-X4) * max(0,-0.545-X1) - 0.0829*max(0,-0.0934-X1) * max(0,X2-1.14) - 0.0779*max(0,X4-0.693) + 0.0753*max(0,0.251-X2) + 0.0730*max(0,X9-1.25) * max(0,-0.704-X4) + 0.0667*max(0,X1+0.0934) * max(0,-0.567-X9) - 0.0568*max(0,X5-1.31) * max(0,0.700-X0) - 0.0546*max(0,-1.02-X9) * max(0,X0-0.700) + 0.0493*max(0,-1.08-X2) + 0.0488*max(0,X8+0.0432) - 0.0480*max(0,-1.17-X4) * max(0,0.700-X0) - 0.0429*max(0,X2-0.694) * max(0,-0.536-X0) + 0.0413*max(0,X6-0.756) + 0.0389*max(0,X7+0.122) - 0.0374*max(0,X9-1.25) * max(0,-0.545-X1) + 0.0235*max(0,0.361-X5) - 0.0185*max(0,-0.574-X6) * max(0,X2-1.14) + 0.0163*max(0,-0.536-X0) * max(0,-1.02-X9) - 0.0134*max(0,-1.02-X9) * max(0,X0-0.0820) - 0.0130*max(0,-0.239-X4) - 0.0103*max(0,X0-1.94) + 0.00769*max(0,-0.536-X0) * max(0,-0.567-X9) - 0.00517*max(0,-0.574-X6) * max(0,0.700-X0) + 0.00393*max(0,-0.0432-X8) - 0.00224*max(0,X6+0.130) + 3.13e-5*max(0,0.700-X0) * max(0,-1.02-X9)"
ffx,594_fri_c2_100_5,ok,-0.400127,1.222691,1398,14.14,,"-1.33 - 106*max(0,-0.0657-X2) * max(0,X0-1.49) + 33.9*max(0,-1.06-X3) * max(0,X0-1.49) + 33.4*max(0,-0.0657-X2) * max(0,X0-0.989) + 22.6*max(0,X0-1.49) * max(0,X0-0.989) - 16.4*max(0,-0.654-X4) * max(0,-0.998-X0) + 15.2*max(0,X2-1.86) * max(0,X0-1.49) + 14.7*max(0,-0.190-X4) * max(0,-0.998-X0) - 10.6*max(0,-0.998-X0) * max(0,X3-0.820) + 9.60*max(0,-0.654-X4) * max(0,-0.502-X0) - 8.55*max(0,-0.190-X4) * max(0,-0.502-X0) - 8.33*max(0,X3-0.820) * max(0,X0-1.49) - 8.22*max(0,-1.06-X3) * max(0,X0-0.989) - 7.90*max(0,-0.0657-X2) * max(0,-0.998-X0) + 7.01*max(0,-0.00485-X0) * max(0,X1-0.359) + 6.54*max(0,X0+0.00485) * max(0,X1-0.793) - 6.28*max(0,-1.06-X3) - 6.22*max(0,X0-1.49) + 6.20*max(0,X1-0.793) * max(0,X0-1.49) - 6.00*max(0,X2-1.86) * max(0,X0-0.989) + 5.79*max(0,-0.00485-X0) * max(0,X3-0.820) - 5.21*max(0,-0.654-X4) * max(0,X0-1.49) + 5.10*max(0,-0.0657-X2) * max(0,-0.502-X0) + 4.91*max(0,X2-1.86) - 4.79*max(0,-0.502-X0) - 4.72*max(0,X0+0.00485) * max(0,X0-1.49) + 4.51*max(0,X2-1.86) * max(0,-0.190-X4) - 4.31*max(0,-0.190-X4) * max(0,X0-0.989) - 4.27*max(0,-0.998-X0) * max(0,-0.510-X1) - 4.20*max(0,-0.190-X4) * max(0,X1-0.793) - 4.03*max(0,X3-0.820) * max(0,-0.510-X1) - 3.81*max(0,X1-0.359) - 3.60*max(0,-0.190-X4) * max(0,X3-0.820) - 3.49*max(0,X3-0.820) - 3.48*max(0,-0.119-X3) + 3.36*max(0,-0.502-X0) * max(0,X3-0.820) + 3.23*max(0,-0.502-X0) * max(0,-0.510-X1) + 3.09*max(0,-0.190-X4) * max(0,X1-0.359) - 3.07*max(0,-1.12-X4) + 2.83*max(0,-0.654-X4) * max(0,X3-0.820) - 2.71*max(0,-0.00485-X0) * max(0,-0.510-X1) + 2.45*max(0,-0.0657-X2) - 2.32*max(0,X1-0.793) * max(0,X0-0.989) - 2.30*max(0,-0.654-X4) * max(0,X1-0.793) + 2.26*max(0,-0.998-X0) * max(0,-0.00485-X0) + 2.20*max(0,X3-0.820) * max(0,X1-0.359) + 2.20*max(0,-0.0657-X2) * max(0,X3-0.820) + 2.19*max(0,X3-0.820) * max(0,X0-0.989) - 2.15*max(0,-1.06-X3) * max(0,X1-0.793) + 2.12*max(0,-0.190-X4) * max(0,-0.00485-X0) - 2.11*max(0,-0.0657-X2) * max(0,X1-0.359) - 2.10*max(0,X2-2.50) - 1.97*max(0,X0+0.00485) * max(0,X3-0.820) + 1.96*X3**2 - 1.93*max(0,X1-0.793) - 1.92*max(0,X0-0.492) + 1.88*max(0,X0+0.00485) * max(0,X0-0.989) - 1.88*max(0,X3-1.29) + 1.85*max(0,X1+0.0758) + 1.81*max(0,-0.654-X4) * max(0,X0-0.989) + 1.75*max(0,-0.998-X0) * max(0,-0.502-X0) - 1.72*max(0,-0.0657-X2) * max(0,-0.510-X1) - 1.65*max(0,X2-1.86) * max(0,X1-0.793) + 1.58*max(0,0.793-X1) - 1.52*max(0,-0.654-X4) * max(0,X0+0.00485) + 1.47*max(0,-0.190-X4) * max(0,X0-1.49) - 1.35*max(0,-0.0657-X2) * max(0,X0+0.00485) + 1.33*max(0,-0.654-X4) * max(0,X2-1.86) + 1.26*max(0,-0.654-X4) + 1.26*max(0,X3+0.588) - 1.25*max(0,X3+0.119) + 1.24*max(0,X3-0.820) * max(0,X1-0.793) - 1.10*X3 + 1.06*max(0,-0.190-X4) * max(0,X0+0.00485) - 1.05*max(0,-0.654-X4) * max(0,-0.00485-X0) - 0.981*max(0,X1+0.510) + 0.948*max(0,X0+0.00485) * max(0,X1-0.359) + 0.939*max(0,-0.502-X0) * max(0,-0.00485-X0) + 0.888*max(0,X1-1.23) - 0.857*max(0,-0.0657-X2) * max(0,-0.190-X4) - 0.844*max(0,-0.0657-X2) * max(0,X1-0.793) + 0.834*max(0,X2-0.575) + 0.821*max(0,0.351-X3) + 0.819*max(0,X4-0.274) - 0.798*max(0,X1-0.359) * max(0,X1-0.793) - 0.786*max(0,-1.06-X3) * max(0,-0.510-X1) - 0.786*max(0,-0.190-X4) + 0.591*max(0,0.492-X0) - 0.574*max(0,-0.510-X1) - 0.519*max(0,1.22-X2) - 0.509*max(0,X3-0.351) - 0.502*max(0,X2-1.22) + 0.480*max(0,-0.945-X1) - 0.468*max(0,X0+0.00485) - 0.465*max(0,-0.0657-X2) * max(0,-0.00485-X0) + 0.449*X2 - 0.372*max(0,X2-1.86) * max(0,X3-0.820) - 0.359*max(0,-0.998-X0) - 0.338*max(0,X1-0.359) * max(0,X0-0.989) - 0.331*X2**2 + 0.298*max(0,-0.654-X4) * max(0,-0.190-X4) + 0.284*max(0,X4-0.739) - 0.276*X4**2 + 0.267*max(0,X2+0.0657) - 0.263*max(0,X4+0.654) - 0.247*max(0,X2-1.86) * max(0,X1-0.359) + 0.244*max(0,X1-0.359) * max(0,X0-1.49) + 0.241*max(0,0.820-X3) + 0.233*max(0,-0.588-X3) + 0.213*max(0,X4+0.190) - 0.209*max(0,0.359-X1) + 0.206*max(0,X4-1.20) + 0.202*max(0,-0.00485-X0) - 0.199*max(0,X2-1.86) * max(0,X0+0.00485) + 0.197*max(0,-0.654-X4) * max(0,X1-0.359) - 0.186*X4 + 0.141*max(0,-0.190-X4) * max(0,-0.510-X1) - 0.117*max(0,-0.654-X4) * max(0,-0.510-X1) - 0.114*max(0,0.274-X4) + 0.105*max(0,-0.654-X4) * max(0,-0.0657-X2) - 0.0816*max(0,X0-0.989) + 0.0763*max(0,X0+0.998) - 0.0672*max(0,0.989-X0) + 0.00644*max(0,-0.707-X2)"
ffx,595_fri_c0_1000_10,ok,-0.549925,1.228479,1398,16.79,,"0.317 - 24.0*max(0,X4-0.419) * max(0,X0-1.39) + 12.5*max(0,-1.17-X6) * max(0,X0-0.913) - 5.34*max(0,X2-0.806) * max(0,X0-1.39) - 2.67*max(0,-0.698-X6) * max(0,X0-1.39) + 2.37*abs(X4) * max(0,X0-1.39) - 1.90*max(0,X7-1.33) * max(0,-1.01-X4) - 1.69*max(0,X7-1.33) * max(0,X8-0.807) + 1.45*max(0,X7-1.33) * max(0,X0-1.39) + 1.37*max(0,X2-0.806) * max(0,X8-0.807) + 1.36*max(0,X7-1.33) * max(0,-0.0412-X0) + 1.32*max(0,X4-0.419) * max(0,X0-0.913) - 1.20*max(0,X8-0.807) * max(0,X0-1.39) + 1.12*max(0,X2-0.806) * max(0,X0-0.913) + 0.957*max(0,X7-1.33) * max(0,X0-0.436) + 0.949*max(0,X6-1.20) + 0.910*max(0,X2-0.806) + 0.904*max(0,-1.17-X6) * max(0,-0.0693-X7) - 0.904*max(0,-1.01-X4) * max(0,X2-0.806) - 0.904*max(0,-0.999-X7) - 0.897*max(0,X0-0.913) * max(0,X8-0.807) + 0.847*max(0,X0+0.0412) * max(0,-1.17-X6) + 0.841*max(0,X9-1.21) + 0.763*max(0,X7-1.33) * X0 - 0.725*max(0,-1.17-X6) * max(0,X8-0.807) + 0.683*abs(X4) * max(0,-1.17-X6) - 0.678*max(0,X9-0.770) + 0.663*max(0,X2-1.28) - 0.662*max(0,X4-0.419) * max(0,X2-0.806) - 0.649*X1 * max(0,X0-0.436) + 0.635*max(0,-0.0693-X7) * max(0,X0-1.39) - 0.610*max(0,X5-1.22) - 0.600*max(0,-0.995-X0) - 0.581*max(0,X4-1.37) - 0.580*max(0,X3-1.15) + 0.569*max(0,-1.01-X9) + 0.552*max(0,-1.08-X2) - 0.537*max(0,X6-0.727) + 0.501*max(0,-0.534-X7) - 0.462*max(0,-0.698-X6) * max(0,-1.17-X6) - 0.456*max(0,-0.698-X6) * abs(X7) - 0.433*X0 * max(0,-0.104-X1) - 0.431*max(0,X0-0.913) * max(0,-0.0693-X7) + 0.423*max(0,-0.698-X6) * max(0,X7-0.396) + 0.416*max(0,-0.609-X2) - 0.389*max(0,0.348-X1) + 0.384*max(0,-1.01-X4) * max(0,-0.0412-X0) - 0.383*max(0,X0-0.436) * abs(X7) - 0.382*max(0,X8-1.26) - 0.343*max(0,X7-0.396) * max(0,-1.01-X4) - 0.339*max(0,X7-1.33) * abs(X7) - 0.331*max(0,X2-0.806) * max(0,-0.0693-X7) - 0.320*max(0,-1.17-X6) * max(0,X2-0.806) + 0.313*max(0,X8-0.807) * abs(X7) - 0.305*max(0,-0.0412-X0) - 0.291*max(0,X1+0.104) * max(0,-1.01-X4) + 0.282*max(0,X0-0.913) * max(0,X0-0.436) + 0.281*abs(X1) * max(0,-0.698-X6) + 0.274*max(0,-1.01-X4) * max(0,-0.0693-X7) - 0.273*max(0,0.419-X4) + 0.266*max(0,X3+0.703) - 0.263*max(0,-0.698-X6) * max(0,X0+0.0412) - 0.263*max(0,X2-0.806) * max(0,-0.104-X1) - 0.263*max(0,X1+0.104) * max(0,X0-0.913) + 0.260*X0 + 0.257*max(0,-0.543-X8) - 0.254*max(0,X7-1.33) * X7 + 0.252*max(0,X4-0.419) * max(0,X8-0.807) - 0.251*max(0,X0+0.0412) * max(0,-0.104-X1) + 0.245*max(0,-1.01-X4) * max(0,X8-0.807) + 0.239*max(0,X4-0.894) + 0.233*max(0,X3-0.223) - 0.223*max(0,X7+0.0693) * max(0,X0-0.436) + 0.223*max(0,X4-0.419) * max(0,-0.0412-X0) + 0.206*max(0,X7-0.861) + 0.198*X3 - 0.196*max(0,-0.240-X3) - 0.196*max(0,X8-0.357) - 0.196*max(0,X1+0.104) * max(0,-0.0693-X7) + 0.190*abs(X4) * max(0,-1.01-X4) - 0.189*abs(X1) * max(0,X7-0.396) - 0.188*max(0,-0.533-X4) + 0.183*abs(X2) + 0.178*max(0,X4-0.419) * max(0,-0.0693-X7) - 0.177*max(0,X7-1.33) * max(0,X7+0.0693) + 0.171*max(0,X2-0.806) * max(0,X0-0.436) - 0.165*X1 * max(0,-1.01-X4) + 0.165*max(0,X1+0.104) - 0.153*max(0,0.770-X9) - 0.136*abs(X1) * max(0,X2-0.806) + 0.124*max(0,X0+0.0412) * max(0,X8-0.807) + 0.121*max(0,X7-0.396) * X0 - 0.121*max(0,X0-0.913) * abs(X7) + 0.119*max(0,X1+0.104) * max(0,X8-0.807) + 0.117*max(0,X7+0.0693) * max(0,-0.104-X1) - 0.114*max(0,-0.698-X6) * max(0,-1.01-X4) - 0.109*abs(X4) * max(0,-0.0412-X0) + 0.107*max(0,X6-0.252) + 0.101*abs(X4) * max(0,X7+0.0693) + 0.0998*max(0,X5-0.289) + 0.0998*X1 - 0.0994*max(0,-0.555-X1) - 0.0934*max(0,-1.17-X3) - 0.0923*max(0,0.800-X1) - 0.0908*X7 * max(0,X0-0.436) - 0.0849*max(0,X4-0.419) * X1 + 0.0750*X0 * max(0,X8-0.807) + 0.0677*X1 * max(0,-1.17-X6) - 0.0603*abs(X1) * max(0,X0-0.913) - 0.0586*max(0,0.436-X0) + 0.0571*max(0,X2+0.137) - 0.0570*max(0,1.39-X0) + 0.0559*max(0,X0+0.518) + 0.0559*abs(X1) * max(0,X8-0.807) - 0.0550*max(0,X2-0.334) + 0.0545*max(0,X1+1.01) - 0.0538*abs(X1) * max(0,X0+0.0412) - 0.0534*max(0,-0.698-X6) * max(0,X0-0.436) - 0.0529*max(0,-0.698-X6) * abs(X0) - 0.0490*max(0,0.727-X6) + 0.0472*max(0,X0-0.913) + 0.0424*max(0,X4-0.419) * abs(X7) - 0.0404*max(0,X1+0.104) * max(0,-0.0412-X0) - 0.0378*max(0,X2-0.806) * abs(X7) + 0.0373*X7 * max(0,-0.104-X1) - 0.0326*abs(X9) - 0.0280*max(0,X1+0.104) * max(0,X0-0.436) + 0.0266*max(0,0.289-X5) - 0.0240*max(0,X7-1.33) * max(0,-0.104-X1) - 0.0239*max(0,X2-0.806) * max(0,-0.0412-X0) - 0.0227*max(0,1.25-X1) - 0.0223*max(0,X4-0.419) * X0 - 0.0217*max(0,-0.0412-X0) * max(0,X7+0.0693) + 0.0216*abs(X4) * X7 - 0.0210*max(0,X4-0.419) * abs(X1) + 0.0200*max(0,-0.137-X2) + 0.0157*abs(X0) * X0 + 0.0151*max(0,X7+0.534) + 0.0149*max(0,X0+0.0412) * X0 + 0.0148*max(0,X4+1.01) - 0.0137*max(0,0.357-X8) + 0.0135*abs(X0) * max(0,-1.01-X4) + 0.00725*max(0,X0+0.0412) * abs(X0) + 0.00568*max(0,X8-0.807) * max(0,-0.0693-X7) + 0.00438*max(0,X0+0.0412) * max(0,X0-0.913) - 0.00113*abs(X4) * max(0,-0.104-X1) - 0.000801*abs(X5) + 0.000257*X0 * X7"
ffx,596_fri_c2_250_5,ok,-3.82683,2.37784,1928,14.11,,"1.65 - 26.4*max(0,X0-0.971) * max(0,X2-1.97) - 22.7*max(0,-0.228-X0) * max(0,X1-0.591) + 21.2*max(0,X0-0.971) * max(0,X3-1.39) + 20.3*max(0,X2-1.97) * max(0,0.372-X0) - 13.3*max(0,X1-0.591) * max(0,X0-1.57) + 9.96*max(0,X0-0.372) * max(0,-0.295-X1) - 7.01*max(0,X1-0.148) * max(0,X0-1.57) + 6.98*max(0,X2-1.97) * max(0,X3-1.39) + 6.53*max(0,X1+0.295) * max(0,-0.228-X0) + 6.48*max(0,X2-1.97) - 4.87*max(0,X2-0.340) * max(0,-0.295-X1) + 4.86*max(0,X0+0.228) * max(0,-0.295-X1) - 4.81*max(0,X1-0.148) * max(0,X2-1.97) + 4.65*max(0,X0-0.372) * max(0,X0-1.57) - 4.45*max(0,X2-0.340) * max(0,X0-1.57) + 4.05*max(0,-0.0375-X3) * max(0,X0-1.57) + 3.75*abs(X2) * max(0,X0-1.57) - 3.72*max(0,X2-1.97) * max(0,X1-0.591) - 3.40*max(0,X0-0.971) * max(0,X1-0.591) - 3.39*max(0,X4-0.292) * max(0,X2-1.97) + 3.09*max(0,X1-0.591) + 2.96*max(0,0.591-X1) * max(0,X2-0.340) + 2.90*max(0,X0-1.57) + 2.74*max(0,X4-0.292) * max(0,X0-1.57) - 2.74*max(0,X1+0.295) * max(0,X0-1.57) - 2.55*max(0,X0+0.228) * max(0,0.372-X0) - 2.53*max(0,X2-0.340) * max(0,-0.228-X0) + 2.47*max(0,X0+0.228) * max(0,X0-1.57) - 2.28*max(0,X0-0.971) * max(0,X1+0.295) + 2.08*max(0,X0-0.971) - 2.04*max(0,0.591-X1) * max(0,X0-0.372) + 2.01*max(0,0.372-X0) * max(0,X3-1.39) + 1.98*max(0,X0-0.971) * max(0,X0-0.372) + 1.94*max(0,X1-1.03) - 1.86*max(0,X0+0.228) * max(0,X2-1.97) + 1.85*max(0,X0+0.228) * max(0,X3-1.39) - 1.82*max(0,X0-0.971) * max(0,X2-0.340) - 1.82*max(0,-0.0375-X3) * max(0,X0-0.372) + 1.69*max(0,X0-0.971) * abs(X2) - 1.63*max(0,X1+0.295) - 1.62*max(0,0.372-X0) * max(0,X1-0.591) + 1.59*max(0,X0+0.228) * max(0,X1-0.591) + 1.51*max(0,X2-0.882) + 1.48*max(0,0.372-X0) + 1.42*max(0,X1-0.148) * max(0,X0-0.372) - 1.41*max(0,0.591-X1) * max(0,X3-1.39) + 1.34*max(0,-0.202-X2) - 1.33*max(0,-0.738-X1) + 1.23*max(0,-0.0375-X3) * max(0,X0+0.228) - 1.23*max(0,X2-0.340) * max(0,X3-1.39) + 1.17*max(0,X1-0.148) * max(0,0.372-X0) + 1.14*max(0,X2-1.97) * max(0,X0-0.372) + 1.12*max(0,X1-0.148) * abs(X2) + 1.12*max(0,X3-0.439) - 1.04*max(0,X1-0.148) * max(0,X0-0.971) + 0.999*max(0,-1.43-X0) + 0.987*max(0,X1-0.148) - 0.950*max(0,X1-0.148) * max(0,X1+0.295) - 0.938*abs(X2) * max(0,X1-0.591) - 0.934*max(0,X1-0.148) * max(0,X1-0.591) + 0.930*max(0,-0.514-X3) - 0.913*max(0,X3-1.39) * max(0,-0.228-X0) - 0.907*max(0,X0-0.971) * max(0,X0-1.57) + 0.825*max(0,X3-0.916) + 0.824*max(0,X1+0.295) * max(0,X0-0.372) + 0.796*max(0,X4-0.292) * max(0,X0-0.971) - 0.766*max(0,-0.0375-X3) * max(0,-0.295-X1) + 0.746*max(0,-0.0375-X3) * max(0,X0-0.971) - 0.740*max(0,X0-0.372) - 0.675*abs(X0) - 0.655*max(0,X2-1.97) * max(0,X1+0.295) - 0.654*max(0,X4-0.292) * max(0,X0-0.372) + 0.649*max(0,-0.0375-X3) * max(0,0.591-X1) - 0.647*X3**2 - 0.645*max(0,0.340-X2) - 0.585*abs(X2) + 0.577*abs(X2) * max(0,X3-1.39) + 0.556*max(0,X0+0.228) * max(0,X2-0.340) + 0.554*max(0,X1-0.148) * max(0,X0+0.228) - 0.550*max(0,X2-0.340) * abs(X2) + 0.549*max(0,-0.991-X3) - 0.535*max(0,X4-0.292) * max(0,X3-1.39) + 0.515*max(0,-0.745-X2) + 0.490*max(0,-0.0375-X3) * max(0,X2-0.340) - 0.487*max(0,0.591-X1) * abs(X2) + 0.487*max(0,-0.228-X0) * max(0,-0.295-X1) - 0.481*max(0,X3-1.39) * max(0,X1-0.591) - 0.470*max(0,X1-0.148) * max(0,-0.228-X0) - 0.466*max(0,X1+1.18) - 0.447*max(0,X2-1.42) - 0.442*max(0,X0+0.228) * max(0,X1+0.295) - 0.433*max(0,1.57-X0) - 0.424*max(0,-0.828-X0) + 0.414*max(0,X2-1.97) * abs(X2) - 0.409*max(0,-0.228-X0) + 0.408*max(0,0.591-X1) * max(0,0.372-X0) + 0.401*max(0,0.372-X0) * abs(X2) - 0.396*max(0,X0+0.228) * abs(X2) + 0.381*max(0,X4-0.292) * max(0,X0+0.228) - 0.371*max(0,X4-0.742) - 0.368*max(0,0.372-X0) * max(0,-0.228-X0) - 0.341*max(0,X1-0.148) * max(0,X3-1.39) - 0.325*max(0,0.372-X0) * max(0,-0.295-X1) + 0.322*max(0,-1.18-X1) - 0.322*max(0,0.591-X1) * max(0,-0.228-X0) + 0.316*max(0,X4-0.292) + 0.310*max(0,X2-0.340) - 0.307*max(0,X1+0.295) * max(0,0.372-X0) - 0.288*abs(X1) + 0.284*max(0,0.591-X1) * max(0,X0+0.228) - 0.280*max(0,-0.0375-X3) * max(0,X1+0.295) + 0.274*max(0,X4-0.292) * max(0,0.591-X1) + 0.266*max(0,X0+1.43) + 0.257*max(0,-0.295-X1) + 0.256*max(0,X0+0.228) * max(0,X0-0.372) - 0.254*max(0,1.03-X1) - 0.250*abs(X3) + 0.246*abs(X2) * max(0,-0.295-X1) - 0.238*max(0,X1+0.738) + 0.236*max(0,0.882-X2) + 0.229*max(0,0.591-X1) * max(0,X1+0.295) - 0.227*max(0,X0+0.228) * max(0,X0-0.971) + 0.218*max(0,0.971-X0) + 0.216*max(0,X3+0.0375) - 0.215*max(0,X1-0.148) * max(0,0.591-X1) - 0.213*max(0,X2-0.340) * max(0,X1-0.591) - 0.208*max(0,0.148-X1) + 0.200*max(0,0.591-X1) * max(0,-0.295-X1) - 0.198*max(0,X2+0.202) + 0.194*max(0,X1+0.295) * max(0,X1-0.591) + 0.188*max(0,X3-1.39) * max(0,-0.295-X1) - 0.177*max(0,1.39-X3) + 0.166*max(0,X0-0.372) * max(0,X1-0.591) - 0.162*max(0,X4-0.292) * max(0,-0.295-X1) + 0.158*max(0,X4-0.292) * max(0,-0.228-X0) + 0.154*max(0,X0+0.828) - 0.151*max(0,X2+0.745) + 0.151*max(0,X1-0.148) * max(0,X2-0.340) + 0.150*abs(X4) - 0.142*max(0,-0.608-X4) - 0.137*max(0,X2-0.340) * max(0,X1+0.295) - 0.136*X0 - 0.134*max(0,X3-1.39) * max(0,X0-0.372) - 0.125*max(0,X4-0.292) * max(0,0.372-X0) - 0.124*max(0,X2-0.340) * max(0,X0-0.372) - 0.101*abs(X2) * max(0,-0.228-X0) - 0.0926*max(0,-0.0375-X3) * abs(X2) - 0.0854*max(0,-0.158-X4) - 0.0853*max(0,-0.0375-X3) * max(0,X4-0.292) + 0.0844*max(0,X1+0.295) * abs(X2) + 0.0812*max(0,X3-1.39) - 0.0803*max(0,X4+0.158) + 0.0800*max(0,X4-1.19) - 0.0785*max(0,0.742-X4) + 0.0780*max(0,X2-0.340) * max(0,0.372-X0) - 0.0774*max(0,-0.0375-X3) - 0.0760*X4**2 - 0.0744*max(0,0.916-X3) - 0.0684*X2 - 0.0672*max(0,X1-0.148) * max(0,X4-0.292) + 0.0630*max(0,X4-0.292) * max(0,X1+0.295) - 0.0613*max(0,X0+0.228) + 0.0568*max(0,-1.06-X4) + 0.0495*X1**2 - 0.0389*X0**2 - 0.0359*max(0,X1+0.295) * max(0,X3-1.39) - 0.0352*max(0,X4-0.292) * max(0,X1-0.591) + 0.0333*max(0,-0.0375-X3) * max(0,X1-0.591) - 0.0319*max(0,X4-0.292) * max(0,X2-0.340) - 0.0120*max(0,X4-0.292) * abs(X2) + 0.0111*max(0,X2-1.97) * max(0,X2-0.340) - 0.00955*max(0,X4+1.06) - 0.00919*max(0,0.292-X4) - 0.00759*max(0,1.42-X2) + 0.00755*X1 + 0.00723*max(0,-0.0375-X3) * max(0,0.372-X0) + 0.00698*max(0,1.19-X4) - 0.00638*max(0,-0.0375-X3) * max(0,-0.228-X0) + 0.00598*max(0,0.591-X1) - 0.00553*max(0,1.97-X2) - 0.00380*abs(X2) * max(0,X0-0.372) - 0.00366*max(0,0.439-X3) + 0.00196*X4 + 0.000140*X2**2"
ffx,597_fri_c2_500_5,ok,-1.761116,1.769726,1398,15.73,,"1.14 + 283*max(0,X2-1.40) * max(0,-0.460-X1) - 134*max(0,X1-1.40) * max(0,X3-1.39) + 60.8*max(0,X1-1.40) * max(0,X2-2.00) - 32.9*max(0,X4-1.31) * max(0,X3-1.39) + 28.1*max(0,X4-1.31) * max(0,X2-2.00) - 18.8*max(0,X3-1.39) * max(0,X0-1.59) - 18.6*max(0,0.00444-X1) * max(0,X2-1.40) - 17.1*max(0,X2-2.00) * max(0,X0-1.59) + 15.6*max(0,X2-2.00) * max(0,X0-1.01) + 15.4*max(0,X0-1.59) * max(0,X0-1.01) - 13.7*max(0,X3-1.39) * max(0,X4-0.846) - 12.9*max(0,X1-1.40) * max(0,X1-0.933) - 11.7*max(0,X1-1.40) * max(0,X2-1.40) + 11.3*max(0,X1-1.40) * max(0,X4-1.31) + 10.1*max(0,X0-1.59) - 9.37*max(0,X0-1.59) * max(0,X1-0.933) + 9.24*max(0,X1-1.40) * max(0,X0-1.59) + 8.78*max(0,X2-1.40) * max(0,X3-1.39) - 8.07*max(0,X0+0.159) * max(0,X0-1.59) - 7.91*max(0,X0+0.159) * max(0,X2-2.00) + 7.75*max(0,X1-1.40) - 6.46*max(0,X4-0.846) * max(0,X0-1.59) - 6.34*max(0,X4-1.31) * max(0,X0-1.59) + 6.28*max(0,X4-0.846) * max(0,X2-2.00) + 5.36*max(0,X2-2.00) + 5.29*max(0,X1-0.00444) * max(0,-0.159-X0) - 5.26*max(0,X2-1.40) * max(0,X4-0.846) + 5.18*max(0,X2-1.40) * max(0,-0.159-X0) + 5.15*max(0,X0+0.159) * max(0,X1-0.933) + 4.95*max(0,X4-1.31) * max(0,X0-1.01) - 4.60*max(0,-0.0216-X3) * max(0,X1-1.40) - 4.49*max(0,X1-0.933) - 4.42*max(0,X1-0.00444) * max(0,X2-2.00) - 4.37*max(0,X3-1.39) * max(0,-0.460-X1) - 3.98*max(0,X1-1.40) * max(0,X0-1.01) - 3.76*max(0,X4-0.846) * max(0,X1-0.933) + 3.38*max(0,X4-1.31) * max(0,X2-1.40) - 3.32*max(0,X3-1.39) * max(0,X1-0.933) + 3.25*max(0,0.00444-X1) * max(0,X3-1.39) + 2.85*max(0,X4-1.31) * max(0,X1-0.933) + 2.83*max(0,X3-1.39) * max(0,X2-2.00) + 2.78*max(0,X1-0.00444) * max(0,X3-1.39) - 2.69*max(0,X1-0.00444) * max(0,X4-1.31) - 2.57*max(0,X1-0.00444) * max(0,X0-1.59) - 2.55*max(0,X4-1.31) - 2.50*max(0,X1-0.933) * max(0,X0-1.01) - 2.35*max(0,X1-0.00444) + 2.28*max(0,X1-1.40) * max(0,X1-0.00444) + 2.21*max(0,-0.460-X1) * max(0,-0.159-X0) + 2.10*max(0,X3-1.39) * max(0,X0-1.01) + 1.99*max(0,X1-0.00444) * max(0,X1-0.933) - 1.96*max(0,-0.0216-X3) * max(0,X0-1.59) + 1.87*max(0,X4-0.846) * max(0,X0-1.01) - 1.75*max(0,-0.460-X1) + 1.71*max(0,X2-1.40) * max(0,X1-0.933) - 1.65*max(0,0.00444-X1) * max(0,X4-1.31) - 1.65*max(0,0.00444-X1) * max(0,-0.159-X0) + 1.51*max(0,X4-1.31) * max(0,X4-0.846) - 1.49*max(0,X2-1.40) * max(0,X0-1.59) - 1.37*max(0,X0+0.159) + 1.32*max(0,X4-1.31) * max(0,-0.159-X0) + 1.31*max(0,-0.0216-X3) * max(0,X4-1.31) - 1.27*max(0,X0-1.01) + 1.23*max(0,0.00444-X1) * max(0,X4-0.846) - 1.21*max(0,X3-1.39) + 1.04*max(0,X1-0.00444) * max(0,X4-0.846) + 1.03*max(0,X1-0.00444) * max(0,X0-1.01) - 0.950*max(0,-0.460-X1) * max(0,X4-0.846) + 0.930*max(0,X2-1.40) * max(0,X2-2.00) + 0.914*max(0,X0+0.159) * max(0,X0-1.01) + 0.906*max(0,X1-0.00444) * max(0,X2-1.40) + 0.858*max(0,X3-1.39) * max(0,-0.159-X0) - 0.837*max(0,-0.0216-X3) + 0.778*max(0,-0.0216-X3) * max(0,X0-1.01) + 0.774*max(0,0.00444-X1) + 0.670*max(0,X2-2.00) * max(0,X1-0.933) - 0.636*max(0,X4-0.381) - 0.631*max(0,X4-0.846) * max(0,-0.159-X0) + 0.630*max(0,-0.159-X0) - 0.570*max(0,X1+0.460) - 0.504*max(0,0.381-X4) + 0.504*max(0,0.846-X4) - 0.469*max(0,0.933-X1) - 0.426*max(0,-0.0216-X3) * max(0,X1-0.933) + 0.423*max(0,X1-0.469) - 0.422*max(0,-0.550-X4) + 0.409*max(0,X4-0.846) - 0.408*max(0,-0.742-X0) + 0.387*max(0,X0+0.742) + 0.366*max(0,X2-0.797) - 0.341*max(0,-1.02-X4) + 0.340*max(0,X4-1.31) * max(0,-0.460-X1) - 0.337*max(0,0.425-X0) + 0.330*max(0,0.797-X2) + 0.322*max(0,X1-1.40) * max(0,X4-0.846) + 0.318*max(0,-0.0216-X3) * max(0,X1-0.00444) - 0.309*max(0,X2-1.40) * max(0,X0-1.01) + 0.307*max(0,0.00444-X1) * max(0,-0.460-X1) + 0.306*X4**2 + 0.301*max(0,X4+0.0847) - 0.249*max(0,-0.924-X1) - 0.238*max(0,-0.0216-X3) * max(0,X4-0.846) - 0.230*max(0,X0-0.425) + 0.227*X3**2 + 0.206*max(0,1.01-X0) - 0.202*max(0,-0.0847-X4) - 0.201*X2 - 0.176*max(0,X3-0.923) - 0.163*max(0,0.469-X1) + 0.157*max(0,X2-1.40) + 0.155*max(0,-0.0216-X3) * max(0,0.00444-X1) - 0.147*max(0,1.40-X1) + 0.122*max(0,-1.00-X2) + 0.108*max(0,-0.494-X3) + 0.0942*X4 + 0.0926*max(0,-0.401-X2) - 0.0812*max(0,-0.0216-X3) * max(0,-0.460-X1) - 0.0812*max(0,X3-0.451) + 0.0781*max(0,-1.33-X0) + 0.0683*max(0,X3+0.494) + 0.0682*X3 + 0.0410*max(0,X3+0.0216) + 0.0408*max(0,-0.0216-X3) * max(0,-0.159-X0) + 0.0387*X0 - 0.0360*max(0,-0.966-X3) - 0.0219*X2**2 - 0.0185*max(0,0.451-X3) + 0.00337*max(0,0.198-X2) - 0.00269*X0**2"
ffx,598_fri_c0_1000_25,ok,0.294495,0.802659,1398,22.62,,"0.654 + 238*max(0,X12-1.24) * max(0,X0-1.25) - 82.5*max(0,X12-1.24) * max(0,X15-1.21) + 20.4*max(0,X24-1.26) * max(0,X12-1.24) - 18.1*max(0,X12-1.24) * max(0,X22-1.21) - 6.29*max(0,X7-0.983) * max(0,X15-1.21) + 6.22*max(0,X12-1.24) * max(0,X24-0.823) + 4.59*max(0,X24-1.26) * max(0,X7-0.983) - 4.44*max(0,-1.05-X3) * max(0,X0-1.25) - 3.74*max(0,X12-1.24) * max(0,X4-1.11) + 3.65*max(0,X5-1.34) * max(0,X22-1.21) + 3.35*max(0,X2-0.754) * max(0,X4-1.11) + 3.32*max(0,X22-1.21) * max(0,X0-0.822) - 2.72*max(0,X24-1.26) * max(0,X5-1.34) - 2.31*max(0,X24-1.26) * max(0,-1.07-X4) + 2.03*max(0,X2-0.754) * max(0,X22-1.21) - 2.02*max(0,X24-1.26) * max(0,-0.637-X4) - 1.80*max(0,X7-0.983) * max(0,X0-0.822) + 1.77*max(0,-0.761-X9) * max(0,X21-1.28) + 1.75*max(0,X5-1.34) * max(0,X0-0.822) + 1.72*max(0,X2-0.754) * max(0,X0-1.25) - 1.64*max(0,X5-1.34) * max(0,X2-0.754) + 1.35*max(0,-1.05-X3) * max(0,X0-0.822) + 1.25*max(0,X5-1.34) * max(0,X15-0.754) - 1.24*max(0,X24-0.385) * max(0,X4-1.11) + 1.24*max(0,X21-1.28) * max(0,X2-0.754) - 1.13*max(0,X5-1.34) * max(0,X22-0.747) + 1.12*max(0,-0.761-X9) * max(0,X0-0.822) + 1.12*max(0,-1.08-X2) + 1.06*max(0,-0.761-X9) * max(0,X22-1.21) - 1.05*max(0,X21-1.28) * max(0,X7-0.983) + 1.03*max(0,X2-0.754) + 0.973*max(0,-0.500-X10) * max(0,X0-1.25) - 0.965*max(0,X5-1.34) * max(0,X7-0.513) - 0.896*max(0,X24-0.385) * max(0,X2-0.754) + 0.894*max(0,X11-1.18) + 0.840*max(0,X5-1.34) * max(0,X24-0.385) + 0.781*max(0,X4-0.673) * max(0,X0-0.822) + 0.762*max(0,X22-0.286) * max(0,X12-1.24) + 0.742*max(0,X1-1.26) + 0.723*max(0,X5-1.34) * max(0,X21-0.304) - 0.716*max(0,X24-0.385) * max(0,X0-1.25) - 0.671*max(0,X22-0.286) * max(0,X21-1.28) - 0.658*max(0,X22-0.747) * max(0,X4-1.11) - 0.644*max(0,X24-1.26) * max(0,-0.500-X10) + 0.644*max(0,X15-0.754) * max(0,X2-0.754) + 0.628*max(0,-0.500-X10) * max(0,X7-0.983) + 0.551*max(0,X3-0.312) * max(0,X0-0.822) + 0.533*max(0,-0.761-X9) * max(0,X3-0.312) - 0.517*max(0,-1.08-X1) - 0.475*max(0,X24-0.385) * max(0,X7-0.983) + 0.465*max(0,X22-0.286) * max(0,X15-0.754) + 0.456*max(0,X21-0.304) * max(0,X15-0.754) + 0.453*max(0,X21-0.304) * max(0,-1.07-X4) - 0.442*max(0,-0.0354-X0) + 0.423*max(0,X12-1.24) * max(0,X7-0.983) + 0.420*max(0,X3-0.312) * max(0,-1.07-X4) + 0.417*max(0,X3-0.312) * max(0,X4-0.673) + 0.406*max(0,X22-1.21) * max(0,X22-0.747) - 0.392*max(0,-1.11-X17) - 0.385*max(0,-0.761-X9) + 0.378*max(0,X21-1.28) * max(0,X3-0.312) + 0.378*max(0,X21-1.28) - 0.370*max(0,-0.500-X10) * max(0,X2-0.754) - 0.348*max(0,X20-1.34) - 0.337*max(0,X7-0.983) * max(0,X4-1.11) + 0.336*max(0,X17-1.10) - 0.335*max(0,0.236-X4) - 0.334*max(0,0.327-X1) + 0.294*max(0,X4-0.673) * max(0,X15-0.754) + 0.285*max(0,X24-0.385) * max(0,X21-1.28) + 0.281*max(0,X24-0.823) + 0.281*max(0,X3+1.05) - 0.277*max(0,0.766-X3) - 0.271*max(0,X21-0.304) * max(0,X4-1.11) + 0.250*max(0,X6-1.14) - 0.247*max(0,0.393-X0) + 0.236*max(0,X3-1.22) - 0.236*max(0,X24-0.385) * max(0,-0.500-X10) + 0.229*max(0,-0.0283-X10) - 0.227*max(0,-0.500-X10) + 0.225*max(0,-1.16-X21) - 0.224*max(0,X24-0.385) * max(0,X15-1.21) - 0.221*max(0,X21-0.304) - 0.218*max(0,X14-0.358) + 0.211*max(0,X16-1.37) + 0.197*max(0,-0.761-X9) * max(0,X12-1.24) + 0.190*max(0,X4-0.236) - 0.188*max(0,X24-0.385) * max(0,-0.637-X4) - 0.182*max(0,X7-0.513) * max(0,X15-1.21) - 0.180*max(0,-0.637-X4) - 0.170*max(0,X22-0.747) - 0.169*max(0,-0.761-X9) * max(0,X4-1.11) - 0.162*max(0,-0.647-X18) + 0.151*max(0,X12-1.24) * max(0,-0.637-X4) + 0.141*max(0,X22-0.286) * max(0,X3-0.312) - 0.134*max(0,X23-1.17) - 0.132*max(0,X17+0.223) + 0.125*max(0,X0-0.822) - 0.119*max(0,-0.761-X9) * max(0,X21-0.304) - 0.117*max(0,-0.921-X8) + 0.117*max(0,X3-0.312) * max(0,X15-0.754) - 0.115*max(0,X13-0.840) - 0.113*max(0,0.00910-X8) + 0.112*max(0,-0.637-X4) * max(0,X3-0.312) - 0.111*max(0,X24-0.385) * max(0,X7-0.513) - 0.110*max(0,X7-0.983) - 0.105*max(0,-1.00-X19) + 0.104*max(0,-0.896-X7) + 0.103*max(0,-0.761-X9) * max(0,-0.500-X10) - 0.0964*max(0,X10+0.0283) - 0.0918*max(0,X5-0.867) - 0.0900*max(0,-0.980-X13) + 0.0862*max(0,0.286-X22) - 0.0838*max(0,X9+0.254) - 0.0748*max(0,X24-0.385) * max(0,X22-0.286) + 0.0745*max(0,X18-0.309) - 0.0725*max(0,-0.761-X9) * max(0,X24-0.823) + 0.0707*max(0,-0.160-X11) - 0.0665*max(0,-0.149-X15) - 0.0628*max(0,X23-0.734) - 0.0606*max(0,X7-0.0434) + 0.0562*max(0,-0.541-X12) + 0.0558*max(0,-1.07-X4) * max(0,X2-0.754) - 0.0487*max(0,-0.173-X6) - 0.0471*max(0,-0.490-X24) - 0.0468*max(0,-0.761-X9) * max(0,X4-0.673) - 0.0426*max(0,-0.635-X22) - 0.0353*max(0,X6+0.173) + 0.0336*max(0,X15+0.149) - 0.0231*max(0,-0.500-X10) * max(0,X22-0.747) - 0.0206*max(0,-0.637-X4) * max(0,X7-0.513) + 0.0187*max(0,0.0434-X7) + 0.0175*max(0,-0.110-X14) + 0.0163*max(0,X20+0.0726) - 0.0147*max(0,-0.562-X23) - 0.0119*max(0,-1.07-X4) * max(0,X15-0.754) - 0.0112*max(0,X19+0.0713) - 0.00963*max(0,0.304-X21) - 0.00861*max(0,-0.557-X5) + 0.00831*max(0,-0.606-X11) - 0.00503*max(0,X16+0.428) + 0.00123*max(0,X1-0.327)"
ffx,599_fri_c2_1000_5,ok,0.855044,0.398585,1642,13.12,,"-0.334 - 6.67*max(0,0.0820-X2) * max(0,X1-0.839) - 4.57*max(0,X0-0.976) * max(0,X1-0.839) - 4.08*max(0,0.839-X1) * max(0,X0-0.393) - 3.37*max(0,X3-0.304) * max(0,X1-0.839) + 3.22*abs(X2) * max(0,X1-0.839) + 3.19*abs(X0) * max(0,X1-0.839) + 2.56*max(0,X1-0.367) * max(0,X0-0.976) + 2.38*max(0,0.0820-X2) * max(0,X1-0.367) + 1.77*abs(X3) * max(0,X0-0.393) - 1.75*max(0,X2-0.0820) * max(0,X1-0.839) - 1.69*max(0,-1.05-X1) - 1.61*X0 * max(0,X1+0.105) - 1.42*max(0,-1.05-X1) * abs(X2) + 1.39*max(0,X0-0.393) * max(0,X1-0.367) - 1.34*max(0,X0-0.393) * max(0,X1+0.105) + 1.30*max(0,X1-0.367) * max(0,X1-0.839) - 1.27*abs(X3) * max(0,X0-0.976) + 1.21*max(0,X2-0.0820) * max(0,-0.105-X1) - 1.20*abs(X3) * max(0,-0.105-X1) + 1.18*max(0,X0-0.393) * max(0,X1-0.839) - 1.16*max(0,0.0820-X2) * max(0,X0-0.976) + 1.13*X0 * max(0,-0.105-X1) + 1.12*max(0,X2-2.13) + 1.09*abs(X3) * max(0,-0.576-X1) - 1.09*max(0,-1.05-X1) * max(0,X3-0.304) - 1.05*max(0,X4-1.39) - 1.04*max(0,-0.917-X4) + 1.04*max(0,X3-0.304) * max(0,X1+0.105) - 1.03*max(0,X0-0.393) * max(0,X2-0.0820) + 1.02*max(0,-1.05-X1) * abs(X0) + 0.996*max(0,-0.105-X1) - 0.883*max(0,X0-0.393) * max(0,X0-0.976) - 0.852*max(0,X1-0.367) + 0.832*max(0,-1.05-X1) * max(0,-0.576-X1) - 0.827*max(0,0.839-X1) * max(0,X1-0.367) - 0.819*max(0,X3-0.304) * max(0,X0-0.393) - 0.812*X1**2 + 0.780*max(0,-1.25-X3) + 0.770*abs(X2) * max(0,-0.576-X1) + 0.765*max(0,-1.28-X2) + 0.763*X0 * max(0,X0-0.393) + 0.754*max(0,X0-0.393) * abs(X2) + 0.746*max(0,-1.05-X1) * max(0,-0.105-X1) + 0.696*abs(X2) + 0.682*max(0,X0-0.976) + 0.673*max(0,X2-0.0820) * max(0,X0-0.976) + 0.643*abs(X2) * max(0,X0-0.976) - 0.640*max(0,X2-0.0820) * max(0,X1-0.367) + 0.631*abs(X0) + 0.629*max(0,0.0820-X2) * max(0,-0.576-X1) + 0.623*max(0,X2-1.45) + 0.602*max(0,X3-1.34) + 0.591*max(0,-1.05-X1) * max(0,0.839-X1) - 0.586*X0 * max(0,-0.576-X1) + 0.582*max(0,X2-0.764) - 0.580*max(0,-0.191-X0) + 0.576*max(0,0.393-X0) + 0.571*abs(X3) * max(0,X1-0.367) + 0.548*X0 * max(0,X1-0.839) - 0.531*max(0,0.839-X1) * max(0,-0.576-X1) + 0.529*max(0,X3-0.304) + 0.521*abs(X3) * max(0,0.839-X1) + 0.493*X4**2 - 0.489*max(0,X1-0.839) - 0.479*abs(X0) * max(0,X0-0.976) - 0.477*max(0,-0.729-X3) - 0.472*max(0,-0.576-X1) + 0.457*X0 * max(0,X0-0.976) - 0.455*max(0,-1.05-X1) * max(0,0.0820-X2) - 0.454*max(0,X3-0.820) - 0.449*max(0,X0-0.393) * abs(X0) + 0.437*abs(X0) * max(0,-0.576-X1) - 0.429*max(0,X4-0.465) - 0.414*max(0,-1.36-X0) - 0.413*X0 * max(0,0.0820-X2) - 0.413*abs(X3) * abs(X0) + 0.410*max(0,X1+0.105) * max(0,X1-0.367) - 0.408*max(0,X3-0.304) * abs(X2) - 0.407*max(0,0.839-X1) * max(0,X0-0.976) + 0.397*abs(X3) * max(0,X1-0.839) + 0.393*max(0,X3-0.304) * max(0,-0.105-X1) - 0.388*max(0,0.839-X1) * max(0,X2-0.0820) - 0.382*abs(X3) * max(0,X1+0.105) - 0.378*max(0,X4-0.926) + 0.371*X0 * abs(X2) - 0.366*max(0,X1+0.105) * max(0,X0-0.976) - 0.335*abs(X2) * max(0,X1-0.367) + 0.320*max(0,X3-0.304) * max(0,0.0820-X2) - 0.320*abs(X2) * max(0,0.0820-X2) + 0.310*max(0,X3-0.304) * max(0,X0-0.976) - 0.307*X0 * abs(X3) - 0.297*max(0,X2-0.0820) * abs(X0) - 0.296*abs(X4) - 0.294*max(0,X0+0.191) + 0.284*max(0,X4+0.456) + 0.267*X0**2 - 0.254*max(0,X1+0.576) - 0.238*max(0,X1+0.105) - 0.228*max(0,X1-1.31) + 0.220*max(0,X3-0.304) * max(0,X1-0.367) - 0.220*max(0,X0-1.56) - 0.214*abs(X3) + 0.213*max(0,X0+1.36) - 0.212*X0 * max(0,X2-0.0820) + 0.209*X0 * max(0,0.839-X1) - 0.205*max(0,X1+0.105) * max(0,X1-0.839) + 0.202*max(0,-0.600-X2) + 0.196*max(0,0.839-X1) - 0.190*max(0,0.0820-X2) + 0.190*max(0,0.367-X1) - 0.182*max(0,-0.456-X4) - 0.178*abs(X2) * max(0,-0.105-X1) + 0.155*max(0,0.764-X2) + 0.155*X0 * max(0,X3-0.304) - 0.154*max(0,0.839-X1) * abs(X0) - 0.146*max(0,X0-0.393) * max(0,0.0820-X2) - 0.141*max(0,-1.05-X1) * abs(X3) + 0.141*max(0,X3-0.304) * max(0,X2-0.0820) + 0.139*max(0,X1+1.05) + 0.138*max(0,X3-0.304) * abs(X0) - 0.127*abs(X0) * max(0,-0.105-X1) - 0.118*abs(X3) * max(0,X2-0.0820) - 0.115*max(0,1.31-X1) + 0.115*max(0,X0-0.393) - 0.107*abs(X3) * max(0,0.0820-X2) - 0.105*max(0,X2+1.28) + 0.0987*X0 * max(0,X1-0.367) + 0.0982*max(0,0.839-X1) * max(0,0.0820-X2) - 0.0970*max(0,-1.05-X1) * X0 - 0.0964*max(0,0.0820-X2) * max(0,-0.105-X1) - 0.0940*max(0,0.839-X1) * max(0,X1+0.105) + 0.0909*max(0,0.839-X1) * abs(X2) - 0.0907*max(0,-0.774-X0) - 0.0900*max(0,0.820-X3) + 0.0897*max(0,0.839-X1) * max(0,X3-0.304) - 0.0865*abs(X3) * abs(X2) + 0.0817*max(0,0.839-X1) * max(0,-0.105-X1) - 0.0720*max(0,0.00451-X4) - 0.0715*X0 - 0.0699*X2**2 - 0.0658*abs(X3) * max(0,X3-0.304) + 0.0652*max(0,X3+1.25) - 0.0644*max(0,X2-0.0820) * max(0,X1+0.105) - 0.0631*abs(X2) * max(0,X1+0.105) - 0.0590*abs(X2) * max(0,X2-0.0820) + 0.0547*max(0,0.976-X0) - 0.0536*max(0,X1+0.105) * max(0,0.0820-X2) - 0.0499*max(0,1.56-X0) + 0.0493*abs(X0) * max(0,X1+0.105) - 0.0479*abs(X1) + 0.0429*X0 * abs(X0) + 0.0370*abs(X0) * max(0,0.0820-X2) - 0.0366*max(0,X3+0.729) - 0.0350*abs(X2) * abs(X0) + 0.0329*max(0,X3-0.304) * max(0,-0.576-X1) - 0.0249*X4 - 0.0237*max(0,X3+0.213) + 0.0236*X2 - 0.0167*max(0,1.45-X2) - 0.0137*X1 - 0.0128*max(0,2.13-X2) - 0.0112*max(0,-0.105-X1) * max(0,-0.576-X1) - 0.00898*max(0,0.304-X3) + 0.00846*max(0,-0.213-X3) + 0.00428*max(0,1.34-X3) - 0.00245*max(0,X2-0.0820) - 0.000671*abs(X0) * max(0,X1-0.367)"
ffx,601_fri_c1_250_5,ok,0.741981,0.501777,1928,13.98,,"-1.42 + 50.5*max(0,-1.10-X3) * max(0,X0-1.66) + 17.6*max(0,X0-0.442) * max(0,-0.0532-X1) - 11.9*max(0,-0.643-X3) * max(0,X0-1.66) - 10.8*max(0,X1-0.848) * max(0,X0-1.66) + 9.75*max(0,X0-1.05) * max(0,X0-1.66) - 7.61*abs(X2) * max(0,X0-1.66) - 6.78*max(0,X4-0.236) * max(0,X0-1.66) + 6.48*max(0,X2-0.206) * max(0,X1-0.848) - 6.41*max(0,-1.10-X3) * max(0,-0.0532-X1) - 6.20*abs(X1) * max(0,X0-1.66) + 5.88*max(0,X1+0.0532) * max(0,X0-1.66) - 5.69*max(0,-1.10-X3) * max(0,X1-0.848) - 4.63*max(0,X1-0.848) * max(0,X0-1.05) + 4.53*max(0,X0-1.66) - 4.45*max(0,0.848-X1) * max(0,X0-0.442) + 4.18*max(0,-1.10-X3) * max(0,-0.504-X1) + 3.96*max(0,-1.10-X3) * max(0,X0-1.05) - 3.93*max(0,-0.643-X3) * max(0,X1-0.848) - 3.72*max(0,-0.244-X2) * max(0,X0-1.05) - 3.71*max(0,X2-0.206) * max(0,X0-1.05) - 3.68*max(0,0.848-X1) * max(0,X1-0.397) - 3.29*max(0,-0.504-X1) + 3.14*max(0,0.848-X1) * max(0,-1.10-X3) - 3.13*max(0,-0.643-X3) * max(0,X0-1.05) - 2.78*max(0,-0.244-X2) * max(0,-1.10-X3) - 2.65*max(0,X2-0.206) * max(0,X1-0.397) - 2.21*max(0,-0.643-X3) * max(0,-0.504-X1) + 2.16*max(0,X1-0.397) * max(0,X1-0.848) - 2.08*max(0,X1-0.397) * max(0,-0.244-X2) - 1.99*max(0,-1.10-X3) * abs(X0) - 1.74*max(0,X1-0.397) * max(0,X0-1.66) - 1.71*max(0,X1-0.397) * max(0,X0-1.05) - 1.70*max(0,0.848-X1) * max(0,X1+0.0532) + 1.65*max(0,-0.643-X3) * max(0,-0.0532-X1) - 1.63*max(0,X1-0.397) - 1.59*max(0,X1+0.0532) + 1.59*max(0,X0-0.442) * max(0,-1.10-X3) + 1.55*max(0,X1-1.30) - 1.53*max(0,-0.643-X3) + 1.50*X1**2 + 1.50*max(0,X4-0.236) * max(0,X0-1.05) + 1.39*max(0,X0-0.442) * max(0,X0-1.05) + 1.36*max(0,0.848-X1) * max(0,X0-1.05) - 1.28*max(0,X2-0.206) * max(0,-1.10-X3) + 1.24*max(0,X0-1.05) + 1.13*abs(X1) * max(0,X0-0.442) - 1.09*max(0,-0.643-X3) * max(0,-1.10-X3) + 1.05*max(0,-0.504-X1) * max(0,-0.0532-X1) - 1.02*max(0,X1-0.397) * max(0,X1+0.0532) + 0.985*max(0,-1.14-X2) + 0.974*max(0,X1+0.0532) * max(0,X1-0.848) + 0.969*abs(X2) * max(0,X0-1.05) + 0.962*max(0,X1-0.397) * max(0,X0-0.442) - 0.953*max(0,0.848-X1) * max(0,-0.244-X2) + 0.934*max(0,-0.643-X3) * abs(X0) - 0.921*max(0,X4-0.236) * max(0,X1+0.0532) + 0.916*max(0,X2-1.11) + 0.909*max(0,-1.10-X3) + 0.904*max(0,X2-0.206) * max(0,X0-1.66) - 0.889*abs(X1) * max(0,-0.0532-X1) - 0.873*max(0,-0.954-X1) + 0.868*max(0,-0.244-X2) - 0.867*max(0,X1-0.848) + 0.860*max(0,X0-0.442) * abs(X0) + 0.859*max(0,-0.244-X2) * max(0,X1+0.0532) + 0.831*abs(X0) * max(0,X0-1.05) + 0.813*abs(X0) * max(0,-0.504-X1) + 0.805*max(0,-0.643-X3) * max(0,X1+0.0532) + 0.800*max(0,-0.244-X2) * max(0,-0.643-X3) + 0.783*max(0,X2-0.206) * max(0,X0-0.442) - 0.771*max(0,X2-0.206) * max(0,X1+0.0532) + 0.762*max(0,X0-0.442) * max(0,X1-0.848) - 0.760*abs(X1) * max(0,X1+0.0532) - 0.744*max(0,X2-0.206) * max(0,0.848-X1) - 0.739*max(0,X1-0.397) * abs(X2) - 0.731*max(0,-1.39-X0) - 0.710*abs(X0) * max(0,X1+0.0532) - 0.674*abs(X2) * max(0,-0.244-X2) - 0.664*max(0,-0.777-X0) + 0.658*abs(X1) * max(0,X1-0.848) + 0.633*X2**2 - 0.628*max(0,-0.188-X3) + 0.618*abs(X1) + 0.611*abs(X4) - 0.590*abs(X0) * max(0,X1-0.848) - 0.582*max(0,0.848-X1) * max(0,-0.643-X3) - 0.578*max(0,X4-0.687) + 0.577*max(0,X4-0.236) * max(0,X0-0.442) - 0.558*max(0,X2-0.206) * abs(X0) - 0.557*max(0,-0.694-X2) + 0.553*max(0,-0.244-X2) * max(0,-0.504-X1) + 0.552*max(0,X4-0.236) + 0.538*abs(X1) * max(0,-0.643-X3) - 0.536*max(0,X0-0.442) + 0.519*max(0,-0.643-X3) * max(0,X0-0.442) + 0.515*max(0,X2+0.244) + 0.512*max(0,X4-0.236) * max(0,X1-0.848) + 0.506*abs(X2) * max(0,-0.0532-X1) - 0.505*max(0,X3-0.721) - 0.501*abs(X1) * max(0,-0.244-X2) + 0.500*max(0,X2-0.206) * max(0,-0.643-X3) - 0.498*max(0,0.848-X1) * max(0,-0.0532-X1) + 0.492*max(0,-0.244-X2) * max(0,-0.0532-X1) + 0.483*max(0,X4-1.14) + 0.437*max(0,X2-0.206) * abs(X1) - 0.427*max(0,X4-0.236) * max(0,-0.0532-X1) + 0.426*max(0,X4-0.236) * abs(X1) + 0.422*abs(X2) * max(0,-0.504-X1) + 0.420*max(0,-0.244-X2) * max(0,X0-0.442) - 0.419*max(0,X2-0.656) + 0.387*max(0,-0.244-X2) * abs(X0) - 0.382*X0**2 + 0.372*abs(X2) * max(0,X1+0.0532) + 0.350*abs(X1) * max(0,-1.10-X3) - 0.344*max(0,X1-0.397) * max(0,-1.10-X3) - 0.344*max(0,0.848-X1) * abs(X2) + 0.331*max(0,X1+0.0532) * max(0,X0-1.05) - 0.321*max(0,-0.665-X4) + 0.312*max(0,0.848-X1) * abs(X0) - 0.311*abs(X1) * abs(X0) + 0.309*max(0,0.442-X0) + 0.297*X3**2 - 0.293*max(0,X4-0.236) * max(0,-1.10-X3) - 0.290*max(0,X0-0.442) * max(0,X1+0.0532) + 0.286*abs(X0) * max(0,X0-1.66) + 0.284*max(0,-1.12-X4) - 0.281*max(0,X4-0.236) * abs(X0) + 0.280*max(0,0.848-X1) + 0.268*abs(X2) * max(0,-1.10-X3) + 0.266*abs(X2) - 0.256*max(0,X3+0.188) - 0.249*max(0,X3-1.18) - 0.247*max(0,-0.244-X2) * max(0,X1-0.848) + 0.242*max(0,X1-0.397) * max(0,-0.643-X3) + 0.234*max(0,X1+0.954) - 0.230*X4**2 + 0.223*max(0,X3-0.266) - 0.223*max(0,X4+0.214) - 0.222*max(0,-0.168-X0) + 0.219*max(0,X2-0.206) * max(0,-0.504-X1) - 0.217*max(0,-0.214-X4) + 0.211*max(0,1.66-X0) + 0.204*abs(X2) * max(0,-0.643-X3) - 0.192*max(0,-0.0532-X1) + 0.189*max(0,X0+1.39) + 0.184*max(0,X0+0.168) - 0.182*max(0,X4-0.236) * max(0,-0.643-X3) + 0.179*abs(X2) * max(0,X1-0.848) - 0.174*X1 - 0.168*abs(X1) * max(0,-0.504-X1) + 0.158*max(0,1.05-X0) + 0.153*max(0,X3+1.10) + 0.138*max(0,1.18-X3) - 0.138*max(0,X2-0.206) * abs(X2) + 0.137*abs(X2) * abs(X0) + 0.132*max(0,X3+0.643) - 0.129*max(0,0.848-X1) * max(0,-0.504-X1) - 0.128*abs(X1) * max(0,X0-1.05) + 0.124*X0 + 0.112*max(0,X0-0.442) * max(0,X0-1.66) + 0.0992*max(0,0.656-X2) + 0.0991*max(0,X4-0.236) * max(0,-0.504-X1) - 0.0989*max(0,X4-0.236) * abs(X2) - 0.0914*max(0,X2-0.206) * max(0,-0.0532-X1) + 0.0906*abs(X2) * abs(X1) - 0.0833*max(0,1.30-X1) + 0.0833*X4 + 0.0828*max(0,X4-0.236) * max(0,-0.244-X2) + 0.0799*max(0,X1-0.397) * abs(X1) + 0.0796*max(0,0.397-X1) - 0.0768*max(0,X0+0.777) + 0.0611*max(0,X2+0.694) + 0.0606*abs(X3) - 0.0594*max(0,X2-0.206) + 0.0592*abs(X0) * max(0,-0.0532-X1) + 0.0550*max(0,0.206-X2) + 0.0510*max(0,X4+1.12) - 0.0505*max(0,0.266-X3) + 0.0398*X3 - 0.0357*abs(X0) - 0.0323*max(0,0.236-X4) + 0.0285*abs(X2) * max(0,X0-0.442) + 0.0241*max(0,-1.10-X3) * max(0,X1+0.0532) + 0.0212*max(0,X1+0.504) + 0.0140*max(0,0.848-X1) * abs(X1) + 0.0114*max(0,X4+0.665) - 0.0107*max(0,1.11-X2) + 0.0101*max(0,X1-0.397) * abs(X0) - 0.00446*max(0,0.721-X3) + 0.00303*max(0,1.14-X4) + 0.00301*max(0,0.687-X4) - 0.000103*X2"
ffx,602_fri_c3_250_10,ok,0.80425,0.447358,1642,25.71,,"-0.540 + 496*max(0,0.0328-X0) * max(0,X1-0.751) + 42.6*max(0,-1.11-X6) * max(0,X0-1.72) - 26.0*max(0,-0.0971-X8) * max(0,X0-1.72) + 8.85*max(0,X3-1.25) * max(0,X1-0.751) - 6.77*max(0,-1.09-X0) * max(0,X2-0.462) - 6.45*max(0,-1.09-X0) * max(0,X3-1.25) - 6.18*max(0,X0-1.16) * max(0,X1-0.751) - 6.11*max(0,-0.182-X1) * max(0,X2-0.462) - 5.93*max(0,-0.530-X0) * max(0,X2-0.462) + 5.39*max(0,-0.0971-X8) * max(0,X0-1.16) - 5.18*max(0,X3-1.25) * max(0,X0-1.16) + 4.60*max(0,-0.530-X0) * max(0,X3-1.25) - 4.56*max(0,0.596-X0) * max(0,X1-0.751) + 4.50*max(0,-1.09-X0) * max(0,-1.11-X6) + 4.39*max(0,X0-0.596) * max(0,X1-0.751) - 3.68*max(0,-1.11-X6) * max(0,X0-1.16) + 3.41*max(0,-0.182-X1) * max(0,X0-0.0328) + 3.14*max(0,0.596-X0) * max(0,X0-0.0328) + 2.26*max(0,X0-1.16) - 2.10*max(0,X4-1.46) * max(0,-0.0971-X8) - 2.07*max(0,X4-1.46) * max(0,X3-1.25) - 1.92*max(0,-1.11-X6) * max(0,X2-1.20) + 1.89*max(0,X0-1.16) * max(0,-0.280-X2) - 1.58*max(0,-0.530-X0) - 1.47*max(0,-1.11-X6) * max(0,-0.530-X0) - 1.43*max(0,-1.11-X6) * max(0,X1-0.751) + 1.14*max(0,-0.182-X1) * max(0,-0.530-X0) - 1.03*max(0,X0-0.0328) + 1.02*max(0,-1.11-X6) * max(0,-0.0971-X8) + 0.966*max(0,-1.09-X0) * max(0,-0.0971-X8) + 0.944*X2 * max(0,X1-0.751) - 0.942*max(0,-1.07-X3) - 0.872*max(0,0.0328-X0) * abs(X1) + 0.864*abs(X1) * max(0,X0-0.596) - 0.863*max(0,-1.11-X6) * max(0,X3-1.25) - 0.803*max(0,X4-1.46) * max(0,X1-0.751) - 0.773*max(0,-0.182-X1) * max(0,0.0328-X0) - 0.756*max(0,-1.04-X7) - 0.744*max(0,-0.0971-X8) * max(0,X0-0.596) - 0.709*max(0,X3-1.25) * max(0,-0.280-X2) - 0.707*max(0,X0-1.16) * max(0,X0-0.596) - 0.673*max(0,0.596-X0) * max(0,X2-1.20) - 0.669*max(0,X2-0.462) * abs(X1) + 0.668*max(0,-0.149-X7) + 0.660*abs(X1) * max(0,X1-0.751) + 0.599*max(0,-0.182-X1) * max(0,-0.280-X2) + 0.591*max(0,-0.598-X9) + 0.573*X1 * max(0,-0.280-X2) - 0.540*max(0,-0.182-X1) * abs(X1) + 0.537*max(0,0.596-X0) - 0.530*max(0,-0.182-X1) * max(0,-1.11-X6) + 0.530*max(0,0.751-X1) - 0.525*max(0,-0.0971-X8) * max(0,X3-1.25) + 0.504*max(0,X2-1.20) * max(0,X0-0.596) + 0.492*max(0,-0.530-X0) * abs(X2) - 0.491*abs(X1) + 0.479*max(0,-0.182-X1) * max(0,-1.09-X0) + 0.469*max(0,-1.12-X1) + 0.468*max(0,0.462-X2) + 0.447*max(0,0.0328-X0) + 0.438*max(0,X2-0.462) - 0.433*max(0,-0.530-X8) + 0.433*max(0,-1.11-X6) * max(0,X2-0.462) - 0.430*X1 + 0.423*max(0,X0-1.72) * max(0,X1-0.751) - 0.407*max(0,X6-1.27) + 0.403*max(0,X7+0.149) - 0.374*max(0,X0-0.0328) * max(0,X0-1.16) - 0.350*max(0,-0.138-X9) + 0.345*max(0,X0-0.596) * max(0,X0-1.72) + 0.342*max(0,-0.530-X0) * abs(X1) + 0.339*max(0,-0.283-X5) - 0.334*max(0,-1.11-X6) * max(0,0.596-X0) + 0.320*max(0,0.0328-X0) * abs(X2) - 0.320*abs(X7) + 0.318*max(0,-0.280-X2) * max(0,X0-0.596) + 0.316*max(0,-0.0971-X8) * max(0,X2-1.20) + 0.313*max(0,X5-1.18) - 0.309*abs(X2) + 0.303*max(0,-0.182-X1) * abs(X2) + 0.286*max(0,0.284-X1) + 0.280*max(0,0.596-X0) * X2 + 0.262*max(0,0.0328-X0) * X2 + 0.260*max(0,X3+0.608) - 0.253*max(0,X4-1.46) * max(0,X0-1.16) - 0.250*max(0,X9-0.781) - 0.243*abs(X5) + 0.222*max(0,X4+0.183) - 0.219*max(0,1.46-X4) + 0.216*abs(X8) - 0.215*max(0,-0.182-X1) * X2 - 0.212*max(0,X2-0.462) * max(0,0.0328-X0) - 0.203*max(0,X0-0.0328) * max(0,-0.280-X2) - 0.194*max(0,X0+0.530) + 0.191*X1 * max(0,X0-0.596) - 0.189*max(0,X5-0.695) + 0.184*max(0,X0-0.0328) * max(0,-0.0971-X8) + 0.180*max(0,X4-0.638) + 0.177*max(0,X5+0.283) + 0.175*X2 * max(0,X0-0.596) + 0.169*max(0,-0.637-X6) - 0.168*max(0,X1-1.22) - 0.162*abs(X6) - 0.159*max(0,-1.09-X0) * max(0,-0.280-X2) - 0.155*max(0,-1.09-X0) - 0.148*X2 - 0.146*max(0,-0.530-X0) * max(0,-0.0971-X8) - 0.142*max(0,-1.06-X9) + 0.134*max(0,X0-0.0328) * max(0,X2-1.20) + 0.126*max(0,-1.02-X2) + 0.124*max(0,-1.09-X0) * abs(X1) + 0.124*max(0,-0.0971-X8) * max(0,-0.280-X2) - 0.124*max(0,X7-1.19) - 0.115*abs(X2) * abs(X1) + 0.113*X2**2 + 0.109*max(0,X2-0.462) * abs(X2) - 0.107*max(0,X4-1.46) * max(0,X0-0.596) + 0.107*max(0,X1-0.284) + 0.105*max(0,-1.11-X6) * abs(X2) - 0.104*max(0,-0.0971-X8) * abs(X1) + 0.0945*max(0,X3+0.144) + 0.0935*max(0,X0-1.16) * max(0,X2-1.20) - 0.0932*max(0,X8-0.769) - 0.0858*max(0,-0.182-X1) * max(0,-0.0971-X8) - 0.0853*max(0,-1.26-X5) + 0.0845*X2 * max(0,X3-1.25) + 0.0809*abs(X3) + 0.0775*X6**2 + 0.0689*max(0,X6+0.637) - 0.0680*max(0,X3-0.785) - 0.0664*max(0,-1.11-X6) * X2 - 0.0631*max(0,X8+0.530) + 0.0610*max(0,X2-0.462) * max(0,-0.0971-X8) + 0.0586*max(0,-0.596-X7) + 0.0532*max(0,X2-1.20) * max(0,X1-0.751) - 0.0527*max(0,X8-1.20) - 0.0460*max(0,0.321-X9) - 0.0409*max(0,0.785-X3) + 0.0395*max(0,-0.963-X8) - 0.0378*X1**2 + 0.0376*max(0,X3-0.321) + 0.0242*max(0,0.596-X0) * max(0,-0.280-X2) + 0.0212*max(0,X9+0.598) - 0.0210*max(0,-0.280-X2) * max(0,X1-0.751) - 0.0182*max(0,X4-1.46) * max(0,X4-3.10) + 0.0146*max(0,X6-0.795) + 0.0137*abs(X1) * max(0,-0.280-X2) - 0.0126*max(0,X1+0.182) - 0.0125*max(0,X4-1.46) * max(0,X2-2.69) - 0.0111*max(0,X1+0.649) - 0.0101*X0**2 + 0.00958*max(0,0.0328-X0) * max(0,-0.0971-X8) + 0.00443*X4**2 + 0.00293*max(0,X2-0.462) * X2 - 0.00281*X2 * abs(X1) - 0.00229*X3**2 - 0.000735*max(0,0.638-X4) - 0.000519*max(0,X9-1.24) + 0.000414*max(0,X7-0.298)"
ffx,603_fri_c0_250_50,ok,-0.799581,1.191443,1398,36.13,,"0.219 - 64.4*max(0,X49-1.31) * max(0,X8-1.27) + 61.5*max(0,X17-1.32) * max(0,X15-1.39) - 44.9*max(0,X32-1.12) * max(0,X49-1.31) - 20.4*max(0,-1.16-X12) * max(0,X33-1.28) - 12.4*max(0,X15-1.39) * max(0,X8-1.27) + 11.2*max(0,X17-1.32) * max(0,X20-1.37) + 5.53*max(0,X29-1.37) * max(0,-1.03-X28) - 3.62*max(0,X23-1.38) * max(0,X20-1.37) + 2.92*max(0,X32-1.12) * max(0,X25-1.21) + 2.86*max(0,-0.835-X23) * max(0,X49-1.31) - 2.82*max(0,X23-1.38) * max(0,-0.662-X3) + 2.68*max(0,-1.10-X2) * max(0,X33-1.28) - 2.66*max(0,X29-1.37) * max(0,X47-1.34) + 2.55*max(0,X23-1.38) * max(0,X32-1.12) - 2.33*max(0,X32-1.12) * max(0,X20-1.37) - 2.15*max(0,X29-1.37) * max(0,X23-1.38) - 2.04*max(0,X47-1.34) * max(0,-1.16-X12) - 2.04*max(0,X0-1.24) * max(0,X8-1.27) + 2.00*max(0,X14-1.23) * max(0,-1.10-X2) - 1.98*max(0,X15-1.39) * max(0,-1.03-X28) + 1.71*max(0,X49-1.31) * max(0,X14-1.23) + 1.56*max(0,X39-1.50) * max(0,X14-1.23) - 1.47*max(0,X0-1.24) * max(0,X20-1.37) + 1.23*max(0,-0.835-X23) * max(0,-1.03-X28) - 1.06*max(0,-1.12-X3) * max(0,-1.03-X28) + 1.05*max(0,X17-1.32) * max(0,X8-1.27) - 0.993*max(0,-0.835-X23) * max(0,-0.908-X20) - 0.936*max(0,X47-1.34) * max(0,X14-1.23) + 0.893*max(0,X28-0.785) * max(0,-0.908-X20) - 0.891*max(0,X0-1.24) * max(0,X29-1.37) - 0.851*max(0,X39-1.50) * max(0,-0.662-X3) + 0.835*max(0,X25-1.21) * max(0,X33-1.28) - 0.801*max(0,-0.662-X3) * max(0,X33-1.28) - 0.749*max(0,X28-0.785) * max(0,X29-1.37) - 0.519*max(0,X32-1.12) * max(0,X14-1.23) - 0.511*max(0,-1.03-X28) * max(0,-0.662-X3) - 0.506*max(0,X32-1.12) * max(0,-1.16-X12) - 0.494*max(0,X0-1.24) * max(0,-1.03-X28) - 0.464*max(0,-0.521-X0) + 0.462*max(0,-0.835-X23) * max(0,X28-0.785) - 0.440*max(0,-0.662-X3) + 0.426*max(0,-0.835-X23) * max(0,X14-1.23) + 0.384*max(0,X3+1.12) - 0.382*max(0,X36-1.28) + 0.375*max(0,X17-1.32) * max(0,X23-1.38) - 0.371*max(0,X39-1.50) * max(0,X15-1.39) - 0.366*max(0,-1.16-X12) * max(0,-0.908-X20) + 0.353*abs(X2) * max(0,X49-1.31) - 0.353*max(0,X35-1.27) + 0.337*max(0,-1.13-X38) - 0.320*max(0,0.802-X0) - 0.319*max(0,X3+1.12) * max(0,X20-1.37) - 0.290*max(0,-0.0571-X1) + 0.285*max(0,-1.12-X3) * max(0,X20-1.37) - 0.275*max(0,0.821-X1) + 0.273*abs(X2) - 0.271*max(0,-1.03-X28) * max(0,-0.908-X20) - 0.235*max(0,0.802-X0) * max(0,X14-1.23) - 0.221*max(0,X29-1.37) - 0.213*max(0,X15-1.39) + 0.211*max(0,X40-1.09) + 0.198*max(0,X3+1.12) * max(0,X49-1.31) - 0.194*max(0,-1.16-X12) - 0.191*max(0,1.12-X4) + 0.186*max(0,X38-0.734) + 0.180*max(0,X26-0.460) - 0.161*max(0,0.802-X0) * max(0,X8-1.27) + 0.160*max(0,0.802-X0) * max(0,-1.10-X2) - 0.158*max(0,X25-1.21) + 0.150*abs(X2) * max(0,X17-1.32) + 0.150*abs(X2) * max(0,X3+1.12) - 0.146*max(0,-0.722-X4) - 0.144*max(0,-0.888-X41) - 0.136*max(0,X3+1.12) * max(0,-1.16-X12) - 0.129*abs(X2) * max(0,X25-1.21) - 0.119*max(0,-1.15-X32) - 0.114*max(0,0.802-X0) * max(0,X20-1.37) + 0.113*max(0,X11-1.19) - 0.109*abs(X2) * max(0,X23-1.38) - 0.107*max(0,-1.03-X28) * max(0,X14-1.23) + 0.103*max(0,-0.0700-X34) - 0.0937*max(0,X15-1.39) * max(0,X25-1.21) + 0.0899*max(0,X19+0.172) - 0.0865*max(0,X29-1.37) * max(0,-0.662-X3) - 0.0775*max(0,0.268-X38) + 0.0756*max(0,X3-1.17) - 0.0750*abs(X41) - 0.0721*max(0,X7-0.433) + 0.0690*max(0,X4-0.658) + 0.0666*abs(X9) - 0.0652*abs(X35) + 0.0649*max(0,-1.25-X42) - 0.0638*max(0,X45+0.261) + 0.0618*max(0,-0.972-X14) - 0.0612*max(0,-0.566-X33) + 0.0598*max(0,-0.0306-X36) + 0.0590*abs(X2) * max(0,-1.10-X2) + 0.0570*max(0,-0.835-X23) * max(0,X3+1.12) + 0.0549*max(0,X4-0.198) + 0.0547*max(0,X39-1.50) * max(0,-1.10-X2) - 0.0521*max(0,-0.180-X5) + 0.0511*abs(X24) + 0.0509*max(0,X28-0.785) * max(0,0.802-X0) + 0.0490*max(0,X39-0.509) + 0.0479*max(0,X3+1.12) * max(0,X14-1.23) - 0.0474*max(0,1.01-X39) + 0.0458*abs(X47) - 0.0409*max(0,X13-0.725) + 0.0392*max(0,1.03-X10) + 0.0370*abs(X29) + 0.0354*abs(X2) * max(0,X14-1.23) + 0.0341*max(0,X2-0.806) + 0.0324*max(0,-0.0634-X49) - 0.0316*max(0,X3+1.12) * max(0,X25-1.21) - 0.0302*abs(X22) + 0.0291*max(0,-0.119-X30) - 0.0275*max(0,1.26-X1) - 0.0271*max(0,X7+0.985) - 0.0258*max(0,0.382-X1) + 0.0249*max(0,X31+0.509) + 0.0236*max(0,X40+0.753) - 0.0202*max(0,0.802-X0) * max(0,-0.908-X20) - 0.0184*max(0,X41-0.929) - 0.0168*max(0,-0.835-X23) * max(0,-1.16-X12) + 0.0168*max(0,0.785-X21) - 0.0156*max(0,0.732-X46) - 0.0152*max(0,X10-0.0693) - 0.0148*max(0,X3+1.12) * max(0,0.802-X0) + 0.0146*max(0,-0.583-X43) - 0.0128*max(0,X15-1.39) * max(0,-0.908-X20) + 0.00972*max(0,X27-1.38) + 0.00855*max(0,X47+0.601) + 0.00723*max(0,X12-0.750) - 0.00643*max(0,X15-1.39) * max(0,X20-1.37) + 0.00629*max(0,0.00490-X20) - 0.00599*max(0,-1.14-X5) - 0.00169*max(0,X44+0.914) - 0.000220*max(0,0.373-X8)"
ffx,604_fri_c4_500_10,ok,0.881569,0.374398,1398,25.54,,"0.405 + 20.5*max(0,-0.121-X1) * max(0,X0-0.534) + 10.7*max(0,-0.0321-X0) * max(0,X1-0.334) - 3.52*max(0,X1-1.25) * max(0,X0-1.10) - 3.38*max(0,-0.0336-X7) * max(0,X0-1.67) + 2.81*max(0,X4-3.11) * max(0,-0.0526-X8) - 2.61*max(0,-0.518-X8) * max(0,X1-1.25) - 2.60*max(0,X0-1.67) + 2.33*max(0,-0.0321-X0) * max(0,-0.577-X1) + 2.05*max(0,X0-0.534) * abs(X1) - 1.73*X8 * max(0,X0-1.67) + 1.71*max(0,-0.0321-X0) * X1 + 1.44*abs(X8) * max(0,X0-1.10) + 1.40*abs(X1) * max(0,X1-0.790) + 1.22*max(0,X1-1.25) * abs(X1) - 1.22*abs(X3) * max(0,X1-1.25) - 1.12*max(0,-0.0336-X7) * max(0,X1-1.25) - 0.955*max(0,X0-0.534) * abs(X8) - 0.937*abs(X1) + 0.921*max(0,-0.0954-X9) * max(0,X1-0.334) - 0.834*max(0,X0+0.0321) - 0.747*max(0,-0.577-X1) + 0.686*max(0,X0-0.534) * max(0,X1-0.334) - 0.629*X1 - 0.588*max(0,X3-0.597) - 0.583*max(0,X1-0.790) * max(0,X0-1.10) + 0.550*max(0,X8+0.0526) * max(0,X0-1.10) + 0.539*max(0,0.334-X1) - 0.518*max(0,-0.0336-X7) * max(0,X0-1.10) - 0.507*max(0,-0.0954-X9) * X1 + 0.476*max(0,X8+0.0526) * max(0,X1-1.25) - 0.471*abs(X9) * max(0,X1-0.790) + 0.467*max(0,-0.499-X7) + 0.466*max(0,-0.0336-X7) * max(0,-0.518-X8) - 0.449*max(0,X1+0.577) + 0.425*abs(X3) - 0.421*max(0,-0.357-X3) - 0.419*X8 * max(0,X1-0.790) + 0.415*max(0,-0.577-X1) * max(0,X9-0.399) + 0.406*max(0,-0.518-X8) * max(0,X4-3.11) + 0.393*max(0,-0.518-X8) * max(0,X0-1.10) + 0.390*max(0,-0.998-X2) + 0.377*max(0,X0-0.534) * max(0,-0.0954-X9) - 0.376*abs(X9) * max(0,-0.577-X1) + 0.357*max(0,X4-1.48) * max(0,-0.0336-X7) + 0.352*max(0,X0-0.534) * max(0,-0.0336-X7) + 0.344*max(0,-0.518-X8) * max(0,X1-0.334) + 0.342*max(0,X4-0.662) + 0.327*max(0,X5-0.268) + 0.327*max(0,-1.03-X1) + 0.325*max(0,X9-0.399) * max(0,X0-1.10) - 0.323*abs(X3) * max(0,-0.577-X1) + 0.320*max(0,-0.0321-X0) * max(0,-0.0336-X7) - 0.314*max(0,-0.0336-X7) * max(0,-0.0526-X8) + 0.312*max(0,-1.16-X0) + 0.296*abs(X2) - 0.295*max(0,X9-1.39) - 0.295*max(0,-0.0321-X0) * max(0,-0.0954-X9) + 0.276*max(0,X3-0.120) - 0.275*max(0,-0.0954-X9) * max(0,X1-1.25) - 0.265*max(0,-0.0336-X7) * max(0,-0.0954-X9) + 0.263*max(0,X7-1.36) + 0.257*max(0,0.534-X0) + 0.251*max(0,X5-2.24) - 0.247*max(0,0.597-X3) - 0.234*max(0,-0.518-X8) * max(0,-0.0954-X9) + 0.221*max(0,-0.0321-X0) * abs(X8) - 0.220*abs(X0) + 0.206*max(0,-0.590-X9) - 0.202*max(0,-1.05-X6) - 0.196*max(0,X5-0.925) - 0.185*max(0,-0.577-X1) * max(0,-0.0526-X8) - 0.182*abs(X8) * max(0,X1-0.790) - 0.182*abs(X4) - 0.180*max(0,X8-1.34) + 0.168*max(0,X1-0.334) * max(0,X1-0.790) + 0.164*max(0,X1-0.334) * abs(X1) - 0.161*max(0,-0.984-X8) - 0.161*max(0,-0.577-X1) * abs(X1) + 0.157*abs(X8) + 0.156*max(0,X6-1.17) - 0.155*abs(X3) * max(0,-0.0336-X7) - 0.146*max(0,-1.31-X3) - 0.142*max(0,X4-1.48) * max(0,-0.0954-X9) + 0.138*max(0,X4-1.48) * abs(X8) - 0.136*max(0,-0.577-X1) * abs(X8) + 0.129*max(0,X3-1.07) + 0.126*max(0,X2-1.06) - 0.123*max(0,-0.0321-X0) * max(0,X9-0.399) - 0.116*max(0,X2-2.44) + 0.116*max(0,X4-1.48) * max(0,X8+0.0526) - 0.115*max(0,X1+0.121) + 0.115*max(0,-0.518-X8) * X1 - 0.115*max(0,X6-0.279) - 0.112*max(0,X0-0.534) * max(0,-0.0526-X8) - 0.111*max(0,-1.05-X5) + 0.108*max(0,X0-0.534) * abs(X9) + 0.105*abs(X3) * max(0,-0.0321-X0) - 0.100*max(0,X9-0.399) * max(0,X1-0.790) - 0.0994*abs(X7) + 0.0979*max(0,0.376-X2) - 0.0969*max(0,-0.155-X4) + 0.0909*max(0,X1-0.334) * max(0,X1-1.25) + 0.0853*max(0,-0.577-X1) * X1 + 0.0802*max(0,X2-0.376) + 0.0788*X8 * X1 + 0.0787*X1 * max(0,X1-0.790) - 0.0786*max(0,X8-0.879) - 0.0771*max(0,X9-0.399) + 0.0767*max(0,-0.0954-X9) * max(0,-0.0526-X8) + 0.0719*max(0,-0.388-X5) - 0.0702*max(0,X1-0.790) * max(0,X0-1.67) - 0.0687*max(0,0.399-X9) + 0.0675*max(0,X9-0.893) - 0.0673*max(0,-0.0321-X0) * abs(X1) - 0.0651*max(0,-0.121-X1) * max(0,-0.0336-X7) - 0.0639*abs(X3) * max(0,-0.518-X8) - 0.0580*max(0,-0.0321-X0) * max(0,-0.518-X8) - 0.0579*max(0,-0.0954-X9) * max(0,X8+0.0526) - 0.0576*max(0,-0.0336-X7) * max(0,X9-0.399) - 0.0574*max(0,X9-0.399) * max(0,-0.0526-X8) - 0.0513*max(0,X8+0.518) + 0.0513*max(0,-0.0336-X7) * X1 + 0.0484*abs(X9) * max(0,-0.0526-X8) + 0.0470*abs(X3) * abs(X9) + 0.0467*X1 * max(0,X1-0.334) + 0.0462*max(0,-0.608-X6) - 0.0384*max(0,X6+0.165) - 0.0320*abs(X9) * X1 - 0.0279*max(0,X6-0.723) + 0.0197*abs(X3) * max(0,X9-0.399) + 0.0133*max(0,-0.0954-X9) * max(0,X4-3.11) - 0.0121*max(0,-0.0321-X0) * abs(X9) - 0.0116*max(0,X9-0.399) * abs(X8) + 0.0112*max(0,1.17-X6) - 0.0109*abs(X3) * max(0,-0.0526-X8) - 0.00953*max(0,X0-0.534) * max(0,-0.518-X8) + 0.00761*max(0,X2-1.75) + 0.00541*max(0,-1.08-X9) + 0.00469*abs(X8) * abs(X1) + 0.00402*X2**2 - 0.00400*max(0,X9-0.399) * X1 + 0.00367*abs(X9) * abs(X8) + 0.00214*max(0,-0.598-X0) - 0.000461*X6 + 0.000179*X1 * abs(X1) - 0.000138*max(0,-0.121-X1) * max(0,-0.577-X1)"
ffx,605_fri_c2_250_25,ok,-0.443027,1.199604,1642,29.22,,"0.661 + 40.7*max(0,-1.14-X20) * max(0,X18-1.33) + 21.6*max(0,X18-1.33) * max(0,X17-1.18) - 16.2*max(0,X23-1.26) * max(0,X17-1.18) - 10.5*max(0,X1-1.29) * max(0,-1.05-X24) + 10.4*max(0,-1.05-X24) * max(0,X13-1.10) - 7.89*max(0,-1.14-X20) * max(0,X14-1.38) - 7.07*max(0,X12-1.29) * max(0,X22-0.868) + 6.32*max(0,X17-1.18) * max(0,X13-1.10) + 5.81*max(0,X1-1.29) * max(0,X18-1.33) - 5.50*max(0,X7-1.12) * max(0,X13-1.10) + 4.77*max(0,X18-1.33) * max(0,X7-1.12) + 3.98*max(0,-0.406-X21) * max(0,X0-1.51) + 3.53*max(0,-0.553-X11) * max(0,X17-1.18) - 3.05*max(0,-0.989-X11) * max(0,X13-1.10) - 2.97*max(0,-0.989-X11) * max(0,-1.05-X24) - 2.91*max(0,X12-1.29) * max(0,X17-1.18) - 2.62*max(0,-1.14-X20) * max(0,X0-1.51) + 2.34*max(0,X1-1.29) * max(0,X22-0.868) + 2.18*max(0,X7-1.12) * max(0,X23-1.26) - 2.00*max(0,X23-1.26) * max(0,X13-1.10) - 1.96*max(0,X13-1.10) * max(0,X0-0.962) + 1.80*max(0,X7-1.12) * max(0,-0.469-X22) + 1.79*max(0,X1+0.0765) * max(0,X0-0.962) + 1.72*max(0,X1+0.0765) * max(0,X1-0.836) + 1.70*max(0,-0.406-X21) * max(0,X0-0.962) - 1.45*max(0,X12-1.29) * max(0,X13-1.10) - 1.39*max(0,X23-1.26) * max(0,X1+0.0765) + 1.36*max(0,X18-1.33) * max(0,X22-0.868) + 1.36*max(0,-1.05-X24) * max(0,X1-0.836) + 1.25*max(0,-0.989-X11) * max(0,X14-1.38) - 1.23*max(0,X1+0.0765) + 1.12*max(0,X22-0.868) * max(0,X0-1.51) + 1.11*max(0,X7-1.12) * max(0,X1-0.836) - 1.11*max(0,X0+0.134) + 1.09*max(0,-0.0765-X1) * max(0,X13-1.10) + 1.06*max(0,X12-1.29) * max(0,-0.595-X24) + 1.06*max(0,X18-1.33) * max(0,-0.630-X17) - 0.934*max(0,-0.630-X17) * max(0,X0-1.51) - 0.929*max(0,-0.533-X1) + 0.890*max(0,X18-1.33) * max(0,X23-1.26) + 0.865*max(0,-0.553-X11) * max(0,-0.630-X17) - 0.860*max(0,X7-1.12) * max(0,X22-0.868) + 0.809*max(0,-0.595-X24) * max(0,X0-0.962) + 0.728*max(0,X21-0.467) * max(0,X7-1.12) + 0.678*max(0,X1-1.29) + 0.649*max(0,X18-1.33) * max(0,-0.406-X21) + 0.646*max(0,-0.630-X17) * max(0,X13-1.10) + 0.620*max(0,-1.05-X24) * max(0,X17-1.18) + 0.611*max(0,-0.406-X21) * max(0,X22-0.868) - 0.539*max(0,-1.14-X20) * max(0,X13-1.10) - 0.516*max(0,-1.23-X0) - 0.505*max(0,X18-1.33) * max(0,-0.0233-X22) - 0.448*max(0,X21-0.467) * max(0,X0-1.51) - 0.447*max(0,X19-1.29) + 0.446*max(0,X12-1.29) * max(0,X23-1.26) + 0.440*max(0,X14-1.38) + 0.422*max(0,X22-0.868) * max(0,X1-0.836) + 0.413*max(0,-1.01-X2) + 0.401*max(0,X9-1.24) + 0.397*max(0,-1.05-X24) * max(0,-0.469-X22) - 0.395*max(0,-0.989-X11) * max(0,X22-0.868) - 0.374*max(0,X20-1.12) - 0.372*max(0,X17-0.725) * max(0,X1+0.0765) - 0.371*max(0,X17-1.18) * max(0,-0.469-X22) - 0.328*max(0,-0.595-X24) * max(0,X1+0.0765) + 0.328*max(0,-1.14-X20) * max(0,-0.0765-X1) - 0.325*max(0,X23-1.26) * max(0,X1-0.836) + 0.321*max(0,0.896-X2) - 0.314*max(0,-0.0233-X22) * max(0,X23-1.26) + 0.298*max(0,-0.989-X11) * max(0,-0.630-X17) - 0.293*max(0,-1.14-X20) * max(0,X0-0.962) - 0.287*max(0,X21-0.467) * max(0,X23-1.26) - 0.285*max(0,X7-1.12) * max(0,-0.595-X24) + 0.285*max(0,X14-1.38) * max(0,X17-0.725) - 0.274*max(0,1.26-X3) + 0.263*max(0,-0.0233-X22) * max(0,-0.553-X11) - 0.261*max(0,X1+0.533) - 0.257*max(0,-1.05-X15) + 0.247*max(0,X7-0.677) - 0.244*max(0,-0.134-X0) - 0.237*max(0,0.0303-X21) * max(0,-0.553-X11) - 0.235*max(0,-0.860-X10) + 0.219*max(0,X3-0.344) - 0.208*max(0,0.0303-X21) * max(0,-0.595-X24) + 0.207*max(0,-1.14-X20) * max(0,-0.989-X11) + 0.201*max(0,-0.0396-X19) + 0.199*max(0,-1.05-X24) * max(0,X23-1.26) + 0.193*max(0,X4+0.0656) + 0.189*max(0,X21-0.467) * max(0,X17-0.725) + 0.186*max(0,X21-0.467) * max(0,X14-1.38) + 0.173*max(0,-1.11-X7) - 0.169*max(0,-0.0765-X1) * max(0,-0.469-X22) - 0.165*max(0,0.374-X4) - 0.161*max(0,-1.05-X24) * max(0,-0.0765-X1) - 0.159*max(0,-0.406-X21) * max(0,X1+0.0765) + 0.154*max(0,0.0303-X21) * max(0,X0-0.962) - 0.152*max(0,X10-0.499) + 0.150*max(0,X6-0.713) + 0.146*max(0,X1-0.836) + 0.144*max(0,-1.14-X20) * max(0,X22-0.868) + 0.143*max(0,-0.375-X2) + 0.128*max(0,X5-0.395) + 0.110*max(0,-0.915-X22) - 0.104*max(0,-0.553-X11) * max(0,X22-0.868) + 0.0918*max(0,X20+0.237) - 0.0911*max(0,X22-1.31) - 0.0908*max(0,0.319-X11) + 0.0893*max(0,X23+0.158) + 0.0834*max(0,0.244-X6) + 0.0831*max(0,X21-0.467) * max(0,-1.05-X24) + 0.0816*max(0,-0.406-X21) * max(0,-0.0765-X1) + 0.0725*max(0,-1.14-X20) * max(0,-0.553-X11) - 0.0702*max(0,-1.14-X20) * max(0,-0.0233-X22) - 0.0700*max(0,0.0303-X21) * max(0,X1+0.0765) + 0.0620*max(0,X22-0.868) * max(0,-0.630-X17) - 0.0618*max(0,X11-0.755) + 0.0586*max(0,-0.0233-X22) * max(0,-0.406-X21) + 0.0563*max(0,-0.118-X12) + 0.0531*max(0,-0.0765-X1) * max(0,X17-0.725) + 0.0496*max(0,X3+1.04) + 0.0431*max(0,-0.406-X21) * max(0,-0.469-X22) - 0.0363*max(0,X4-1.25) - 0.0359*max(0,-0.682-X0) + 0.0327*max(0,X21-0.467) * max(0,-0.630-X17) - 0.0258*max(0,X12+0.586) - 0.0231*max(0,X21-0.467) * max(0,-0.0233-X22) - 0.0218*max(0,X21-0.467) * max(0,X1+0.0765) + 0.0191*max(0,-0.553-X11) * max(0,X14-1.38) - 0.0168*max(0,X3-1.26) + 0.0137*max(0,X1-0.836) * max(0,X0-0.962) + 0.0126*max(0,X6-1.18) + 0.0121*max(0,-1.01-X16) - 0.00889*max(0,0.229-X7) + 0.00838*max(0,-0.544-X8) - 0.00335*max(0,X14-0.487) - 0.00288*max(0,-0.00912-X18) - 0.00144*max(0,0.312-X15) + 0.00111*max(0,-0.575-X9)"
ffx,606_fri_c2_1000_10,ok,0.708008,0.538651,1928,18.55,,"0.0949 + 158*max(0,X4-0.747) * max(0,X0-1.56) + 19.8*max(0,X0+0.184) * max(0,-0.594-X1) - 14.5*max(0,0.396-X0) * max(0,X1-0.837) + 8.87*max(0,X4-1.18) * max(0,X1-0.837) + 5.99*max(0,X5-1.52) * max(0,X1-0.837) - 5.10*max(0,-0.198-X8) * max(0,X0-1.56) + 4.28*max(0,-0.115-X4) * max(0,X0-1.56) + 4.19*max(0,-1.15-X8) * max(0,X1-0.837) - 3.57*max(0,X4-0.747) * max(0,X0-0.976) - 3.53*max(0,X7-0.341) * max(0,X0-1.56) - 3.02*max(0,X1-0.837) * max(0,X0-1.56) + 2.83*max(0,X1+0.117) * max(0,-0.184-X0) + 2.66*max(0,X4-1.18) * max(0,X1-0.360) + 2.20*max(0,X0+0.184) * max(0,X1-0.837) - 2.08*max(0,X4-1.18) * max(0,X0+0.184) - 1.83*max(0,X0-0.396) * max(0,0.837-X1) - 1.77*max(0,X7-0.802) * max(0,X1-0.837) + 1.75*max(0,X7-0.802) * max(0,-1.15-X8) - 1.71*max(0,X1-0.360) * max(0,X0-1.56) - 1.67*max(0,0.837-X1) * max(0,X0-0.976) + 1.58*max(0,X4-1.18) * max(0,-1.04-X7) + 1.39*max(0,X0-0.396) * max(0,X4-1.18) + 1.33*max(0,X2-2.14) - 1.32*max(0,-1.04-X7) * max(0,-1.15-X8) - 1.32*max(0,X1+0.117) * max(0,0.837-X1) - 1.29*max(0,X0+0.184) - 1.29*max(0,-1.15-X8) * max(0,X0+0.184) - 1.22*max(0,-0.594-X1) - 1.22*max(0,-1.04-X7) * max(0,X4-0.747) - 1.22*max(0,X1-0.360) * max(0,X4-0.316) + 1.13*max(0,X7-0.341) * max(0,X0-0.976) + 1.07*max(0,-1.04-X7) * max(0,-0.594-X1) + 0.995*max(0,X1+0.117) * max(0,-1.15-X8) + 0.984*max(0,X0-0.396) * max(0,-1.15-X8) - 0.948*max(0,X4-0.747) * max(0,-0.594-X1) + 0.912*max(0,-1.11-X9) - 0.895*max(0,-0.764-X0) - 0.881*max(0,X1+0.117) - 0.873*max(0,X7-0.341) * max(0,-0.594-X1) + 0.868*max(0,-0.582-X7) + 0.836*max(0,X4-0.316) * max(0,X6-1.15) + 0.818*max(0,X4-0.316) * max(0,X0-1.56) - 0.818*max(0,0.837-X1) * max(0,X6-1.15) + 0.788*max(0,0.837-X1) * max(0,X0+0.184) - 0.749*max(0,-0.115-X4) * max(0,X1-0.837) - 0.705*max(0,-1.15-X8) * max(0,-0.184-X0) + 0.695*max(0,0.837-X1) * max(0,-1.15-X8) + 0.663*max(0,X1+0.117) * max(0,X6-1.15) - 0.658*max(0,-0.670-X9) - 0.623*max(0,X5-1.52) + 0.607*max(0,X4-0.316) * max(0,-0.594-X1) + 0.576*max(0,-1.04-X7) * max(0,X1-0.837) - 0.559*max(0,0.837-X1) * max(0,X1-0.360) + 0.537*max(0,X0-0.396) * max(0,X1-0.837) + 0.518*max(0,X4-1.18) * max(0,-0.594-X1) + 0.513*max(0,-0.198-X8) * max(0,X6-1.15) + 0.513*max(0,X6-1.15) * max(0,0.396-X0) + 0.492*max(0,X1-0.360) * max(0,X7-0.341) + 0.485*max(0,X0-0.396) + 0.475*max(0,X4-1.18) * max(0,0.396-X0) - 0.473*max(0,X4-1.18) * max(0,X6-1.15) - 0.467*max(0,-1.04-X7) * max(0,X6-1.15) - 0.459*max(0,0.837-X1) * max(0,X4-0.747) + 0.453*max(0,X4+0.115) + 0.449*max(0,X0-0.396) * max(0,X1-0.360) - 0.439*max(0,X4-1.18) * max(0,X7-0.341) - 0.404*max(0,X1-0.360) * max(0,-1.04-X7) + 0.389*max(0,X1+0.117) * max(0,-0.198-X8) + 0.384*max(0,X0+0.184) * max(0,X0-0.976) + 0.369*max(0,X3-1.25) - 0.361*max(0,-1.04-X7) - 0.354*max(0,X7-0.802) * max(0,X0-0.976) - 0.348*max(0,-0.115-X4) * max(0,-0.198-X8) - 0.342*max(0,X6-0.689) + 0.337*max(0,X3+0.133) + 0.335*max(0,X0-0.396) * max(0,X4-0.747) - 0.333*max(0,-0.121-X7) + 0.313*max(0,X6-1.15) * max(0,X7-0.341) + 0.308*max(0,-0.115-X4) * max(0,-1.15-X8) - 0.307*max(0,X1+0.117) * max(0,-1.04-X7) + 0.295*max(0,X4-0.316) * max(0,-1.15-X8) - 0.290*max(0,X0-0.396) * max(0,X7-0.802) + 0.280*max(0,-1.34-X0) - 0.278*max(0,X3-0.790) + 0.272*max(0,0.837-X1) * max(0,X7-0.341) + 0.270*max(0,X4-0.316) * max(0,X4-0.747) + 0.265*max(0,-0.594-X1) * max(0,-0.184-X0) + 0.264*max(0,X1-0.360) * max(0,-1.15-X8) - 0.260*max(0,X8-1.22) + 0.251*max(0,X0-0.396) * max(0,X7-0.341) + 0.246*max(0,0.223-X2) + 0.243*max(0,0.837-X1) - 0.230*max(0,-0.198-X8) * max(0,X4-0.316) + 0.229*max(0,0.837-X1) * max(0,X7-0.802) - 0.220*max(0,-1.14-X6) + 0.219*max(0,X1+0.117) * max(0,0.396-X0) - 0.217*max(0,X7-0.341) - 0.212*max(0,X1-0.360) - 0.210*max(0,X7+0.121) + 0.206*max(0,X8-0.275) + 0.205*max(0,-0.418-X5) + 0.203*max(0,X9-0.221) - 0.200*max(0,0.329-X3) - 0.191*max(0,X9-1.11) - 0.190*max(0,0.0676-X5) + 0.187*max(0,X4-0.316) * max(0,X7-0.802) + 0.176*max(0,0.221-X9) - 0.174*max(0,X9-0.667) - 0.174*max(0,X0-0.396) * max(0,X6-1.15) + 0.163*max(0,X6-1.15) * max(0,-0.184-X0) + 0.145*max(0,-1.07-X1) - 0.128*max(0,-0.115-X4) * max(0,X1-0.360) - 0.126*max(0,-0.115-X4) * max(0,-0.594-X1) + 0.118*X3 - 0.117*max(0,X8+0.198) + 0.115*max(0,-0.115-X4) * max(0,X0-0.976) - 0.111*max(0,0.837-X1) * max(0,-0.198-X8) + 0.110*max(0,0.862-X2) - 0.109*max(0,-0.115-X4) * max(0,-1.04-X7) - 0.107*max(0,X4-1.18) * max(0,-1.15-X8) - 0.103*max(0,-0.117-X1) - 0.101*max(0,X4-1.18) * max(0,X4-0.747) + 0.0993*max(0,X2-1.50) + 0.0993*max(0,1.50-X2) + 0.0990*max(0,X7-0.341) * max(0,-0.184-X0) + 0.0952*max(0,-1.06-X2) + 0.0945*max(0,0.837-X1) * max(0,-0.115-X4) - 0.0912*max(0,-0.977-X4) - 0.0716*max(0,X4-0.316) * max(0,-0.184-X0) + 0.0703*max(0,0.396-X0) + 0.0682*max(0,X7-0.341) * max(0,0.396-X0) - 0.0640*max(0,X1+0.594) + 0.0618*max(0,-0.198-X8) * max(0,0.396-X0) - 0.0618*max(0,-0.684-X6) - 0.0546*max(0,X1-0.360) * max(0,0.396-X0) - 0.0541*max(0,-1.04-X7) * max(0,X0+0.184) - 0.0531*max(0,X5-0.553) + 0.0388*max(0,0.275-X8) + 0.0377*max(0,-0.224-X9) + 0.0370*max(0,-0.198-X8) * max(0,-1.04-X7) + 0.0360*max(0,X1+0.117) * max(0,X0-0.976) + 0.0353*max(0,-0.198-X8) * max(0,-0.184-X0) - 0.0337*max(0,X1+0.117) * max(0,-0.115-X4) - 0.0313*max(0,-0.198-X8) * max(0,-0.594-X1) + 0.0311*max(0,0.231-X6) + 0.0284*max(0,X0-0.976) - 0.0224*max(0,X5-0.0676) + 0.0223*max(0,X0-0.396) * max(0,X0+0.184) - 0.0216*max(0,X6+1.14) - 0.0191*max(0,X4-0.316) * max(0,X7-0.341) + 0.0147*max(0,-0.115-X4) * max(0,X7-0.341) - 0.00801*max(0,-0.903-X5) - 0.00665*max(0,-0.198-X8) * max(0,X4-0.747) - 0.00273*max(0,-0.115-X4) * max(0,X7-0.802) - 0.00127*max(0,-0.115-X4) * max(0,-0.184-X0) + 0.00118*max(0,-1.04-X7) * max(0,-0.184-X0) + 0.000979*max(0,X1-0.360) * max(0,-0.184-X0)"
ffx,607_fri_c4_1000_50,ok,0.76582,0.598682,1190,34.55,,"0.857 + 3.97*max(0,X0-1.01) + 2.28*max(0,X1-0.749) - 2.26*max(0,X0-1.63) - 1.57*max(0,X1+0.173) - 1.45*max(0,X20-1.36) - 1.28*max(0,X30-1.34) + 1.25*max(0,X1-1.21) + 1.21*max(0,X16-1.34) + 1.21*max(0,X47-1.30) - 1.20*max(0,X19-1.24) + 1.04*max(0,X49-1.21) - 0.978*max(0,-0.634-X1) - 0.930*max(0,X0+0.212) - 0.927*max(0,X42-1.15) + 0.925*max(0,X4-2.84) + 0.924*max(0,X36-1.25) - 0.847*max(0,X25-1.21) - 0.682*max(0,-0.477-X3) - 0.677*max(0,X23-1.41) - 0.662*max(0,X12-1.38) - 0.649*max(0,X34-1.29) + 0.639*max(0,X18-1.34) + 0.632*max(0,X27-1.31) + 0.553*max(0,X22-1.32) - 0.505*max(0,X46-1.32) - 0.487*max(0,X11-1.32) + 0.476*max(0,-0.903-X23) + 0.454*max(0,-0.792-X2) - 0.423*max(0,X9-1.23) + 0.395*max(0,-1.10-X8) + 0.389*max(0,X29-1.21) + 0.378*max(0,X2-1.67) - 0.370*max(0,X1+0.634) + 0.347*max(0,X6-0.711) - 0.337*max(0,X5-2.41) - 0.326*max(0,-0.987-X11) + 0.324*max(0,X3+0.0299) - 0.306*max(0,X16-0.420) + 0.304*max(0,-1.02-X35) - 0.300*max(0,-0.987-X40) + 0.298*max(0,-1.03-X31) - 0.295*max(0,X31-1.37) - 0.289*max(0,X39-0.690) + 0.288*max(0,X38-1.25) + 0.287*max(0,X2-0.439) - 0.283*max(0,-0.962-X37) - 0.276*max(0,X32-1.20) - 0.274*max(0,X41-0.489) + 0.264*max(0,X33-1.29) + 0.263*max(0,X45-1.27) - 0.262*max(0,-0.569-X21) + 0.251*max(0,-0.957-X16) - 0.226*max(0,-1.01-X28) + 0.225*max(0,X4-0.116) + 0.209*max(0,-0.932-X20) + 0.206*max(0,X20+0.474) - 0.202*max(0,X15-1.22) - 0.202*max(0,-0.212-X0) - 0.195*max(0,-1.08-X10) - 0.193*max(0,-0.951-X14) + 0.191*max(0,-1.07-X19) - 0.190*max(0,-1.01-X46) - 0.190*max(0,-0.431-X12) - 0.187*max(0,X47+0.461) - 0.187*max(0,-1.05-X43) - 0.184*max(0,-1.07-X17) - 0.183*max(0,X26-1.33) - 0.180*max(0,X7-0.328) - 0.177*max(0,-0.606-X6) - 0.177*max(0,-1.07-X45) - 0.171*max(0,-0.998-X42) + 0.159*max(0,-0.705-X13) + 0.154*max(0,X4-2.16) + 0.139*max(0,X17-1.17) - 0.139*max(0,-0.596-X49) - 0.136*max(0,X44+0.0879) - 0.136*max(0,-0.902-X47) + 0.133*max(0,-0.0457-X40) + 0.132*max(0,X34-0.365) - 0.126*max(0,-0.825-X0) + 0.124*max(0,-0.976-X5) + 0.122*max(0,-0.0954-X34) + 0.120*max(0,X7-1.24) - 0.119*max(0,-1.04-X7) + 0.116*max(0,X48-0.423) + 0.113*max(0,X29+1.08) + 0.111*max(0,X43-1.26) - 0.110*max(0,X24-0.691) + 0.109*max(0,X28-0.697) + 0.101*max(0,0.800-X43) + 0.0973*max(0,X14-0.388) + 0.0957*max(0,-1.14-X25) + 0.0928*max(0,-0.952-X44) + 0.0911*max(0,X39-1.14) + 0.0898*max(0,-0.159-X28) + 0.0870*max(0,X37-0.431) + 0.0846*max(0,-1.01-X30) + 0.0802*max(0,X35+1.02) - 0.0788*max(0,X21+0.569) + 0.0772*max(0,-1.44-X0) + 0.0711*max(0,-1.08-X29) + 0.0634*max(0,X30+1.01) + 0.0550*max(0,X30+0.0682) + 0.0510*max(0,X15+0.0928) + 0.0476*max(0,-0.530-X15) + 0.0463*max(0,-0.545-X9) + 0.0459*max(0,X42+0.568) - 0.0449*max(0,X39+0.645) + 0.0447*max(0,X48-1.38) + 0.0442*max(0,-1.29-X24) + 0.0369*max(0,-0.176-X2) + 0.0361*max(0,0.421-X47) + 0.0347*max(0,X19+1.07) - 0.0313*max(0,X49+0.143) + 0.0301*max(0,X25+0.201) + 0.0280*max(0,X40-0.425) + 0.0257*max(0,X10-0.361) - 0.0237*max(0,-0.964-X33) + 0.0222*max(0,-0.0686-X26) - 0.0210*max(0,X8-0.706) - 0.0210*max(0,X32+0.157) + 0.0206*max(0,X33+0.0625) - 0.0201*max(0,X36+0.609) - 0.0201*max(0,-0.645-X39) + 0.0200*max(0,X22+0.0833) - 0.0189*max(0,0.739-X25) - 0.0185*max(0,0.418-X3) + 0.0149*max(0,0.269-X28) - 0.0135*max(0,X27+0.546) - 0.0132*max(0,0.400-X11) - 0.0114*max(0,-1.01-X48) + 0.00946*max(0,-1.02-X22) + 0.00916*max(0,X13+0.705) - 0.00832*max(0,-0.608-X32) - 0.00713*max(0,X7+0.129) - 0.00454*max(0,X44-1.21) - 0.00408*max(0,X45+0.600) + 0.00319*max(0,1.16-X8) - 0.00302*max(0,0.380-X5) - 0.00292*max(0,-1.06-X32) + 0.00275*max(0,-0.101-X9) + 0.00134*max(0,X35-0.435)"
ffx,608_fri_c3_1000_10,ok,0.679131,0.542461,1642,17.23,,"-0.211 + 3.46e4*max(0,-0.839-X2) * max(0,X0-1.53) - 79.5*max(0,0.323-X0) * max(0,X1-1.18) + 50.1*max(0,X6-1.31) * max(0,-1.07-X3) + 17.3*max(0,X6-1.31) * max(0,X7-1.25) + 15.8*max(0,X0-0.323) * max(0,-0.253-X1) + 12.6*max(0,-1.07-X3) * max(0,X0-1.53) - 10.2*max(0,X1-1.18) * max(0,X0-1.53) - 8.91*max(0,X7-1.25) * max(0,X1-1.18) - 7.32*max(0,-0.613-X3) * max(0,X0-1.53) + 6.75*max(0,-0.839-X2) * max(0,X6-1.31) - 6.45*max(0,-0.839-X2) * max(0,X7-1.25) - 4.81*max(0,0.323-X0) * max(0,X1-0.705) - 4.31*max(0,X7-0.787) * max(0,X0-1.53) - 4.04*max(0,X6-1.31) * max(0,X7-0.787) + 3.57*max(0,X0-0.323) * max(0,X1-0.705) - 3.24*max(0,X6-0.843) * max(0,X1-1.18) + 2.70*max(0,-0.839-X2) * max(0,X0-0.927) + 2.67*max(0,-0.839-X2) * max(0,X1-0.705) + 2.45*max(0,X7-0.787) * max(0,X2-1.79) + 2.33*max(0,X6-0.843) * max(0,-1.07-X3) - 2.29*max(0,X6-0.843) * max(0,-0.839-X2) - 2.23*max(0,-0.732-X1) * max(0,X7-1.25) + 1.58*max(0,X6-1.31) * max(0,X0-0.323) + 1.56*max(0,-0.839-X2) * max(0,X7-0.787) - 1.48*max(0,X1+0.253) * max(0,X0-1.53) - 1.44*max(0,X4-2.34) * max(0,X2-2.45) - 1.33*max(0,-0.732-X1) + 1.29*max(0,-0.732-X1) * max(0,-1.07-X3) - 1.26*max(0,X1-1.18) * max(0,X0-0.927) - 1.23*max(0,X6-0.843) * max(0,X7-1.25) + 1.21*max(0,-0.253-X1) * max(0,X7-1.25) + 1.17*max(0,-0.732-X1) * max(0,-0.282-X0) - 1.01*max(0,-0.602-X7) * max(0,X0-1.53) - 0.978*max(0,X6-0.843) * max(0,-0.613-X3) + 0.916*max(0,X1-0.705) - 0.904*max(0,X0+0.282) - 0.895*max(0,0.323-X0) * max(0,-0.253-X1) - 0.879*max(0,-1.07-X3) * max(0,-0.282-X0) + 0.845*max(0,X4-1.62) + 0.765*max(0,X0-0.927) + 0.751*max(0,0.705-X1) + 0.746*max(0,X0-0.323) * max(0,X7-0.787) - 0.698*max(0,X0-0.323) * max(0,X7-1.25) + 0.682*max(0,-0.839-X2) * max(0,-0.602-X7) - 0.657*max(0,-0.839-X2) * max(0,-0.282-X0) + 0.647*max(0,-0.839-X2) - 0.634*max(0,X1+0.253) - 0.633*max(0,X6-0.843) * max(0,X0-0.927) + 0.628*max(0,X6-0.843) * max(0,X0-1.53) + 0.618*max(0,-0.613-X3) * max(0,0.323-X0) - 0.618*max(0,-0.886-X0) + 0.599*max(0,X0-0.323) * max(0,X0-0.927) - 0.517*max(0,-0.839-X2) * max(0,-0.613-X3) + 0.514*max(0,X0-0.323) * max(0,-1.07-X3) - 0.499*max(0,X4-2.34) * max(0,X0-0.927) - 0.480*max(0,X6-1.31) * max(0,-0.602-X7) + 0.475*max(0,X3-0.745) + 0.458*max(0,-1.07-X3) * max(0,X0-0.927) - 0.439*max(0,X7-0.787) * max(0,X7-1.25) - 0.416*max(0,-1.03-X6) - 0.384*max(0,X6-0.843) - 0.351*max(0,-0.613-X3) * max(0,-0.732-X1) + 0.347*max(0,X5-1.26) - 0.336*max(0,X0-0.927) * max(0,X2-2.45) - 0.323*max(0,-0.613-X3) + 0.321*max(0,X6-0.843) * max(0,X1-0.705) + 0.320*max(0,X6-0.843) * max(0,X6-1.31) - 0.299*max(0,-0.613-X3) * max(0,X1-0.705) + 0.295*max(0,X1-0.705) * max(0,X2-1.79) - 0.295*max(0,0.902-X4) + 0.294*max(0,-0.602-X7) * max(0,-0.732-X1) - 0.280*max(0,X6-1.31) * max(0,0.323-X0) + 0.280*max(0,-0.732-X1) * max(0,X7-0.787) - 0.270*max(0,0.292-X3) - 0.261*max(0,-0.613-X3) * max(0,-0.253-X1) + 0.256*max(0,-0.685-X9) - 0.234*max(0,X9-1.15) + 0.233*max(0,X7-0.787) + 0.227*max(0,-0.602-X7) * max(0,-0.282-X0) - 0.219*max(0,-0.613-X3) * max(0,-0.602-X7) - 0.213*max(0,X6-1.31) * max(0,X1-0.705) - 0.206*max(0,-0.613-X3) * max(0,X7-0.787) + 0.205*max(0,-0.0930-X6) + 0.201*max(0,-1.49-X0) + 0.200*max(0,-0.839-X2) * max(0,-0.253-X1) - 0.192*max(0,X4-2.34) * max(0,X0-1.53) + 0.184*max(0,-0.181-X2) + 0.178*max(0,-0.253-X1) - 0.168*max(0,0.323-X0) * max(0,-0.602-X7) - 0.164*max(0,-0.226-X9) + 0.163*max(0,X6+0.0930) + 0.160*max(0,0.927-X0) + 0.153*max(0,X8-1.36) + 0.151*max(0,0.323-X0) - 0.150*max(0,X7-0.787) * max(0,X1-1.18) + 0.149*max(0,X6-0.843) * max(0,0.323-X0) + 0.147*max(0,-1.12-X5) - 0.145*max(0,-0.602-X7) * max(0,-1.07-X3) - 0.133*max(0,X8-0.920) - 0.125*max(0,X6-0.843) * max(0,X0-0.323) - 0.123*max(0,X4-2.34) * max(0,-0.602-X7) + 0.120*max(0,X3-1.20) - 0.117*max(0,-0.613-X3) * max(0,X0-0.323) + 0.115*max(0,-0.602-X7) * max(0,X1-0.705) - 0.109*max(0,-0.644-X5) + 0.109*max(0,-0.613-X3) * max(0,X0-0.927) + 0.107*max(0,-0.282-X0) * max(0,X7-1.25) - 0.0981*max(0,-0.538-X4) - 0.0960*max(0,-0.404-X8) - 0.0958*max(0,X6-0.843) * max(0,-0.253-X1) - 0.0872*max(0,0.323-X0) * max(0,-0.732-X1) + 0.0871*max(0,0.476-X2) - 0.0859*max(0,-1.07-X7) + 0.0734*max(0,X7-0.787) * max(0,-0.282-X0) + 0.0730*max(0,X8-0.479) + 0.0689*X2**2 + 0.0689*max(0,0.479-X8) + 0.0633*max(0,-0.613-X3) * max(0,-1.07-X3) - 0.0584*max(0,X1-1.18) - 0.0580*max(0,X0-0.323) - 0.0509*max(0,-0.602-X7) * max(0,X0-0.927) + 0.0501*max(0,-0.845-X8) + 0.0499*max(0,0.787-X7) - 0.0498*max(0,-0.561-X6) - 0.0472*max(0,X9+0.226) + 0.0450*max(0,0.310-X5) + 0.0446*max(0,0.323-X0) * max(0,-0.282-X0) - 0.0404*max(0,X6-0.843) * max(0,-0.602-X7) - 0.0370*max(0,-1.14-X9) - 0.0364*max(0,-1.21-X1) + 0.0345*max(0,X6-0.375) - 0.0198*max(0,2.34-X4) - 0.0165*max(0,X7+0.602) + 0.0155*max(0,1.13-X2) + 0.00989*max(0,0.226-X1) - 0.00838*max(0,-0.160-X3) - 0.00450*max(0,X1+0.732) + 0.00240*max(0,X5-0.787) + 0.00156*X4**2 + 0.000133*max(0,-0.139-X7)"
ffx,609_fri_c0_1000_5,ok,-0.178911,1.071646,1928,13.39,,"1.23 - 59.8*max(0,X4-1.63) * max(0,X3-1.50) + 55.6*max(0,X2-1.22) * max(0,X1-1.15) + 40.7*max(0,X4-1.63) * max(0,X1-1.15) + 37.6*max(0,X3-1.03) * max(0,X1-1.15) - 34.0*max(0,X3-1.50) * max(0,X2-1.22) + 32.2*max(0,-1.00-X1) * max(0,X2-1.22) + 29.4*max(0,X3-1.50) * max(0,-0.697-X4) + 28.3*max(0,X3-1.50) * max(0,-1.00-X1) - 25.7*max(0,X3-1.50) * max(0,X1-1.15) - 25.5*max(0,X2-1.22) * max(0,-0.571-X1) + 23.0*max(0,X4-1.63) * max(0,X3-1.03) + 21.5*max(0,-0.631-X2) * max(0,X3-1.50) - 18.7*max(0,X2-0.293) * max(0,X1-1.15) - 18.6*max(0,X1-0.719) * max(0,X2-1.22) - 17.7*max(0,X3-1.03) * max(0,-1.00-X1) - 16.5*max(0,X4-1.63) * max(0,X1-0.719) - 13.5*max(0,-0.840-X3) * max(0,-1.00-X1) + 13.4*max(0,X4-1.63) * max(0,-1.00-X1) - 12.1*max(0,X3-1.50) * max(0,X1-0.719) - 11.9*max(0,-0.697-X4) * max(0,X1-1.15) - 11.5*max(0,X3-1.50) * max(0,-0.141-X1) + 11.3*max(0,-0.371-X3) * max(0,-1.00-X1) - 9.42*max(0,-0.697-X4) * max(0,-0.840-X3) - 8.64*max(0,-1.00-X1) + 8.32*max(0,-0.141-X1) * max(0,X2-1.22) + 8.20*max(0,X3-1.03) * max(0,-0.571-X1) - 8.07*max(0,-0.697-X4) * max(0,-1.00-X1) + 8.05*max(0,-1.00-X1) * max(0,-0.571-X1) + 8.01*max(0,X0-0.768) * max(0,X1-1.15) - 7.30*max(0,X0-0.768) * max(0,X1-0.719) - 7.24*max(0,X3-1.50) * max(0,-0.231-X4) - 7.13*max(0,-0.631-X2) * max(0,X3-1.03) + 7.08*max(0,-0.631-X2) * max(0,-1.00-X1) + 7.00*max(0,-0.840-X3) + 6.83*max(0,X0-0.768) * max(0,-1.00-X1) + 6.81*max(0,X4-1.63) * max(0,X2-0.293) + 6.65*max(0,X2-0.293) * max(0,X1-0.719) + 6.59*max(0,X3-1.50) * max(0,X3-1.03) + 6.55*max(0,X3-1.03) * max(0,X2-1.22) - 6.46*max(0,X4-1.63) * max(0,-0.371-X3) + 6.06*max(0,X1-1.15) + 5.81*max(0,-0.840-X3) * max(0,-0.231-X4) - 5.73*max(0,X0-0.768) * max(0,-0.571-X1) - 5.18*max(0,X2-1.22) * max(0,-0.231-X4) - 4.83*max(0,X4-1.63) * max(0,-0.141-X1) - 4.83*max(0,X3-1.03) * max(0,X1-0.719) + 4.79*max(0,X4-1.63) * max(0,-0.840-X3) - 4.31*max(0,-0.371-X3) * max(0,X2-1.22) - 4.21*max(0,X1-0.719) + 4.15*max(0,-0.840-X3) * max(0,-0.571-X1) + 3.67*max(0,-0.697-X4) * max(0,-0.571-X1) + 3.63*max(0,-0.840-X3) * max(0,X2-1.22) - 3.63*max(0,-0.371-X3) * max(0,-0.571-X1) + 3.49*max(0,X1-0.719) * max(0,-0.231-X4) - 3.47*max(0,X2-0.293) * max(0,-1.00-X1) + 3.40*max(0,X3-1.03) * max(0,-0.141-X1) - 3.33*max(0,-0.141-X1) * max(0,-1.00-X1) - 3.02*max(0,-0.840-X3) * max(0,-0.141-X1) - 3.01*max(0,X2-1.22) - 2.97*max(0,-0.840-X3) * max(0,-0.371-X3) + 2.82*max(0,X2-0.293) * max(0,-0.571-X1) - 2.82*max(0,-0.840-X3) * max(0,X1-0.719) + 2.71*max(0,X3-1.50) * max(0,X0-0.768) + 2.61*max(0,X2-0.293) * max(0,X2-1.22) - 2.52*max(0,X3-1.50) * max(0,X2-0.293) - 2.49*max(0,-0.697-X4) * max(0,X0-0.768) - 2.42*max(0,-0.631-X2) * max(0,-0.571-X1) + 2.24*max(0,X2-0.293) * max(0,X3-1.03) - 2.08*max(0,X3-1.03) * max(0,-0.231-X4) - 1.98*max(0,X2-0.293) * max(0,-0.840-X3) + 1.92*max(0,-0.697-X4) * max(0,-0.371-X3) - 1.90*max(0,-0.371-X3) * max(0,-0.231-X4) + 1.90*max(0,X2-0.293) * max(0,-0.231-X4) + 1.81*max(0,-0.371-X3) * max(0,X1-0.719) - 1.61*max(0,X2-0.293) * max(0,-0.697-X4) - 1.59*max(0,-0.144-X0) + 1.58*max(0,-0.571-X1) + 1.56*max(0,-0.571-X1) * max(0,-0.231-X4) - 1.50*max(0,X3-1.50) - 1.50*max(0,-0.697-X4) * max(0,-0.141-X1) - 1.45*max(0,X3-1.03) * max(0,X0-0.768) - 1.44*max(0,-0.141-X1) + 1.41*max(0,-0.697-X4) * max(0,-0.231-X4) - 1.33*max(0,X4-1.63) * max(0,-0.571-X1) + 1.30*max(0,X3-0.566) + 1.30*max(0,-0.697-X4) * max(0,X3-1.03) - 1.29*max(0,X4-1.63) * max(0,-0.631-X2) - 1.29*max(0,-0.631-X2) * max(0,-0.840-X3) - 1.20*max(0,-0.697-X4) * max(0,X1-0.719) - 1.14*max(0,-0.631-X2) * max(0,X0-0.768) + 1.06*max(0,X0-0.768) + 1.03*max(0,X2-0.293) * max(0,-0.371-X3) + 1.02*max(0,-0.169-X2) - 1.01*max(0,-0.840-X3) * max(0,X1-1.15) - 1.01*max(0,-0.631-X2) * max(0,-0.697-X4) - 0.999*X3**2 - 0.976*max(0,-0.231-X4) - 0.894*abs(X2) + 0.880*X3 - 0.844*max(0,X0-0.312) - 0.837*max(0,X3-1.50) * max(0,-0.571-X1) + 0.830*max(0,X4-1.63) + 0.825*max(0,X4+0.231) - 0.824*max(0,-0.231-X4) * max(0,X1-1.15) + 0.818*max(0,-0.840-X3) * max(0,X0-0.768) - 0.816*max(0,X3+0.371) + 0.809*max(0,X4-0.700) + 0.780*abs(X4) * max(0,-1.00-X1) - 0.772*max(0,X2-0.293) * max(0,-0.141-X1) - 0.757*max(0,X1+1.00) + 0.749*abs(X4) * max(0,X2-1.22) - 0.744*max(0,-0.631-X2) * max(0,X1-1.15) + 0.739*abs(X4) * max(0,-0.231-X4) - 0.714*max(0,-1.06-X0) - 0.701*max(0,X1-0.719) * max(0,X1-1.15) - 0.691*max(0,X3-1.03) + 0.687*max(0,-0.371-X3) * max(0,X1-1.15) + 0.672*max(0,-0.631-X2) * max(0,-0.371-X3) + 0.590*abs(X0) + 0.582*max(0,0.700-X4) + 0.540*abs(X4) * max(0,X1-1.15) - 0.530*X4**2 - 0.522*max(0,1.03-X3) - 0.503*max(0,-1.00-X1) * max(0,-0.231-X4) + 0.450*abs(X1) - 0.434*max(0,0.289-X1) + 0.424*max(0,0.566-X3) + 0.422*max(0,-0.141-X1) * max(0,-0.571-X1) + 0.414*max(0,-0.600-X0) + 0.410*X1**2 + 0.399*max(0,-0.141-X1) * max(0,X0-0.768) + 0.391*max(0,-0.141-X1) * max(0,-0.371-X3) + 0.387*max(0,X1+0.571) - 0.370*max(0,X2-0.293) * max(0,X0-0.768) - 0.351*max(0,-0.371-X3) + 0.351*X0**2 + 0.348*max(0,-0.631-X2) * max(0,-0.231-X4) - 0.346*max(0,0.768-X0) + 0.344*max(0,X2-0.293) + 0.336*max(0,-0.631-X2) * max(0,-0.141-X1) + 0.328*max(0,0.0977-X3) + 0.325*max(0,-0.631-X2) * max(0,X1-0.719) - 0.307*max(0,X4-1.63) * max(0,X0-0.768) + 0.302*max(0,X2+0.169) - 0.296*max(0,X0+0.144) - 0.287*max(0,X0-0.768) * max(0,-0.231-X4) + 0.267*max(0,0.293-X2) + 0.250*max(0,-0.631-X2) - 0.249*max(0,X0-1.22) + 0.245*X4 + 0.245*max(0,-0.371-X3) * max(0,X0-0.768) - 0.241*max(0,X2-0.754) - 0.209*abs(X4) + 0.203*X2 + 0.185*max(0,X3+0.840) + 0.168*max(0,-0.697-X4) * max(0,X2-1.22) + 0.166*X2**2 - 0.151*max(0,0.719-X1) + 0.148*max(0,X3-0.0977) + 0.136*abs(X3) - 0.129*max(0,-0.697-X4) - 0.121*max(0,-1.09-X2) - 0.115*max(0,1.22-X2) - 0.103*max(0,X0+1.06) + 0.0984*abs(X4) * max(0,-0.571-X1) + 0.0964*X0 + 0.0927*max(0,0.754-X2) - 0.0794*max(0,X0-0.768) * max(0,X2-1.22) - 0.0755*max(0,X4-0.234) + 0.0714*max(0,X0+0.600) - 0.0703*max(0,1.17-X4) + 0.0686*X1 + 0.0565*max(0,1.63-X4) + 0.0533*max(0,X4-1.17) + 0.0394*max(0,X2+0.631) - 0.0286*max(0,-0.141-X1) * max(0,-0.231-X4) - 0.0272*max(0,0.312-X0) - 0.0219*max(0,X1+0.141) + 0.00599*max(0,X2+1.09) - 0.00353*max(0,1.22-X0)"
ffx,611_fri_c3_100_5,ok,0.857922,0.398931,734,11.86,,"0.327 - 8.78*max(0,0.151-X0) * max(0,X1-0.531) - 6.64*max(0,X1-0.981) * max(0,X0-1.38) + 4.99*max(0,-0.370-X1) * max(0,X0-0.151) + 2.76*max(0,X1-0.981) * max(0,-0.167-X2) + 2.68*max(0,X1-0.531) * max(0,X0-0.151) - 2.07*max(0,-0.465-X0) + 1.95*max(0,X0-0.767) + 1.88*max(0,0.807-X4) * max(0,X0-1.38) - 1.73*max(0,-0.167-X2) * max(0,X1-0.531) - 1.66*max(0,X1-0.981) * max(0,X0-0.767) + 1.57*max(0,X2-2.01) * max(0,X4-2.53) - 1.56*max(0,X3-0.312) * max(0,X2-2.01) - 1.38*max(0,0.233-X4) * max(0,X0-0.767) + 1.34*max(0,X1-0.531) * max(0,X4-2.53) + 1.25*max(0,-1.08-X0) - 1.08*max(0,-0.370-X1) * max(0,0.233-X4) - 1.03*max(0,X1-0.531) * max(0,X0-0.767) + 1.01*max(0,X3-1.27) + 1.00*max(0,-1.27-X1) - 0.990*max(0,X1+0.370) - 0.861*max(0,X0+0.465) + 0.856*max(0,X2-1.47) + 0.849*max(0,-0.167-X2) * max(0,X0-1.38) + 0.698*max(0,X1-0.531) + 0.674*max(0,0.0802-X1) + 0.654*max(0,-0.167-X2) + 0.549*max(0,0.233-X4) * max(0,X0-0.151) + 0.545*abs(X0) * max(0,X1-0.531) + 0.537*max(0,-0.644-X3) - 0.511*abs(X0) * max(0,X0-1.38) - 0.475*max(0,-0.370-X1) * max(0,-0.167-X2) - 0.451*max(0,X3-0.312) * max(0,X4-1.38) - 0.448*max(0,X3-0.312) * max(0,0.233-X4) - 0.418*abs(X0) * max(0,-0.370-X1) + 0.405*max(0,0.151-X0) + 0.400*max(0,X3-0.312) + 0.394*max(0,X3-0.312) * max(0,-0.370-X1) - 0.394*abs(X3) + 0.386*max(0,X4-1.38) - 0.376*max(0,-0.821-X1) + 0.356*max(0,-0.465-X0) * max(0,X3-0.312) + 0.350*max(0,0.531-X1) - 0.345*max(0,-1.12-X3) + 0.340*max(0,X3+0.644) - 0.306*max(0,X2-0.924) + 0.290*max(0,-0.465-X0) * max(0,0.233-X4) - 0.283*max(0,X3-0.312) * max(0,0.151-X0) - 0.255*max(0,-0.166-X3) - 0.245*max(0,-0.341-X4) - 0.242*max(0,1.96-X4) + 0.238*max(0,0.807-X4) * max(0,0.151-X0) + 0.176*max(0,0.151-X0) * max(0,-0.167-X2) + 0.150*max(0,X3-0.312) * max(0,X0-0.151) + 0.146*max(0,X2-2.01) * max(0,X0-1.38) + 0.106*max(0,0.807-X4) * max(0,X1-0.531) + 0.0939*max(0,-1.70-X0) + 0.0904*max(0,X2-2.01) * max(0,X0-0.767) - 0.0886*max(0,X1-0.981) * max(0,X1-0.531) + 0.0886*abs(X0) * max(0,0.233-X4) + 0.0885*max(0,X4-0.233) + 0.0848*max(0,0.378-X2) - 0.0623*max(0,0.807-X4) * max(0,0.233-X4) - 0.0454*max(0,X3-0.312) * max(0,X4-1.96) + 0.0398*max(0,X4-1.38) * max(0,X1-0.531) + 0.0313*max(0,X3-0.791) + 0.0193*max(0,0.807-X4) * max(0,X0-0.767) + 0.0174*abs(X0) * max(0,X0-0.151) + 0.0169*max(0,0.151-X0) * max(0,0.233-X4) + 0.00698*max(0,X0-0.151)"
ffx,612_fri_c1_1000_5,ok,0.451482,0.749163,1928,15.8,,"-2.80 + 76.2*max(0,-0.498-X2) * max(0,X0-1.01) - 48.6*max(0,X4-1.20) * max(0,X0-1.01) + 48.0*max(0,X1-1.23) * max(0,X4-1.20) - 30.6*max(0,X1-0.341) * max(0,-0.0940-X0) - 21.6*max(0,-0.0467-X2) * max(0,X0-1.01) + 16.4*max(0,X4-1.20) * max(0,X1-0.785) + 10.8*max(0,X0-0.456) * max(0,X4-1.20) - 10.5*max(0,X4-0.727) * max(0,X1-0.785) - 10.3*max(0,X1-0.341) * max(0,X4-1.20) + 8.45*max(0,X1-1.23) - 8.12*max(0,X1-0.341) * max(0,X1-1.23) + 7.42*max(0,X4-0.727) * max(0,X0-1.01) - 7.22*max(0,X1-1.23) * max(0,X1-0.785) - 7.16*max(0,-0.548-X1) * max(0,X4-1.20) - 7.15*max(0,-0.924-X3) * max(0,X1-1.23) + 6.54*max(0,X1-1.23) * max(0,-0.0467-X2) + 6.10*max(0,-0.924-X3) * max(0,X1-0.785) - 5.93*max(0,X1-1.23) * max(0,X0-1.01) - 5.78*max(0,X0-1.56) + 5.50*max(0,X4-0.727) * max(0,X1-1.23) - 5.40*max(0,-0.924-X3) * max(0,X4-1.20) - 4.21*max(0,-0.498-X2) * max(0,X1-0.785) - 3.78*max(0,X0-0.456) * max(0,-0.498-X2) + 3.26*max(0,-0.498-X2) * max(0,X1-1.23) - 3.16*max(0,-0.548-X1) + 3.14*max(0,-0.0940-X0) * max(0,X1+0.104) + 3.04*max(0,-0.924-X3) + 2.98*max(0,-0.104-X1) * max(0,X4-1.20) - 2.79*max(0,X0-0.456) * max(0,X4-0.727) + 2.74*max(0,X1+0.104) * max(0,X1-1.23) - 2.49*max(0,-1.19-X0) + 2.47*max(0,X0-0.456) * max(0,X1-1.23) - 2.45*X3**2 + 2.45*max(0,-0.498-X2) * max(0,X4-1.20) - 2.43*max(0,-0.104-X1) * max(0,-0.0467-X2) - 2.33*max(0,X0-1.01) + 2.22*max(0,X0-0.456) * max(0,X1-0.785) + 2.22*max(0,X4-0.727) * max(0,X1+0.104) - 2.20*max(0,-0.0467-X2) * max(0,X1-0.785) + 2.19*max(0,-0.548-X1) * abs(X2) + 2.13*max(0,X1-0.341) * max(0,-0.0467-X2) - 2.12*max(0,-0.949-X2) - 2.08*max(0,X4-1.20) * max(0,-0.0467-X2) - 2.03*max(0,-0.924-X3) * max(0,X0-1.01) + 1.99*max(0,X2+0.0467) * max(0,X4-1.20) + 1.98*max(0,X1-0.341) * max(0,X4-0.727) + 1.95*abs(X2) * max(0,X0-1.01) + 1.94*max(0,X4-0.727) * max(0,X4-1.20) - 1.94*max(0,X1+0.104) - 1.92*max(0,-0.0940-X0) + 1.89*max(0,X1+0.104) * max(0,X4-1.20) + 1.86*max(0,X3-0.783) - 1.85*max(0,-0.924-X3) * max(0,X1+0.104) - 1.84*max(0,X4-0.727) - 1.79*max(0,X1-0.341) - 1.66*max(0,X1+0.104) * abs(X2) + 1.62*max(0,X1-0.341) * max(0,X0-0.456) + 1.54*max(0,-0.0940-X0) * max(0,X4-1.20) + 1.53*max(0,-0.497-X3) + 1.49*max(0,X1+0.104) * max(0,-0.498-X2) - 1.45*max(0,X3-0.356) * max(0,-0.498-X2) + 1.38*max(0,X3-0.356) - 1.38*max(0,X4-0.727) * max(0,-0.0467-X2) + 1.37*max(0,X1-0.341) * max(0,X2+0.0467) + 1.34*max(0,X4-0.727) * max(0,-0.498-X2) - 1.32*max(0,-0.498-X2) + 1.29*max(0,X3+0.0706) + 1.29*max(0,X0-1.01) * max(0,X1-0.785) + 1.28*max(0,X1-0.341) * max(0,X0-1.01) + 1.16*max(0,-0.0940-X0) * max(0,-0.498-X2) + 1.15*max(0,-0.924-X3) * max(0,X4-0.727) - 1.13*max(0,-0.104-X1) * max(0,X2+0.0467) - 1.08*max(0,-0.924-X3) * max(0,-0.498-X2) + 1.06*abs(X1) + 1.04*max(0,X1-1.23) * max(0,X2+0.0467) - 1.04*max(0,X2-0.856) + 1.03*max(0,X1+0.104) * max(0,X1-0.785) + 1.03*max(0,X1-0.341) * max(0,-0.498-X2) + 1.02*max(0,X3-1.21) + 0.961*max(0,0.785-X1) - 0.917*max(0,-0.0940-X0) * max(0,X2+0.0467) + 0.910*max(0,X4-0.257) + 0.888*abs(X2) * max(0,X1-0.785) + 0.881*max(0,-0.498-X2) * max(0,-0.0467-X2) + 0.869*max(0,-0.0940-X0) * max(0,X4-0.727) + 0.861*max(0,0.456-X0) + 0.853*X2**2 + 0.845*max(0,-0.548-X1) * max(0,X4-0.727) - 0.836*max(0,X2-0.405) - 0.835*max(0,X4-0.727) * max(0,-0.104-X1) + 0.811*abs(X3) + 0.791*max(0,-0.924-X3) * abs(X2) - 0.784*max(0,-0.0940-X0) * max(0,-0.0467-X2) + 0.762*max(0,-0.0940-X0) * max(0,-0.104-X1) + 0.741*max(0,X3-0.356) * max(0,-0.0467-X2) + 0.730*abs(X2) + 0.728*max(0,0.783-X3) - 0.677*max(0,-0.924-X3) * max(0,X2+0.0467) - 0.652*X2 - 0.652*max(0,X0-0.456) * max(0,-0.0467-X2) + 0.650*max(0,X1+0.104) * max(0,X0-1.01) - 0.639*max(0,0.341-X1) - 0.621*max(0,X0-0.456) * abs(X2) - 0.601*max(0,X0-0.456) * max(0,X1+0.104) + 0.596*max(0,X4-0.727) * abs(X2) - 0.594*max(0,X1-0.785) + 0.581*X0**2 - 0.567*max(0,X2-1.31) - 0.543*max(0,X0-0.456) + 0.529*X3 + 0.510*max(0,X0+1.19) + 0.493*max(0,0.856-X2) - 0.489*max(0,X3-0.356) * max(0,-0.104-X1) + 0.487*max(0,1.01-X0) - 0.485*max(0,-0.548-X1) * max(0,-0.498-X2) - 0.483*max(0,-0.924-X3) * max(0,-0.104-X1) - 0.460*abs(X2) * max(0,-0.0467-X2) - 0.447*max(0,X3-0.356) * max(0,X1+0.104) - 0.439*max(0,-0.0467-X2) - 0.435*max(0,X3-0.356) * max(0,X1-1.23) + 0.416*max(0,X3-0.356) * max(0,X1-0.785) + 0.414*max(0,-0.548-X1) * max(0,-0.0467-X2) - 0.401*max(0,X3-0.356) * max(0,X4-1.20) - 0.399*max(0,0.405-X2) + 0.394*X0 + 0.365*max(0,-0.924-X3) * max(0,X0-0.456) - 0.359*max(0,X2+0.0467) * max(0,X0-1.01) - 0.345*max(0,X4-0.727) * max(0,X2+0.0467) + 0.312*max(0,X3-0.356) * max(0,X0-1.01) + 0.310*max(0,X2+0.0467) + 0.308*X1 + 0.305*max(0,-0.993-X1) - 0.300*abs(X4) + 0.294*max(0,-0.0940-X0) * abs(X2) + 0.293*max(0,X2+0.949) - 0.292*max(0,0.727-X4) - 0.270*max(0,X0+0.644) + 0.265*X1**2 + 0.254*max(0,X1+0.993) - 0.245*max(0,X4-1.20) - 0.238*max(0,X3-0.356) * max(0,X0-0.456) - 0.236*abs(X0) + 0.235*max(0,-0.644-X0) + 0.232*max(0,X0-0.456) * max(0,X2+0.0467) + 0.224*max(0,X1-0.341) * max(0,X3-0.356) - 0.224*max(0,X2+0.0467) * max(0,X1-0.785) - 0.215*max(0,X1-0.341) * abs(X2) + 0.215*max(0,-0.924-X3) * max(0,-0.0940-X0) + 0.214*max(0,X3-0.356) * abs(X2) - 0.212*max(0,X4+0.213) - 0.212*max(0,-0.548-X1) * max(0,-0.104-X1) + 0.208*max(0,-0.924-X3) * max(0,X1-0.341) + 0.208*max(0,-0.498-X2) * max(0,-0.104-X1) + 0.205*max(0,-0.104-X1) * abs(X2) - 0.201*max(0,X1+0.548) + 0.194*X4**2 + 0.193*max(0,-0.924-X3) * max(0,-0.0467-X2) - 0.192*max(0,X0+0.0940) - 0.191*max(0,X1-0.341) * max(0,X1+0.104) - 0.189*max(0,-0.104-X1) + 0.187*max(0,1.21-X3) - 0.185*max(0,-1.15-X4) - 0.166*max(0,0.257-X4) + 0.163*max(0,1.56-X0) - 0.159*max(0,X4-1.20) * abs(X2) - 0.154*max(0,0.356-X3) + 0.144*max(0,-0.683-X4) + 0.127*max(0,X3-0.356) * max(0,-0.0940-X0) - 0.124*max(0,X3-0.356) * max(0,X2+0.0467) - 0.115*max(0,-0.548-X1) * max(0,X2+0.0467) - 0.112*max(0,X4+0.683) + 0.110*max(0,X0-0.456) * max(0,X0-1.01) + 0.110*max(0,-0.0706-X3) - 0.0920*X4 + 0.0820*max(0,X2+0.498) + 0.0806*max(0,X1-0.341) * max(0,X1-0.785) + 0.0725*max(0,-0.213-X4) - 0.0694*max(0,1.23-X1) + 0.0608*max(0,X1+0.104) * max(0,-0.0467-X2) - 0.0510*max(0,X3+0.497) + 0.0434*max(0,1.31-X2) - 0.0430*max(0,X2+0.0467) * abs(X2) + 0.0328*max(0,X3-0.356) * max(0,X4-0.727) + 0.0196*max(0,X1-1.23) * abs(X2) - 0.0113*max(0,X1+0.104) * max(0,X2+0.0467) + 0.00738*max(0,X4+1.15) + 0.00663*max(0,-0.498-X2) * abs(X2)"
ffx,613_fri_c3_250_5,ok,-119.422409,9.159387,1190,12.08,,"1.04 + 405*max(0,-1.05-X3) * max(0,X0-1.58) + 68.5*max(0,X3-0.845) * max(0,X0-1.58) - 35.1*max(0,X2-1.77) * max(0,X0-1.58) - 22.7*max(0,X3-0.845) * max(0,X1-1.19) + 16.3*max(0,X1-1.19) * max(0,X2-2.43) - 9.54*max(0,X1-1.19) * max(0,X4-2.50) - 8.54*max(0,X1-1.19) * max(0,X0-1.01) - 8.12*max(0,X0-1.58) + 7.49*max(0,X2-1.77) * max(0,X1-1.19) + 6.20*max(0,X0-0.443) * max(0,X0-1.58) - 4.90*max(0,X3-0.845) * max(0,X4-2.50) - 4.46*max(0,X1+0.259) * max(0,X0-1.58) + 4.29*max(0,X0-1.58) * max(0,X0-1.01) - 4.24*max(0,X3-0.845) * max(0,X4-3.24) + 4.16*max(0,X0-1.58) * max(0,X4-3.24) + 3.92*max(0,X1-1.19) + 3.91*max(0,X2-1.77) * max(0,X1-0.709) - 3.48*max(0,X1+0.259) - 3.35*max(0,-1.05-X3) * max(0,X0-1.01) + 3.25*max(0,X2-1.77) * max(0,X0-1.01) - 3.24*max(0,X1-1.19) * max(0,X0-1.58) + 3.23*max(0,X0-1.58) * max(0,X1-0.709) + 3.06*max(0,X2-2.43) * max(0,X0-1.58) - 3.01*max(0,X3-0.845) * max(0,X0-1.01) + 2.51*max(0,X0-1.01) - 2.46*max(0,-1.05-X3) * max(0,X1-1.19) + 2.44*max(0,X2-2.43) + 2.16*max(0,X1+0.259) * max(0,X0-0.443) + 2.08*max(0,X1+0.259) * max(0,X4-3.24) - 2.08*max(0,X2-2.43) * max(0,X0-1.01) - 2.05*max(0,X0-0.443) * max(0,X0-1.01) + 2.04*max(0,X0-1.01) * max(0,X4-3.24) - 2.00*max(0,X1-1.19) * max(0,X1-0.709) + 2.00*max(0,X1+0.259) * max(0,X1-0.709) - 1.96*max(0,X0-0.443) + 1.84*max(0,X2-1.77) * max(0,X4-3.24) - 1.75*max(0,X1-0.709) + 1.73*max(0,X4-2.50) * max(0,X4-3.24) - 1.56*max(0,-0.698-X0) + 1.52*max(0,X0-0.443) * max(0,X1-0.709) - 1.46*max(0,X0-0.443) * max(0,X2-1.77) + 1.33*max(0,-0.259-X1) + 1.16*max(0,-0.698-X0) * max(0,-0.259-X1) - 1.14*max(0,X2-2.43) * max(0,X4-3.24) - 1.13*max(0,X2-1.77) - 1.12*max(0,X2-1.10) + 1.12*max(0,X4-3.24) - 1.11*max(0,X1-0.709) * max(0,X4-2.50) + 1.10*max(0,X3-0.845) * max(0,X2-1.77) - 1.09*max(0,X1+0.259) * max(0,X1-1.19) - 1.07*max(0,-0.888-X2) - 1.07*max(0,X2-0.439) - 1.01*max(0,X2-1.77) * max(0,X2-2.43) - 0.978*max(0,X1+0.259) * max(0,X2-2.43) - 0.952*max(0,0.225-X1) + 0.892*max(0,X0-0.443) * max(0,X3-0.845) - 0.817*max(0,-0.127-X0) * max(0,-0.259-X1) - 0.800*max(0,X0+0.127) + 0.738*X2**2 + 0.711*max(0,X1-0.225) + 0.674*max(0,X1+0.259) * max(0,-0.127-X0) + 0.661*max(0,X1+0.259) * max(0,X0-1.01) - 0.650*max(0,-0.743-X1) - 0.637*max(0,X3-1.32) - 0.631*max(0,-0.127-X0) - 0.625*max(0,-0.225-X2) - 0.573*max(0,X4-2.50) + 0.566*max(0,X2-2.43) * max(0,X4-2.50) + 0.562*max(0,X3-0.845) * max(0,X2-2.43) + 0.561*max(0,-1.05-X3) * max(0,X1-0.709) - 0.494*max(0,X1+0.259) * max(0,X4-2.50) - 0.463*max(0,X0-0.443) * max(0,X1-1.19) + 0.460*max(0,1.01-X0) - 0.445*max(0,X3-0.845) * max(0,-0.259-X1) - 0.441*max(0,-0.105-X3) + 0.433*max(0,X0-0.443) * max(0,X4-3.24) + 0.432*max(0,-1.05-X3) * max(0,X0-0.443) - 0.413*max(0,X0-1.01) * max(0,X1-0.709) - 0.391*max(0,-1.23-X1) + 0.386*max(0,1.10-X2) + 0.364*max(0,X3-0.845) + 0.360*X0**2 + 0.355*X1 - 0.341*max(0,X0-0.443) * max(0,X4-2.50) + 0.326*max(0,-0.127-X0) * max(0,-1.05-X3) - 0.323*max(0,-0.580-X3) - 0.321*max(0,X4-1.77) + 0.309*max(0,0.443-X0) - 0.301*max(0,X3-0.845) * max(0,X1-0.709) - 0.288*max(0,-1.27-X0) - 0.288*max(0,X0-0.443) * max(0,X2-2.43) - 0.276*max(0,X4-1.03) - 0.244*max(0,-0.436-X4) - 0.237*max(0,2.50-X4) - 0.229*max(0,0.709-X1) - 0.219*max(0,X0-1.01) * max(0,X4-2.50) + 0.203*max(0,X3-0.370) + 0.193*X1**2 + 0.187*max(0,X1+0.259) * max(0,-1.05-X3) - 0.181*max(0,X1+0.259) * max(0,X2-1.77) + 0.168*max(0,-0.127-X0) * max(0,X3-0.845) + 0.161*max(0,0.370-X3) - 0.135*max(0,-1.05-X3) * max(0,-0.259-X1) + 0.135*X4 + 0.125*max(0,X3+0.105) - 0.124*max(0,0.845-X3) + 0.118*max(0,X0+1.27) + 0.115*max(0,-1.05-X3) + 0.106*max(0,X2-2.43) * max(0,X1-0.709) - 0.0980*max(0,X1+0.259) * max(0,X3-0.845) + 0.0952*X4**2 + 0.0874*max(0,0.439-X2) + 0.0864*X3**2 + 0.0727*max(0,X1+0.743) - 0.0678*max(0,X2-1.77) * max(0,X4-2.50) - 0.0604*max(0,0.299-X4) + 0.0592*max(0,X3+1.05) + 0.0399*X2 - 0.0236*X0 - 0.0177*X3 - 0.00770*max(0,1.77-X4) - 0.00536*max(0,X4-0.299) + 0.000587*max(0,X0-1.58) * max(0,X4-2.50) + 0.000579*max(0,X1-0.709) * max(0,X4-3.24) + 0.000337*max(0,X1-1.19) * max(0,X4-3.24)"
ffx,615_fri_c4_250_10,ok,-0.146824,0.932877,1642,21.78,,"0.858 + 11.9*max(0,X5-2.12) * max(0,-0.146-X9) + 10.2*max(0,X1-0.328) * max(0,-0.351-X0) + 7.78*max(0,-0.583-X1) * max(0,X8-1.31) + 6.33*max(0,-0.146-X9) * max(0,X0-1.56) + 5.90*max(0,-0.521-X3) * max(0,X8-1.31) + 5.43*max(0,X8-0.826) * max(0,X5-2.12) + 3.44*max(0,X1-0.784) * max(0,X0-0.922) - 3.35*max(0,X1-0.328) * max(0,X0-1.56) - 3.07*max(0,X2-1.54) - 2.89*max(0,-0.351-X0) * max(0,X8-1.31) + 2.82*max(0,0.0769-X6) * max(0,X4-3.28) + 2.77*max(0,-0.146-X9) * max(0,X0-0.922) - 2.54*max(0,X8-0.826) * max(0,X0-0.922) - 2.40*max(0,-0.583-X1) - 2.36*X1 * max(0,X0-1.56) - 2.12*abs(X9) * max(0,X1-0.784) + 1.80*max(0,-0.394-X6) * max(0,X0-0.922) + 1.77*max(0,-0.0869-X3) * max(0,X0-0.922) + 1.64*abs(X1) * max(0,X1-0.784) + 1.53*max(0,X2-2.15) - 1.46*abs(X9) * max(0,X5-2.12) + 1.42*X1 * max(0,X1-0.784) + 1.28*max(0,X4-1.08) - 1.23*max(0,-0.146-X9) * max(0,X1-0.784) - 1.18*max(0,X0+0.351) - 1.08*max(0,X8-0.826) * max(0,-0.521-X3) + 0.998*max(0,X8-1.31) * max(0,X0-0.922) - 0.977*max(0,X1+0.128) + 0.968*max(0,X9-1.19) - 0.946*max(0,X8-1.31) * abs(X1) + 0.934*max(0,-0.583-X1) * max(0,-0.351-X0) + 0.911*abs(X9) * max(0,X2-2.15) + 0.865*abs(X7) * max(0,X0-0.922) - 0.857*max(0,-0.380-X4) - 0.792*abs(X6) * max(0,X0-1.56) - 0.791*max(0,X8-1.31) * max(0,X6-0.0769) - 0.759*max(0,X1-0.784) * max(0,X0-1.56) - 0.737*X1 + 0.723*abs(X9) * max(0,X0-0.922) + 0.717*max(0,X2-2.15) * max(0,X1-0.784) + 0.716*X1 * max(0,-0.521-X3) + 0.700*max(0,-0.0869-X3) * max(0,X8-1.31) + 0.661*max(0,X5-2.12) * max(0,-0.0869-X3) - 0.656*max(0,-0.351-X0) + 0.608*max(0,X1-0.328) * max(0,X1-0.784) - 0.592*max(0,X0-1.56) - 0.542*max(0,X7-1.14) + 0.516*max(0,-1.26-X5) - 0.509*abs(X7) * abs(X1) + 0.504*max(0,-1.04-X1) + 0.504*max(0,X8-0.826) * abs(X6) + 0.488*max(0,-0.614-X8) - 0.479*max(0,X8-0.826) * max(0,-0.128-X1) - 0.462*max(0,-1.63-X0) + 0.421*max(0,X2-0.935) + 0.408*abs(X7) * max(0,X1-0.784) + 0.397*max(0,-0.0869-X3) * max(0,-0.583-X1) + 0.392*abs(X1) * max(0,X0-0.922) + 0.379*max(0,0.325-X2) - 0.379*max(0,-0.0869-X3) * max(0,X1-0.784) + 0.376*max(0,X1-0.328) * abs(X9) + 0.375*max(0,-0.146-X9) * max(0,-0.351-X0) + 0.373*max(0,-0.521-X3) * max(0,-0.583-X1) + 0.369*max(0,X4-3.28) * max(0,X0-0.922) - 0.366*abs(X7) * max(0,X8-0.826) - 0.358*max(0,-0.134-X8) - 0.349*max(0,X9-0.744) - 0.348*max(0,-0.128-X1) * max(0,X8-1.31) - 0.336*abs(X9) + 0.332*max(0,-0.0869-X3) * max(0,-0.351-X0) + 0.330*max(0,X3+0.521) - 0.316*max(0,-0.394-X6) * max(0,X1-0.784) - 0.306*max(0,-0.0869-X3) * abs(X1) - 0.305*abs(X0) + 0.287*max(0,-0.252-X7) + 0.287*max(0,X2-2.15) * abs(X1) - 0.273*max(0,-0.351-X0) * max(0,0.0769-X6) + 0.273*max(0,-0.146-X9) + 0.267*abs(X7) * abs(X9) + 0.257*max(0,X2-2.15) * max(0,X0-1.56) + 0.245*max(0,-0.582-X5) + 0.239*max(0,X9+0.146) + 0.236*max(0,-0.988-X0) - 0.231*max(0,-0.0869-X3) * max(0,X0-1.56) + 0.230*abs(X9) * max(0,X6-0.0769) - 0.228*abs(X7) * max(0,X8-1.31) - 0.204*abs(X7) * max(0,-0.146-X9) - 0.201*max(0,X5-1.44) + 0.197*max(0,X7+0.252) - 0.193*max(0,X6-0.0769) + 0.192*max(0,X4-3.28) * max(0,X0-1.56) + 0.190*max(0,X5-0.769) - 0.190*max(0,-0.351-X0) * max(0,X6-0.0769) - 0.189*max(0,X6-1.49) + 0.176*max(0,X8-0.826) + 0.168*X1 * max(0,-0.146-X9) + 0.167*max(0,-0.894-X2) - 0.165*abs(X7) * max(0,-0.0869-X3) - 0.159*abs(X7) * X1 - 0.156*max(0,-1.04-X9) + 0.155*abs(X7) * max(0,-0.521-X3) - 0.154*abs(X9) * max(0,-0.0869-X3) - 0.153*max(0,-1.09-X8) + 0.145*abs(X4) - 0.145*abs(X7) * max(0,X0-1.56) + 0.137*max(0,0.935-X2) - 0.131*max(0,-0.521-X3) * max(0,X0-1.56) + 0.131*max(0,-0.521-X3) * X6 - 0.128*max(0,-0.716-X7) - 0.127*X1 * max(0,-0.0869-X3) + 0.118*max(0,X4-0.353) + 0.118*max(0,X2-2.15) * max(0,X0-0.922) + 0.117*max(0,X8-0.826) * max(0,X6-0.0769) - 0.109*max(0,-0.394-X6) - 0.105*max(0,X8+0.134) - 0.105*X1 * max(0,0.0769-X6) + 0.101*abs(X6) * max(0,X0-0.922) - 0.100*max(0,-0.0869-X3) + 0.0994*max(0,-0.146-X9) * max(0,0.0769-X6) + 0.0979*abs(X2) + 0.0965*max(0,X1-0.784) - 0.0934*abs(X5) + 0.0893*max(0,-0.146-X9) * max(0,X4-3.28) + 0.0842*max(0,X3-0.347) + 0.0763*max(0,X3-0.781) - 0.0681*max(0,-0.351-X0) * abs(X6) - 0.0670*max(0,1.82-X4) + 0.0593*max(0,-0.146-X9) * max(0,X2-2.15) + 0.0571*max(0,X1-0.328) * abs(X1) + 0.0494*max(0,X0-0.285) - 0.0446*max(0,X1-0.328) * max(0,-0.0869-X3) + 0.0430*max(0,-0.394-X6) * abs(X1) - 0.0428*max(0,-0.521-X3) * max(0,0.0769-X6) - 0.0365*max(0,-0.955-X3) + 0.0357*X1 * max(0,X2-2.15) + 0.0355*max(0,X1-0.328) * max(0,X0-0.922) + 0.0348*max(0,X6-1.02) - 0.0317*max(0,0.0932-X5) - 0.0305*max(0,1.08-X4) + 0.0305*abs(X9) * max(0,-0.351-X0) + 0.0251*abs(X1) * max(0,0.0769-X6) - 0.0242*max(0,-0.146-X9) * abs(X1) + 0.0229*max(0,X1-0.328) * max(0,0.0769-X6) - 0.0206*X1 * abs(X6) - 0.0197*abs(X1) - 0.0191*max(0,0.0769-X6) + 0.0180*X7**2 - 0.0177*abs(X7) * max(0,X1-0.328) - 0.0176*abs(X7) * max(0,X6-0.0769) + 0.0176*max(0,-0.146-X9) * max(0,X6-0.0769) - 0.0161*abs(X6) + 0.0136*max(0,-0.128-X1) * abs(X6) + 0.0134*max(0,X2-2.15) * max(0,0.0769-X6) + 0.0121*max(0,-0.146-X9) * abs(X6) + 0.0115*X1 * max(0,X8-0.826) + 0.00372*max(0,X2-2.15) * abs(X6) + 0.00229*max(0,-0.146-X9) * max(0,X8-1.31) + 0.00189*abs(X9) * abs(X6) - 0.00137*max(0,3.28-X4) - 0.00104*max(0,0.353-X4) - 0.000347*max(0,-0.128-X1) * max(0,-0.146-X9) - 0.000278*X6 * abs(X1) + 6.56e-5*max(0,X1-0.328) * max(0,X2-2.15) - 2.22e-5*max(0,X2-0.325)"
ffx,616_fri_c4_500_50,ok,0.194544,0.928496,1398,39.83,,"0.837 - 259*max(0,X25-1.26) * max(0,X0-1.93) - 135*max(0,X3-0.286) * max(0,X0-1.93) + 10.2*max(0,X0-1.32) * max(0,X30-1.17) - 6.12*max(0,X25-1.26) * max(0,X37-1.32) + 5.69*max(0,-1.13-X12) * max(0,X0-1.32) + 4.46*max(0,X29-1.31) * max(0,X34-1.39) + 3.40*max(0,-0.688-X6) * max(0,X13-1.33) - 3.14*max(0,X45-1.38) * max(0,-1.14-X11) + 2.95*max(0,X25-1.26) * max(0,X29-1.31) - 2.17*max(0,-1.13-X12) * max(0,-1.02-X16) + 1.94*max(0,X28-1.34) * max(0,X30-1.17) + 1.87*max(0,X0+0.507) * max(0,X1-0.744) + 1.68*max(0,X2-1.37) * max(0,X19-1.28) - 1.63*max(0,-1.13-X12) * max(0,X13-1.33) + 1.58*max(0,-1.02-X16) * max(0,X1-0.744) + 1.40*max(0,X37-1.32) * max(0,X30-1.17) - 1.35*max(0,-1.13-X12) * max(0,X45-1.38) + 1.31*max(0,-0.688-X6) * max(0,X45-1.38) - 1.29*max(0,X49-1.22) * max(0,X0-1.93) + 1.26*max(0,-1.14-X11) * max(0,X19-1.28) - 1.05*max(0,X45-1.38) * max(0,X29-1.31) - 1.00*max(0,X1+0.574) + 0.955*max(0,X0-0.713) + 0.938*max(0,-0.688-X6) * max(0,-1.14-X11) + 0.923*max(0,X25-1.26) * max(0,X13-1.33) - 0.865*max(0,X45-1.38) * max(0,X30-1.17) - 0.829*max(0,X2-1.37) * max(0,X0-1.32) - 0.797*max(0,X0+0.507) + 0.755*max(0,X2-1.37) * max(0,X3-0.286) + 0.741*max(0,X49-1.22) * max(0,X29-1.31) - 0.714*abs(X1) - 0.679*max(0,X37-1.32) * max(0,X19-1.28) + 0.672*max(0,-1.02-X16) * max(0,X37-1.32) - 0.665*max(0,X37-1.32) * max(0,X29-1.31) + 0.658*max(0,X3-0.286) * max(0,X37-1.32) - 0.631*max(0,X49-1.22) * max(0,X45-1.38) - 0.628*max(0,X37-1.32) * max(0,X13-1.33) - 0.601*max(0,-1.13-X12) * max(0,X37-1.32) - 0.547*max(0,X13-1.33) - 0.545*max(0,X45-1.38) * abs(X1) - 0.525*abs(X1) * max(0,X30-1.17) - 0.511*max(0,-1.02-X16) * max(0,X19-1.28) + 0.483*max(0,X3-0.286) * max(0,-1.14-X11) - 0.469*abs(X1) * max(0,X13-1.33) + 0.467*abs(X1) * max(0,X19-1.28) + 0.456*max(0,X1-0.744) + 0.435*max(0,X34-1.39) - 0.434*max(0,X17-1.12) + 0.411*max(0,X1+0.574) * max(0,X0-0.713) + 0.408*max(0,X25-1.26) + 0.407*max(0,X3+0.639) + 0.365*max(0,-1.02-X16) * max(0,X25-1.26) + 0.342*max(0,X28-1.34) - 0.334*max(0,-1.02-X16) * max(0,X0-1.93) - 0.329*max(0,-1.14-X11) - 0.326*max(0,X49-1.22) * abs(X1) + 0.322*max(0,-1.13-X12) * max(0,X30-1.17) + 0.296*max(0,-1.13-X12) * max(0,X1-0.744) + 0.292*abs(X2) - 0.277*abs(X0) + 0.270*max(0,X3-0.286) * max(0,X45-1.38) - 0.256*max(0,-1.02-X16) * max(0,-1.16-X6) - 0.241*max(0,X37-1.32) * max(0,X1+0.574) - 0.229*max(0,-1.14-X11) * abs(X1) + 0.229*max(0,X19-1.28) - 0.224*max(0,-1.02-X16) * max(0,X0+0.507) - 0.219*max(0,-1.14-X11) * max(0,X1+0.574) + 0.214*max(0,-0.509-X18) - 0.213*max(0,-0.927-X41) - 0.194*max(0,-0.970-X34) - 0.171*max(0,X30-1.17) * max(0,X0+0.507) + 0.165*abs(X13) - 0.159*max(0,X47-1.31) - 0.150*max(0,-1.14-X11) * max(0,X30-1.17) - 0.145*max(0,X27+0.185) - 0.142*max(0,X12-1.16) - 0.131*max(0,-0.688-X6) * max(0,X30-1.17) + 0.125*abs(X36) - 0.124*max(0,-0.988-X14) - 0.122*max(0,-1.01-X1) + 0.122*max(0,X0+0.507) * max(0,X34-1.39) - 0.116*max(0,-1.06-X26) - 0.113*abs(X42) + 0.105*abs(X16) - 0.104*max(0,-1.13-X12) * max(0,X0+0.507) + 0.103*max(0,X32-1.18) - 0.101*abs(X5) + 0.0998*abs(X48) + 0.0971*max(0,-0.915-X7) - 0.0949*max(0,X11-0.734) + 0.0940*abs(X22) + 0.0913*abs(X17) - 0.0891*max(0,X37-0.317) - 0.0885*max(0,-0.142-X31) - 0.0880*max(0,0.108-X4) - 0.0872*max(0,X18-0.852) - 0.0869*max(0,-0.162-X43) + 0.0867*max(0,X22-1.28) + 0.0844*max(0,-0.688-X6) * abs(X1) - 0.0793*max(0,0.315-X30) - 0.0779*max(0,X45-1.38) + 0.0768*abs(X33) + 0.0765*max(0,X49-1.22) * max(0,X3-0.286) - 0.0755*max(0,0.381-X5) + 0.0736*abs(X21) - 0.0729*abs(X27) + 0.0715*max(0,-0.167-X20) - 0.0711*max(0,X28-0.314) + 0.0692*max(0,X13+0.0554) - 0.0575*max(0,0.918-X45) + 0.0565*max(0,-0.567-X49) + 0.0542*max(0,1.31-X29) - 0.0534*abs(X26) + 0.0505*abs(X32) - 0.0503*max(0,X26-1.24) - 0.0472*abs(X34) - 0.0459*abs(X28) - 0.0450*max(0,X49+0.567) - 0.0428*abs(X15) + 0.0416*max(0,-0.0455-X47) + 0.0416*max(0,X24-0.166) + 0.0316*max(0,X3-0.286) * max(0,X25-1.26) - 0.0252*max(0,0.417-X41) + 0.0251*abs(X1) * max(0,X0-0.713) + 0.0217*max(0,X36+0.587) - 0.0215*max(0,0.329-X44) + 0.0213*max(0,0.381-X39) + 0.0162*max(0,X31+1.11) + 0.0140*max(0,X49-1.22) * max(0,X34-1.39) + 0.0135*max(0,X35+0.604) - 0.0131*max(0,-0.775-X24) - 0.0118*max(0,0.896-X14) + 0.0107*max(0,X21-0.361) - 0.0101*max(0,X23-0.275) - 0.00806*max(0,-0.688-X6) * max(0,X1+0.574) - 0.00666*max(0,X19+0.602) + 0.00610*max(0,X0-1.32) + 0.00543*max(0,0.158-X10) - 0.00437*max(0,-0.632-X25) - 0.000942*abs(X49)"
ffx,617_fri_c3_500_5,ok,0.733221,0.43175,1190,13.39,,"-0.183 + 281*max(0,-0.0129-X1) * max(0,X0-0.782) - 83.6*max(0,0.160-X0) * max(0,X1-0.900) + 48.7*max(0,X1-1.36) * max(0,X4-3.39) - 27.4*max(0,X1-1.36) * max(0,X0-2.03) - 25.9*max(0,0.782-X0) * max(0,X1-1.36) + 20.0*max(0,0.782-X0) * max(0,X2-2.21) - 16.9*max(0,-0.469-X1) * max(0,X0-0.160) - 13.0*max(0,X1+0.0129) * max(0,X4-3.39) + 10.8*max(0,X4-3.39) - 8.81*max(0,X1-1.36) * max(0,X0-0.782) - 7.29*max(0,X1-1.36) * max(0,X2-2.21) - 6.54*max(0,X4-3.39) * max(0,X0-2.03) + 6.25*max(0,X1-1.36) + 5.63*max(0,X1+0.0129) * max(0,X0-0.782) + 5.52*max(0,X1-1.36) * max(0,X4-2.69) + 5.04*max(0,-0.0129-X1) * max(0,X0-0.160) - 4.57*max(0,X0-0.782) - 4.37*max(0,X0-0.160) * max(0,X4-3.39) + 4.00*max(0,0.782-X0) * max(0,X1-0.900) + 3.54*max(0,0.160-X0) * max(0,X1+0.0129) + 3.16*max(0,X0-2.03) - 2.97*max(0,X1-1.36) * max(0,X0-0.160) + 2.71*max(0,X4-2.69) + 2.54*max(0,X1-0.900) - 2.36*max(0,X3-0.354) * max(0,X0-2.03) + 2.35*max(0,X1-1.36) * max(0,X1+0.0129) - 2.25*max(0,X1+0.0129) * max(0,X1-0.900) + 1.96*max(0,X0-0.160) * max(0,X0-2.03) - 1.87*max(0,X2-2.21) * max(0,X1-0.900) + 1.69*max(0,X2-2.21) + 1.65*max(0,X0-0.160) * max(0,X1-0.900) - 1.57*max(0,X1+0.0129) + 1.52*max(0,0.160-X0) * max(0,-0.469-X1) - 1.51*max(0,X1-1.36) * max(0,X1-0.900) - 1.49*max(0,X3-0.354) * max(0,X1-0.900) - 1.44*max(0,0.160-X0) * max(0,-0.0129-X1) - 1.30*max(0,X0-0.160) - 1.25*max(0,X2-1.58) - 1.23*max(0,X4-1.98) - 1.18*max(0,-0.469-X1) + 1.03*max(0,X1-0.443) - 1.02*max(0,-0.926-X1) + 1.02*max(0,0.782-X0) - 0.968*max(0,X3-0.354) + 0.876*max(0,X3+0.115) - 0.860*max(0,X1+0.0129) * max(0,X2-2.21) - 0.855*max(0,0.782-X0) * max(0,X1+0.0129) - 0.773*max(0,0.782-X0) * max(0,X0-0.160) + 0.745*max(0,0.782-X0) * max(0,-0.469-X1) + 0.717*max(0,X4-2.69) * max(0,X1-0.900) - 0.698*max(0,-1.08-X0) - 0.680*max(0,0.572-X4) - 0.664*max(0,X3-0.354) * max(0,X2-2.21) - 0.635*max(0,X4-2.69) * max(0,X4-3.39) - 0.608*max(0,-0.290-X2) - 0.604*max(0,X1+0.469) + 0.600*X2**2 - 0.581*max(0,-0.585-X3) - 0.566*max(0,X4-1.28) + 0.547*max(0,-0.0129-X1) - 0.539*max(0,X0-0.782) * max(0,X0-2.03) + 0.526*max(0,X0+1.08) - 0.519*max(0,X0-0.782) * max(0,X1-0.900) - 0.509*max(0,X1-0.900) * max(0,X0-2.03) - 0.496*max(0,X3-0.354) * max(0,X4-2.69) + 0.493*max(0,X2-2.21) * max(0,X0-0.782) - 0.492*max(0,-0.132-X4) - 0.485*max(0,-0.915-X2) - 0.449*max(0,-0.0129-X1) * max(0,0.782-X0) - 0.445*max(0,0.443-X1) + 0.437*X4**2 + 0.407*max(0,X1+0.0129) * max(0,X4-2.69) - 0.379*X2 + 0.368*max(0,X0-0.160) * max(0,X0-0.782) - 0.350*max(0,X2-0.335) - 0.297*max(0,X2+0.290) - 0.284*max(0,X0-0.160) * max(0,X2-2.21) - 0.276*max(0,X4-0.572) - 0.273*max(0,-0.115-X3) - 0.254*max(0,X2-0.960) + 0.253*max(0,0.900-X1) - 0.239*max(0,X1+0.0129) * max(0,X0-2.03) + 0.207*X3**2 + 0.200*max(0,X3-0.354) * max(0,X0-0.160) + 0.177*max(0,X4-2.69) * max(0,X0-0.160) + 0.172*max(0,1.28-X4) - 0.144*max(0,X3-0.354) * max(0,X4-3.39) - 0.144*max(0,X2-2.21) * max(0,X0-2.03) - 0.141*max(0,X1+0.0129) * max(0,X0-0.160) + 0.141*max(0,X3-0.354) * max(0,X0-0.782) - 0.138*max(0,X4-3.39) * max(0,X1-0.900) + 0.113*max(0,X3-0.354) * max(0,-0.469-X1) - 0.112*max(0,X4-2.69) * max(0,X2-2.21) - 0.0950*max(0,X0-1.40) + 0.0903*max(0,-1.05-X3) - 0.0686*max(0,-0.0129-X1) * max(0,-0.469-X1) + 0.0664*max(0,X3-0.354) * max(0,X1+0.0129) - 0.0530*max(0,-0.462-X0) - 0.0443*max(0,X4-2.69) * max(0,X0-0.782) + 0.0348*max(0,0.354-X3) - 0.0315*max(0,X4-3.39) * max(0,X0-0.782) - 0.0277*X4 - 0.0170*max(0,0.160-X0) - 0.0160*max(0,0.160-X0) * max(0,0.782-X0) - 0.0104*max(0,X4-2.69) * max(0,X0-2.03) - 0.00879*max(0,X3-0.824) - 0.00662*X3 - 0.00626*max(0,X3-1.29) + 0.00113*max(0,X2-2.21) * max(0,X4-3.39)"
ffx,618_fri_c3_1000_50,ok,0.698678,0.488212,1013,30.43,,"0.855 + 3.16*max(0,X1-0.741) + 2.47*max(0,X0-0.883) - 1.82*max(0,X1+0.187) + 1.28*max(0,X1-1.20) - 1.20*max(0,X0+0.279) - 0.860*max(0,X31-1.17) + 0.603*max(0,-1.12-X45) + 0.598*max(0,X4-0.973) + 0.569*max(0,-0.921-X2) + 0.495*max(0,X49-0.760) - 0.438*max(0,X5-1.24) + 0.436*max(0,X27-1.26) + 0.431*max(0,X8-1.22) - 0.421*max(0,-0.859-X0) + 0.420*max(0,X36-1.27) - 0.413*max(0,X0-1.46) + 0.406*max(0,-1.10-X38) - 0.394*max(0,X17-1.33) - 0.393*max(0,-0.187-X1) - 0.379*max(0,X18-1.27) - 0.375*max(0,X42-1.15) - 0.366*max(0,-0.993-X34) + 0.365*max(0,-1.08-X31) + 0.321*max(0,-0.994-X9) - 0.304*max(0,X30-1.17) + 0.282*max(0,X23-1.22) + 0.252*max(0,-1.09-X42) + 0.249*max(0,-1.03-X29) - 0.244*max(0,-1.05-X24) - 0.226*max(0,X29-1.27) + 0.221*max(0,X3+0.260) - 0.221*max(0,-1.01-X18) + 0.221*max(0,X6-0.904) - 0.217*max(0,X44-1.32) + 0.206*max(0,-1.08-X30) + 0.206*max(0,X38-1.14) - 0.205*max(0,X12-1.21) - 0.205*max(0,-0.602-X19) + 0.193*max(0,X41-1.25) - 0.182*max(0,X15-0.589) + 0.181*max(0,-0.930-X46) + 0.176*max(0,X32-0.744) - 0.174*max(0,0.676-X3) + 0.174*max(0,-0.989-X49) + 0.172*max(0,-0.285-X2) - 0.167*max(0,X21-1.28) + 0.163*max(0,X46-1.23) + 0.163*max(0,X35-1.28) - 0.162*max(0,X22-0.977) + 0.156*max(0,X2-2.26) + 0.155*max(0,X19-1.17) - 0.154*max(0,X20-1.39) - 0.152*max(0,-0.279-X0) - 0.148*max(0,-0.650-X1) + 0.143*max(0,X31-0.272) - 0.143*max(0,X21-0.829) + 0.135*max(0,-0.626-X30) + 0.131*max(0,-0.947-X33) + 0.124*max(0,X39-1.36) - 0.124*max(0,-0.600-X47) - 0.121*max(0,X16-0.801) - 0.119*max(0,X27-0.398) + 0.117*max(0,X3+0.728) - 0.109*max(0,X14-0.351) + 0.108*max(0,X4+0.429) - 0.107*max(0,X13-0.701) - 0.104*max(0,-0.938-X35) + 0.0987*max(0,-1.13-X23) + 0.0982*max(0,X43-0.338) + 0.0981*max(0,X12+0.130) - 0.0924*max(0,X45-0.803) - 0.0917*max(0,X48-0.252) + 0.0866*max(0,X9+0.0445) + 0.0807*max(0,-1.07-X14) + 0.0796*max(0,X25+0.157) + 0.0778*max(0,X34-0.382) + 0.0772*max(0,0.760-X49) + 0.0757*max(0,-1.15-X48) - 0.0750*max(0,X25-1.15) + 0.0728*max(0,-0.180-X32) - 0.0690*max(0,X44-0.388) - 0.0677*max(0,-0.986-X16) + 0.0655*max(0,-0.594-X25) + 0.0654*max(0,X7-0.750) - 0.0644*max(0,-0.0920-X26) + 0.0639*max(0,X37+1.10) - 0.0639*max(0,-0.0278-X39) + 0.0600*max(0,X15+0.327) - 0.0586*max(0,0.434-X39) + 0.0552*max(0,X26-0.926) - 0.0511*max(0,-0.574-X29) + 0.0499*max(0,-0.784-X15) - 0.0461*max(0,X8+0.537) - 0.0461*max(0,0.803-X45) - 0.0431*max(0,X16+0.539) - 0.0422*max(0,-0.921-X40) + 0.0413*max(0,-1.10-X37) - 0.0407*max(0,X33-0.371) + 0.0404*max(0,X36-0.810) - 0.0395*max(0,0.0129-X6) - 0.0393*max(0,-0.230-X37) - 0.0374*max(0,3.08-X4) - 0.0366*max(0,0.388-X44) + 0.0348*max(0,-0.895-X27) - 0.0338*max(0,X26+0.0920) - 0.0265*max(0,-0.977-X8) + 0.0263*max(0,X7+1.06) + 0.0258*max(0,-1.08-X28) - 0.0253*max(0,X47-0.341) - 0.0253*max(0,X47+0.129) - 0.0252*max(0,X11-0.281) - 0.0243*max(0,X5-0.279) - 0.0209*max(0,0.376-X21) + 0.0195*max(0,0.284-X23) - 0.0178*max(0,-0.566-X17) + 0.0171*max(0,X20+0.897) + 0.0158*max(0,0.337-X28) + 0.0153*max(0,1.18-X48) + 0.0151*max(0,-1.11-X26) + 0.0147*max(0,-0.179-X31) - 0.0142*max(0,-1.01-X10) + 0.0131*max(0,-0.603-X11) - 0.0129*max(0,-0.202-X5) + 0.0115*max(0,-0.132-X43) - 0.0110*max(0,0.272-X4) - 0.0100*max(0,0.0189-X20) - 0.00951*max(0,0.207-X37) + 0.00910*max(0,-0.940-X41) - 0.00758*max(0,-0.601-X26) + 0.00756*max(0,X24-0.418) + 0.00744*max(0,X25+0.594) - 0.00591*max(0,-0.0327-X27) - 0.00409*max(0,-0.108-X36) + 0.00220*max(0,X38-0.244) - 0.00208*max(0,X35-0.832) + 0.00178*max(0,X37-1.08) + 0.00113*max(0,X12+0.577)"
ffx,620_fri_c1_1000_25,ok,0.471394,0.776138,1398,33.57,,"-0.125 - 5.12*max(0,X0-1.63) + 4.49*max(0,X20-1.34) - 4.31*max(0,X4-0.785) + 4.03*max(0,X0-1.04) + 3.23*max(0,X1-0.779) + 3.19*max(0,X4-1.24) - 3.17*max(0,X16-1.14) - 3.04*max(0,X12-1.34) + 2.96*max(0,X3-1.35) - 2.96*max(0,X8-0.767) + 2.58*max(0,X14-1.30) + 2.41*max(0,X8-1.21) + 2.36*max(0,X12-0.883) + 2.28*max(0,X16-0.693) - 2.20*max(0,X3-0.869) + 2.08*max(0,X4-0.330) + 2.07*max(0,-1.34-X0) - 2.00*max(0,X21-1.23) + 1.99*max(0,X11-0.757) - 1.87*max(0,X23-0.930) - 1.85*max(0,-1.06-X5) - 1.82*max(0,-1.20-X7) - 1.72*max(0,X5-1.30) - 1.61*max(0,-1.01-X11) - 1.61*max(0,X1+0.112) + 1.54*max(0,X1-1.22) - 1.43*max(0,X11-1.20) - 1.42*max(0,-0.988-X21) - 1.39*max(0,-0.750-X0) + 1.34*max(0,-0.740-X7) - 1.28*max(0,X14-0.828) + 1.27*max(0,X2-1.24) + 1.26*max(0,X18-0.670) - 1.23*max(0,X20-0.873) - 1.22*max(0,X11-0.314) - 1.22*max(0,-0.455-X6) - 1.14*max(0,-0.580-X3) - 1.14*max(0,X18-0.230) + 1.12*max(0,X8-0.329) - 1.11*max(0,-0.975-X2) - 1.10*max(0,-1.05-X14) + 1.10*max(0,-0.994-X19) - 1.05*max(0,-0.112-X1) - 1.01*max(0,X7-1.09) + 0.987*max(0,X23-0.438) + 0.976*max(0,X23-1.42) + 0.931*max(0,X3+0.0966) - 0.927*max(0,-1.04-X23) + 0.822*max(0,-0.588-X5) - 0.813*max(0,X16-0.243) - 0.810*max(0,X13-1.37) - 0.797*max(0,X0+0.154) - 0.788*max(0,-0.407-X10) + 0.769*max(0,-1.06-X3) + 0.764*max(0,X7-0.173) + 0.722*max(0,X5-0.824) + 0.711*max(0,-0.210-X18) - 0.711*max(0,X20-0.410) + 0.693*max(0,-1.00-X1) - 0.690*max(0,0.230-X18) + 0.686*max(0,-0.923-X6) - 0.684*max(0,X24-0.284) - 0.670*max(0,X22-0.323) - 0.668*max(0,-1.05-X22) + 0.655*max(0,-0.128-X11) - 0.654*max(0,X7-0.630) + 0.651*max(0,-0.689-X15) + 0.640*max(0,-1.03-X4) + 0.638*max(0,-0.571-X11) - 0.637*max(0,-0.214-X17) + 0.635*max(0,0.0130-X6) + 0.632*max(0,X22+0.134) - 0.632*max(0,X15-0.696) + 0.598*max(0,X14-0.358) - 0.596*max(0,-0.557-X1) + 0.593*max(0,-0.640-X17) + 0.575*max(0,0.779-X1) + 0.573*max(0,X0-0.441) + 0.565*max(0,-0.583-X14) - 0.538*max(0,X21-0.790) - 0.513*max(0,X12-0.427) + 0.500*max(0,X13-0.414) + 0.495*max(0,X13-0.890) + 0.473*max(0,-0.134-X22) + 0.459*max(0,-0.0990-X21) - 0.427*max(0,0.314-X11) + 0.421*max(0,-1.07-X17) + 0.410*max(0,-0.0966-X3) - 0.408*max(0,-1.11-X16) + 0.405*max(0,0.0818-X10) - 0.387*max(0,-1.15-X15) + 0.385*max(0,X21+0.0990) - 0.373*max(0,-0.154-X0) + 0.371*max(0,X24-0.742) + 0.342*max(0,X11+0.128) + 0.320*max(0,-0.0873-X2) - 0.317*max(0,X1+0.557) + 0.285*max(0,X19-1.31) - 0.277*max(0,X12+0.0289) + 0.270*max(0,-0.531-X2) - 0.258*max(0,0.284-X24) + 0.258*max(0,X4+0.124) + 0.253*max(0,X20+0.0526) + 0.228*max(0,-0.538-X13) + 0.226*max(0,X15-1.16) + 0.225*max(0,-0.593-X9) - 0.210*max(0,X10-1.55) - 0.209*max(0,X22-0.781) + 0.205*max(0,X15+0.689) + 0.198*max(0,X22-1.24) - 0.197*max(0,X13+0.0618) - 0.192*max(0,X9-0.766) + 0.189*max(0,0.334-X1) - 0.187*max(0,-0.592-X22) - 0.183*max(0,0.410-X20) + 0.159*max(0,-0.0527-X23) - 0.151*max(0,-0.940-X12) + 0.141*max(0,-0.651-X18) - 0.139*max(0,X17-1.06) - 0.137*max(0,X10-1.06) - 0.116*max(0,0.388-X19) + 0.109*max(0,X18-1.11) - 0.107*max(0,X0+0.750) - 0.106*max(0,0.696-X15) + 0.104*max(0,-1.09-X18) - 0.104*max(0,X2-0.357) + 0.104*max(0,0.800-X2) + 0.103*max(0,0.441-X0) - 0.0979*max(0,X10+0.407) + 0.0970*max(0,X2-0.800) + 0.0953*max(0,X6-0.481) - 0.0928*max(0,-0.110-X8) - 0.0913*max(0,X19-0.848) - 0.0860*max(0,-0.0618-X13) - 0.0752*max(0,-0.987-X8) + 0.0734*max(0,X18+0.210) - 0.0718*max(0,-0.118-X5) + 0.0636*max(0,0.414-X13) - 0.0578*max(0,0.869-X3) + 0.0576*max(0,0.438-X23) - 0.0526*max(0,-0.485-X12) + 0.0442*max(0,X9-0.313) - 0.0377*max(0,-0.579-X4) + 0.0365*max(0,X16+0.208) - 0.0357*max(0,-1.01-X13) + 0.0348*max(0,0.173-X7) + 0.0326*max(0,X6-0.0130) - 0.0291*max(0,-1.09-X24) - 0.0289*max(0,X17+0.214) + 0.0267*max(0,X14+0.583) - 0.0229*max(0,-0.140-X9) + 0.0188*max(0,X5+0.588) - 0.0135*max(0,0.353-X5) + 0.0107*max(0,0.330-X4) - 0.0105*max(0,-0.978-X20) + 0.00840*max(0,-0.659-X16) + 0.00836*max(0,-0.516-X20) - 0.00679*max(0,0.243-X16) + 0.00597*max(0,-0.208-X16) - 0.00404*max(0,X19-0.388) - 0.00186*max(0,0.323-X22) - 0.000553*max(0,0.235-X15)"
ffx,621_fri_c0_100_10,ok,-50.546663,7.378933,862,15.99,,"-0.315 + 81.2*max(0,X0-1.26) * max(0,-1.21-X2) - 20.4*max(0,X1-0.803) * max(0,X0-1.26) + 19.4*max(0,X9-1.10) * max(0,X1-1.23) + 15.8*max(0,X4-1.19) * max(0,-0.725-X9) + 15.3*max(0,-0.725-X9) * max(0,X6-1.49) + 10.5*max(0,-0.583-X8) * max(0,X9-1.10) + 6.86*max(0,-1.03-X4) * max(0,-1.21-X2) - 6.27*max(0,-0.933-X5) * max(0,X9-1.10) + 5.84*max(0,-1.03-X4) * max(0,X1-1.23) + 4.93*max(0,X9-0.641) * max(0,X0-1.26) + 4.35*max(0,X0-1.26) * max(0,-0.740-X2) - 3.86*max(0,X9-1.10) * max(0,-0.489-X5) - 3.01*max(0,X1-0.803) * max(0,-1.03-X4) + 2.29*max(0,-1.03-X4) * max(0,-0.740-X2) - 2.17*max(0,-1.12-X3) * max(0,-0.725-X9) - 2.01*max(0,-0.725-X9) * max(0,X0-1.26) - 1.92*max(0,-1.12-X3) * max(0,X1-0.803) - 1.63*max(0,-1.12-X3) * max(0,X9-0.641) - 1.60*max(0,X4-1.19) * max(0,-0.121-X8) - 1.43*max(0,X6-0.585) * max(0,X1-1.23) - 1.31*max(0,X4-1.19) * max(0,X6-1.49) + 1.23*max(0,X0-0.818) * max(0,-0.740-X2) + 1.15*max(0,X3-1.13) + 1.12*max(0,X9-0.641) * max(0,-0.583-X8) + 0.957*max(0,-0.933-X5) * max(0,-0.121-X8) - 0.946*max(0,-0.121-X8) * max(0,-1.03-X4) + 0.898*max(0,-0.725-X9) * max(0,-0.583-X8) - 0.793*max(0,-0.725-X9) * max(0,-1.03-X4) - 0.718*max(0,-0.0730-X0) * max(0,-1.03-X4) - 0.712*max(0,-0.725-X9) * max(0,-0.489-X5) - 0.672*max(0,X4-1.19) * max(0,-0.272-X2) + 0.628*max(0,-0.774-X6) - 0.604*max(0,-0.618-X7) * max(0,X1-0.803) - 0.594*max(0,-0.0730-X0) - 0.584*max(0,X1-0.803) * max(0,-0.518-X0) - 0.568*max(0,-0.894-X1) + 0.552*max(0,X0-0.818) * max(0,X9-0.641) - 0.549*max(0,0.379-X1) - 0.506*max(0,X6-0.585) * max(0,-0.583-X8) + 0.468*max(0,-0.618-X7) * max(0,-0.518-X0) - 0.440*max(0,-1.18-X9) + 0.404*max(0,X3+1.12) + 0.380*max(0,-0.725-X9) * max(0,-1.21-X2) + 0.273*max(0,-1.12-X3) * max(0,-0.518-X0) - 0.265*max(0,-0.618-X7) * max(0,X9-0.641) + 0.254*max(0,X0-0.818) * max(0,-0.121-X8) + 0.223*max(0,-0.583-X8) * max(0,X1-1.23) - 0.208*max(0,-0.671-X3) + 0.206*X2**2 + 0.192*max(0,X1+0.0456) + 0.189*max(0,X6-1.49) * max(0,X9-1.10) + 0.188*max(0,0.641-X9) + 0.181*max(0,X8-0.803) + 0.176*max(0,-0.518-X0) * max(0,-0.489-X5) + 0.167*max(0,X2-0.196) + 0.156*max(0,-1.08-X7) + 0.149*max(0,X0-1.26) - 0.147*max(0,0.743-X4) + 0.139*max(0,-0.272-X2) * max(0,X9-0.641) - 0.125*max(0,-0.518-X0) + 0.114*max(0,X4-0.300) + 0.111*max(0,-0.618-X7) - 0.108*max(0,0.132-X6) + 0.0836*max(0,-0.725-X9) * max(0,X6-0.585) + 0.0833*max(0,-0.272-X2) * max(0,-0.0730-X0) + 0.0704*X5**2 - 0.0636*max(0,-1.12-X3) * max(0,-0.618-X7) + 0.0498*max(0,X3-0.228) + 0.0399*max(0,X5+0.0461) - 0.0186*max(0,-1.12-X3) * max(0,X6-0.585) + 0.0119*max(0,X0-0.373) - 0.0102*max(0,X6-0.585) * max(0,-1.03-X4) - 0.00971*max(0,-0.933-X5) * max(0,-1.21-X2) + 0.00441*max(0,X4+0.144) - 0.00131*max(0,X6-0.585) * max(0,-0.121-X8)"
ffx,622_fri_c2_1000_50,ok,0.701888,0.52149,1013,46.99,,"1.59 - 3.36*max(0,X0-1.80) + 2.97*max(0,X1-0.880) + 2.88*max(0,X0-1.20) + 2.44*max(0,X1-1.33) - 1.18*abs(X1) - 0.963*max(0,X45-1.35) - 0.810*max(0,X1+0.468) + 0.791*max(0,X17-1.20) + 0.784*max(0,X6-1.09) + 0.782*max(0,X0-0.610) + 0.776*max(0,-0.184-X2) - 0.755*max(0,X24-1.14) - 0.747*abs(X0) + 0.704*max(0,X41-1.41) + 0.657*max(0,X23-1.32) + 0.583*max(0,0.610-X0) - 0.516*max(0,X40-1.38) - 0.502*max(0,-1.06-X18) - 0.454*max(0,-0.961-X15) + 0.376*max(0,X18-1.23) - 0.360*max(0,X20-1.20) - 0.359*max(0,X3-1.24) + 0.351*max(0,X43-1.31) - 0.350*max(0,X0+0.574) - 0.342*max(0,X39-1.23) - 0.307*max(0,X9-1.13) + 0.299*max(0,X31-1.35) - 0.291*max(0,-1.03-X43) + 0.283*max(0,X3+1.22) + 0.281*max(0,X2-1.59) - 0.279*max(0,X29-1.27) - 0.255*max(0,X11-1.53) - 0.253*max(0,-0.233-X3) - 0.233*max(0,X28-1.31) + 0.228*max(0,X45-0.457) - 0.224*max(0,0.864-X4) - 0.220*max(0,-1.19-X19) + 0.205*max(0,-1.03-X30) + 0.201*max(0,-0.581-X21) + 0.197*max(0,-1.08-X7) + 0.196*max(0,X7-1.16) - 0.192*max(0,X10-1.16) - 0.189*max(0,-1.10-X36) - 0.188*max(0,-0.545-X39) - 0.179*max(0,X49-1.27) - 0.170*abs(X42) - 0.166*max(0,X11-1.02) + 0.165*max(0,X5-1.25) - 0.154*max(0,X16-1.43) - 0.147*max(0,X41-0.958) + 0.139*max(0,X3-0.258) + 0.126*max(0,X26-0.831) - 0.123*max(0,X26-1.27) - 0.118*max(0,X28+0.0935) - 0.117*max(0,X22-1.38) + 0.115*max(0,X33-0.341) - 0.111*max(0,X18-0.313) - 0.106*max(0,-0.511-X44) + 0.105*max(0,-1.05-X17) - 0.105*max(0,X34+0.205) - 0.0966*max(0,-0.662-X10) - 0.0950*max(0,-0.0631-X46) - 0.0948*max(0,-0.980-X4) + 0.0940*abs(X24) - 0.0936*max(0,X49-0.826) - 0.0920*max(0,X22-0.460) - 0.0896*max(0,X15-0.870) + 0.0882*max(0,-0.576-X37) + 0.0861*max(0,X40+0.0753) - 0.0844*max(0,-0.994-X9) - 0.0815*max(0,X12-1.33) + 0.0813*max(0,0.777-X19) + 0.0812*max(0,X19-0.777) + 0.0795*max(0,-0.977-X46) + 0.0755*max(0,X25-0.522) - 0.0742*max(0,-0.989-X39) + 0.0735*abs(X48) + 0.0729*max(0,-0.777-X2) + 0.0676*max(0,X27-1.39) - 0.0664*max(0,0.0478-X13) - 0.0627*max(0,X36+0.167) + 0.0607*max(0,-1.03-X29) + 0.0597*max(0,X44-1.29) + 0.0593*max(0,X21+0.581) - 0.0570*abs(X44) - 0.0549*max(0,X38-1.39) + 0.0546*max(0,-0.935-X49) + 0.0537*max(0,X47+0.937) - 0.0527*max(0,X35+0.585) - 0.0516*max(0,0.413-X12) + 0.0515*abs(X40) - 0.0499*max(0,X27-0.449) + 0.0498*max(0,-0.933-X26) - 0.0476*max(0,X31+0.556) + 0.0465*max(0,-0.636-X23) - 0.0456*max(0,0.461-X16) - 0.0391*max(0,0.352-X29) - 0.0369*max(0,X15+0.961) + 0.0357*max(0,X42-1.19) - 0.0353*max(0,X47-1.11) - 0.0322*abs(X32) + 0.0322*max(0,-1.09-X6) - 0.0316*max(0,0.286-X14) - 0.0310*max(0,0.708-X10) - 0.0289*max(0,1.02-X11) - 0.0285*max(0,0.413-X32) - 0.0270*abs(X12) - 0.0264*abs(X36) + 0.0252*abs(X6) - 0.0231*max(0,0.343-X39) - 0.0229*abs(X28) - 0.0227*max(0,-1.03-X31) - 0.0201*max(0,-0.850-X25) - 0.0191*max(0,X15+0.504) - 0.0182*max(0,X35+0.122) - 0.0176*max(0,1.20-X20) - 0.0160*max(0,1.13-X9) - 0.0146*abs(X14) + 0.0139*max(0,X38+0.376) - 0.0125*max(0,X42+0.202) + 0.0123*max(0,X46-0.851) + 0.0118*max(0,1.00-X2) + 0.0107*max(0,-0.937-X47) - 0.0107*max(0,0.503-X41) - 0.0105*max(0,-1.17-X0) - 0.00895*abs(X18) - 0.00894*max(0,-0.675-X14) + 0.00760*max(0,X46+0.977) + 0.00696*max(0,0.350-X48) + 0.00678*max(0,0.880-X1) - 0.00645*max(0,1.16-X10) + 0.00623*abs(X17) + 0.00621*abs(X45) - 0.00619*max(0,-0.568-X9) - 0.00602*max(0,0.952-X38) + 0.00520*max(0,X4+0.0578) - 0.00455*max(0,0.460-X22) - 0.00428*max(0,X5+0.138) - 0.00387*max(0,X1+0.0185) - 0.00378*max(0,X28+0.560) + 0.00341*max(0,X40-0.409) + 0.00319*max(0,X43+0.0936) + 0.00193*abs(X7) + 0.00165*max(0,0.263-X34) + 0.00129*max(0,X20-0.298) + 0.00116*max(0,0.281-X24) - 0.000683*abs(X35) + 0.000261*max(0,X7+0.629) + 1.78e-5*max(0,1.39-X27)"
ffx,623_fri_c4_1000_10,ok,-1.804502,1.31926,1642,21.52,,"1.62 + 48.8*max(0,-0.175-X7) * max(0,X5-2.35) - 21.0*max(0,X3-0.0914) * max(0,X5-2.35) - 20.8*max(0,X3-1.47) * max(0,X2-2.39) - 19.8*max(0,-0.152-X2) * max(0,X3-1.47) + 14.2*max(0,-0.370-X3) * max(0,X0-1.51) - 13.8*max(0,X3-1.47) * max(0,X1-0.823) - 13.4*max(0,-0.152-X2) * max(0,X0-1.51) + 7.78*max(0,X0-1.51) * abs(X3) - 7.73*max(0,-1.24-X0) * max(0,-0.438-X6) + 5.34*max(0,-0.175-X7) * max(0,X3-1.47) - 4.25*max(0,X3-1.47) * max(0,-0.438-X6) + 4.12*max(0,-1.24-X0) * max(0,-0.528-X1) + 3.61*abs(X1) * max(0,X0-0.956) - 3.61*max(0,-1.24-X0) - 3.58*max(0,-0.144-X0) * max(0,X3-1.47) - 3.29*max(0,-0.175-X7) * max(0,X0-1.51) + 3.23*max(0,-0.152-X2) * max(0,X0-0.956) - 3.07*max(0,X5-1.62) * max(0,-0.152-X2) - 3.06*max(0,0.0914-X3) * max(0,X0-0.956) - 2.94*max(0,-0.528-X1) * max(0,X3-1.47) + 2.91*max(0,-0.175-X7) * max(0,-1.24-X0) + 2.86*max(0,X1-0.823) + 2.51*max(0,X2-2.39) - 2.16*max(0,X0+0.144) - 2.14*max(0,X0-1.51) * max(0,X0-0.956) + 2.10*max(0,X9-0.447) + 2.10*max(0,-0.152-X2) * max(0,-0.528-X1) + 2.01*max(0,X5-1.62) * max(0,X3-0.0914) - 1.93*max(0,X9-1.35) - 1.81*max(0,-0.528-X1) * max(0,-0.438-X6) + 1.67*max(0,X0-0.406) - 1.60*max(0,-0.528-X1) * max(0,-0.370-X3) - 1.56*abs(X9) - 1.54*max(0,X0-1.51) * max(0,X1-0.823) - 1.53*max(0,-0.152-X2) * abs(X1) + 1.53*max(0,X2-1.12) - 1.45*max(0,-1.16-X7) - 1.44*abs(X1) + 1.37*max(0,-0.456-X9) + 1.31*abs(X7) * max(0,-1.24-X0) + 1.31*max(0,X5-1.62) * max(0,X1-0.823) + 1.25*max(0,-0.528-X1) * max(0,X5-2.35) + 1.23*max(0,0.00886-X6) * max(0,-0.528-X1) + 1.17*max(0,X8-0.249) + 1.17*abs(X7) * max(0,-0.370-X3) - 1.11*max(0,-0.669-X7) + 1.09*max(0,-0.152-X2) * max(0,X1-0.823) - 1.06*abs(X7) * max(0,0.0914-X3) + 1.04*max(0,0.00886-X6) * max(0,X1-0.823) + 1.03*max(0,X1-1.27) - 1.02*max(0,X3-1.47) * max(0,X4-3.51) + 0.997*max(0,-0.175-X7) * abs(X7) - 0.975*max(0,X4-1.92) + 0.917*max(0,X6-1.35) - 0.891*max(0,-0.370-X3) * max(0,X1-0.823) + 0.836*max(0,-0.175-X7) + 0.821*max(0,X7+0.175) + 0.791*max(0,0.823-X1) - 0.790*max(0,-0.175-X7) * max(0,X1-0.823) - 0.780*max(0,-0.528-X1) - 0.773*abs(X7) + 0.768*max(0,-0.788-X2) + 0.732*max(0,-0.144-X0) * max(0,0.0914-X3) - 0.729*abs(X3) - 0.721*max(0,0.00886-X6) * max(0,-0.370-X3) - 0.718*max(0,-0.144-X0) * max(0,-0.370-X3) - 0.703*max(0,-0.175-X7) * max(0,X0-0.956) + 0.684*max(0,X4-1.12) + 0.638*max(0,-0.175-X7) * max(0,-0.438-X6) + 0.634*max(0,X5-1.62) * max(0,-0.175-X7) - 0.605*max(0,-0.438-X6) * max(0,X2-2.39) - 0.601*max(0,X0-0.956) * max(0,X1-0.823) + 0.595*abs(X1) * max(0,-0.370-X3) - 0.578*max(0,X6-0.902) + 0.565*abs(X7) * max(0,-0.438-X6) + 0.541*max(0,-1.14-X8) - 0.527*abs(X1) * max(0,X3-1.47) - 0.504*max(0,-1.24-X0) * max(0,0.00886-X6) - 0.503*max(0,X8+0.214) - 0.502*abs(X1) * max(0,-0.144-X0) - 0.498*max(0,X8-0.711) + 0.497*max(0,0.484-X2) + 0.483*max(0,0.00886-X6) * max(0,0.0914-X3) - 0.445*max(0,-0.576-X5) - 0.443*max(0,-0.175-X7) * max(0,0.00886-X6) + 0.440*max(0,-0.144-X0) * max(0,-0.528-X1) + 0.439*max(0,-0.152-X2) * abs(X7) - 0.426*abs(X4) - 0.406*max(0,-0.144-X0) + 0.402*max(0,X4-0.328) - 0.396*max(0,-0.152-X2) * max(0,-0.438-X6) + 0.395*abs(X1) * max(0,0.0914-X3) + 0.387*abs(X7) * max(0,X1-0.823) - 0.385*max(0,-0.438-X6) * max(0,X0-0.956) - 0.376*max(0,X1+0.528) + 0.361*max(0,X3-0.552) + 0.360*max(0,-0.528-X1) * max(0,X3-0.0914) - 0.355*max(0,-0.438-X6) * max(0,X1-0.823) + 0.354*X3 * max(0,X0-0.956) - 0.352*abs(X7) * max(0,0.00886-X6) - 0.348*max(0,-0.676-X8) + 0.343*max(0,X3-0.0914) - 0.317*max(0,-0.830-X3) - 0.316*abs(X2) - 0.301*max(0,-0.370-X3) * max(0,X0-0.956) + 0.294*max(0,X3+0.370) - 0.292*abs(X8) - 0.292*max(0,-0.907-X9) + 0.289*abs(X7) * max(0,X3-0.0914) + 0.288*max(0,-0.152-X2) * abs(X3) + 0.270*max(0,-0.152-X2) * max(0,-0.370-X3) - 0.268*max(0,X5-1.62) * max(0,X3-1.47) - 0.261*abs(X7) * max(0,-0.144-X0) + 0.258*max(0,0.00886-X6) * max(0,-0.144-X0) - 0.251*abs(X0) + 0.235*max(0,0.00886-X6) * abs(X3) - 0.228*max(0,-0.175-X7) * max(0,X3-0.0914) + 0.214*max(0,0.447-X9) + 0.213*max(0,0.249-X8) + 0.190*X9**2 + 0.171*max(0,-0.175-X7) * max(0,-0.528-X1) - 0.165*abs(X1) * max(0,X3-0.0914) + 0.162*max(0,-0.978-X1) + 0.143*max(0,X3-1.01) + 0.122*abs(X1) * max(0,0.00886-X6) - 0.110*max(0,-0.438-X6) - 0.107*abs(X7) * max(0,X3-1.47) + 0.103*max(0,-0.175-X7) * max(0,0.0914-X3) - 0.0899*max(0,0.455-X6) - 0.0820*max(0,X2-1.76) + 0.0732*max(0,-0.152-X2) - 0.0697*max(0,1.92-X4) - 0.0527*max(0,-0.695-X0) + 0.0517*max(0,-1.24-X0) * max(0,X5-2.35) + 0.0469*max(0,-0.175-X7) * max(0,-0.152-X2) + 0.0443*max(0,X7-0.814) + 0.0440*max(0,0.406-X0) - 0.0433*max(0,X8-1.17) + 0.0334*max(0,-0.152-X2) * max(0,0.00886-X6) - 0.0333*max(0,0.902-X6) - 0.0311*max(0,-0.466-X4) - 0.0298*max(0,X7-0.320) - 0.0297*max(0,0.885-X5) - 0.0277*abs(X5) + 0.0233*max(0,-0.175-X7) * max(0,-0.144-X0) - 0.0166*max(0,X3-1.47) * max(0,X0-0.956) - 0.0139*max(0,-0.884-X6) + 0.0134*max(0,-0.370-X3) * max(0,X5-2.35) + 0.0120*abs(X1) * max(0,X1-0.823) + 0.0117*X5**2 + 0.0107*abs(X7) * max(0,-0.528-X1) + 0.0106*max(0,X5-3.08) * abs(X3) - 0.00708*max(0,X3-0.0914) * max(0,X4-2.71) + 0.00676*max(0,0.373-X1) + 0.00593*max(0,X7-1.31) + 0.00452*max(0,0.0914-X3) * max(0,X5-2.35) + 0.00340*max(0,-0.144-X0) * max(0,X3-0.0914) + 0.00158*max(0,-0.152-X2) * max(0,-0.144-X0) - 0.00158*max(0,-0.438-X6) * max(0,X4-3.51) + 0.00110*abs(X1) * max(0,-0.528-X1) + 0.000564*abs(X1) * abs(X7) + 0.000496*X2**2 + 1.12e-5*max(0,X5-3.08) * max(0,X5-2.35) + 1.12e-8*max(0,X5-3.08) * max(0,-0.370-X3) + 1.95e-11*max(0,X5-3.08) * max(0,-0.528-X1)"
ffx,624_fri_c0_100_5,ok,-0.167833,1.040088,734,6.98,,"0.212 - 30.9*max(0,X4-1.19) * max(0,X2-1.54) - 9.70*max(0,X4-1.19) * max(0,X1-1.30) - 9.25*max(0,-0.726-X3) * max(0,X2-1.54) + 3.55*max(0,-0.726-X3) * max(0,X1-1.30) + 2.87*max(0,X4-0.314) * max(0,-1.03-X0) + 2.63*max(0,-1.03-X0) * max(0,X2-1.54) - 2.63*max(0,-1.01-X4) * max(0,X1-1.30) + 2.19*max(0,-0.783-X2) * max(0,-1.03-X0) + 1.89*max(0,-0.566-X4) * max(0,-1.01-X4) + 1.65*max(0,X4-0.314) * max(0,-0.993-X1) + 1.60*X1 * max(0,X2-1.54) - 1.53*max(0,-1.03-X0) - 1.29*max(0,-0.0843-X0) * max(0,X4-1.19) - 1.18*max(0,-0.726-X3) * max(0,-0.783-X2) - 1.14*max(0,-0.726-X3) * max(0,-1.01-X4) + 0.927*max(0,X1-0.838) - 0.918*max(0,-0.783-X2) * max(0,-0.0843-X0) + 0.868*max(0,-0.783-X2) * max(0,X4-0.314) - 0.816*max(0,-0.726-X3) - 0.812*max(0,X1-0.381) + 0.755*max(0,-0.783-X2) * max(0,-0.993-X1) - 0.720*max(0,-0.535-X1) + 0.663*max(0,-0.726-X3) * max(0,-0.993-X1) + 0.659*max(0,X4-0.314) * max(0,X4-0.753) - 0.630*max(0,-0.126-X4) - 0.543*max(0,-0.993-X1) * max(0,-1.01-X4) + 0.523*max(0,-0.0843-X0) * max(0,X1-1.30) + 0.513*X1 * max(0,-1.01-X4) - 0.499*max(0,X4-0.314) + 0.460*X1 * max(0,X4-0.314) - 0.438*max(0,X0-0.860) + 0.422*max(0,0.314-X4) * max(0,-0.783-X2) + 0.388*max(0,X3-0.754) - 0.377*max(0,-1.03-X0) * max(0,X1-1.30) - 0.375*X1 * max(0,-1.03-X0) - 0.367*max(0,-0.0772-X1) + 0.334*max(0,-0.783-X2) + 0.311*max(0,X4-0.753) - 0.306*X1 * max(0,-0.0843-X0) + 0.297*max(0,X2-0.613) - 0.293*max(0,-0.557-X0) * max(0,X4-0.753) - 0.288*max(0,-0.0843-X0) + 0.273*max(0,-0.0843-X0) * max(0,-0.993-X1) + 0.272*max(0,X3+0.232) + 0.268*max(0,0.613-X2) + 0.262*max(0,X1-1.30) - 0.250*max(0,0.381-X1) + 0.211*X1 * max(0,X1-1.30) - 0.208*max(0,X2-1.54) * max(0,X4-0.753) + 0.204*max(0,X0-1.33) + 0.185*max(0,X0+0.557) - 0.146*max(0,-0.726-X3) * max(0,-0.557-X0) + 0.126*X2**2 - 0.124*max(0,-0.566-X4) * max(0,-0.993-X1) - 0.122*max(0,-1.22-X3) - 0.101*max(0,-0.0843-X0) * max(0,X4-0.314) + 0.101*X0 - 0.0921*max(0,0.314-X4) * max(0,-1.03-X0) - 0.0848*max(0,-0.566-X4) - 0.0842*max(0,-0.726-X3) * max(0,X4-0.314) + 0.0622*X3 - 0.0615*max(0,X3-1.25) - 0.0406*max(0,X4+0.126) + 0.0328*max(0,0.314-X4) * max(0,-0.0843-X0) - 0.0325*max(0,0.388-X0) - 0.0211*max(0,-0.566-X4) * max(0,-0.783-X2) + 0.0126*max(0,0.148-X2) + 0.00783*max(0,0.314-X4) * max(0,-0.726-X3) + 0.00278*X1 * max(0,X4-1.19) - 0.00104*max(0,0.314-X4) * max(0,X2-1.54) - 9.45e-5*X4**2"
ffx,626_fri_c2_500_50,ok,0.379791,0.721315,1013,45.82,,"1.52 + 3.19*max(0,X1-1.30) + 2.28*max(0,X0-0.956) + 1.80*max(0,X1-0.807) - 1.74*max(0,X24-1.49) - 1.57*max(0,X12-1.35) - 0.969*max(0,X26-1.35) - 0.957*max(0,X0+0.256) - 0.835*max(0,X10-1.32) - 0.828*max(0,X1+0.658) - 0.791*max(0,X22-1.29) + 0.737*max(0,X29-1.12) - 0.692*max(0,-1.00-X11) - 0.658*max(0,X7-1.33) - 0.643*max(0,-0.937-X3) - 0.614*max(0,-0.905-X49) - 0.585*max(0,-0.862-X0) - 0.576*max(0,X31-1.32) + 0.558*max(0,X20-1.18) + 0.538*max(0,X16-1.34) + 0.517*max(0,X17-1.20) - 0.495*abs(X1) + 0.468*max(0,X3-0.412) + 0.454*max(0,X19-1.02) - 0.425*max(0,X42-1.16) + 0.417*max(0,-1.03-X32) + 0.381*max(0,-1.00-X38) + 0.358*max(0,X43-1.30) - 0.356*max(0,X11-1.30) - 0.355*max(0,-1.06-X43) - 0.353*max(0,-0.967-X30) + 0.351*max(0,X44-1.20) + 0.325*max(0,-1.01-X7) + 0.323*max(0,X32-1.10) - 0.311*max(0,-1.15-X1) - 0.309*max(0,-1.14-X8) - 0.277*max(0,X28-0.719) - 0.264*max(0,X43-0.825) - 0.257*max(0,-1.07-X44) + 0.254*max(0,X49-1.29) + 0.247*max(0,-1.16-X29) - 0.245*max(0,-0.919-X35) - 0.237*max(0,X0-1.56) - 0.221*max(0,X5-1.39) + 0.220*abs(X15) + 0.199*max(0,X6-0.376) - 0.195*max(0,X15-1.09) - 0.194*max(0,X9-1.44) - 0.187*max(0,X41-1.32) + 0.177*max(0,X46-0.407) - 0.173*max(0,-0.546-X46) - 0.171*max(0,X3-1.31) - 0.170*max(0,-0.995-X31) + 0.163*max(0,X25-1.14) + 0.163*abs(X11) - 0.159*max(0,-0.0646-X4) + 0.157*max(0,X8-0.744) - 0.153*max(0,-0.980-X23) - 0.151*max(0,-0.912-X39) - 0.150*max(0,-0.658-X1) + 0.145*max(0,-0.0447-X2) + 0.144*max(0,0.807-X1) + 0.141*max(0,-0.909-X9) - 0.140*max(0,0.393-X7) - 0.133*max(0,-1.10-X36) - 0.132*max(0,X7-0.859) - 0.131*max(0,X27+0.628) + 0.129*max(0,-1.09-X21) + 0.123*max(0,X27-1.13) + 0.120*max(0,X45-0.427) - 0.118*max(0,0.477-X30) - 0.116*max(0,0.401-X4) - 0.116*max(0,X15-1.57) + 0.111*abs(X24) - 0.108*max(0,X36+0.650) - 0.105*max(0,X28-1.16) + 0.105*max(0,X26-0.382) + 0.104*max(0,X38-1.39) - 0.102*max(0,0.373-X22) + 0.0980*max(0,X39-0.404) - 0.0957*max(0,0.214-X25) + 0.0929*max(0,-0.988-X20) - 0.0915*max(0,-1.04-X6) + 0.0898*max(0,X3+0.0378) - 0.0895*max(0,X5-0.443) - 0.0874*max(0,0.400-X34) + 0.0859*abs(X12) - 0.0840*max(0,X41-0.398) + 0.0837*max(0,-0.120-X20) + 0.0830*max(0,-0.922-X10) - 0.0799*max(0,0.319-X21) + 0.0791*max(0,-0.485-X37) - 0.0788*max(0,X1+0.170) + 0.0773*abs(X26) - 0.0761*abs(X29) - 0.0722*max(0,-0.571-X6) + 0.0712*max(0,-0.825-X15) - 0.0705*max(0,0.719-X28) + 0.0689*max(0,X8+0.197) - 0.0676*max(0,X16+0.0701) - 0.0632*max(0,-0.0683-X31) - 0.0615*max(0,X4-1.33) - 0.0602*abs(X42) + 0.0598*max(0,1.12-X2) - 0.0572*max(0,-1.13-X17) + 0.0568*max(0,X9-0.500) - 0.0564*max(0,-1.07-X27) - 0.0550*max(0,X43+0.589) + 0.0537*max(0,X23-1.11) - 0.0513*max(0,X33-0.700) - 0.0502*max(0,0.398-X41) + 0.0500*max(0,X13-0.641) + 0.0494*abs(X23) + 0.0493*max(0,X49-0.853) + 0.0482*max(0,-0.972-X47) + 0.0451*max(0,X14-0.263) - 0.0436*max(0,-0.00408-X30) + 0.0423*max(0,-0.931-X37) - 0.0420*max(0,X33-0.253) - 0.0413*max(0,0.249-X32) - 0.0402*max(0,X35+0.484) - 0.0399*abs(X17) - 0.0398*max(0,X35+0.919) + 0.0393*max(0,X12+0.0459) + 0.0351*max(0,X35-1.26) - 0.0329*abs(X16) - 0.0329*max(0,-0.131-X42) - 0.0280*abs(X21) - 0.0273*max(0,-0.457-X45) + 0.0271*abs(X3) + 0.0236*max(0,X13+0.221) + 0.0232*max(0,0.146-X24) - 0.0231*abs(X5) + 0.0209*max(0,X47-0.324) - 0.0204*max(0,X36-1.17) - 0.0204*max(0,0.144-X19) - 0.0199*max(0,0.858-X31) + 0.0147*max(0,X13+1.08) + 0.0124*abs(X18) + 0.00748*abs(X48) - 0.00735*max(0,X37-0.407) - 0.00658*max(0,1.07-X13) - 0.00477*max(0,1.33-X4) - 0.00420*max(0,X18-1.17) - 0.00310*abs(X41) - 0.00255*abs(X32) + 0.00109*max(0,X21-1.26)"
ffx,627_fri_c2_500_10,ok,-8.005068,2.63628,1642,17.16,,"1.07 + 48.2*max(0,-1.06-X4) * max(0,X0-1.51) - 16.8*max(0,X9-0.814) * max(0,X4-1.19) + 15.4*max(0,-1.06-X4) * max(0,X6-1.27) - 13.1*max(0,X9-1.26) * max(0,X4-1.19) - 12.0*max(0,X9-1.26) * max(0,X5-1.24) + 8.43*max(0,-1.06-X4) * max(0,X5-1.24) + 8.42*max(0,X1+0.101) * max(0,-0.162-X0) + 7.60*max(0,X5-0.800) * max(0,X9-1.26) - 7.25*max(0,X4-1.19) * max(0,X5-1.24) + 5.83*max(0,X9-0.364) * max(0,X4-1.19) + 5.79*max(0,X6-1.27) * max(0,X4-1.19) - 4.61*max(0,X9-1.26) * max(0,-1.06-X4) + 4.60*max(0,X9-1.26) * max(0,X1-0.803) + 4.08*max(0,X6-1.27) * max(0,X0-0.952) + 4.06*max(0,X1+0.101) * max(0,X5-1.24) + 3.38*max(0,X5-0.800) * max(0,X4-1.19) + 3.35*max(0,X5-0.800) * max(0,X0-1.51) - 3.35*max(0,X5-0.800) * max(0,X1-0.803) + 2.88*max(0,X5-1.24) * max(0,X0-0.952) - 2.81*max(0,-1.06-X4) * max(0,X0-0.952) + 2.69*max(0,X1-1.26) - 2.60*max(0,-0.0678-X7) * max(0,X9-1.26) - 2.56*max(0,X6-1.27) * max(0,X9-0.814) + 2.53*max(0,X6-1.27) * max(0,-0.537-X9) + 2.35*max(0,X6-1.27) * max(0,X1-0.803) + 2.34*max(0,-0.0678-X7) * max(0,X6-1.27) + 2.23*max(0,X2-2.11) * max(0,X1-0.803) - 2.17*max(0,X6-1.27) * max(0,-0.0869-X9) - 2.02*max(0,X2-2.11) * max(0,X0-1.51) - 1.97*max(0,X5-0.800) * max(0,X1+0.101) - 1.90*max(0,X1+0.101) * max(0,X2-2.85) - 1.86*max(0,X9-1.26) * max(0,X1+0.101) + 1.85*max(0,X1+0.101) * max(0,X0-0.952) + 1.82*max(0,X5-0.800) * max(0,X5-1.24) - 1.71*max(0,-0.101-X1) * max(0,X6-1.27) + 1.69*max(0,-0.0869-X9) * max(0,X1-0.803) - 1.68*max(0,X0-1.51) * max(0,X1-0.803) + 1.63*max(0,-1.06-X4) + 1.60*max(0,X1-0.803) - 1.44*max(0,X7-0.377) * max(0,X4-1.19) - 1.37*max(0,-0.537-X9) * max(0,-0.162-X0) + 1.31*max(0,-0.101-X1) * max(0,X9-0.814) - 1.27*max(0,-0.537-X9) * max(0,X1-0.803) + 1.26*max(0,X2-2.11) - 1.17*max(0,X7-1.27) + 1.16*max(0,X9-0.814) * max(0,X1-0.803) - 1.14*max(0,X9-0.814) * max(0,X5-1.24) + 1.09*max(0,X5-0.800) * max(0,-0.537-X9) - 1.08*max(0,X7-0.377) * max(0,X9-0.814) - 1.06*max(0,X0+0.162) - 1.02*max(0,-0.0678-X7) * max(0,-1.06-X4) - 0.989*max(0,-1.06-X4) * max(0,X1-0.803) - 0.968*max(0,X1+0.101) - 0.967*max(0,-1.06-X4) * max(0,X7-0.377) - 0.937*max(0,X9-0.364) * max(0,X2-2.85) + 0.911*max(0,X6-1.27) * max(0,X7-0.377) + 0.869*max(0,-1.06-X4) * max(0,X9-0.814) + 0.811*max(0,-0.837-X2) + 0.767*max(0,-0.0869-X9) * max(0,-0.162-X0) - 0.767*max(0,X5-0.800) * max(0,-0.162-X0) + 0.745*max(0,X4-0.742) - 0.735*max(0,-0.553-X1) * max(0,-0.0869-X9) + 0.723*max(0,-0.101-X1) * max(0,-0.537-X9) + 0.699*max(0,X4-1.19) * max(0,X0-0.952) - 0.699*max(0,X9-1.26) * max(0,X2-2.85) - 0.699*max(0,X9-1.26) * max(0,-0.162-X0) - 0.697*max(0,X5-0.800) * max(0,-0.0678-X7) - 0.697*max(0,-0.0678-X7) * max(0,X1-0.803) + 0.675*max(0,X7-0.377) * max(0,X0-0.952) + 0.671*max(0,X9-0.814) * max(0,X0-0.952) - 0.652*max(0,-0.0869-X9) * max(0,X4-1.19) - 0.650*max(0,-0.553-X1) + 0.567*max(0,X2-1.38) + 0.546*max(0,X0-0.395) - 0.542*max(0,-0.0869-X9) * max(0,X5-1.24) - 0.535*max(0,-1.00-X1) - 0.532*max(0,-1.06-X4) * max(0,-0.162-X0) + 0.502*max(0,-0.553-X1) * max(0,-0.162-X0) - 0.497*max(0,0.291-X4) - 0.495*max(0,-1.06-X4) * max(0,X1+0.101) - 0.491*max(0,-0.0328-X3) + 0.473*max(0,X3-0.418) + 0.472*max(0,-0.0678-X7) * max(0,X4-1.19) + 0.472*max(0,-0.961-X5) - 0.464*max(0,X1+0.553) - 0.437*max(0,-0.162-X0) - 0.419*max(0,-0.553-X1) * max(0,X6-1.27) - 0.408*max(0,-0.553-X1) * max(0,-0.101-X1) - 0.381*max(0,-0.935-X3) + 0.374*max(0,-0.484-X3) - 0.337*max(0,X5-0.800) + 0.333*max(0,-0.0992-X2) + 0.314*max(0,-0.0678-X7) * max(0,-0.0869-X9) + 0.305*max(0,-1.06-X4) * max(0,-0.0869-X9) - 0.292*max(0,X4-0.291) - 0.267*max(0,X5-0.800) * max(0,X7-0.377) - 0.267*max(0,X2-0.638) - 0.266*max(0,-0.101-X1) * max(0,X4-1.19) + 0.261*max(0,X9-1.26) * max(0,X9-0.814) - 0.259*max(0,-0.553-X1) * max(0,X9-0.364) + 0.254*max(0,X6-1.27) * max(0,X5-1.24) + 0.240*max(0,0.803-X1) + 0.229*max(0,-0.957-X7) - 0.215*max(0,X1+0.101) * max(0,X7-0.377) - 0.206*max(0,-0.101-X1) * max(0,X7-0.377) + 0.197*max(0,-0.0678-X7) * max(0,X9-0.364) + 0.172*max(0,X7-0.377) * max(0,X1-0.803) - 0.157*max(0,-0.0678-X7) * max(0,X1+0.101) - 0.154*max(0,-0.0869-X9) * max(0,-0.537-X9) - 0.149*max(0,0.800-X5) + 0.144*max(0,X6-0.795) + 0.142*max(0,-0.0678-X7) * max(0,X9-0.814) + 0.140*max(0,-1.28-X0) - 0.138*max(0,X1+0.101) * max(0,-0.0869-X9) - 0.134*max(0,X9-1.26) * max(0,-0.101-X1) - 0.128*max(0,-0.938-X8) + 0.115*max(0,X7-0.821) - 0.115*max(0,-0.0678-X7) * max(0,X0-0.952) + 0.105*max(0,X4-1.19) - 0.0947*max(0,-0.512-X7) + 0.0924*max(0,-0.521-X5) - 0.0889*max(0,-0.553-X1) * max(0,-1.06-X4) - 0.0840*max(0,X7-0.377) * max(0,X2-2.85) - 0.0813*max(0,X9-0.364) * max(0,-0.162-X0) + 0.0789*max(0,X7+0.0678) + 0.0733*max(0,-0.630-X6) - 0.0601*max(0,X8+0.0646) + 0.0542*max(0,-0.0678-X7) * max(0,X5-1.24) + 0.0471*max(0,X7+0.957) - 0.0440*X2 - 0.0425*max(0,-0.720-X0) + 0.0422*max(0,-0.610-X4) + 0.0402*max(0,X9+0.0869) + 0.0372*max(0,X6-0.320) + 0.0346*max(0,-0.553-X1) * max(0,-0.537-X9) - 0.0330*max(0,-0.537-X9) * max(0,X0-0.952) - 0.0316*max(0,X8+0.501) - 0.0310*max(0,0.869-X3) + 0.0270*max(0,X9+0.537) - 0.0225*max(0,0.377-X7) + 0.0173*max(0,X6+0.155) - 0.0164*max(0,-1.06-X4) * max(0,-0.537-X9) - 0.0140*max(0,-0.0678-X7) * max(0,-0.162-X0) + 0.0127*max(0,X5-0.800) * max(0,-0.101-X1) + 0.00955*max(0,0.395-X0) + 0.00406*max(0,-0.0869-X9) * max(0,X7-0.377) + 0.000836*max(0,X4-1.19) * max(0,-0.537-X9) - 0.000781*max(0,-0.101-X1) * max(0,-0.0869-X9) - 0.000465*max(0,X8-1.25)"
ffx,628_fri_c3_1000_5,ok,0.319607,0.84255,1928,15.39,,"3.42 - 30.1*max(0,X3-0.854) * max(0,X0-1.51) + 26.9*max(0,X1-1.36) * max(0,0.0446-X4) - 23.5*max(0,X0-1.51) * max(0,X4-2.54) + 18.0*max(0,X4-2.54) * max(0,X0-0.917) + 15.4*max(0,X0-1.51) * max(0,X1-1.36) - 11.0*max(0,-0.561-X1) * max(0,X4-0.0446) - 10.8*max(0,0.668-X4) * max(0,X1-1.36) + 9.03*max(0,X1-1.36) * max(0,X1-0.883) - 8.60*max(0,0.0446-X4) * max(0,X1-0.883) + 8.39*max(0,X4-2.54) * max(0,X1-0.883) - 7.70*max(0,X3+0.0657) * max(0,X1-1.36) + 7.61*max(0,X1-1.36) * max(0,X4-2.54) + 6.97*max(0,X0-1.51) * max(0,0.0446-X4) - 6.73*max(0,X3-0.854) * max(0,-0.561-X1) + 6.01*max(0,X3-0.854) * abs(X1) - 6.00*max(0,X1-1.36) * max(0,X0-0.917) + 5.66*max(0,X0-1.51) - 4.90*max(0,X3-0.854) * max(0,X4-2.54) + 4.55*max(0,X3-0.854) * max(0,X0-0.917) + 4.24*max(0,X3+0.0657) * max(0,X1-0.883) + 4.20*max(0,X3-0.854) * max(0,X1-1.36) - 4.18*max(0,X3+0.0657) * max(0,X4-2.54) + 4.16*max(0,0.668-X4) * max(0,X1-0.883) - 4.04*max(0,X2-2.16) - 3.75*max(0,X3-0.854) - 3.72*max(0,X3-0.854) * max(0,X4-1.29) - 3.70*max(0,0.0446-X4) * max(0,X0-0.917) - 3.69*max(0,-0.0657-X3) * max(0,X1-1.36) + 3.65*max(0,-0.561-X1) * abs(X3) - 3.60*max(0,X0-1.51) * max(0,X3+0.0657) - 3.53*max(0,X0-1.51) * max(0,X1-0.883) - 3.46*max(0,X4-1.29) * max(0,X0-1.51) - 3.42*max(0,-0.561-X1) * max(0,-0.0657-X3) - 3.28*max(0,X0-1.51) * max(0,X0-0.917) + 3.18*max(0,0.0446-X4) + 3.16*max(0,X3+0.0657) - 2.71*max(0,X3-0.854) * max(0,X1-0.883) - 2.68*max(0,-0.561-X1) * abs(X4) - 2.64*max(0,X0-1.51) * max(0,-0.0657-X3) + 2.33*abs(X1) * max(0,X1-1.36) + 2.20*max(0,X0-0.917) + 2.20*abs(X1) * max(0,X4-2.54) + 2.14*max(0,-0.0657-X3) * max(0,X1-0.883) + 2.10*max(0,X1-0.883) + 1.99*max(0,X4-1.29) * max(0,X4-2.54) + 1.90*max(0,X4-1.92) * abs(X3) - 1.87*abs(X3) + 1.80*max(0,0.668-X4) * max(0,X0-0.917) - 1.74*max(0,X4-0.0446) * max(0,X1-1.36) + 1.74*max(0,X1-0.883) * max(0,X0-0.917) - 1.72*max(0,X1-1.36) - 1.66*max(0,X4-1.92) * max(0,X0-0.917) + 1.51*max(0,X4-1.92) * max(0,X1-0.883) + 1.50*max(0,X1-0.402) - 1.49*abs(X3) * max(0,X1-1.36) - 1.47*abs(X4) + 1.46*max(0,0.668-X4) * max(0,X4-0.0446) - 1.46*max(0,-0.561-X1) * max(0,X3+0.0657) + 1.46*max(0,X3-0.854) * abs(X3) - 1.44*abs(X4) * max(0,0.0446-X4) + 1.38*abs(X1) * max(0,0.0446-X4) + 1.34*max(0,-0.0657-X3) + 1.33*max(0,0.668-X4) * max(0,-0.561-X1) - 1.32*abs(X1) * max(0,X3+0.0657) + 1.27*max(0,-0.579-X4) - 1.26*max(0,X3-1.31) + 1.24*max(0,X0-0.324) + 1.22*max(0,X3-0.394) - 1.19*X1**2 + 1.18*max(0,X0-1.51) * abs(X4) - 1.16*abs(X3) * max(0,X4-2.54) + 1.06*max(0,-1.46-X0) - 1.04*abs(X4) * max(0,X4-2.54) + 1.02*max(0,0.402-X1) - 1.01*max(0,X0+0.269) - 0.980*abs(X1) - 0.969*max(0,X4-1.92) * max(0,X4-2.54) + 0.930*max(0,X2-1.50) + 0.898*max(0,-0.0657-X3) * max(0,0.0446-X4) + 0.878*max(0,-1.14-X2) + 0.872*max(0,X4-1.92) * max(0,X0-1.51) - 0.851*max(0,0.668-X4) - 0.846*X4 + 0.838*abs(X4) * max(0,X0-0.917) - 0.822*max(0,X4-1.29) * max(0,X1-0.883) + 0.814*max(0,X4-1.92) * max(0,X3+0.0657) - 0.793*X1 - 0.732*max(0,0.668-X4) * abs(X3) + 0.693*max(0,-1.04-X1) - 0.677*max(0,X0-1.51) * abs(X1) - 0.632*max(0,X4-1.29) * max(0,X3+0.0657) + 0.620*abs(X1) * max(0,X4-0.0446) - 0.596*abs(X0) - 0.593*max(0,1.29-X4) + 0.539*max(0,X4-1.29) + 0.534*max(0,X4-1.29) * max(0,X1-1.36) + 0.524*max(0,X1+0.0798) - 0.509*max(0,X3-0.854) * max(0,0.668-X4) + 0.508*max(0,-0.526-X3) - 0.500*abs(X3) * max(0,X0-0.917) - 0.472*max(0,0.668-X4) * abs(X1) + 0.472*max(0,-0.561-X1) * max(0,0.0446-X4) + 0.466*abs(X3) * max(0,0.0446-X4) - 0.453*max(0,X4-1.92) * abs(X4) + 0.444*max(0,X4-0.0446) * max(0,X4-2.54) + 0.438*max(0,0.394-X3) + 0.435*abs(X1) * max(0,X0-0.917) + 0.423*max(0,X0-1.51) * max(0,X4-0.0446) + 0.418*max(0,0.837-X2) - 0.416*max(0,X4-1.92) * max(0,X4-0.0446) - 0.394*X3 + 0.392*max(0,X4-1.29) * abs(X4) - 0.387*abs(X1) * max(0,X1-0.883) - 0.379*max(0,X3+0.0657) * max(0,X0-0.917) - 0.365*max(0,0.668-X4) * max(0,-0.0657-X3) - 0.356*max(0,-0.0657-X3) * max(0,X0-0.917) + 0.356*max(0,X4-0.668) - 0.353*abs(X4) * max(0,-0.0657-X3) - 0.352*max(0,-0.0798-X1) - 0.333*max(0,X4-1.29) * abs(X1) - 0.330*max(0,X4-1.92) * abs(X1) + 0.328*max(0,X4-0.0446) * max(0,X1-0.883) + 0.318*max(0,X4-1.29) * max(0,X4-0.0446) - 0.318*max(0,X4-0.0446) * abs(X3) - 0.309*max(0,X3-0.854) * abs(X4) + 0.294*max(0,X4+0.579) + 0.290*abs(X2) + 0.279*max(0,X3-0.854) * max(0,0.0446-X4) + 0.277*max(0,0.668-X4) * max(0,0.0446-X4) - 0.269*max(0,X4-1.92) - 0.269*max(0,2.54-X4) - 0.268*max(0,1.51-X0) + 0.268*max(0,X4-0.0446) + 0.259*max(0,0.917-X0) - 0.257*max(0,X3+0.0657) * abs(X3) - 0.255*max(0,X4-0.0446) * max(0,X0-0.917) - 0.254*X3**2 - 0.249*max(0,X0-1.51) * abs(X3) - 0.232*abs(X1) * abs(X3) - 0.232*max(0,1.92-X4) + 0.230*max(0,-0.862-X0) - 0.223*max(0,X0+1.46) + 0.222*max(0,X3-0.854) * max(0,X3+0.0657) - 0.215*max(0,X4-1.29) * max(0,X0-0.917) + 0.214*max(0,-0.985-X3) + 0.205*max(0,X3-0.854) * max(0,X4-0.0446) - 0.196*max(0,0.854-X3) + 0.186*abs(X3) * max(0,X1-0.883) + 0.182*max(0,X2-0.178) - 0.181*max(0,2.16-X2) + 0.174*max(0,0.883-X1) + 0.171*max(0,X3+0.526) - 0.163*X4**2 + 0.161*max(0,X3+0.0657) * abs(X4) - 0.158*X0**2 - 0.148*X2**2 + 0.145*max(0,0.668-X4) * max(0,X3+0.0657) - 0.128*X0 - 0.124*max(0,X2-0.837) + 0.120*max(0,X4-0.0446) * max(0,X3+0.0657) + 0.118*abs(X3) * max(0,-0.0657-X3) - 0.113*max(0,1.36-X1) - 0.113*max(0,X2+0.482) - 0.103*max(0,X3+0.0657) * max(0,0.0446-X4) - 0.100*abs(X1) * abs(X4) - 0.100*max(0,X4-1.29) * abs(X3) - 0.0978*max(0,X0-1.51) * max(0,0.668-X4) - 0.0922*max(0,0.178-X2) + 0.0868*max(0,1.31-X3) - 0.0847*max(0,X4-2.54) - 0.0841*max(0,X4-1.92) * max(0,X1-1.36) - 0.0786*max(0,X3+0.985) - 0.0764*max(0,-0.269-X0) + 0.0729*max(0,-0.482-X2) + 0.0713*max(0,X4-0.0446) * abs(X4) - 0.0707*max(0,X2+1.14) - 0.0673*abs(X1) * max(0,-0.561-X1) - 0.0668*max(0,X1+0.561) - 0.0500*max(0,0.668-X4) * abs(X4) + 0.0493*abs(X4) * max(0,X1-1.36) - 0.0483*max(0,0.324-X0) + 0.0475*max(0,X4-1.92) * max(0,X4-1.29) - 0.0458*max(0,X0+0.862) + 0.0422*max(0,X1+1.04) - 0.0378*X2 + 0.0344*max(0,-0.561-X1) - 0.0294*max(0,1.50-X2) - 0.0272*abs(X4) * abs(X3) - 0.00539*abs(X1) * max(0,-0.0657-X3) + 0.00132*max(0,X4-0.0446) * max(0,-0.0657-X3) - 0.000361*abs(X4) * max(0,X1-0.883)"
ffx,631_fri_c1_500_5,ok,0.590932,0.59288,1642,13.44,,"1.30 + 1.60e4*max(0,-0.538-X1) * max(0,X0-0.553) + 80.9*max(0,X3-1.28) * max(0,X0-1.73) - 35.5*max(0,X4-1.14) * max(0,X1-1.32) - 33.5*max(0,-0.0338-X0) * max(0,X2-1.30) - 33.3*max(0,X2-1.30) * max(0,X0-1.73) - 31.1*max(0,X3-1.28) * max(0,X2-1.30) - 23.9*max(0,X3-1.28) * max(0,X0-1.14) + 19.3*max(0,X4-1.14) * max(0,X1-0.854) + 16.7*max(0,X3-1.28) * max(0,X1-1.32) + 16.0*max(0,-0.538-X1) * max(0,X2-1.30) - 13.0*max(0,X4-1.14) * max(0,-1.21-X0) + 11.1*max(0,X3-1.28) * max(0,X0-0.553) - 10.9*max(0,X4-1.14) * max(0,X0-0.553) - 10.5*max(0,X4-1.14) * max(0,X0-1.73) - 10.4*max(0,X1-1.32) * max(0,X0-1.73) - 9.22*max(0,X4-1.14) * abs(X1) + 9.16*max(0,X4-1.14) * max(0,-0.538-X1) - 9.14*max(0,-1.00-X1) * max(0,X3-1.28) + 8.96*max(0,X4-1.14) * max(0,X0-1.14) + 8.52*max(0,X1-1.32) + 8.16*max(0,X0-1.73) + 7.72*max(0,X4-1.14) * max(0,-1.00-X1) - 6.63*max(0,-0.570-X3) * max(0,X2-1.30) + 6.60*max(0,X4-1.14) * max(0,-0.0338-X0) + 6.32*max(0,-0.570-X3) * max(0,X0-1.73) - 5.73*max(0,X2-1.30) * max(0,X1-0.854) + 5.44*max(0,X4-1.14) * X0 + 5.00*max(0,X3-1.28) * max(0,-0.538-X1) - 4.74*max(0,X3-1.28) * max(0,X1-0.854) + 3.97*max(0,X4-1.14) - 3.57*abs(X1) * max(0,X3-1.28) - 3.31*max(0,X1-0.854) * max(0,X0-1.14) + 3.17*abs(X0) * max(0,X0-1.73) + 2.89*max(0,X0-0.553) * max(0,X1-0.854) + 2.81*max(0,-0.0338-X0) * max(0,X3-1.28) - 2.69*X0 * max(0,X1-1.32) - 2.55*max(0,X0-0.553) * max(0,X2-1.30) - 2.50*max(0,X0+0.0338) * max(0,X0-1.73) + 2.45*max(0,X1-1.32) * max(0,X1-0.854) - 2.44*max(0,X3-1.28) * abs(X0) + 2.38*max(0,X3-1.28) - 2.36*max(0,X1-1.32) * abs(X0) - 2.36*max(0,-0.570-X3) * max(0,X0-1.14) + 2.31*max(0,X0-1.14) + 2.30*max(0,X1-1.32) * max(0,X2-1.30) + 2.22*max(0,X1-1.32) * max(0,X0-1.14) + 2.20*max(0,X2-1.30) * abs(X0) + 2.18*max(0,-0.570-X3) * max(0,-1.00-X1) - 2.03*abs(X1) * max(0,X1-1.32) + 2.01*max(0,-1.21-X0) * max(0,X3-1.28) - 1.95*max(0,X4-1.14) * max(0,X2-1.30) - 1.95*max(0,-0.538-X1) + 1.91*max(0,X0-1.14) * max(0,X0-1.73) + 1.79*X0 * max(0,X0-1.73) + 1.76*abs(X1) * max(0,X2-1.30) - 1.68*max(0,X1-1.32) * max(0,X0-0.553) + 1.65*max(0,-1.09-X2) + 1.52*max(0,X3-1.28) * X0 - 1.51*max(0,X4-1.14) * max(0,X3-1.28) + 1.48*max(0,-0.570-X3) * max(0,X1-1.32) + 1.45*max(0,-0.570-X3) * max(0,-0.0338-X0) + 1.40*max(0,X2-0.342) - 1.32*X0 - 1.31*max(0,X0+0.0338) * max(0,X0-1.14) + 1.30*max(0,X0-0.553) * max(0,X0-1.73) - 1.28*X0 * max(0,X2-1.30) - 1.26*max(0,-1.00-X1) - 1.24*max(0,X1-0.854) + 1.16*abs(X0) * max(0,X1-0.854) - 1.14*max(0,X3-0.819) + 1.10*max(0,X4-1.14) * abs(X0) - 1.10*max(0,-0.570-X3) + 1.06*abs(X1) * max(0,X0-1.14) - 1.04*abs(X1) - 1.04*max(0,-0.570-X3) * max(0,-0.538-X1) + 1.02*max(0,-1.21-X0) * abs(X0) + 1.00*abs(X1) * max(0,X0-0.553) - 0.947*max(0,-1.21-X0) + 0.920*max(0,-1.21-X0) * max(0,-0.538-X1) + 0.865*max(0,-0.137-X2) + 0.850*max(0,X2-1.30) * max(0,X0-1.14) - 0.850*max(0,X1-0.854) * max(0,X0-1.73) - 0.837*abs(X0) - 0.768*max(0,X0-0.553) * max(0,X0-1.14) + 0.729*max(0,X0+0.0338) + 0.726*max(0,-1.04-X4) - 0.714*max(0,-0.570-X3) * abs(X0) + 0.706*max(0,-0.570-X3) * X0 - 0.705*max(0,-1.03-X3) + 0.704*max(0,-0.615-X2) + 0.701*abs(X0) * max(0,X0-1.14) - 0.690*max(0,-0.570-X3) * max(0,X4-1.14) + 0.685*abs(X1) * abs(X0) + 0.665*max(0,X2-1.30) - 0.653*X2**2 + 0.628*X0 * max(0,X1-0.854) + 0.575*max(0,-0.0338-X0) + 0.527*max(0,-0.0740-X1) + 0.522*max(0,-0.0338-X0) * max(0,-0.538-X1) + 0.517*X3**2 + 0.507*max(0,X0+0.0338) * max(0,X2-1.30) - 0.503*X0**2 + 0.490*max(0,X2-0.820) - 0.480*max(0,X3-0.356) - 0.467*abs(X1) * max(0,X1-0.854) - 0.460*max(0,-1.21-X0) * max(0,-1.00-X1) - 0.449*max(0,X1+0.538) + 0.424*max(0,X0+0.0338) * max(0,X0-0.553) + 0.391*max(0,X3+0.570) + 0.387*max(0,-1.21-X0) * X0 + 0.365*X0 * max(0,X0-0.553) - 0.363*max(0,-1.00-X1) * max(0,X2-1.30) + 0.363*max(0,-0.538-X1) * abs(X0) - 0.352*max(0,X0+0.0338) * X0 + 0.351*max(0,-1.21-X0) * abs(X1) - 0.346*X4**2 + 0.309*max(0,X0+0.0338) * max(0,X1-0.854) + 0.301*max(0,0.820-X2) - 0.300*max(0,X0+0.0338) * abs(X0) + 0.288*max(0,-0.570-X3) * max(0,X1-0.854) - 0.283*abs(X1) * max(0,-0.0338-X0) + 0.276*max(0,-0.0338-X0) * X0 + 0.268*abs(X1) * max(0,-0.538-X1) - 0.259*X1 - 0.256*max(0,-0.621-X0) - 0.256*max(0,1.30-X2) - 0.254*max(0,-0.0338-X0) * abs(X0) + 0.252*max(0,X2+0.137) - 0.220*X0 * max(0,-0.538-X1) + 0.220*max(0,0.269-X4) - 0.220*max(0,X0+0.0338) * max(0,-0.538-X1) - 0.214*max(0,1.14-X0) - 0.210*max(0,0.342-X2) + 0.210*max(0,X0+0.0338) * max(0,X1-1.32) - 0.186*max(0,X2+1.09) + 0.185*max(0,X4+0.167) + 0.184*max(0,-1.00-X1) * max(0,-0.538-X1) - 0.183*max(0,X1-0.390) - 0.181*max(0,-0.107-X3) - 0.175*abs(X2) - 0.173*max(0,X0+0.621) - 0.172*max(0,-0.570-X3) * abs(X1) + 0.164*X4 + 0.161*max(0,X2+0.615) - 0.155*max(0,X1+0.0740) + 0.149*max(0,1.28-X3) + 0.148*abs(X3) + 0.147*max(0,X3+0.107) - 0.147*max(0,0.390-X1) - 0.140*X3 - 0.135*max(0,X0-0.553) + 0.135*max(0,0.553-X0) + 0.132*abs(X4) + 0.132*max(0,X4-0.269) - 0.132*max(0,X4-0.705) + 0.123*X1**2 - 0.120*max(0,1.14-X4) + 0.110*abs(X1) * max(0,X0-1.73) - 0.100*X2 - 0.0962*max(0,0.356-X3) - 0.0927*max(0,1.32-X1) - 0.0893*max(0,0.819-X3) - 0.0879*max(0,-1.00-X1) * abs(X1) + 0.0865*max(0,X0+1.21) - 0.0833*max(0,X4+1.04) + 0.0774*max(0,-1.00-X1) * X0 - 0.0737*max(0,-1.21-X0) * max(0,-0.0338-X0) + 0.0648*X0 * abs(X0) + 0.0642*max(0,X0-0.553) * abs(X0) - 0.0547*max(0,1.73-X0) - 0.0517*max(0,-0.570-X3) * max(0,-1.21-X0) + 0.0367*X0 * max(0,X0-1.14) + 0.0338*max(0,-0.570-X3) * max(0,X0-0.553) + 0.0338*max(0,-1.00-X1) * max(0,-0.0338-X0) + 0.0311*abs(X1) * X0 + 0.0199*max(0,X1+1.00) - 0.0182*max(0,0.854-X1) + 0.0174*max(0,-0.603-X4) + 0.0138*max(0,-0.167-X4) + 0.00849*max(0,-1.00-X1) * abs(X0)"
ffx,633_fri_c0_500_25,ok,0.608379,0.569771,1398,23.16,,"0.798 + 12.4*max(0,X22-1.15) * max(0,X3-1.30) + 11.5*max(0,X5-1.33) * max(0,X8-1.19) - 9.34*max(0,X1-1.34) * max(0,X0-1.30) + 8.13*max(0,-1.05-X15) * max(0,X10-1.24) - 7.83*max(0,-1.02-X0) * max(0,X8-1.19) - 5.20*max(0,X22-1.15) * max(0,-1.09-X11) + 5.18*max(0,X3-1.30) * max(0,-1.09-X11) + 4.82*max(0,-0.969-X23) * max(0,X8-1.19) + 4.70*max(0,X5-1.33) * max(0,X11-1.19) - 3.46*max(0,-1.02-X0) * max(0,X3-1.30) + 2.81*max(0,X10-0.787) * max(0,X13-1.20) - 2.47*max(0,-1.02-X0) * max(0,X1-1.34) - 2.35*max(0,-0.969-X23) * max(0,X20-1.39) + 2.34*max(0,X10-1.24) * max(0,-1.09-X11) - 2.32*max(0,-0.969-X23) * max(0,X11-1.19) - 2.06*max(0,X5-1.33) * max(0,X1-1.34) + 1.95*max(0,X11-1.19) * max(0,X10-1.24) + 1.77*max(0,-0.660-X22) * max(0,X8-1.19) - 1.46*max(0,-1.02-X0) * max(0,-0.673-X17) - 1.46*max(0,X0-0.837) * max(0,X13-1.20) + 1.45*max(0,X4-0.747) * max(0,X13-1.20) - 1.43*max(0,X0-0.837) * max(0,X1-1.34) - 1.42*max(0,X14-0.827) * max(0,X10-1.24) - 1.35*max(0,X10-0.787) * max(0,X3-1.30) - 1.33*max(0,X4-0.747) * max(0,-1.05-X15) - 1.28*max(0,-0.601-X8) * max(0,X13-1.20) - 1.18*max(0,-0.601-X8) * max(0,X3-1.30) - 1.17*max(0,-0.673-X17) * max(0,X20-1.39) + 1.16*max(0,X5-1.33) * max(0,X0-1.30) + 1.16*max(0,X14-0.827) * max(0,X11-1.19) + 1.15*max(0,X20-1.39) * max(0,X8-1.19) + 0.923*max(0,-0.601-X8) * max(0,X20-1.39) - 0.869*max(0,X13-1.20) * max(0,-1.05-X15) + 0.865*max(0,-1.11-X22) * max(0,X3-0.818) + 0.797*max(0,X2-0.805) + 0.761*max(0,X0-0.837) * max(0,X4-0.747) + 0.754*max(0,-1.05-X15) * max(0,-0.673-X17) + 0.716*max(0,X0-0.837) * max(0,X20-1.39) - 0.708*max(0,X5-1.33) + 0.703*max(0,X5-1.33) * max(0,-0.660-X22) + 0.700*max(0,X21-1.33) + 0.698*max(0,-0.635-X11) * max(0,X10-1.24) + 0.693*max(0,X22-1.15) * max(0,-1.05-X15) - 0.678*max(0,-1.05-X15) * max(0,X8-1.19) + 0.649*max(0,-0.601-X8) * max(0,X11-1.19) + 0.628*max(0,-0.969-X23) * max(0,-0.673-X17) + 0.623*max(0,-1.07-X2) + 0.609*max(0,-0.601-X8) * max(0,X5-1.33) - 0.602*max(0,-0.601-X8) * max(0,-1.05-X15) - 0.600*max(0,X14-0.827) * max(0,-1.05-X15) + 0.590*max(0,X5-1.33) * max(0,-0.178-X17) + 0.582*max(0,-0.673-X17) * max(0,X8-1.19) + 0.579*max(0,-0.601-X8) * max(0,-1.09-X11) + 0.564*max(0,-1.02-X0) * max(0,-1.05-X15) + 0.545*max(0,-0.601-X8) * max(0,X14-0.827) + 0.488*max(0,-0.601-X8) * max(0,X22-1.15) - 0.482*max(0,X5-1.33) * max(0,X14-0.827) + 0.466*max(0,X2-1.27) + 0.453*max(0,X24-1.41) + 0.444*max(0,X10-0.787) * max(0,-0.601-X8) + 0.442*max(0,X4-0.747) * max(0,X8-1.19) - 0.437*max(0,-1.02-X0) - 0.432*max(0,-0.601-X8) * max(0,-1.02-X0) - 0.410*max(0,X16-1.11) - 0.379*max(0,X4-0.747) * max(0,-0.969-X23) + 0.351*max(0,-0.660-X22) * max(0,X14-0.827) - 0.345*max(0,1.30-X3) - 0.333*max(0,0.882-X1) + 0.312*max(0,-1.02-X0) * max(0,X14-0.827) + 0.301*max(0,X4-0.747) + 0.292*max(0,-1.02-X0) * max(0,-1.09-X11) - 0.288*max(0,0.323-X4) - 0.285*max(0,0.837-X0) - 0.251*max(0,X23-1.35) + 0.242*max(0,-0.134-X2) + 0.224*max(0,-0.673-X17) * max(0,X3-1.30) - 0.222*max(0,-0.635-X11) * max(0,X0-1.30) + 0.220*max(0,X18-1.25) - 0.202*max(0,-0.635-X11) - 0.193*max(0,-0.497-X1) + 0.180*max(0,X3+1.10) + 0.170*max(0,-0.635-X11) * max(0,X3-1.30) - 0.161*max(0,X20-1.39) * max(0,X11-1.19) - 0.157*max(0,X10-0.787) + 0.155*max(0,-1.20-X12) - 0.140*max(0,-1.05-X15) - 0.126*max(0,-0.660-X22) * max(0,X11-1.19) - 0.123*max(0,X4-0.747) * max(0,-0.178-X17) - 0.122*max(0,-0.597-X7) - 0.117*max(0,-1.04-X9) + 0.111*X1 - 0.0993*max(0,-0.420-X19) + 0.0971*max(0,X19-1.03) + 0.0960*max(0,X3-0.818) * max(0,-1.05-X15) + 0.0837*max(0,-0.604-X2) - 0.0816*max(0,X0-1.30) * max(0,-1.09-X11) + 0.0790*max(0,-0.178-X17) * max(0,X11-1.19) - 0.0779*max(0,-0.0902-X0) + 0.0768*abs(X15) - 0.0739*max(0,-0.152-X8) - 0.0725*max(0,X17-1.31) - 0.0707*max(0,X8-0.297) - 0.0704*abs(X9) + 0.0698*max(0,X12-1.17) + 0.0687*max(0,0.402-X20) - 0.0641*max(0,-0.0374-X1) - 0.0633*abs(X10) + 0.0619*abs(X16) - 0.0613*max(0,-1.05-X7) + 0.0602*max(0,0.365-X18) - 0.0556*max(0,-0.635-X11) * max(0,-1.05-X15) + 0.0551*max(0,X0-0.837) - 0.0522*max(0,-1.11-X21) + 0.0478*max(0,-0.609-X13) + 0.0438*abs(X19) + 0.0409*max(0,0.707-X9) + 0.0395*max(0,-0.178-X17) * max(0,-0.635-X11) + 0.0333*max(0,-0.660-X22) + 0.0214*max(0,-1.17-X17) - 0.0214*max(0,-0.505-X5) + 0.0162*max(0,X14-0.827) * max(0,X20-1.39) - 0.0133*max(0,X22-0.244) + 0.0123*max(0,X14-0.827) * max(0,X3-0.818) + 0.0100*max(0,0.461-X24) - 0.00767*max(0,X6-1.09) + 0.00510*max(0,X17+0.178) + 0.00236*max(0,-0.601-X8) * max(0,-0.673-X17) + 0.00130*max(0,X0-0.837) * max(0,-0.178-X17)"
ffx,634_fri_c2_100_10,ok,0.587903,0.628996,862,14.87,,"-0.368 - 26.5*max(0,X5-1.06) * max(0,X6-1.11) - 13.4*max(0,X5-1.06) * max(0,X3-1.35) - 6.57*max(0,X6-1.11) * max(0,X0-1.79) - 5.55*max(0,X3-1.35) * max(0,X8-0.884) + 5.37*max(0,-0.453-X8) * max(0,-1.07-X6) + 5.31*max(0,X3-0.882) * max(0,X0-1.18) + 3.91*max(0,-1.09-X5) * max(0,X6-1.11) + 2.95*max(0,X5-0.631) * max(0,X4-1.30) + 2.85*max(0,X1-0.985) + 2.66*max(0,X7-0.794) * max(0,X4-1.30) - 2.23*max(0,-0.898-X8) * max(0,-0.634-X6) - 2.22*max(0,X7-0.346) * max(0,X0-1.79) + 2.03*max(0,X4-0.864) * max(0,X0-1.18) + 2.02*max(0,X5-0.631) * max(0,X4-0.864) + 1.84*max(0,-1.09-X5) * max(0,-1.07-X6) - 1.73*max(0,X8-0.884) * max(0,-0.663-X5) - 1.55*max(0,-0.621-X0) + 1.51*max(0,X5-1.06) * max(0,-0.634-X6) - 1.47*max(0,X7-0.346) * max(0,X6-1.11) - 1.41*max(0,X5-1.06) * max(0,X8-0.439) + 1.36*max(0,-0.453-X8) * max(0,X7-0.346) + 1.24*max(0,X0-1.18) - 1.20*max(0,X5-0.631) * max(0,X3-1.35) + 1.19*max(0,X6-1.11) * max(0,-0.898-X8) - 1.13*max(0,X4-0.864) * max(0,-0.634-X6) + 1.08*max(0,-0.712-X2) - 1.02*max(0,X1-0.0342) * max(0,X4-0.864) - 0.910*max(0,X1-0.0342) + 0.883*max(0,0.582-X0) + 0.838*max(0,-0.663-X5) * max(0,-0.634-X6) - 0.823*max(0,-0.441-X1) * max(0,X4-1.30) - 0.816*max(0,X3-0.882) * max(0,-0.634-X6) + 0.794*max(0,X3-0.882) - 0.719*max(0,X3-0.882) * max(0,X1-0.0342) - 0.673*max(0,X7-0.794) * max(0,-0.663-X5) + 0.658*max(0,X3-0.418) + 0.621*max(0,X6-1.11) * max(0,-0.441-X1) - 0.607*max(0,X1-0.0342) * max(0,-0.634-X6) + 0.553*max(0,X5-0.631) * max(0,X8-0.884) - 0.531*max(0,-0.441-X1) - 0.453*max(0,-0.453-X8) * max(0,-0.898-X8) - 0.446*max(0,X1-0.0342) * max(0,X8-0.439) - 0.438*max(0,X3-0.882) * max(0,-0.898-X8) + 0.416*max(0,X7-0.794) + 0.401*max(0,-1.09-X5) * max(0,-0.634-X6) - 0.362*max(0,X1+0.441) + 0.327*max(0,X8-1.33) - 0.316*max(0,X5-0.631) * max(0,X1-0.0342) + 0.291*max(0,X3-0.882) * max(0,X7-0.794) + 0.290*max(0,X4-1.30) * max(0,X1-0.985) - 0.270*max(0,X6-1.11) * max(0,X0-1.18) - 0.259*max(0,-0.453-X8) * max(0,X5-0.631) + 0.256*max(0,X8-0.439) * max(0,-0.441-X1) - 0.231*max(0,X9+0.557) + 0.230*max(0,X8+0.453) + 0.207*max(0,X5-1.06) * max(0,X5-0.631) - 0.162*max(0,0.864-X4) + 0.133*max(0,-0.453-X8) * max(0,X6-1.11) - 0.113*max(0,X2-0.539) - 0.113*max(0,X8-0.439) * max(0,-0.663-X5) - 0.109*max(0,X3-1.35) * max(0,-0.634-X6) + 0.101*max(0,0.346-X7) - 0.0892*max(0,X1-0.0342) * max(0,-0.898-X8) - 0.0762*max(0,X8-0.439) * max(0,-0.634-X6) - 0.0748*max(0,X5-1.06) * max(0,X1-0.0342) + 0.0626*max(0,X9-1.15) + 0.0530*max(0,0.724-X9) + 0.0416*max(0,-0.453-X8) * max(0,-0.441-X1) + 0.0350*X7**2 + 0.0327*max(0,X4+0.448) - 0.0285*max(0,X7-0.346) * max(0,X1-0.0342) - 0.0169*max(0,0.439-X8) + 0.0157*max(0,X3+0.977) + 0.0143*max(0,X4-0.864) * max(0,-0.663-X5) + 0.0130*max(0,-0.663-X5) * max(0,-0.898-X8) + 0.00885*max(0,X4-1.30) * max(0,X0-1.18) + 0.00577*X5**2 + 0.00235*max(0,X5-0.631)"
ffx,635_fri_c0_250_10,ok,-15.399658,3.614601,1642,13.78,,"0.335 + 52.7*max(0,X9-1.35) * max(0,X8-1.12) + 49.6*max(0,X9-1.35) * max(0,X6-1.22) + 42.8*max(0,-0.588-X0) * max(0,-1.20-X4) - 36.0*max(0,X6-1.22) * max(0,X7-1.23) + 33.8*max(0,X7-1.23) * max(0,X8-1.12) + 16.3*max(0,-1.20-X4) * max(0,-1.12-X8) - 13.0*max(0,-0.0954-X0) * max(0,-1.20-X4) + 10.9*max(0,-1.08-X0) * max(0,X7-1.23) + 9.39*max(0,X5-1.31) * max(0,-1.20-X4) + 8.66*max(0,X6-1.22) * max(0,-0.671-X8) + 7.89*max(0,X4-1.18) * max(0,X6-1.22) + 7.55*max(0,X5-1.31) * max(0,-1.08-X0) - 6.18*max(0,X5-1.31) * max(0,X6-1.22) - 5.61*max(0,X4-1.18) * max(0,X8-1.12) - 5.16*max(0,X5-1.31) * max(0,X4-1.18) - 4.39*max(0,X9-1.35) * max(0,X7-1.23) - 4.34*max(0,-1.08-X0) * max(0,-1.12-X8) - 4.28*max(0,X4-1.18) * max(0,-0.527-X9) - 4.15*max(0,X6-1.22) * max(0,-0.222-X8) + 4.12*max(0,-1.15-X6) * max(0,X8-1.12) + 4.08*max(0,-1.20-X4) * max(0,X8-1.12) - 4.05*max(0,X6-1.22) * max(0,-0.588-X0) - 3.86*max(0,-1.12-X8) * max(0,-0.997-X9) - 3.73*max(0,X9-0.880) * max(0,X8-1.12) + 3.55*max(0,X9-0.880) * max(0,-1.20-X4) + 3.41*max(0,X7-1.23) * max(0,-1.20-X4) + 3.34*max(0,X0-0.889) * max(0,-1.12-X8) - 3.13*max(0,X5-1.31) * max(0,-0.248-X4) + 2.85*max(0,-1.15-X6) * max(0,X7-1.23) + 2.49*max(0,-0.527-X9) * max(0,X8-1.12) - 2.46*max(0,-0.551-X2) * max(0,-1.12-X8) + 2.44*max(0,X4-1.18) * max(0,X0-0.889) - 2.18*max(0,X4-1.18) * max(0,-0.671-X8) + 2.17*max(0,-1.08-X0) * max(0,X6-1.22) - 2.10*max(0,X8-1.12) + 1.93*max(0,X9-1.35) * max(0,-0.248-X4) - 1.93*max(0,-1.15-X6) * max(0,-0.527-X9) + 1.89*max(0,-1.15-X6) * max(0,-1.12-X8) + 1.85*max(0,-0.551-X2) * max(0,-1.08-X0) - 1.68*max(0,-1.20-X4) * max(0,-0.725-X4) - 1.60*max(0,X9-1.35) - 1.58*max(0,X6-1.22) * max(0,X8-1.12) - 1.46*max(0,-1.15-X6) * max(0,-0.997-X9) - 1.42*max(0,X9-0.880) * max(0,X4-1.18) + 1.41*max(0,X5-1.31) * max(0,X7-1.23) - 1.33*max(0,-0.551-X2) * max(0,X6-1.22) + 1.28*max(0,X9-0.880) * max(0,X0-0.889) + 1.25*max(0,X5-1.31) * max(0,X0-0.889) - 1.24*max(0,X9-0.880) * max(0,-0.725-X4) + 1.13*max(0,X5-1.31) + 1.06*max(0,-0.551-X2) + 0.975*max(0,-1.15-X6) - 0.949*max(0,-0.0954-X0) * max(0,X8-1.12) + 0.874*max(0,-1.08-X0) * max(0,-0.527-X9) - 0.871*max(0,-1.02-X2) - 0.856*max(0,0.0216-X3) + 0.849*max(0,X9-1.35) * max(0,-0.725-X4) + 0.833*max(0,-0.527-X9) * max(0,-0.671-X8) + 0.828*max(0,X0-0.889) * max(0,-0.725-X4) - 0.768*max(0,X4-1.18) * max(0,-1.08-X0) + 0.758*max(0,X3-0.922) + 0.745*max(0,-0.429-X3) - 0.744*max(0,X1-1.31) + 0.744*max(0,-1.15-X6) * max(0,-0.248-X4) + 0.738*max(0,X7-1.23) * max(0,-0.222-X8) + 0.728*max(0,X7-1.23) * max(0,-0.725-X4) - 0.719*max(0,0.382-X1) + 0.632*max(0,X0-0.889) * max(0,-0.527-X9) + 0.625*max(0,X6-0.744) - 0.572*max(0,-0.551-X2) * max(0,X0-0.889) + 0.544*max(0,X9-1.35) * max(0,-0.222-X8) - 0.539*max(0,X2-1.31) + 0.538*max(0,-1.15-X6) * max(0,X0-0.889) - 0.528*max(0,-0.0954-X0) + 0.517*max(0,-1.15-X6) * max(0,-0.588-X0) - 0.517*max(0,-0.551-X2) * max(0,-1.20-X4) - 0.462*max(0,X0-0.889) * max(0,-0.222-X8) - 0.446*max(0,X5-1.31) * max(0,-1.15-X6) + 0.438*max(0,X2+0.0847) - 0.435*max(0,-0.248-X4) * max(0,-1.12-X8) - 0.422*max(0,X0-0.889) + 0.418*max(0,X6-1.22) + 0.408*max(0,X4-1.18) * max(0,-0.551-X2) - 0.387*max(0,-0.0954-X0) * max(0,-0.248-X4) + 0.380*max(0,-0.551-X2) * max(0,X7-1.23) + 0.379*max(0,-0.551-X2) * max(0,-0.671-X8) - 0.379*max(0,X4-1.18) * max(0,-0.588-X0) - 0.369*max(0,-0.0954-X0) * max(0,-0.725-X4) + 0.343*max(0,X6-1.22) * max(0,-0.248-X4) + 0.329*max(0,X4-1.18) + 0.315*max(0,X5-1.31) * max(0,-0.222-X8) + 0.314*max(0,-0.725-X4) * max(0,-0.222-X8) - 0.312*max(0,0.472-X3) + 0.304*max(0,-1.15-X6) * max(0,-0.671-X8) + 0.299*max(0,-0.0954-X0) * max(0,X7-1.23) - 0.293*max(0,X1-0.382) + 0.265*max(0,X8-0.226) + 0.262*max(0,-0.588-X0) * max(0,-0.671-X8) + 0.250*max(0,-0.588-X0) * max(0,-0.248-X4) + 0.219*max(0,X5-1.31) * max(0,-0.527-X9) - 0.210*max(0,X5-0.837) + 0.191*max(0,-0.112-X5) - 0.181*max(0,X0-1.38) + 0.176*max(0,X1-0.846) + 0.176*max(0,-0.527-X9) * max(0,-0.997-X9) + 0.175*max(0,-0.0954-X0) * max(0,-0.997-X9) + 0.164*max(0,X4+0.248) - 0.164*max(0,-0.222-X8) * max(0,-0.997-X9) - 0.162*max(0,0.889-X0) - 0.154*max(0,X9-0.880) * max(0,-0.0954-X0) + 0.149*max(0,-0.725-X4) + 0.139*max(0,X4-0.229) + 0.138*max(0,X9+0.527) + 0.138*max(0,X5-0.363) + 0.124*max(0,-1.08-X0) - 0.123*max(0,-0.586-X5) + 0.119*max(0,X4+0.725) + 0.105*max(0,-1.08-X0) * max(0,X8-1.12) + 0.104*X2**2 - 0.0977*max(0,-0.204-X6) + 0.0973*max(0,-0.527-X9) * max(0,-1.20-X4) + 0.0934*max(0,-0.0847-X2) + 0.0881*max(0,-0.527-X9) * max(0,X7-1.23) - 0.0866*max(0,-0.0956-X7) + 0.0826*max(0,-0.551-X2) * max(0,-0.222-X8) - 0.0812*max(0,X4-1.18) * max(0,X7-1.23) + 0.0769*max(0,X9-0.880) * max(0,-0.551-X2) - 0.0752*max(0,X6-0.270) + 0.0740*max(0,-0.551-X2) * max(0,-0.527-X9) - 0.0680*max(0,-0.678-X6) + 0.0677*max(0,0.226-X8) - 0.0640*max(0,-0.0954-X0) * max(0,-1.12-X8) + 0.0453*X3 + 0.0407*max(0,-0.588-X0) * max(0,-0.222-X8) - 0.0375*max(0,0.411-X9) + 0.0365*max(0,-0.551-X2) * max(0,-0.588-X0) + 0.0346*X4**2 + 0.0202*max(0,-0.527-X9) * max(0,-0.588-X0) - 0.0117*max(0,-0.879-X3) - 0.00950*max(0,X7+0.0956) - 0.00455*max(0,X9-0.880) * max(0,-0.248-X4) + 0.00404*max(0,-0.980-X7) + 0.00150*max(0,X7-0.789)"
ffx,637_fri_c1_500_50,ok,0.613161,0.574228,1013,47.77,,"0.736 + 3.22*max(0,X1-0.849) + 3.10*max(0,X0-1.08) - 1.24*abs(X1) + 1.21*max(0,X23-1.24) + 1.11*max(0,X1-1.30) - 0.894*max(0,X40-1.37) - 0.821*max(0,X34-1.25) - 0.541*max(0,-1.07-X34) - 0.503*max(0,X1+0.494) - 0.495*abs(X0) - 0.490*max(0,X48-1.22) + 0.489*max(0,X0-0.570) + 0.468*max(0,0.849-X1) - 0.460*max(0,-0.895-X40) - 0.456*max(0,X33-1.30) - 0.447*max(0,X10-1.30) - 0.421*max(0,X0+0.451) - 0.420*max(0,X14-1.25) + 0.405*max(0,X38-1.23) - 0.332*max(0,-1.08-X21) - 0.331*max(0,X43-1.38) + 0.325*max(0,0.570-X0) + 0.312*max(0,-1.12-X49) + 0.296*max(0,-1.10-X47) - 0.283*max(0,-1.04-X46) - 0.281*max(0,X28-1.14) - 0.276*max(0,-0.451-X0) - 0.263*max(0,X0-1.59) - 0.263*max(0,0.799-X3) + 0.262*max(0,X32-1.25) + 0.253*max(0,X3+0.652) + 0.252*max(0,X4-0.214) - 0.233*max(0,X1+0.0463) + 0.229*max(0,-1.18-X22) + 0.225*max(0,X19-0.819) - 0.222*max(0,X45-1.30) - 0.217*max(0,-1.16-X4) - 0.205*max(0,X25-1.20) - 0.205*max(0,X23-0.309) - 0.196*max(0,X17-1.15) + 0.187*abs(X2) + 0.186*max(0,X20-1.20) - 0.183*max(0,-1.16-X16) + 0.171*max(0,X15-0.735) + 0.166*abs(X34) + 0.165*max(0,-0.617-X39) - 0.161*max(0,-1.01-X25) - 0.161*max(0,-0.942-X1) + 0.154*max(0,X22-0.743) - 0.153*max(0,-1.15-X48) - 0.148*max(0,-0.939-X43) + 0.147*max(0,X33-0.372) + 0.142*max(0,X40-0.462) + 0.141*abs(X43) + 0.140*max(0,-1.01-X42) - 0.136*max(0,X20-0.273) + 0.136*max(0,-0.697-X28) + 0.122*max(0,-1.08-X39) + 0.113*abs(X21) - 0.112*max(0,-0.472-X37) - 0.110*abs(X24) + 0.109*abs(X27) - 0.106*max(0,-0.473-X10) - 0.104*max(0,X46-1.31) + 0.0991*max(0,X29+0.00332) - 0.0957*abs(X47) - 0.0946*max(0,-1.12-X9) - 0.0916*max(0,-1.08-X32) - 0.0841*abs(X37) + 0.0826*max(0,-0.587-X14) - 0.0807*abs(X41) + 0.0764*max(0,-0.560-X33) - 0.0741*max(0,-0.571-X46) - 0.0739*max(0,-0.195-X24) - 0.0738*max(0,X29-1.34) + 0.0705*max(0,X31-1.41) - 0.0689*max(0,0.426-X41) - 0.0671*max(0,X9-0.290) - 0.0626*max(0,-0.997-X5) - 0.0610*max(0,X48-0.744) + 0.0602*abs(X36) - 0.0583*max(0,X11-1.31) - 0.0583*max(0,X39-1.24) - 0.0563*max(0,-0.707-X26) + 0.0548*max(0,X12-0.938) - 0.0534*max(0,-0.185-X38) + 0.0524*abs(X28) - 0.0512*max(0,-0.699-X4) + 0.0511*max(0,X2+0.105) + 0.0510*max(0,X15-0.273) - 0.0504*max(0,X6-0.875) - 0.0485*abs(X49) - 0.0480*max(0,1.13-X4) - 0.0479*abs(X6) + 0.0471*max(0,X21-0.246) - 0.0469*max(0,X17+0.663) + 0.0465*max(0,-0.958-X6) + 0.0463*max(0,X12-0.471) + 0.0462*max(0,X7-1.15) + 0.0459*max(0,X14+0.587) + 0.0435*max(0,-0.220-X16) - 0.0418*abs(X23) + 0.0408*max(0,-1.05-X19) + 0.0399*abs(X14) + 0.0378*abs(X19) - 0.0352*max(0,X8-0.390) + 0.0341*max(0,-1.13-X7) + 0.0336*max(0,-0.465-X11) + 0.0336*abs(X42) + 0.0318*max(0,0.429-X42) - 0.0318*max(0,0.315-X3) - 0.0303*max(0,-0.0383-X37) + 0.0295*max(0,0.471-X12) - 0.0288*max(0,X47+0.191) - 0.0248*max(0,X16+1.16) - 0.0243*max(0,X35-1.26) + 0.0242*max(0,0.273-X13) - 0.0233*max(0,X11-0.863) + 0.0231*max(0,-1.03-X33) + 0.0215*max(0,X10-0.411) - 0.0192*max(0,X49-0.312) + 0.0192*abs(X13) - 0.0178*max(0,X20+0.658) - 0.0153*max(0,0.274-X44) - 0.0149*max(0,0.758-X25) - 0.0144*abs(X48) - 0.0134*abs(X38) + 0.0123*abs(X30) + 0.0116*max(0,X5+0.0972) + 0.0110*max(0,0.00656-X36) + 0.0106*abs(X31) - 0.0104*max(0,0.892-X29) + 0.00855*abs(X35) + 0.00843*abs(X12) - 0.00814*max(0,X32+1.08) + 0.00804*max(0,-1.12-X17) + 0.00776*abs(X45) + 0.00603*max(0,0.350-X45) - 0.00227*abs(X9) + 0.00223*max(0,X30-1.36) + 0.00136*abs(X40) - 0.000873*max(0,-0.898-X29) - 0.000826*abs(X8) + 0.000331*max(0,0.743-X22) - 9.26e-5*max(0,X22+0.220)"
ffx,641_fri_c1_500_10,ok,0.643777,0.664595,1928,22.66,,"-0.218 - 98.0*max(0,X5-1.24) * max(0,X0-0.691) - 22.7*max(0,X1-0.203) * max(0,-0.373-X0) - 20.3*max(0,0.653-X1) * max(0,X0-0.691) - 15.1*max(0,X2-1.25) * max(0,-0.373-X0) + 11.9*max(0,X8-1.17) * max(0,X5-1.24) - 11.6*max(0,X2-1.25) * max(0,X8-1.17) + 9.41*max(0,0.653-X1) * max(0,X1-0.203) + 8.26*max(0,-0.628-X6) * max(0,X2-1.25) - 6.75*max(0,X2-1.25) * max(0,X5-1.24) + 5.85*max(0,-1.15-X1) * max(0,X5-1.24) - 5.84*max(0,X2-1.25) * max(0,-1.05-X3) + 4.48*max(0,X0-0.691) + 4.33*max(0,X2-1.25) * max(0,-0.0860-X9) + 4.24*max(0,-0.918-X7) * max(0,-1.05-X3) - 3.77*max(0,X8-1.17) * max(0,X0-0.691) - 3.54*max(0,-0.918-X7) * max(0,-1.15-X1) - 3.18*max(0,X8-1.17) * max(0,-1.05-X3) + 3.15*max(0,-0.918-X7) * max(0,-1.44-X0) - 2.75*max(0,X5-1.24) * max(0,-1.44-X0) - 2.62*max(0,X7-0.497) * max(0,X5-1.24) + 2.49*max(0,-0.628-X6) * max(0,-0.611-X4) + 2.41*max(0,-1.15-X1) * max(0,-1.05-X3) + 2.23*max(0,X5-1.24) * max(0,-0.373-X0) + 2.16*max(0,X1-0.203) * max(0,-1.05-X3) + 2.12*max(0,X1-0.203) * max(0,X8-1.17) - 2.08*max(0,-1.05-X3) * max(0,-0.373-X0) + 2.06*max(0,X1-0.653) + 2.04*max(0,X1-0.203) * max(0,X1-0.653) - 1.97*max(0,-0.611-X4) * max(0,-0.538-X9) - 1.94*max(0,-0.611-X4) * max(0,X1-0.653) - 1.76*max(0,X1+0.247) - 1.74*max(0,-0.918-X7) * max(0,X0-0.691) + 1.74*max(0,X7-0.497) * max(0,-1.05-X3) - 1.71*max(0,-0.538-X9) * max(0,X8-1.17) + 1.69*max(0,-0.918-X7) * max(0,X1-0.653) + 1.68*max(0,-0.918-X7) * max(0,-0.538-X9) - 1.66*max(0,X5-1.24) * max(0,-1.05-X3) - 1.51*max(0,-0.918-X7) * max(0,-0.0860-X9) - 1.49*max(0,-0.918-X7) * max(0,X2-1.25) - 1.49*max(0,-0.247-X1) - 1.42*max(0,-0.628-X6) * max(0,X5-1.24) + 1.37*max(0,-0.918-X7) * max(0,-0.611-X4) - 1.29*max(0,-0.905-X0) + 1.21*max(0,X2-1.25) * max(0,-0.611-X4) + 1.21*max(0,0.653-X1) - 1.20*max(0,-0.628-X6) * max(0,-0.918-X7) - 1.19*max(0,-1.10-X2) + 1.19*max(0,X7-0.497) * max(0,-1.44-X0) - 1.17*max(0,X0-0.691) * max(0,X1-0.653) - 1.15*max(0,-1.05-X3) * max(0,-1.44-X0) - 1.11*max(0,-0.176-X3) * max(0,X1-0.653) - 1.06*max(0,-0.144-X6) * max(0,-0.611-X4) + 1.05*max(0,-0.631-X2) + 1.02*max(0,-0.538-X9) * max(0,-1.05-X3) - 0.971*max(0,-0.144-X6) * max(0,-1.05-X3) + 0.943*max(0,-0.613-X3) * max(0,-0.698-X1) - 0.941*max(0,X0-1.22) - 0.938*max(0,X5-1.24) * max(0,-0.0860-X9) + 0.933*max(0,-0.918-X7) * max(0,0.653-X1) - 0.927*max(0,-0.918-X7) - 0.927*max(0,-0.613-X3) * max(0,-1.44-X0) - 0.913*max(0,X0+0.373) + 0.868*max(0,-1.04-X5) - 0.807*max(0,-0.0860-X9) * max(0,X0-0.691) + 0.805*max(0,-0.176-X3) * max(0,X0-0.691) + 0.797*max(0,-0.176-X3) * max(0,X8-1.17) + 0.751*max(0,-1.15-X1) * max(0,-0.373-X0) + 0.725*max(0,-0.628-X6) - 0.712*max(0,-0.176-X3) * max(0,-0.918-X7) - 0.681*max(0,X1-1.10) + 0.671*max(0,-0.611-X4) * max(0,X1-0.203) - 0.657*max(0,-0.176-X3) * max(0,X5-1.24) - 0.657*max(0,-0.628-X6) * max(0,-0.698-X1) + 0.619*max(0,-0.0860-X9) * max(0,-1.44-X0) - 0.603*max(0,-0.585-X5) + 0.594*max(0,X4-0.767) + 0.577*max(0,X2-1.25) * max(0,X0-0.691) - 0.557*max(0,-0.611-X4) * max(0,X5-1.24) - 0.551*max(0,X7-0.497) * max(0,X8-1.17) - 0.536*max(0,-0.611-X4) * max(0,X0-0.691) + 0.514*max(0,X5-1.24) * max(0,-0.698-X1) + 0.512*max(0,X2-0.779) - 0.468*max(0,-0.613-X3) * max(0,-1.05-X3) - 0.462*max(0,X4-1.23) + 0.461*max(0,X7-0.497) * max(0,X1-0.653) + 0.456*max(0,-1.44-X0) + 0.435*max(0,-0.538-X9) * max(0,-0.613-X3) + 0.428*max(0,-0.611-X4) * max(0,0.653-X1) + 0.422*max(0,-0.628-X6) * max(0,X8-1.17) - 0.420*max(0,X7-0.497) * max(0,-0.613-X3) + 0.410*max(0,-0.538-X9) * max(0,X1-0.203) + 0.402*max(0,X8-0.293) - 0.392*max(0,-0.611-X4) * max(0,-0.698-X1) - 0.372*max(0,-0.990-X9) + 0.353*max(0,-0.144-X6) * max(0,-1.15-X1) - 0.348*max(0,0.653-X1) * max(0,X5-1.24) + 0.343*max(0,X3-1.13) + 0.327*max(0,X5-0.784) - 0.296*max(0,X8-0.734) - 0.294*max(0,-0.144-X6) * max(0,X1-0.653) - 0.285*max(0,-0.152-X4) - 0.282*max(0,0.340-X6) - 0.278*max(0,-0.176-X3) * max(0,-0.0860-X9) - 0.273*max(0,-1.11-X6) + 0.266*max(0,-0.611-X4) - 0.260*max(0,X5-1.24) - 0.252*max(0,0.260-X3) + 0.236*max(0,-0.0860-X9) + 0.233*max(0,0.0252-X7) + 0.228*max(0,-0.129-X5) - 0.207*max(0,-0.918-X7) * max(0,-0.698-X1) + 0.197*max(0,-0.144-X6) * max(0,-0.373-X0) + 0.192*max(0,X7-0.497) * max(0,-0.0860-X9) - 0.178*max(0,X6-0.340) - 0.167*max(0,0.653-X1) * max(0,-0.373-X0) + 0.167*X3 - 0.166*max(0,-0.698-X1) + 0.166*max(0,X7-0.0252) - 0.161*max(0,X8-1.17) + 0.160*max(0,-0.176-X3) * max(0,-0.611-X4) - 0.152*max(0,-0.611-X4) * max(0,-0.373-X0) + 0.144*max(0,-0.628-X6) * max(0,-0.613-X3) + 0.143*max(0,X3+0.613) - 0.140*max(0,0.653-X1) * max(0,-0.698-X1) - 0.129*max(0,-0.628-X6) * max(0,X0-0.691) + 0.121*max(0,-0.446-X7) + 0.118*max(0,-0.611-X4) * max(0,-0.0860-X9) + 0.108*max(0,X9-0.818) - 0.102*max(0,-1.15-X1) * max(0,X8-1.17) - 0.0972*max(0,-0.144-X6) * max(0,X1-0.203) - 0.0954*max(0,X7-1.44) - 0.0931*max(0,-0.628-X6) * max(0,0.653-X1) - 0.0926*max(0,-0.176-X3) * max(0,-0.373-X0) - 0.0913*max(0,0.307-X4) + 0.0854*max(0,X3+0.176) + 0.0769*max(0,X5+0.129) - 0.0757*max(0,X2+1.10) - 0.0732*max(0,X9+0.538) + 0.0651*max(0,0.653-X1) * max(0,-0.613-X3) + 0.0630*max(0,-1.03-X8) + 0.0573*max(0,-0.176-X3) * max(0,0.653-X1) + 0.0515*max(0,X4+0.611) - 0.0467*max(0,-0.538-X9) * max(0,0.653-X1) - 0.0376*max(0,-0.144-X6) * max(0,0.653-X1) + 0.0317*max(0,-0.147-X8) - 0.0213*max(0,X7-0.968) + 0.0182*max(0,X7-0.497) * max(0,-0.698-X1) - 0.0170*max(0,X8-1.17) * max(0,-0.0860-X9) - 0.0149*max(0,-0.144-X6) * max(0,-0.0860-X9) + 0.0143*max(0,-0.144-X6) * max(0,-0.538-X9) + 0.00902*max(0,X5-0.328) - 0.00811*max(0,-0.538-X9) * max(0,-0.698-X1) + 0.00455*max(0,0.293-X8) - 0.00371*max(0,0.653-X1) * max(0,X8-1.17) + 0.000870*max(0,0.691-X0) + 0.000123*max(0,0.366-X9) + 0.000122*max(0,-0.611-X4) * max(0,-1.15-X1)"
ffx,643_fri_c2_500_25,ok,0.631479,0.602161,1398,28.8,,"1.20 + 22.6*max(0,X23-1.25) * max(0,X0-1.56) + 13.9*max(0,-1.17-X10) * max(0,X0-1.56) - 8.46*max(0,-1.16-X4) * max(0,X0-1.56) + 7.81*max(0,-1.16-X4) * max(0,X10-1.23) + 5.90*max(0,X20-1.25) * max(0,X16-0.747) - 5.84*max(0,X11-1.17) * max(0,X0-1.56) + 3.04*max(0,X16-0.747) * max(0,-1.35-X0) - 2.91*max(0,X20-1.25) * max(0,-1.17-X10) + 2.70*max(0,0.394-X0) * max(0,X1-0.373) - 2.49*max(0,X16-0.747) * max(0,X0-1.56) + 2.46*max(0,X0-0.975) + 2.06*max(0,X16-0.747) * max(0,X1-0.815) + 1.94*max(0,X10-0.752) * max(0,-1.35-X0) + 1.92*max(0,-1.16-X4) * max(0,X11-1.17) + 1.88*max(0,-1.16-X4) * max(0,X12-0.827) - 1.87*max(0,X20-1.25) * max(0,-0.725-X7) - 1.87*max(0,-1.19-X7) * max(0,X10-1.23) - 1.57*max(0,-0.511-X1) + 1.55*max(0,X0-0.394) * max(0,X1-0.815) + 1.53*max(0,X23-1.25) * max(0,X1-0.815) - 1.45*max(0,X16-0.747) * max(0,X12-0.827) - 1.44*max(0,-1.17-X10) * max(0,X23-1.25) + 1.38*max(0,-1.16-X4) * max(0,X10-0.752) - 1.32*max(0,X1+0.511) - 1.31*max(0,X0-1.56) * max(0,X1-0.815) - 1.26*max(0,X10-0.752) * max(0,X11-1.17) + 1.12*max(0,X9-1.24) * max(0,X1-0.815) - 1.11*max(0,X12-0.827) * max(0,X24-1.37) + 1.10*max(0,X12-0.827) * max(0,X1-0.815) - 1.06*max(0,X0+0.187) + 0.889*max(0,-0.725-X7) * max(0,X12-0.827) + 0.883*max(0,-1.16-X4) * max(0,X24-1.37) + 0.870*max(0,-1.16-X4) * max(0,-1.19-X7) + 0.857*max(0,X20-1.25) * max(0,-0.511-X1) - 0.838*max(0,X12-0.368) * max(0,X10-1.23) + 0.836*max(0,-0.569-X2) + 0.831*max(0,X0-0.394) * max(0,X1-0.373) - 0.816*max(0,X11-0.733) * max(0,-1.19-X7) + 0.804*max(0,X23-1.25) * max(0,X0-0.975) + 0.762*max(0,-1.17-X10) * max(0,X12-0.368) + 0.722*max(0,X10-1.23) * max(0,X0-0.975) + 0.697*max(0,X17-1.10) - 0.693*max(0,-1.19-X7) * max(0,X24-1.37) - 0.692*max(0,X20-1.25) - 0.609*max(0,X3-1.42) - 0.608*max(0,-1.16-X4) * max(0,X23-1.25) + 0.603*max(0,X14-1.27) - 0.565*max(0,-1.03-X3) - 0.541*max(0,X10-0.752) * max(0,X10-1.23) + 0.539*max(0,X3+0.538) + 0.537*max(0,X5-1.18) - 0.492*max(0,X24-0.905) * max(0,X16-0.747) + 0.488*max(0,-1.17-X10) * max(0,X11-1.17) + 0.482*max(0,X10-0.752) * max(0,X23-1.25) + 0.443*max(0,X12-0.827) * max(0,X0-0.975) + 0.430*max(0,X1-0.373) * max(0,X1-0.815) + 0.422*max(0,-1.00-X11) + 0.394*max(0,-1.19-X7) * max(0,X1-0.815) - 0.383*max(0,X10-1.23) - 0.365*max(0,X21-1.30) + 0.344*max(0,X10-0.752) * max(0,X0-0.975) - 0.343*abs(X0) - 0.333*max(0,-1.17-X10) * max(0,-1.16-X4) + 0.332*max(0,X2-1.33) - 0.329*max(0,X14-0.820) + 0.325*max(0,X12-1.29) - 0.323*max(0,-1.04-X15) + 0.315*max(0,X20-1.25) * max(0,X1-0.815) - 0.313*max(0,X24-0.905) * abs(X0) - 0.310*max(0,-0.686-X10) + 0.309*max(0,-0.975-X14) + 0.300*max(0,X15-1.35) + 0.295*max(0,X10-0.752) + 0.291*max(0,0.394-X0) * max(0,X12-0.827) - 0.279*max(0,-1.07-X5) + 0.276*max(0,-1.16-X4) * max(0,-0.511-X1) - 0.269*max(0,X24-0.905) * max(0,-1.17-X10) - 0.260*max(0,-1.19-X7) * abs(X0) - 0.255*max(0,-1.04-X13) + 0.252*max(0,X7-1.15) - 0.237*max(0,-0.693-X4) - 0.235*max(0,-0.725-X7) * max(0,-0.511-X1) - 0.226*max(0,X15-0.398) - 0.223*max(0,X10-0.752) * abs(X0) + 0.221*max(0,0.815-X1) + 0.195*max(0,X6-0.734) + 0.193*abs(X0) * max(0,X1-0.815) + 0.162*max(0,X24-0.443) - 0.162*max(0,-0.135-X11) - 0.161*max(0,-1.16-X19) - 0.157*max(0,0.710-X4) - 0.143*abs(X12) + 0.130*max(0,X1-0.815) - 0.126*max(0,0.276-X20) - 0.125*max(0,-1.12-X18) + 0.123*max(0,X20-1.25) * max(0,X11-1.17) - 0.119*max(0,X12-0.368) * max(0,X1-0.373) - 0.119*max(0,X3-0.441) - 0.117*max(0,X16-0.284) + 0.103*max(0,-1.01-X21) - 0.103*max(0,X23+0.0794) - 0.0963*max(0,X5+0.621) - 0.0890*max(0,X6-1.21) + 0.0884*max(0,-0.227-X6) - 0.0876*max(0,-0.643-X16) - 0.0845*max(0,X12-0.368) * abs(X0) + 0.0808*max(0,X21-0.836) - 0.0791*max(0,X5-0.727) + 0.0782*max(0,1.33-X2) - 0.0739*max(0,X7-0.684) - 0.0730*max(0,X11-0.733) - 0.0716*max(0,X18-0.723) - 0.0714*max(0,X10-0.273) + 0.0602*abs(X24) - 0.0574*max(0,-1.16-X4) * max(0,X1-0.373) + 0.0570*max(0,X13-1.44) - 0.0524*max(0,-1.19-X6) + 0.0493*max(0,X13-0.448) - 0.0472*abs(X0) * max(0,X16-0.747) - 0.0469*max(0,-0.937-X22) - 0.0466*max(0,X20+0.210) + 0.0423*max(0,X4-1.18) - 0.0418*max(0,X20-1.25) * max(0,X24-0.905) - 0.0396*max(0,X19-0.709) - 0.0388*max(0,X12-0.368) + 0.0381*abs(X21) + 0.0375*abs(X22) + 0.0352*max(0,X24-0.905) * max(0,-1.35-X0) - 0.0346*max(0,-0.523-X23) - 0.0342*max(0,X9-0.793) - 0.0290*max(0,X9+0.546) - 0.0273*max(0,0.836-X21) - 0.0269*max(0,X11-0.733) * abs(X0) - 0.0262*max(0,X17+0.718) - 0.0262*max(0,-1.19-X7) * max(0,X16-0.747) + 0.0247*abs(X13) + 0.0194*max(0,0.649-X17) + 0.0164*max(0,-0.557-X15) + 0.0146*max(0,X24-0.905) * max(0,X23-1.25) - 0.0110*max(0,X8-0.300) + 0.00857*max(0,0.214-X7) - 0.00535*max(0,-1.17-X17) - 0.00368*abs(X2) + 0.00351*max(0,-0.144-X8) - 0.00176*abs(X14)"
ffx,644_fri_c4_250_25,ok,-0.136365,0.957659,1398,24.21,,"0.676 + 43.6*max(0,-1.05-X6) * max(0,X0-1.50) + 25.9*max(0,X8-1.26) * max(0,X3-1.31) + 11.1*max(0,X16-1.31) * max(0,X24-1.42) + 11.1*max(0,X3-1.31) * max(0,X15-1.34) - 9.21*max(0,-1.05-X6) * max(0,X18-1.33) - 7.69*max(0,X17-1.15) * max(0,X3-1.31) - 7.23*max(0,X17-1.15) * max(0,X0-0.894) - 5.84*max(0,-1.05-X6) * max(0,X0-0.894) - 5.72*max(0,X24-1.42) * max(0,X1-0.805) + 5.49*max(0,-0.941-X2) * max(0,X1-0.805) - 5.36*max(0,X16-1.31) * max(0,X6-0.728) + 4.71*max(0,X17-1.15) * max(0,X18-1.33) - 4.03*max(0,X8-1.26) * max(0,X18-1.33) - 3.61*max(0,X8-0.368) * max(0,X0-1.50) - 3.58*max(0,-0.920-X0) * max(0,-1.05-X6) + 3.24*max(0,X17-1.15) * max(0,X6-0.728) + 3.18*max(0,-0.941-X2) * max(0,X0-0.894) - 2.83*max(0,X3-1.31) * max(0,X24-1.42) - 2.61*max(0,-0.920-X0) * max(0,X18-1.33) - 2.57*max(0,-0.920-X0) * max(0,X3-1.31) - 2.44*max(0,X17-1.15) * max(0,-1.05-X6) + 2.18*max(0,X1+0.140) * max(0,X0-0.894) + 1.96*max(0,-1.05-X6) * max(0,X15-1.34) - 1.81*max(0,X16-1.31) * max(0,X0-1.50) + 1.80*max(0,X8-0.368) * max(0,X3-1.31) - 1.78*max(0,-0.920-X0) * max(0,X17-1.15) + 1.62*max(0,X4-1.86) * max(0,X8-0.816) + 1.56*max(0,X1+0.140) * max(0,X1-0.805) + 1.52*max(0,X8-0.816) * max(0,X1-0.805) - 1.49*max(0,X10-1.31) * max(0,X0-0.894) - 1.33*max(0,X1+0.140) + 1.32*max(0,X8-1.26) * max(0,X6-0.728) + 1.29*max(0,X10-0.850) * max(0,X15-1.34) + 1.26*max(0,X4-1.86) * max(0,-1.05-X6) - 1.26*max(0,X8-0.368) * max(0,X17-1.15) + 1.18*max(0,X3-1.31) + 1.10*max(0,X8-1.26) * max(0,X1-0.805) - 1.03*max(0,X3-1.31) * max(0,X10-1.31) - 1.01*max(0,X0+0.316) - 0.995*max(0,X0-1.50) * max(0,X1-0.805) + 0.988*max(0,X17-1.15) * max(0,X1+0.140) + 0.871*max(0,X5-0.814) * max(0,X18-1.33) - 0.774*max(0,-0.613-X1) + 0.762*max(0,X5-0.814) * max(0,X17-1.15) - 0.717*max(0,-0.920-X0) * max(0,X8-1.26) - 0.689*max(0,X1+0.140) * max(0,X18-1.33) - 0.663*max(0,-0.920-X0) + 0.650*max(0,X8-0.368) * max(0,X15-1.34) - 0.645*max(0,X8-0.368) * max(0,X1+0.140) + 0.633*max(0,-1.05-X6) * max(0,X24-0.959) + 0.531*max(0,X8-1.26) * max(0,-1.05-X6) - 0.504*max(0,X17-1.15) + 0.493*max(0,X19-1.14) + 0.386*max(0,-0.897-X18) - 0.369*max(0,X8-0.368) * max(0,X1-0.805) + 0.351*max(0,X15-1.34) - 0.347*max(0,X1+0.140) * max(0,X10-1.31) + 0.341*max(0,X22-1.28) + 0.319*max(0,X8-0.816) - 0.314*max(0,-0.946-X9) - 0.312*max(0,X16-1.31) + 0.305*max(0,X4-0.317) + 0.303*max(0,X24-0.959) * max(0,X1-0.805) + 0.299*max(0,X14-1.28) + 0.293*max(0,-1.53-X0) - 0.291*max(0,X10-1.31) * max(0,X18-1.33) - 0.286*max(0,X6-0.728) + 0.284*max(0,0.397-X2) - 0.277*max(0,-1.12-X7) + 0.270*max(0,X18-0.886) - 0.264*max(0,X1+0.140) * max(0,-1.05-X6) - 0.243*max(0,X13-1.40) + 0.240*max(0,-0.876-X24) - 0.234*max(0,X20-0.751) - 0.212*max(0,-1.20-X17) - 0.208*max(0,-0.941-X2) * max(0,X18-1.33) - 0.206*max(0,X5-0.814) * max(0,X15-1.34) - 0.202*max(0,-1.12-X16) + 0.198*max(0,X24-0.959) - 0.196*max(0,-0.0263-X3) - 0.192*max(0,0.863-X3) + 0.192*max(0,-0.669-X11) + 0.190*max(0,X0-0.894) * max(0,X1-0.805) - 0.187*max(0,-1.05-X6) + 0.178*max(0,X21-0.903) - 0.171*max(0,X15-0.871) + 0.157*max(0,-0.990-X15) + 0.155*max(0,0.176-X5) + 0.150*max(0,-0.976-X8) + 0.148*max(0,X7-0.649) + 0.138*max(0,X1+0.140) * max(0,X3-1.31) - 0.138*max(0,-0.0800-X8) - 0.136*max(0,X6-1.17) * max(0,X1+0.140) - 0.131*max(0,X13-0.944) + 0.131*max(0,-0.920-X0) * max(0,X6-1.17) + 0.127*max(0,X1+0.140) * max(0,X15-1.34) + 0.125*max(0,X3+0.471) + 0.124*max(0,X10-1.31) * max(0,X10-0.850) - 0.123*max(0,-0.511-X12) + 0.122*max(0,X8-0.816) * max(0,X0-0.894) + 0.109*max(0,X6-0.728) * max(0,X0-0.894) + 0.106*max(0,-0.971-X22) - 0.0794*max(0,X16-1.31) * max(0,X1+0.140) + 0.0749*max(0,X20+0.148) + 0.0733*max(0,-0.894-X13) + 0.0726*max(0,-1.10-X5) - 0.0685*max(0,-0.00574-X18) + 0.0674*max(0,X17+0.261) + 0.0651*max(0,X17-1.15) * max(0,X1-0.805) - 0.0642*max(0,X12-0.894) + 0.0614*max(0,X3+0.916) + 0.0601*max(0,X2-0.397) - 0.0529*max(0,-0.136-X19) - 0.0457*max(0,X22+0.971) + 0.0449*max(0,X10-0.395) - 0.0410*max(0,-1.05-X20) + 0.0408*max(0,X21-1.38) - 0.0406*max(0,X6-1.17) * max(0,X10-0.850) + 0.0352*max(0,X13-0.0250) - 0.0330*max(0,-0.650-X23) - 0.0273*max(0,X10-0.850) * max(0,X1-0.805) - 0.0270*max(0,X1+0.140) * max(0,X6-0.728) + 0.0260*max(0,0.421-X21) - 0.0224*max(0,X14+0.151) + 0.0217*max(0,X5-0.176) - 0.0210*max(0,X11-0.706) + 0.0187*max(0,0.334-X16) + 0.0141*max(0,-0.0593-X15) - 0.0103*max(0,X24+0.417) + 0.0101*max(0,X8-1.26) * max(0,X10-1.31) + 0.0101*max(0,X11+0.211) - 0.00895*max(0,0.426-X12) - 0.00384*max(0,X23-0.721) - 0.00203*max(0,-0.560-X19)"
ffx,645_fri_c3_500_50,ok,0.453069,0.581201,1013,29.74,,"0.717 + 3.85*max(0,X1-0.944) + 3.08*max(0,X0-0.991) - 1.61*max(0,X42-1.31) + 1.04*max(0,X2-2.20) - 1.02*max(0,X0+0.135) - 0.998*abs(X1) - 0.933*max(0,X16-1.26) - 0.905*max(0,X14-1.28) + 0.889*max(0,-0.802-X2) + 0.635*max(0,X2-1.60) + 0.609*max(0,X32-1.26) - 0.568*max(0,-1.06-X37) + 0.566*max(0,-0.990-X34) - 0.560*max(0,-0.699-X0) - 0.558*max(0,X5-1.26) - 0.551*max(0,-1.14-X11) - 0.549*max(0,-1.03-X3) - 0.543*max(0,X1+0.521) + 0.503*max(0,-1.03-X16) - 0.489*max(0,X22-1.29) + 0.409*max(0,X1-1.43) - 0.351*max(0,-0.977-X31) - 0.350*max(0,-0.952-X46) + 0.349*max(0,0.944-X1) + 0.300*max(0,X49-1.31) - 0.296*abs(X0) + 0.289*max(0,X19-1.34) - 0.283*max(0,X6-1.20) - 0.264*max(0,-0.981-X42) + 0.257*max(0,X3+0.538) - 0.254*max(0,0.436-X3) + 0.245*max(0,X28-1.35) - 0.234*max(0,X25-1.16) - 0.224*max(0,X10-1.02) - 0.219*max(0,X34-0.889) - 0.217*max(0,-0.923-X48) - 0.214*max(0,-1.05-X28) - 0.206*max(0,X23-1.33) + 0.205*max(0,X33-1.23) - 0.197*max(0,X29-1.33) - 0.192*max(0,X26-0.860) + 0.191*max(0,-0.559-X49) - 0.190*max(0,X9-1.54) + 0.183*max(0,0.473-X46) + 0.174*max(0,X44-0.884) + 0.172*max(0,X35-0.439) - 0.164*max(0,X31-0.799) - 0.160*max(0,X34-1.36) + 0.148*abs(X10) + 0.147*max(0,-0.561-X20) - 0.146*max(0,X12+0.0573) + 0.142*max(0,-0.910-X15) + 0.137*max(0,-1.05-X7) + 0.136*max(0,-1.02-X20) - 0.135*max(0,X40-0.295) - 0.134*max(0,-0.992-X5) - 0.133*max(0,0.404-X29) + 0.133*max(0,X38-1.15) + 0.131*max(0,X22-0.406) + 0.128*max(0,-0.495-X23) + 0.127*max(0,-0.921-X43) - 0.127*max(0,-0.946-X35) + 0.126*max(0,X16+0.570) - 0.125*max(0,X7-0.700) - 0.122*max(0,-0.953-X12) - 0.119*max(0,X43-0.850) + 0.119*max(0,X48-1.17) - 0.112*max(0,X10-1.51) + 0.110*max(0,0.396-X44) + 0.109*abs(X46) - 0.107*max(0,-0.982-X29) + 0.105*max(0,-0.884-X30) - 0.104*max(0,1.09-X9) + 0.102*max(0,0.254-X11) - 0.102*max(0,-1.10-X13) + 0.101*max(0,X40-1.22) - 0.100*max(0,X36+0.158) - 0.0993*max(0,X47-1.28) + 0.0978*max(0,X15+0.477) + 0.0976*max(0,X4-1.47) + 0.0966*abs(X24) + 0.0940*abs(X31) - 0.0921*max(0,0.752-X45) - 0.0918*max(0,X9-1.09) - 0.0898*max(0,X36-1.19) - 0.0881*max(0,1.28-X14) + 0.0877*max(0,-0.438-X30) - 0.0874*max(0,-1.01-X19) + 0.0866*abs(X26) + 0.0864*max(0,-0.734-X9) + 0.0852*max(0,-0.986-X33) - 0.0847*max(0,-0.922-X22) + 0.0845*max(0,-0.556-X26) - 0.0842*max(0,-0.519-X41) - 0.0800*abs(X38) - 0.0764*max(0,X37+0.130) + 0.0700*max(0,X31-1.24) - 0.0676*max(0,X44+0.0913) + 0.0654*max(0,X30+0.438) - 0.0632*max(0,-0.133-X21) + 0.0623*abs(X27) + 0.0589*max(0,1.26-X32) - 0.0569*max(0,X33-0.346) - 0.0561*max(0,-0.542-X5) + 0.0542*abs(X28) + 0.0505*max(0,0.420-X23) + 0.0484*abs(X23) + 0.0481*max(0,-0.210-X11) - 0.0447*max(0,1.36-X35) - 0.0440*max(0,0.353-X17) + 0.0428*max(0,-1.01-X8) - 0.0402*max(0,-0.140-X39) - 0.0389*max(0,-0.0512-X3) + 0.0351*max(0,X24+0.128) - 0.0348*abs(X25) - 0.0313*abs(X36) + 0.0312*max(0,-0.983-X32) - 0.0303*max(0,X37-0.800) - 0.0282*max(0,-0.110-X17) - 0.0274*max(0,0.678-X25) - 0.0273*max(0,X37+0.594) + 0.0267*max(0,X24+0.543) + 0.0248*max(0,0.0456-X10) - 0.0246*abs(X7) - 0.0241*max(0,X13-0.818) - 0.0208*max(0,X41-1.28) + 0.0206*abs(X20) + 0.0201*max(0,X27-1.13) + 0.0187*max(0,X14-0.351) - 0.0177*max(0,X38-0.721) - 0.0170*max(0,X11+1.14) - 0.0162*max(0,X3-1.41) + 0.0133*max(0,X21+0.989) + 0.0122*abs(X42) + 0.0119*max(0,X39+1.06) - 0.0118*max(0,X6+0.601) + 0.0117*max(0,0.396-X42) + 0.0103*max(0,X46-1.42) - 0.00846*max(0,1.28-X47) + 0.00836*max(0,0.229-X27) - 0.00780*max(0,0.752-X48) - 0.00748*max(0,X45-0.752) - 0.00634*max(0,X5+0.542) - 0.00274*abs(X17) + 0.00273*max(0,0.756-X40) - 0.000868*abs(X8) - 0.000400*max(0,X45-1.24)"
ffx,646_fri_c3_500_10,ok,-0.051455,0.836024,1642,18.78,,"0.138 - 24.2*max(0,X2-1.54) * max(0,X0-1.63) + 17.8*max(0,X1-0.182) * max(0,-0.212-X0) - 11.8*max(0,0.638-X1) * max(0,X0-1.01) - 11.0*max(0,X5-0.738) * max(0,X0-1.63) + 9.39*max(0,X7-1.11) * max(0,X5-1.17) + 7.18*max(0,X5-1.17) * max(0,X1-0.638) - 5.91*max(0,X7-1.11) * max(0,X3-0.866) + 5.53*max(0,X7-1.11) * max(0,X1-0.638) - 5.14*max(0,X7-1.11) * max(0,X0-0.401) - 4.95*max(0,X7-0.672) * max(0,X0-1.63) - 4.77*max(0,X0-0.401) * max(0,X5-1.17) + 4.34*max(0,0.275-X4) * max(0,X0-1.63) - 3.89*max(0,X4-2.12) + 3.32*max(0,X2-2.17) * max(0,X1-0.638) - 3.20*max(0,X1-0.182) * max(0,0.638-X1) + 3.14*max(0,X0-0.401) * max(0,X1-0.638) + 3.04*max(0,X3-0.866) * max(0,X5-1.17) - 3.01*max(0,0.401-X0) * max(0,X1-0.638) + 2.96*max(0,X0-1.01) * max(0,X2-2.17) + 2.90*max(0,X7-0.672) * max(0,X0-1.01) - 2.78*max(0,0.638-X1) * max(0,X0-0.401) + 2.74*max(0,-1.44-X0) * max(0,X5-0.738) + 2.64*max(0,X4-2.73) * max(0,X1-0.638) + 2.62*max(0,X0-0.401) * max(0,X2-2.17) - 2.57*max(0,X0+0.212) * max(0,X5-1.17) - 2.45*max(0,-0.632-X7) * max(0,X5-1.17) - 2.13*max(0,X0-1.01) * max(0,X1-0.638) + 2.07*max(0,X1-0.182) * max(0,X1-0.638) + 1.87*max(0,X0+0.212) * max(0,-0.274-X1) - 1.74*max(0,X1-1.09) - 1.71*max(0,-0.632-X7) * max(0,X0-1.01) + 1.57*max(0,X3-0.866) * max(0,X0-0.401) + 1.52*max(0,-0.826-X0) * max(0,-1.44-X0) + 1.51*max(0,0.638-X1) * max(0,X7-1.11) + 1.47*max(0,X2-1.54) * max(0,0.401-X0) - 1.40*max(0,X2-1.54) * max(0,X5-0.738) - 1.39*max(0,-1.44-X0) * max(0,-0.632-X7) + 1.39*max(0,0.275-X4) * max(0,X1-0.638) - 1.32*max(0,X0-1.63) - 1.30*max(0,X7-0.672) * max(0,X1-0.638) - 1.24*max(0,-1.44-X0) + 1.23*max(0,X3-0.866) * max(0,X2-2.17) - 1.09*max(0,-0.274-X1) * max(0,X3-0.866) + 1.05*max(0,-1.44-X0) * max(0,X7-1.11) - 1.04*max(0,X1+0.274) + 1.01*max(0,X0+0.212) * max(0,X3-0.866) + 1.00*max(0,X1-0.182) * max(0,X7-1.11) - 0.960*max(0,-0.826-X0) - 0.914*max(0,X1-0.182) * max(0,X0-1.01) - 0.898*max(0,X2-1.54) * max(0,X3-0.866) - 0.888*max(0,0.638-X1) * max(0,X5-1.17) + 0.863*max(0,X7-0.672) * max(0,X5-1.17) - 0.807*max(0,X7-0.672) * max(0,X7-1.11) + 0.807*max(0,0.275-X4) * max(0,X5-0.738) + 0.805*max(0,0.638-X1) * max(0,X3-0.866) + 0.777*max(0,X0+0.212) * max(0,X0-0.401) + 0.739*max(0,-0.632-X7) * max(0,X0-0.401) + 0.732*max(0,X0-1.01) + 0.724*max(0,X5-0.738) * max(0,X0-0.401) - 0.719*max(0,X1-0.182) * max(0,X3-0.866) - 0.680*max(0,X4-1.50) - 0.674*max(0,X7-0.672) * max(0,-0.274-X1) + 0.655*max(0,-0.826-X0) * max(0,-0.632-X7) - 0.653*max(0,X1-0.182) - 0.600*max(0,X0+0.212) * max(0,0.275-X4) + 0.578*max(0,0.401-X0) + 0.568*max(0,-0.632-X7) * max(0,X5-0.738) + 0.542*max(0,X1-0.182) * max(0,0.401-X0) - 0.485*max(0,X1-0.182) * max(0,-0.632-X7) + 0.474*max(0,X4-0.889) + 0.465*max(0,0.638-X1) - 0.460*max(0,X0+0.212) - 0.429*max(0,X5-0.738) * max(0,X1-0.638) - 0.417*max(0,0.419-X3) - 0.407*max(0,-0.731-X1) - 0.398*max(0,-0.212-X0) + 0.392*max(0,X0+0.212) * max(0,0.401-X0) - 0.360*max(0,X1-0.182) * max(0,0.275-X4) + 0.355*max(0,X9-1.32) - 0.328*max(0,-0.339-X4) - 0.326*max(0,-0.212-X0) * max(0,X5-1.17) + 0.314*max(0,X3-0.866) * max(0,X0-1.01) - 0.313*max(0,0.275-X4) * max(0,-0.274-X1) - 0.310*max(0,0.401-X0) * max(0,-0.274-X1) + 0.302*max(0,0.263-X2) - 0.296*max(0,0.275-X4) * max(0,X7-1.11) + 0.277*max(0,-0.826-X0) * max(0,-0.274-X1) + 0.261*max(0,X4-2.73) * max(0,X3-0.866) - 0.242*max(0,X7-0.672) * max(0,X3-0.866) + 0.236*max(0,X8-0.790) - 0.224*max(0,X0+0.212) * max(0,0.638-X1) - 0.218*max(0,X8-0.346) + 0.213*max(0,-0.375-X2) - 0.213*max(0,0.638-X1) * max(0,X5-0.738) + 0.199*max(0,-0.826-X0) * max(0,0.275-X4) + 0.176*max(0,-0.212-X0) * max(0,X3-0.866) - 0.174*max(0,X6-1.28) + 0.170*max(0,-0.619-X9) + 0.166*max(0,-1.01-X2) - 0.161*max(0,0.275-X4) * max(0,X0-1.01) - 0.155*max(0,0.275-X4) * max(0,X3-0.866) - 0.151*max(0,-0.632-X7) * max(0,X3-0.866) + 0.145*max(0,X9-0.348) - 0.134*max(0,X5+0.128) - 0.130*max(0,-0.925-X3) - 0.128*max(0,X0+0.212) * max(0,X0-1.63) - 0.120*max(0,-1.10-X9) + 0.116*max(0,-0.826-X0) * max(0,-0.212-X0) - 0.108*max(0,-0.274-X1) - 0.107*max(0,-0.994-X5) - 0.105*max(0,0.401-X0) * max(0,-0.632-X7) - 0.100*max(0,0.401-X0) * max(0,X7-1.11) + 0.0986*X2**2 - 0.0961*max(0,0.346-X8) + 0.0858*max(0,X7-0.672) + 0.0852*max(0,X7-0.672) * max(0,-0.212-X0) - 0.0850*max(0,X7-0.672) * max(0,0.275-X4) - 0.0827*max(0,0.638-X1) * max(0,-0.212-X0) + 0.0790*max(0,-0.541-X8) - 0.0751*max(0,X7-0.237) - 0.0743*max(0,0.275-X4) * max(0,X5-1.17) - 0.0736*X9**2 + 0.0722*max(0,X3+0.0293) + 0.0675*max(0,X2-0.263) - 0.0651*max(0,-1.07-X7) + 0.0647*max(0,X5-0.738) + 0.0605*X8**2 + 0.0488*max(0,-0.826-X0) * max(0,X5-0.738) + 0.0487*max(0,X2-1.54) * max(0,X1-0.638) + 0.0421*max(0,X0+0.212) * max(0,-0.632-X7) - 0.0418*max(0,X9-0.832) + 0.0345*max(0,0.348-X9) + 0.0295*max(0,-1.19-X1) + 0.0261*max(0,X3-0.866) * max(0,X0-1.63) - 0.0260*max(0,0.275-X4) + 0.0225*max(0,-0.992-X6) - 0.0215*max(0,-1.44-X0) * max(0,-0.274-X1) + 0.0214*max(0,-0.197-X7) + 0.0123*max(0,X8+0.0977) + 0.0111*max(0,0.275-X4) * max(0,-0.212-X0) - 0.00975*max(0,-0.128-X5) - 0.00874*max(0,-0.0824-X6) - 0.00745*max(0,-1.44-X0) * max(0,0.638-X1) - 0.00586*max(0,0.638-X1) * max(0,-0.274-X1) - 0.00502*max(0,-0.212-X0) * max(0,0.401-X0) + 0.00129*max(0,X6-0.827) + 0.00109*max(0,-0.632-X7) * max(0,-0.274-X1)"
ffx,647_fri_c1_250_10,ok,0.903628,0.305104,1642,17.92,,"0.811 + 164*max(0,-0.169-X0) * max(0,X1-0.261) - 20.5*max(0,-1.07-X9) * max(0,X0-1.40) - 19.9*max(0,X1-1.13) * max(0,X0-1.40) + 18.1*max(0,-0.596-X5) * max(0,X0-1.40) + 11.5*max(0,-0.608-X1) * max(0,X0+0.169) - 8.28*max(0,0.353-X0) * max(0,X1-1.13) - 5.18*max(0,-1.07-X9) * max(0,-1.21-X0) - 4.48*max(0,0.696-X1) * max(0,X0-0.875) + 3.76*max(0,-1.21-X0) * max(0,-1.04-X5) - 3.60*max(0,X7-0.325) * max(0,X0-1.40) + 3.00*max(0,X0-1.40) + 2.95*max(0,X0+0.169) * max(0,X1-0.696) + 2.51*max(0,-1.07-X9) * max(0,X8-1.34) + 2.31*max(0,X7-0.325) * max(0,X1-1.13) - 2.22*max(0,X1-1.13) * max(0,X0-0.875) + 2.07*max(0,X4-1.17) * max(0,-1.07-X9) - 1.77*max(0,X0-0.353) * max(0,0.696-X1) - 1.75*max(0,0.353-X0) * max(0,X1-0.696) - 1.53*max(0,-0.608-X1) * max(0,-1.04-X5) + 1.53*max(0,-1.21-X0) * max(0,X8-1.34) - 1.47*max(0,X1+0.173) + 1.42*max(0,X0-0.875) - 1.24*max(0,X0+0.169) + 1.17*max(0,0.696-X1) * max(0,-1.04-X5) - 1.13*max(0,X1-1.13) * max(0,-1.04-X5) + 1.07*max(0,X0-0.353) * max(0,-1.04-X5) - 0.989*max(0,X4-1.17) * max(0,-0.605-X6) - 0.981*max(0,-0.605-X6) * max(0,-1.04-X5) + 0.967*max(0,X0-0.353) * max(0,X1-0.261) - 0.932*max(0,0.696-X1) * max(0,X1-0.261) + 0.910*max(0,X4-1.17) - 0.873*max(0,X7-0.325) * max(0,X1-0.696) - 0.822*max(0,X7-0.325) * max(0,-1.04-X5) + 0.807*max(0,-0.605-X6) * max(0,-0.596-X5) - 0.766*max(0,X1-0.261) - 0.720*max(0,X0-0.353) * max(0,X1-1.13) - 0.682*max(0,X4-1.17) * max(0,-0.159-X9) + 0.656*max(0,-0.605-X6) * max(0,X1-1.13) - 0.633*max(0,-0.596-X5) - 0.596*max(0,X4-1.17) * max(0,X0-0.875) + 0.549*max(0,-1.21-X0) * max(0,-0.614-X9) - 0.543*max(0,-0.691-X0) + 0.530*max(0,X7-0.325) * max(0,X0-0.353) - 0.524*max(0,-0.605-X6) * max(0,X0+0.169) + 0.518*max(0,X3-1.18) - 0.498*max(0,-0.608-X1) * max(0,-1.07-X9) + 0.496*max(0,X4-1.17) * max(0,-1.04-X5) - 0.496*max(0,X4-1.17) * max(0,-0.169-X0) + 0.482*max(0,X0-0.353) * max(0,-0.605-X6) + 0.482*max(0,-0.596-X5) * max(0,X8-1.34) + 0.481*max(0,X9-1.21) - 0.480*max(0,-0.605-X6) * max(0,-1.07-X9) - 0.468*max(0,X4-1.17) * max(0,X0-1.40) + 0.434*max(0,-0.605-X6) * max(0,X0-0.875) + 0.426*max(0,-0.605-X6) * max(0,-1.21-X0) + 0.422*max(0,-0.608-X1) * max(0,-1.21-X0) + 0.420*max(0,X8-1.34) * max(0,-0.169-X0) + 0.394*max(0,X6-1.28) + 0.391*max(0,X7-0.325) * max(0,-0.608-X1) - 0.382*max(0,X9-0.752) - 0.378*max(0,-0.596-X5) * max(0,-0.169-X0) - 0.372*max(0,-0.608-X1) - 0.370*max(0,0.278-X3) - 0.368*max(0,X7-0.325) * max(0,-0.169-X0) + 0.331*max(0,X0-0.353) * max(0,-0.596-X5) - 0.328*max(0,X1-1.13) * max(0,-0.159-X9) - 0.311*max(0,-0.605-X6) * max(0,-0.169-X0) - 0.305*max(0,-1.07-X9) * max(0,X0-0.875) - 0.304*max(0,-0.608-X1) * max(0,-0.596-X5) + 0.290*max(0,-0.951-X8) - 0.262*max(0,X0+0.169) * max(0,-0.614-X9) - 0.260*max(0,0.353-X0) * max(0,X1-0.261) + 0.253*max(0,-0.605-X6) * max(0,X0-1.40) + 0.251*max(0,-0.444-X2) - 0.250*max(0,X8-1.34) + 0.245*max(0,-1.02-X7) + 0.243*max(0,X7-0.325) * max(0,-0.596-X5) - 0.242*max(0,X5-1.18) - 0.241*max(0,-0.173-X1) + 0.240*max(0,-0.608-X1) * max(0,-0.159-X9) + 0.236*max(0,-0.605-X6) * max(0,-0.159-X9) - 0.230*max(0,-1.11-X4) + 0.229*max(0,-0.596-X5) * max(0,-1.21-X0) + 0.224*max(0,X7-0.325) * max(0,-1.21-X0) - 0.213*max(0,X7-0.325) * max(0,X4-1.17) - 0.207*max(0,X7-1.22) - 0.200*max(0,X4-1.17) * max(0,X0+0.169) + 0.195*max(0,X2-1.38) + 0.193*max(0,X0+0.169) * max(0,X0-0.875) + 0.184*max(0,X5-0.290) + 0.177*max(0,X4+0.656) + 0.173*max(0,-0.153-X5) - 0.159*max(0,-0.569-X7) + 0.155*max(0,X0-0.353) * max(0,-0.159-X9) + 0.153*max(0,-0.605-X6) * max(0,X1-0.696) + 0.144*max(0,X1-0.261) * max(0,X1-0.696) + 0.142*X2**2 + 0.133*max(0,X3+0.170) - 0.123*max(0,-0.608-X1) * max(0,0.696-X1) - 0.118*max(0,0.258-X4) - 0.112*max(0,X6+0.134) - 0.111*max(0,-1.04-X5) * max(0,-0.169-X0) - 0.110*max(0,X0+0.169) * max(0,X8-1.34) + 0.108*max(0,-1.08-X6) - 0.104*max(0,-0.159-X9) * max(0,-0.169-X0) - 0.103*max(0,X2-0.922) + 0.103*max(0,X1-0.696) + 0.0894*max(0,-1.04-X5) * max(0,-0.159-X9) + 0.0863*max(0,-0.159-X9) * max(0,X1-0.696) + 0.0855*max(0,X7-0.325) * max(0,X8-1.34) - 0.0828*max(0,-0.0352-X8) + 0.0791*max(0,X4-1.17) * max(0,X1-0.696) - 0.0780*max(0,X5-0.733) + 0.0761*max(0,-0.605-X6) * max(0,-0.608-X1) + 0.0720*max(0,X3-0.727) + 0.0691*max(0,0.353-X0) + 0.0559*max(0,X3+1.07) + 0.0545*max(0,X2-0.0115) - 0.0476*max(0,-0.614-X9) * max(0,X1-0.261) + 0.0468*max(0,X7-0.325) + 0.0400*max(0,-0.596-X5) * max(0,-0.159-X9) - 0.0388*max(0,X0-1.40) * max(0,X1-0.696) - 0.0356*max(0,X7+0.122) + 0.0337*max(0,-1.07-X3) + 0.0297*max(0,0.0115-X2) + 0.0250*max(0,-0.619-X3) - 0.0224*max(0,0.297-X9) + 0.0221*max(0,X5+0.153) - 0.0204*max(0,X4-1.17) * max(0,X0-0.353) + 0.0176*max(0,X9+0.159) - 0.00486*max(0,0.696-X1) * max(0,-0.169-X0) + 0.00172*max(0,X0-0.353) * max(0,X0+0.169) + 0.000776*max(0,0.353-X0) * max(0,X8-1.34)"
ffx,648_fri_c1_250_50,ok,0.852686,0.38182,1398,39.67,,"1.19 - 60.5*max(0,X29-1.25) * max(0,X0-1.42) + 58.1*max(0,-0.692-X0) * max(0,X1+0.0964) - 44.7*max(0,-0.978-X41) * max(0,X0-1.42) + 10.2*max(0,-1.17-X2) * max(0,X39-1.23) + 9.85*max(0,-1.01-X4) * max(0,X1-1.21) - 8.11*max(0,-1.01-X4) * max(0,X22-1.18) + 4.50*max(0,X29-1.25) * max(0,X38-1.13) - 4.37*max(0,X0-1.42) * max(0,X1-1.21) + 4.04*max(0,X22-1.18) * max(0,X29-1.25) + 3.08*max(0,-0.692-X0) * max(0,X2-1.17) + 2.69*max(0,X0+0.164) * max(0,X1-0.775) + 2.30*max(0,-1.08-X3) * max(0,X1-1.21) - 1.93*max(0,X22-1.18) * max(0,-0.532-X1) + 1.50*max(0,X0-0.892) - 1.45*max(0,-0.978-X41) * max(0,X38-1.13) - 1.41*max(0,X1+0.0964) + 1.29*max(0,-1.08-X3) * max(0,X48-1.13) + 1.27*max(0,-0.978-X41) * max(0,X22-1.18) - 0.945*max(0,-0.532-X1) - 0.923*max(0,-1.04-X45) * max(0,X29-1.25) + 0.829*max(0,-1.01-X4) * max(0,X39-1.23) + 0.801*max(0,X38-1.13) + 0.708*max(0,X2-1.17) * max(0,X3-0.344) - 0.690*max(0,-1.01-X4) * max(0,X1-0.775) - 0.583*max(0,X0+0.164) + 0.582*max(0,X4-0.315) * max(0,X22-1.18) - 0.552*max(0,X1+0.532) - 0.548*max(0,X3-1.29) * max(0,-0.532-X1) - 0.463*max(0,-1.01-X4) * max(0,X3-0.344) + 0.458*max(0,-1.17-X2) * max(0,X1+0.532) - 0.422*max(0,-1.04-X45) * max(0,-1.01-X4) - 0.417*max(0,-1.04-X45) * max(0,X2-1.17) - 0.416*max(0,-1.01-X4) * max(0,-0.532-X1) - 0.405*max(0,X32-1.27) * max(0,X3-0.344) - 0.401*max(0,-0.692-X0) + 0.393*max(0,-1.17-X2) * max(0,-0.532-X1) - 0.365*max(0,X4-1.20) + 0.361*max(0,X22-1.18) + 0.358*max(0,X32-1.27) * max(0,X1+0.0964) + 0.357*max(0,X4-0.315) - 0.324*max(0,X21-1.25) - 0.299*max(0,1.29-X3) + 0.299*max(0,-1.04-X45) * max(0,X22-1.18) + 0.298*max(0,-1.01-X4) * max(0,-1.17-X2) + 0.280*max(0,X39-0.785) * max(0,X0-0.892) - 0.256*max(0,X15-1.15) + 0.239*max(0,-0.233-X2) + 0.219*max(0,X0+0.164) * max(0,X22-1.18) - 0.215*max(0,X3-1.29) * max(0,X1-1.21) - 0.214*max(0,-1.03-X6) - 0.213*max(0,-1.01-X4) * max(0,X1+0.0964) - 0.204*max(0,-1.08-X3) - 0.198*max(0,X3-1.29) * max(0,X1-0.775) + 0.191*max(0,X4-0.315) * max(0,X39-0.785) + 0.186*max(0,X3-0.344) + 0.185*max(0,X4-0.315) * max(0,X29-1.25) - 0.167*max(0,-1.04-X45) * max(0,-1.17-X2) - 0.165*max(0,X41-1.21) - 0.157*max(0,-0.978-X41) * max(0,X2-1.17) - 0.144*max(0,X46-1.20) - 0.138*max(0,-0.446-X40) + 0.133*max(0,X11-1.25) - 0.130*max(0,-0.978-X41) * max(0,X0+0.164) + 0.129*max(0,-0.959-X5) - 0.123*max(0,-1.02-X8) + 0.122*max(0,X36-0.325) - 0.115*max(0,-0.531-X11) + 0.114*max(0,-0.979-X23) + 0.114*max(0,X2+0.233) - 0.114*max(0,-0.981-X24) + 0.109*max(0,-1.19-X38) + 0.107*max(0,X4-0.315) * max(0,X1-0.775) + 0.106*max(0,-1.03-X19) + 0.105*max(0,X12-0.348) + 0.0943*max(0,X45-0.825) - 0.0921*max(0,-1.04-X45) * max(0,X0+0.164) - 0.0913*max(0,X6-0.791) - 0.0906*max(0,X27-0.737) - 0.0885*max(0,X10-0.673) - 0.0830*max(0,-1.04-X45) * max(0,X1+0.532) - 0.0795*max(0,-1.02-X46) + 0.0764*max(0,X22-0.253) - 0.0747*max(0,X44-0.657) - 0.0720*max(0,X39-0.785) + 0.0645*max(0,-0.934-X14) - 0.0629*max(0,X49-1.31) - 0.0520*max(0,0.419-X31) - 0.0520*max(0,-1.08-X3) * max(0,-1.17-X2) + 0.0491*max(0,X19-0.372) + 0.0476*max(0,-1.02-X30) - 0.0452*max(0,-0.0984-X39) - 0.0448*max(0,X4-0.315) * max(0,X48-1.13) - 0.0436*max(0,X34-0.771) - 0.0417*max(0,X4-0.315) * max(0,-0.978-X41) - 0.0406*max(0,X14-0.382) - 0.0372*max(0,-1.00-X47) - 0.0319*max(0,-1.04-X45) * max(0,-0.978-X41) + 0.0301*max(0,X35+0.651) - 0.0286*max(0,X17-0.693) + 0.0261*max(0,-0.597-X34) + 0.0257*max(0,-0.228-X20) - 0.0236*max(0,X21-0.801) + 0.0233*max(0,-0.579-X36) - 0.0223*max(0,X39-0.785) * max(0,-0.532-X1) + 0.0217*max(0,0.693-X17) + 0.0216*max(0,X40-0.469) - 0.0201*max(0,X5+0.518) + 0.0192*max(0,X37+1.09) - 0.0190*max(0,-1.08-X3) * max(0,X1+0.532) + 0.0169*max(0,X33-1.33) - 0.0145*max(0,0.657-X44) + 0.0135*max(0,X31-1.34) + 0.0132*max(0,0.849-X49) + 0.0128*max(0,-0.977-X49) + 0.0124*max(0,X2-1.17) * max(0,-0.532-X1) + 0.0110*max(0,0.825-X45) + 0.0106*max(0,X28-0.739) + 0.0102*max(0,X3-1.29) * max(0,X4-0.315) + 0.00923*max(0,0.308-X30) + 0.00903*max(0,X8-1.36) + 0.00894*max(0,-0.620-X18) - 0.00886*max(0,-0.0526-X33) - 0.00886*max(0,0.801-X21) - 0.00879*max(0,X48-1.13) * max(0,X1+0.0964) + 0.00879*max(0,X15+0.627) - 0.00843*max(0,X7-1.23) - 0.00840*max(0,0.749-X24) - 0.00654*max(0,0.339-X25) - 0.00438*max(0,X6-0.336) - 0.00436*max(0,X39-0.785) * max(0,X1+0.532) - 0.00415*max(0,0.739-X28) + 0.00340*max(0,X20+0.228) - 0.00327*max(0,X29+0.940) - 0.000789*max(0,-0.661-X27)"
ffx,649_fri_c0_500_5,ok,0.344059,0.711738,1398,12.58,,"0.391 + 86.7*max(0,X3-1.17) * max(0,X1-1.31) - 22.5*max(0,X1-0.840) * max(0,X3-1.17) - 21.5*max(0,X1-1.31) * max(0,X0-1.23) - 18.5*max(0,X1-1.31) * max(0,X0-0.788) - 17.6*max(0,-1.10-X3) * max(0,X0-1.23) + 14.8*max(0,-0.644-X3) * max(0,X0-1.23) - 13.5*max(0,X1-1.31) - 11.6*max(0,X2-0.843) * max(0,X1-1.31) + 10.4*max(0,-0.190-X3) * max(0,X1-1.31) - 9.62*max(0,-0.190-X3) * max(0,X0-1.23) - 9.05*max(0,X3-1.17) * max(0,X0-1.23) + 9.02*max(0,X0-0.788) * max(0,X0-1.23) - 9.02*max(0,-0.953-X4) * max(0,-1.10-X3) + 8.68*max(0,X1-0.366) * max(0,X1-1.31) + 8.56*max(0,X1-0.840) * max(0,X0-0.788) + 8.25*max(0,-1.10-X3) + 7.96*max(0,-0.999-X0) * max(0,X1-0.840) + 7.55*max(0,X0-0.788) * max(0,-1.10-X3) - 6.96*max(0,X0-0.788) * max(0,-0.644-X3) - 6.29*max(0,-0.999-X0) * max(0,X1-0.366) + 5.93*max(0,X4-0.470) * max(0,X0-1.23) - 5.80*max(0,-1.10-X3) * max(0,-0.644-X3) - 5.79*max(0,X1-0.840) * max(0,-1.10-X3) - 5.77*max(0,X0-1.23) - 5.10*max(0,X2-0.843) * max(0,-1.10-X3) + 4.83*max(0,X1-1.31) * max(0,-1.10-X3) + 4.79*max(0,X1-0.840) * max(0,X0-1.23) - 4.67*max(0,X4-0.470) * max(0,-1.10-X3) - 4.48*max(0,-0.999-X0) * max(0,-1.10-X3) + 4.06*max(0,-0.953-X4) * max(0,X0-1.23) - 3.83*max(0,-0.644-X3) - 3.77*max(0,-0.0747-X2) * max(0,X0-1.23) + 3.65*max(0,-0.999-X0) * max(0,-0.644-X3) + 3.62*max(0,-0.190-X3) * max(0,X0-0.788) - 3.56*max(0,-0.0747-X2) * max(0,-1.10-X3) - 3.40*max(0,X1-0.366) * max(0,X0-0.788) + 3.23*max(0,X1-0.366) * max(0,-0.644-X3) - 2.92*max(0,-0.953-X4) * max(0,X0-0.788) - 2.88*max(0,-0.190-X3) * max(0,X1-0.366) - 2.68*max(0,X1-0.366) * max(0,-1.10-X3) + 2.58*max(0,-0.953-X4) * max(0,-0.644-X3) + 2.57*max(0,X1-0.840) * max(0,X1-0.366) - 2.38*max(0,X1-0.840) * max(0,-0.953-X4) - 2.24*max(0,X2-0.843) * max(0,X0-0.788) + 2.13*max(0,X3-1.17) * max(0,X0-0.788) - 2.06*max(0,X1-1.31) * max(0,-0.644-X3) + 2.02*max(0,-0.999-X0) * max(0,-0.953-X4) + 2.01*max(0,-1.06-X1) + 1.99*max(0,X4-0.470) * max(0,-0.644-X3) + 1.97*max(0,X4-0.470) * max(0,X1-1.31) + 1.94*max(0,X1-0.366) + 1.88*max(0,X2-0.843) * max(0,X0-1.23) + 1.78*max(0,X2-0.843) + 1.77*max(0,-0.999-X0) * max(0,X1-1.31) - 1.69*max(0,-0.953-X4) * max(0,X2-0.843) - 1.69*X1**2 - 1.66*max(0,X1-0.840) + 1.64*max(0,-0.953-X4) * max(0,X3-1.17) + 1.57*max(0,X1+0.108) + 1.43*max(0,-0.953-X4) * max(0,X1-1.31) + 1.35*max(0,X1-0.840) * max(0,-0.644-X3) + 1.27*max(0,X3-1.17) * max(0,X2-0.843) - 1.21*max(0,X4-0.470) * max(0,X0-0.788) - 1.19*max(0,-0.992-X2) + 1.14*max(0,X1-0.840) * max(0,X2-0.843) + 1.09*max(0,-0.582-X1) + 1.08*max(0,-0.0747-X2) * max(0,-0.644-X3) - 1.07*max(0,-0.999-X0) + 1.04*max(0,-0.190-X3) * max(0,-0.644-X3) + 1.03*max(0,-0.999-X0) * max(0,X3-1.17) - 0.980*max(0,X2-1.30) - 0.916*max(0,-0.0747-X2) * max(0,X1-1.31) + 0.906*max(0,X4-0.470) * max(0,-0.999-X0) + 0.893*max(0,-0.953-X4) * max(0,X1-0.366) - 0.878*max(0,X2-0.384) + 0.852*max(0,-0.999-X0) * max(0,-0.0747-X2) + 0.848*max(0,-0.108-X1) + 0.833*max(0,-0.190-X3) * max(0,X2-0.843) + 0.832*max(0,X1-0.840) * max(0,-0.0747-X2) + 0.818*max(0,X1-0.840) * max(0,X1-1.31) + 0.769*max(0,-0.0747-X2) * max(0,X0-0.788) + 0.733*max(0,-0.533-X2) - 0.730*max(0,-0.999-X0) * max(0,X2-0.843) + 0.652*max(0,-0.190-X3) + 0.646*max(0,-0.0747-X2) + 0.633*max(0,-0.190-X3) * max(0,-1.10-X3) + 0.568*max(0,X1-0.366) * max(0,X2-0.843) + 0.561*max(0,X3-1.17) * max(0,-0.0747-X2) - 0.556*max(0,X1-0.366) * max(0,X0-1.23) - 0.528*max(0,X0+0.105) - 0.524*max(0,-0.0747-X2) * max(0,X1-0.366) + 0.522*max(0,X3+0.190) + 0.488*X3 + 0.476*max(0,X4-0.470) * max(0,X1-0.840) + 0.451*X0**2 - 0.445*max(0,-0.00424-X4) - 0.413*max(0,-0.105-X0) + 0.402*max(0,X3-0.719) - 0.400*X1 - 0.399*max(0,0.384-X2) + 0.397*max(0,X2+0.0747) - 0.393*max(0,0.366-X1) - 0.391*max(0,0.341-X0) + 0.380*X0 + 0.358*max(0,-0.953-X4) - 0.329*max(0,X3+1.10) - 0.320*max(0,X0-0.788) - 0.319*max(0,X4-0.470) * max(0,X3-1.17) - 0.249*max(0,X4-0.470) * max(0,X1-0.366) - 0.242*max(0,X4-0.470) * max(0,-0.0747-X2) + 0.225*max(0,X4-0.470) - 0.196*X3**2 + 0.194*max(0,X2-0.843) * max(0,-0.644-X3) + 0.193*max(0,-0.478-X4) + 0.191*max(0,X4-0.470) * max(0,X2-0.843) + 0.182*max(0,X4-1.42) + 0.179*max(0,-0.552-X0) + 0.140*max(0,X4+0.478) - 0.114*max(0,X0-0.341) - 0.0856*max(0,X3-0.265) - 0.0770*max(0,X4-0.944) + 0.0588*max(0,0.470-X4) - 0.0243*max(0,X3-1.17) + 0.0165*max(0,0.719-X3) + 0.00587*max(0,-0.953-X4) * max(0,-0.0747-X2) + 0.000450*max(0,X3-1.17) * max(0,X1-0.366)"
ffx,650_fri_c0_500_50,ok,0.726796,0.483972,625,32.23,,0.249 + 0.440*X0 - 0.331*X0 * abs(X1) + 0.247*X1 + 0.240*X2**2 + 0.206*X3 - 0.201*abs(X7) * abs(X0) - 0.177*abs(X0) * X1 + 0.148*abs(X3) * X4 + 0.135*abs(X35) * abs(X37) + 0.116*abs(X36) * X1 + 0.114*X1 * abs(X1) + 0.0981*abs(X49) * abs(X2) + 0.0952*abs(X15) * X4 + 0.0948*abs(X7) * X3 - 0.0802*X0**2 + 0.0754*abs(X37) * X3 - 0.0751*abs(X30) + 0.0747*X8**2 - 0.0706*X1**2 + 0.0700*abs(X16) * X3 - 0.0693*abs(X39) - 0.0693*abs(X44) + 0.0687*abs(X19) * abs(X35) + 0.0680*abs(X27) + 0.0660*abs(X7) * abs(X37) + 0.0613*X0 * abs(X2) - 0.0587*abs(X3) * X9 - 0.0576*X14**2 - 0.0565*X46 - 0.0550*abs(X9) - 0.0550*abs(X16) * abs(X1) + 0.0548*abs(X0) * X3 - 0.0514*X40 - 0.0503*X9 * X0 + 0.0479*abs(X29) - 0.0471*abs(X11) + 0.0466*X33 + 0.0462*X4 * abs(X1) - 0.0446*X42 - 0.0445*X28 + 0.0425*X32**2 - 0.0418*abs(X15) * abs(X37) + 0.0409*abs(X49) * X3 + 0.0409*abs(X47) + 0.0406*X9 * X4 - 0.0399*X18**2 - 0.0380*X11 + 0.0379*abs(X12) * X4 + 0.0378*abs(X1) * X3 - 0.0368*abs(X37) * abs(X1) - 0.0367*X34 - 0.0366*X46**2 + 0.0360*X41 + 0.0353*X10 + 0.0343*X49 - 0.0337*X40**2 + 0.0333*abs(X38) - 0.0329*abs(X41) - 0.0323*X18 - 0.0320*X45 + 0.0299*X0 * X3 + 0.0297*abs(X0) * X4 - 0.0288*X9 * abs(X0) - 0.0255*X43**2 - 0.0253*X19**2 - 0.0252*abs(X12) + 0.0251*abs(X16) * abs(X37) - 0.0247*abs(X35) * abs(X1) + 0.0240*abs(X35) * X0 + 0.0237*X24**2 + 0.0237*X25**2 + 0.0234*X1 * X3 + 0.0224*abs(X49) * X4 - 0.0222*abs(X36) * abs(X1) - 0.0219*abs(X36) * abs(X49) + 0.0216*abs(X35) * X3 - 0.0210*abs(X21) - 0.0209*X30 + 0.0209*X6 + 0.0208*abs(X35) * abs(X2) + 0.0208*abs(X7) * X0 - 0.0205*abs(X19) * abs(X15) - 0.0203*abs(X35) * abs(X0) + 0.0198*X9 * abs(X36) + 0.0196*abs(X48) + 0.0195*X9 * abs(X1) + 0.0180*abs(X16) * X1 + 0.0180*X12 - 0.0176*abs(X23) - 0.0173*abs(X10) + 0.0172*X42**2 - 0.0170*X13**2 + 0.0169*X21 + 0.0166*abs(X35) * abs(X49) - 0.0166*X19 + 0.0163*X43 + 0.0162*abs(X3) * X0 - 0.0154*abs(X15) * abs(X1) + 0.0147*abs(X49) * X1 - 0.0144*X47 + 0.0128*abs(X19) * X3 + 0.0126*abs(X16) * X0 + 0.0124*X27 - 0.0119*X34**2 - 0.0109*X5**2 + 0.0107*abs(X36) * X3 + 0.0105*X17**2 + 0.00997*X9 * abs(X37) + 0.00983*X2 + 0.00885*X36 - 0.00845*X22 + 0.00826*X13 - 0.00780*X21**2 + 0.00743*X0 * X4 + 0.00682*X39 + 0.00665*abs(X0) * X0 - 0.00614*X24 - 0.00608*abs(X12) * abs(X35) + 0.00538*X5 - 0.00512*X16**2 + 0.00374*X26 + 0.00357*X29 - 0.00349*abs(X49) * abs(X0) - 0.00321*X38 + 0.00237*abs(X3) * abs(X1) - 0.00220*abs(X12) * abs(X49) + 0.00199*X15 - 0.00197*abs(X49) * abs(X1) - 0.00174*abs(X45) + 0.00154*abs(X7) * abs(X2) - 0.00109*X22**2 - 0.00109*X16 + 0.000489*abs(X36) * X4
ffx,651_fri_c0_100_25,ok,0.786858,0.511022,734,16.79,,"0.697 - 13.9*max(0,X20-0.678) * max(0,X15-1.19) + 4.89*max(0,-1.02-X24) * max(0,X20-1.13) - 4.04*max(0,-1.02-X24) * max(0,-0.935-X0) + 3.99*max(0,-1.18-X23) * max(0,-1.19-X19) + 3.51*max(0,X19-1.19) * max(0,X20-1.13) - 3.37*max(0,-1.19-X19) * max(0,-0.935-X0) + 3.22*max(0,-1.02-X24) * max(0,X15-1.19) - 1.85*max(0,-1.09-X4) * max(0,X3-1.33) + 1.73*max(0,-1.13-X8) * max(0,X11-0.776) - 1.58*max(0,-1.09-X4) * max(0,-1.05-X1) + 1.02*max(0,X20-0.678) * max(0,X20-1.13) + 0.880*max(0,X3-1.33) + 0.746*max(0,-0.122-X1) * max(0,-0.935-X0) + 0.728*max(0,X11-0.776) + 0.652*max(0,-1.19-X19) - 0.649*max(0,0.412-X0) + 0.634*max(0,X2-1.19) * max(0,X11-0.776) - 0.625*max(0,0.418-X3) * max(0,-1.05-X1) - 0.558*max(0,0.874-X3) - 0.524*max(0,-0.122-X1) + 0.494*max(0,X14-0.894) + 0.483*max(0,X2-1.19) + 0.458*max(0,-0.445-X16) * max(0,-1.18-X23) - 0.456*max(0,X19-1.19) - 0.438*max(0,X18-1.46) - 0.424*max(0,-0.445-X16) * max(0,X20-0.678) + 0.372*max(0,-0.210-X2) + 0.372*max(0,X2-0.724) - 0.320*max(0,X20+0.225) - 0.287*max(0,-0.122-X1) * max(0,-1.05-X1) + 0.222*max(0,X6-0.683) + 0.217*max(0,X4+0.150) - 0.201*max(0,X10-1.20) - 0.195*max(0,-0.677-X20) - 0.185*max(0,-1.09-X5) - 0.180*max(0,0.785-X4) + 0.163*max(0,X0-1.31) + 0.153*max(0,X17-1.25) + 0.151*max(0,X2-0.257) + 0.129*max(0,0.900-X9) + 0.128*max(0,X8-1.04) - 0.125*max(0,X15-1.19) * max(0,-0.935-X0) - 0.123*max(0,-1.09-X4) + 0.115*max(0,-0.262-X6) - 0.111*max(0,X20-0.678) * max(0,-1.19-X19) + 0.110*max(0,-1.02-X13) + 0.102*max(0,X16-0.988) - 0.101*max(0,0.392-X24) - 0.0992*max(0,0.412-X0) * max(0,-0.935-X0) - 0.0990*max(0,-0.122-X1) * max(0,-1.09-X4) + 0.0815*max(0,X3+0.950) + 0.0799*max(0,X17+0.574) + 0.0785*max(0,X13-0.361) - 0.0671*max(0,0.418-X3) - 0.0597*max(0,-0.754-X10) + 0.0582*max(0,-0.190-X15) + 0.0542*max(0,X21-1.27) + 0.0528*max(0,X12-0.228) - 0.0525*max(0,-0.445-X16) * max(0,0.418-X3) + 0.0487*max(0,X5-0.350) - 0.0465*max(0,X19-1.19) * max(0,-1.05-X1) + 0.0454*max(0,X15-0.269) + 0.0403*max(0,0.412-X0) * max(0,-1.13-X8) - 0.0298*max(0,X22-0.353) - 0.0295*max(0,X19-0.237) + 0.0290*max(0,0.502-X18) - 0.0127*max(0,-0.122-X1) * max(0,X11-0.776) + 0.00805*max(0,X7+0.552) + 0.00616*max(0,-0.985-X7)"
ffx,653_fri_c0_250_25,ok,0.405375,0.830348,1190,24.47,,"0.193 + 3.63*max(0,-1.23-X2) + 3.35*max(0,-1.02-X12) - 3.16*max(0,-0.595-X12) - 2.95*max(0,X24-0.686) + 2.66*max(0,X24-1.13) - 2.54*max(0,X19-1.16) - 2.46*max(0,X11-0.792) - 2.37*max(0,X12-1.09) + 2.13*max(0,X18-0.855) + 2.10*max(0,X7-1.12) - 2.03*max(0,-0.892-X0) + 1.76*max(0,-1.15-X15) + 1.76*max(0,-1.10-X13) + 1.69*max(0,-1.10-X6) - 1.68*max(0,-0.760-X2) + 1.62*max(0,X2-0.647) - 1.62*max(0,X4-1.20) + 1.61*max(0,-0.613-X9) + 1.60*max(0,X11-1.22) + 1.60*max(0,X5-1.31) + 1.59*max(0,X22-1.34) - 1.58*max(0,X18-0.402) - 1.53*max(0,X6-1.24) + 1.52*max(0,X23-1.23) - 1.52*max(0,-1.05-X9) + 1.47*max(0,X20-1.36) + 1.40*max(0,X24-0.238) + 1.32*max(0,X3-0.957) - 1.31*max(0,-0.215-X7) + 1.30*max(0,-1.10-X16) - 1.26*max(0,-0.645-X13) - 1.26*max(0,X14-1.33) - 1.18*max(0,X2-1.12) - 1.08*max(0,-0.568-X4) + 1.06*abs(X12) - 1.06*max(0,X15-1.14) + 1.04*max(0,-0.949-X22) + 1.03*max(0,-0.504-X18) - 1.02*abs(X17) - 1.02*max(0,X1-0.756) + 1.02*max(0,X17-0.786) + 1.01*max(0,X6-0.306) + 0.994*max(0,X23-0.763) - 0.952*max(0,X5-0.849) + 0.918*max(0,X15-0.226) + 0.895*max(0,-1.10-X7) + 0.893*max(0,-0.647-X23) - 0.873*max(0,-0.632-X16) + 0.855*max(0,X1-1.19) - 0.847*max(0,-0.934-X11) + 0.843*max(0,X11-0.361) - 0.817*abs(X15) + 0.786*max(0,X7-0.229) + 0.762*max(0,-0.658-X7) - 0.762*max(0,0.325-X1) - 0.757*max(0,X7+0.215) + 0.727*max(0,X13-1.17) - 0.718*max(0,X16-1.23) - 0.713*max(0,X3-1.46) - 0.704*abs(X6) + 0.701*max(0,X16-0.300) + 0.673*max(0,-0.428-X0) - 0.652*max(0,-0.231-X15) + 0.637*max(0,X17-0.344) + 0.626*max(0,-0.718-X8) - 0.625*max(0,X7-0.672) + 0.606*max(0,-0.980-X17) + 0.597*max(0,0.344-X17) + 0.586*max(0,X19-0.714) + 0.570*max(0,0.226-X15) + 0.532*abs(X10) + 0.532*max(0,X0-0.499) + 0.528*max(0,X4-0.760) - 0.510*max(0,0.402-X18) + 0.510*max(0,X8-0.696) - 0.494*max(0,-0.957-X18) + 0.493*max(0,-0.502-X11) + 0.486*max(0,-0.873-X14) - 0.475*abs(X0) + 0.467*max(0,X15-0.683) - 0.466*max(0,-0.247-X8) + 0.434*max(0,-0.657-X24) - 0.418*max(0,-0.536-X1) - 0.404*max(0,-0.177-X23) + 0.401*abs(X19) + 0.401*max(0,X0+0.428) - 0.390*max(0,X10-0.380) + 0.383*abs(X14) + 0.382*abs(X2) - 0.382*max(0,X8-1.17) - 0.382*max(0,-0.967-X1) + 0.373*abs(X1) + 0.371*max(0,0.306-X6) - 0.368*max(0,0.448-X14) - 0.364*max(0,X14-0.448) - 0.362*max(0,X23+0.177) - 0.360*max(0,-0.520-X5) - 0.357*abs(X23) - 0.342*max(0,X16+0.166) + 0.334*max(0,-1.01-X4) - 0.333*max(0,X15+0.231) - 0.326*max(0,X21-0.787) + 0.319*max(0,0.229-X7) - 0.306*max(0,X13-0.265) - 0.302*max(0,-0.536-X10) - 0.299*max(0,X12+0.595) - 0.294*max(0,0.454-X3) + 0.294*max(0,X10-1.30) + 0.294*max(0,X9+0.613) + 0.273*max(0,-0.577-X21) - 0.267*max(0,X22-0.879) - 0.266*max(0,-0.134-X20) + 0.258*max(0,-1.13-X20) + 0.234*abs(X4) + 0.228*max(0,X11+0.502) - 0.220*abs(X9) + 0.219*max(0,X21+0.123) + 0.197*max(0,X4+0.125) - 0.193*max(0,X8+0.247) - 0.186*max(0,-1.05-X3) - 0.181*max(0,-0.976-X5) - 0.173*max(0,X13-0.720) + 0.172*max(0,X21-1.24) - 0.170*max(0,X0-0.962) + 0.170*abs(X5) + 0.170*max(0,0.300-X16) - 0.156*max(0,-0.209-X24) - 0.153*max(0,X0-1.43) - 0.137*abs(X3) + 0.137*max(0,0.647-X2) + 0.132*max(0,X12-0.668) + 0.129*max(0,X3+0.551) - 0.127*max(0,X20+0.134) - 0.125*max(0,X2+0.760) + 0.117*max(0,-1.08-X19) + 0.116*abs(X8) + 0.115*max(0,-0.123-X21) - 0.114*max(0,X12+0.174) - 0.113*max(0,X20-0.864) - 0.101*max(0,-1.03-X21) - 0.0938*max(0,-0.0483-X3) - 0.0885*max(0,0.698-X9) - 0.0840*max(0,-0.0348-X22) - 0.0756*abs(X22) + 0.0604*max(0,X22+0.492) - 0.0501*max(0,X19+0.633) + 0.0501*abs(X16) + 0.0418*max(0,X18-1.31) + 0.0393*max(0,-0.538-X17) - 0.0393*max(0,X9-0.698) + 0.0307*abs(X13) - 0.0268*max(0,0.849-X5) + 0.0245*abs(X11) - 0.00948*max(0,X10+0.536) - 0.00506*max(0,X1-0.325)"
ffx,654_fri_c0_500_10,ok,0.726149,0.533358,1642,14.75,,"1.06 + 7.42*max(0,X6-1.31) * max(0,-0.962-X8) - 2.85*max(0,X6-1.31) * max(0,X2-0.765) + 1.72*max(0,X5-0.748) * max(0,X3-1.35) + 1.42*max(0,-0.962-X8) * max(0,X3-1.35) + 1.38*max(0,X6-1.31) * max(0,X3-1.35) + 1.36*max(0,X5-0.748) * max(0,X6-1.31) + 1.36*max(0,-0.597-X4) * max(0,X3-1.35) + 1.29*max(0,X1-0.267) * max(0,-1.03-X7) - 1.13*max(0,-0.190-X0) * max(0,-1.07-X4) + 1.04*max(0,X3-0.418) * max(0,-1.03-X7) - 0.960*max(0,-0.581-X7) - 0.940*X1 * max(0,-1.03-X7) + 0.857*max(0,X2-0.765) * max(0,-1.07-X4) + 0.766*max(0,-1.03-X7) * max(0,X2-0.285) - 0.726*X0 * max(0,X1-0.267) - 0.719*max(0,-0.190-X0) * X1 + 0.712*max(0,X5-0.748) * max(0,X1-0.267) - 0.696*max(0,-0.581-X7) * max(0,X3-0.884) + 0.691*max(0,X5-1.19) + 0.664*max(0,X2-0.285) * max(0,X3-1.35) - 0.635*max(0,0.267-X1) + 0.623*max(0,X5-0.748) * max(0,X7-0.771) + 0.621*max(0,X6-1.31) * max(0,X7-0.771) + 0.594*max(0,-1.07-X4) * max(0,-0.962-X8) + 0.588*max(0,-0.962-X8) + 0.587*max(0,X5-0.748) * max(0,-0.581-X7) + 0.579*max(0,X6-1.31) * max(0,-0.122-X4) - 0.572*max(0,X5-0.748) * max(0,X3-0.884) + 0.448*max(0,X1-0.267) * max(0,X7-0.771) + 0.447*max(0,X3+0.0481) - 0.443*max(0,X2-0.765) * max(0,-0.581-X7) - 0.441*max(0,X5-0.748) - 0.440*X1 * max(0,-1.07-X4) - 0.423*max(0,X7-1.22) + 0.412*max(0,X5-0.748) * max(0,X7-0.320) + 0.401*X1 * max(0,-0.597-X4) - 0.390*max(0,-0.177-X1) - 0.350*max(0,-0.190-X0) * max(0,-0.597-X4) - 0.344*max(0,0.285-X2) * max(0,-0.962-X8) - 0.343*max(0,-0.190-X0) * max(0,X1-0.267) - 0.340*max(0,0.285-X2) * max(0,X6-1.31) - 0.338*max(0,0.884-X3) - 0.330*max(0,0.285-X2) * max(0,-1.03-X7) - 0.329*max(0,X3-0.884) - 0.322*max(0,X3-0.418) * max(0,-0.962-X8) - 0.317*max(0,X6-0.346) * max(0,-0.122-X4) + 0.312*max(0,X6-0.346) * max(0,X2-0.765) + 0.310*max(0,-1.06-X1) + 0.309*X2**2 - 0.302*max(0,X1-1.15) - 0.297*max(0,X3-0.418) * max(0,X3-0.884) + 0.292*max(0,X6-0.346) - 0.290*max(0,1.24-X0) - 0.270*max(0,-0.668-X0) - 0.260*max(0,X5-0.748) * X1 - 0.258*max(0,-0.980-X3) - 0.255*max(0,-1.16-X2) + 0.248*X1 * max(0,-0.130-X7) + 0.235*max(0,X3-0.418) * max(0,X1-0.267) - 0.235*max(0,-0.962-X8) * max(0,X7-0.771) + 0.234*max(0,X4-0.354) - 0.228*max(0,X6-0.346) * max(0,X1-0.267) + 0.228*max(0,0.320-X7) - 0.228*X0 * max(0,-0.581-X7) - 0.226*X0 * max(0,X3-0.884) - 0.218*max(0,X6-0.346) * max(0,-0.190-X0) - 0.210*max(0,X5-0.748) * max(0,-0.122-X4) + 0.207*max(0,-1.03-X7) * max(0,-0.581-X7) - 0.206*max(0,1.30-X4) - 0.205*max(0,-1.01-X5) - 0.202*X0 * max(0,-1.07-X4) - 0.198*max(0,X6-0.346) * max(0,X7-0.320) + 0.198*max(0,X3-0.418) * max(0,0.285-X2) - 0.197*max(0,-0.617-X6) - 0.197*max(0,X6-1.31) * max(0,-1.03-X7) - 0.196*max(0,X3-0.418) * max(0,X7-0.320) - 0.194*max(0,0.288-X0) + 0.184*max(0,-1.03-X7) * max(0,X3-1.35) + 0.178*max(0,X3-0.418) + 0.167*max(0,0.346-X6) - 0.160*X1 * max(0,X3-0.884) - 0.159*max(0,-1.07-X4) - 0.158*max(0,-0.799-X9) + 0.155*max(0,X2+0.195) + 0.151*max(0,-0.122-X4) * max(0,X3-1.35) + 0.150*max(0,X3-0.418) * max(0,-0.597-X4) + 0.147*X1 * max(0,-0.962-X8) - 0.143*max(0,X2-1.25) - 0.137*max(0,X1-0.267) * max(0,X3-0.884) + 0.131*X0 * max(0,X2-0.765) + 0.127*max(0,-0.195-X2) + 0.120*X0 * max(0,-0.130-X7) - 0.118*max(0,X5-0.748) * max(0,X3-0.418) - 0.113*max(0,0.360-X8) - 0.112*max(0,X2-0.765) * max(0,-0.962-X8) - 0.111*X0 * X1 + 0.111*X1 * max(0,X6-1.31) + 0.108*X1 * max(0,X2-0.765) + 0.108*max(0,X3-0.418) * max(0,X2-0.285) - 0.107*max(0,-1.28-X9) + 0.107*max(0,X5-0.748) * max(0,-0.190-X0) + 0.104*max(0,X3-0.418) * max(0,-0.190-X0) + 0.104*X0 - 0.104*X0 * max(0,X2-0.285) - 0.102*max(0,X7-0.320) * max(0,X2-0.765) - 0.0995*max(0,-0.190-X0) * max(0,0.285-X2) + 0.0994*max(0,0.285-X2) * max(0,X7-0.771) - 0.0964*max(0,-1.15-X0) - 0.0897*X0 * max(0,-0.122-X4) - 0.0868*max(0,X8-1.24) - 0.0857*X0 * max(0,-0.962-X8) - 0.0818*max(0,X8-0.801) - 0.0789*max(0,X1-0.267) + 0.0759*X1 * max(0,X7-0.771) - 0.0723*max(0,0.285-X2) * max(0,-1.07-X4) + 0.0706*max(0,X7-0.320) * max(0,0.285-X2) + 0.0683*max(0,X6-0.346) * X1 + 0.0656*max(0,X6-0.827) + 0.0611*max(0,0.285-X2) * max(0,-0.130-X7) + 0.0552*max(0,-0.190-X0) * max(0,X7-0.771) - 0.0534*max(0,-0.190-X0) * max(0,X3-1.35) - 0.0523*max(0,X7-0.320) * max(0,X2-0.285) - 0.0499*max(0,-0.190-X0) * max(0,-1.03-X7) + 0.0477*max(0,X1-0.267) * max(0,-0.597-X4) + 0.0403*max(0,-0.570-X5) + 0.0393*max(0,X6-0.346) * max(0,-0.130-X7) - 0.0382*max(0,X6-0.346) * max(0,-1.07-X4) - 0.0343*max(0,-0.122-X4) * max(0,-0.581-X7) - 0.0341*max(0,X6-0.346) * max(0,-1.03-X7) + 0.0305*max(0,X1-0.711) + 0.0272*max(0,X0+0.190) - 0.0249*max(0,X9-0.164) - 0.0246*X0 * max(0,0.285-X2) - 0.0232*X1 * max(0,0.285-X2) + 0.0215*max(0,-1.03-X7) * max(0,-0.597-X4) + 0.0188*max(0,X5-0.748) * max(0,X2-0.285) - 0.0182*max(0,-0.130-X7) * max(0,-0.962-X8) - 0.0165*X8**2 + 0.0162*max(0,0.285-X2) * max(0,-0.122-X4) - 0.0160*max(0,-0.122-X4) * max(0,-0.597-X4) - 0.0137*max(0,X8-0.360) + 0.0113*max(0,-0.190-X0) * max(0,-0.130-X7) - 0.00788*max(0,-0.190-X0) * max(0,-0.122-X4) - 0.00182*max(0,X7+0.581)"
ffx,656_fri_c1_100_5,ok,0.270666,0.844917,862,8.62,,"-0.295 + 16.1*max(0,0.0910-X2) * max(0,X0-1.30) + 5.90*max(0,-0.258-X4) * max(0,X0-1.91) + 3.27*max(0,0.0594-X0) * max(0,X1-0.564) - 2.84*max(0,0.0910-X2) * max(0,X3-1.21) - 2.81*max(0,X4-1.03) * max(0,0.0594-X0) - 2.77*max(0,X2-1.02) * max(0,X3-1.21) + 2.55*max(0,X4-0.172) * max(0,X3-1.21) + 2.53*max(0,-0.258-X4) * max(0,X0-1.30) + 2.01*max(0,0.0555-X1) * max(0,X4-1.03) + 1.64*max(0,X4-0.172) * max(0,X0-1.30) - 1.64*max(0,X2-1.02) * max(0,0.0594-X0) - 1.42*max(0,0.0910-X2) * max(0,X1-0.564) - 1.41*max(0,X0-0.0594) + 1.39*max(0,X0-1.30) * max(0,X1-1.07) + 1.35*max(0,X1-1.58) * max(0,X4-0.172) + 1.33*max(0,X2-1.02) * max(0,X3-0.746) - 1.30*max(0,X2-1.02) * max(0,X4-0.601) + 1.29*max(0,0.0910-X2) * max(0,X4-1.03) + 1.04*max(0,X1-0.564) * max(0,X1-1.07) - 0.956*max(0,X3-0.746) * max(0,X1-0.564) + 0.937*abs(X1) * max(0,X3-1.21) + 0.904*max(0,-0.258-X4) * max(0,X3-1.21) + 0.896*max(0,0.0555-X1) * max(0,X2-1.02) + 0.877*max(0,X4-0.601) * max(0,X0-1.30) + 0.807*max(0,0.564-X1) - 0.750*max(0,X2-1.48) - 0.732*max(0,X4-0.601) - 0.699*abs(X2) * max(0,X3-1.21) - 0.669*max(0,-1.12-X4) + 0.660*max(0,X4-1.03) + 0.634*max(0,X4-0.172) - 0.633*max(0,X4-0.601) * max(0,X3-0.746) - 0.614*max(0,0.0910-X2) * max(0,0.0555-X1) - 0.601*abs(X2) * max(0,0.0555-X1) + 0.595*max(0,-0.688-X4) - 0.585*abs(X0) + 0.573*abs(X2) * max(0,X3-0.746) + 0.567*max(0,X3-1.21) * max(0,0.0594-X0) + 0.548*max(0,0.0594-X0) * max(0,X4-0.601) - 0.521*max(0,0.0910-X2) * max(0,X4-0.172) - 0.509*max(0,-0.258-X4) * max(0,0.0594-X0) - 0.481*abs(X1) * max(0,X3-0.746) + 0.455*max(0,0.0910-X2) * max(0,0.0594-X0) - 0.448*max(0,-0.453-X1) - 0.439*abs(X1) + 0.399*abs(X2) + 0.383*max(0,-0.659-X3) - 0.369*max(0,0.0555-X1) * abs(X1) + 0.333*max(0,X3+0.659) + 0.328*max(0,X2-0.553) - 0.309*max(0,0.278-X3) + 0.293*max(0,0.0555-X1) * max(0,-0.258-X4) + 0.281*max(0,X1-0.564) * max(0,X0-1.30) + 0.270*abs(X1) * max(0,X1-0.564) + 0.263*max(0,-0.962-X1) - 0.237*max(0,-0.258-X4) * max(0,X3-0.746) + 0.222*max(0,0.0910-X2) * abs(X1) - 0.211*abs(X2) * max(0,-0.258-X4) + 0.203*max(0,-0.559-X0) + 0.203*max(0,-0.371-X2) + 0.191*abs(X1) * max(0,X1-1.07) + 0.180*abs(X2) * abs(X1) - 0.165*max(0,-0.258-X4) * abs(X1) - 0.161*abs(X3) - 0.152*max(0,0.0594-X0) * max(0,X3-0.746) + 0.146*max(0,0.553-X2) + 0.132*max(0,-0.258-X4) * max(0,X1-1.07) + 0.124*max(0,X3-0.746) - 0.117*max(0,X4-0.172) * max(0,0.0594-X0) + 0.116*abs(X1) * max(0,X4-0.601) + 0.115*abs(X1) * max(0,0.0594-X0) + 0.0987*max(0,X3+0.191) - 0.0881*max(0,-0.833-X2) + 0.0867*abs(X4) + 0.0828*max(0,X4+0.688) - 0.0689*max(0,0.0555-X1) * max(0,X3-0.746) + 0.0590*max(0,0.0910-X2) * max(0,-0.258-X4) - 0.0447*abs(X2) * max(0,X4-1.03) + 0.0438*max(0,-1.18-X0) + 0.0417*X0**2 + 0.0158*max(0,0.0555-X1) * max(0,X4-0.601) + 0.0118*abs(X1) * max(0,X0-1.30)"
ffx,657_fri_c2_250_10,ok,-0.066353,0.980232,1642,19.04,,"-0.762 - 278*max(0,X4-1.20) * max(0,X3-1.06) + 13.9*max(0,X4-1.20) * max(0,X0-0.960) - 10.6*max(0,-1.13-X3) * max(0,-0.627-X1) + 7.16*max(0,X3-1.06) * max(0,X0-0.960) + 5.05*max(0,X4-1.20) * max(0,X1-0.739) - 4.18*abs(X7) * max(0,X0-1.60) - 3.37*max(0,X0-1.60) + 3.25*max(0,X4-1.20) * max(0,-0.627-X1) - 3.04*max(0,X6-1.17) * max(0,X5-0.310) - 2.95*max(0,X4-1.20) * max(0,X5-0.310) + 2.69*max(0,X6-1.17) * max(0,X3-1.06) - 2.66*max(0,X2-2.51) * max(0,X0-1.60) - 2.60*max(0,-0.984-X5) * max(0,X0-0.323) + 2.53*max(0,X6-1.17) * max(0,X4-0.333) + 2.41*abs(X0) * max(0,X6-1.17) + 2.25*max(0,X0-0.323) * max(0,X1-0.739) + 1.98*abs(X0) * max(0,X1-0.739) + 1.87*max(0,-0.984-X5) * max(0,X1-0.739) - 1.84*max(0,-0.103-X4) * max(0,X6-1.17) + 1.83*max(0,-0.103-X4) * max(0,-1.08-X1) - 1.80*max(0,X4-1.20) * max(0,X0-0.323) - 1.43*max(0,X0-0.323) * max(0,X3-1.06) - 1.42*max(0,X7-0.860) * max(0,-1.13-X3) + 1.42*max(0,X6-1.17) * max(0,X0-0.960) - 1.41*max(0,-0.984-X5) * max(0,X6-1.17) + 1.39*max(0,-1.08-X1) * max(0,X4-0.333) - 1.29*max(0,X7-0.860) * max(0,X0-0.960) - 1.28*max(0,X6-1.17) * max(0,-0.627-X1) + 1.23*max(0,X7-0.860) * max(0,X0-0.323) - 1.11*abs(X7) * max(0,X1-0.739) - 1.11*max(0,-0.688-X3) * max(0,-0.627-X1) + 1.06*max(0,-1.08-X1) * max(0,-0.984-X5) + 1.05*max(0,-0.688-X3) * max(0,X7-0.860) - 0.982*max(0,-0.627-X1) + 0.960*max(0,-0.688-X3) * max(0,X4-0.333) + 0.854*max(0,-0.103-X4) * max(0,-1.13-X3) - 0.829*abs(X7) * max(0,X6-1.17) - 0.769*max(0,-0.103-X4) * max(0,X3-1.06) - 0.765*max(0,X0+0.313) - 0.760*max(0,X7-0.860) * max(0,X4-0.333) - 0.757*max(0,-0.995-X6) + 0.750*max(0,0.739-X1) - 0.724*abs(X7) * max(0,-0.627-X1) + 0.716*max(0,X3-1.06) * max(0,-0.627-X1) + 0.713*max(0,-0.562-X6) + 0.701*max(0,-0.688-X3) * max(0,X6-0.304) + 0.691*abs(X0) * max(0,X7-0.860) + 0.677*max(0,X2-1.26) - 0.672*max(0,X2-2.51) * max(0,X0-0.960) - 0.665*max(0,-0.627-X1) * abs(X5) - 0.663*X5 * max(0,X0-1.60) - 0.652*abs(X0) * max(0,X2-2.51) + 0.637*max(0,-0.618-X2) + 0.635*max(0,X4-0.333) * max(0,X3-1.06) - 0.617*max(0,X1+0.172) - 0.610*max(0,X4-0.333) * max(0,-1.13-X3) - 0.603*abs(X7) * max(0,X3-1.06) - 0.577*max(0,-0.103-X4) * max(0,-0.984-X5) - 0.542*max(0,X4-0.333) * max(0,X1-0.739) - 0.538*max(0,X6-1.17) * max(0,X0-0.323) - 0.497*max(0,X3-1.06) * max(0,X1-0.739) + 0.491*abs(X7) * max(0,X0-0.323) - 0.467*max(0,X3-1.06) * abs(X5) + 0.464*max(0,X7-1.33) - 0.443*max(0,-0.313-X0) + 0.428*max(0,X3+0.251) - 0.425*abs(X1) - 0.401*max(0,-0.688-X3) * max(0,-0.103-X4) - 0.401*abs(X7) * max(0,-1.13-X3) + 0.384*max(0,0.323-X0) + 0.370*abs(X5) * max(0,X1-0.739) - 0.347*max(0,X0-0.960) * max(0,X1-0.739) + 0.345*max(0,-0.121-X5) * max(0,-1.08-X1) - 0.339*max(0,-0.688-X3) * max(0,X0-0.323) + 0.337*max(0,0.633-X2) - 0.336*max(0,X7-0.860) * abs(X4) - 0.332*max(0,-0.949-X0) + 0.330*max(0,-1.01-X7) - 0.328*max(0,X7-0.860) * max(0,X6-0.304) + 0.314*max(0,X6-0.304) * max(0,X1-0.739) - 0.289*max(0,-0.688-X3) * max(0,X5-0.310) - 0.281*max(0,-1.13-X3) * abs(X5) + 0.277*max(0,-0.935-X8) - 0.277*abs(X0) * max(0,X6-0.304) - 0.270*max(0,-0.974-X4) - 0.260*abs(X0) * abs(X4) + 0.251*max(0,-0.103-X4) * max(0,X6-0.304) - 0.251*abs(X0) * max(0,-0.103-X4) - 0.247*max(0,-0.490-X8) + 0.231*max(0,X4-0.333) * max(0,X0-1.60) + 0.221*abs(X7) * max(0,X5-0.310) + 0.221*max(0,X8-1.29) - 0.207*max(0,X8-0.844) - 0.207*abs(X0) * max(0,X3-1.06) - 0.196*max(0,X7-0.860) * max(0,-0.627-X1) - 0.190*max(0,-1.13-X3) * max(0,X5-0.310) + 0.182*max(0,-1.13-X3) * max(0,X0-0.960) - 0.181*max(0,-1.08-X1) * max(0,X3-1.06) + 0.176*abs(X0) * abs(X5) - 0.173*max(0,X0-0.323) * max(0,X5-0.310) + 0.166*max(0,-0.688-X3) * max(0,X1-0.739) + 0.155*abs(X7) * max(0,X4-0.333) + 0.153*max(0,X3+0.688) - 0.145*max(0,X6-0.736) + 0.145*max(0,X1-0.284) - 0.144*max(0,X6-0.304) * max(0,X4-0.333) + 0.139*X3 - 0.128*abs(X3) - 0.127*max(0,-1.08-X1) * max(0,X6-0.304) + 0.125*max(0,0.284-X1) - 0.124*max(0,-1.02-X9) - 0.116*abs(X2) + 0.113*abs(X0) * max(0,X0-0.323) - 0.113*max(0,X1-0.739) * max(0,X0-1.60) + 0.104*X5 * max(0,X6-0.304) - 0.100*X5 * max(0,X3-1.06) + 0.0932*abs(X4) + 0.0863*max(0,1.26-X2) + 0.0845*max(0,-0.121-X5) * max(0,-0.103-X4) - 0.0797*max(0,-0.103-X4) * max(0,X0-0.960) + 0.0754*max(0,X3-0.624) + 0.0751*max(0,X6+0.562) + 0.0734*abs(X8) - 0.0709*max(0,0.393-X7) - 0.0703*abs(X0) * max(0,-0.627-X1) + 0.0574*max(0,X4-0.333) - 0.0532*max(0,X5-0.742) + 0.0491*abs(X7) * max(0,X6-0.304) - 0.0477*max(0,0.304-X6) - 0.0412*max(0,-0.688-X3) * abs(X5) + 0.0376*max(0,X9-0.301) - 0.0350*X5 * max(0,-0.103-X4) + 0.0339*max(0,X1-0.739) + 0.0310*max(0,-0.540-X7) + 0.0298*abs(X7) * max(0,X0-0.960) - 0.0295*max(0,X6-0.304) * max(0,X0-0.323) + 0.0279*max(0,X6-0.304) * max(0,X3-1.06) + 0.0278*max(0,X9+0.577) - 0.0235*X5 * max(0,X5-0.310) + 0.0233*max(0,X0-0.960) + 0.0227*max(0,X1-1.19) + 0.0202*max(0,X4-0.333) * max(0,X0-0.323) + 0.0166*max(0,X7+0.540) - 0.0144*max(0,0.187-X3) - 0.0123*max(0,-0.688-X3) * abs(X0) + 0.0104*X5 * max(0,X4-0.333) + 0.00992*max(0,0.333-X4) - 0.00811*abs(X5) * max(0,X5-0.310) + 0.00779*abs(X7) + 0.00752*max(0,X3+1.13) - 0.00704*max(0,1.18-X9) + 0.00691*max(0,X8+0.0454) - 0.00394*X5**2 + 0.00342*max(0,X8-0.399) - 0.00313*max(0,-0.984-X5) * max(0,X3-1.06) + 0.00290*max(0,X7+0.0735) - 0.00171*max(0,-0.121-X5) * max(0,-1.13-X3)"
ffx,658_fri_c3_250_25,ok,0.270349,0.896557,1398,31.38,,"0.770 + 3.91*max(0,X1-0.839) + 3.44*max(0,X16-1.13) + 3.34*max(0,X12-1.30) + 3.15*max(0,X0-1.40) + 2.73*max(0,X4-1.20) - 2.53*max(0,X2-2.30) + 2.48*max(0,X13-0.716) + 2.40*max(0,X0-0.860) + 2.37*max(0,X6-1.32) - 1.87*max(0,-0.645-X7) - 1.80*max(0,X12-0.842) + 1.72*max(0,X22-1.09) + 1.71*max(0,-0.933-X23) - 1.52*max(0,-0.399-X24) - 1.49*max(0,X13-1.17) + 1.48*max(0,-0.972-X20) - 1.45*max(0,X4-1.83) - 1.41*max(0,-0.615-X16) - 1.39*max(0,X17-1.39) + 1.38*max(0,X18-1.33) - 1.35*max(0,X1+0.129) - 1.32*max(0,X16-0.696) + 1.30*max(0,-0.547-X12) + 1.27*max(0,X19-0.595) + 1.26*max(0,-1.20-X22) - 1.24*max(0,X18-0.372) + 1.22*max(0,X15-1.28) + 1.20*max(0,X21-1.29) + 1.17*max(0,-1.09-X7) - 1.17*max(0,X11-1.35) - 1.16*max(0,X4-2.46) - 1.14*max(0,X13-0.257) - 1.13*max(0,-0.228-X0) - 1.13*max(0,-0.0757-X10) + 1.09*max(0,-0.995-X10) - 1.08*max(0,-0.660-X13) - 1.07*max(0,0.114-X19) - 1.07*max(0,X11-0.440) + 1.04*max(0,X19-1.56) + 1.02*max(0,X10-0.384) - 1.01*max(0,X19-0.114) - 1.00*max(0,-0.129-X1) - 1.00*max(0,-1.05-X6) - 0.996*max(0,X0-0.316) + 0.977*max(0,X3-0.747) - 0.962*max(0,-0.0206-X20) - 0.928*max(0,X21-0.842) + 0.904*max(0,X5-0.308) - 0.877*max(0,X1-1.32) + 0.857*max(0,0.839-X1) + 0.857*max(0,-0.852-X24) + 0.842*max(0,-0.527-X14) + 0.825*max(0,-0.367-X19) + 0.790*max(0,-1.15-X3) - 0.790*max(0,X10+0.0757) + 0.789*max(0,-0.198-X7) - 0.786*max(0,-0.981-X14) - 0.738*max(0,X5-0.758) - 0.701*max(0,X3-0.273) + 0.701*max(0,-0.178-X16) + 0.700*max(0,X8-0.676) + 0.689*max(0,-1.21-X8) + 0.685*max(0,-0.772-X0) + 0.674*max(0,X11-0.896) - 0.663*max(0,-1.01-X12) - 0.659*max(0,X5-1.21) - 0.649*max(0,X22-0.174) + 0.623*max(0,X18+0.105) - 0.606*max(0,-0.142-X5) - 0.603*max(0,-0.0839-X12) + 0.601*max(0,0.0538-X24) + 0.598*max(0,X24-0.507) - 0.596*max(0,X20-1.41) + 0.593*max(0,-0.583-X18) - 0.589*max(0,-0.0579-X4) + 0.584*max(0,-0.105-X18) - 0.580*max(0,-0.994-X15) + 0.577*max(0,-1.12-X13) - 0.567*max(0,X9-1.23) - 0.566*max(0,0.372-X18) - 0.555*max(0,X4-0.571) - 0.550*max(0,0.273-X3) + 0.532*max(0,X7-0.248) + 0.523*max(0,X20-0.930) - 0.522*max(0,X23-1.37) - 0.521*max(0,-1.32-X0) + 0.514*max(0,-1.04-X5) + 0.500*max(0,-0.870-X17) - 0.500*max(0,-0.946-X21) - 0.489*max(0,X8-1.15) - 0.481*max(0,-0.473-X23) + 0.480*max(0,-0.738-X8) + 0.474*max(0,-0.115-X9) - 0.474*max(0,X19-1.08) + 0.465*max(0,-0.756-X2) + 0.463*max(0,0.467-X2) - 0.450*max(0,X24-0.960) + 0.442*max(0,X21-0.395) - 0.438*max(0,-1.10-X1) + 0.436*max(0,0.384-X10) - 0.430*max(0,-1.06-X18) - 0.398*max(0,X24-1.41) - 0.395*max(0,X0+0.228) - 0.378*max(0,X6-0.842) + 0.373*max(0,-0.578-X6) + 0.373*max(0,-0.848-X19) - 0.370*max(0,X20+0.0206) + 0.369*max(0,X2-1.69) + 0.369*max(0,0.308-X5) + 0.368*max(0,X11+0.0166) - 0.366*max(0,X7-0.695) + 0.359*max(0,-0.535-X10) - 0.355*max(0,X2-1.08) - 0.353*max(0,X3-1.22) - 0.341*max(0,-0.267-X8) - 0.335*max(0,-1.01-X9) + 0.328*max(0,X10-1.30) + 0.321*max(0,0.595-X19) + 0.320*max(0,X9+0.115) + 0.301*max(0,-0.104-X6) + 0.301*max(0,X7-1.14) + 0.300*max(0,X3+0.202) - 0.274*max(0,0.571-X4) + 0.248*max(0,0.507-X24) - 0.240*max(0,0.382-X14) + 0.239*max(0,-0.496-X20) - 0.214*max(0,X5+0.142) + 0.213*max(0,X18-0.850) - 0.206*max(0,X9-0.780) - 0.186*max(0,X14-1.29) - 0.186*max(0,X1+0.613) - 0.181*max(0,X8-0.204) + 0.179*max(0,-0.201-X13) - 0.176*max(0,0.440-X11) + 0.175*max(0,0.369-X15) + 0.169*max(0,X17-0.489) + 0.169*max(0,X17-0.941) + 0.168*max(0,-1.05-X16) - 0.158*max(0,X2+0.144) - 0.157*max(0,0.174-X22) + 0.152*max(0,X12+0.547) - 0.150*max(0,X15-0.823) - 0.139*max(0,0.0359-X17) + 0.133*max(0,1.20-X4) + 0.118*max(0,X23-0.448) - 0.118*max(0,-0.562-X9) + 0.0976*max(0,X6+0.104) + 0.0884*max(0,X2-0.467) - 0.0794*max(0,X15+0.539) - 0.0765*max(0,X13+0.660) + 0.0730*max(0,X12-0.379) + 0.0697*max(0,-0.929-X11) + 0.0658*max(0,0.355-X1) + 0.0493*max(0,0.395-X21) - 0.0473*max(0,X24+0.399) + 0.0465*max(0,-0.0166-X11) - 0.0446*max(0,X1+1.10) + 0.0369*max(0,0.716-X13) - 0.0369*max(0,-0.144-X2) - 0.0335*max(0,-0.0123-X23) + 0.0173*max(0,0.248-X7) + 0.0167*max(0,X17+0.870) - 0.0130*max(0,X4+0.0579) + 0.00540*max(0,-0.687-X4) - 0.00494*max(0,X14-0.382) - 0.00358*X1 - 0.00170*max(0,X22-0.632)"
ffx,659_sleuth_ex1714,ok,0.400803,1561.807855,238,5.84,,"-0.220 + 3.45*max(0,X5-1.86) - 3.45*max(0,-1.33-X3) + 2.79*max(0,X2-2.36) - 2.36*max(0,X0-1.59) + 1.65*max(0,-1.89-X3) - 1.58*max(0,X6-2.02) - 1.18*max(0,-0.807-X5) + 1.12*max(0,-0.773-X3) + 0.985*max(0,X0-0.612) + 0.718*max(0,X4-1.53) + 0.462*max(0,-0.216-X3) + 0.309*max(0,X6+0.180) + 0.286*max(0,1.08-X4) - 0.270*max(0,X1-1.71) - 0.231*max(0,X2+0.157) - 0.214*max(0,X4-0.188) + 0.188*max(0,X5-0.261) - 0.142*max(0,X0+0.363) - 0.140*max(0,X6-1.58) - 0.136*max(0,X3-0.899) - 0.124*max(0,X5-0.795) - 0.109*max(0,-0.273-X5) - 0.109*max(0,X3-0.342) - 0.0972*max(0,-0.157-X2) + 0.0866*max(0,-0.180-X6) - 0.0821*max(0,X3+1.33) - 0.0658*max(0,X1+0.247) + 0.0524*max(0,0.730-X1) - 0.0492*max(0,0.795-X5) - 0.0465*max(0,-0.363-X0) - 0.0261*max(0,-0.850-X0)"
ffx,663_rabe_266,ok,0.99867,1.800332,125,3.8,,"-0.400 + 0.728*X0 + 0.252*max(0,1.13-X0) * max(0,-0.881-X1) + 0.212*max(0,X0+0.916) - 0.0967*max(0,-0.0963-X0) + 0.0954*max(0,0.411-X1) - 0.0757*X1 * max(0,-0.0199-X1) + 0.0631*max(0,1.27-X1) - 0.0590*max(0,1.13-X0) * X1 - 0.0413*max(0,-0.506-X0) + 0.0407*max(0,X0-0.723) * X1 + 0.0219*max(0,-0.0199-X1) + 0.0186*max(0,1.13-X0) * max(0,-0.0199-X1) + 0.0165*max(0,X0-0.723) * X0"
ffx,665_sleuth_case2002,ok,-1.088091,12.341648,1190,11.63,,"1.82 - 104*max(0,X5-0.125) * max(0,-0.874-X4) - 87.0*max(0,X5-1.07) * max(0,X4-0.223) + 74.6*max(0,X4-0.771) * max(0,X5-1.07) + 39.7*max(0,X5-1.07) - 38.3*max(0,X5+0.348) * max(0,-1.42-X4) + 34.1*max(0,-0.821-X5) * max(0,-1.42-X4) + 33.5*max(0,X4-0.771) * max(0,-1.29-X5) + 32.5*max(0,-0.821-X5) * max(0,X4-0.223) + 28.5*max(0,X5+0.348) * max(0,-0.874-X4) + 21.5*max(0,X5-1.07) * max(0,X5-0.125) - 19.7*max(0,-0.821-X5) * max(0,X4-0.771) + 16.4*max(0,X5-0.125) * max(0,-0.325-X4) - 15.7*max(0,X4-0.223) * max(0,-1.29-X5) - 15.2*max(0,-0.821-X5) * max(0,-0.874-X4) + 13.0*max(0,-1.42-X4) * max(0,-1.29-X5) - 12.7*max(0,-0.348-X5) * max(0,-1.42-X4) - 12.7*max(0,-0.325-X4) * max(0,-1.29-X5) - 12.5*max(0,-1.29-X5) - 11.4*max(0,X4-0.223) * max(0,-0.348-X5) - 9.70*max(0,-0.821-X5) * max(0,X4+0.325) + 9.15*max(0,-0.821-X5) * max(0,-1.29-X5) + 8.91*X5 * max(0,-1.42-X4) - 8.79*max(0,-0.821-X5) * max(0,-0.348-X5) - 8.51*max(0,X5+0.348) * max(0,-0.325-X4) + 8.50*max(0,-0.821-X5) + 8.33*max(0,-0.821-X5) * max(0,-0.325-X4) + 8.05*max(0,-1.42-X4) * max(0,-0.874-X4) - 7.24*max(0,-1.97-X4) - 6.71*max(0,0.125-X5) * max(0,X4-0.223) + 6.01*max(0,-0.348-X5) * max(0,-1.29-X5) + 5.96*max(0,X4+0.325) * max(0,-0.348-X5) - 5.71*max(0,0.125-X5) * max(0,-1.42-X4) + 5.45*max(0,0.125-X5) * max(0,X4+0.325) + 4.59*max(0,0.125-X5) * max(0,-1.29-X5) + 4.51*X5 * max(0,X4-0.223) + 4.49*max(0,-0.325-X4) * max(0,-0.348-X5) - 4.47*max(0,-1.42-X4) - 4.21*max(0,X5-0.125) * max(0,X4-0.223) - 4.15*max(0,X5-0.125) - 4.11*X5 * max(0,X5-1.07) - 3.76*max(0,0.125-X5) * max(0,-0.821-X5) + 3.70*max(0,-0.348-X5) * max(0,-0.874-X4) - 3.58*max(0,X5-1.07) * max(0,X4+0.325) + 3.26*max(0,X4+0.325) * max(0,X5-0.125) - 3.17*max(0,X5+0.348) * max(0,X4-0.223) + 3.02*max(0,X4+0.325) * max(0,X4-0.223) + 2.77*X5 * max(0,-0.821-X5) + 2.64*max(0,X4-0.771) * max(0,X5-0.125) - 2.06*X5 * max(0,X5-0.125) + 2.00*max(0,-0.289-X1) - 1.94*max(0,X5+0.348) * max(0,X5-1.07) - 1.91*X5 * max(0,X4-0.771) - 1.91*max(0,-0.0224-X0) + 1.90*X5 - 1.86*X5 * max(0,-1.29-X5) + 1.83*max(0,-0.348-X5) + 1.82*max(0,0.223-X4) - 1.82*max(0,0.125-X5) * max(0,X4-0.771) + 1.72*max(0,0.125-X5) * max(0,-0.874-X4) + 1.71*max(0,-0.325-X4) * max(0,-1.42-X4) - 1.53*max(0,X4-0.771) * max(0,X4-0.223) - 1.49*max(0,-0.325-X4) - 1.48*max(0,X4+0.325) - 1.47*X5 * max(0,-0.325-X4) - 1.44*max(0,X5+1.29) + 1.42*max(0,X5+0.821) - 1.27*max(0,0.125-X5) - 1.20*max(0,-0.325-X4) * max(0,-0.874-X4) + 1.17*max(0,-0.874-X4) + 1.14*X5**2 + 1.11*max(0,X4+0.325) * max(0,-1.29-X5) - 0.994*max(0,X5+0.348) * max(0,X4-0.771) - 0.925*max(0,X4-0.771) * max(0,-0.348-X5) - 0.885*X5 * max(0,X4+0.325) - 0.830*max(0,X4-0.771) + 0.827*max(0,X4+1.42) - 0.819*max(0,-0.271-X3) + 0.772*max(0,X5+0.348) * max(0,X5-0.125) - 0.670*max(0,X5-0.598) + 0.669*X5 * max(0,-0.874-X4) + 0.646*X5 * max(0,X5+0.348) - 0.586*max(0,0.125-X5) * max(0,-0.325-X4) - 0.550*X2**2 - 0.503*max(0,1.07-X5) - 0.421*X3**2 - 0.374*max(0,X5+0.348) * max(0,X4+0.325) + 0.339*X1**2 + 0.286*X1 + 0.272*max(0,X5+0.348) - 0.257*max(0,X4+0.874) - 0.243*X0**2 - 0.202*max(0,0.0129-X3) - 0.172*max(0,-0.874-X4) * max(0,-1.29-X5) + 0.154*X5 * max(0,-0.348-X5) - 0.137*max(0,-0.529-X2) - 0.134*max(0,X4-0.223) - 0.0991*max(0,0.125-X5) * max(0,-0.348-X5) + 0.0980*X3 + 0.0863*max(0,-0.261-X2) + 0.0744*max(0,X4-0.771) * max(0,X4+0.325) + 0.0577*max(0,-0.00641-X1) - 0.0506*max(0,0.306-X0) - 0.0298*X0 + 0.0122*X2 + 0.00656*max(0,0.00608-X2) - 0.00331*max(0,0.276-X1) + 0.00191*max(0,X1-0.276) - 0.00104*max(0,0.633-X0) + 0.000579*max(0,0.541-X2) - 0.000242*max(0,0.558-X1) + 8.29e-5*max(0,0.273-X2) + 6.07e-5*max(0,X0+0.0224) - 4.06e-5*max(0,0.581-X3) + 2.13e-5*max(0,X1+0.289) + 2.31e-7*max(0,X0-0.633) - 5.24e-11*max(0,0.961-X0)"
ffx,666_rmftsa_ladata,ok,-2.734123,5.453442,2265,20.89,,"-1.47 - 170*max(0,X1-0.905) * max(0,X4-2.62) - 61.6*max(0,X5-2.27) * max(0,-0.0242-X2) - 37.3*max(0,X4-2.62) * max(0,-0.0242-X2) - 21.8*max(0,X1-0.905) * max(0,X6-2.34) + 15.0*max(0,-0.151-X8) * max(0,-1.58-X3) - 12.5*max(0,X0-2.02) * max(0,X1-3.03) + 11.2*max(0,X6-2.34) * max(0,-0.0242-X2) - 9.17*max(0,X1-0.905) * max(0,-1.58-X3) - 7.43*abs(X8) * max(0,X1-3.03) + 7.27*max(0,X6-2.34) * max(0,-0.151-X8) - 7.25*max(0,X4-1.99) * max(0,-0.0242-X2) - 6.83*max(0,X0-2.78) + 6.65*max(0,X1-0.905) * max(0,-1.02-X3) + 6.25*max(0,X4-1.37) * max(0,-0.0242-X2) + 6.23*max(0,X5-2.27) * max(0,-1.58-X3) - 5.59*max(0,X9-1.85) + 5.58*max(0,X4-1.37) * max(0,-1.58-X3) - 5.48*max(0,X8-0.390) * max(0,X7-2.00) + 4.93*max(0,X8-0.390) * max(0,X6-2.34) - 4.63*max(0,-0.0242-X2) * max(0,X1-3.03) - 4.59*max(0,X8+0.151) * max(0,X7-2.00) + 4.41*max(0,X8+0.151) * max(0,-0.0242-X2) + 4.30*abs(X8) * max(0,X1-2.32) + 4.20*max(0,X8+0.151) * max(0,-1.58-X3) + 4.16*max(0,X7-1.35) - 4.15*abs(X2) * max(0,X1-3.03) + 3.70*max(0,X1-1.61) - 3.63*abs(X1) * max(0,-1.58-X3) + 3.50*max(0,X8-0.390) * max(0,X1-0.905) - 3.44*max(0,X8-0.390) * max(0,-0.0242-X2) + 3.41*max(0,X1-2.32) + 3.32*max(0,X8+0.151) * max(0,X4-2.62) - 3.15*X8 * max(0,X7-2.00) - 2.99*max(0,X1-0.905) * max(0,X1-3.03) - 2.93*max(0,-0.151-X8) * max(0,X1-3.03) + 2.92*max(0,X1-2.32) * max(0,-0.0242-X2) - 2.87*abs(X8) * max(0,-1.58-X3) - 2.83*max(0,-1.02-X3) * max(0,-0.0242-X2) + 2.63*max(0,X8-0.390) * max(0,-1.02-X3) + 2.62*max(0,-1.02-X3) * max(0,X5-2.27) - 2.55*max(0,X5-1.64) - 2.44*X8 * max(0,X1-2.32) + 2.41*max(0,X8-2.01) + 2.37*max(0,-0.513-X1) + 2.30*max(0,X8-0.390) * max(0,X5-2.27) - 2.29*max(0,0.202-X9) + 2.21*max(0,X1-0.905) + 2.14*abs(X2) * max(0,X1-2.32) - 2.03*abs(X2) * max(0,-1.58-X3) + 1.96*max(0,X1-0.905) * max(0,X4-1.37) + 1.90*max(0,0.117-X4) - 1.89*max(0,X6-1.72) + 1.88*abs(X8) * max(0,X6-2.34) - 1.88*max(0,-1.02-X3) * abs(X8) + 1.87*max(0,X8-0.390) * max(0,X8-0.932) + 1.81*max(0,-0.0242-X2) + 1.80*max(0,X9-1.30) + 1.75*X8 * max(0,X0-2.02) + 1.70*abs(X8) + 1.63*max(0,X8-0.932) * max(0,-1.58-X3) - 1.63*X2 * max(0,X1-2.32) + 1.58*max(0,-0.716-X2) + 1.58*max(0,-1.58-X3) * max(0,X7-2.65) + 1.49*max(0,X0-2.02) * max(0,X1-2.32) - 1.47*X2 * max(0,X7-2.00) - 1.46*max(0,0.743-X4) + 1.44*max(0,X1-0.905) * max(0,X1-2.32) + 1.42*max(0,X6-1.09) - 1.38*max(0,0.0434-X7) - 1.38*max(0,X2+0.0242) * max(0,-0.151-X8) + 1.37*max(0,X8+0.151) * max(0,X4-1.37) + 1.37*max(0,-0.158-X6) - 1.30*max(0,X4-1.37) * max(0,-1.02-X3) + 1.29*max(0,X2+0.0242) * max(0,-1.58-X3) + 1.28*max(0,X4-1.37) * abs(X2) + 1.27*abs(X1) * max(0,-0.0242-X2) + 1.26*X8 * max(0,X6-2.34) + 1.26*abs(X9) + 1.21*X0 - 1.20*X1**2 + 1.18*X2 * max(0,X4-2.62) - 1.16*max(0,X1-0.905) * max(0,-0.0242-X2) - 1.14*max(0,X0-2.02) * abs(X8) - 1.13*abs(X8) * max(0,-0.0242-X2) + 1.12*max(0,X0-2.02) * max(0,-0.0242-X2) - 1.12*abs(X2) - 1.11*max(0,X8-0.390) * abs(X2) - 1.10*max(0,X0-2.02) * max(0,-0.151-X8) - 1.07*max(0,X3-0.654) - 1.07*X2 * max(0,X5-2.27) - 1.07*max(0,X2+0.0242) * max(0,X5-2.27) - 1.04*max(0,-0.462-X3) + 1.02*abs(X7) + 1.01*X2 * max(0,X1-3.03) - 1.01*abs(X1) * max(0,X7-2.00) + 1.01*max(0,X0-0.495) + 1.00*max(0,X2-2.05) - 0.996*max(0,X4-1.37) * max(0,-0.151-X8) - 0.995*X8**2 + 0.983*max(0,X1-0.905) * max(0,X0-2.02) - 0.983*max(0,X1-3.03) - 0.970*abs(X3) + 0.970*max(0,X8+0.151) * max(0,X6-2.34) + 0.957*X3**2 - 0.919*max(0,0.905-X1) - 0.900*abs(X8) * max(0,X7-2.00) - 0.899*max(0,0.667-X2) + 0.877*max(0,X8-0.390) - 0.873*max(0,X8-1.47) - 0.866*abs(X1) * max(0,-0.151-X8) - 0.849*max(0,X7-0.696) + 0.831*max(0,X5-0.380) - 0.798*X8 * max(0,-0.0242-X2) - 0.749*max(0,X0-2.02) + 0.744*max(0,X5-2.27) - 0.729*max(0,-1.02-X3) + 0.726*max(0,0.196-X1) + 0.721*abs(X1) + 0.714*max(0,X4-1.37) * max(0,X2+0.0242) + 0.710*max(0,-1.41-X2) - 0.701*X2 * max(0,X0-2.02) + 0.692*max(0,X1-0.905) * X2 + 0.683*max(0,0.0959-X3) + 0.681*max(0,0.696-X7) - 0.673*max(0,-0.267-X0) + 0.669*max(0,0.495-X0) + 0.655*max(0,X9-0.750) - 0.655*max(0,X9-0.202) - 0.652*max(0,-0.782-X6) + 0.649*max(0,X1-2.32) * max(0,-0.151-X8) - 0.646*max(0,-1.02-X3) * abs(X2) + 0.593*max(0,1.85-X9) - 0.586*X2 * max(0,-1.02-X3) - 0.585*max(0,X1-0.905) * abs(X2) + 0.577*max(0,X8+0.151) * max(0,-1.02-X3) + 0.559*max(0,X0-2.02) * abs(X2) - 0.555*abs(X2) * max(0,-0.0242-X2) + 0.555*max(0,X8-0.390) * max(0,X4-1.37) - 0.536*max(0,X8-0.390) * max(0,X2+0.0242) + 0.529*max(0,X5-1.01) - 0.513*max(0,X8+0.151) * abs(X2) + 0.506*max(0,X4-1.37) * X8 - 0.502*max(0,-1.58-X3) + 0.501*max(0,X4-2.62) + 0.478*abs(X8) * abs(X2) + 0.466*max(0,X2+0.0242) * max(0,X6-2.34) + 0.464*X8 * max(0,X1-3.03) - 0.464*max(0,X0+0.267) + 0.460*max(0,1.99-X4) + 0.451*max(0,X4-0.117) - 0.434*max(0,X8-0.932) * max(0,X7-2.00) - 0.420*abs(X5) - 0.418*X8 + 0.409*X2 * abs(X8) + 0.408*max(0,-0.609-X7) + 0.386*max(0,X2+0.0242) * abs(X8) + 0.368*max(0,X2+0.0242) * abs(X2) - 0.363*max(0,-0.151-X8) * max(0,-0.0242-X2) - 0.357*max(0,X9+0.347) + 0.351*abs(X0) + 0.350*max(0,X2-0.667) - 0.345*max(0,X1-0.196) - 0.331*max(0,X8+0.151) + 0.328*max(0,X4-1.99) - 0.326*max(0,-0.347-X9) - 0.320*X9 - 0.314*X7**2 + 0.310*max(0,-1.03-X0) - 0.309*abs(X6) - 0.300*max(0,-1.02-X3) * max(0,-1.58-X3) + 0.284*X6 + 0.282*max(0,-0.895-X9) + 0.270*max(0,-0.692-X8) + 0.266*max(0,0.750-X9) - 0.259*X4**2 - 0.256*max(0,X4-1.37) * abs(X8) - 0.250*max(0,X4-0.743) - 0.243*X9**2 - 0.234*max(0,0.380-X5) - 0.231*max(0,X5-2.27) * max(0,-0.151-X8) + 0.230*max(0,X1-0.905) * abs(X8) - 0.229*max(0,-0.508-X4) + 0.229*max(0,X8-0.390) * max(0,-1.58-X3) + 0.225*max(0,2.27-X5) + 0.208*max(0,X5+0.251) - 0.203*max(0,X7-0.0434) + 0.200*max(0,X6-2.34) * max(0,X7-2.00) - 0.194*max(0,1.37-X4) + 0.190*max(0,X7-2.00) * max(0,-1.58-X3) - 0.185*max(0,1.72-X6) + 0.183*max(0,X6+0.158) + 0.182*max(0,X6-2.34) * max(0,X7-2.65) - 0.180*max(0,X2+0.0242) * max(0,-1.02-X3) + 0.174*X8 * max(0,-0.151-X8) - 0.174*max(0,-0.151-X8) + 0.165*abs(X2) * max(0,X6-2.34) + 0.156*max(0,X3+1.58) + 0.155*X2 * max(0,X4-1.37) - 0.152*max(0,X7-2.00) - 0.151*X6**2 + 0.151*max(0,-0.883-X5) - 0.145*max(0,X8+0.151) * abs(X8) + 0.143*abs(X2) * max(0,-0.151-X8) + 0.141*max(0,-1.02-X3) * max(0,-0.151-X8) - 0.130*X0**2 - 0.125*max(0,X8+0.151) * X8 - 0.123*abs(X4) + 0.122*max(0,X8+0.151) * max(0,X1-0.905) - 0.119*max(0,X3-1.21) - 0.113*X2 * max(0,-0.151-X8) + 0.107*max(0,2.34-X6) + 0.103*max(0,X8-0.932) + 0.0988*max(0,1.09-X6) - 0.0984*X2 * max(0,-1.58-X3) + 0.0970*X2 * max(0,-0.0242-X2) + 0.0948*max(0,X8-0.932) * max(0,X2+0.0242) + 0.0926*max(0,X6-2.34) + 0.0868*max(0,1.35-X7) + 0.0848*X2 * abs(X2) - 0.0809*X8 * abs(X2) + 0.0738*max(0,X1-0.905) * X8 - 0.0733*max(0,X6+0.782) + 0.0727*abs(X8) * max(0,-0.151-X8) + 0.0713*abs(X1) * abs(X2) + 0.0667*max(0,X2-1.36) + 0.0642*max(0,X8-0.932) * abs(X8) - 0.0638*X5 + 0.0619*max(0,X5-2.27) * max(0,X7-2.00) - 0.0602*X2 * max(0,X2+0.0242) + 0.0568*max(0,1.21-X3) + 0.0533*max(0,1.01-X5) + 0.0526*max(0,X4-2.62) * max(0,X6-2.34) + 0.0523*max(0,2.00-X7) - 0.0508*max(0,0.932-X8) + 0.0501*max(0,-0.251-X5) - 0.0451*max(0,2.05-X2) - 0.0429*X2 - 0.0355*max(0,X8-0.390) * X2 + 0.0242*max(0,0.467-X6) + 0.0235*max(0,X2+0.0242) - 0.0231*X5**2 - 0.0221*X8 * abs(X8) + 0.0216*max(0,X0-1.26) + 0.0210*max(0,X8+0.692) + 0.0170*max(0,X2+1.41) - 0.0164*max(0,X7+0.609) - 0.0134*X3 - 0.0123*max(0,X3-0.0959) + 0.0110*max(0,2.65-X7) - 0.00774*max(0,1.26-X0) + 0.00723*max(0,X6-0.467) + 0.00554*max(0,X1+0.513) - 0.00551*max(0,2.02-X0) + 0.00237*max(0,X7-2.00) * max(0,X7-2.65) + 0.00166*max(0,2.62-X4) + 0.00156*max(0,X8-0.932) * X2 - 0.00132*X2**2 + 0.000562*max(0,X5-2.27) * max(0,X6-2.34) - 0.000155*max(0,1.36-X2)"
ffx,678_visualizing_environmental,ok,-1.344884,4.5823,1013,7.39,,"4.95 + 30.5*max(0,X1-0.684) * max(0,-1.37-X2) + 28.8*max(0,X1-1.16) * max(0,-1.37-X2) + 25.1*max(0,-1.37-X2) - 22.6*max(0,X1-0.684) * max(0,X0-2.33) + 14.3*max(0,X0-2.98) - 13.6*max(0,X1-1.16) * max(0,X1-0.211) + 11.9*max(0,X0-1.67) * max(0,X1-0.211) - 10.2*max(0,-0.735-X1) * max(0,-1.37-X2) - 10.1*max(0,-1.37-X2) * abs(X1) - 9.46*max(0,X0-2.33) * max(0,X1-0.211) + 9.16*max(0,-0.814-X2) - 8.80*abs(X2) * max(0,X1-0.211) - 8.75*X1 * max(0,-1.37-X2) + 8.60*abs(X1) * max(0,X1-0.211) - 7.87*max(0,X1-0.684) + 7.77*X1 * max(0,X1-0.684) + 7.37*max(0,X2-0.851) + 6.97*max(0,0.211-X1) * max(0,-1.37-X2) - 6.38*max(0,-1.37-X2) * max(0,X1-0.211) - 6.37*abs(X2) * max(0,-1.37-X2) + 6.30*abs(X2) * abs(X1) + 6.28*max(0,X1-1.16) + 6.02*max(0,X1-0.684) * max(0,X1-0.211) + 6.02*max(0,-1.21-X1) - 5.04*X2**2 - 4.80*max(0,X1-0.211) - 4.58*max(0,X1+0.262) + 4.28*max(0,-0.259-X2) + 4.19*max(0,X0-1.67) * X1 + 3.99*max(0,-0.735-X1) - 3.93*max(0,X0-1.67) * abs(X1) - 3.84*max(0,-1.37-X2) * max(0,-0.262-X1) - 3.61*max(0,-0.259-X2) * abs(X2) - 3.60*max(0,-0.259-X2) * max(0,-0.735-X1) - 3.37*max(0,X0-2.33) - 3.35*max(0,X1-1.16) * X1 - 3.33*abs(X2) * max(0,-0.262-X1) - 3.25*max(0,-0.735-X1) * abs(X1) - 3.12*max(0,X1-0.684) * max(0,-0.259-X2) + 3.05*abs(X2) - 3.04*max(0,X0-1.67) - 3.01*max(0,X1-0.684) * abs(X1) - 2.92*max(0,-0.259-X2) * max(0,-0.262-X1) + 2.87*max(0,-0.735-X1) * abs(X2) - 2.86*X1 * abs(X1) + 2.85*X1 * max(0,-0.735-X1) + 2.70*max(0,X2-1.41) + 2.69*abs(X2) * max(0,X0-2.33) - 2.68*max(0,0.684-X1) + 2.65*X1 + 2.59*max(0,-0.259-X2) * max(0,-1.37-X2) - 2.56*max(0,X0-1.67) * abs(X2) + 2.45*max(0,-0.259-X2) * abs(X1) + 2.21*max(0,X2-0.296) + 2.11*max(0,0.211-X1) * abs(X1) + 2.05*max(0,X1-1.16) * max(0,-0.259-X2) + 1.96*max(0,X1-1.16) * max(0,X1-0.684) - 1.82*max(0,-0.735-X1) * max(0,-0.262-X1) - 1.81*max(0,X0-1.67) * max(0,X0-2.33) - 1.76*max(0,X2+0.259) + 1.30*max(0,X0-1.02) - 1.29*max(0,0.211-X1) * max(0,-0.735-X1) - 1.28*max(0,-0.262-X1) - 1.22*max(0,0.211-X1) * abs(X2) + 1.15*X1 * max(0,X0-2.33) - 1.13*X1 * max(0,-0.262-X1) + 1.09*max(0,X1+0.735) - 1.04*X1**2 - 1.01*max(0,0.296-X2) + 0.874*max(0,-0.281-X0) + 0.825*X1 * abs(X2) + 0.788*max(0,-0.262-X1) * abs(X1) - 0.766*max(0,-0.259-X2) * max(0,X1-0.211) - 0.764*max(0,0.211-X1) * X1 - 0.720*X1 * max(0,X1-0.211) - 0.688*max(0,X1-1.16) * abs(X1) + 0.661*max(0,0.211-X1) * max(0,-0.259-X2) + 0.640*max(0,1.02-X0) - 0.555*max(0,1.16-X1) + 0.485*X2 - 0.465*abs(X0) - 0.462*max(0,X0-0.370) - 0.453*abs(X1) - 0.452*max(0,1.67-X0) + 0.419*max(0,X1-0.684) * abs(X2) - 0.321*max(0,X0+0.281) - 0.294*max(0,2.98-X0) - 0.277*max(0,0.211-X1) * max(0,-0.262-X1) - 0.265*max(0,1.41-X2) + 0.220*X1 * max(0,-0.259-X2) - 0.157*max(0,X0-1.67) * max(0,X1-0.684) - 0.120*X0 + 0.119*max(0,0.211-X1) + 0.118*max(0,0.851-X2) - 0.0985*max(0,X1+1.21) + 0.0871*max(0,X2+0.814) + 0.0869*max(0,0.370-X0) - 0.0696*max(0,X0-2.33) * abs(X1) - 0.0576*X0**2 - 0.000926*max(0,X1-1.16) * abs(X2)"
ffx,687_sleuth_ex1605,ok,-47.384101,98.428452,1013,8.1,,"-0.238 + 4763*max(0,-1.16-X2) * max(0,X4-1.75) + 69.1*max(0,X1-1.48) * max(0,-1.16-X2) - 31.9*max(0,X4-1.11) * max(0,-0.551-X3) - 29.9*max(0,X2-1.60) * max(0,X4-1.75) + 26.9*max(0,X4-1.75) * max(0,X1-2.12) + 23.8*max(0,X2-0.908) * max(0,-1.05-X1) + 19.4*max(0,X2-1.60) + 13.7*max(0,X2-0.908) * max(0,X2-1.60) - 12.9*max(0,-1.85-X2) - 10.7*max(0,X4-1.11) - 9.61*max(0,X2-0.908) * max(0,X3-1.21) + 9.57*max(0,-1.05-X1) * max(0,-0.169-X4) + 8.03*max(0,X1-1.48) * max(0,X3-1.21) - 7.72*max(0,-0.808-X4) * max(0,-1.14-X3) - 6.55*max(0,-1.05-X1) * max(0,-1.85-X2) - 6.15*max(0,-0.169-X4) - 5.92*max(0,X4-0.470) * max(0,X3-1.21) - 5.14*max(0,-1.45-X4) * max(0,-1.14-X3) - 5.14*max(0,-0.551-X3) * max(0,-1.14-X3) + 4.92*max(0,X0-0.606) + 4.78*max(0,-1.45-X4) * max(0,-0.808-X4) - 4.47*max(0,-0.414-X1) + 4.05*max(0,-1.05-X1) + 3.68*max(0,-0.529-X0) + 3.61*max(0,-0.551-X3) + 3.53*max(0,X2-0.217) + 3.36*max(0,-0.169-X4) * max(0,-0.808-X4) + 3.23*max(0,-1.16-X2) * max(0,-1.85-X2) - 2.83*max(0,X0-0.0387) + 2.65*max(0,0.470-X4) + 2.64*max(0,X3-1.80) - 2.59*max(0,X2-0.908) + 2.59*max(0,X4-0.470) - 2.58*max(0,X4+0.169) - 2.41*max(0,-1.45-X4) - 2.40*max(0,0.0387-X0) + 2.39*max(0,-0.551-X3) * max(0,-1.16-X2) + 2.38*max(0,X2-0.908) * max(0,X4-0.470) - 2.07*max(0,X1-0.851) + 2.00*max(0,X4+0.808) + 1.90*abs(X1) + 1.88*max(0,X4-1.11) * max(0,-1.16-X2) - 1.86*max(0,X4-1.75) - 1.82*max(0,-1.14-X3) * max(0,-1.85-X2) - 1.72*max(0,X4-0.470) * max(0,-0.551-X3) + 1.72*max(0,0.217-X2) - 1.55*max(0,-1.45-X4) * max(0,-1.16-X2) - 1.53*max(0,-1.45-X4) * max(0,-0.551-X3) + 1.35*max(0,-1.05-X1) * max(0,-0.808-X4) + 1.32*max(0,-0.551-X3) * max(0,-0.808-X4) - 1.31*max(0,-1.45-X4) * max(0,-1.85-X2) - 1.24*max(0,-1.05-X1) * max(0,-1.16-X2) - 1.24*max(0,0.0364-X3) + 1.15*max(0,X4-1.11) * max(0,X1-1.48) - 1.15*abs(X2) - 1.11*max(0,X1+0.414) + 1.10*abs(X4) - 1.08*abs(X0) - 1.06*max(0,X3-0.624) + 1.01*max(0,X0+0.529) - 1.00*max(0,-0.473-X2) + 0.937*max(0,X2-0.908) * max(0,X3-1.80) - 0.922*max(0,-0.169-X4) * max(0,-1.45-X4) + 0.874*max(0,-1.66-X0) + 0.865*max(0,X0-1.17) + 0.864*max(0,-1.14-X3) + 0.863*X3**2 + 0.779*max(0,-1.16-X2) * max(0,-1.14-X3) + 0.617*max(0,X1-2.12) + 0.577*max(0,X1-1.48) * max(0,X1-2.12) - 0.555*max(0,X2+0.473) - 0.529*max(0,1.11-X4) - 0.415*max(0,X3-1.21) * max(0,X4-1.75) - 0.388*max(0,-0.169-X4) * max(0,-1.16-X2) - 0.381*abs(X3) + 0.355*X1 - 0.354*max(0,X3-1.21) - 0.338*max(0,X0+1.10) + 0.318*max(0,0.606-X0) - 0.268*X3 - 0.238*X4**2 - 0.225*X0**2 - 0.220*X1**2 - 0.213*max(0,-0.808-X4) * max(0,-1.85-X2) + 0.207*max(0,X3-1.80) * max(0,X1-1.48) - 0.196*X2**2 + 0.194*max(0,X4-1.11) * max(0,X1-2.12) + 0.153*max(0,1.17-X0) + 0.0978*max(0,X4-0.470) * max(0,X1-2.12) + 0.0954*max(0,-0.169-X4) * max(0,-0.551-X3) + 0.0850*max(0,X3+0.551) - 0.0765*max(0,X4-1.11) * max(0,X2-1.60) - 0.0719*max(0,-1.10-X0) + 0.0691*max(0,-1.16-X2) * max(0,-0.808-X4) + 0.0300*max(0,-0.551-X3) * max(0,-1.85-X2) + 0.00875*max(0,X1-1.48) * max(0,X4-1.75) - 0.00620*max(0,X3-1.21) * max(0,X2-1.60) - 0.00618*max(0,0.851-X1) - 0.00342*max(0,X4-1.11) * max(0,X3-1.21) + 0.00242*max(0,1.60-X2)"
ffx,690_visualizing_galaxy,ok,0.9453,21.749427,1398,11.35,,"-1.48 - 30.8*max(0,0.282-X0) * max(0,X3-1.43) - 29.5*max(0,0.282-X0) * max(0,-1.20-X1) - 28.9*max(0,X2-0.302) * max(0,X1-1.73) - 13.6*max(0,X2-0.719) * max(0,-1.25-X3) - 12.2*max(0,X0-0.886) * max(0,-1.20-X1) + 10.5*max(0,X2-0.302) * max(0,-1.25-X3) - 10.0*max(0,X1-0.557) * max(0,X3-0.358) - 9.58*max(0,X2-0.719) * max(0,X3-0.358) + 9.27*max(0,X0-0.886) * max(0,X1-0.557) + 9.08*max(0,X2-0.302) * max(0,-1.20-X1) + 8.74*max(0,X1-0.557) * max(0,X2-0.719) - 8.12*max(0,X1-1.73) * max(0,-1.25-X3) + 7.95*max(0,X0-0.886) * max(0,X3-1.43) - 7.37*max(0,-1.36-X2) * max(0,X3-0.358) + 5.81*max(0,-0.322-X0) * max(0,X1-1.73) + 4.82*max(0,X2-0.302) * max(0,X3-1.43) - 4.51*max(0,X0-0.282) * max(0,-1.20-X1) - 4.13*max(0,X1-0.557) * max(0,X0-0.282) - 3.93*max(0,-0.322-X0) * max(0,-0.611-X1) + 3.87*max(0,0.557-X1) * max(0,-1.25-X3) - 3.85*max(0,-0.611-X1) * max(0,-1.25-X3) - 3.79*max(0,-0.322-X0) * max(0,-1.25-X3) + 3.74*max(0,0.282-X0) * max(0,X1-1.73) - 3.27*max(0,X2-0.302) * max(0,-0.611-X1) - 3.12*max(0,X3-0.358) * max(0,X3-1.43) + 3.06*max(0,0.282-X0) * max(0,-0.611-X1) + 3.03*max(0,X0-0.282) * max(0,X3-1.43) + 3.00*max(0,0.282-X0) * max(0,X3-0.358) - 2.67*abs(X3) * max(0,X2-0.719) + 2.49*max(0,-0.611-X1) * max(0,X3-1.43) + 2.47*max(0,X0-0.886) * max(0,X3-0.358) + 2.29*max(0,X2-0.302) * max(0,X2-0.719) + 2.19*max(0,-0.322-X0) * max(0,X2-0.719) - 2.17*max(0,X0-0.886) * max(0,X2-0.719) - 2.12*max(0,-1.25-X3) - 2.10*max(0,X1-0.557) * max(0,X2-0.302) + 1.99*max(0,X2-0.719) * max(0,-0.611-X1) - 1.94*max(0,X0-1.49) - 1.93*max(0,X1-0.557) * max(0,X1-1.73) - 1.92*max(0,X2-0.302) * max(0,-0.322-X0) + 1.87*max(0,-1.36-X2) * max(0,X0-0.886) - 1.79*max(0,0.282-X0) + 1.73*max(0,0.282-X0) * max(0,X2-0.302) + 1.72*abs(X3) * max(0,X3-1.43) - 1.56*max(0,-0.611-X1) * max(0,X0-0.282) + 1.52*max(0,-1.20-X1) - 1.50*max(0,X2-0.302) - 1.42*max(0,0.282-X0) * max(0,X2-0.719) - 1.25*max(0,-1.36-X2) * max(0,X0-0.282) + 1.23*max(0,0.282-X0) * max(0,-1.25-X3) + 1.20*max(0,X1-0.557) * max(0,-1.25-X3) + 1.17*max(0,-1.36-X2) * abs(X3) + 1.07*max(0,X0-0.282) * max(0,X3-0.358) - 1.02*max(0,X1-0.557) + 1.02*max(0,X1-1.73) + 1.00*max(0,X0-0.886) * max(0,X2-0.302) + 0.969*abs(X3) * max(0,X2-0.302) - 0.876*max(0,X3-0.895) + 0.822*max(0,-0.178-X3) + 0.803*max(0,X3-1.43) - 0.786*max(0,-0.926-X0) + 0.772*max(0,X2-0.302) * max(0,X0-0.282) + 0.758*max(0,X2-0.719) * max(0,X0-0.282) + 0.735*max(0,X1-0.557) * max(0,0.282-X0) + 0.672*max(0,0.557-X1) - 0.615*max(0,-0.947-X2) + 0.598*abs(X3) * max(0,X1-1.73) + 0.575*max(0,X0+0.322) + 0.559*max(0,X0-0.886) * abs(X3) - 0.554*max(0,X3-0.358) * max(0,-1.20-X1) - 0.552*abs(X3) * max(0,-0.322-X0) + 0.551*max(0,0.895-X3) + 0.533*max(0,-1.36-X2) * max(0,-0.322-X0) - 0.462*max(0,X1+0.611) - 0.459*X0 - 0.454*abs(X3) + 0.449*max(0,X2-0.302) * max(0,X3-0.358) - 0.437*max(0,0.557-X1) * max(0,X3-1.43) + 0.432*abs(X0) - 0.401*max(0,X0-0.886) - 0.398*max(0,-1.36-X2) * max(0,0.282-X0) - 0.384*max(0,-0.611-X1) * max(0,-1.20-X1) + 0.379*max(0,-1.36-X2) - 0.375*max(0,X2-0.719) + 0.355*max(0,0.358-X3) + 0.342*max(0,0.282-X0) * max(0,-0.322-X0) - 0.321*X1 + 0.319*max(0,X1+0.0273) - 0.295*abs(X1) - 0.277*max(0,X3+0.715) + 0.265*max(0,X1-0.557) * abs(X3) - 0.260*max(0,X0-0.886) * max(0,X0-0.282) + 0.253*max(0,X0+1.53) + 0.246*max(0,X2+0.114) + 0.246*max(0,-0.530-X2) + 0.244*max(0,X1-0.557) * max(0,-0.322-X0) + 0.230*max(0,1.73-X1) - 0.219*max(0,-1.53-X0) + 0.206*X3 + 0.199*max(0,X3+0.178) + 0.183*abs(X3) * max(0,X3-0.358) - 0.177*max(0,X0+0.926) - 0.172*max(0,-1.20-X1) * max(0,X3-1.43) + 0.171*abs(X3) * max(0,-1.20-X1) - 0.163*max(0,X0-0.886) * max(0,-0.611-X1) + 0.154*X2**2 - 0.152*max(0,-0.0273-X1) + 0.148*max(0,X3+1.25) + 0.136*max(0,1.14-X1) + 0.127*max(0,0.557-X1) * max(0,-1.20-X1) - 0.127*max(0,0.302-X2) + 0.122*abs(X3) * max(0,-1.25-X3) + 0.122*X0**2 + 0.0907*max(0,X1-1.14) + 0.0807*max(0,1.49-X0) + 0.0799*max(0,X0-0.282) - 0.0794*max(0,X2+0.530) + 0.0700*max(0,X2+1.36) - 0.0647*abs(X3) * max(0,0.282-X0) - 0.0604*max(0,X1+1.20) + 0.0540*X1**2 - 0.0442*max(0,-0.114-X2) + 0.0418*max(0,-0.611-X1) + 0.0394*max(0,X2+0.947) + 0.0354*X3**2 - 0.0324*max(0,-0.611-X1) * max(0,X3-0.358) - 0.0286*max(0,-0.322-X0) + 0.0220*max(0,-0.715-X3) + 0.0206*max(0,0.886-X0) - 0.0200*abs(X3) * max(0,X0-0.282) + 0.0194*abs(X2) - 0.0153*max(0,X3-0.358) - 0.00950*abs(X3) * max(0,-0.611-X1) - 0.00859*max(0,0.719-X2) - 0.00799*max(0,1.43-X3) - 0.00151*X2"
ffx,695_chatfield_4,ok,-11.448541,143.366983,2265,28.8,,"1.15 + 1893*max(0,X3-2.57) * max(0,X1-2.37) + 200*max(0,X2-2.12) * max(0,X3-2.57) - 71.5*max(0,X10-2.68) * max(0,X11-2.25) - 15.3*max(0,X11-2.25) - 10.8*max(0,X1-3.02) * max(0,X9-2.38) + 9.05*max(0,X7-2.32) * max(0,X2-2.73) - 7.68*max(0,X1-1.72) * max(0,X10-2.68) - 7.22*max(0,X3-1.97) * max(0,X11-2.25) + 6.99*max(0,X5-2.91) * max(0,X3-2.57) - 6.82*max(0,X10-2.68) * max(0,X9-2.38) + 6.58*max(0,X2-2.73) + 6.34*max(0,X11-1.72) - 6.02*max(0,X2-1.51) * max(0,X11-1.72) - 4.55*max(0,X3-1.38) + 4.43*max(0,X6-1.36) + 4.27*max(0,X2-1.51) * max(0,X10-2.08) - 4.21*max(0,X10-1.48) * max(0,X2-1.51) + 3.94*max(0,X9-2.38) + 3.90*max(0,X3-1.97) + 3.41*max(0,X2-0.892) - 3.33*max(0,X3-1.97) * max(0,X9-2.38) + 3.30*max(0,X6-2.49) * max(0,X3-2.57) - 3.26*max(0,X4-3.03) + 3.16*max(0,X2-2.12) * max(0,X11-1.72) - 3.11*max(0,X4-2.38) * max(0,X6-2.49) - 2.91*max(0,X3-2.57) * max(0,X11-2.25) - 2.56*max(0,X9-1.83) - 2.46*max(0,X7-1.78) + 2.43*max(0,X6-0.228) - 2.38*max(0,X3-0.187) + 2.25*max(0,X0-1.32) - 2.23*max(0,X11-2.25) * max(0,X9-2.38) - 2.06*max(0,-0.404-X11) - 2.04*max(0,X6-1.93) - 1.89*max(0,X11-1.72) * max(0,X3-1.97) - 1.85*max(0,X2-1.51) - 1.83*max(0,0.290-X10) - 1.76*max(0,-0.407-X3) + 1.73*max(0,X3-2.57) + 1.73*max(0,X8-0.912) - 1.70*max(0,X11-0.659) + 1.69*max(0,X10-1.48) + 1.53*max(0,X11-1.72) * max(0,X11-2.25) + 1.46*max(0,-0.365-X9) + 1.45*max(0,-0.943-X0) + 1.42*max(0,X6-2.49) * max(0,X2-2.73) - 1.42*max(0,X2-1.51) * max(0,X7-1.78) - 1.39*max(0,X1-2.37) * max(0,X9-2.38) + 1.38*max(0,0.228-X6) + 1.38*max(0,X0-0.416) + 1.36*max(0,X9-1.28) - 1.35*max(0,X6-0.794) + 1.32*abs(X3) - 1.29*max(0,X7-1.78) * max(0,X6-1.36) - 1.27*max(0,X8-0.323) - 1.25*max(0,X10-2.08) * max(0,X11-2.25) + 1.20*max(0,X10-1.48) * max(0,X1-2.37) - 1.19*max(0,X4-2.38) * max(0,X3-1.97) + 1.19*max(0,-0.308-X10) - 1.17*max(0,0.187-X3) - 1.17*max(0,-0.215-X4) + 1.13*max(0,-0.335-X2) + 1.11*max(0,X7-2.32) * max(0,X1-3.02) + 1.10*max(0,-0.490-X0) - 1.10*max(0,X1-1.72) + 1.08*max(0,X7-2.32) * max(0,X3-1.97) - 1.08*X0**2 + 1.06*max(0,X5-2.18) + 1.06*max(0,X1-3.02) * max(0,X2-2.73) - 1.05*abs(X6) + 1.04*max(0,X1-2.37) - 1.03*max(0,X2-1.51) * max(0,X6-1.36) - 0.992*abs(X7) - 0.971*max(0,X10-1.48) * max(0,X7-1.78) + 0.946*max(0,X1-1.07) + 0.890*max(0,X10-1.48) * max(0,X3-1.97) + 0.830*max(0,-0.220-X1) + 0.796*abs(X8) - 0.794*max(0,0.323-X8) - 0.771*X5 - 0.759*max(0,X10-2.08) - 0.758*max(0,X11-1.19) + 0.735*max(0,X10-2.08) * max(0,X1-2.37) - 0.735*max(0,X5-0.706) + 0.727*max(0,0.128-X11) - 0.717*X2**2 + 0.710*X3**2 - 0.705*max(0,0.706-X5) + 0.702*max(0,X7-0.160) + 0.702*max(0,X2-1.51) * max(0,X2-2.12) + 0.619*abs(X11) + 0.617*max(0,X7-2.32) * max(0,X11-1.72) - 0.605*X9**2 + 0.562*max(0,X1-3.02) + 0.560*X4**2 - 0.558*max(0,X4-0.434) + 0.548*max(0,X3-1.38) * max(0,X1-2.37) + 0.527*X7**2 + 0.519*max(0,X1-1.72) * max(0,X3-2.57) - 0.504*max(0,X4-1.08) + 0.500*X11 - 0.497*max(0,-0.267-X8) + 0.479*max(0,0.416-X0) - 0.457*max(0,X1-0.427) + 0.452*max(0,0.892-X2) - 0.433*max(0,X11-1.72) * max(0,X9-2.38) - 0.421*max(0,X10-2.08) * max(0,X11-1.72) - 0.415*max(0,X8-2.09) + 0.406*max(0,X2-1.51) * max(0,X5-2.18) + 0.399*abs(X0) + 0.396*max(0,-0.338-X6) + 0.388*abs(X10) - 0.386*max(0,X1-1.72) * max(0,X2-2.12) + 0.363*max(0,X6+0.338) + 0.357*max(0,X5-1.44) + 0.354*max(0,0.183-X9) + 0.347*max(0,X5-2.18) * max(0,X11-2.25) + 0.341*X11**2 - 0.332*X6**2 - 0.325*max(0,0.794-X6) - 0.325*max(0,0.427-X1) - 0.319*max(0,X0+0.0371) - 0.319*X8 + 0.306*max(0,1.48-X10) - 0.304*max(0,X4+0.215) - 0.301*X6 + 0.298*abs(X4) + 0.294*max(0,X3-0.782) - 0.292*max(0,X3-2.57) * max(0,X3-1.97) - 0.285*max(0,2.37-X1) + 0.282*max(0,X5-2.91) * max(0,X4-2.38) + 0.274*max(0,X5-2.91) * max(0,X9-2.38) - 0.272*max(0,X10-1.48) * max(0,X11-1.72) + 0.269*max(0,X10-2.08) * max(0,X1-3.02) + 0.268*max(0,X9+0.365) + 0.265*max(0,X10-0.887) + 0.262*max(0,X3-1.38) * max(0,X1-3.02) - 0.257*max(0,X2-1.51) * max(0,X4-2.38) + 0.255*max(0,X5-2.18) * max(0,X9-2.38) + 0.252*max(0,X9-0.183) + 0.245*max(0,X8-1.50) + 0.221*max(0,X0-0.868) - 0.221*abs(X9) + 0.220*max(0,X7-1.24) - 0.220*max(0,-0.0371-X0) - 0.205*X8**2 + 0.193*max(0,2.32-X7) - 0.190*max(0,X4-1.73) * max(0,X3-1.38) + 0.188*max(0,X7-1.78) * max(0,X1-1.72) + 0.185*X7 + 0.179*max(0,0.912-X8) - 0.178*max(0,X4-1.73) * max(0,X4-2.38) + 0.173*max(0,X3-1.38) * max(0,X2-2.73) + 0.169*X9 + 0.167*max(0,X7-2.32) * max(0,X6-2.49) - 0.157*max(0,X11+0.404) - 0.156*max(0,0.868-X0) - 0.150*max(0,-0.379-X7) + 0.150*max(0,X1-1.72) * max(0,X3-1.38) + 0.145*max(0,1.08-X4) - 0.139*abs(X2) - 0.130*max(0,1.51-X2) - 0.128*max(0,X3-1.38) * max(0,X4-2.38) - 0.125*max(0,2.38-X9) - 0.125*X2 - 0.124*max(0,1.36-X6) + 0.121*X5**2 - 0.121*max(0,X2-1.51) * max(0,X1-1.72) + 0.121*max(0,0.782-X3) - 0.121*max(0,X7+0.379) - 0.120*X10**2 + 0.117*max(0,X7-1.78) * max(0,X4-1.73) + 0.116*max(0,-0.0287-X5) - 0.114*max(0,0.434-X4) - 0.111*max(0,X6-2.49) * max(0,X11-2.25) - 0.110*X1**2 + 0.108*max(0,0.887-X10) - 0.102*max(0,X4-3.03) * max(0,X6-2.49) + 0.0982*max(0,X10-1.48) * max(0,X3-1.38) + 0.0963*max(0,X9-0.732) - 0.0952*max(0,0.659-X11) - 0.0930*max(0,1.83-X9) + 0.0916*max(0,X5-2.18) * max(0,X3-1.97) + 0.0898*max(0,X2-0.278) - 0.0857*max(0,X10+0.308) - 0.0788*max(0,1.72-X11) + 0.0674*abs(X1) + 0.0672*max(0,X0+0.490) - 0.0645*max(0,1.93-X6) + 0.0632*max(0,X5+0.0287) + 0.0625*max(0,X5-2.18) * max(0,X6-2.49) + 0.0618*max(0,X10-1.48) * max(0,X3-2.57) - 0.0615*max(0,X11-0.128) + 0.0595*X0 - 0.0590*max(0,X6-2.49) * max(0,X9-2.38) + 0.0584*max(0,X5-2.18) * max(0,X6-1.36) + 0.0563*max(0,X6-2.49) - 0.0544*max(0,X6-1.36) * max(0,X4-2.38) + 0.0526*max(0,X7-0.699) - 0.0524*max(0,0.732-X9) + 0.0513*max(0,2.08-X10) + 0.0445*max(0,X5-2.91) * max(0,X10-2.68) - 0.0404*max(0,1.28-X9) - 0.0388*max(0,X4-2.38) - 0.0382*max(0,1.32-X0) + 0.0377*max(0,X1-2.37) * max(0,X2-2.73) + 0.0363*max(0,1.97-X3) - 0.0360*max(0,1.44-X5) - 0.0343*max(0,1.72-X1) + 0.0341*max(0,X2-2.12) + 0.0285*max(0,X5-2.18) * max(0,X1-2.37) + 0.0274*X3 - 0.0274*max(0,2.18-X5) + 0.0259*max(0,X5-2.91) - 0.0259*max(0,X4-2.38) * max(0,X11-1.72) - 0.0245*max(0,X6-1.93) * max(0,X4-2.38) + 0.0239*max(0,X8-2.68) + 0.0237*max(0,X6-1.36) * max(0,X1-2.37) + 0.0224*max(0,X10-2.68) + 0.0212*max(0,1.07-X1) + 0.0193*max(0,2.38-X4) + 0.0172*max(0,X5-2.91) * max(0,X2-1.51) - 0.0154*max(0,X4-2.38) * max(0,X1-2.37) - 0.0149*max(0,X8+0.267) + 0.0128*max(0,0.160-X7) + 0.0103*max(0,X7-2.32) * max(0,X9-2.38) + 0.00983*max(0,X5-2.18) * max(0,X11-1.72) - 0.00792*max(0,2.91-X5) - 0.00780*max(0,X11-1.72) * max(0,X1-2.37) + 0.00758*max(0,X5-3.65) + 0.00735*max(0,X7-2.32) * max(0,X4-1.73) + 0.00724*max(0,X5-2.18) * max(0,X6-1.93) + 0.00711*max(0,X5-2.18) * max(0,X7-1.78) + 0.00639*max(0,X3-1.38) * max(0,X9-2.38) + 0.00624*X1 + 0.00496*max(0,X3-1.97) * max(0,X2-2.73) + 0.00488*max(0,X7-2.32) - 0.00487*max(0,1.38-X3) - 0.00453*max(0,X3+0.407) + 0.00420*max(0,0.699-X7) + 0.00409*max(0,1.73-X4) + 0.00398*max(0,X7-2.32) * max(0,X7-1.78) + 0.00355*max(0,X10-2.08) * max(0,X6-2.49) - 0.00346*max(0,X4-1.73) * max(0,X3-2.57) - 0.00278*max(0,1.50-X8) - 0.00220*max(0,X1-2.37) * max(0,X11-2.25) - 0.00179*max(0,X4-1.73) * max(0,X3-1.97) + 0.00145*max(0,X5-2.18) * max(0,X3-1.38) + 0.00114*max(0,X1+0.220) + 0.00103*max(0,X7-2.32) * max(0,X3-1.38) + 0.000755*max(0,X5-2.18) * max(0,X10-2.08) - 0.000754*max(0,X6-1.93) * max(0,X4-3.03) - 0.000464*abs(X5) - 0.000429*max(0,X4-3.03) * max(0,X4-2.38) + 0.000246*max(0,2.68-X10) - 1.45e-5*max(0,X4-3.03) * max(0,X10-2.08) - 1.13e-9*max(0,X4-3.03) * max(0,X6-1.36)"
ffx,706_sleuth_case1202,ok,-120.204635,1087.49595,1642,13.69,,"1.76 + 131*max(0,X4-1.68) * max(0,-0.236-X0) - 77.5*max(0,X4-1.68) * abs(X0) + 61.1*max(0,X4-1.68) * max(0,X3-0.173) + 28.1*max(0,X3-1.04) * max(0,-0.711-X4) + 20.1*max(0,X0-0.585) * max(0,-0.711-X4) + 13.8*max(0,X1-0.119) * max(0,X4-0.244) + 12.1*abs(X1) * max(0,X4-1.68) + 11.3*max(0,X4-0.244) * max(0,-0.236-X0) - 11.1*max(0,X4-1.68) - 9.77*max(0,X3-0.173) * max(0,-0.711-X4) - 9.18*max(0,X3-1.04) * abs(X0) - 7.94*max(0,X3-1.04) * max(0,-0.233-X4) - 7.88*max(0,X0-3.05) + 7.21*max(0,X3-0.173) * max(0,X3-1.04) + 6.25*max(0,X0-0.585) * max(0,0.119-X1) + 6.13*max(0,-0.233-X4) * max(0,-0.236-X0) - 6.12*max(0,-1.06-X0) * max(0,-0.711-X4) - 6.10*max(0,X0-2.23) - 5.27*max(0,X3-1.04) * max(0,-0.236-X0) + 5.05*max(0,X0-0.585) * max(0,X4-0.244) - 4.99*abs(X0) + 4.97*max(0,-1.06-X0) * max(0,X3-0.173) + 4.79*max(0,-1.06-X0) * max(0,0.119-X1) + 4.77*max(0,X4-0.722) + 4.76*max(0,0.119-X1) + 4.65*max(0,X1-0.119) + 4.64*max(0,X1-0.119) * max(0,-0.233-X4) + 4.62*max(0,X3-1.04) * max(0,0.119-X1) + 4.56*max(0,X1-2.57) + 4.46*abs(X3) * max(0,-0.711-X4) - 4.37*max(0,0.119-X1) * max(0,-0.236-X0) - 4.13*max(0,-0.711-X4) * max(0,-0.233-X4) + 3.89*max(0,-1.14-X3) - 3.81*abs(X1) + 3.81*max(0,-1.06-X0) * X4 - 3.62*max(0,X1-0.119) * max(0,-0.711-X4) - 3.49*abs(X3) * max(0,X4-1.68) + 3.36*max(0,X1-0.119) * max(0,X3-1.04) - 3.19*abs(X1) * max(0,X3-0.173) - 3.18*max(0,-1.06-X0) + 3.07*max(0,X0-0.585) * max(0,X3-1.04) + 3.02*max(0,-1.06-X0) * max(0,X3-1.04) + 2.99*max(0,X3-1.04) * max(0,X4-0.244) + 2.98*abs(X3) * max(0,-0.236-X0) - 2.88*X1 * max(0,-0.711-X4) + 2.79*max(0,X0-0.585) * max(0,-0.233-X4) - 2.56*max(0,-1.06-X0) * max(0,-0.236-X0) - 2.56*abs(X0) * max(0,X4-0.244) - 2.50*abs(X3) * max(0,-1.06-X0) - 2.43*abs(X1) * max(0,-0.236-X0) + 2.43*max(0,X0-0.585) - 2.39*max(0,X1-0.731) - 2.39*max(0,-0.699-X3) + 2.33*max(0,X3-0.173) * max(0,0.119-X1) + 2.32*abs(X0) * max(0,-0.236-X0) + 2.32*max(0,0.119-X1) * max(0,-0.233-X4) + 2.29*max(0,X0-0.585) * X4 - 2.14*max(0,X3-0.609) + 2.10*abs(X3) * max(0,X0-0.585) + 2.05*abs(X1) * abs(X0) - 1.98*abs(X1) * abs(X4) + 1.90*max(0,X0+0.236) + 1.88*X1 * max(0,X4-1.68) + 1.84*max(0,X0-0.585) * abs(X1) - 1.80*max(0,X1-1.34) - 1.79*max(0,X3-1.04) - 1.70*abs(X4) * max(0,-0.233-X4) - 1.69*abs(X1) * max(0,X4-0.244) + 1.66*abs(X3) * max(0,X3-1.04) - 1.61*max(0,X1-1.95) - 1.60*X1 * abs(X0) + 1.56*max(0,X0-1.41) + 1.54*max(0,-0.711-X4) * max(0,-0.236-X0) - 1.40*max(0,X1-0.119) * abs(X0) - 1.38*X4 * max(0,X3-0.173) - 1.37*X4 * max(0,-0.236-X0) + 1.36*max(0,X1-0.119) * max(0,-0.236-X0) + 1.31*abs(X4) * max(0,-0.236-X0) + 1.30*X4 * max(0,X4-1.68) + 1.26*abs(X3) * max(0,X4-0.244) + 1.26*abs(X3) * max(0,X1-0.119) - 1.25*abs(X0) * max(0,-0.233-X4) - 1.25*X4 * max(0,X3-1.04) + 1.24*max(0,X4-1.20) - 1.20*abs(X1) * max(0,X3-1.04) + 1.19*abs(X3) * X4 - 1.17*max(0,0.244-X4) - 1.16*max(0,-0.711-X4) + 1.11*max(0,X3-0.173) * abs(X0) - 1.11*abs(X0) * abs(X4) - 1.06*max(0,X0-0.585) * abs(X0) + 1.04*max(0,X1+0.493) - 0.994*max(0,X1-0.119) * X4 - 0.989*abs(X3) - 0.986*X4 - 0.936*max(0,-1.06-X0) * max(0,-0.233-X4) + 0.864*max(0,X3-0.173) * abs(X4) + 0.854*X1 * max(0,X4-0.244) - 0.852*max(0,0.119-X1) * max(0,X4-0.244) - 0.850*max(0,X3-0.173) * max(0,-0.236-X0) + 0.840*X1 * abs(X3) - 0.839*X1 + 0.817*max(0,X3-0.173) * max(0,X4-0.244) - 0.794*X4 * max(0,-0.233-X4) + 0.770*max(0,X3-0.173) * max(0,-0.233-X4) - 0.716*max(0,X4+0.711) + 0.714*max(0,X0-0.585) * max(0,X3-0.173) + 0.672*max(0,0.173-X3) + 0.626*abs(X1) * max(0,0.119-X1) - 0.594*X0 - 0.579*X1 * X4 + 0.565*abs(X3) * abs(X1) + 0.556*X4 * max(0,X4-0.244) - 0.549*abs(X1) * max(0,-0.233-X4) - 0.533*max(0,X1-0.119) * max(0,-1.06-X0) - 0.502*abs(X4) + 0.476*max(0,-0.236-X0) - 0.474*X2 + 0.471*max(0,X3+1.14) + 0.458*X4 * abs(X0) - 0.454*abs(X3) * max(0,X3-0.173) + 0.448*abs(X3) * max(0,0.119-X1) + 0.446*max(0,X1-0.119) * abs(X4) + 0.440*X0**2 - 0.402*X3**2 - 0.390*max(0,X4-0.244) + 0.366*abs(X3) * abs(X4) - 0.339*max(0,-1.06-X0) * abs(X0) - 0.338*max(0,1.95-X1) - 0.331*abs(X0) * max(0,-0.711-X4) + 0.309*max(0,X5-0.308) + 0.294*max(0,X1-0.119) * max(0,X3-0.173) - 0.291*max(0,0.609-X3) - 0.288*max(0,X3+0.263) - 0.258*max(0,-0.233-X4) + 0.240*max(0,1.20-X4) + 0.231*X4 * abs(X4) + 0.222*X1 * max(0,X0-0.585) - 0.213*X3 - 0.211*max(0,-0.711-X4) * abs(X4) + 0.210*X4 * max(0,0.119-X1) - 0.205*max(0,1.34-X1) + 0.176*max(0,X5+0.216) - 0.133*max(0,X4-1.68) * abs(X4) + 0.122*X1 * max(0,X3-1.04) + 0.115*max(0,X0-0.585) * abs(X4) - 0.109*max(0,X3+0.699) + 0.0988*max(0,X1-0.119) * max(0,X0-0.585) + 0.0928*max(0,1.41-X0) - 0.0858*abs(X1) * max(0,-0.711-X4) + 0.0805*X1 * max(0,-0.236-X0) - 0.0626*max(0,X3-0.173) + 0.0625*max(0,-0.711-X4) * max(0,0.119-X1) + 0.0609*abs(X3) * abs(X0) - 0.0457*X4**2 + 0.0455*X1 * abs(X1) + 0.0254*X1 * max(0,X1-0.119) + 0.0253*max(0,0.722-X4) - 0.0246*max(0,2.57-X1) + 0.0164*X5**2 + 0.0154*max(0,0.731-X1) + 0.0124*abs(X2) + 0.0109*abs(X5) - 0.00555*max(0,-1.06-X0) * abs(X4) + 0.000931*max(0,1.68-X4)"
ffx,712_chscase_geyser1,ok,0.622881,7.865623,862,7.25,,"1.17 + 8.03*max(0,-0.263-X1) * max(0,X0-0.412) - 6.36*max(0,X0-0.788) * max(0,X1-0.164) + 5.99*max(0,0.0367-X0) * max(0,X1-0.164) - 5.87*max(0,-0.263-X1) * max(0,X0-0.788) + 5.17*max(0,-0.339-X0) * max(0,-0.690-X1) - 4.61*max(0,-1.12-X1) - 4.42*max(0,-0.263-X1) * max(0,-0.339-X0) - 4.16*X1 * max(0,-0.339-X0) - 4.03*max(0,0.590-X1) * max(0,-0.339-X0) + 3.86*max(0,X0-0.788) * max(0,X0-0.412) - 3.71*abs(X1) + 3.58*X1 * max(0,X0-0.412) - 3.57*max(0,X0-0.788) * max(0,0.164-X1) + 3.56*max(0,-0.339-X0) + 3.55*max(0,X0-0.412) * max(0,X1-0.164) - 3.31*max(0,0.0367-X0) * max(0,-0.263-X1) + 3.20*max(0,0.0367-X0) * max(0,-0.690-X1) + 2.96*max(0,0.590-X1) * max(0,X0-0.788) - 2.51*max(0,-0.339-X0) * max(0,X1-0.164) - 2.38*max(0,0.0367-X0) * max(0,-0.339-X0) - 2.25*max(0,X0-1.16) - 1.79*max(0,X1-0.590) + 1.69*max(0,0.590-X1) * max(0,X1-0.164) - 1.65*max(0,X0-0.788) * abs(X1) + 1.64*max(0,-0.715-X0) - 1.54*max(0,X0-0.412) - 1.54*X1 * max(0,X0-0.788) - 1.50*max(0,X0-0.788) - 1.32*max(0,-0.339-X0) * abs(X1) + 1.30*X1**2 + 1.13*max(0,X0-0.412) * abs(X1) - 1.10*max(0,X1-1.02) + 1.08*max(0,0.0367-X0) * abs(X1) + 0.936*max(0,0.0367-X0) * max(0,0.164-X1) - 0.836*abs(X0) + 0.830*max(0,0.590-X1) * max(0,0.0367-X0) + 0.826*max(0,0.164-X1) - 0.751*X1 * max(0,X1-0.164) - 0.745*max(0,X0-0.412) * max(0,-0.690-X1) + 0.743*max(0,0.590-X1) * max(0,0.164-X1) + 0.721*max(0,X1-0.164) + 0.682*X1 * max(0,0.164-X1) + 0.663*abs(X1) * max(0,X1-0.164) + 0.634*max(0,0.412-X0) + 0.611*max(0,-0.263-X1) * max(0,-0.690-X1) + 0.510*max(0,-0.690-X1) * abs(X1) - 0.492*max(0,1.16-X0) + 0.469*X0**2 + 0.418*max(0,X1+0.263) - 0.401*max(0,X0+0.339) - 0.387*max(0,0.590-X1) * max(0,X0-0.412) + 0.387*max(0,0.164-X1) * max(0,X0-0.412) - 0.382*max(0,0.164-X1) * abs(X1) + 0.342*max(0,0.0367-X0) + 0.326*X1 * abs(X1) - 0.304*max(0,0.590-X1) - 0.297*max(0,-0.263-X1) + 0.295*X0 + 0.274*max(0,X0-0.0367) - 0.273*max(0,X0-0.788) * max(0,-0.690-X1) + 0.214*max(0,0.590-X1) * max(0,-0.690-X1) - 0.208*X1 * max(0,-0.690-X1) - 0.190*max(0,-0.690-X1) - 0.188*max(0,-0.263-X1) * max(0,0.164-X1) + 0.134*max(0,0.164-X1) * max(0,-0.690-X1) + 0.127*max(0,X0+0.715) - 0.126*max(0,X1+1.12) - 0.121*X1 * max(0,0.0367-X0) - 0.113*max(0,0.164-X1) * max(0,-0.339-X0) + 0.0990*max(0,0.590-X1) * abs(X1) - 0.0955*max(0,0.590-X1) * max(0,-0.263-X1) - 0.0719*max(0,X1+0.690) - 0.0337*X1 - 0.0337*max(0,1.02-X1) - 0.0330*max(0,-0.263-X1) * abs(X1) + 0.00915*max(0,0.788-X0) - 0.000756*X1 * max(0,-0.263-X1)"
ffx,_deprecated_195_auto_price,ok,-36.213651,38551.042173,1928,36.96,,"3.84 - 188*max(0,X7-1.90) * max(0,X5-0.942) - 52.9*max(0,-0.616-X7) * max(0,X12-2.42) + 19.3*max(0,X8-1.79) * max(0,X3-1.08) - 15.7*max(0,X14-1.90) * max(0,X5-0.942) + 14.7*max(0,X1-1.54) * max(0,-1.06-X12) - 14.3*max(0,-1.03-X14) * max(0,-1.06-X12) + 11.2*max(0,-0.737-X13) * max(0,X5-1.57) - 9.35*max(0,-1.06-X12) * max(0,X6-2.03) - 8.03*max(0,X7-1.90) * max(0,X1-1.54) - 5.41*max(0,X5-0.942) * max(0,X3-1.08) + 5.39*max(0,X5-1.57) * max(0,X11-2.01) - 5.09*max(0,X9-2.29) + 5.03*max(0,X8-1.79) * max(0,X2-0.967) + 4.88*max(0,X6-1.29) + 4.02*max(0,X3-0.391) * max(0,X5-1.57) + 3.79*max(0,-0.737-X13) + 3.60*max(0,X2-2.44) * max(0,X11-2.01) + 3.52*max(0,X2-0.967) * max(0,X5-2.20) - 3.02*max(0,X6-2.77) - 3.00*max(0,X2-0.967) * max(0,X5-0.942) + 2.98*max(0,X5-0.942) * max(0,X11-2.01) + 2.79*max(0,X2-2.44) - 2.72*max(0,-0.737-X13) * max(0,X2-2.44) - 2.66*max(0,-1.03-X14) * max(0,X11-1.36) + 2.63*max(0,X2-0.967) * max(0,X11-2.01) + 2.62*max(0,-1.77-X8) + 2.42*max(0,X3-1.08) * max(0,-1.72-X9) - 2.34*max(0,-1.06-X12) * max(0,-1.72-X9) + 2.29*max(0,-0.737-X13) * max(0,X2-0.967) - 2.22*max(0,-0.616-X7) * max(0,-0.361-X12) - 2.20*max(0,-0.737-X13) * max(0,-1.03-X14) + 1.79*max(0,-0.361-X12) * max(0,-1.72-X9) - 1.79*max(0,X2-1.70) + 1.78*max(0,X0-1.33) - 1.74*max(0,X3-1.08) * max(0,X11-1.36) + 1.71*max(0,-0.737-X13) * max(0,X3-1.08) + 1.69*max(0,-0.598-X11) - 1.63*max(0,-1.03-X14) * max(0,-1.72-X9) - 1.60*max(0,-1.03-X14) * max(0,X5-0.942) + 1.59*max(0,X5-0.942) * max(0,-1.06-X12) + 1.49*max(0,-1.59-X0) - 1.41*max(0,0.233-X2) + 1.40*max(0,X2-0.967) * max(0,-1.03-X14) + 1.33*max(0,X1-1.54) * max(0,X3-0.391) - 1.33*max(0,-0.361-X12) * max(0,X3-1.08) - 1.29*max(0,-0.953-X5) + 1.29*max(0,X8-1.79) * max(0,X11-1.36) - 1.26*max(0,-0.737-X13) * max(0,X5-0.942) - 1.20*max(0,-0.932-X6) + 1.18*max(0,X6-0.548) + 1.07*max(0,-0.502-X2) + 1.05*max(0,X12-1.03) + 1.02*max(0,X2-0.967) * max(0,X5-1.57) + 0.990*max(0,X13-0.707) - 0.976*max(0,X7-1.06) - 0.953*max(0,X3-0.391) * max(0,X11-1.36) - 0.946*abs(X13) + 0.932*max(0,X11-2.01) - 0.926*max(0,-1.72-X9) - 0.875*max(0,X3-0.391) * max(0,-1.03-X14) + 0.873*abs(X14) - 0.864*max(0,X3-1.08) - 0.840*max(0,-0.616-X7) + 0.821*max(0,-0.932-X6) * max(0,-0.616-X7) + 0.765*abs(X2) + 0.765*max(0,X8-1.79) - 0.754*max(0,X3-1.78) + 0.726*max(0,X3-0.391) * max(0,-1.06-X12) - 0.703*max(0,X5-0.310) - 0.697*X7 + 0.643*max(0,X11-2.66) - 0.638*max(0,-1.06-X8) - 0.580*max(0,0.122-X10) + 0.563*max(0,0.222-X7) - 0.560*max(0,0.391-X3) + 0.543*max(0,-0.737-X13) * max(0,X3-0.391) + 0.542*max(0,-1.03-X14) * max(0,X6-2.03) + 0.535*max(0,-0.361-X12) * max(0,X5-0.942) + 0.521*max(0,X5-2.20) + 0.519*max(0,-1.03-X14) * max(0,X11-2.01) - 0.476*max(0,2.03-X6) - 0.460*max(0,X13+0.0152) - 0.443*max(0,X3-0.391) * max(0,-0.361-X12) - 0.440*max(0,X11-0.705) + 0.437*max(0,-0.301-X3) - 0.424*max(0,0.364-X8) + 0.421*max(0,X3-1.08) * max(0,X6-2.03) - 0.416*max(0,X14-0.435) + 0.406*max(0,-0.321-X5) + 0.399*max(0,X13-2.15) * max(0,X14-1.90) - 0.389*max(0,X2-0.967) + 0.378*max(0,X5-1.57) * max(0,X5-2.20) - 0.378*max(0,X2-0.967) * max(0,X11-1.36) + 0.376*abs(X5) - 0.370*max(0,0.435-X14) + 0.367*max(0,X14-2.63) + 0.365*max(0,-1.00-X0) + 0.347*max(0,X11-2.01) * max(0,X11-2.66) - 0.320*max(0,-0.296-X14) + 0.314*max(0,X1-0.832) - 0.308*max(0,X10-2.67) - 0.303*max(0,X3+0.993) - 0.303*max(0,1.36-X11) - 0.294*max(0,-0.737-X13) * max(0,X7-1.90) - 0.290*max(0,0.705-X11) - 0.286*max(0,X1-1.54) * max(0,X1-2.25) - 0.283*max(0,X12-2.42) + 0.273*max(0,-0.192-X6) + 0.256*max(0,X6+0.192) + 0.246*abs(X4) + 0.241*max(0,X7-1.90) - 0.227*max(0,-0.361-X12) - 0.215*max(0,X14+1.03) + 0.211*max(0,X1-1.54) * max(0,X8-1.79) + 0.187*max(0,X6-2.03) + 0.185*max(0,X6+0.932) - 0.183*max(0,-0.0152-X13) - 0.174*max(0,X11-0.0533) - 0.168*max(0,2.87-X13) - 0.166*max(0,2.77-X6) - 0.165*max(0,X1-0.125) + 0.164*max(0,X13-2.15) * max(0,-0.361-X12) - 0.150*max(0,0.772-X4) + 0.141*max(0,-0.932-X6) * max(0,X13-2.15) + 0.137*max(0,-1.03-X14) * max(0,X7-3.57) - 0.130*max(0,1.43-X13) - 0.127*max(0,X11-1.36) + 0.125*max(0,1.06-X7) - 0.122*max(0,-0.814-X4) - 0.121*max(0,X2+0.502) - 0.120*max(0,0.759-X10) - 0.120*X4**2 + 0.118*max(0,2.44-X2) - 0.115*max(0,X8-1.08) - 0.107*max(0,0.967-X2) + 0.106*abs(X3) - 0.103*X2**2 - 0.101*abs(X12) - 0.0971*max(0,X14+0.296) + 0.0962*max(0,X3-0.391) + 0.0958*max(0,X13-2.87) + 0.0904*max(0,1.70-X2) + 0.0902*max(0,X8-1.79) * max(0,X3-0.391) + 0.0901*max(0,X1-1.54) * max(0,-0.361-X12) - 0.0894*max(0,X7-3.57) * max(0,X11-2.01) + 0.0887*max(0,-0.361-X12) * max(0,X11-2.01) - 0.0880*abs(X0) + 0.0858*max(0,-0.361-X12) * max(0,X14-1.90) + 0.0857*max(0,X2-0.967) * max(0,X6-2.03) + 0.0854*max(0,-1.24-X2) + 0.0846*max(0,-0.737-X13) * max(0,X7-3.57) - 0.0827*max(0,-0.349-X8) + 0.0821*max(0,-0.737-X13) * max(0,-1.77-X8) - 0.0815*max(0,X2-0.233) - 0.0804*abs(X7) + 0.0696*max(0,X7-2.74) - 0.0687*X2 + 0.0677*max(0,X7-1.90) * max(0,X11-2.01) - 0.0629*max(0,X2+1.24) - 0.0618*max(0,X1-2.95) - 0.0609*max(0,X7-0.222) - 0.0604*max(0,0.707-X13) + 0.0544*max(0,-0.737-X13) * max(0,X6-2.03) - 0.0531*max(0,2.01-X11) + 0.0507*max(0,X3-1.08) * max(0,X7-2.74) + 0.0504*max(0,-0.737-X13) * max(0,-0.361-X12) - 0.0481*max(0,0.942-X5) + 0.0456*max(0,X9+0.715) - 0.0454*max(0,0.310-X5) - 0.0448*X3**2 + 0.0425*max(0,X2-0.967) * max(0,X7-2.74) - 0.0413*X14**2 + 0.0409*max(0,X7-1.90) * max(0,X3-1.08) - 0.0402*max(0,1.08-X3) + 0.0401*max(0,-0.582-X1) + 0.0364*max(0,-0.737-X13) * max(0,X11-2.01) + 0.0361*max(0,-0.715-X9) + 0.0320*max(0,-0.0211-X4) + 0.0319*X6 + 0.0305*max(0,X12+1.06) - 0.0270*max(0,0.0533-X11) + 0.0268*max(0,X2-2.44) * max(0,X7-3.57) + 0.0254*max(0,1.29-X9) + 0.0253*max(0,0.832-X1) + 0.0249*max(0,X5-0.942) * max(0,-1.72-X9) + 0.0243*max(0,-0.737-X13) * max(0,-1.06-X12) - 0.0229*X7**2 + 0.0227*max(0,X3-1.08) * max(0,-1.06-X12) - 0.0218*max(0,X7-3.57) + 0.0213*max(0,X3-0.391) * max(0,-1.72-X9) + 0.0193*max(0,-1.03-X14) * max(0,X11-2.66) + 0.0193*max(0,3.57-X7) + 0.0180*X13 - 0.0160*max(0,2.03-X10) - 0.0139*max(0,X7+0.616) + 0.0138*max(0,-0.361-X12) * max(0,X7-3.57) - 0.0135*X11**2 - 0.0131*X3 - 0.0131*max(0,3.31-X10) - 0.0110*max(0,1.40-X10) - 0.00999*max(0,0.162-X0) + 0.00889*max(0,X7-1.90) * max(0,X3-0.391) - 0.00846*max(0,-1.03-X14) - 0.00790*max(0,2.67-X10) - 0.00652*max(0,X9-0.286) - 0.00360*max(0,X6-2.03) * max(0,X11-2.01) - 0.00220*abs(X11) + 0.00176*max(0,X5-1.57) + 0.00104*max(0,X7-1.90) * max(0,X11-1.36) + 0.00102*max(0,X5+0.321) - 0.000799*abs(X8) + 0.000605*max(0,X7-1.90) * max(0,X7-2.74) + 0.000539*max(0,X7-1.90) * max(0,X6-2.03) - 0.000504*max(0,-0.993-X3) - 0.000195*max(0,1.73-X12) + 0.000102*max(0,X2-2.44) * max(0,X11-1.36) + 8.76e-5*max(0,X9-1.29) - 8.75e-5*max(0,X11-1.36) * max(0,X7-3.57) - 2.80e-6*max(0,X7-2.74) * max(0,X11-2.01) + 2.92e-7*max(0,X2-2.44) * max(0,X6-2.03) + 8.06e-10*max(0,X2-2.44) * max(0,X7-2.74) + 1.88e-10*max(0,X2-2.44) * max(0,X3-1.08) + 8.28e-11*max(0,X2-2.44) * max(0,-1.03-X14)"
ffx,_deprecated_207_autoPrice,ok,-36.213651,38551.042173,1928,35.69,,"3.84 - 188*max(0,X7-1.90) * max(0,X5-0.942) - 52.9*max(0,-0.616-X7) * max(0,X12-2.42) + 19.3*max(0,X8-1.79) * max(0,X3-1.08) - 15.7*max(0,X14-1.90) * max(0,X5-0.942) + 14.7*max(0,X1-1.54) * max(0,-1.06-X12) - 14.3*max(0,-1.03-X14) * max(0,-1.06-X12) + 11.2*max(0,-0.737-X13) * max(0,X5-1.57) - 9.35*max(0,-1.06-X12) * max(0,X6-2.03) - 8.03*max(0,X7-1.90) * max(0,X1-1.54) - 5.41*max(0,X5-0.942) * max(0,X3-1.08) + 5.39*max(0,X5-1.57) * max(0,X11-2.01) - 5.09*max(0,X9-2.29) + 5.03*max(0,X8-1.79) * max(0,X2-0.967) + 4.88*max(0,X6-1.29) + 4.02*max(0,X3-0.391) * max(0,X5-1.57) + 3.79*max(0,-0.737-X13) + 3.60*max(0,X2-2.44) * max(0,X11-2.01) + 3.52*max(0,X2-0.967) * max(0,X5-2.20) - 3.02*max(0,X6-2.77) - 3.00*max(0,X2-0.967) * max(0,X5-0.942) + 2.98*max(0,X5-0.942) * max(0,X11-2.01) + 2.79*max(0,X2-2.44) - 2.72*max(0,-0.737-X13) * max(0,X2-2.44) - 2.66*max(0,-1.03-X14) * max(0,X11-1.36) + 2.63*max(0,X2-0.967) * max(0,X11-2.01) + 2.62*max(0,-1.77-X8) + 2.42*max(0,X3-1.08) * max(0,-1.72-X9) - 2.34*max(0,-1.06-X12) * max(0,-1.72-X9) + 2.29*max(0,-0.737-X13) * max(0,X2-0.967) - 2.22*max(0,-0.616-X7) * max(0,-0.361-X12) - 2.20*max(0,-0.737-X13) * max(0,-1.03-X14) - 1.79*max(0,X2-1.70) + 1.79*max(0,-0.361-X12) * max(0,-1.72-X9) + 1.78*max(0,X0-1.33) - 1.74*max(0,X3-1.08) * max(0,X11-1.36) + 1.71*max(0,-0.737-X13) * max(0,X3-1.08) + 1.69*max(0,-0.598-X11) - 1.63*max(0,-1.03-X14) * max(0,-1.72-X9) - 1.60*max(0,-1.03-X14) * max(0,X5-0.942) + 1.59*max(0,X5-0.942) * max(0,-1.06-X12) + 1.49*max(0,-1.59-X0) - 1.41*max(0,0.233-X2) + 1.40*max(0,X2-0.967) * max(0,-1.03-X14) - 1.33*max(0,-0.361-X12) * max(0,X3-1.08) + 1.33*max(0,X1-1.54) * max(0,X3-0.391) + 1.29*max(0,X8-1.79) * max(0,X11-1.36) - 1.29*max(0,-0.953-X5) - 1.26*max(0,-0.737-X13) * max(0,X5-0.942) - 1.20*max(0,-0.932-X6) + 1.18*max(0,X6-0.548) + 1.07*max(0,-0.502-X2) + 1.05*max(0,X12-1.03) + 1.02*max(0,X2-0.967) * max(0,X5-1.57) + 0.990*max(0,X13-0.707) - 0.976*max(0,X7-1.06) - 0.953*max(0,X3-0.391) * max(0,X11-1.36) - 0.946*abs(X13) + 0.932*max(0,X11-2.01) - 0.926*max(0,-1.72-X9) - 0.875*max(0,X3-0.391) * max(0,-1.03-X14) + 0.873*abs(X14) - 0.864*max(0,X3-1.08) - 0.840*max(0,-0.616-X7) + 0.821*max(0,-0.932-X6) * max(0,-0.616-X7) + 0.765*max(0,X8-1.79) + 0.765*abs(X2) - 0.754*max(0,X3-1.78) + 0.726*max(0,X3-0.391) * max(0,-1.06-X12) - 0.703*max(0,X5-0.310) - 0.697*X7 + 0.643*max(0,X11-2.66) - 0.638*max(0,-1.06-X8) - 0.580*max(0,0.122-X10) + 0.563*max(0,0.222-X7) - 0.560*max(0,0.391-X3) + 0.543*max(0,-0.737-X13) * max(0,X3-0.391) + 0.542*max(0,-1.03-X14) * max(0,X6-2.03) + 0.535*max(0,-0.361-X12) * max(0,X5-0.942) + 0.521*max(0,X5-2.20) + 0.519*max(0,-1.03-X14) * max(0,X11-2.01) - 0.476*max(0,2.03-X6) - 0.460*max(0,X13+0.0152) - 0.443*max(0,X3-0.391) * max(0,-0.361-X12) - 0.440*max(0,X11-0.705) + 0.437*max(0,-0.301-X3) - 0.424*max(0,0.364-X8) + 0.421*max(0,X3-1.08) * max(0,X6-2.03) - 0.416*max(0,X14-0.435) + 0.406*max(0,-0.321-X5) + 0.399*max(0,X13-2.15) * max(0,X14-1.90) - 0.389*max(0,X2-0.967) + 0.378*max(0,X5-1.57) * max(0,X5-2.20) - 0.378*max(0,X2-0.967) * max(0,X11-1.36) + 0.376*abs(X5) - 0.370*max(0,0.435-X14) + 0.367*max(0,X14-2.63) + 0.365*max(0,-1.00-X0) + 0.347*max(0,X11-2.01) * max(0,X11-2.66) - 0.320*max(0,-0.296-X14) + 0.314*max(0,X1-0.832) - 0.308*max(0,X10-2.67) - 0.303*max(0,X3+0.993) - 0.303*max(0,1.36-X11) - 0.294*max(0,-0.737-X13) * max(0,X7-1.90) - 0.290*max(0,0.705-X11) - 0.286*max(0,X1-1.54) * max(0,X1-2.25) - 0.283*max(0,X12-2.42) + 0.273*max(0,-0.192-X6) + 0.256*max(0,X6+0.192) + 0.246*abs(X4) + 0.241*max(0,X7-1.90) - 0.227*max(0,-0.361-X12) - 0.215*max(0,X14+1.03) + 0.211*max(0,X1-1.54) * max(0,X8-1.79) + 0.187*max(0,X6-2.03) + 0.185*max(0,X6+0.932) - 0.183*max(0,-0.0152-X13) - 0.174*max(0,X11-0.0533) - 0.168*max(0,2.87-X13) - 0.166*max(0,2.77-X6) - 0.165*max(0,X1-0.125) + 0.164*max(0,X13-2.15) * max(0,-0.361-X12) - 0.150*max(0,0.772-X4) + 0.141*max(0,-0.932-X6) * max(0,X13-2.15) + 0.137*max(0,-1.03-X14) * max(0,X7-3.57) - 0.130*max(0,1.43-X13) - 0.127*max(0,X11-1.36) + 0.125*max(0,1.06-X7) - 0.122*max(0,-0.814-X4) - 0.121*max(0,X2+0.502) - 0.120*X4**2 - 0.120*max(0,0.759-X10) + 0.118*max(0,2.44-X2) - 0.115*max(0,X8-1.08) - 0.107*max(0,0.967-X2) + 0.106*abs(X3) - 0.103*X2**2 - 0.101*abs(X12) - 0.0971*max(0,X14+0.296) + 0.0962*max(0,X3-0.391) + 0.0958*max(0,X13-2.87) + 0.0904*max(0,1.70-X2) + 0.0902*max(0,X8-1.79) * max(0,X3-0.391) + 0.0901*max(0,X1-1.54) * max(0,-0.361-X12) - 0.0894*max(0,X7-3.57) * max(0,X11-2.01) + 0.0887*max(0,-0.361-X12) * max(0,X11-2.01) - 0.0880*abs(X0) + 0.0858*max(0,-0.361-X12) * max(0,X14-1.90) + 0.0857*max(0,X2-0.967) * max(0,X6-2.03) + 0.0854*max(0,-1.24-X2) + 0.0846*max(0,-0.737-X13) * max(0,X7-3.57) - 0.0827*max(0,-0.349-X8) + 0.0821*max(0,-0.737-X13) * max(0,-1.77-X8) - 0.0815*max(0,X2-0.233) - 0.0804*abs(X7) + 0.0696*max(0,X7-2.74) - 0.0687*X2 + 0.0677*max(0,X7-1.90) * max(0,X11-2.01) - 0.0629*max(0,X2+1.24) - 0.0618*max(0,X1-2.95) - 0.0609*max(0,X7-0.222) - 0.0604*max(0,0.707-X13) + 0.0544*max(0,-0.737-X13) * max(0,X6-2.03) - 0.0531*max(0,2.01-X11) + 0.0507*max(0,X3-1.08) * max(0,X7-2.74) + 0.0504*max(0,-0.737-X13) * max(0,-0.361-X12) - 0.0481*max(0,0.942-X5) + 0.0456*max(0,X9+0.715) - 0.0454*max(0,0.310-X5) - 0.0448*X3**2 + 0.0425*max(0,X2-0.967) * max(0,X7-2.74) - 0.0413*X14**2 + 0.0409*max(0,X7-1.90) * max(0,X3-1.08) - 0.0402*max(0,1.08-X3) + 0.0401*max(0,-0.582-X1) + 0.0364*max(0,-0.737-X13) * max(0,X11-2.01) + 0.0361*max(0,-0.715-X9) + 0.0320*max(0,-0.0211-X4) + 0.0319*X6 + 0.0305*max(0,X12+1.06) - 0.0270*max(0,0.0533-X11) + 0.0268*max(0,X2-2.44) * max(0,X7-3.57) + 0.0254*max(0,1.29-X9) + 0.0253*max(0,0.832-X1) + 0.0249*max(0,X5-0.942) * max(0,-1.72-X9) + 0.0243*max(0,-0.737-X13) * max(0,-1.06-X12) - 0.0229*X7**2 + 0.0227*max(0,X3-1.08) * max(0,-1.06-X12) - 0.0218*max(0,X7-3.57) + 0.0213*max(0,X3-0.391) * max(0,-1.72-X9) + 0.0193*max(0,-1.03-X14) * max(0,X11-2.66) + 0.0193*max(0,3.57-X7) + 0.0180*X13 - 0.0160*max(0,2.03-X10) - 0.0139*max(0,X7+0.616) + 0.0138*max(0,-0.361-X12) * max(0,X7-3.57) - 0.0135*X11**2 - 0.0131*X3 - 0.0131*max(0,3.31-X10) - 0.0110*max(0,1.40-X10) - 0.00999*max(0,0.162-X0) + 0.00889*max(0,X7-1.90) * max(0,X3-0.391) - 0.00846*max(0,-1.03-X14) - 0.00790*max(0,2.67-X10) - 0.00652*max(0,X9-0.286) - 0.00360*max(0,X6-2.03) * max(0,X11-2.01) - 0.00220*abs(X11) + 0.00176*max(0,X5-1.57) + 0.00104*max(0,X7-1.90) * max(0,X11-1.36) + 0.00102*max(0,X5+0.321) - 0.000799*abs(X8) + 0.000605*max(0,X7-1.90) * max(0,X7-2.74) + 0.000539*max(0,X7-1.90) * max(0,X6-2.03) - 0.000504*max(0,-0.993-X3) - 0.000195*max(0,1.73-X12) + 0.000102*max(0,X2-2.44) * max(0,X11-1.36) + 8.76e-5*max(0,X9-1.29) - 8.75e-5*max(0,X11-1.36) * max(0,X7-3.57) - 2.80e-6*max(0,X7-2.74) * max(0,X11-2.01) + 2.92e-7*max(0,X2-2.44) * max(0,X6-2.03) + 3.71e-10*max(0,X2-2.44) * max(0,X7-2.74) + 1.84e-10*max(0,X2-2.44) * max(0,X3-1.08)"
ffx,feynman_III_10_19,ok,0.99905,0.240631,72,22.49,,-0.0747 + 0.817*X0 + 0.273*X3 + 0.260*X2 + 0.257*X1 + 0.0968*X3 * X0 + 0.0922*X1 * X0 + 0.0916*X2 * X0 + 0.0324*X1**2 - 0.0285*X2 * X3 - 0.0284*X1 * X3 + 0.0250*X2**2 + 0.0248*X3**2 + 0.0241*abs(X3) * X0 - 0.0229*X2 * X1 + 0.0171*abs(X2) * X0 + 0.00930*abs(X3) + 0.000169*abs(X2) * X3
ffx,feynman_III_12_43,ok,0.998258,0.03548,39,10.03,,"-0.0587 + 0.635*X0 + 0.558*X1 + 0.182*X0 * X1 + 0.0926*max(0,X0+0.0644) * X1 + 0.0511*max(0,X1+0.974) + 0.00668*max(0,X1+0.0460) * max(0,X0-0.404)"
ffx,feynman_III_13_18,ok,0.537375,218.870038,1063,24.96,,"0.159 + 153*max(0,X0-1.18) * max(0,X2-1.31) - 38.4*max(0,-0.944-X3) * max(0,X2-1.31) + 20.7*max(0,X0-1.18) * max(0,-0.944-X3) + 18.0*max(0,X0-0.727) * max(0,-0.944-X3) - 15.8*max(0,-0.576-X1) * max(0,X2-1.31) + 14.2*max(0,X3-1.27) * max(0,X2-1.31) + 13.1*max(0,-0.501-X3) * max(0,X2-1.31) + 12.9*max(0,-0.146-X1) * max(0,X2-1.31) - 11.4*max(0,X0-1.18) * max(0,X1-0.713) - 11.1*max(0,X2-1.31) - 10.9*max(0,X0-0.727) * max(0,-0.501-X3) - 10.5*max(0,X0-0.727) * max(0,X3-1.27) + 10.1*max(0,X0-1.18) * max(0,X3-1.27) - 9.56*max(0,X0-0.279) * max(0,X2-1.31) - 9.46*max(0,X0-0.279) * max(0,-0.944-X3) - 8.21*max(0,X0-1.18) + 7.28*max(0,X0-0.727) * max(0,X2-1.31) + 6.66*max(0,X2-0.848) * max(0,X2-1.31) + 5.93*max(0,-0.501-X3) * max(0,X0-0.279) - 5.66*max(0,-0.944-X3) * max(0,X1-0.713) - 5.18*max(0,X1-0.713) * max(0,X2-1.31) + 4.85*max(0,X0-1.18) * max(0,X0-0.727) + 4.50*max(0,-0.501-X3) * max(0,X1-0.713) + 4.06*max(0,-0.576-X1) * max(0,X0-0.279) + 3.88*max(0,-0.944-X3) - 3.78*max(0,-0.576-X1) + 3.75*max(0,-0.576-X1) * max(0,-0.944-X3) - 3.56*max(0,-1.02-X2) + 3.26*max(0,X0-1.18) * max(0,X0-0.279) + 2.96*X2**2 - 2.96*max(0,-0.551-X2) + 2.89*max(0,X0-1.18) * max(0,X2-0.848) - 2.86*max(0,X0-0.727) * max(0,X2-0.848) - 2.84*max(0,-0.146-X1) * max(0,X0-0.279) - 2.72*max(0,X0-0.727) * max(0,-0.576-X1) + 2.70*max(0,X2-0.848) * max(0,X1-0.713) + 2.54*max(0,-0.170-X0) * max(0,X2-1.31) - 2.50*max(0,-1.01-X1) + 2.45*max(0,X2-0.848) * max(0,-0.944-X3) - 2.32*max(0,X2+0.0846) - 2.23*max(0,X1-0.713) * max(0,X3-1.27) - 2.10*max(0,X2-0.848) + 2.05*max(0,X2-0.848) * max(0,X3-1.27) + 2.05*max(0,X0-0.279) * max(0,X3-1.27) + 1.90*max(0,-0.146-X1) * max(0,X0-0.727) + 1.86*max(0,X3-0.828) - 1.80*max(0,X2-0.382) + 1.70*max(0,X0-0.279) * max(0,X1-0.713) - 1.55*max(0,-0.576-X1) * max(0,-0.501-X3) - 1.52*max(0,-0.501-X3) * max(0,-0.944-X3) + 1.49*max(0,-0.170-X0) * max(0,-0.944-X3) + 1.49*max(0,-0.170-X0) * max(0,-0.576-X1) - 1.35*max(0,0.382-X2) + 1.31*X1**2 + 1.17*max(0,-0.146-X1) * max(0,-0.576-X1) + 1.16*max(0,X0-0.727) * max(0,X0-0.279) - 1.12*max(0,X1-1.14) + 1.11*max(0,X3+0.0581) - 1.06*max(0,X1-0.283) - 1.06*max(0,X1-0.713) + 1.03*max(0,X0-1.18) * max(0,-0.501-X3) - 0.983*X3**2 - 0.909*max(0,-0.146-X1) * max(0,-0.501-X3) - 0.889*max(0,X2-0.848) * max(0,-0.576-X1) - 0.855*max(0,X0-0.727) - 0.830*max(0,-0.170-X0) * max(0,-0.501-X3) + 0.792*max(0,X0-0.727) * max(0,X1-0.713) + 0.733*max(0,X2-0.848) * max(0,X0-0.279) - 0.660*max(0,-0.146-X1) * max(0,-0.170-X0) - 0.655*max(0,-0.170-X0) + 0.653*max(0,-0.619-X0) + 0.653*max(0,-0.0581-X3) - 0.637*max(0,-0.170-X0) * max(0,X2-0.848) - 0.571*max(0,-0.146-X1) * max(0,X2-0.848) + 0.537*max(0,-0.170-X0) * max(0,X3-1.27) + 0.536*X2 - 0.512*max(0,-1.07-X0) - 0.494*X3 + 0.423*max(0,-0.576-X1) * max(0,X3-1.27) - 0.357*max(0,-0.501-X3) + 0.323*max(0,-0.146-X1) * max(0,X3-1.27) + 0.319*max(0,X2-0.848) * max(0,-0.501-X3) - 0.288*max(0,-0.170-X0) * max(0,X1-0.713) + 0.189*max(0,0.385-X3) - 0.173*max(0,0.283-X1) + 0.153*max(0,X0-0.279) + 0.152*max(0,0.279-X0) + 0.146*max(0,X0+0.170) + 0.137*max(0,X1+0.576) + 0.123*max(0,-0.146-X1) - 0.120*max(0,X3-0.385) - 0.0844*max(0,X0-1.18) * max(0,-0.576-X1) - 0.0836*max(0,-0.146-X1) * max(0,-0.944-X3) - 0.0500*X1 + 0.0398*max(0,X3-1.27)"
ffx,feynman_III_14_14,ok,0.620026,5.235331,1860,47.59,,"-0.286 + 32.2*max(0,X1-1.27) * max(0,-1.09-X3) + 24.6*max(0,X1-1.27) * max(0,X2-1.16) - 18.0*max(0,-1.09-X3) * max(0,X2-1.16) - 15.3*max(0,X1-1.27) * max(0,X0-0.402) + 14.0*max(0,-0.628-X4) * max(0,-1.09-X3) + 13.6*max(0,-1.09-X3) * max(0,X2-0.722) + 13.4*max(0,-1.09-X3) * max(0,X4-0.291) - 13.1*max(0,-0.628-X4) * max(0,X2-1.16) + 12.1*max(0,X1-1.27) * abs(X0) - 12.0*max(0,X1-1.27) * max(0,-0.0810-X0) + 10.2*max(0,X4+0.169) * max(0,X2-1.16) - 8.27*max(0,X1-1.27) * max(0,X2-0.722) - 7.84*max(0,-1.09-X3) * abs(X4) - 6.50*max(0,X2-1.16) * max(0,X4-0.291) + 6.34*max(0,X2-1.16) * max(0,-0.169-X4) + 6.00*max(0,X1-1.27) * max(0,-0.169-X4) - 5.91*max(0,-1.09-X3) * max(0,-0.169-X4) + 5.85*max(0,X0-0.402) * max(0,X2-1.16) - 5.81*max(0,X1-1.27) - 5.72*X4 * max(0,X2-1.16) - 5.37*max(0,X2-0.722) * max(0,X2-1.16) + 5.34*max(0,-1.09-X3) * max(0,-0.0810-X0) - 5.18*max(0,-1.09-X3) * abs(X0) + 5.15*max(0,X1-1.27) * max(0,X2-0.279) + 4.48*max(0,X1-1.27) * X4 - 4.36*max(0,-1.09-X3) * X4 + 4.18*max(0,X2-1.16) - 3.83*abs(X0) * max(0,X2-1.16) + 3.76*max(0,-1.09-X3) * max(0,X0-0.402) + 3.40*max(0,-1.09-X3) - 3.37*max(0,X1-1.27) * max(0,X4+0.169) + 3.30*max(0,X2-0.722) - 3.30*max(0,-0.474-X1) + 3.24*max(0,X0-0.402) * abs(X4) - 2.99*max(0,X0-0.402) * max(0,X4-0.291) - 2.93*max(0,-1.09-X3) * max(0,X2-0.279) - 2.90*max(0,X0-0.402) * max(0,-0.169-X4) - 2.79*max(0,X2-1.16) * abs(X4) - 2.59*max(0,-0.173-X3) * max(0,X4-0.291) + 2.46*max(0,-0.173-X3) * max(0,X2-1.16) - 2.38*max(0,X2-0.279) * max(0,X2-0.722) + 2.30*max(0,X2-0.722) * max(0,X4-0.291) + 2.29*abs(X3) * max(0,X2-1.16) - 2.18*abs(X0) * max(0,-0.169-X4) - 2.03*max(0,X1-0.399) - 1.99*max(0,-0.173-X3) * max(0,X2-0.722) + 1.95*max(0,-0.628-X4) * max(0,X0-0.402) - 1.90*abs(X3) * max(0,X2-0.722) + 1.60*max(0,-1.09-X3) * abs(X3) + 1.57*max(0,-0.173-X3) * max(0,X0-0.402) + 1.56*max(0,-0.0810-X0) * max(0,X2-1.16) + 1.50*max(0,-0.173-X3) * abs(X4) + 1.37*max(0,-1.09-X4) - 1.34*max(0,-0.628-X4) * abs(X3) - 1.33*max(0,-0.628-X4) * max(0,X2-0.722) + 1.30*X1**2 - 1.28*max(0,X0-1.37) - 1.21*max(0,X2-0.279) * abs(X4) - 1.12*X4 * max(0,X2-0.722) + 1.09*max(0,-0.173-X3) + 1.07*max(0,X4-0.751) + 1.04*max(0,X4-0.291) * abs(X4) + 1.01*max(0,X1-1.27) * abs(X3) + 1.01*max(0,-0.628-X4) * max(0,X2-0.279) - 1.00*max(0,-0.173-X3) * abs(X3) + 0.945*max(0,X4+0.169) * max(0,X2-0.279) - 0.925*abs(X3) * max(0,X0-0.402) + 0.867*max(0,-0.0810-X0) + 0.851*max(0,-1.05-X0) - 0.838*max(0,0.279-X2) * max(0,-0.169-X4) + 0.833*abs(X0) * abs(X4) + 0.803*X1 + 0.740*max(0,-0.0373-X1) - 0.717*max(0,X1+0.0373) - 0.715*max(0,X0-0.402) * max(0,X4+0.169) + 0.669*max(0,-0.0810-X0) * max(0,X2-0.722) - 0.668*max(0,-0.0810-X0) * max(0,X4-0.291) + 0.653*max(0,-0.628-X4) * max(0,-0.0810-X0) - 0.651*max(0,X4-1.21) - 0.639*max(0,-1.05-X2) + 0.632*max(0,X2+0.164) + 0.624*max(0,0.279-X2) * abs(X4) + 0.623*max(0,-0.0810-X0) * max(0,-0.169-X4) - 0.609*max(0,-0.169-X4) * abs(X4) + 0.607*abs(X3) * abs(X0) + 0.601*max(0,X2-0.279) * max(0,-0.169-X4) + 0.596*max(0,-0.564-X0) - 0.594*max(0,X2-0.279) * max(0,X4-0.291) + 0.585*max(0,X3-1.20) - 0.581*max(0,-0.628-X4) * max(0,-0.173-X3) - 0.579*max(0,X4+0.169) * abs(X4) + 0.570*max(0,X3-0.742) + 0.563*max(0,-0.164-X2) - 0.560*max(0,X3+0.173) - 0.559*max(0,0.285-X3) - 0.556*abs(X3) * max(0,-0.0810-X0) - 0.555*max(0,X0-0.402) * max(0,X2-0.722) + 0.525*max(0,-0.0810-X0) * max(0,X4+0.169) + 0.525*max(0,-0.169-X4) + 0.524*abs(X3) * abs(X4) + 0.520*max(0,X0-0.402) * abs(X0) + 0.517*abs(X3) * max(0,X2-0.279) - 0.506*max(0,-0.0810-X0) * abs(X0) - 0.488*abs(X2) + 0.486*max(0,-0.173-X3) * X4 + 0.482*max(0,X4+0.169) * max(0,X4-0.291) + 0.481*max(0,X2-0.279) * X4 - 0.459*max(0,-0.0810-X0) * max(0,X2-0.279) + 0.457*max(0,-0.173-X3) * max(0,X2-0.279) - 0.456*max(0,0.751-X4) - 0.446*abs(X0) - 0.441*max(0,0.279-X2) * max(0,X4-0.291) + 0.433*max(0,X1-1.27) * max(0,-0.173-X3) + 0.429*max(0,X2-0.722) * abs(X4) - 0.423*max(0,X0-0.402) - 0.416*max(0,0.279-X2) - 0.416*max(0,-1.09-X3) * max(0,-0.173-X3) + 0.410*max(0,-0.628-X4) - 0.405*max(0,X4+0.169) * X4 + 0.397*max(0,X2-0.279) * max(0,X2-1.16) - 0.390*max(0,X2-0.722) * max(0,-0.169-X4) - 0.385*max(0,X4-0.291) - 0.381*max(0,X4+0.169) + 0.376*abs(X3) - 0.368*max(0,X4+0.169) * max(0,X2-0.722) - 0.351*abs(X0) * X4 - 0.343*max(0,-0.628-X4) * X4 - 0.340*abs(X3) * max(0,X4-0.291) + 0.335*max(0,X0+1.05) - 0.326*X0**2 - 0.315*max(0,X1-1.27) * abs(X4) + 0.302*max(0,X4+0.628) + 0.301*abs(X3) * max(0,-0.169-X4) + 0.298*max(0,0.291-X4) - 0.294*abs(X0) * max(0,X2-0.279) + 0.293*abs(X1) - 0.283*max(0,X3-0.285) + 0.283*max(0,-0.173-X3) * max(0,X4+0.169) - 0.282*X4 - 0.280*X4 * abs(X4) - 0.253*max(0,-0.173-X3) * abs(X0) - 0.252*max(0,X4+1.09) - 0.245*X3**2 + 0.239*max(0,X0-0.886) - 0.234*max(0,-0.173-X3) * max(0,-0.0810-X0) + 0.229*abs(X0) * max(0,X2-0.722) - 0.226*max(0,X2-0.279) + 0.224*max(0,-0.631-X3) + 0.223*X4 * max(0,X4-0.291) - 0.219*X4**2 + 0.209*X4 * max(0,-0.169-X4) - 0.207*max(0,-0.628-X4) * max(0,X1-1.27) + 0.204*X3 - 0.196*max(0,-0.0810-X0) * abs(X4) - 0.188*abs(X3) * max(0,X4+0.169) + 0.179*X2**2 + 0.142*max(0,1.20-X3) + 0.136*max(0,-0.911-X1) + 0.124*max(0,X0+0.564) - 0.109*max(0,-0.628-X4) * max(0,-0.169-X4) - 0.102*X2 + 0.0992*max(0,-0.628-X4) * abs(X0) - 0.0851*max(0,X2+0.606) + 0.0797*abs(X4) - 0.0796*max(0,-0.606-X2) - 0.0739*max(0,X1-1.27) * max(0,X4-0.291) - 0.0713*max(0,-0.173-X3) * max(0,-0.169-X4) + 0.0692*max(0,X0-0.402) * max(0,X2-0.279) + 0.0676*max(0,X1-0.836) + 0.0637*abs(X3) * X4 + 0.0629*max(0,0.742-X3) - 0.0615*max(0,X1+0.911) - 0.0549*max(0,X4+0.169) * abs(X0) - 0.0523*max(0,X0+0.0810) - 0.0483*max(0,-0.0810-X0) * X4 + 0.0445*max(0,X2+1.05) + 0.0388*max(0,0.402-X0) - 0.0360*max(0,1.21-X4) + 0.0335*max(0,0.886-X0) + 0.0330*abs(X0) * max(0,X4-0.291) + 0.0272*max(0,X0-0.402) * X4 - 0.0172*max(0,-0.628-X4) * abs(X4) + 0.0161*max(0,1.37-X0) - 0.00910*X0 + 0.00243*max(0,-1.09-X3) * max(0,X4+0.169) + 0.00124*max(0,1.27-X1) + 0.00105*max(0,0.722-X2)"
ffx,feynman_III_15_12,ok,-0.209481,5.92858,1141,23.78,,"-1.70 + 58.4*max(0,X1-1.34) * max(0,X2-0.843) + 52.5*max(0,X2-0.843) * max(0,-0.141-X1) - 42.1*max(0,X2-0.843) * abs(X1) + 42.0*max(0,X1-1.34) * max(0,-0.0361-X2) + 34.9*max(0,X2-0.843) * max(0,X1+0.141) - 34.3*max(0,0.404-X2) * max(0,X1-1.34) - 22.6*max(0,X1-1.34) * abs(X2) - 20.8*max(0,-0.141-X1) * max(0,X2+0.0361) + 17.4*abs(X1) * abs(X2) - 16.8*max(0,X1+0.141) * max(0,X2+0.0361) - 12.4*max(0,X1-1.34) * X2 + 11.6*max(0,X1-1.34) * abs(X1) - 10.2*max(0,X1+0.141) * max(0,-0.0361-X2) - 9.27*max(0,X2+0.0361) + 9.13*max(0,0.404-X2) * max(0,X2+0.0361) + 8.80*max(0,-0.141-X1) + 8.66*max(0,X0-0.361) * max(0,-0.0361-X2) + 7.87*abs(X0) * max(0,-0.141-X1) + 7.60*max(0,X1+0.141) - 7.13*max(0,-0.141-X1) * max(0,-0.0361-X2) - 6.63*max(0,0.404-X2) * max(0,X0-0.361) + 6.54*max(0,X0-0.361) + 6.46*max(0,X1+0.141) * abs(X0) - 6.05*abs(X1) * abs(X0) - 6.03*max(0,X2-0.843) * X2 + 5.84*abs(X2) + 5.48*abs(X1) * X2 - 5.23*abs(X1) * max(0,X2+0.0361) + 5.18*max(0,X2-0.843) * abs(X0) - 4.78*max(0,-0.105-X0) * max(0,-0.141-X1) - 4.63*abs(X0) + 4.39*max(0,X2-1.28) - 4.33*abs(X1) + 4.18*max(0,X0+0.105) - 4.02*max(0,0.404-X2) * max(0,-0.0361-X2) - 3.94*max(0,-0.105-X0) * max(0,X1+0.141) - 3.74*max(0,-0.105-X0) * max(0,X2-0.843) - 3.70*max(0,X2-0.843) + 3.68*max(0,X1-1.34) * abs(X0) + 3.54*max(0,-1.13-X1) + 3.46*max(0,X0-1.29) - 3.45*max(0,0.404-X2) * abs(X1) + 3.42*max(0,-0.105-X0) * abs(X1) + 3.35*max(0,X2-0.404) - 3.31*max(0,-1.04-X0) - 3.19*abs(X0) * max(0,X2+0.0361) - 3.10*max(0,X1-1.34) + 2.88*abs(X2) * max(0,-0.0361-X2) + 2.83*max(0,-0.915-X2) + 2.78*X2 + 2.75*max(0,-0.105-X0) * abs(X2) + 2.66*max(0,X2-0.843) * abs(X2) - 2.62*max(0,-0.0361-X2) + 2.52*max(0,-0.105-X0) * abs(X0) - 2.38*max(0,X0-0.361) * abs(X0) + 2.21*max(0,0.404-X2) * max(0,X1+0.141) - 2.12*max(0,X2-0.843) * max(0,X0-0.361) - 1.96*X1 + 1.82*max(0,X0-0.827) - 1.80*max(0,0.404-X2) * max(0,-0.141-X1) - 1.73*max(0,-0.105-X0) * max(0,X2+0.0361) + 1.72*max(0,-0.476-X2) - 1.71*abs(X1) * max(0,-0.141-X1) - 1.64*max(0,X1+0.141) * abs(X2) + 1.63*max(0,0.404-X2) * abs(X2) + 1.58*max(0,X2+0.476) - 1.48*max(0,0.404-X2) * abs(X0) - 1.42*max(0,-0.570-X0) + 1.41*X1 * max(0,X2+0.0361) - 1.32*max(0,-0.635-X1) + 1.26*max(0,X0-0.361) * abs(X2) - 1.25*max(0,X0+0.570) + 1.24*X1 * abs(X2) + 1.21*abs(X0) * max(0,-0.0361-X2) + 1.18*max(0,-0.105-X0) + 1.17*max(0,0.404-X2) * X2 - 1.14*max(0,X0-0.361) * max(0,X2+0.0361) + 1.11*X2 * max(0,-0.0361-X2) - 1.10*max(0,X2+0.0361) * abs(X2) + 1.10*max(0,0.404-X2) + 0.993*X2**2 + 0.974*max(0,X1-0.846) - 0.912*max(0,X0-0.361) * max(0,X1+0.141) + 0.882*max(0,X1-1.34) * max(0,X0-0.361) - 0.875*X0 + 0.856*max(0,-0.105-X0) * X2 - 0.823*max(0,X1-0.352) + 0.781*max(0,0.352-X1) + 0.754*max(0,X0-0.361) * max(0,-0.141-X1) + 0.750*max(0,0.843-X2) + 0.724*X2 * max(0,X2+0.0361) + 0.655*X2 * abs(X2) + 0.655*abs(X0) * X2 - 0.648*X2 * max(0,-0.141-X1) - 0.643*max(0,0.404-X2) * max(0,-0.105-X0) - 0.625*abs(X1) * max(0,-0.0361-X2) - 0.611*max(0,X0-0.361) * abs(X1) - 0.562*max(0,X1-1.34) * max(0,X2+0.0361) - 0.550*max(0,1.34-X1) + 0.518*max(0,0.827-X0) - 0.505*max(0,0.361-X0) + 0.484*max(0,X1+0.141) * X2 + 0.476*X1 * max(0,-0.0361-X2) - 0.453*X1**2 + 0.451*max(0,-0.141-X1) * abs(X2) + 0.410*max(0,1.28-X2) - 0.366*abs(X0) * abs(X2) + 0.364*X0**2 - 0.289*max(0,X2+0.915) + 0.248*max(0,-0.105-X0) * max(0,X1-1.34) + 0.219*max(0,X0+1.04) + 0.210*max(0,X1+1.13) - 0.180*max(0,X1+0.635) - 0.133*max(0,X1+0.141) * abs(X1) + 0.112*max(0,X1-1.34) * max(0,X1+0.141) + 0.108*max(0,X0-0.361) * X2 - 0.0500*max(0,-0.105-X0) * max(0,-0.0361-X2) - 0.0403*max(0,1.29-X0) + 0.0392*max(0,0.846-X1) + 0.0245*max(0,X2-0.843) * max(0,X2+0.0361)"
ffx,feynman_III_15_14,ok,-0.975135,0.013828,349,8.32,,"-0.0263 + 9.93*max(0,-1.06-X1) * max(0,-1.07-X2) + 8.37*max(0,1.21-X0) * max(0,X1-1.25) - 8.05*max(0,-1.06-X1) + 7.69*X0 * max(0,-1.06-X1) + 7.58*X0 * max(0,X1-1.25) + 6.80*max(0,1.21-X0) * max(0,-1.06-X1) + 5.97*X0 * max(0,-1.07-X2) + 4.58*max(0,1.21-X0) * max(0,-1.07-X2) - 3.78*max(0,X1+0.599) * max(0,X1-1.25) - 3.56*max(0,X0-0.785) * max(0,-1.06-X1) - 3.18*max(0,-1.07-X2) + 3.07*max(0,X0-0.785) * max(0,-1.07-X2) - 2.79*max(0,X1-1.25) * max(0,X0-0.785) - 1.27*max(0,X1-1.25) - 1.17*max(0,X1+0.599) * max(0,-1.07-X2) + 0.776*max(0,X1-1.25) * max(0,-1.07-X2) + 0.532*max(0,X0-0.785) + 0.442*max(0,X2+0.620) * max(0,-1.06-X1) - 0.305*X0 * max(0,X0-0.785) + 0.238*max(0,-0.898-X0) - 0.128*max(0,X2+0.620) + 0.109*X0 - 0.101*max(0,X1+0.599) * max(0,X0-0.785) + 0.100*max(0,1.21-X0) * max(0,X0-0.785) + 0.0861*X0**2 - 0.0842*max(0,X0+0.0566) - 0.0810*max(0,X1+0.599) + 0.0739*X0 * max(0,1.21-X0) - 0.0380*X0 * max(0,X1+0.599) - 0.0266*max(0,0.327-X1) - 0.0209*max(0,1.21-X0) + 0.0196*max(0,0.286-X2) - 0.000246*max(0,X1+0.599) * max(0,1.21-X0)"
ffx,feynman_III_15_27,ok,-0.509058,3.88715,59,21.32,,(-0.320 + 0.394*X0 - 0.376*X2 - 0.261*X1 - 0.126*X1 + 0.0814*X2**2 - 0.0610*X0**2 + 0.0503*X1**2 + 0.0239*X1**2) / (1.0 + 0.154*X2 - 0.149*X0 + 0.110*X1 - 0.0688*X2**2 + 0.0536*X1 - 0.0368*X1**2 - 0.0175*X1**2 + 0.0169*X1 * X2 - 0.00876*X0**2)
ffx,feynman_III_17_37,ok,0.989324,0.45602,63,15.68,,(-0.658 + 0.750*X2**2 - 0.309*X2 - 0.291*X1 + 0.0982*X1**2 - 0.0878*X0 + 0.0295*X0**2 + 0.0233*X1 * X0 - 0.00126*X1 + 0.000409*X1**2) / (1.0 - 0.475*X0 - 0.433*X1 + 0.134*X1 * X0 + 0.0862*X0**2 + 0.0814*X1**2 + 0.0578*X2**2 - 0.0378*X2 - 0.00181*X1 + 0.000366*X1**2)
ffx,feynman_III_19_51,ok,-1.460609,1.724108,1435,26.86,,"0.217 + 44.0*max(0,-1.06-X2) * max(0,-0.100-X4) + 33.3*max(0,X1-0.311) * max(0,-1.06-X2) - 25.1*max(0,-1.10-X4) * max(0,-1.06-X2) + 20.1*max(0,X4+0.100) * max(0,-1.06-X2) - 19.7*abs(X4) * max(0,-1.06-X2) + 18.6*max(0,X0-1.13) * max(0,-1.06-X2) + 16.6*max(0,-1.10-X4) * max(0,-0.578-X2) - 11.2*X1 * max(0,-1.06-X2) - 10.8*abs(X1) * max(0,-1.06-X2) + 10.6*max(0,-0.970-X3) * max(0,-0.100-X4) - 10.4*max(0,-0.970-X3) * max(0,-0.600-X4) + 9.19*max(0,-1.16-X0) * max(0,-1.10-X4) - 9.13*max(0,-1.06-X2) + 7.05*max(0,X0-1.13) * max(0,-1.10-X4) - 6.81*max(0,-0.578-X2) * max(0,-0.100-X4) + 6.49*max(0,X4+0.100) * max(0,-0.970-X3) - 6.05*abs(X4) * max(0,-0.970-X3) - 5.52*max(0,-0.578-X2) * max(0,-0.600-X4) - 5.48*max(0,-1.06-X2) * max(0,-0.705-X0) - 4.01*max(0,X0-1.13) * abs(X1) + 3.99*max(0,-1.09-X1) * max(0,-1.16-X0) + 3.87*max(0,X0-1.13) * max(0,-0.157-X1) - 3.75*max(0,-1.16-X0) * max(0,-1.06-X2) - 3.71*max(0,X0-1.13) * max(0,-0.600-X4) - 3.59*max(0,-1.09-X1) * max(0,-0.970-X3) + 3.55*max(0,X0-1.13) * max(0,-0.970-X3) + 3.47*max(0,-0.578-X2) * max(0,-0.705-X0) - 3.43*max(0,-1.10-X4) * max(0,-0.705-X0) + 3.22*max(0,X0-1.13) * max(0,X1-0.311) + 3.19*max(0,-0.578-X2) + 3.10*max(0,-1.06-X2) * max(0,-0.600-X4) + 2.63*max(0,-0.578-X2) * max(0,-1.06-X2) + 2.37*max(0,-0.705-X0) * max(0,-0.100-X4) - 2.36*max(0,-0.970-X3) * max(0,-1.10-X4) - 2.30*max(0,-1.16-X0) * max(0,-0.600-X4) + 2.14*max(0,-0.157-X1) * max(0,-1.06-X2) + 2.06*max(0,-0.157-X1) * max(0,-0.970-X3) - 1.99*abs(X4) * max(0,-1.16-X0) - 1.80*max(0,-0.970-X3) * max(0,-0.578-X2) - 1.78*max(0,X1-0.311) * max(0,-0.578-X2) - 1.53*max(0,-0.157-X1) * max(0,-0.705-X0) - 1.53*max(0,X1-0.311) * max(0,-0.705-X0) - 1.43*max(0,-1.09-X1) * max(0,-1.06-X2) + 1.42*max(0,X4+0.100) * max(0,-1.16-X0) + 1.38*max(0,-0.970-X3) * max(0,-1.16-X0) + 1.33*abs(X1) * max(0,-0.705-X0) - 1.32*max(0,-0.970-X3) * abs(X1) + 1.31*max(0,X3-1.34) + 1.17*max(0,X0-1.13) + 1.15*max(0,-0.970-X3) * max(0,-1.06-X2) - 1.08*max(0,-0.705-X0) + 1.04*max(0,-0.970-X3) * max(0,-0.705-X0) - 1.00*abs(X4) * max(0,-0.578-X2) - 0.967*max(0,-1.09-X1) * max(0,-1.10-X4) - 0.959*max(0,X0-1.13) * max(0,-1.09-X1) - 0.946*max(0,-0.157-X1) * max(0,-0.100-X4) - 0.940*max(0,X0-1.13) * max(0,X4+0.100) - 0.915*abs(X1) * max(0,-0.578-X2) - 0.907*max(0,X1-0.311) * max(0,-1.16-X0) - 0.888*max(0,-0.157-X1) * max(0,-1.16-X0) - 0.860*X1 * max(0,-0.600-X4) - 0.824*max(0,-0.157-X1) * max(0,-0.600-X4) - 0.750*max(0,X0-1.13) * max(0,-0.578-X2) + 0.728*max(0,-1.09-X1) * max(0,-0.578-X2) + 0.726*max(0,X0-1.13) * abs(X4) - 0.650*max(0,-0.157-X1) * max(0,-0.578-X2) - 0.572*max(0,-0.705-X0) * max(0,-0.600-X4) - 0.563*max(0,X1-0.311) * max(0,-0.600-X4) + 0.559*max(0,-1.16-X0) * max(0,-0.705-X0) + 0.486*max(0,X4+0.100) * max(0,-0.578-X2) + 0.474*max(0,X4+0.100) * max(0,-0.705-X0) + 0.434*abs(X4) * abs(X1) + 0.433*max(0,X1-1.25) - 0.414*max(0,-0.970-X3) + 0.411*max(0,-0.600-X4) - 0.406*max(0,-0.0968-X2) + 0.395*max(0,-1.16-X0) + 0.395*max(0,X1-0.311) * max(0,-0.970-X3) - 0.373*X3**2 + 0.315*max(0,-1.09-X1) * max(0,-0.100-X4) + 0.300*max(0,-0.509-X3) + 0.289*abs(X1) * max(0,-0.100-X4) + 0.289*abs(X3) - 0.282*max(0,-1.10-X4) - 0.279*max(0,-0.625-X1) - 0.274*max(0,X1-0.311) - 0.259*max(0,X4-0.898) + 0.253*max(0,X2-0.384) + 0.231*max(0,-1.09-X1) * max(0,-0.600-X4) - 0.226*max(0,-0.157-X1) * max(0,X4+0.100) + 0.223*max(0,-0.157-X1) * abs(X1) - 0.221*max(0,X2-0.865) - 0.207*max(0,-1.09-X1) + 0.201*max(0,X4-1.40) - 0.189*max(0,X2-1.35) - 0.186*abs(X4) + 0.131*max(0,-1.10-X4) * max(0,-0.600-X4) - 0.128*max(0,X4+0.100) * max(0,X1-0.311) - 0.120*max(0,X0-0.672) + 0.119*max(0,X1-0.311) * abs(X1) - 0.109*max(0,-1.09-X1) * max(0,X4+0.100) + 0.104*max(0,0.384-X2) + 0.102*max(0,X3+0.509) + 0.0943*max(0,-1.10-X4) * abs(X1) - 0.0895*abs(X4) * max(0,-0.100-X4) + 0.0480*abs(X4) * max(0,-1.10-X4) - 0.0464*max(0,X4+0.100) * abs(X1) - 0.0441*abs(X1) + 0.0427*X0**2 - 0.0406*abs(X0) - 0.0405*max(0,X0+0.705) + 0.0340*max(0,-0.246-X0) - 0.0331*max(0,0.311-X1) + 0.0323*max(0,X4+0.600) - 0.0248*max(0,0.399-X4) + 0.0135*abs(X4) * max(0,-0.157-X1) - 0.0110*max(0,0.898-X4) + 0.00662*max(0,-1.09-X1) * abs(X4) + 0.00555*max(0,X1-0.779) + 0.000355*max(0,X1-0.311) * max(0,-0.100-X4)"
ffx,feynman_III_21_20,ok,0.967963,2.059286,789,13.46,,"0.0633 - 3.98*max(0,-0.914-X3) * max(0,X2-1.19) + 1.05*max(0,-0.499-X1) * max(0,-0.914-X3) + 0.836*max(0,-0.0245-X3) * max(0,X2-1.19) - 0.699*max(0,X0+0.0174) * max(0,-0.914-X3) - 0.619*max(0,X0+0.0174) * max(0,X3-1.31) + 0.580*max(0,-0.914-X3) * max(0,-0.0516-X1) + 0.501*max(0,-0.100-X2) * max(0,-0.914-X3) + 0.462*max(0,-0.0245-X3) * max(0,-0.100-X2) - 0.462*max(0,-0.100-X2) * max(0,X3-1.31) + 0.454*max(0,X0+0.0174) * max(0,-0.100-X2) - 0.420*max(0,X1-0.396) * max(0,-0.914-X3) - 0.412*max(0,X0-1.33) - 0.363*max(0,-0.0245-X3) * abs(X2) - 0.315*max(0,-0.0245-X3) * max(0,X0+0.0174) + 0.313*max(0,X1-0.396) * max(0,-0.100-X2) - 0.307*max(0,X0+0.0174) * abs(X2) - 0.307*abs(X0) * max(0,-0.914-X3) + 0.301*max(0,-0.947-X1) - 0.301*max(0,X1-0.396) * max(0,X3-1.31) + 0.283*max(0,-0.0245-X3) * max(0,-0.0174-X0) - 0.262*max(0,-0.469-X3) - 0.258*max(0,-0.0245-X3) * max(0,X1+0.0516) + 0.257*max(0,X3-1.31) * max(0,X2-1.19) + 0.236*max(0,X0+0.0174) * abs(X3) + 0.230*max(0,X0+0.0174) * max(0,-0.499-X1) + 0.205*abs(X2) - 0.204*max(0,X3-1.31) * abs(X1) + 0.204*max(0,0.880-X0) + 0.203*max(0,X1-1.29) + 0.201*abs(X3) * max(0,X3-1.31) - 0.192*max(0,-0.499-X1) * max(0,X2-1.19) - 0.189*max(0,-0.499-X1) * max(0,X3-1.31) - 0.180*max(0,X1-0.396) * abs(X2) - 0.167*max(0,X0+0.0174) * max(0,X1-0.396) + 0.165*max(0,-0.100-X2) * max(0,X1+0.0516) - 0.152*max(0,-0.100-X2) * max(0,-0.0174-X0) + 0.148*max(0,X1-0.396) * max(0,-0.0174-X0) - 0.147*max(0,-0.499-X1) * max(0,-0.100-X2) + 0.146*max(0,-0.0174-X0) * max(0,X3-1.31) - 0.127*max(0,-0.963-X2) - 0.126*abs(X0) * max(0,X2-1.19) - 0.108*max(0,X1+0.499) + 0.104*max(0,1.29-X1) - 0.0980*max(0,X2+0.963) - 0.0886*max(0,-0.0245-X3) + 0.0884*max(0,X3-0.420) + 0.0844*max(0,X0-0.432) * max(0,-0.0516-X1) - 0.0797*abs(X2) * max(0,X1+0.0516) - 0.0786*max(0,X2+0.532) - 0.0707*max(0,X0+0.0174) - 0.0662*max(0,0.865-X3) - 0.0482*max(0,X2-0.762) - 0.0465*max(0,X3-1.31) * max(0,X1+0.0516) + 0.0447*abs(X2) * max(0,X3-1.31) - 0.0428*max(0,-0.499-X1) * max(0,-0.0174-X0) + 0.0352*abs(X3) * max(0,X2-1.19) + 0.0314*abs(X2) * max(0,-0.0174-X0) - 0.0283*abs(X3) * max(0,-0.100-X2) - 0.0256*max(0,-0.100-X2) * max(0,-0.0516-X1) - 0.0254*abs(X3) * max(0,-0.0174-X0) + 0.0243*max(0,X1-0.396) * abs(X3) + 0.0222*max(0,-0.0174-X0) * max(0,X1+0.0516) + 0.0189*max(0,-0.0245-X3) * max(0,-0.0516-X1) + 0.0169*abs(X3) * max(0,X1+0.0516) - 0.0136*max(0,X0+0.915) + 0.00905*max(0,X3+0.914) + 0.00356*max(0,-0.0516-X1) + 0.00273*max(0,-0.466-X0) + 0.00106*abs(X3) * abs(X1) - 0.000748*max(0,X0+0.0174) * max(0,-0.0516-X1)"
ffx,feynman_III_4_32,ok,0.9752,0.919161,86,24.34,,(-0.309 - 0.296*X1 - 0.280*X0 + 0.278*X3 + 0.213*X2 + 0.0758*X1**2 + 0.0693*X2 + 0.0568*X0**2 - 0.0344*X3**2 - 0.0256*X2 * X0 - 0.0227*X2 * X1 - 0.0109*X2**2 - 0.00367*X2**2) / (1.0 + 0.153*X0 + 0.140*X1 - 0.132*X3 - 0.0826*X1**2 - 0.0649*X2 - 0.0359*X0**2 + 0.0283*X1 * X0 - 0.0215*X2 - 0.00896*X2 * X1 - 0.00871*X2 * X0 - 0.00407*X2**2 - 0.00127*X2**2)
ffx,feynman_III_4_33,ok,0.997914,0.223625,79,12.14,,"0.0417 + 0.633*X2 + 0.613*X3 + 0.230*X3 * X2 - 0.0406*max(0,1.00-X2) - 0.0341*max(0,X1+0.643) - 0.0317*max(0,X0-0.422) * max(0,X1-0.751) - 0.0279*max(0,X0+0.500) + 0.0234*max(0,X3+0.674) + 0.0214*max(0,0.422-X0) + 0.0149*max(0,X2+0.458) + 0.00629*max(0,0.286-X1)"
ffx,feynman_III_7_38,ok,0.992432,3.597055,53,12.27,,(-0.229 + 0.389*X0 + 0.342*X1 - 0.336*X2 - 0.0981*X2 - 0.0674*X0**2 + 0.0481*X2**2 - 0.0316*X1**2 + 0.0277*X0 * X2 + 0.0140*X2**2) / (1.0 + 0.184*X2 - 0.182*X0 - 0.0888*X1 - 0.0548*X0 * X2 + 0.0539*X2 - 0.0383*X2**2 - 0.0110*X2**2)
ffx,feynman_III_8_54,ok,-0.863007,0.519186,945,17.63,,"0.424 - 82.6*max(0,X1-1.35) * max(0,X0-1.25) + 73.8*max(0,X1-1.35) * max(0,X0-0.780) + 70.4*max(0,X1-1.35) * max(0,-0.615-X0) - 69.3*max(0,X0-0.315) * max(0,X1-1.35) - 54.0*max(0,X1-1.35) * max(0,-0.150-X0) + 46.6*max(0,X0-1.25) * max(0,X1-0.906) - 38.1*max(0,X0-0.780) * max(0,X1-0.906) + 37.7*max(0,X0-1.25) - 35.7*max(0,X2-0.841) * max(0,-0.150-X0) - 30.2*max(0,X1-1.35) * max(0,-1.08-X0) + 28.3*max(0,X0-0.315) * max(0,X1-0.906) - 27.7*max(0,X0-0.315) * max(0,X0-1.25) + 26.6*max(0,X1-1.35) * abs(X0) + 26.4*max(0,X2-0.841) * max(0,-0.615-X0) + 26.2*max(0,-1.08-X0) * max(0,X1-0.906) - 23.7*max(0,X0-0.315) * max(0,X2-0.841) + 21.4*max(0,X2-0.841) * abs(X0) - 17.1*max(0,-1.08-X0) * max(0,X1-0.462) - 16.1*abs(X0) * max(0,X0-1.25) + 13.9*max(0,X0-0.315) * max(0,X1-0.462) - 13.6*max(0,X2-0.841) * max(0,-1.08-X0) + 12.0*max(0,X1-0.462) * max(0,-0.615-X0) - 11.1*max(0,X0-0.315) * max(0,X0-0.780) - 10.7*max(0,X0-0.315) + 9.92*max(0,X2-0.841) * max(0,X0-0.780) + 9.50*max(0,X2-0.841) * max(0,X0-1.25) + 9.39*max(0,X0-0.780) * max(0,X0-1.25) - 8.94*max(0,X2-0.841) * max(0,X1-1.35) + 8.53*max(0,X1-1.35) * max(0,X0+0.150) + 8.39*max(0,-1.08-X0) + 8.03*X0**2 - 7.73*max(0,-0.615-X0) * max(0,-0.150-X0) - 7.57*max(0,-0.615-X0) - 7.01*max(0,X1-1.35) - 6.94*max(0,X0+0.150) * max(0,X1-0.462) + 6.49*max(0,X1-0.906) - 5.97*max(0,X2-0.841) * max(0,X0+0.150) - 5.89*abs(X0) * max(0,X1-0.906) - 5.77*abs(X0) * max(0,-0.615-X0) - 5.77*max(0,X1-0.462) * max(0,X1-0.906) - 5.77*max(0,X1-0.906) * max(0,-0.150-X0) + 5.40*max(0,X0+0.150) * max(0,X0-1.25) + 4.93*max(0,X0-0.315) * abs(X0) + 4.60*max(0,X2-1.31) - 4.58*max(0,X1-0.462) * abs(X0) + 4.50*max(0,X1-0.462) - 4.44*max(0,X0-0.315) * max(0,X0+0.150) - 3.98*max(0,X0-0.780) * max(0,X1-0.462) + 3.97*abs(X0) * max(0,-0.150-X0) + 3.88*max(0,X1-1.35) * max(0,X1-0.906) - 3.73*max(0,X0+0.150) * max(0,X1-0.906) + 3.57*max(0,X0+0.150) * abs(X0) + 3.30*max(0,X0-0.780) + 3.27*max(0,-0.150-X0) - 3.04*abs(X0) + 2.83*max(0,-1.08-X0) * max(0,-0.150-X0) - 2.79*max(0,X0-0.780) * abs(X0) - 2.69*max(0,-0.615-X0) * max(0,X1-0.906) - 2.57*max(0,-1.08-X0) * max(0,-0.615-X0) - 2.46*max(0,X0+0.150) + 2.35*X0 + 2.09*max(0,X1-0.462) * max(0,-0.150-X0) - 1.79*max(0,X2-0.841) + 1.70*max(0,-0.868-X1) - 1.64*max(0,0.315-X0) + 1.47*max(0,0.0187-X1) + 1.42*max(0,0.462-X1) + 1.38*max(0,X1-1.35) * max(0,X1-0.462) - 1.37*max(0,-1.08-X0) * abs(X0) + 1.36*max(0,X1-0.462) * max(0,X0-1.25) + 1.32*max(0,X1-0.0187) + 1.09*max(0,X2-0.841) * max(0,X1-0.906) - 1.09*abs(X1) - 1.06*max(0,X2+0.101) - 1.04*max(0,0.906-X1) - 0.886*X1**2 + 0.867*max(0,X2-0.841) * max(0,X1-0.462) + 0.854*max(0,X0-0.780) * max(0,X0+0.150) - 0.839*max(0,-0.101-X2) + 0.806*max(0,X0+1.08) + 0.647*max(0,-1.04-X2) + 0.525*max(0,0.780-X0) - 0.519*max(0,-0.425-X1) + 0.460*max(0,X2-0.370) + 0.432*max(0,-0.572-X2) - 0.358*max(0,X0+0.615) - 0.256*X1 - 0.242*max(0,0.841-X2) + 0.172*abs(X2) - 0.0582*max(0,0.462-X1) * max(0,-0.150-X0) - 0.0437*max(0,0.370-X2) - 0.00819*max(0,1.25-X0)"
ffx,feynman_III_9_52,ok,-1.299032,25.586209,2448,40.39,,"3.99 - 60.4*max(0,X2-0.710) * max(0,-0.980-X4) - 42.1*max(0,-1.07-X2) * max(0,X5-1.18) + 40.2*max(0,X5-1.18) * max(0,-0.980-X4) - 37.6*max(0,-0.530-X1) * max(0,-0.980-X4) + 34.8*max(0,X1-0.769) * max(0,-0.980-X4) + 34.6*max(0,X2-0.265) * max(0,-0.980-X4) + 32.4*max(0,-1.07-X2) * max(0,-0.980-X4) + 32.0*max(0,X5-1.18) * max(0,-0.625-X2) - 31.2*max(0,X5-1.18) * max(0,X2-0.710) + 31.1*max(0,X5-1.18) * max(0,X0-0.950) - 25.1*max(0,X5-1.18) * max(0,-0.527-X4) - 24.3*max(0,X1-0.336) * max(0,-0.980-X4) - 22.5*max(0,X1-0.769) * max(0,-0.527-X4) - 20.7*max(0,-0.625-X2) * max(0,-0.980-X4) + 19.9*max(0,-0.980-X4) * max(0,-0.0969-X1) - 19.7*max(0,-1.07-X2) * max(0,X0-0.950) - 18.7*max(0,X5-1.18) * max(0,X1-0.769) - 18.5*max(0,X5-1.18) * max(0,X0-0.0574) + 18.2*max(0,X2-0.265) * max(0,X5-1.18) - 17.3*max(0,-1.07-X2) * max(0,-0.0969-X1) + 17.1*max(0,X2-0.710) * max(0,-0.0969-X1) - 17.0*max(0,-0.389-X0) * max(0,-0.980-X4) - 17.0*max(0,X1-0.769) * max(0,X0-0.950) - 15.7*max(0,-0.530-X1) * max(0,X2-0.710) + 15.6*max(0,X5-1.18) * max(0,X1-0.336) + 15.4*max(0,X1-0.336) * max(0,-0.527-X4) + 13.0*max(0,X2-0.710) * max(0,-0.527-X4) + 12.4*max(0,-0.625-X2) * max(0,-0.0969-X1) + 12.1*max(0,X2-0.710) * max(0,X0-0.950) + 12.0*max(0,-0.625-X2) * max(0,0.0574-X0) + 11.9*max(0,X5-1.18) - 11.8*max(0,X0-0.0574) * max(0,X2-0.710) + 11.5*max(0,X1-0.336) * max(0,X0-0.950) + 11.4*max(0,-1.07-X2) * max(0,-0.530-X1) + 11.0*max(0,-0.389-X0) * max(0,X5-1.18) - 10.8*max(0,X5-1.18) * max(0,-0.0969-X1) + 10.6*max(0,-1.07-X2) * max(0,X1-0.769) + 10.1*max(0,-1.07-X2) * max(0,X0-0.0574) - 9.57*max(0,X5-1.18) * max(0,0.0574-X0) + 9.38*max(0,X1-0.769) - 9.35*max(0,X2-0.265) * max(0,X0-0.950) + 9.18*max(0,-0.389-X0) * max(0,X1-0.769) - 9.11*max(0,X5-1.18) * X1 - 9.02*max(0,X1-0.769) * max(0,X2-0.710) - 8.91*max(0,-0.625-X2) * max(0,X1-0.769) + 8.79*max(0,X0-0.0574) * max(0,X0-0.950) + 8.79*max(0,-0.389-X0) * max(0,-0.0969-X1) + 8.59*max(0,-1.07-X2) * max(0,-0.625-X2) + 8.58*max(0,X2-0.265) * max(0,-0.530-X1) - 8.47*max(0,-1.07-X2) * max(0,0.0574-X0) - 8.36*max(0,X2-0.265) * max(0,-0.0969-X1) - 8.31*max(0,-0.389-X0) * max(0,-0.530-X1) + 8.18*max(0,0.0574-X0) * max(0,-0.980-X4) - 8.09*max(0,-0.389-X0) * max(0,X1-0.336) - 7.78*max(0,X1-0.769) * abs(X1) - 7.61*max(0,X2-0.265) * max(0,-0.527-X4) + 7.55*max(0,-0.527-X4) * max(0,-0.980-X4) + 7.27*max(0,-1.12-X5) + 7.26*max(0,X2-0.265) * max(0,X0-0.0574) - 7.14*max(0,-0.530-X1) * max(0,-0.625-X2) - 7.06*max(0,X1-0.769) * max(0,0.0574-X0) + 6.98*max(0,-0.530-X1) * max(0,-0.527-X4) - 6.64*max(0,-0.0969-X1) - 6.54*max(0,-0.530-X1) * max(0,X5-1.18) - 6.42*max(0,X0-1.40) + 6.38*max(0,-0.389-X0) - 6.36*max(0,X0-0.0574) - 6.29*max(0,-0.497-X3) + 6.28*max(0,-0.625-X2) * max(0,-0.527-X4) - 6.18*max(0,-0.389-X0) * max(0,-0.625-X2) - 5.91*max(0,-0.980-X4) + 5.89*max(0,-0.389-X0) * max(0,-0.527-X4) - 5.85*max(0,-1.07-X2) * abs(X1) + 5.82*max(0,X5-0.721) + 5.77*max(0,X1+0.0969) * max(0,-0.980-X4) - 5.73*max(0,X0-0.950) - 5.70*X5**2 + 5.64*max(0,X2-1.15) - 5.52*max(0,0.0574-X0) + 5.33*max(0,X2-0.710) * max(0,X1+0.0969) + 5.32*max(0,X0-0.504) + 5.31*max(0,X2-0.265) + 5.17*max(0,X0-0.0574) * max(0,X1-0.769) - 5.15*max(0,-1.07-X2) * max(0,-0.527-X4) + 4.66*max(0,-0.662-X5) - 4.64*max(0,-0.527-X4) - 4.63*max(0,-0.389-X0) * max(0,-1.07-X2) + 4.58*max(0,-0.530-X1) * max(0,0.0574-X0) + 4.54*max(0,X2-0.265) * max(0,X1-0.769) + 4.39*max(0,X5-1.18) * abs(X1) - 4.31*max(0,X0-0.950) * max(0,X1+0.0969) + 4.21*max(0,-0.389-X0) * max(0,X1+0.0969) + 4.12*max(0,-1.07-X2) * max(0,X1+0.0969) + 4.02*max(0,X1+0.0969) - 3.95*max(0,-0.389-X0) * abs(X1) - 3.95*max(0,X0-0.950) * abs(X1) + 3.92*max(0,X1-0.769) * X1 - 3.81*max(0,X3-0.397) + 3.54*X1 * max(0,X2-0.710) - 3.51*X2**2 - 3.28*max(0,-0.530-X1) * max(0,-0.0969-X1) + 3.21*max(0,0.769-X1) + 3.09*max(0,-0.530-X1) * max(0,X0-0.0574) + 3.00*max(0,-0.389-X0) * max(0,X2-0.710) + 3.00*max(0,-0.944-X3) - 2.90*max(0,-0.527-X4) * abs(X1) + 2.86*abs(X5) + 2.76*max(0,X2-0.710) * abs(X1) - 2.75*max(0,-1.07-X2) * X1 - 2.73*abs(X1) - 2.72*max(0,-0.527-X4) * max(0,0.0574-X0) + 2.68*max(0,-0.625-X2) * max(0,X0-0.950) - 2.67*max(0,-0.530-X1) * max(0,X0-0.950) + 2.63*max(0,0.260-X5) - 2.59*max(0,0.504-X0) + 2.59*max(0,X0-0.0574) * max(0,-0.0969-X1) + 2.44*max(0,X1-0.336) * max(0,0.0574-X0) - 2.42*max(0,X2-0.265) * max(0,X2-0.710) + 2.40*abs(X1) * max(0,-0.0969-X1) - 2.39*max(0,X2-0.265) * max(0,X1+0.0969) + 2.16*abs(X4) + 2.15*max(0,X0-0.0574) * max(0,-0.980-X4) - 2.08*max(0,X2-0.265) * max(0,-0.389-X0) + 2.06*max(0,X0-0.0574) * max(0,X1+0.0969) - 1.97*max(0,-0.530-X1) * X1 + 1.96*max(0,-0.625-X2) - 1.90*max(0,0.710-X2) + 1.89*max(0,X3+0.0502) - 1.89*max(0,-0.625-X2) * max(0,X0-0.0574) - 1.87*max(0,X2-0.265) * abs(X1) - 1.87*max(0,X1-0.336) * max(0,X2-0.710) - 1.84*max(0,X2-0.265) * X1 - 1.80*X1 * max(0,X1+0.0969) - 1.79*max(0,-0.625-X2) * max(0,X1-0.336) + 1.75*max(0,-0.625-X2) * max(0,X1+0.0969) - 1.70*max(0,X2-0.710) * max(0,0.0574-X0) - 1.63*abs(X0) * max(0,-0.0969-X1) + 1.63*max(0,X1+0.0969) * max(0,0.0574-X0) + 1.63*max(0,X4-1.29) - 1.60*max(0,X3+0.497) + 1.60*max(0,0.397-X3) + 1.59*max(0,X2-0.265) * max(0,0.0574-X0) + 1.56*abs(X0) * max(0,-0.980-X4) + 1.42*max(0,-0.625-X2) * abs(X1) - 1.37*max(0,-0.0731-X4) + 1.36*max(0,X2-0.710) - 1.35*max(0,-0.389-X0) * max(0,0.0574-X0) + 1.35*max(0,-0.625-X2) * X1 + 1.35*max(0,X2-0.265) * max(0,X1-0.336) + 1.32*max(0,X0-0.0574) * max(0,X1-0.336) - 1.29*max(0,X0-0.0574) * abs(X1) - 1.28*max(0,0.843-X3) + 1.28*max(0,0.0574-X0) * max(0,-0.0969-X1) + 1.28*max(0,X0-0.950) * max(0,-0.980-X4) - 1.27*max(0,-0.527-X4) * max(0,X0-0.950) + 1.22*max(0,-0.980-X4) * abs(X1) - 1.22*X1 * abs(X1) + 1.20*max(0,1.40-X0) - 1.19*max(0,X1+0.530) + 1.16*max(0,X1-0.769) * max(0,X1-0.336) + 1.13*max(0,-0.527-X4) * max(0,-0.0969-X1) - 1.11*max(0,X1-1.20) + 1.08*X3**2 + 1.06*max(0,0.0574-X0) * abs(X1) + 1.03*max(0,X1-0.336) * max(0,X1+0.0969) - 1.01*max(0,X4-0.380) + 1.01*max(0,-1.07-X2) - 1.01*max(0,X2+0.625) - 0.984*max(0,X5-1.18) * max(0,X1+0.0969) + 0.975*max(0,X5+1.12) - 0.955*max(0,-0.530-X1) * abs(X1) - 0.954*max(0,X0-0.950) * max(0,-0.0969-X1) - 0.938*max(0,X3-1.29) + 0.936*X1 * max(0,-0.980-X4) - 0.878*max(0,X2+0.180) - 0.858*max(0,X4+0.0731) + 0.845*abs(X2) + 0.813*max(0,-0.389-X0) * X1 - 0.786*max(0,-0.180-X2) - 0.758*max(0,X0-0.0574) * X1 + 0.756*abs(X3) + 0.730*X1 * max(0,0.0574-X0) + 0.704*max(0,-0.963-X1) - 0.696*X1 - 0.696*X2 + 0.681*abs(X0) + 0.672*max(0,X5+0.662) + 0.643*abs(X0) * abs(X1) - 0.604*max(0,X1+0.963) + 0.599*X1 * max(0,-0.0969-X1) + 0.590*max(0,X1-0.336) * abs(X1) - 0.578*max(0,0.336-X1) + 0.578*max(0,-1.07-X2) * max(0,X1-0.336) - 0.564*X4 - 0.547*max(0,-0.527-X4) * max(0,X1+0.0969) + 0.544*max(0,-0.0502-X3) + 0.503*max(0,X0+0.389) - 0.502*max(0,1.15-X2) - 0.476*max(0,1.29-X4) + 0.455*max(0,0.265-X2) + 0.426*max(0,X1-0.769) * max(0,X1+0.0969) + 0.364*max(0,X1-0.336) + 0.343*X1 * max(0,-0.527-X4) - 0.325*max(0,1.20-X1) - 0.317*X1**2 + 0.315*max(0,X4-0.834) + 0.313*max(0,X1+0.0969) * abs(X1) - 0.302*X0**2 + 0.286*max(0,X3-0.843) - 0.280*max(0,X3+0.944) - 0.276*X1 * max(0,X0-0.950) - 0.273*X4**2 - 0.238*max(0,-0.836-X0) - 0.226*max(0,0.721-X5) - 0.223*max(0,X4+0.980) + 0.220*max(0,0.380-X4) + 0.219*max(0,-0.201-X5) + 0.211*max(0,0.950-X0) + 0.196*X3 - 0.149*max(0,X0+0.836) - 0.140*max(0,X4+0.527) - 0.133*X0 - 0.112*max(0,X0-0.0574) * max(0,-0.527-X4) - 0.0904*max(0,X5-0.260) + 0.0752*X5 + 0.0598*max(0,0.834-X4) + 0.0430*max(0,1.29-X3) + 0.0214*X1 * max(0,X1-0.336) + 0.00626*max(0,-0.530-X1)"
ffx,feynman_II_10_9,ok,0.996129,0.013916,539,17.38,,"0.310 + 6.87*max(0,-1.05-X2) * max(0,-1.07-X1) - 3.16*max(0,-0.602-X1) * max(0,-1.05-X2) + 2.64*max(0,-0.602-X1) * max(0,-1.07-X1) - 2.24*max(0,-0.591-X2) * max(0,-1.07-X1) + 1.56*max(0,-0.602-X1) * max(0,-0.591-X2) + 1.14*max(0,-0.591-X2) * max(0,-1.05-X2) - 0.796*max(0,1.25-X1) * max(0,-1.07-X1) - 0.765*max(0,-0.602-X1) + 0.762*max(0,-1.07-X1) + 0.732*max(0,-1.05-X2) + 0.618*X2 * max(0,-1.05-X2) - 0.574*max(0,1.57-X0) * max(0,-1.07-X1) + 0.541*max(0,-0.591-X2) - 0.538*max(0,-0.602-X1) * max(0,0.119-X0) + 0.506*X2 * max(0,-0.591-X2) - 0.490*X2 - 0.478*max(0,0.119-X0) * max(0,-0.591-X2) + 0.434*max(0,1.25-X1) * max(0,-0.602-X1) - 0.418*X1 - 0.306*max(0,-1.05-X2) * max(0,1.57-X0) - 0.287*max(0,1.57-X0) + 0.239*max(0,1.25-X1) * max(0,-1.05-X2) + 0.229*max(0,0.119-X0) + 0.204*max(0,0.790-X1) + 0.184*max(0,-0.845-X0) - 0.180*max(0,1.25-X1) * max(0,1.57-X0) + 0.178*max(0,X0-1.08) + 0.175*max(0,0.119-X0) * max(0,-1.07-X1) - 0.168*X2 * max(0,-1.07-X1) + 0.156*max(0,-0.602-X1) * max(0,1.57-X0) + 0.152*max(0,-0.591-X2) * max(0,1.57-X0) + 0.150*max(0,-0.138-X1) + 0.130*X2 * max(0,1.57-X0) - 0.116*X2 * max(0,-0.602-X1) - 0.0870*max(0,1.25-X1) * X2 + 0.0849*X2**2 - 0.0787*max(0,1.25-X2) - 0.0784*max(0,0.119-X0) * max(0,1.57-X0) + 0.0659*max(0,0.119-X0) * max(0,-1.05-X2) + 0.0492*X1**2 + 0.0413*max(0,1.25-X1) * max(0,0.119-X0) + 0.0387*max(0,1.25-X1) - 0.0320*X2 * max(0,0.119-X0) - 0.0199*max(0,1.25-X1) * max(0,-0.591-X2) - 0.0164*max(0,-0.131-X2)"
ffx,feynman_II_11_20,ok,-11.827837,16.375889,1764,31.68,,"-0.268 + 123*max(0,-1.08-X3) * max(0,X2-1.30) + 67.1*max(0,X0-1.22) * max(0,X2-1.30) - 60.3*max(0,X2-0.859) * max(0,-1.08-X3) + 58.2*max(0,-0.980-X0) * max(0,X2-1.30) - 49.8*max(0,-0.614-X3) * max(0,X2-1.30) - 36.3*max(0,-0.101-X0) * max(0,X2-1.30) - 35.2*max(0,-0.980-X0) * max(0,X2-0.859) - 33.2*max(0,X0-1.22) + 29.8*max(0,-0.614-X3) * max(0,X2-0.859) + 22.5*max(0,-0.980-X0) * max(0,-1.08-X3) - 21.6*max(0,X3-1.23) * max(0,X2-1.30) + 21.4*max(0,-0.0144-X2) * max(0,-1.08-X3) + 21.3*max(0,X0-0.338) * max(0,X0-1.22) + 20.9*max(0,0.338-X0) * max(0,X2-1.30) + 20.7*max(0,X3-1.23) * max(0,X2-0.859) + 18.5*max(0,X3-0.311) * max(0,X0-1.22) - 18.4*max(0,-0.980-X0) * max(0,X3-1.23) + 16.7*max(0,-0.980-X0) * max(0,X3-0.773) - 15.5*max(0,0.422-X2) * max(0,-1.08-X3) - 15.0*max(0,X2-0.859) * max(0,X2-1.30) + 14.7*max(0,X0-0.338) * max(0,X3-1.23) - 14.1*max(0,X0-1.22) * max(0,X3-0.773) + 13.2*max(0,-0.101-X0) * max(0,X2-0.859) - 12.4*max(0,-0.101-X0) * max(0,-1.08-X3) - 11.7*max(0,-0.101-X0) * max(0,X3-0.773) - 10.4*max(0,X3-0.773) * max(0,X2-1.30) + 9.54*max(0,-0.980-X0) * max(0,X2-0.422) - 9.51*max(0,X3-1.23) + 9.26*max(0,X2-1.30) + 9.23*max(0,X0-1.22) * max(0,-1.08-X3) + 8.96*max(0,X2-0.422) * max(0,-1.08-X3) + 8.93*max(0,-1.08-X3) - 8.12*max(0,X0-0.338) * max(0,-1.08-X3) - 8.00*max(0,0.338-X0) * max(0,X2-0.859) - 7.98*max(0,X0-1.22) * max(0,X2-0.859) - 7.49*max(0,X2-0.422) * max(0,-0.614-X3) + 7.38*max(0,X4-0.965) * max(0,X3-0.773) - 7.29*max(0,X4-0.965) * max(0,X3-1.23) + 6.94*max(0,X0-1.22) * max(0,X2-0.422) - 6.08*max(0,-0.0144-X2) * max(0,X3-1.23) + 5.57*max(0,0.338-X0) * max(0,X3-1.23) + 5.49*max(0,-0.101-X0) * max(0,-0.614-X3) - 5.47*max(0,X2-0.422) * max(0,X3-1.23) + 5.37*max(0,X4-0.965) * max(0,X0-1.22) - 5.35*max(0,-0.980-X0) * max(0,X4-0.965) - 5.30*max(0,-0.980-X0) * max(0,X3-0.311) + 5.28*max(0,X0-1.22) * max(0,-0.614-X3) + 4.99*max(0,X3-0.311) * max(0,X2-1.30) + 4.86*max(0,-0.101-X0) * max(0,X3-1.23) + 4.26*max(0,X3-1.23) * max(0,X3-0.773) - 4.04*max(0,0.338-X0) * max(0,-0.614-X3) + 3.96*max(0,X4-0.965) * max(0,X2-0.859) + 3.76*max(0,0.422-X2) * max(0,X3-1.23) + 3.69*max(0,-0.0144-X2) * max(0,X3-0.773) - 3.52*max(0,X3-0.311) * max(0,X4-0.965) - 3.19*max(0,-0.980-X0) * max(0,-0.614-X3) + 3.11*max(0,-0.101-X0) * max(0,X4-0.965) + 2.93*max(0,X0-0.777) - 2.93*max(0,X4-0.965) * max(0,-0.614-X3) - 2.84*max(0,X3-0.311) * max(0,X0-0.338) - 2.81*max(0,X0-0.338) * max(0,X2-0.422) - 2.76*max(0,X0-0.338) * max(0,-0.614-X3) + 2.64*max(0,-0.101-X0) * max(0,X3-0.311) + 2.34*max(0,X0-0.338) + 2.32*max(0,X4-1.43) - 2.08*max(0,X4-0.965) * max(0,X2-0.422) - 2.05*max(0,X3-0.311) * max(0,X3-1.23) - 2.04*max(0,X4-0.965) * max(0,-0.0144-X2) + 2.01*max(0,0.422-X2) * max(0,X4-0.965) + 1.97*max(0,0.338-X0) * max(0,X3-0.773) - 1.97*max(0,-0.0144-X2) * max(0,-0.614-X3) + 1.84*max(0,-0.101-X0) * max(0,X2-0.422) - 1.83*max(0,X3-0.311) * max(0,X2-0.859) - 1.82*max(0,0.422-X2) * max(0,X3-0.773) + 1.79*max(0,-0.614-X3) * max(0,-1.08-X3) + 1.73*max(0,-0.421-X4) + 1.70*max(0,X2-0.859) + 1.63*max(0,X3-0.311) * max(0,X3-0.773) + 1.56*max(0,X2-0.422) + 1.48*max(0,X4-0.965) * max(0,-1.08-X3) - 1.41*max(0,0.338-X0) * max(0,X2-0.422) + 1.38*max(0,X3-0.773) * max(0,X2-0.859) + 1.20*max(0,X4-0.965) * max(0,X2-1.30) - 1.18*max(0,X1-1.18) - 1.17*max(0,X3-0.311) * max(0,-0.0144-X2) + 1.17*max(0,-0.883-X4) + 1.12*max(0,0.422-X2) * max(0,X0-1.22) - 1.11*max(0,-0.0144-X2) * max(0,X0-1.22) - 1.11*max(0,-0.101-X0) * max(0,-0.0144-X2) + 1.09*max(0,0.422-X2) * max(0,-0.101-X0) - 1.07*max(0,0.422-X2) * max(0,X0-0.338) + 1.05*max(0,X0-0.338) * max(0,X3-0.773) - 0.950*X4**2 + 0.948*max(0,0.422-X2) * max(0,-0.614-X3) - 0.903*max(0,X2-0.422) * max(0,X2-0.859) + 0.891*max(0,-0.541-X0) - 0.878*max(0,-0.153-X1) - 0.870*max(0,-0.0144-X2) + 0.800*max(0,X4-0.503) - 0.798*max(0,X0-0.338) * max(0,X2-1.30) - 0.767*max(0,-0.152-X3) - 0.750*X3 + 0.745*max(0,0.422-X2) * max(0,-0.0144-X2) + 0.729*max(0,-0.980-X0) - 0.719*max(0,-0.101-X0) + 0.670*max(0,X2-0.422) * max(0,X2-1.30) + 0.669*max(0,-0.0144-X2) * max(0,X0-0.338) - 0.639*max(0,-0.888-X2) + 0.601*max(0,X1+0.599) - 0.577*X0**2 + 0.572*max(0,X4-0.0411) + 0.571*max(0,X0-0.338) * max(0,X2-0.859) + 0.558*max(0,X3+0.614) - 0.515*max(0,-1.05-X1) - 0.514*max(0,-0.980-X0) * max(0,-0.101-X0) - 0.504*max(0,X1-0.293) - 0.504*max(0,X3+0.152) + 0.482*max(0,X3-0.311) * max(0,X2-0.422) + 0.458*max(0,0.0411-X4) - 0.456*max(0,X4-0.965) + 0.447*max(0,-0.599-X1) + 0.442*max(0,0.422-X2) * max(0,X3-0.311) + 0.429*X3**2 + 0.412*X1**2 + 0.410*max(0,X1-0.739) - 0.380*X0 - 0.370*max(0,X1+0.153) + 0.359*max(0,-0.980-X0) * max(0,0.422-X2) - 0.343*max(0,X2-0.422) * max(0,X3-0.773) - 0.329*max(0,X4-0.965) * max(0,X0-0.338) + 0.309*max(0,-0.614-X3) + 0.302*max(0,X3-0.311) - 0.299*max(0,0.859-X2) - 0.298*max(0,X3-0.773) - 0.286*max(0,0.965-X4) - 0.269*max(0,X0+0.101) - 0.266*max(0,0.503-X4) + 0.248*max(0,0.311-X3) - 0.218*max(0,0.422-X2) - 0.207*max(0,X2+0.0144) + 0.192*max(0,X0+0.541) - 0.185*max(0,X4+0.883) - 0.182*X2 - 0.181*X2**2 + 0.178*max(0,X3+1.08) + 0.156*max(0,0.773-X3) - 0.154*X4 - 0.143*max(0,0.338-X0) - 0.130*max(0,X2+0.888) + 0.108*max(0,-0.451-X2) + 0.0858*max(0,-0.980-X0) * max(0,-0.0144-X2) - 0.0669*X1 + 0.0610*max(0,X0+0.980) + 0.0325*max(0,X2+0.451) + 0.0315*max(0,X4+0.421) - 0.0289*max(0,1.30-X2) + 0.0191*max(0,0.777-X0) + 0.0167*max(0,0.338-X0) * max(0,-1.08-X3) - 0.0120*max(0,1.18-X1)"
ffx,feynman_II_11_27,ok,0.739883,0.311571,1253,21.93,,"-0.132 + 77.8*max(0,X3-1.36) * max(0,X2-1.30) + 49.3*max(0,X2-1.30) * max(0,X0-1.44) - 27.7*max(0,X3-0.913) * max(0,X2-1.30) + 25.5*max(0,X3-1.36) * max(0,X1-1.28) - 24.1*max(0,X3-0.913) * max(0,X1-1.28) + 22.9*max(0,X0-1.44) * max(0,X1-1.28) + 17.0*max(0,X3-0.471) * max(0,X1-1.28) - 15.7*max(0,X0-1.44) + 12.7*max(0,X1-0.823) * max(0,X0-1.44) - 12.7*max(0,X3-1.36) * max(0,X1-0.823) - 11.3*max(0,X2-0.870) * max(0,X0-1.44) - 11.2*max(0,X3-1.36) * max(0,X0-1.44) - 9.05*max(0,X3-1.36) * max(0,X2-0.870) + 8.83*max(0,X2-0.435) * max(0,X2-1.30) - 8.24*max(0,-0.869-X2) * max(0,X1-1.28) - 8.09*max(0,X2-0.870) * max(0,X1-1.28) + 8.04*abs(X0) * max(0,X0-1.44) - 7.96*max(0,X2-1.30) * max(0,X2-0.870) + 7.94*max(0,X3-0.913) * max(0,X2-0.870) + 7.49*max(0,X2-1.30) * max(0,X1-1.28) + 6.51*max(0,X3-1.36) * max(0,X3-0.913) + 5.99*max(0,X3-0.913) * max(0,X1-0.823) + 5.57*max(0,X2-0.435) * max(0,X1-1.28) + 5.55*max(0,0.471-X3) * max(0,X1-1.28) + 4.83*max(0,-0.869-X2) * max(0,X0-1.44) - 4.74*X0 * max(0,X2-1.30) - 4.71*max(0,X3-1.36) * abs(X0) - 4.28*abs(X0) * max(0,X2-1.30) - 4.16*abs(X3) * max(0,X1-1.28) - 4.10*max(0,X2-1.30) * max(0,X1-0.823) - 3.85*max(0,X1-1.28) + 3.42*abs(X3) * max(0,X0-1.44) - 3.38*max(0,X2-1.30) - 3.37*max(0,X3-1.36) * max(0,X2-0.435) - 3.13*max(0,X3-0.471) * max(0,X0-1.44) + 3.13*max(0,-0.869-X2) * max(0,X3-0.471) - 3.12*max(0,X2-0.435) * max(0,X0-1.44) + 2.75*abs(X0) * max(0,X3-0.913) - 2.69*max(0,0.471-X3) * max(0,X0-1.44) + 2.55*max(0,X2-0.870) + 2.48*max(0,X3-1.36) * max(0,-0.869-X2) - 2.41*max(0,X2-1.30) * max(0,X3-0.471) - 2.38*max(0,X2-0.435) * max(0,X2-0.870) + 2.20*X0 * max(0,X2-0.870) + 2.13*X0 + 2.10*abs(X0) * max(0,X2-0.870) + 2.03*max(0,X3-1.36) * X0 + 1.86*X0 * max(0,X1-0.823) - 1.85*abs(X3) * max(0,X1-0.823) - 1.83*abs(X3) * max(0,X3-0.913) + 1.78*max(0,X1-0.363) + 1.73*max(0,X1-0.823) * max(0,X1-1.28) - 1.72*max(0,X3-0.913) - 1.71*abs(X0) * max(0,X1-1.28) - 1.69*abs(X3) * max(0,X2-0.870) - 1.69*max(0,-0.901-X0) + 1.64*max(0,-0.869-X2) * max(0,X1-0.823) + 1.62*max(0,X1-0.823) * max(0,X3-0.471) - 1.52*max(0,X2-0.435) * max(0,X3-0.471) + 1.40*max(0,X3-0.471) - 1.38*max(0,-0.869-X2) * max(0,X3-0.913) + 1.31*max(0,X0-0.971) + 1.29*abs(X3) * max(0,X2-1.30) - 1.29*max(0,-0.433-X0) + 1.25*max(0,-0.869-X2) * max(0,0.471-X3) + 1.25*max(0,X3-1.36) * max(0,X3-0.471) - 1.19*abs(X3) * max(0,-0.869-X2) - 1.19*X0 * abs(X0) - 1.17*X0 * max(0,X1-1.28) - 1.07*abs(X0) * max(0,X3-0.471) - 0.982*max(0,-0.854-X3) - 0.922*max(0,X3-1.36) + 0.913*max(0,X2-0.870) * max(0,X3-0.471) + 0.903*max(0,0.471-X3) * max(0,X2-0.870) - 0.898*max(0,-0.869-X2) + 0.878*abs(X3) * max(0,X2-0.435) - 0.765*max(0,0.0295-X3) - 0.721*max(0,0.471-X3) * max(0,X2-0.435) + 0.714*max(0,-0.412-X3) + 0.658*max(0,X2-0.870) * max(0,X1-0.823) - 0.650*abs(X3) + 0.620*max(0,X2-0.435) * max(0,X3-0.913) + 0.588*X0**2 + 0.568*max(0,0.471-X3) - 0.553*max(0,X0-0.0348) + 0.545*abs(X3) * max(0,X3-0.471) + 0.531*max(0,-0.558-X1) + 0.505*abs(X0) - 0.474*max(0,0.0348-X0) - 0.474*abs(X0) * max(0,X2-0.435) - 0.419*abs(X1) - 0.414*max(0,-0.0976-X1) - 0.405*X0 * max(0,X2-0.435) - 0.380*abs(X0) * max(0,-0.869-X2) - 0.365*X0 * max(0,X3-0.471) - 0.341*max(0,X0+0.901) - 0.341*max(0,-1.02-X1) - 0.337*max(0,0.913-X3) + 0.328*max(0,X3-0.913) * max(0,X3-0.471) + 0.320*max(0,0.971-X0) + 0.292*max(0,X3-0.913) * max(0,X0-1.44) + 0.281*abs(X2) + 0.257*max(0,X1+0.0976) - 0.248*X0 * max(0,-0.869-X2) + 0.240*abs(X0) * max(0,X1-0.823) - 0.236*X0 * max(0,0.471-X3) - 0.235*X3 - 0.204*max(0,0.000467-X2) + 0.202*max(0,X3-0.0295) + 0.189*max(0,X2-0.435) * max(0,X1-0.823) - 0.181*max(0,X1-0.823) - 0.170*max(0,X0+0.433) + 0.165*max(0,X3+0.412) - 0.164*max(0,0.435-X2) + 0.154*max(0,0.870-X2) + 0.143*X3**2 + 0.140*max(0,1.28-X1) + 0.121*max(0,0.471-X3) * max(0,X2-1.30) + 0.116*abs(X3) * max(0,0.471-X3) + 0.0978*max(0,X0-0.503) + 0.0947*max(0,1.36-X3) - 0.0853*max(0,X2-0.435) - 0.0586*abs(X0) * max(0,0.471-X3) - 0.0577*max(0,X3+0.854) - 0.0564*max(0,X1+1.02) - 0.0508*max(0,0.471-X3) * max(0,X1-0.823) - 0.0443*max(0,X2+0.434) - 0.0418*X0 * max(0,X0-1.44) + 0.00685*X0 * max(0,X3-0.913)"
ffx,feynman_II_11_28,ok,0.99727,0.017692,145,11.48,,"0.387 + 0.524*max(0,X0+0.979) - 0.389*max(0,1.26-X0) + 0.315*max(0,X0+0.979) * max(0,X1-0.785) - 0.306*max(0,X0+0.979) * max(0,1.25-X1) + 0.253*max(0,X1+0.608) * max(0,X0-0.811) - 0.152*max(0,1.25-X1) + 0.146*max(0,X1+0.608) - 0.0627*max(0,X1+0.608) * max(0,1.26-X0) + 0.0568*max(0,X0+0.979) * max(0,X0-0.811) - 0.0448*max(0,X1-0.785) * max(0,1.25-X1) + 0.0322*max(0,X1+0.608) * max(0,X1-0.785) + 0.0208*max(0,X1+0.608) * max(0,1.25-X1) + 0.00328*max(0,X0+0.0841)"
ffx,feynman_II_11_3,ok,-2.085686,0.263757,2113,41.0,,"-0.481 - 55.1*max(0,X1-0.893) * max(0,-1.19-X3) + 34.2*max(0,X1-1.40) * max(0,-0.714-X3) - 17.4*max(0,X1-1.40) * max(0,-1.19-X3) + 10.3*max(0,-1.19-X3) * max(0,-0.747-X4) + 10.2*max(0,X1-0.893) * max(0,-0.714-X3) + 9.09*max(0,X0+0.124) * max(0,-1.19-X3) - 9.03*max(0,-1.21-X4) * max(0,-1.19-X3) + 8.76*max(0,X2-0.643) * max(0,-1.19-X3) - 7.63*max(0,-1.19-X3) * max(0,-0.636-X1) - 7.11*max(0,-1.19-X3) * max(0,X0-0.326) + 7.03*max(0,X1-1.40) * max(0,X0-0.326) - 6.50*max(0,X1-1.40) * abs(X0) + 6.48*max(0,X1-1.40) * max(0,X4-0.172) + 6.39*max(0,-1.21-X4) * max(0,X0-0.326) + 6.17*max(0,-0.124-X0) * max(0,-1.19-X3) + 5.95*max(0,X1-1.40) * max(0,X2-0.643) + 5.73*max(0,X1-1.40) * max(0,-0.124-X0) - 5.46*max(0,X1-1.40) * max(0,X2-0.201) - 5.33*max(0,X1-0.893) * max(0,X1-1.40) - 4.56*max(0,X2-0.643) * max(0,-1.21-X4) - 4.44*max(0,X2-0.201) * max(0,-1.19-X3) - 4.21*max(0,-1.21-X4) * abs(X0) + 4.04*max(0,-1.21-X4) * max(0,-0.714-X3) - 3.86*max(0,-1.21-X4) * max(0,-0.636-X1) + 3.44*max(0,X1-0.893) * max(0,-0.124-X0) + 3.43*max(0,X0+0.124) * max(0,X1-1.40) - 3.32*max(0,X2-0.643) * max(0,-0.124-X0) + 3.31*max(0,-1.19-X3) * max(0,-0.126-X1) - 3.25*max(0,-0.714-X3) * max(0,-1.19-X3) + 3.24*max(0,-0.714-X3) * max(0,-0.636-X1) - 3.15*max(0,-1.15-X1) - 3.04*max(0,X1-0.893) * abs(X0) - 2.85*max(0,X1-0.893) * max(0,-1.21-X4) + 2.85*max(0,X2-0.643) * abs(X0) - 2.80*max(0,-1.19-X3) * abs(X0) + 2.80*max(0,-0.747-X4) * max(0,-0.636-X1) + 2.69*max(0,-0.685-X2) + 2.67*max(0,X1-1.40) - 2.67*abs(X4) * max(0,X1-1.40) - 2.57*max(0,-0.714-X3) * max(0,-0.747-X4) + 2.49*max(0,X1-0.893) * max(0,-0.747-X4) + 2.49*max(0,-1.19-X3) + 2.48*max(0,X1-1.40) * max(0,-0.747-X4) + 2.40*max(0,X2-0.643) - 2.02*max(0,0.172-X4) * max(0,-1.19-X3) + 1.99*max(0,-0.124-X0) * max(0,-0.747-X4) - 1.97*max(0,X2-0.201) - 1.84*max(0,-0.714-X3) * max(0,-0.126-X1) - 1.80*abs(X4) * max(0,X2-0.201) - 1.73*max(0,-0.636-X1) + 1.72*max(0,X2-0.643) * max(0,-0.747-X4) - 1.72*max(0,-0.242-X2) + 1.71*max(0,X1-0.893) * max(0,X0-0.326) + 1.68*abs(X2) + 1.65*max(0,X0-0.326) + 1.62*max(0,-0.714-X3) - 1.60*max(0,-0.124-X0) * max(0,-0.636-X1) + 1.52*max(0,0.172-X4) * max(0,X2-0.643) - 1.46*abs(X0) + 1.46*max(0,-1.21-X4) + 1.43*max(0,X1-0.893) * max(0,X2-0.643) + 1.41*max(0,X2-0.201) * max(0,X4-0.172) - 1.33*max(0,X0-0.776) + 1.33*max(0,-0.287-X4) - 1.32*max(0,X2-0.643) * max(0,X0-0.326) - 1.31*max(0,X2-0.201) * max(0,X2-0.643) - 1.30*max(0,X4-0.172) * abs(X0) - 1.30*max(0,-0.126-X1) + 1.26*max(0,-0.124-X0) - 1.25*max(0,-0.636-X1) * max(0,X0-0.326) + 1.23*max(0,0.172-X4) * max(0,-1.21-X4) - 1.15*max(0,X0+0.124) * max(0,X2-0.201) - 1.15*max(0,-0.124-X0) * max(0,-0.714-X3) - 1.13*max(0,X2-0.643) * max(0,-0.636-X1) + 1.10*abs(X4) * max(0,-0.124-X0) + 1.09*max(0,X4-0.631) + 1.08*max(0,X0+0.124) * abs(X4) - 1.07*abs(X4) * max(0,-1.19-X3) + 1.05*X1**2 - 1.04*max(0,X1-0.893) * abs(X4) + 1.03*max(0,-0.126-X1) * max(0,-0.636-X1) - 1.01*max(0,X2-0.201) * max(0,-0.714-X3) + 1.01*max(0,X2-0.201) * max(0,-1.21-X4) - 0.993*max(0,0.643-X2) + 0.950*max(0,X2-0.201) * max(0,X0-0.326) + 0.941*max(0,X2-0.643) * max(0,-0.126-X1) - 0.934*abs(X4) * max(0,-0.126-X1) + 0.928*max(0,X4-0.172) + 0.923*max(0,X4-0.172) * max(0,-0.126-X1) + 0.850*max(0,X4-0.172) * max(0,-0.636-X1) - 0.828*max(0,-0.747-X4) * max(0,X0-0.326) + 0.810*max(0,0.172-X4) * max(0,-0.636-X1) - 0.793*max(0,-0.237-X3) - 0.787*max(0,X0+0.124) * max(0,-0.747-X4) - 0.770*max(0,-0.747-X4) * abs(X0) - 0.760*max(0,X2-0.201) * abs(X0) + 0.739*max(0,X0+0.124) * max(0,-0.636-X1) + 0.725*max(0,X2-0.201) * max(0,-0.124-X0) + 0.721*max(0,-0.636-X1) * abs(X0) - 0.709*max(0,X0+0.124) * max(0,-0.126-X1) - 0.708*abs(X4) * max(0,-0.636-X1) - 0.693*max(0,-1.21-X4) * max(0,-0.124-X0) + 0.680*max(0,-0.573-X0) - 0.679*max(0,X1-0.383) + 0.663*abs(X4) * max(0,X2-0.643) - 0.656*max(0,X3-0.240) - 0.645*max(0,0.172-X4) * max(0,-0.747-X4) + 0.643*abs(X4) * max(0,X0-0.326) - 0.642*max(0,X4-0.172) * max(0,-1.19-X3) - 0.638*max(0,-1.02-X0) + 0.620*max(0,-0.714-X3) * max(0,X0-0.326) - 0.612*max(0,X0+0.124) * max(0,X4-0.172) - 0.611*abs(X4) + 0.611*max(0,-0.124-X0) * max(0,-0.126-X1) - 0.595*max(0,X2+0.685) + 0.584*max(0,X2-0.201) * max(0,-0.747-X4) - 0.577*max(0,0.172-X4) * max(0,X0-0.326) + 0.569*max(0,X0+0.124) * abs(X0) - 0.512*max(0,X0+0.124) * max(0,-0.714-X3) + 0.510*abs(X3) + 0.503*max(0,1.40-X1) + 0.499*max(0,X0+0.124) - 0.497*max(0,X0-1.23) + 0.467*max(0,0.172-X4) - 0.431*max(0,-1.21-X4) * max(0,-0.126-X1) - 0.420*X2**2 - 0.397*max(0,0.383-X1) - 0.396*max(0,X0+0.124) * max(0,-1.21-X4) + 0.380*max(0,0.172-X4) * max(0,-0.126-X1) - 0.377*abs(X4) * max(0,X4-0.172) + 0.376*max(0,X2-0.201) * max(0,-0.126-X1) - 0.369*max(0,0.631-X4) + 0.352*abs(X4) * max(0,-1.21-X4) - 0.340*abs(X4) * max(0,-0.714-X3) - 0.338*max(0,0.326-X0) - 0.333*max(0,0.172-X4) * abs(X0) + 0.315*max(0,0.201-X2) + 0.305*max(0,1.09-X4) - 0.296*max(0,X0+0.124) * max(0,X2-0.643) + 0.288*max(0,X1+0.636) + 0.284*max(0,X2-0.643) * max(0,-0.714-X3) - 0.271*abs(X1) + 0.266*max(0,X2-0.643) * max(0,X4-0.172) - 0.264*abs(X4) * max(0,-0.747-X4) + 0.259*max(0,1.09-X2) - 0.255*max(0,-0.747-X4) - 0.241*X3 + 0.241*max(0,-1.21-X4) * max(0,-0.747-X4) + 0.238*max(0,X4+0.287) + 0.231*max(0,X4+1.21) - 0.229*X1 + 0.222*max(0,X4-0.172) * max(0,-0.714-X3) + 0.214*max(0,X1+0.126) + 0.214*max(0,-0.126-X1) * abs(X0) - 0.213*max(0,1.23-X0) - 0.204*max(0,-0.126-X1) * max(0,X0-0.326) - 0.201*X0**2 - 0.200*max(0,X4+0.747) + 0.194*max(0,X2+1.13) - 0.193*abs(X4) * abs(X0) + 0.189*max(0,0.172-X4) * max(0,-0.714-X3) - 0.163*max(0,0.172-X4) * max(0,-0.124-X0) + 0.154*max(0,-1.13-X2) + 0.151*X4 + 0.150*X2 + 0.148*max(0,X0+0.124) * max(0,X1-0.893) + 0.140*max(0,-0.124-X0) * abs(X0) + 0.124*max(0,X0-0.326) * abs(X0) + 0.124*X3**2 + 0.124*max(0,X4-1.09) - 0.122*X4**2 + 0.113*max(0,X1-0.893) + 0.110*max(0,X0+0.124) * max(0,X0-0.326) - 0.109*max(0,X3+0.714) - 0.108*X0 + 0.106*max(0,0.717-X3) + 0.0990*max(0,X1-0.893) * max(0,X4-0.172) - 0.0983*max(0,1.19-X3) + 0.0946*max(0,-0.714-X3) * abs(X0) - 0.0936*max(0,X4-0.172) * max(0,X0-0.326) + 0.0916*max(0,X2-0.201) * max(0,-0.636-X1) + 0.0913*max(0,X3-1.19) + 0.0853*max(0,-0.124-X0) * max(0,X4-0.172) - 0.0797*max(0,X3-0.717) - 0.0605*max(0,X3+1.19) + 0.0594*max(0,X2-1.09) + 0.0535*max(0,X1+1.15) + 0.0395*max(0,-0.747-X4) * max(0,-0.126-X1) + 0.0341*max(0,0.776-X0) + 0.0268*max(0,0.893-X1) + 0.0225*max(0,0.240-X3) - 0.0208*max(0,X1-0.893) * max(0,X2-0.201) - 0.00596*max(0,X3+0.237) + 0.000241*max(0,X0+1.02)"
ffx,feynman_II_13_17,ok,0.231181,0.029325,1545,30.33,,"0.0420 - 49.5*max(0,X2-1.25) * max(0,-1.23-X1) - 15.3*max(0,X3-1.23) * max(0,-1.23-X1) - 14.5*max(0,X2-1.25) * max(0,X3-1.23) + 13.5*max(0,X3-0.355) * max(0,-1.23-X1) + 7.34*max(0,X0-1.13) * max(0,X3-0.355) + 6.44*max(0,X3-0.790) * max(0,X2-1.25) - 6.36*max(0,X3-0.790) * max(0,X0-1.13) - 5.99*max(0,-0.293-X0) * max(0,X3-1.23) - 5.97*max(0,-0.126-X2) * max(0,-1.23-X1) - 5.84*max(0,X3+0.0805) * max(0,-1.23-X1) - 5.37*max(0,X2-1.25) * max(0,X3-0.355) + 4.44*max(0,-0.0805-X3) * max(0,-1.23-X1) - 4.40*max(0,X0-1.13) * max(0,-0.0805-X3) + 4.36*max(0,X3-1.23) * abs(X0) + 4.29*abs(X2) * max(0,-1.23-X1) - 3.93*max(0,-0.293-X0) * max(0,-0.0805-X3) - 3.11*max(0,X0-1.13) * X3 - 2.98*max(0,X0-0.180) * max(0,-0.0805-X3) - 2.93*max(0,X0-1.13) * max(0,-1.23-X1) - 2.80*max(0,X3-1.23) * max(0,X0-0.180) - 2.78*max(0,-0.0805-X3) - 2.76*max(0,X0-1.13) * max(0,-0.126-X2) + 2.58*max(0,X2-1.25) * max(0,X0-0.180) - 2.54*max(0,-0.951-X3) - 2.54*max(0,-1.23-X1) + 2.42*max(0,X2-0.791) - 2.34*max(0,-0.516-X3) + 2.24*max(0,-1.04-X2) + 2.24*max(0,X0-1.13) * abs(X2) + 2.21*max(0,X2-1.25) * max(0,-0.293-X0) + 2.21*max(0,X2-1.25) * max(0,-0.0805-X3) + 2.19*X3**2 + 2.18*max(0,-0.126-X2) + 2.06*max(0,-0.126-X2) * max(0,X3-1.23) - 2.03*max(0,X2-1.25) * abs(X0) + 1.98*abs(X0) * max(0,-0.0805-X3) - 1.84*max(0,X0-0.653) + 1.75*abs(X0) * max(0,-1.23-X1) + 1.62*max(0,-0.585-X2) - 1.62*max(0,-1.24-X0) + 1.61*abs(X3) * max(0,-0.0805-X3) - 1.61*abs(X0) + 1.61*X3 * max(0,-1.23-X1) + 1.59*max(0,-0.771-X1) * max(0,-1.23-X1) - 1.58*X2**2 - 1.57*max(0,X0-1.13) * max(0,X0-0.180) - 1.46*abs(X2) * max(0,X3-1.23) + 1.31*max(0,X2-0.333) + 1.29*X0**2 - 1.27*max(0,X3-0.790) * max(0,-0.126-X2) + 1.26*max(0,-0.771-X1) * max(0,-0.0805-X3) + 1.23*max(0,-0.126-X2) * max(0,X0-0.180) - 1.23*max(0,-0.766-X0) - 1.17*abs(X3) * max(0,-1.23-X1) + 1.05*max(0,X2-1.25) - 1.01*max(0,X1-0.148) - 1.01*max(0,X3-0.355) * abs(X3) + 0.999*X3 * max(0,-0.0805-X3) - 0.958*max(0,X3-0.790) * max(0,-1.23-X1) + 0.956*max(0,X2-1.25) * X3 - 0.917*max(0,X3-1.23) * X3 - 0.912*max(0,-0.293-X0) * max(0,X3+0.0805) + 0.899*max(0,X2+0.126) - 0.879*max(0,X3-0.790) * max(0,X0-0.180) - 0.876*max(0,-0.771-X1) * abs(X3) - 0.872*max(0,X3-0.790) * abs(X3) - 0.861*max(0,-0.126-X2) * abs(X0) + 0.860*max(0,X3-0.790) * max(0,X3-1.23) + 0.834*max(0,-0.126-X2) * abs(X3) - 0.831*X2 + 0.813*max(0,X3-0.790) * abs(X2) + 0.793*max(0,-0.293-X0) * abs(X3) - 0.783*max(0,X0-1.13) * max(0,X3+0.0805) + 0.772*max(0,X0-1.13) * max(0,X3-1.23) - 0.768*max(0,X3-0.355) + 0.754*max(0,0.790-X3) - 0.753*abs(X2) - 0.741*max(0,-0.126-X2) * max(0,-0.0805-X3) + 0.740*abs(X0) * max(0,X0-0.180) - 0.738*X3 * max(0,X3-0.355) + 0.736*max(0,-0.293-X0) + 0.724*max(0,X2-1.25) * max(0,X3+0.0805) - 0.679*max(0,-0.126-X2) * max(0,X3+0.0805) + 0.678*max(0,X3-0.790) * X3 - 0.677*max(0,X3-0.790) * max(0,X3-0.355) + 0.665*max(0,-0.293-X0) * max(0,-0.126-X2) - 0.637*abs(X2) * max(0,-0.126-X2) + 0.618*max(0,-0.293-X0) * max(0,-1.23-X1) - 0.608*max(0,X3+0.0805) * abs(X3) + 0.600*abs(X3) + 0.600*max(0,X3-1.23) * abs(X3) - 0.586*max(0,X0-0.180) * max(0,-1.23-X1) + 0.572*max(0,X0-1.13) * abs(X3) + 0.557*max(0,X2+0.585) - 0.552*max(0,X1-1.07) + 0.552*max(0,X3-0.790) + 0.551*max(0,-0.293-X0) * max(0,X3-0.355) + 0.523*max(0,X1-0.608) + 0.519*max(0,0.333-X2) - 0.501*X3 * abs(X0) + 0.500*max(0,X0-0.180) * abs(X3) - 0.498*max(0,X0-1.13) * abs(X0) - 0.469*abs(X2) * max(0,X3-0.355) + 0.461*X3 - 0.440*max(0,1.25-X2) - 0.432*abs(X2) * max(0,X3+0.0805) + 0.416*X3 * max(0,X0-0.180) - 0.405*max(0,0.653-X0) + 0.401*max(0,-0.126-X2) * X3 + 0.401*abs(X0) * abs(X3) - 0.362*max(0,-0.126-X2) * max(0,X3-0.355) - 0.355*max(0,X0+0.766) + 0.341*abs(X2) * abs(X3) + 0.334*max(0,0.180-X0) - 0.309*abs(X0) * max(0,X3+0.0805) - 0.307*abs(X2) * max(0,X0-0.180) + 0.302*abs(X2) * X3 + 0.301*X1**2 + 0.258*max(0,X0-1.13) + 0.241*max(0,-0.311-X1) + 0.220*max(0,X3-0.790) * max(0,-0.293-X0) - 0.214*max(0,X0-1.13) * max(0,X2-1.25) + 0.199*max(0,1.23-X3) - 0.196*max(0,X3-1.23) * max(0,X3-0.355) - 0.195*max(0,1.13-X0) + 0.186*max(0,-0.293-X0) * X3 + 0.182*max(0,X3-0.790) * abs(X0) + 0.162*abs(X1) - 0.142*abs(X0) * max(0,X3-0.355) - 0.140*max(0,X3+0.0805) + 0.138*max(0,-0.293-X0) * abs(X0) + 0.137*abs(X2) * max(0,-0.293-X0) - 0.135*max(0,X3+0.516) - 0.125*max(0,X3-1.23) - 0.124*max(0,0.791-X2) - 0.117*max(0,-0.771-X1) - 0.117*max(0,1.07-X1) - 0.110*abs(X2) * abs(X0) + 0.104*max(0,X2-1.25) * abs(X3) - 0.0977*max(0,0.355-X3) - 0.0949*max(0,X1+0.771) + 0.0890*X3 * abs(X3) - 0.0842*max(0,X0+1.24) - 0.0798*max(0,X2-1.25) * abs(X2) + 0.0714*max(0,X0-0.180) * max(0,X3-0.355) - 0.0656*max(0,X0-0.180) * max(0,X3+0.0805) + 0.0555*max(0,X3-1.23) * max(0,X3+0.0805) + 0.0553*max(0,X1+0.311) - 0.0460*abs(X2) * max(0,-0.0805-X3) + 0.0457*max(0,X3+0.951) + 0.0450*max(0,X0+0.293) + 0.0395*X3 * max(0,X3+0.0805) - 0.0358*max(0,0.148-X1) - 0.0273*X1 + 0.0256*max(0,X0-0.180) + 0.0246*X0 + 0.0121*max(0,X2+1.04) - 0.0105*max(0,0.608-X1) + 0.00582*max(0,X1+1.23)"
ffx,feynman_II_13_23,ok,0.997771,0.059229,181,10.27,,"0.0687 + 0.605*X0 + 0.272*max(0,-0.538-X2) * max(0,X1-0.709) - 0.163*max(0,1.37-X0) + 0.150*max(0,-0.538-X2) * max(0,-1.01-X2) + 0.140*max(0,X0+0.102) * max(0,-1.01-X2) + 0.110*max(0,-0.538-X2) * max(0,X0+0.102) + 0.102*max(0,X0+1.08) + 0.0680*max(0,-0.0680-X2) * max(0,X1-1.16) + 0.0429*abs(X0) * X0 - 0.0420*max(0,0.390-X0) + 0.0413*max(0,0.402-X2) + 0.0287*max(0,-1.01-X2) * X0 + 0.0221*max(0,-0.0680-X2) * X0 + 0.0103*X1 + 0.0101*max(0,0.873-X2) - 0.00867*max(0,0.709-X1) + 0.00744*max(0,X1-0.709) * X0 - 0.00303*max(0,-0.538-X2) * max(0,-0.200-X1)"
ffx,feynman_II_13_34,ok,0.994822,0.145112,155,10.6,,"-0.142 + 0.627*X0 + 0.370*X1 + 0.135*X1 * X0 + 0.0903*max(0,-0.897-X2) + 0.0889*max(0,X0+1.05) + 0.0732*max(0,X0+0.109) * X1 + 0.0726*X1 * max(0,-0.0452-X2) - 0.0701*max(0,0.834-X0) + 0.0597*max(0,X1+0.947) + 0.0573*max(0,X0+0.109) * max(0,-0.0452-X2) + 0.0424*max(0,0.381-X2) + 0.0310*abs(X0) * X0 + 0.0189*max(0,-0.0452-X2) * abs(X2) + 0.0127*max(0,-0.0452-X2) * X0 - 0.0104*max(0,1.31-X0) - 0.0104*max(0,0.363-X0) - 0.00713*X2 * max(0,-0.0452-X2) + 0.00193*max(0,0.806-X2) + 0.00119*max(0,X1-0.833)"
ffx,feynman_II_15_4,ok,0.959131,1.207118,1088,17.47,,"0.629 + 7.94*max(0,X1-1.27) * abs(X0) - 7.85*max(0,X1-1.27) * max(0,-0.0531-X0) - 7.17*max(0,X1-1.27) * max(0,X0-1.31) - 5.04*max(0,X2-0.343) * max(0,X1-1.27) - 5.00*max(0,X0-1.31) - 4.91*max(0,-0.0871-X1) * max(0,X0-1.31) - 4.88*max(0,X1-1.27) * max(0,X0+0.0531) - 4.77*max(0,-0.552-X2) * max(0,X0-1.31) - 4.30*max(0,X1+0.0871) * max(0,X0-1.31) + 4.01*abs(X2) * max(0,X1-1.27) + 3.93*abs(X1) * max(0,X0-1.31) + 3.64*abs(X2) * max(0,X0-1.31) - 3.04*max(0,X2-0.343) * max(0,X0-1.31) - 2.39*max(0,-0.552-X2) + 2.22*max(0,X0+0.0531) * max(0,X0-1.31) - 2.21*max(0,0.343-X2) * max(0,X1-1.27) - 2.17*max(0,X1+0.0871) * max(0,X1-1.27) + 2.08*max(0,X0-1.31) * max(0,X2-0.790) + 1.70*max(0,X0+0.0531) - 1.60*max(0,-0.999-X2) + 1.58*max(0,X1-1.27) - 1.50*max(0,X1+0.0871) * max(0,X2-0.790) - 1.47*max(0,X0+0.0531) * max(0,X2-0.790) + 1.12*abs(X1) * max(0,X2-0.790) + 1.09*max(0,X1+0.0871) + 0.978*max(0,-0.552-X2) * max(0,-0.0531-X0) - 0.973*max(0,-0.552-X2) * max(0,X1-1.27) - 0.970*max(0,-0.0531-X0) - 0.949*max(0,X2-0.343) + 0.847*max(0,X1-1.27) * max(0,X2-0.790) - 0.801*max(0,-0.0871-X1) * max(0,X2-0.790) + 0.764*max(0,-0.552-X2) * abs(X2) + 0.750*max(0,X2-0.343) * max(0,X0+0.0531) - 0.721*max(0,X1+0.0871) * abs(X2) - 0.720*abs(X2) * max(0,X0+0.0531) + 0.648*max(0,X1+0.0871) * max(0,X2-0.343) - 0.646*max(0,X2-0.790) + 0.639*abs(X1) * max(0,-0.0531-X0) + 0.633*abs(X0) * max(0,X0-1.31) + 0.633*max(0,-0.0871-X1) * max(0,-0.0531-X0) + 0.617*max(0,-0.0871-X1) * max(0,X0+0.0531) - 0.578*abs(X1) * abs(X0) + 0.577*abs(X1) * max(0,X1-1.27) + 0.536*max(0,X1+0.0871) * max(0,X0+0.0531) - 0.522*abs(X2) - 0.520*max(0,-0.0871-X1) * abs(X0) - 0.512*max(0,-0.507-X0) - 0.507*abs(X0) * max(0,X0+0.0531) + 0.491*abs(X1) * max(0,-0.552-X2) + 0.466*abs(X0) * max(0,-0.0531-X0) + 0.446*max(0,0.401-X0) - 0.414*max(0,X1+0.0871) * max(0,-0.552-X2) - 0.411*max(0,0.343-X2) * abs(X2) + 0.399*max(0,0.343-X2) * max(0,-0.552-X2) - 0.393*max(0,X2-1.24) - 0.384*max(0,0.343-X2) - 0.378*max(0,-0.0871-X1) + 0.351*max(0,X2+0.104) - 0.342*max(0,-0.961-X0) + 0.337*X2**2 + 0.335*max(0,X2-0.343) * abs(X0) - 0.333*max(0,X1+0.0871) * abs(X0) + 0.332*max(0,X1-0.816) + 0.322*max(0,-0.104-X2) - 0.314*abs(X2) * max(0,X2-0.790) + 0.306*max(0,-0.990-X1) + 0.305*max(0,X2-0.343) * max(0,-0.0531-X0) - 0.303*X1**2 + 0.299*abs(X1) * max(0,X0+0.0531) + 0.290*max(0,X2-0.343) * max(0,X2-0.790) + 0.266*max(0,X1+0.0871) * max(0,-0.0531-X0) + 0.253*max(0,-0.539-X1) + 0.239*max(0,0.343-X2) * max(0,X0-1.31) + 0.236*max(0,-0.0871-X1) * abs(X2) + 0.209*max(0,X0-0.401) - 0.201*max(0,X2-0.343) * abs(X2) - 0.192*abs(X0) + 0.183*abs(X0) * max(0,X2-0.790) + 0.177*max(0,X1+0.0871) * max(0,0.343-X2) - 0.174*X1 + 0.172*max(0,X1-0.364) - 0.163*max(0,-0.0871-X1) * max(0,-0.552-X2) - 0.138*max(0,-0.0531-X0) * max(0,X2-0.790) - 0.126*X0**2 + 0.115*max(0,0.343-X2) * abs(X0) + 0.115*max(0,1.24-X2) + 0.113*max(0,X0-0.855) - 0.110*max(0,X2-0.343) * max(0,-0.0871-X1) - 0.0864*max(0,-0.552-X2) * abs(X0) - 0.0844*X2 + 0.0799*max(0,0.364-X1) + 0.0778*max(0,0.343-X2) * max(0,-0.0871-X1) - 0.0748*max(0,0.816-X1) - 0.0744*abs(X1) - 0.0618*max(0,1.27-X1) - 0.0597*abs(X2) * abs(X0) + 0.0502*max(0,0.855-X0) - 0.0489*abs(X1) * abs(X2) + 0.0487*max(0,0.790-X2) - 0.0409*max(0,X1+0.990) + 0.0404*max(0,X2+0.552) + 0.0392*max(0,-0.552-X2) * max(0,X0+0.0531) - 0.0382*max(0,0.343-X2) * max(0,-0.0531-X0) + 0.0320*X0 - 0.00334*abs(X2) * max(0,-0.0531-X0) - 0.00196*max(0,1.31-X0) + 0.00189*abs(X1) * max(0,-0.0871-X1) + 0.00151*max(0,X1+0.539) - 0.000787*max(0,0.343-X2) * max(0,X0+0.0531)"
ffx,feynman_II_15_5,ok,0.952383,1.236473,117,17.77,,(1.05 - 0.650*abs(X2) + 0.321*X1 + 0.282*X0 - 0.247*abs(X2) * abs(X2) - 0.164*abs(X1) - 0.132*abs(X2) + 0.125*abs(X2) * abs(X1) - 0.121*X0 * abs(X2) - 0.112*abs(X0) - 0.112*X1 * abs(X2) + 0.0597*X0 - 0.0531*X1**2 + 0.0420*abs(X2) * abs(X0) - 0.0322*X0 * X1 - 0.0208*X0**2 - 0.0110*X0 * abs(X1) + 0.00992*X1 * abs(X1) - 0.00336*X0**2) / (1.0 - 0.339*abs(X2) - 0.241*X1 - 0.181*X0 + 0.107*abs(X2) * abs(X1) + 0.103*abs(X2) * abs(X0) + 0.0783*abs(X2) * abs(X2) - 0.0717*abs(X2) - 0.0693*abs(X1) + 0.0385*X0 * X1 - 0.0383*abs(X0) - 0.0339*X0)
ffx,feynman_II_21_32,ok,-0.612594,0.057784,1837,25.75,,"-0.651 + 67.3*max(0,X3-1.24) * max(0,-1.11-X4) - 56.3*max(0,-1.11-X4) * max(0,X3-0.794) - 22.6*max(0,X3-1.24) * max(0,-0.575-X1) + 19.2*max(0,-1.09-X2) * max(0,X0-1.24) + 17.8*max(0,-1.09-X2) * max(0,X3-1.24) + 17.4*max(0,X0-1.24) * max(0,-0.575-X1) + 14.0*max(0,X0-1.24) * max(0,-1.11-X4) - 12.6*max(0,X3-1.24) * max(0,X3-0.794) - 10.6*max(0,-1.09-X2) * max(0,-0.575-X1) + 8.82*max(0,-0.650-X4) * max(0,X3-0.794) + 7.77*max(0,-1.09-X2) * max(0,-0.121-X1) + 7.71*max(0,X3-0.350) * max(0,-1.11-X4) + 7.54*max(0,X0-1.24) * max(0,-0.121-X1) + 7.38*max(0,-0.575-X1) * max(0,X3-0.794) - 6.69*max(0,-1.11-X4) * max(0,-0.983-X3) - 6.34*max(0,X0-1.24) * max(0,-0.180-X2) + 6.26*max(0,X3-1.24) - 3.68*max(0,X3-0.794) * max(0,-0.180-X2) - 3.61*max(0,X0-1.24) * max(0,-0.983-X3) - 3.49*max(0,-0.983-X3) * max(0,-0.575-X1) + 3.31*max(0,X3-0.350) * max(0,X3-1.24) - 3.26*max(0,-0.650-X4) * max(0,X0-1.24) - 3.20*max(0,-0.592-X0) * max(0,X3-0.794) - 2.93*max(0,X4-0.272) * max(0,X3-0.794) - 2.77*max(0,X2-0.273) * max(0,-0.575-X1) - 2.51*max(0,-0.650-X4) * max(0,-0.575-X1) + 2.50*max(0,X1-1.24) * max(0,X3-0.794) + 2.49*max(0,-0.650-X4) * max(0,-0.983-X3) + 2.40*max(0,X3-1.24) * max(0,-0.121-X1) + 2.30*max(0,-1.11-X4) * max(0,-0.575-X1) + 2.27*max(0,X4-0.272) * max(0,X3-1.24) - 2.26*max(0,-0.983-X3) + 2.20*max(0,-1.11-X4) - 2.18*max(0,-0.650-X4) * max(0,X3-0.350) - 2.11*max(0,X2-0.273) * max(0,X3-1.24) - 2.10*max(0,-1.09-X2) * max(0,X3-0.350) - 2.09*max(0,X2+0.180) * max(0,X0-1.24) + 2.08*max(0,-1.09-X2) + 1.98*max(0,-1.11-X4) * max(0,-0.180-X2) - 1.96*max(0,-1.09-X2) * max(0,-0.180-X2) + 1.87*max(0,-0.134-X0) + 1.86*max(0,-0.650-X4) * max(0,X2-0.273) + 1.78*max(0,X4-0.272) * max(0,-1.09-X2) + 1.78*max(0,-0.592-X0) * max(0,-1.11-X4) + 1.75*max(0,-1.09-X2) * max(0,-1.11-X4) - 1.73*max(0,-0.592-X0) - 1.70*max(0,-0.592-X0) * max(0,-1.09-X2) - 1.70*max(0,X2+0.180) * max(0,X3-1.24) + 1.63*max(0,-0.121-X1) * max(0,-0.983-X3) + 1.59*max(0,-0.592-X0) * max(0,-0.983-X3) + 1.52*max(0,X4-0.272) * max(0,X0-1.24) - 1.46*max(0,X2+0.180) * max(0,-0.650-X4) + 1.42*abs(X4) + 1.32*max(0,X0-1.24) * max(0,X2-0.273) + 1.28*max(0,-0.650-X4) * max(0,-0.121-X1) + 1.27*max(0,-0.592-X0) * max(0,X3-0.350) - 1.22*max(0,X3-0.350) * max(0,X2-0.273) - 1.21*max(0,-0.592-X0) * max(0,-0.650-X4) - 1.19*max(0,-0.650-X4) * max(0,-1.11-X4) + 1.19*max(0,X3-0.794) * abs(X2) - 1.18*max(0,X0-1.24) * abs(X2) - 1.11*abs(X0) + 1.05*max(0,X0-1.24) * max(0,X3-0.350) + 0.980*max(0,-1.05-X0) + 0.959*X3**2 - 0.948*max(0,X3-0.350) * max(0,-0.121-X1) + 0.947*max(0,X3-0.350) * abs(X2) + 0.938*abs(X1) + 0.930*max(0,-0.592-X0) * max(0,-0.180-X2) + 0.913*max(0,X2-0.273) * max(0,-0.121-X1) - 0.871*max(0,-0.189-X4) - 0.854*max(0,X2+0.180) * max(0,X3-0.794) - 0.851*max(0,X1-1.24) * max(0,-0.180-X2) - 0.846*max(0,X1+0.121) + 0.843*max(0,X3-0.350) * max(0,-0.575-X1) + 0.818*max(0,X0+0.134) + 0.817*max(0,-0.121-X1) * max(0,-0.575-X1) + 0.806*max(0,-0.592-X0) * max(0,X2-0.273) - 0.801*max(0,-0.592-X0) * abs(X2) + 0.789*max(0,-0.180-X2) + 0.768*max(0,X2-1.18) + 0.759*max(0,X2+0.180) * max(0,-0.575-X1) + 0.735*max(0,-0.650-X4) * max(0,X3-1.24) - 0.707*max(0,X3-1.24) * max(0,-0.180-X2) + 0.701*max(0,X0-1.24) - 0.690*max(0,X4-0.272) * max(0,-0.121-X1) + 0.684*max(0,X4-0.272) * max(0,-0.575-X1) + 0.638*max(0,X2+0.180) * max(0,-0.983-X3) - 0.630*max(0,X3+0.0947) - 0.612*max(0,0.272-X4) - 0.608*max(0,-0.592-X0) * max(0,-0.121-X1) - 0.595*max(0,X4+0.189) - 0.585*max(0,X4-1.19) - 0.577*max(0,-1.09-X2) * max(0,-0.650-X4) - 0.570*max(0,-0.575-X1) * max(0,-0.180-X2) + 0.563*max(0,-0.592-X0) * max(0,X2+0.180) + 0.560*max(0,-0.632-X2) + 0.555*max(0,X2+0.180) * max(0,-1.11-X4) + 0.552*max(0,X2-0.273) + 0.533*max(0,X4-0.272) * max(0,X3-0.350) + 0.524*max(0,-0.121-X1) * max(0,-0.180-X2) - 0.489*max(0,X2+0.180) * max(0,-0.121-X1) - 0.488*max(0,X2-0.273) * max(0,-1.11-X4) + 0.483*max(0,0.733-X4) + 0.440*max(0,X0-0.324) - 0.424*abs(X2) - 0.411*max(0,-0.539-X3) - 0.408*max(0,0.333-X1) - 0.397*max(0,X1-1.24) - 0.380*max(0,X4-0.272) - 0.364*max(0,-0.0947-X3) + 0.339*max(0,X1-0.786) + 0.334*max(0,X2-0.273) * max(0,X3-0.794) - 0.325*max(0,-0.592-X0) * max(0,X3-1.24) - 0.314*max(0,-0.650-X4) - 0.298*max(0,X4-0.272) * max(0,X2+0.180) - 0.291*max(0,X2+0.180) + 0.290*max(0,-0.575-X1) * abs(X2) + 0.284*max(0,X4-0.272) * max(0,X2-0.273) - 0.280*max(0,X1-0.333) - 0.275*abs(X3) - 0.275*max(0,-0.121-X1) * max(0,X3-0.794) + 0.252*max(0,X0+0.592) - 0.234*max(0,X2-0.273) * max(0,-0.983-X3) - 0.228*max(0,X3-0.350) + 0.228*max(0,X0+1.05) - 0.221*max(0,1.19-X4) - 0.200*max(0,-0.983-X3) * max(0,-0.180-X2) + 0.198*max(0,X0-1.24) * max(0,X3-0.794) - 0.195*max(0,-0.650-X4) * abs(X2) - 0.192*max(0,-1.09-X2) * max(0,X3-0.794) - 0.176*max(0,-1.09-X2) * max(0,-0.983-X3) - 0.169*max(0,-1.03-X1) - 0.165*max(0,X4-0.272) * max(0,-0.180-X2) + 0.150*max(0,X1-1.24) * abs(X2) - 0.149*X0 + 0.145*max(0,X2+0.632) - 0.141*max(0,X2+0.180) * abs(X2) + 0.122*max(0,-1.11-X4) * abs(X2) - 0.122*max(0,X3-0.350) * max(0,X3-0.794) - 0.116*max(0,X1+0.575) - 0.116*max(0,X4-0.272) * max(0,-0.983-X3) - 0.115*max(0,-0.121-X1) + 0.108*max(0,0.273-X2) - 0.105*max(0,X4+0.650) - 0.101*max(0,0.350-X3) - 0.0939*max(0,0.324-X0) + 0.0774*max(0,0.786-X1) - 0.0765*max(0,-0.592-X0) * max(0,-0.575-X1) - 0.0710*max(0,1.18-X2) + 0.0694*max(0,-0.121-X1) * abs(X2) - 0.0622*max(0,X4-0.272) * max(0,-0.592-X0) - 0.0535*max(0,-0.650-X4) * max(0,-0.180-X2) - 0.0532*max(0,X3-0.794) - 0.0532*max(0,X2-0.273) * abs(X2) + 0.0330*max(0,X3-0.350) * max(0,-0.180-X2) + 0.00953*X1 - 0.000176*max(0,X1+1.03) - 5.55e-6*max(0,1.24-X0)"
ffx,feynman_II_24_17,ok,0.998501,0.032053,25,10.82,,-0.124 - 0.865*X1 + 0.495*X0 + 0.152*X1**2 + 0.0888*X2 - 0.0734*X0 * X1 - 0.0259*X2**2
ffx,feynman_II_27_16,ok,0.983904,12.242818,91,16.54,,(-0.108 + 0.573*X2 + 0.368*X0 + 0.305*X1 + 0.137*X2 + 0.0996*X1 * X2 - 0.0923*X0**2 - 0.0728*X2 * abs(X0) - 0.0286*X2 * abs(X1) - 0.0252*X1 * abs(X0) - 0.0227*X1**2 - 0.0219*abs(X0) - 0.00727*abs(X0) * abs(X2) - 0.00408*abs(X1) * abs(X2) + 0.000534*X1 * abs(X1)) / (1.0 - 0.265*X0 - 0.152*X2 - 0.0672*X1 + 0.0318*abs(X0) * abs(X2) - 0.0310*abs(X1) - 0.0276*X2 + 0.00371*abs(X0) * abs(X1))
ffx,feynman_II_27_18,ok,0.996521,1.085845,79,10.22,,"-0.207 + 0.369*X1 + 0.295*max(0,X1+1.13) + 0.232*max(0,X1-0.316) * X0 + 0.223*max(0,X1+0.167) - 0.211*max(0,1.22-X0) + 0.189*X0 + 0.186*X0 * X1 + 0.156*max(0,X1-0.316) * max(0,X0-0.721) + 0.108*max(0,X1+0.167) * X1 + 0.0268*max(0,X1-0.316) - 0.0248*max(0,1.28-X1)"
ffx,feynman_II_2_42,ok,0.62306,4.889091,1574,16.63,,"-0.256 - 74.4*max(0,X4-1.39) * max(0,X1-1.40) + 58.1*max(0,-0.968-X4) * max(0,X2-1.20) + 28.7*max(0,X1-1.40) * max(0,-0.968-X4) + 28.5*max(0,X0-1.31) * max(0,X2-1.20) - 25.4*max(0,X0-1.31) * max(0,-0.968-X4) + 22.1*max(0,X4-1.39) * max(0,X1-0.489) + 20.1*max(0,X0-1.31) * max(0,-0.496-X4) - 18.3*max(0,-0.496-X4) * max(0,X2-1.20) + 17.9*max(0,X1-1.40) * max(0,X2-1.20) + 15.1*max(0,X4-1.39) * max(0,X2-1.20) - 12.8*max(0,X0-0.409) * max(0,X2-1.20) - 11.6*max(0,-0.424-X1) * max(0,X4-1.39) - 10.9*max(0,X2-0.765) * max(0,-0.968-X4) - 9.90*max(0,X2-0.765) * max(0,X1-1.40) + 8.89*max(0,X4-1.39) * max(0,0.0325-X1) - 8.88*max(0,X1-1.40) * max(0,-0.496-X4) - 8.87*max(0,-0.108-X2) * max(0,X0-1.31) + 7.64*max(0,-0.424-X1) * max(0,-0.968-X4) + 7.19*max(0,X0-0.862) * max(0,X2-1.20) + 6.23*max(0,X1-1.40) + 5.76*max(0,X0-1.31) * max(0,-0.424-X1) - 5.58*max(0,-0.424-X1) * max(0,X0-0.862) + 5.57*max(0,X0-1.31) * max(0,X0-0.862) - 5.51*max(0,X2-0.765) * max(0,X0-0.862) + 5.31*max(0,X2-0.329) * max(0,-0.496-X4) + 4.91*max(0,-0.108-X2) * max(0,X0-0.862) - 4.51*max(0,X1-0.489) * max(0,X2-1.20) + 4.45*max(0,X0-1.31) * max(0,X1-0.489) - 4.41*max(0,X1-0.489) * max(0,-0.968-X4) + 4.03*max(0,X2-0.765) * max(0,X2-1.20) + 3.92*max(0,X0-0.409) * max(0,X2-0.765) - 3.87*max(0,0.0325-X1) * max(0,-0.968-X4) + 3.71*max(0,X0-0.409) * max(0,-0.968-X4) - 3.60*max(0,X2-1.20) - 3.57*max(0,X0-0.862) * max(0,-0.496-X4) - 3.43*max(0,X0-0.862) - 3.27*max(0,X1-1.40) * max(0,X1-0.489) - 3.21*max(0,X2-0.329) * max(0,-0.968-X4) - 3.18*max(0,X0-1.31) - 3.17*max(0,-0.496-X4) * max(0,-0.968-X4) + 3.02*abs(X3) * max(0,X2-1.20) + 2.71*max(0,-0.968-X4) + 2.63*max(0,X2-0.765) * max(0,X1-0.489) - 2.61*max(0,X2-0.765) * max(0,-0.496-X4) - 2.29*max(0,-0.424-X1) * max(0,-0.496-X4) - 2.26*max(0,-0.108-X2) * max(0,X0-0.409) + 2.21*max(0,-0.108-X2) * max(0,X4-1.39) + 2.06*max(0,-0.880-X1) + 1.91*max(0,-0.225-X3) * max(0,X1-1.40) - 1.90*max(0,-0.424-X1) * max(0,X2-1.20) - 1.88*max(0,-0.225-X3) * max(0,X2-1.20) - 1.83*abs(X3) * max(0,X4-1.39) + 1.74*abs(X3) * max(0,X1-1.40) - 1.37*max(0,X4-1.39) * max(0,X2-0.765) + 1.37*max(0,0.0325-X1) * max(0,X0-0.862) - 1.30*max(0,-0.225-X3) * max(0,0.0325-X1) + 1.28*max(0,X0-0.409) - 1.27*max(0,-0.225-X3) * max(0,X4-1.39) + 1.19*max(0,-0.496-X4) + 1.19*max(0,-0.225-X3) * max(0,-0.424-X1) + 1.18*max(0,0.0325-X1) * max(0,-0.496-X4) - 1.01*max(0,X1-0.945) - 1.00*max(0,X0-1.31) * max(0,X2-0.765) + 0.994*max(0,0.0325-X1) - 0.959*max(0,-0.424-X1) * max(0,0.0325-X1) + 0.950*max(0,-0.225-X3) * max(0,-0.968-X4) - 0.890*max(0,-0.0445-X0) - 0.875*abs(X3) + 0.852*max(0,-0.424-X1) * max(0,X2-0.765) + 0.806*max(0,0.409-X0) - 0.802*max(0,X0-1.31) * max(0,0.0325-X1) + 0.793*max(0,X2-0.765) - 0.773*max(0,X0-0.409) * max(0,X1-0.489) + 0.755*max(0,-0.108-X2) * max(0,X1-1.40) + 0.736*max(0,X0-0.409) * max(0,0.0325-X1) + 0.732*max(0,X0-0.409) * max(0,-0.424-X1) - 0.722*max(0,-0.225-X3) * max(0,X0-1.31) - 0.709*abs(X3) * max(0,X0-1.31) - 0.695*X1**2 + 0.688*abs(X3) * max(0,X0-0.862) + 0.687*max(0,X1-0.489) * max(0,-0.496-X4) - 0.682*max(0,-0.108-X2) * max(0,-0.496-X4) - 0.643*max(0,X0-0.409) * max(0,X4-1.39) - 0.590*abs(X3) * max(0,X2-0.765) + 0.563*max(0,X0-0.409) * max(0,X0-0.862) + 0.538*max(0,-0.544-X2) + 0.534*max(0,X3-0.252) - 0.515*abs(X3) * max(0,-0.968-X4) - 0.511*max(0,-0.108-X2) + 0.501*max(0,-0.424-X1) + 0.495*max(0,-0.108-X2) * max(0,0.0325-X1) - 0.482*max(0,-0.108-X2) * max(0,-0.424-X1) + 0.466*abs(X1) + 0.455*abs(X3) * max(0,0.0325-X1) + 0.437*max(0,X3+0.225) - 0.430*max(0,X3-0.730) + 0.410*max(0,0.0325-X1) * max(0,X2-0.765) - 0.406*max(0,0.0325-X1) * max(0,X2-1.20) + 0.403*abs(X3) * max(0,-0.225-X3) - 0.380*abs(X3) * max(0,X1-0.489) - 0.373*max(0,X0-0.409) * max(0,-0.496-X4) + 0.369*max(0,X1-0.489) - 0.367*abs(X3) * max(0,-0.424-X1) - 0.367*max(0,-0.703-X3) + 0.360*max(0,-0.225-X3) - 0.354*max(0,-0.225-X3) * max(0,X1-0.489) - 0.350*max(0,X0-0.409) * max(0,X1-1.40) + 0.349*max(0,0.252-X3) - 0.316*max(0,-1.18-X3) - 0.288*max(0,0.329-X2) + 0.280*max(0,-0.108-X2) * max(0,-0.225-X3) - 0.271*X2**2 - 0.210*abs(X3) * max(0,-0.496-X4) - 0.206*max(0,X4-0.446) + 0.202*max(0,-0.498-X0) + 0.197*abs(X2) + 0.191*max(0,-0.108-X2) * max(0,X1-0.489) + 0.186*max(0,X3-1.21) - 0.170*max(0,-0.108-X2) * max(0,-0.968-X4) + 0.149*max(0,X4+0.496) + 0.147*X1 - 0.132*max(0,-0.225-X3) * max(0,-0.496-X4) - 0.127*max(0,0.862-X0) - 0.126*max(0,-0.0253-X4) + 0.126*max(0,-0.980-X2) - 0.101*max(0,-0.225-X3) * max(0,X0-0.862) - 0.0905*max(0,0.945-X1) + 0.0671*max(0,X4-1.39) - 0.0649*max(0,X2-0.329) + 0.0634*max(0,X1-0.489) * max(0,X0-0.862) - 0.0578*abs(X4) + 0.0566*max(0,X1+0.424) + 0.0443*max(0,-0.951-X0) - 0.0364*abs(X3) * max(0,-0.108-X2) + 0.0319*abs(X3) * max(0,X0-0.409) + 0.0239*max(0,X4-0.917) + 0.0225*max(0,-0.225-X3) * max(0,X2-0.765) - 0.0217*max(0,-0.225-X3) * max(0,X0-0.409) - 0.0205*max(0,0.446-X4)"
ffx,feynman_II_34_11,ok,-3.528443,11.731486,129,20.33,,(-0.139 + 0.338*X0 + 0.281*X2 - 0.271*X3 + 0.196*X1 + 0.0616*X1 + 0.0497*X3**2 - 0.0370*X0**2 - 0.0370*abs(X1) * abs(X2) - 0.0307*X1**2 - 0.0214*X0 * abs(X3) - 0.0175*X2**2 - 0.0158*X0 * abs(X1) - 0.0157*X0 * abs(X2) - 0.0139*abs(X2) * abs(X0) + 0.0124*abs(X1) * abs(X3) - 0.0111*X2 * abs(X0) - 0.00922*X2 * abs(X3) - 0.00320*X1**2) / (1.0 - 0.173*abs(X3) + 0.134*X3 - 0.118*X0 - 0.114*abs(X1) - 0.112*X1 - 0.107*X2 + 0.0950*abs(X1) * abs(X2) - 0.0815*abs(X2) + 0.0261*abs(X0) * abs(X3) - 0.0116*X1 - 0.00611*X2 * abs(X3) + 0.00389*abs(X2) * abs(X0))
ffx,feynman_II_34_2,ok,0.995673,0.630929,58,12.68,,(-0.0625 + 0.478*X0 + 0.462*X2 + 0.456*X1 - 0.128*X0**2 + 0.0654*X2 * X1 - 0.0429*X2**2 - 0.0325*X1**2 + 0.0114*X1 - 0.00101*X1**2 + 0.000957*X1 * X2) / (1.0 - 0.273*X0 - 0.118*X2 - 0.0735*X1 + 0.0526*X0**2 + 0.0465*X2 * X1 - 0.0308*X1 + 0.00227*X1**2 + 0.000958*X1 * X2)
ffx,feynman_II_34_29a,ok,0.987581,0.020546,368,8.97,,"0.264 - 3.38*max(0,X0+1.03) * max(0,-1.04-X1) + 3.00*X0 * max(0,-1.04-X1) + 1.79*max(0,-0.0797-X2) * max(0,-0.995-X2) + 1.36*max(0,1.20-X1) * max(0,-1.04-X1) + 0.875*X0 + 0.851*X0 * max(0,-0.995-X2) - 0.742*X2 + 0.709*X2 * max(0,-1.04-X1) - 0.654*max(0,1.20-X1) * max(0,-0.995-X2) + 0.592*max(0,-0.0797-X2) * max(0,-1.04-X1) - 0.354*max(0,0.836-X2) * max(0,-0.995-X2) - 0.351*max(0,1.20-X1) - 0.348*max(0,-0.995-X2) + 0.277*max(0,-1.04-X1) * max(0,-0.995-X2) - 0.252*max(0,X0+1.03) * max(0,-0.995-X2) + 0.212*X0 * max(0,-0.0797-X2) - 0.204*max(0,0.836-X2) + 0.196*X2**2 - 0.184*max(0,X0+0.0898) + 0.177*max(0,-0.0797-X2) + 0.157*max(0,1.32-X0) + 0.156*max(0,X1-0.302) - 0.134*max(0,-0.0797-X2) * max(0,1.20-X1) - 0.133*X2 * max(0,-0.0797-X2) - 0.131*X2 * max(0,-0.995-X2) - 0.125*max(0,X0+1.03) * max(0,1.20-X1) + 0.124*max(0,X0+1.03) - 0.110*max(0,X0+1.03) * max(0,-0.0797-X2) + 0.105*X2 * max(0,1.20-X1) - 0.0963*X0 * max(0,1.20-X1) + 0.0920*X0**2 - 0.0839*max(0,X0+1.03) * X2 - 0.0760*max(0,X1+0.595) - 0.0439*max(0,X0+1.03) * X0 - 0.0438*max(0,-1.04-X1) - 0.0314*X2 * X0"
ffx,feynman_II_34_29b,ok,0.955842,44.262194,108,8.31,,(-0.139 + 0.244*X3 - 0.239*X1 + 0.214*X0 + 0.206*X2 + 0.167*X4 + 0.0843*X4 + 0.0387*X1**2 - 0.0375*X3**2 + 0.0356*X0 * X4 + 0.0347*X2 * X4 + 0.0275*X0 * X2 - 0.0152*X4**2 - 0.0122*X2**2 - 0.0109*X0**2 - 0.00720*X4**2 - 0.00496*X1 * X2 - 0.00442*X1 * X4) / (1.0 + 0.174*X1 - 0.129*X3 - 0.105*X0 - 0.0886*X2 - 0.0615*X4 - 0.0554*X1**2 - 0.0422*X0**2 - 0.0302*X1 * X4 - 0.0153*X4 + 0.0115*X0 * X2 - 0.00114*X1 * X2 - 0.00105*X0 * X1)
ffx,feynman_II_34_2a,ok,0.990208,0.051403,581,21.0,,"-0.349 - 3.37*max(0,-1.02-X2) * max(0,X1-1.11) + 2.23*max(0,-1.02-X2) * max(0,X1-0.662) - 1.63*max(0,X0-0.833) * max(0,X1-1.11) - 1.02*max(0,-0.665-X0) * max(0,X1-1.11) + 0.594*max(0,-1.02-X2) * max(0,-0.116-X2) + 0.492*max(0,X2-1.24) * max(0,X1-0.662) + 0.422*max(0,X0-0.833) * max(0,X1-0.662) + 0.415*X1 * max(0,-0.116-X2) + 0.367*max(0,X0-0.833) * max(0,X2-0.335) - 0.360*max(0,X0-0.833) * abs(X2) + 0.323*max(0,-0.116-X2) * X0 + 0.317*max(0,X1-0.214) * max(0,-0.665-X0) + 0.314*max(0,-1.02-X2) * X0 + 0.293*max(0,-0.116-X2) * abs(X2) - 0.284*max(0,X1-0.214) * max(0,-1.02-X2) + 0.276*max(0,-0.116-X2) * max(0,X1-1.11) - 0.219*max(0,X0-0.833) * max(0,-1.02-X2) + 0.209*max(0,X1-0.662) * max(0,X1-1.11) + 0.203*max(0,X0-1.33) + 0.192*X1 * max(0,-1.02-X2) - 0.186*max(0,X2+1.02) + 0.171*max(0,X0+1.16) + 0.154*max(0,X1+1.13) + 0.144*max(0,0.787-X2) + 0.138*X1 * X0 - 0.129*max(0,X1-0.214) * max(0,-0.116-X2) - 0.114*X1 * abs(X2) - 0.109*max(0,1.11-X1) + 0.106*max(0,X0-0.833) * X1 - 0.102*max(0,-0.665-X0) + 0.0987*max(0,X0-0.333) - 0.0983*max(0,X2-0.335) * X0 + 0.0895*X0 + 0.0820*max(0,-0.116-X2) * max(0,-0.665-X0) + 0.0820*X1 + 0.0689*max(0,-0.116-X2) - 0.0573*X1 * max(0,-0.166-X0) + 0.0568*max(0,-1.02-X2) * abs(X0) - 0.0553*max(0,-0.680-X1) + 0.0532*max(0,-0.116-X2) * max(0,X1-0.662) - 0.0526*X0 * max(0,X1-1.11) - 0.0522*max(0,1.33-X0) - 0.0500*max(0,0.214-X1) - 0.0428*max(0,X2-1.24) * max(0,-0.166-X0) - 0.0422*max(0,-0.166-X0) + 0.0413*max(0,X1+0.233) - 0.0351*max(0,X2-0.335) * max(0,X1-0.662) + 0.0349*max(0,X1-0.214) * max(0,-0.166-X0) + 0.0314*abs(X0) * max(0,-0.116-X2) + 0.0188*abs(X2) * max(0,-0.166-X0) + 0.0149*max(0,X0-0.833) - 0.0141*max(0,X2-0.335) * max(0,X1-1.11) + 0.00580*max(0,X1-0.214) * max(0,X1-0.662) + 0.00481*abs(X2) - 0.00247*max(0,X1-0.214) * X0 - 0.00133*max(0,X0-0.833) * max(0,-0.116-X2) - 0.00115*max(0,X2-0.335) * X1"
ffx,feynman_II_35_18,ok,0.967851,0.050471,127,35.83,,(0.172 + 0.592*X0 + 0.460*X1 + 0.427*X2 - 0.423*X3 - 0.373*X4 - 0.229*X0**2 + 0.0777*X2 * X0 + 0.0772*X3**2 - 0.0762*X4 * X0 - 0.0701*X2**2 + 0.0669*X1 * X0 - 0.0499*X1**2 + 0.0325*X4 * X2 + 0.0317*X1 * X2 + 0.0226*X4**2 - 0.0187*X0 - 4.34e-5*X0**2 + 1.46e-5*X0 * X2) / (1.0 - 0.310*X0 + 0.127*X1 + 0.0976*X0**2 + 0.0972*X2 - 0.0830*X4 * X2 - 0.0816*X2 * X0 + 0.0655*X4 * X0 - 0.0648*X4 - 0.0603*X3 + 0.0532*X1 * X2 - 0.0430*X1 * X0 - 0.0189*X3**2 - 0.0129*X0 + 0.0110*X2**2 + 0.00589*X4**2 - 0.00329*X0**2 - 0.00110*X1**2 - 1.29e-5*X0 * X2)
ffx,feynman_II_35_21,ok,0.455455,3.714261,1907,35.82,,"-0.970 - 44.1*max(0,X4-1.31) * max(0,X3-1.26) + 17.8*max(0,X4-1.31) * max(0,X1-1.39) - 14.2*max(0,-0.0933-X0) * max(0,X3-1.26) + 12.6*max(0,X0-0.355) * max(0,X3-1.26) + 12.5*max(0,X4-1.31) * max(0,X0-0.355) - 11.9*max(0,X0+0.0933) * max(0,X3-1.26) + 10.3*max(0,X4-0.330) * max(0,X3-1.26) - 9.82*max(0,X3-0.798) * max(0,X1-1.39) - 9.73*max(0,X0+0.0933) * max(0,X4-1.31) + 7.70*max(0,X3-0.334) * max(0,X1-1.39) - 7.01*max(0,X3-1.26) * max(0,X1-1.39) + 5.97*max(0,X4-1.31) * max(0,X3-0.798) + 5.74*max(0,X3-0.798) * max(0,X3-1.26) + 5.58*max(0,X0-0.355) * max(0,X1-1.39) - 5.33*abs(X2) * max(0,X3-1.26) - 5.12*max(0,X4-0.330) * max(0,X1-1.39) + 4.72*X0 * max(0,X1-1.39) - 4.57*X0 * max(0,X3-1.26) - 4.56*max(0,X0+0.0933) * max(0,X1-1.39) - 4.46*max(0,X3-0.334) * max(0,X4-1.31) + 4.06*abs(X0) * max(0,X3-1.26) + 3.98*max(0,-0.0933-X0) * max(0,X1-1.39) + 3.73*max(0,X1-1.39) - 3.34*max(0,X3-0.334) - 3.33*max(0,X2-0.294) * max(0,X1-1.39) + 3.25*max(0,X2-0.294) * max(0,X3-0.798) + 2.94*max(0,X4-0.330) * max(0,-0.130-X3) - 2.75*max(0,X2-0.294) * max(0,-0.130-X3) - 2.73*abs(X4) * max(0,X3-1.26) - 2.61*abs(X4) * max(0,-0.130-X3) + 2.60*max(0,-0.158-X4) * max(0,-0.130-X3) - 2.57*max(0,X2-0.294) * max(0,X4-1.31) + 2.45*max(0,-0.163-X2) * max(0,X3-1.26) + 2.42*max(0,X4-1.31) * X0 - 2.37*max(0,-0.163-X2) * max(0,X1-1.39) + 2.21*abs(X2) * max(0,-0.130-X3) - 2.13*max(0,-1.06-X3) + 2.10*max(0,X3-1.26) - 2.04*max(0,X4-0.330) * abs(X0) - 2.03*abs(X4) * max(0,X3-0.798) - 2.03*max(0,-0.990-X1) - 2.03*abs(X2) * max(0,X1-1.39) + 1.99*max(0,X3-0.798) * max(0,-0.163-X2) + 1.93*max(0,X0+0.0933) * max(0,-0.130-X3) - 1.91*max(0,-0.130-X3) * max(0,-0.163-X2) - 1.80*max(0,X2-1.21) + 1.77*max(0,-0.158-X4) * max(0,X3-0.798) - 1.76*max(0,X4-1.31) * max(0,-0.163-X2) - 1.73*max(0,X1-0.914) - 1.69*max(0,-0.158-X4) * X0 - 1.66*max(0,-0.989-X0) + 1.65*max(0,X3-0.334) * max(0,-0.158-X4) - 1.57*abs(X0) * max(0,X1-1.39) + 1.50*max(0,X3-0.798) - 1.49*max(0,-0.130-X3) * abs(X0) - 1.46*max(0,X0-0.355) * max(0,X3-0.798) + 1.45*abs(X4) * abs(X0) - 1.42*max(0,-0.0380-X1) - 1.41*max(0,-0.158-X4) * abs(X0) - 1.41*max(0,X4-0.330) + 1.36*max(0,X2-0.294) * abs(X2) + 1.32*abs(X4) * X0 - 1.32*max(0,X4-0.330) * X0 + 1.31*X1**2 + 1.31*abs(X4) * max(0,X1-1.39) - 1.24*max(0,X0-0.803) + 1.22*max(0,X4-0.330) * max(0,-0.0933-X0) + 1.19*max(0,-0.130-X3) * max(0,-0.0933-X0) + 1.18*max(0,-1.07-X2) - 1.15*max(0,X2-0.294) - 1.15*max(0,X3-0.334) * abs(X2) + 1.12*max(0,X0+0.0933) * max(0,X3-0.798) + 1.12*max(0,X4-0.330) * max(0,X3-0.798) - 1.10*max(0,X4-0.330) * max(0,X0-0.355) + 1.10*max(0,X2-0.294) * max(0,X3-1.26) + 1.09*abs(X4) * max(0,-0.163-X2) + 1.08*abs(X3) + 1.03*max(0,X2-0.750) - 1.01*max(0,X3-0.334) * max(0,X0-0.355) + 0.996*max(0,X2-0.294) * max(0,X4-0.330) + 0.987*max(0,X2-0.294) * max(0,X3-0.334) - 0.969*max(0,X1-0.438) - 0.925*max(0,X3-0.334) * max(0,X3-0.798) - 0.922*abs(X0) + 0.897*max(0,X3-0.334) * max(0,-0.0933-X0) + 0.879*max(0,X2-0.294) * max(0,-0.158-X4) + 0.871*abs(X4) * max(0,X4-1.31) + 0.862*max(0,-0.619-X2) + 0.854*X3**2 + 0.834*X0**2 - 0.822*max(0,-0.130-X3) + 0.800*max(0,X3-0.334) * max(0,X4-0.330) - 0.797*max(0,X3-0.334) * abs(X4) - 0.789*max(0,-0.158-X4) * max(0,X1-1.39) + 0.781*max(0,X4-0.330) * max(0,X4-1.31) + 0.763*abs(X4) * max(0,X0-0.355) - 0.750*max(0,0.334-X3) + 0.740*max(0,-0.158-X4) + 0.736*abs(X2) * max(0,X0-0.355) - 0.729*max(0,X2-0.294) * max(0,-0.0933-X0) + 0.703*max(0,X3-0.334) * max(0,-0.163-X2) - 0.699*max(0,X4-1.31) * abs(X0) - 0.626*max(0,X0-0.355) * max(0,-0.130-X3) - 0.625*max(0,-0.158-X4) * max(0,-0.0933-X0) + 0.620*max(0,-0.163-X2) + 0.604*max(0,X0+0.0933) - 0.581*max(0,-0.514-X1) - 0.573*abs(X2) + 0.571*max(0,X3-0.798) * X0 - 0.566*max(0,X0-0.355) * abs(X0) - 0.543*max(0,-0.158-X4) * abs(X2) - 0.532*abs(X2) * max(0,-0.163-X2) - 0.524*max(0,X4-0.330) * max(0,-0.163-X2) - 0.505*max(0,X2-0.294) * abs(X0) - 0.498*max(0,X4-1.31) * max(0,-0.130-X3) - 0.488*max(0,X3-0.798) * abs(X0) + 0.486*max(0,X4-1.31) - 0.482*max(0,X0+0.0933) * max(0,X0-0.355) - 0.474*max(0,X2-0.294) * X0 - 0.471*max(0,X0-0.355) * max(0,-0.163-X2) + 0.471*max(0,X4-1.31) * abs(X2) - 0.459*max(0,X4-0.330) * abs(X2) + 0.459*abs(X2) * abs(X0) + 0.448*max(0,0.798-X3) - 0.425*max(0,X2-0.294) * max(0,X0-0.355) + 0.411*max(0,0.803-X0) + 0.407*X0 * abs(X0) - 0.401*max(0,-0.130-X3) * max(0,X1-1.39) + 0.398*max(0,X3-0.334) * X0 + 0.395*max(0,X3-0.334) * abs(X0) - 0.393*max(0,-0.595-X3) - 0.368*max(0,-0.158-X4) * abs(X4) + 0.362*max(0,-1.14-X4) - 0.360*max(0,-0.163-X2) * abs(X0) - 0.359*max(0,X0-1.25) + 0.355*X1 + 0.324*max(0,-0.0933-X0) - 0.318*max(0,0.750-X2) - 0.309*X2**2 - 0.285*max(0,X3-0.334) * max(0,X3-1.26) + 0.279*max(0,X3+0.595) - 0.264*max(0,X0-0.355) + 0.263*max(0,X4-0.330) * abs(X4) + 0.260*max(0,X0+0.989) - 0.258*max(0,X3+0.130) - 0.226*max(0,X1+0.0380) + 0.222*X4 + 0.219*abs(X2) * X0 + 0.213*max(0,X4-1.31) * max(0,-0.0933-X0) - 0.205*abs(X2) * max(0,X3-0.798) - 0.196*max(0,-0.158-X4) * max(0,X3-1.26) + 0.184*max(0,X0+0.541) - 0.180*max(0,-0.130-X3) * X0 - 0.168*max(0,X2-0.294) * abs(X4) - 0.167*X0 * max(0,-0.163-X2) - 0.163*max(0,-0.158-X4) * max(0,-0.163-X2) - 0.161*max(0,0.330-X4) + 0.160*max(0,X4+0.158) - 0.143*max(0,-0.541-X0) - 0.134*X3 + 0.134*max(0,1.25-X0) - 0.125*max(0,X0+0.0933) * abs(X2) - 0.123*max(0,-0.158-X4) * max(0,X0-0.355) + 0.122*abs(X1) + 0.116*X2 + 0.110*max(0,0.818-X4) + 0.107*X4**2 + 0.106*max(0,X0-0.355) * X0 - 0.105*X0 - 0.0986*max(0,1.26-X3) + 0.0970*max(0,X4+0.647) - 0.0915*max(0,-0.0933-X0) * abs(X0) - 0.0786*abs(X4) * max(0,-0.0933-X0) - 0.0743*max(0,-0.0933-X0) * max(0,-0.163-X2) + 0.0723*max(0,X2+1.07) + 0.0690*max(0,0.438-X1) + 0.0553*max(0,-0.0933-X0) * max(0,X3-0.798) - 0.0511*max(0,X4-0.818) + 0.0340*max(0,X0+0.0933) * abs(X0) + 0.0330*max(0,0.355-X0) + 0.0310*abs(X2) * max(0,-0.0933-X0) - 0.0298*max(0,-0.647-X4) + 0.0257*max(0,X0+0.0933) * max(0,-0.163-X2) - 0.0228*max(0,0.914-X1) + 0.0225*max(0,1.31-X4) - 0.0173*max(0,-0.0933-X0) * X0 + 0.0171*max(0,X3+1.06) - 0.0170*max(0,X2+0.163) - 0.0150*abs(X4) - 0.0149*max(0,X4+1.14) + 0.0134*abs(X4) * abs(X2) + 0.00993*max(0,X1+0.990) + 0.00773*max(0,X2+0.619) + 0.00605*max(0,X0+0.0933) * X0 + 0.00376*max(0,1.21-X2) - 0.000456*max(0,1.39-X1)"
ffx,feynman_II_36_38,ok,-0.216444,1.012326,1482,23.06,,"-0.458 + 79.8*max(0,X0-1.32) * max(0,X2-1.29) - 55.8*max(0,X5-0.778) * max(0,X2-1.29) - 15.2*max(0,-1.07-X2) * max(0,-1.05-X3) - 13.3*max(0,-1.05-X3) * max(0,X7-1.19) + 10.8*max(0,X5-0.316) * max(0,X2-1.29) - 10.3*max(0,X5-1.24) * max(0,X0-1.32) + 10.0*max(0,-0.144-X6) * max(0,X2-1.29) + 8.91*max(0,X5-1.24) * max(0,X7-1.19) - 8.37*max(0,X4-0.912) * max(0,-1.05-X3) + 7.94*max(0,-1.07-X2) * max(0,X7-1.19) - 6.71*max(0,X7-1.19) * max(0,X2-1.29) - 5.13*max(0,X7-0.288) * max(0,X2-1.29) + 5.09*max(0,X4+0.0233) * max(0,-1.05-X3) - 4.98*max(0,-1.07-X2) * max(0,X4-0.912) + 4.09*max(0,X1-0.753) * max(0,X0-1.32) - 3.80*max(0,X0-1.32) * max(0,X7-0.740) + 3.77*max(0,-0.144-X6) * max(0,X0-1.32) - 3.71*max(0,-1.07-X2) * max(0,X5-1.24) - 3.69*max(0,X5-0.778) * max(0,-1.05-X3) - 3.64*max(0,-0.144-X6) * max(0,X7-1.19) + 3.22*max(0,-1.07-X2) * max(0,X1-0.753) - 3.16*max(0,X5-0.316) * max(0,X7-1.19) + 3.12*max(0,X0-1.32) * max(0,-1.05-X3) + 2.88*max(0,-1.07-X2) * max(0,-0.163-X3) - 2.33*max(0,X4-0.912) * max(0,X2-0.821) - 2.16*max(0,X1-0.309) * max(0,X7-1.19) + 1.92*max(0,X7-1.19) * max(0,X7-0.740) + 1.89*max(0,X7-0.288) * max(0,-1.05-X3) - 1.84*max(0,X1-0.309) * max(0,-1.07-X2) - 1.76*max(0,-0.144-X6) * max(0,X2-0.821) + 1.70*max(0,X5-1.24) * max(0,X7-0.740) + 1.69*max(0,-0.163-X3) * max(0,X0-1.32) - 1.65*max(0,X1-0.753) * max(0,-0.163-X3) - 1.55*max(0,X1-0.753) * max(0,-1.05-X3) - 1.48*max(0,-0.163-X3) * max(0,X4-0.912) - 1.41*max(0,-0.491-X4) * max(0,X5-0.778) - 1.41*max(0,-0.144-X6) * max(0,X4-0.912) + 1.33*max(0,X5-0.778) * max(0,X7-0.740) - 1.32*max(0,X0-1.32) * max(0,X4-0.912) + 1.23*max(0,-0.144-X6) * max(0,X5-0.778) + 1.21*max(0,-1.07-X2) * max(0,X4+0.0233) - 1.20*max(0,X1-0.309) * max(0,X2-1.29) + 1.17*max(0,-0.144-X6) * max(0,X7-0.740) + 1.16*max(0,X5-0.316) * max(0,-1.05-X3) - 1.01*max(0,-0.163-X3) * max(0,X2-0.821) - 0.998*max(0,X5-1.24) * max(0,-0.0233-X4) - 0.966*max(0,-1.07-X2) * max(0,-0.0233-X4) + 0.926*max(0,-1.07-X2) * max(0,X5-0.316) + 0.906*max(0,X1-0.753) * max(0,X4-0.912) - 0.891*max(0,-0.144-X6) * max(0,X5-0.316) + 0.871*max(0,X1-0.309) * max(0,-0.163-X3) + 0.856*max(0,X7-0.288) * max(0,X2-0.821) + 0.853*max(0,-0.491-X4) * max(0,X7-0.740) - 0.825*max(0,-0.595-X2) - 0.821*max(0,-1.07-X2) * max(0,X7-0.740) - 0.818*max(0,X1-0.753) + 0.811*max(0,X0-1.32) * max(0,X5-0.778) + 0.799*max(0,X5-0.316) * max(0,-0.0233-X4) + 0.762*max(0,-1.07-X2) + 0.719*max(0,X1-0.753) * max(0,X2-0.821) + 0.718*max(0,-0.123-X2) + 0.666*max(0,X4+0.0233) * max(0,X7-1.19) + 0.660*max(0,-0.144-X6) * max(0,X4+0.0233) - 0.657*max(0,X0-1.32) - 0.624*max(0,-0.144-X6) * max(0,-1.05-X3) - 0.621*max(0,X1-0.753) * max(0,X2-1.29) - 0.594*max(0,X5-0.778) + 0.594*max(0,X4-1.38) + 0.582*max(0,X5-1.24) * max(0,-0.163-X3) + 0.526*max(0,X2-0.821) - 0.496*max(0,X5-0.778) * max(0,X2-0.821) + 0.491*max(0,X1+0.135) - 0.448*max(0,X7-0.288) * max(0,X5-0.316) - 0.441*max(0,-1.07-X2) * max(0,X0-1.32) - 0.438*max(0,-0.144-X6) * max(0,X1-0.753) - 0.425*max(0,X7-0.288) * max(0,-0.491-X4) + 0.413*max(0,-0.491-X4) * max(0,X2-0.821) - 0.398*max(0,X0-1.32) * max(0,X7-1.19) - 0.396*max(0,-1.07-X5) - 0.387*max(0,0.431-X0) - 0.356*max(0,X5-0.778) * max(0,-0.0233-X4) + 0.338*max(0,-0.163-X3) * max(0,X5-0.778) - 0.318*max(0,-1.05-X3) - 0.313*max(0,0.309-X1) + 0.303*max(0,X4-0.912) * max(0,X2-1.29) + 0.303*max(0,X6-1.28) + 0.284*max(0,-0.163-X3) * max(0,-0.0233-X4) + 0.282*max(0,-1.05-X3) * max(0,X7-0.740) - 0.279*X3 + 0.251*max(0,X4+0.0233) * max(0,-0.163-X3) + 0.246*max(0,X1-0.753) * max(0,-0.0233-X4) - 0.242*max(0,X3-0.727) + 0.238*max(0,-0.144-X6) * max(0,-0.491-X4) + 0.231*max(0,X1-0.309) * max(0,X7-0.288) - 0.230*max(0,X5-1.24) * max(0,-0.491-X4) - 0.226*max(0,-1.07-X7) + 0.224*max(0,X4-0.912) + 0.221*max(0,X0+0.461) - 0.216*max(0,-1.02-X1) - 0.213*max(0,-0.958-X4) + 0.202*max(0,X1-1.20) - 0.201*max(0,X0-1.32) * max(0,-0.0233-X4) + 0.189*max(0,X1-0.753) * max(0,X5-0.778) + 0.162*max(0,0.332-X6) + 0.158*X5**2 - 0.146*max(0,X4-0.912) * max(0,X7-0.740) + 0.137*max(0,0.821-X2) - 0.131*max(0,X1-0.309) * max(0,-0.491-X4) - 0.130*max(0,X4+0.0233) * max(0,X2-0.821) + 0.128*max(0,-0.144-X6) * max(0,-0.163-X3) + 0.0979*max(0,-0.0233-X4) * max(0,-1.05-X3) + 0.0875*max(0,X4-0.444) - 0.0865*max(0,X6+0.620) + 0.0789*max(0,X5-0.316) + 0.0766*max(0,-0.146-X5) + 0.0699*max(0,X7+0.163) - 0.0678*max(0,-0.491-X4) - 0.0648*max(0,-0.907-X0) - 0.0617*max(0,0.288-X7) - 0.0579*max(0,X7-0.288) * max(0,-0.0233-X4) - 0.0540*max(0,X0-0.877) + 0.0435*max(0,-0.608-X3) - 0.0325*max(0,X2-0.349) - 0.0273*max(0,X3+0.163) - 0.0158*max(0,X4+0.0233) * max(0,X5-0.316) - 0.00341*max(0,-0.0155-X0)"
ffx,feynman_II_37_1,ok,0.991774,2.612452,980,15.85,,"-0.311 - 5.35*max(0,X1-1.13) * max(0,X2-1.32) + 2.59*max(0,X1-1.13) * max(0,X2-0.866) + 2.04*max(0,X1-0.222) * max(0,X2-0.866) + 1.78*max(0,X2-1.32) - 1.55*max(0,X1-0.222) * max(0,X2-1.32) - 1.53*max(0,X2-1.32) * max(0,-0.230-X1) - 1.50*max(0,X1-1.13) + 1.40*max(0,-1.13-X1) * max(0,X2-1.32) - 1.34*max(0,X1+0.230) * max(0,X2-0.866) + 1.21*max(0,X2-1.32) * abs(X1) + 1.18*max(0,X1-0.674) * max(0,-0.0332-X2) + 1.15*max(0,X1-0.674) - 1.09*max(0,X1-1.13) * max(0,-0.0332-X2) + 0.860*abs(X2) * max(0,X1-1.13) + 0.839*max(0,X1-1.13) * abs(X1) - 0.794*max(0,-0.230-X1) + 0.776*X2 * max(0,X1-0.674) - 0.721*max(0,X2-1.32) * max(0,X2-0.866) - 0.710*X2 * max(0,X2-1.32) - 0.700*max(0,-0.0332-X2) + 0.682*max(0,X1+0.230) - 0.678*max(0,X0-1.32) - 0.659*max(0,X0-0.445) - 0.639*max(0,-0.866-X0) + 0.591*X0**2 + 0.591*X0 - 0.574*X2 * max(0,X1-1.13) - 0.518*abs(X2) * max(0,X1-0.674) + 0.516*max(0,X1-1.13) * max(0,X1-0.674) + 0.493*abs(X2) * max(0,-0.230-X1) - 0.489*max(0,X2-0.866) * abs(X1) + 0.485*max(0,X1+0.230) * X2 - 0.484*max(0,-0.429-X0) + 0.476*max(0,X1-0.222) * max(0,-0.0332-X2) - 0.439*max(0,0.00829-X0) + 0.438*X0 * max(0,X1+0.230) - 0.434*max(0,X0-0.883) + 0.374*max(0,-0.932-X2) - 0.335*max(0,-1.13-X1) - 0.321*max(0,X1-0.222) * abs(X1) + 0.320*max(0,-1.13-X1) * abs(X1) + 0.309*X0 * max(0,X1-0.674) - 0.303*X1**2 + 0.281*max(0,X2+0.0332) + 0.272*abs(X2) + 0.271*X0 * X2 - 0.251*max(0,-1.13-X1) * max(0,X2-0.866) + 0.249*max(0,0.416-X2) - 0.243*X0 * max(0,X1-0.222) - 0.241*max(0,X2-0.866) * max(0,-0.230-X1) - 0.240*abs(X2) * abs(X1) - 0.240*max(0,X1-0.222) * max(0,X1-0.674) + 0.232*abs(X2) * max(0,X2-0.866) - 0.231*max(0,-0.0332-X2) * max(0,-0.230-X1) + 0.219*X2 * max(0,X2-0.866) - 0.215*max(0,X1-0.674) * max(0,X2-0.866) - 0.208*abs(X2) * max(0,X1-0.222) + 0.205*max(0,X1+0.230) * abs(X1) - 0.180*X2**2 + 0.179*max(0,-0.681-X1) + 0.177*max(0,0.445-X0) - 0.176*X0 * max(0,X1-1.13) - 0.170*max(0,X1-0.674) * abs(X1) + 0.169*abs(X1) + 0.163*max(0,X1-0.222) - 0.159*X2 * max(0,-0.230-X1) - 0.156*max(0,-1.13-X1) * max(0,-0.0332-X2) + 0.155*max(0,X2-1.32) * max(0,X1-0.674) + 0.148*X0 * max(0,-0.0332-X2) - 0.141*max(0,0.866-X2) + 0.136*max(0,X1+0.230) * max(0,-0.0332-X2) - 0.132*X0 * abs(X1) + 0.127*max(0,-1.13-X1) * max(0,-0.230-X1) - 0.125*X2 * max(0,X1-0.222) + 0.119*max(0,X1+0.230) * max(0,X1-1.13) + 0.116*X2 - 0.111*X0 * max(0,X2-0.866) + 0.103*X0 * max(0,X2-1.32) + 0.0995*max(0,-0.230-X1) * abs(X1) - 0.0986*abs(X2) * max(0,X2-1.32) + 0.0894*max(0,-1.13-X1) * X2 + 0.0860*max(0,X1+0.230) * abs(X2) + 0.0801*max(0,1.32-X2) - 0.0789*X1 + 0.0787*max(0,1.13-X1) - 0.0727*X0 * abs(X2) - 0.0685*max(0,X0-0.00829) - 0.0571*max(0,X1+0.230) * max(0,X1-0.674) - 0.0528*abs(X0) - 0.0406*max(0,X2-0.416) - 0.0398*X0 * max(0,-0.230-X1) + 0.0394*max(0,-0.0332-X2) * abs(X1) + 0.0379*abs(X2) * max(0,-0.0332-X2) - 0.0357*max(0,X1+0.230) * max(0,X1-0.222) - 0.0328*max(0,0.222-X1) - 0.0318*X2 * abs(X1) + 0.0258*max(0,X1-1.13) * max(0,X1-0.222) - 0.0254*max(0,X1+1.13) - 0.0214*max(0,X1+0.681) - 0.0180*max(0,0.674-X1) + 0.0142*max(0,X0+0.429) - 0.0139*abs(X2) * X2 + 0.0137*max(0,X2-0.866) - 0.0134*max(0,X1+0.230) * max(0,X2-1.32) + 0.00547*max(0,X2+0.483) + 0.00451*max(0,X2+0.932) - 0.00174*X2 * max(0,-0.0332-X2) - 0.000404*max(0,-0.483-X2)"
ffx,feynman_II_38_14,ok,0.996914,0.011645,125,11.49,,"-0.600 - 0.854*max(0,X1-1.26) * max(0,X0-1.21) + 0.490*X0 + 0.322*max(0,1.26-X1) + 0.277*max(0,0.330-X1) * X0 + 0.190*max(0,-0.134-X1) * max(0,0.330-X1) + 0.185*max(0,X0-1.21) * max(0,-1.06-X1) + 0.181*X0 * max(0,-1.06-X1) + 0.158*max(0,-0.134-X1) * max(0,-1.06-X1) + 0.0783*max(0,0.330-X1) - 0.0122*max(0,0.766-X0) + 0.0118*max(0,X0+0.992) - 0.0101*max(0,X1-1.26) * X0"
ffx,feynman_II_38_3,ok,0.98034,1.475723,86,22.66,,(-0.135 + 0.428*X0 + 0.399*X1 + 0.379*X3 - 0.370*X2 - 0.0964*X0**2 + 0.0699*X2**2 - 0.0653*X3**2 - 0.0593*X1**2 - 0.00466*X1 * X2 + 0.00307*X0 * X2 - 0.00199*X2 + 0.000381*X2**2) / (1.0 - 0.218*X0 - 0.160*X1 + 0.160*X2 - 0.159*X3 - 0.0384*X2**2 + 0.0249*X3**2 + 0.0218*X1 * X0 - 0.0204*X0 * X2 + 0.00903*X0**2 + 0.000877*X2 - 0.000546*X1 * X2 - 0.000184*X2**2)
ffx,feynman_II_3_24,ok,0.988348,0.004371,148,8.48,,"-0.623 + 1.16*max(0,0.0133-X1) * max(0,-0.883-X1) + 0.974*X0 * max(0,-0.883-X1) - 0.909*X1 * max(0,-0.883-X1) - 0.727*max(0,-0.883-X1) + 0.514*max(0,X0-0.864) * max(0,-0.883-X1) + 0.272*max(0,0.0133-X1) + 0.143*max(0,1.36-X1) + 0.126*X0 * max(0,0.0133-X1) + 0.0908*max(0,1.36-X1) * max(0,0.0133-X1) + 0.0899*max(0,X0-0.864) * max(0,0.0133-X1) + 0.0792*max(0,1.36-X1) * X0 + 0.0687*max(0,X0-0.864) * X0 + 0.0494*X0 - 0.0366*X1 - 0.0178*X0**2"
ffx,feynman_II_4_23,ok,0.946762,0.005536,333,8.23,,"-0.339 + 7.11*max(0,-1.19-X2) * max(0,-1.09-X1) + 5.82*max(0,X0-1.23) * max(0,-1.09-X1) - 3.44*max(0,-0.707-X2) * max(0,-1.09-X1) + 1.45*max(0,-0.625-X1) * max(0,-1.09-X1) + 1.29*max(0,-0.222-X2) * max(0,-0.625-X1) - 0.779*max(0,-0.625-X1) * max(0,X0-1.23) - 0.680*max(0,-1.09-X1) + 0.419*max(0,-0.707-X2) * max(0,-1.19-X2) - 0.409*max(0,-0.625-X1) * max(0,-0.707-X2) + 0.304*X0 * max(0,-1.19-X2) + 0.268*max(0,-0.625-X1) * X0 - 0.251*X1 + 0.249*max(0,-0.222-X2) * X0 + 0.217*X1 * max(0,X0-1.23) + 0.215*max(0,-0.222-X2) - 0.211*max(0,0.752-X0) + 0.191*max(0,-0.707-X2) * max(0,X0-1.23) - 0.175*X1 * max(0,-0.707-X2) + 0.171*max(0,-0.222-X2) * max(0,X0-1.23) + 0.112*X0 * max(0,-1.09-X1) + 0.110*max(0,1.24-X2) + 0.0873*max(0,-0.222-X2) * max(0,-0.707-X2) - 0.0843*X1 * X0 + 0.0736*max(0,0.750-X2) + 0.0589*X1**2 - 0.0450*X0 * max(0,-0.707-X2) - 0.0360*max(0,0.278-X0) + 0.0317*X0**2 - 0.0273*max(0,-0.669-X0) + 0.0147*max(0,X0-1.23) + 7.33e-5*X0 * max(0,X0-1.23)"
ffx,feynman_II_6_11,ok,0.568933,0.014019,74,28.34,,(0.0964 - 0.478*X2 + 0.194*X3 + 0.122*X2 * X3 + 0.104*X0 - 0.104*X1 + 0.0681*X0 * X2 + 0.0608*X2**2 - 0.0391*X3**2 + 0.0173*X3 + 0.0140*X3 * X2 + 0.0107*X1**2 - 0.00736*X0**2 - 0.00567*X0 * X3 - 0.00304*X3**2 - 2.11e-5*X3 * X0) / (1.0 - 0.177*X1 + 0.175*X3 - 0.105*X3**2 + 0.0881*X0 + 0.0357*X3 - 0.0283*X0**2 - 0.0151*X2 * X3 - 0.00965*X3 * X2 - 0.00150*X3**2)
ffx,feynman_II_6_15a,ok,0.064339,0.380978,1594,22.87,,"-0.195 - 69.6*max(0,X2-1.19) * max(0,X1-1.25) - 60.3*max(0,X3-1.31) * max(0,X0-1.24) + 35.7*max(0,X3-1.31) * max(0,X5-1.21) - 27.3*max(0,X0-1.24) * max(0,X5-1.21) - 26.1*max(0,X2-1.19) * max(0,-1.05-X5) + 25.3*max(0,-1.05-X5) * max(0,X0-1.24) + 24.1*max(0,-1.01-X1) * max(0,X5-1.21) + 19.6*max(0,X1-1.25) * max(0,X0-1.24) + 19.5*max(0,-1.01-X1) * max(0,-1.10-X2) - 16.2*max(0,-1.05-X5) * max(0,-1.10-X2) + 16.0*max(0,-0.557-X1) * max(0,X2-1.19) + 13.4*max(0,X2-0.735) * max(0,X1-1.25) - 13.0*max(0,X5-1.21) * max(0,-1.10-X2) - 12.9*max(0,-0.557-X1) * max(0,-1.10-X2) + 11.0*max(0,X3-1.31) * max(0,X0-0.807) + 10.3*max(0,-1.01-X1) * max(0,X0-0.807) - 10.1*max(0,-1.01-X1) * max(0,X2-0.735) - 9.79*max(0,-0.938-X0) * max(0,-1.05-X5) + 9.07*max(0,X3-1.31) * max(0,-1.10-X2) - 8.43*max(0,-1.05-X5) * max(0,-1.01-X1) - 8.23*max(0,-1.05-X5) * max(0,X1-1.25) - 7.99*max(0,-0.557-X1) * max(0,X0-1.24) - 7.93*max(0,X5-0.754) * max(0,X0-1.24) - 6.66*max(0,X2-1.19) * max(0,-0.938-X0) - 6.33*max(0,-1.05-X5) * max(0,X0-0.807) + 6.21*max(0,X0-1.24) * max(0,-1.10-X2) - 5.73*max(0,X1-1.25) * max(0,-1.10-X2) + 5.40*max(0,X3-1.31) * max(0,-1.05-X5) - 5.10*X2 * max(0,-1.10-X2) + 4.71*max(0,X5-0.754) * max(0,-1.10-X2) - 4.41*max(0,X3-1.31) * max(0,X2-0.735) + 4.33*max(0,-0.611-X4) * max(0,-1.05-X5) + 4.27*max(0,-0.611-X4) * max(0,X5-1.21) - 4.05*max(0,-1.10-X2) + 3.80*max(0,-0.938-X0) * max(0,X5-1.21) - 3.78*max(0,X2-0.735) * max(0,X0-1.24) + 3.73*max(0,-0.938-X0) * max(0,X2-0.735) - 3.50*max(0,X3-1.31) * max(0,X2-1.19) + 3.39*max(0,-0.557-X1) * max(0,X2-0.735) + 3.19*max(0,X0-0.807) * max(0,X0-1.24) - 3.06*max(0,-0.938-X0) * max(0,-1.10-X2) + 3.05*max(0,X3-1.31) * max(0,-0.938-X0) - 2.81*max(0,-0.557-X1) * max(0,X5-1.21) - 2.81*max(0,X0-0.807) * max(0,X5-1.21) + 2.73*max(0,X2-1.19) + 2.65*max(0,-0.611-X4) * max(0,X0-1.24) - 2.56*max(0,-0.557-X1) * max(0,-1.01-X1) + 2.50*max(0,X0-0.807) * max(0,X5-0.754) - 2.41*max(0,X0-0.370) * max(0,-1.10-X2) - 2.41*max(0,X5-0.754) * max(0,X5-1.21) - 2.36*max(0,X2-1.19) * max(0,X5-1.21) - 2.30*max(0,X1-1.25) - 2.23*max(0,X2-0.735) * max(0,X5-1.21) - 2.18*max(0,X3-1.31) * max(0,X5-0.754) - 2.17*max(0,X3-1.31) * max(0,-1.01-X1) + 1.97*X2 * max(0,-1.01-X1) + 1.95*max(0,-1.01-X1) - 1.92*X2 * max(0,X1-1.25) + 1.80*max(0,X0-0.370) * max(0,X5-1.21) - 1.67*max(0,X2-1.19) * max(0,X2-0.735) - 1.66*max(0,X0-0.370) * max(0,X1-1.25) + 1.64*max(0,X3-1.31) * max(0,X1-1.25) - 1.62*max(0,X2-0.735) * max(0,X0-0.807) + 1.53*max(0,-0.557-X1) * max(0,-1.05-X5) - 1.47*max(0,X0-0.370) * max(0,-1.01-X1) - 1.32*max(0,X2-1.19) * max(0,X5-0.754) - 1.29*X2 * max(0,-0.938-X0) - 1.28*max(0,X2-0.735) * max(0,X5-0.754) + 1.24*X2 * max(0,X0-0.807) + 1.20*max(0,X3-1.31) * max(0,-0.611-X4) - 1.15*max(0,-0.611-X4) * max(0,-1.01-X1) + 1.15*max(0,X4-0.813) - 1.06*max(0,-0.938-X0) * max(0,X5-0.754) - 1.01*max(0,X0-1.24) + 0.986*max(0,X4-1.29) + 0.979*max(0,X1-0.800) + 0.978*max(0,X5-0.754) - 0.968*max(0,X3-1.31) + 0.963*max(0,X1-1.25) * max(0,X0-0.807) + 0.923*max(0,-0.536-X3) - 0.906*max(0,-0.557-X1) * max(0,X5-0.754) + 0.894*max(0,-1.05-X5) * max(0,X2-0.735) - 0.801*max(0,X0-0.807) - 0.780*max(0,-0.557-X1) * X2 - 0.761*max(0,-0.0758-X3) - 0.755*max(0,X2-0.735) + 0.729*max(0,X3-1.31) * X2 + 0.689*max(0,-0.938-X0) * max(0,X1-1.25) - 0.640*max(0,X0-0.370) * max(0,X2-1.19) - 0.635*max(0,X0-0.370) * max(0,X2-0.735) - 0.629*max(0,X4-0.338) + 0.628*max(0,-0.611-X4) * max(0,X2-0.735) - 0.592*X2 * max(0,X2-0.735) - 0.580*X2 * max(0,X0-1.24) - 0.453*max(0,-0.611-X4) * max(0,X5-0.754) + 0.445*X2**2 - 0.419*X2 * max(0,X5-1.21) + 0.389*max(0,-0.557-X1) + 0.382*max(0,-1.05-X5) - 0.358*max(0,-0.938-X0) * max(0,-1.01-X1) - 0.344*max(0,-0.611-X4) - 0.343*max(0,X3+0.0758) + 0.341*max(0,X0-0.370) - 0.332*max(0,-0.938-X0) * max(0,-0.611-X4) - 0.324*max(0,-0.997-X3) + 0.311*X2 * max(0,X5-0.754) + 0.296*max(0,X3-0.845) + 0.274*max(0,-0.557-X1) * max(0,-0.938-X0) - 0.270*max(0,-0.601-X5) - 0.261*max(0,X2-1.19) * max(0,-0.611-X4) - 0.243*max(0,X2-1.19) * max(0,X0-0.807) - 0.229*max(0,X2+0.181) + 0.228*max(0,-0.938-X0) - 0.228*max(0,X5-0.302) + 0.225*max(0,-1.09-X4) - 0.224*X2 * max(0,-1.05-X5) + 0.221*max(0,X3-0.385) - 0.173*max(0,-0.105-X1) - 0.165*max(0,X0-0.370) * X2 - 0.148*max(0,-0.181-X2) + 0.137*max(0,-0.611-X4) * max(0,X0-0.807) - 0.124*max(0,-0.611-X4) * max(0,X1-1.25) + 0.118*max(0,-0.611-X4) * max(0,-1.10-X2) + 0.0986*max(0,-0.0658-X0) + 0.0973*max(0,X2-0.277) + 0.0928*max(0,X5+0.149) + 0.0808*X2 * max(0,-0.611-X4) - 0.0770*max(0,X1+0.105) - 0.0706*max(0,X1-1.25) * max(0,X5-1.21) - 0.0678*max(0,X0-0.370) * max(0,X0-0.807) + 0.0578*max(0,0.385-X3) - 0.0534*max(0,-0.557-X1) * max(0,X0-0.370) + 0.0521*max(0,X0+0.0658) + 0.0406*max(0,-0.557-X1) * max(0,-0.611-X4) + 0.0349*max(0,X1-0.348) + 0.0287*max(0,-0.136-X4) - 0.00235*max(0,-1.01-X1) * max(0,X5-0.754) + 0.000502*max(0,X3-1.31) * max(0,X0-0.370) + 0.000256*max(0,-0.149-X5)"
ffx,feynman_II_6_15b,ok,-3.464852,0.075675,1070,25.75,,"0.531 - 284*max(0,X2-1.34) * max(0,X1-1.30) + 45.7*max(0,X1-0.848) * max(0,-1.12-X3) + 34.0*max(0,-0.654-X3) * max(0,X1-1.30) + 26.0*max(0,-1.12-X3) * max(0,-1.05-X2) - 24.9*max(0,-1.12-X3) * max(0,-0.971-X0) + 23.9*max(0,X1-1.30) * max(0,-1.05-X2) - 11.9*max(0,X1-0.848) * max(0,-1.05-X2) - 11.6*max(0,-0.654-X3) * max(0,X1-0.848) - 10.4*max(0,X1-1.30) * max(0,X3-1.21) + 10.2*max(0,-1.05-X2) * max(0,X3-1.21) - 8.98*max(0,-0.576-X2) * max(0,-1.12-X3) - 6.82*max(0,-0.654-X3) * max(0,-1.05-X2) + 6.45*max(0,-0.654-X3) * max(0,-0.971-X0) - 6.16*max(0,-1.12-X3) - 6.06*max(0,-1.05-X2) * max(0,-0.971-X0) - 5.07*max(0,-0.576-X2) * max(0,X3-1.21) + 4.62*max(0,X2-1.34) * max(0,-1.12-X3) - 4.04*max(0,X1-0.848) * max(0,X1-1.30) + 3.86*max(0,X1-0.848) * max(0,X3-1.21) + 3.63*max(0,X2-1.34) * max(0,X3-1.21) + 3.61*max(0,-0.576-X2) * max(0,-0.187-X3) - 3.51*max(0,-0.187-X3) * max(0,-1.05-X2) + 3.32*max(0,-0.187-X3) * max(0,-1.12-X3) - 3.30*max(0,-0.654-X3) * max(0,-1.12-X3) + 2.97*max(0,X3-0.279) * max(0,X1-1.30) + 2.59*max(0,X1-1.30) * max(0,-0.971-X0) + 2.56*max(0,X3-1.21) * max(0,-0.971-X0) + 2.47*max(0,X1-1.30) + 2.29*max(0,-0.654-X3) * max(0,-0.187-X3) + 2.27*max(0,-0.0978-X2) * max(0,-1.12-X3) - 2.13*max(0,X3-0.279) * max(0,-1.05-X2) - 2.13*max(0,-0.576-X2) * max(0,-1.05-X2) - 2.00*max(0,-0.576-X2) + 1.88*max(0,-1.12-X3) * max(0,X1-1.30) + 1.84*max(0,-0.576-X2) * max(0,-0.971-X0) + 1.82*max(0,X3-0.279) * max(0,-0.576-X2) - 1.81*max(0,-0.187-X3) * max(0,-0.971-X0) - 1.77*max(0,X2-1.34) * max(0,-0.971-X0) - 1.77*max(0,-0.654-X3) * max(0,-0.576-X2) + 1.59*max(0,-0.576-X2) * max(0,-0.0978-X2) - 1.52*max(0,X1-0.848) * max(0,-0.187-X3) - 1.51*max(0,-0.654-X3) - 1.37*max(0,X1-0.848) * max(0,-0.971-X0) + 1.36*max(0,-0.0978-X2) * max(0,X3-1.21) + 1.33*max(0,-0.654-X3) * max(0,-0.0978-X2) + 1.26*max(0,-1.05-X2) - 1.21*max(0,-0.576-X2) * max(0,X1-1.30) - 1.13*max(0,X3-1.21) + 1.10*max(0,X1-0.848) * max(0,-0.0978-X2) - 1.10*max(0,X1-0.848) * max(0,X3-0.279) + 1.01*max(0,X0-0.385) - 0.930*max(0,X2-1.34) * max(0,X3-0.279) + 0.743*max(0,-0.519-X0) - 0.722*max(0,X0+0.0673) - 0.691*max(0,-0.187-X3) - 0.659*max(0,X3-0.279) * max(0,-0.0978-X2) + 0.645*max(0,X3+0.187) - 0.636*max(0,X3+0.654) - 0.635*max(0,X3-0.279) * max(0,-0.971-X0) + 0.591*max(0,X2-1.34) + 0.570*max(0,X2+0.0978) + 0.560*max(0,X3-0.746) - 0.556*max(0,X2-1.34) * max(0,X1-0.848) - 0.536*max(0,X0-0.837) - 0.530*max(0,0.385-X0) + 0.528*max(0,-0.0978-X2) * max(0,-0.971-X0) - 0.489*X2 + 0.485*max(0,-0.0978-X2) * max(0,-0.187-X3) + 0.480*max(0,X2-0.859) + 0.459*max(0,X1-0.397) - 0.414*max(0,-0.0534-X1) - 0.401*max(0,X1-0.848) + 0.396*max(0,X0-1.29) + 0.391*max(0,X1-0.848) * max(0,-0.576-X2) - 0.355*max(0,-0.0978-X2) - 0.312*max(0,0.279-X3) - 0.290*max(0,X2-0.381) + 0.256*max(0,-0.504-X1) + 0.254*max(0,0.397-X1) + 0.227*max(0,0.381-X2) - 0.175*max(0,-0.971-X0) - 0.136*max(0,X1+0.504) + 0.107*max(0,X2-1.34) * max(0,-0.187-X3) - 0.101*max(0,X3-0.279) * max(0,X3-1.21) + 0.0754*max(0,-0.187-X3) * max(0,X1-1.30) + 0.0534*max(0,-0.954-X1) - 0.0432*X2**2 + 0.0401*max(0,-0.0978-X2) * max(0,X1-1.30) + 0.0285*max(0,X3-0.279) - 0.0124*max(0,-0.0978-X2) * max(0,-1.05-X2)"
ffx,feynman_II_8_31,ok,0.998337,0.484442,26,13.18,,-0.135 + 0.857*X1 + 0.360*X0 + 0.280*X0 * X1 + 0.132*X1**2 + 0.0904*abs(X1) * X0 + 0.0133*abs(X1)
ffx,feynman_II_8_7,ok,0.836585,0.056436,1015,19.2,,"-0.859 - 4.78*max(0,X1-1.20) - 3.34*max(0,X1-1.20) * max(0,X0-0.366) - 2.63*max(0,X1-1.20) * max(0,X2-0.400) + 2.31*abs(X2) * max(0,X1-1.20) + 1.89*max(0,X1-0.736) * max(0,X1-0.274) + 1.78*max(0,X0+0.115) * max(0,X1-1.20) + 1.41*max(0,X1-1.20) * max(0,X1-0.274) - 1.17*max(0,-0.528-X2) * max(0,X1-1.20) + 1.09*max(0,X0-0.848) - 1.08*max(0,-0.189-X1) * abs(X0) + 1.06*max(0,-0.528-X2) * max(0,X0-0.366) - 1.03*max(0,X0-0.366) * max(0,X2-0.400) - 0.989*max(0,X1-0.274) + 0.973*max(0,-0.115-X0) * max(0,X1-0.274) - 0.967*max(0,-0.115-X0) + 0.923*max(0,X1-0.736) * max(0,X0-0.366) + 0.884*X1 * max(0,X1-1.20) - 0.863*max(0,-0.528-X2) * max(0,X1-0.274) - 0.837*max(0,X2-0.400) - 0.834*max(0,X1-0.736) - 0.814*max(0,X1-0.736) * max(0,X2-0.400) - 0.763*max(0,-0.528-X2) * max(0,-0.115-X0) + 0.747*max(0,-0.189-X1) * max(0,X2-0.400) - 0.680*max(0,X1-0.736) * max(0,X1-1.20) + 0.674*max(0,-0.189-X1) * max(0,X0+0.115) - 0.669*max(0,X0-0.366) * abs(X0) + 0.628*max(0,X0+0.115) * max(0,X2-0.400) + 0.615*max(0,X1-0.736) * X2 + 0.613*X2 * max(0,X0-0.366) - 0.612*max(0,X0+0.115) * X2 + 0.610*max(0,0.274-X1) + 0.592*max(0,-0.189-X1) * max(0,X0-0.366) + 0.549*X2**2 + 0.547*max(0,X0-0.366) - 0.505*max(0,X0+0.115) * max(0,-0.528-X2) + 0.484*max(0,X1-0.274) * max(0,X2-0.400) - 0.467*X2 * max(0,X2-0.400) + 0.458*max(0,X0-1.33) + 0.448*abs(X0) - 0.447*max(0,X1-0.736) * max(0,-0.115-X0) - 0.442*X2 * max(0,X1-0.274) - 0.414*max(0,-0.528-X2) * X2 - 0.391*max(0,X1-0.274) * max(0,X0-0.366) - 0.387*X1 * max(0,X1-0.274) - 0.384*max(0,X1-0.736) * abs(X0) + 0.378*max(0,-0.597-X0) - 0.371*max(0,1.20-X1) - 0.348*X2 * max(0,X1-1.20) - 0.338*max(0,-0.189-X1) * X2 + 0.326*max(0,X0+0.115) * max(0,X1-0.274) - 0.323*max(0,X2-1.33) - 0.304*abs(X2) * max(0,X0-0.366) - 0.303*X1 * abs(X0) + 0.301*max(0,1.33-X0) + 0.294*X2 * max(0,-0.115-X0) + 0.287*max(0,X0+0.115) + 0.272*abs(X2) * max(0,X2-0.400) + 0.266*max(0,X1-1.20) * abs(X0) + 0.262*X1**2 + 0.260*X1 * max(0,X2-0.400) + 0.244*max(0,-0.189-X1) * max(0,-0.115-X0) + 0.234*abs(X0) * max(0,X2-0.400) - 0.233*max(0,-0.528-X2) - 0.223*max(0,-0.115-X0) * max(0,X2-0.400) - 0.218*max(0,-0.0642-X2) + 0.218*X1 * max(0,-0.528-X2) - 0.213*max(0,-0.189-X1) * abs(X2) + 0.211*max(0,X1-1.20) * max(0,-0.115-X0) - 0.208*X2 * abs(X0) - 0.201*X1 * max(0,X0+0.115) - 0.199*max(0,X2-0.864) - 0.193*max(0,-0.115-X0) * abs(X0) - 0.171*max(0,X0+0.115) * max(0,X0-0.366) + 0.163*max(0,-1.08-X0) + 0.161*abs(X1) - 0.159*max(0,-0.189-X1) - 0.156*abs(X2) * max(0,-0.115-X0) + 0.155*X2 - 0.153*X1 + 0.152*max(0,X1+0.651) + 0.144*max(0,X0+1.08) - 0.142*abs(X2) * max(0,X1-0.274) + 0.141*abs(X2) * abs(X0) + 0.136*max(0,0.400-X2) - 0.132*X1 * max(0,-0.115-X0) + 0.132*max(0,-0.189-X1) * max(0,-0.528-X2) - 0.130*X1 * abs(X2) - 0.129*max(0,0.736-X1) + 0.124*max(0,-0.651-X1) - 0.123*max(0,1.33-X2) + 0.113*max(0,0.864-X2) + 0.109*X1 * max(0,X0-0.366) + 0.104*abs(X2) * max(0,X0+0.115) - 0.0935*max(0,X2+0.0642) + 0.0917*X1 * X2 + 0.0834*max(0,X1+0.189) + 0.0765*max(0,-1.11-X1) - 0.0759*abs(X2) + 0.0693*max(0,X0+0.115) * abs(X0) - 0.0589*abs(X2) * max(0,-0.528-X2) + 0.0529*max(0,X0+0.597) - 0.0348*max(0,-0.993-X2) + 0.0279*max(0,X1-0.274) * abs(X0) + 0.00922*max(0,-0.189-X1) * X1 - 0.00556*max(0,-0.528-X2) * abs(X0) - 0.00272*abs(X2) * X2 - 0.00203*max(0,0.848-X0) + 0.000700*max(0,X1-0.736) * max(0,-0.528-X2)"
ffx,feynman_I_10_7,ok,0.994684,0.086201,43,11.26,,-0.0200 + 0.966*X0 - 0.0260*abs(X2) * X2 + 0.0246*X1 * abs(X2) + 0.0226*X2**2 - 0.0218*X2 - 0.0170*X1 * X2 + 0.0156*abs(X2) * X0 - 0.0152*X2 * X0 + 0.00910*X1 + 0.00537*X1 * X0
ffx,feynman_I_11_19,ok,0.761326,4.064769,1453,33.64,,"0.594 - 27.1*max(0,-1.10-X4) * max(0,X3-1.33) + 6.70*max(0,-1.08-X2) * max(0,X3-1.33) + 2.09*max(0,-0.111-X2) * max(0,X3-1.33) + 1.56*max(0,X3-0.850) * max(0,-1.10-X4) + 1.47*max(0,-0.0716-X1) * max(0,X3-1.33) - 1.28*max(0,-0.595-X2) * max(0,-0.694-X5) + 1.21*max(0,X3-1.33) * max(0,-0.694-X5) + 1.17*max(0,X2-0.856) * max(0,X3-1.33) + 1.07*max(0,X2-0.856) * max(0,X3-0.370) + 1.07*max(0,-1.10-X4) * max(0,-1.08-X2) - 1.03*max(0,-0.631-X4) * max(0,X3-1.33) - 0.945*max(0,X4-0.297) * max(0,X3-1.33) + 0.935*max(0,X4-0.297) * max(0,-1.08-X2) + 0.843*max(0,X0-0.338) * max(0,-0.694-X5) - 0.831*max(0,X3-0.850) * max(0,-0.595-X2) + 0.777*max(0,X0-0.338) * max(0,-1.10-X4) - 0.773*max(0,X3-0.850) * max(0,-0.0716-X1) + 0.758*max(0,X0-0.338) * max(0,X3-0.370) - 0.752*max(0,X2-0.373) * max(0,X3-0.370) - 0.691*max(0,X4-1.23) + 0.668*max(0,X1+0.0716) * max(0,-1.10-X4) + 0.630*max(0,X4-0.762) - 0.577*max(0,X0-0.338) * max(0,-0.270-X5) - 0.559*max(0,-0.111-X2) * max(0,-1.10-X4) - 0.542*max(0,-1.10-X4) - 0.525*max(0,-1.10-X4) * max(0,-0.694-X5) - 0.482*max(0,X4-0.297) * max(0,-0.0716-X1) - 0.458*max(0,X2-0.856) * max(0,-0.631-X4) + 0.448*max(0,X3-0.370) * max(0,-1.08-X2) + 0.437*max(0,X3-0.850) * X2 + 0.388*max(0,X4-0.297) * max(0,-0.525-X1) + 0.383*X2 * max(0,X3-1.33) - 0.377*max(0,X1+0.0716) * max(0,-0.631-X4) - 0.374*max(0,-0.595-X2) * max(0,-1.08-X2) - 0.356*max(0,-0.525-X1) * max(0,-0.694-X5) - 0.353*max(0,X1+0.0716) * max(0,-0.595-X2) + 0.345*max(0,X3-0.370) * max(0,-0.525-X1) + 0.345*max(0,X2-0.856) * max(0,X0-0.338) - 0.340*max(0,X3-0.370) * max(0,-0.631-X4) + 0.340*max(0,-0.111-X2) * max(0,-0.694-X5) + 0.331*max(0,-0.595-X2) * max(0,-0.270-X5) + 0.330*max(0,X2+0.595) + 0.319*max(0,-0.631-X4) * max(0,-0.694-X5) + 0.310*max(0,X2-0.373) + 0.308*max(0,-0.631-X4) * max(0,-0.0716-X1) - 0.293*max(0,-1.08-X2) + 0.274*max(0,X1-0.381) - 0.274*max(0,0.809-X0) - 0.270*X2 * max(0,-0.270-X5) - 0.267*max(0,0.850-X3) - 0.263*max(0,X0-0.338) * max(0,X3-1.33) - 0.259*max(0,0.297-X4) + 0.258*max(0,X4-0.297) * max(0,-0.270-X5) - 0.255*max(0,X4-0.297) * max(0,-0.694-X5) - 0.255*max(0,0.834-X1) + 0.255*max(0,-0.0716-X1) * max(0,-1.08-X2) - 0.250*max(0,-0.111-X2) * max(0,-0.525-X1) - 0.237*max(0,0.153-X5) - 0.236*max(0,X3-0.370) * max(0,-0.270-X5) + 0.225*X2 * max(0,-1.10-X4) + 0.224*max(0,X1+0.0716) * max(0,X4-0.297) + 0.224*max(0,X2-0.856) * max(0,-0.694-X5) - 0.215*max(0,-1.07-X3) - 0.212*max(0,-0.694-X5) - 0.209*X2 * max(0,X3-0.370) + 0.189*max(0,X3-0.370) + 0.184*max(0,-0.631-X4) * max(0,-1.10-X4) + 0.178*max(0,X0-0.338) + 0.177*max(0,X3-0.370) * max(0,-1.10-X4) - 0.167*max(0,X3-0.850) * max(0,X0-0.338) + 0.158*max(0,X1+0.0716) * max(0,-0.111-X2) + 0.155*max(0,-0.270-X5) * max(0,-0.0716-X1) - 0.151*max(0,X4-0.297) * max(0,-0.111-X2) + 0.150*max(0,-0.978-X1) - 0.141*max(0,X4-0.297) * max(0,-0.595-X2) + 0.138*max(0,X1-1.29) - 0.130*max(0,-0.270-X5) - 0.128*max(0,X3-0.370) * max(0,-0.595-X2) - 0.126*X2 * max(0,-0.631-X4) + 0.122*max(0,-0.595-X2) - 0.119*max(0,X2-0.373) * max(0,-0.270-X5) - 0.118*max(0,0.856-X2) + 0.114*max(0,X3-1.33) + 0.108*X5**2 - 0.108*max(0,-1.08-X2) * max(0,-0.694-X5) + 0.107*max(0,X2-0.856) * max(0,-0.0716-X1) - 0.105*max(0,-1.07-X0) + 0.103*max(0,X4-0.297) * max(0,X3-0.370) + 0.103*abs(X5) + 0.0959*max(0,X1+0.0716) * max(0,-0.694-X5) + 0.0952*max(0,X4+0.631) - 0.0949*max(0,0.577-X5) - 0.0914*abs(X2) - 0.0908*max(0,-0.525-X1) + 0.0882*max(0,-0.595-X2) * max(0,-0.0716-X1) + 0.0880*X5 - 0.0834*max(0,X0-0.338) * max(0,-0.111-X2) - 0.0757*max(0,X0-0.338) * X2 - 0.0741*max(0,X0-0.338) * max(0,-0.631-X4) - 0.0730*max(0,X1+0.0716) * max(0,X2-0.856) - 0.0646*max(0,-0.0716-X1) - 0.0645*max(0,X2-0.373) * max(0,-0.525-X1) + 0.0636*max(0,-0.111-X2) * max(0,-0.270-X5) - 0.0609*max(0,-0.525-X1) * max(0,-1.10-X4) + 0.0548*max(0,-0.631-X4) * max(0,-0.595-X2) - 0.0499*max(0,X0-0.338) * max(0,-0.0716-X1) + 0.0461*max(0,X3-0.850) * max(0,-1.08-X2) - 0.0436*max(0,X1+0.0716) * max(0,-0.270-X5) - 0.0432*max(0,-0.111-X2) * max(0,-1.08-X2) + 0.0431*max(0,X5-1.00) - 0.0402*max(0,X2-0.373) * max(0,X4-0.297) + 0.0250*max(0,X1+0.0716) * max(0,X3-0.370) + 0.0239*max(0,X0-0.338) * max(0,X4-0.297) + 0.0231*X4**2 - 0.0188*X2 * max(0,X4-0.297) + 0.0164*max(0,X1+0.0716) * max(0,X0-0.338) + 0.0158*max(0,X3+0.110) + 0.0154*max(0,X2-0.856) * max(0,-1.10-X4) - 0.0144*max(0,X1-0.834) - 0.0121*max(0,X3-0.370) * max(0,-0.694-X5) + 0.0104*max(0,X0-0.338) * max(0,-1.08-X2) - 0.00844*X0**2 - 0.00648*max(0,-0.132-X0)"
ffx,feynman_I_12_1,ok,0.997288,0.268772,51,10.62,,"0.0551 + 0.530*X1 + 0.383*X0 + 0.261*max(0,X1+1.15) * X0 - 0.0456*max(0,1.27-X1) + 0.0145*max(0,X1+0.182) - 0.00711*X0 * max(0,-1.15-X1) - 0.00392*max(0,0.935-X0)"
ffx,feynman_I_12_11,ok,0.985106,2.621368,135,34.85,,(0.149 - 0.901*X4 - 0.248*X3 * X4 - 0.189*X2 * X4 + 0.156*X0 - 0.155*X0 * X4 + 0.153*X1 - 0.0995*X4**2 - 0.0421*X0**2 + 0.0395*X3 + 0.0322*X3**2 + 0.0236*X2 + 0.0187*X2**2 + 0.0119*X2 * X3 + 0.00535*X2 * X0 + 0.00369*X1**2 + 0.000661*X0 - 4.82e-5*X0**2 - 3.37e-5*X3 * X0) / (1.0 - 0.472*X0 - 0.230*X2 + 0.201*X4**2 - 0.187*X3 + 0.145*X0 + 0.0852*X0**2 - 0.0559*X3 * X4 + 0.0485*X4 - 0.0427*X2 * X3 + 0.0421*X2**2 + 0.0344*X2 * X0 + 0.0337*X3**2 - 0.0263*X0**2 - 0.0261*X2 * X4 - 0.0143*X1**2 - 0.0136*X1 + 0.0129*X3 * X0 + 0.0124*X0 * X4)
ffx,feynman_I_12_2,ok,0.85232,0.067804,946,24.77,,"-0.0559 + 26.2*max(0,X3-1.19) * max(0,X0-1.25) + 25.1*max(0,-1.18-X2) * max(0,-1.02-X3) + 22.9*max(0,-1.18-X2) * max(0,X0-0.775) + 16.8*max(0,-1.18-X2) * max(0,X3-1.19) - 13.9*max(0,-0.735-X2) * max(0,X0-1.25) - 13.8*max(0,-1.02-X3) * max(0,X0-1.25) + 11.8*max(0,X1-1.15) * max(0,X0-1.25) - 10.5*max(0,X3-1.19) * max(0,X0-0.775) - 9.79*max(0,X1-1.15) * max(0,X3-1.19) + 9.11*max(0,X0-0.775) * max(0,-1.02-X3) - 8.70*max(0,X0-0.775) * max(0,X0-1.25) - 8.15*max(0,X3-0.747) * max(0,-1.18-X2) + 8.04*max(0,X1-1.15) * max(0,-1.02-X3) - 7.79*max(0,-1.18-X2) - 6.36*max(0,X3-0.747) * max(0,X0-1.25) + 5.36*max(0,-1.18-X2) * max(0,-0.735-X2) + 5.02*max(0,X0-0.296) * max(0,X0-1.25) + 4.81*max(0,X3-0.747) * max(0,X0-0.775) - 4.47*max(0,-1.18-X2) * max(0,-0.661-X0) - 4.34*max(0,X1-1.15) * max(0,X0-0.775) - 3.43*max(0,X0-0.775) + 3.20*max(0,0.296-X0) * max(0,-1.18-X2) - 3.18*max(0,X0-0.296) * max(0,-0.735-X2) - 2.88*max(0,X3-0.747) + 2.55*max(0,-1.18-X2) * max(0,X0-0.296) + 2.47*max(0,X1-1.15) * max(0,-0.735-X2) - 2.46*max(0,-0.575-X3) + 2.36*X3**2 + 2.33*max(0,-0.735-X2) * max(0,X3-1.19) + 2.24*max(0,X0-0.296) * max(0,X0-0.775) + 2.24*max(0,-0.661-X0) * max(0,-0.735-X2) - 2.16*max(0,X0-0.296) * max(0,-1.02-X3) - 2.06*max(0,-0.661-X0) * max(0,X3-1.19) - 1.88*max(0,0.296-X0) * max(0,-0.735-X2) - 1.83*max(0,X3-0.747) * max(0,X0-0.296) - 1.76*max(0,-0.134-X3) - 1.58*max(0,X3-0.306) - 1.54*max(0,0.296-X0) * max(0,-1.02-X3) - 1.53*max(0,X2-0.165) * max(0,-1.02-X3) + 1.46*max(0,-0.735-X2) + 1.46*max(0,X3-0.747) * max(0,-0.661-X0) - 1.41*max(0,-1.18-X2) * max(0,X0-1.25) - 1.37*max(0,X3-1.19) + 1.36*max(0,X0-0.296) * max(0,X3-1.19) - 1.14*max(0,-0.735-X2) * max(0,X0-0.775) + 1.13*max(0,X0-0.296) + 1.07*max(0,-0.586-X1) + 1.06*max(0,X2-1.06) + 1.04*max(0,X1-0.281) - 0.918*max(0,X0-1.25) - 0.844*max(0,X2-0.165) * max(0,X0-0.296) - 0.835*max(0,X1+0.153) + 0.818*max(0,X3-0.747) * max(0,-0.735-X2) - 0.808*max(0,-1.02-X1) - 0.750*max(0,0.281-X1) + 0.743*max(0,X2-0.165) * max(0,X0-1.25) - 0.722*X3 + 0.714*max(0,-0.661-X0) * max(0,-1.02-X3) + 0.630*max(0,X2-0.165) * max(0,X0-0.775) - 0.604*max(0,X1-1.15) + 0.509*max(0,-1.02-X3) + 0.503*max(0,X3-0.747) * max(0,X3-1.19) - 0.491*max(0,-1.14-X0) - 0.417*max(0,X2-0.615) - 0.401*max(0,-0.661-X0) + 0.367*max(0,X2-0.165) * max(0,X3-0.747) + 0.300*max(0,0.296-X0) * max(0,-0.661-X0) - 0.297*max(0,0.296-X0) * max(0,X3-0.747) + 0.272*max(0,-0.735-X2) * max(0,-1.02-X3) + 0.242*max(0,-0.285-X2) - 0.189*max(0,X2-0.165) * max(0,X3-1.19) + 0.175*max(0,X1-1.15) * max(0,X0-0.296) + 0.172*max(0,X2+0.285) + 0.168*max(0,0.296-X0) * max(0,X3-1.19) - 0.114*max(0,0.296-X0) * max(0,X2-0.165) - 0.0900*max(0,X0+0.182) - 0.0709*max(0,X2-0.165) - 0.0589*max(0,-0.182-X0) - 0.0537*max(0,0.306-X3) + 0.0423*max(0,0.165-X2) + 0.0366*max(0,X3+0.575) + 0.0338*max(0,X2-0.165) * max(0,-0.661-X0) - 0.0102*max(0,0.296-X0)"
ffx,feynman_I_12_4,ok,0.937519,0.004619,1187,15.8,,"-0.664 + 11.0*max(0,-1.06-X2) * max(0,-1.09-X0) - 6.86*max(0,-0.624-X0) * max(0,-1.06-X2) - 5.07*max(0,X1-1.25) * max(0,-1.09-X0) + 4.67*max(0,X2-1.24) * max(0,-1.09-X0) - 4.60*max(0,-0.624-X0) * max(0,X2-1.24) - 4.49*max(0,-0.601-X2) * max(0,-1.09-X0) - 3.65*max(0,X1-1.25) * max(0,X0-0.770) + 3.43*max(0,-0.624-X0) * max(0,X1-1.25) + 3.20*max(0,X2-1.24) * max(0,X0-0.770) - 2.80*max(0,-1.09-X0) * max(0,X2-0.781) - 2.79*max(0,X2-1.24) * max(0,X0-0.305) + 2.56*max(0,-1.06-X2) * max(0,-0.0510-X1) + 2.49*max(0,-0.624-X0) * max(0,X2-0.781) + 2.33*max(0,-1.09-X0) * max(0,-0.484-X1) - 2.15*max(0,-1.09-X0) * max(0,-0.0510-X1) + 2.11*max(0,X1-1.25) * max(0,X0-0.305) - 2.09*max(0,X2-1.24) * max(0,X1-1.25) - 1.98*max(0,-1.06-X2) * max(0,X1-1.25) + 1.90*max(0,-0.624-X0) * max(0,-0.601-X2) + 1.51*max(0,-0.601-X2) * max(0,-0.484-X1) + 1.36*max(0,X1-1.25) * max(0,-0.601-X2) + 1.30*max(0,X2-0.781) * max(0,X0-0.305) + 1.19*max(0,X2-0.781) * max(0,-0.484-X1) - 1.15*max(0,X2-0.781) * max(0,X0-0.770) - 1.13*max(0,-1.06-X2) * max(0,-0.484-X1) + 1.06*max(0,X2-1.24) * max(0,X1+0.0510) - 1.06*max(0,X2-1.24) * max(0,X2-0.781) + 1.02*max(0,X1-1.25) * max(0,X2-0.781) + 0.984*max(0,-1.06-X2) * max(0,-0.601-X2) + 0.889*max(0,X2-1.24) + 0.838*max(0,-0.601-X2) * max(0,X0-0.305) + 0.815*max(0,-1.06-X2) * X2 - 0.758*max(0,X2-1.24) * max(0,-0.0510-X1) + 0.741*max(0,X2-1.24) * X2 - 0.689*max(0,X1+0.0510) * max(0,X2-0.781) - 0.669*X2 * max(0,X2-0.781) + 0.647*max(0,-0.0510-X1) + 0.628*max(0,-1.06-X2) * max(0,X1+0.0510) + 0.628*max(0,-1.09-X0) + 0.627*max(0,-1.06-X2) * max(0,X0-0.770) - 0.625*max(0,X2-1.24) * max(0,-0.484-X1) - 0.587*max(0,-0.601-X2) * max(0,-0.0510-X1) - 0.560*max(0,-1.06-X2) * max(0,X0-0.305) - 0.557*max(0,-0.484-X1) - 0.553*max(0,X1-1.25) * max(0,X1+0.0510) - 0.542*max(0,-0.624-X0) + 0.536*max(0,X1+0.0510) * max(0,-1.09-X0) - 0.527*max(0,X0-0.305) * max(0,-0.0510-X1) + 0.527*max(0,X0-0.770) * max(0,-0.0510-X1) + 0.516*max(0,X1+0.0510) * max(0,X0-0.770) - 0.515*max(0,-0.624-X0) * max(0,-1.09-X0) - 0.509*X2 * max(0,-0.484-X1) + 0.491*max(0,X0-0.305) * max(0,-0.484-X1) + 0.490*max(0,-0.159-X0) - 0.458*max(0,-0.624-X0) * max(0,X1+0.0510) - 0.455*max(0,X1+0.0510) * max(0,X0-0.305) + 0.382*max(0,-1.06-X2) - 0.368*X2 * max(0,X0-0.305) - 0.362*X2 * max(0,-0.601-X2) - 0.358*max(0,-0.601-X2) * max(0,X1+0.0510) + 0.325*max(0,-0.624-X0) * max(0,-0.0510-X1) + 0.296*max(0,-0.0510-X1) * max(0,-0.484-X1) - 0.292*abs(X0) + 0.281*X2 * max(0,X0-0.770) - 0.265*max(0,0.305-X0) * max(0,-0.484-X1) + 0.237*X1**2 + 0.224*max(0,X2-0.781) - 0.223*max(0,X0-0.770) * max(0,X0-0.305) + 0.223*X2**2 + 0.207*max(0,X0+0.159) - 0.180*abs(X1) - 0.174*max(0,0.305-X0) * max(0,-0.0510-X1) - 0.173*max(0,-0.601-X2) * max(0,X0-0.770) + 0.166*X2 * max(0,X1-1.25) - 0.165*max(0,X1-1.25) - 0.150*max(0,X1-0.382) + 0.137*X2 * max(0,X1+0.0510) + 0.133*max(0,X0+0.624) - 0.113*max(0,0.382-X1) + 0.109*X0**2 - 0.106*max(0,X1+0.484) - 0.0903*max(0,X0-0.770) + 0.0851*max(0,X0+1.09) - 0.0810*max(0,X2+0.140) - 0.0802*X2 + 0.0747*max(0,X1+0.0510) + 0.0715*max(0,0.320-X2) - 0.0657*max(0,-0.624-X0) * X2 + 0.0470*max(0,X0-1.23) + 0.0423*max(0,X0-0.305) - 0.0399*max(0,-0.624-X0) * max(0,-0.484-X1) - 0.0355*max(0,X0-0.770) * max(0,-0.484-X1) - 0.0331*max(0,X2-0.320) + 0.0323*max(0,0.770-X0) - 0.0274*X2 * max(0,-1.09-X0) + 0.0267*X1 + 0.0257*X2 * max(0,-0.0510-X1) + 0.0255*max(0,0.781-X2) - 0.0250*max(0,-0.140-X2) + 0.0227*max(0,0.305-X0) - 0.0207*max(0,-0.601-X2) - 0.0189*max(0,-0.918-X1) + 0.0130*max(0,1.24-X2) + 0.0120*max(0,X1-0.816) - 0.00653*max(0,0.816-X1) + 0.00466*max(0,X1+0.918) - 0.00152*abs(X2) - 0.000713*max(0,X2-0.781) * max(0,-0.0510-X1)"
ffx,feynman_I_12_5,ok,0.997596,0.224537,86,13.0,,"0.346 + 0.466*X1 + 0.432*X0 + 0.286*X0 * max(0,X1+0.0658) - 0.167*X0 * max(0,-0.0658-X1) - 0.159*max(0,1.35-X0) - 0.127*max(0,1.39-X1) + 0.0360*max(0,X1+1.03) + 0.0316*max(0,X0-0.428) * max(0,X1+0.0658) - 0.00811*max(0,0.892-X0) + 0.00149*max(0,X1+0.0658) + 0.000370*max(0,X1-0.418)"
ffx,feynman_I_13_12,ok,-21.695737,51.495093,91,34.39,,(-0.0674 + 0.206*X2 - 0.181*X3 - 0.0844*X3 - 0.0641*X3 * X0 + 0.0629*X2 * X0 + 0.0575*X1 * X2 - 0.0522*X1 * X3 + 0.0302*X3**2 - 0.0227*X2**2 + 0.0191*X4 + 0.0138*X3**2 + 0.00634*X1 + 0.00479*X0) / (1.0 - 0.201*X4 + 0.118*X2 - 0.113*X2**2 + 0.106*X3 - 0.0912*X1 - 0.0850*X0 + 0.0692*X3 - 0.0507*X3**2 - 0.0230*X3**2 - 0.0189*X1**2 + 0.00665*X3 * X0 - 0.000488*X1 * X3 + 5.71e-5*X4**2)
ffx,feynman_I_13_4,ok,0.996631,1.585473,68,11.12,,-0.195 + 0.563*X0 + 0.413*X2 + 0.402*X1 + 0.376*X3 + 0.140*X2 * X0 + 0.138*X1 * X0 + 0.122*X3 * X0 + 0.0569*X1**2 + 0.0567*X3**2 + 0.0524*abs(X3) * X0 + 0.0465*X2**2 + 0.0360*abs(X2) * X0 + 0.0289*abs(X2) + 0.0130*abs(X3) * X1 + 0.00914*abs(X3) + 0.00806*abs(X1)
ffx,feynman_I_14_3,ok,0.996645,1.081632,63,17.94,,(-0.000657 + 0.549*X0 + 0.506*X1 + 0.494*X2 - 0.130*X1**2 - 0.0713*X2**2 - 0.0601*X0**2 + 0.0440*X0 * X2 + 0.00571*X2 - 0.000914*X2**2) / (1.0 - 0.248*X1 - 0.150*X2 - 0.149*X0 + 0.0495*X1**2 + 0.0442*X0 * X2 + 0.00786*X2**2 + 0.00347*X0**2 - 0.00192*X2 + 0.000166*X2**2)
ffx,feynman_I_14_4,ok,0.997846,0.584454,168,8.66,,"-0.279 + 0.503*max(0,-1.02-X0) * max(0,-1.13-X1) - 0.480*max(0,-1.02-X0) * max(0,X1+0.669) + 0.378*X1 + 0.363*max(0,X0+0.564) * max(0,X1+0.669) + 0.242*max(0,X1-0.255) - 0.132*max(0,0.804-X0) + 0.127*max(0,X0-0.804) + 0.127*max(0,X1-1.18) + 0.125*max(0,X1+0.669) - 0.121*max(0,-1.02-X0) * max(0,X1-0.717) - 0.109*max(0,X0+0.564) * max(0,-0.669-X1) + 0.0992*max(0,X0+0.564) * max(0,X1-0.717) - 0.0891*max(0,-0.108-X0) + 0.0547*max(0,-0.669-X1) * max(0,-1.02-X0) + 0.0262*max(0,X0+0.564) + 0.0139*max(0,X0+0.564) * max(0,X1-1.18)"
ffx,feynman_I_15_10,ok,0.997953,0.086889,56,9.15,,-0.0138 + 0.810*X0 + 0.413*X1 + 0.168*X1 * X0 - 0.0567*X2 * abs(X2) + 0.0543*abs(X2) * X1 + 0.0412*abs(X2) * X0 + 0.0349*X2**2 - 0.0311*X2 * X1 - 0.0210*X2 * X0 + 0.0117*abs(X0) * X0 + 0.00327*abs(X0) * abs(X2) + 6.38e-5*X1**2
ffx,feynman_I_15_3t,ok,0.999149,0.037388,54,10.26,,0.00204 + 0.967*X3 + 0.0224*X1 * X0 - 0.0203*X1 * X3 - 0.0193*abs(X1) * X0 + 0.0190*abs(X1) * X3 - 0.0189*X0 + 0.0145*abs(X2) * X3 + 0.0131*X2 * X3 + 0.0129*X1 - 0.0105*X2 * X1 + 0.00802*X2 - 0.00656*abs(X2) * X0 - 0.00501*X2 * X0
ffx,feynman_I_15_3x,ok,0.99821,0.073571,142,23.07,,"-0.0740 + 0.859*X0 + 0.693*max(0,X1-1.23) * max(0,-0.959-X2) + 0.396*max(0,-0.140-X2) * max(0,-0.959-X2) + 0.235*max(0,X0-0.801) * max(0,-0.959-X2) - 0.215*X1 - 0.183*X3 + 0.178*X1 * max(0,-0.959-X2) + 0.0873*max(0,-0.959-X2) * X0 - 0.0385*X3 * X1 - 0.0359*max(0,X3+1.08) + 0.0298*max(0,1.23-X1) + 0.0267*max(0,0.269-X2) + 0.0248*max(0,-0.140-X2) * X0 + 0.0245*max(0,1.32-X3) - 0.0221*max(0,-0.590-X0) * X1 - 0.0207*max(0,0.801-X0)"
ffx,feynman_I_16_6,ok,0.997845,0.058339,73,15.28,,(0.138 + 1.02*X0 + 0.274*X1 * X0 + 0.225*X2 * X0 - 0.143*X1 * X2 - 0.103*X0**2 + 0.0179*X0 + 0.00426*X2**2 + 0.00279*X1**2 - 0.00266*X0**2) / (1.0 + 0.127*X1 + 0.0825*X2 + 0.0511*X0 + 0.0508*X1 * X2 - 0.0479*X2 * X0 - 0.0305*X1 * X0 + 0.0134*X0**2 + 0.00796*X1**2 + 0.00459*X0**2 + 0.00291*X2**2 + 0.00265*X0)
ffx,feynman_I_18_12,ok,0.972612,1.215818,79,16.68,,(0.328 - 0.858*X2 - 0.625*X2**2 + 0.0511*X1 - 0.0419*X0 * X1 - 0.0416*X1 * X2 - 0.0305*X0 * X2 - 0.0184*X2 + 0.0178*X0 + 0.0167*X1**2 - 0.00922*X0**2 - 0.00890*X2**2) / (1.0 - 0.507*X0 - 0.448*X1 + 0.238*X2 + 0.156*X2**2 - 0.117*X1 * X2 + 0.112*X0**2 + 0.0991*X2 + 0.0781*X0 * X1 + 0.0771*X1**2 - 0.0572*X0 * X2 + 0.0163*X2**2)
ffx,feynman_I_18_14,ok,0.973425,4.451404,95,18.2,,(0.0507 - 0.920*X3 - 0.209*X1 * X3 - 0.166*X2 * X3 - 0.157*X0 * X3 - 0.0497*X0 - 0.0490*X1 - 0.0438*X2 - 0.0289*X3**2 + 0.0207*X1**2 + 0.0149*X0**2 + 0.00419*X2**2 - 0.000402*X1 + 0.000174*X1**2) / (1.0 - 0.326*X2 - 0.326*X0 - 0.245*X1 + 0.193*X3**2 + 0.0737*X1**2 + 0.0619*X0**2 + 0.0509*X2**2 + 0.0506*X3 + 0.0426*X0 * X2 - 0.0172*X1 * X3 + 0.00619*X0 * X3 - 0.00192*X1 + 0.000578*X1**2)
ffx,feynman_I_18_4,ok,0.834311,0.36264,1275,22.67,,"-0.220 + 54.0*max(0,X1-1.27) * max(0,-1.15-X3) - 52.3*max(0,X1-1.27) * max(0,-0.681-X3) + 30.2*max(0,X1-1.27) * max(0,X2-1.28) - 28.4*max(0,-0.681-X3) * max(0,X2-1.28) + 26.7*max(0,-1.15-X3) * max(0,X2-1.28) + 18.5*max(0,X1-1.27) * max(0,-0.215-X3) + 11.0*max(0,-0.215-X3) * max(0,X2-1.28) - 10.2*max(0,X2-1.28) - 7.24*max(0,X1-0.811) * max(0,-1.01-X2) + 7.02*max(0,-0.562-X1) * max(0,-1.01-X2) + 6.89*X2 * max(0,X2-1.28) - 6.85*max(0,-0.105-X1) * max(0,-1.01-X2) - 6.04*max(0,-0.0942-X2) * max(0,X1-1.27) - 5.15*max(0,X1-0.811) * max(0,X2-1.28) + 5.05*max(0,X1-1.27) * max(0,-0.554-X2) - 4.51*max(0,X1-0.811) * max(0,-1.15-X3) - 3.47*max(0,-1.15-X3) * max(0,-0.554-X2) + 3.37*max(0,-1.15-X3) * max(0,-1.01-X2) + 3.00*max(0,-0.562-X1) * max(0,X2-1.28) - 2.84*max(0,-0.105-X1) * max(0,X2-1.28) + 2.63*max(0,X1-0.811) * max(0,-0.681-X3) + 2.59*max(0,X1-0.811) * max(0,-0.554-X2) + 2.35*max(0,-0.562-X1) * max(0,-0.215-X3) - 2.10*max(0,-1.02-X1) - 2.06*max(0,-0.0942-X2) * max(0,-0.562-X1) + 1.76*X3 * max(0,-1.01-X2) - 1.70*max(0,X1-1.27) * X2 + 1.65*max(0,-1.15-X3) + 1.59*max(0,-0.0942-X2) * max(0,-0.105-X1) - 1.55*max(0,-0.105-X1) + 1.53*max(0,-0.562-X1) * max(0,-0.105-X1) + 1.53*max(0,-0.215-X3) * max(0,-0.554-X2) - 1.46*X2 * max(0,-1.15-X3) - 1.45*max(0,-0.562-X1) * max(0,-1.15-X3) + 1.44*max(0,X0-0.768) * max(0,-1.01-X2) - 1.36*X2 * max(0,-1.01-X2) + 1.33*X2 * max(0,-0.681-X3) - 1.29*max(0,-0.681-X3) * max(0,-0.554-X2) - 1.28*max(0,X0-0.768) * max(0,-0.554-X2) - 1.24*max(0,-1.15-X3) * max(0,-0.681-X3) + 1.21*X3 * max(0,-0.562-X1) + 1.19*max(0,-0.174-X0) + 1.15*X3 * max(0,-1.15-X3) + 1.10*max(0,-0.0942-X2) * max(0,-0.681-X3) + 1.09*max(0,X0-0.297) + 1.07*max(0,-0.681-X3) * max(0,-1.01-X2) - 1.05*max(0,-0.105-X1) * max(0,-0.215-X3) + 1.02*max(0,-0.562-X1) * max(0,-0.554-X2) - 1.01*X3 * max(0,-0.105-X1) - 0.962*max(0,X3-0.716) + 0.934*max(0,X2-0.825) - 0.897*X3 * max(0,-0.554-X2) - 0.895*max(0,-0.554-X2) - 0.882*max(0,-0.215-X3) - 0.831*max(0,-0.215-X3) * max(0,-1.01-X2) + 0.819*X2 * max(0,-0.105-X1) - 0.815*max(0,-0.0942-X2) * max(0,-0.215-X3) - 0.804*max(0,-0.562-X1) + 0.763*max(0,X1-1.27) - 0.758*max(0,-0.215-X3) * max(0,-0.681-X3) - 0.756*max(0,X1-0.811) * max(0,-0.215-X3) - 0.752*max(0,-0.554-X2) * max(0,-1.01-X2) + 0.746*X2 - 0.729*max(0,X1-0.811) - 0.632*X2 * max(0,-0.562-X1) + 0.600*X3**2 - 0.573*abs(X0) - 0.571*max(0,X2-0.365) - 0.568*X2 * max(0,-0.215-X3) + 0.545*abs(X1) + 0.522*max(0,0.353-X1) - 0.506*max(0,X0-1.24) - 0.464*max(0,X0-0.768) + 0.460*max(0,-1.15-X3) * max(0,-0.215-X3) - 0.449*max(0,-0.645-X0) - 0.441*max(0,-1.12-X0) + 0.436*max(0,-0.0942-X2) * max(0,X1-0.811) - 0.429*X3 * max(0,-0.681-X3) + 0.414*max(0,X3+0.681) - 0.409*max(0,-0.681-X3) + 0.403*max(0,X1-1.27) * X3 - 0.379*X3 * max(0,X2-1.28) + 0.374*max(0,-0.105-X1) * max(0,-1.15-X3) - 0.358*max(0,X3-0.251) + 0.355*max(0,-1.01-X2) + 0.354*max(0,X2+0.0942) + 0.347*abs(X2) - 0.332*X3 * max(0,-0.215-X3) - 0.313*max(0,0.251-X3) - 0.312*X2**2 - 0.311*max(0,X2+1.01) + 0.305*max(0,-0.0942-X2) * X3 + 0.252*max(0,-0.0942-X2) * max(0,-0.554-X2) - 0.238*max(0,-0.105-X1) * max(0,-0.681-X3) - 0.233*max(0,X3-1.18) + 0.228*max(0,X1-0.811) * X2 + 0.211*X3 + 0.192*max(0,X1-0.811) * max(0,X1-1.27) + 0.190*max(0,X1-1.27) * max(0,-1.01-X2) - 0.172*max(0,-0.562-X1) * max(0,-0.681-X3) - 0.165*max(0,0.365-X2) + 0.154*abs(X3) - 0.138*max(0,X1+0.562) + 0.133*max(0,0.825-X2) - 0.123*X2 * max(0,-0.554-X2) - 0.103*max(0,X1+0.105) - 0.102*max(0,0.297-X0) + 0.0890*max(0,-0.0942-X2) * max(0,-1.01-X2) - 0.0733*max(0,-0.0942-X2) * X2 - 0.0667*max(0,X3+0.215) - 0.0533*max(0,-0.0942-X2) * max(0,-1.15-X3) + 0.0379*max(0,X1-0.353) - 0.0271*max(0,-0.0942-X2) - 0.0263*max(0,X1-0.811) * X3 - 0.0240*max(0,-0.105-X1) * max(0,-0.554-X2) - 0.0206*X3 * X2"
ffx,feynman_I_24_6,ok,0.987184,1.689687,104,24.05,,-0.219 + 0.642*X3 + 0.340*X2 + 0.320*X1 + 0.302*X0 + 0.206*X0 * X3 + 0.177*X2 * X3 + 0.162*X1 * X3 + 0.108*X2 * X0 + 0.107*X1 * X0 + 0.0807*abs(X3) + 0.0729*abs(X2) * X3 + 0.0608*abs(X3) * X0 - 0.0593*abs(X0) + 0.0565*abs(X2) * X0 + 0.0482*X0**2 + 0.0424*X2**2 + 0.0378*X1**2 + 0.0353*X3**2 + 0.0254*abs(X3) * X1 + 0.0226*abs(X2) + 0.0218*abs(X3) * X2 + 0.0173*abs(X1) + 0.00428*X1 * X2 + 0.00339*abs(X3) * X3
ffx,feynman_I_25_13,ok,0.9969,0.046484,94,6.61,,"-0.370 + 0.905*max(0,-0.194-X1) * max(0,-1.05-X1) + 0.495*X0 * max(0,-1.05-X1) + 0.424*X0 + 0.266*max(0,X0+1.04) * max(0,-0.194-X1) + 0.163*max(0,0.658-X1) - 0.145*X1 * max(0,-0.194-X1) - 0.121*max(0,X0+1.04) * X1 - 0.0851*X1 - 0.0327*max(0,-0.589-X0) + 0.0142*max(0,-0.194-X1) * X0"
ffx,feynman_I_26_2,ok,0.994671,0.039958,69,10.01,,(0.100 - 0.936*X1 - 0.398*X0 * X1 + 0.114*X1 * abs(X1) + 0.0924*X1 * abs(X0) + 0.0756*X0 - 0.0252*X1**2 - 0.0185*abs(X1) * abs(X1) + 0.0101*X0 - 0.00613*abs(X1) + 0.00488*abs(X1) * X1 - 0.000570*abs(X1)) / (1.0 - 0.259*abs(X1) + 0.207*X1**2 - 0.122*X0 - 0.0912*abs(X0) - 0.0353*X1 * abs(X1) + 0.0327*abs(X1) * abs(X1) - 0.0159*abs(X1) - 0.0146*abs(X1) * X1 - 0.00124*X0)
ffx,feynman_I_27_6,ok,0.99622,0.027581,338,24.24,,"0.0120 - 0.925*max(0,-0.515-X0) * max(0,-1.18-X2) - 0.588*max(0,X0-1.21) * max(0,-1.18-X2) + 0.559*X0 * max(0,-1.18-X2) - 0.536*max(0,-0.521-X1) * max(0,-1.18-X2) + 0.459*X1 + 0.398*max(0,-0.735-X2) - 0.372*max(0,-0.0873-X1) * max(0,-1.18-X2) - 0.330*X2 * max(0,-1.18-X2) - 0.324*X2 - 0.214*max(0,-0.515-X0) * max(0,-0.948-X0) - 0.157*X1 * max(0,-0.948-X0) + 0.152*max(0,0.164-X2) - 0.148*max(0,0.350-X0) - 0.138*max(0,X0-1.21) + 0.121*max(0,-0.286-X2) - 0.111*max(0,-0.521-X1) * max(0,-0.0828-X0) + 0.110*X0 * X1 + 0.108*X0 - 0.107*X0 * X2 + 0.0881*max(0,-0.521-X1) * X2 + 0.0789*max(0,X0-0.782) * X2 - 0.0732*max(0,-0.0873-X1) + 0.0719*X1 * max(0,-1.18-X2) - 0.0600*max(0,0.780-X1) - 0.0591*X1 * X2 - 0.0547*max(0,X0-1.21) * X1 - 0.0379*max(0,X0-1.21) * max(0,-0.955-X1) - 0.0366*max(0,0.347-X1) + 0.0360*max(0,0.613-X2) - 0.0287*max(0,-0.515-X0) * X1 - 0.0275*max(0,-0.521-X1) + 0.0209*max(0,-0.955-X1) * X2 - 0.0134*max(0,X2+1.18) - 0.0128*max(0,-0.955-X1) + 0.00521*max(0,X0+0.0828) + 0.00352*max(0,-0.515-X0) * X2"
ffx,feynman_I_29_16,ok,-1.00451,2.634519,1200,29.26,,"0.433 - 98.2*max(0,-1.14-X0) * max(0,X3-1.32) - 71.4*max(0,X1-1.23) * max(0,X0-1.12) - 51.1*max(0,-0.955-X3) * max(0,X0-1.12) + 39.7*max(0,X1-1.23) * max(0,X0-0.667) - 38.9*max(0,X3-1.32) * max(0,X0-1.12) - 34.1*max(0,X0-1.12) + 27.2*max(0,-0.692-X0) * max(0,X3-1.32) + 25.5*max(0,X1-1.23) + 23.6*max(0,X0-0.667) * max(0,X0-1.12) + 23.1*max(0,-0.500-X3) * max(0,X0-1.12) + 22.4*max(0,-0.955-X3) * max(0,X0-0.667) - 20.1*max(0,X1-0.309) * max(0,X1-1.23) + 15.0*max(0,X2-0.825) * max(0,X1-1.23) + 14.2*max(0,X3-1.32) * max(0,X0-0.667) + 13.8*max(0,-0.968-X2) * max(0,X0-1.12) + 12.9*max(0,X1-1.23) * max(0,-0.955-X3) + 11.4*max(0,-1.14-X0) * max(0,-0.968-X2) + 10.8*max(0,X2-0.825) * max(0,X0-1.12) + 10.5*max(0,-0.955-X3) * max(0,-0.968-X2) + 10.3*max(0,X0-0.214) * max(0,X0-0.667) - 10.1*max(0,-0.500-X3) * max(0,-0.968-X2) - 9.96*max(0,X1-1.23) * max(0,-1.14-X0) - 9.91*max(0,-0.500-X3) * max(0,X0-0.667) + 8.15*max(0,X3-0.410) * max(0,X0-1.12) - 7.84*max(0,-0.692-X0) * max(0,-0.968-X2) - 7.83*max(0,X0-0.214) * max(0,X1-1.23) - 7.66*max(0,-0.968-X2) * max(0,X3-1.32) + 6.31*max(0,X1-1.23) * max(0,-0.692-X0) - 6.27*max(0,X0-0.667) - 6.02*max(0,X2-0.825) * max(0,-1.14-X0) - 5.80*max(0,X3-0.410) * max(0,X1-1.23) - 5.33*max(0,X2-0.825) * max(0,-0.955-X3) - 5.21*max(0,X1-0.309) * max(0,X3-1.32) + 5.00*max(0,X3-1.32) + 5.00*max(0,-1.14-X0) - 4.99*max(0,X1-0.309) * max(0,X0-0.667) - 4.86*max(0,X2-0.825) * max(0,X3-0.410) + 4.73*max(0,X2-0.825) * max(0,X3-1.32) + 3.78*max(0,X1-1.23) * max(0,-0.968-X2) - 3.71*max(0,X3-0.410) * max(0,X3-1.32) - 3.56*max(0,X1-0.309) * max(0,-1.14-X0) + 3.54*max(0,-0.955-X3) + 3.53*max(0,X1-0.309) * max(0,-0.692-X0) - 3.50*max(0,X1-0.309) * max(0,-0.955-X3) - 3.46*max(0,-1.07-X1) - 3.32*max(0,-1.14-X0) * max(0,-0.692-X0) + 3.28*max(0,X0-0.214) * max(0,X1-0.309) - 2.87*max(0,X1-0.769) + 2.73*max(0,X3-0.865) - 2.69*max(0,-0.0717-X2) - 2.68*max(0,X0-0.214) * max(0,-0.955-X3) + 2.50*max(0,X0-0.214) * max(0,-0.500-X3) + 2.46*max(0,X3-0.410) - 2.42*max(0,X1-0.309) - 2.35*max(0,-1.14-X0) * max(0,-0.955-X3) - 2.34*max(0,X3-0.410) * max(0,X0-0.667) + 2.32*max(0,X2-0.825) * max(0,-0.500-X3) + 2.22*max(0,X2-0.825) * max(0,X0-0.667) - 2.06*max(0,X1-1.23) * max(0,-0.500-X3) - 2.03*max(0,X2-0.825) * max(0,X1-0.309) + 1.87*X1**2 + 1.75*max(0,X2-0.825) * max(0,-0.692-X0) - 1.72*max(0,-0.692-X0) * max(0,-0.955-X3) + 1.57*X2**2 - 1.51*max(0,X1-0.309) * max(0,X0-1.12) - 1.49*max(0,X3-0.410) * max(0,-0.968-X2) - 1.38*X3**2 + 1.33*max(0,X3-0.410) * max(0,X1-0.309) + 1.25*max(0,X0-0.214) * max(0,-0.968-X2) + 1.13*max(0,-0.0447-X3) - 1.12*max(0,0.309-X1) + 1.05*max(0,X3-0.410) * max(0,-1.14-X0) + 1.02*max(0,-0.500-X3) * max(0,-0.692-X0) + 0.963*max(0,X1-0.309) * max(0,-0.968-X2) - 0.928*max(0,X2-0.825) + 0.891*max(0,-0.520-X2) - 0.829*max(0,X0-0.214) * max(0,X3-1.32) + 0.822*max(0,-0.968-X2) - 0.810*max(0,-0.500-X3) * max(0,-1.14-X0) + 0.790*max(0,-0.500-X3) - 0.753*max(0,-0.150-X1) - 0.704*max(0,X2-0.377) + 0.684*max(0,X0-0.214) * max(0,X0-1.12) - 0.676*max(0,X2+0.0717) + 0.654*max(0,-0.692-X0) - 0.565*max(0,X1-1.23) * max(0,X3-1.32) - 0.564*X0**2 + 0.465*max(0,0.410-X3) - 0.399*max(0,-0.239-X0) + 0.370*max(0,X2-1.27) - 0.336*max(0,X1+0.150) - 0.325*max(0,X0+0.692) + 0.280*X1 - 0.269*max(0,-0.500-X3) * max(0,-0.955-X3) + 0.263*max(0,X0+0.239) - 0.262*max(0,X2+0.520) + 0.262*X3 + 0.244*max(0,X0-0.214) - 0.186*max(0,-0.610-X1) + 0.162*max(0,X1-0.309) * max(0,-0.500-X3) - 0.157*max(0,-0.968-X2) * max(0,X0-0.667) - 0.106*max(0,1.32-X3) - 0.0923*max(0,0.214-X0) - 0.0747*max(0,0.865-X3) - 0.0601*X0 + 0.0381*max(0,X3-0.410) * max(0,-0.692-X0) + 0.0321*max(0,X3+0.955) - 0.0104*max(0,0.667-X0) - 0.00690*X2"
ffx,feynman_I_29_4,ok,0.992728,0.092125,115,6.35,,"-0.655 + 2.85*max(0,0.0412-X1) * max(0,-0.907-X1) - 2.36*max(0,-0.907-X1) + 1.25*X0 * max(0,-0.907-X1) + 0.276*max(0,0.515-X1) * max(0,0.0412-X1) + 0.213*X0 + 0.202*max(0,0.989-X1) + 0.120*X0 * max(0,0.0412-X1) + 0.101*max(0,0.989-X1) * max(0,X0+1.07) + 0.0432*X0 * max(0,0.989-X1) + 0.0429*max(0,X0-0.719) - 0.0278*max(0,-0.175-X0)"
ffx,feynman_I_30_3,ok,-0.311499,3.076196,992,13.63,,"-2.07 + 61.8*max(0,X1-1.30) * max(0,X0-1.22) - 61.0*max(0,X0-1.22) * max(0,X2-0.885) + 59.6*max(0,X0-1.22) * max(0,X2-1.33) - 50.4*max(0,X0-0.767) * max(0,X1-1.30) + 38.9*max(0,X0+0.148) * max(0,X1-1.30) + 31.7*max(0,-0.148-X0) * max(0,X1-1.30) - 20.1*abs(X0) * max(0,X1-1.30) + 18.1*max(0,X0-0.767) * max(0,X2-0.885) - 17.8*max(0,X0-1.22) - 17.8*max(0,X0-0.309) * max(0,X2-1.33) - 16.9*max(0,X1-1.30) * max(0,X2-0.885) - 16.5*max(0,X1-1.30) * max(0,X2-1.33) - 13.5*max(0,X0-0.767) * max(0,X2-1.33) + 13.5*max(0,X0-0.767) * max(0,X0-1.22) + 13.5*max(0,X0-0.309) * max(0,X2-0.885) + 11.3*max(0,X0-0.767) - 10.2*max(0,0.436-X2) * max(0,X0-1.22) - 9.51*max(0,X2-1.33) - 8.36*max(0,-1.06-X0) * max(0,X2-1.33) + 7.41*max(0,X0+0.148) * max(0,X0-1.22) + 7.38*max(0,X0-1.22) * max(0,X2-0.436) + 7.14*max(0,X0-0.309) * max(0,X0-1.22) - 6.83*max(0,X0-0.309) * max(0,X0-0.767) - 6.77*max(0,X1-1.30) + 6.47*max(0,-1.06-X0) * max(0,X2-0.436) + 5.97*max(0,0.436-X2) * max(0,X0-0.767) - 5.55*max(0,0.436-X2) * max(0,X0-0.309) - 5.45*max(0,-1.06-X0) * max(0,X2-0.885) - 5.45*max(0,0.436-X2) * max(0,X1-1.30) - 5.24*max(0,X0-0.767) * abs(X0) + 5.17*max(0,X2-1.33) * max(0,X2-0.885) + 5.06*max(0,X0+0.148) * max(0,X2-1.33) + 4.50*abs(X2) * max(0,X1-1.30) + 4.09*abs(X0) * max(0,X0-1.22) - 3.76*max(0,X0+0.148) * max(0,X2-0.885) - 3.75*max(0,X0+0.148) * max(0,X0-0.767) + 3.57*max(0,-0.148-X0) * max(0,X2-1.33) - 3.46*max(0,X2-0.436) + 3.35*max(0,-0.910-X2) + 3.27*abs(X2) + 3.13*abs(X2) * max(0,X0-1.22) - 3.08*abs(X0) * max(0,X2-0.436) + 2.94*max(0,X1-0.807) - 2.94*max(0,-1.06-X0) + 2.86*max(0,-0.661-X1) - 2.82*abs(X2) * max(0,-0.148-X0) + 2.78*abs(X2) * abs(X0) - 2.68*abs(X0) - 2.66*max(0,-0.0125-X2) - 2.59*max(0,X0-0.309) * max(0,X2-0.436) - 2.49*abs(X2) * max(0,X0-0.767) + 2.47*max(0,-1.15-X1) + 2.34*max(0,X2-0.436) * max(0,X2-1.33) - 2.33*max(0,0.436-X2) * abs(X2) + 2.13*max(0,X1-1.30) * max(0,X2-0.436) + 1.96*max(0,X2-0.885) - 1.89*max(0,X0-0.767) * max(0,X2-0.436) + 1.80*max(0,0.436-X2) + 1.74*max(0,-0.148-X0) * max(0,X2-0.436) + 1.73*max(0,X0+0.148) * max(0,X0-0.309) + 1.73*abs(X2) * max(0,X2-0.885) - 1.49*X1**2 - 1.40*max(0,X0+0.148) * max(0,X2-0.436) + 1.38*max(0,-0.148-X0) + 1.36*X2 - 1.32*max(0,X2-0.436) * max(0,X2-0.885) - 1.32*abs(X2) * max(0,X0-0.309) + 1.32*max(0,X0+0.148) - 1.23*max(0,X0-0.309) - 1.23*max(0,-0.148-X0) * max(0,X2-0.885) - 1.15*max(0,0.436-X2) * max(0,-0.148-X0) + 1.04*max(0,0.436-X2) * abs(X0) + 1.03*max(0,0.885-X2) + 0.978*max(0,X0-0.309) * abs(X0) - 0.942*max(0,X2+0.0125) + 0.789*abs(X0) * max(0,X2-1.33) + 0.727*max(0,X0+0.148) * abs(X0) + 0.685*max(0,X0+0.148) * abs(X2) + 0.683*X0**2 + 0.663*max(0,0.436-X2) * max(0,X0+0.148) + 0.651*max(0,X0-0.309) * max(0,X1-1.30) + 0.640*abs(X1) - 0.634*max(0,-0.461-X2) - 0.622*abs(X2) * max(0,X2-0.436) + 0.579*max(0,0.767-X0) + 0.556*X2**2 - 0.399*abs(X2) * max(0,X2-1.33) + 0.397*max(0,-0.606-X0) + 0.381*max(0,X1-0.318) - 0.289*max(0,X0+0.606) - 0.271*max(0,1.22-X0) - 0.232*max(0,X2+0.461) + 0.201*max(0,X1+0.171) + 0.195*max(0,-0.148-X0) * abs(X0) - 0.189*max(0,X2+0.910) + 0.166*max(0,0.318-X1) + 0.130*max(0,-0.171-X1) - 0.0379*X1 - 0.0187*X0 + 0.0186*abs(X0) * max(0,X2-0.885) - 0.00205*max(0,0.309-X0)"
ffx,feynman_I_30_5,ok,0.986664,0.014461,377,10.47,,"-0.835 - 1.83*max(0,X0-1.17) * max(0,X2-1.30) + 1.60*max(0,-0.498-X1) * max(0,-0.951-X2) + 0.563*max(0,X0+1.09) * max(0,-0.951-X2) + 0.484*max(0,-0.500-X2) + 0.395*max(0,-0.498-X1) * max(0,X0-1.17) - 0.376*max(0,-0.498-X1) * max(0,X2-1.30) + 0.337*max(0,X1-0.406) * max(0,X2-1.30) + 0.286*max(0,-0.498-X1) * max(0,0.400-X2) + 0.274*max(0,X0-1.17) * max(0,-0.950-X1) + 0.235*max(0,0.850-X2) - 0.209*max(0,X2-0.850) + 0.168*max(0,X0+1.09) * max(0,0.400-X2) + 0.166*max(0,X0+1.09) * max(0,-0.498-X1) - 0.145*max(0,X0-1.17) * max(0,0.400-X2) - 0.119*max(0,X1-0.406) * max(0,0.400-X2) + 0.107*max(0,X0+1.09) + 0.107*max(0,0.400-X2) * max(0,-0.951-X2) - 0.103*max(0,-1.09-X0) + 0.0915*max(0,0.858-X1) - 0.0855*X1 - 0.0811*max(0,-0.498-X1) * max(0,-0.186-X0) - 0.0762*max(0,-1.09-X0) * max(0,0.400-X2) + 0.0540*max(0,-0.950-X1) * max(0,-0.951-X2) + 0.0331*max(0,X1-0.406) * max(0,-0.186-X0) - 0.0292*max(0,-0.639-X0) + 0.0281*max(0,-0.0461-X1) + 0.0212*max(0,1.31-X1) + 0.00976*max(0,0.400-X2) + 0.00935*max(0,X1-0.406) * max(0,-0.951-X2) - 0.00807*max(0,-0.950-X1) * max(0,X2-1.30) - 0.00457*max(0,X1-0.406) * max(0,X0+1.09)"
ffx,feynman_I_32_17,ok,-1.955007,7.161433,1732,28.64,,"-0.795 - 53.6*max(0,X2-1.41) * max(0,X4-1.24) - 23.6*max(0,X5-1.48) * max(0,X4-1.24) - 22.4*max(0,X5-1.48) * max(0,X3-1.30) + 17.5*max(0,X3-0.365) * max(0,X4-1.24) - 13.0*max(0,X4-1.24) * max(0,-0.959-X5) + 12.8*max(0,X3-1.30) * max(0,X4-1.24) - 11.3*max(0,X1-0.367) * max(0,X4-1.24) - 11.0*max(0,-0.475-X2) * max(0,-0.959-X5) + 10.9*max(0,X2-1.41) * max(0,-0.959-X5) + 10.4*max(0,X4-0.326) * max(0,X3-1.30) + 10.4*max(0,X1-1.34) * max(0,-0.959-X5) - 8.28*max(0,X1-0.367) * max(0,X5-1.48) + 7.75*max(0,X3-0.835) * max(0,X2-1.41) + 7.41*max(0,X1-1.34) + 7.31*max(0,X1-0.367) * max(0,X2-1.41) + 7.27*max(0,X4-1.24) * max(0,X1+0.119) + 7.24*max(0,X5-1.48) * max(0,X3-0.835) - 6.55*max(0,X3-0.835) * max(0,X4-1.24) - 6.32*max(0,X3-1.30) * max(0,X2-1.41) - 5.65*max(0,X5-1.48) * max(0,X1-1.34) + 5.52*max(0,X4-0.326) * max(0,X2-1.41) + 5.19*max(0,-0.574-X3) * max(0,X2-1.41) + 5.08*max(0,X4-0.326) * max(0,-0.959-X5) - 5.00*max(0,X4-0.326) * max(0,X3-0.835) - 4.97*max(0,X3-0.365) * max(0,X2-1.41) + 4.91*max(0,X5-1.48) * max(0,X1+0.119) - 4.78*max(0,-0.959-X5) + 4.68*max(0,X4-1.24) * max(0,X1-1.34) + 4.64*max(0,-0.00428-X2) * max(0,-0.959-X5) - 4.60*max(0,-0.574-X3) * max(0,X4-1.24) + 3.95*max(0,-0.604-X1) * max(0,X3-1.30) - 3.93*max(0,-0.475-X2) * max(0,X4-1.24) + 3.80*max(0,X3-0.835) * max(0,X1-1.34) - 3.50*max(0,X2-1.41) + 3.19*max(0,X1+0.119) * max(0,-0.959-X5) + 3.11*max(0,X3-0.365) * max(0,X1-1.34) + 3.01*max(0,X3-0.365) * max(0,-0.959-X5) + 2.93*abs(X4) * max(0,X2-1.41) + 2.83*max(0,-0.574-X3) * max(0,-0.959-X5) + 2.82*max(0,-0.604-X1) * max(0,X4-1.24) - 2.63*max(0,X1-0.367) * max(0,-0.959-X5) - 2.52*max(0,X3-1.30) * abs(X1) + 2.48*max(0,X3-1.30) * max(0,-0.959-X5) + 2.43*max(0,X1-0.367) * max(0,X3-1.30) - 2.34*max(0,X4-0.783) - 2.31*max(0,X3-0.365) * max(0,X1-0.367) - 2.23*max(0,-0.604-X1) * max(0,X5-1.48) - 2.08*max(0,X1-0.367) * max(0,X1-1.34) - 1.97*max(0,X1-0.367) * max(0,X3-0.835) + 1.96*max(0,-0.475-X2) * max(0,X3-0.835) - 1.87*X1 * max(0,X1-1.34) + 1.86*max(0,-1.04-X3) + 1.70*max(0,X3-1.30) * max(0,X3-0.835) - 1.68*max(0,-0.475-X2) * max(0,X1-1.34) + 1.49*max(0,X4-1.24) - 1.49*max(0,-0.475-X2) * max(0,X3-1.30) - 1.45*max(0,X1-0.852) + 1.40*max(0,X3-0.365) * max(0,X1+0.119) - 1.39*max(0,X1-1.34) * abs(X1) + 1.33*abs(X3) + 1.18*abs(X4) * max(0,X4-1.24) + 1.17*max(0,-0.604-X1) * max(0,-0.475-X2) - 1.17*max(0,-0.574-X3) * max(0,X1-1.34) - 1.13*max(0,X5-1.48) * max(0,X4-0.326) + 1.01*max(0,X3-0.365) * max(0,X4-0.326) + 0.982*abs(X4) * max(0,-0.959-X5) + 0.941*max(0,-0.604-X1) * max(0,-0.959-X5) - 0.921*X3**2 - 0.901*max(0,X3-0.365) * max(0,-0.475-X2) + 0.873*abs(X4) * max(0,X4-0.326) - 0.862*max(0,-0.453-X0) + 0.840*max(0,X4-0.326) * max(0,X4-1.24) - 0.830*max(0,X0-1.38) - 0.820*max(0,-0.604-X1) * max(0,X3-0.365) - 0.813*max(0,-0.105-X3) - 0.712*max(0,X4-0.326) * max(0,-0.119-X1) + 0.711*max(0,X5-1.48) - 0.705*max(0,-0.475-X2) * abs(X1) - 0.643*max(0,X2-0.938) - 0.640*max(0,X5-1.48) * max(0,-0.475-X2) + 0.637*abs(X4) * max(0,X3-1.30) - 0.581*max(0,X3+0.105) + 0.565*max(0,X1-0.367) + 0.539*max(0,-0.471-X5) + 0.537*max(0,-0.574-X3) * max(0,-0.119-X1) - 0.534*max(0,-0.604-X1) * abs(X4) + 0.528*max(0,-0.910-X0) + 0.506*max(0,X4-1.24) * abs(X1) - 0.491*abs(X4) * max(0,X5-1.48) + 0.483*max(0,-0.475-X2) - 0.474*max(0,-0.00428-X2) * max(0,-0.119-X1) - 0.467*max(0,X5-0.993) + 0.444*abs(X4) * max(0,X1-1.34) + 0.426*max(0,X4-0.326) * max(0,X1-1.34) - 0.423*max(0,-0.946-X2) + 0.405*max(0,X5-1.48) * abs(X1) + 0.372*max(0,X3-0.835) - 0.352*max(0,-0.604-X1) * max(0,-0.574-X3) + 0.352*max(0,-0.00428-X2) * abs(X1) + 0.330*max(0,X1-0.367) * X1 + 0.329*max(0,X3-0.365) + 0.326*abs(X0) + 0.318*max(0,-0.574-X3) - 0.283*max(0,X0-0.462) + 0.266*max(0,X3-0.365) * abs(X1) + 0.261*abs(X2) + 0.260*max(0,X4+0.132) - 0.251*max(0,-0.574-X3) * max(0,-0.475-X2) + 0.246*max(0,X0-0.919) + 0.245*max(0,X3-0.365) * max(0,-0.119-X1) - 0.228*abs(X4) * max(0,X1+0.119) + 0.226*X1 * max(0,-0.959-X5) + 0.208*max(0,-0.604-X1) * max(0,X2-1.41) + 0.195*max(0,-0.574-X3) * max(0,X4-0.326) + 0.189*max(0,0.367-X1) + 0.174*max(0,X4-1.24) * max(0,-0.119-X1) + 0.173*max(0,-0.574-X3) * max(0,X1+0.119) + 0.168*max(0,X3-0.365) * max(0,X3-1.30) + 0.165*max(0,-0.574-X3) * max(0,X5-1.48) + 0.161*max(0,-0.475-X2) * max(0,X1+0.119) + 0.161*max(0,X5-0.505) + 0.160*max(0,0.505-X5) + 0.152*max(0,-0.132-X4) - 0.145*max(0,0.467-X2) - 0.134*abs(X5) - 0.131*abs(X4) + 0.125*max(0,X3+0.574) + 0.124*max(0,-1.05-X4) + 0.123*abs(X4) * abs(X1) - 0.121*max(0,X3-0.365) * abs(X4) + 0.101*X5**2 - 0.0879*max(0,0.783-X4) + 0.0840*max(0,-0.475-X2) * max(0,X4-0.326) + 0.0791*max(0,X1-0.367) * max(0,X4-0.326) + 0.0774*max(0,X5-1.48) * max(0,-0.119-X1) + 0.0750*max(0,X2+0.00428) - 0.0728*max(0,X5-0.0166) - 0.0726*max(0,X0+0.453) - 0.0688*max(0,-1.09-X1) - 0.0643*max(0,X1-0.367) * max(0,-0.574-X3) + 0.0632*max(0,X2+0.475) + 0.0623*abs(X4) * max(0,-0.119-X1) - 0.0538*max(0,X1-0.367) * abs(X4) + 0.0476*max(0,X2-1.41) * max(0,X1+0.119) - 0.0411*abs(X4) * X1 + 0.0360*X1 * max(0,-0.119-X1) + 0.0360*max(0,X4-0.326) * max(0,X1+0.119) - 0.0358*max(0,X2-0.467) - 0.0272*abs(X4) * max(0,X3-0.835) - 0.0229*abs(X4) * max(0,-0.475-X2) - 0.0178*max(0,-0.119-X1) - 0.0164*abs(X4) * max(0,-0.574-X3) + 0.0152*max(0,X2-1.41) * abs(X1) + 0.00938*max(0,X2-1.41) * max(0,-0.119-X1) - 0.00909*X2**2 + 0.00712*max(0,X3-0.835) * max(0,-0.119-X1) - 0.00248*max(0,X4-0.326) + 0.00178*max(0,-0.475-X2) * X1 - 0.00127*X1 * max(0,X3-0.835) + 0.00123*max(0,X3-0.365) * max(0,X3-0.835) - 0.000407*max(0,0.326-X4) + 0.000303*X1 * max(0,X4-0.326) - 6.19e-5*max(0,X1+0.604)"
ffx,feynman_I_32_5,ok,-3.542333,0.569161,1510,20.12,,"-0.519 + 67.6*max(0,X0-1.24) * max(0,X1-1.38) - 45.8*max(0,X0-0.311) * max(0,X1-1.38) - 43.1*max(0,X0-1.24) * max(0,X2+0.0675) - 31.4*max(0,X0-1.24) * max(0,-0.0675-X2) + 28.7*max(0,X0-1.24) * abs(X2) - 28.5*max(0,-0.152-X0) * max(0,X1-1.38) + 27.4*abs(X0) * max(0,X1-1.38) + 26.0*max(0,X2-0.822) * max(0,X1-1.38) + 16.0*max(0,X1-1.38) * max(0,X2+0.0675) - 14.2*max(0,X2-0.377) * max(0,X1-1.38) - 12.4*max(0,X1-1.38) * abs(X2) + 12.4*max(0,X0-1.24) * X2 + 10.7*max(0,X0-1.24) + 8.55*max(0,X2-0.822) * max(0,X0-1.24) - 8.51*max(0,X0-0.311) * max(0,X0-1.24) + 7.64*max(0,-0.488-X1) * max(0,X0-1.24) - 7.03*X2 * max(0,X1-1.38) + 6.30*max(0,X0-0.311) * max(0,-0.512-X2) + 6.27*max(0,X0-0.311) * max(0,-0.938-X3) - 6.00*max(0,X2-0.377) * max(0,X0-1.24) + 5.91*max(0,-0.512-X2) * max(0,X1-1.38) - 5.76*max(0,-0.938-X3) * max(0,X2+0.0675) + 5.01*max(0,-0.152-X0) * max(0,X2+0.0675) - 4.72*max(0,X2-0.377) * max(0,-0.938-X3) + 4.09*max(0,-0.938-X3) * max(0,X1-1.38) + 3.91*max(0,X0-0.311) * abs(X2) + 3.87*max(0,-1.08-X0) + 3.41*max(0,-0.938-X3) * abs(X2) + 3.17*max(0,-0.152-X0) * max(0,-0.512-X2) - 3.10*max(0,X0-0.311) * max(0,X2+0.0675) + 2.91*max(0,X0-0.774) - 2.71*max(0,-0.488-X1) * max(0,-0.938-X3) + 2.67*max(0,-0.957-X2) - 2.51*max(0,-0.488-X1) * max(0,-0.512-X2) + 2.48*max(0,-0.615-X0) + 2.36*X2 * max(0,-0.938-X3) - 2.30*max(0,-0.152-X0) * abs(X2) + 2.19*max(0,0.822-X2) * max(0,X2+0.0675) - 2.14*abs(X0) * max(0,-0.512-X2) - 2.12*X0**2 - 2.07*max(0,X0-0.311) + 2.03*abs(X0) - 1.99*max(0,X0-0.311) * max(0,-0.0675-X2) + 1.91*max(0,-0.488-X1) * max(0,-0.0675-X2) - 1.80*max(0,X0-0.311) * max(0,X2-0.377) + 1.70*max(0,0.822-X2) * max(0,X0-1.24) + 1.65*max(0,X2-0.822) * max(0,X0-0.311) - 1.62*max(0,-0.512-X2) * max(0,X0-1.24) - 1.59*max(0,-0.152-X0) * X2 + 1.56*max(0,-0.488-X1) + 1.49*max(0,-0.152-X0) * max(0,-0.0675-X2) + 1.48*abs(X0) * max(0,X0-0.311) - 1.43*max(0,0.822-X2) * max(0,X2-0.377) + 1.43*abs(X0) * max(0,X0-1.24) + 1.34*max(0,X2-0.377) + 1.29*max(0,-0.488-X1) * max(0,X2+0.0675) + 1.29*max(0,-0.0675-X2) - 1.25*max(0,X1+0.0208) - 1.24*abs(X0) * max(0,-0.0675-X2) + 1.20*max(0,-0.938-X3) * max(0,-0.0675-X2) + 1.19*max(0,X1-0.446) - 1.18*X2**2 - 1.12*max(0,-0.488-X1) * abs(X2) + 1.08*max(0,X1-1.38) - 1.05*max(0,-0.0208-X1) - 1.00*max(0,0.311-X0) - 0.980*max(0,-0.488-X1) * max(0,X0-0.311) + 0.967*max(0,X0-1.24) * max(0,-0.938-X3) + 0.926*max(0,X0-0.311) * X2 - 0.923*abs(X0) * max(0,-0.152-X0) + 0.844*max(0,-0.512-X2) * max(0,-0.938-X3) - 0.797*max(0,0.822-X2) * max(0,X1-1.38) + 0.723*X0 + 0.714*max(0,-0.152-X0) - 0.689*max(0,X3-0.0128) + 0.672*max(0,-0.488-X1) * max(0,X2-0.377) + 0.664*max(0,0.822-X2) * max(0,-0.0675-X2) - 0.659*max(0,-0.954-X1) - 0.657*abs(X2) * max(0,-0.0675-X2) - 0.649*abs(X0) * max(0,-0.938-X3) + 0.645*max(0,1.24-X0) - 0.643*abs(X0) * max(0,X2+0.0675) - 0.635*max(0,0.822-X2) * max(0,-0.938-X3) + 0.594*max(0,0.822-X2) * max(0,-0.152-X0) - 0.593*max(0,-0.488-X1) * X2 + 0.558*max(0,X2-0.377) * abs(X2) + 0.531*max(0,0.822-X2) + 0.517*max(0,0.0128-X3) + 0.506*abs(X0) * max(0,X2-0.377) - 0.505*abs(X0) * abs(X2) + 0.499*max(0,X2-0.822) + 0.487*abs(X1) - 0.463*max(0,0.822-X2) * max(0,-0.512-X2) - 0.457*max(0,X1-1.38) * max(0,-0.0675-X2) - 0.444*max(0,X0+0.152) - 0.433*max(0,X1-0.913) - 0.417*max(0,X2-0.822) * max(0,X2-0.377) + 0.387*max(0,X2-1.27) - 0.385*max(0,0.488-X3) - 0.384*max(0,1.38-X1) + 0.375*X3**2 - 0.365*max(0,X2-0.822) * abs(X2) + 0.360*max(0,X2+0.957) - 0.358*max(0,X2-0.822) * max(0,-0.938-X3) - 0.347*max(0,X2-0.822) * X2 + 0.347*max(0,X2-0.377) * X2 - 0.264*max(0,1.27-X2) - 0.239*max(0,-0.512-X2) * max(0,-0.0675-X2) - 0.218*max(0,X2-0.822) * max(0,-0.152-X0) + 0.197*max(0,0.377-X2) - 0.193*max(0,-0.488-X1) * max(0,X2-0.822) + 0.158*max(0,-0.488-X1) * max(0,-0.152-X0) - 0.151*max(0,0.774-X0) - 0.145*abs(X2) + 0.143*max(0,-0.512-X2) * X2 - 0.142*max(0,1.44-X3) + 0.130*max(0,-0.463-X3) - 0.130*X2 * max(0,-0.0675-X2) + 0.123*abs(X0) * X2 - 0.112*max(0,0.822-X2) * X2 - 0.106*max(0,X1+0.488) + 0.102*max(0,X3+0.463) + 0.100*max(0,0.964-X3) + 0.0915*max(0,-0.512-X2) - 0.0903*abs(X3) + 0.0858*max(0,X2+0.0675) - 0.0794*max(0,X2-0.822) * abs(X0) - 0.0791*max(0,-0.152-X0) * max(0,X2-0.377) - 0.0784*max(0,X3-0.964) + 0.0697*X2 * max(0,X2+0.0675) - 0.0666*max(0,-0.152-X0) * max(0,-0.938-X3) - 0.0553*X3 - 0.0520*max(0,X3-0.488) + 0.0386*max(0,-0.512-X2) * abs(X2) + 0.0373*max(0,X2+0.0675) * abs(X2) - 0.0324*max(0,X3+0.938) + 0.0315*max(0,X0+1.08) - 0.0269*max(0,X2+0.512) + 0.0215*max(0,-0.938-X3) - 0.0210*X2 - 0.0183*max(0,-0.488-X1) * abs(X0) - 0.0133*max(0,X3-1.44) - 0.0107*max(0,0.446-X1) + 0.00897*X2 * abs(X2) + 0.00631*max(0,X2-0.377) * max(0,X2+0.0675) + 0.00210*max(0,0.822-X2) * abs(X2) - 0.000671*max(0,X2-0.822) * max(0,X2+0.0675)"
ffx,feynman_I_34_1,ok,0.969299,0.346732,963,12.17,,"-0.208 + 15.8*max(0,X2-1.17) * max(0,X1-1.15) - 12.0*max(0,X0-1.28) * max(0,X1-1.15) - 7.52*max(0,X2-0.729) * max(0,X1-1.15) - 3.67*max(0,-1.05-X2) * max(0,X1-1.15) + 3.21*max(0,X0-1.28) * max(0,-0.160-X2) - 3.10*max(0,-0.0991-X0) * max(0,X1-1.15) + 2.43*max(0,X2+0.160) * max(0,X1-1.15) - 2.26*max(0,-1.02-X0) * max(0,-1.19-X1) + 2.05*abs(X0) * max(0,X1-1.15) - 2.01*max(0,-1.02-X0) + 1.53*max(0,-1.02-X0) * max(0,X1-0.684) - 1.46*max(0,-1.02-X0) * max(0,X2+0.160) + 1.37*max(0,-1.02-X0) * abs(X0) + 1.36*max(0,-1.02-X0) * X2 + 1.35*max(0,X2-0.729) * max(0,X1-0.684) + 1.32*max(0,-1.05-X2) * max(0,-1.02-X0) - 0.978*max(0,X1-0.684) * max(0,X1-1.15) + 0.853*max(0,-0.0991-X0) * max(0,X1-0.684) + 0.848*max(0,-0.160-X2) * max(0,X1-1.15) + 0.830*max(0,-1.05-X2) * max(0,X1-0.684) + 0.794*X2 - 0.777*max(0,X0-1.28) - 0.738*max(0,X2-0.729) * max(0,X0-1.28) + 0.663*max(0,-1.05-X2) + 0.655*max(0,X0-1.28) * max(0,X2+0.160) + 0.651*max(0,X2-0.729) * max(0,-1.02-X0) + 0.497*max(0,X1-1.15) - 0.489*abs(X0) * max(0,X1-0.684) + 0.479*max(0,-1.02-X0) * max(0,-0.0991-X0) + 0.474*max(0,-1.19-X1) + 0.459*max(0,X1-0.216) + 0.399*max(0,X2+0.160) - 0.315*max(0,X0-0.818) + 0.312*max(0,X2-0.729) * X2 - 0.312*max(0,X0+0.0991) - 0.297*max(0,X2+0.160) * max(0,X1-0.684) - 0.291*X2 * max(0,X1-1.15) - 0.287*max(0,-0.160-X2) * max(0,X1-0.684) + 0.273*max(0,-0.160-X2) - 0.255*max(0,X2-1.17) + 0.248*max(0,-1.05-X2) * max(0,-1.19-X1) - 0.237*X2**2 + 0.230*X0**2 + 0.230*max(0,-1.19-X1) * abs(X0) - 0.226*max(0,X1-0.684) + 0.221*max(0,-1.05-X2) * X2 - 0.221*max(0,-0.604-X2) - 0.216*abs(X0) * max(0,-0.160-X2) - 0.205*max(0,-0.719-X1) + 0.196*max(0,X2-0.729) * abs(X0) + 0.187*max(0,-0.557-X0) - 0.175*max(0,X0-1.28) * max(0,X1-0.684) + 0.166*max(0,-1.02-X0) * max(0,X1-1.15) - 0.157*max(0,X2+0.160) * X2 + 0.155*max(0,-0.251-X1) + 0.151*max(0,-1.05-X2) * abs(X0) - 0.145*abs(X1) + 0.134*max(0,X2-0.729) * max(0,-1.19-X1) + 0.119*max(0,X2-0.729) - 0.119*max(0,-1.19-X1) * max(0,-0.0991-X0) + 0.118*max(0,-1.05-X2) * max(0,-0.0991-X0) + 0.116*max(0,-1.05-X2) * max(0,X0-1.28) - 0.114*X1**2 + 0.110*max(0,-1.19-X1) * max(0,-0.160-X2) + 0.108*max(0,X0-1.28) * abs(X0) + 0.103*max(0,X1+0.251) - 0.101*max(0,-0.160-X2) * X2 - 0.0996*max(0,X2+0.160) * abs(X0) + 0.0955*max(0,-0.0991-X0) * max(0,X2+0.160) + 0.0951*abs(X0) - 0.0867*max(0,X2-0.285) + 0.0864*max(0,-0.0991-X0) * X2 + 0.0729*abs(X2) + 0.0699*max(0,0.216-X1) + 0.0665*X2 * max(0,X1-0.684) - 0.0645*max(0,-1.19-X1) * X2 - 0.0635*max(0,X0-0.359) + 0.0630*max(0,X0-1.28) * X2 - 0.0542*max(0,-1.05-X2) * max(0,-0.160-X2) - 0.0490*abs(X0) * X2 - 0.0377*max(0,0.285-X2) - 0.0315*max(0,-0.0991-X0) + 0.0279*max(0,1.17-X2) + 0.0277*X1 + 0.0224*max(0,-1.19-X1) * max(0,X2+0.160) + 0.0168*max(0,-0.0991-X0) * max(0,-0.160-X2) - 0.0119*max(0,0.818-X0) - 0.0112*max(0,X0+1.02) - 0.0104*max(0,0.684-X1) + 0.00975*max(0,-0.0991-X0) * abs(X0) + 0.00903*max(0,X2-0.729) * max(0,-0.0991-X0) - 0.00135*max(0,-1.02-X0) * max(0,-0.160-X2) + 0.000720*max(0,X2-0.729) * max(0,X2+0.160)"
ffx,feynman_I_34_14,ok,0.996728,0.083801,340,10.93,,"0.0392 + 0.745*X2 + 0.419*max(0,X1-0.822) * max(0,-1.11-X0) - 0.320*max(0,0.886-X2) * max(0,X2-0.411) + 0.317*max(0,-0.611-X0) * max(0,-1.11-X0) + 0.273*max(0,-0.611-X0) * max(0,X1-0.822) + 0.245*max(0,-0.611-X0) * X2 + 0.245*max(0,-0.611-X0) - 0.219*max(0,-0.611-X0) * max(0,0.376-X1) + 0.178*max(0,-1.01-X2) * max(0,-1.11-X0) - 0.163*max(0,1.36-X2) + 0.134*max(0,X1-0.822) - 0.133*max(0,0.376-X1) + 0.118*max(0,0.376-X1) * max(0,-1.01-X2) + 0.103*max(0,1.37-X0) + 0.101*max(0,X2+1.01) * max(0,X1-0.822) + 0.0991*max(0,0.382-X0) - 0.0876*max(0,-1.01-X2) * max(0,X1-0.822) + 0.0872*max(0,X2-0.411) * max(0,-1.11-X0) - 0.0810*max(0,X1-1.27) - 0.0475*max(0,-0.0632-X2) + 0.0379*max(0,X2-0.411) + 0.0318*max(0,0.886-X2) * max(0,-1.11-X0) - 0.0290*max(0,0.376-X1) * X2 - 0.0212*max(0,-0.611-X0) * max(0,-1.01-X2) + 0.0194*max(0,X2+1.01) - 0.0149*max(0,0.886-X2) + 0.0124*max(0,0.886-X2) * max(0,0.376-X1) - 0.00826*max(0,X0-0.878) + 0.00691*max(0,-0.963-X1) - 0.00289*max(0,X2+1.01) * max(0,-0.0632-X2)"
ffx,feynman_I_34_27,ok,0.998898,0.030671,58,9.92,,"0.102 + 0.687*X1 + 0.432*X0 + 0.135*X0 * X1 + 0.0950*max(0,X1+0.421) * X0 - 0.0875*max(0,1.09-X0) + 0.0670*max(0,X1+0.421) * max(0,X0-0.101) - 0.0314*max(0,0.0513-X1) + 0.0119*max(0,X0-0.101) * X1"
ffx,feynman_I_34_8,ok,0.734048,4.242877,1429,19.51,,"-0.155 + 14.7*max(0,X3-1.27) * max(0,X1-1.26) - 10.4*max(0,X0+0.116) * max(0,X1-1.26) + 9.54*abs(X0) * max(0,X1-1.26) - 8.18*max(0,X0-0.760) * max(0,X1-1.26) + 7.30*max(0,X2+0.0281) * max(0,X1-1.26) - 5.99*max(0,-0.0281-X2) * max(0,-1.08-X3) - 5.19*max(0,X1-1.26) * max(0,-0.116-X0) - 4.05*X2 * max(0,X1-1.26) - 3.90*abs(X2) * max(0,X1-1.26) + 3.68*abs(X2) * max(0,-1.08-X3) - 3.59*max(0,X1-1.26) + 3.56*X0 * max(0,X1-1.26) - 3.28*max(0,-0.0547-X1) * max(0,-1.08-X3) + 2.95*max(0,X3-1.27) * abs(X0) - 2.95*max(0,X3-1.27) * max(0,-0.0281-X2) + 2.95*max(0,X3-1.27) * abs(X2) - 2.65*max(0,-1.08-X3) * max(0,-0.116-X0) + 2.63*max(0,-1.08-X3) * max(0,X1-1.26) + 2.61*abs(X1) * max(0,X1-1.26) - 2.42*max(0,-0.0547-X1) - 2.27*max(0,X2+0.0281) * max(0,X3-1.27) - 2.17*max(0,X3-1.27) * max(0,X0+0.116) - 2.04*max(0,X2+0.0281) * max(0,-1.08-X3) - 1.98*max(0,X3-1.27) * max(0,-0.116-X0) + 1.89*max(0,X3-1.27) * max(0,-0.0547-X1) - 1.72*max(0,X3-1.27) * abs(X1) + 1.63*max(0,-0.0547-X1) * max(0,-0.116-X0) - 1.49*max(0,X2+0.0281) * max(0,-0.0547-X1) + 1.44*max(0,-1.08-X3) + 1.43*max(0,X1-0.823) - 1.39*max(0,X0-0.760) * max(0,X1+0.0547) + 1.28*max(0,X0-0.760) - 1.28*max(0,X3-1.27) * max(0,X1+0.0547) - 1.20*max(0,-0.0547-X1) * abs(X0) - 1.18*max(0,X1+0.0547) * abs(X1) + 1.17*max(0,X0-0.760) * max(0,-0.0281-X2) + 1.17*max(0,X0+0.116) * max(0,-1.08-X3) - 1.11*max(0,X1+0.0547) * max(0,-0.116-X0) + 1.05*max(0,-0.0281-X2) * abs(X1) - 1.01*max(0,-0.932-X1) - 0.971*max(0,X0-0.760) * abs(X2) - 0.969*max(0,-0.0281-X2) + 0.950*max(0,X0-1.20) - 0.935*max(0,-0.0281-X2) * max(0,X1-1.26) + 0.900*X2 * max(0,-0.0547-X1) - 0.898*max(0,X0-0.760) * max(0,-0.0547-X1) + 0.876*max(0,X0-0.760) * max(0,-1.08-X3) + 0.843*max(0,X1+0.0547) * abs(X0) - 0.836*abs(X2) * max(0,X1+0.0547) - 0.829*X0 * max(0,-1.08-X3) - 0.804*abs(X1) * max(0,-0.116-X0) + 0.787*abs(X1) * max(0,-1.08-X3) + 0.780*max(0,X0+0.116) - 0.770*max(0,-0.993-X0) + 0.765*abs(X1) - 0.744*max(0,-0.0281-X2) * max(0,-0.0547-X1) + 0.727*abs(X1) * abs(X0) + 0.694*max(0,X2-0.400) - 0.620*X2 * max(0,-1.08-X3) - 0.591*max(0,-0.116-X0) - 0.581*abs(X0) - 0.575*max(0,X1+0.0547) * max(0,-1.08-X3) + 0.572*max(0,-1.08-X3) * abs(X0) + 0.569*X2 * max(0,X1+0.0547) + 0.529*abs(X1) * max(0,-0.0547-X1) - 0.518*X0 * max(0,X1+0.0547) - 0.517*max(0,-0.0281-X2) * abs(X0) - 0.507*max(0,X3-0.802) - 0.505*max(0,-0.884-X2) + 0.487*max(0,X2-1.26) + 0.485*max(0,X1+0.0547) - 0.476*max(0,X2-0.827) - 0.466*max(0,X0-0.760) * abs(X0) + 0.464*max(0,X0-0.760) * max(0,X0+0.116) + 0.453*max(0,X2+0.0281) * abs(X1) + 0.450*X2 * abs(X0) - 0.435*max(0,X0+0.116) * max(0,X1+0.0547) + 0.393*max(0,0.760-X0) + 0.385*abs(X2) * max(0,X0+0.116) + 0.375*max(0,X0+0.116) * abs(X1) - 0.375*max(0,X2+0.0281) * max(0,-0.116-X0) - 0.374*X2 * abs(X1) - 0.372*X1 + 0.371*max(0,X3-1.27) * X0 + 0.352*abs(X2) * max(0,-0.0547-X1) - 0.335*max(0,-0.611-X3) - 0.289*max(0,X2+0.0281) * abs(X0) + 0.285*X0 * abs(X1) + 0.278*max(0,-0.456-X2) + 0.273*abs(X2) * abs(X0) - 0.273*max(0,X3-1.27) + 0.272*max(0,X1-0.384) - 0.266*X0 - 0.261*max(0,X1+0.932) + 0.248*max(0,X0+0.116) * max(0,-0.0547-X1) + 0.246*max(0,X2+0.0281) * max(0,X1+0.0547) - 0.235*X3 - 0.225*X2 * max(0,X0+0.116) - 0.222*max(0,X0-0.760) * abs(X1) - 0.218*X2**2 - 0.215*X2 * max(0,-0.0281-X2) + 0.198*X2 * X0 + 0.195*max(0,0.827-X2) + 0.185*max(0,-0.494-X1) + 0.182*max(0,X3+0.140) + 0.166*X3**2 + 0.165*max(0,0.400-X2) + 0.158*abs(X2) * max(0,-0.0281-X2) - 0.151*max(0,X1+0.0547) * max(0,X1-1.26) + 0.148*X1**2 + 0.142*abs(X2) * max(0,-0.116-X0) - 0.141*X2 * max(0,-0.116-X0) - 0.137*X0 * abs(X0) - 0.136*X0 * max(0,-0.0281-X2) - 0.136*X0 * max(0,-0.116-X0) - 0.134*X0 * max(0,-0.0547-X1) + 0.134*abs(X2) - 0.131*X2 * max(0,X3-1.27) - 0.118*max(0,1.26-X2) - 0.117*max(0,X2+0.0281) * max(0,X0+0.116) - 0.114*X2 * abs(X2) - 0.112*abs(X3) - 0.109*max(0,1.26-X1) + 0.109*max(0,X0+0.116) * max(0,-0.0281-X2) - 0.108*max(0,-0.554-X0) + 0.108*max(0,-0.140-X3) - 0.105*max(0,X1+0.0547) * max(0,-0.0281-X2) - 0.0996*abs(X2) * X0 + 0.0934*max(0,X0+0.554) + 0.0857*max(0,0.823-X1) - 0.0828*max(0,X2+0.884) - 0.0735*max(0,X0-0.322) + 0.0723*X2 - 0.0711*max(0,X3+0.611) - 0.0692*max(0,X0+0.993) + 0.0683*max(0,X2+0.0281) + 0.0514*max(0,X2+0.0281) * X2 + 0.0507*max(0,0.322-X0) + 0.0452*abs(X2) * abs(X1) + 0.0383*max(0,0.802-X3) + 0.0309*X0 * max(0,X0+0.116) + 0.0305*max(0,X2+0.0281) * abs(X2) + 0.0238*max(0,0.331-X3) + 0.0172*abs(X0) * max(0,-0.116-X0) - 0.0172*max(0,0.384-X1) - 0.0162*max(0,1.20-X0) + 0.0146*max(0,-0.0281-X2) * max(0,-0.116-X0) + 0.0132*max(0,X3-0.331) - 0.00710*max(0,X0+0.116) * abs(X0) - 0.00645*max(0,X2+0.456) + 0.00435*X0**2 + 0.00359*max(0,X2+0.0281) * X0 + 0.000843*max(0,X0-0.760) * X0"
ffx,feynman_I_37_4,ok,0.982407,0.37549,79,17.5,,(-0.997 + 1.03*X2**2 + 0.276*X0 + 0.267*X1 - 0.175*X0 * X1 - 0.0912*X2 - 0.0459*X1**2 - 0.0283*X0**2 + 0.0136*X0 * X2 + 0.0120*X1 + 0.00349*X1 * X2 - 3.61e-6*X1**2) / (1.0 - 0.329*X1 - 0.279*X0 + 0.116*X2**2 + 0.0642*X1**2 + 0.0412*X0**2 + 0.0349*X0 * X1 - 0.0117*X2 + 0.00135*X0 * X2 + 0.00106*X1 * X2 - 1.53e-5*X1)
ffx,feynman_I_38_12,ok,0.454846,1.470706,1585,28.66,,"-0.328 + 111*max(0,X3-1.24) * max(0,X0-0.794) - 61.0*max(0,X3-1.24) * max(0,X0-0.345) + 41.5*max(0,X3-1.24) * max(0,X2-1.23) - 37.5*max(0,X3-1.24) * max(0,-0.940-X1) + 36.3*max(0,X1-1.37) * max(0,X3-1.24) - 26.4*max(0,X1-1.37) * max(0,X3-0.763) + 24.2*max(0,X1-1.37) * max(0,X2-1.23) + 18.6*max(0,X3-0.763) * max(0,-0.940-X1) - 17.8*max(0,X1-1.37) * max(0,X0-0.794) - 16.6*max(0,X1-1.37) * max(0,X2-0.753) - 14.4*max(0,-0.661-X3) * max(0,X2-1.23) + 14.0*max(0,X1-1.37) - 13.9*max(0,X3-0.763) * max(0,X0-0.794) + 12.9*max(0,X1-0.909) * max(0,X0-0.794) + 10.8*max(0,-0.478-X1) * max(0,X3-1.24) - 10.5*max(0,X1-0.909) * max(0,X1-1.37) + 8.92*max(0,X2-0.753) * max(0,-0.940-X1) - 8.09*max(0,X1-0.909) * max(0,X3-1.24) + 7.99*max(0,-0.186-X3) * max(0,X2-1.23) + 7.71*max(0,-0.661-X3) * max(0,-0.940-X1) + 7.02*max(0,X3-0.763) * max(0,X0-0.345) + 6.90*max(0,X1-1.37) * max(0,X0-0.345) + 6.83*max(0,X1-0.909) * max(0,X3-0.763) - 6.70*max(0,X2-0.753) * max(0,X3-1.24) - 6.50*max(0,X1-1.37) * max(0,-0.186-X3) + 6.44*max(0,-0.661-X3) * max(0,X2-0.753) - 5.79*max(0,X2-1.23) * max(0,-0.940-X1) - 5.64*abs(X0) * max(0,-0.940-X1) + 5.57*max(0,-0.940-X1) * max(0,X0-0.345) - 5.41*max(0,X1-0.909) * max(0,X0-0.345) - 4.97*max(0,X3-0.763) * max(0,X2-1.23) - 4.54*max(0,-0.478-X1) * max(0,X3-0.763) - 4.19*abs(X2) * max(0,-0.940-X1) - 3.88*max(0,-0.196-X2) * max(0,X0-0.794) + 3.82*max(0,X2-1.23) * max(0,X0-0.345) - 3.80*max(0,X1-0.909) * max(0,X2-0.753) - 3.51*max(0,-0.196-X2) * max(0,X3-1.24) - 3.43*max(0,X2-0.753) + 3.33*max(0,X3-0.763) * max(0,X2-0.753) + 3.31*max(0,-0.478-X1) * abs(X0) - 3.30*max(0,X2-0.753) * max(0,X0-0.794) + 3.24*max(0,X1-0.909) * abs(X2) + 3.07*max(0,-0.478-X1) * max(0,-0.940-X1) - 3.03*max(0,-0.186-X3) * max(0,X2-0.753) + 3.02*max(0,X3-1.24) - 3.00*max(0,-0.478-X1) * max(0,-0.661-X3) - 2.97*abs(X0) * max(0,X2-1.23) - 2.85*max(0,-0.478-X1) * max(0,X0-0.345) - 2.76*max(0,X1-0.909) * max(0,-0.196-X2) + 2.71*abs(X3) + 2.67*abs(X0) * max(0,X2-0.753) - 2.65*max(0,X1-0.909) - 2.56*max(0,-0.661-X3) * max(0,X0-0.794) + 2.46*max(0,-0.196-X2) * max(0,X0-0.345) + 2.44*max(0,X1-0.909) * max(0,-0.186-X3) + 2.25*max(0,X2-1.23) * max(0,X0-0.794) - 2.10*max(0,-0.478-X1) + 2.03*max(0,-0.661-X3) * max(0,X0-0.345) - 1.97*max(0,-1.14-X3) + 1.93*max(0,-0.196-X2) * max(0,-0.940-X1) - 1.92*max(0,-0.661-X3) * max(0,X1-1.37) - 1.89*max(0,-0.478-X1) * max(0,-0.196-X2) + 1.81*max(0,-0.661-X3) * max(0,-0.186-X3) - 1.81*max(0,X3-0.289) - 1.80*max(0,-0.940-X1) * max(0,X0-0.794) + 1.66*max(0,-0.478-X1) * abs(X2) + 1.65*abs(X2) * max(0,X0-0.794) - 1.60*max(0,X3-0.763) * max(0,X3-1.24) + 1.39*max(0,X1-1.37) * abs(X0) + 1.39*abs(X2) * max(0,X3-1.24) + 1.35*max(0,X2-1.23) + 1.29*max(0,-0.940-X1) - 1.15*max(0,-0.478-X1) * max(0,X2-1.23) + 1.15*max(0,-0.196-X2) * max(0,X3-0.763) - 1.13*max(0,-0.478-X1) * max(0,X0-0.794) - 1.12*abs(X2) * max(0,X3-0.763) - 1.11*max(0,X3+0.186) + 1.11*max(0,-0.661-X3) * max(0,-0.196-X2) + 1.09*max(0,X3-0.763) - 1.08*max(0,X1-0.447) - 1.07*max(0,-0.186-X3) - 1.04*max(0,0.289-X3) - 1.04*max(0,-0.196-X2) + 0.993*X0**2 + 0.971*abs(X2) * max(0,X1-1.37) + 0.935*abs(X1) - 0.926*max(0,-0.661-X3) - 0.899*max(0,-1.00-X0) + 0.876*max(0,X2+0.196) - 0.875*abs(X2) * max(0,X0-0.345) - 0.869*max(0,-0.186-X3) * max(0,-0.940-X1) - 0.822*max(0,X2-0.753) * max(0,X0-0.345) - 0.792*max(0,X0+0.104) - 0.782*max(0,X1-0.909) * abs(X0) + 0.769*X2**2 - 0.732*max(0,-0.670-X2) - 0.719*max(0,X2-0.753) * max(0,X2-1.23) - 0.714*max(0,X1+0.0154) + 0.666*max(0,X1-0.909) * max(0,-0.661-X3) - 0.579*max(0,1.24-X3) - 0.555*abs(X2) * abs(X0) - 0.543*max(0,X1+0.478) - 0.540*max(0,-0.661-X3) * abs(X0) - 0.533*abs(X0) * max(0,X0-0.345) - 0.532*max(0,-0.554-X0) - 0.516*max(0,-0.661-X3) * abs(X2) + 0.509*max(0,X0-1.24) - 0.506*max(0,-0.104-X0) - 0.498*X3 + 0.465*max(0,X3+1.14) + 0.461*max(0,X1-0.909) * max(0,X2-1.23) - 0.421*X3**2 - 0.416*max(0,X1-1.37) * max(0,-0.196-X2) - 0.404*abs(X2) * max(0,-0.186-X3) + 0.396*X1 - 0.395*max(0,X3+0.661) + 0.395*max(0,-0.186-X3) * max(0,X0-0.345) + 0.386*abs(X2) * max(0,X2-0.753) + 0.280*X0 + 0.273*X1**2 + 0.262*max(0,1.23-X2) - 0.255*max(0,X2+1.14) - 0.190*abs(X2) * max(0,-0.196-X2) - 0.181*abs(X0) * max(0,X3-1.24) + 0.175*max(0,0.278-X2) + 0.171*max(0,0.909-X1) + 0.164*max(0,-0.478-X1) * max(0,-0.186-X3) + 0.163*max(0,-0.196-X2) * abs(X0) + 0.155*max(0,X1+0.940) - 0.153*max(0,-0.0154-X1) + 0.149*max(0,X3-0.763) * abs(X0) - 0.149*abs(X0) + 0.143*max(0,0.345-X0) + 0.143*X2 - 0.141*max(0,X0-0.794) * max(0,X0-0.345) + 0.141*max(0,-1.14-X2) - 0.129*abs(X2) * max(0,X2-1.23) - 0.126*max(0,X2-0.278) + 0.123*max(0,1.24-X0) + 0.113*max(0,-0.186-X3) * max(0,X0-0.794) + 0.0835*abs(X2) - 0.0785*max(0,X0+1.00) + 0.0767*abs(X0) * max(0,X0-0.794) - 0.0630*max(0,-0.186-X3) * abs(X0) - 0.0463*max(0,X0-0.794) - 0.0370*max(0,0.753-X2) + 0.0346*max(0,1.37-X1) + 0.0263*max(0,-0.196-X2) * max(0,-0.186-X3) - 0.0205*max(0,X0-0.345) + 0.0203*max(0,0.794-X0) + 0.0183*max(0,-0.478-X1) * max(0,X2-0.753) + 0.00584*max(0,X0+0.554)"
ffx,feynman_I_39_1,ok,0.998519,0.240121,12,9.34,,0.0250 + 0.694*X1 + 0.653*X0 + 0.242*X1 * X0
ffx,feynman_I_39_11,ok,0.995084,0.176859,63,13.28,,(-0.175 + 0.484*X2 + 0.430*X1 - 0.426*X0 - 0.102*X2**2 - 0.0747*X1**2 + 0.0567*X0**2 + 0.0408*X2 * X0 - 0.00290*X0 + 0.000377*X0**2) / (1.0 - 0.212*X2 + 0.210*X0 - 0.131*X1 - 0.0616*X2 * X0 - 0.0251*X0**2 + 0.00965*X1**2 + 0.00896*X2**2 + 0.00144*X0 - 0.000131*X0**2)
ffx,feynman_I_39_22,ok,0.077289,7.645428,1541,23.01,,"-0.00879 + 40.5*max(0,-1.09-X1) * max(0,-1.20-X2) - 16.4*max(0,X0-1.33) * max(0,-0.0904-X3) + 15.3*max(0,X0-1.33) * max(0,-0.566-X3) - 14.3*max(0,X2-1.18) * max(0,-0.0904-X3) - 14.1*max(0,-0.636-X1) * max(0,-1.20-X2) + 11.7*max(0,X0-1.33) * max(0,X3-1.34) + 11.4*max(0,-0.566-X3) * max(0,X2-1.18) + 10.7*max(0,X0-1.33) * max(0,-1.04-X3) - 7.25*max(0,-1.04-X3) * max(0,X2-1.18) - 7.18*max(0,-0.0904-X3) * max(0,-1.20-X2) - 7.06*max(0,-0.566-X3) * max(0,X0-0.847) - 6.74*max(0,X0-1.33) * max(0,-1.20-X2) + 5.69*max(0,-1.09-X1) * max(0,-1.04-X3) - 5.65*max(0,-0.636-X1) * max(0,-1.04-X3) + 5.51*max(0,X0-1.33) + 5.42*max(0,X0-0.847) * max(0,-1.20-X2) + 5.06*abs(X3) * max(0,X2-1.18) + 4.75*max(0,X2-1.18) - 4.11*max(0,-1.09-X1) * max(0,X2-1.18) + 4.06*abs(X3) * max(0,-1.20-X2) - 4.01*max(0,-1.09-X1) * max(0,-0.0904-X3) + 3.98*max(0,-1.20-X2) - 3.91*max(0,X0-1.33) * X3 + 3.88*max(0,X1-1.16) * max(0,-0.0904-X3) - 3.71*max(0,-1.09-X1) * max(0,-0.566-X3) + 3.63*max(0,-1.04-X3) * max(0,X0-0.847) - 3.39*max(0,X0-1.33) * max(0,X0-0.847) - 3.34*max(0,X2-1.18) * max(0,X1-1.16) - 3.19*X3 * max(0,X2-1.18) + 3.12*max(0,-0.566-X3) * max(0,-1.20-X2) - 3.07*abs(X3) * max(0,X1-1.16) - 2.88*max(0,X3-1.34) * max(0,X2-1.18) - 2.87*X2 * max(0,X2-1.18) - 2.84*max(0,X3-1.34) * max(0,X0-0.847) - 2.63*max(0,-0.0904-X3) - 2.56*max(0,X3+0.0904) * max(0,X2-1.18) + 2.51*max(0,-1.09-X1) * max(0,X3-1.34) + 2.50*max(0,-0.636-X1) * max(0,X2-1.18) + 2.49*max(0,-1.09-X1) * max(0,X0-0.847) - 2.19*max(0,X3-1.34) - 2.18*max(0,-1.04-X3) - 2.12*max(0,X3+0.0904) * max(0,-1.20-X2) + 2.11*max(0,-1.09-X1) * abs(X3) - 2.10*max(0,X3-1.34) * max(0,-1.20-X2) + 2.10*max(0,X0-0.847) * max(0,-0.0904-X3) + 2.06*max(0,X0-1.33) * abs(X3) + 1.97*max(0,X1-1.16) * max(0,-1.20-X2) + 1.96*max(0,X1-1.16) + 1.83*abs(X3) + 1.83*X3 * max(0,X1-1.16) - 1.75*max(0,X0-1.33) * max(0,-0.636-X1) + 1.66*X2 * max(0,-1.20-X2) + 1.62*max(0,X1-0.264) - 1.59*max(0,-0.636-X1) * max(0,X0-0.847) + 1.58*max(0,-0.566-X3) * max(0,-0.636-X1) + 1.54*max(0,X0-1.33) * max(0,X2-1.18) + 1.45*max(0,X2-1.18) * max(0,X0-0.847) + 1.39*max(0,X3+0.0904) * max(0,X1-1.16) - 1.36*max(0,-1.09-X1) * max(0,X3+0.0904) + 1.35*max(0,-1.04-X3) * max(0,-0.0904-X3) + 1.34*X3 * max(0,X3-1.34) - 1.33*max(0,X0-1.33) * max(0,X3+0.0904) + 1.33*max(0,-1.09-X1) - 1.25*max(0,-1.09-X1) * X3 + 1.22*max(0,-0.636-X1) + 1.17*max(0,X0-1.33) * max(0,X1-1.16) - 1.10*X1**2 - 1.09*max(0,X2-0.700) - 1.04*max(0,X0-0.361) - 1.02*max(0,-0.725-X2) - 0.936*max(0,-0.636-X1) * max(0,-0.0904-X3) - 0.864*max(0,X3+0.0904) - 0.807*max(0,-0.636-X1) * X3 + 0.800*abs(X3) * max(0,X0-0.847) + 0.791*X2 * max(0,-0.0904-X3) + 0.782*max(0,X1-1.16) * max(0,X0-0.847) + 0.771*max(0,-0.636-X1) * abs(X3) - 0.717*X2 * max(0,X1-1.16) + 0.692*max(0,X3-1.34) * max(0,X1-1.16) + 0.689*max(0,X0-0.847) + 0.666*X2**2 + 0.607*max(0,-0.566-X3) - 0.598*max(0,0.386-X3) + 0.534*max(0,X3-0.386) - 0.526*max(0,X2-0.225) + 0.483*X0 - 0.480*abs(X3) * X2 - 0.472*max(0,-0.566-X3) * max(0,-1.04-X3) - 0.429*max(0,-1.04-X3) * max(0,X1-1.16) + 0.424*max(0,-0.566-X3) * max(0,X1-1.16) + 0.417*max(0,X3+0.0904) * max(0,X3-1.34) + 0.417*max(0,X0+0.125) + 0.408*max(0,X1-0.713) - 0.391*max(0,X3+1.04) + 0.390*max(0,X3+0.0904) * X2 + 0.382*abs(X0) - 0.371*X3 - 0.356*max(0,X0+0.610) + 0.345*max(0,-0.610-X0) - 0.315*max(0,-0.566-X3) * X2 + 0.308*X2 * max(0,-1.04-X3) + 0.299*max(0,-0.186-X1) + 0.295*max(0,-0.566-X3) * max(0,-0.0904-X3) + 0.289*X2 * max(0,X3-1.34) - 0.288*X2 * max(0,X0-0.847) + 0.283*X3 * max(0,-1.20-X2) + 0.272*max(0,X3-0.862) - 0.271*max(0,-0.250-X2) - 0.268*X3**2 - 0.249*X2 + 0.247*max(0,X3+0.566) - 0.244*X0**2 + 0.217*max(0,-1.10-X0) + 0.180*abs(X1) + 0.171*max(0,X2+1.20) - 0.171*max(0,-0.125-X0) - 0.153*max(0,0.264-X1) + 0.143*max(0,-0.636-X1) * X2 - 0.131*max(0,-1.09-X1) * max(0,-0.636-X1) - 0.127*max(0,0.847-X0) - 0.119*abs(X3) * X3 + 0.103*max(0,1.18-X2) - 0.103*max(0,X3+0.0904) * X3 - 0.0938*X3 * max(0,-0.0904-X3) - 0.0919*max(0,-0.636-X1) * max(0,X3-1.34) + 0.0894*max(0,X3+0.0904) * max(0,X0-0.847) + 0.0856*max(0,0.225-X2) - 0.0829*max(0,-1.09-X1) * X2 - 0.0827*max(0,-0.566-X3) * X3 + 0.0747*max(0,1.34-X3) + 0.0586*max(0,X2+0.250) + 0.0528*max(0,X1+0.186) + 0.0519*abs(X3) * max(0,-1.04-X3) - 0.0481*abs(X3) * max(0,X3-1.34) - 0.0457*X3 * max(0,X0-0.847) - 0.0440*max(0,X1+1.09) - 0.0428*abs(X3) * max(0,-0.0904-X3) + 0.0400*X2 * X3 - 0.0396*max(0,X1+0.636) + 0.0360*max(0,X0-1.33) * X2 + 0.0242*max(0,0.361-X0) + 0.0227*max(0,0.713-X1) - 0.0170*abs(X2) - 0.0153*X3 * max(0,-1.04-X3) - 0.0142*X1 + 0.0117*max(0,1.16-X1) - 0.00870*max(0,X3+0.0904) * abs(X3) - 0.00746*max(0,-1.04-X3) * max(0,-1.20-X2) + 0.00665*max(0,X2+0.725) + 0.00605*max(0,X3+0.0904) * max(0,-0.636-X1) - 0.00490*max(0,0.862-X3) - 5.28e-5*max(0,0.700-X2)"
ffx,feynman_I_40_1,ok,-1.66267,0.953156,2039,31.85,,"0.0957 + 560*max(0,X2-1.23) * max(0,-1.07-X1) - 111*max(0,X1-1.22) * max(0,X5-1.20) + 41.5*max(0,-1.02-X2) * max(0,-1.07-X1) - 32.4*max(0,-0.622-X4) * max(0,X2-1.23) - 31.1*max(0,X2-1.23) * max(0,X0-1.19) + 26.9*max(0,-1.06-X3) * max(0,X1-1.22) - 26.3*max(0,-1.13-X0) * max(0,X2-1.23) + 22.0*max(0,X1-0.765) * max(0,X0-1.19) - 20.0*max(0,-1.13-X0) * max(0,X1-1.22) + 16.1*max(0,X5-0.308) * max(0,X1-1.22) + 16.0*max(0,-1.06-X3) * max(0,X0-1.19) - 14.4*max(0,-0.614-X1) * max(0,-1.02-X2) + 14.1*max(0,X0-1.19) * max(0,-1.07-X1) - 13.6*max(0,-1.02-X2) * max(0,X0-1.19) - 13.3*max(0,-1.06-X3) * max(0,X5-1.20) + 13.1*max(0,-1.13-X0) * max(0,X5-1.20) + 13.0*max(0,-0.571-X2) * max(0,X5-1.20) - 12.9*max(0,X5-0.752) * max(0,-1.07-X1) + 12.3*max(0,X5-0.752) * max(0,X2-1.23) + 11.4*max(0,X1-0.305) * max(0,X5-1.20) + 11.0*max(0,X1-1.22) * max(0,-1.02-X2) + 11.0*max(0,-1.06-X3) * max(0,X1-0.765) + 10.2*max(0,-0.614-X1) * max(0,X5-1.20) + 10.1*max(0,-1.13-X0) * max(0,-1.02-X2) - 9.67*max(0,X5-0.308) * max(0,-1.02-X2) - 9.66*max(0,-0.571-X2) * max(0,-1.07-X1) - 8.49*max(0,-1.06-X3) * max(0,-1.07-X1) - 8.11*max(0,-0.571-X2) * max(0,X5-0.752) - 8.05*max(0,-0.554-X3) * max(0,X0-1.19) + 8.05*max(0,-0.554-X3) * max(0,X5-0.752) + 7.54*max(0,-0.622-X4) * max(0,X5-0.752) - 7.32*max(0,X2-1.23) * max(0,X5-1.20) - 7.24*max(0,-0.614-X1) * max(0,X2-1.23) - 7.23*max(0,-1.06-X3) * max(0,X2-1.23) + 7.12*max(0,X5-1.20) * max(0,-1.02-X2) + 6.98*max(0,X5-0.308) * max(0,-1.07-X1) + 6.89*max(0,-0.571-X2) * max(0,X0-1.19) + 6.60*max(0,-0.622-X4) * max(0,-1.02-X2) - 6.29*max(0,-0.622-X4) * max(0,X5-1.20) + 6.12*max(0,X0-0.728) * max(0,-1.02-X2) - 5.94*max(0,X1-0.765) * max(0,X0-0.728) + 5.90*max(0,-0.622-X4) * max(0,X1-1.22) - 5.75*max(0,X1-1.22) * max(0,X2-1.23) - 5.71*max(0,-0.554-X3) * max(0,X1-0.765) - 5.23*max(0,-0.554-X3) * max(0,X5-0.308) + 5.15*max(0,X0-0.728) * max(0,X2-1.23) - 5.12*max(0,X1-0.305) * max(0,X5-0.308) + 5.12*max(0,-0.554-X3) * max(0,-1.07-X1) - 4.88*max(0,-0.622-X4) * max(0,-1.07-X1) + 4.38*max(0,-0.554-X3) * max(0,X2-1.23) - 4.27*max(0,-1.06-X3) * max(0,-1.02-X2) - 4.21*max(0,X5-0.308) * max(0,X5-0.752) - 4.21*max(0,-0.571-X2) * max(0,-1.13-X0) + 4.20*max(0,X5-0.308) * max(0,-0.571-X2) + 3.95*max(0,X1-0.765) * max(0,-1.13-X0) + 3.81*max(0,X5-0.752) + 3.52*max(0,-1.06-X3) * max(0,X0-0.728) + 3.51*max(0,-0.614-X1) * max(0,-1.07-X1) - 3.49*max(0,-0.622-X4) * max(0,X0-1.19) - 3.48*max(0,-1.07-X1) - 3.45*max(0,-0.571-X2) * max(0,X1-1.22) - 3.43*max(0,-0.554-X3) * max(0,X0-0.728) + 3.29*max(0,X1-1.22) * max(0,X0-0.728) + 3.21*max(0,X2-1.23) + 3.17*max(0,X5-0.308) * max(0,X1-0.765) + 3.13*max(0,-0.622-X4) * max(0,X1-0.765) - 3.00*max(0,X1-0.305) * max(0,-0.622-X4) + 2.83*max(0,-1.06-X3) * max(0,X5-0.752) + 2.75*max(0,X1-0.765) * max(0,X2-1.23) + 2.55*max(0,X1-0.305) * max(0,X0-0.728) - 2.54*max(0,X0-0.728) * max(0,-1.07-X1) + 2.50*max(0,-0.554-X3) * max(0,-1.02-X2) - 2.50*max(0,X5-0.752) * max(0,X5-1.20) - 2.38*max(0,-1.03-X5) - 2.35*max(0,X1-0.305) * max(0,-0.571-X2) - 2.24*max(0,X4-1.14) + 2.21*max(0,-0.622-X4) * max(0,-0.614-X1) + 2.16*max(0,-0.582-X5) + 2.06*max(0,X1-0.305) + 2.02*max(0,X1-0.305) * max(0,-1.13-X0) - 2.00*max(0,X1-0.765) * max(0,X5-1.20) - 1.98*max(0,X1-0.305) * max(0,X1-0.765) - 1.91*max(0,X2-0.780) - 1.80*max(0,X4-0.260) + 1.76*max(0,X1-0.765) * max(0,X1-1.22) + 1.76*max(0,X1-0.305) * max(0,-1.02-X2) + 1.73*max(0,-0.571-X2) * max(0,X1-0.765) - 1.64*max(0,-0.155-X1) + 1.58*max(0,X5-1.20) + 1.48*max(0,X0-0.728) * max(0,X0-1.19) + 1.47*max(0,X4-0.701) - 1.35*max(0,-0.614-X1) * max(0,X0-1.19) - 1.35*max(0,-0.622-X4) * max(0,X0-0.728) + 1.25*max(0,X5-0.308) * max(0,X0-1.19) + 1.23*max(0,-0.614-X1) - 1.19*max(0,X5-0.308) * max(0,-1.13-X0) - 1.18*max(0,-1.06-X4) + 1.14*max(0,X3-0.452) + 1.11*max(0,-0.554-X3) * max(0,X1-1.22) + 1.11*max(0,X1-0.765) * max(0,X5-0.752) - 1.10*max(0,X5-0.308) * max(0,X2-1.23) - 1.06*max(0,X1-0.305) * max(0,X2-1.23) - 1.03*max(0,X1-0.765) - 1.02*max(0,X5-1.20) * max(0,X0-1.19) + 1.01*max(0,-1.13-X0) - 0.903*max(0,X3-1.46) - 0.880*max(0,-1.13-X0) * max(0,-1.07-X1) + 0.839*max(0,-0.614-X1) * max(0,X0-0.728) + 0.826*max(0,X5-0.752) * max(0,-1.02-X2) + 0.825*max(0,-0.614-X1) * max(0,-0.571-X2) + 0.820*max(0,-0.614-X1) * max(0,-1.13-X0) - 0.789*max(0,-0.571-X2) + 0.777*max(0,X5-0.752) * max(0,X0-0.728) - 0.720*max(0,-0.137-X5) - 0.713*max(0,-0.622-X4) * max(0,-0.571-X2) - 0.645*max(0,X0-0.728) - 0.639*max(0,X0-1.19) - 0.618*max(0,-0.614-X1) * max(0,X5-0.308) + 0.615*X4**2 - 0.595*max(0,X0-0.728) * max(0,X5-1.20) - 0.595*max(0,X1+1.07) - 0.583*max(0,-1.02-X2) - 0.571*max(0,-0.622-X4) * max(0,X5-0.308) + 0.503*max(0,X5-0.308) - 0.443*max(0,X5-1.20) * max(0,-1.07-X1) - 0.432*max(0,-0.554-X3) * max(0,-1.13-X0) + 0.427*max(0,X5+0.582) + 0.418*max(0,X2-0.330) + 0.413*max(0,X0-0.263) + 0.408*max(0,X1-0.305) * max(0,-0.554-X3) - 0.386*max(0,-0.202-X0) - 0.384*max(0,-0.554-X3) * max(0,X5-1.20) - 0.367*max(0,-0.622-X4) + 0.365*max(0,-0.622-X4) * max(0,-1.13-X0) + 0.360*max(0,X1-0.305) * max(0,X5-0.752) + 0.338*max(0,0.305-X1) + 0.315*max(0,X3-0.955) - 0.304*X3**2 + 0.287*X2**2 - 0.246*max(0,-0.554-X3) * max(0,-0.571-X2) - 0.245*max(0,-0.554-X3) * max(0,-0.614-X1) - 0.242*max(0,-1.06-X3) * max(0,-1.13-X0) + 0.225*max(0,-0.622-X4) * max(0,-0.554-X3) + 0.223*X1**2 + 0.218*max(0,-0.554-X3) - 0.215*max(0,-0.571-X2) * max(0,X0-0.728) - 0.213*X2 + 0.208*max(0,-0.181-X4) - 0.207*max(0,X2+0.121) - 0.203*max(0,X5+0.137) - 0.201*max(0,X5-0.752) * max(0,X1-1.22) + 0.130*max(0,-0.0511-X3) + 0.0971*max(0,X5-0.752) * max(0,-1.13-X0) - 0.0917*max(0,0.260-X4) - 0.0907*max(0,-0.667-X0) - 0.0901*max(0,0.765-X1) + 0.0831*max(0,X4+0.622) - 0.0639*max(0,0.308-X5) + 0.0418*max(0,-1.06-X3) - 0.0406*max(0,1.14-X4) - 0.0363*X5**2 - 0.0340*max(0,-0.614-X1) * max(0,X5-0.752) + 0.0255*max(0,0.452-X3) - 0.0234*max(0,X1-0.305) * max(0,X0-1.19) + 0.0216*max(0,X1-1.22) + 0.0208*X3 + 0.0187*max(0,X4+0.181) + 0.00937*max(0,-0.571-X2) * max(0,-1.02-X2) - 0.00866*max(0,X5-0.308) * max(0,X5-1.20) + 0.00804*max(0,X2+1.02) - 0.00764*max(0,X5-0.308) * max(0,X0-0.728) - 0.00417*max(0,0.728-X0) - 0.00268*max(0,-0.121-X2)"
ffx,feynman_I_41_16,ok,0.268024,2.04517,1973,33.31,,"-1.09 - 17.4*max(0,-1.16-X1) * max(0,X2-1.08) + 16.9*max(0,X2-1.08) * max(0,X3-0.840) - 10.9*max(0,-1.16-X1) * max(0,-0.880-X3) - 9.62*max(0,X2-1.08) * max(0,X3-0.410) + 7.97*max(0,X0-1.25) * max(0,X3-0.840) + 7.75*max(0,X2-1.08) * max(0,-0.982-X4) + 6.47*max(0,-0.880-X3) * max(0,X0-0.298) - 6.28*max(0,X3-1.27) - 6.06*max(0,-0.880-X3) * max(0,X2-1.08) - 6.02*max(0,-1.16-X1) * max(0,-0.982-X4) + 5.81*max(0,-0.982-X4) * max(0,X3-0.410) + 5.68*max(0,-0.880-X3) * max(0,-0.679-X1) + 5.37*max(0,X0-1.25) * max(0,X1-0.276) + 5.34*max(0,X2-1.08) * abs(X0) - 5.24*max(0,X2-1.08) * max(0,-0.178-X0) - 4.49*max(0,-0.982-X4) * max(0,X3-0.840) - 4.42*max(0,X3-0.840) * max(0,X2-0.188) + 4.07*max(0,X0-1.25) * max(0,X2-1.08) + 4.06*max(0,X3-0.840) * max(0,X3-0.410) - 4.03*max(0,X0-1.25) - 3.91*max(0,-0.880-X3) * abs(X0) - 3.73*max(0,-0.880-X3) * max(0,-0.982-X4) - 3.48*max(0,-0.178-X0) * max(0,-0.257-X2) + 3.43*max(0,-1.16-X1) * max(0,-0.178-X0) + 3.42*max(0,X2-1.08) - 3.30*max(0,X3-0.840) * max(0,-0.257-X2) + 3.22*max(0,-1.16-X1) * max(0,X2-0.188) - 3.07*max(0,X2-1.08) * abs(X2) - 3.04*max(0,X3-0.840) - 2.72*max(0,X0-0.298) * max(0,X2-1.08) - 2.72*max(0,-0.178-X0) * max(0,X2-0.188) - 2.71*max(0,-1.16-X1) * max(0,X0-0.298) + 2.70*max(0,X0-1.25) * max(0,-0.982-X4) + 2.65*max(0,X2-1.08) * max(0,-0.679-X1) + 2.46*max(0,-0.880-X3) * abs(X2) - 2.39*max(0,X0-0.298) * max(0,X1-0.276) + 2.37*max(0,X3-0.840) * max(0,-0.178-X0) + 2.33*max(0,X2-0.188) * max(0,X3-0.410) - 2.29*max(0,-0.257-X2) + 2.22*max(0,-1.16-X1) * X0 + 2.16*max(0,-0.982-X4) * max(0,X1-0.276) - 2.11*max(0,-0.178-X0) * max(0,X3-0.410) + 2.02*max(0,X0-0.298) * max(0,X3-0.410) + 2.00*max(0,-0.178-X0) * abs(X2) + 2.00*X4**2 - 1.97*max(0,X4-1.11) - 1.95*max(0,-0.880-X3) * max(0,-0.257-X2) - 1.95*abs(X3) * max(0,-0.982-X4) - 1.91*max(0,-0.880-X3) * X0 - 1.77*max(0,X3-0.840) * abs(X0) - 1.76*max(0,X4-0.695) - 1.74*abs(X4) + 1.73*max(0,-0.257-X2) * max(0,X3-0.410) + 1.70*max(0,-0.880-X3) * max(0,-0.178-X0) + 1.60*abs(X3) * max(0,X3-0.840) + 1.59*max(0,-0.679-X1) * abs(X2) + 1.58*max(0,X0-1.25) * max(0,-0.679-X1) + 1.55*max(0,-0.679-X1) * max(0,-0.982-X4) + 1.55*X0 * max(0,-0.982-X4) + 1.54*max(0,-1.16-X1) * abs(X3) - 1.54*max(0,-0.679-X1) * max(0,X2-0.188) + 1.50*max(0,-0.880-X3) * max(0,X1-0.276) + 1.50*X0 * max(0,-0.178-X0) - 1.48*max(0,-0.201-X1) + 1.37*abs(X2) * abs(X0) - 1.32*max(0,-0.679-X1) * abs(X0) - 1.32*max(0,-1.16-X1) * max(0,X3-0.840) - 1.31*max(0,-1.16-X1) * max(0,X3-0.410) + 1.30*max(0,-0.178-X0) * abs(X0) - 1.28*max(0,X3-0.410) + 1.26*X0 * max(0,-0.257-X2) + 1.21*X0 * max(0,X2-0.188) - 1.19*max(0,-0.982-X4) - 1.19*X0 * abs(X2) - 1.18*max(0,-0.679-X1) * max(0,-0.257-X2) + 1.17*max(0,-0.880-X3) - 1.16*abs(X0) * max(0,X2-0.188) - 1.16*max(0,-0.450-X3) - 1.16*max(0,-0.880-X3) * abs(X3) - 1.13*max(0,-1.16-X1) * max(0,-0.679-X1) - 1.11*X0 * max(0,X2-1.08) + 1.11*abs(X3) * max(0,X2-1.08) + 1.10*max(0,X0-1.25) * abs(X2) + 1.09*max(0,X3-0.840) * max(0,X1-0.276) + 1.09*max(0,X0-0.298) * max(0,-0.679-X1) + 1.07*max(0,X0-1.25) * max(0,-0.257-X2) + 1.07*max(0,-1.16-X1) - 1.04*max(0,X0-0.774) + 0.979*abs(X3) - 0.968*abs(X3) * max(0,X1-0.276) + 0.945*max(0,-0.982-X4) * max(0,-0.257-X2) + 0.941*max(0,X4+0.144) - 0.933*X0 * max(0,X3-0.840) - 0.932*max(0,X0-0.298) * abs(X2) + 0.927*max(0,-1.16-X1) * abs(X0) + 0.924*max(0,-0.679-X1) + 0.913*max(0,X0-0.298) + 0.908*max(0,-0.703-X2) - 0.899*max(0,-1.15-X2) - 0.866*max(0,X0-0.298) * max(0,-0.257-X2) + 0.853*abs(X1) + 0.807*max(0,X0-0.298) * X0 + 0.731*max(0,X2-0.188) + 0.706*max(0,X1-0.276) * max(0,X2-0.188) - 0.686*X2 + 0.670*max(0,X1-0.754) - 0.651*max(0,-1.16-X1) * max(0,-0.257-X2) - 0.644*max(0,-1.16-X1) * abs(X2) + 0.635*max(0,X1-0.276) * abs(X0) - 0.621*X0 * max(0,-0.679-X1) - 0.586*X4 + 0.578*max(0,X2-0.634) - 0.570*max(0,X0-1.25) * max(0,X3-0.410) - 0.565*abs(X3) * max(0,X2-0.188) + 0.558*abs(X3) * max(0,-0.178-X0) - 0.541*max(0,X0-1.25) * max(0,X2-0.188) - 0.536*max(0,X1-0.276) * max(0,-0.178-X0) - 0.531*max(0,-0.679-X1) * max(0,-0.178-X0) - 0.529*max(0,X0-0.298) * max(0,X2-0.188) - 0.526*max(0,-0.880-X3) * max(0,X2-0.188) + 0.495*X0 * max(0,X1-0.276) - 0.479*max(0,X2-1.08) * max(0,X2-0.188) - 0.473*max(0,-0.563-X4) + 0.465*abs(X2) * max(0,-0.257-X2) - 0.438*max(0,X1+0.201) - 0.436*abs(X0) * max(0,-0.257-X2) + 0.408*max(0,-0.982-X4) * max(0,X2-0.188) - 0.401*max(0,0.754-X1) + 0.391*max(0,0.410-X3) - 0.384*max(0,X4-0.276) - 0.359*abs(X0) + 0.358*max(0,X0+0.178) + 0.355*max(0,0.298-X0) - 0.345*abs(X3) * max(0,X3-0.410) + 0.340*X3**2 - 0.337*abs(X2) * max(0,X2-0.188) - 0.326*max(0,-0.0204-X3) + 0.317*max(0,X0+1.13) - 0.311*abs(X3) * max(0,-0.679-X1) + 0.306*max(0,-0.982-X4) * max(0,-0.178-X0) + 0.296*max(0,X2+0.703) + 0.291*X2**2 - 0.283*abs(X3) * abs(X0) + 0.279*max(0,-1.13-X0) - 0.278*max(0,0.188-X2) - 0.271*max(0,-0.679-X1) * max(0,X3-0.410) - 0.271*max(0,X1-0.276) * abs(X2) - 0.270*X0 * max(0,X3-0.410) - 0.262*max(0,X2+1.15) + 0.257*X3 + 0.255*max(0,X1+0.679) + 0.251*max(0,0.840-X3) + 0.250*max(0,X1-0.276) * max(0,-0.257-X2) + 0.248*max(0,0.276-X1) - 0.237*X0**2 + 0.236*X0 - 0.230*max(0,X1-1.23) - 0.217*max(0,-0.982-X4) * abs(X0) - 0.216*max(0,X2+0.257) - 0.212*max(0,X0-0.298) * max(0,-0.982-X4) - 0.212*max(0,X2-1.08) * max(0,X1-0.276) - 0.205*max(0,1.27-X3) - 0.203*abs(X3) * abs(X2) + 0.184*abs(X2) + 0.176*abs(X0) * max(0,X3-0.410) - 0.166*max(0,0.634-X2) + 0.160*max(0,X0-1.25) * abs(X0) + 0.160*max(0,X3+0.880) - 0.160*X0 * abs(X0) - 0.158*X1**2 - 0.143*max(0,-0.679-X1) * max(0,X3-0.840) - 0.132*max(0,X1-0.276) - 0.129*max(0,-0.982-X4) * abs(X2) - 0.128*max(0,X3+0.450) - 0.116*abs(X2) * max(0,X3-0.410) - 0.106*X1 - 0.0999*max(0,0.276-X4) + 0.0982*max(0,X0-0.298) * abs(X0) + 0.0904*max(0,-0.654-X0) + 0.0880*abs(X3) * max(0,X0-0.298) - 0.0844*max(0,X4+0.563) + 0.0769*max(0,0.774-X0) + 0.0728*max(0,1.23-X1) - 0.0700*max(0,X4+0.982) - 0.0644*max(0,X0-0.298) * max(0,X3-0.840) - 0.0639*max(0,-0.178-X0) + 0.0637*max(0,X0+0.654) + 0.0558*abs(X3) * X0 - 0.0540*max(0,-0.144-X4) - 0.0502*max(0,X3-0.840) * abs(X2) + 0.0468*max(0,1.25-X0) + 0.0414*max(0,X1-0.276) * max(0,X3-0.410) + 0.0310*max(0,1.08-X2) + 0.0269*max(0,1.11-X4) + 0.00430*max(0,X3+0.0204) - 0.00310*abs(X3) * max(0,-0.257-X2)"
ffx,feynman_I_43_16,ok,0.553521,4.761999,1208,19.39,,"0.473 - 520*max(0,X2-1.30) * max(0,X0-1.30) + 139*max(0,X2-0.844) * max(0,X0-1.30) + 122*max(0,X2-1.30) * max(0,X0-0.851) - 39.0*max(0,-0.866-X3) * max(0,X0-1.30) - 32.6*max(0,X1-1.25) * max(0,X0-1.30) - 25.0*max(0,X2-0.844) * max(0,X0-0.851) + 23.3*max(0,X2-0.393) * max(0,X0-1.30) - 18.4*max(0,X2-1.30) * max(0,-0.933-X0) - 16.4*max(0,X0-0.405) * max(0,X2-0.844) + 15.5*max(0,X2-1.30) * max(0,X1-1.25) + 13.6*max(0,X3-0.958) * max(0,X0-1.30) + 13.1*max(0,X0-0.405) * max(0,X2-1.30) + 12.4*max(0,-0.866-X3) * max(0,X0-0.851) - 12.0*max(0,X3-0.958) * max(0,X0-0.851) - 12.0*max(0,X2-0.393) * max(0,X0-0.851) + 11.4*max(0,X2-1.30) * max(0,-0.487-X0) - 11.2*max(0,X1-0.807) * max(0,X1-1.25) + 8.58*max(0,X0-0.405) * max(0,X1-1.25) + 8.28*max(0,X1-1.25) * max(0,X0-0.851) + 7.41*max(0,X2-1.30) * max(0,X1-0.807) - 7.33*max(0,X1-0.363) * max(0,X2-1.30) + 6.96*max(0,X0-0.405) * max(0,X2-0.393) + 6.55*max(0,X2-1.30) * max(0,X2-0.844) + 6.10*max(0,X1-0.807) * max(0,X0-1.30) + 5.94*max(0,X1-0.363) * max(0,X0-0.851) - 5.67*max(0,X1-0.363) * max(0,X0-1.30) - 5.63*max(0,-0.866-X3) * max(0,X1-0.807) - 5.27*max(0,X2-1.30) - 4.93*max(0,X0-0.405) * max(0,X1-0.807) + 4.84*max(0,X1-1.25) + 4.63*max(0,-0.933-X0) * max(0,X2-0.844) + 4.45*max(0,X1-0.363) * max(0,-0.866-X3) - 4.44*max(0,X2-1.30) * max(0,X2-0.393) + 4.26*max(0,X0-0.405) * max(0,X3-0.958) - 4.20*max(0,X2-0.393) * max(0,X1-1.25) + 3.97*max(0,X1-1.25) * max(0,X2-0.844) + 3.94*max(0,-0.866-X3) * max(0,-0.933-X0) + 3.28*max(0,X1-0.363) * max(0,X1-1.25) - 2.90*max(0,-0.487-X0) * max(0,X2-0.844) - 2.81*max(0,-0.866-X3) * max(0,-0.487-X0) - 2.56*max(0,X1-0.807) * max(0,X0-0.851) - 2.45*max(0,X1-0.807) * max(0,X2-0.844) - 2.36*max(0,X1-0.807) * max(0,-0.933-X0) + 2.06*max(0,-0.487-X0) * max(0,X1-0.807) + 2.06*max(0,X0-0.405) * max(0,X0-1.30) + 1.97*max(0,X1-0.363) * max(0,X2-0.393) + 1.97*max(0,X3-0.958) * max(0,X1-1.25) + 1.95*max(0,-0.933-X0) - 1.95*max(0,X1-0.807) - 1.90*max(0,-0.487-X0) * max(0,X1-1.25) + 1.76*max(0,X2-0.393) * max(0,X2-0.844) + 1.68*max(0,-0.866-X3) * max(0,X2-0.393) + 1.60*max(0,X1-0.363) * max(0,X1-0.807) - 1.50*max(0,X2-0.393) - 1.45*max(0,-0.487-X0) * max(0,-0.933-X0) - 1.30*max(0,-0.866-X3) * max(0,X2-0.844) - 1.19*max(0,X1-0.363) * max(0,-0.487-X0) - 1.16*max(0,X2-1.30) * max(0,-0.866-X3) + 1.14*max(0,X1-0.363) * max(0,-0.933-X0) - 1.11*max(0,X3-0.958) * max(0,X1-0.807) + 1.10*max(0,X3-0.958) * max(0,X2-0.844) - 1.09*max(0,X3-0.958) * max(0,X2-0.393) + 1.02*max(0,X3-0.958) * max(0,-0.933-X0) - 0.940*max(0,X0-1.30) - 0.910*max(0,-0.509-X2) - 0.906*max(0,X3-0.502) - 0.862*max(0,-0.0580-X2) + 0.839*X2**2 - 0.794*max(0,-0.866-X3) - 0.769*max(0,X3-1.41) + 0.768*max(0,-0.866-X3) * max(0,X1-1.25) + 0.745*X3**2 - 0.734*max(0,X1-0.363) * max(0,X2-0.844) + 0.688*X2 + 0.684*max(0,X0-0.405) - 0.567*max(0,X0-0.851) * max(0,X0-1.30) - 0.546*max(0,X2+0.960) - 0.525*max(0,-0.410-X3) + 0.516*max(0,-0.487-X0) - 0.509*X0**2 + 0.487*max(0,-0.0409-X0) - 0.483*max(0,-0.487-X0) * max(0,X2-0.393) - 0.433*X3 - 0.410*max(0,0.0459-X3) + 0.393*max(0,-0.933-X0) * max(0,X1-1.25) + 0.331*max(0,X3-0.958) * max(0,-0.487-X0) - 0.325*max(0,X3-0.958) + 0.318*max(0,0.844-X2) + 0.307*max(0,-0.972-X1) - 0.307*max(0,0.363-X1) + 0.271*max(0,X1-0.363) + 0.268*X0 + 0.244*max(0,X0-0.851) - 0.225*max(0,X1-0.807) * max(0,X2-0.393) - 0.217*max(0,X0-0.405) * max(0,X0-0.851) - 0.201*max(0,X0-0.405) * max(0,-0.866-X3) - 0.192*max(0,0.393-X2) - 0.170*max(0,-0.527-X1) + 0.128*max(0,X2-0.844) - 0.119*max(0,X3+0.410) - 0.115*X1**2 - 0.114*max(0,0.405-X0) + 0.104*max(0,-0.0822-X1) + 0.0832*max(0,-0.960-X2) + 0.0691*max(0,X1+0.527) - 0.0652*max(0,0.851-X0) + 0.0541*max(0,X3-0.0459) + 0.0480*max(0,X1+0.0822) - 0.0383*X1 - 0.0376*max(0,X0+0.487) + 0.0361*max(0,-0.933-X0) * max(0,X2-0.393) + 0.0277*max(0,X3-0.958) * max(0,X2-1.30) + 0.00315*max(0,0.502-X3)"
ffx,feynman_I_43_31,ok,0.997859,0.967681,70,16.17,,(0.0364 + 0.593*X1 + 0.557*X0 + 0.545*X2 + 0.144*X1 * X2 + 0.131*X0 * X2 + 0.104*X0 * X1 - 0.0525*X1**2 + 0.0495*X2 - 0.0466*X0**2 - 0.0326*X2**2 - 0.00361*X2**2) / (1.0 - 0.0952*X0 - 0.0928*X1 - 0.0563*X2 + 0.0124*X1**2 - 0.00950*X0 * X1 + 0.00710*X0**2 + 0.000127*X0 * X2)
ffx,feynman_I_43_43,ok,0.752089,1.118594,1180,19.23,,"-0.872 + 38.7*max(0,-1.04-X0) * max(0,X3-1.23) - 33.7*max(0,-1.04-X0) * max(0,X1-1.33) - 26.1*max(0,-1.01-X2) * max(0,X3-1.23) - 16.7*max(0,-1.04-X0) * max(0,X3-0.741) + 13.9*max(0,X1-1.33) * max(0,-0.595-X0) - 11.4*max(0,-1.04-X0) * max(0,-1.01-X2) + 9.76*max(0,-0.535-X2) * max(0,X3-1.23) - 8.77*max(0,-1.04-X0) * max(0,X2-0.879) + 8.47*max(0,-1.01-X2) * max(0,X3-0.741) - 8.39*max(0,-1.04-X0) * max(0,-0.723-X3) + 6.45*max(0,X1-1.33) * max(0,X3-1.23) - 5.27*max(0,-0.595-X0) * max(0,X3-1.23) + 5.11*max(0,-1.01-X2) * max(0,-0.595-X0) + 3.83*max(0,-0.235-X3) * max(0,-1.04-X0) + 3.82*max(0,-1.01-X2) * max(0,0.0330-X1) - 3.65*max(0,-1.01-X2) * max(0,-0.400-X1) - 3.61*max(0,X3-1.23) + 3.56*max(0,-0.723-X3) * max(0,-0.595-X0) + 3.52*max(0,-0.595-X0) * max(0,X3-0.741) + 3.45*max(0,-1.01-X2) * max(0,X1-1.33) + 3.17*max(0,X3-0.741) * max(0,X3-1.23) - 2.99*max(0,X1-1.33) * max(0,X3-0.741) + 2.86*max(0,-0.535-X2) * max(0,-0.400-X1) - 2.57*max(0,-0.235-X3) * max(0,-0.595-X0) - 2.56*max(0,0.0330-X1) * max(0,-0.535-X2) + 2.48*max(0,-0.723-X3) * max(0,X1-1.33) + 2.48*max(0,-0.400-X1) * max(0,-0.595-X0) - 2.45*max(0,-1.01-X2) - 2.39*max(0,0.0330-X1) * max(0,-0.595-X0) - 2.31*max(0,-0.235-X3) * max(0,X1-1.33) + 2.01*max(0,X2-0.879) * max(0,X3-1.23) - 1.91*max(0,X2-0.879) * max(0,X3-0.741) + 1.78*max(0,-0.723-X3) * max(0,-1.01-X2) - 1.73*max(0,-0.535-X2) * max(0,X3-0.741) + 1.49*max(0,X0-0.299) * max(0,X3-1.23) + 1.13*max(0,-0.535-X2) * max(0,-0.595-X0) - 1.06*max(0,-0.723-X3) * max(0,-0.535-X2) + 1.03*max(0,-1.01-X2) * max(0,-0.535-X2) + 0.965*max(0,X1-0.899) + 0.943*max(0,-1.04-X0) * max(0,-0.400-X1) + 0.928*max(0,0.0330-X1) * max(0,X2-0.879) + 0.920*max(0,-0.400-X1) * max(0,X3-1.23) - 0.912*max(0,X2-1.35) + 0.877*max(0,X1-1.33) * max(0,X2-0.879) + 0.764*max(0,-0.595-X0) + 0.725*max(0,-0.833-X1) - 0.699*max(0,X2-0.879) * max(0,-0.400-X1) - 0.676*max(0,-0.723-X3) * max(0,-0.400-X1) + 0.623*max(0,-1.04-X0) + 0.615*max(0,0.0330-X1) - 0.573*max(0,X0-0.299) * max(0,X3-0.741) - 0.564*X1**2 - 0.556*max(0,0.0330-X1) * max(0,X3-0.741) - 0.544*max(0,X2-0.407) + 0.534*max(0,-0.535-X2) - 0.533*max(0,-0.400-X1) + 0.448*max(0,X3+0.235) - 0.447*max(0,X1-1.33) + 0.438*max(0,-1.21-X3) + 0.437*max(0,X1-0.0330) + 0.436*max(0,-0.723-X3) * max(0,X2-0.879) + 0.426*max(0,X2-0.879) * max(0,-0.595-X0) - 0.386*max(0,-0.235-X3) * max(0,X2-0.879) + 0.385*max(0,-0.235-X3) * max(0,0.0330-X1) + 0.382*max(0,X1-1.33) * max(0,-0.535-X2) - 0.382*max(0,-0.235-X3) * max(0,-0.723-X3) - 0.363*max(0,-0.235-X3) * max(0,-0.535-X2) + 0.350*max(0,-1.04-X0) * max(0,0.0330-X1) + 0.350*max(0,-0.723-X3) * max(0,0.0330-X1) + 0.342*max(0,X1+0.400) - 0.315*max(0,-1.04-X0) * max(0,-0.595-X0) + 0.312*max(0,X0-0.299) * max(0,-0.400-X1) - 0.310*max(0,-0.235-X3) * max(0,-0.400-X1) + 0.289*max(0,X2-0.879) + 0.253*max(0,X1-0.466) - 0.245*max(0,0.0330-X1) * max(0,X3-1.23) - 0.232*X0 + 0.225*max(0,-1.04-X0) * max(0,-0.535-X2) + 0.212*X2**2 - 0.206*max(0,X0-0.746) + 0.188*max(0,0.299-X0) + 0.183*max(0,-0.400-X1) * max(0,X3-0.741) + 0.171*max(0,-0.0641-X2) + 0.167*max(0,X0-0.299) + 0.166*max(0,X3-0.741) + 0.165*max(0,-0.235-X3) * max(0,-1.01-X2) - 0.161*max(0,X3-0.253) - 0.123*max(0,-0.235-X3) + 0.118*max(0,X0-1.19) - 0.107*X2 + 0.106*max(0,X0+0.148) + 0.0973*X3**2 - 0.0679*X0**2 + 0.0655*max(0,0.0330-X1) * max(0,-0.400-X1) - 0.0535*max(0,-0.148-X0) + 0.0445*max(0,0.407-X2) + 0.0145*X1 + 0.0111*X3 - 0.00783*max(0,X3+1.21) + 0.00758*max(0,-0.723-X3) + 0.00321*max(0,X2+0.0641)"
ffx,feynman_I_44_4,ok,-14.931551,81.721545,1401,38.36,,"0.0618 - 146*max(0,X3-1.22) * max(0,X0-1.35) + 114*max(0,X0-1.35) * max(0,X2-1.25) - 61.6*max(0,X0-1.35) * max(0,X1-1.26) - 60.1*max(0,X0-1.35) * max(0,X2-0.794) - 44.1*max(0,-1.03-X4) * max(0,X2-0.794) - 38.8*max(0,X1-1.26) * max(0,X2-1.25) - 35.7*max(0,-1.13-X1) * max(0,X0-1.35) - 32.4*max(0,-0.122-X2) * max(0,X1-1.26) - 26.7*max(0,X4-0.748) * max(0,X0-1.35) - 24.7*max(0,-1.13-X1) * max(0,X2-0.794) + 24.6*max(0,0.336-X2) * max(0,X1-1.26) + 24.4*max(0,-1.03-X4) * max(0,X2-1.25) - 22.9*max(0,-1.03-X4) * max(0,X1-1.26) + 21.5*max(0,-1.03-X4) * max(0,X2-0.336) - 19.2*max(0,-1.10-X3) * max(0,X0-1.35) + 18.5*max(0,-1.13-X1) * max(0,X2-1.25) + 17.7*max(0,X0-0.373) * max(0,X0-1.35) + 16.6*max(0,X2-1.25) + 15.7*max(0,-1.03-X4) * max(0,X0-1.35) + 14.8*max(0,X3-1.22) * max(0,X2-0.794) + 12.3*max(0,X1-1.26) * max(0,X2-0.794) + 12.2*max(0,-1.10-X3) * max(0,-1.03-X4) + 10.4*max(0,-1.13-X1) * max(0,X2-0.336) + 10.2*max(0,X0-0.373) * max(0,X2-1.25) - 9.17*max(0,X3-1.22) * max(0,X1-1.26) - 8.95*max(0,X2-0.794) * max(0,X2-1.25) + 8.22*max(0,X2-0.336) * max(0,X1-1.26) + 8.13*max(0,0.336-X2) * max(0,-1.03-X4) - 7.80*max(0,-1.13-X1) * max(0,-1.10-X3) - 7.55*max(0,X0-1.35) + 7.45*max(0,-1.10-X3) * max(0,X2-1.25) - 6.66*max(0,X3-1.22) * max(0,X2-1.25) - 6.63*max(0,-0.122-X2) * max(0,-1.03-X4) + 6.39*max(0,X4-0.303) * max(0,X0-1.35) - 5.63*max(0,X2-0.336) * max(0,X2-0.794) - 5.42*max(0,X3-1.22) * max(0,X2-0.336) + 5.37*max(0,X4-1.19) - 4.96*max(0,X4-0.303) * max(0,X4-0.748) - 4.82*max(0,X4-0.748) * max(0,X2-1.25) + 4.60*max(0,X0-1.35) * max(0,X2-0.336) - 4.16*max(0,-0.122-X2) * max(0,X0-1.35) + 3.96*max(0,X4-0.748) - 3.93*max(0,-1.10-X3) * max(0,X2-0.794) - 3.93*max(0,X0-0.373) * max(0,X2-0.794) - 3.85*max(0,X0-0.373) * max(0,X4-0.748) - 3.82*max(0,X0-0.373) * max(0,-1.03-X4) + 3.70*max(0,X0-0.373) * max(0,X1-1.26) + 3.68*max(0,X2-0.794) - 3.59*max(0,X1-1.26) + 3.45*max(0,X4-0.748) * max(0,X1-1.26) + 3.43*max(0,X0-0.373) * max(0,-1.10-X3) - 2.89*max(0,X4-0.303) * max(0,X2-1.25) + 2.85*max(0,X4-0.748) * max(0,-0.122-X2) + 2.80*max(0,X0-0.373) * max(0,X4-0.303) - 2.67*max(0,0.336-X2) * max(0,X0-1.35) - 2.53*max(0,X3-1.22) * max(0,-1.03-X4) - 2.49*max(0,-1.10-X3) * max(0,-0.122-X2) - 2.47*max(0,X3-1.22) * max(0,X4-0.748) - 1.90*max(0,-1.10-X3) * max(0,X4-0.303) - 1.82*max(0,-1.03-X4) + 1.79*max(0,X4-0.303) * max(0,X1-1.26) + 1.75*max(0,X4-0.748) * max(0,X2-0.794) + 1.68*max(0,-1.10-X3) * max(0,X4-0.748) + 1.63*max(0,X4-0.303) * max(0,X2-0.794) - 1.49*max(0,-1.13-X1) * max(0,-1.03-X4) + 1.41*max(0,X1-0.780) - 1.30*max(0,X3-1.22) * max(0,X4-0.303) - 1.17*max(0,-0.609-X0) + 1.14*max(0,-1.10-X3) * max(0,X2-0.336) - 1.02*max(0,0.336-X2) * max(0,X4-0.748) - 1.01*max(0,X2-0.336) * max(0,X2-1.25) + 1.01*max(0,X3-1.22) * max(0,-0.122-X2) + 1.00*max(0,X4-0.303) - 1.00*max(0,-1.13-X1) * max(0,X4-0.303) - 0.875*max(0,X4-0.303) * max(0,-0.122-X2) - 0.825*max(0,X0-0.373) + 0.795*max(0,-1.13-X1) * max(0,X4-0.748) - 0.785*X4**2 + 0.763*max(0,-0.118-X0) - 0.760*max(0,-1.13-X1) * max(0,-0.122-X2) + 0.752*max(0,X3-0.758) + 0.703*max(0,0.336-X2) * max(0,-1.10-X3) + 0.579*max(0,-0.651-X1) + 0.555*max(0,X4+0.141) + 0.513*max(0,X0+0.118) + 0.484*max(0,X2-0.336) - 0.483*max(0,X1-0.303) + 0.476*max(0,-0.169-X3) + 0.466*max(0,-1.10-X0) - 0.448*max(0,X3-1.22) - 0.426*max(0,X2+0.122) + 0.400*max(0,-0.586-X4) + 0.370*max(0,0.336-X2) + 0.322*max(0,X4-0.748) * max(0,X2-0.336) + 0.321*max(0,X0-0.373) * max(0,-0.122-X2) + 0.291*max(0,X0-0.863) + 0.284*max(0,-1.10-X3) * max(0,X1-1.26) - 0.274*max(0,X1+0.174) + 0.270*max(0,-0.141-X4) - 0.261*max(0,X4-0.303) * max(0,X2-0.336) - 0.250*max(0,0.794-X2) - 0.250*max(0,0.303-X1) + 0.242*max(0,-1.13-X1) * max(0,0.336-X2) - 0.234*max(0,-0.122-X2) + 0.218*max(0,-0.633-X3) - 0.213*max(0,X0-0.373) * max(0,0.336-X2) - 0.199*max(0,0.336-X2) * max(0,X4-0.303) - 0.193*X3 + 0.182*max(0,-1.10-X3) - 0.173*X3**2 - 0.163*max(0,X3+0.169) - 0.140*max(0,X3-0.294) + 0.133*max(0,X0-0.373) * max(0,X2-0.336) + 0.117*max(0,X3+0.633) - 0.0997*max(0,-1.13-X1) * max(0,X0-0.373) + 0.0987*max(0,-0.581-X2) - 0.0737*max(0,-1.04-X2) - 0.0601*max(0,-0.174-X1) + 0.0520*max(0,X4+0.586) + 0.0492*max(0,X2+0.581) - 0.0352*X4 - 0.0243*max(0,0.303-X4) + 0.0190*max(0,0.336-X2) * max(0,-0.122-X2) - 0.0176*max(0,-1.13-X1) + 0.0166*max(0,0.373-X0)"
ffx,feynman_I_47_23,ok,0.99532,0.04933,58,15.77,,-0.0782 + 0.476*X0 + 0.467*X1 - 0.406*X2 + 0.173*X2**2 - 0.136*abs(X2) * X2 - 0.108*X0 * X2 + 0.104*X0 * X1 - 0.0992*X1 * X2 + 0.0577*abs(X2) * X1 + 0.0576*abs(X2) * X0 - 0.0531*X0**2 - 0.0464*X1**2 + 0.0225*abs(X1) * X1
ffx,feynman_I_48_2,ok,0.997174,4.576798,83,9.0,,"-0.280 + 0.538*X0 + 0.458*X2 + 0.381*X0 * max(0,X2-1.31) + 0.325*max(0,X2+0.600) + 0.267*X0 * X2 + 0.229*max(0,X2-1.31) + 0.149*max(0,X2-0.358) + 0.0165*max(0,X2-0.836) - 0.0109*max(0,0.443-X0) - 0.00450*max(0,-0.121-X2) * max(0,-1.04-X1) + 0.00320*X0 * max(0,-1.08-X2)"
ffx,feynman_I_50_26,ok,0.524931,1.474447,1373,19.54,,"3.09 + 63.1*max(0,X1-0.661) * max(0,X2-1.25) - 39.7*max(0,X2-1.25) * max(0,X1-1.09) + 35.4*max(0,X2-0.327) * max(0,X1-1.09) - 28.5*max(0,X1-0.661) * max(0,X2-0.327) - 26.4*max(0,X2-1.25) * max(0,X2-0.787) - 23.4*max(0,X2-1.25) * max(0,X1-0.232) + 20.7*max(0,X2-1.25) * max(0,X2-0.327) + 19.4*max(0,X1-0.661) * max(0,X2-0.787) - 18.7*max(0,X1-0.232) * max(0,X1-1.09) + 17.4*max(0,X1-0.661) * max(0,X1-1.09) + 16.9*max(0,X1-1.09) + 16.5*max(0,X3-0.926) * max(0,X2-1.25) + 15.5*max(0,X1-0.661) + 14.5*max(0,-0.197-X1) * max(0,X2-0.787) - 13.3*abs(X1) * max(0,X2-0.787) - 13.2*max(0,-1.15-X0) * max(0,X1-0.661) - 13.0*max(0,X3-0.926) * max(0,X2-0.787) - 11.7*max(0,X1-1.09) * abs(X2) - 11.5*max(0,X2-0.327) * max(0,X2-0.787) + 10.5*max(0,X1-0.232) * max(0,-0.593-X2) + 10.0*max(0,-1.15-X0) * max(0,X1-1.09) + 9.69*max(0,X2-0.787) + 9.58*max(0,-1.15-X0) * max(0,-1.05-X2) + 9.08*max(0,X1-1.09) * max(0,-0.593-X2) + 9.08*max(0,X1-0.661) * max(0,-1.05-X2) + 8.64*max(0,X2+0.133) * max(0,X1-0.232) - 8.42*max(0,-1.15-X0) * max(0,-0.593-X2) + 8.24*max(0,X3-0.926) * max(0,X1-1.09) + 8.01*max(0,X2-0.327) * abs(X2) - 7.67*max(0,X1-0.661) * max(0,X1-0.232) - 7.50*max(0,X1-0.661) * max(0,-0.593-X2) + 7.43*max(0,X3-0.926) * max(0,X2-0.327) + 7.38*max(0,X3-0.926) * max(0,-0.133-X2) + 7.09*max(0,X1-0.661) * max(0,X3-0.926) - 6.95*max(0,X3-0.926) * abs(X2) + 6.77*max(0,X2-0.787) * max(0,X1-1.09) - 6.44*max(0,-1.05-X2) * max(0,X1-0.232) - 6.16*max(0,X2+0.133) * max(0,X1-1.09) + 6.07*max(0,X2-1.25) * abs(X2) + 5.62*max(0,-1.15-X0) * max(0,X1-0.232) + 4.90*max(0,-1.05-X2) * max(0,X1-1.09) - 4.74*max(0,-1.15-X0) * max(0,X2-1.25) - 4.49*max(0,0.232-X1) + 4.46*max(0,X3-0.926) * max(0,X2+0.133) - 4.40*max(0,X2-0.787) * abs(X2) + 4.38*max(0,X3-0.926) - 4.13*max(0,X2+0.133) * max(0,X2-1.25) + 4.04*max(0,-0.197-X1) * max(0,-0.593-X2) - 3.89*max(0,-0.593-X2) + 3.88*max(0,X3-0.482) - 3.86*max(0,X1-0.661) * abs(X2) - 3.78*max(0,X3-0.926) * max(0,X1-0.232) + 3.57*max(0,-0.133-X2) * max(0,-1.05-X2) - 3.48*max(0,-1.05-X2) * abs(X2) - 3.36*max(0,X2-0.327) - 3.09*max(0,X2-1.25) * abs(X1) - 2.99*max(0,X1-0.232) + 2.95*max(0,X2-1.25) - 2.78*X1 + 2.77*max(0,X2-0.327) * max(0,X1-0.232) - 2.75*max(0,-1.15-X0) * max(0,X2-0.327) + 2.74*max(0,-1.15-X0) * max(0,-0.133-X2) + 2.62*max(0,X1-0.232) * max(0,X2-0.787) + 2.61*max(0,X1-0.232) * abs(X2) + 2.47*abs(X1) + 2.46*max(0,0.0389-X3) + 2.32*max(0,-0.848-X3) + 2.17*max(0,-0.405-X3) + 2.16*max(0,-0.133-X2) - 2.15*max(0,X1-0.661) * max(0,X2+0.133) + 2.14*max(0,X2+0.133) * abs(X2) - 2.14*X3**2 + 2.05*max(0,X1-0.661) * max(0,-0.133-X2) - 1.90*max(0,-1.15-X0) * max(0,X3-0.926) - 1.88*max(0,X2-0.327) * abs(X1) - 1.85*max(0,X3-0.926) * max(0,-1.05-X2) + 1.80*max(0,-0.133-X2) * max(0,X1-1.09) - 1.79*max(0,X3-0.926) * abs(X1) - 1.75*max(0,-0.133-X2) * max(0,X1-0.232) + 1.73*max(0,-1.15-X0) * max(0,X2+0.133) + 1.70*max(0,X2+0.133) * abs(X1) - 1.67*abs(X1) * abs(X2) - 1.58*max(0,X2+0.133) * max(0,X2-0.327) - 1.57*abs(X1) * max(0,X1-0.232) + 1.52*max(0,X3-1.37) - 1.52*max(0,-0.133-X2) * abs(X1) + 1.50*max(0,X0-0.272) - 1.47*max(0,X2+0.133) - 1.43*max(0,X2+0.133) * max(0,X2-0.787) + 1.35*max(0,X1-0.661) * abs(X1) - 1.20*abs(X2) * max(0,-0.593-X2) + 1.20*max(0,-1.06-X1) - 1.13*abs(X2) - 1.12*abs(X0) + 1.01*max(0,-0.133-X2) * abs(X2) + 0.969*abs(X1) * max(0,-0.593-X2) + 0.931*max(0,-1.05-X2) + 0.914*max(0,-0.197-X1) * abs(X2) - 0.868*max(0,0.482-X3) - 0.861*max(0,0.926-X3) + 0.801*max(0,-0.626-X1) - 0.714*X1**2 - 0.652*max(0,-1.15-X0) * abs(X2) - 0.648*abs(X3) + 0.645*max(0,-0.200-X0) - 0.637*max(0,X0-1.22) + 0.615*X2 - 0.552*max(0,X2+0.593) + 0.533*max(0,-1.15-X0) * abs(X1) - 0.520*max(0,-1.05-X2) * abs(X1) + 0.512*X2**2 - 0.474*max(0,1.09-X1) - 0.446*max(0,X3-0.926) * max(0,-0.593-X2) + 0.426*max(0,0.787-X2) + 0.334*max(0,-1.15-X0) - 0.332*max(0,-1.15-X0) * max(0,X2-0.787) - 0.317*max(0,0.745-X0) - 0.315*max(0,-0.197-X1) - 0.270*max(0,X1+1.06) + 0.207*max(0,X0-0.745) + 0.207*max(0,0.272-X0) + 0.199*max(0,1.22-X0) - 0.181*max(0,X1+0.197) + 0.177*max(0,-0.673-X0) + 0.136*max(0,0.327-X2) - 0.119*max(0,1.25-X2) - 0.0832*X3 - 0.0789*max(0,0.661-X1) + 0.0430*max(0,-1.05-X2) * max(0,-0.593-X2) - 0.0420*max(0,-0.133-X2) * max(0,-0.593-X2) + 0.0372*abs(X1) * max(0,X1-1.09) - 0.0353*max(0,X0+0.673) + 0.0172*max(0,X0+1.15) + 0.0149*max(0,X0+0.200)"
ffx,feynman_I_6_2,ok,0.995583,0.002687,43,11.67,,(0.209 - 0.746*X1 + 0.163*X0 * X1 - 0.155*X0**2 + 0.0459*X0 * abs(X0) - 0.0417*abs(X0) - 0.0265*abs(X0)) / (1.0 + 0.271*X0 - 0.0638*X0 * X1 + 0.00796*X1 * abs(X0) + 0.00612*X1)
ffx,feynman_I_6_2a,ok,0.999092,0.002192,96,8.25,,"-0.804 + 0.218*max(0,0.774-X0) + 0.149*max(0,1.21-X0) + 0.148*max(0,0.774-X0) * max(0,0.335-X0) + 0.134*max(0,1.21-X0) * max(0,0.335-X0) - 0.127*X0 + 0.0515*max(0,1.21-X0) * max(0,-0.104-X0) + 0.0374*max(0,-0.104-X0) + 0.00950*max(0,0.774-X0) * max(0,-0.104-X0)"
ffx,feynman_I_6_2b,ok,0.167807,0.046447,970,19.91,,"-0.00346 + 411*max(0,X1-1.38) * max(0,X2-1.19) - 18.8*max(0,-1.03-X1) * max(0,-1.10-X2) + 18.7*max(0,X2-1.19) * max(0,-1.10-X0) + 13.3*max(0,X1-0.900) * max(0,-1.10-X0) - 11.3*max(0,X2-0.729) * max(0,X1-1.38) + 10.8*max(0,-1.03-X1) * max(0,-0.641-X2) - 10.0*max(0,X2-1.19) * max(0,X1-0.900) + 9.94*max(0,X1-0.900) * max(0,-1.10-X2) - 8.39*abs(X1) * max(0,-1.10-X2) - 7.54*max(0,X1-0.417) * max(0,-1.10-X0) - 6.69*max(0,-1.10-X0) * max(0,-1.10-X2) - 5.03*max(0,X2-0.729) * max(0,-1.10-X0) + 4.79*max(0,X2-1.19) * max(0,X1-0.417) + 4.54*abs(X1) * max(0,-0.641-X2) + 4.18*max(0,X1-0.417) * max(0,-1.10-X2) - 4.15*max(0,X1-0.417) * max(0,-0.641-X2) + 3.96*max(0,X2-0.729) * max(0,X1-0.900) - 3.92*max(0,X1-1.38) * max(0,X1-0.417) + 3.91*max(0,X1-1.38) * max(0,X1-0.900) - 3.79*max(0,-1.03-X1) * max(0,X2-1.19) - 3.35*max(0,X2-1.19) - 3.35*max(0,-0.641-X2) + 3.18*max(0,0.417-X1) * max(0,X2-1.19) + 3.13*max(0,X1-1.38) * max(0,-0.641-X2) + 3.01*max(0,X2-0.729) * max(0,-1.03-X1) + 2.97*max(0,X2-0.729) * max(0,X2-1.19) - 2.83*abs(X1) * max(0,X2-1.19) - 2.82*max(0,X1-1.38) * max(0,-1.10-X2) - 2.72*abs(X1) * max(0,-1.03-X1) + 2.70*max(0,-1.10-X2) + 2.67*max(0,X1-1.38) * max(0,-1.10-X0) - 2.41*max(0,X1-0.900) * max(0,-0.641-X2) - 2.34*max(0,X1-0.900) + 2.27*max(0,X1-0.417) * max(0,X1-0.900) + 2.18*max(0,-0.641-X2) * max(0,-1.10-X0) + 2.08*max(0,-1.03-X1) + 1.82*max(0,-1.10-X0) - 1.53*max(0,0.417-X1) * max(0,X2-0.729) - 1.43*max(0,-0.548-X1) - 1.41*X0 * max(0,-1.10-X2) - 1.37*abs(X1) + 1.29*max(0,-0.641-X2) * max(0,-1.10-X2) + 1.23*max(0,-0.548-X1) * max(0,-1.10-X2) + 1.15*X0 * max(0,X2-1.19) - 1.06*max(0,X1-1.38) + 0.911*max(0,-0.0655-X1) + 0.888*X1**2 - 0.815*max(0,0.417-X1) * max(0,-1.10-X2) + 0.797*X0 * max(0,-0.641-X2) - 0.759*max(0,-1.03-X1) * max(0,-1.10-X0) - 0.734*max(0,X2-0.273) - 0.725*max(0,X2-0.729) * max(0,X1-0.417) - 0.708*X0 + 0.671*X2**2 - 0.546*max(0,X2-0.729) - 0.520*max(0,0.417-X1) + 0.519*X0 * max(0,X1-1.38) + 0.514*abs(X1) * max(0,X2-0.729) - 0.501*abs(X1) * max(0,X1-0.900) - 0.457*max(0,-0.127-X0) + 0.449*max(0,0.417-X1) * abs(X1) - 0.426*max(0,X0-0.843) + 0.426*max(0,0.417-X1) * max(0,-0.641-X2) - 0.390*max(0,X0-0.358) + 0.386*X0**2 - 0.379*max(0,-0.184-X2) + 0.376*X0 * max(0,-1.03-X1) + 0.334*X0 * max(0,X1-0.417) - 0.333*abs(X1) * max(0,-1.10-X0) + 0.278*max(0,0.358-X0) - 0.263*abs(X1) * max(0,X1-0.417) + 0.261*abs(X1) * max(0,X1-1.38) - 0.232*abs(X1) * X0 + 0.232*max(0,X2+1.10) - 0.219*max(0,-0.613-X0) + 0.218*max(0,0.273-X2) + 0.198*max(0,X1-0.417) + 0.189*max(0,X1+0.0655) - 0.166*abs(X2) - 0.162*max(0,X0+0.127) - 0.158*max(0,0.900-X1) + 0.153*max(0,0.417-X1) * X0 + 0.127*max(0,1.38-X1) + 0.107*max(0,X0+0.613) - 0.103*X0 * max(0,X1-0.900) - 0.102*max(0,0.417-X1) * max(0,-1.10-X0) + 0.0975*max(0,0.417-X1) * max(0,-1.03-X1) + 0.0760*X0 * max(0,-1.10-X0) + 0.0601*abs(X0) - 0.0581*max(0,X2+0.641) + 0.0270*X1 - 0.0210*max(0,X0-1.33) - 0.0209*max(0,X2-0.729) * X0 + 0.00893*max(0,X1+1.03) + 0.00585*X2"
ffx,feynman_I_8_14,ok,0.523462,0.668348,1380,23.04,,"-1.27 - 59.5*max(0,-1.02-X3) * max(0,X1-1.37) + 34.4*max(0,-0.572-X3) * max(0,X1-1.37) + 14.4*max(0,X1-0.427) * max(0,-1.02-X3) - 13.8*max(0,-0.992-X1) * max(0,-1.02-X3) + 12.0*max(0,-0.992-X1) * max(0,-0.572-X3) + 11.1*max(0,X3-0.774) * max(0,-0.532-X2) + 9.11*max(0,X3-0.774) * max(0,X1-1.37) - 8.98*max(0,X1-0.427) * max(0,-0.572-X3) - 7.10*max(0,X3-0.774) * max(0,-0.0537-X2) - 6.41*max(0,-0.572-X3) - 6.36*max(0,-0.256-X0) * max(0,X1-1.37) - 5.82*max(0,X3+0.123) * max(0,-0.532-X2) - 4.98*max(0,-0.256-X0) * max(0,-1.02-X3) - 4.68*max(0,X2-0.902) * max(0,-1.02-X3) - 4.65*max(0,X3+0.123) * max(0,X1-1.37) - 4.62*max(0,X3-1.22) + 4.56*max(0,X1-1.37) + 4.31*max(0,0.224-X0) * max(0,-1.02-X3) - 4.26*max(0,-0.992-X1) * max(0,-0.123-X3) + 4.21*max(0,X3+0.123) * max(0,-0.0537-X2) - 3.91*max(0,-0.992-X1) * max(0,-0.256-X0) + 3.80*max(0,-0.532-X2) + 3.80*max(0,-0.572-X3) * max(0,X2-0.902) - 3.77*max(0,-0.572-X3) * max(0,-1.02-X3) + 3.72*max(0,-0.572-X3) * max(0,-0.532-X2) + 3.72*max(0,-0.572-X3) * max(0,-0.256-X0) - 3.65*max(0,-0.532-X2) * max(0,-1.02-X3) + 3.48*max(0,-0.0537-X2) * max(0,X1-1.37) + 3.10*max(0,-0.992-X1) * max(0,X0-0.704) - 3.10*max(0,X3-0.774) + 3.06*max(0,-1.22-X0) - 2.97*max(0,0.224-X0) * max(0,X1-1.37) - 2.94*max(0,X0-0.704) * max(0,-1.02-X3) - 2.81*max(0,X3-0.774) * max(0,-0.992-X1) + 2.64*max(0,X2-0.902) + 2.59*max(0,-1.01-X2) + 2.59*max(0,X1-0.427) * max(0,-0.256-X0) + 2.53*max(0,X3-0.774) * max(0,X3+0.123) - 2.53*max(0,-0.532-X2) * max(0,X1-1.37) - 2.46*max(0,-0.256-X0) * max(0,X2-0.902) + 2.36*max(0,-0.572-X3) * max(0,-0.123-X3) + 2.36*max(0,-0.992-X1) - 2.18*max(0,X1-0.427) * max(0,X0-0.704) + 2.17*max(0,-0.572-X3) * max(0,X0-0.704) + 2.01*max(0,X3-0.774) * max(0,X2-0.902) + 1.99*max(0,0.224-X0) * max(0,X2-0.902) - 1.93*max(0,X2-0.902) * max(0,X1-1.37) + 1.87*max(0,-1.02-X3) + 1.84*max(0,X0-1.18) - 1.84*max(0,-0.736-X0) + 1.76*max(0,-0.123-X3) - 1.65*max(0,-0.256-X0) * max(0,-0.123-X3) + 1.65*max(0,-0.0537-X2) * max(0,-1.02-X3) - 1.59*max(0,-0.0537-X2) * max(0,-0.123-X3) + 1.57*max(0,X2-0.424) + 1.34*X3**2 - 1.31*max(0,-0.532-X2) * max(0,-0.123-X3) + 1.29*max(0,X1-0.427) * max(0,-0.532-X2) + 1.25*max(0,-0.519-X1) - 1.24*X2**2 + 1.22*max(0,-0.532-X2) * max(0,X0-0.704) + 1.13*max(0,X1-0.427) - 1.09*max(0,X3+0.123) * max(0,X2-0.902) - 1.02*max(0,0.224-X0) * max(0,-0.123-X3) - 0.968*max(0,X3-0.774) * max(0,X1-0.427) + 0.882*max(0,X3-0.774) * max(0,X0-0.704) - 0.866*max(0,X0-0.704) * max(0,-0.123-X3) - 0.864*max(0,-0.992-X1) * max(0,X2-0.902) + 0.840*max(0,X0-0.224) + 0.810*max(0,X1-0.427) * max(0,-0.123-X3) - 0.800*max(0,X3+0.123) * max(0,X0-0.704) - 0.796*max(0,X3-0.325) - 0.786*max(0,-0.0537-X2) * max(0,X0-0.704) - 0.771*max(0,0.224-X0) - 0.751*max(0,-0.123-X3) * max(0,X1-1.37) + 0.738*max(0,-0.256-X0) + 0.737*max(0,X0-0.704) * max(0,X1-1.37) - 0.733*max(0,X1-0.427) * max(0,-0.0537-X2) - 0.704*max(0,X3+0.123) * max(0,-0.256-X0) - 0.613*max(0,X0-0.704) - 0.602*max(0,X0-0.704) * max(0,X2-0.902) - 0.577*X0 - 0.549*max(0,X1-0.900) - 0.528*max(0,-0.992-X1) * max(0,X3+0.123) - 0.493*max(0,-0.0537-X2) - 0.491*max(0,-1.02-X3) * max(0,-0.123-X3) - 0.490*max(0,X1-0.427) * max(0,X1-1.37) + 0.467*max(0,0.427-X1) - 0.466*max(0,X3+0.123) + 0.436*max(0,X0+0.256) + 0.426*max(0,X3-0.774) * max(0,-0.256-X0) + 0.399*max(0,-0.256-X0) * max(0,-0.532-X2) - 0.380*max(0,-0.0537-X2) * max(0,-0.532-X2) - 0.374*X1**2 - 0.355*max(0,-0.0537-X2) * max(0,-0.572-X3) + 0.309*X0**2 - 0.286*max(0,-0.992-X1) * max(0,-0.0537-X2) + 0.277*max(0,X1-0.427) * max(0,X3+0.123) - 0.274*max(0,-0.0459-X1) - 0.238*max(0,X0+1.22) + 0.231*X3 - 0.207*max(0,X2-0.902) * max(0,-0.123-X3) + 0.205*max(0,0.325-X3) - 0.200*max(0,X2+0.0537) + 0.195*max(0,X2+0.532) + 0.177*max(0,0.424-X2) - 0.165*max(0,0.900-X1) - 0.162*max(0,X1+0.0459) + 0.125*max(0,0.902-X2) + 0.109*X2 + 0.0975*max(0,X2-1.38) - 0.0825*max(0,-0.992-X1) * max(0,-0.532-X2) - 0.0757*max(0,-0.0537-X2) * max(0,-0.256-X0) - 0.0488*max(0,0.704-X0) + 0.0375*X1 - 0.0319*max(0,X1+0.519) - 0.0301*max(0,1.37-X1) - 0.0124*max(0,0.224-X0) * max(0,-0.532-X2) - 0.00618*max(0,X3+0.572) - 0.00136*max(0,X1-0.427) * max(0,X2-0.902)"
ffx,feynman_I_9_18,ok,0.088107,0.104482,1585,37.91,,"-0.388 - 104*max(0,X8-1.19) * max(0,-1.12-X6) - 22.6*max(0,X0-1.36) * max(0,X7-1.27) + 22.2*max(0,X1-1.33) * max(0,-1.14-X2) + 15.1*max(0,X1-1.33) * max(0,X0-0.919) - 13.7*max(0,X1-1.33) * max(0,X8-1.19) - 9.96*max(0,X1-1.33) * max(0,-0.537-X7) - 9.55*max(0,X1-1.33) * max(0,X2-1.25) + 9.13*max(0,-1.12-X6) * max(0,-0.992-X1) - 7.58*max(0,-1.14-X2) * max(0,-1.12-X6) + 6.80*max(0,X1-1.33) * max(0,-0.655-X6) - 6.59*max(0,X8-1.19) * max(0,-0.655-X6) + 6.47*max(0,X1-1.33) * max(0,-0.608-X4) - 6.26*max(0,X7-1.27) * max(0,X5-1.34) + 5.88*max(0,-0.527-X1) * max(0,X5-0.880) + 5.42*max(0,X1-1.33) * max(0,X7-1.27) - 5.25*max(0,X0-0.919) * max(0,X7-1.27) + 4.66*max(0,X0-1.36) * max(0,-1.12-X6) + 4.24*max(0,-0.537-X7) * max(0,X1-0.868) + 3.89*max(0,-1.12-X6) * max(0,X5-0.880) - 3.72*max(0,-1.12-X6) * max(0,X1-0.868) - 3.62*max(0,-1.14-X2) * max(0,X1-0.868) - 3.51*max(0,X2-1.25) * max(0,-1.12-X6) + 3.34*max(0,X1-1.33) * max(0,X5-1.34) - 3.16*max(0,X0-1.36) * max(0,X5-1.34) + 3.08*max(0,-0.192-X6) * max(0,X7-1.27) - 3.05*max(0,-1.12-X6) * max(0,-0.527-X1) - 2.77*max(0,X0-1.36) * max(0,-0.527-X1) - 2.72*max(0,X5-0.416) * max(0,-0.527-X1) - 2.72*max(0,X8-1.19) * max(0,-0.527-X1) - 2.33*max(0,-0.537-X7) * max(0,X5-0.880) - 2.22*max(0,X0-0.919) * max(0,X8-1.19) - 2.19*max(0,-0.137-X4) * max(0,X1-0.868) - 2.19*max(0,-1.14-X2) * max(0,-0.537-X7) - 2.03*max(0,X8-1.19) * max(0,X1-0.868) + 1.99*max(0,-1.14-X2) * max(0,-0.655-X6) + 1.97*max(0,X8-1.19) * max(0,X7-1.27) + 1.90*max(0,X8-1.19) * max(0,-0.608-X4) - 1.85*max(0,X5-0.416) * max(0,-0.608-X4) + 1.83*max(0,-0.537-X7) * max(0,-0.992-X1) - 1.81*max(0,X5-0.416) * max(0,X1-1.33) + 1.71*max(0,X2-1.25) * max(0,X1-0.868) + 1.69*max(0,X1-1.33) * max(0,-0.192-X6) - 1.67*max(0,-1.14-X2) * max(0,X5-1.34) - 1.59*max(0,-0.192-X6) * max(0,X1-0.868) + 1.51*max(0,X2-1.25) * max(0,-0.527-X1) + 1.43*max(0,X7-1.27) - 1.40*max(0,X2-1.25) * max(0,-0.137-X4) - 1.35*max(0,-1.14-X2) * max(0,-0.137-X4) + 1.31*max(0,X2-1.25) * max(0,-0.608-X4) + 1.30*max(0,-1.14-X2) * max(0,-0.527-X1) - 1.30*max(0,X2-1.25) * max(0,X7-1.27) + 1.25*max(0,X5-0.416) * max(0,-0.137-X4) + 1.17*max(0,X0-0.919) * max(0,X1-0.868) - 1.15*max(0,-0.537-X7) * max(0,-0.608-X4) - 1.13*max(0,X0-0.919) * max(0,X5-1.34) + 1.10*max(0,-1.04-X3) - 1.08*max(0,-0.992-X1) - 1.04*max(0,X2-1.25) * max(0,-0.537-X7) - 0.985*max(0,-0.0469-X5) * max(0,-0.992-X1) - 0.896*max(0,-0.527-X1) * max(0,X7-1.27) + 0.890*max(0,X6-0.736) + 0.859*max(0,-0.137-X4) * max(0,X7-1.27) - 0.843*max(0,X8-1.19) * max(0,-0.992-X1) - 0.800*max(0,X0-1.36) * max(0,-0.192-X6) - 0.785*max(0,X5-0.880) * max(0,-0.608-X4) - 0.592*max(0,-0.608-X4) - 0.588*max(0,X6-0.272) - 0.585*max(0,X8-1.19) * max(0,X5-1.34) - 0.581*max(0,0.0318-X0) - 0.575*max(0,-1.07-X8) - 0.536*max(0,-1.14-X2) + 0.523*max(0,X1+0.527) + 0.510*max(0,-0.655-X6) + 0.488*max(0,-0.537-X7) * max(0,-0.655-X6) - 0.485*max(0,X8-1.19) - 0.462*max(0,-0.591-X3) + 0.452*max(0,X8-1.19) * max(0,-0.537-X7) - 0.449*max(0,X3-0.751) + 0.441*max(0,-1.08-X4) + 0.395*max(0,X0-1.36) * max(0,-0.137-X4) - 0.390*max(0,-0.537-X7) * max(0,-0.527-X1) - 0.382*max(0,-0.192-X6) * max(0,X8-1.19) + 0.380*max(0,-0.855-X0) - 0.377*max(0,X8-1.19) * max(0,X5-0.880) + 0.349*max(0,X0-0.919) - 0.332*max(0,X7-0.819) - 0.332*max(0,-0.192-X6) * max(0,-0.537-X7) - 0.319*max(0,X7+0.537) + 0.318*max(0,X0+0.412) - 0.315*max(0,X1-1.33) * max(0,-1.12-X6) + 0.309*max(0,X4-1.27) - 0.307*max(0,-0.192-X6) - 0.303*max(0,X5-0.416) * max(0,-0.192-X6) - 0.294*max(0,-0.192-X6) * max(0,-0.608-X4) + 0.281*max(0,X6-1.20) + 0.279*max(0,-1.12-X6) * max(0,-0.137-X4) - 0.261*max(0,-0.0469-X5) * max(0,-0.608-X4) + 0.254*max(0,-0.527-X1) + 0.244*max(0,X1-0.403) + 0.231*max(0,X8+0.614) + 0.231*max(0,-0.527-X1) * max(0,-0.137-X4) + 0.228*max(0,-0.537-X7) * max(0,-0.137-X4) + 0.227*max(0,-0.137-X4) + 0.217*X2 - 0.210*max(0,0.272-X6) - 0.193*max(0,X0-0.919) * max(0,-0.608-X4) + 0.180*max(0,X4+0.137) + 0.180*max(0,X2+0.660) - 0.175*max(0,-0.192-X6) * max(0,X0-0.919) + 0.169*max(0,X0-0.919) * max(0,-0.537-X7) - 0.152*max(0,X5-0.416) * max(0,-0.537-X7) + 0.145*max(0,X2-0.296) + 0.143*max(0,X8-0.289) + 0.137*max(0,-0.988-X7) + 0.136*max(0,0.304-X3) - 0.123*max(0,-0.974-X5) + 0.113*max(0,X0-0.919) * max(0,-0.992-X1) + 0.113*max(0,0.880-X5) + 0.110*max(0,-0.0469-X5) * max(0,-0.655-X6) + 0.0936*max(0,-0.0469-X5) + 0.0754*max(0,X8+0.163) + 0.0647*max(0,X5-1.34) + 0.0615*max(0,-0.137-X4) * max(0,-0.655-X6) - 0.0533*max(0,-1.12-X6) * max(0,-0.655-X6) - 0.0514*max(0,X8-0.740) + 0.0492*max(0,-0.655-X6) * max(0,-0.992-X1) + 0.0469*X8 - 0.0428*max(0,-0.182-X2) - 0.0411*max(0,X0-0.919) * max(0,-1.14-X2) + 0.0318*max(0,-0.0847-X7) - 0.0272*X3 + 0.0258*max(0,X4-0.334) - 0.0149*max(0,X5+0.510) - 0.0138*max(0,X3+0.144) - 0.000718*max(0,X2-0.774)"
ffx,feynman_test_1,ok,-1.824868,16.016089,1912,19.33,,"-0.651 - 413*max(0,-1.03-X2) * max(0,X0-1.28) - 135*max(0,X4-1.17) * max(0,X0-1.28) + 77.9*max(0,-0.571-X2) * max(0,X0-1.28) - 40.8*max(0,X4-1.17) * max(0,X6-1.13) - 34.1*max(0,-1.14-X4) * max(0,X0-1.28) + 32.6*max(0,X4-0.705) * max(0,X0-1.28) - 31.7*max(0,-1.03-X2) * max(0,X4-1.17) + 31.6*max(0,-0.611-X1) * max(0,X4-1.17) - 29.4*max(0,-1.05-X1) * max(0,X6-1.13) + 27.9*max(0,-1.05-X1) * max(0,X0-1.28) - 27.8*max(0,-0.170-X1) * max(0,X4-1.17) - 27.1*max(0,-1.04-X6) * max(0,X4-1.17) - 22.8*max(0,-1.14-X4) * max(0,-1.04-X6) + 22.4*max(0,X1-1.15) * max(0,X6-1.13) + 21.5*max(0,X4-0.705) * max(0,-1.04-X6) - 21.0*max(0,X3-0.796) * max(0,X4-1.17) + 19.5*max(0,X1-1.15) * max(0,X0-1.28) + 18.6*max(0,X6-0.692) * max(0,X4-1.17) + 17.1*max(0,-0.678-X4) * max(0,X3-0.796) - 16.0*max(0,X4-0.705) * max(0,-0.611-X1) + 16.0*max(0,-0.611-X1) * max(0,X6-1.13) + 15.6*max(0,-1.04-X6) * max(0,X0-1.28) - 15.2*max(0,-1.14-X4) * max(0,-1.03-X2) - 14.1*max(0,X1-1.15) * max(0,-1.04-X6) + 13.6*max(0,-0.678-X4) * max(0,-1.04-X6) + 12.1*max(0,X4-0.705) * max(0,-1.05-X1) - 11.1*max(0,X3-0.796) * max(0,-1.05-X1) - 10.6*max(0,X6-0.692) * max(0,-1.14-X4) + 10.5*max(0,X3-0.796) * max(0,-1.03-X2) - 10.3*max(0,-0.170-X1) * max(0,X0-1.28) - 10.1*max(0,-1.04-X6) * max(0,-0.611-X1) - 10.1*max(0,X3-0.796) * max(0,X6-1.13) - 10.1*max(0,X1-1.15) * max(0,-1.03-X2) + 9.94*max(0,-0.170-X1) * max(0,X4-0.705) + 9.81*max(0,X1-1.15) * max(0,X4-1.17) + 9.37*max(0,-0.571-X2) * max(0,X4-1.17) + 9.26*max(0,X3-0.346) * max(0,X4-1.17) + 9.25*max(0,-0.678-X4) * max(0,X0-1.28) + 9.11*max(0,X3-0.346) * max(0,-1.05-X1) + 8.62*max(0,X4-0.705) * max(0,X6-1.13) - 8.60*max(0,X1-1.15) * max(0,X6-0.692) + 7.87*max(0,-1.04-X6) * max(0,X3-0.796) + 7.66*max(0,-0.678-X4) * max(0,-1.05-X1) + 6.37*max(0,X3-0.346) * max(0,X6-1.13) + 6.08*max(0,X6-0.692) * max(0,-0.678-X4) + 5.91*max(0,-0.678-X4) * max(0,X6-1.13) + 5.83*max(0,-1.03-X2) + 5.71*max(0,-0.170-X1) * max(0,-1.04-X6) + 5.65*max(0,X4-0.705) * max(0,-1.03-X2) + 5.62*max(0,-1.14-X4) * max(0,-0.571-X2) - 5.56*max(0,X3-0.796) * max(0,X0-1.28) + 5.28*max(0,X6-0.692) * max(0,X0-1.28) + 5.23*max(0,-1.04-X6) * max(0,-1.03-X2) + 5.06*max(0,X3-0.796) * max(0,-0.611-X1) + 5.02*max(0,X1-1.15) * max(0,-0.571-X2) - 4.90*max(0,X3-0.346) * max(0,-0.678-X4) - 4.61*max(0,X3-0.796) * max(0,-0.571-X2) - 4.57*max(0,X3-0.346) * max(0,-0.611-X1) - 4.43*max(0,-1.04-X6) * max(0,-0.571-X2) - 4.23*max(0,-1.03-X2) * max(0,-0.571-X2) - 4.15*max(0,X4-0.705) * max(0,X6-0.692) - 4.01*max(0,-0.217-X4) * max(0,-1.04-X6) - 3.40*max(0,-1.14-X4) * max(0,X3-0.796) - 3.32*max(0,X3-0.346) * max(0,X0-1.28) - 3.29*max(0,-0.217-X4) * max(0,X0-1.28) + 3.08*max(0,X3-0.346) * max(0,-1.14-X4) - 3.05*max(0,-0.571-X2) * max(0,X6-1.13) + 2.89*max(0,X1-1.15) * max(0,-0.678-X4) - 2.85*max(0,X6-0.692) * max(0,X6-1.13) - 2.60*max(0,-0.217-X4) * max(0,X3-0.796) - 2.54*max(0,X4-0.705) - 2.51*max(0,-0.170-X1) * max(0,-1.14-X4) - 2.41*max(0,X1-1.15) * max(0,-1.14-X4) - 2.37*max(0,-0.678-X4) - 2.29*max(0,-0.217-X4) * max(0,X6-0.692) + 2.17*max(0,-0.170-X1) * max(0,X3-0.796) - 2.13*max(0,-0.170-X1) * max(0,X6-1.13) - 2.04*max(0,X3-0.346) - 2.02*max(0,-0.678-X4) * max(0,-0.611-X1) - 1.90*max(0,-1.00-X3) - 1.73*max(0,-0.170-X1) * max(0,X6-0.692) + 1.67*max(0,X6-0.692) + 1.64*max(0,X6-0.692) * max(0,-1.03-X2) + 1.60*max(0,-1.03-X2) * max(0,-1.05-X1) - 1.55*max(0,X3-0.346) * max(0,-1.03-X2) - 1.54*max(0,X0-1.28) + 1.50*max(0,-1.05-X1) * max(0,-0.571-X2) - 1.48*max(0,-0.974-X5) - 1.44*max(0,-0.571-X2) - 1.38*max(0,X4-0.705) * max(0,X3-0.346) - 1.29*max(0,-0.170-X1) * max(0,-1.03-X2) + 1.18*max(0,-1.14-X4) * max(0,-1.05-X1) - 1.02*max(0,-0.611-X1) - 0.978*max(0,-0.170-X1) * max(0,X3-0.346) + 0.969*max(0,X3-1.25) + 0.939*max(0,-0.678-X4) * max(0,-0.571-X2) - 0.913*max(0,X1-1.15) - 0.844*max(0,X6-1.13) - 0.822*max(0,X6-0.692) * max(0,-1.05-X1) + 0.820*max(0,X3-0.346) * max(0,-0.571-X2) + 0.792*X3**2 + 0.788*max(0,-0.217-X4) * max(0,-0.678-X4) + 0.736*max(0,X4-0.705) * max(0,X4-1.17) + 0.733*max(0,-0.170-X1) + 0.710*X4**2 + 0.693*max(0,X1-0.712) - 0.675*max(0,X3-0.346) * max(0,-1.04-X6) - 0.639*max(0,X5-0.899) - 0.630*max(0,0.346-X3) + 0.612*max(0,X4-0.705) * max(0,X3-0.796) + 0.610*max(0,X1-1.15) * max(0,X4-0.705) + 0.554*max(0,-1.04-X6) + 0.535*max(0,X0-0.363) + 0.525*max(0,X1-1.15) * max(0,X3-0.796) + 0.517*max(0,X3+0.103) + 0.517*max(0,X0-0.824) - 0.509*max(0,X5-1.37) + 0.499*max(0,-0.611-X1) * max(0,-0.571-X2) - 0.470*max(0,X6-0.258) + 0.467*max(0,-0.608-X6) - 0.467*max(0,-1.04-X6) * max(0,-1.05-X1) + 0.463*max(0,X6-0.692) * max(0,X3-0.346) + 0.422*max(0,-1.03-X2) * max(0,X6-1.13) - 0.392*max(0,-0.217-X4) * max(0,-1.03-X2) - 0.377*max(0,X2-0.795) + 0.365*X5**2 + 0.364*max(0,X2+0.115) - 0.363*max(0,-1.05-X1) + 0.338*max(0,X3-0.796) - 0.336*max(0,-1.14-X4) * max(0,X6-1.13) - 0.320*max(0,-0.0981-X0) + 0.285*max(0,-0.175-X6) - 0.285*X5 - 0.283*max(0,X4-0.705) * max(0,-0.571-X2) - 0.269*max(0,-0.217-X4) * max(0,-0.611-X1) - 0.216*max(0,-0.217-X4) * max(0,X6-1.13) + 0.210*max(0,X4+0.217) - 0.210*max(0,X0+0.0981) + 0.195*max(0,X3-0.346) * max(0,X3-0.796) - 0.188*max(0,X2-1.25) + 0.171*max(0,-0.678-X4) * max(0,-1.14-X4) - 0.168*max(0,-0.611-X1) * max(0,-1.05-X1) - 0.143*max(0,-0.217-X4) * max(0,-1.05-X1) + 0.139*max(0,X4-0.244) - 0.134*max(0,-0.217-X4) * max(0,-0.571-X2) - 0.122*max(0,X2-0.340) + 0.111*max(0,0.431-X5) - 0.110*max(0,X1-0.271) + 0.0862*max(0,X1+0.170) - 0.0853*max(0,-0.217-X4) * max(0,X3-0.346) + 0.0734*X6**2 + 0.0719*max(0,-1.02-X0) - 0.0571*max(0,0.705-X4) - 0.0318*max(0,-1.14-X4) + 0.0176*max(0,-0.115-X2) - 0.00921*max(0,-0.170-X1) * max(0,-0.611-X1) - 0.00313*max(0,-0.170-X1) * max(0,-1.05-X1) - 0.00121*max(0,0.271-X1)"
ffx,feynman_test_10,ok,0.998961,0.015486,158,11.26,,"0.0712 + 0.771*X2 - 0.181*max(0,0.292-X2) + 0.135*X1 - 0.115*max(0,-1.00-X2) + 0.0831*max(0,-0.571-X2) * X2 + 0.0589*max(0,X0-0.438) * X2 - 0.0587*X1 * X2 + 0.0357*max(0,-0.205-X1) * X2 + 0.0347*max(0,1.29-X0) + 0.0322*max(0,0.0121-X0) * X1 - 0.0283*max(0,-0.414-X0) * X2 + 0.0255*max(0,0.438-X0) - 0.0216*max(0,0.249-X1) + 0.0147*max(0,0.0121-X0) + 0.0140*max(0,0.0121-X0) * max(0,-0.414-X0) + 0.0140*max(0,X1+1.11) - 0.0127*X0 - 0.00180*max(0,0.0121-X0) * X2 - 0.00158*max(0,X0-0.865) * X1"
ffx,feynman_test_11,ok,-0.947049,1.736707,1547,25.04,,"-0.372 + 67.4*max(0,X0-1.34) * max(0,X3-1.28) + 61.7*max(0,X1-0.278) * max(0,X3-1.28) - 40.4*max(0,X2-0.874) * max(0,X3-1.28) - 32.1*max(0,X1+0.183) * max(0,X3-1.28) + 30.4*max(0,X0-1.34) * max(0,X2-1.32) - 28.0*max(0,-1.11-X1) * max(0,X2-1.32) - 27.3*max(0,X0-1.34) * max(0,X3-0.826) + 25.5*max(0,-1.11-X1) * max(0,X0-1.34) + 25.2*max(0,X3-0.826) * max(0,X2-1.32) - 21.1*max(0,-1.11-X1) * max(0,X3-1.28) + 15.9*X2 * max(0,X3-1.28) - 15.5*max(0,X2-0.874) * max(0,X0-1.34) + 13.2*max(0,-0.0277-X2) * max(0,X3-1.28) + 10.1*max(0,-0.645-X1) * max(0,X3-1.28) - 9.54*max(0,X3-0.368) * max(0,X2-1.32) - 9.34*max(0,X2-1.32) * max(0,X3-1.28) + 9.34*max(0,X2-0.874) * max(0,X2-1.32) - 9.07*max(0,X1-0.278) * max(0,X2-1.32) - 8.75*max(0,X2-1.32) - 8.55*max(0,X2-0.874) * max(0,X3-0.826) - 8.00*max(0,X1-0.278) * max(0,X3-0.826) + 7.74*abs(X1) * max(0,X2-1.32) + 7.73*max(0,-1.11-X1) * max(0,X3-0.826) - 7.53*max(0,X1-0.278) * max(0,X0-1.34) + 6.84*max(0,X1+0.183) * max(0,X2-0.874) + 6.59*max(0,X0-1.34) * abs(X1) - 6.58*max(0,X3-0.826) * max(0,X3-1.28) + 6.53*max(0,X1+0.183) * max(0,X3-0.826) + 6.31*abs(X2) * max(0,X3-1.28) - 5.87*max(0,-0.183-X1) * max(0,X0-1.34) + 5.80*max(0,X3-0.368) * max(0,X2-0.874) + 5.76*max(0,-0.183-X1) * max(0,X3-1.28) - 4.26*max(0,X2-0.874) * max(0,X1-0.278) - 3.72*abs(X1) * max(0,X3-1.28) - 3.51*max(0,X2-0.874) * abs(X1) + 3.46*max(0,-0.183-X1) * max(0,X2-1.32) + 3.31*max(0,X2-0.874) - 3.17*max(0,X3-1.28) - 3.04*max(0,-0.0277-X2) * max(0,X0-1.34) - 2.73*max(0,X3-0.368) * max(0,X1+0.183) - 2.45*max(0,X3-0.368) * max(0,-1.11-X1) + 2.44*abs(X2) * max(0,X0-1.34) + 2.41*max(0,X3-0.368) * max(0,X3-1.28) + 2.40*max(0,X2-0.874) * max(0,-0.183-X1) - 2.31*max(0,X2+0.0277) * max(0,X0-1.34) - 2.15*max(0,-1.11-X1) * abs(X2) - 2.14*abs(X1) * max(0,X3-0.826) + 2.08*max(0,-1.11-X1) * max(0,X2+0.0277) + 2.03*max(0,X3-0.368) * max(0,X1-0.278) - 1.94*max(0,X0-0.878) + 1.89*max(0,-1.11-X1) * max(0,-0.0277-X2) - 1.74*max(0,-0.183-X1) * max(0,X3-0.826) - 1.68*max(0,X3-0.368) * X2 + 1.50*max(0,-1.11-X1) - 1.49*max(0,X3-0.368) * abs(X2) - 1.48*max(0,X1-0.278) + 1.46*max(0,-0.0277-X2) * max(0,-0.183-X1) + 1.45*max(0,X3-0.368) * max(0,-0.0277-X2) - 1.31*max(0,X2+0.0277) * max(0,X2-0.874) + 1.25*abs(X2) * max(0,X1-0.278) + 1.23*max(0,X3-0.368) * max(0,X3-0.826) - 1.22*max(0,-0.498-X0) - 1.13*max(0,-0.956-X0) + 1.11*max(0,X3-0.368) * max(0,X0-1.34) + 1.05*max(0,-0.183-X1) - 1.04*X2**2 - 1.04*abs(X2) * abs(X1) + 1.02*max(0,X3-0.826) - 0.978*X2 * max(0,X2-0.874) + 0.964*max(0,X0-1.34) + 0.941*X0**2 - 0.918*abs(X0) + 0.839*max(0,X3-0.368) * abs(X1) - 0.828*max(0,-1.11-X1) * max(0,-0.183-X1) + 0.820*max(0,X2+0.0277) * max(0,X3-0.826) + 0.813*max(0,X1+0.183) * max(0,X2-1.32) + 0.806*X2 * max(0,X3-0.826) - 0.803*max(0,X3-0.368) - 0.730*X1**2 - 0.711*X2 * max(0,-0.0277-X2) - 0.701*abs(X2) * max(0,X2-0.874) + 0.684*max(0,X3+0.0895) - 0.660*max(0,-0.645-X1) + 0.641*max(0,-0.929-X2) + 0.641*max(0,X1+0.183) * max(0,-0.0277-X2) + 0.573*max(0,X1-0.278) * abs(X1) - 0.558*max(0,-0.0277-X2) * abs(X1) + 0.556*max(0,X2+0.0277) * abs(X1) + 0.555*X3 + 0.552*max(0,X0+0.0394) - 0.552*max(0,X1+0.183) * X2 + 0.544*max(0,X2-0.423) - 0.536*max(0,X1-0.740) - 0.528*X2 * max(0,-0.183-X1) - 0.527*max(0,X0-0.419) - 0.527*max(0,-0.0277-X2) * max(0,X3-0.826) + 0.523*abs(X2) * max(0,X2-1.32) + 0.499*max(0,-0.0394-X0) - 0.494*X2 * max(0,X2-1.32) + 0.482*max(0,-1.11-X1) * abs(X1) + 0.446*max(0,X2+0.0277) * max(0,-0.183-X1) + 0.444*max(0,0.874-X2) + 0.440*X2 * max(0,X0-1.34) + 0.438*max(0,-0.0895-X3) + 0.436*max(0,-1.00-X3) + 0.427*max(0,X1-1.20) + 0.385*abs(X2) * max(0,-0.183-X1) + 0.373*abs(X1) + 0.360*max(0,X1+0.183) * abs(X1) + 0.354*max(0,-1.11-X1) * max(0,X2-0.874) + 0.343*max(0,X1+0.183) + 0.332*max(0,X2+0.0277) * max(0,X2-1.32) - 0.323*max(0,X1+0.183) * abs(X2) + 0.304*X0 + 0.291*max(0,X2+0.0277) + 0.283*max(0,X2+0.0277) * X2 + 0.249*max(0,X1+0.183) * max(0,X1-0.278) - 0.242*abs(X2) * max(0,X3-0.826) - 0.237*max(0,1.32-X2) + 0.236*max(0,1.28-X3) + 0.233*max(0,-0.478-X2) + 0.224*X2 * abs(X1) + 0.219*X2 * max(0,X1-0.278) + 0.209*max(0,-0.0277-X2) + 0.200*max(0,-0.183-X1) * abs(X1) + 0.197*abs(X2) * X2 - 0.196*X3**2 - 0.194*max(0,X2+0.0277) * max(0,X3-1.28) + 0.172*abs(X2) - 0.169*X1 - 0.156*max(0,1.20-X1) - 0.147*abs(X3) - 0.147*max(0,-1.11-X1) * X2 + 0.125*max(0,X0+0.498) - 0.121*max(0,0.826-X3) + 0.111*max(0,0.368-X3) + 0.100*max(0,X2+0.0277) * max(0,X1-0.278) + 0.0966*max(0,X1+0.183) * max(0,X0-1.34) - 0.0959*max(0,X1+0.183) * max(0,X2+0.0277) - 0.0943*max(0,-0.547-X3) + 0.0933*max(0,X3-0.368) * max(0,-0.183-X1) - 0.0869*max(0,0.419-X0) - 0.0843*max(0,X3+0.547) + 0.0839*max(0,0.878-X0) + 0.0768*max(0,1.34-X0) - 0.0710*max(0,0.423-X2) - 0.0690*max(0,0.278-X1) + 0.0642*max(0,X0+0.956) - 0.0630*X2 + 0.0459*max(0,X3-0.368) * max(0,X2+0.0277) - 0.0275*max(0,X3+1.00) - 0.0269*max(0,X2+0.929) + 0.0184*max(0,0.740-X1) - 0.0152*abs(X2) * max(0,-0.0277-X2) - 0.0118*max(0,-0.0277-X2) * max(0,X1-0.278) - 0.0111*max(0,X1+0.645) + 0.00159*max(0,X2+0.0277) * abs(X2) + 1.71e-5*max(0,X2+0.478)"
ffx,feynman_test_12,ok,-7.301481,38.797454,1828,26.92,,"-0.692 + 103*max(0,X4-1.33) * max(0,X0-1.18) - 60.1*max(0,X1-1.40) * max(0,X2-1.26) + 48.3*max(0,-0.638-X4) * max(0,X2-1.26) - 30.6*max(0,X0-1.18) * max(0,X2-1.26) + 29.6*max(0,-1.10-X0) * max(0,X2-1.26) + 28.1*max(0,X4-1.33) * max(0,X2-1.26) + 26.8*max(0,-0.979-X1) * max(0,X0-1.18) - 26.2*max(0,-0.147-X4) * max(0,X2-1.26) - 22.8*max(0,-0.979-X1) * max(0,X0-0.728) + 21.9*max(0,X1-1.40) * max(0,X2-0.821) + 17.8*max(0,-0.979-X1) * max(0,X2-1.26) - 15.8*max(0,X4-1.33) * max(0,-0.979-X1) + 12.9*max(0,X4-1.33) * max(0,-0.952-X2) + 12.9*max(0,X2-1.26) + 12.8*max(0,X1-1.40) * max(0,-0.638-X4) + 11.9*max(0,X1-1.40) * max(0,X0-1.18) - 10.2*max(0,-0.638-X4) * max(0,X2-0.821) - 10.2*max(0,X4-1.33) * max(0,X2-0.821) + 9.03*max(0,X4-1.33) * max(0,-1.10-X0) + 8.23*max(0,X4-1.33) * max(0,-0.185-X0) + 8.20*max(0,-0.979-X1) * max(0,X0-0.272) - 8.13*max(0,X4-1.33) * max(0,X0-0.272) + 8.00*max(0,X1-1.40) * max(0,X4-1.33) - 7.56*max(0,X4-1.33) * max(0,0.272-X0) - 7.35*max(0,-0.638-X4) * max(0,-0.979-X1) - 7.00*max(0,X4-1.33) * max(0,X0-0.728) + 6.89*max(0,X2-0.821) * max(0,X0-0.728) - 6.55*max(0,X2-0.821) * max(0,X2-1.26) + 6.30*max(0,X1-1.40) * max(0,X0-0.272) + 6.16*max(0,-0.147-X4) * max(0,X2-0.821) + 5.69*max(0,X2-0.821) * max(0,X0-1.18) - 5.54*max(0,X1-1.40) * abs(X0) - 5.53*max(0,X1-1.40) * max(0,X0-0.728) + 5.28*max(0,-0.147-X4) * max(0,X1-1.40) - 5.09*max(0,0.272-X0) * max(0,X2-1.26) + 4.72*max(0,X0-1.18) * max(0,X0-0.728) + 4.54*max(0,X0-0.728) * max(0,X0-0.272) - 4.45*max(0,X0-0.728) - 4.29*max(0,X1-1.40) * max(0,-0.952-X2) - 4.27*max(0,-0.638-X4) - 4.19*max(0,-1.13-X4) - 4.03*max(0,X0-1.18) * max(0,X0-0.272) - 3.75*max(0,X1-1.40) * max(0,-0.185-X0) + 3.38*max(0,-0.952-X2) * max(0,-0.979-X1) - 3.37*abs(X0) * max(0,X0-1.18) + 3.35*max(0,X1-1.40) * max(0,0.272-X0) + 3.31*max(0,-0.147-X4) * max(0,-0.979-X1) + 3.30*max(0,-1.10-X0) * max(0,-0.638-X4) - 3.04*max(0,-0.147-X4) * max(0,-1.10-X0) + 2.86*max(0,0.272-X0) * max(0,X2-0.821) + 2.85*max(0,X4-1.33) * abs(X0) - 2.69*abs(X0) * max(0,X2-1.26) - 2.58*max(0,X1-1.40) * max(0,-1.10-X0) - 2.56*max(0,-0.185-X0) * max(0,X2-1.26) - 2.56*max(0,-0.185-X0) * max(0,-0.638-X4) - 2.51*X1 * max(0,X2-1.26) + 2.42*max(0,-0.952-X2) * max(0,X0-0.272) + 2.41*max(0,X0-1.18) - 2.17*max(0,X4-0.836) - 2.13*max(0,-0.952-X2) * max(0,X0-1.18) + 1.92*max(0,-0.147-X4) * max(0,-0.638-X4) - 1.91*max(0,0.272-X0) * max(0,-0.979-X1) - 1.88*max(0,-0.147-X4) * max(0,X0-1.18) + 1.83*max(0,X0-0.272) * max(0,X2-1.26) - 1.76*abs(X0) * max(0,X2-0.821) - 1.74*max(0,-0.185-X0) * max(0,X2-0.821) - 1.65*max(0,-0.147-X4) * max(0,X0-0.272) - 1.56*max(0,X3-0.943) + 1.52*max(0,-0.147-X4) * max(0,X0-0.728) + 1.50*max(0,X0-0.272) + 1.46*X4**2 - 1.42*max(0,-0.952-X2) * abs(X0) - 1.42*max(0,-0.638-X4) * max(0,X0-0.272) - 1.39*abs(X0) * max(0,X0-0.272) + 1.38*abs(X0) * max(0,X0-0.728) - 1.35*max(0,X2-0.821) + 1.29*max(0,-0.185-X0) * max(0,-0.979-X1) - 1.22*max(0,-0.979-X1) * max(0,X2-0.821) + 1.19*max(0,-0.638-X4) * max(0,X0-1.18) + 1.18*max(0,-0.147-X4) * abs(X0) - 1.04*max(0,X4-1.33) - 0.997*X1 * max(0,X0-1.18) + 0.991*max(0,-0.509-X2) - 0.988*max(0,-0.952-X2) * max(0,X0-0.728) + 0.985*max(0,0.272-X0) * max(0,-0.952-X2) + 0.954*max(0,-0.638-X4) * abs(X0) + 0.941*max(0,0.272-X0) * max(0,-0.638-X4) + 0.935*abs(X0) * max(0,-0.979-X1) + 0.927*X1 * max(0,-0.952-X2) + 0.876*max(0,-0.638-X4) * max(0,X0-0.728) - 0.809*max(0,-0.474-X3) - 0.761*max(0,-0.147-X4) - 0.758*max(0,-0.979-X1) + 0.746*abs(X2) - 0.722*max(0,-0.504-X1) + 0.712*max(0,-0.641-X0) + 0.699*max(0,-0.185-X0) * max(0,-1.10-X0) - 0.687*max(0,-0.147-X4) * max(0,-0.185-X0) + 0.685*max(0,0.272-X0) + 0.647*X1**2 - 0.623*max(0,-0.0659-X2) - 0.611*max(0,0.728-X0) + 0.600*max(0,X1-1.40) * X1 + 0.597*max(0,-0.952-X2) + 0.582*X3**2 - 0.562*X1 - 0.549*max(0,X1-0.921) - 0.546*X1 * max(0,-0.979-X1) - 0.544*X2**2 + 0.541*max(0,-1.10-X0) * max(0,-0.952-X2) - 0.535*abs(X0) - 0.511*max(0,X4-1.33) * X1 + 0.506*max(0,X2-0.377) - 0.497*max(0,-0.947-X3) - 0.496*X1 * max(0,-0.638-X4) - 0.489*max(0,-0.638-X4) * max(0,-0.952-X2) - 0.461*max(0,X0-0.728) * max(0,X2-1.26) - 0.452*max(0,-1.10-X0) * max(0,-0.979-X1) - 0.439*max(0,X4+0.147) - 0.438*max(0,0.446-X1) + 0.434*max(0,0.836-X4) - 0.433*max(0,X4-0.345) + 0.428*X1 * max(0,X2-0.821) - 0.409*max(0,-1.10-X0) * abs(X0) + 0.390*max(0,X0+0.185) + 0.358*X1 * abs(X0) + 0.352*max(0,X4+0.638) + 0.350*max(0,1.40-X1) - 0.342*max(0,-1.10-X0) * max(0,X2-0.821) - 0.318*max(0,0.345-X4) - 0.303*max(0,0.377-X2) + 0.295*max(0,X1-1.40) - 0.277*max(0,X2+0.0659) - 0.247*abs(X4) - 0.242*max(0,-0.185-X0) - 0.232*X1 * max(0,X0-0.272) - 0.206*max(0,0.272-X0) * abs(X0) - 0.203*max(0,0.821-X2) + 0.201*max(0,-0.185-X0) * max(0,-0.952-X2) - 0.193*X4 + 0.192*max(0,-0.147-X4) * X1 - 0.182*abs(X3) - 0.162*X1 * max(0,X0-0.728) - 0.158*abs(X1) + 0.152*max(0,1.18-X0) - 0.150*max(0,X1+0.0291) + 0.146*max(0,X2-0.821) * max(0,X0-0.272) - 0.145*max(0,0.272-X0) * X1 - 0.131*max(0,-1.10-X0) + 0.119*max(0,-0.147-X4) * max(0,-0.952-X2) - 0.0846*max(0,X0+0.641) + 0.0618*max(0,1.26-X2) - 0.0492*max(0,0.272-X0) * max(0,-1.10-X0) - 0.0480*max(0,X1+0.979) - 0.0478*max(0,X3+0.474) + 0.0474*X3 - 0.0473*max(0,X1-0.446) + 0.0427*max(0,-0.185-X0) * max(0,0.272-X0) + 0.0421*max(0,-0.147-X4) * max(0,0.272-X0) + 0.0367*max(0,-0.185-X0) * abs(X0) + 0.0360*max(0,0.921-X1) + 0.0340*max(0,X2+0.952) - 0.0230*max(0,-0.0291-X1) - 0.0208*X2 + 0.0180*max(0,-0.185-X0) * X1 + 0.0170*max(0,X4+1.13) - 0.0157*max(0,-0.00198-X3) + 0.0144*max(0,X0+1.10) + 0.0109*max(0,X3-1.42) - 0.00649*max(0,-1.10-X0) * X1 + 0.00334*max(0,X3-0.470) + 0.000257*max(0,0.943-X3)"
ffx,feynman_test_13,ok,0.781509,0.006536,1106,23.87,,"-0.328 - 22.3*max(0,X0-1.33) * max(0,X1-1.26) - 11.1*max(0,X1-1.26) * max(0,-1.08-X4) - 7.00*max(0,-0.968-X0) * max(0,-1.08-X4) + 6.54*max(0,-1.12-X3) * max(0,-1.08-X4) + 6.16*max(0,-0.645-X2) * max(0,X1-1.26) - 6.07*max(0,X0-1.33) * max(0,-1.08-X4) - 4.97*max(0,X1-1.26) + 4.23*max(0,X1-0.774) * max(0,X1-1.26) - 4.18*max(0,-1.11-X2) * max(0,X1-1.26) + 3.63*max(0,-0.968-X0) * max(0,-1.12-X3) + 3.06*max(0,X0-0.408) * max(0,X1-1.26) + 2.58*max(0,X3-0.829) * max(0,X1-1.26) + 2.45*max(0,-1.11-X2) * max(0,X0-0.408) - 2.36*max(0,-0.968-X0) * max(0,X1-1.26) - 2.18*max(0,-1.17-X1) * max(0,-1.12-X3) + 1.84*max(0,-0.968-X0) * max(0,X1-0.774) + 1.83*max(0,X1-0.774) * max(0,X0-0.408) + 1.76*max(0,X3-0.829) * max(0,-1.08-X4) + 1.66*max(0,-0.968-X0) * max(0,X3-0.829) + 1.63*max(0,X1-0.774) * max(0,-1.08-X4) - 1.58*max(0,-1.11-X2) * X0 + 1.51*max(0,X3-0.829) * max(0,X0-0.408) + 1.51*max(0,X1-0.774) * max(0,-1.12-X3) + 1.49*max(0,-1.12-X3) * max(0,X0-0.408) - 1.48*max(0,X1-0.774) * max(0,X0+0.0508) + 1.45*max(0,-1.17-X1) * max(0,X3-0.829) - 1.40*max(0,-1.11-X2) * max(0,-1.08-X4) - 1.26*max(0,-1.17-X1) * max(0,X0-1.33) + 1.12*max(0,X1-1.26) * abs(X0) + 1.07*max(0,X1-0.774) * max(0,X0-1.33) + 1.03*max(0,X3-0.829) + 0.936*max(0,-0.645-X2) * max(0,-1.08-X4) - 0.926*max(0,-1.11-X2) * abs(X0) - 0.833*max(0,-1.12-X3) * abs(X0) - 0.815*max(0,X3-0.829) * max(0,-0.0508-X0) + 0.806*max(0,-0.181-X4) - 0.806*max(0,X3-0.829) * max(0,X0+0.0508) - 0.777*max(0,-0.645-X2) * max(0,X0-0.408) + 0.770*X0 * max(0,-1.08-X4) + 0.710*max(0,-1.08-X4) * abs(X0) + 0.699*X0 * max(0,X1-1.26) - 0.636*max(0,X1-0.774) * max(0,-0.645-X2) + 0.606*max(0,-0.645-X2) * max(0,X0+0.0508) - 0.589*X4 * max(0,X1-1.26) + 0.561*max(0,-0.645-X2) * max(0,X0-1.33) - 0.527*max(0,X3-0.829) * max(0,X0-1.33) + 0.499*max(0,-1.12-X3) * max(0,X0-1.33) + 0.480*max(0,X1-0.774) + 0.477*max(0,-1.12-X3) - 0.469*max(0,X3-0.829) * abs(X0) + 0.441*max(0,-1.08-X4) - 0.414*X4 * max(0,-1.12-X3) + 0.407*max(0,-0.645-X2) * X0 + 0.407*max(0,X3-1.32) + 0.367*max(0,-0.634-X3) + 0.312*max(0,X0+0.0508) - 0.293*X4 * max(0,X3-0.829) - 0.286*abs(X4) - 0.277*max(0,-0.0508-X0) * max(0,-1.08-X4) + 0.228*max(0,X0-1.33) - 0.220*max(0,0.408-X0) - 0.219*max(0,-0.645-X2) * max(0,X3-0.829) + 0.216*abs(X3) - 0.214*max(0,-1.12-X3) * max(0,-0.0508-X0) + 0.181*X4 * max(0,-0.0508-X0) - 0.171*max(0,X2+0.179) - 0.171*X4 * max(0,X0-1.33) - 0.157*max(0,-1.17-X1) * max(0,X0-0.408) - 0.143*max(0,X1-0.774) * X0 + 0.132*max(0,X4-1.17) + 0.121*max(0,-1.12-X3) * X0 - 0.0996*X4 * max(0,-0.968-X0) + 0.0960*max(0,-1.12-X3) * max(0,X1-1.26) - 0.0877*max(0,X1-0.288) - 0.0813*max(0,-1.17-X1) * max(0,-1.08-X4) - 0.0787*X0**2 + 0.0767*max(0,-0.630-X4) + 0.0612*max(0,0.268-X4) + 0.0541*max(0,-0.968-X0) * max(0,-0.0508-X0) - 0.0507*max(0,X1+0.683) + 0.0489*max(0,X2-0.288) + 0.0469*max(0,-0.645-X2) * abs(X0) - 0.0453*X4 * max(0,-0.645-X2) - 0.0400*max(0,-0.683-X1) + 0.0391*max(0,X4-0.717) - 0.0367*max(0,X3+0.147) + 0.0356*max(0,X2-0.754) - 0.0340*max(0,-0.147-X3) + 0.0336*X4 * max(0,-1.17-X1) - 0.0326*max(0,X0-0.867) + 0.0272*max(0,-1.11-X2) - 0.0232*X4 * X0 - 0.0231*max(0,-0.510-X0) - 0.0185*max(0,-1.17-X1) * X0 + 0.0162*max(0,-0.968-X0) * max(0,-0.645-X2) + 0.0142*max(0,-1.17-X1) + 0.0119*max(0,-1.17-X1) * max(0,-0.0508-X0) - 0.00585*max(0,-0.645-X2) * max(0,-1.12-X3) + 0.00546*max(0,-0.197-X1) - 0.00175*max(0,-0.179-X2) + 2.19e-5*abs(X0)"
ffx,feynman_test_14,ok,-4.224549,16.106764,1631,21.97,,"-1.12 - 49.8*max(0,X0-1.42) * max(0,-0.643-X1) + 26.3*max(0,X0-1.42) * max(0,-0.160-X1) + 24.3*max(0,-1.19-X2) * max(0,-0.160-X1) - 22.5*max(0,-0.643-X1) * max(0,-1.19-X2) + 21.9*max(0,-1.19-X2) * max(0,X0-0.958) - 20.7*max(0,-1.19-X2) * max(0,X0-0.491) - 18.7*max(0,X3-1.11) * max(0,-1.19-X2) + 17.0*max(0,X0-1.42) * max(0,-0.710-X4) + 16.3*max(0,-0.643-X1) * max(0,X0-0.491) - 15.1*max(0,X0-1.42) * max(0,X1-0.323) + 14.3*max(0,-0.710-X4) * max(0,X0-0.958) + 13.7*max(0,X0-1.42) * max(0,X0-0.958) + 13.3*max(0,X1-0.323) * max(0,X0-0.958) - 12.3*max(0,-0.710-X4) * max(0,X0-0.491) + 11.8*max(0,X1+0.160) * max(0,-1.19-X2) - 11.4*max(0,X1+0.160) * max(0,X0-0.958) - 11.1*max(0,X0-1.42) + 11.1*max(0,X1+0.160) * max(0,X0-1.42) + 8.64*max(0,X3-1.11) * max(0,X1-0.323) + 8.21*max(0,X3-1.11) * max(0,X0-1.42) + 7.88*max(0,X3-1.11) * max(0,X0-0.958) + 7.74*max(0,X0-0.958) - 6.79*max(0,-1.19-X2) - 6.53*max(0,-0.160-X1) * max(0,X0-0.958) - 6.49*max(0,-0.255-X4) * max(0,X0-1.42) - 6.43*max(0,X1-0.323) * max(0,-0.710-X4) - 6.39*max(0,0.491-X0) * max(0,-1.19-X2) - 6.29*max(0,X1-0.323) * max(0,-1.19-X2) - 6.23*max(0,X0-0.0247) * max(0,-0.643-X1) - 5.93*max(0,X3-1.11) * max(0,X0-0.0247) - 5.76*max(0,-0.255-X4) * max(0,X0-0.958) - 5.74*max(0,0.491-X0) * max(0,X0-0.0247) - 5.28*max(0,0.491-X0) * max(0,-0.710-X4) + 5.10*max(0,-0.710-X4) * max(0,0.0247-X0) - 4.68*max(0,X1+0.160) * max(0,X3-1.11) + 4.66*max(0,-1.19-X2) * max(0,0.0247-X0) + 4.61*max(0,-0.710-X4) * max(0,-0.643-X1) - 4.52*max(0,-0.643-X1) * max(0,X0-0.958) - 4.46*max(0,-1.17-X4) + 4.22*max(0,X1+0.160) * max(0,-0.710-X4) - 4.16*max(0,X0-0.491) * max(0,X0-0.958) + 3.83*max(0,X3-1.11) * max(0,-0.710-X4) + 3.61*max(0,-0.255-X4) * max(0,X0-0.491) + 3.51*max(0,-0.255-X4) * max(0,X1-0.323) - 3.23*max(0,-0.255-X4) * max(0,-0.643-X1) - 3.04*max(0,-0.160-X1) * max(0,X0-0.491) - 2.84*max(0,X3-1.11) * max(0,-0.255-X4) + 2.67*max(0,X3-1.11) * max(0,X0-0.491) + 2.58*max(0,0.491-X0) * max(0,-0.643-X1) - 2.49*max(0,X1+0.160) * max(0,-0.255-X4) + 2.39*max(0,X1+0.160) * max(0,X0-0.491) + 2.39*max(0,-0.255-X4) * max(0,-0.710-X4) - 2.35*max(0,X0-1.42) * max(0,X0-0.491) - 2.23*max(0,X0-0.491) - 2.05*max(0,-0.643-X1) * max(0,0.0247-X0) + 1.89*max(0,-0.726-X2) - 1.85*max(0,X4-0.655) - 1.85*max(0,X1-0.323) * max(0,X0-0.491) - 1.72*max(0,-0.710-X4) * max(0,-0.160-X1) + 1.67*max(0,X0-0.0247) * max(0,-0.160-X1) - 1.67*max(0,-0.908-X0) + 1.64*max(0,X3-1.11) + 1.62*max(0,X2-1.15) - 1.54*max(0,-0.643-X1) + 1.48*max(0,-0.255-X4) * max(0,-1.19-X2) + 1.43*max(0,X0-0.0247) * max(0,X0-0.491) + 1.40*max(0,X1+0.160) * max(0,0.0247-X0) + 1.37*max(0,-1.13-X1) + 1.37*max(0,X3-1.11) * max(0,-0.643-X1) + 1.36*max(0,-0.710-X4) + 1.33*max(0,-0.710-X4) * max(0,-1.19-X2) - 1.32*max(0,X3-1.11) * max(0,0.0247-X0) - 1.28*max(0,0.491-X0) * max(0,-0.160-X1) - 1.25*max(0,-0.255-X4) - 1.21*max(0,0.0247-X0) - 1.21*X2**2 + 1.16*max(0,X0-0.0247) * max(0,-0.710-X4) + 1.14*max(0,-0.160-X1) * max(0,0.0247-X0) + 1.10*max(0,X2-0.680) + 1.09*max(0,0.209-X3) - 1.07*max(0,-0.241-X3) - 1.07*max(0,X0-0.0247) * max(0,X1-0.323) - 1.02*max(0,X1-0.323) * max(0,0.0247-X0) + 0.997*max(0,X3-1.11) * max(0,-0.160-X1) - 0.984*max(0,X1-1.29) + 0.949*max(0,X4-1.11) + 0.916*max(0,-0.255-X4) * max(0,-0.160-X1) + 0.880*max(0,X4-0.200) + 0.867*max(0,-0.690-X3) - 0.821*max(0,X1-0.323) - 0.739*max(0,-0.690-X3) * max(0,X1-0.323) + 0.737*max(0,X2-0.211) + 0.729*max(0,X3-0.209) + 0.708*max(0,X2+0.257) + 0.703*max(0,-0.257-X2) + 0.646*max(0,0.491-X0) * max(0,0.0247-X0) + 0.639*max(0,0.200-X4) - 0.631*max(0,-0.690-X3) * max(0,-0.160-X1) - 0.606*max(0,X1+0.160) * max(0,0.491-X0) + 0.595*max(0,0.958-X0) + 0.574*max(0,X0-0.0247) * max(0,X0-1.42) + 0.568*max(0,-0.690-X3) * max(0,-1.19-X2) + 0.545*max(0,0.211-X2) - 0.528*max(0,X0-0.0247) * max(0,-1.19-X2) - 0.524*max(0,X3-0.659) - 0.516*max(0,0.680-X2) - 0.492*X2 + 0.479*max(0,X1+0.160) * max(0,X1-0.323) - 0.472*max(0,-0.690-X3) * max(0,0.0247-X0) + 0.454*max(0,-0.690-X3) * max(0,-0.710-X4) + 0.425*max(0,-0.255-X4) * max(0,0.0247-X0) + 0.406*max(0,X0+0.908) + 0.404*max(0,-0.690-X3) * max(0,-0.643-X1) - 0.372*max(0,0.659-X3) - 0.319*max(0,X0-0.0247) * max(0,-0.255-X4) - 0.309*max(0,-0.643-X1) * max(0,-0.160-X1) - 0.303*max(0,X0-0.0247) * max(0,X0-0.958) + 0.302*max(0,0.323-X1) - 0.289*max(0,-1.14-X3) + 0.282*max(0,0.655-X4) - 0.279*max(0,-0.690-X3) * max(0,X0-0.958) + 0.258*max(0,0.491-X0) * max(0,X3-1.11) - 0.253*max(0,X3+0.241) - 0.251*max(0,X1+0.160) * max(0,X0-0.0247) + 0.227*max(0,-0.160-X1) + 0.226*max(0,X0+0.442) + 0.224*max(0,X1+0.643) + 0.195*max(0,X4+0.255) - 0.151*max(0,X0-0.0247) + 0.132*max(0,-0.442-X0) + 0.0978*max(0,X1+0.160) - 0.0804*max(0,0.491-X0) - 0.0783*max(0,X3+1.14) + 0.0564*max(0,1.11-X3) + 0.0374*max(0,-0.690-X3) * max(0,X0-0.491) + 0.0309*max(0,X1-0.805) - 0.0240*max(0,0.491-X0) * max(0,X1-0.323) + 0.00954*max(0,0.491-X0) * max(0,-0.255-X4)"
ffx,feynman_test_15,ok,0.94195,0.343397,1519,31.86,,"0.957 - 12.6*max(0,X3-1.34) * max(0,X0-1.22) - 9.16*max(0,X2-0.785) * max(0,X0-1.22) + 8.86*max(0,X2-0.308) * max(0,X0-1.22) + 7.64*max(0,X1-1.16) * max(0,X0-1.22) - 5.52*max(0,X1-1.16) * max(0,-1.12-X2) - 5.19*max(0,X2-0.785) * max(0,X1-0.710) + 5.02*max(0,X2-0.308) * max(0,X1-0.710) + 4.70*max(0,X0-1.22) - 3.69*max(0,X1-0.710) * max(0,-1.12-X2) - 3.68*X0 * max(0,X0-1.22) + 3.62*max(0,X3-1.34) - 3.00*max(0,X1-1.16) * abs(X3) + 2.75*max(0,X1-0.254) * max(0,X0-1.22) - 2.60*abs(X0) * max(0,X0-1.22) - 2.45*max(0,-1.12-X2) * max(0,X0-1.22) - 2.43*max(0,-1.12-X2) * abs(X0) - 2.27*max(0,X1-0.710) * max(0,X0-1.22) + 2.26*max(0,-1.12-X2) * max(0,-0.0911-X0) + 2.02*max(0,X1-1.16) * max(0,X1-0.710) - 1.97*max(0,X2-0.308) * max(0,X1-1.16) - 1.95*max(0,-0.453-X3) * max(0,X1-1.16) - 1.92*abs(X3) * max(0,-0.0911-X0) - 1.87*max(0,X3-1.34) * abs(X3) - 1.75*X2 * max(0,X0-1.22) - 1.45*X0 * max(0,X1-1.16) + 1.41*max(0,-0.453-X3) * max(0,X1-0.710) - 1.41*max(0,-0.453-X3) * max(0,X0+0.0911) + 1.40*max(0,X3-1.34) * max(0,-0.0911-X0) + 1.38*max(0,X1-0.254) * max(0,-1.12-X2) + 1.36*max(0,-1.12-X2) * max(0,X0+0.0911) + 1.32*abs(X1) * max(0,X2-0.785) + 1.24*max(0,X2-0.785) * max(0,-0.0911-X0) - 1.21*max(0,X1-1.16) * max(0,-0.0911-X0) - 1.17*abs(X1) * max(0,X2-0.308) + 1.14*max(0,X0-1.22) * abs(X3) + 1.11*abs(X0) * abs(X3) - 1.10*max(0,X1-0.710) * X2 - 1.07*X2 * max(0,-0.0911-X0) - 1.06*max(0,X1-0.710) - 1.06*max(0,X1-1.16) * max(0,X0+0.0911) + 1.04*max(0,X1-0.710) * max(0,X0+0.0911) + 1.03*X2 - 0.986*max(0,-0.453-X3) * max(0,X1-0.254) + 0.940*max(0,-0.0911-X0) + 0.918*max(0,-0.453-X3) * abs(X0) - 0.909*max(0,X0+0.0911) + 0.900*max(0,-0.453-X3) * abs(X3) + 0.898*abs(X1) * max(0,X0-1.22) - 0.885*max(0,X0+0.0911) * abs(X3) + 0.833*max(0,X2-0.785) * max(0,X1-1.16) + 0.827*max(0,X2-0.308) - 0.802*max(0,X0-0.346) - 0.786*max(0,X2-0.785) * X2 + 0.784*abs(X1) * max(0,X1-0.254) + 0.777*max(0,X2-1.26) + 0.771*max(0,X2-0.308) * max(0,X0+0.0911) - 0.768*max(0,X2-0.785) * abs(X0) - 0.766*max(0,X1-0.710) * abs(X0) + 0.751*max(0,X1-1.16) + 0.751*max(0,X1-0.710) * abs(X3) - 0.750*max(0,X2-0.308) * max(0,X1-0.254) - 0.719*max(0,X0-0.784) - 0.653*max(0,-0.453-X3) + 0.652*max(0,-0.656-X1) + 0.633*abs(X0) * max(0,X0+0.0911) + 0.628*max(0,X2-0.308) * max(0,-0.453-X3) + 0.624*max(0,-1.12-X2) + 0.586*max(0,-0.453-X3) * max(0,X0-1.22) - 0.574*X1**2 + 0.565*abs(X0) * X2 - 0.563*max(0,X2-0.785) * max(0,-0.453-X3) - 0.562*max(0,-0.453-X3) * max(0,-1.12-X2) + 0.556*max(0,X1-0.254) * max(0,X1-1.16) + 0.508*max(0,-1.12-X2) * abs(X3) + 0.491*max(0,X2-0.785) * abs(X3) + 0.479*max(0,X1-0.254) * max(0,-0.0911-X0) - 0.474*max(0,X2-0.308) * abs(X3) - 0.470*max(0,X1-0.710) * max(0,-0.0911-X0) - 0.435*max(0,-0.453-X3) * max(0,-0.0911-X0) + 0.431*X0 * max(0,X2-0.785) + 0.413*abs(X1) * max(0,-0.0911-X0) + 0.407*max(0,X1-0.254) * max(0,X1-0.710) - 0.404*max(0,X2-0.308) * abs(X0) + 0.397*abs(X1) * max(0,X1-1.16) + 0.396*max(0,X1-0.254) * X2 + 0.396*max(0,-1.11-X1) + 0.388*max(0,-1.12-X2) * X2 + 0.383*abs(X1) * max(0,-1.12-X2) + 0.377*max(0,X3-0.442) - 0.371*max(0,0.346-X0) + 0.364*X0 * max(0,-0.453-X3) + 0.355*max(0,-0.646-X2) - 0.348*X0 * X2 - 0.340*X2 * max(0,X0+0.0911) - 0.329*X3**2 + 0.320*X0 * max(0,-1.12-X2) - 0.318*max(0,X1-0.254) * abs(X3) + 0.314*max(0,X2-0.308) * max(0,-0.0911-X0) + 0.304*X0 * max(0,-0.0911-X0) - 0.303*abs(X1) * abs(X0) + 0.297*max(0,-0.528-X0) + 0.282*max(0,-0.201-X1) - 0.282*max(0,X1-1.16) * X2 - 0.265*abs(X3) + 0.250*max(0,X2-0.308) * X2 + 0.247*max(0,0.308-X2) + 0.243*X0 * max(0,X0+0.0911) + 0.235*max(0,0.254-X1) + 0.234*max(0,X0+0.528) + 0.226*max(0,X2-0.785) * max(0,X1-0.254) - 0.224*max(0,1.22-X0) + 0.205*max(0,-0.901-X3) - 0.203*max(0,0.442-X3) - 0.193*max(0,-0.169-X2) - 0.192*max(0,X2-0.785) + 0.191*abs(X1) * max(0,X0+0.0911) + 0.188*max(0,X1+0.201) + 0.183*abs(X1) * X2 + 0.177*max(0,X0+0.0911) * max(0,X0-1.22) - 0.176*abs(X2) - 0.175*max(0,-0.453-X3) * X2 - 0.169*X0 * max(0,X2-0.308) - 0.169*max(0,X0+0.966) + 0.169*max(0,X3+0.453) + 0.139*X0**2 - 0.135*X2 * abs(X3) + 0.133*max(0,X2-0.785) * max(0,X0+0.0911) + 0.123*max(0,X2+0.646) + 0.119*abs(X1) * max(0,-0.453-X3) - 0.117*max(0,X2+0.169) + 0.116*abs(X0) * max(0,-0.0911-X0) - 0.0992*max(0,-0.966-X0) - 0.0983*max(0,-0.00555-X3) + 0.0974*abs(X1) * abs(X3) - 0.0916*X3 - 0.0737*abs(X1) * max(0,X1-0.710) - 0.0734*max(0,X3+0.901) - 0.0682*max(0,1.16-X1) + 0.0649*abs(X1) * X0 + 0.0582*X0 * max(0,X1-0.710) - 0.0509*max(0,0.710-X1) - 0.0493*max(0,X3+0.00555) - 0.0481*max(0,X2-0.308) * max(0,X2-0.785) - 0.0443*max(0,X3-0.890) - 0.0418*X0 * max(0,X1-0.254) + 0.0390*X0 * abs(X3) + 0.0385*max(0,0.784-X0) - 0.0250*max(0,X2+1.12) - 0.0241*max(0,X1+1.11) - 0.0227*max(0,X1-0.254) * max(0,X0+0.0911) + 0.0219*abs(X1) - 0.0209*X1 - 0.0201*max(0,X1+0.656) + 0.0189*max(0,X1-0.254) - 0.0134*max(0,1.26-X2) - 0.0121*max(0,0.785-X2) - 0.0114*X0 - 0.00894*max(0,1.34-X3) + 0.00886*abs(X0) - 0.00533*max(0,0.890-X3) - 0.00340*X2**2 - 0.00320*X0 * abs(X0) + 0.00154*max(0,X1-1.16) * abs(X0) - 0.00124*max(0,X1-0.254) * abs(X0)"
ffx,feynman_test_16,ok,0.614756,17.327815,1375,28.46,,"-0.532 - 7.63*max(0,X1-0.966) * max(0,X5-1.33) + 5.42*max(0,X0-0.752) * max(0,X1-1.44) + 4.82*max(0,X4-0.951) * max(0,X1-0.966) + 4.29*max(0,-0.516-X0) * max(0,X1-1.44) + 3.87*max(0,-0.516-X0) * max(0,X5-1.33) + 3.83*max(0,-0.0309-X5) * max(0,X1-1.44) + 3.70*max(0,X1-1.44) * max(0,-0.813-X3) - 3.09*max(0,-0.557-X2) * max(0,X1-1.44) + 2.67*max(0,-1.02-X2) * max(0,X0-1.18) + 2.10*max(0,X4-0.951) * max(0,X0-1.18) + 1.91*max(0,X4-0.951) * max(0,X5-0.876) - 1.80*max(0,X1-1.44) * max(0,-0.321-X3) - 1.44*max(0,-0.557-X2) * max(0,X0-1.18) + 1.40*max(0,X4-0.951) * max(0,X3-0.664) - 1.39*max(0,-0.557-X2) * max(0,X5-1.33) - 1.34*max(0,X3-0.664) * max(0,X1-1.44) - 1.32*max(0,X4-0.951) * max(0,X0-0.752) - 1.24*abs(X2) * max(0,X1-1.44) + 1.10*max(0,X5-0.876) * max(0,-0.321-X3) + 1.00*max(0,-0.813-X3) * max(0,X5-0.876) + 0.909*max(0,-1.02-X2) * max(0,X1-1.44) + 0.893*max(0,X0-1.18) * max(0,-0.321-X3) - 0.848*max(0,X4-0.951) * max(0,-0.813-X3) + 0.814*max(0,X3-0.664) * max(0,X5-0.876) - 0.797*max(0,X0-0.752) * max(0,X0-1.18) + 0.790*max(0,X0-1.18) * max(0,X5-0.876) + 0.782*max(0,-1.02-X2) * max(0,X5-0.422) - 0.729*max(0,X4-0.951) * max(0,-1.02-X2) - 0.702*X1 * max(0,X5-1.33) - 0.694*max(0,-0.939-X0) - 0.677*max(0,-0.0309-X5) * max(0,X1-0.966) - 0.671*max(0,-0.516-X0) * X1 - 0.664*max(0,X5-0.422) * max(0,-0.321-X3) - 0.627*max(0,-0.557-X2) * max(0,-0.813-X3) + 0.593*max(0,X5-1.33) + 0.593*max(0,X4-0.951) * max(0,-0.516-X0) - 0.590*max(0,-0.516-X0) * max(0,X5-0.876) - 0.566*max(0,-0.516-X0) * max(0,-0.813-X3) + 0.538*max(0,X3-0.664) * max(0,X1-0.966) - 0.518*max(0,-0.516-X0) * max(0,X1-0.966) + 0.499*max(0,X0-0.752) + 0.490*max(0,X0-0.752) * X1 - 0.439*max(0,-0.557-X2) * max(0,X5-0.876) + 0.432*max(0,-0.516-X0) * max(0,-1.02-X2) + 0.425*max(0,X2-1.29) - 0.417*max(0,-0.516-X0) * max(0,X3-0.664) - 0.405*max(0,X3-0.664) * max(0,X0-1.18) + 0.397*max(0,X3-0.664) * max(0,-1.02-X2) - 0.395*max(0,X2-0.832) - 0.393*max(0,X1-0.966) * max(0,X5-0.422) - 0.389*abs(X2) * max(0,X5-0.876) - 0.367*abs(X2) * max(0,X5-1.33) - 0.364*max(0,X1-1.44) * max(0,X5-0.422) + 0.351*max(0,X1+0.916) + 0.333*max(0,X1-0.0250) + 0.325*max(0,-0.516-X0) * max(0,X5-0.422) + 0.317*abs(X2) * max(0,X1-0.966) + 0.306*max(0,X4-0.951) * max(0,-0.557-X2) + 0.298*max(0,-1.02-X2) * max(0,-0.321-X3) + 0.253*max(0,X4-0.951) * X1 + 0.240*max(0,X0+0.516) + 0.237*abs(X2) * max(0,-0.321-X3) - 0.237*max(0,X4-0.951) * abs(X5) + 0.232*X1 - 0.228*max(0,0.172-X3) + 0.227*max(0,-0.516-X0) * abs(X5) - 0.221*max(0,-0.557-X2) * max(0,X3-0.664) - 0.219*max(0,-0.557-X2) * max(0,X1-0.966) - 0.214*max(0,-0.0309-X5) * max(0,X0-1.18) - 0.205*max(0,X1-0.966) + 0.186*max(0,X3-1.16) - 0.186*X1 * max(0,X0-1.18) + 0.181*max(0,-0.938-X5) - 0.177*max(0,-0.484-X5) - 0.158*max(0,0.422-X5) + 0.144*max(0,-0.0309-X5) * max(0,-0.321-X3) + 0.142*max(0,X4+0.00332) + 0.140*max(0,X3+0.813) - 0.130*abs(X2) * max(0,-0.516-X0) - 0.126*max(0,-0.516-X0) * max(0,-0.0309-X5) + 0.126*max(0,-0.516-X0) * max(0,-0.321-X3) - 0.119*max(0,0.966-X1) + 0.118*max(0,-0.916-X1) - 0.118*max(0,X0-0.752) * max(0,-0.813-X3) + 0.117*max(0,-0.813-X3) * max(0,-0.321-X3) + 0.114*max(0,-0.957-X4) - 0.113*max(0,X5+0.0309) * max(0,-0.321-X3) - 0.105*max(0,X4-0.951) * max(0,-0.0309-X5) - 0.101*max(0,-0.0309-X5) * X1 - 0.0972*max(0,0.474-X4) + 0.0906*max(0,X3-0.664) * abs(X5) + 0.0869*max(0,X4-1.43) + 0.0849*max(0,X3-0.664) * X1 + 0.0832*X3 - 0.0828*max(0,-0.446-X1) + 0.0785*max(0,0.369-X2) + 0.0780*abs(X2) * max(0,X5-0.422) + 0.0759*X1 * abs(X5) - 0.0752*max(0,-0.557-X2) * max(0,-1.02-X2) - 0.0735*max(0,X4-0.951) * max(0,-0.321-X3) + 0.0726*max(0,X4+0.957) - 0.0699*max(0,0.330-X0) - 0.0635*max(0,-0.557-X2) * max(0,X0-0.752) + 0.0631*max(0,X1-0.966) * max(0,X5-0.876) - 0.0601*max(0,-1.31-X3) + 0.0582*max(0,X2-0.369) - 0.0572*max(0,-0.557-X2) - 0.0459*abs(X2) * max(0,X3-0.664) - 0.0430*max(0,X1-0.966) * max(0,-0.321-X3) + 0.0424*abs(X2) * abs(X5) + 0.0417*max(0,X3-0.664) * max(0,-0.0309-X5) - 0.0400*abs(X5) - 0.0372*max(0,0.496-X1) - 0.0326*max(0,X4-0.951) * abs(X2) + 0.0283*max(0,X4+0.480) + 0.0252*max(0,X5+0.938) - 0.0235*abs(X2) * X1 + 0.0147*max(0,X3+0.321) - 0.00971*max(0,1.44-X1) - 0.00765*max(0,X0-0.752) * abs(X5) - 0.00760*X1 * max(0,-0.813-X3) + 0.00754*max(0,-0.557-X2) * max(0,-0.0309-X5) + 0.00423*abs(X2) * max(0,X0-0.752) + 0.00348*max(0,-1.02-X2) * X1 - 0.00273*max(0,-0.0309-X5) * max(0,-0.813-X3)"
ffx,feynman_test_17,ok,0.265648,799.844907,1476,25.0,,"0.270 - 23.7*max(0,X4-1.25) * max(0,X5-1.28) + 21.5*max(0,-1.18-X3) * max(0,X5-1.28) - 19.1*max(0,-1.18-X3) * max(0,X4-1.25) - 16.9*max(0,-0.727-X3) * max(0,X5-1.28) + 11.8*max(0,-0.727-X3) * max(0,X4-1.25) + 11.2*max(0,-0.727-X3) * max(0,X1-1.38) + 7.03*max(0,-0.727-X3) * max(0,X5-0.822) - 6.93*max(0,X1-1.38) * max(0,X5-0.822) + 6.68*max(0,X0-0.905) * max(0,X5-1.28) - 5.86*max(0,X4-0.310) * max(0,X5-1.28) - 5.31*max(0,-1.18-X3) * max(0,X4-0.310) - 4.67*max(0,X0-0.905) * max(0,X1-1.38) + 3.41*max(0,X4-0.310) * max(0,X5-0.822) - 3.37*max(0,X5-0.822) - 3.13*max(0,-0.727-X3) * max(0,X0-0.905) + 3.11*max(0,-1.18-X3) * max(0,-0.0558-X0) + 2.98*max(0,X5-1.28) + 2.89*max(0,X0-0.905) * max(0,X4-1.25) - 2.66*max(0,X0-0.905) * max(0,X5-0.822) - 2.63*max(0,X4-0.310) * max(0,X1-1.38) - 2.52*max(0,-1.18-X3) + 2.51*max(0,-1.18-X3) * max(0,-0.0382-X1) - 2.37*max(0,-1.18-X3) * max(0,X2-0.223) - 2.31*max(0,X4-1.25) * abs(X0) + 1.99*max(0,X4-1.25) * max(0,X1-1.38) + 1.94*max(0,X0+0.0558) * max(0,X5-1.28) + 1.86*max(0,X4-1.25) * max(0,X5-0.822) + 1.82*max(0,X2-1.09) - 1.79*max(0,X4-1.25) * max(0,X0+0.0558) + 1.76*max(0,X1-0.909) + 1.76*max(0,X1+0.0382) * max(0,X5-0.822) + 1.73*max(0,X4-1.25) * abs(X1) - 1.63*max(0,X4-1.25) * max(0,X1+0.0382) + 1.58*max(0,X1-1.38) - 1.55*max(0,-0.211-X2) * max(0,-0.0558-X0) + 1.36*max(0,-1.18-X3) * max(0,X1+0.0382) + 1.32*max(0,-0.727-X3) * max(0,X4-0.310) - 1.28*abs(X1) * max(0,X5-1.28) + 1.26*X0 * max(0,X1-1.38) + 1.17*max(0,X0-0.905) * max(0,-1.18-X3) + 1.09*max(0,X4-0.310) * max(0,X1+0.0382) - 1.05*abs(X0) * max(0,X2-0.223) - 1.03*max(0,X1-1.38) * max(0,X2-0.223) + 1.01*X0 * max(0,-0.727-X3) - 0.922*max(0,X1+0.0382) * max(0,X5-1.28) + 0.914*max(0,-0.727-X3) - 0.913*max(0,X1-1.38) * abs(X2) - 0.827*max(0,-0.727-X3) * abs(X1) + 0.799*max(0,X5-0.822) * max(0,X2-0.223) + 0.785*max(0,-0.211-X2) * max(0,-1.18-X3) + 0.746*max(0,0.223-X2) * max(0,-0.0558-X0) + 0.713*max(0,X5-0.822) * max(0,-0.0558-X0) + 0.711*max(0,X0+0.0558) * max(0,X2-0.223) + 0.684*max(0,-0.211-X2) * abs(X2) - 0.666*max(0,-1.08-X2) + 0.656*max(0,X0-0.905) * max(0,X4-0.310) + 0.642*max(0,X4-1.25) * abs(X2) + 0.581*max(0,-0.727-X3) * max(0,X1+0.0382) - 0.561*max(0,X0-0.905) * max(0,-0.0382-X1) + 0.554*max(0,-0.0558-X0) * max(0,X2-0.223) + 0.519*max(0,0.223-X2) * max(0,X5-0.822) + 0.509*max(0,X4-1.25) * max(0,X4-0.310) + 0.504*max(0,-0.985-X1) - 0.462*abs(X2) * max(0,X5-1.28) + 0.457*max(0,X0+0.0558) * max(0,X5-0.822) + 0.455*max(0,X4-0.310) * max(0,X0+0.0558) + 0.431*max(0,-0.727-X3) * max(0,X2-0.223) - 0.420*max(0,X4-0.310) * max(0,-0.0382-X1) - 0.419*max(0,X1-0.435) - 0.406*max(0,0.223-X2) - 0.402*max(0,-1.02-X0) - 0.371*max(0,-0.536-X0) - 0.370*max(0,0.310-X4) + 0.368*abs(X2) * max(0,-0.0558-X0) + 0.354*max(0,-0.727-X3) * max(0,X0+0.0558) - 0.348*max(0,-1.10-X4) - 0.329*max(0,X4-0.310) - 0.326*max(0,-0.0954-X5) + 0.314*max(0,-0.628-X4) + 0.306*abs(X1) * max(0,X5-0.822) - 0.305*max(0,X1+0.0382) * abs(X1) + 0.304*max(0,-1.01-X5) - 0.303*max(0,0.223-X2) * max(0,-0.0382-X1) - 0.295*max(0,-0.727-X3) * max(0,-0.0382-X1) - 0.290*max(0,-0.0382-X1) * max(0,X2-0.223) - 0.288*X0 * abs(X2) + 0.285*X0 * max(0,X0-0.905) + 0.284*max(0,-0.211-X2) * max(0,-0.0382-X1) + 0.276*max(0,X0+0.0558) * abs(X1) + 0.273*abs(X0) * max(0,X5-0.822) + 0.262*max(0,-0.0382-X1) * max(0,-0.0558-X0) + 0.261*max(0,X1+0.0382) * max(0,-0.0558-X0) + 0.250*max(0,X5-0.363) - 0.244*max(0,-0.727-X3) * max(0,-0.211-X2) - 0.209*max(0,-0.0382-X1) - 0.203*max(0,0.424-X0) - 0.190*max(0,-0.211-X2) * max(0,X5-1.28) - 0.190*max(0,X0-0.905) * abs(X2) - 0.188*max(0,X3-0.181) - 0.185*max(0,X5+0.0954) + 0.177*abs(X0) * max(0,X5-1.28) + 0.169*max(0,X0+0.0558) + 0.165*max(0,X4+0.159) - 0.158*abs(X2) - 0.156*max(0,0.435-X1) + 0.138*max(0,-0.727-X3) * max(0,-1.18-X3) + 0.137*max(0,X4-0.310) * abs(X1) - 0.118*X0 * max(0,-0.0382-X1) - 0.109*max(0,0.657-X2) + 0.103*max(0,X3-0.635) - 0.102*max(0,-0.554-X5) + 0.0984*max(0,-0.211-X2) * abs(X0) + 0.0950*abs(X4) + 0.0829*abs(X5) - 0.0756*max(0,X0-1.38) - 0.0727*max(0,X0-0.905) * max(0,X1+0.0382) - 0.0587*max(0,X4-0.310) * max(0,X2-0.223) + 0.0557*X0 * max(0,X4-0.310) + 0.0493*abs(X3) + 0.0463*max(0,X3-1.09) + 0.0418*X0 * abs(X0) + 0.0369*abs(X1) * max(0,-0.0382-X1) - 0.0335*max(0,X4-0.310) * abs(X0) + 0.0335*X5**2 + 0.0295*abs(X1) * max(0,-0.0558-X0) + 0.0292*max(0,X4-0.310) * abs(X2) + 0.0262*max(0,X1+0.0382) * max(0,X0+0.0558) - 0.0257*max(0,X0-0.905) * max(0,-0.211-X2) + 0.0252*max(0,-0.159-X4) + 0.0130*max(0,X0-0.905) * max(0,X2-0.223) + 0.0128*max(0,-0.211-X2) * abs(X1) + 0.0100*X2**2 - 0.00841*max(0,0.181-X3) - 0.00561*max(0,-0.273-X3) - 0.00443*X0 * max(0,-1.18-X3) + 0.00278*max(0,-0.211-X2) * max(0,X4-0.310) - 0.00242*abs(X1) * max(0,X2-0.223) + 0.00189*max(0,X2+0.211)"
ffx,feynman_test_18,ok,0.324402,0.445491,1969,30.2,,"0.448 + 78.4*max(0,X1-1.30) * max(0,-1.17-X0) + 31.3*max(0,-0.898-X2) * max(0,X1-1.30) - 17.4*max(0,-0.898-X2) * max(0,X1-0.381) - 16.3*max(0,-0.225-X0) * max(0,X1-1.30) - 14.0*max(0,X1-0.838) * max(0,-1.17-X0) + 9.39*max(0,X3-0.327) * max(0,-1.17-X0) + 5.79*max(0,-0.898-X2) * max(0,-1.17-X0) + 5.77*max(0,-0.898-X2) * abs(X1) + 5.64*max(0,X4-0.842) * max(0,-1.17-X0) - 5.17*max(0,-1.17-X0) * max(0,X3+0.134) + 5.03*max(0,-0.898-X2) * max(0,X1-0.838) - 4.58*max(0,X1+0.0759) * max(0,-1.17-X0) + 3.95*max(0,X1-0.838) * max(0,X1-1.30) - 3.92*max(0,X3-0.327) * max(0,X1-1.30) - 3.90*max(0,-0.898-X2) * max(0,-0.0759-X1) - 3.76*max(0,-1.17-X0) * max(0,-0.134-X3) + 3.48*max(0,-1.17-X0) * max(0,X1-0.381) + 3.36*max(0,-1.17-X0) * abs(X1) - 3.18*max(0,X1-1.30) + 3.07*max(0,-0.225-X0) * max(0,X1-0.838) - 2.51*max(0,-0.0759-X1) * max(0,-1.17-X0) + 2.23*max(0,X1+0.0759) * max(0,-0.898-X2) - 2.20*max(0,X1-0.838) * max(0,X3+0.134) + 2.17*X1 * max(0,-0.898-X2) + 2.06*max(0,-0.898-X2) * max(0,-0.134-X3) + 1.98*max(0,-0.970-X4) + 1.92*max(0,X1-1.30) * max(0,-0.134-X3) - 1.85*max(0,X1-0.838) * max(0,-0.134-X3) - 1.80*max(0,X2-1.28) - 1.71*max(0,-0.462-X2) + 1.70*max(0,X3-0.327) + 1.65*max(0,X1-1.30) * abs(X3) - 1.64*max(0,X2-0.409) - 1.58*max(0,-1.17-X0) * abs(X3) + 1.43*max(0,X4-1.29) + 1.40*abs(X0) * max(0,-1.17-X0) + 1.39*max(0,-0.225-X0) * max(0,-0.898-X2) + 1.38*abs(X0) * max(0,-0.0759-X1) + 1.37*max(0,X4-0.389) - 1.35*max(0,-0.225-X0) * max(0,X1-0.381) + 1.34*max(0,X4-0.842) * max(0,-0.0759-X1) + 1.33*max(0,X1-0.838) * max(0,X1-0.381) - 1.29*max(0,-0.225-X0) * max(0,-0.0759-X1) + 1.29*max(0,X4-0.842) * max(0,-0.898-X2) - 1.28*max(0,-0.134-X3) + 1.26*max(0,X1-1.30) * X3 + 1.26*X2**2 - 1.23*max(0,-0.225-X0) + 1.19*max(0,X1-1.30) * max(0,X3+0.134) + 1.10*max(0,X1-0.838) * abs(X3) - 1.08*max(0,X3-0.787) - 1.05*max(0,X1-1.30) * max(0,X1-0.381) - 1.04*X4**2 - 1.03*max(0,X3-0.327) * abs(X1) + 0.999*X1 * max(0,-1.17-X0) - 0.991*abs(X0) * max(0,X1-0.838) - 0.968*max(0,X0-0.249) + 0.947*max(0,-0.225-X0) * abs(X1) + 0.889*max(0,X1-0.838) * X3 + 0.871*max(0,-0.898-X2) * X3 + 0.844*X0**2 - 0.805*max(0,-1.06-X3) - 0.803*max(0,X0+0.225) - 0.792*max(0,-0.0759-X1) * max(0,-0.134-X3) + 0.731*max(0,X1-0.838) + 0.731*max(0,X3-0.327) * abs(X3) + 0.718*max(0,-0.225-X0) * max(0,X3+0.134) + 0.700*abs(X3) * max(0,-0.134-X3) - 0.689*max(0,X4-0.842) * abs(X1) - 0.687*max(0,-0.898-X2) * abs(X3) - 0.686*max(0,X4-0.842) * max(0,X3-0.327) - 0.646*abs(X0) * abs(X1) - 0.639*abs(X1) * max(0,X1-0.381) - 0.627*X1 * max(0,X1-1.30) - 0.626*max(0,-1.17-X0) * X3 - 0.622*max(0,-0.0759-X1) * max(0,X3+0.134) - 0.612*abs(X0) * max(0,-0.898-X2) + 0.611*max(0,X1-0.838) * max(0,X3-0.327) + 0.607*max(0,-0.0759-X1) * abs(X3) - 0.593*max(0,-0.533-X1) - 0.585*max(0,-0.225-X0) * max(0,-1.17-X0) + 0.574*X1 * max(0,X1-0.838) - 0.568*max(0,X4-0.842) * max(0,X1-0.838) - 0.566*max(0,X3+0.134) * abs(X3) - 0.559*max(0,X4-0.842) * max(0,X1-1.30) + 0.553*max(0,X4-0.842) * X1 - 0.548*max(0,X0-1.20) + 0.541*abs(X0) * X1 - 0.540*max(0,X2-0.844) - 0.528*max(0,-0.898-X2) * max(0,X3+0.134) - 0.520*max(0,X0-0.723) - 0.518*max(0,-0.699-X0) + 0.510*max(0,0.787-X3) - 0.503*max(0,1.25-X3) - 0.488*max(0,0.723-X0) + 0.484*abs(X1) * abs(X3) + 0.476*max(0,X3-1.25) + 0.468*max(0,-0.595-X3) + 0.455*max(0,X1+0.0759) * max(0,X1-0.838) + 0.451*max(0,X1-0.381) * max(0,-0.134-X3) + 0.439*max(0,-0.517-X4) - 0.437*max(0,-0.225-X0) * max(0,X3-0.327) + 0.426*max(0,0.327-X3) + 0.419*max(0,X4-0.842) * max(0,X1+0.0759) - 0.412*max(0,X1+0.0759) * abs(X3) - 0.393*max(0,X1-1.30) * abs(X1) + 0.388*max(0,X1-0.381) * abs(X3) + 0.385*abs(X4) - 0.374*abs(X0) * max(0,X3+0.134) + 0.369*abs(X0) + 0.361*max(0,X1+0.0759) * max(0,X1-1.30) + 0.359*abs(X0) * max(0,X1+0.0759) - 0.359*abs(X3) - 0.353*X1 * abs(X3) - 0.345*abs(X2) + 0.335*X3 * max(0,-0.134-X3) - 0.333*max(0,-0.898-X2) + 0.324*max(0,-0.0638-X4) + 0.323*abs(X0) * max(0,-0.225-X0) + 0.323*max(0,X4-0.842) + 0.304*max(0,X1+0.0759) * max(0,-0.134-X3) + 0.299*max(0,0.249-X0) - 0.293*max(0,X3-0.327) * max(0,-0.0759-X1) + 0.275*max(0,0.844-X2) - 0.274*max(0,X1+0.0759) * X1 - 0.273*abs(X0) * max(0,X3-0.327) + 0.264*max(0,X1+0.0759) * max(0,-0.225-X0) + 0.263*max(0,-0.0269-X2) + 0.260*max(0,X4-0.842) * abs(X3) + 0.257*X1 * max(0,X3+0.134) - 0.248*max(0,0.842-X4) - 0.244*max(0,-0.225-X0) * X1 - 0.241*max(0,X4-0.842) * max(0,-0.134-X3) - 0.239*max(0,0.389-X4) + 0.223*X1 * max(0,X3-0.327) + 0.219*max(0,1.29-X4) + 0.218*max(0,-0.0759-X1) * X3 - 0.203*max(0,1.20-X0) + 0.193*abs(X1) - 0.193*abs(X1) * max(0,-0.134-X3) + 0.188*abs(X0) * max(0,X1-0.381) - 0.188*abs(X0) * max(0,X1-1.30) + 0.186*abs(X1) * max(0,X3+0.134) - 0.171*max(0,1.30-X1) - 0.163*X1 * max(0,X1-0.381) - 0.162*max(0,X1+0.0759) * X3 - 0.158*X1 * X3 - 0.155*max(0,1.28-X2) + 0.142*max(0,-0.225-X0) * max(0,-0.134-X3) + 0.142*max(0,X4-0.842) * X3 + 0.134*max(0,X3+0.595) + 0.129*max(0,X1+0.0759) * max(0,X3-0.327) - 0.121*max(0,X1-0.838) * abs(X1) - 0.118*abs(X0) * max(0,-0.134-X3) + 0.116*abs(X0) * abs(X3) + 0.106*max(0,X4-0.842) * max(0,X3+0.134) - 0.102*max(0,-0.0759-X1) + 0.102*max(0,X4+0.0638) - 0.100*max(0,X1+0.0759) * max(0,X1-0.381) - 0.0971*X4 + 0.0935*max(0,-0.990-X1) - 0.0907*max(0,X3-0.327) * X3 + 0.0891*max(0,X1+0.0759) * max(0,X3+0.134) + 0.0890*max(0,0.381-X1) - 0.0885*max(0,X4-0.842) * max(0,-0.225-X0) - 0.0882*max(0,X4-0.842) * max(0,X1-0.381) + 0.0860*max(0,X3-0.327) * max(0,X1-0.381) + 0.0825*max(0,X3-0.327) * max(0,X3+0.134) + 0.0794*max(0,-0.898-X2) * max(0,X3-0.327) + 0.0764*max(0,X3+1.06) + 0.0759*X3 * max(0,X1-0.381) + 0.0749*max(0,X2+0.898) + 0.0698*X3**2 + 0.0643*abs(X0) * X3 - 0.0619*max(0,0.409-X2) - 0.0601*max(0,X0+0.699) - 0.0573*X1 + 0.0561*X0 + 0.0543*abs(X1) * X3 - 0.0500*max(0,X4+0.517) - 0.0490*max(0,X2+0.462) - 0.0466*max(0,X3+0.134) + 0.0426*max(0,X1+0.990) - 0.0424*X3 - 0.0423*X3 * max(0,X3+0.134) - 0.0390*max(0,-0.225-X0) * abs(X3) - 0.0361*max(0,X1+0.0759) * abs(X1) + 0.0357*max(0,X1+0.533) + 0.0328*max(0,X1-0.381) * max(0,X3+0.134) - 0.0317*X1 * abs(X1) - 0.0316*X1 * max(0,-0.134-X3) - 0.0267*X1**2 + 0.0258*max(0,0.838-X1) + 0.0235*X2 - 0.0191*max(0,X1+0.0759) + 0.0181*max(0,X2+0.0269) - 0.0177*X3 * abs(X3) - 0.0163*X1 * max(0,-0.0759-X1) - 0.0156*max(0,X1-0.381) + 0.0143*max(0,-0.225-X0) * X3 - 0.0112*max(0,X0+1.17) + 0.00755*max(0,X4+0.970) + 0.00439*max(0,-0.0759-X1) * abs(X1) - 0.000685*max(0,-1.17-X0)"
ffx,feynman_test_19,ok,0.362639,11.967438,1663,23.72,,"-0.727 - 27.2*max(0,X5-0.718) * max(0,X4-1.12) - 17.6*max(0,-0.625-X3) * max(0,X4-1.12) - 13.2*max(0,X3-1.17) * max(0,X0-1.38) + 13.0*max(0,X4-1.12) * max(0,-0.177-X3) + 12.3*max(0,X1-0.297) * max(0,X4-1.12) - 11.9*max(0,-0.167-X5) * max(0,X4-1.12) + 11.2*max(0,X5-0.718) * max(0,X3-1.17) + 10.5*max(0,-0.936-X0) * max(0,X4-1.12) + 10.3*abs(X5) * max(0,X4-1.12) + 8.31*max(0,-0.144-X1) * max(0,X4-1.12) + 7.41*max(0,X4-0.675) * max(0,-0.625-X3) - 6.68*max(0,X4-0.675) * max(0,X4-1.12) - 6.59*max(0,X5-0.718) * max(0,X0-1.38) + 5.74*max(0,X3-1.17) * max(0,-0.167-X5) + 5.05*max(0,X5-0.718) * max(0,X4-0.675) - 4.93*max(0,X4-1.12) - 4.71*max(0,X4-0.675) * max(0,X1-0.297) - 3.82*max(0,X4-0.675) * max(0,-0.177-X3) + 3.77*max(0,X0-1.38) * max(0,X1-0.297) + 3.42*max(0,X3-1.17) - 3.39*max(0,0.0109-X2) * max(0,X3-1.17) - 3.30*max(0,X4-0.675) * max(0,X3-1.17) - 3.15*max(0,X5-1.16) + 3.12*max(0,X3-1.17) * max(0,X1-0.297) + 3.07*max(0,X5-0.718) * max(0,-0.625-X3) + 3.04*max(0,X3-1.17) * max(0,X4-1.12) - 3.00*max(0,X0-1.38) * max(0,-0.167-X5) - 2.81*max(0,0.0109-X2) * max(0,X0-1.38) + 2.71*max(0,X3-1.17) * max(0,-0.936-X0) - 2.70*abs(X5) * max(0,X3-1.17) - 2.27*max(0,X3-1.17) * abs(X3) - 2.27*max(0,-0.936-X0) + 2.20*max(0,X0-1.38) * max(0,-0.625-X3) - 2.10*max(0,X3+0.177) * max(0,X4-1.12) + 2.06*max(0,X5-0.718) * abs(X5) - 2.06*max(0,X5-0.718) * abs(X3) - 1.99*max(0,X3-1.17) * max(0,-0.144-X1) + 1.89*max(0,-0.936-X0) * max(0,-0.144-X1) + 1.77*max(0,X0-0.921) + 1.73*max(0,X4-0.675) * max(0,X3+0.177) + 1.63*max(0,X4-0.675) * max(0,X1+0.144) + 1.63*max(0,X4-0.675) * max(0,0.0109-X2) + 1.49*max(0,-1.07-X3) - 1.47*max(0,-0.936-X0) * max(0,-0.625-X3) - 1.46*max(0,X3+0.177) * max(0,-0.144-X1) + 1.40*max(0,-0.167-X5) * max(0,X1-0.297) - 1.38*max(0,X5-0.718) * max(0,-0.177-X3) + 1.32*abs(X5) * max(0,-0.936-X0) - 1.31*max(0,-1.05-X5) + 1.27*max(0,-0.167-X5) * max(0,-0.625-X3) + 1.23*max(0,-0.936-X0) * max(0,X1-0.297) - 1.12*X1 * max(0,X0-1.38) + 1.09*max(0,X0-1.38) * max(0,-0.144-X1) - 1.09*max(0,X5-0.718) * max(0,0.0109-X2) + 1.06*max(0,X3+0.177) * abs(X1) - 1.02*max(0,X1+0.144) * max(0,X4-1.12) - 1.01*max(0,-0.585-X1) - 0.994*max(0,X1+0.144) * max(0,-0.167-X5) + 0.958*max(0,-0.472-X0) * max(0,X4-1.12) - 0.939*abs(X5) * max(0,-0.625-X3) - 0.935*max(0,X3+0.177) * max(0,X1-0.297) + 0.927*max(0,X1-0.738) + 0.913*max(0,X3-1.17) * max(0,X1+0.144) - 0.911*max(0,-0.936-X0) * max(0,X3+0.177) + 0.872*max(0,-0.936-X0) * abs(X3) + 0.860*max(0,X1+0.144) * max(0,-0.177-X3) + 0.855*max(0,X0-1.38) * abs(X1) - 0.833*max(0,-0.472-X0) * max(0,-0.167-X5) - 0.797*max(0,-0.167-X5) * abs(X3) - 0.791*max(0,-0.472-X0) * max(0,-0.625-X3) + 0.784*max(0,-0.472-X0) * max(0,X3+0.177) - 0.763*abs(X1) * max(0,-0.177-X3) - 0.753*max(0,-0.625-X3) * max(0,-0.177-X3) - 0.718*max(0,-0.472-X0) * abs(X1) + 0.706*max(0,0.0109-X2) * max(0,-0.936-X0) + 0.667*abs(X5) * max(0,-0.167-X5) - 0.663*max(0,X4-0.675) * abs(X3) + 0.659*max(0,-0.625-X3) * max(0,-0.144-X1) + 0.613*max(0,-0.472-X0) * abs(X3) - 0.598*max(0,X0-0.456) - 0.584*abs(X3) * max(0,X1-0.297) + 0.579*abs(X5) * abs(X3) - 0.557*max(0,X5-0.275) + 0.548*X1 * max(0,X3-1.17) + 0.541*max(0,X4-0.675) + 0.533*max(0,X1+0.144) * max(0,-0.625-X3) - 0.513*max(0,-0.456-X2) + 0.497*max(0,-0.656-X4) + 0.493*max(0,X4-0.675) * X1 - 0.451*max(0,X4-0.675) * max(0,-0.144-X1) + 0.449*abs(X3) + 0.439*max(0,X1-1.18) - 0.428*max(0,X3-0.272) - 0.425*max(0,X3+0.177) * max(0,-0.167-X5) - 0.414*max(0,0.0109-X2) * abs(X1) + 0.408*max(0,-0.472-X0) - 0.400*abs(X5) * max(0,-0.177-X3) + 0.389*abs(X1) - 0.371*max(0,-0.167-X5) * abs(X1) + 0.332*abs(X5) * max(0,-0.144-X1) + 0.319*abs(X0) - 0.319*max(0,X5-0.718) * max(0,-0.936-X0) + 0.302*max(0,0.0109-X2) * max(0,-0.144-X1) + 0.301*max(0,-0.922-X2) + 0.297*max(0,X5-0.718) * max(0,X3+0.177) + 0.295*abs(X3) * abs(X1) - 0.292*max(0,X1-0.297) + 0.282*abs(X5) * max(0,0.0109-X2) - 0.279*max(0,X1+0.144) * max(0,X1-0.297) - 0.277*max(0,-1.10-X4) - 0.274*max(0,X1+0.144) * abs(X3) + 0.271*max(0,X3+0.177) * abs(X3) + 0.270*max(0,X1+0.144) + 0.267*max(0,-0.144-X1) * abs(X1) - 0.263*max(0,0.275-X5) + 0.245*max(0,X2-0.477) + 0.226*max(0,-0.936-X0) * max(0,X1+0.144) - 0.221*max(0,-0.472-X0) * max(0,-0.144-X1) - 0.217*max(0,-0.212-X4) + 0.200*abs(X5) * abs(X1) + 0.193*max(0,0.0109-X2) * max(0,X1-0.297) - 0.190*max(0,-1.03-X1) - 0.186*max(0,0.0109-X2) * max(0,X4-1.12) - 0.179*max(0,X1+0.144) * max(0,X3+0.177) - 0.176*X0**2 + 0.170*abs(X4) - 0.153*max(0,X4-0.232) + 0.151*max(0,0.0109-X2) * max(0,X3+0.177) - 0.149*max(0,X1+0.144) * abs(X1) + 0.148*max(0,-0.00784-X0) + 0.133*max(0,X3-0.720) + 0.122*max(0,X2-1.41) - 0.113*max(0,0.232-X4) - 0.113*max(0,X3+0.177) - 0.0972*X4**2 - 0.0855*abs(X3) * max(0,-0.177-X3) - 0.0839*max(0,0.0109-X2) * max(0,-0.167-X5) - 0.0838*max(0,X2+0.456) - 0.0827*max(0,X5-0.718) * max(0,X1-0.297) + 0.0807*max(0,0.477-X2) - 0.0804*max(0,X3-1.17) * max(0,X3+0.177) - 0.0644*max(0,X5-0.718) * max(0,X1+0.144) - 0.0573*max(0,X5-0.718) * X1 + 0.0506*max(0,X4+0.656) - 0.0480*X2**2 + 0.0370*max(0,X4-0.675) * max(0,X0-1.38) - 0.0361*max(0,X4-0.675) * max(0,-0.167-X5) + 0.0329*max(0,0.0109-X2) * abs(X3) + 0.0301*abs(X5) * max(0,X1-0.297) - 0.0295*max(0,0.297-X1) - 0.00834*X1 * max(0,-0.144-X1) + 0.00226*max(0,X0-1.38) * max(0,X4-1.12) - 3.63e-5*X1 * max(0,X4-1.12)"
ffx,feynman_test_2,ok,-10431.39169,146.17821,1989,45.37,,"0.739 + 1469*max(0,X0-0.932) * max(0,X4-1.43) - 256*max(0,-0.927-X5) * max(0,X4-1.43) + 127*max(0,X0-0.447) * max(0,X4-1.43) - 117*max(0,-1.05-X2) * max(0,X3-1.26) + 110*max(0,-0.522-X0) * max(0,X3-1.26) - 83.2*max(0,X1-1.29) * max(0,-0.927-X5) + 70.3*max(0,-1.05-X2) * max(0,X4-0.962) + 68.9*max(0,-0.593-X2) * max(0,X4-1.43) - 66.0*max(0,-0.0376-X0) * max(0,X3-1.26) - 64.5*max(0,X4-1.43) * max(0,X3-1.26) + 63.3*max(0,X4-0.962) * max(0,X3-1.26) + 62.3*max(0,X1-1.29) * max(0,X3-1.26) + 54.8*max(0,-0.927-X5) * max(0,X3-1.26) + 47.7*max(0,X1-1.29) * max(0,X4-1.43) + 37.4*max(0,X0-0.932) * max(0,X3-1.26) + 37.3*max(0,-0.492-X5) * max(0,X3-1.26) - 33.4*max(0,-0.593-X2) * max(0,X4-0.962) - 31.4*max(0,X0-0.932) * max(0,X3-0.811) + 30.4*max(0,-1.05-X2) * max(0,X3-0.811) + 27.3*max(0,-0.927-X5) * max(0,X4-0.962) - 26.2*max(0,X1-1.29) * max(0,X4-0.962) + 25.5*max(0,X0-0.932) * max(0,X4-0.962) - 25.1*max(0,-0.927-X5) * max(0,X3-0.811) - 25.1*max(0,-1.05-X2) * max(0,X4-1.43) - 25.0*max(0,-0.0565-X5) * max(0,X3-1.26) + 24.4*max(0,X4-1.43) * max(0,-0.492-X5) - 22.8*max(0,-0.492-X5) * max(0,X4-0.962) + 22.7*max(0,X0-0.932) * max(0,-0.492-X5) - 20.7*max(0,X3-0.811) * max(0,X3-1.26) - 20.1*max(0,X1-1.29) * max(0,X3-0.811) - 18.2*max(0,-0.891-X4) * max(0,X0-0.932) - 16.4*max(0,-0.891-X4) * max(0,X3-1.26) + 16.2*max(0,X1-1.29) * max(0,X3-0.365) + 15.9*max(0,-1.05-X2) * max(0,-0.927-X5) + 15.7*max(0,X0-0.932) * max(0,X3-0.365) - 14.4*max(0,X0-0.932) * max(0,-0.0565-X5) - 14.4*max(0,X3-0.811) * max(0,X4-0.962) + 14.4*max(0,X3-1.26) - 14.1*max(0,X0-0.447) * max(0,X4-0.962) - 13.4*max(0,-0.522-X0) * max(0,-0.492-X5) + 12.9*max(0,X0-0.447) * max(0,X3-0.811) + 12.4*max(0,-0.891-X4) * max(0,-0.927-X5) - 12.2*max(0,X4-1.43) * max(0,X4-0.962) + 12.1*max(0,X3-0.365) * max(0,X4-1.43) - 10.8*max(0,-0.593-X2) * max(0,-0.927-X5) - 10.0*max(0,X0-0.447) * max(0,X3-1.26) + 9.83*max(0,-1.05-X2) * max(0,X3-0.365) + 9.64*max(0,-0.593-X2) * max(0,-0.0565-X5) + 9.56*max(0,-1.05-X2) + 8.95*max(0,-0.522-X0) * max(0,-0.0565-X5) + 8.80*max(0,-0.593-X2) * max(0,X3-0.811) - 8.58*max(0,-1.05-X2) * max(0,-0.0565-X5) + 8.54*max(0,-0.0565-X5) * max(0,X3-0.811) + 8.39*max(0,-0.891-X4) * max(0,X0-0.447) - 8.05*max(0,-0.593-X2) * max(0,-0.492-X5) - 7.78*max(0,X4-1.43) * max(0,X3-0.811) - 6.90*max(0,-0.522-X0) * max(0,X4-0.962) - 6.82*max(0,-0.593-X2) * max(0,-0.891-X4) - 6.71*max(0,-1.05-X2) * max(0,X0-0.447) - 6.44*max(0,X0-0.447) * max(0,X3-0.365) - 6.25*max(0,-0.593-X2) * max(0,-1.05-X2) + 5.95*max(0,X3-0.365) * max(0,-0.927-X5) + 5.49*max(0,-1.05-X2) * max(0,X0-0.932) - 5.28*max(0,-0.891-X4) * max(0,-0.492-X5) + 5.21*max(0,X0-0.447) * max(0,-0.0565-X5) - 4.90*max(0,-0.0565-X5) * max(0,-0.927-X5) - 4.75*max(0,-0.593-X2) * max(0,X3-0.365) - 4.67*max(0,X0-0.447) * max(0,-0.492-X5) - 4.64*max(0,-1.05-X2) * max(0,-0.0376-X0) - 4.63*max(0,-0.522-X0) * max(0,X3-0.811) + 4.63*max(0,-0.0565-X5) * max(0,X4-0.962) + 4.57*max(0,-0.891-X4) * max(0,-1.05-X2) + 4.52*max(0,-1.05-X2) * max(0,-0.522-X0) - 4.52*max(0,-0.492-X5) * max(0,X3-0.811) + 4.41*max(0,X1-1.29) * max(0,-0.0376-X0) - 4.40*max(0,-0.525-X3) + 3.97*max(0,X4-1.43) + 3.84*max(0,-0.971-X3) + 3.69*max(0,-0.522-X0) * max(0,X3-0.365) + 3.63*max(0,-0.0376-X0) * max(0,-0.492-X5) + 3.48*max(0,X0-0.447) * max(0,X0-0.932) + 3.40*max(0,X1-1.29) * max(0,-0.492-X5) - 3.34*max(0,X0-0.447) * max(0,-0.927-X5) - 3.14*max(0,-0.522-X0) + 3.14*max(0,-0.927-X5) + 3.11*max(0,-0.593-X2) * max(0,-0.522-X0) + 3.09*max(0,X1-1.29) * max(0,-0.0565-X5) + 2.93*max(0,X3-0.365) * max(0,-0.492-X5) + 2.92*max(0,X3-0.365) * max(0,X4-0.962) + 2.77*max(0,-0.891-X4) * max(0,X3-0.365) + 2.64*max(0,-0.0565-X5) * max(0,X4-1.43) + 2.51*max(0,-0.891-X4) + 2.39*max(0,-1.05-X2) * max(0,-0.492-X5) - 2.32*max(0,-0.0376-X0) * max(0,-0.0565-X5) - 2.29*max(0,X0-0.447) - 2.12*max(0,X5-1.25) - 2.09*max(0,X0-0.932) + 2.03*max(0,-0.0376-X0) * max(0,X4-1.43) + 1.95*max(0,-0.0565-X5) * max(0,-0.492-X5) - 1.95*max(0,X0-1.42) + 1.93*max(0,-0.0801-X3) + 1.87*max(0,X4-0.962) - 1.87*max(0,X4-0.499) + 1.83*max(0,X0+0.0376) - 1.82*max(0,X1-1.29) + 1.71*max(0,X3-0.365) * max(0,X3-1.26) - 1.63*max(0,-0.0565-X5) * max(0,X3-0.365) + 1.54*max(0,-0.593-X2) * max(0,X0-0.932) + 1.54*max(0,-0.522-X0) * max(0,X4-1.43) + 1.54*max(0,-0.927-X5) * max(0,-0.492-X5) + 1.52*max(0,-0.0376-X0) * max(0,X4-0.962) - 1.50*max(0,-0.522-X0) * max(0,-0.927-X5) - 1.45*max(0,-0.593-X2) * max(0,-0.0376-X0) + 1.34*max(0,X4-0.0354) + 1.32*max(0,-0.891-X4) * max(0,-0.0376-X0) - 1.20*max(0,X0-0.932) * max(0,-0.927-X5) + 1.19*max(0,X3-0.811) - 1.18*max(0,-0.0565-X5) - 1.13*max(0,-0.428-X4) - 1.12*max(0,X3-0.365) * max(0,X3-0.811) - 1.10*max(0,-0.593-X2) * max(0,X3-1.26) + 1.09*max(0,-0.0376-X0) * max(0,-0.927-X5) + 1.01*max(0,-0.522-X0) * max(0,-0.0376-X0) + 0.986*max(0,-0.593-X2) * max(0,X0-0.447) + 0.981*max(0,-1.01-X0) - 0.957*max(0,0.499-X4) - 0.922*max(0,-0.891-X4) * max(0,-0.0565-X5) + 0.791*max(0,-0.132-X2) - 0.789*X2**2 - 0.766*max(0,-0.891-X4) * max(0,-0.522-X0) + 0.747*max(0,X1-0.358) + 0.742*max(0,0.0354-X4) + 0.727*max(0,X1-1.29) * max(0,X0-0.932) - 0.721*max(0,X0+0.522) + 0.704*max(0,X2-0.329) - 0.704*max(0,X3-0.365) - 0.643*max(0,-0.891-X4) * max(0,X3-0.811) + 0.585*max(0,X3+0.0801) - 0.557*max(0,-0.0376-X0) * max(0,X3-0.811) - 0.550*max(0,-0.593-X2) + 0.530*max(0,X2-0.789) - 0.498*max(0,-0.0376-X0) * max(0,X3-0.365) - 0.473*max(0,X4+0.428) - 0.472*max(0,X3+0.525) + 0.446*max(0,-0.0376-X0) - 0.441*max(0,X1+0.109) - 0.383*max(0,X2-1.25) - 0.303*max(0,0.379-X5) - 0.272*max(0,-0.109-X1) + 0.271*X2 - 0.265*max(0,X5-0.379) + 0.261*max(0,-0.492-X5) + 0.253*max(0,-1.04-X1) - 0.243*max(0,X2+1.05) - 0.222*max(0,0.365-X3) + 0.202*max(0,0.358-X1) - 0.199*max(0,X5+0.0565) + 0.151*max(0,X5+0.492) + 0.150*max(0,0.962-X4) - 0.140*max(0,0.447-X0) - 0.139*max(0,X1-0.825) + 0.133*max(0,X1+0.575) + 0.0984*max(0,-0.575-X1) + 0.0926*max(0,0.811-X3) + 0.0753*max(0,X5+0.927) - 0.0692*max(0,X5-0.814) - 0.0635*max(0,X2+0.132) + 0.0442*max(0,0.932-X0)"
ffx,feynman_test_20,ok,-0.109706,3.851595,1282,24.17,,"-0.188 - 62.9*max(0,X1-0.837) * max(0,X3-1.23) - 47.0*max(0,X3-0.788) * max(0,X1-1.28) - 41.4*max(0,X1-1.28) * max(0,X4-1.31) - 27.1*max(0,X3-1.23) * max(0,-1.15-X5) + 24.8*max(0,X3-0.788) * max(0,X1-0.837) - 19.3*max(0,X1-1.28) * max(0,-0.663-X5) - 17.8*max(0,-1.15-X5) * max(0,X4-1.31) + 14.7*max(0,X1-1.28) * max(0,-0.914-X0) + 14.3*max(0,X1-0.837) * max(0,X4-1.31) + 13.3*max(0,X1-1.28) * max(0,-1.15-X5) + 12.7*max(0,-1.15-X5) * max(0,-0.914-X0) + 11.5*max(0,-0.914-X0) * max(0,-1.04-X4) - 9.95*max(0,-0.914-X0) * max(0,X4-1.31) + 8.90*max(0,X1-0.837) * max(0,-0.663-X5) - 7.68*max(0,X3-1.23) * max(0,-1.04-X4) - 7.51*max(0,X1-0.837) * max(0,-1.15-X5) + 7.46*max(0,X2-1.07) * max(0,-0.914-X0) + 6.80*max(0,X3-1.23) * max(0,-0.914-X0) + 5.91*max(0,X3-0.788) * max(0,-1.04-X4) + 5.83*max(0,X3-1.23) * max(0,-0.663-X5) - 3.85*max(0,X3-1.23) * max(0,-0.566-X4) + 3.74*max(0,X2-1.07) * max(0,-1.15-X5) - 3.70*max(0,X5-0.792) * max(0,X1-1.28) + 3.56*max(0,X1-0.837) * max(0,-0.914-X0) + 2.90*max(0,X2-1.07) * max(0,X1-0.837) + 2.76*max(0,-0.663-X5) * max(0,-1.04-X4) - 2.69*max(0,X2-1.07) * max(0,X1-1.28) - 2.67*max(0,X4-0.372) * max(0,-0.914-X0) - 2.50*max(0,-1.15-X5) * max(0,X4-0.842) + 2.47*max(0,X2-1.07) * max(0,-0.955-X1) - 2.47*max(0,-0.955-X1) * max(0,X4-1.31) + 2.36*max(0,X2-1.07) * max(0,X4-1.31) + 2.14*max(0,X5-0.792) * max(0,-0.914-X0) + 1.93*max(0,X5-0.792) * max(0,X4-1.31) - 1.92*max(0,-0.914-X0) * max(0,-0.566-X4) + 1.73*max(0,X5-0.792) * max(0,X1-0.837) - 1.58*max(0,-0.955-X1) * max(0,X3-1.23) + 1.55*max(0,X1-0.837) * max(0,X1-1.28) - 1.54*max(0,-1.15-X5) * max(0,-1.04-X4) + 1.38*max(0,X2-1.07) * max(0,X3-1.23) - 0.961*max(0,X5-0.307) * max(0,-0.914-X0) - 0.848*max(0,X1-0.837) - 0.842*max(0,X2-1.07) * max(0,-1.04-X4) - 0.766*max(0,X1-0.837) * max(0,-1.04-X4) - 0.755*max(0,X3-0.788) * max(0,X4-1.31) + 0.729*max(0,-0.955-X1) * max(0,-0.663-X5) + 0.714*max(0,-0.663-X5) * max(0,-0.914-X0) - 0.666*max(0,-0.663-X5) * max(0,-0.566-X4) + 0.634*max(0,X4-0.372) * max(0,-1.15-X5) + 0.611*max(0,X3-0.788) * max(0,-0.663-X5) + 0.593*max(0,-0.955-X1) * max(0,X4-0.842) + 0.552*max(0,X1-0.837) * max(0,-0.566-X4) - 0.546*max(0,-0.947-X6) - 0.532*max(0,X5-0.792) * max(0,-1.04-X4) - 0.520*max(0,-0.955-X1) * max(0,-0.914-X0) + 0.515*max(0,-1.15-X5) * max(0,-0.663-X5) - 0.486*max(0,X6-1.21) + 0.478*max(0,-0.516-X6) - 0.466*max(0,X5-0.307) * max(0,-1.04-X4) + 0.442*max(0,X5-1.28) - 0.439*max(0,X2-1.07) * max(0,X4-0.842) + 0.433*max(0,-0.914-X0) - 0.420*max(0,X4-0.842) * max(0,X4-1.31) + 0.409*max(0,X1-1.28) + 0.384*max(0,X4-0.372) * max(0,-0.663-X5) + 0.381*max(0,X5-0.307) * max(0,-0.566-X4) - 0.354*max(0,X2-1.07) * max(0,X5-0.307) - 0.351*max(0,-0.955-X1) * max(0,-1.15-X5) + 0.342*max(0,-0.969-X3) - 0.277*max(0,X5-0.792) - 0.254*max(0,X2-1.07) * max(0,-0.663-X5) + 0.254*max(0,-1.20-X2) + 0.232*max(0,X3-0.788) - 0.231*max(0,X3-0.349) + 0.225*max(0,-0.663-X5) * max(0,X4-1.31) + 0.190*max(0,-0.955-X1) - 0.178*max(0,-0.566-X4) + 0.159*max(0,0.372-X4) - 0.159*max(0,X5-0.792) * max(0,X4-0.842) - 0.150*max(0,-0.0859-X6) - 0.138*max(0,-0.178-X5) - 0.138*max(0,X0-1.33) + 0.130*max(0,X5-0.307) * max(0,X3-0.788) + 0.121*max(0,X4-0.372) * max(0,X3-1.23) - 0.117*max(0,X2-1.07) * max(0,-0.566-X4) - 0.116*max(0,-0.0903-X3) - 0.0943*max(0,-0.663-X5) - 0.0935*max(0,X5-0.792) * max(0,X3-0.788) - 0.0922*max(0,X2-0.162) - 0.0877*max(0,-0.0590-X1) - 0.0791*max(0,0.162-X2) - 0.0753*max(0,X5-0.792) * max(0,X3-1.23) + 0.0707*max(0,X3+0.529) + 0.0561*max(0,X2-0.614) + 0.0552*max(0,X4-0.372) - 0.0482*max(0,0.389-X1) - 0.0349*max(0,-0.566-X4) * max(0,-1.04-X4) - 0.0237*max(0,X6-0.775) - 0.0220*X0**2 + 0.0202*max(0,X5-0.307) * max(0,X1-0.837) - 0.0148*max(0,X5-0.307) * max(0,-0.955-X1) - 0.0105*max(0,X3-0.788) * max(0,-0.955-X1) + 0.00818*max(0,X1-0.837) * max(0,X4-0.842) - 0.00717*max(0,X1-0.389) - 0.00672*max(0,X1-1.28) * max(0,-1.04-X4) - 0.00424*max(0,0.433-X0) + 0.00166*max(0,X5-0.307)"
ffx,feynman_test_3,ok,0.99647,0.131219,72,21.1,,(0.120 - 0.333*X1 - 0.301*X0 - 0.276*X1 - 0.257*X0 + 0.108*X3 * X2 - 0.0893*X0 * X1 - 0.0742*X1 * X0 - 0.0572*X3**2 - 0.0249*X2**2 - 0.0211*X2**2 - 0.00145*X2 - 0.00120*X2) / (1.0 + 0.0527*X3 * X2 - 0.0472*X3**2 - 0.0207*X2**2 - 0.0170*X2**2 - 0.0149*X0**2 - 0.0142*X1**2 - 0.0126*X1**2 - 0.00839*X0**2 + 0.00340*X3 + 0.00262*X3 * X1 - 0.00184*X1 - 0.00148*X1 - 0.000475*X2 * X1)
ffx,feynman_test_4,ok,0.997643,0.023871,85,20.54,,-0.112 - 0.728*X0 + 0.406*X1 - 0.200*X2 + 0.159*X0**2 - 0.0657*abs(X0) * X0 - 0.0610*X1 * X0 - 0.0492*X3 + 0.0491*X4 - 0.0365*X4 * X0 + 0.0358*X4 * abs(X0) - 0.0319*X4**2 + 0.0281*X3 * X4 + 0.0269*abs(X0) * X1 + 0.0238*X2 * X0 - 0.0229*X3 * abs(X0) + 0.0221*X3 * X0 - 0.0112*abs(X1) + 0.00698*X2 * X1 - 0.00374*X1**2 - 0.000345*X2**2
ffx,feynman_test_5,ok,0.995177,0.20387,86,20.85,,-0.133 + 0.847*X0 - 0.264*X1 - 0.140*X1 * X0 - 0.129*X2 - 0.127*X3 + 0.0710*abs(X1) * X0 + 0.0615*X1**2 + 0.0556*X0**2 - 0.0528*X3 * X0 - 0.0489*X2 * X0 - 0.0324*abs(X1) * X1 - 0.0191*abs(X0) * X1 + 0.0167*abs(X1) + 0.0161*X3 * X2 + 0.0158*X2 * X1 + 0.0119*X3 * X1 + 0.00975*X2**2 - 0.00917*abs(X1) * X3 - 0.00701*abs(X1) * X2 + 0.00512*abs(X3)
ffx,feynman_test_6,ok,-1.618087,0.857088,1337,23.97,,"-0.646 + 40.2*max(0,X0-1.25) * max(0,X1-1.30) + 20.9*max(0,-1.09-X4) * max(0,X1-1.30) - 18.2*max(0,-0.589-X6) * max(0,X1-1.30) + 15.5*max(0,X2-1.21) * max(0,-0.984-X5) - 12.8*max(0,X3-1.06) * max(0,X1-1.30) - 10.8*max(0,X5-1.31) * max(0,X1-1.30) - 8.54*max(0,X0-1.25) * max(0,-1.06-X2) - 6.68*max(0,-0.984-X5) * max(0,X1-1.30) + 5.78*max(0,X3-1.06) * max(0,X1-0.830) + 4.87*max(0,-0.637-X4) * max(0,X2-1.21) + 4.82*max(0,-0.607-X2) * max(0,X0-1.25) - 3.70*max(0,-0.550-X0) * max(0,X2-1.21) + 3.36*max(0,-0.637-X4) * max(0,-0.984-X5) + 3.18*max(0,X3-1.06) * max(0,X2-0.755) + 2.93*max(0,X1-0.830) * max(0,X5-1.31) + 2.73*max(0,-0.0669-X5) * max(0,X1-1.30) + 2.51*max(0,X3-1.06) * max(0,-1.09-X4) - 2.34*max(0,X2-0.755) * max(0,-0.637-X4) - 2.26*max(0,-0.589-X6) * max(0,-1.06-X2) + 2.15*max(0,-0.0669-X5) * max(0,X2-1.21) + 1.79*max(0,X5-1.31) * max(0,X0-1.25) - 1.70*max(0,X3-1.06) * max(0,-1.06-X2) - 1.51*max(0,X2-0.755) * max(0,-0.0669-X5) - 1.49*max(0,-0.525-X5) * max(0,-1.06-X2) + 1.48*max(0,X2-0.755) * max(0,-0.984-X5) + 1.40*max(0,X3-1.06) * max(0,-0.589-X6) + 1.38*max(0,-1.09-X4) * max(0,-0.589-X6) - 1.36*max(0,-0.637-X4) * max(0,-0.589-X6) - 1.25*max(0,-1.06-X2) * max(0,X1-1.30) + 1.22*max(0,-0.550-X0) * max(0,X1-1.30) - 1.21*max(0,-0.589-X6) * max(0,X5-1.31) - 1.16*max(0,-0.550-X0) * max(0,-0.984-X5) - 1.15*max(0,X1-0.830) * max(0,-1.09-X4) + 1.14*max(0,-0.550-X0) * max(0,X2-0.755) + 1.07*max(0,X1-0.830) * max(0,X1-1.30) - 1.06*max(0,X1-0.830) * max(0,-0.984-X5) + 1.04*max(0,-0.525-X5) * max(0,-0.637-X4) - 1.02*max(0,X3-1.06) * max(0,-0.525-X5) - 0.842*max(0,X3-1.06) * max(0,X0-1.25) + 0.830*max(0,-0.550-X0) * max(0,X3-1.06) - 0.781*max(0,-0.550-X0) * max(0,-0.637-X4) + 0.768*max(0,X2-0.755) * max(0,X1-0.830) + 0.755*max(0,-0.607-X2) * max(0,-0.589-X6) - 0.734*max(0,-1.09-X4) * max(0,-0.607-X2) + 0.724*max(0,X2-0.755) * max(0,-1.09-X4) + 0.709*max(0,X1-0.830) * max(0,-0.0669-X5) - 0.662*max(0,X3-1.06) * max(0,-0.984-X5) - 0.658*max(0,X1-0.830) - 0.631*max(0,X2-1.21) * max(0,X0-1.25) + 0.610*max(0,-0.550-X0) * max(0,-1.09-X4) - 0.546*max(0,X3-1.06) * max(0,-0.637-X4) + 0.538*max(0,-1.06-X2) + 0.525*max(0,-0.637-X4) * max(0,X1-1.30) - 0.517*max(0,X4-0.715) - 0.487*max(0,X6-0.766) + 0.469*max(0,X6-1.22) - 0.456*max(0,X3-1.06) * max(0,X5-1.31) - 0.446*max(0,-0.607-X2) * max(0,X5-1.31) - 0.363*max(0,X3-1.06) * max(0,-0.0669-X5) + 0.358*max(0,-0.0669-X5) + 0.357*max(0,-0.525-X5) * max(0,-0.984-X5) + 0.342*max(0,-0.0669-X5) * max(0,-0.984-X5) - 0.323*max(0,-0.0669-X5) * max(0,-1.06-X2) + 0.321*max(0,-0.984-X5) * max(0,-0.607-X2) + 0.321*max(0,-0.525-X5) * max(0,X2-1.21) - 0.320*max(0,-1.04-X6) - 0.298*max(0,-0.550-X0) * max(0,-0.607-X2) + 0.298*max(0,-0.607-X2) - 0.293*max(0,-0.574-X1) + 0.288*max(0,X6+0.137) - 0.287*max(0,-0.984-X5) * max(0,-0.589-X6) - 0.285*max(0,X5-0.850) + 0.261*max(0,X3-1.06) * max(0,-0.607-X2) - 0.240*max(0,-0.550-X0) * max(0,X1-0.830) + 0.227*max(0,-0.550-X0) * max(0,-0.589-X6) + 0.208*max(0,-0.0669-X5) * max(0,-1.09-X4) + 0.207*max(0,0.636-X3) - 0.206*max(0,-0.550-X0) * max(0,X5-1.31) + 0.198*max(0,X1-0.362) - 0.196*max(0,-0.550-X0) * max(0,-0.0669-X5) + 0.188*max(0,0.265-X4) + 0.180*max(0,-0.637-X4) * max(0,X5-1.31) + 0.162*max(0,-0.0669-X5) * max(0,-0.607-X2) + 0.155*max(0,X4-0.265) + 0.155*max(0,X0-1.25) - 0.152*max(0,X2-1.21) * max(0,X5-1.31) - 0.143*max(0,X5-0.392) + 0.143*max(0,-1.09-X4) + 0.137*max(0,-0.137-X6) - 0.129*max(0,-1.00-X0) + 0.110*max(0,X0-0.802) + 0.108*max(0,-1.04-X1) + 0.105*max(0,X0-0.351) - 0.102*max(0,X1-0.830) * max(0,-0.607-X2) - 0.101*max(0,0.301-X2) - 0.0910*max(0,X4-1.17) + 0.0830*max(0,X2-0.755) * max(0,X2-1.21) - 0.0778*max(0,-0.0669-X5) * max(0,-0.589-X6) + 0.0752*max(0,-0.186-X4) * max(0,-1.06-X2) + 0.0747*max(0,-0.186-X4) + 0.0686*max(0,X3-0.209) - 0.0498*X3 + 0.0448*X4**2 - 0.0380*max(0,X1+0.106) - 0.0377*max(0,-0.106-X1) + 0.0374*max(0,X2+0.607) + 0.0243*max(0,-0.0993-X0) - 0.0183*max(0,X2-0.755) * max(0,-0.589-X6) - 0.0118*max(0,X3+0.219) + 0.000824*X3**2"
ffx,feynman_test_7,ok,0.99738,0.069154,40,10.29,,0.128 + 0.781*X1 + 0.682*X0 + 0.0877*X0 * X1 - 0.0552*X1**2 - 0.0436*X0**2 + 0.0420*X4 - 0.0292*X3 - 0.0126*X4**2 - 0.00655*X2 + 0.00138*X3 * X0
ffx,feynman_test_8,ok,0.995314,0.031535,104,22.14,,0.157 + 0.740*X0 + 0.425*X2 - 0.299*X3 + 0.259*X1 + 0.191*X2 * X0 - 0.123*X2**2 - 0.121*X3 * X0 + 0.0910*X1 * X0 + 0.0618*X3 * X2 + 0.0592*abs(X3) + 0.0527*abs(X2) * X2 - 0.0526*X1**2 - 0.0499*abs(X2) * X0 - 0.0468*abs(X0) - 0.0432*X1 * X2 - 0.0411*abs(X1) * X0 + 0.0320*X3**2 + 0.0290*X1 * X3 - 0.0191*abs(X2) * X1 + 0.0165*abs(X1) * X2 - 0.0120*abs(X2) + 0.0114*abs(X2) * X3 + 0.00621*abs(X1) - 0.00444*X0**2
ffx,feynman_test_9,ok,0.309284,5127.49862,1084,10.97,,"0.307 + 38.0*max(0,X0-1.24) * max(0,-0.976-X1) - 23.2*max(0,X0-0.765) * max(0,-0.976-X1) + 11.4*max(0,-1.06-X4) * max(0,-0.976-X1) - 8.58*max(0,X1-1.31) * max(0,X0-1.24) - 6.27*max(0,-0.609-X4) * max(0,-0.976-X1) + 5.09*max(0,X1-1.31) * max(0,-1.06-X4) + 3.34*max(0,X2-0.783) * max(0,X0-1.24) - 2.89*max(0,-1.06-X4) * max(0,X0-1.24) + 2.32*max(0,-0.609-X4) * max(0,X0-1.24) - 2.18*max(0,X0-0.765) * max(0,-1.06-X4) + 2.17*max(0,X0-0.765) * max(0,X1-1.31) + 2.17*abs(X2) * max(0,-1.06-X4) - 2.11*max(0,-0.609-X4) * max(0,X1-1.31) - 1.99*max(0,X1-0.853) * max(0,-1.06-X4) - 1.65*max(0,-0.101-X2) * max(0,-1.06-X4) + 1.63*max(0,-1.15-X0) * max(0,X1-1.31) - 1.49*max(0,-1.15-X0) * max(0,X2-0.783) - 1.40*max(0,X0-0.765) * max(0,X0-1.24) - 1.33*max(0,-0.162-X4) * max(0,-0.976-X1) + 1.31*max(0,-0.162-X4) * max(0,X0-1.24) + 1.28*max(0,X4-0.285) * max(0,X1-1.31) - 1.04*max(0,-0.609-X4) * abs(X2) + 1.01*max(0,-0.609-X4) * max(0,-0.101-X2) - 0.846*max(0,X2-1.23) - 0.830*max(0,X2-0.783) * max(0,-0.135-X3) - 0.813*max(0,-1.06-X4) * max(0,-0.135-X3) + 0.788*max(0,X1-0.853) * max(0,-0.609-X4) - 0.751*max(0,-0.135-X3) * max(0,X0-1.24) + 0.746*max(0,X2-0.783) * abs(X2) - 0.711*max(0,-1.15-X0) * max(0,-0.101-X2) - 0.695*max(0,-1.15-X0) * max(0,-0.976-X1) - 0.668*max(0,-1.15-X0) * max(0,X1-0.853) + 0.627*abs(X2) * max(0,X0-1.24) + 0.606*max(0,X0-0.765) * abs(X3) + 0.603*abs(X3) * max(0,-1.06-X4) + 0.569*max(0,-0.609-X4) * max(0,-0.135-X3) + 0.565*max(0,-1.15-X0) * abs(X2) - 0.551*max(0,X1-0.853) * max(0,X2-0.783) + 0.541*max(0,X2-0.783) * max(0,-0.162-X4) - 0.533*max(0,-0.101-X2) * max(0,-0.135-X3) - 0.503*max(0,X2-0.341) + 0.491*abs(X2) * max(0,-0.135-X3) + 0.474*max(0,-0.101-X2) * max(0,-0.976-X1) - 0.459*max(0,-0.609-X4) * abs(X3) + 0.435*max(0,X1-1.31) * max(0,-0.135-X3) + 0.396*abs(X3) * max(0,-0.976-X1) + 0.376*max(0,-1.15-X0) * abs(X3) - 0.347*max(0,X0-0.765) - 0.304*max(0,-1.15-X0) * max(0,-1.06-X4) + 0.294*max(0,-0.986-X2) + 0.241*max(0,-0.101-X2) * max(0,-0.162-X4) - 0.228*max(0,X1-0.853) * max(0,-0.135-X3) - 0.217*max(0,-0.669-X0) - 0.201*abs(X2) * max(0,-0.162-X4) - 0.197*max(0,X0-0.765) * max(0,-0.135-X3) + 0.174*max(0,X4-0.285) * max(0,X2-0.783) + 0.157*max(0,0.287-X0) + 0.152*max(0,X1-0.853) * max(0,X1-1.31) - 0.148*max(0,X4-0.285) * max(0,-0.135-X3) + 0.144*max(0,X0-0.765) * max(0,-0.162-X4) - 0.142*max(0,-1.15-X0) * max(0,-0.135-X3) - 0.130*abs(X4) * max(0,-0.976-X1) - 0.124*max(0,-0.986-X3) - 0.123*max(0,X3+0.135) + 0.120*max(0,X3-1.14) + 0.118*max(0,X1-0.853) * abs(X3) - 0.0976*max(0,X4-1.18) + 0.0952*max(0,X0-0.765) * max(0,X2-0.783) + 0.0946*max(0,X0-0.287) - 0.0823*max(0,0.396-X1) + 0.0642*max(0,X0-0.765) * abs(X2) + 0.0635*abs(X2) * max(0,X1-1.31) - 0.0626*max(0,X4-0.285) * max(0,-0.101-X2) - 0.0621*max(0,-1.15-X0) * max(0,X4-0.285) - 0.0585*abs(X0) - 0.0532*max(0,-1.15-X0) * abs(X4) - 0.0490*max(0,X0-0.765) * max(0,-0.101-X2) + 0.0483*max(0,X4-0.285) - 0.0478*max(0,X0-0.765) * abs(X4) - 0.0440*abs(X2) + 0.0419*max(0,X1-0.853) * abs(X4) - 0.0417*max(0,X1-0.853) * max(0,-0.101-X2) - 0.0415*max(0,-0.135-X3) - 0.0412*abs(X1) - 0.0397*max(0,X2-0.783) * max(0,-0.976-X1) - 0.0385*X1**2 + 0.0357*abs(X4) + 0.0292*max(0,X4-0.285) * abs(X3) + 0.0292*max(0,X2-0.783) * abs(X3) - 0.0290*max(0,X2+0.101) - 0.0113*max(0,-0.101-X2) * max(0,X1-1.31) + 0.0112*max(0,X1+0.518) + 0.00204*max(0,-0.135-X3) * max(0,-0.976-X1)"
ffx,first_principles_absorption,ok,0.960954,0.260734,21,2.76,,(0.273 + 1.04*X0 + 0.550*X0 - 0.0821*X0**2 - 0.0451*X0**2) / (1.0 + 0.0751*X0**2 + 0.0390*X0**2)
ffx,first_principles_bode,ok,0.640852,0.728136,125,2.47,,"(-0.674 + 5.33*max(0,X0-0.0969) * max(0,X0-0.0969)) / (1.0 - 1.91*max(0,X0-0.0969) * max(0,X0-0.0969) - 0.677*max(0,X0+0.262) * max(0,X0-0.0969) - 0.332*max(0,X0+0.621) * max(0,X0-0.0969) - 0.125*max(0,X0+0.980) * max(0,X0-0.0969) - 0.0608*max(0,X0+0.621) * max(0,X0+0.262) - 0.0567*max(0,X0+1.34) * max(0,X0-0.0969) - 0.0454*max(0,X0-0.0969) - 0.0450*max(0,X0+0.980) - 0.0445*max(0,X0+1.34) - 0.0339*max(0,X0+1.70) - 0.0276*max(0,X0+0.621) - 0.0205*max(0,X0-0.0969) - 0.00340*max(0,X0+0.980) * max(0,X0+0.262))"
ffx,first_principles_hubble,ok,0.448148,209.399361,238,3.71,,"0.797 - 28.3*max(0,X0-1.58) * max(0,X0-1.14) - 12.9*max(0,-0.645-X0) - 12.0*max(0,X0-1.14) + 11.4*max(0,X0-0.246) * max(0,0.691-X0) + 8.19*max(0,X0-0.691) - 6.11*max(0,0.691-X0) + 5.16*max(0,X0-0.246) * max(0,X0-1.14) + 4.59*max(0,X0-0.691) * max(0,X0-1.14) - 4.22*max(0,X0-0.246) + 4.03*max(0,X0-0.246) * max(0,X0-1.58) - 3.78*max(0,X0-0.246) * max(0,X0-0.691) - 3.63*max(0,-0.200-X0) + 3.38*X0**2 + 3.29*max(0,0.246-X0) * max(0,0.691-X0) + 2.82*max(0,X0-1.58) + 2.63*max(0,1.14-X0) + 2.59*X0 * max(0,X0-1.58) - 2.28*X0 * max(0,X0-0.691) + 1.97*X0 * max(0,X0-1.14) - 1.69*max(0,X0-1.58) * max(0,X0-0.691) - 1.59*abs(X0) - 1.49*X0 * max(0,0.246-X0) + 0.700*X0 - 0.511*max(0,0.246-X0) - 0.494*max(0,X0+0.200) - 0.466*X0 * max(0,0.691-X0) + 0.123*X0 * max(0,X0-0.246)"
ffx,first_principles_ideal_gas,ok,0.914069,0.552782,106,3.55,,"0.192 + 1.79*max(0,-1.12-X2) - 0.750*max(0,-0.819-X0) - 0.465*max(0,X2-1.02) - 0.452*max(0,0.573-X0) + 0.451*max(0,-0.264-X2) + 0.244*max(0,0.165-X2) + 0.214*max(0,X0-1.50) - 0.166*max(0,X2+0.693) + 0.121*X0 + 0.0636*max(0,X0+0.355) - 0.0628*max(0,-0.793-X1) - 0.0456*max(0,0.503-X1) + 0.0275*max(0,X1+0.361) - 0.0101*X2"
ffx,first_principles_kepler,ok,0.961753,356.487601,91,9.91,,"0.121 + 0.472*max(0,X0-1.41) + 0.352*max(0,X0-1.09) + 0.302*max(0,X0-0.774) + 0.243*max(0,X0-0.456) + 0.164*max(0,X0-0.137) - 0.150*max(0,0.456-X0) - 0.103*max(0,1.41-X0) - 0.0986*max(0,0.774-X0) + 0.0929*X0 + 0.0873*max(0,X0+0.181) - 0.0833*max(0,1.09-X0) - 0.00403*max(0,0.137-X0)"
ffx,first_principles_leavitt,ok,0.868697,0.284478,328,3.53,,"-0.419 - 6.12*max(0,-0.0968-X0) * abs(X0) + 6.07*max(0,-0.0968-X0) + 5.97*max(0,X0-1.96) + 5.94*max(0,0.932-X0) * max(0,X0-0.418) + 3.70*max(0,-0.611-X0) * abs(X0) - 2.92*max(0,X0-1.96) * max(0,X0-0.418) + 2.38*max(0,0.418-X0) * max(0,X0+0.0968) + 1.86*max(0,0.418-X0) * max(0,-0.611-X0) - 1.65*max(0,0.418-X0) * abs(X0) + 1.60*max(0,X0-1.45) - 1.48*max(0,X0-0.418) - 1.09*max(0,-0.611-X0) - 0.982*X0**2 + 0.956*max(0,0.932-X0) * max(0,-0.611-X0) + 0.881*abs(X0) * max(0,X0-0.418) + 0.765*max(0,0.932-X0) * max(0,-0.0968-X0) + 0.723*max(0,0.932-X0) + 0.594*max(0,0.932-X0) * max(0,X0+0.0968) + 0.370*max(0,X0-0.932) + 0.316*max(0,X0+0.0968) + 0.204*max(0,0.418-X0) * max(0,-0.0968-X0) - 0.197*max(0,0.932-X0) * abs(X0) - 0.167*abs(X0) - 0.143*max(0,1.96-X0) - 0.0743*max(0,-0.611-X0) * max(0,-0.0968-X0) - 0.0440*max(0,1.45-X0) - 0.0394*max(0,X0+0.0968) * abs(X0) + 0.0301*max(0,0.418-X0) + 0.0270*max(0,X0+0.0968) * max(0,X0-0.418) - 0.00783*max(0,X0-1.96) * abs(X0) - 0.00134*max(0,X0+0.0968) * max(0,X0-1.96)"
ffx,first_principles_newton,ok,-6.567664,24.394995,1013,14.51,,"-16.2 - 55.4*max(0,0.630-X1) * abs(X1) + 19.1*max(0,1.88-X1) * abs(X1) - 13.0*max(0,X0-0.578) * max(0,1.06-X0) - 11.0*abs(X1) * max(0,1.26-X1) + 9.21*max(0,0.630-X1) + 7.02*max(0,X0-0.0917) * max(0,1.06-X0) + 6.94*max(0,X1-1.26) * abs(X0) + 5.53*max(0,0.0917-X0) * abs(X0) + 5.06*max(0,1.88-X1) * max(0,1.26-X1) - 3.58*X0 * max(0,0.0917-X0) - 2.85*max(0,1.88-X1) * max(0,0.0917-X0) - 2.54*max(0,0.718-X2) + 2.53*max(0,1.26-X1) + 2.41*abs(X1) - 2.12*abs(X1) * max(0,0.0917-X0) + 2.10*abs(X1) * abs(X0) - 1.95*max(0,1.88-X1) * max(0,0.630-X1) + 1.75*max(0,X0-2.52) - 1.56*max(0,1.36-X2) - 1.48*max(0,1.88-X1) + 1.30*max(0,0.630-X1) * X0 - 1.19*max(0,0.0917-X0) * max(0,1.26-X1) - 1.18*max(0,1.88-X1) * max(0,X0-2.04) + 1.15*max(0,0.0917-X0) - 1.13*max(0,0.630-X1) * max(0,0.0917-X0) + 1.11*max(0,1.88-X1) * max(0,1.06-X0) + 1.07*max(0,1.06-X0) * abs(X0) + 1.03*abs(X1) * max(0,X0-0.578) + 0.961*max(0,0.630-X1) * max(0,1.06-X0) + 0.894*max(0,0.630-X1) * max(0,X0-2.04) - 0.885*max(0,0.0917-X0) * max(0,1.06-X0) + 0.878*X0 * abs(X1) - 0.777*abs(X0) - 0.723*max(0,1.88-X1) * X0 + 0.716*max(0,0.578-X0) - 0.677*max(0,2.00-X2) + 0.648*max(0,0.630-X1) * max(0,X0-0.578) + 0.610*max(0,3.92-X2) + 0.595*abs(X2) - 0.534*max(0,X0-1.06) - 0.525*X1 + 0.480*max(0,X0-0.0917) * abs(X1) - 0.452*abs(X1) * max(0,X0-2.04) - 0.429*X0 * max(0,1.06-X0) - 0.419*max(0,2.64-X2) - 0.406*max(0,X0-2.04) - 0.392*max(0,1.26-X1) * max(0,1.06-X0) - 0.357*max(0,X1-0.630) + 0.318*max(0,3.76-X1) - 0.309*max(0,X1-1.88) - 0.306*max(0,X0-1.55) + 0.301*max(0,1.88-X1) * max(0,X0-0.578) + 0.300*max(0,3.14-X1) + 0.299*X0 + 0.259*abs(X1) * max(0,1.06-X0) + 0.223*max(0,1.88-X1) * abs(X0) - 0.197*max(0,1.55-X0) - 0.193*max(0,X0-0.0917) * max(0,X0-2.04) - 0.183*X0 * max(0,X0-2.04) + 0.166*X0 * max(0,1.26-X1) - 0.140*X0 * abs(X0) + 0.134*max(0,0.630-X1) * max(0,1.26-X1) + 0.112*max(0,X0-0.0917) * max(0,1.26-X1) - 0.111*max(0,X0-0.578) * max(0,X0-2.04) + 0.108*max(0,X0-0.0917) * max(0,0.630-X1) + 0.104*max(0,X1-1.26) + 0.0997*max(0,X0-1.06) * abs(X1) - 0.0944*max(0,X0-1.06) * abs(X0) - 0.0943*max(0,X2-0.718) - 0.0877*max(0,1.26-X1) * abs(X0) - 0.0852*X2 + 0.0687*X0**2 + 0.0654*max(0,2.51-X1) + 0.0622*max(0,X0-0.578) * max(0,1.26-X1) + 0.0523*max(0,X0-1.06) * max(0,X0-2.04) - 0.0517*max(0,X0-2.04) * abs(X0) - 0.0485*max(0,3.28-X2) - 0.0419*max(0,X0-0.0917) * X0 + 0.0409*max(0,X0-0.0917) * abs(X0) + 0.0397*max(0,0.630-X1) * abs(X0) + 0.0388*X2**2 - 0.0329*max(0,X0-1.06) * max(0,X0-0.578) - 0.0317*X1**2 - 0.0189*max(0,X0-0.0917) * max(0,X0-0.578) + 0.0164*max(0,X0-1.06) * max(0,0.630-X1) + 0.0159*max(0,1.06-X0) + 0.0123*max(0,X0-1.06) * max(0,1.26-X1) + 0.0114*max(0,2.04-X0) + 0.0103*max(0,X0-0.578) + 0.00738*max(0,X0-0.0917) - 0.00607*max(0,X0-1.06) * X0 - 0.00176*max(0,X0-0.578) * abs(X0) - 0.00132*max(0,2.52-X0) + 0.000788*max(0,X1-1.26) * max(0,1.06-X0) - 0.000221*max(0,X0-2.04) * max(0,1.26-X1) - 0.000153*max(0,X2-1.36) + 0.000130*X0 * max(0,X0-0.578) + 8.84e-7*max(0,X0-1.06) * max(0,1.88-X1) + 6.56e-7*max(0,X1-1.26) * max(0,0.0917-X0) + 3.04e-7*max(0,X0-0.0917) * max(0,1.88-X1) - 8.28e-8*max(0,X1-2.51) - 1.75e-10*max(0,X2-2.64) - 1.52e-10*max(0,X1-1.26) * X0 - 8.97e-11*max(0,X2-2.00) + 1.05e-14*max(0,X1-1.26) * abs(X1)"
ffx,first_principles_planck,ok,0.980712,19.117411,125,3.99,,"-1.11 + 6.13*max(0,3.61-X0) * max(0,X0-2.89) + 2.79*max(0,-0.0682-X1) * max(0,X0-2.17) - 2.64*X0 * max(0,-0.0682-X1) + 2.25*max(0,3.61-X0) * max(0,X0-2.17) - 1.06*abs(X1) * max(0,-0.0682-X1) + 0.673*max(0,2.17-X0) + 0.362*X0 * max(0,2.17-X0) + 0.305*abs(X1) * max(0,X0-2.17) - 0.0452*max(0,0.428-X1) - 0.0248*max(0,-0.0682-X1) - 0.0110*max(0,2.41-X1)"
ffx,first_principles_rydberg,ok,0.998106,0.076338,106,3.7,,"0.389 + 0.965*X0 - 0.323*max(0,-0.740-X0) - 0.146*max(0,-0.325-X0) - 0.131*max(0,X1+0.526) * X0 - 0.114*max(0,X1+1.87) - 0.0794*max(0,X1+0.526) - 0.0763*max(0,-0.526-X1) * max(0,-0.740-X0) - 0.0488*abs(X0) * max(0,-0.740-X0) + 0.0454*abs(X0) * X0 + 0.0450*abs(X1) - 0.0100*max(0,0.504-X0) - 0.00851*max(0,0.0896-X0) - 0.00401*max(0,X1-0.369) * X0 + 3.72e-5*max(0,-0.740-X0) * X0"
ffx,first_principles_schechter,ok,-13.152818,13.518571,328,3.79,,"-0.887 + 15.6*max(0,1.45-X0) * max(0,X0-0.347) - 15.0*X0 * max(0,0.347-X0) + 10.2*abs(X0) * max(0,0.347-X0) + 8.93*max(0,2.00-X0) * max(0,X0-1.45) + 7.11*max(0,2.00-X0) * max(0,X0-0.347) - 4.48*max(0,1.45-X0) * abs(X0) - 4.22*max(0,2.00-X0) * abs(X0) - 4.07*max(0,0.899-X0) * abs(X0) - 2.23*max(0,1.45-X0) * X0 - 1.82*max(0,2.00-X0) * X0 + 1.59*max(0,0.347-X0) - 1.55*max(0,0.899-X0) - 1.37*max(0,1.45-X0) * max(0,0.347-X0) + 1.36*X0 * max(0,0.899-X0) - 1.29*abs(X0) + 1.28*max(0,1.45-X0) * max(0,0.899-X0) - 0.971*max(0,0.899-X0) * max(0,0.347-X0) + 0.806*max(0,2.00-X0) * max(0,0.899-X0) - 0.473*max(0,2.00-X0) * max(0,0.347-X0) + 0.357*X0 * abs(X0) - 0.329*max(0,X0-1.45) - 0.287*max(0,X0-2.00) - 0.223*max(0,X0-2.56) - 0.100*X0 * max(0,X0-1.45) - 0.0945*max(0,1.45-X0) + 0.0913*max(0,X0-0.899) + 0.0720*X0 + 0.0630*X0**2 - 0.0466*max(0,X0-0.347) * abs(X0) - 0.0432*X0 * max(0,X0-0.347) - 0.0213*max(0,X0-1.45) * abs(X0) + 0.0175*max(0,X0-0.347) + 0.00788*max(0,2.56-X0) - 0.000510*max(0,X0-1.45) * max(0,X0-0.347) + 0.000447*max(0,3.11-X0) - 0.000175*max(0,X0-3.11)"
ffx,first_principles_supernovae_zg,ok,0.998802,0.010127,41,3.22,,(-0.342 - 1.41*X0 + 0.941*X0 * abs(X0) - 0.433*X0 - 0.131*X0**2 + 0.115*abs(X0) - 0.109*X0**2) / (1.0 + 1.07*X0 - 0.596*X0 * abs(X0) + 0.281*X0 - 0.108*abs(X0) + 0.0318*X0**2)
ffx,first_principles_supernovae_zr,ok,0.998941,0.00588,238,3.91,,"0.929 - 7.61*max(0,-1.46-X0) + 4.50*max(0,X0+1.46) * max(0,-0.917-X0) + 2.70*max(0,0.170-X0) * max(0,X0+0.373) + 2.38*max(0,-0.917-X0) * max(0,-1.46-X0) - 2.18*max(0,0.170-X0) * max(0,-1.46-X0) + 2.18*max(0,-0.917-X0) - 1.78*max(0,X0+0.373) - 1.17*X0 * max(0,X0-0.714) - 0.811*max(0,0.170-X0) * max(0,X0+1.46) + 0.669*X0**2 - 0.621*max(0,X0-0.714) + 0.397*max(0,X0+0.373) * max(0,X0-0.714) - 0.379*max(0,-0.373-X0) + 0.371*max(0,0.170-X0) + 0.356*X0 - 0.318*max(0,X0-1.26) + 0.282*max(0,X0+1.46) * max(0,X0-0.714) + 0.249*X0 * max(0,X0+0.373) - 0.221*X0 * max(0,-1.46-X0) - 0.211*max(0,X0+1.46) - 0.165*max(0,0.170-X0) * max(0,-0.917-X0) + 0.140*max(0,0.714-X0) + 0.116*X0 * max(0,-0.917-X0)"
ffx,first_principles_tully_fisher,ok,0.311158,0.927871,125,3.06,,"-0.985 + 19.3*max(0,X0-0.802) * max(0,X0-1.20) - 17.7*max(0,X0-1.20) - 14.9*max(0,-0.778-X0) + 9.26*max(0,-0.778-X0) * max(0,-0.383-X0) + 2.57*max(0,-0.383-X0) * max(0,0.407-X0) + 0.978*max(0,0.407-X0) - 0.910*max(0,-0.383-X0) + 0.830*max(0,X0-0.802) + 0.357*max(0,0.802-X0) + 0.293*max(0,X0-0.0121) * max(0,0.407-X0) + 0.0956*max(0,X0-0.0121)"
ffx,nikuradse_1,ok,0.982052,0.012826,328,4.75,,"-0.968 + 5.08*max(0,X1-1.23) * max(0,-0.511-X0) - 3.83*max(0,-1.42-X1) * max(0,-0.160-X0) + 3.06*max(0,-0.511-X0) * max(0,-1.42-X1) + 2.40*max(0,-1.42-X1) + 1.91*max(0,-0.160-X0) - 1.61*max(0,-0.362-X1) * max(0,-0.160-X0) - 1.56*X0 * max(0,-1.42-X1) - 1.52*max(0,X1-0.696) * max(0,-0.160-X0) + 1.10*max(0,X1-1.23) * X0 + 0.984*max(0,-0.891-X1) + 0.844*max(0,-0.511-X0) * max(0,-0.160-X0) + 0.834*max(0,-0.362-X1) - 0.785*max(0,X1-0.696) * X0 - 0.746*max(0,X1-1.23) + 0.562*max(0,X1-0.696) - 0.411*max(0,0.191-X0) * max(0,-0.362-X1) + 0.407*X0 * max(0,-0.362-X1) - 0.358*max(0,-0.362-X1) * max(0,-1.42-X1) - 0.251*X0 * max(0,-0.160-X0) + 0.231*abs(X1) + 0.163*max(0,-0.511-X0) - 0.152*X0**2 + 0.0992*max(0,0.191-X0) * max(0,-1.42-X1) + 0.0943*max(0,-0.511-X0) * max(0,-0.362-X1) + 0.0766*max(0,0.191-X0) * max(0,-0.511-X0) - 0.0753*X0 + 0.0713*max(0,0.696-X1) - 0.0249*max(0,0.191-X0) + 0.0197*max(0,X1-1.23) * max(0,-0.160-X0) - 0.0189*max(0,0.541-X0) - 0.0158*max(0,-0.511-X0) * X0"
ffx,nikuradse_2,ok,0.974849,0.040848,238,3.77,,"1.02 - 3.29*max(0,-1.12-X0) + 1.79*max(0,X0-1.46) - 0.784*max(0,-0.606-X0) + 0.712*max(0,-0.0880-X0) * max(0,-1.12-X0) - 0.614*X0 * max(0,-1.12-X0) - 0.593*max(0,X0-1.46) * max(0,X0+0.0880) + 0.552*max(0,X0-0.947) * max(0,X0+0.0880) + 0.521*max(0,-1.12-X0) * max(0,-0.606-X0) + 0.511*X0 * max(0,-0.606-X0) - 0.493*max(0,0.947-X0) * max(0,X0+0.0880) - 0.484*X0**2 + 0.435*max(0,-0.0880-X0) * X0 - 0.359*max(0,X0+0.0880) + 0.347*max(0,0.947-X0) * max(0,-1.12-X0) - 0.314*max(0,-0.0880-X0) * max(0,-0.606-X0) + 0.239*max(0,-0.0880-X0) - 0.236*abs(X0) + 0.212*X0 * max(0,X0+0.0880) + 0.207*max(0,0.947-X0) * max(0,-0.606-X0) + 0.203*max(0,X0-0.947) - 0.193*max(0,X0-1.46) * X0 - 0.155*X0 - 0.0117*max(0,X0+0.606) + 0.00398*max(0,X0-0.947) * X0"
ffx,solar_flare,ok,-0.493535,1.557594,1398,23.06,,"0.415 + 7.46e+16*max(0,-0.669-X1) * max(0,X0-0.918) - 3.34e+16*max(0,-0.669-X1) * max(0,X0-0.148) - 19.3*max(0,X2-1.00) * max(0,X1-1.99) + 15.7*max(0,0.533-X0) * max(0,X0-0.148) - 14.8*max(0,X2-1.00) * max(0,-0.669-X1) + 14.3*max(0,-0.138-X1) * max(0,X0-0.918) + 10.3*max(0,X2-1.00) * max(0,-0.237-X0) - 9.15*max(0,X2-1.00) * max(0,0.533-X0) + 7.01*max(0,X2-1.00) * max(0,-0.138-X1) - 6.96*max(0,-0.138-X1) * max(0,X0-0.148) - 6.13*max(0,0.918-X0) * max(0,X0-0.148) + 4.40*max(0,X2-1.00) * max(0,X1+0.138) - 2.65*max(0,X2-1.00) * max(0,X0-0.148) - 2.56*max(0,X1-0.393) * max(0,-0.237-X0) - 2.45*max(0,X1+0.138) * max(0,0.148-X0) + 2.42*max(0,X2-1.00) * max(0,0.148-X0) - 2.35*max(0,X1-1.99) * max(0,0.148-X0) + 2.29*max(0,X5-1.83) * max(0,X0-0.148) + 2.21*max(0,X1-1.99) - 1.92*max(0,X5-2.64) * max(0,X0-0.148) - 1.82*max(0,X2-2.07) + 1.79*max(0,X1-0.393) * max(0,0.148-X0) - 1.77*X6 * max(0,X2-1.00) - 1.74*max(0,X1-0.924) * max(0,0.148-X0) - 1.61*max(0,-0.138-X1) - 1.55*X3 * max(0,0.148-X0) - 1.42*max(0,X0-0.918) - 1.41*max(0,X1-0.924) * max(0,X0-0.918) + 1.25*X3 * max(0,-0.237-X0) + 1.19*max(0,-0.138-X1) * max(0,0.148-X0) - 1.14*max(0,-0.669-X1) - 1.13*max(0,X5-2.64) * max(0,0.148-X0) - 1.06*max(0,X5-1.83) * max(0,0.148-X0) - 1.01*max(0,-0.138-X1) * max(0,-0.237-X0) - 0.953*max(0,X2-1.54) + 0.921*max(0,X0-1.30) + 0.891*max(0,0.533-X0) - 0.880*max(0,X2-1.00) * max(0,X5-2.64) + 0.873*max(0,X2-1.00) * max(0,0.918-X0) + 0.835*max(0,X1-0.393) * max(0,X0-0.918) - 0.818*X3 * max(0,X0-0.918) - 0.767*max(0,0.148-X0) + 0.752*max(0,-0.296-X6) + 0.747*max(0,-0.237-X0) * max(0,0.148-X0) + 0.737*max(0,X5-1.83) * max(0,X2-1.00) - 0.649*max(0,X1-0.924) * max(0,X0-0.148) + 0.613*max(0,X1+0.138) * max(0,-0.237-X0) + 0.590*max(0,X2-1.00) * max(0,X1-0.924) - 0.569*X3 * max(0,X0-0.148) + 0.561*max(0,X5-2.64) + 0.545*max(0,0.533-X0) * max(0,-0.138-X1) - 0.518*max(0,X1-1.99) * max(0,X5-2.64) + 0.501*max(0,X5-2.64) * max(0,0.918-X0) + 0.498*X3 - 0.471*max(0,-0.138-X1) * max(0,-0.669-X1) + 0.439*max(0,X2-1.00) * max(0,X1-0.393) - 0.422*max(0,0.816-X8) + 0.413*max(0,0.533-X0) * max(0,X1-0.924) + 0.401*max(0,X1+0.138) * max(0,X1-0.924) + 0.378*X6 * max(0,X0-0.918) + 0.377*max(0,X1-0.393) * max(0,0.918-X0) + 0.373*max(0,X5-1.83) * max(0,0.918-X0) - 0.356*max(0,X5-1.83) * X6 + 0.354*max(0,X1+0.138) * max(0,0.918-X0) + 0.344*max(0,X2-1.00) - 0.342*max(0,X5-2.64) * max(0,X1-0.924) + 0.338*max(0,X1-0.393) * max(0,0.533-X0) - 0.299*max(0,-0.237-X0) - 0.298*max(0,X1-1.99) * max(0,X0-0.148) + 0.288*max(0,X2-0.464) - 0.257*max(0,0-X3) + 0.245*max(0,X0-0.148) * max(0,X0-0.918) - 0.239*max(0,-1.73-X4) + 0.220*X3 * max(0,-0.669-X1) + 0.217*max(0,0.918-X0) * max(0,X1-0.924) - 0.214*X6 * max(0,X1+0.138) + 0.214*X8 + 0.212*X6 * max(0,X5-2.64) - 0.191*X3 * max(0,X1-0.924) + 0.169*max(0,-0.138-X1) * max(0,0.918-X0) + 0.165*X6 * max(0,0.533-X0) - 0.159*X6 * max(0,-0.237-X0) - 0.147*max(0,0.333-X3) - 0.147*X6 * max(0,X1-0.393) - 0.143*max(0,X1+0.138) - 0.137*X6 * max(0,-0.669-X1) - 0.136*max(0,X0-0.148) - 0.127*max(0,0.533-X0) * max(0,0.148-X0) - 0.125*max(0,X1-0.393) + 0.115*X6 * max(0,0.148-X0) - 0.0906*max(0,X5-3.44) - 0.0735*X6 * max(0,-0.138-X1) - 0.0698*max(0,X4+0.847) - 0.0675*max(0,0.533-X0) * max(0,-0.669-X1) + 0.0659*max(0,X5-1.83) - 0.0617*max(0,X5-5.05) + 0.0572*max(0,X1-1.99) * max(0,X1-0.393) - 0.0520*max(0,0.924-X1) + 0.0515*X6 * max(0,0.918-X0) + 0.0511*max(0,X1-0.924) + 0.0499*max(0,X1-0.393) * max(0,X1-0.924) - 0.0487*max(0,-1.29-X4) - 0.0469*X6 * max(0,X0-0.148) - 0.0463*max(0,X4+0.407) + 0.0463*max(0,-2.25-X7) + 0.0420*max(0,0.918-X0) + 0.0306*max(0,-0.669-X1) * max(0,0.148-X0) - 0.0296*max(0,0.533-X0) * max(0,-0.237-X0) + 0.0201*max(0,-0.607-X2) - 0.0168*max(0,0.667-X3) + 0.0161*max(0,0.918-X0) * max(0,-0.237-X0) + 0.0161*max(0,-1.81-X7) + 0.0149*max(0,0.267-X6) - 0.0139*max(0,X1-0.924) * max(0,-0.237-X0) - 0.0114*max(0,X1-1.99) * max(0,-0.237-X0) + 0.0110*max(0,0.918-X0) * max(0,0.148-X0) + 0.0105*max(0,X5-1.83) * max(0,X1+0.138) - 0.00972*max(0,X5-1.03) + 0.00944*max(0,-0.0715-X2) - 0.00913*max(0,X4-0.0330) + 0.00769*max(0,X5-1.83) * max(0,X5-2.64) - 0.00700*max(0,-0.847-X4) + 0.00619*max(0,-1.38-X7) + 0.00389*max(0,0.549-X6) - 0.00373*max(0,X4-0.473) - 0.00253*max(0,1.00-X3) + 0.00199*max(0,-0.950-X7) - 0.000572*max(0,1.33-X3) + 0.000504*max(0,X3-1.00) - 0.000416*max(0,X6+0.296) + 0.000384*max(0,-0.518-X7) + 0.000300*max(0,-0.669-X1) * max(0,-0.237-X0) + 0.000243*max(0,0.830-X6) + 9.76e-6*X7**2 - 1.09e-6*max(0,X6-0.549) - 3.58e-7*X6**2"
ffx,strogatz_bacres1,ok,0.998657,0.061872,27,9.6,,-0.0346 - 0.559*X1 - 0.447*X0 - 0.119*abs(X1) * X1 + 0.0916*X0 * X1 + 0.0328*X1**2 - 0.0299*X0**2
ffx,strogatz_bacres2,ok,0.999222,0.058435,102,10.98,,"0.391 - 0.947*max(0,X1-0.758) - 0.652*X1 - 0.388*max(0,-3.25-X0) - 0.221*max(0,X1-0.334) - 0.194*max(0,-2.52-X0) - 0.190*max(0,-0.328-X0) - 0.175*max(0,X1+0.0898) + 0.159*max(0,-1.36-X1) + 0.104*X0 - 0.0792*max(0,X1+0.514) - 0.0582*max(0,X1+0.938) + 0.0256*max(0,X0-0.402) - 0.0111*max(0,-1.79-X0) + 0.00370*max(0,X0+1.06)"
ffx,strogatz_barmag1,ok,0.995263,0.008965,190,10.8,,"6.79 + 161*max(0,-2.12-X0) * max(0,-0.472-X1) + 8.41*max(0,-0.472-X1) * max(0,-0.768-X1) - 6.81*abs(X1) + 3.02*max(0,X1-0.712) + 2.27*abs(X1) * max(0,X1-0.712) - 1.62*max(0,-2.70-X0) - 1.60*max(0,-2.12-X0) * X1 - 1.56*max(0,-2.12-X0) * max(0,X1-0.416) + 1.26*X1 * max(0,X1-0.712) + 1.06*max(0,X1+0.472) * max(0,X1-0.712) + 0.985*max(0,-2.12-X0) * max(0,-0.176-X1) - 0.710*max(0,X0+1.53) - 0.664*max(0,X1+0.472) - 0.369*max(0,X1+0.472) * max(0,-2.12-X0) - 0.195*max(0,X0+0.948) + 0.175*abs(X0) + 0.0810*max(0,X0-0.221) + 0.0590*max(0,X0-0.221) * max(0,-0.176-X1) - 0.0479*max(0,X0+2.12)"
ffx,strogatz_barmag2,ok,0.998307,0.010561,64,8.64,,"-2.09 - 10.5*max(0,X1-0.712) + 4.80*max(0,-0.472-X1) + 3.61*max(0,X1+0.472) + 1.60*max(0,-2.12-X0) - 0.768*max(0,0.416-X1) - 0.190*max(0,X0-0.221) - 0.147*max(0,X0+0.364) - 0.0152*max(0,X0+0.948)"
ffx,strogatz_glider1,ok,0.668153,0.413902,605,11.94,,"10.2 - 94.2*max(0,X1-1.48) + 37.8*max(0,X1-1.48) * max(0,X1-0.501) + 36.2*max(0,X1-1.48) * max(0,X1-0.992) + 34.1*max(0,X0-0.522) * max(0,X1-0.501) - 29.6*max(0,-0.479-X1) * max(0,X0-2.39) + 29.1*max(0,-0.969-X1) - 26.2*max(0,0.522-X0) * max(0,X1-1.48) + 18.4*max(0,X1-0.992) * max(0,X1-0.501) + 17.8*max(0,-0.479-X1) - 12.7*max(0,X0-0.522) * max(0,-0.479-X1) + 12.1*max(0,-0.479-X1) * max(0,X0-1.77) - 9.67*max(0,X1-0.501) - 9.55*X1**2 - 9.33*max(0,0.0112-X1) * max(0,-0.479-X1) + 8.82*max(0,X1-0.992) - 8.75*max(0,X0-1.77) - 8.51*max(0,0.0112-X1) * max(0,X0-2.39) + 8.49*max(0,X0-0.522) * max(0,X0-1.14) + 8.03*max(0,X0-1.14) * max(0,X0-2.39) - 7.86*max(0,X0-2.39) * max(0,X0-1.77) + 7.55*max(0,X0-2.39) + 7.39*max(0,0.0112-X1) + 5.84*max(0,0.522-X0) * max(0,X1-0.501) + 5.58*abs(X1) + 5.34*max(0,X0-0.522) * max(0,X0-2.39) + 4.43*max(0,X1-0.0112) + 4.41*max(0,0.501-X1) * max(0,X0-1.77) + 4.21*max(0,0.522-X0) * max(0,X1-0.992) - 4.17*max(0,X0-1.14) - 4.16*max(0,X1+0.479) + 3.55*max(0,0.522-X0) - 3.12*max(0,0.501-X1) * max(0,0.0112-X1) - 3.07*max(0,0.522-X0) * max(0,-0.479-X1) - 3.04*max(0,X0-0.522) * max(0,0.0112-X1) + 2.98*max(0,X0-0.522) * max(0,X0-1.77) - 2.91*max(0,0.992-X1) - 2.79*max(0,1.48-X1) - 2.52*max(0,X0-1.14) * max(0,X0-1.77) - 2.51*max(0,1.14-X0) + 1.93*max(0,0.501-X1) + 1.87*max(0,-0.101-X0) - 1.64*abs(X0) + 1.63*max(0,X0-0.522) * max(0,0.501-X1) - 1.46*max(0,0.501-X1) * max(0,X0-1.14) + 1.45*X1 + 1.42*max(0,0.0112-X1) * max(0,X0-1.14) - 1.23*max(0,0.501-X1) * max(0,X0-2.39) - 1.18*max(0,1.77-X0) - 1.02*max(0,X0+0.101) + 0.912*max(0,0.0112-X1) * max(0,X0-1.77) + 0.831*max(0,X0-1.14) * max(0,-0.479-X1) + 0.770*max(0,0.501-X1) * max(0,-0.479-X1) + 0.644*max(0,X0+0.723) - 0.569*X0 - 0.339*max(0,-0.723-X0) - 0.298*max(0,X0-0.522) - 0.181*X0**2 - 0.178*max(0,2.39-X0)"
ffx,strogatz_glider2,ok,0.890346,0.250548,685,16.16,,"-0.0924 + 35.2*max(0,X1-0.501) * max(0,-0.723-X0) - 24.4*max(0,X0-0.522) * max(0,X1-0.501) + 16.4*max(0,0.0112-X1) * max(0,-0.723-X0) + 15.5*max(0,0.501-X1) * max(0,X1-0.0112) - 13.5*max(0,-0.723-X0) * max(0,X1-0.992) - 12.5*max(0,X1-0.0112) * max(0,-0.723-X0) - 12.4*max(0,-0.723-X0) + 9.31*abs(X0) * max(0,-0.723-X0) - 6.52*abs(X1) * max(0,-0.723-X0) - 5.24*max(0,0.501-X1) * max(0,-0.723-X0) - 3.35*abs(X0) * max(0,X1-0.501) - 3.15*max(0,X1-0.0112) * max(0,X1-0.992) + 3.02*max(0,X0-0.522) * max(0,X1-0.0112) + 1.96*abs(X0) * max(0,X1-0.992) - 1.77*max(0,0.501-X1) * max(0,-0.101-X0) - 1.65*max(0,-0.101-X0) * max(0,X1-0.501) + 1.64*abs(X1) * max(0,-0.101-X0) + 1.49*max(0,X1-0.501) * max(0,X1-0.992) + 1.46*max(0,-0.101-X0) * max(0,-0.723-X0) + 1.27*max(0,X1-0.0112) * abs(X0) + 1.18*X0 * max(0,-0.723-X0) - 1.14*max(0,X0-1.14) + 0.979*max(0,X1-0.0112) * max(0,X1-0.501) + 0.966*X0 * max(0,X1-0.501) - 0.963*max(0,X0-0.522) * abs(X0) + 0.886*max(0,X1-1.48) + 0.882*X0**2 + 0.821*max(0,X0-0.522) * max(0,0.0112-X1) - 0.821*max(0,-0.479-X1) - 0.725*X0 * max(0,X1-0.992) + 0.679*max(0,0.501-X1) * max(0,0.0112-X1) - 0.678*max(0,X0-1.77) + 0.657*max(0,-0.101-X0) * abs(X0) + 0.620*max(0,0.501-X1) * max(0,X0-0.522) + 0.536*max(0,X0-0.522) - 0.491*max(0,X1-0.0112) * max(0,-0.101-X0) - 0.429*max(0,-0.101-X0) - 0.414*abs(X1) * X0 - 0.414*max(0,0.501-X1) - 0.325*max(0,1.14-X0) + 0.314*max(0,X1-0.501) + 0.307*abs(X1) * max(0,X1-0.501) - 0.296*X0 * max(0,-0.101-X0) - 0.243*max(0,-0.101-X0) * max(0,X1-0.992) - 0.214*X1**2 - 0.176*max(0,2.39-X0) - 0.176*max(0,X0-2.39) - 0.167*X0 * max(0,0.0112-X1) + 0.161*max(0,X1-0.0112) + 0.161*max(0,1.48-X1) - 0.154*X0 * abs(X0) - 0.145*max(0,X1-0.992) - 0.141*max(0,0.0112-X1) + 0.115*max(0,0.522-X0) + 0.114*abs(X1) + 0.0913*abs(X0) + 0.0847*max(0,0.992-X1) + 0.0815*X0 - 0.0638*abs(X0) * max(0,0.0112-X1) + 0.0619*max(0,0.501-X1) * X0 + 0.0586*abs(X1) * abs(X0) + 0.0467*max(0,-0.969-X1) - 0.0376*max(0,X1-0.0112) * X0 + 0.0369*max(0,0.501-X1) * abs(X0) + 0.0346*max(0,-0.101-X0) * max(0,0.0112-X1) - 0.0323*max(0,X1+0.479) - 0.0218*X1 - 0.0203*max(0,1.77-X0) - 0.00771*max(0,X0-0.522) * X0 - 0.00408*max(0,X1+0.969)"
ffx,strogatz_lv1,ok,0.954436,0.025275,64,7.19,,"-0.274 - 14.4*max(0,X0-1.56) + 4.08*max(0,-0.565-X1) - 3.15*max(0,X1-1.12) - 2.87*max(0,X0-0.395) - 1.03*max(0,X1-1.55) + 0.671*max(0,-0.380-X0) + 0.295*max(0,-0.142-X1) - 0.275*max(0,X0-0.782)"
ffx,strogatz_lv2,ok,0.811546,0.032199,59,5.09,,"-1.28 - 6.67*max(0,X0-1.56) - 4.19*max(0,X1-0.702) - 3.99*max(0,X1-1.12) + 2.78*max(0,-0.380-X0) - 2.02*max(0,X1-1.55) + 0.856*max(0,-0.142-X1) + 0.817*abs(X1) - 0.448*max(0,X0-0.395)"
ffx,strogatz_predprey1,ok,0.813019,0.346811,100,8.78,,"0.855 - 0.944*max(0,X0-3.18) - 0.722*max(0,X0-1.75) - 0.702*max(0,X0-2.46) - 0.607*max(0,X1-1.47) - 0.510*max(0,X1-1.03) - 0.407*max(0,X0-1.03) - 0.374*abs(X0) - 0.373*max(0,0.315-X0) - 0.261*max(0,X0-3.89) - 0.196*max(0,X1+0.293) + 0.0764*max(0,0.589-X1) - 0.0761*max(0,-0.293-X1) - 0.0209*abs(X1) - 0.00584*max(0,X0-0.315)"
ffx,strogatz_predprey2,ok,0.999406,0.041565,117,8.99,,"1.16 - 1.30*max(0,1.03-X1) * max(0,X1-0.589) - 0.659*max(0,0.315-X0) - 0.632*max(0,X1-1.91) - 0.542*X0 * max(0,0.589-X1) + 0.491*max(0,1.03-X1) - 0.451*max(0,1.03-X0) - 0.362*max(0,1.75-X0) - 0.305*max(0,X1-0.589) + 0.269*X0 - 0.266*max(0,X1-0.148) - 0.228*max(0,X1+0.293) - 0.0853*max(0,-0.293-X1) * X0 + 0.0442*max(0,X0-1.03) * max(0,1.03-X1)"
ffx,strogatz_shearflow1,ok,0.992178,0.035283,160,10.15,,"-1.50 - 18.7*max(0,-0.803-X1) * max(0,X0-1.01) + 11.2*max(0,X0-0.232) * max(0,-0.803-X1) - 6.70*max(0,X1-1.06) * max(0,-0.548-X0) - 6.53*max(0,-0.803-X1) * max(0,X0-1.40) + 3.52*max(0,X1-1.06) + 2.07*max(0,X1-0.690) + 1.26*max(0,-0.548-X0) - 1.21*max(0,-0.803-X1) + 0.719*max(0,0.690-X1) + 0.322*max(0,X0+0.548) - 0.241*abs(X0) * max(0,X0-1.01) - 0.0953*max(0,X1+0.430) - 0.0772*X0 * max(0,X0-1.01) - 0.0338*max(0,0.232-X0) - 0.0302*max(0,1.01-X0) - 0.0169*max(0,X0-0.232) * max(0,X0-1.01)"
ffx,strogatz_shearflow2,ok,0.995633,0.010737,430,9.87,,"-0.619 - 28.9*max(0,X0-0.232) * max(0,0.622-X0) + 8.57*max(0,0.622-X0) * max(0,-0.430-X1) + 8.16*X1 * max(0,X1-1.06) + 7.88*max(0,-0.803-X1) * max(0,X0-0.622) - 4.87*max(0,X0-1.01) * max(0,X0-1.40) - 2.82*max(0,-0.430-X1) - 2.50*max(0,X0-1.40) * max(0,X0-0.622) + 2.04*max(0,X0-0.622) - 2.00*max(0,X1-0.690) - 1.96*max(0,-0.803-X1) * X0 - 1.77*max(0,X1-1.06) + 1.60*max(0,X0-1.40) + 1.56*max(0,-0.158-X0) + 1.16*max(0,-0.548-X0) + 1.05*max(0,X0-0.232) - 0.900*max(0,-0.803-X1) + 0.835*max(0,-0.430-X1) * max(0,X0-0.622) - 0.819*max(0,X1-0.317) + 0.807*max(0,0.622-X0) + 0.754*max(0,X0-1.01) * max(0,-0.430-X1) + 0.742*max(0,-0.803-X1) * max(0,-0.430-X1) - 0.712*max(0,-0.158-X0) * max(0,X1-1.06) - 0.712*max(0,X1+0.430) - 0.656*max(0,X0-0.232) * max(0,X0-1.40) + 0.619*max(0,0.232-X0) - 0.595*max(0,X0-1.01) * max(0,X0-0.622) + 0.476*max(0,1.01-X0) + 0.384*X1 * X0 - 0.370*X1 - 0.367*X1 * max(0,0.622-X0) - 0.362*max(0,0.622-X0) * max(0,X1-1.06) + 0.361*X0 * max(0,-0.158-X0) + 0.306*X0 + 0.302*max(0,-0.430-X1) * max(0,X0-1.40) - 0.195*max(0,X0-0.232) * max(0,-0.430-X1) - 0.0775*X0 * max(0,0.622-X0) - 0.0765*max(0,-0.803-X1) * max(0,0.622-X0) + 0.0711*max(0,1.06-X1) - 0.0301*max(0,X1+0.803) + 0.00770*X0 * max(0,X0-0.622) - 0.00451*max(0,-0.158-X0) * max(0,0.622-X0) + 0.000500*X1 * max(0,-0.430-X1)"
ffx,strogatz_vdp1,ok,0.982916,0.106745,172,11.31,,"1.80 + 12.5*max(0,0.465-X0) * max(0,X0-0.0845) - 3.33*max(0,X1-1.75) * max(0,X0-0.846) - 2.57*max(0,X0-0.0845) * max(0,X0-0.465) - 2.24*abs(X0) * max(0,X0-0.465) - 2.06*X1 * max(0,-1.06-X0) - 1.73*abs(X0) + 1.44*abs(X0) * max(0,-1.06-X0) + 1.35*X1 + 1.12*max(0,X1-2.29) - 1.08*max(0,-0.373-X1) + 1.04*max(0,0.0845-X0) * max(0,-1.06-X0) + 0.751*max(0,X1-1.75) + 0.528*max(0,X0+0.677) - 0.220*max(0,1.22-X1) - 0.186*max(0,X0+0.677) * max(0,0.0845-X0) - 0.171*max(0,X0+0.677) * max(0,X0-0.465) + 0.0964*max(0,X0+0.677) * max(0,0.465-X0)"
ffx,strogatz_vdp2,ok,0.999383,0.002035,21,6.89,,"-0.0210 - 0.777*X0 + 0.136*max(0,0.846-X0) - 0.0834*max(0,X0+1.06)"
