algorithm,dataset,status,r2,rmse,complexity,seconds,error,expression
ffx,1027_ESL,ok,0.462949,1.16482,532,5.73,,"-0.0686 - 16.9*max(0,X2+0.460) * max(0,X1-1.78) - 13.1*X3 * max(0,X1-1.78) + 9.74*max(0,X1-1.78) - 8.53*max(0,X2+0.460) * max(0,-1.49-X0) - 2.63*max(0,-1.86-X2) - 2.43*max(0,X2-1.63) * max(0,X1-1.11) - 1.57*max(0,X0+0.198) * max(0,X1-1.78) + 1.32*X3 * max(0,X1-1.11) + 1.24*max(0,-0.842-X0) * max(0,-1.49-X0) + 1.06*max(0,X1-1.78) * max(0,X1-1.11) + 1.01*X3 * max(0,-1.49-X0) + 0.901*max(0,-1.49-X0) + 0.893*max(0,-1.57-X1) * max(0,-1.86-X2) - 0.869*max(0,-1.57-X1) * max(0,-1.49-X0) + 0.754*max(0,X2+0.460) * max(0,X1-1.11) - 0.673*max(0,-1.39-X3) - 0.629*max(0,-1.16-X2) + 0.621*max(0,X0+0.198) * max(0,X1-1.11) + 0.583*max(0,X0+0.198) * max(0,-1.86-X2) - 0.522*max(0,-0.842-X0) + 0.516*max(0,X2+0.460) + 0.503*max(0,-1.86-X2) * max(0,-0.842-X0) + 0.481*max(0,-1.16-X2) * max(0,-1.86-X2) + 0.460*max(0,X2+0.460) * max(0,-0.842-X0) - 0.442*max(0,X0-1.09) - 0.370*X3 * max(0,-1.16-X2) - 0.313*X3 * max(0,-0.842-X0) + 0.287*X3 * max(0,-1.86-X2) - 0.278*max(0,-1.16-X2) * max(0,-1.49-X0) + 0.258*max(0,X0-1.73) + 0.242*X3 - 0.238*max(0,0.444-X1) - 0.204*abs(X2) + 0.197*max(0,X0+0.198) - 0.153*max(0,X2-0.239) - 0.138*X1**2 - 0.116*max(0,-0.198-X0) + 0.111*max(0,X0-0.446) + 0.105*X2**2 + 0.0992*max(0,-1.57-X1) * max(0,-0.842-X0) + 0.0990*max(0,X2+0.460) * X3 + 0.0806*max(0,-1.16-X2) * max(0,-0.842-X0) - 0.0768*max(0,X1-1.11) + 0.0731*max(0,-1.57-X1) + 0.0663*max(0,-1.16-X2) * max(0,-1.57-X1) + 0.0594*max(0,-0.637-X3) + 0.0540*abs(X1) - 0.0451*max(0,X3-0.861) + 0.0365*max(0,X0+0.198) * max(0,-1.16-X2) + 0.0302*max(0,-0.896-X1) - 0.0269*X3 * max(0,-1.57-X1) - 0.0209*X3 * max(0,X0+0.198) - 0.0113*max(0,-1.86-X2) * max(0,-1.49-X0) - 0.00830*max(0,X2+0.460) * max(0,X0+0.198) - 0.00786*X3**2 + 0.00277*max(0,1.78-X1) - 0.000191*max(0,X1+1.57)"
ffx,1028_SWD,ok,-0.109711,0.889882,1642,14.91,,"0.768 - 9.58*max(0,-0.770-X4) * max(0,-0.716-X3) - 6.13*max(0,-0.770-X4) * max(0,-1.09-X1) - 4.79*max(0,X3-0.307) * max(0,-0.770-X4) - 4.49*max(0,X6-0.325) * max(0,-1.09-X1) - 4.45*max(0,-1.09-X1) * max(0,-0.759-X6) + 4.30*max(0,0.160-X2) * max(0,-0.770-X4) + 3.84*max(0,X6-0.325) * max(0,-0.770-X4) + 3.74*max(0,-0.770-X4) * max(0,-0.759-X6) + 3.35*max(0,0.160-X2) * max(0,-0.759-X6) + 3.27*max(0,-0.716-X3) * max(0,-1.09-X1) - 2.94*max(0,0.544-X2) * max(0,-0.759-X6) - 2.38*X4 * max(0,-1.09-X1) - 2.24*max(0,-1.09-X1) + 2.14*max(0,0.160-X2) * max(0,-0.716-X3) + 2.06*max(0,0.160-X2) * max(0,-1.09-X1) - 2.00*max(0,X8+0.435) * max(0,-0.716-X3) + 1.93*max(0,X4-0.837) * max(0,-0.759-X6) + 1.91*max(0,X9+0.513) * max(0,-0.770-X4) + 1.84*max(0,-0.716-X3) + 1.73*max(0,X9+0.850) * max(0,-1.09-X1) + 1.73*max(0,X9+0.850) * max(0,X4-0.837) + 1.69*max(0,X6-0.325) * max(0,0.160-X2) - 1.62*max(0,X4-1.24) - 1.60*max(0,-0.716-X3) * max(0,-0.759-X6) - 1.55*max(0,X6-0.325) * max(0,X4-0.837) + 1.40*max(0,X0+0.825) * max(0,-0.759-X6) + 1.29*X4 * max(0,-0.770-X4) - 1.22*X4 * max(0,-0.716-X3) - 1.20*max(0,X9+0.850) * max(0,0.160-X2) - 1.15*max(0,X9+0.850) * max(0,-0.716-X3) - 1.14*X4 * max(0,X3-0.307) - 1.10*X7 * max(0,-1.09-X1) + 1.09*max(0,X3-0.307) * max(0,0.544-X2) + 1.04*max(0,X3-0.307) - 1.03*max(0,X3-0.307) * max(0,0.160-X2) - 1.02*max(0,X9+0.850) * max(0,-0.759-X6) + 0.981*X7 * max(0,-0.770-X4) - 0.974*max(0,0.544-X2) * max(0,-1.09-X1) - 0.944*max(0,X9+0.513) * max(0,0.160-X2) + 0.893*max(0,X3-0.307) * max(0,-0.759-X6) + 0.872*max(0,X8+0.435) * max(0,-0.770-X4) - 0.862*max(0,0.544-X2) * max(0,-0.716-X3) + 0.803*max(0,X9+0.513) * max(0,0.544-X2) - 0.801*max(0,X8+0.0870) - 0.792*max(0,X4-0.837) - 0.784*max(0,X9+0.513) * max(0,X4-0.837) - 0.682*max(0,0.160-X2) - 0.681*max(0,X9+0.513) * max(0,X6-0.325) + 0.663*max(0,X4-0.837) * max(0,X3-0.307) + 0.660*max(0,X9+0.850) * max(0,X6-0.325) + 0.627*max(0,X9+0.850) * max(0,0.544-X2) + 0.609*max(0,X4-0.837) * max(0,0.160-X2) - 0.604*max(0,X3-0.307) * max(0,-1.09-X1) - 0.599*max(0,X4-0.837) * X7 + 0.597*max(0,X4-0.837) * max(0,-0.716-X3) + 0.595*X7 + 0.591*max(0,X0+0.825) * max(0,-1.09-X1) + 0.566*max(0,X8+0.435) + 0.559*max(0,-0.375-X3) - 0.558*max(0,-0.770-X4) + 0.554*max(0,X0+0.825) * X7 - 0.545*max(0,X0+0.825) * max(0,-0.716-X3) + 0.543*max(0,X0+0.825) * max(0,-0.770-X4) + 0.530*max(0,X9+0.513) * max(0,-0.716-X3) + 0.514*max(0,X8+0.435) * max(0,X4-0.837) + 0.467*X5 + 0.463*X4 * max(0,0.160-X2) - 0.441*max(0,-0.397-X6) - 0.433*max(0,-0.759-X6) - 0.424*X7 * max(0,0.544-X2) + 0.424*max(0,X8+0.435) * max(0,-0.759-X6) + 0.411*max(0,X9+0.850) - 0.410*X7**2 + 0.374*max(0,X8+0.783) + 0.366*max(0,X8+0.435) * max(0,-1.09-X1) - 0.362*max(0,X8+0.435) * max(0,X3-0.307) - 0.352*max(0,X6-0.325) + 0.325*X4 * X7 + 0.325*max(0,0.544-X2) * max(0,-0.770-X4) - 0.301*max(0,X0+0.825) * max(0,X3-0.307) - 0.293*X4 * max(0,-0.759-X6) - 0.281*max(0,X8+0.435) * max(0,0.160-X2) + 0.278*X4 * max(0,0.544-X2) + 0.263*X7 * max(0,-0.716-X3) - 0.260*max(0,0.544-X2) * max(0,0.160-X2) - 0.257*max(0,X9+0.513) * X7 + 0.246*max(0,X8+0.435) * X4 - 0.244*max(0,X8+0.435) * X7 - 0.229*X4 * max(0,X4-0.837) + 0.217*max(0,X4-0.837) * max(0,-1.09-X1) - 0.215*max(0,-0.0361-X6) - 0.211*X7 * max(0,X3-0.307) + 0.183*max(0,X9+0.513) * max(0,-0.759-X6) + 0.180*X4 - 0.177*max(0,X0+0.825) * max(0,0.544-X2) - 0.177*max(0,X1+0.0603) + 0.167*max(0,X8+0.435) * max(0,0.544-X2) - 0.165*max(0,X0+0.825) + 0.159*max(0,X9+0.513) * max(0,-1.09-X1) - 0.157*max(0,X9+0.850) * max(0,X3-0.307) + 0.155*max(0,X8+0.435) * max(0,X6-0.325) - 0.147*max(0,0.881-X7) - 0.141*max(0,X6-0.325) * max(0,-0.716-X3) - 0.140*max(0,X6-0.325) * X7 + 0.138*max(0,X9+0.850) * X4 - 0.135*max(0,X9+0.513) * max(0,X8+0.435) + 0.127*max(0,X2-1.31) - 0.124*max(0,X9-0.496) - 0.106*max(0,0.544-X2) + 0.104*X5**2 - 0.100*max(0,X6-0.325) * max(0,X3-0.307) - 0.0984*X4 * max(0,X6-0.325) - 0.0942*max(0,X6-1.05) - 0.0870*max(0,X9-0.833) - 0.0816*max(0,X6-0.325) * max(0,0.544-X2) + 0.0717*X0**2 + 0.0699*max(0,-0.0341-X3) - 0.0676*max(0,X9+0.513) * max(0,X9+0.850) - 0.0576*X9**2 + 0.0558*max(0,X8+0.435) * max(0,X9+0.850) - 0.0546*X0 - 0.0524*max(0,-0.496-X5) - 0.0441*max(0,X7+0.974) + 0.0376*max(0,X0+0.437) - 0.0358*max(0,X3+0.0341) - 0.0357*max(0,X9-0.160) + 0.0355*X7 * max(0,0.160-X2) + 0.0320*max(0,X9+0.513) * X4 - 0.0280*max(0,X3-0.989) + 0.0255*max(0,-0.368-X4) + 0.0178*max(0,X0+0.825) * max(0,0.160-X2) - 0.0178*max(0,X1-0.284) - 0.0159*max(0,X9+0.850) * max(0,-0.770-X4) - 0.0153*max(0,X1-0.629) - 0.00932*max(0,X9+0.850) * X7 + 0.00905*max(0,-0.749-X1) - 0.00449*X7 * max(0,-0.759-X6) + 0.00395*X4**2 + 0.00302*max(0,-0.405-X1) - 0.00109*max(0,0.0402-X5) + 0.000912*X9 - 0.000659*max(0,X6-0.686) - 2.40e-7*max(0,0.308-X5) - 1.82e-11*max(0,0.577-X5) - 7.00e-12*max(0,0.845-X5)"
ffx,1029_LEV,ok,0.624272,0.557631,734,7.05,,"2.09 + 31.3*max(0,-0.812-X2) * max(0,-0.822-X3) + 27.6*max(0,X1-1.21) * max(0,-0.822-X3) - 18.2*max(0,0.338-X3) * max(0,-0.812-X2) + 11.5*max(0,-0.822-X3) - 10.9*max(0,-0.723-X0) * max(0,-0.822-X3) + 8.59*max(0,0.725-X3) * max(0,-0.812-X2) - 7.77*max(0,X1+0.824) * max(0,-0.822-X3) - 5.15*max(0,0.682-X2) * max(0,-0.822-X3) - 4.93*max(0,0.338-X3) * max(0,X1-1.21) + 4.85*max(0,-0.723-X0) * max(0,0.338-X3) + 4.20*X1 * max(0,-0.822-X3) - 3.99*max(0,-0.812-X2) * max(0,X3-1.11) - 3.55*max(0,-0.723-X0) * max(0,-0.812-X2) - 3.18*max(0,X1-1.21) * max(0,-0.812-X2) - 2.98*max(0,0.338-X3) * max(0,-0.822-X3) + 2.79*max(0,-0.723-X0) * max(0,X3-1.11) - 2.70*max(0,X1-1.21) * max(0,X3-1.11) - 2.43*max(0,0.725-X3) * max(0,X1-1.21) + 2.22*max(0,0.682-X2) * max(0,0.338-X3) - 2.22*max(0,0.682-X2) - 2.22*X1 * max(0,-0.812-X2) - 2.18*max(0,X0-0.0331) * max(0,X1-1.21) + 2.04*max(0,X0-0.0331) * max(0,-0.822-X3) - 1.90*max(0,-0.812-X2) + 1.82*max(0,0.308-X2) - 1.71*max(0,-0.723-X0) * max(0,X1-1.21) + 1.67*max(0,-0.0102-X1) + 1.64*max(0,0.682-X2) * max(0,-0.812-X2) + 1.64*X1 - 1.56*max(0,0.682-X2) * max(0,X1-1.21) - 1.50*max(0,X0-0.0331) * max(0,-0.812-X2) + 1.45*X1 * max(0,0.338-X3) + 1.26*max(0,X1-1.21) - 1.11*max(0,0.725-X3) + 0.966*X1 * max(0,X1-1.21) + 0.918*max(0,0.682-X2) * max(0,X3-1.11) - 0.917*max(0,0.682-X2) * max(0,0.725-X3) - 0.888*max(0,-0.723-X0) - 0.879*max(0,0.338-X3) * max(0,X0-0.0331) - 0.867*max(0,X1+0.824) + 0.808*max(0,X0-0.0331) + 0.787*X1 * max(0,0.682-X2) + 0.777*max(0,0.338-X3) * max(0,0.725-X3) - 0.761*max(0,X0-0.0331) * max(0,X3-1.11) - 0.717*max(0,X2+0.812) - 0.592*abs(X3) + 0.554*X1 * max(0,X3-1.11) - 0.500*X1 * max(0,0.725-X3) + 0.404*max(0,X1-0.803) + 0.323*max(0,X3+0.822) + 0.277*max(0,X0-0.0331) * max(0,0.725-X3) + 0.246*max(0,X2+0.439) - 0.217*abs(X0) - 0.212*X1 * max(0,-0.723-X0) - 0.156*max(0,0.682-X2) * max(0,-0.723-X0) - 0.150*max(0,0.725-X3) * max(0,-0.822-X3) - 0.137*X0 - 0.126*X1**2 - 0.121*max(0,1.17-X0) - 0.116*max(0,0.338-X3) - 0.113*max(0,X3-1.11) - 0.0957*max(0,-0.723-X0) * max(0,0.725-X3) - 0.0511*X1 * max(0,X0-0.0331) + 0.0472*X0**2 - 0.0316*max(0,X3+0.435) - 0.0206*max(0,0.790-X0) + 0.00375*max(0,X0+0.345) - 0.000322*max(0,0.682-X2) * max(0,X0-0.0331)"
ffx,1030_ERA,ok,-0.121735,1.92107,1190,8.68,,"0.758 + 17.8*max(0,-1.15-X2) * max(0,0.00733-X3) + 13.5*max(0,0.418-X3) * max(0,X3-0.00733) - 7.34*max(0,X2-0.291) * max(0,-0.814-X3) + 4.31*max(0,-0.208-X0) * max(0,X3-0.829) - 3.86*max(0,-0.611-X0) * max(0,X3-0.418) + 2.74*max(0,-0.188-X2) * max(0,-0.403-X3) + 2.58*max(0,0.418-X3) * max(0,-1.15-X2) + 2.56*max(0,X2-1.25) + 2.38*max(0,-0.611-X0) * max(0,-0.814-X3) - 2.36*max(0,-0.188-X2) * max(0,-0.814-X3) - 2.33*max(0,-0.170-X1) * max(0,-0.814-X3) + 2.22*max(0,X1-1.35) * max(0,-0.403-X3) + 2.14*max(0,X0-1.00) + 2.08*max(0,-0.611-X0) * max(0,-0.188-X2) + 2.02*max(0,-0.208-X0) * max(0,-0.814-X3) - 1.97*max(0,-0.814-X3) * max(0,-0.403-X3) + 1.37*max(0,-0.403-X3) - 1.35*max(0,-0.611-X0) * max(0,X3-0.00733) - 1.33*max(0,X1-1.35) * max(0,X3-0.829) + 1.23*max(0,X2-0.291) * max(0,-0.403-X3) - 1.18*max(0,-0.611-X0) * max(0,-0.403-X3) + 1.15*max(0,-1.19-X1) + 1.06*max(0,X1-1.35) - 1.01*max(0,-0.188-X2) * max(0,X3-1.24) - 0.980*max(0,-0.678-X1) + 0.868*max(0,-0.667-X2) - 0.809*max(0,-0.208-X0) + 0.785*max(0,-0.170-X1) * max(0,X3-0.418) - 0.738*max(0,X3-0.418) * max(0,X3-0.829) + 0.716*max(0,-0.170-X1) * max(0,-0.403-X3) - 0.651*max(0,X1-0.337) - 0.631*max(0,0.00733-X3) - 0.624*max(0,-0.170-X1) * max(0,X3-0.829) + 0.617*max(0,X1+0.170) - 0.598*max(0,0.418-X3) * max(0,-0.814-X3) - 0.559*max(0,-0.170-X1) * max(0,-0.188-X2) + 0.555*max(0,-0.611-X0) * max(0,-0.170-X1) + 0.545*max(0,-0.188-X2) * max(0,-0.208-X0) - 0.544*max(0,X3-1.24) * max(0,X3-0.829) - 0.542*max(0,X2-0.291) * max(0,0.00733-X3) - 0.528*max(0,-0.208-X0) * max(0,X3-0.00733) - 0.509*max(0,0.418-X3) * max(0,-0.188-X2) + 0.485*max(0,0.418-X3) * max(0,-0.403-X3) + 0.467*max(0,X3-1.24) * max(0,-1.15-X2) - 0.455*max(0,-0.208-X0) * max(0,-0.403-X3) - 0.425*max(0,0.291-X2) + 0.370*max(0,-0.170-X1) * max(0,-0.208-X0) + 0.347*max(0,-0.170-X1) * max(0,X3-0.00733) - 0.320*max(0,X2-0.770) - 0.300*max(0,X3-0.829) - 0.268*max(0,0.770-X2) - 0.257*max(0,-0.611-X0) * max(0,X3-0.829) - 0.235*max(0,-0.188-X2) - 0.213*max(0,X2-0.291) * max(0,-0.170-X1) + 0.174*max(0,X0+0.208) - 0.156*max(0,-0.170-X1) * max(0,0.00733-X3) + 0.146*max(0,-0.170-X1) * max(0,0.418-X3) - 0.145*max(0,-0.611-X0) - 0.143*max(0,X0-0.600) + 0.137*max(0,X2-0.291) * max(0,X3-0.829) + 0.126*max(0,X2-0.291) * max(0,X3-1.24) - 0.119*max(0,-0.611-X0) * max(0,0.00733-X3) - 0.119*max(0,0.337-X1) - 0.107*max(0,X2-0.291) * max(0,0.418-X3) - 0.104*max(0,0.418-X3) * max(0,-0.208-X0) + 0.101*max(0,X3+0.403) - 0.100*max(0,-0.611-X0) * max(0,0.418-X3) - 0.0941*max(0,-0.170-X1) - 0.0828*max(0,-0.208-X0) * max(0,0.00733-X3) - 0.0776*max(0,-0.188-X2) * max(0,0.00733-X3) - 0.0760*max(0,X0-0.196) - 0.0578*max(0,X3-0.00733) * max(0,X3-0.829) - 0.0478*max(0,X3+0.814) - 0.0459*max(0,-0.188-X2) * max(0,-1.15-X2) - 0.0412*max(0,0.845-X1) - 0.0323*max(0,0.196-X0) - 0.0252*max(0,X3-0.00733) * max(0,X3-0.418) - 0.0248*max(0,X2-0.291) * max(0,-0.208-X0) - 0.0225*max(0,-0.188-X2) * max(0,X3-0.418) + 0.0223*max(0,X2+0.667) + 0.0189*max(0,0.00733-X3) * max(0,-0.403-X3) - 0.0119*max(0,X3-0.00733) + 0.0112*max(0,X1-1.35) * max(0,0.00733-X3) + 0.0111*max(0,1.00-X0) - 0.00934*max(0,X0+1.01) + 0.00904*max(0,-1.01-X0) - 0.00894*max(0,0.418-X3) - 0.00230*max(0,-0.188-X2) * max(0,X3-0.00733) + 0.00125*max(0,-0.611-X0) * max(0,-0.208-X0) + 0.000691*max(0,X1+1.19) + 8.79e-5*max(0,X1-1.35) * max(0,-0.814-X3)"
ffx,1089_USCrime,ok,0.688326,20.332434,238,7.32,,"0.869 - 0.917*max(0,-0.991-X11) - 0.813*max(0,X3-0.930) + 0.766*max(0,-1.17-X12) - 0.754*max(0,X12+0.225) - 0.614*max(0,X4-2.07) - 0.580*max(0,0.384-X0) - 0.544*max(0,-0.0689-X8) + 0.516*max(0,X6-1.02) + 0.468*max(0,-0.553-X10) + 0.461*max(0,0.0586-X3) + 0.431*max(0,-0.448-X5) + 0.406*max(0,-0.962-X6) + 0.383*max(0,X0-2.07) - 0.368*max(0,X11-1.12) - 0.363*max(0,X1-1.29) + 0.263*max(0,0.0641-X11) - 0.243*max(0,0.619-X10) - 0.200*max(0,X9-2.19) - 0.167*max(0,X10-0.619) - 0.162*max(0,X12-1.19) + 0.153*abs(X11) + 0.112*X2 - 0.111*max(0,-0.0421-X7) - 0.110*max(0,X11-1.65) - 0.104*abs(X9) - 0.0786*max(0,X6-1.51) - 0.0350*max(0,1.80-X7) - 0.0340*max(0,X11+0.991) + 0.0298*abs(X2) + 0.0206*max(0,X8-1.02) + 0.0178*max(0,X6+0.467) - 0.00277*max(0,-0.246-X2) + 0.000112*abs(X3) - 5.32e-5*max(0,0.0410-X2) - 8.83e-7*max(0,0.328-X2) - 1.25e-8*max(0,0.615-X2) - 1.52e-10*max(0,0.903-X2) - 1.47e-12*max(0,1.19-X2) + 8.54e-13*max(0,X2-0.0410) + 1.05e-13*max(0,X2+0.246)"
ffx,1096_FacultySalaries,ok,-0.141688,3.666471,1013,13.05,,"-4.94 + 19.6*max(0,0.147-X1) * max(0,X2-0.0490) + 17.2*max(0,X1-1.78) + 11.8*max(0,X3-2.37) - 11.8*X3 * max(0,X1-1.78) - 11.4*max(0,X1-1.78) * max(0,X1-1.23) + 11.2*max(0,X2-1.09) * max(0,X1-1.78) - 10.2*abs(X3) * max(0,X1-1.78) + 7.06*abs(X1) * max(0,X1-1.78) + 6.78*max(0,X2-0.0490) * max(0,-0.0892-X3) - 5.85*max(0,0.147-X1) * max(0,-0.940-X1) + 5.69*abs(X1) * max(0,-0.940-X1) + 5.09*max(0,X2-1.61) - 4.87*max(0,X3-0.527) - 4.48*max(0,X2-0.0490) * max(0,X1-1.23) - 4.22*abs(X1) * max(0,-0.0892-X3) - 3.31*X2 * max(0,X1-1.23) + 3.08*max(0,X2-0.0490) * max(0,X3-1.76) - 3.06*abs(X1) * max(0,X3-1.14) - 2.85*max(0,0.147-X1) + 2.82*X3 * X1 - 2.81*max(0,0.147-X1) * X3 + 2.78*X3 * max(0,-0.0892-X3) + 2.48*max(0,X2-1.09) * max(0,X1-1.23) - 2.44*abs(X2) * max(0,X3-1.14) + 2.43*max(0,X3-1.14) * max(0,X1-1.78) + 2.43*max(0,X3+0.0892) - 2.43*max(0,0.527-X3) - 2.37*abs(X3) + 2.17*max(0,-0.0892-X3) - 2.13*max(0,-0.0892-X3) * X1 + 1.98*abs(X2) * max(0,X1-1.23) + 1.92*max(0,X2-0.0490) * abs(X1) + 1.86*abs(X3) * X1 + 1.85*X3 * max(0,X1-1.23) - 1.82*X1 + 1.76*abs(X1) * max(0,X1-1.23) - 1.67*max(0,-0.991-X2) - 1.65*max(0,X2-0.0490) * max(0,X1-1.78) + 1.56*X3**2 - 1.53*max(0,X2-1.09) * X1 + 1.52*max(0,1.14-X3) + 1.48*max(0,X3-1.76) - 1.46*max(0,0.147-X1) * abs(X1) - 1.45*max(0,X2-1.09) * abs(X3) - 1.44*max(0,X2-0.0490) * abs(X3) + 1.42*X1 * max(0,X1-1.23) - 1.42*X1**2 + 1.39*max(0,1.09-X2) - 1.39*X2 + 1.38*max(0,X2-0.0490) + 1.35*abs(X1) * X3 - 1.34*max(0,1.78-X1) - 1.32*max(0,-0.396-X1) - 1.27*X3 * max(0,X2-1.09) - 1.27*max(0,-0.940-X1) + 1.24*max(0,X2-0.0490) * X1 - 1.24*max(0,-0.940-X1) * X1 - 1.23*max(0,X2-0.0490) * abs(X2) - 1.22*abs(X2) + 1.20*max(0,X3-1.76) * max(0,X1-1.23) + 1.19*abs(X1) * abs(X3) + 1.19*max(0,X1-1.78) * X1 + 1.12*max(0,1.76-X3) + 1.07*X2 * X1 + 1.06*max(0,X1+0.940) + 1.05*max(0,X2-1.09) + 1.04*abs(X2) * max(0,X1-1.78) + 1.01*max(0,0.147-X1) * abs(X2) - 0.989*abs(X1) * X1 - 0.944*X3 + 0.929*max(0,0.147-X1) * X1 - 0.905*X3 * max(0,X3-1.14) + 0.884*max(0,1.23-X1) - 0.864*max(0,X3-1.14) * max(0,X1-1.23) + 0.769*max(0,0.0490-X2) - 0.758*max(0,-0.471-X2) - 0.645*max(0,0.691-X1) + 0.630*max(0,X2-0.0490) * max(0,X2-1.09) + 0.615*max(0,X3-1.76) * max(0,X1-1.78) + 0.612*abs(X3) * max(0,X1-1.23) + 0.598*max(0,-0.940-X1) * abs(X3) - 0.580*max(0,-0.940-X1) * abs(X2) - 0.578*max(0,X3-1.14) * abs(X3) - 0.568*abs(X1) + 0.562*max(0,0.147-X1) * max(0,-0.0892-X3) + 0.550*max(0,-0.0892-X3) * abs(X2) + 0.535*max(0,-0.940-X1) * max(0,-0.0892-X3) + 0.515*abs(X2) * abs(X3) - 0.482*max(0,X3-1.14) * X1 - 0.474*max(0,X1-1.23) - 0.471*max(0,X2-1.09) * abs(X2) + 0.438*max(0,2.37-X3) + 0.398*X3 * abs(X2) + 0.388*abs(X0) - 0.382*max(0,X2-0.569) - 0.358*max(0,X2-0.0490) * max(0,X3-1.14) - 0.345*max(0,-0.705-X3) + 0.341*max(0,1.61-X2) - 0.338*X2**2 - 0.308*abs(X1) * max(0,X2-1.09) - 0.291*max(0,0.147-X1) * abs(X3) - 0.290*max(0,X3-1.76) * abs(X3) - 0.287*X0 + 0.264*max(0,X1-0.147) + 0.248*max(0,X1+0.396) - 0.233*max(0,-0.0892-X3) * abs(X3) - 0.207*X2 * max(0,X1-1.78) - 0.207*X3 * abs(X3) + 0.206*abs(X1) * abs(X2) + 0.182*max(0,X2+0.471) - 0.167*max(0,X1-0.691) - 0.163*max(0,X2-1.09) * max(0,X3-1.76) - 0.152*max(0,-0.940-X1) * X3 - 0.137*X3 * max(0,X3-1.76) + 0.132*abs(X2) * X1 + 0.129*max(0,X3-1.14) - 0.120*max(0,X3-1.76) * X1 + 0.101*max(0,X3+0.705) - 0.0850*max(0,X3-1.76) * max(0,X3-1.14) + 0.0565*max(0,X2-0.0490) * X3 + 0.0540*max(0,X2-1.09) * max(0,X3-1.14) - 0.0366*max(0,0.569-X2) + 0.0278*max(0,X3-1.76) * abs(X2) + 0.0230*abs(X1) * max(0,X3-1.76) + 0.0131*max(0,X2+0.991) - 0.00227*X0**2 - 0.000447*max(0,0.103-X0) - 5.01e-8*max(0,0.464-X0) - 6.08e-13*max(0,1.55-X0)"
ffx,1191_BNG_pbc,ok,-9.491331,3016.999531,2265,63.47,,"-0.305 + 104*max(0,X8-3.19) * max(0,X2-0.821) - 56.7*max(0,X14-2.22) * max(0,X11-0.0792) - 55.7*max(0,X2-0.259) * max(0,X15-2.19) + 45.7*max(0,-0.303-X2) * max(0,X11-3.74) - 24.0*max(0,X12-2.98) * max(0,0.0792-X11) + 18.0*max(0,X8-3.19) * max(0,0.0792-X11) - 13.5*max(0,X8-1.39) * max(0,X2-0.821) + 13.4*max(0,X2-0.259) * max(0,X16-2.77) + 11.6*max(0,X8-2.59) * max(0,-0.303-X2) - 10.8*max(0,X11-1.54) * max(0,X16-2.11) + 10.5*max(0,X8-2.59) * max(0,X12-3.65) - 8.72*max(0,X10-0.368) * max(0,X2-0.821) - 8.53*max(0,X13-2.85) - 7.83*max(0,X11-1.54) * max(0,X12-2.98) - 7.76*max(0,X9-0.983) * max(0,X11-1.54) - 7.32*abs(X10) * max(0,X8-3.19) + 6.47*max(0,X9-0.983) * max(0,-0.303-X2) - 5.78*abs(X8) * max(0,X2-0.821) + 5.72*max(0,X13-2.03) - 5.59*max(0,X11-1.54) * max(0,-0.303-X2) - 5.24*max(0,X2-0.821) * max(0,0.0792-X11) - 5.17*max(0,X15-2.19) * max(0,0.0792-X11) + 4.71*max(0,X2-0.259) * max(0,X10-0.368) - 4.60*abs(X2) - 4.33*abs(X8) * max(0,0.192-X8) - 4.06*max(0,X14-2.22) * max(0,0.0792-X11) + 3.85*max(0,-0.303-X2) * max(0,X16-2.11) - 3.68*max(0,X8-1.99) + 3.35*max(0,X8-1.39) * max(0,X11-0.0792) + 3.31*abs(X10) * max(0,X8-1.39) + 3.26*max(0,-0.303-X2) + 3.01*max(0,-0.419-X13) - 2.89*max(0,X2-0.821) * max(0,0.192-X8) - 2.72*max(0,-0.947-X9) - 2.69*abs(X8) * max(0,X16-2.11) - 2.61*max(0,-0.303-X2) * max(0,X14-3.73) - 2.56*max(0,X10-0.368) - 2.56*max(0,X2-1.38) + 2.50*max(0,X2-0.821) * abs(X2) - 2.47*max(0,X11-0.0792) * max(0,X16-2.11) - 2.47*max(0,X9-0.983) * max(0,0.0792-X11) + 2.43*max(0,X2-0.259) * abs(X2) + 2.30*max(0,X11-1.54) * max(0,0.192-X8) + 2.19*abs(X8) * max(0,0.792-X8) - 2.13*abs(X8) * max(0,X10-0.368) + 2.11*max(0,X11-0.0792) * max(0,0.811-X11) - 2.07*max(0,X11-3.74) + 1.98*max(0,X9-0.983) * abs(X11) - 1.93*max(0,X9-1.95) - 1.93*max(0,X9-0.983) * max(0,X8-1.39) + 1.92*max(0,-0.526-X16) + 1.92*max(0,X8-2.59) * max(0,X2-0.821) - 1.92*max(0,X12-2.98) * max(0,0.192-X8) - 1.88*max(0,X8-1.39) + 1.81*max(0,X8-3.19) * abs(X11) + 1.79*max(0,-0.303-X2) * max(0,0.192-X8) - 1.77*max(0,X12-0.951) - 1.76*max(0,X14-2.22) * max(0,X2-0.821) + 1.75*abs(X8) * max(0,0.0792-X11) - 1.73*max(0,X11-0.0792) * max(0,-0.303-X2) + 1.71*max(0,X2-0.821) * max(0,0.811-X11) + 1.70*max(0,X14-1.46) + 1.68*max(0,X9-0.983) * max(0,X2-0.259) + 1.67*max(0,X2-0.259) * max(0,0.811-X11) - 1.54*abs(X10) * max(0,X8-2.59) - 1.49*max(0,-0.866-X2) - 1.45*max(0,X15-2.19) * abs(X2) + 1.45*max(0,X2-0.259) * abs(X8) + 1.42*max(0,X12-1.63) + 1.41*max(0,0.792-X8) - 1.39*max(0,0.134-X16) - 1.37*max(0,0.811-X11) * max(0,X15-2.19) + 1.37*max(0,-1.36-X10) - 1.27*max(0,-0.838-X15) + 1.21*abs(X10) * max(0,X2-0.259) + 1.21*abs(X10) * max(0,X10-0.368) + 1.17*max(0,0.0792-X11) + 1.13*abs(X10) * max(0,X9-0.983) + 1.13*max(0,-1.43-X2) + 1.08*max(0,0.705-X14) - 1.06*max(0,X9-0.983) * abs(X8) + 1.06*max(0,X16-0.795) - 1.03*max(0,0.951-X12) + 1.01*max(0,0.983-X9) + 0.978*max(0,X12-2.98) * max(0,X12-3.65) - 0.976*max(0,X10-0.368) * max(0,X11-0.0792) - 0.973*abs(X10) * max(0,X2-0.821) - 0.969*max(0,0.192-X8) * max(0,X14-3.73) - 0.963*max(0,-0.208-X10) - 0.927*abs(X10) * max(0,X11-1.54) + 0.915*abs(X10) * max(0,0.792-X8) - 0.883*max(0,X2-0.259) * abs(X11) + 0.868*abs(X10) * abs(X11) + 0.862*max(0,-0.303-X2) * abs(X11) + 0.852*max(0,X11-0.0792) * max(0,0.192-X8) - 0.843*abs(X13) + 0.841*abs(X8) * max(0,X11-1.54) + 0.805*abs(X12) - 0.775*max(0,0.792-X8) * max(0,0.192-X8) - 0.769*max(0,0.811-X11) * abs(X11) + 0.768*max(0,1.63-X12) + 0.761*max(0,X9-0.983) * X11 + 0.755*max(0,X10-0.368) * abs(X2) - 0.753*abs(X10) * max(0,-0.303-X2) + 0.736*abs(X8) * max(0,X11-0.0792) + 0.736*max(0,X8-1.39) * max(0,-0.303-X2) - 0.703*abs(X8) * max(0,X15-2.19) - 0.695*abs(X10) * max(0,0.811-X11) + 0.694*X11 * max(0,0.0792-X11) - 0.683*max(0,0.368-X10) + 0.673*max(0,X9-0.983) * abs(X2) - 0.669*max(0,X8-1.39) * abs(X2) + 0.648*max(0,X8-2.59) * max(0,X10-0.368) - 0.645*abs(X14) + 0.633*max(0,X8-1.39) * max(0,X12-3.65) + 0.597*max(0,X13-3.67) - 0.569*max(0,-0.303-X2) * abs(X2) + 0.557*max(0,0.821-X2) + 0.555*max(0,X2-0.821) * X11 - 0.554*max(0,X16-0.134) - 0.553*max(0,-0.303-X2) * X11 + 0.542*max(0,X10-1.52) + 0.538*max(0,X8-2.59) * max(0,X11-0.0792) + 0.499*max(0,X14-0.705) - 0.490*abs(X9) + 0.477*max(0,-0.303-X2) * max(0,0.792-X8) + 0.468*max(0,X9-0.983) * max(0,X2-0.821) + 0.465*max(0,X2-0.821) + 0.453*max(0,X9-0.983) - 0.451*abs(X2) * max(0,X14-3.73) - 0.431*max(0,X2-0.259) * max(0,X11-0.0792) + 0.426*abs(X10) * max(0,X12-3.65) + 0.421*X11 * max(0,X14-3.73) - 0.415*max(0,X14-2.22) * abs(X11) + 0.415*X5 - 0.405*max(0,X10-0.368) * abs(X11) - 0.390*abs(X11) + 0.387*max(0,-0.783-X10) - 0.384*max(0,0.398-X13) + 0.372*max(0,0.795-X16) + 0.365*max(0,X16-1.45) * max(0,0.0792-X11) - 0.358*abs(X2) * max(0,0.792-X8) - 0.358*max(0,X2-0.259) * max(0,0.192-X8) + 0.355*abs(X10) * max(0,0.0792-X11) + 0.354*max(0,X2-0.821) * max(0,X11-1.54) + 0.339*max(0,0.192-X8) * max(0,0.0792-X11) - 0.331*max(0,0.294-X17) + 0.324*abs(X8) * max(0,X12-3.65) + 0.324*max(0,X9-3.88) - 0.324*max(0,X15-2.19) - 0.317*max(0,X8-1.39) * max(0,X15-2.19) + 0.312*X0**2 - 0.307*max(0,X8-1.39) * abs(X11) - 0.304*max(0,0.811-X11) * abs(X2) + 0.280*max(0,-0.0511-X14) + 0.269*max(0,X15-1.58) - 0.269*max(0,X10-0.368) * max(0,0.0792-X11) - 0.262*abs(X10) * max(0,X16-2.11) - 0.256*max(0,2.22-X14) + 0.253*max(0,X8-0.792) + 0.252*X6 + 0.240*X14**2 - 0.234*max(0,1.99-X8) + 0.231*max(0,X8-2.59) * max(0,X12-2.98) - 0.229*max(0,0.192-X8) * max(0,X14-2.97) + 0.227*abs(X8) - 0.224*max(0,X9-0.983) * max(0,X10-0.368) - 0.217*max(0,X9-0.983) * max(0,0.811-X11) + 0.211*abs(X5) + 0.206*X15**2 - 0.199*max(0,X11-0.811) + 0.198*max(0,X10-0.368) * max(0,0.792-X8) + 0.186*max(0,0.259-X2) - 0.185*max(0,X15-2.19) * abs(X11) + 0.183*max(0,1.38-X2) - 0.181*abs(X16) + 0.175*X11 * max(0,0.192-X8) - 0.166*max(0,X15-0.976) - 0.164*abs(X8) * max(0,-0.303-X2) - 0.143*abs(X17) - 0.141*abs(X1) - 0.138*X17**2 - 0.134*max(0,1.39-X8) - 0.132*max(0,0.0178-X9) + 0.130*max(0,X13+0.419) + 0.129*max(0,X13-0.398) + 0.118*max(0,2.03-X13) - 0.117*max(0,X11-1.54) * X11 + 0.105*max(0,-0.641-X0) + 0.0988*max(0,-0.303-X2) * max(0,0.0792-X11) + 0.0985*abs(X10) + 0.0954*max(0,X8-3.19) * max(0,X10-0.368) - 0.0939*max(0,X11-3.01) + 0.0915*max(0,X13-1.21) - 0.0915*abs(X2) * max(0,X14-2.97) + 0.0871*max(0,X8-1.39) * X11 - 0.0856*max(0,X2+0.866) - 0.0792*abs(X10) * max(0,0.192-X8) - 0.0790*max(0,2.91-X9) - 0.0757*abs(X10) * abs(X8) - 0.0717*max(0,-0.546-X17) - 0.0687*max(0,0.811-X11) * max(0,0.192-X8) + 0.0577*X7**2 + 0.0563*abs(X8) * abs(X11) - 0.0540*abs(X6) - 0.0525*abs(X2) * max(0,0.0792-X11) - 0.0522*max(0,-0.303-X2) * max(0,X14-2.97) - 0.0487*max(0,0.811-X11) * max(0,X14-3.73) - 0.0470*max(0,2.85-X13) - 0.0448*max(0,0.372-X15) - 0.0372*max(0,X8-3.19) * X11 + 0.0343*X11 * max(0,X14-2.97) - 0.0326*max(0,X17-1.56) + 0.0291*X3 - 0.0274*max(0,0.792-X8) * max(0,X14-3.73) - 0.0271*abs(X4) - 0.0249*max(0,0.976-X15) - 0.0248*X2 + 0.0240*abs(X2) * X11 + 0.0207*max(0,-0.346-X1) - 0.0206*X1 - 0.0204*max(0,0.792-X8) * max(0,X14-2.97) + 0.0190*max(0,0.792-X8) * max(0,0.0792-X11) - 0.0189*X7 + 0.0187*abs(X3) - 0.0181*X1**2 + 0.0173*abs(X2) * max(0,X12-3.65) + 0.0166*max(0,1.54-X11) - 0.0163*max(0,-0.233-X15) - 0.0149*max(0,-1.34-X6) - 0.0105*max(0,0.811-X11) * max(0,X14-2.97) - 0.0105*abs(X2) * max(0,0.192-X8) - 0.00973*max(0,0.811-X11) * max(0,0.0792-X11) - 0.00892*max(0,X16-2.11) * abs(X11) - 0.00824*max(0,-0.0141-X5) - 0.00786*max(0,X14-2.22) * max(0,0.811-X11) - 0.00699*max(0,-2.43-X4) - 0.00609*abs(X10) * max(0,X14-2.22) + 0.00522*max(0,-0.374-X0) + 0.00469*max(0,X8-1.39) * max(0,X12-2.98) + 0.00319*max(0,X15-2.19) * X11 + 0.00270*abs(X7) - 0.00264*max(0,0.302-X3) - 0.00223*max(0,X10-0.368) * X11 + 0.00176*X3**2 - 0.00135*max(0,-1.97-X4) + 0.00102*max(0,X5+0.0141) - 0.000695*max(0,X11-1.54) * max(0,X11-0.0792) + 0.000678*max(0,X12-3.65) - 0.000375*max(0,-1.02-X6) + 0.000242*max(0,-0.0692-X1) + 0.000218*max(0,0.160-X0) - 0.000209*max(0,0.734-X3) + 6.69e-5*X5**2 + 6.47e-5*max(0,X3-1.60) - 3.95e-5*max(0,0.549-X5) - 3.85e-5*max(0,-1.05-X4) - 2.07e-5*max(0,-1.51-X4) + 1.16e-5*max(0,X3-2.03) - 8.02e-6*max(0,-0.596-X4) + 2.27e-6*max(0,X4+1.97) + 4.13e-7*max(0,X5+0.296) - 1.05e-8*max(0,0.267-X5)"
ffx,1193_BNG_lowbwt,ok,-24.272443,3387.831879,1642,36.33,,"-1.60 + 75.4*max(0,X8-0.790) * max(0,X2-2.06) + 47.9*max(0,X8-0.790) * max(0,X1-2.20) - 41.6*abs(X8) * max(0,X1-2.20) - 30.2*max(0,X2-1.52) * max(0,X8-0.790) + 25.3*max(0,0.299-X8) * max(0,X1-2.20) - 24.9*max(0,-0.168-X1) * max(0,X8-2.26) + 20.6*abs(X2) * max(0,X1-2.20) + 20.6*max(0,0.299-X8) * max(0,X2-2.06) - 18.5*max(0,X2-1.52) * max(0,X2-2.06) + 17.6*X0 * max(0,X1-2.20) - 16.4*max(0,X2-0.978) * max(0,X1-1.61) - 16.2*X0 * max(0,X8-2.26) - 15.9*abs(X8) * max(0,X2-2.06) - 15.5*max(0,X1-1.61) * max(0,X2-2.06) + 15.1*max(0,X2-1.52) * max(0,X1-2.20) + 15.0*max(0,X1-1.61) * max(0,X8-0.790) - 14.5*abs(X3) * max(0,X1-1.61) - 12.8*max(0,X2-2.06) * max(0,X1-2.20) + 12.5*X0 * max(0,X2-2.06) - 12.4*max(0,X2-2.06) - 12.3*abs(X2) * max(0,X8-2.26) - 10.3*max(0,0.299-X8) * max(0,X2-1.52) + 10.1*max(0,X2-0.978) * max(0,X8-0.790) - 8.93*max(0,X8-0.790) * abs(X1) + 8.65*abs(X3) * max(0,X8-0.790) - 8.20*max(0,X2-0.978) * max(0,X1-2.20) + 8.06*abs(X2) * max(0,X2-2.06) + 7.62*abs(X3) * max(0,X1-2.20) + 7.58*max(0,0.299-X8) * max(0,X1-1.61) - 7.46*abs(X3) * max(0,X8-2.26) + 7.13*max(0,X2-1.52) * max(0,X1-1.61) + 6.79*max(0,X1+0.168) * max(0,X2-1.52) - 5.78*max(0,X2-1.52) * max(0,X1-1.02) - 5.76*max(0,X2-1.52) * X0 - 5.70*abs(X8) * max(0,X2-1.52) + 5.65*max(0,X2-0.978) * max(0,X1-1.02) + 5.60*max(0,X2-1.52) - 5.46*max(0,-0.168-X1) * max(0,X2-2.06) + 5.14*max(0,X8-2.26) - 5.12*abs(X3) * abs(X8) - 4.89*max(0,-0.168-X1) + 4.89*max(0,X8-0.790) * max(0,X1-1.02) - 4.76*abs(X8) * max(0,X1-1.02) - 4.66*X0 * max(0,X1-1.61) + 4.62*abs(X2) * max(0,-0.168-X1) + 4.52*max(0,X2-0.978) * max(0,X2-1.52) + 4.45*max(0,X1+0.168) * max(0,X1-2.20) + 4.15*max(0,X2-1.52) * abs(X1) - 4.10*max(0,X1-1.61) * max(0,X1-2.20) - 4.01*abs(X2) * abs(X1) + 3.81*abs(X2) * max(0,X1-1.02) + 3.79*max(0,0.299-X8) * max(0,X2-0.978) + 3.69*abs(X8) * abs(X1) - 3.59*abs(X2) * max(0,X8-1.28) + 3.49*X0 * max(0,X1-1.02) + 3.38*max(0,X1+0.168) * max(0,X8-0.790) - 3.30*abs(X2) * max(0,X1-1.61) - 3.25*abs(X1) * max(0,X1-2.20) + 3.24*abs(X3) - 3.16*max(0,-0.761-X1) + 3.14*max(0,X1+0.168) * max(0,X2-2.06) + 3.14*max(0,-0.168-X1) * max(0,X8-1.28) + 3.08*max(0,X2-2.06) * max(0,X1-1.02) + 2.98*abs(X1) * max(0,X8-1.28) + 2.98*max(0,X1-1.61) * max(0,X1-1.02) + 2.97*abs(X3) * max(0,X2-1.52) - 2.95*max(0,X1-1.02) - 2.86*abs(X3) * max(0,X2-2.06) - 2.81*max(0,-0.103-X2) - 2.55*max(0,X1+0.168) + 2.51*abs(X3) * max(0,-0.168-X1) - 2.42*max(0,X2-0.978) + 2.29*abs(X1) + 2.20*abs(X2) * max(0,X1+0.168) - 2.04*max(0,X5-2.70) + 2.03*max(0,X1-2.20) + 1.88*max(0,0.299-X8) * abs(X8) - 1.81*abs(X8) * max(0,X1-1.61) + 1.78*abs(X3) * max(0,X1+0.168) - 1.75*max(0,0.299-X8) - 1.74*abs(X3) * abs(X1) + 1.74*max(0,X2-1.52) * max(0,-0.168-X1) + 1.65*abs(X2) + 1.60*X0 * max(0,X8-0.790) - 1.58*max(0,X8-1.28) * max(0,X8-2.26) + 1.57*max(0,X2-0.978) * X0 - 1.55*X0 * abs(X1) + 1.51*abs(X2) * max(0,X8-0.790) + 1.49*max(0,0.299-X8) * abs(X3) + 1.45*abs(X8) * max(0,X8-1.28) + 1.43*abs(X8) * max(0,X8-2.26) + 1.32*X1**2 - 1.31*max(0,0.299-X8) * abs(X1) + 1.24*max(0,X1-1.61) * abs(X1) - 1.23*max(0,X2-2.06) * abs(X1) - 1.17*max(0,0.299-X8) * max(0,-0.168-X1) - 1.15*abs(X0) - 1.06*abs(X3) * max(0,X2-0.978) - 1.04*abs(X2) * max(0,X2-0.978) - 0.996*max(0,X2-0.978) * max(0,-0.168-X1) + 0.971*abs(X3) * max(0,X1-1.02) + 0.958*max(0,X8-0.790) - 0.957*max(0,X8-0.790) * max(0,X8-1.28) - 0.952*abs(X8) * max(0,X8-0.790) + 0.923*max(0,X1-1.02) * abs(X1) - 0.912*abs(X8) * X0 + 0.869*X0 * max(0,-0.168-X1) + 0.849*abs(X8) * max(0,-0.168-X1) - 0.833*abs(X8) * max(0,X1+0.168) - 0.792*max(0,X8-0.299) + 0.763*max(0,0.978-X2) - 0.696*abs(X2) * abs(X3) - 0.681*max(0,X2-0.978) * abs(X1) - 0.554*max(0,X5-4.12) - 0.553*abs(X1) * max(0,X8-2.26) - 0.529*max(0,X8-1.28) + 0.502*abs(X2) * max(0,0.299-X8) - 0.495*max(0,X1+0.168) * abs(X1) - 0.477*max(0,X1+0.168) * max(0,X1-1.61) + 0.442*max(0,-0.644-X2) + 0.432*max(0,-0.333-X0) - 0.418*max(0,X1-1.61) + 0.376*X0 + 0.374*max(0,X1+0.168) * max(0,X1-1.02) + 0.371*abs(X2) * max(0,X2-1.52) + 0.361*max(0,1.61-X1) - 0.350*max(0,X1+0.168) * max(0,X2-0.978) + 0.347*max(0,0.299-X8) * X0 + 0.341*abs(X2) * X0 + 0.339*abs(X4) - 0.302*max(0,X8-0.790) * max(0,X8-2.26) + 0.295*max(0,0.299-X8) * max(0,X1+0.168) + 0.290*max(0,X1+0.168) * X0 - 0.275*X0 * max(0,X8-1.28) + 0.271*max(0,X1-1.02) * max(0,X1-2.20) - 0.252*max(0,0.425-X1) - 0.214*max(0,0.299-X8) * max(0,X1-1.02) - 0.197*X4 - 0.193*max(0,X5-3.41) - 0.182*abs(X8) * max(0,X2-0.978) + 0.178*max(0,X1+0.761) - 0.168*abs(X3) * max(0,X8-1.28) - 0.166*X8**2 + 0.160*abs(X8) + 0.151*abs(X2) * abs(X8) + 0.133*max(0,X3+0.490) + 0.131*max(0,X8-0.790) * max(0,-0.168-X1) + 0.120*X7 + 0.118*max(0,X8+0.191) - 0.115*max(0,-0.168-X1) * abs(X1) - 0.0974*max(0,X3+0.127) + 0.0922*max(0,-1.61-X7) + 0.0896*X8 - 0.0780*max(0,X2-0.978) * max(0,X2-2.06) + 0.0602*X6 + 0.0587*max(0,X3+0.852) + 0.0557*max(0,X5-1.29) + 0.0553*X1 + 0.0523*max(0,X3+1.21) - 0.0457*max(0,-0.483-X4) + 0.0445*max(0,X1+0.168) * max(0,X8-1.28) - 0.0301*max(0,X3-0.236) - 0.0296*max(0,X1-0.425) + 0.0254*max(0,-0.0556-X0) + 0.0254*abs(X6) + 0.0247*abs(X7) - 0.0229*max(0,X3-0.598) - 0.0222*max(0,X5-2.00) - 0.0218*max(0,0.790-X8) + 0.0170*abs(X3) * X0 - 0.0163*max(0,0.579-X5) - 0.00744*max(0,1.29-X5) + 0.00644*X6**2 - 0.00526*max(0,-0.215-X4) - 0.00363*max(0,1.15-X6) + 0.00124*max(0,0.222-X0) - 0.000268*max(0,1.71-X6) + 7.32e-5*max(0,0.438-X2) + 5.04e-5*max(0,0.500-X0) - 1.38e-5*max(0,0.0537-X4) - 1.11e-5*max(0,2.27-X6) - 2.61e-6*X0**2 + 5.58e-9*max(0,0.778-X0)"
ffx,1196_BNG_pharynx,ok,-1.92107,709.033197,1642,33.44,,"-2.27 + 71.8*max(0,X0-0.465) * max(0,X4-2.00) - 42.5*max(0,X4-1.35) * max(0,-0.724-X3) + 41.3*max(0,-0.688-X0) * max(0,-1.25-X4) + 37.6*max(0,-0.724-X3) * max(0,X4-2.00) + 37.5*max(0,-0.860-X8) * max(0,X4-2.00) - 19.3*max(0,X0-1.23) * max(0,-1.25-X4) - 17.4*max(0,-0.304-X0) * max(0,-1.25-X4) - 16.9*max(0,X4-1.35) * max(0,X4-2.00) - 16.5*X9 * max(0,X4-2.00) + 15.4*max(0,-0.598-X4) * max(0,-0.304-X0) + 15.3*max(0,X4-0.699) * max(0,X0-1.23) + 13.8*max(0,X4-0.699) * max(0,-0.724-X3) - 13.6*X7 * max(0,X4-2.00) - 13.0*max(0,-0.598-X4) * max(0,X5-4.77) + 11.5*max(0,X4-1.35) * max(0,X0-0.465) - 9.71*max(0,-0.598-X4) * max(0,-0.688-X0) - 9.67*max(0,X4-0.699) * max(0,X4-2.00) - 9.46*max(0,-0.860-X8) * max(0,X4-0.699) - 8.28*max(0,X4-0.699) * max(0,-0.688-X0) + 8.14*X9 * max(0,X5-4.77) + 7.88*max(0,-0.860-X8) * max(0,-1.25-X4) - 7.80*max(0,-1.25-X4) + 7.38*max(0,X0-0.465) * max(0,-1.25-X4) + 7.01*max(0,-0.860-X8) * max(0,X4-1.35) + 6.96*max(0,X4-0.699) * max(0,-0.304-X0) - 6.68*max(0,0.0505-X4) * max(0,-0.304-X0) + 6.41*max(0,0.0505-X4) * max(0,X5-4.77) + 6.20*max(0,-0.598-X4) * max(0,X0-1.23) - 6.08*max(0,X5-2.35) * max(0,-0.724-X3) + 5.99*max(0,X4-1.35) * max(0,X4-0.699) + 5.89*max(0,-0.724-X3) * max(0,X0-1.23) - 5.56*max(0,-0.724-X3) * max(0,-1.25-X4) - 5.37*max(0,-0.598-X4) - 5.08*max(0,X4-1.35) + 5.00*max(0,0.0505-X4) * max(0,-0.688-X0) - 4.37*max(0,X4-0.699) * max(0,X0-0.465) - 3.97*max(0,-0.860-X8) * max(0,0.0505-X4) - 3.93*max(0,-0.860-X8) * max(0,-0.688-X0) + 3.78*max(0,X4-1.35) * max(0,-0.688-X0) + 3.77*max(0,-0.860-X8) * max(0,-0.598-X4) + 3.62*max(0,-0.598-X4) * max(0,0.0505-X4) - 3.58*max(0,X5-4.77) + 3.51*max(0,-0.724-X3) * max(0,-0.304-X0) + 3.27*max(0,0.0505-X4) * max(0,X0-1.23) - 3.25*max(0,-0.598-X4) * max(0,0.465-X0) - 3.06*X7 * max(0,-0.688-X0) - 3.05*max(0,0.465-X0) * max(0,-1.25-X4) + 2.77*max(0,X4-1.35) * X9 - 2.74*max(0,X5-4.77) * max(0,-1.25-X4) - 2.68*max(0,-0.860-X8) * max(0,-0.724-X3) - 2.64*max(0,-0.724-X3) * max(0,X0-0.465) + 2.41*max(0,0.465-X0) * max(0,X4-1.35) + 2.40*max(0,-0.860-X8) + 2.12*X7 * max(0,-0.304-X0) - 2.09*X7 * max(0,X0-1.23) + 1.94*max(0,X4-0.0505) + 1.87*max(0,X5-2.35) * max(0,-1.25-X4) - 1.76*max(0,-0.860-X8) * max(0,X5-4.77) - 1.74*max(0,0.0505-X4) * max(0,X0-0.465) - 1.70*max(0,X4-2.00) - 1.67*X9 * max(0,-1.25-X4) - 1.59*max(0,X4+0.598) - 1.59*max(0,0.465-X0) * max(0,-0.724-X3) - 1.55*max(0,-0.688-X0) * max(0,X4-2.00) - 1.44*X9 * max(0,-0.304-X0) - 1.44*max(0,-0.860-X8) * max(0,-0.304-X0) - 1.43*max(0,0.465-X0) * max(0,X4-2.00) - 1.41*max(0,-0.860-X8) * max(0,X0-1.23) + 1.39*max(0,-0.724-X3) * max(0,0.0505-X4) + 1.35*max(0,-0.598-X4) * max(0,-1.25-X4) + 1.27*max(0,X8-0.778) * max(0,-1.25-X4) + 1.25*max(0,-0.860-X8) * max(0,0.465-X0) - 1.24*max(0,X0-0.465) * max(0,X0-1.23) - 1.19*max(0,X5-3.96) + 1.17*max(0,X0-1.23) * X9 + 1.07*X9 * max(0,-0.688-X0) + 1.05*max(0,X8-1.19) + 1.05*max(0,-0.0410-X8) - 1.02*max(0,0.465-X0) * max(0,X4-0.699) + 0.948*max(0,-0.598-X4) * max(0,-0.724-X3) - 0.939*max(0,-0.688-X0) + 0.884*max(0,-0.304-X0) + 0.884*X7 * max(0,X4-1.35) - 0.870*max(0,-0.451-X8) - 0.863*max(0,0.0505-X4) * max(0,-1.25-X4) - 0.854*X7 * max(0,-0.598-X4) + 0.851*max(0,0.465-X0) * max(0,0.0505-X4) - 0.845*max(0,X5-2.35) * max(0,-0.598-X4) - 0.803*max(0,-0.724-X3) + 0.786*X7 * max(0,X0-0.465) - 0.775*max(0,-0.598-X4) * max(0,X0-0.465) - 0.758*max(0,X5-2.35) * X9 + 0.725*X9 + 0.717*X7 * max(0,X5-4.77) + 0.673*max(0,X0-0.0807) + 0.671*max(0,X5-2.35) + 0.654*max(0,0.0505-X4) - 0.650*max(0,X5-2.35) * X7 + 0.642*max(0,-0.108-X9) + 0.606*max(0,0.465-X0) * max(0,X5-4.77) + 0.550*max(0,1.55-X5) - 0.548*X7 + 0.543*max(0,X5-2.35) * max(0,0.465-X0) - 0.543*max(0,-0.376-X7) + 0.483*max(0,-0.298-X3) + 0.463*max(0,X5-2.35) * max(0,-0.688-X0) + 0.452*X7 * max(0,0.0505-X4) + 0.451*X5 - 0.433*max(0,-0.304-X0) * max(0,-0.688-X0) - 0.410*max(0,X0-0.465) * X9 + 0.386*max(0,0.465-X0) * max(0,-0.304-X0) + 0.364*max(0,2.35-X5) + 0.361*max(0,-0.860-X8) * X9 - 0.332*X7 * max(0,-0.724-X3) - 0.312*X7 * X9 + 0.308*max(0,-0.724-X3) * X9 - 0.295*X7 * max(0,-1.25-X4) - 0.295*max(0,X4-0.699) - 0.286*max(0,X7-1.26) - 0.282*max(0,X5-2.35) * max(0,-0.304-X0) + 0.280*max(0,0.465-X0) * X9 - 0.274*max(0,X0-1.23) + 0.260*max(0,X3-0.554) + 0.252*max(0,0.0505-X4) * X9 - 0.251*max(0,-0.860-X8) * max(0,X0-0.465) - 0.246*max(0,X5-2.35) * max(0,0.0505-X4) + 0.245*max(0,-1.18-X1) - 0.196*X7 * max(0,0.465-X0) - 0.164*max(0,-0.682-X2) - 0.148*max(0,X5-2.35) * max(0,X5-4.77) + 0.146*max(0,X3-0.128) + 0.129*max(0,-0.598-X4) * X9 + 0.114*max(0,0.201-X9) - 0.114*max(0,X6+0.152) - 0.113*max(0,0.465-X0) + 0.100*max(0,0.854-X7) + 0.0974*X7 * max(0,X4-0.699) + 0.0840*X5**2 + 0.0767*X1 + 0.0666*max(0,X4-0.699) * X9 + 0.0637*max(0,-0.490-X6) - 0.0632*X7**2 + 0.0573*max(0,0.128-X3) + 0.0282*X2 - 0.0272*max(0,X0+0.304) - 0.0171*max(0,X6-0.186) - 0.0168*max(0,-0.304-X0) * max(0,X4-2.00) + 0.0152*max(0,X8-0.778) + 0.0146*max(0,X8-0.369) + 0.0143*max(0,-0.152-X6) - 0.00833*max(0,0.0342-X7) + 0.00665*max(0,-0.860-X8) * X7 - 0.00599*max(0,X0-0.465) - 0.00509*max(0,-0.724-X3) * max(0,-0.688-X0) + 0.00456*max(0,0.510-X9) - 0.00417*max(0,X3-1.41) - 0.00392*max(0,X5-4.77) * max(0,-0.688-X0) - 0.00381*X2**2 + 0.00111*max(0,X4-1.35) * max(0,-0.304-X0) - 0.000685*max(0,X3-0.980) + 0.000233*max(0,0.820-X9) - 3.25e-6*max(0,X6-0.523) - 1.91e-6*max(0,X5-4.77) * max(0,-0.304-X0) + 4.27e-7*max(0,1.13-X9) - 5.45e-9*max(0,X9-1.13) - 3.67e-10*max(0,X9-1.44) + 1.16e-11*max(0,1.44-X9)"
ffx,1199_BNG_echoMonths,ok,-77.771847,136.299806,2265,45.42,,"2.09 - 2126*max(0,X1-2.07) * max(0,X3-1.36) + 260*max(0,X5-1.10) * max(0,X3-2.03) - 98.9*max(0,X3-2.03) * max(0,-1.30-X5) + 97.0*max(0,X7-2.15) * max(0,-0.101-X5) + 55.2*max(0,-0.701-X5) * max(0,X1-1.42) - 34.6*max(0,X7-2.15) * max(0,X1-0.120) - 32.2*max(0,X1-2.07) * max(0,-0.701-X5) - 29.3*max(0,X3-2.70) - 28.3*max(0,X7-1.17) * max(0,X3-2.03) + 25.5*max(0,X7-1.17) * max(0,-1.30-X5) + 23.1*max(0,X3-1.36) * max(0,-1.30-X5) - 22.5*max(0,-0.701-X5) * max(0,X3-2.03) + 21.0*max(0,X7-1.17) * max(0,X1-1.42) - 20.4*max(0,-0.101-X5) * max(0,X1-1.42) - 17.5*max(0,X4-0.799) * max(0,X1-2.07) - 16.5*max(0,X5-1.10) * max(0,X1-1.42) + 16.3*max(0,-0.314-X7) * max(0,X1-1.42) + 16.0*abs(X5) * max(0,X7-2.15) - 15.5*max(0,X5+0.101) * max(0,X3-2.03) - 13.5*max(0,X6-2.63) * max(0,0.120-X1) - 11.6*max(0,X7-1.17) * max(0,X3-1.36) - 11.4*max(0,-0.314-X7) * max(0,X3-2.03) - 10.3*abs(X5) * max(0,X1-1.42) - 9.87*max(0,0.769-X1) * max(0,-1.30-X5) + 9.48*max(0,X3-2.03) * max(0,0.120-X1) + 9.05*max(0,-0.314-X7) * max(0,-1.30-X5) + 8.92*max(0,X5+0.101) * max(0,X7-2.15) + 8.75*max(0,X3-2.03) - 7.90*max(0,-1.30-X5) * max(0,X1-0.120) - 7.77*max(0,X7-1.17) * max(0,X4-0.799) + 7.55*max(0,X4-0.799) * max(0,-0.701-X5) - 7.48*max(0,X4-2.36) + 7.30*max(0,X4-0.799) * max(0,X1-0.120) + 7.03*max(0,-0.701-X5) + 6.98*abs(X5) * max(0,X3-2.03) + 6.92*max(0,X5-1.10) * abs(X1) + 6.87*max(0,-1.30-X5) - 6.84*max(0,-0.101-X5) * max(0,X3-1.36) + 6.82*max(0,-0.701-X5) * max(0,X6-2.63) + 6.42*max(0,0.769-X1) * max(0,-0.101-X5) - 6.26*max(0,0.769-X1) * max(0,X7-2.15) + 6.14*max(0,X3-1.36) + 5.97*max(0,X4-0.799) * max(0,0.769-X1) - 5.70*max(0,X5-1.10) * max(0,X1-0.120) - 5.66*X1 * max(0,-1.30-X5) - 5.64*max(0,X7-2.15) - 5.37*max(0,X4-0.799) * abs(X1) + 5.28*max(0,-0.652-X3) - 5.17*max(0,X3-1.36) * max(0,X1-1.42) - 5.14*max(0,X4-0.799) * max(0,-1.30-X5) + 5.13*max(0,X3-0.690) + 5.08*max(0,X7-1.17) * max(0,X5-1.10) + 5.04*max(0,X7-1.17) + 4.99*max(0,X5+0.101) * max(0,X1-1.42) + 4.81*max(0,X6-1.92) + 4.74*max(0,X4-0.799) * max(0,0.120-X1) + 4.73*max(0,X5+0.101) * max(0,0.120-X1) + 4.67*max(0,X4-0.799) * X1 - 4.62*max(0,X3-2.03) * max(0,X1-1.42) + 4.36*max(0,X7-1.17) * max(0,X1-0.120) + 4.33*max(0,X1-2.07) + 4.22*max(0,X1-2.07) * max(0,-0.101-X5) - 4.21*max(0,-0.314-X7) * max(0,X3-1.36) + 4.09*max(0,-1.30-X5) * max(0,0.120-X1) - 4.05*max(0,X4-0.799) * abs(X5) - 3.82*max(0,X5+0.101) + 3.71*max(0,-0.701-X5) * max(0,X3-1.36) - 3.70*max(0,X7-1.66) - 3.65*max(0,0.769-X1) * max(0,X1-0.120) - 3.65*max(0,X7-1.17) * max(0,0.120-X1) - 3.57*X1 * max(0,X3-2.03) + 3.49*max(0,-0.101-X5) * max(0,X1-0.120) - 3.48*max(0,-0.701-X5) * max(0,-0.101-X5) - 3.46*max(0,-0.314-X7) * max(0,0.769-X1) - 3.45*max(0,-0.314-X7) * max(0,-0.701-X5) - 3.37*max(0,X4-0.799) - 3.20*max(0,X7-1.17) * max(0,-0.701-X5) + 3.18*max(0,X6-2.63) - 3.06*max(0,-0.101-X5) - 2.89*X3**2 - 2.86*max(0,X5+0.101) * max(0,X7-1.17) + 2.78*max(0,-0.101-X5) * max(0,X3-2.03) + 2.73*max(0,X7-2.15) * max(0,0.120-X1) - 2.68*max(0,X5-1.10) * max(0,0.120-X1) + 2.66*max(0,X7-1.17) * max(0,0.769-X1) - 2.57*abs(X5) * max(0,X3-1.36) + 2.57*max(0,X5-1.10) * X1 - 2.53*max(0,-0.101-X5) * max(0,-1.30-X5) - 2.50*max(0,X7-0.673) + 2.49*max(0,X3-1.36) * max(0,X1-0.120) - 2.47*max(0,X4-0.799) * max(0,X1-1.42) - 2.41*max(0,X5+0.101) * max(0,X5-1.10) + 2.34*max(0,X6-0.482) + 2.33*max(0,X1-1.42) * max(0,X1-0.120) + 2.23*max(0,X3-1.36) * max(0,X3-2.03) - 2.21*max(0,X7-1.17) * max(0,X7-2.15) + 2.19*max(0,0.120-X1) - 2.17*max(0,X1-1.42) + 2.13*max(0,-0.314-X7) * max(0,0.120-X1) - 2.12*max(0,X7-1.17) * max(0,-0.101-X5) - 2.11*max(0,-0.701-X5) * max(0,0.769-X1) + 2.09*abs(X5) * max(0,X1-0.120) - 2.08*max(0,0.673-X7) + 2.04*max(0,X4-0.799) * max(0,X5-1.10) - 2.01*max(0,X7-1.17) * abs(X1) + 1.97*max(0,0.0189-X3) + 1.94*X1 * max(0,X1-1.42) + 1.93*max(0,-0.314-X7) - 1.92*max(0,-0.701-X5) * max(0,X1-0.120) - 1.87*max(0,X1-0.769) + 1.83*max(0,X5+0.101) * max(0,X1-2.07) + 1.81*max(0,0.0196-X4) + 1.80*max(0,-0.952-X6) + 1.80*max(0,X5-1.10) + 1.79*max(0,X4-1.58) - 1.77*abs(X4) + 1.76*X5 - 1.75*max(0,X6-1.20) - 1.75*max(0,X7-1.17) * X1 + 1.74*max(0,0.482-X6) - 1.74*abs(X1) + 1.73*X1 * max(0,X7-2.15) + 1.62*abs(X5) + 1.59*max(0,0.769-X1) * max(0,0.120-X1) + 1.55*X3 - 1.54*max(0,1.20-X6) - 1.49*max(0,X4-0.799) * max(0,-0.101-X5) + 1.48*max(0,X1-2.07) * abs(X5) - 1.46*max(0,X5+0.101) * max(0,0.769-X1) + 1.43*max(0,X1-2.07) * X1 + 1.42*max(0,-0.701-X5) * max(0,0.120-X1) + 1.39*X5**2 + 1.34*max(0,X1-0.120) - 1.31*max(0,X5+0.101) * abs(X1) + 1.30*max(0,0.690-X3) + 1.30*max(0,0.769-X1) * max(0,X3-1.36) + 1.28*X1 * max(0,X3-1.36) + 1.28*max(0,X5-1.70) + 1.26*max(0,X4-3.14) + 1.23*max(0,X4-0.0196) - 1.22*max(0,-0.314-X7) * X1 + 1.18*max(0,0.180-X7) - 1.16*max(0,X1-2.07) * max(0,X1-0.120) - 1.12*max(0,-1.30-X5) * abs(X1) + 1.12*abs(X0) - 1.10*abs(X5) * abs(X1) + 1.08*max(0,0.769-X1) * X1 - 1.08*max(0,-0.314-X7) * max(0,X1-0.120) - 1.07*max(0,-0.101-X5) * abs(X1) - 1.02*abs(X5) * max(0,0.120-X1) + 0.935*abs(X5) * X1 - 0.910*max(0,-0.101-X5) * max(0,0.120-X1) - 0.876*max(0,X5+0.101) * X1 + 0.870*max(0,X5+0.101) * max(0,X3-1.36) - 0.859*max(0,X5-0.500) + 0.837*X1 * max(0,-0.101-X5) - 0.809*X7 - 0.804*max(0,X5-1.10) * abs(X5) + 0.796*X7**2 - 0.775*X6**2 - 0.751*max(0,X7+0.314) + 0.723*max(0,1.92-X6) - 0.721*max(0,2.70-X3) - 0.709*max(0,2.07-X1) - 0.707*max(0,X1-2.07) * max(0,X1-1.42) + 0.703*max(0,-1.18-X1) - 0.697*max(0,0.500-X5) - 0.695*abs(X1) * max(0,0.120-X1) - 0.684*max(0,1.17-X7) - 0.668*max(0,-0.314-X7) * abs(X5) - 0.662*X0 - 0.636*max(0,X7-1.17) * abs(X5) - 0.619*max(0,0.769-X1) + 0.589*max(0,1.42-X1) + 0.581*max(0,X3-2.03) * abs(X1) + 0.565*abs(X5) * max(0,-1.30-X5) - 0.565*max(0,-0.314-X7) * max(0,X5-1.10) - 0.552*max(0,-0.321-X0) - 0.513*max(0,1.70-X5) + 0.511*max(0,-0.314-X7) * abs(X1) + 0.508*abs(X1) * max(0,X1-0.120) + 0.502*max(0,X5+1.30) - 0.499*X0**2 + 0.486*max(0,2.15-X7) + 0.467*max(0,-0.701-X5) * abs(X1) - 0.464*X1 * max(0,0.120-X1) - 0.463*max(0,0.769-X1) * abs(X1) + 0.459*max(0,1.58-X4) - 0.451*max(0,X5+0.101) * max(0,X4-0.799) + 0.450*max(0,1.10-X5) - 0.437*max(0,2.36-X4) + 0.436*X4 - 0.409*max(0,X3-2.03) * max(0,X1-0.120) - 0.401*X1 * max(0,X1-0.120) + 0.397*max(0,-0.529-X1) - 0.379*max(0,0.769-X1) * abs(X5) - 0.378*abs(X8) + 0.352*max(0,X3-1.36) * max(0,0.120-X1) - 0.347*abs(X5) * max(0,-0.101-X5) + 0.335*abs(X6) + 0.315*X1 - 0.308*max(0,-0.235-X6) + 0.304*max(0,X5+0.101) * max(0,X1-0.120) - 0.275*max(0,-0.760-X4) + 0.266*max(0,-0.314-X7) * max(0,-0.101-X5) - 0.257*abs(X3) + 0.241*max(0,2.03-X3) + 0.231*max(0,X5+0.701) + 0.224*max(0,-0.178-X8) - 0.223*max(0,X1+1.18) + 0.223*max(0,0.769-X1) * max(0,X3-2.03) - 0.217*max(0,X3-1.36) * abs(X1) + 0.213*X4**2 + 0.194*max(0,-0.314-X7) * max(0,X4-0.799) + 0.189*max(0,X7-0.180) + 0.188*max(0,-0.701-X5) * X1 + 0.187*max(0,1.36-X3) + 0.185*max(0,3.14-X4) + 0.179*X6 - 0.160*max(0,X6+0.235) - 0.155*max(0,2.63-X6) + 0.147*max(0,X5+0.101) * abs(X5) + 0.125*max(0,-0.701-X5) * abs(X5) + 0.125*max(0,X7-1.17) * max(0,X6-2.63) + 0.124*max(0,0.799-X4) - 0.109*max(0,X3+0.652) - 0.0958*max(0,0.769-X1) * max(0,X5-1.10) + 0.0944*max(0,X5-1.10) * max(0,X3-1.36) + 0.0884*X1**2 - 0.0855*abs(X7) + 0.0825*max(0,X1+0.529) - 0.0802*max(0,-0.0418-X0) - 0.0770*max(0,X1-1.42) * abs(X1) - 0.0665*X8**2 + 0.0479*max(0,0.119-X8) + 0.0363*max(0,-0.701-X5) * max(0,-1.30-X5) + 0.0300*X2**2 - 0.0160*max(0,0.516-X0) - 0.0138*max(0,X6-2.63) * abs(X1) + 0.0120*max(0,0.416-X8) - 0.00942*X2 + 0.00845*X8 - 0.00456*max(0,0.795-X0) + 0.000195*max(0,0.713-X8) - 2.81e-5*max(0,X6-2.63) * max(0,-1.30-X5) - 1.80e-5*abs(X2) - 9.70e-6*max(0,0.237-X0) - 1.47e-9*max(0,X6-2.63) * max(0,-0.101-X5) - 2.04e-10*max(0,X6-2.63) * max(0,0.769-X1) + 8.52e-12*max(0,X6-2.63) * X1"
ffx,1201_BNG_breastTumor,ok,-3.558744,25.399991,1398,29.89,,"-1.47 - 470*max(0,X2-2.09) * max(0,X0-1.34) - 44.9*max(0,-0.581-X6) * max(0,X2-2.61) + 44.4*X3 * max(0,X0-2.01) - 40.3*max(0,-0.197-X1) * max(0,X2-2.61) + 38.9*abs(X6) * max(0,X0-2.01) + 37.9*max(0,-0.667-X0) * max(0,X2-2.61) + 30.0*max(0,X2-0.553) * max(0,X0-1.34) + 29.0*max(0,-0.581-X6) * max(0,X2-2.09) + 27.9*max(0,X6+0.581) * max(0,X2-2.61) - 26.6*abs(X5) * max(0,X6-1.53) - 26.0*max(0,X4+0.0584) * max(0,X0-2.01) - 23.7*abs(X4) * max(0,X0-2.01) - 22.1*max(0,X4+0.0584) * max(0,X2-2.61) + 22.0*X8 * max(0,X0-2.01) + 20.9*max(0,X6+0.581) * max(0,X0-2.01) + 19.3*max(0,-0.667-X0) * max(0,X2-2.09) + 18.8*max(0,X2-2.61) - 18.4*abs(X5) * max(0,X2-2.61) + 17.3*abs(X6) * max(0,X2-2.61) + 17.3*abs(X5) * max(0,X0-2.01) + 16.6*X8 * max(0,X2-2.61) - 16.0*max(0,X4+0.0584) * max(0,X0-1.34) - 15.4*max(0,X0-1.34) * max(0,X0-2.01) + 14.3*abs(X8) * max(0,X2-2.61) - 14.2*max(0,X4+0.0584) * max(0,X2-2.09) + 13.7*abs(X8) * max(0,-0.667-X0) + 13.2*max(0,X2-0.553) * max(0,X6-1.53) - 12.8*max(0,-0.197-X1) * max(0,-0.667-X0) - 12.7*abs(X6) * max(0,X0-1.34) + 12.3*abs(X6) * max(0,X2-2.09) - 11.5*max(0,-0.197-X1) * max(0,X2-2.09) + 11.2*abs(X8) * max(0,X0-2.01) + 11.1*max(0,X0-1.34) + 10.2*abs(X5) * max(0,X0-1.34) - 9.69*abs(X4) * max(0,X2-2.61) - 9.60*X8 * max(0,X2-2.09) - 9.22*max(0,X2-0.553) * max(0,X0-2.01) + 9.15*abs(X8) * max(0,X0-1.34) - 8.96*abs(X4) * max(0,X0-1.34) - 8.50*max(0,X2-2.09) * max(0,X2-2.61) + 8.45*max(0,X6-1.53) - 8.40*max(0,X4+0.0584) * max(0,X6-1.53) + 8.40*max(0,X6+0.581) * max(0,X2-2.09) + 8.18*max(0,-0.667-X0) * max(0,X6-1.53) + 6.43*max(0,-0.581-X6) - 6.41*max(0,-0.667-X0) * abs(X5) + 6.36*abs(X8) * max(0,X6-1.53) - 6.21*max(0,-0.581-X6) * abs(X4) - 5.25*X8 * max(0,X0-1.34) - 4.62*abs(X5) * max(0,-0.581-X6) - 4.06*X8 * max(0,-0.667-X0) - 3.92*abs(X8) * abs(X6) + 3.90*abs(X5) * abs(X6) - 3.85*X3 * max(0,X2-2.09) - 3.80*abs(X4) * max(0,X2-2.09) + 3.77*max(0,X6+0.581) * max(0,X6-1.53) + 3.73*max(0,-0.667-X0) - 3.72*max(0,-0.197-X1) * max(0,-0.581-X6) - 3.69*abs(X8) * max(0,X2-2.09) + 3.66*abs(X8) * abs(X5) + 3.63*abs(X6) * max(0,X6-1.53) + 3.44*abs(X8) * max(0,-0.581-X6) - 3.30*abs(X8) * max(0,-0.197-X1) - 3.25*X3 * max(0,-0.667-X0) + 2.76*max(0,X4+0.0584) * abs(X4) - 2.74*max(0,X0-2.01) + 2.73*max(0,-0.581-X6) * abs(X6) - 2.63*abs(X6) + 2.60*X3 * max(0,X2-2.61) + 2.59*abs(X6) * abs(X4) + 2.39*X3 * abs(X8) - 2.20*max(0,-0.667-X0) * abs(X4) - 2.17*X3 * max(0,X6-1.53) - 2.08*X3 * abs(X5) + 2.02*max(0,-0.197-X1) * abs(X5) + 2.00*max(0,-0.197-X1) * max(0,X2-0.553) + 1.92*abs(X8) * abs(X4) - 1.91*max(0,-0.197-X1) * max(0,X6-1.53) + 1.82*max(0,X2-2.09) - 1.81*abs(X6) * max(0,X2-0.553) - 1.81*max(0,X6+0.581) * abs(X4) + 1.79*max(0,-0.197-X1) * abs(X4) - 1.73*max(0,-0.581-X6) * max(0,X0-1.34) - 1.70*abs(X5) * abs(X4) - 1.69*max(0,X6+0.581) * max(0,X0-1.34) + 1.63*max(0,X4+0.0584) * abs(X6) - 1.56*abs(X5) + 1.47*max(0,X2-0.553) * max(0,X2-2.09) - 1.43*X3 * abs(X4) - 1.42*abs(X4) * max(0,X6-1.53) + 1.33*abs(X8) * max(0,X6+0.581) + 1.33*X8 * max(0,-0.197-X1) + 1.30*abs(X5) * max(0,X2-0.553) - 1.28*X8 * max(0,X6-1.53) - 1.28*max(0,X4+0.0584) * max(0,-0.581-X6) - 1.27*X3 * max(0,-0.581-X6) + 1.26*max(0,X6+0.581) - 1.22*abs(X4) * max(0,X2-0.553) - 1.20*abs(X8) * max(0,X4+0.0584) - 1.19*max(0,X4+0.0584) * abs(X5) - 1.18*abs(X8) * X8 + 1.14*X8 * abs(X5) + 1.11*max(0,-0.197-X1) * abs(X6) + 1.09*max(0,-1.33-X0) + 1.07*max(0,-0.667-X0) * max(0,X2-0.553) + 1.05*X3 * max(0,-0.197-X1) - 1.04*abs(X4) - 1.01*max(0,-0.667-X0) * abs(X6) + 1.00*max(0,X6+0.581) * abs(X5) - 0.985*abs(X8) * max(0,X2-0.553) - 0.981*max(0,X4+0.0584) + 0.977*X3 * max(0,X4+0.0584) + 0.953*X8 * max(0,X2-0.553) - 0.934*X3 * X8 - 0.918*max(0,-0.197-X1) * max(0,X6+0.581) + 0.872*max(0,X4+0.0584) * max(0,X2-0.553) - 0.856*max(0,X0-0.00173) - 0.789*X8 * abs(X4) - 0.765*max(0,X6+0.581) * abs(X6) - 0.686*X3 * max(0,X0-1.34) + 0.600*X3 * abs(X6) - 0.596*abs(X5) * max(0,X2-2.09) - 0.563*max(0,1.34-X0) - 0.562*max(0,-0.667-X0) * max(0,X4+0.0584) - 0.508*X8 * max(0,X4+0.0584) + 0.508*max(0,-0.197-X1) - 0.468*X8 * max(0,-0.581-X6) - 0.445*max(0,-0.197-X1) * max(0,X4+0.0584) + 0.438*X8 * abs(X6) + 0.428*max(0,X6+0.581) * max(0,X2-0.553) - 0.387*max(0,X6+0.158) - 0.368*abs(X1) + 0.355*max(0,X2-0.553) * max(0,X2-2.61) + 0.344*max(0,-0.581-X6) * max(0,X2-0.553) + 0.320*max(0,X4-0.609) - 0.303*max(0,X2-0.553) + 0.286*max(0,-0.668-X5) - 0.281*X3 * max(0,X6+0.581) - 0.264*X8 * max(0,X6+0.581) + 0.242*max(0,1.07-X2) + 0.215*X7 + 0.205*X5 + 0.176*max(0,0-X3) + 0.171*X8 + 0.165*max(0,-0.667-X0) * max(0,X6+0.581) - 0.161*max(0,-0.346-X8) - 0.136*X3 * max(0,X2-0.553) - 0.123*max(0,-0.667-X0) * max(0,-0.581-X6) + 0.119*X3 - 0.0994*max(0,X4-0.275) + 0.0912*abs(X3) - 0.0674*abs(X2) + 0.0625*abs(X7) - 0.0597*max(0,-0.0692-X8) - 0.0252*max(0,X4+0.0584) * max(0,X6+0.581) - 0.0194*max(0,0.267-X1) + 0.00284*max(0,-0.401-X5) - 0.000574*max(0,0.731-X1) + 0.000500*abs(X8) - 0.000219*max(0,0.208-X8) - 1.61e-5*max(0,0.484-X8) + 1.23e-5*max(0,-0.134-X5) + 1.74e-6*max(0,0.134-X5) - 1.87e-7*max(0,0.761-X8) + 6.16e-8*max(0,0.401-X5) - 4.97e-9*max(0,1.04-X8) + 2.18e-9*max(0,0.668-X5) + 8.30e-10*max(0,X8+0.346) - 1.37e-10*max(0,X5-0.668) - 1.13e-10*max(0,X5+0.668) + 2.59e-11*X5**2 - 1.47e-11*max(0,X5+0.401) + 8.33e-13*X8**2"
ffx,1203_BNG_pwLinear,ok,-0.54899,5.440427,1398,27.61,,"-0.756 - 7.31*max(0,X4+0.0931) * max(0,-1.05-X5) - 5.32*max(0,-0.650-X9) * max(0,-1.05-X5) - 5.02*max(0,-0.740-X7) * max(0,-0.634-X8) + 4.99*max(0,X4+0.770) * max(0,-1.05-X5) - 4.06*max(0,-0.650-X9) * max(0,-0.740-X7) - 3.66*max(0,-1.05-X5) * max(0,-0.634-X8) + 3.55*max(0,X7-0.175) * max(0,-1.05-X5) + 3.31*max(0,-1.05-X5) * max(0,-0.740-X7) - 3.07*max(0,X4+0.0931) * max(0,-0.740-X7) + 2.51*max(0,X4+0.770) * max(0,-0.740-X7) - 2.44*max(0,X2+0.106) * max(0,-1.05-X5) + 2.31*max(0,X4+0.0931) * max(0,-0.650-X9) - 1.70*max(0,X4+0.0931) * max(0,X5+0.385) - 1.63*max(0,X4+0.770) * max(0,-0.650-X9) + 1.40*max(0,X4+0.770) * max(0,X5+0.385) + 1.39*max(0,-0.650-X9) * max(0,-0.634-X8) - 1.15*max(0,-1.05-X5) * X0 - 1.00*max(0,X4+0.0931) * max(0,X8-0.294) + 0.988*max(0,-0.650-X9) - 0.950*max(0,X7-0.175) * max(0,-0.634-X8) + 0.845*max(0,X4+0.770) * max(0,X8-0.294) - 0.801*max(0,X5+0.385) * max(0,-0.650-X9) + 0.795*X6 * max(0,-1.05-X5) + 0.773*max(0,X2+0.106) * max(0,-0.740-X7) + 0.710*max(0,X4+0.770) * max(0,X7-0.175) - 0.698*max(0,X3-0.194) * max(0,-1.05-X5) - 0.682*max(0,X4+0.0931) * max(0,X7-0.175) + 0.673*max(0,X3-0.194) * max(0,X5+0.385) + 0.648*max(0,X5+0.0502) * max(0,X7-0.175) + 0.591*max(0,X4+0.0931) * max(0,-0.634-X8) - 0.570*X6 * max(0,X4+0.0931) + 0.551*X4**2 + 0.548*X6 * max(0,-0.740-X7) + 0.525*X6 * max(0,-0.650-X9) - 0.525*max(0,X2+0.106) * max(0,-0.634-X8) + 0.499*X6 * max(0,X7-0.175) + 0.490*max(0,-0.650-X9) * X0 - 0.466*max(0,X5+0.0502) * X0 + 0.464*max(0,-0.634-X8) - 0.454*max(0,X3-0.194) - 0.450*max(0,X8+0.0155) * max(0,-1.05-X5) + 0.431*max(0,X4+0.0931) - 0.409*max(0,X2+0.106) * max(0,-0.650-X9) - 0.401*max(0,X5+0.0502) * max(0,X4+0.0931) - 0.394*max(0,X7+0.130) * max(0,-0.634-X8) - 0.389*max(0,X7-0.480) + 0.371*max(0,X5+0.0502) * max(0,-0.740-X7) - 0.370*max(0,X7+0.130) * max(0,X7-0.175) + 0.361*max(0,X3-0.194) * max(0,-0.634-X8) + 0.358*max(0,X3-0.194) * max(0,-0.650-X9) - 0.339*max(0,X5+0.385) - 0.320*max(0,X5-0.284) + 0.312*max(0,X4+0.0931) * X0 + 0.302*X0 * max(0,-0.634-X8) - 0.297*max(0,-0.719-X5) + 0.296*max(0,X2+0.106) - 0.274*X6 + 0.269*X6 * max(0,X8-0.294) - 0.266*max(0,X2+0.106) * X0 - 0.261*max(0,X8+0.0155) * max(0,X8-0.294) - 0.260*max(0,-1.05-X5) - 0.250*max(0,X8-0.294) * max(0,-0.650-X9) - 0.236*X6 * max(0,-0.634-X8) + 0.234*max(0,X5+0.0502) * max(0,X8-0.294) - 0.232*max(0,X4+0.770) * max(0,X4+0.0931) - 0.231*max(0,X8-0.294) * max(0,X2+0.106) + 0.227*max(0,X4-0.246) - 0.213*max(0,X5+0.385) * max(0,-0.634-X8) - 0.213*max(0,X7-0.175) - 0.209*max(0,X3-0.194) * max(0,-0.740-X7) + 0.199*X6**2 + 0.199*X6 * max(0,X2+0.106) + 0.190*max(0,X3-0.194) * X6 - 0.190*max(0,X8-0.294) + 0.189*max(0,X5+0.0502) * max(0,X2+0.106) + 0.185*max(0,X5+0.385) * max(0,-0.740-X7) + 0.172*max(0,X7-0.175) * X0 - 0.170*max(0,X5-0.619) - 0.164*X6 * X0 - 0.157*max(0,X4+0.770) * max(0,-0.634-X8) + 0.145*max(0,X7-0.175) * max(0,X2+0.106) - 0.138*max(0,X4+0.770) * X0 + 0.134*max(0,X7+0.130) * max(0,-0.650-X9) + 0.133*max(0,X5+0.385) * X0 - 0.132*max(0,X3-0.194) * max(0,X4+0.0931) - 0.124*max(0,X5+0.0502) - 0.123*max(0,-0.740-X7) * X0 + 0.123*max(0,-0.299-X9) - 0.119*max(0,X2+0.106) * max(0,X5+0.385) + 0.118*max(0,X5+0.0502) * max(0,X5+0.385) + 0.115*max(0,X3-0.194) * max(0,X5+0.0502) - 0.112*max(0,-0.740-X7) - 0.110*max(0,X8-0.294) * X0 + 0.109*X6 * max(0,X5+0.385) + 0.0986*max(0,X8-0.294) * max(0,-0.740-X7) - 0.0985*max(0,X7-0.785) + 0.0976*max(0,X3-0.194) * X0 - 0.0966*X4 + 0.0947*max(0,X2-0.219) + 0.0933*max(0,X4+0.770) * max(0,X2+0.106) - 0.0933*max(0,-0.385-X5) + 0.0918*max(0,-0.443-X0) + 0.0917*max(0,X4+0.0931) * max(0,X8+0.0155) + 0.0874*max(0,X3-0.194) * max(0,X8-0.294) - 0.0873*max(0,X5+0.0502) * max(0,-0.634-X8) + 0.0811*max(0,X4-0.584) + 0.0782*max(0,-0.325-X8) + 0.0712*max(0,X7+0.130) * max(0,X8+0.0155) + 0.0697*X1**2 - 0.0685*max(0,X8-0.603) - 0.0642*max(0,X3-0.518) - 0.0600*X0 + 0.0590*max(0,X7+0.130) * max(0,X2+0.106) - 0.0583*max(0,X8+0.0155) * max(0,-0.650-X9) - 0.0576*max(0,X3-0.194) * max(0,X7-0.175) - 0.0560*max(0,-0.435-X7) + 0.0482*max(0,-0.711-X0) + 0.0447*max(0,X1-0.134) - 0.0404*max(0,X8+0.0155) * max(0,X2+0.106) + 0.0336*max(0,0.0527-X9) - 0.0311*max(0,X3-0.842) - 0.0311*max(0,X8-0.294) * max(0,X5+0.385) + 0.0296*max(0,X7-0.175) * max(0,X8-0.294) - 0.0261*max(0,-0.130-X7) + 0.0235*max(0,X1+0.201) + 0.0206*max(0,X7+0.130) * max(0,-1.05-X5) - 0.0187*max(0,X8+0.0155) * X0 + 0.0161*X6 * max(0,X5+0.0502) + 0.0161*max(0,X7+0.130) * max(0,X8-0.294) - 0.0140*max(0,X3-0.194) * max(0,X2+0.106) - 0.0113*max(0,X7+0.130) * max(0,X5+0.385) - 0.00933*max(0,X7-0.175) * max(0,X5+0.385) + 0.00726*max(0,X2-0.544) + 0.00541*max(0,X1+0.535) - 0.00517*max(0,X4+0.770) * max(0,X8+0.0155) + 0.00471*max(0,-0.174-X0) - 0.00345*max(0,X8-0.294) * max(0,-1.05-X5) - 0.00278*max(0,X8+0.0155) + 0.00268*max(0,X7+0.130) * X0 - 0.00186*max(0,-0.777-X3) - 0.00160*max(0,X2+0.431) - 0.000814*max(0,X5+0.0502) * max(0,-0.650-X9) + 0.000154*max(0,X8+0.0155) * max(0,X7-0.175) - 2.97e-5*max(0,X4+0.770) + 7.02e-6*max(0,0.0939-X0) + 6.50e-9*max(0,0.362-X0) - 7.76e-11*max(0,X0-0.0939)"
ffx,1595_poker,ok,-33.177593,7.231301,2660,21.09,,"1.44 - 200*max(0,-1.00-X7) * max(0,X5-1.02) - 63.7*max(0,X3-1.16) * max(0,X5-0.600) + 43.2*max(0,X3-1.16) * max(0,X5-0.184) + 38.5*max(0,-1.00-X7) * max(0,X5-0.600) - 33.9*max(0,-1.00-X7) * max(0,-0.862-X3) + 26.7*max(0,X3-1.16) * max(0,-0.953-X1) - 24.1*max(0,-0.862-X3) * max(0,-0.868-X9) + 23.8*max(0,X1-0.745) * max(0,X5-1.02) - 19.5*max(0,X3-1.16) * max(0,X7-0.770) + 16.8*max(0,-0.929-X8) * max(0,-0.529-X1) - 15.8*max(0,-0.929-X8) * max(0,-0.953-X1) + 14.3*max(0,-1.00-X7) * max(0,-0.457-X3) - 13.0*max(0,-1.00-X7) * max(0,-0.529-X1) - 12.7*max(0,-1.00-X7) * max(0,-0.868-X9) + 12.4*max(0,X3-1.16) * max(0,-1.00-X7) + 12.3*max(0,X3-1.16) * max(0,X5-1.02) - 12.0*max(0,-0.868-X9) * max(0,-0.457-X3) + 12.0*max(0,-0.470-X9) * max(0,X5-1.02) + 11.3*max(0,-1.00-X7) * max(0,-0.953-X1) - 11.1*max(0,-0.929-X8) * max(0,-1.00-X7) - 10.7*max(0,X3-1.16) * max(0,-0.104-X1) - 10.5*max(0,X1-0.745) * max(0,X7-0.770) - 10.1*max(0,-0.232-X5) * max(0,-0.953-X1) + 9.92*max(0,0.600-X5) * max(0,X5-0.184) + 9.87*max(0,-0.470-X9) * max(0,-0.953-X1) + 9.35*max(0,-0.232-X5) * max(0,X7-0.770) + 9.19*max(0,-0.953-X1) * max(0,-0.529-X1) + 9.01*max(0,0.327-X7) * max(0,-0.868-X9) + 8.65*max(0,0.327-X7) * max(0,X5-1.02) - 8.05*max(0,-0.929-X8) * max(0,X7-0.770) - 8.00*max(0,-0.953-X1) * max(0,-0.868-X9) + 7.95*max(0,-0.862-X3) * max(0,0.327-X7) - 7.64*max(0,X1-0.745) * max(0,X5-0.600) - 7.44*max(0,-0.529-X1) - 7.32*max(0,-1.00-X7) * max(0,X5-0.184) + 7.12*max(0,-0.529-X1) * max(0,X5-1.02) - 7.11*max(0,-0.868-X9) * max(0,X5-1.02) - 6.96*max(0,0.327-X7) * max(0,-0.529-X1) + 6.96*max(0,-1.00-X7) + 6.71*max(0,X1-0.745) * max(0,-0.457-X3) - 6.54*max(0,-0.0523-X3) * max(0,X5-1.02) + 6.53*max(0,-1.00-X7) * max(0,-0.104-X1) - 6.39*max(0,-0.457-X3) * max(0,X5-1.02) + 6.25*max(0,-0.470-X9) * max(0,-0.457-X3) - 6.16*max(0,-0.862-X3) * max(0,-0.529-X1) + 5.92*max(0,-0.929-X8) * max(0,-0.862-X3) + 5.82*max(0,-0.929-X8) * max(0,-0.868-X9) + 5.77*max(0,X7-0.770) * max(0,-0.868-X9) - 5.64*max(0,-0.0523-X3) * max(0,X7-0.770) + 5.38*max(0,X1-0.745) * max(0,X7-0.327) - 5.31*max(0,-0.232-X5) * max(0,X7-0.327) + 5.02*max(0,-0.232-X5) * max(0,X1-0.745) - 5.01*max(0,-0.953-X1) * max(0,X5-1.02) - 4.98*max(0,X3-1.16) * max(0,0.327-X7) + 4.88*max(0,-0.929-X8) * max(0,X7-0.327) + 4.75*max(0,-0.470-X9) * max(0,-0.862-X3) - 4.63*max(0,X7-1.21) + 4.61*max(0,-0.862-X3) * max(0,X5-1.02) - 4.55*max(0,X7-0.327) * max(0,X5-0.600) + 4.52*max(0,-0.862-X3) * max(0,X7-0.327) - 4.50*max(0,X7-0.770) * max(0,-0.529-X1) + 4.43*max(0,-0.457-X3) * max(0,X5-0.600) + 4.37*max(0,X3-1.16) * max(0,-0.232-X5) + 4.12*max(0,-1.00-X7) * max(0,-0.470-X9) - 4.07*max(0,-0.929-X8) * max(0,-0.457-X3) + 4.06*max(0,X5-0.184) * max(0,X7-0.770) - 4.01*max(0,0.600-X5) * max(0,-0.868-X9) - 3.94*max(0,-0.104-X1) * max(0,X5-1.02) + 3.89*max(0,-0.232-X5) * max(0,-0.868-X9) + 3.89*max(0,-0.929-X8) * max(0,0.327-X7) + 3.82*max(0,0.327-X7) * max(0,-0.104-X1) + 3.80*max(0,X3-1.16) + 3.77*max(0,X7-0.327) * max(0,-0.457-X3) - 3.74*max(0,-0.953-X1) * max(0,X5-0.184) - 3.74*max(0,-0.929-X8) * max(0,X5-0.600) + 3.60*max(0,-0.232-X5) * max(0,-0.529-X1) - 3.37*max(0,-0.862-X3) * max(0,X1-0.745) - 3.32*max(0,0.327-X7) * max(0,-0.457-X3) - 3.26*max(0,-0.470-X9) * max(0,0.327-X7) + 3.22*max(0,-0.529-X1) * max(0,X5-0.600) - 3.16*max(0,-0.0523-X3) * max(0,-0.457-X3) - 3.09*max(0,0.600-X5) * max(0,X1-0.745) + 3.04*max(0,-0.953-X1) * max(0,0.327-X7) + 2.99*max(0,0.600-X5) * max(0,-0.529-X1) - 2.91*max(0,0.600-X5) * max(0,-1.00-X7) - 2.88*max(0,-0.929-X8) * max(0,X5-1.02) + 2.77*max(0,-0.104-X1) + 2.76*max(0,X9-0.722) + 2.71*max(0,-0.929-X8) * max(0,X1-0.745) + 2.68*max(0,X1+0.104) - 2.60*max(0,-0.862-X3) * max(0,X5-0.184) - 2.52*max(0,-0.0523-X3) * max(0,X1-0.745) - 2.51*max(0,-0.649-X5) + 2.51*max(0,-0.470-X9) * max(0,X5-0.600) + 2.49*max(0,-1.07-X5) + 2.49*max(0,-0.470-X9) * max(0,-0.0523-X3) + 2.45*max(0,-0.0523-X3) * max(0,-0.104-X1) - 2.38*max(0,X5-0.600) - 2.32*max(0,-0.232-X5) * max(0,-0.862-X3) + 2.15*max(0,-0.929-X8) * max(0,-0.470-X9) + 2.13*max(0,-0.232-X5) * max(0,0.327-X7) + 2.11*max(0,0.600-X5) * max(0,X7-0.770) + 2.11*max(0,X5-0.184) * max(0,X7-0.327) + 2.04*max(0,X7-0.327) * max(0,-0.529-X1) - 1.99*max(0,-0.116-X7) - 1.97*max(0,-0.470-X9) * max(0,-0.104-X1) - 1.94*max(0,X3-0.757) - 1.88*max(0,-0.104-X1) * max(0,X7-0.770) - 1.86*max(0,0.600-X5) * max(0,-0.953-X1) - 1.84*max(0,X4-0.871) + 1.84*max(0,-0.0523-X3) + 1.82*max(0,-0.862-X3) * max(0,-0.0523-X3) - 1.81*max(0,X1-0.745) - 1.79*max(0,-0.929-X8) - 1.77*max(0,-0.470-X9) * max(0,X5-0.184) - 1.75*max(0,-0.868-X9) - 1.74*max(0,X9-1.12) - 1.72*max(0,-0.529-X1) * max(0,-0.457-X3) - 1.68*max(0,-1.00-X7) * max(0,0.327-X7) + 1.68*max(0,X7-0.770) * max(0,X5-1.02) - 1.67*max(0,X3-1.16) * max(0,X1-0.745) - 1.65*max(0,-0.457-X3) - 1.62*max(0,-0.953-X1) - 1.57*max(0,-0.929-X8) * max(0,-0.104-X1) + 1.54*max(0,-0.953-X1) * max(0,X7-0.327) + 1.53*max(0,-0.232-X5) * max(0,-0.470-X9) - 1.51*max(0,0.600-X5) * max(0,-0.929-X8) + 1.48*max(0,-0.929-X8) * max(0,-0.232-X5) - 1.40*max(0,-0.0523-X3) * max(0,X7-0.327) + 1.19*max(0,0.600-X5) * max(0,-0.457-X3) + 1.17*max(0,-0.0523-X3) * max(0,-0.868-X9) + 1.15*max(0,-0.470-X9) * max(0,-0.868-X9) - 1.08*max(0,-0.862-X3) - 1.02*max(0,0.600-X5) - 0.893*max(0,X3-1.16) * max(0,X7-0.327) - 0.865*max(0,X9+0.0729) + 0.861*max(0,X7-0.770) + 0.860*max(0,X8-0.519) + 0.849*max(0,X7-0.327) * max(0,X5-1.02) + 0.834*max(0,X5-0.184) * max(0,-0.104-X1) + 0.824*max(0,X3+0.0523) - 0.770*max(0,0.274-X0) - 0.761*max(0,-1.00-X7) * max(0,-0.0523-X3) - 0.760*max(0,X1-0.320) - 0.743*max(0,0.320-X1) + 0.737*max(0,-0.929-X8) * max(0,X5-0.184) - 0.734*max(0,-0.0729-X9) + 0.729*max(0,0.600-X5) * max(0,-0.470-X9) - 0.704*max(0,0.325-X9) - 0.684*max(0,X9-0.325) - 0.659*max(0,X5-0.184) * max(0,X5-0.600) - 0.644*max(0,X1+0.529) + 0.641*max(0,0.327-X7) * max(0,-0.0523-X3) - 0.641*max(0,-0.567-X8) + 0.635*max(0,-0.931-X4) - 0.631*max(0,X7+0.116) - 0.583*max(0,-1.00-X7) * max(0,X1-0.745) + 0.566*max(0,-0.470-X9) * max(0,X1-0.745) + 0.558*max(0,-0.232-X5) * max(0,-1.00-X7) + 0.549*max(0,-0.232-X5) * max(0,-0.104-X1) + 0.547*max(0,-0.104-X1) * max(0,X7-0.327) - 0.515*max(0,X6-0.976) + 0.505*max(0,-0.232-X5) * max(0,-0.457-X3) + 0.494*max(0,X4+0.210) + 0.474*max(0,X7-0.327) - 0.463*max(0,-0.868-X9) * max(0,X7-0.327) - 0.451*max(0,-0.953-X1) * max(0,-0.457-X3) - 0.409*max(0,X7-0.770) * max(0,-0.457-X3) - 0.386*max(0,-0.470-X9) * max(0,X7-0.327) + 0.377*max(0,X7-0.770) * max(0,X7-0.327) + 0.377*max(0,X8-0.881) + 0.376*max(0,X5-0.184) - 0.360*max(0,-0.0523-X3) * max(0,-0.529-X1) + 0.359*max(0,0.327-X7) * max(0,X5-0.600) - 0.355*max(0,X6-0.612) + 0.345*max(0,X3-1.16) * max(0,-0.529-X1) + 0.335*max(0,-0.471-X2) + 0.327*max(0,-0.104-X1) * max(0,X5-0.600) + 0.303*max(0,X3-1.16) * max(0,-0.470-X9) - 0.289*max(0,X3+0.457) - 0.266*max(0,X0-1.01) - 0.245*max(0,-0.104-X1) * max(0,-0.868-X9) + 0.242*max(0,-0.0523-X3) * max(0,X5-0.184) + 0.210*max(0,-0.571-X4) + 0.206*max(0,0.600-X5) * max(0,-0.862-X3) - 0.204*max(0,X0-0.640) + 0.201*max(0,-0.560-X7) - 0.198*max(0,-0.232-X5) - 0.198*max(0,0.600-X5) * max(0,-0.104-X1) + 0.193*max(0,X3-1.16) * max(0,-0.868-X9) + 0.192*max(0,X1-1.17) + 0.192*max(0,-0.457-X0) + 0.190*max(0,X7+0.560) - 0.190*max(0,0.327-X7) * max(0,X1-0.745) - 0.185*max(0,-0.868-X9) * max(0,X5-0.600) - 0.175*max(0,-0.929-X8) * max(0,-0.0523-X3) + 0.169*max(0,X2+0.471) - 0.163*max(0,-0.470-X9) * max(0,X7-0.770) - 0.157*max(0,X5+0.649) - 0.132*max(0,0.745-X1) + 0.115*max(0,X2-0.602) - 0.109*max(0,0.600-X5) * max(0,0.327-X7) - 0.106*max(0,-0.953-X1) * max(0,-0.0523-X3) - 0.105*max(0,X8+0.567) + 0.103*max(0,X2-0.245) + 0.0997*max(0,X0+0.457) + 0.0854*max(0,X5-0.184) * max(0,-0.868-X9) - 0.0822*max(0,X5-1.02) - 0.0773*max(0,-0.479-X6) - 0.0772*max(0,0.600-X5) * max(0,-0.232-X5) - 0.0734*max(0,X5-0.184) * max(0,-0.529-X1) + 0.0629*max(0,0.770-X7) + 0.0505*max(0,X6+0.843) + 0.0475*max(0,X6+0.479) - 0.0377*max(0,-0.104-X1) * max(0,-0.529-X1) - 0.0217*max(0,0.640-X0) + 0.00937*max(0,X2-0.960) - 0.00724*max(0,-0.843-X6) - 0.00513*max(0,X4-0.510) + 0.00429*max(0,-0.104-X1) * max(0,-0.457-X3) + 0.00405*max(0,-0.829-X2) + 0.00267*max(0,0.600-X5) * max(0,X7-0.327)"
ffx,192_vineyard,ok,0.395065,3.841182,625,5.03,,"-5.10 + 7.78*max(0,-0.870-X0) - 7.07*max(0,-1.39-X1) + 6.92*max(0,-0.318-X0) + 5.37*abs(X1) - 4.89*max(0,X1+0.0914) + 4.47*max(0,-0.742-X1) * max(0,-0.0914-X1) + 4.03*max(0,X1+0.0914) * max(0,X0-0.233) + 3.80*max(0,-0.742-X1) * X0 - 3.76*max(0,-0.742-X1) * abs(X0) - 3.63*max(0,0.233-X0) - 3.48*abs(X1) * max(0,X0-0.233) + 3.42*max(0,X1-1.21) - 3.26*X1 * max(0,-0.742-X1) + 3.19*X1 * max(0,X0-0.233) - 2.97*max(0,-0.318-X0) * max(0,-0.0914-X1) - 2.82*max(0,0.233-X0) * max(0,X1+0.0914) + 2.74*X1 * max(0,0.233-X0) + 2.68*X0 * max(0,X0-0.233) - 2.55*max(0,-0.0914-X1) - 2.37*max(0,-2.04-X1) + 2.17*max(0,-0.742-X1) * abs(X1) - 2.14*abs(X0) * max(0,X1+0.0914) + 2.14*max(0,X1-0.559) - 2.10*X0**2 + 2.09*abs(X0) - 1.96*X0 * abs(X1) + 1.88*max(0,0.785-X0) - 1.81*max(0,-0.742-X1) * max(0,-0.318-X0) + 1.79*max(0,0.233-X0) * X0 - 1.78*max(0,-0.318-X0) * abs(X0) + 1.75*max(0,0.233-X0) * abs(X1) - 1.74*max(0,X0-1.89) * max(0,X0-0.233) + 1.72*X1 - 1.65*max(0,X0-0.233) + 1.63*max(0,1.21-X1) - 1.56*X1 * max(0,X1+0.0914) - 1.53*abs(X1) * abs(X0) + 1.43*max(0,X0+0.318) - 1.41*X1**2 + 1.26*max(0,X1+0.742) + 1.25*X0 * max(0,X1+0.0914) + 1.21*max(0,-0.318-X0) * max(0,X1+0.0914) + 1.16*X1 * max(0,-0.0914-X1) - 1.10*max(0,X0-0.785) - 1.04*X0 * max(0,-0.0914-X1) + 0.918*X1 * max(0,-0.318-X0) + 0.914*max(0,0.233-X0) * max(0,-0.742-X1) + 0.856*max(0,X0-1.89) + 0.726*abs(X0) * max(0,-0.0914-X1) + 0.683*max(0,0.233-X0) * max(0,-0.318-X0) + 0.650*X1 * X0 + 0.644*abs(X1) * max(0,X1+0.0914) - 0.624*max(0,-0.742-X1) + 0.595*max(0,1.89-X0) - 0.506*X1 * abs(X0) - 0.461*max(0,0.233-X0) * abs(X0) + 0.392*max(0,X1+2.04) + 0.346*max(0,-0.318-X0) * X0 - 0.338*max(0,0.559-X1) + 0.320*max(0,-0.318-X0) * abs(X1) - 0.307*abs(X1) * max(0,-0.0914-X1) + 0.267*X0 - 0.259*max(0,X1+1.39) + 0.219*max(0,X0-1.34) + 0.212*X1 * abs(X1) - 0.172*X0 * abs(X0) - 0.117*max(0,0.233-X0) * max(0,-0.0914-X1) - 0.0152*max(0,X0+0.870) - 0.00697*abs(X0) * max(0,X0-0.233) - 0.00562*max(0,1.34-X0) - 0.000711*max(0,X0-1.89) * max(0,X1+0.0914) - 1.48e-8*max(0,X0-1.89) * abs(X0) - 1.73e-10*max(0,X0-1.89) * X0 - 3.54e-12*max(0,X0-1.89) * abs(X1)"
ffx,197_cpu_act,ok,-20.133948,29.107731,2265,73.66,,"-0.943 - 5.43*max(0,-2.16-X20) - 3.66*max(0,X16-2.56) * max(0,X3-1.91) - 3.56*max(0,0.747-X9) * max(0,X11-2.35) - 2.93*max(0,X17-2.78) * max(0,X3-1.91) + 2.48*abs(X10) * max(0,X2-2.18) - 1.46*max(0,0.747-X9) * max(0,X13-3.06) - 1.31*max(0,X8-4.36) + 1.28*max(0,X16-1.80) * max(0,X2-2.18) - 1.05*max(0,0.898-X10) - 1.05*max(0,1.32-X18) * max(0,X19-1.93) - 1.02*max(0,X2-2.18) * max(0,X17-1.96) + 0.966*max(0,X20-0.864) + 0.963*max(0,X19-2.51) + 0.958*abs(X19) * max(0,0.208-X19) + 0.939*max(0,X19-1.36) - 0.901*max(0,X14-3.22) + 0.798*max(0,X7-3.92) + 0.783*abs(X19) * max(0,X8-2.51) + 0.753*max(0,X7-3.17) - 0.739*abs(X10) * max(0,2.35-X11) + 0.679*max(0,X16-1.80) * max(0,X3-1.91) + 0.666*max(0,0.747-X9) * max(0,X8-3.43) + 0.665*max(0,X2-0.474) - 0.660*max(0,X16-0.279) + 0.659*max(0,1.32-X18) * max(0,X8-3.43) + 0.658*max(0,X3-0.996) + 0.636*max(0,X18-5.34) * max(0,X18-6.34) + 0.622*max(0,X9-4.72) - 0.595*max(0,X3-1.91) * max(0,0.747-X9) + 0.557*max(0,-0.665-X2) - 0.548*max(0,X18-5.34) + 0.487*max(0,0.208-X19) * max(0,X8-2.51) + 0.482*max(0,X9-3.13) + 0.469*abs(X10) * max(0,1.54-X9) - 0.458*abs(X20) * max(0,X19-3.08) - 0.427*max(0,X2-1.61) - 0.414*max(0,X6-6.20) - 0.408*max(0,0.279-X16) - 0.403*max(0,2.32-X18) * max(0,1.32-X18) + 0.382*abs(X10) * max(0,X18-3.33) - 0.381*max(0,0.208-X19) * max(0,0.747-X9) - 0.373*abs(X2) + 0.373*max(0,1.54-X9) * max(0,0.747-X9) + 0.372*max(0,X4-3.31) + 0.371*max(0,X9-3.93) + 0.367*abs(X1) + 0.366*max(0,1.54-X9) * max(0,X8-3.43) - 0.360*max(0,X8-0.669) + 0.358*max(0,1.07-X14) - 0.355*max(0,X12-1.37) - 0.347*max(0,X17-1.96) - 0.343*max(0,0.208-X19) * max(0,X17-1.96) + 0.331*abs(X17) + 0.329*max(0,1.80-X1) + 0.325*max(0,X11-6.67) + 0.320*max(0,1.32-X18) * max(0,X8-4.36) - 0.316*abs(X20) * max(0,X17-1.96) - 0.305*max(0,X7-0.916) + 0.300*abs(X13) + 0.296*abs(X14) - 0.291*abs(X20) * max(0,0.208-X19) + 0.278*abs(X3) - 0.273*max(0,X19-3.08) * max(0,1.32-X18) + 0.271*max(0,0.996-X3) - 0.270*max(0,1.54-X9) * max(0,0.208-X19) + 0.264*max(0,2.35-X11) * max(0,0.747-X9) + 0.260*abs(X10) * max(0,X17-1.96) + 0.260*max(0,1.27-X11) - 0.258*max(0,X14-4.30) + 0.255*X16**2 + 0.255*abs(X6) + 0.249*abs(X10) * abs(X19) + 0.237*max(0,2.35-X11) + 0.236*max(0,X11-5.59) - 0.231*abs(X20) * max(0,2.35-X11) - 0.199*max(0,X9-1.54) * max(0,X8-4.36) - 0.197*abs(X0) + 0.196*max(0,1.04-X16) + 0.191*max(0,X4-4.28) - 0.191*max(0,1.78-X10) - 0.191*max(0,X14-2.15) + 0.186*max(0,X13-4.05) + 0.186*abs(X8) + 0.184*max(0,X14-5.38) - 0.184*X3**2 - 0.183*max(0,X6-4.14) - 0.180*max(0,1.54-X9) * max(0,X3-1.91) - 0.179*max(0,0.208-X19) * max(0,-2.16-X20) - 0.179*max(0,1.54-X9) * max(0,X19-3.08) + 0.177*max(0,-0.347-X20) - 0.172*max(0,X13-3.06) * max(0,1.32-X18) + 0.170*max(0,X14-1.07) + 0.169*max(0,0.646-X5) - 0.159*max(0,1.36-X19) * max(0,-2.16-X20) - 0.155*max(0,1.37-X12) - 0.154*max(0,1.77-X0) - 0.153*max(0,X9-1.54) * max(0,1.32-X18) - 0.146*max(0,0.321-X17) - 0.145*max(0,X8-2.51) * max(0,0.747-X9) + 0.145*max(0,0.164-X7) - 0.141*max(0,1.36-X19) * max(0,X8-4.36) + 0.140*max(0,4.70-X12) - 0.140*max(0,X13-1.09) - 0.140*max(0,2.35-X11) * max(0,X18-5.34) + 0.139*abs(X10) * max(0,X13-4.05) + 0.133*max(0,2.35-X11) * max(0,X8-3.43) - 0.130*abs(X5) + 0.124*abs(X19) + 0.122*max(0,X18-3.33) * max(0,0.747-X9) - 0.121*X2**2 - 0.121*max(0,X17-1.96) * max(0,1.32-X18) + 0.117*max(0,0.474-X2) - 0.116*max(0,2.35-X11) * max(0,-2.16-X20) - 0.115*max(0,0.916-X7) - 0.113*max(0,X4-1.37) + 0.110*max(0,X12-5.81) + 0.108*abs(X7) - 0.108*max(0,X16-3.31) - 0.106*max(0,X2-1.04) + 0.105*max(0,1.36-X19) * abs(X19) - 0.105*max(0,X20+0.952) - 0.105*max(0,X17-2.78) - 0.104*max(0,3.74-X3) - 0.0999*max(0,0.0808-X3) - 0.0987*abs(X15) + 0.0985*max(0,1.36-X19) * abs(X20) - 0.0973*max(0,0.747-X9) * max(0,X17-3.60) - 0.0928*max(0,X13-2.08) - 0.0908*max(0,3.22-X14) + 0.0897*max(0,X7-2.42) + 0.0891*max(0,X8-3.43) * max(0,X8-4.36) - 0.0880*max(0,2.15-X14) - 0.0863*abs(X4) - 0.0861*max(0,0.208-X19) * max(0,X18-5.34) + 0.0809*max(0,-0.0953-X2) + 0.0800*abs(X20) * max(0,X13-4.05) + 0.0797*max(0,1.36-X19) * max(0,2.35-X11) + 0.0793*max(0,3.43-X8) - 0.0778*max(0,1.54-X9) * max(0,1.32-X18) + 0.0774*max(0,0.783-X19) - 0.0740*max(0,3.23-X0) - 0.0706*max(0,X10-1.78) + 0.0665*max(0,5.17-X6) + 0.0656*max(0,3.59-X12) - 0.0652*X11 + 0.0650*max(0,2.40-X5) - 0.0641*max(0,X3-1.91) * max(0,1.32-X18) - 0.0628*max(0,0.208-X19) * max(0,X17-3.60) - 0.0587*max(0,X10-3.53) + 0.0553*max(0,X20-0.259) - 0.0550*X17**2 + 0.0538*max(0,X8-3.43) - 0.0522*max(0,X6-1.05) - 0.0520*max(0,1.59-X8) - 0.0509*max(0,1.54-X9) * max(0,X19-1.93) + 0.0508*max(0,1.48-X15) - 0.0485*max(0,1.32-X18) * max(0,X17-3.60) - 0.0484*max(0,4.42-X17) - 0.0471*X6 - 0.0467*max(0,2.32-X18) * max(0,0.747-X9) - 0.0458*max(0,2.32-X18) * max(0,X8-2.51) - 0.0453*max(0,2.32-X18) * max(0,X19-1.93) + 0.0442*max(0,4.51-X11) + 0.0430*max(0,1.36-X19) * max(0,1.32-X18) - 0.0423*max(0,2.32-X18) * max(0,X8-4.36) + 0.0422*abs(X20) * max(0,1.54-X9) - 0.0421*max(0,0.669-X8) - 0.0416*max(0,X18-5.34) * max(0,-2.16-X20) - 0.0403*max(0,X9-1.54) * max(0,-2.16-X20) - 0.0391*max(0,2.32-X18) * max(0,-2.16-X20) + 0.0389*max(0,3.25-X1) - 0.0384*max(0,X8-1.59) - 0.0373*abs(X20) * max(0,-2.16-X20) - 0.0350*max(0,0.400-X4) + 0.0336*abs(X19) * max(0,X18-6.34) - 0.0329*abs(X20) * max(0,X8-2.51) + 0.0316*max(0,4.14-X6) + 0.0313*abs(X9) - 0.0310*abs(X19) * max(0,1.32-X18) - 0.0307*X13 - 0.0283*X2 - 0.0240*max(0,2.08-X13) - 0.0238*max(0,X9-1.54) * max(0,0.208-X19) - 0.0230*X5 + 0.0228*abs(X10) * max(0,X18-6.34) - 0.0220*abs(X16) + 0.0217*X15**2 - 0.0207*abs(X20) * max(0,X11-2.35) + 0.0194*max(0,0.259-X20) - 0.0193*max(0,X1-1.80) + 0.0182*max(0,1.52-X5) + 0.0170*max(0,4.05-X13) + 0.0166*max(0,2.08-X6) - 0.0163*max(0,1.37-X4) - 0.0162*X19**2 + 0.0160*max(0,X13-4.05) * max(0,1.32-X18) - 0.0150*X16 - 0.0148*X1 + 0.0145*abs(X20) * max(0,1.32-X18) + 0.0140*max(0,X15-5.42) - 0.0132*max(0,X6-2.08) + 0.0119*max(0,0.208-X19) * max(0,X13-4.05) + 0.0112*max(0,X4-2.34) - 0.0110*X0**2 + 0.0109*max(0,4.69-X1) + 0.00997*X5**2 + 0.00971*max(0,5.59-X11) + 0.00935*max(0,2.32-X18) * abs(X20) - 0.00811*max(0,0.208-X19) + 0.00802*max(0,2.35-X11) * max(0,1.32-X18) + 0.00802*max(0,X16-1.80) * max(0,X19-1.93) + 0.00663*max(0,X19-0.783) - 0.00663*max(0,1.36-X19) * max(0,X11-2.35) + 0.00653*max(0,3.93-X9) + 0.00635*max(0,1.80-X16) - 0.00634*max(0,X17-2.78) * max(0,0.747-X9) + 0.00578*max(0,X18-3.33) * max(0,X18-6.34) + 0.00511*max(0,3.13-X9) + 0.00457*abs(X12) + 0.00429*max(0,6.20-X6) - 0.00368*X4**2 - 0.00367*max(0,X17-3.60) - 0.00365*max(0,2.35-X11) * max(0,X13-3.06) - 0.00356*abs(X19) * max(0,0.747-X9) - 0.00352*max(0,2.35-X11) * max(0,X17-3.60) - 0.00317*max(0,1.36-X19) * max(0,X13-3.06) - 0.00283*max(0,X5-1.52) + 0.00277*max(0,X15-6.73) + 0.00215*max(0,X13-4.05) * max(0,X13-3.06) + 0.00213*max(0,7.59-X1) - 0.00191*max(0,-1.56-X20) + 0.00183*max(0,3.43-X11) + 0.00157*max(0,X15-1.48) - 0.00156*max(0,2.32-X18) * max(0,X3-1.91) - 0.00140*max(0,1.14-X17) - 0.00123*X8 - 0.00111*max(0,X0-1.77) + 0.00109*X19 - 0.000892*max(0,X17-2.78) * max(0,1.32-X18) - 0.000870*max(0,X9-1.54) * max(0,1.36-X19) + 0.000867*max(0,3.27-X5) - 0.000785*max(0,X0-3.23) - 0.000620*max(0,X4-0.400) - 0.000415*abs(X20) * max(0,X18-5.34) - 0.000357*max(0,1.36-X19) * max(0,X16-2.56) + 0.000269*max(0,3.11-X6) - 0.000175*max(0,X13-3.06) + 9.85e-5*max(0,X16-1.80) * max(0,X19-3.08) + 4.33e-5*max(0,X15-8.04) + 2.61e-5*X4 - 2.22e-5*abs(X19) * max(0,1.54-X9)"
ffx,201_pol,ok,-4.776971,110.143722,2660,121.41,,"-2.88 - 517*max(0,X12-2.35) * max(0,X5-2.04) + 150*max(0,X12-2.35) * max(0,X13-3.06) + 34.6*max(0,X12-2.35) * max(0,X13-2.50) - 15.9*abs(X18) * max(0,X19-4.27) - 9.34*max(0,1.03-X18) * max(0,X18-0.416) + 5.71*max(0,1.03-X18) * max(0,X17-2.93) - 5.11*max(0,0.416-X18) * max(0,X17-2.30) - 3.38*max(0,X21-4.73) * max(0,X5-1.52) + 3.18*max(0,X19-3.44) - 2.99*max(0,X13-0.805) * max(0,X18-2.25) + 2.88*max(0,X4-0.764) + 2.53*max(0,0.469-X5) - 2.20*max(0,X15-1.14) + 2.12*abs(X18) * max(0,X21-4.73) + 2.10*max(0,0.416-X18) * abs(X18) - 2.08*max(0,X17-0.404) - 2.04*abs(X5) + 2.04*max(0,X13-0.805) * max(0,X22-3.48) + 1.88*max(0,0.620-X15) + 1.88*abs(X17) - 1.87*abs(X4) + 1.85*max(0,X5-0.469) * max(0,X7-3.46) - 1.64*max(0,X28-3.76) - 1.55*max(0,0.416-X18) * max(0,X5-2.56) - 1.52*max(0,X13-0.805) * max(0,X12-2.35) - 1.52*max(0,X7-4.16) + 1.52*max(0,X13-0.805) * max(0,X5-0.469) + 1.29*max(0,2.11-X30) + 1.24*max(0,1.03-X18) * abs(X18) + 1.23*max(0,X15-0.620) - 1.17*max(0,X12-3.13) - 1.15*max(0,1.70-X31) - 1.09*max(0,X16-1.04) - 1.08*max(0,1.55-X26) - 1.06*max(0,X21-2.40) + 1.05*max(0,X18-0.416) * max(0,X13-1.37) + 1.02*max(0,1.68-X23) * max(0,X4-2.12) + 1.02*max(0,X22-4.31) + 1.02*max(0,X6-3.59) - 0.981*max(0,X20-1.60) * max(0,X12-2.35) + 0.971*max(0,X16-2.32) - 0.930*max(0,-0.0544-X5) - 0.902*max(0,0.416-X18) * max(0,X12-2.35) + 0.889*max(0,X4+0.589) + 0.888*max(0,X15-1.65) + 0.872*max(0,X6-2.96) + 0.867*max(0,X14-1.90) + 0.862*max(0,0.416-X18) * max(0,X4-2.12) - 0.861*max(0,X4-0.0875) + 0.831*max(0,X18-1.64) - 0.829*max(0,X15-2.68) + 0.817*max(0,X28-7.16) - 0.799*max(0,1.14-X15) - 0.770*abs(X19) - 0.754*max(0,X22-3.48) * max(0,1.68-X23) - 0.752*max(0,X18-1.03) + 0.732*max(0,X13-0.805) * max(0,X18-0.416) - 0.715*abs(X15) + 0.712*max(0,X19-1.77) + 0.700*max(0,X21-1.63) + 0.697*max(0,X28-2.63) - 0.687*max(0,X14-1.18) - 0.685*max(0,X24-2.16) - 0.680*abs(X23) - 0.667*abs(X13) - 0.654*abs(X18) * max(0,X14-3.33) + 0.650*max(0,X5-0.992) + 0.612*max(0,X5-0.469) * max(0,X22-3.48) + 0.611*max(0,X21-3.96) - 0.602*max(0,1.03-X18) * max(0,X13-1.37) + 0.594*max(0,X15-2.17) + 0.591*max(0,-0.589-X4) + 0.551*max(0,0.764-X4) + 0.551*max(0,3.12-X27) - 0.547*max(0,0.416-X18) * max(0,1.68-X23) + 0.541*max(0,X5-0.469) * abs(X18) + 0.541*max(0,0.783-X12) + 0.521*max(0,X5-0.469) * max(0,X12-2.35) + 0.521*max(0,0.805-X13) + 0.511*max(0,3.91-X25) + 0.501*max(0,2.93-X23) - 0.479*max(0,X25-1.54) + 0.477*max(0,X17-3.56) - 0.475*max(0,X13-0.805) * max(0,X14-2.62) - 0.470*max(0,0.416-X18) * max(0,X19-4.27) - 0.465*max(0,0.810-X20) - 0.464*abs(X12) + 0.456*max(0,X13-1.93) * max(0,1.68-X23) + 0.443*max(0,1.03-X18) * max(0,X4-2.12) + 0.442*max(0,X13-0.805) * abs(X18) + 0.437*max(0,1.04-X17) + 0.434*max(0,X12-0.783) - 0.420*max(0,1.03-X18) * max(0,1.68-X23) + 0.418*max(0,X12-1.56) + 0.400*max(0,X26-6.31) + 0.385*max(0,X23-4.18) + 0.384*abs(X6) - 0.362*max(0,X4-1.44) - 0.355*max(0,0.416-X18) * max(0,X19-5.10) + 0.354*max(0,X5-0.469) * max(0,1.85-X29) - 0.333*max(0,X13-1.37) - 0.332*max(0,X5-2.56) + 0.328*max(0,1.68-X23) * max(0,X17-2.93) - 0.324*max(0,X17-2.30) * max(0,X18-3.47) - 0.323*max(0,2.16-X24) - 0.318*abs(X14) - 0.313*max(0,X14-4.05) * max(0,X4-2.79) - 0.312*max(0,X14-3.33) - 0.304*abs(X26) - 0.298*max(0,X19-4.27) * max(0,1.68-X23) + 0.289*max(0,X23-6.67) + 0.280*max(0,1.90-X14) + 0.276*max(0,X13-0.805) * max(0,1.50-X28) - 0.268*max(0,0.416-X18) * max(0,X13-1.37) + 0.266*max(0,X5-0.469) - 0.264*max(0,X5-0.469) * max(0,1.50-X28) + 0.259*max(0,0.416-X18) * max(0,X13-3.06) + 0.257*max(0,X16-2.96) - 0.246*abs(X16) - 0.235*max(0,X13-1.37) * max(0,1.85-X29) - 0.228*max(0,X5-0.469) * max(0,1.83-X22) + 0.226*max(0,X20-1.60) * max(0,X5-1.52) - 0.219*max(0,1.03-X18) * max(0,X14-3.33) - 0.215*max(0,2.60-X19) + 0.211*max(0,X15-0.104) + 0.209*abs(X18) * max(0,X13-3.06) + 0.209*max(0,0.416-X18) * max(0,X13-1.93) - 0.206*max(0,1.04-X16) - 0.204*max(0,X24-1.20) + 0.195*max(0,X26-5.12) + 0.186*max(0,0.416-X18) * max(0,X14-2.62) + 0.176*max(0,X30-5.10) + 0.175*abs(X22) + 0.159*max(0,1.20-X27) - 0.152*abs(X8) + 0.150*max(0,1.56-X12) + 0.145*max(0,1.50-X28) * max(0,X24-5.97) + 0.142*max(0,1.85-X29) * max(0,X17-2.93) - 0.141*max(0,1.85-X29) * max(0,X18-2.25) - 0.135*max(0,1.68-X23) + 0.135*max(0,X23-5.42) + 0.131*max(0,X5-0.469) * max(0,1.54-X25) - 0.130*max(0,2.40-X21) - 0.129*X32 + 0.125*max(0,X17-1.04) - 0.116*max(0,X31-5.42) - 0.105*max(0,X26-1.55) + 0.101*max(0,X7-3.46) * max(0,1.50-X28) + 0.0997*max(0,X30-6.60) + 0.0991*max(0,1.03-X18) * max(0,X13-1.93) - 0.0957*max(0,1.50-X28) * max(0,X14-3.33) - 0.0921*max(0,X17-1.67) + 0.0895*max(0,1.68-X23) * max(0,X13-3.06) - 0.0883*abs(X21) + 0.0875*max(0,X20-3.18) - 0.0868*max(0,X32-2.37) + 0.0855*abs(X20) - 0.0844*max(0,4.27-X19) + 0.0837*max(0,1.83-X22) * max(0,1.68-X23) - 0.0829*max(0,1.54-X25) * max(0,X14-3.33) + 0.0828*abs(X18) * max(0,X24-5.97) - 0.0825*max(0,1.20-X24) + 0.0822*max(0,X13-0.805) * max(0,1.68-X23) + 0.0794*max(0,1.50-X28) * max(0,1.85-X29) - 0.0757*max(0,3.76-X28) + 0.0745*max(0,1.54-X25) * max(0,X4-2.12) + 0.0713*max(0,1.03-X18) * max(0,X14-2.62) + 0.0712*max(0,1.85-X29) * max(0,X4-2.12) + 0.0684*max(0,1.05-X6) - 0.0682*max(0,X13-0.805) * max(0,X14-3.33) - 0.0675*max(0,1.50-X28) * max(0,X4-2.79) - 0.0668*max(0,X18-3.47) * max(0,X18-2.86) - 0.0650*max(0,X18-0.416) * max(0,1.85-X29) + 0.0632*max(0,X13-1.93) * abs(X18) + 0.0631*max(0,1.68-X23) * max(0,X24-5.97) - 0.0620*max(0,1.83-X22) * max(0,X18-3.47) + 0.0617*max(0,1.50-X28) * max(0,X4-2.12) + 0.0585*max(0,1.83-X22) * max(0,X24-5.97) + 0.0571*max(0,X4-2.12) - 0.0544*max(0,0.0875-X4) - 0.0539*max(0,1.03-X18) * max(0,X12-2.35) + 0.0504*max(0,X28-6.02) - 0.0500*max(0,X21-3.18) - 0.0491*max(0,1.85-X29) * max(0,1.68-X23) - 0.0458*max(0,X18-3.47) + 0.0445*max(0,1.83-X22) * max(0,X4-2.12) + 0.0441*max(0,4.18-X23) - 0.0440*max(0,3.44-X19) + 0.0438*max(0,X26-7.50) + 0.0415*max(0,X13-0.805) - 0.0387*max(0,0.416-X18) * max(0,1.83-X22) - 0.0366*max(0,1.54-X25) * max(0,X4-2.79) - 0.0314*max(0,1.85-X29) * max(0,X14-3.33) + 0.0267*max(0,0.415-X6) + 0.0263*max(0,1.85-X29) * max(0,X24-5.97) - 0.0262*max(0,1.68-X23) * max(0,X14-3.33) - 0.0258*max(0,X18-0.416) - 0.0246*max(0,1.83-X22) * max(0,X14-3.33) - 0.0245*max(0,X13-0.805) * max(0,X4-2.79) + 0.0230*max(0,X23-7.92) - 0.0225*max(0,X14-2.62) * max(0,X14-3.33) + 0.0217*max(0,1.83-X22) * max(0,X13-3.06) - 0.0217*max(0,1.03-X18) * max(0,X5-2.56) + 0.0215*max(0,0.416-X18) * max(0,X24-5.97) - 0.0214*max(0,1.03-X18) * max(0,1.83-X22) - 0.0213*abs(X18) * max(0,X18-3.47) + 0.0213*max(0,1.03-X18) * max(0,X21-4.73) - 0.0213*max(0,1.03-X18) * max(0,1.50-X28) + 0.0200*max(0,X13-3.06) - 0.0165*max(0,0.416-X18) * max(0,X14-3.33) - 0.0155*max(0,X31-6.67) + 0.0138*max(0,X14-2.62) * abs(X18) + 0.0135*max(0,X18-0.416) * max(0,X7-3.46) - 0.0115*max(0,X18-2.25) * max(0,X18-3.47) + 0.0105*max(0,X24-5.02) - 0.00987*max(0,X17-2.30) * max(0,X5-2.04) - 0.00814*max(0,X29-5.89) - 0.00736*max(0,0.404-X17) + 0.00731*max(0,X27-6.00) + 0.00704*max(0,X14-2.62) * max(0,1.68-X23) - 0.00607*max(0,X13-1.37) * max(0,X4-2.79) - 0.00552*max(0,X17-2.30) * max(0,1.54-X25) + 0.00440*max(0,X30-8.09) - 0.00374*max(0,X29-7.24) + 0.00360*max(0,5.64-X32) - 0.00355*max(0,X18-0.416) * max(0,X18-3.47) - 0.00343*max(0,X13-2.50) * max(0,X4-2.79) - 0.00342*max(0,0.416-X18) * max(0,1.50-X28) - 0.00311*max(0,X5-2.04) * max(0,X18-2.86) - 0.00293*max(0,X8-5.76) - 0.00241*max(0,X8-4.44) - 0.00222*max(0,1.50-X28) * max(0,X14-4.05) - 0.00215*max(0,0.416-X18) * max(0,X4-2.79) + 0.00211*max(0,1.85-X29) * max(0,X13-3.06) + 0.00204*max(0,1.85-X29) * max(0,X21-4.73) - 0.00195*max(0,1.54-X25) * max(0,X18-3.47) - 0.00156*max(0,1.54-X25) * max(0,X14-4.05) - 0.00118*max(0,1.85-X29) * max(0,X18-3.47) + 0.00112*max(0,1.54-X25) * max(0,X17-2.93) - 0.00109*max(0,X5-0.469) * max(0,X18-3.47) + 0.00109*max(0,5.09-X25) + 0.000744*max(0,1.83-X22) * max(0,X14-2.62) - 0.000685*max(0,X13-1.37) * max(0,X14-3.33) - 0.000676*max(0,1.77-X19) + 0.000372*max(0,X13-1.93) * max(0,1.85-X29) - 0.000355*max(0,X31-7.91) + 0.000339*max(0,1.54-X25) * max(0,X13-3.06) - 0.000323*max(0,1.50-X28) * max(0,X18-3.47) - 0.000150*max(0,0.416-X18) * max(0,X14-4.05) + 0.000147*max(0,X30-9.59) + 0.000136*max(0,X14-2.62) * max(0,1.85-X29) + 0.000127*max(0,1.54-X25) * max(0,X21-4.73) + 7.12e-5*max(0,1.50-X28) * max(0,X21-4.73) - 7.00e-5*max(0,X5-2.04) * max(0,X18-3.47) - 6.91e-5*max(0,1.03-X18) * max(0,X4-2.79) - 6.21e-5*max(0,1.68-X23) * max(0,X18-3.47) - 4.72e-5*max(0,X13-0.805) * max(0,X14-4.05) + 3.41e-5*max(0,1.50-X28) * max(0,X13-3.06) + 2.77e-5*max(0,1.50-X28) * max(0,X17-2.93) - 1.98e-5*max(0,X13-2.50) * max(0,X14-4.05) - 1.75e-5*max(0,X13-1.37) * max(0,X14-4.05) + 7.33e-6*max(0,X13-1.93) * max(0,1.54-X25) + 3.51e-6*max(0,X14-2.62) * max(0,1.54-X25) - 1.92e-7*max(0,X5-2.04) * max(0,X18-2.25) + 1.03e-7*max(0,X13-1.93) * max(0,1.50-X28) + 5.99e-8*max(0,X14-2.62) * max(0,1.50-X28) - 4.73e-8*max(0,X14-3.33) * max(0,X4-2.79) - 1.76e-8*max(0,1.03-X18) * max(0,X14-4.05) - 7.66e-9*max(0,X17-2.93) * max(0,X5-2.04) - 6.19e-10*max(0,X17-2.93) * max(0,X18-2.86) - 1.44e-10*max(0,X14-3.33) * max(0,X14-4.05) - 1.20e-10*max(0,X17-2.93) * max(0,X18-3.47) - 1.98e-11*max(0,X14-3.33) * max(0,X13-2.50) - 1.40e-12*max(0,X5-1.52) * max(0,X18-3.47) - 1.25e-12*max(0,X4-2.12) * max(0,X13-2.50) - 1.00e-12*max(0,X17-2.93) * max(0,X18-2.25) - 4.17e-13*max(0,X4-2.12) * max(0,X14-4.05) - 2.36e-13*max(0,X4-2.12) * max(0,X14-3.33)"
ffx,210_cloud,ok,-163.216312,15.735687,1398,9.75,,"2.29 + 44.2*max(0,X4-1.56) * max(0,0.741-X3) + 38.4*max(0,0.741-X3) * max(0,X2-2.24) + 36.5*max(0,0.117-X3) * max(0,X2-1.60) + 30.2*max(0,1.36-X3) * max(0,X4-2.12) - 29.1*max(0,0.117-X3) * max(0,X2-2.24) - 24.5*max(0,-0.852-X1) * max(0,X2-1.60) + 21.0*max(0,-0.852-X1) * max(0,X4-1.56) - 12.9*max(0,-0.852-X1) * max(0,X2-2.24) + 12.6*max(0,0.301-X2) * max(0,X3-1.36) + 11.3*max(0,X2-1.60) * max(0,X4-2.12) - 10.0*max(0,X2-0.301) * max(0,0.117-X3) + 9.04*max(0,-0.346-X2) * max(0,X3-0.741) + 7.65*max(0,X2-0.301) * max(0,0.741-X3) - 7.25*max(0,1.36-X3) * max(0,X4-1.56) + 6.31*max(0,X3-1.36) * max(0,X3-2.61) - 5.79*max(0,X3-1.99) * max(0,X4-2.12) - 5.12*max(0,X3-1.99) + 4.63*max(0,1.36-X3) * max(0,X3-0.741) + 3.55*max(0,X4-1.56) * max(0,X3-2.61) + 3.13*max(0,1.36-X3) * max(0,X2-2.24) + 3.13*max(0,X4-1.56) * max(0,X2-1.60) + 3.05*max(0,0.741-X3) * max(0,X2-1.60) - 3.03*max(0,X4-1.56) * max(0,X3-1.99) + 3.01*max(0,X3-1.36) - 2.92*max(0,1.36-X3) * max(0,X2-0.301) - 2.80*max(0,X3-2.61) - 2.40*max(0,-0.346-X2) * max(0,0.741-X3) + 2.37*max(0,0.117-X3) + 2.34*max(0,-0.346-X2) * max(0,0.117-X3) - 2.12*max(0,X3-0.741) * max(0,0.301-X2) - 1.97*max(0,0.117-X3) * max(0,0.301-X2) - 1.97*max(0,X2-2.89) - 1.71*max(0,X3-0.741) * max(0,X4-2.12) - 1.57*max(0,X4-1.56) * max(0,X2-2.24) - 1.54*max(0,X2-0.301) * max(0,X4-1.56) - 1.32*X0**2 - 1.23*max(0,X2-2.24) * max(0,X3-1.99) + 1.19*max(0,-0.852-X1) * max(0,0.301-X2) - 1.15*max(0,X2-0.949) + 1.14*max(0,0.741-X3) * max(0,0.301-X2) - 1.13*max(0,1.36-X3) * max(0,0.741-X3) + 1.11*max(0,X2-0.301) * max(0,X4-2.12) + 1.08*max(0,X2-1.60) - 0.977*max(0,0.741-X3) - 0.975*max(0,0.301-X2) + 0.923*max(0,-0.346-X2) * max(0,0.301-X2) + 0.918*max(0,X3-1.36) * max(0,X4-2.12) + 0.893*max(0,X4-1.56) * max(0,X4-2.12) + 0.877*max(0,0.741-X3) * max(0,0.117-X3) + 0.873*max(0,1.36-X3) * max(0,-0.346-X2) + 0.811*max(0,X2-2.24) * max(0,X2-1.60) - 0.811*max(0,-0.852-X1) * max(0,-0.346-X2) - 0.810*X3**2 + 0.771*max(0,0.449-X4) + 0.761*max(0,X3-0.117) + 0.759*max(0,X2-0.301) * max(0,X3-0.741) + 0.741*max(0,X2-0.301) * max(0,X3-1.36) - 0.715*max(0,-0.852-X1) * max(0,X3-1.99) + 0.684*max(0,-0.852-X1) * max(0,X3-1.36) - 0.650*max(0,-0.852-X1) * max(0,0.117-X3) - 0.639*max(0,0.949-X2) + 0.610*max(0,X4-2.12) + 0.607*max(0,1.60-X2) - 0.591*max(0,-0.346-X2) - 0.536*max(0,-0.852-X1) * max(0,X3-2.61) + 0.510*max(0,X2-1.60) * max(0,X3-2.61) + 0.495*max(0,-0.852-X1) * max(0,X2-0.301) + 0.490*max(0,X3-0.741) * max(0,X3-1.36) - 0.484*max(0,X2-0.301) * max(0,X3-1.99) + 0.483*max(0,1.36-X3) * max(0,0.117-X3) - 0.482*max(0,X4+0.107) - 0.477*max(0,-0.107-X4) - 0.460*max(0,X4-1.56) - 0.451*max(0,X3-0.741) * max(0,X3-1.99) - 0.376*max(0,2.12-X4) - 0.362*max(0,X2-0.301) * max(0,X2-1.60) + 0.354*max(0,1.99-X3) + 0.351*max(0,X4-0.449) - 0.322*max(0,X3-0.741) * max(0,X2-1.60) + 0.296*max(0,X2-0.301) * max(0,X2-2.24) - 0.295*max(0,X2-0.301) - 0.280*max(0,X2-2.24) + 0.280*X2 + 0.272*max(0,X4-1.00) + 0.239*max(0,1.36-X3) - 0.213*max(0,X1-0.632) - 0.203*max(0,2.89-X2) - 0.199*max(0,X4-1.56) * max(0,X3-0.741) + 0.189*max(0,X3-0.741) + 0.182*max(0,X3-0.741) * max(0,X2-2.24) + 0.168*max(0,X1+0.481) + 0.167*max(0,-0.481-X1) + 0.143*max(0,X2+0.346) - 0.136*max(0,-0.507-X3) - 0.109*max(0,0.261-X1) + 0.109*max(0,-0.663-X4) - 0.107*X2**2 - 0.0957*max(0,X3-0.741) * max(0,X3-2.61) + 0.0850*X4**2 + 0.0836*X3 - 0.0805*X0 - 0.0755*max(0,2.61-X3) + 0.0742*max(0,X4-1.56) * max(0,X3-1.36) - 0.0741*max(0,X3-1.99) * max(0,X3-2.61) + 0.0556*max(0,X3-1.99) * max(0,X2-1.60) + 0.0522*max(0,X2-0.301) * max(0,X3-2.61) + 0.0472*max(0,-0.637-X0) + 0.0466*max(0,-0.852-X1) * max(0,0.741-X3) + 0.0454*max(0,1.36-X3) * max(0,X2-1.60) + 0.0372*max(0,X1+0.852) + 0.0351*max(0,X1-1.00) + 0.0309*max(0,2.24-X2) - 0.0291*max(0,-0.852-X1) * max(0,X3-0.741) + 0.0276*max(0,X3-1.99) * max(0,X3-1.36) + 0.0255*max(0,0.301-X2) * max(0,X3-1.99) + 0.0220*max(0,-0.110-X1) + 0.0194*max(0,1.56-X4) + 0.0137*max(0,1.36-X3) * max(0,0.301-X2) + 0.0111*max(0,1.00-X4) + 0.0107*X4 + 0.00873*max(0,-0.852-X1) - 0.00585*max(0,0.632-X1) + 0.00201*max(0,X2-1.60) * max(0,X3-1.36)"
ffx,215_2dplanes,ok,0.5569,2.877326,862,26.51,,"-7.82 + 7.29*abs(X0) + 0.657*max(0,-0.869-X3) * X2 + 0.510*X0 - 0.435*max(0,-0.869-X3) * abs(X9) - 0.336*abs(X4) - 0.291*abs(X5) * abs(X6) + 0.276*X1 * X0 + 0.275*max(0,-0.869-X3) * X8 + 0.273*max(0,-0.741-X9) + 0.232*abs(X6) - 0.231*X5 * X0 + 0.209*max(0,X1+0.165) + 0.207*abs(X4) * abs(X3) + 0.201*max(0,X1+0.859) - 0.179*X4 * X0 + 0.171*max(0,X5-0.328) + 0.168*abs(X4) * abs(X2) - 0.160*abs(X5) * X8 + 0.152*max(0,X7+0.146) - 0.144*abs(X6) * abs(X1) - 0.140*abs(X2) * X6 + 0.140*X2 * X0 + 0.139*X4 - 0.133*abs(X4) * X1 - 0.131*max(0,-0.869-X3) * abs(X6) - 0.127*abs(X4) * X3 + 0.127*X3 * abs(X6) + 0.125*X5**2 + 0.123*abs(X9) * X4 - 0.123*abs(X7) * abs(X5) + 0.108*abs(X6) * X5 + 0.107*abs(X4) * X6 + 0.105*X9 * abs(X1) - 0.0926*abs(X5) * X7 + 0.0916*X2 * X5 + 0.0914*abs(X5) * abs(X3) + 0.0879*X1 * abs(X9) + 0.0874*abs(X1) * X4 - 0.0852*abs(X1) * abs(X9) - 0.0844*max(0,-0.869-X3) * X0 + 0.0839*abs(X1) * X6 + 0.0838*max(0,X7+0.794) + 0.0820*abs(X8) + 0.0815*abs(X7) * abs(X9) + 0.0789*abs(X7) * X6 + 0.0782*max(0,X5-0.00800) + 0.0771*max(0,X6-0.248) - 0.0737*max(0,-0.869-X3) * abs(X1) + 0.0735*abs(X4) * abs(X1) + 0.0702*abs(X7) * X0 - 0.0699*abs(X1) * X7 + 0.0695*abs(X7) * X2 - 0.0686*abs(X7) * abs(X2) - 0.0648*X9 * X0 + 0.0621*abs(X5) * X0 + 0.0608*abs(X6) * abs(X9) + 0.0586*X7 * X0 - 0.0579*X6 * X0 - 0.0577*X3 * X7 - 0.0573*abs(X7) * X5 + 0.0557*X3 * X1 - 0.0554*X9 * X4 - 0.0535*X7 * X6 - 0.0534*abs(X7) * abs(X3) - 0.0532*abs(X5) * X1 - 0.0522*abs(X1) * X0 + 0.0512*abs(X9) * X5 + 0.0510*X8 * X2 - 0.0506*max(0,-0.587-X0) - 0.0499*X3 * X5 - 0.0497*abs(X1) * abs(X3) + 0.0494*X9 * X7 + 0.0485*abs(X7) * X3 + 0.0480*abs(X3) * X4 - 0.0479*abs(X7) * X9 + 0.0475*abs(X6) * X2 - 0.0475*X2 * abs(X9) + 0.0463*X8 * X5 + 0.0463*abs(X7) * abs(X1) + 0.0461*max(0,-0.869-X3) * X6 - 0.0449*max(0,X3+0.869) - 0.0436*X9 * X1 + 0.0435*abs(X2) * X0 + 0.0432*X3 * abs(X9) - 0.0411*abs(X4) * abs(X9) + 0.0407*abs(X6) * abs(X2) + 0.0395*abs(X4) * X7 + 0.0373*X6 * X5 + 0.0359*abs(X4) * abs(X5) + 0.0359*X3 * X0 + 0.0344*X8 * X1 + 0.0344*X9 * abs(X3) + 0.0343*X8 * abs(X9) - 0.0317*abs(X2) * X4 + 0.0317*abs(X2) * X7 + 0.0305*abs(X4) * X8 + 0.0303*X9 * X2 - 0.0288*X6 * X2 + 0.0286*abs(X4) * X2 - 0.0277*abs(X2) * abs(X9) - 0.0276*X8 * abs(X6) + 0.0275*abs(X7) * X1 + 0.0255*max(0,X1+0.512) + 0.0247*X8 * X4 + 0.0243*X8 * abs(X1) - 0.0242*abs(X3) * X7 + 0.0242*abs(X4) * X5 + 0.0219*X3 * X4 + 0.0215*X2 - 0.0211*max(0,0.545-X2) + 0.0211*max(0,-0.404-X9) + 0.0204*abs(X7) * abs(X6) - 0.0194*X3 - 0.0185*abs(X2) * X1 + 0.0182*X2 * X1 - 0.0181*abs(X7) * X8 + 0.0170*X3 * abs(X2) + 0.0166*X6 * X1 - 0.0166*X7 * X4 + 0.0141*max(0,X5-0.648) + 0.0140*abs(X2) * X2 - 0.0137*max(0,X3+0.544) + 0.0136*max(0,X6-0.591) + 0.0133*X9 * X5 + 0.0127*abs(X6) * X1 + 0.0125*X1 - 0.0120*X1 * X5 - 0.0115*X1 * X4 - 0.0113*X9 * abs(X2) - 0.0112*abs(X6) * X4 + 0.0109*X8 * abs(X2) - 0.0104*X8 * X6 + 0.0104*X4 * X5 - 0.00859*X3 * X2 - 0.00840*X3 * X6 - 0.00772*X7 * X2 - 0.00769*abs(X5) * X9 - 0.00764*max(0,0.860-X2) + 0.00718*max(0,X7+0.470) - 0.00672*X2 * X4 + 0.00655*X6 * X4 + 0.00623*abs(X1) * X5 + 0.00623*abs(X5) * X3 - 0.00612*max(0,-0.869-X3) * abs(X2) + 0.00551*max(0,-0.0674-X9) - 0.00508*X8 * X0 + 0.00429*X6**2 - 0.00415*X9 + 0.00369*max(0,X6-0.933) + 0.00357*X8 * abs(X3) + 0.00263*X9 * abs(X6) + 0.00256*max(0,X5-0.968) + 0.00252*max(0,X7-0.502) + 0.00206*abs(X1) * abs(X2) - 0.00177*max(0,-0.320-X0) + 0.00157*abs(X5) * X4 + 0.00149*abs(X6) * X7 - 0.000786*X8 * X7 + 0.000274*max(0,X7-0.826) + 6.64e-5*max(0,X0-0.747) + 3.31e-6*X0**2"
ffx,218_house_8L,ok,-7.459109,102416.230555,2660,20.04,,"4.48 - 87.6*max(0,X1-1.63) * max(0,X5-2.94) - 67.7*max(0,X3-2.02) * max(0,X1-1.63) + 33.3*abs(X0) * max(0,X6-1.95) - 23.3*max(0,-0.875-X7) * max(0,-1.70-X2) - 22.7*max(0,X6-1.95) * max(0,0.809-X1) + 19.8*abs(X0) * max(0,X5-2.94) + 17.1*max(0,-1.70-X2) * max(0,-0.0569-X7) - 16.9*max(0,X6-1.95) * max(0,X1-4.94) - 16.2*max(0,-0.875-X7) * max(0,X6-1.95) - 14.6*max(0,-0.875-X7) * max(0,X5-2.31) - 13.8*max(0,X1-2.46) * max(0,X5-2.31) - 13.5*abs(X0) * max(0,-1.70-X2) - 12.6*max(0,-0.875-X7) * max(0,X3-2.02) + 12.5*X7 * max(0,X1-4.94) + 11.8*max(0,-0.875-X7) * max(0,X1-2.46) - 11.8*max(0,-0.875-X7) * max(0,X5-2.94) + 11.6*max(0,X5-2.94) + 10.9*max(0,X6-1.95) * max(0,1.63-X1) - 10.8*abs(X0) * max(0,-0.0569-X7) - 10.7*max(0,X7-1.17) * max(0,X5-2.94) + 10.5*max(0,X1-4.94) - 10.1*max(0,-0.875-X7) * abs(X0) - 10.0*max(0,-0.875-X7) * max(0,X2-0.656) - 9.05*max(0,X2-0.656) * max(0,X5-2.31) + 8.87*abs(X0) * max(0,0.809-X1) - 8.54*max(0,X2-0.656) - 8.42*max(0,X2-0.656) * max(0,X7-1.17) - 8.36*abs(X0) * max(0,X7+0.0569) + 8.04*max(0,X3-2.02) * max(0,1.63-X1) + 7.59*max(0,X2-0.656) * max(0,-0.0569-X7) + 7.54*max(0,X7+0.0569) * max(0,X1-4.94) + 7.26*abs(X0) * abs(X7) - 7.19*abs(X0) * max(0,X7-1.17) + 6.95*max(0,X7-1.17) * max(0,1.51-X0) - 6.84*max(0,X5-2.31) * max(0,X5-2.94) - 6.73*max(0,X7-1.17) * abs(X7) - 6.21*max(0,X3-2.02) - 6.12*max(0,X7-1.17) * max(0,0.809-X1) - 5.73*max(0,X2-2.23) - 5.60*X7 * max(0,X5-2.94) + 5.47*max(0,X2-0.656) * abs(X0) + 5.20*max(0,X2-0.656) * max(0,1.51-X0) - 5.03*max(0,X7+0.0569) + 5.02*max(0,-0.875-X7) * max(0,1.51-X0) - 4.82*max(0,-0.0569-X7) * max(0,X6-1.95) - 4.78*max(0,-1.70-X2) * max(0,X5-2.31) + 4.45*max(0,X5-1.67) - 4.39*max(0,-0.875-X7) * max(0,0.809-X1) + 4.37*abs(X7) * max(0,X5-2.94) + 4.32*max(0,X2-0.656) * max(0,X7+0.0569) + 4.19*max(0,1.51-X0) + 4.07*max(0,-0.875-X7) - 4.01*max(0,-1.88-X6) - 3.91*max(0,X2-0.656) * max(0,X1-1.63) - 3.78*max(0,X1-1.63) * max(0,X5-2.31) - 3.65*max(0,X7-1.17) * max(0,-1.70-X2) + 3.62*max(0,-0.0569-X7) * max(0,0.809-X1) - 3.59*max(0,X6-0.995) + 3.50*max(0,-0.466-X7) - 3.36*max(0,-0.875-X7) * max(0,1.63-X1) + 3.31*max(0,X7-1.17) - 3.19*max(0,X2-0.656) * abs(X7) - 3.05*max(0,-0.0569-X7) * max(0,1.63-X1) - 3.05*max(0,1.63-X1) - 3.01*X7 * max(0,X1-1.63) - 3.00*max(0,-0.923-X6) + 2.98*max(0,X6-2.91) + 2.96*max(0,-0.0569-X7) * max(0,X1-1.63) - 2.92*abs(X0) * max(0,1.51-X0) - 2.87*max(0,-0.875-X7) * max(0,-0.0569-X7) + 2.76*X7 * max(0,-1.70-X2) + 2.75*abs(X7) * max(0,0.809-X1) - 2.70*max(0,-0.0569-X7) + 2.66*max(0,0.809-X1) * max(0,X5-2.94) - 2.54*max(0,X7+0.0569) * max(0,X1-1.63) + 2.45*max(0,X2-0.656) * max(0,X6-1.95) + 2.34*abs(X7) * max(0,X1-4.94) + 2.29*abs(X7) - 2.21*abs(X0) * max(0,X5-2.31) - 2.13*max(0,X7-1.17) * max(0,1.63-X1) - 1.93*abs(X0) * max(0,X1-4.94) + 1.93*max(0,2.69-X0) * max(0,X1-4.94) + 1.93*max(0,2.46-X1) * max(0,X5-2.94) - 1.90*max(0,X1-2.46) + 1.88*max(0,-1.70-X3) - 1.73*max(0,X5-2.31) + 1.71*max(0,2.69-X0) * max(0,X5-2.94) + 1.71*X6**2 + 1.69*X7 * max(0,X7-1.17) - 1.62*max(0,0.656-X2) - 1.62*max(0,1.51-X0) * max(0,X5-2.31) + 1.58*max(0,X2-0.656) * max(0,X5-2.94) + 1.50*max(0,1.51-X0) * max(0,X6-1.95) + 1.47*max(0,X2-1.44) + 1.38*max(0,X7+0.0569) * abs(X7) + 1.37*max(0,1.51-X0) * max(0,0.809-X1) - 1.35*max(0,0.0363-X6) - 1.35*max(0,X2-0.656) * max(0,0.809-X1) - 1.34*max(0,X1-3.28) + 1.34*max(0,X6-1.95) + 1.33*max(0,-0.0569-X7) * max(0,X5-2.31) - 1.26*X7 * max(0,X3-2.02) - 1.26*X7 * max(0,X5-2.31) - 1.21*max(0,X2-0.656) * max(0,2.69-X0) + 1.14*max(0,-1.70-X2) - 1.11*abs(X7) * max(0,1.51-X0) - 1.07*max(0,X7+0.0569) * max(0,1.51-X0) - 1.05*max(0,-0.916-X2) - 1.01*max(0,2.69-X0) * max(0,X5-2.31) - 1.01*abs(X0) * max(0,2.69-X0) + 1.01*X7 + 1.01*max(0,-0.213-X3) - 0.997*X7 * max(0,0.809-X1) + 0.989*max(0,X1-0.809) + 0.987*max(0,X7+0.0569) * max(0,-1.70-X2) - 0.983*max(0,0.809-X1) * max(0,X5-2.31) - 0.923*max(0,1.63-X1) * max(0,X5-2.94) - 0.917*max(0,-0.957-X3) - 0.912*max(0,2.69-X0) * max(0,1.51-X0) + 0.911*abs(X7) * max(0,1.63-X1) - 0.894*max(0,X4-3.36) - 0.889*max(0,3.28-X1) + 0.835*max(0,X7+0.875) + 0.804*max(0,-0.875-X7) * max(0,X1-1.63) + 0.785*X2**2 - 0.781*max(0,X7-0.352) - 0.752*abs(X6) + 0.676*max(0,X7+0.0569) * max(0,X7-1.17) - 0.674*max(0,2.69-X0) * max(0,1.63-X1) + 0.659*max(0,X7+0.466) + 0.632*max(0,0.809-X1) * max(0,X3-2.02) - 0.630*max(0,0.352-X7) + 0.628*max(0,1.51-X0) * max(0,X5-2.94) + 0.627*X7 * max(0,1.63-X1) - 0.620*max(0,2.46-X1) * max(0,X5-2.31) - 0.605*max(0,X5-1.04) - 0.591*X7 * max(0,1.51-X0) - 0.579*max(0,0.761-X7) - 0.558*abs(X4) - 0.554*max(0,-1.70-X2) * max(0,0.809-X1) - 0.551*max(0,-1.70-X2) * max(0,1.63-X1) - 0.548*X7 * max(0,-0.0569-X7) + 0.543*max(0,2.46-X1) * max(0,X1-1.63) - 0.535*max(0,2.46-X1) - 0.532*abs(X0) * max(0,X3-2.02) + 0.529*max(0,5.04-X0) - 0.529*abs(X0) * max(0,1.63-X1) + 0.527*max(0,2.30-X4) - 0.521*abs(X3) + 0.506*max(0,X7+0.0569) * max(0,X5-2.31) - 0.503*max(0,X2+0.130) + 0.494*max(0,0.809-X1) - 0.477*max(0,X1-1.63) - 0.470*max(0,X1-2.46) * max(0,X1-4.94) + 0.469*max(0,X4-6.55) + 0.461*max(0,X4-5.49) - 0.461*max(0,1.51-X0) * max(0,X1-1.63) + 0.455*max(0,2.69-X0) * max(0,0.809-X1) + 0.450*X1 - 0.449*abs(X7) * max(0,X1-1.63) + 0.443*max(0,6.21-X0) + 0.433*max(0,X7-1.17) * max(0,2.46-X1) + 0.422*max(0,X4-1.23) + 0.410*max(0,X3+0.213) + 0.406*max(0,1.44-X2) + 0.399*max(0,X4-2.30) + 0.380*max(0,X2-0.656) * max(0,1.63-X1) + 0.378*abs(X7) * max(0,X5-2.31) - 0.371*max(0,X3-0.530) - 0.355*max(0,X2-0.656) * max(0,X3-2.02) + 0.331*max(0,-0.0569-X7) * max(0,1.51-X0) - 0.330*max(0,2.69-X0) * max(0,X1-1.63) - 0.309*max(0,X6+1.88) - 0.307*max(0,1.23-X4) - 0.304*max(0,2.46-X1) * max(0,1.63-X1) + 0.302*max(0,X5-0.403) + 0.296*abs(X2) + 0.293*max(0,1.67-X5) - 0.288*abs(X7) * max(0,-1.70-X2) - 0.283*max(0,-0.130-X2) + 0.261*X7 * abs(X7) + 0.259*max(0,1.17-X7) - 0.258*max(0,X6-0.0363) + 0.255*max(0,-0.875-X7) * max(0,2.46-X1) - 0.239*max(0,X7+0.0569) * max(0,1.63-X1) - 0.223*abs(X7) * max(0,2.69-X0) - 0.223*max(0,3.36-X4) + 0.216*max(0,-0.0569-X7) * max(0,X5-2.94) + 0.206*abs(X7) * max(0,-0.0569-X7) + 0.199*max(0,X3-1.27) - 0.191*max(0,X6-1.95) * max(0,X5-2.94) - 0.189*max(0,2.02-X3) - 0.182*max(0,-0.0569-X7) * max(0,2.69-X0) - 0.179*max(0,X5-2.31) * max(0,1.63-X1) - 0.169*abs(X5) - 0.167*max(0,X6-1.95) * max(0,X1-1.63) + 0.166*max(0,-0.875-X7) * max(0,2.69-X0) - 0.166*max(0,-0.0569-X7) * max(0,X1-2.46) - 0.157*max(0,X0-7.39) - 0.153*max(0,2.69-X0) * max(0,X3-2.02) - 0.148*max(0,X6+0.923) + 0.146*X4 - 0.144*max(0,X7+0.0569) * max(0,0.809-X1) + 0.143*max(0,X7-1.17) * max(0,2.69-X0) - 0.135*max(0,2.31-X5) - 0.125*X2 - 0.104*max(0,3.86-X0) - 0.0941*max(0,X7+0.0569) * max(0,2.46-X1) - 0.0825*max(0,2.69-X0) * max(0,X1-2.46) + 0.0749*X3**2 + 0.0693*max(0,-0.232-X5) - 0.0663*abs(X1) + 0.0652*max(0,5.49-X4) - 0.0645*max(0,X7+0.0569) * max(0,2.69-X0) - 0.0641*max(0,0.530-X3) - 0.0565*max(0,-1.70-X2) * max(0,1.51-X0) - 0.0486*X5 - 0.0474*max(0,-1.70-X2) * max(0,X1-1.63) - 0.0466*max(0,0.809-X1) * max(0,1.63-X1) + 0.0460*max(0,1.51-X0) * max(0,1.63-X1) + 0.0351*abs(X7) * max(0,X6-1.95) - 0.0342*X5**2 + 0.0329*max(0,1.95-X6) + 0.0329*X4**2 + 0.0319*X7**2 + 0.0294*max(0,2.91-X6) - 0.0279*abs(X0) * max(0,2.46-X1) + 0.0274*max(0,X2-0.656) * max(0,X1-4.94) + 0.0258*max(0,X2-0.656) * max(0,2.46-X1) - 0.0254*max(0,X1-1.63) * max(0,X1-4.94) + 0.0237*X7 * max(0,2.69-X0) + 0.0231*abs(X7) * max(0,2.46-X1) - 0.0187*max(0,X6-1.95) * max(0,X1-2.46) - 0.0159*abs(X0) * max(0,X1-2.46) + 0.0137*max(0,1.04-X5) - 0.0107*max(0,X1-1.63) * max(0,X1-2.46) + 0.0106*max(0,1.51-X0) * max(0,2.46-X1) - 0.00725*abs(X0) + 0.00582*max(0,X0-2.69) - 0.00580*max(0,0.995-X6) - 0.00460*max(0,X6-1.95) * max(0,X5-2.31) + 0.00440*X7 * max(0,X6-1.95) - 0.00409*max(0,X7-1.17) * max(0,X5-2.31) + 0.00332*X0 - 0.00301*max(0,X7-0.761) - 0.00265*abs(X7) * max(0,X3-2.02) - 0.00200*max(0,2.69-X0) * max(0,2.46-X1) + 0.00194*max(0,X7+0.0569) * max(0,X5-2.94) - 0.00188*max(0,-1.70-X2) * max(0,2.46-X1) + 0.00161*max(0,0.403-X5) - 0.00139*max(0,X0-1.51) + 0.00120*max(0,7.39-X0) + 0.000794*max(0,2.69-X0) + 0.000420*X0**2 + 0.000131*max(0,2.23-X2)"
ffx,225_puma8NH,ok,-2.832107,11.021937,2660,16.61,,"-0.231 - 61.8*max(0,X3-1.13) * max(0,X6-1.17) - 15.2*max(0,X3-1.13) * max(0,-0.670-X6) - 15.1*max(0,-0.703-X3) * max(0,X6-1.17) + 12.3*max(0,-0.155-X7) * max(0,X6-1.17) - 11.7*max(0,X6-1.17) * max(0,-0.238-X2) - 11.1*max(0,X3-1.13) * max(0,X7-0.285) - 10.7*max(0,X6-1.17) * max(0,X7-0.285) - 9.46*max(0,X6-1.17) * max(0,X1-0.281) + 8.22*max(0,X6-1.17) * max(0,X3-0.212) + 8.10*max(0,X3-1.13) * abs(X6) + 8.04*max(0,-0.238-X2) * max(0,X6-0.251) - 6.85*max(0,X7-0.285) * max(0,-0.245-X3) + 6.70*max(0,X6-1.17) + 5.87*abs(X2) * max(0,-0.703-X3) + 5.65*max(0,X3-1.13) * max(0,X1-0.281) - 5.50*max(0,X3+0.245) * max(0,X6-1.17) - 5.40*max(0,-0.238-X2) * max(0,X6+0.209) + 5.39*max(0,-0.703-X3) * max(0,-0.670-X6) + 5.02*max(0,X6-1.17) * abs(X3) - 4.62*max(0,X4-1.24) + 4.33*max(0,X2-1.12) - 4.12*max(0,X7-1.17) - 4.09*max(0,X0-1.26) + 3.78*max(0,X3-1.13) * max(0,-0.209-X6) - 3.67*max(0,X7-0.285) * max(0,X1-0.281) + 3.67*max(0,-1.06-X5) * abs(X6) - 3.60*abs(X5) * max(0,-0.670-X6) - 3.52*max(0,X3-1.13) * abs(X3) + 3.35*max(0,X3+0.245) * max(0,-0.670-X6) + 3.33*max(0,X6-1.17) * max(0,-0.245-X3) + 3.24*max(0,X7-0.285) * abs(X3) - 3.19*max(0,-0.155-X7) * max(0,X1-0.281) - 3.17*abs(X2) * max(0,-0.245-X3) + 3.16*max(0,X3-0.212) * max(0,X6-0.251) - 3.13*max(0,X3-0.212) * max(0,-0.209-X6) + 3.08*max(0,X6-1.17) * abs(X6) - 2.97*max(0,-0.703-X3) * max(0,-0.209-X6) + 2.95*X3 * max(0,-0.670-X6) + 2.86*max(0,-0.620-X1) - 2.85*abs(X5) * max(0,X6-1.17) + 2.83*max(0,X7-0.285) * max(0,X6-0.251) + 2.82*max(0,X3-1.13) * max(0,X6-0.251) + 2.74*abs(X7) * max(0,X1-0.281) - 2.74*max(0,-0.670-X6) * max(0,X1-0.281) - 2.72*X3 * max(0,X6-1.17) + 2.48*abs(X2) * max(0,-0.670-X6) + 2.43*max(0,X1-1.18) - 2.41*max(0,-0.703-X3) * max(0,-0.155-X7) - 2.40*max(0,X3+0.245) * max(0,-0.209-X6) - 2.36*abs(X2) * max(0,X1-0.281) - 2.35*max(0,-1.06-X5) * max(0,X6-0.251) - 2.34*max(0,X3-0.212) * max(0,X6+0.209) + 2.24*max(0,-0.155-X7) * abs(X6) - 2.17*max(0,-0.703-X3) * max(0,X6-0.251) - 2.11*max(0,-1.06-X5) * abs(X3) + 2.05*max(0,X3-0.670) + 2.03*max(0,X5-1.22) - 1.95*max(0,-1.07-X1) + 1.95*max(0,X4-0.796) - 1.94*max(0,X4-0.347) + 1.94*max(0,-0.238-X2) * max(0,X1-0.281) + 1.93*abs(X2) * abs(X3) - 1.91*max(0,-0.155-X7) * max(0,X3-0.212) - 1.86*max(0,-0.703-X3) + 1.84*max(0,-0.703-X3) * max(0,X7-0.285) - 1.84*max(0,-0.703-X3) * max(0,-0.238-X2) + 1.80*max(0,-0.703-X3) * X6 - 1.76*max(0,X3+0.245) * max(0,X7-0.285) - 1.75*max(0,-0.703-X3) * max(0,X1-0.281) - 1.74*max(0,X6+0.209) * abs(X3) - 1.72*max(0,X1-0.281) * max(0,X6-0.251) - 1.71*max(0,-0.692-X2) - 1.69*abs(X5) * max(0,-0.245-X3) + 1.67*max(0,X3-1.13) - 1.64*max(0,-0.238-X2) * max(0,-0.209-X6) + 1.63*max(0,X3+0.245) * max(0,-0.155-X7) - 1.58*max(0,X2-0.669) - 1.56*abs(X2) * max(0,-0.209-X6) + 1.52*max(0,X7-0.285) * max(0,-0.209-X6) - 1.45*abs(X7) * max(0,X6-0.251) - 1.43*abs(X2) * max(0,X3-1.13) + 1.40*max(0,-0.238-X2) * max(0,-0.670-X6) + 1.40*max(0,-0.238-X2) - 1.38*X6 * max(0,-0.209-X6) + 1.32*max(0,-1.15-X2) + 1.31*abs(X5) * abs(X3) + 1.31*max(0,-0.245-X3) * max(0,-0.209-X6) - 1.31*max(0,-0.155-X7) * max(0,X6-0.251) + 1.29*max(0,X7-0.725) + 1.28*max(0,-0.245-X3) * abs(X6) - 1.25*max(0,X5-0.309) - 1.24*abs(X5) * max(0,X1-0.281) - 1.24*max(0,-0.595-X7) - 1.23*max(0,X3-1.13) * X6 - 1.21*max(0,X3+0.245) * abs(X5) + 1.20*max(0,X1-0.281) * max(0,-0.209-X6) + 1.19*abs(X7) * max(0,-0.245-X3) - 1.18*max(0,X3-0.212) * max(0,X1-0.281) + 1.15*max(0,-0.602-X5) - 1.13*max(0,-0.155-X7) * max(0,-0.238-X2) - 1.12*abs(X7) * max(0,-0.670-X6) + 1.11*abs(X6) * max(0,-0.209-X6) - 1.10*max(0,0.281-X1) - 1.06*max(0,-0.670-X6) * max(0,-0.209-X6) - 1.03*max(0,-1.01-X0) + 1.02*max(0,X1-0.732) - 1.01*max(0,X6-0.251) * abs(X6) - 0.971*max(0,X2-0.215) - 0.970*max(0,-1.06-X5) * max(0,-0.209-X6) + 0.945*abs(X3) - 0.940*max(0,-0.209-X6) - 0.937*max(0,X6-0.712) - 0.928*max(0,-0.670-X6) * abs(X3) + 0.921*max(0,X3+0.245) * max(0,X6-0.251) - 0.919*max(0,-1.04-X7) - 0.918*max(0,-0.155-X7) * abs(X3) + 0.909*max(0,X6+0.209) - 0.896*max(0,0.251-X6) - 0.882*max(0,X5-0.765) + 0.841*max(0,X3-0.212) * abs(X6) + 0.821*max(0,X6+0.209) * max(0,X1-0.281) + 0.803*max(0,0.285-X7) - 0.801*max(0,-0.245-X3) + 0.780*abs(X5) * max(0,-0.209-X6) + 0.764*max(0,X3-0.212) * max(0,X7-0.285) + 0.763*max(0,X1-0.281) * abs(X6) - 0.748*max(0,X6-0.251) + 0.743*abs(X5) * abs(X6) - 0.736*max(0,X3-0.212) * abs(X7) - 0.723*max(0,-0.155-X7) * max(0,-0.670-X6) + 0.721*max(0,X3+0.245) * max(0,X3-1.13) + 0.710*max(0,X3+0.245) * max(0,X1-0.281) - 0.708*X1**2 - 0.681*max(0,-1.13-X6) + 0.681*abs(X2) * max(0,-0.155-X7) - 0.676*abs(X7) * abs(X6) - 0.671*max(0,X6+0.209) * max(0,X6-0.251) - 0.660*X6 * abs(X3) - 0.648*max(0,X3-1.13) * abs(X5) + 0.639*max(0,-1.16-X3) - 0.621*abs(X3) * max(0,-0.209-X6) + 0.607*max(0,X4+0.551) + 0.580*X6**2 + 0.577*max(0,X5+0.147) + 0.576*abs(X5) - 0.540*max(0,-0.670-X6) * max(0,-0.245-X3) - 0.520*max(0,-0.238-X2) * abs(X3) - 0.520*max(0,-0.238-X2) * max(0,-0.245-X3) + 0.511*abs(X2) * abs(X7) + 0.499*max(0,X1+0.620) + 0.496*X1 - 0.496*abs(X7) * max(0,-0.209-X6) - 0.493*max(0,0.347-X4) - 0.488*abs(X5) * max(0,-0.155-X7) + 0.479*max(0,X6+0.209) * max(0,X7-0.285) - 0.477*abs(X5) * abs(X7) + 0.473*X0**2 - 0.466*abs(X2) * max(0,X3+0.245) - 0.456*max(0,0.215-X2) + 0.448*max(0,-0.169-X1) + 0.441*max(0,X1-0.281) * max(0,-0.245-X3) - 0.441*max(0,X3-0.212) * abs(X3) - 0.436*max(0,X3+0.245) * max(0,X6+0.209) + 0.434*max(0,-0.155-X7) * max(0,X6+0.209) + 0.431*abs(X1) - 0.430*max(0,0.309-X5) + 0.420*X4**2 - 0.415*max(0,-1.06-X5) + 0.414*max(0,X0-0.805) + 0.405*max(0,-0.551-X4) + 0.365*max(0,X6-1.17) * max(0,X6-0.251) + 0.355*abs(X2) * max(0,X3-0.212) + 0.346*X3 * max(0,X1-0.281) + 0.332*max(0,X3+0.245) * X6 - 0.329*X3 * max(0,X6+0.209) + 0.326*X6 * max(0,-0.670-X6) - 0.324*abs(X5) * max(0,X6+0.209) + 0.324*max(0,-0.155-X7) + 0.298*abs(X2) * abs(X5) + 0.296*X6 * max(0,X6-1.17) + 0.293*X5**2 + 0.285*max(0,-0.147-X5) + 0.277*abs(X5) * max(0,-0.238-X2) + 0.268*max(0,0.732-X1) - 0.259*abs(X2) * X3 + 0.258*max(0,X7+0.155) - 0.253*abs(X0) - 0.251*max(0,0.765-X5) - 0.249*max(0,X3+0.703) - 0.247*X3 * max(0,-0.238-X2) - 0.237*max(0,-0.703-X3) * X3 - 0.212*max(0,X6+1.13) - 0.206*X3 * max(0,X3-0.212) + 0.198*max(0,X6-1.17) * max(0,X6+0.209) - 0.195*max(0,X0-0.352) - 0.192*abs(X2) + 0.191*X3 * X6 + 0.183*X3 - 0.181*abs(X2) * max(0,X7-0.285) + 0.180*max(0,-1.06-X5) * max(0,-0.245-X3) - 0.163*abs(X5) * max(0,X7-0.285) + 0.162*abs(X2) * max(0,X6-0.251) + 0.150*max(0,X3+0.245) * abs(X7) + 0.150*abs(X2) * abs(X6) + 0.134*abs(X2) * max(0,X6-1.17) - 0.134*max(0,X1-0.281) - 0.124*X3**2 + 0.123*X6 * max(0,X6+0.209) - 0.121*max(0,0.212-X3) + 0.113*max(0,0.670-X3) + 0.113*abs(X2) * X6 + 0.106*max(0,X2+0.238) - 0.105*X2**2 + 0.0984*max(0,X7-0.285) - 0.0976*max(0,X3+0.245) * max(0,-0.238-X2) - 0.0959*max(0,X3-1.13) * max(0,-0.238-X2) - 0.0930*max(0,-0.703-X3) * max(0,-0.245-X3) - 0.0929*max(0,X0+0.555) + 0.0891*max(0,0.725-X7) - 0.0880*max(0,-0.670-X6) * abs(X6) + 0.0781*max(0,-0.670-X6) * max(0,X7-0.285) - 0.0775*X3 * abs(X6) + 0.0637*max(0,X3-1.13) * max(0,-0.155-X7) + 0.0589*max(0,X5+0.602) - 0.0512*max(0,0.712-X6) + 0.0507*abs(X4) - 0.0457*max(0,-0.238-X2) * max(0,X3-0.212) - 0.0444*max(0,-1.06-X5) * max(0,X1-0.281) - 0.0362*X6 * max(0,X6-0.251) + 0.0357*max(0,0.805-X0) + 0.0354*max(0,X1+0.169) - 0.0348*max(0,-0.703-X3) * abs(X5) + 0.0338*max(0,-0.238-X2) * max(0,X7-0.285) - 0.0316*max(0,-1.000-X4) + 0.0315*X7**2 + 0.0289*X6 * abs(X5) - 0.0279*abs(X5) * max(0,X6-0.251) + 0.0250*X6 * abs(X7) + 0.0224*abs(X7) * max(0,X6+0.209) + 0.0222*X5 - 0.0187*max(0,X7-0.285) * abs(X6) + 0.0178*max(0,1.18-X1) - 0.0174*max(0,X0+0.102) + 0.0150*X6 - 0.0116*max(0,X1+1.07) + 0.00789*abs(X2) * max(0,-0.238-X2) + 0.00710*X6 * max(0,-0.155-X7) - 0.00576*max(0,X3-0.212) - 0.00572*max(0,X6-1.17) * abs(X7) + 0.00552*max(0,0.352-X0) + 0.00437*abs(X2) * max(0,X6+0.209) - 0.00291*max(0,X6+0.209) * max(0,-0.245-X3) + 0.00185*abs(X7) + 0.000986*max(0,-0.703-X3) * abs(X7) - 0.000376*max(0,X3+0.245) * abs(X3)"
ffx,227_cpu_small,ok,-9.820397,20.827619,2265,32.33,,"-5.28 + 7.99*X9 * max(0,X2-2.18) - 6.63*max(0,X5-2.40) * max(0,X2-2.18) + 6.47*X9 * max(0,X10-1.93) - 3.32*max(0,-2.16-X11) - 2.42*max(0,X7-1.67) * max(0,-0.0953-X2) + 2.37*abs(X2) * max(0,-2.16-X11) - 2.34*X9 * max(0,X11-0.259) + 2.23*max(0,X10-1.93) * max(0,-0.0953-X2) - 2.07*max(0,0.0808-X3) * max(0,X5-2.40) - 2.01*max(0,X4-5.25) - 1.97*max(0,X2-2.18) + 1.91*max(0,X2-0.474) * max(0,X11-0.259) - 1.58*max(0,0.0808-X3) * max(0,X10-1.93) + 1.44*max(0,0.259-X11) * max(0,-0.0953-X2) - 1.34*abs(X11) * max(0,-0.0953-X2) - 1.31*max(0,X8-5.28) - 1.25*max(0,X11-0.864) - 1.19*X9 * max(0,X4-2.34) - 1.17*X2 * max(0,X11-0.259) - 1.14*max(0,X2-1.04) + 1.10*max(0,0.0808-X3) * max(0,X10-1.36) + 1.08*max(0,1.32-X9) + 1.02*max(0,X2-0.474) * max(0,X7-3.17) - 0.965*max(0,X2-0.474) * abs(X11) + 0.952*max(0,X10-1.36) * abs(X11) - 0.951*max(0,0.0808-X3) * max(0,X9-6.34) + 0.919*max(0,4.36-X8) * max(0,X8-3.43) - 0.917*max(0,4.36-X8) * max(0,X8-2.51) + 0.909*max(0,X5-2.40) * max(0,X4-2.34) - 0.905*X2 * max(0,-0.0953-X2) + 0.859*X2 * max(0,X10-1.36) - 0.856*abs(X2) * max(0,X10-1.93) + 0.824*max(0,X10-2.51) + 0.807*abs(X2) * max(0,X7-3.17) + 0.805*max(0,X11-0.259) * max(0,X7-1.67) + 0.714*X2 * max(0,X7-3.17) - 0.641*max(0,X8-4.36) - 0.616*max(0,X3-0.0808) - 0.609*max(0,0.0808-X3) * abs(X2) - 0.577*abs(X2) * max(0,X10-1.36) + 0.558*max(0,-0.0953-X2) - 0.535*abs(X11) - 0.529*max(0,X2-1.61) + 0.522*max(0,4.36-X8) * max(0,X2-2.18) - 0.495*max(0,0.259-X11) * max(0,0.0808-X3) + 0.491*max(0,2.32-X9) - 0.489*max(0,X6-2.08) + 0.476*max(0,X5-2.40) * max(0,X10-1.93) + 0.472*max(0,2.51-X8) * max(0,X2-2.18) + 0.468*max(0,X8-1.59) + 0.458*max(0,X10-1.36) + 0.457*max(0,-0.347-X11) - 0.453*max(0,0.0808-X3) * max(0,X9-5.34) - 0.451*max(0,X9-5.34) + 0.431*max(0,1.59-X8) - 0.426*max(0,X10-3.08) - 0.420*max(0,-0.0953-X2) * max(0,X7-2.42) + 0.418*max(0,X4-3.31) * max(0,X8-4.36) - 0.410*max(0,X2-0.474) * max(0,X8-2.51) - 0.406*max(0,0.0808-X3) - 0.402*max(0,X7-2.42) + 0.400*max(0,2.51-X8) * max(0,0.0808-X3) - 0.394*X2 + 0.383*max(0,X7-3.92) - 0.365*max(0,X10-1.93) + 0.358*abs(X3) + 0.356*abs(X2) - 0.352*max(0,X7-0.164) + 0.346*max(0,X9-5.34) * max(0,X9-6.34) - 0.335*max(0,0.669-X8) - 0.331*X9 * max(0,X7-1.67) + 0.329*max(0,X4-1.37) - 0.315*max(0,2.51-X8) * abs(X2) - 0.311*max(0,0.0808-X3) * max(0,-0.0953-X2) + 0.307*max(0,X11-0.259) * abs(X11) + 0.306*max(0,X10-1.36) * max(0,-0.0953-X2) + 0.306*abs(X10) + 0.304*max(0,X7-1.67) + 0.297*max(0,X2-0.474) * abs(X2) + 0.294*max(0,X8-2.51) + 0.282*max(0,2.51-X8) * max(0,-2.16-X11) - 0.278*X10**2 + 0.277*abs(X8) - 0.276*abs(X2) * max(0,X8-2.51) - 0.275*max(0,X6-3.11) - 0.273*max(0,0.0808-X3) * max(0,X11-0.259) + 0.267*max(0,X10-1.36) * max(0,X11-0.259) + 0.264*max(0,4.33-X9) - 0.260*max(0,0.259-X11) * abs(X2) - 0.253*X2 * max(0,X8-2.51) + 0.251*max(0,0.259-X11) - 0.247*X9 * max(0,X8-2.51) + 0.246*abs(X11) * max(0,X7-1.67) + 0.245*max(0,1.52-X5) - 0.232*max(0,0.259-X11) * abs(X11) - 0.230*max(0,0.164-X7) - 0.227*max(0,X2-0.474) * max(0,0.0808-X3) + 0.223*max(0,4.14-X6) + 0.223*abs(X11) * max(0,-2.16-X11) + 0.216*abs(X1) - 0.204*max(0,4.36-X8) * max(0,X10-1.93) - 0.202*max(0,4.36-X8) * max(0,X7-2.42) - 0.202*X2 * max(0,X10-1.93) - 0.198*max(0,2.51-X8) * max(0,X7-2.42) + 0.195*abs(X6) - 0.192*max(0,2.51-X8) * max(0,-0.0953-X2) - 0.189*X9 * X2 + 0.189*X3 + 0.187*max(0,X7-3.17) + 0.186*X2 * max(0,-2.16-X11) + 0.184*abs(X11) * max(0,X10-1.93) - 0.177*max(0,X10-0.783) - 0.176*max(0,X2-0.474) - 0.169*max(0,X9-6.34) + 0.168*abs(X2) * abs(X11) + 0.163*abs(X11) * max(0,X8-4.36) - 0.161*max(0,X9-3.33) + 0.158*max(0,0.259-X11) * X2 - 0.156*max(0,-2.16-X11) * max(0,X8-4.36) + 0.154*max(0,X7-0.916) - 0.151*X9 * max(0,X7-3.17) - 0.150*max(0,X6-6.20) - 0.147*X2 * max(0,0.0808-X3) + 0.145*max(0,X11+0.347) - 0.144*abs(X4) + 0.143*X2 * abs(X2) + 0.141*X2**2 + 0.141*max(0,2.51-X8) + 0.141*X2 * max(0,X5-2.40) - 0.133*max(0,3.31-X4) + 0.124*max(0,1.80-X1) + 0.123*X9 * max(0,0.0808-X3) + 0.122*max(0,0.646-X5) + 0.121*max(0,2.51-X8) * max(0,X10-1.36) + 0.116*max(0,0.916-X7) - 0.114*abs(X2) * max(0,X7-2.42) + 0.113*max(0,X11-0.259) * max(0,X10-1.93) + 0.112*max(0,X6-4.14) + 0.111*abs(X7) + 0.111*max(0,X5-0.646) + 0.110*max(0,2.51-X8) * abs(X11) - 0.109*X5**2 - 0.108*max(0,X5-2.40) - 0.107*max(0,1.04-X2) + 0.107*X2 * max(0,2.51-X8) + 0.104*max(0,X5-1.52) + 0.101*max(0,0.259-X11) * max(0,X4-2.34) + 0.0971*max(0,2.34-X4) + 0.0958*max(0,2.51-X8) * max(0,X7-1.67) + 0.0955*max(0,-1.56-X11) + 0.0953*X2 * abs(X11) + 0.0933*X2 * max(0,X7-1.67) + 0.0916*abs(X2) * max(0,X11-0.259) + 0.0913*max(0,4.69-X1) + 0.0888*abs(X11) * max(0,X4-2.34) - 0.0873*max(0,X11+2.16) + 0.0862*max(0,X7-3.17) * max(0,X8-4.36) - 0.0801*X9 * abs(X2) - 0.0801*max(0,X6-1.05) + 0.0769*max(0,4.36-X8) * abs(X2) + 0.0735*max(0,4.36-X8) * max(0,X10-1.36) - 0.0734*max(0,X8-0.669) - 0.0729*max(0,6.34-X9) + 0.0722*X5 - 0.0715*max(0,1.36-X10) + 0.0711*X2 * max(0,X9-5.34) + 0.0684*max(0,X4-2.34) + 0.0674*abs(X9) + 0.0639*X6**2 + 0.0639*max(0,4.36-X8) * max(0,X7-1.67) + 0.0638*max(0,3.08-X10) - 0.0633*max(0,0.208-X10) - 0.0621*max(0,X11-0.259) * max(0,-0.0953-X2) - 0.0614*max(0,0.0808-X3) * abs(X11) - 0.0595*X11**2 + 0.0577*max(0,X5-2.40) * max(0,X11-0.259) + 0.0575*max(0,3.43-X8) + 0.0574*abs(X5) + 0.0556*max(0,X10-1.36) * max(0,X10-1.93) - 0.0535*max(0,3.27-X5) + 0.0533*abs(X2) * max(0,X2-2.18) - 0.0532*X4**2 + 0.0526*abs(X0) - 0.0509*X0**2 + 0.0439*max(0,X4-0.400) - 0.0420*max(0,3.33-X9) + 0.0398*max(0,0.259-X11) * X9 - 0.0382*max(0,4.69-X0) - 0.0358*max(0,4.36-X8) * max(0,2.51-X8) - 0.0349*max(0,X11+1.56) - 0.0347*max(0,1.61-X2) + 0.0334*max(0,X9-1.32) + 0.0299*X1**2 + 0.0298*max(0,X7-1.67) * max(0,X4-3.31) - 0.0296*max(0,2.42-X7) + 0.0287*abs(X2) * max(0,X8-4.36) + 0.0279*max(0,X5-2.40) * abs(X11) - 0.0268*max(0,0.259-X11) * max(0,X9-5.34) + 0.0265*max(0,X5-5.02) - 0.0264*max(0,X11+0.952) - 0.0238*X8**2 - 0.0222*max(0,0.783-X10) + 0.0218*max(0,X5-2.40) * abs(X2) + 0.0215*max(0,0.259-X11) * max(0,X5-2.40) + 0.0166*max(0,X3-0.996) + 0.0152*X7**2 + 0.0141*X9**2 + 0.0140*max(0,X2+0.665) - 0.0122*max(0,2.18-X2) - 0.0115*X9 * max(0,X5-2.40) - 0.00954*max(0,1.93-X10) + 0.00855*max(0,3.11-X6) - 0.00851*max(0,6.15-X0) + 0.00846*X9 * max(0,-0.0953-X2) - 0.00831*max(0,3.23-X0) - 0.00776*max(0,4.15-X5) - 0.00734*max(0,X2+0.0953) + 0.00676*max(0,X1-1.80) + 0.00660*max(0,X0-3.23) - 0.00610*max(0,1.77-X0) - 0.00548*X1 + 0.00466*max(0,9.03-X1) + 0.00417*max(0,X4-2.34) * max(0,X7-2.42) + 0.00416*max(0,6.14-X1) + 0.00390*max(0,-0.665-X2) + 0.00382*abs(X11) * max(0,X8-3.43) - 0.00242*X11 - 0.00192*max(0,5.02-X5) + 0.00176*max(0,X7-3.17) * max(0,X8-3.43) - 0.00156*max(0,X0-4.69) + 0.00155*max(0,X3-1.91) + 0.00129*X9 * abs(X11) + 0.000993*max(0,X4-3.31) * max(0,X8-3.43) - 0.000960*max(0,-2.16-X11) * max(0,X8-3.43) + 0.000848*max(0,0.259-X11) * max(0,4.36-X8) - 0.000718*max(0,1.05-X6) + 0.000656*max(0,X7-2.42) * max(0,X4-3.31) + 0.000560*max(0,4.36-X8) * max(0,X11-0.259) + 0.000521*max(0,X8-2.51) * max(0,X4-3.31) + 0.000497*max(0,X7-3.17) * max(0,X8-2.51) + 0.000490*max(0,4.36-X8) * max(0,X5-2.40) - 0.000312*max(0,2.40-X5) + 0.000297*X9 * max(0,-2.16-X11) - 0.000172*max(0,3.74-X3) + 0.000121*max(0,7.59-X1) + 0.000117*max(0,3.25-X1) + 8.08e-5*max(0,X7-1.67) * max(0,X4-2.34) - 5.70e-5*max(0,0.474-X2) - 3.91e-6*max(0,X0-6.15) + 3.02e-6*max(0,X4-2.34) * max(0,X8-4.36) - 1.57e-6*max(0,X1-4.69) + 1.39e-6*max(0,X8-2.51) * max(0,X4-2.34) + 5.08e-7*max(0,X6-5.17) + 1.27e-7*X2 * max(0,4.36-X8) + 6.53e-8*X0 + 5.91e-9*max(0,X4-2.34) * max(0,X8-3.43) - 6.91e-10*max(0,X1-6.14) - 2.08e-12*max(0,X1-7.59)"
ffx,228_elusage,ok,0.607372,13.959133,625,5.61,,"0.683 - 20.1*max(0,-1.18-X0) * max(0,X1-1.07) + 15.8*max(0,-1.18-X0) - 13.8*max(0,-0.232-X0) * max(0,X1-1.07) + 13.1*max(0,-1.18-X0) * max(0,X1-0.660) - 7.21*max(0,0.240-X0) * max(0,X1-1.07) + 7.20*abs(X1) * max(0,X1-1.07) + 7.10*max(0,X1-0.660) * max(0,X1-1.07) + 6.90*max(0,X1-0.660) * max(0,X0-0.240) + 6.88*max(0,X1-0.660) * max(0,-0.232-X0) + 6.48*max(0,-0.160-X1) * max(0,X0-0.240) - 6.44*max(0,-1.18-X0) * abs(X0) - 4.99*max(0,X0-0.713) * max(0,-0.160-X1) + 3.79*max(0,X0-0.713) - 3.57*max(0,-1.18-X0) * max(0,-0.232-X0) + 3.11*max(0,-1.18-X0) * abs(X1) - 3.08*abs(X0) - 2.61*max(0,-0.705-X0) + 2.51*max(0,X1-1.07) - 2.40*max(0,X1-0.660) - 2.29*max(0,X1-0.660) * abs(X1) + 2.28*max(0,X1+0.160) - 2.23*max(0,-0.160-X1) * X0 + 2.16*max(0,-0.232-X0) * abs(X1) + 2.08*max(0,-0.160-X1) + 2.06*max(0,X1-0.660) * X0 - 2.03*abs(X1) + 1.85*abs(X1) * max(0,X0-0.240) + 1.66*max(0,0.240-X0) * max(0,X1-0.660) + 1.57*max(0,0.250-X1) - 1.43*max(0,-0.160-X1) * abs(X0) - 1.37*abs(X1) * max(0,-0.160-X1) - 1.34*max(0,-1.18-X0) * max(0,-0.160-X1) + 1.21*max(0,X1-0.250) - 1.18*X1**2 - 1.11*max(0,X0-0.713) * max(0,X0-0.240) - 1.09*X0 + 1.02*max(0,-0.232-X0) - 0.982*max(0,X0-1.19) + 0.965*max(0,X0-0.240) - 0.904*max(0,0.240-X0) * max(0,-0.232-X0) - 0.864*abs(X1) * X0 + 0.685*max(0,0.240-X0) * max(0,-0.160-X1) - 0.618*abs(X1) * abs(X0) + 0.617*abs(X0) * max(0,X0-0.240) + 0.616*max(0,0.240-X0) * abs(X1) + 0.552*max(0,-0.981-X1) + 0.549*abs(X0) * max(0,X1-1.07) + 0.537*max(0,-0.232-X0) * abs(X0) - 0.533*max(0,X0+0.232) - 0.506*max(0,-0.232-X0) * max(0,-0.160-X1) + 0.427*max(0,X0+1.18) + 0.411*max(0,X1-0.660) * abs(X0) - 0.397*max(0,0.240-X0) - 0.396*max(0,1.19-X0) - 0.338*max(0,0.713-X0) - 0.276*X0 * max(0,X1-1.07) + 0.261*max(0,X1+0.571) - 0.248*X1 + 0.231*max(0,0.240-X0) * abs(X0) - 0.220*X0 * abs(X0) + 0.133*max(0,X1+0.981) + 0.0715*max(0,0.660-X1) + 0.0597*max(0,-0.571-X1) - 0.0496*X0**2 + 0.0428*max(0,0.240-X0) * max(0,-1.18-X0) + 0.0154*X0 * max(0,X0-0.240) + 0.0107*max(0,-1.18-X0) * X0 - 0.00141*max(0,X0-0.713) * abs(X0) - 0.000677*max(0,-0.232-X0) * X0 - 2.98e-8*max(0,X0-0.713) * X0"
ffx,229_pwLinear,ok,0.232419,3.637275,1398,32.75,,"0.448 - 11.7*max(0,-0.513-X2) * max(0,-0.906-X5) + 8.05*max(0,-0.906-X5) * max(0,-0.774-X7) + 4.94*max(0,-0.774-X7) * max(0,-0.878-X4) + 4.14*max(0,-0.513-X2) * max(0,-0.774-X7) - 3.83*max(0,-0.626-X8) * max(0,-0.878-X4) + 3.41*max(0,-0.906-X5) * max(0,-0.878-X4) + 3.07*max(0,-0.626-X9) * max(0,-0.906-X5) - 2.90*max(0,-0.626-X8) * max(0,-0.774-X7) + 2.88*max(0,X7+0.136) * max(0,-0.906-X5) - 2.78*max(0,-0.626-X9) * max(0,-0.626-X8) - 2.30*max(0,-0.513-X2) * X5 - 1.94*X2 * max(0,-0.906-X5) + 1.92*max(0,-0.626-X8) * max(0,-0.906-X5) + 1.54*max(0,-0.626-X8) - 1.54*max(0,-0.774-X7) + 1.41*max(0,X7+0.136) * max(0,-0.878-X4) + 1.40*X5 * max(0,-0.774-X7) + 1.30*max(0,-0.626-X9) * max(0,-0.774-X7) + 1.25*max(0,X9-0.325) * max(0,-0.906-X5) + 1.25*max(0,-0.513-X2) * max(0,-0.878-X4) + 1.14*max(0,-0.878-X4) * X0 - 1.13*max(0,-0.906-X5) - 1.08*max(0,-0.513-X2) * max(0,-0.626-X9) - 1.01*max(0,X9-0.00792) * max(0,-0.906-X5) + 1.00*max(0,-0.626-X9) * max(0,-0.878-X4) + 0.962*X3 * max(0,-0.906-X5) + 0.952*max(0,-0.513-X2) * X3 - 0.943*max(0,-0.513-X2) * X4 - 0.922*max(0,-0.878-X4) + 0.910*X4 * max(0,-0.774-X7) - 0.895*max(0,-0.626-X9) * X2 - 0.806*max(0,X9-0.00792) * max(0,-0.878-X4) + 0.781*X1 * max(0,-0.906-X5) + 0.779*X4 * max(0,-0.878-X4) - 0.770*max(0,X9-0.325) * max(0,-0.878-X4) - 0.750*X1 * max(0,-0.878-X4) - 0.731*max(0,-0.513-X2) * X0 + 0.725*max(0,-0.626-X9) * X4 + 0.694*X6 * max(0,-0.878-X4) + 0.694*max(0,X9-0.00792) + 0.686*max(0,-0.906-X5) * X0 - 0.655*X3 * max(0,-0.878-X4) + 0.614*max(0,-0.626-X9) * max(0,X7+0.136) - 0.613*max(0,X7+0.136) * max(0,-0.626-X8) - 0.609*max(0,-0.626-X8) * X4 + 0.608*X5 * max(0,-0.878-X4) + 0.598*max(0,-0.513-X2) * X6 - 0.561*X0 - 0.537*max(0,-0.513-X2) * max(0,X9-0.00792) - 0.529*X3 * max(0,-0.774-X7) - 0.515*max(0,X9-0.00792) * max(0,-0.626-X8) - 0.513*max(0,-0.455-X7) + 0.495*max(0,X7+0.136) * X5 - 0.476*X2 * X0 - 0.473*max(0,X7-0.503) + 0.469*max(0,-0.626-X9) * X1 + 0.462*X2 * max(0,-0.774-X7) - 0.453*max(0,X7+0.136) - 0.447*max(0,-0.774-X7) * X0 - 0.436*max(0,-0.696-X0) - 0.415*max(0,-0.626-X8) * X6 - 0.388*X2 * X5 - 0.365*max(0,-0.626-X9) * X0 + 0.354*max(0,X7+0.136) * X4 + 0.352*max(0,-0.626-X9) * X3 + 0.351*max(0,-0.626-X9) * X5 - 0.351*X6 * max(0,-0.774-X7) + 0.351*X4 * X0 + 0.342*X3 * max(0,-0.626-X8) + 0.324*X5 * X0 + 0.309*X3 * max(0,X9-0.00792) - 0.309*max(0,X7-0.822) + 0.309*X5 * max(0,-0.906-X5) - 0.300*X3 + 0.293*max(0,X9-0.325) * X1 + 0.288*max(0,-0.513-X2) * X2 + 0.271*max(0,-0.626-X8) * X2 - 0.270*max(0,X9-0.00792) * X0 + 0.263*max(0,-0.513-X2) * max(0,X7+0.136) + 0.262*max(0,-0.906-X5) * X4 + 0.256*X1 * X5 - 0.253*X1 * X0 - 0.248*max(0,-0.513-X2) * X1 + 0.238*X1 * max(0,-0.774-X7) + 0.214*X2 + 0.209*max(0,X7+0.136) * X0 + 0.209*max(0,-0.626-X8) * X1 + 0.209*X2**2 + 0.207*max(0,-0.626-X8) * X5 - 0.202*max(0,X9-0.00792) * X4 - 0.199*max(0,X7+0.136) * X6 - 0.198*max(0,X9-0.00792) * max(0,X7+0.136) + 0.197*X3 * X5 - 0.190*max(0,-0.626-X8) * X0 - 0.182*X2 * X4 - 0.177*X1 * X4 - 0.173*X6 * max(0,-0.906-X5) - 0.171*max(0,X9-0.00792) * X2 - 0.169*max(0,0.165-X4) - 0.155*max(0,-0.136-X7) - 0.154*max(0,-0.429-X0) - 0.153*max(0,X9-0.325) * max(0,-0.774-X7) + 0.142*X3 * X2 + 0.138*X6 * X4 + 0.134*max(0,X9-0.642) + 0.133*max(0,X6+0.710) + 0.132*X2 * X6 + 0.128*max(0,X9-0.00792) * X6 - 0.126*X3 * max(0,X7+0.136) - 0.121*max(0,X9-0.00792) * X5 + 0.120*max(0,X9-0.325) * X5 + 0.118*X6 * X0 + 0.109*max(0,-0.309-X8) - 0.107*max(0,X9-0.00792) * X1 + 0.0984*X6 - 0.0967*X3 * X6 - 0.0947*max(0,X8-0.325) + 0.0900*X5 + 0.0775*X5 * X4 + 0.0762*X1 + 0.0746*max(0,X7+0.136) * X2 + 0.0744*max(0,0.365-X3) + 0.0720*max(0,-0.626-X9) + 0.0697*X3 * X0 - 0.0676*max(0,-0.626-X9) * X6 + 0.0622*max(0,X9-0.325) * X0 - 0.0608*max(0,0.434-X2) - 0.0591*max(0,X9-0.325) * X6 - 0.0537*max(0,0.0914-X5) - 0.0502*max(0,X7-0.184) + 0.0469*max(0,X9-0.325) + 0.0460*X5**2 + 0.0416*max(0,-0.608-X3) + 0.0412*X3**2 + 0.0404*X6**2 + 0.0369*X2 * max(0,-0.878-X4) + 0.0360*X1**2 + 0.0316*max(0,X6+0.0495) + 0.0296*max(0,X9-0.325) * X4 + 0.0291*max(0,-0.284-X3) - 0.0289*max(0,-0.241-X5) - 0.0272*max(0,0.750-X2) - 0.0245*max(0,X8-0.959) + 0.0243*max(0,X7+0.136) * X1 - 0.0240*max(0,0.424-X5) - 0.0227*X6 * X5 + 0.0213*max(0,-0.513-X2) * max(0,-0.626-X8) + 0.0210*max(0,X6+0.380) - 0.0206*X3 * X1 - 0.0200*max(0,X8-0.642) - 0.0191*max(0,X1+0.640) - 0.0179*max(0,-0.161-X0) - 0.0154*max(0,-0.573-X5) - 0.0152*max(0,0.513-X4) - 0.0134*X2 * X1 + 0.00975*X4 + 0.00811*max(0,X9-0.959) + 0.00668*X4**2 - 0.00461*X6 * X1 + 0.00458*max(0,-0.309-X9) - 0.00149*X3 * X4 - 0.00143*max(0,X1+0.312) + 0.000890*max(0,0.0405-X3) - 1.80e-5*max(0,0.107-X0) - 7.46e-9*max(0,0.643-X0) - 1.02e-11*max(0,0.375-X0) + 1.57e-12*max(0,X0+0.429)"
ffx,230_machine_cpu,ok,0.859647,39.878917,1928,14.78,,"-2.66 + 123*max(0,X4-3.95) * max(0,X3-2.05) + 40.4*max(0,0.806-X4) * max(0,X3-2.82) + 9.39*max(0,2.82-X3) * max(0,X3-2.05) - 7.46*max(0,X3-0.518) * max(0,1.28-X3) - 4.23*max(0,0.806-X4) * max(0,X3-2.05) - 4.06*max(0,2.05-X3) * max(0,X3-1.28) + 4.04*max(0,1.85-X4) * max(0,X3-2.82) + 3.49*max(0,X3-4.35) - 3.40*max(0,X4-3.95) * max(0,X3-1.28) + 3.12*max(0,X5-3.94) * max(0,X3-2.05) + 3.12*max(0,X5-3.94) - 3.08*max(0,1.85-X4) * max(0,X3-3.58) - 2.97*max(0,X4-0.806) * max(0,X5-3.94) - 2.86*max(0,X1-1.83) * max(0,X4-3.95) + 2.80*max(0,X4-0.806) * max(0,0.518-X3) + 2.07*max(0,X1-1.83) * max(0,1.28-X3) - 1.80*max(0,0.806-X4) + 1.73*max(0,2.82-X3) * max(0,X3-1.28) + 1.58*max(0,X4-2.90) * max(0,X3-2.05) - 1.47*max(0,X4-2.90) * max(0,1.28-X3) - 1.46*abs(X3) * max(0,0.518-X3) - 1.37*max(0,1.85-X4) * max(0,X4-0.806) - 1.31*max(0,X1-1.83) * max(0,X3-3.58) - 1.18*max(0,0.806-X4) * max(0,X3-1.28) + 1.12*max(0,X1-1.83) + 1.10*X3 * max(0,0.518-X3) - 1.07*max(0,1.85-X4) * max(0,X3-2.05) - 0.970*max(0,2.05-X3) * max(0,X3-0.518) + 0.939*max(0,1.85-X4) * max(0,X3-1.28) - 0.936*max(0,1.28-X3) + 0.906*max(0,X4-3.95) + 0.904*max(0,2.82-X3) * abs(X3) - 0.758*max(0,0.806-X4) * abs(X3) + 0.742*X3 * max(0,1.28-X3) + 0.739*max(0,X4-1.85) + 0.696*max(0,0.806-X4) * max(0,X3-0.518) - 0.685*max(0,0.803-X1) + 0.643*max(0,4.35-X3) + 0.629*max(0,X4-0.806) * max(0,X3-2.05) + 0.614*max(0,X3-2.82) - 0.590*max(0,X3-1.28) - 0.575*max(0,X1-2.86) - 0.573*max(0,X4-0.806) * max(0,1.28-X3) - 0.561*max(0,X1-0.803) + 0.557*max(0,X2-2.67) + 0.536*max(0,X3-3.58) + 0.532*max(0,X1-1.83) * max(0,X3-1.28) + 0.497*max(0,2.05-X3) * abs(X3) - 0.492*max(0,X1-1.83) * max(0,X3-2.82) + 0.481*max(0,X4-0.806) * max(0,X3-3.58) + 0.471*max(0,X0-3.87) + 0.418*max(0,1.85-X4) * max(0,0.806-X4) + 0.412*max(0,X2-0.666) - 0.404*X3 * max(0,2.05-X3) + 0.387*max(0,1.83-X1) + 0.382*max(0,1.85-X4) * max(0,X3-0.518) - 0.358*max(0,1.85-X4) * max(0,X5-3.94) + 0.350*max(0,2.05-X3) * max(0,X4-3.95) + 0.338*max(0,X1-1.83) * max(0,X3-0.518) + 0.329*max(0,1.85-X4) + 0.321*abs(X1) + 0.304*max(0,0.353-X0) - 0.300*max(0,X1-3.89) - 0.296*max(0,X4-0.806) * max(0,2.05-X3) - 0.277*max(0,X2-1.33) + 0.262*max(0,X3-2.82) * max(0,X3-2.05) - 0.237*max(0,-0.00371-X2) - 0.207*max(0,X5-1.40) + 0.206*max(0,0.552-X5) - 0.204*max(0,0.518-X3) * max(0,1.28-X3) - 0.202*max(0,X0-2.46) - 0.198*max(0,X4-0.806) * max(0,X3-1.28) + 0.195*max(0,X4-2.90) + 0.195*max(0,1.85-X4) * abs(X3) - 0.189*max(0,X0-1.06) + 0.177*max(0,3.95-X4) - 0.176*max(0,0.518-X3) - 0.176*max(0,1.06-X0) - 0.162*max(0,0.806-X4) * max(0,1.28-X3) - 0.161*max(0,X5-2.24) - 0.156*abs(X3) * max(0,X5-3.94) + 0.155*X5 - 0.147*max(0,X3-0.518) + 0.147*max(0,X1-1.83) * max(0,2.82-X3) - 0.144*max(0,X1-1.83) * max(0,X4-0.806) + 0.142*abs(X2) - 0.138*max(0,X0-3.16) + 0.134*max(0,2.82-X3) * X3 - 0.129*max(0,X4-0.806) + 0.129*abs(X4) - 0.124*max(0,5.00-X4) - 0.119*max(0,X5-4.78) + 0.113*max(0,2.05-X3) * max(0,1.28-X3) + 0.107*X2 + 0.103*max(0,X3-2.05) - 0.0949*max(0,X5-3.09) - 0.0923*abs(X3) * max(0,X4-3.95) + 0.0920*max(0,3.58-X3) - 0.0890*abs(X0) - 0.0888*X1**2 + 0.0845*abs(X3) * max(0,X3-3.58) - 0.0844*max(0,X1-4.92) + 0.0803*max(0,0.806-X4) * max(0,0.518-X3) - 0.0770*abs(X5) + 0.0728*max(0,2.82-X3) * max(0,1.28-X3) + 0.0726*max(0,X0-1.76) - 0.0662*max(0,X2+0.00371) + 0.0659*X3 * max(0,X3-2.05) - 0.0652*X3 * max(0,X3-1.28) - 0.0647*abs(X3) * max(0,X3-1.28) + 0.0645*max(0,X2-3.34) - 0.0596*max(0,X4-0.806) * max(0,X3-0.518) - 0.0595*max(0,3.89-X1) + 0.0595*max(0,1.85-X4) * max(0,0.518-X3) - 0.0571*max(0,X5-3.94) * max(0,X3-0.518) - 0.0566*max(0,2.82-X3) * max(0,X5-3.94) + 0.0558*X3 * max(0,X3-2.82) + 0.0557*X4**2 - 0.0543*max(0,0.666-X2) + 0.0542*max(0,2.05-X3) - 0.0540*X3**2 + 0.0535*max(0,X4-0.806) * max(0,X3-2.82) + 0.0525*X3 * max(0,X3-3.58) + 0.0520*max(0,2.82-X3) + 0.0512*X0**2 + 0.0500*max(0,1.85-X4) * max(0,2.05-X3) - 0.0497*abs(X3) * max(0,1.28-X3) - 0.0473*max(0,0.806-X4) * X3 - 0.0452*max(0,2.82-X3) * max(0,2.05-X3) + 0.0443*max(0,X3-0.518) * max(0,X3-3.58) - 0.0438*max(0,4.78-X5) - 0.0437*max(0,2.05-X3) * max(0,X5-3.94) - 0.0413*max(0,X1-5.95) + 0.0407*max(0,X5-0.552) - 0.0400*max(0,3.94-X5) - 0.0381*max(0,X2-2.00) + 0.0361*max(0,2.00-X2) + 0.0356*max(0,1.40-X5) - 0.0349*abs(X3) * max(0,X3-0.518) + 0.0317*max(0,0.806-X4) * max(0,2.05-X3) + 0.0307*max(0,1.85-X4) * max(0,1.28-X3) + 0.0306*max(0,3.34-X2) - 0.0271*max(0,X3-1.28) * max(0,X3-2.05) - 0.0252*max(0,X3-0.518) * max(0,X3-1.28) - 0.0244*max(0,2.82-X3) * max(0,X3-0.518) + 0.0236*abs(X3) * max(0,X3-2.82) - 0.0231*X3 * max(0,X3-0.518) - 0.0228*X4 - 0.0223*max(0,X3-0.518) * max(0,X4-3.95) - 0.0208*X3 - 0.0206*max(0,1.76-X0) - 0.0204*max(0,X4-0.806) * max(0,2.82-X3) - 0.0195*max(0,1.85-X4) * X3 - 0.0186*max(0,X4-2.90) * max(0,0.518-X3) + 0.0183*max(0,X3-0.518) * max(0,X3-2.82) - 0.0180*max(0,2.24-X5) + 0.0174*max(0,2.67-X2) - 0.0172*abs(X3) * max(0,X3-2.05) - 0.0164*X5**2 + 0.0160*max(0,X1-1.83) * abs(X3) - 0.0157*max(0,X3-0.518) * max(0,X3-2.05) - 0.0146*max(0,X4-0.806) * abs(X3) + 0.0134*max(0,1.85-X4) * max(0,2.82-X3) - 0.0113*max(0,X4-0.806) * max(0,X4-3.95) - 0.0101*X2**2 + 0.00998*max(0,2.86-X1) - 0.00852*max(0,1.33-X2) - 0.00748*max(0,X4-0.806) * max(0,X4-2.90) - 0.00735*max(0,2.46-X0) - 0.00729*max(0,2.90-X4) - 0.00672*X1 - 0.00573*max(0,6.04-X4) + 0.00537*max(0,2.82-X3) * max(0,X4-3.95) + 0.00536*max(0,X3-1.28) * max(0,X3-2.82) + 0.00491*max(0,X1-1.83) * max(0,X3-2.05) - 0.00452*abs(X3) * max(0,X4-2.90) - 0.00385*max(0,4.92-X1) - 0.00384*max(0,X4-2.90) * max(0,X4-3.95) - 0.00283*X3 * max(0,X5-3.94) - 0.00120*max(0,5.95-X1) - 0.000998*X0 - 0.000407*max(0,X1-1.83) * max(0,X4-2.90) + 0.000325*max(0,X3-3.58) * max(0,X3-2.05) - 0.000268*max(0,0.806-X4) * max(0,2.82-X3) + 0.000102*X3 * max(0,X4-3.95) + 5.53e-5*X3 * max(0,X4-2.90) - 3.67e-5*X3 * abs(X3) + 1.56e-5*max(0,X1-1.83) * X3 + 1.54e-7*max(0,X3-3.58) * max(0,X3-2.82) + 2.43e-12*max(0,X3-3.58) * max(0,X3-1.28)"
ffx,294_satellite_image,ok,0.413234,0.835755,1013,36.26,,"-0.764 - 5.24*max(0,-2.19-X5) - 4.27*max(0,-2.20-X0) + 4.01*max(0,-1.43-X0) - 3.10*max(0,-1.84-X22) + 2.94*max(0,-1.14-X22) - 2.57*max(0,X35-4.04) - 2.47*max(0,-1.09-X3) - 1.98*max(0,-1.06-X19) + 1.73*max(0,-0.970-X14) + 1.37*max(0,-1.83-X18) + 1.19*max(0,-1.68-X30) + 1.13*max(0,-0.318-X19) - 1.06*max(0,-0.812-X31) - 1.04*max(0,-0.256-X14) + 1.04*max(0,X31-3.46) + 1.01*max(0,-1.47-X1) + 1.00*max(0,-1.88-X8) - 0.984*max(0,-1.68-X14) + 0.825*max(0,-1.04-X26) + 0.775*max(0,-0.434-X22) - 0.763*max(0,-1.52-X20) + 0.748*max(0,-2.51-X29) + 0.715*max(0,X13-1.34) - 0.704*max(0,-2.48-X12) - 0.703*max(0,-0.972-X15) - 0.673*max(0,-1.43-X9) + 0.668*max(0,0.0299-X21) + 0.641*max(0,-1.49-X6) - 0.635*max(0,-1.19-X8) - 0.591*max(0,-0.987-X33) + 0.586*max(0,-2.40-X28) + 0.551*max(0,X28-0.927) - 0.543*max(0,-0.972-X17) + 0.518*max(0,-0.339-X10) - 0.515*max(0,X12-0.674) + 0.480*max(0,-0.747-X6) - 0.423*max(0,-0.943-X30) + 0.415*max(0,0.0979-X35) - 0.361*max(0,-1.13-X23) + 0.355*max(0,X9-0.611) + 0.351*max(0,X22-1.67) - 0.312*max(0,X29-1.23) - 0.292*max(0,X22-0.971) - 0.277*max(0,-0.581-X4) - 0.257*max(0,X2-0.710) - 0.235*max(0,-1.69-X12) + 0.229*max(0,X0-1.65) - 0.225*max(0,-0.268-X29) + 0.210*max(0,0.330-X3) - 0.198*max(0,X18-0.476) - 0.196*max(0,X10-1.16) + 0.194*max(0,-0.457-X23) - 0.180*max(0,X25+0.245) + 0.175*max(0,X16-0.158) - 0.170*max(0,X27-0.928) + 0.170*max(0,0.158-X16) - 0.169*max(0,X0-0.879) + 0.164*max(0,X5-0.351) + 0.163*max(0,X31-2.60) + 0.159*max(0,0.332-X1) - 0.158*max(0,X9+1.43) - 0.155*max(0,X33+0.204) + 0.155*max(0,-0.585-X11) - 0.152*max(0,X8-0.888) - 0.152*max(0,0.194-X8) + 0.150*max(0,X26+1.04) - 0.142*max(0,X25-1.19) + 0.139*max(0,X24-1.26) + 0.139*max(0,X35-0.0979) - 0.127*max(0,X16-0.770) + 0.123*max(0,X1-0.332) + 0.122*max(0,X12+0.114) + 0.119*max(0,-0.144-X24) - 0.115*max(0,X21-0.746) - 0.111*max(0,X6-2.22) - 0.111*max(0,X7-1.01) + 0.104*max(0,X6+0.747) - 0.104*max(0,X33-0.580) - 0.102*max(0,X28+1.07) - 0.102*max(0,-2.12-X21) + 0.101*max(0,X29-0.480) + 0.100*max(0,X26-0.346) - 0.0995*max(0,X8-0.194) - 0.0980*max(0,X27-0.150) + 0.0974*max(0,-2.47-X32) - 0.0956*max(0,0.145-X4) - 0.0939*max(0,X32-0.236) + 0.0932*max(0,X18+1.06) + 0.0843*max(0,-1.15-X7) + 0.0838*max(0,X19-0.422) + 0.0835*max(0,X24+0.144) - 0.0835*max(0,X6-1.48) - 0.0827*max(0,X29+0.268) + 0.0824*max(0,X34+1.16) - 0.0808*max(0,-0.460-X34) - 0.0796*max(0,-0.888-X35) + 0.0788*max(0,-0.319-X13) + 0.0786*max(0,X4+1.31) - 0.0784*max(0,-0.347-X26) + 0.0715*max(0,X7+0.429) + 0.0711*max(0,0.422-X19) + 0.0685*max(0,X30-0.528) - 0.0669*max(0,X32+1.12) + 0.0667*max(0,X17-0.481) + 0.0662*max(0,X6+0.00654) + 0.0617*max(0,X17-1.21) + 0.0610*max(0,X21-0.0299) - 0.0598*max(0,X3-1.75) + 0.0544*max(0,X15+0.217) - 0.0530*max(0,X31-0.0421) - 0.0519*max(0,X14+0.256) - 0.0479*max(0,-0.208-X30) + 0.0448*max(0,X30+1.68) - 0.0445*max(0,X21+0.686) + 0.0423*max(0,-1.06-X18) - 0.0391*max(0,-0.499-X8) - 0.0358*max(0,X23-0.214) + 0.0331*max(0,X19-1.90) - 0.0330*max(0,X3-1.04) - 0.0303*max(0,-0.822-X2) + 0.0280*max(0,X17+0.246) + 0.0269*max(0,-0.629-X27) + 0.0208*max(0,-1.26-X11) - 0.0208*max(0,-0.661-X0) - 0.0179*max(0,X2+0.822) - 0.0174*max(0,1.26-X30) + 0.0143*max(0,0.109-X0) - 0.0126*max(0,X1-1.23) - 0.0102*max(0,X4-0.872) + 0.00811*max(0,0.756-X11) - 0.00749*max(0,X26-1.04) + 0.00636*max(0,X34+1.86) + 0.00599*max(0,-0.440-X32) + 0.00551*max(0,X0-0.109) + 0.00297*max(0,X10-0.411) - 0.00170*max(0,0.872-X4) + 0.000938*max(0,X18-2.01)"
ffx,344_mv,ok,0.924369,2.972001,1642,22.65,,"0.0585 - 22.0*max(0,X4-1.38) * max(0,-1.41-X5) + 7.35*max(0,X1-0.719) * max(0,X5-1.39) - 3.89*max(0,X0-0.680) * max(0,X9-1.24) + 3.21*max(0,-0.617-X1) * max(0,X5-0.830) - 3.09*max(0,-0.617-X1) * max(0,X3-1.71) + 3.05*max(0,X1-0.719) * max(0,X8-1.29) + 3.00*max(0,X1-0.274) * max(0,-1.41-X5) + 2.17*max(0,X4-1.38) * max(0,X9-1.24) + 2.09*max(0,X8-0.842) * max(0,X9-1.24) - 2.09*max(0,X1-0.719) * max(0,-1.41-X5) - 1.88*max(0,-0.504-X8) * max(0,X3-1.71) + 1.81*max(0,-0.504-X8) * max(0,X9-1.24) + 1.75*max(0,-0.168-X9) * max(0,X3-1.71) + 1.74*max(0,X8-0.842) * max(0,X5-1.39) + 1.74*max(0,X0-0.680) * max(0,X8-1.29) - 1.73*max(0,X1-0.274) * max(0,X8-1.29) - 1.64*max(0,X3-1.29) * max(0,X5-0.830) - 1.58*max(0,X1-0.719) * max(0,X9-1.24) + 1.47*max(0,X3-1.71) - 1.31*max(0,X3-0.869) * max(0,X8-1.29) + 1.21*max(0,-1.41-X5) * max(0,X8-0.842) - 1.18*max(0,X8-0.842) * max(0,X8-1.29) - 1.17*max(0,-0.848-X5) * max(0,X8-1.29) - 1.17*max(0,X4-1.38) * max(0,X0-0.680) - 1.13*max(0,X4-1.38) * max(0,X5-1.39) - 1.13*max(0,X8-1.29) * max(0,X3-1.29) + 1.06*max(0,X4-1.38) - 0.929*max(0,-0.617-X1) * max(0,-0.848-X5) - 0.855*max(0,X4-1.38) * max(0,X8-0.842) + 0.828*max(0,-0.617-X1) * max(0,-1.41-X5) + 0.759*X5 * max(0,X9-1.24) - 0.695*max(0,-0.504-X8) * max(0,-1.41-X5) - 0.686*max(0,X3-0.869) * max(0,X3-1.29) + 0.669*max(0,-0.504-X8) * max(0,-0.848-X5) - 0.627*max(0,-0.617-X1) * max(0,X3-0.869) - 0.611*max(0,-0.617-X1) * max(0,X4-1.38) - 0.599*max(0,-0.504-X8) * max(0,X3-1.29) + 0.592*max(0,X8-0.842) + 0.588*max(0,X1-0.719) * max(0,X0-0.680) + 0.573*max(0,X8-1.29) * max(0,X9-1.24) + 0.564*X7 * max(0,X8-1.29) - 0.557*max(0,X1-0.719) * max(0,X3-1.29) + 0.548*X5 + 0.540*max(0,-0.504-X8) * max(0,X3-0.869) + 0.537*max(0,X0-0.680) * max(0,-1.41-X5) + 0.527*max(0,X1-0.719) * max(0,X5-0.830) - 0.511*max(0,X1-0.274) * max(0,X0-0.680) - 0.511*max(0,-1.11-X9) + 0.506*max(0,X1-0.274) * max(0,X3-0.869) + 0.500*max(0,X1-0.719) * max(0,X4-1.38) + 0.491*max(0,X1-0.719) - 0.486*max(0,-0.617-X1) * max(0,X8-0.842) - 0.479*X7 * X5 + 0.463*max(0,-0.848-X5) * max(0,-1.41-X5) - 0.450*max(0,X1-0.274) * max(0,X3-1.29) - 0.445*max(0,-0.504-X8) * max(0,X4-1.38) - 0.443*max(0,-0.0552-X8) - 0.399*max(0,-0.168-X9) * max(0,X4-1.38) + 0.398*max(0,X3-0.869) + 0.398*max(0,0.393-X8) + 0.392*max(0,X8-0.842) * max(0,X3-0.869) - 0.369*max(0,-0.504-X8) * max(0,-0.617-X1) - 0.361*max(0,X1-0.274) + 0.348*max(0,-0.637-X9) + 0.340*max(0,X5-0.271) - 0.331*max(0,-0.168-X9) * max(0,X3-0.869) + 0.324*X7 - 0.317*max(0,X3-0.869) * max(0,X5-0.830) - 0.316*max(0,X4-1.38) * max(0,X5-0.830) + 0.298*max(0,-0.504-X8) * max(0,X0-0.680) - 0.294*max(0,X3-0.869) * max(0,X9-1.24) + 0.293*max(0,X4-0.477) - 0.279*max(0,X1-1.16) + 0.274*max(0,-0.168-X9) * max(0,X0-0.680) - 0.272*max(0,-0.168-X9) * max(0,X8-0.842) + 0.261*X7 * max(0,X5-0.830) + 0.259*max(0,-0.617-X1) - 0.258*X7 * max(0,X9-1.24) - 0.249*max(0,-0.288-X5) + 0.230*max(0,X9-1.24) - 0.226*X5 * max(0,-0.617-X1) - 0.225*max(0,-0.168-X9) * max(0,-1.41-X5) - 0.224*max(0,-0.666-X0) - 0.219*max(0,0.274-X1) + 0.188*max(0,X0-0.680) * max(0,X8-0.842) + 0.181*max(0,-0.504-X8) * X5 + 0.175*max(0,X0-0.680) + 0.171*X7 * max(0,X3-1.29) + 0.168*max(0,-0.171-X1) - 0.167*max(0,-0.168-X9) - 0.165*max(0,-1.41-X5) - 0.158*max(0,-0.168-X9) * max(0,X5-1.39) + 0.155*max(0,-1.06-X1) - 0.151*max(0,-0.423-X4) - 0.150*max(0,-0.504-X8) * max(0,X1-0.274) + 0.144*max(0,-0.873-X4) - 0.141*max(0,-0.168-X9) * max(0,-0.617-X1) - 0.134*max(0,0.231-X0) + 0.125*max(0,-0.952-X8) - 0.118*max(0,-0.848-X5) * max(0,X0-0.680) + 0.109*max(0,-0.168-X9) * max(0,X1-0.274) - 0.107*X7 * max(0,X8-0.842) + 0.107*max(0,X0+0.217) - 0.0998*max(0,X4-0.927) + 0.0993*X7 * max(0,-0.848-X5) - 0.0971*X5 * max(0,X3-1.29) - 0.0905*X7 * max(0,-0.617-X1) + 0.0872*max(0,-1.11-X0) + 0.0841*X5 * max(0,X8-1.29) + 0.0802*X5 * max(0,X4-1.38) - 0.0733*X7 * max(0,-0.504-X8) + 0.0703*max(0,X1-0.274) * max(0,-0.848-X5) - 0.0697*X7 * max(0,X1-0.274) - 0.0683*max(0,X9-0.301) + 0.0618*X5 * max(0,X8-0.842) - 0.0607*X7 * max(0,X0-0.680) - 0.0567*max(0,X9+0.168) + 0.0538*X5 * max(0,-0.848-X5) - 0.0527*max(0,X1-0.274) * max(0,X8-0.842) - 0.0523*max(0,0.830-X5) - 0.0515*X5 * max(0,X1-0.274) - 0.0495*max(0,-0.399-X3) - 0.0463*max(0,X5-0.830) + 0.0439*max(0,-0.168-X9) * X5 + 0.0427*X7 * max(0,X3-0.869) + 0.0425*X7 * max(0,-0.168-X9) - 0.0421*max(0,-0.504-X8) - 0.0402*max(0,-0.0788-X7) - 0.0393*max(0,-0.358-X6) - 0.0384*max(0,-0.617-X1) * max(0,X9-1.24) + 0.0345*X0 - 0.0332*max(0,X3-1.29) + 0.0292*max(0,X1-0.719) * max(0,X8-0.842) + 0.0266*max(0,X2-0.308) + 0.0242*max(0,X1+0.171) - 0.0194*max(0,X4-1.38) * max(0,X3-0.869) - 0.0182*max(0,-0.168-X9) * max(0,-0.504-X8) - 0.0173*X5**2 + 0.0146*max(0,X0+1.11) + 0.0118*X6**2 + 0.0108*max(0,X2-0.718) - 0.0108*X5 * max(0,X0-0.680) + 0.00849*max(0,-0.168-X9) * max(0,X8-1.29) - 0.00772*X5 * max(0,X5-0.830) + 0.00569*X6 - 0.00163*max(0,-0.0827-X6) + 0.000855*max(0,0.869-X3) - 0.000353*max(0,0.236-X7) + 0.000310*X2**2 - 3.77e-5*max(0,0.193-X6) + 1.45e-6*max(0,X8-0.393) - 5.07e-7*max(0,0.469-X6) - 4.22e-7*max(0,0.552-X7) + 6.39e-9*max(0,X6-0.193) + 3.55e-11*max(0,X6+0.358)"
ffx,4544_GeographicalOriginalofMusic,ok,-0.095606,0.985015,625,118.31,,0.0292 + 0.707*X41 + 0.306*X32 - 0.300*X101 * X29 + 0.291*X101 - 0.260*X65 * X0 + 0.257*X44 * X103 - 0.257*X39 - 0.242*X44 * X65 - 0.217*X98 * X34 + 0.213*X5 - 0.205*X35 * X103 + 0.202*X90 - 0.199*X35 - 0.180*X46 * X41 - 0.176*X98 * X75 - 0.154*X44 * X0 + 0.145*X99 + 0.144*X34 * X44 + 0.139*X93**2 + 0.138*X98 - 0.138*X44 + 0.138*X35 * X46 - 0.136*X88 + 0.136*X98 * X29 - 0.134*X30 * X103 + 0.134*X44 * X1 + 0.130*X91 + 0.125*X75 * X65 - 0.120*X46 * X0 + 0.119*X36 * X44 - 0.112*X38 - 0.104*X58 - 0.104*X35 * X41 + 0.0953*X65 * X30 - 0.0930*X116**2 - 0.0913*X46 * X75 + 0.0912*X97 - 0.0896*X44 * X101 + 0.0867*X98 * X30 - 0.0856*X32**2 + 0.0821*X72 - 0.0793*X15 + 0.0787*X34**2 + 0.0776*X64 + 0.0746*X6 + 0.0736*X98 * X1 + 0.0727*X0 - 0.0703*X34 * X1 + 0.0703*X95 + 0.0699*X65 * X103 + 0.0689*X59**2 + 0.0682*X34 * X65 + 0.0679*X98 * X41 + 0.0665*X16 - 0.0657*X7 + 0.0641*X68**2 + 0.0637*X75 * X30 - 0.0637*X73 + 0.0629*X14**2 + 0.0606*X65 + 0.0604*X75 * X1 + 0.0602*X12 + 0.0594*X36 * X46 - 0.0593*X10 + 0.0575*X5**2 + 0.0575*X89**2 + 0.0571*X38**2 + 0.0571*X89 - 0.0570*X95**2 + 0.0554*X103 - 0.0553*X9 - 0.0551*X4**2 - 0.0539*X41 * X0 - 0.0538*X35 * X65 + 0.0533*X36 * X101 - 0.0533*X43 + 0.0533*X11 - 0.0524*X4 - 0.0520*X31 + 0.0496*X72**2 - 0.0493*X60**2 + 0.0466*X100**2 + 0.0465*X17**2 - 0.0440*X44 * X29 - 0.0435*X41 * X29 - 0.0435*X44**2 - 0.0432*X71 + 0.0415*X63**2 - 0.0412*X66**2 - 0.0404*X96**2 + 0.0403*X34 * X41 + 0.0388*X36 * X75 - 0.0375*X35 * X0 - 0.0344*X115 - 0.0340*X33**2 + 0.0336*X61 - 0.0335*X42**2 - 0.0316*X30 * X101 - 0.0308*X43**2 - 0.0307*X70**2 - 0.0304*X99**2 + 0.0296*X13 + 0.0295*X29 * X0 - 0.0283*X90**2 - 0.0271*X15**2 + 0.0237*X69**2 + 0.0236*X101 * X41 + 0.0232*X87**2 + 0.0231*X36 * X41 - 0.0215*X116 + 0.0202*X92**2 + 0.0201*X7**2 - 0.0198*X35 * X101 - 0.0197*X61**2 - 0.0180*X16**2 - 0.0177*X93 - 0.0173*X3**2 - 0.0154*X94**2 - 0.0152*X62**2 - 0.0149*X65**2 + 0.0144*X104 - 0.0139*X103 * X0 + 0.0138*X74**2 - 0.0135*X11**2 + 0.0132*X45 + 0.0130*X34 + 0.0121*X36 * X34 - 0.0121*X35 * X29 - 0.0117*X98 * X103 - 0.0117*X6**2 - 0.0116*X10**2 - 0.0104*X13**2 - 0.00839*X75**2 - 0.00815*X45**2 + 0.00813*X8**2 + 0.00675*X14 + 0.00637*X73**2 + 0.00619*X88**2 - 0.00598*X76**2 - 0.00500*X102**2 - 0.00466*X67 + 0.00320*X105 - 0.00237*X34 * X101 - 0.00152*X48 + 0.00144*X106 - 0.00141*X47 - 0.00116*X49 - 0.00103*X77**2 + 0.000990*X107 - 0.000836*X50 + 0.000708*X108 - 0.000532*X81**2 - 0.000410*X46 - 0.000239*X78**2 + 0.000183*X19**2 - 0.000150*X79**2 + 0.000139*X20**2 + 0.000128*X18**2 - 9.91e-5*X83**2 + 9.61e-5*X91**2 + 9.53e-5*X21**2 - 7.07e-5*X80**2 - 3.19e-5*X82**2 + 3.16e-5*X110 - 4.71e-6*X85**2 + 1.61e-6*X24**2 + 1.10e-6*X25**2 + 8.99e-7*X111 - 2.09e-7*X86**2 + 1.80e-8*X109 - 6.98e-9*X84**2
ffx,485_analcatdata_vehicle,ok,0.324694,233.761487,453,14.74,,"0.731 - 3.47*X2 * max(0,-0.823-X3) - 1.67*X2 * max(0,X3-0.339) + 1.66*X2 * max(0,-0.436-X3) + 1.57*X2 * abs(X3) - 1.30*X0 * max(0,-0.823-X3) - 1.05*X2 * max(0,0.339-X3) + 0.861*X1 * max(0,X3-1.11) - 0.859*abs(X3) + 0.723*abs(X3) * max(0,-0.823-X3) - 0.630*X0 + 0.608*abs(X1) * max(0,-0.823-X3) - 0.568*X1 * max(0,-0.823-X3) + 0.562*X2 * max(0,X3-0.726) + 0.533*X0 * max(0,-0.436-X3) - 0.441*X1 * max(0,X3-0.339) + 0.434*X0 * abs(X3) - 0.347*X2 + 0.341*max(0,X3-1.11) + 0.339*abs(X0) * max(0,-0.823-X3) - 0.311*abs(X1) * X2 - 0.305*abs(X1) * max(0,-0.436-X3) + 0.288*max(0,X3-0.339) - 0.286*X0 * max(0,X3-1.11) + 0.283*max(0,0.339-X3) - 0.250*abs(X1) * abs(X3) + 0.238*X1 + 0.237*X1 * X2 - 0.236*max(0,-0.436-X3) + 0.236*abs(X1) * max(0,X3-1.11) + 0.217*abs(X1) * max(0,X3-0.339) + 0.213*X1 * abs(X3) - 0.207*X1 * max(0,0.339-X3) - 0.193*max(0,X3-0.339) * X0 + 0.164*abs(X1) * max(0,0.339-X3) - 0.153*max(0,-0.436-X3) * abs(X3) - 0.151*abs(X1) * X0 + 0.143*X2 * X0 + 0.133*abs(X0) * max(0,X3-0.339) - 0.132*max(0,0.339-X3) * abs(X3) - 0.128*max(0,0.339-X3) * X0 - 0.121*abs(X0) * max(0,-0.436-X3) - 0.117*abs(X0) + 0.0870*X1 * max(0,-0.436-X3) + 0.0826*max(0,-0.823-X3) + 0.0790*abs(X1) * X1 - 0.0784*X2 * max(0,X3-1.11) + 0.0655*max(0,0.339-X3) * max(0,-0.823-X3) - 0.0533*max(0,X3-0.726) * X0 + 0.0529*abs(X0) * max(0,0.339-X3) + 0.0444*max(0,X3-0.339) * abs(X3) - 0.0318*abs(X0) * X0 + 0.0258*max(0,X3-1.11) * abs(X3) + 0.0214*abs(X1) - 0.0208*abs(X0) * abs(X3) + 0.0151*max(0,-0.439-X0) - 0.0147*abs(X2) - 0.0126*X1 * X0 + 0.0107*X1 * max(0,X3-0.726) + 0.00523*max(0,-0.436-X3) * max(0,-0.823-X3) + 0.00184*max(0,-0.169-X0) + 0.000182*max(0,0.101-X0) + 8.28e-5*max(0,-0.492-X2) + 4.86e-6*max(0,0.372-X0) + 2.44e-6*max(0,-0.224-X2) + 3.47e-7*max(0,0.0447-X2) + 1.02e-7*max(0,0.642-X0) - 4.31e-8*max(0,X0-0.372) + 4.24e-8*max(0,0.313-X2) - 7.39e-9*X0**2 - 1.49e-9*max(0,X2+0.224) - 1.21e-10*max(0,X0+0.439) - 6.18e-11*max(0,X2+0.492)"
ffx,503_wind,ok,-4.002389,13.237952,2265,30.13,,"2.30 - 58.8*max(0,-0.424-X2) * max(0,X12-2.20) - 16.9*max(0,X4-0.404) * max(0,X5-2.62) - 15.0*max(0,X9-2.33) * max(0,X3-2.30) + 14.1*max(0,X4-1.69) + 13.1*max(0,X5-1.94) * max(0,X6-2.68) - 12.8*max(0,X4-2.33) - 11.3*max(0,-0.424-X2) * max(0,X8-2.54) - 9.76*max(0,-0.424-X2) * max(0,X9-1.72) - 9.21*max(0,-0.424-X2) * max(0,X3-1.70) - 8.86*max(0,X3-2.30) + 8.77*max(0,-0.780-X1) * max(0,X6-2.68) - 6.75*max(0,X6-1.98) - 5.56*max(0,X2-0.0453) * max(0,X13-2.24) - 5.25*max(0,-0.780-X1) * max(0,X10-0.168) + 5.02*max(0,X3-1.70) - 4.37*max(0,X5-1.25) * max(0,X11-1.88) - 4.29*max(0,-0.424-X2) * max(0,-0.780-X1) - 4.14*max(0,X9-1.10) - 3.92*abs(X2) * max(0,X4-2.33) - 3.85*max(0,-0.424-X2) * max(0,X3-2.30) - 3.74*max(0,X12-2.20) * max(0,X3-2.30) - 3.59*max(0,X11-1.88) * max(0,X3-2.30) + 3.57*max(0,X8-1.85) + 3.46*max(0,X11-1.88) + 3.38*max(0,X8-0.463) + 3.30*max(0,X5-1.25) * abs(X2) - 3.27*max(0,X13-1.02) + 3.24*max(0,X4-0.404) * max(0,X3-1.70) - 3.24*max(0,X4-0.404) * max(0,X10-0.168) + 3.24*max(0,-0.237-X4) - 3.08*max(0,X9-2.33) + 2.96*max(0,X9-1.72) - 2.94*max(0,X7-1.19) - 2.77*max(0,X5-1.25) * max(0,X3-1.70) - 2.75*max(0,-0.366-X1) + 2.70*max(0,X3-1.70) * max(0,X13-2.24) - 2.67*max(0,-0.424-X2) * max(0,X4-2.33) - 2.63*max(0,-0.237-X4) * max(0,-0.780-X1) + 2.56*max(0,-0.780-X1) + 2.45*max(0,X4-0.404) * max(0,X2-0.0453) - 2.44*max(0,X5-0.563) + 2.37*max(0,X3-1.10) + 2.31*max(0,X4-0.404) + 2.27*X2 * max(0,X6-2.68) + 2.23*max(0,X11-1.09) - 2.18*max(0,X4-0.404) * max(0,X5-1.25) - 2.07*max(0,-0.780-X1) * max(0,X9-1.72) + 2.04*max(0,X2-0.0453) * max(0,X6-2.68) + 2.00*max(0,X5-1.25) * max(0,X6-2.68) + 1.94*max(0,X10-1.51) + 1.92*max(0,-0.780-X1) * abs(X10) + 1.91*max(0,X9-1.72) * max(0,X6-2.68) + 1.89*max(0,X13-1.63) + 1.86*max(0,X4-0.404) * max(0,X8-1.85) + 1.86*max(0,X4-0.404) * max(0,X11-1.88) - 1.83*max(0,X12-2.20) * max(0,X9-2.33) - 1.80*max(0,X5-1.94) * max(0,X12-2.20) - 1.77*max(0,X4-1.04) + 1.77*max(0,X10-0.168) - 1.76*max(0,X7-0.483) + 1.72*max(0,X5-1.25) - 1.72*max(0,-0.733-X9) - 1.67*max(0,-0.424-X2) * max(0,X11-2.66) + 1.64*max(0,-0.228-X8) - 1.61*abs(X10) * max(0,X3-2.30) - 1.55*max(0,-0.424-X2) * max(0,X10-0.168) + 1.52*max(0,-1.17-X10) - 1.49*max(0,X5-1.94) * max(0,X7-2.61) + 1.46*max(0,-0.0981-X3) - 1.44*max(0,-0.187-X13) - 1.43*abs(X4) + 1.43*max(0,-0.424-X2) * abs(X10) - 1.42*X8**2 - 1.41*max(0,X4-0.404) * max(0,X5-1.94) + 1.37*max(0,X6-1.28) - 1.34*max(0,X2-1.45) + 1.32*max(0,-0.501-X10) - 1.31*max(0,-0.424-X2) + 1.30*max(0,X10-0.168) * max(0,X13-1.63) + 1.30*max(0,X5-1.25) * max(0,-0.424-X2) + 1.22*max(0,-1.26-X11) + 1.22*max(0,-0.477-X11) + 1.20*max(0,-0.811-X5) + 1.18*max(0,X5-1.25) * X2 + 1.18*max(0,X4-0.404) * max(0,-0.780-X1) + 1.17*max(0,-0.919-X8) + 1.15*X2 * max(0,X8-1.85) - 1.15*max(0,0.502-X3) + 1.14*abs(X2) - 1.12*max(0,X11-1.88) * max(0,X7-2.61) - 1.06*max(0,X3-0.502) - 1.05*abs(X10) * max(0,X4-2.33) - 1.03*max(0,X12-1.56) - 1.01*max(0,X11-1.88) * max(0,X12-2.20) + 0.987*max(0,X10-0.168) * max(0,X8-1.85) + 0.987*max(0,-0.698-X3) + 0.952*max(0,X4-0.404) * abs(X10) + 0.912*abs(X10) * max(0,X10-0.168) + 0.893*max(0,X4-0.404) * abs(X2) - 0.891*X4**2 + 0.883*max(0,X3-1.70) * max(0,X10-0.168) - 0.870*X2 * max(0,-0.780-X1) - 0.847*max(0,X2-0.0453) * max(0,X9-2.33) - 0.841*max(0,-0.228-X7) + 0.834*max(0,0.463-X8) + 0.829*max(0,X9-0.491) - 0.828*abs(X10) * abs(X2) + 0.825*abs(X10) * max(0,X8-1.85) - 0.825*max(0,0.259-X12) + 0.824*max(0,-0.424-X2) * max(0,X13-1.63) - 0.793*max(0,X4-0.404) * max(0,-0.424-X2) + 0.765*max(0,-0.121-X9) + 0.765*max(0,X5-1.25) * max(0,X10-0.168) + 0.764*abs(X7) - 0.759*max(0,X1-0.877) - 0.752*max(0,X9-1.72) * max(0,X12-2.20) - 0.743*max(0,-0.124-X5) + 0.722*max(0,X4+0.237) - 0.708*max(0,-0.939-X7) - 0.704*max(0,-0.424-X2) * abs(X2) - 0.704*X2 * max(0,X11-1.88) - 0.696*abs(X9) + 0.692*X4 + 0.683*max(0,-0.780-X1) * abs(X2) + 0.678*max(0,0.0483-X1) + 0.675*max(0,-0.892-X2) - 0.675*X11**2 + 0.643*X13**2 - 0.634*max(0,X2-0.0453) * max(0,X10-0.168) - 0.610*abs(X10) - 0.589*max(0,X10-0.168) * max(0,X4-2.33) - 0.585*max(0,X4-0.404) * X2 + 0.563*X9**2 + 0.562*max(0,-0.878-X4) + 0.550*abs(X12) - 0.531*abs(X3) + 0.523*abs(X6) - 0.521*max(0,X2-0.0453) * max(0,X3-2.30) + 0.476*abs(X2) * max(0,X13-1.63) + 0.474*max(0,0.563-X5) + 0.471*X2 * abs(X10) + 0.465*max(0,X3+0.0981) - 0.463*max(0,X5-1.94) - 0.458*max(0,X8+0.228) + 0.454*X2 * max(0,X8-2.54) + 0.450*max(0,X1-0.0483) - 0.435*max(0,X4+0.878) - 0.427*max(0,1.25-X5) - 0.412*max(0,1.72-X9) + 0.412*max(0,X5-1.25) * max(0,X2-0.0453) + 0.408*max(0,-0.424-X2) * max(0,X13-2.24) - 0.405*max(0,X2-0.0453) * max(0,X5-1.94) + 0.396*X8 - 0.381*max(0,-0.793-X13) + 0.380*max(0,-0.424-X2) * max(0,-0.237-X4) + 0.378*X7**2 - 0.372*max(0,X5-1.25) * max(0,-0.780-X1) - 0.371*max(0,X2+0.424) - 0.365*max(0,X13-0.419) - 0.364*max(0,X7+0.228) - 0.362*max(0,X2-0.514) - 0.356*X2 * max(0,X10-0.168) - 0.353*max(0,-0.237-X4) * max(0,X10-0.168) - 0.347*X10**2 - 0.345*max(0,X4-0.404) * max(0,X3-2.30) - 0.336*max(0,1.15-X8) + 0.334*max(0,X6-0.577) + 0.330*max(0,1.04-X4) - 0.318*max(0,1.98-X6) - 0.313*max(0,X12-0.908) + 0.306*max(0,-0.237-X4) * abs(X2) + 0.301*abs(X1) - 0.300*max(0,X13-1.63) * max(0,X13-2.24) + 0.299*max(0,-0.824-X6) + 0.275*max(0,X3-1.70) * abs(X10) + 0.264*max(0,0.577-X6) + 0.260*max(0,0.983-X2) - 0.249*max(0,0.483-X7) - 0.242*max(0,X1+0.366) + 0.234*max(0,1.69-X4) + 0.231*X6 + 0.230*max(0,X8+0.919) - 0.222*max(0,X6+0.123) + 0.222*max(0,0.404-X4) + 0.221*max(0,-0.424-X2) * X2 + 0.218*X2 * max(0,X4-2.33) - 0.217*max(0,X5+0.124) - 0.217*max(0,X11-0.308) - 0.212*max(0,X11-1.88) * max(0,X9-2.33) + 0.208*max(0,X5-1.25) * max(0,X13-2.24) - 0.207*max(0,2.24-X13) - 0.203*max(0,X11-1.88) * max(0,X5-1.94) - 0.200*max(0,-0.237-X4) * abs(X10) - 0.197*X2 * max(0,X13-1.63) - 0.192*max(0,X1-1.29) - 0.191*X3**2 + 0.165*max(0,X12-0.259) + 0.159*max(0,0.419-X13) + 0.159*max(0,1.10-X3) - 0.158*abs(X11) - 0.154*X6**2 + 0.152*max(0,X11-1.88) * abs(X10) + 0.151*max(0,X9+0.121) + 0.149*abs(X8) + 0.146*max(0,X10-0.837) - 0.146*max(0,X4-0.404) * max(0,X9-1.72) + 0.145*max(0,X11-1.88) * max(0,X10-0.168) - 0.141*abs(X10) * max(0,X9-2.33) - 0.136*max(0,X4-0.404) * max(0,X9-2.33) + 0.136*max(0,X8-1.15) - 0.126*max(0,X2-0.983) - 0.116*max(0,-0.780-X1) * max(0,X5-2.62) - 0.107*max(0,1.70-X3) - 0.106*max(0,1.94-X5) + 0.100*max(0,0.491-X9) - 0.0936*max(0,X12+0.389) - 0.0900*max(0,X10-2.18) - 0.0861*max(0,-0.780-X1) * max(0,X13-1.63) - 0.0808*X3 - 0.0805*abs(X10) * max(0,X9-1.72) - 0.0799*max(0,2.54-X8) - 0.0701*max(0,X4-0.404) * max(0,X4-2.33) - 0.0687*max(0,X9-1.72) * max(0,X3-2.30) - 0.0684*max(0,X10+1.17) + 0.0626*max(0,1.09-X11) + 0.0595*max(0,X1-0.463) - 0.0588*max(0,X7-1.90) - 0.0556*max(0,-0.237-X4) * X2 - 0.0478*max(0,X3-1.70) * max(0,X11-1.88) - 0.0473*max(0,X3-1.70) * max(0,X5-1.94) - 0.0425*abs(X10) * max(0,X12-2.20) + 0.0420*max(0,2.33-X4) - 0.0396*max(0,0.837-X10) + 0.0378*max(0,X2-0.0453) - 0.0374*max(0,X2-0.0453) * abs(X2) - 0.0366*max(0,X9+0.733) + 0.0365*abs(X13) - 0.0340*abs(X10) * max(0,X7-2.61) - 0.0328*max(0,X2-0.0453) * abs(X10) - 0.0320*max(0,X11+1.26) - 0.0304*max(0,X13+0.187) + 0.0277*max(0,X1+0.780) + 0.0255*max(0,2.18-X10) + 0.0243*abs(X5) - 0.0222*abs(X2) * max(0,X12-2.20) + 0.0222*max(0,-0.389-X12) - 0.0217*max(0,X12+1.04) + 0.0198*max(0,X10-0.168) * abs(X2) - 0.0171*X11 - 0.0138*max(0,2.33-X9) - 0.0121*max(0,-0.123-X6) - 0.0118*max(0,-1.04-X12) - 0.00864*max(0,X11+0.477) - 0.00608*max(0,X3-1.70) * max(0,X12-2.20) + 0.00592*max(0,X6+0.824) + 0.00573*max(0,0.308-X11) - 0.00464*max(0,X3-1.70) * max(0,X3-2.30) - 0.00458*max(0,X7+0.939) + 0.00403*max(0,X2+0.892) - 0.00179*max(0,-0.780-X1) * max(0,X11-2.66) + 0.00178*max(0,X10-0.168) * max(0,X6-2.68) - 0.000667*max(0,2.68-X6) - 0.000662*max(0,X5-1.25) * max(0,X12-2.20) - 3.85e-5*max(0,X10-0.168) * max(0,X9-1.72)"
ffx,505_tecator,ok,0.969298,2.210927,1190,96.06,,"-0.423 + 1.27*max(0,X108-2.01) + 0.936*max(0,X103-1.88) - 0.688*max(0,X103-1.24) - 0.649*max(0,-1.20-X106) - 0.529*max(0,X108-2.72) - 0.528*max(0,-1.64-X104) + 0.468*max(0,X118-1.16) + 0.452*max(0,X0-2.18) - 0.447*max(0,X108-1.30) - 0.409*max(0,X104-1.44) - 0.383*max(0,X106-1.36) + 0.362*max(0,X104-0.669) + 0.357*max(0,-1.40-X105) + 0.322*max(0,X102-2.26) - 0.318*max(0,-2.03-X110) - 0.313*max(0,X115-1.12) + 0.305*max(0,-0.348-X106) - 0.284*max(0,-0.565-X119) - 0.280*X122 + 0.280*max(0,-0.603-X40) + 0.251*max(0,-0.605-X39) + 0.242*max(0,-1.21-X110) - 0.238*max(0,X118-0.393) + 0.235*max(0,-0.840-X108) - 0.230*max(0,-0.728-X107) - 0.229*max(0,X122+0.730) + 0.208*max(0,-2.70-X116) + 0.206*max(0,-0.602-X41) - 0.199*max(0,X117-2.27) - 0.177*max(0,-0.703-X1) - 0.167*max(0,X31-1.59) - 0.161*max(0,X32-1.60) - 0.160*max(0,X122-0.271) + 0.158*max(0,X114+0.460) + 0.157*max(0,X120-0.670) + 0.156*max(0,X103-0.597) - 0.154*max(0,X122+1.23) - 0.152*max(0,X105-0.971) + 0.145*max(0,X113+1.19) + 0.144*max(0,-0.479-X115) + 0.142*max(0,X116+0.566) - 0.138*max(0,X104+0.102) - 0.135*max(0,-0.571-X61) + 0.131*max(0,-0.589-X123) - 0.130*max(0,X93-1.63) + 0.123*max(0,X109-1.69) - 0.122*max(0,X116-0.501) - 0.119*max(0,X109-0.784) + 0.118*max(0,X113-0.557) + 0.117*max(0,-0.607-X38) - 0.116*max(0,X103+0.0429) + 0.108*max(0,1.53-X102) - 0.106*max(0,-0.701-X2) + 0.105*max(0,-1.02-X109) - 0.0981*max(0,-0.117-X109) + 0.0971*max(0,0.597-X103) - 0.0959*max(0,X92-1.62) + 0.0945*max(0,X123-0.838) - 0.0921*max(0,-0.574-X60) + 0.0912*max(0,X110-0.439) - 0.0885*max(0,X110+0.386) + 0.0884*max(0,X107-1.12) - 0.0840*max(0,X101-0.814) + 0.0840*max(0,X101+0.129) + 0.0824*max(0,X105-0.181) + 0.0819*max(0,-0.114-X123) - 0.0799*max(0,X123+1.07) + 0.0785*max(0,X112-2.76) - 0.0744*max(0,X94-1.63) + 0.0743*max(0,0.670-X120) - 0.0679*max(0,X102-0.0671) - 0.0656*max(0,-1.32-X103) + 0.0630*max(0,X114-0.477) - 0.0615*max(0,-0.386-X110) + 0.0605*max(0,-0.129-X101) + 0.0602*max(0,1.12-X107) - 0.0597*max(0,0.142-X39) - 0.0543*max(0,0.889-X40) - 0.0542*max(0,0.263-X111) + 0.0542*max(0,-1.73-X122) + 0.0518*max(0,0.772-X122) + 0.0488*max(0,X110-2.09) + 0.0484*max(0,X114+3.27) - 0.0474*max(0,0.143-X40) + 0.0472*max(0,-0.374-X118) + 0.0472*max(0,X112-0.773) - 0.0469*max(0,0.886-X41) + 0.0466*max(0,-0.979-X111) + 0.0464*max(0,X111+0.979) - 0.0457*max(0,X95-1.63) + 0.0448*max(0,-0.221-X112) + 0.0446*max(0,X114+4.21) - 0.0424*max(0,0.889-X39) + 0.0406*max(0,X114+2.33) + 0.0376*max(0,0.585-X108) + 0.0356*max(0,X37+0.610) - 0.0348*max(0,-1.43-X117) - 0.0329*max(0,0.243-X96) - 0.0311*max(0,-1.07-X123) - 0.0301*max(0,-0.102-X104) + 0.0300*max(0,-0.873-X104) + 0.0263*max(0,X122-0.772) - 0.0262*max(0,0.0456-X16) + 0.0261*max(0,-0.602-X42) - 0.0253*max(0,0.242-X97) + 0.0244*max(0,X38+0.607) - 0.0225*max(0,0.0427-X15) - 0.0220*max(0,0.887-X38) + 0.0214*max(0,X115+0.479) - 0.0214*max(0,0.140-X38) - 0.0201*max(0,X102+1.39) - 0.0199*max(0,0.0258-X7) - 0.0198*max(0,0.0400-X14) + 0.0183*max(0,X108-0.585) - 0.0177*max(0,0.0273-X8) - 0.0170*max(0,0.240-X98) - 0.0168*max(0,0.971-X105) + 0.0168*max(0,1.16-X118) - 0.0159*max(0,0.0375-X13) - 0.0156*max(0,0.0244-X6) + 0.0155*max(0,X36+0.613) - 0.0149*max(0,0.0311-X10) - 0.0143*max(0,0.0352-X12) - 0.0135*max(0,0.0292-X9) - 0.0130*max(0,0.0332-X11) + 0.0125*max(0,0.798-X102) + 0.0120*max(0,-0.229-X122) - 0.0115*max(0,0.0228-X5) - 0.0109*max(0,0.238-X99) - 0.0103*max(0,X118+1.91) - 0.0101*max(0,0.0489-X17) + 0.00860*max(0,X39+0.605) - 0.00769*max(0,-0.503-X117) - 0.00609*max(0,X106-0.506) + 0.00579*max(0,-0.608-X105) - 0.00511*max(0,0.0174-X1) - 0.00456*max(0,0.0212-X4) - 0.00436*max(0,X107-0.196) - 0.00373*max(0,-1.54-X123) + 0.00262*max(0,-0.206-X120) + 0.00240*max(0,0.362-X123) + 0.00106*max(0,X1-2.18) - 0.00102*max(0,0.0198-X3) - 0.000615*max(0,-0.699-X3) + 0.000517*max(0,-0.682-X103) - 0.000265*max(0,0.0561-X19) - 0.000196*max(0,-0.697-X4) - 0.000124*max(0,0.0603-X20) + 0.000106*max(0,-1.22-X112) - 5.63e-5*max(0,0.137-X37) - 1.75e-5*max(0,0.0523-X18) + 1.42e-5*max(0,X102-1.53) + 2.50e-6*max(0,X40+0.603)"
ffx,519_vinnie,ok,0.764033,1.358091,91,3.5,,"0.865 + 1.38*max(0,-0.382-X0) * max(0,X1-1.92) - 0.768*max(0,1.26-X1) + 0.498*max(0,X1-1.92) + 0.172*max(0,-0.382-X0) * max(0,X1+0.711) + 0.154*max(0,X1+0.711) + 0.0167*max(0,0.0201-X0) * max(0,X1-1.92) - 0.0102*max(0,-0.382-X0) * max(0,1.26-X1) + 0.00356*max(0,0.0201-X0) * max(0,X1+0.711) - 9.39e-5*max(0,0.0201-X0) * max(0,1.26-X1)"
ffx,522_pm10,ok,-33.568772,4.715181,2660,17.29,,"1.45 - 356*max(0,X6-1.12) * max(0,X2-2.12) + 242*max(0,X6-0.740) * max(0,X2-2.12) + 72.0*max(0,X6-1.12) * max(0,-1.86-X0) + 50.7*max(0,X6-1.12) * max(0,X4-1.85) - 45.0*max(0,X4-1.85) * max(0,X6-0.740) - 35.4*max(0,X3-0.0192) * max(0,X2-2.12) - 34.5*max(0,-0.794-X4) * max(0,-1.86-X0) - 30.0*max(0,X4-1.85) * max(0,X0+0.0551) + 28.8*max(0,X2-0.0995) * max(0,X6-1.12) - 28.0*max(0,0.0192-X3) * max(0,X2-2.12) - 25.0*max(0,X4-0.792) * max(0,X6-1.12) + 23.9*abs(X3) * max(0,X2-2.12) + 21.3*abs(X5) * max(0,X6-1.12) + 21.3*max(0,X4-0.792) * max(0,X6-0.740) - 20.9*max(0,X6-1.12) * max(0,X6-0.740) - 19.2*max(0,-1.26-X0) * max(0,0.0192-X3) - 16.9*abs(X5) * max(0,X2-2.12) + 15.7*max(0,X4-1.85) - 14.9*max(0,-0.794-X4) - 12.6*max(0,X6-1.12) * abs(X0) - 12.2*max(0,-1.26-X0) * max(0,X6-0.740) - 12.0*max(0,X2-0.0995) * max(0,X6-0.740) - 10.4*max(0,X4-0.792) * max(0,X0+0.0551) - 9.86*max(0,X6-1.12) * max(0,X0+0.0551) - 9.83*abs(X4) * max(0,X6-1.12) - 9.24*abs(X2) * max(0,-0.794-X4) - 9.10*max(0,-0.794-X4) * max(0,X3-0.0192) - 8.93*max(0,X2-0.0995) * max(0,-1.86-X0) + 8.72*max(0,-1.86-X0) * max(0,0.0192-X3) - 8.54*max(0,X3-0.0192) * max(0,X4-1.85) - 8.51*abs(X2) * max(0,X6-1.12) + 8.42*max(0,X2-0.0995) * max(0,-0.794-X4) + 8.35*max(0,X6-1.12) * max(0,0.0192-X3) + 8.28*max(0,X6-0.740) * max(0,X0+0.0551) - 8.17*max(0,X6-1.12) * max(0,X3-0.0192) + 7.56*max(0,X6-1.12) - 6.85*abs(X5) * max(0,X4-1.85) + 6.53*max(0,-0.794-X4) * max(0,X6-1.12) + 6.50*abs(X4) * max(0,X4-1.85) + 6.34*abs(X4) * max(0,X0+0.0551) + 6.18*max(0,-0.0551-X0) * max(0,X6-0.740) + 6.06*max(0,X2-0.0995) * max(0,-1.26-X0) + 5.85*max(0,-0.794-X4) * max(0,0.0995-X2) - 5.76*max(0,0.0995-X2) * max(0,X6-0.740) - 5.71*max(0,-0.766-X6) - 5.69*max(0,X2-2.12) * max(0,X0+0.0551) + 5.66*max(0,-0.0551-X0) * max(0,0.0192-X3) + 5.57*max(0,0.0192-X3) - 5.50*max(0,X2-0.0995) * max(0,X3-0.0192) + 5.49*max(0,0.0995-X2) * max(0,X6-1.12) - 5.46*max(0,X0+0.0551) * max(0,X2-2.79) - 5.43*max(0,-1.86-X0) * max(0,X3-0.0192) - 5.39*max(0,X6-1.12) * max(0,-1.26-X0) - 4.95*abs(X2) * max(0,-1.86-X0) + 4.93*abs(X0) * max(0,X2-2.79) + 4.92*max(0,-2.84-X3) - 4.80*max(0,X4-0.792) * max(0,X4-1.85) - 4.75*abs(X4) * max(0,X6-0.740) + 4.71*max(0,-1.09-X1) - 4.69*max(0,-1.86-X0) - 4.67*abs(X5) * max(0,X6-0.740) + 4.60*max(0,-1.26-X0) + 4.58*max(0,-0.794-X4) * max(0,X6-0.740) + 4.40*max(0,-0.265-X4) - 4.36*abs(X6) - 4.36*max(0,0.0192-X3) * max(0,X6-0.740) + 4.32*abs(X4) * max(0,-0.794-X4) + 4.26*max(0,X1-0.440) - 4.26*abs(X5) + 4.24*max(0,-0.0551-X0) * max(0,X6-1.12) + 4.16*X6**2 + 4.05*max(0,-1.86-X0) * max(0,X6-0.740) + 3.97*max(0,X2-0.0995) * max(0,X4-0.792) + 3.97*max(0,X2-2.79) + 3.96*max(0,X2-0.0995) * max(0,X0+0.0551) + 3.96*max(0,X1-1.97) + 3.93*max(0,X5-0.257) + 3.87*abs(X4) * max(0,X2-2.79) + 3.73*max(0,-0.0551-X0) * max(0,-0.794-X4) + 3.61*abs(X3) * max(0,X2-2.79) - 3.59*abs(X3) * max(0,-1.86-X0) + 3.58*abs(X4) * max(0,-1.26-X0) + 3.54*max(0,-0.223-X5) + 3.50*max(0,-2.46-X0) + 3.37*abs(X2) * max(0,-1.26-X0) + 3.33*max(0,-1.26-X0) * max(0,X3-0.0192) + 3.32*abs(X2) * max(0,X6-0.740) + 3.31*abs(X5) * max(0,X0+0.0551) - 3.17*max(0,X2-0.0995) * max(0,0.0192-X3) - 3.15*max(0,X4-0.792) * max(0,0.0192-X3) + 3.08*abs(X2) * max(0,X3-0.0192) - 2.69*abs(X5) * max(0,X4-0.792) + 2.69*abs(X3) * max(0,X6-1.12) - 2.68*max(0,-0.0551-X0) * max(0,X4-1.85) + 2.63*abs(X2) * max(0,-0.0551-X0) + 2.56*max(0,X6-0.740) + 2.47*max(0,-0.794-X4) * abs(X3) - 2.45*max(0,-0.574-X2) - 2.32*max(0,X0+0.656) - 2.27*max(0,X2-0.0995) * abs(X0) + 2.25*max(0,X5-1.22) + 2.22*abs(X5) * max(0,-1.26-X0) + 2.21*abs(X0) * max(0,0.0192-X3) + 2.20*max(0,-0.794-X4) * abs(X0) - 2.18*max(0,-0.656-X0) + 2.08*max(0,-0.794-X4) * max(0,-1.26-X0) - 2.06*abs(X0) * max(0,X0+0.0551) - 2.01*abs(X4) * abs(X0) + 2.00*max(0,-0.0551-X0) + 2.00*max(0,X2-0.0995) - 1.99*max(0,X2-0.0995) * abs(X3) - 1.95*max(0,-0.794-X4) * max(0,X0+0.0551) - 1.91*max(0,X4-0.792) * max(0,X3-0.0192) - 1.78*abs(X5) * abs(X0) - 1.78*max(0,-1.88-X3) + 1.75*abs(X3) * max(0,-1.26-X0) - 1.73*max(0,X2-1.45) - 1.71*abs(X4) * abs(X2) + 1.71*max(0,-1.26-X0) * max(0,X4-1.85) + 1.70*max(0,X5+0.223) - 1.66*max(0,X3-0.971) - 1.65*abs(X2) * abs(X0) + 1.65*max(0,X4-1.32) + 1.61*max(0,0.0995-X2) * max(0,X4-0.792) + 1.55*max(0,0.0995-X2) - 1.55*max(0,X2-0.0995) * max(0,X2-2.12) + 1.51*abs(X2) * max(0,X4-0.792) + 1.49*max(0,0.0995-X2) * max(0,X0+0.0551) - 1.49*max(0,0.0995-X2) * abs(X3) - 1.49*abs(X0) * max(0,X4-1.85) - 1.42*max(0,-1.86-X0) * max(0,X4-1.85) - 1.42*max(0,X5-0.737) - 1.41*max(0,-0.703-X5) - 1.39*max(0,0.263-X4) + 1.38*abs(X5) * max(0,-0.0551-X0) - 1.32*abs(X0) + 1.31*abs(X2) * max(0,0.0192-X3) - 1.31*max(0,0.971-X3) - 1.31*max(0,X3-1.92) - 1.27*abs(X5) * abs(X3) - 1.24*max(0,-1.18-X5) - 1.24*abs(X5) * max(0,X2-2.79) - 1.18*abs(X0) * max(0,X3-0.0192) + 1.17*max(0,-0.0551-X0) * max(0,X3-0.0192) + 1.15*abs(X2) * max(0,X0+0.0551) - 1.10*abs(X4) * max(0,0.0995-X2) - 1.08*X1**2 + 1.07*max(0,-1.86-X1) + 1.03*abs(X3) * max(0,X3-0.0192) + 1.03*X2**2 - 1.01*abs(X5) * max(0,0.0995-X2) + 1.01*max(0,X4+0.265) - 0.988*X5 - 0.969*max(0,X5+0.703) + 0.940*max(0,X3-0.0192) * max(0,X6-0.740) + 0.919*X4**2 - 0.896*max(0,0.737-X5) - 0.891*max(0,-0.0551-X0) * max(0,X4-0.792) + 0.883*abs(X4) - 0.881*max(0,-0.0551-X0) * max(0,0.0995-X2) + 0.880*abs(X5) * max(0,-0.794-X4) + 0.868*X5**2 - 0.847*abs(X5) * max(0,0.0192-X3) + 0.824*max(0,-0.932-X3) + 0.812*max(0,0.0192-X3) * max(0,X4-1.85) + 0.742*max(0,X0-0.546) - 0.731*max(0,0.0995-X2) * max(0,0.0192-X3) - 0.707*abs(X2) + 0.707*max(0,X4-0.792) - 0.698*max(0,-0.0551-X0) * max(0,-1.26-X0) + 0.673*max(0,-0.0551-X0) * abs(X3) - 0.670*abs(X5) * max(0,-1.86-X0) + 0.632*max(0,-0.327-X1) - 0.621*abs(X3) * abs(X0) - 0.599*X3**2 + 0.592*max(0,X0+0.0551) + 0.583*X1 + 0.575*max(0,0.440-X1) + 0.573*max(0,-0.389-X6) - 0.551*abs(X2) * max(0,X4-1.85) - 0.540*abs(X1) + 0.534*abs(X4) * max(0,X3-0.0192) + 0.523*max(0,2.12-X2) - 0.500*X4 + 0.488*max(0,0.0995-X2) * max(0,-1.26-X0) + 0.479*abs(X4) * max(0,X4-0.792) + 0.471*max(0,X3-0.0192) * max(0,X0+0.0551) - 0.431*abs(X4) * max(0,-0.0551-X0) - 0.392*max(0,X1+0.327) - 0.389*max(0,X2-0.0995) * max(0,-0.0551-X0) - 0.388*max(0,X6+0.766) + 0.352*abs(X3) * max(0,X6-0.740) + 0.324*abs(X3) * max(0,X0+0.0551) + 0.303*max(0,X3-0.0192) + 0.298*abs(X2) * max(0,X2-0.0995) + 0.291*max(0,X3+1.88) + 0.290*abs(X2) * abs(X3) - 0.286*abs(X3) * max(0,X4-0.792) - 0.286*max(0,0.0995-X2) * max(0,X3-0.0192) - 0.274*abs(X3) * max(0,0.0192-X3) - 0.231*max(0,X1+1.86) + 0.220*max(0,0.0995-X2) * abs(X0) + 0.205*max(0,0.257-X5) + 0.196*max(0,X4-0.792) * max(0,-1.86-X0) - 0.196*max(0,1.92-X3) - 0.175*max(0,X1+1.09) - 0.168*max(0,X1-1.21) + 0.165*abs(X2) * max(0,0.0995-X2) - 0.157*max(0,0.0192-X3) * max(0,X0+0.0551) + 0.150*max(0,X3+0.932) + 0.148*abs(X4) * abs(X3) + 0.145*abs(X5) * max(0,X3-0.0192) + 0.139*max(0,0.0995-X2) * max(0,-1.86-X0) - 0.122*max(0,X2-0.772) - 0.120*max(0,-0.0551-X0) * max(0,-1.86-X0) + 0.0991*max(0,-0.0551-X0) * abs(X0) + 0.0975*max(0,1.12-X6) - 0.0926*X2 - 0.0842*max(0,X6+0.0129) - 0.0801*max(0,X2+0.574) + 0.0785*max(0,0.740-X6) + 0.0733*abs(X4) * max(0,X2-2.12) + 0.0729*max(0,X2-0.0995) * max(0,X2-2.79) - 0.0708*abs(X4) * max(0,X2-0.0995) + 0.0691*max(0,X2-2.12) - 0.0590*max(0,-1.26-X0) * abs(X0) + 0.0557*max(0,X0+2.46) - 0.0547*max(0,X6+0.389) - 0.0483*max(0,X2-2.12) * max(0,X2-2.79) + 0.0466*X0 - 0.0447*abs(X4) * max(0,0.0192-X3) - 0.0422*abs(X5) * abs(X2) + 0.0419*abs(X0) * max(0,X6-0.740) - 0.0275*max(0,0.0995-X2) * max(0,X4-1.85) - 0.0265*X6 - 0.0226*abs(X3) * max(0,X4-1.85) + 0.0197*max(0,-0.794-X4) * max(0,0.0192-X3) - 0.0175*max(0,1.21-X1) - 0.0119*max(0,X6-0.364) + 0.0111*max(0,X4-0.792) * max(0,-1.26-X0) - 0.00711*max(0,X0+1.86) + 0.00670*max(0,X3+2.84) - 0.00614*max(0,X3-0.0192) * max(0,X2-2.79) - 0.00566*max(0,X5+1.18) + 0.00543*max(0,-1.86-X0) * max(0,-1.26-X0) + 0.00354*max(0,0.546-X0) + 0.00137*max(0,1.97-X1) + 0.00130*X0**2 + 0.000307*max(0,X4-0.792) * abs(X0)"
ffx,523_analcatdata_neavote,ok,0.952673,0.805854,77,11.16,,"-0.980 + 1.58*max(0,-0.745-X0) + 0.680*X0**2 - 0.332*X0 + 0.141*max(0,-0.474-X0) + 0.0156*max(0,-0.745-X0) * abs(X0) + 0.00985*max(0,-0.203-X0) - 0.00847*max(0,X1+4.52) * X0 - 0.00667*max(0,X1+2.92) * X0 - 0.00573*max(0,X1+3.72) * X0 - 0.00386*max(0,X1+2.12) * X0 - 9.70e-5*max(0,-0.745-X0) * X0"
ffx,527_analcatdata_election2000,ok,-0.65397,145270.070233,1398,24.62,,"5.95 - 72.9*max(0,X12-0.225) * max(0,0.245-X9) + 10.3*max(0,0.844-X11) * max(0,X10-0.502) + 5.28*max(0,X0-0.718) * max(0,0.225-X12) + 4.58*max(0,X10-0.502) * max(0,0.225-X12) - 4.09*max(0,1.25-X8) - 3.06*abs(X1) * max(0,0.225-X12) + 1.83*abs(X1) * max(0,0.718-X0) + 1.58*max(0,X12-0.225) * max(0,0.856-X12) - 1.46*max(0,0.844-X11) * max(0,X0-0.718) - 1.13*X11 * max(0,0.225-X12) + 1.09*max(0,X0-3.12) + 0.867*abs(X11) * max(0,0.225-X12) - 0.841*max(0,0.929-X4) * abs(X11) - 0.752*X10 * max(0,0.225-X12) - 0.743*max(0,X10-0.502) * max(0,1.22-X10) - 0.714*abs(X12) * max(0,0.245-X9) - 0.694*max(0,0.245-X9) + 0.641*abs(X1) * max(0,0.929-X4) - 0.588*max(0,0.844-X11) * X11 - 0.583*abs(X3) * max(0,0.245-X9) - 0.577*max(0,2.21-X8) * max(0,1.25-X8) - 0.573*max(0,0.718-X0) * max(0,1.25-X8) - 0.549*max(0,0.502-X10) - 0.532*abs(X1) * max(0,0.856-X12) + 0.453*max(0,2.21-X8) - 0.392*max(0,1.22-X10) * abs(X11) + 0.389*abs(X12) * max(0,0.225-X12) + 0.377*max(0,X11-0.844) + 0.367*abs(X3) * max(0,1.25-X8) - 0.364*max(0,0.718-X0) + 0.358*abs(X10) * max(0,0.225-X12) - 0.353*abs(X11) * max(0,1.25-X8) - 0.348*abs(X7) + 0.337*max(0,X9-0.245) * max(0,0.225-X12) + 0.336*abs(X1) * max(0,0.245-X9) + 0.336*max(0,2.21-X8) * max(0,1.09-X6) - 0.315*max(0,0.844-X11) * abs(X12) + 0.309*abs(X0) - 0.297*max(0,1.22-X10) * max(0,X0-0.718) - 0.275*abs(X3) * max(0,0.502-X10) + 0.270*abs(X3) * max(0,2.21-X8) - 0.270*abs(X10) * max(0,0.245-X9) - 0.267*max(0,X9-0.245) * max(0,1.22-X10) - 0.266*max(0,0.929-X4) * max(0,X9-0.245) + 0.254*max(0,X12-0.225) * max(0,0.718-X0) - 0.244*abs(X12) * max(0,0.718-X0) - 0.230*X3 - 0.225*max(0,0.225-X12) - 0.219*abs(X1) * max(0,X0-3.12) + 0.213*max(0,1.85-X1) - 0.200*abs(X3) + 0.194*max(0,2.21-X8) * max(0,0.245-X9) + 0.188*abs(X9) + 0.186*abs(X2) - 0.182*max(0,0.502-X10) * max(0,1.25-X8) + 0.175*X10 * max(0,0.718-X0) - 0.168*max(0,1.22-X10) * X11 - 0.163*max(0,0.225-X12) * max(0,1.25-X8) + 0.161*max(0,1.09-X6) * max(0,0.245-X9) + 0.159*max(0,X11-1.47) - 0.144*abs(X3) * abs(X11) + 0.140*max(0,X9-0.245) * max(0,0.718-X0) + 0.139*max(0,1.28-X5) - 0.137*max(0,1.32-X0) + 0.131*abs(X6) + 0.130*max(0,0.844-X11) * max(0,0.225-X12) + 0.130*max(0,0.929-X4) * max(0,0.856-X12) + 0.123*max(0,1.09-X6) + 0.121*max(0,0.874-X9) + 0.120*max(0,0.333-X7) + 0.118*max(0,0.929-X4) * max(0,1.09-X6) - 0.118*max(0,2.65-X10) - 0.104*max(0,1.22-X10) * max(0,1.25-X8) - 0.103*X10 * max(0,0.502-X10) - 0.102*abs(X1) * max(0,0.502-X10) + 0.0997*max(0,1.69-X3) + 0.0952*max(0,0.856-X12) * max(0,0.225-X12) - 0.0932*X11 * max(0,0.245-X9) + 0.0842*max(0,0.448-X2) + 0.0839*max(0,1.50-X9) - 0.0824*abs(X8) + 0.0810*max(0,0.844-X11) * max(0,0.245-X9) - 0.0794*abs(X12) * max(0,1.09-X6) + 0.0733*max(0,0.844-X11) + 0.0682*X11 * max(0,2.21-X8) + 0.0610*max(0,0.856-X12) * max(0,1.09-X6) + 0.0609*abs(X1) + 0.0602*X0 * max(0,0.502-X10) - 0.0532*abs(X12) * max(0,1.25-X8) + 0.0496*max(0,1.22-X10) * max(0,1.09-X6) - 0.0496*max(0,2.21-X8) * max(0,0.718-X0) - 0.0431*max(0,0.929-X4) * max(0,X0-0.718) + 0.0429*max(0,0.856-X12) * max(0,0.245-X9) + 0.0400*max(0,X0-0.116) - 0.0383*max(0,1.60-X13) + 0.0352*max(0,X12-0.225) + 0.0335*max(0,3.45-X3) + 0.0334*max(0,X10-0.502) * max(0,0.718-X0) + 0.0320*max(0,0.718-X0) * max(0,0.225-X12) - 0.0309*abs(X1) * abs(X3) + 0.0247*max(0,0.718-X0) * max(0,0.245-X9) + 0.0244*max(0,1.03-X7) - 0.0205*max(0,0.844-X11) * max(0,1.25-X8) - 0.0183*max(0,2.52-X0) - 0.0179*abs(X3) * max(0,1.09-X6) + 0.0178*X11 * abs(X11) + 0.0161*max(0,0.929-X4) * max(0,0.225-X12) + 0.0161*max(0,1.22-X10) * max(0,0.856-X12) + 0.0160*abs(X13) + 0.0124*max(0,X0-1.92) + 0.0118*max(0,X0-0.718) - 0.0116*max(0,1.92-X0) - 0.0115*max(0,0.844-X11) * max(0,2.21-X8) - 0.0113*abs(X3) * abs(X10) + 0.0110*max(0,0.924-X1) - 0.00752*max(0,1.22-X10) * abs(X12) - 0.00613*max(0,X3-0.815) + 0.00521*X0 * max(0,0.245-X9) + 0.00397*abs(X12) * abs(X11) - 0.00354*X11 * max(0,0.718-X0) - 0.00348*max(0,0.844-X11) * max(0,1.22-X10) - 0.00231*abs(X3) * abs(X12) + 0.00208*max(0,0.218-X11) - 0.000821*max(0,2.72-X11) + 0.000774*X7**2 + 0.000571*max(0,0.718-X0) * max(0,1.09-X6) + 0.000347*max(0,X7-2.42) + 0.000202*X0 - 0.000200*max(0,2.21-X8) * abs(X11) + 0.000181*max(0,X10-0.502) * max(0,0.856-X12) + 0.000169*X10 + 0.000164*max(0,X7-1.73) - 0.000124*X7 - 0.000117*X11 * max(0,0.502-X10) - 7.07e-5*max(0,1.93-X2) - 6.80e-5*abs(X11) + 3.42e-5*X11**2 - 2.12e-5*max(0,0.929-X4) * abs(X3) + 1.89e-5*max(0,0.815-X3)"
ffx,529_pollen,ok,-0.226054,3.057046,1013,9.39,,"1.61 - 85.5*max(0,-1.09-X3) * max(0,X2-1.33) + 43.7*max(0,X1-0.177) * max(0,X0-2.19) + 21.8*max(0,-1.09-X3) * max(0,X2-0.685) - 8.46*max(0,-1.01-X0) * max(0,X2-1.33) + 5.26*X3 * max(0,X2-1.33) + 5.03*X0 * max(0,X2-1.33) + 4.52*max(0,X3-1.07) + 4.32*max(0,X3-1.79) + 3.91*max(0,X2-1.33) * max(0,-0.213-X0) - 3.63*X3 * max(0,-1.09-X3) + 3.58*max(0,X0-1.39) + 3.08*max(0,-1.09-X3) + 2.90*max(0,-0.372-X3) - 2.84*X3**2 + 2.80*max(0,X0+0.213) * max(0,X2-1.33) + 2.80*max(0,X1-0.177) * max(0,X2-1.33) + 2.79*max(0,X3-0.348) + 2.76*max(0,X1-2.16) + 2.59*max(0,X1-0.177) * max(0,-1.01-X0) - 2.52*max(0,X1-0.177) * max(0,-0.213-X0) - 2.46*max(0,X3-1.07) * max(0,-1.01-X0) + 2.24*max(0,X3-1.07) * max(0,-1.81-X0) - 2.23*max(0,X0-2.19) - 2.19*max(0,X0+0.213) * X0 - 2.19*max(0,-1.81-X0) * max(0,-0.213-X0) + 2.13*max(0,X1-0.837) - 2.10*max(0,-1.01-X0) - 2.03*max(0,X3-1.07) * X3 - 1.95*X3 * max(0,-0.213-X0) - 1.89*X0 * max(0,X0-2.19) - 1.86*max(0,X3-1.07) * X0 + 1.69*max(0,-1.14-X1) + 1.67*max(0,X1-0.177) * abs(X0) - 1.63*max(0,X1-0.177) * max(0,X0+0.213) + 1.59*max(0,X3-1.07) * abs(X0) + 1.54*X3 * abs(X0) + 1.47*max(0,-1.81-X0) * X3 + 1.42*max(0,X2-1.33) - 1.37*max(0,X2-0.685) * max(0,X2-1.33) - 1.37*max(0,X0+0.213) * X3 - 1.31*max(0,-0.213-X0) + 1.17*max(0,X3-1.07) * max(0,X2-0.685) + 1.16*abs(X0) - 1.15*X3 * max(0,X0-2.19) - 1.15*abs(X0) * max(0,X2-1.33) + 1.13*max(0,-1.81-X0) - 1.11*X0 * max(0,-1.09-X3) + 1.07*max(0,-1.81-X0) * X0 - 1.05*max(0,X3+0.372) - 1.04*max(0,X0+0.213) * max(0,X2-0.685) - 1.03*max(0,X3-1.07) * max(0,X2-1.33) + 0.955*abs(X1) * max(0,-1.01-X0) + 0.953*max(0,-1.01-X0) * max(0,-0.213-X0) + 0.949*max(0,X0-0.588) + 0.939*max(0,-0.597-X2) - 0.926*max(0,X0+0.213) * max(0,-1.09-X3) - 0.922*max(0,X0+0.213) + 0.886*abs(X1) - 0.864*X1**2 - 0.749*max(0,X3-1.07) * max(0,X1-0.177) + 0.736*max(0,1.07-X3) - 0.674*X0 + 0.674*abs(X0) * max(0,X2-0.685) - 0.655*abs(X0) * max(0,-1.09-X3) - 0.620*max(0,0.177-X1) - 0.577*abs(X1) * max(0,X2-0.685) + 0.572*abs(X3) + 0.562*max(0,X0+0.213) * abs(X0) + 0.530*X3 - 0.526*max(0,-1.81-X0) * max(0,-1.01-X0) - 0.514*max(0,X1-0.177) * X3 - 0.513*X0 * X3 - 0.496*max(0,X0+0.213) * max(0,X0-2.19) + 0.495*max(0,X1-0.177) * max(0,X2-0.685) - 0.489*max(0,X0+1.81) + 0.489*max(0,X2-0.685) * max(0,-1.01-X0) - 0.483*X3 * max(0,-1.01-X0) - 0.466*max(0,X2-0.685) - 0.460*X0 * max(0,-0.213-X0) + 0.458*X0 * max(0,X2-0.685) + 0.456*max(0,X2-0.0439) + 0.433*max(0,X1-0.177) * max(0,-1.09-X3) - 0.419*max(0,X2+0.597) - 0.409*max(0,0.685-X2) - 0.401*max(0,-1.88-X2) + 0.392*max(0,X1-0.177) * max(0,-1.81-X0) - 0.379*X1 + 0.347*abs(X1) * max(0,-1.09-X3) - 0.341*abs(X1) * max(0,-0.213-X0) + 0.335*max(0,-1.81-X0) * abs(X0) + 0.317*max(0,-1.09-X3) * max(0,X0-2.19) + 0.307*X0 * abs(X0) + 0.300*X0**2 + 0.291*max(0,X1-0.177) + 0.282*max(0,-0.483-X1) - 0.275*abs(X2) - 0.258*abs(X0) * max(0,-1.01-X0) - 0.247*max(0,-1.81-X3) - 0.229*max(0,X2-0.685) * max(0,-0.213-X0) - 0.223*X3 * max(0,X2-0.685) - 0.189*max(0,X1-0.177) * X0 - 0.186*max(0,2.19-X0) + 0.132*max(0,-1.24-X2) + 0.0996*max(0,X3-1.07) * max(0,-0.213-X0) + 0.0902*abs(X0) * max(0,-0.213-X0) + 0.0851*max(0,X1+0.483) + 0.0836*X0 * max(0,-1.01-X0) + 0.0685*max(0,X1-1.50) - 0.0587*abs(X1) * abs(X0) + 0.0425*abs(X1) * max(0,X2-1.33) + 0.0286*max(0,0.837-X1) - 0.0272*max(0,2.16-X1) - 0.0252*max(0,0.588-X0) + 0.00425*max(0,1.39-X0)"
ffx,537_houses,ok,-3.085477,209007.78157,1928,22.62,,"-3.68 - 557*max(0,-2.31-X1) * max(0,X7-1.97) - 155*max(0,-1.09-X1) * max(0,X4-2.90) + 12.0*max(0,X0-2.77) + 11.7*abs(X7) * max(0,X4-3.73) - 11.3*abs(X5) * max(0,-2.91-X1) - 11.1*max(0,-2.91-X1) + 9.75*abs(X3) * max(0,X7-1.97) - 7.56*abs(X5) * max(0,-2.31-X1) + 6.16*max(0,-2.31-X1) * max(0,-2.91-X1) + 5.94*max(0,-2.31-X1) - 5.90*max(0,-1.09-X1) * max(0,X7-1.97) + 5.70*abs(X3) * max(0,-1.70-X1) + 5.66*abs(X7) * max(0,-2.91-X1) - 5.47*max(0,-1.70-X1) * max(0,0.181-X5) - 5.37*max(0,-1.70-X1) + 4.97*abs(X3) * max(0,-2.31-X1) - 4.59*abs(X3) * max(0,-1.09-X1) - 4.50*max(0,X5-2.04) * max(0,-1.70-X1) - 4.34*abs(X3) * max(0,-2.91-X1) + 4.23*max(0,X5-2.04) * max(0,-1.09-X1) + 3.93*max(0,-1.70-X1) * max(0,X7-1.97) - 3.83*abs(X5) * max(0,X7-1.97) + 3.62*max(0,-0.389-X7) * max(0,0.181-X5) - 3.48*max(0,-2.91-X1) * max(0,0.181-X5) + 3.44*max(0,-1.09-X1) * max(0,0.163-X3) + 3.35*max(0,X2-3.44) + 3.25*abs(X5) * max(0,0.181-X5) - 3.17*max(0,-0.389-X7) * abs(X5) - 3.16*max(0,-0.389-X7) * max(0,0.163-X3) + 3.09*max(0,0.163-X3) + 3.01*max(0,-1.70-X1) * max(0,-2.31-X1) - 3.00*max(0,-2.31-X1) * max(0,0.181-X5) + 2.85*abs(X3) * max(0,-0.389-X7) + 2.85*max(0,X2-1.92) * max(0,X4-3.73) - 2.78*max(0,X0-2.03) - 2.71*abs(X3) * max(0,0.181-X5) - 2.53*max(0,X2-2.68) + 2.51*max(0,X7-1.97) + 2.48*max(0,-0.389-X7) * max(0,-1.70-X1) - 2.47*max(0,-0.978-X7) + 2.28*abs(X7) * max(0,0.163-X3) - 2.26*max(0,0.181-X5) + 2.26*max(0,-1.09-X1) + 2.24*abs(X5) * max(0,-1.70-X1) + 2.23*max(0,X7-1.97) * max(0,0.163-X3) + 2.22*max(0,X0-3.51) + 2.21*max(0,-1.70-X1) * max(0,0.163-X3) - 2.15*max(0,X0-0.552) + 2.09*max(0,-0.389-X7) * abs(X7) - 2.02*max(0,-1.09-X1) * max(0,-2.91-X1) - 1.99*abs(X7) * max(0,0.181-X5) - 1.91*max(0,X0-1.29) - 1.87*abs(X7) * max(0,X3-3.91) - 1.77*max(0,X4-3.73) - 1.74*max(0,X7-1.97) * max(0,0.181-X5) - 1.67*max(0,X2-1.92) * max(0,-1.70-X1) + 1.65*max(0,X5-2.04) * abs(X7) - 1.63*abs(X7) * max(0,X4-2.90) - 1.60*max(0,-0.389-X7) * max(0,-2.91-X1) - 1.59*max(0,X6-2.30) - 1.58*max(0,1.10-X3) - 1.57*max(0,-0.188-X0) + 1.54*abs(X5) * max(0,-1.09-X1) - 1.47*max(0,-1.09-X1) * max(0,0.181-X5) - 1.44*abs(X7) * max(0,X7-1.97) - 1.40*abs(X7) * max(0,X2-1.92) + 1.37*max(0,X1-0.121) + 1.35*X0**2 + 1.34*abs(X7) * max(0,-2.31-X1) + 1.33*max(0,0.163-X3) * max(0,0.181-X5) - 1.31*abs(X3) * abs(X7) + 1.30*max(0,X7-1.38) + 1.25*max(0,X1+1.09) - 1.25*abs(X5) * max(0,0.163-X3) + 1.22*max(0,-1.70-X1) * max(0,-2.91-X1) - 1.20*max(0,X1+0.485) + 1.20*max(0,-2.31-X1) * max(0,-1.09-X1) - 1.20*max(0,-0.608-X6) + 1.13*abs(X7) * abs(X5) - 1.10*max(0,X1+1.70) + 1.07*max(0,X2-1.16) - 1.06*max(0,0.403-X2) + 1.02*max(0,X2-1.92) + 0.990*max(0,X6-1.57) - 0.971*max(0,X4-2.07) - 0.949*max(0,-0.389-X7) * max(0,-1.09-X1) + 0.897*max(0,X7+0.389) - 0.883*max(0,X2-1.92) * max(0,X4-2.90) + 0.881*max(0,2.97-X5) - 0.840*max(0,-0.389-X7) * max(0,-2.31-X1) - 0.837*abs(X7) + 0.829*max(0,4.83-X5) + 0.826*max(0,X4+0.414) - 0.826*max(0,2.68-X2) - 0.816*max(0,X2-1.92) * max(0,X5-2.97) + 0.783*abs(X3) * max(0,X2-1.92) - 0.781*max(0,-1.70-X1) * max(0,-1.09-X1) - 0.757*max(0,X3-4.84) * max(0,X4-3.73) - 0.757*max(0,X5-2.04) + 0.737*max(0,0.415-X4) - 0.735*max(0,1.29-X0) - 0.727*max(0,-0.485-X1) + 0.698*abs(X3) * max(0,X1-0.121) - 0.693*abs(X1) - 0.692*abs(X3) + 0.672*max(0,X7-0.201) + 0.659*max(0,1.38-X7) - 0.656*max(0,0.846-X6) - 0.655*abs(X7) * max(0,X5-2.97) - 0.646*X4 + 0.642*max(0,0.119-X6) - 0.633*max(0,2.04-X5) * max(0,0.181-X5) + 0.617*max(0,X4-1.24) - 0.610*max(0,-0.389-X7) + 0.609*abs(X5) - 0.593*max(0,X3-3.91) + 0.588*max(0,1.16-X2) - 0.576*max(0,-0.389-X7) * max(0,X1-0.121) + 0.565*X5 - 0.555*X7**2 + 0.551*X7 + 0.546*X3**2 + 0.537*abs(X0) - 0.530*max(0,0.790-X7) - 0.524*max(0,0.552-X0) - 0.522*max(0,X0+0.188) - 0.520*max(0,X4-2.90) + 0.501*max(0,X3-2.03) + 0.498*max(0,X5-2.04) * max(0,X4-3.73) - 0.490*max(0,X1-0.121) * max(0,0.163-X3) - 0.488*max(0,X2+0.356) - 0.481*max(0,-1.34-X6) + 0.455*abs(X7) * max(0,X1-0.121) - 0.448*max(0,X2-1.92) * max(0,-1.09-X1) - 0.437*max(0,X5-2.04) * max(0,X2-1.92) + 0.436*max(0,X4-0.415) - 0.430*abs(X4) - 0.421*max(0,X5-0.181) - 0.413*max(0,X7+0.978) + 0.410*max(0,1.92-X2) + 0.402*X1**2 + 0.397*max(0,X2-0.403) - 0.397*X4**2 - 0.384*max(0,X1-0.121) * abs(X5) - 0.364*max(0,X6+0.608) + 0.356*abs(X2) - 0.352*max(0,-0.414-X4) - 0.349*X0 + 0.345*max(0,X5-2.97) * max(0,-1.09-X1) + 0.345*max(0,3.90-X5) + 0.342*max(0,1.11-X5) - 0.338*max(0,1.24-X4) + 0.329*max(0,X7-0.790) + 0.313*X6**2 - 0.310*max(0,X6-0.119) + 0.304*max(0,X1+2.31) - 0.296*max(0,-2.31-X1) * max(0,0.163-X3) + 0.295*X3 + 0.293*max(0,2.07-X4) + 0.275*abs(X3) * max(0,X4-3.73) - 0.273*max(0,2.97-X3) + 0.256*max(0,X1-0.121) * max(0,0.181-X5) - 0.253*max(0,0.201-X7) - 0.249*max(0,3.91-X3) + 0.247*max(0,X3-0.163) + 0.240*max(0,X6-0.846) + 0.233*max(0,-0.356-X2) + 0.232*max(0,-2.91-X1) * max(0,0.163-X3) - 0.211*X1 - 0.205*max(0,X3-2.97) - 0.204*abs(X7) * max(0,-1.09-X1) - 0.204*X5**2 + 0.199*max(0,1.97-X7) - 0.168*max(0,X5-1.11) + 0.166*max(0,X5-2.97) * max(0,X4-3.73) + 0.137*max(0,X3-1.10) + 0.123*max(0,2.04-X5) + 0.117*max(0,4.84-X3) + 0.112*max(0,X5-2.97) + 0.106*max(0,X2-1.92) * abs(X5) - 0.105*abs(X6) + 0.104*max(0,2.03-X0) - 0.103*max(0,X5-2.04) * max(0,X5-2.97) - 0.103*abs(X5) * max(0,X5-2.97) + 0.0924*abs(X3) * max(0,0.163-X3) - 0.0898*max(0,2.30-X6) + 0.0886*abs(X5) * max(0,X3-3.91) - 0.0816*abs(X3) * abs(X5) - 0.0810*X2 + 0.0796*max(0,0.121-X1) - 0.0796*abs(X7) * max(0,-1.70-X1) + 0.0783*max(0,2.77-X0) - 0.0745*max(0,X5-2.97) * max(0,X4-2.90) - 0.0737*abs(X3) * max(0,X3-3.91) + 0.0734*abs(X5) * max(0,X4-3.73) + 0.0724*abs(X3) * max(0,X5-2.04) - 0.0701*abs(X5) * max(0,X4-2.90) + 0.0701*max(0,3.51-X0) + 0.0569*max(0,2.90-X4) + 0.0562*max(0,X2-1.92) * max(0,X5-3.90) - 0.0525*max(0,X5-3.90) * max(0,X4-2.90) - 0.0474*X2**2 - 0.0469*max(0,X5-2.04) * max(0,X4-2.90) - 0.0370*abs(X3) * max(0,X4-2.90) + 0.0330*max(0,3.73-X4) - 0.0298*abs(X3) * max(0,X5-2.97) - 0.0285*max(0,1.57-X6) - 0.0263*max(0,2.03-X3) + 0.0248*max(0,X3-3.91) * max(0,X4-3.73) + 0.0236*max(0,X6+1.34) - 0.0165*max(0,X3-3.91) * max(0,X4-2.90) - 0.00679*max(0,3.44-X2) - 0.00450*max(0,X5-2.04) * abs(X5) - 0.00337*max(0,X1+2.91) + 0.00155*abs(X7) * max(0,X3-4.84) + 0.00141*abs(X7) * max(0,X5-3.90) - 0.000628*X6 + 0.000408*max(0,X2-1.92) * max(0,X3-4.84) - 0.000351*max(0,X3-4.84) - 0.000180*max(0,X5-4.83) * max(0,X4-3.73) + 7.21e-5*max(0,X5-2.04) * max(0,X3-4.84) + 5.87e-5*abs(X3) * max(0,X3-4.84) + 3.93e-5*max(0,X5-2.97) * max(0,X3-4.84) + 1.27e-5*abs(X5) * max(0,X3-4.84) + 8.21e-6*max(0,X3-3.91) * max(0,X3-4.84) - 6.37e-6*max(0,X5-2.97) * max(0,X3-3.91) + 1.43e-7*abs(X7) * max(0,X5-4.83) - 4.70e-8*max(0,X5-4.83) + 3.90e-8*max(0,X2-1.92) * max(0,X5-4.83) - 1.89e-8*max(0,X5-4.83) * max(0,X3-4.84) + 7.31e-9*max(0,X5-2.04) * max(0,X5-4.83) + 6.78e-9*abs(X3) * max(0,X5-4.83) + 4.76e-9*max(0,X5-2.97) * max(0,X5-4.83) + 1.31e-9*abs(X5) * max(0,X5-4.83) + 1.04e-9*max(0,X3-3.91) * max(0,X5-4.83) - 2.43e-10*max(0,X4-2.90) * max(0,X4-3.73) - 1.07e-10*max(0,X4-2.90) * max(0,X3-4.84)"
ffx,542_pollution,ok,-0.818522,82.373187,203,9.5,,0.128 + 1.03*abs(X8) * X12 + 0.885*abs(X7) - 0.882*abs(X8) * X11 - 0.873*abs(X8) - 0.724*abs(X9) * abs(X13) + 0.677*abs(X13) * X8 - 0.630*abs(X9) * X5 + 0.606*X1 * X8 - 0.572*abs(X9) * X13 - 0.554*abs(X8) * abs(X12) - 0.514*X1 * X13 + 0.448*X1 * abs(X13) - 0.442*X6 - 0.416*X2 + 0.409*abs(X13) + 0.385*X8 - 0.373*X4 - 0.339*abs(X2) - 0.332*X7**2 - 0.322*X5 * X13 + 0.309*abs(X0) + 0.308*X7 - 0.274*X1 - 0.273*X1**2 + 0.267*X1 * X11 + 0.256*abs(X9) * X8 + 0.244*abs(X9) * abs(X8) - 0.242*X10 - 0.226*X13 * X11 + 0.217*X5 * abs(X8) + 0.202*X3 - 0.198*X4**2 + 0.197*X14 + 0.185*X9**2 + 0.159*abs(X3) + 0.110*X2**2 + 0.105*X10**2 + 0.0791*X9 - 0.0670*X5**2 - 0.0334*X5 * X12 - 0.0305*X5 * X8 - 0.0288*X14**2 - 0.0273*X6**2 - 0.0229*X8 * X12 - 0.0201*X5 * abs(X13)
ffx,547_no2,ok,-15.122859,3.199486,2265,15.8,,"-0.834 + 165*max(0,X2-2.22) * max(0,-0.0608-X5) - 64.0*max(0,X0-0.287) * max(0,X6-1.09) + 56.6*max(0,X2-1.55) * max(0,X6-1.09) - 53.2*max(0,X5-1.36) * max(0,X6-1.09) + 51.2*max(0,X1-2.23) * max(0,X5-0.414) + 45.4*abs(X5) * max(0,X2-2.89) - 35.6*max(0,X0-0.287) * max(0,X5-1.36) + 33.5*max(0,X6-0.712) * max(0,X6-1.09) + 31.1*max(0,X2-2.22) * max(0,X6-1.09) + 30.4*max(0,X2-2.89) - 23.5*max(0,-0.191-X0) * max(0,X5-1.36) - 21.9*max(0,X5-0.414) * max(0,X6-1.09) + 20.4*max(0,X0+0.191) * max(0,X6-1.09) - 19.9*max(0,X1-2.23) * abs(X5) - 18.8*max(0,X0-0.287) * max(0,X2-2.89) - 18.4*max(0,X0-0.287) * max(0,X2-2.22) - 18.1*max(0,X6-1.09) * max(0,-0.0608-X5) - 17.3*max(0,X1-2.23) * max(0,-0.0608-X5) + 16.2*max(0,X0-0.287) * max(0,X1-2.23) - 15.0*max(0,0.414-X5) * max(0,X5+0.0608) + 14.7*max(0,X0-0.287) * max(0,X6-0.712) + 14.6*max(0,X2-0.203) * max(0,X5-1.36) + 13.4*max(0,X2-1.55) * max(0,-0.0608-X5) + 12.7*max(0,-0.425-X6) * max(0,X2-2.89) + 12.5*max(0,-0.191-X0) * max(0,X5+0.0608) + 12.0*max(0,X5-1.36) * max(0,X6-0.712) + 11.7*max(0,X6-1.09) + 11.2*max(0,X0-0.287) * max(0,X5-0.414) - 10.5*max(0,X2-1.55) * max(0,-0.191-X0) - 10.2*max(0,-0.425-X6) * max(0,X5-0.414) - 9.57*max(0,X0-0.287) * abs(X2) - 9.38*max(0,-0.425-X6) * max(0,X2-1.55) + 8.64*max(0,X6-0.712) * max(0,-0.0608-X5) - 8.56*max(0,0.414-X5) * max(0,X6-1.09) + 8.19*abs(X2) * max(0,X5-1.36) - 7.83*max(0,X2-1.55) * max(0,X5-0.414) + 7.57*max(0,X2-0.876) - 7.32*max(0,X0-0.287) * max(0,-0.0608-X5) + 7.14*max(0,X0+0.191) * abs(X5) + 7.10*max(0,-0.191-X0) * max(0,X5-0.414) + 6.86*max(0,-0.425-X6) * abs(X5) - 6.85*max(0,X4-1.26) - 6.83*max(0,X0+0.191) * max(0,X5-1.36) - 6.42*max(0,X5-0.414) * abs(X0) + 6.15*max(0,0.414-X5) * max(0,X2-2.22) - 6.03*max(0,-0.802-X4) - 5.77*max(0,X1-2.23) * max(0,X5+0.0608) - 5.74*max(0,X1-2.23) * max(0,X0+0.191) + 5.41*max(0,X1-2.23) * abs(X2) + 5.27*max(0,-0.469-X2) - 5.26*max(0,-1.01-X5) + 5.23*max(0,X2-0.203) * max(0,X6-1.09) + 4.99*max(0,-1.15-X0) + 4.83*max(0,-0.804-X6) - 4.69*max(0,X0+0.191) * max(0,X6-0.712) - 4.61*X5 * max(0,X6-1.09) + 4.61*max(0,X1-2.23) * max(0,X6-1.09) - 4.58*abs(X2) * max(0,X5-0.414) - 4.54*max(0,X0-0.287) * max(0,X2-0.203) - 4.42*max(0,X6-0.712) - 4.41*max(0,X5+0.0608) - 4.28*abs(X0) * max(0,X5+0.0608) + 4.24*max(0,X0-0.287) + 4.21*max(0,X2-1.55) * abs(X5) - 4.18*max(0,X5-0.414) * max(0,X5-1.36) + 4.16*max(0,X2-0.203) * max(0,X5-0.414) + 4.14*max(0,X2-1.55) * X5 + 3.97*max(0,-0.191-X0) * max(0,X6-1.09) + 3.96*max(0,X6-0.712) * max(0,X5+0.0608) + 3.89*abs(X2) * max(0,X0+0.191) - 3.88*max(0,-0.425-X6) * max(0,-0.0608-X5) + 3.70*abs(X2) * max(0,X5+0.0608) + 3.68*abs(X0) + 3.62*max(0,X4-1.77) - 3.50*X2**2 - 3.44*max(0,X2-1.55) * abs(X0) - 3.39*max(0,X2-0.203) * max(0,X1-2.23) + 3.39*max(0,X1-0.740) - 3.37*max(0,X2-1.55) * max(0,X2-2.22) + 3.31*max(0,X2-0.203) * max(0,-0.425-X6) - 3.31*abs(X4) - 3.30*max(0,X1-2.23) * X5 + 3.28*max(0,-1.50-X1) - 3.28*max(0,0.203-X2) - 3.19*max(0,X0-0.287) * max(0,X5+0.0608) + 3.06*max(0,-0.751-X1) + 3.04*max(0,X6-1.09) * max(0,X5+0.0608) + 2.96*max(0,-0.286-X4) + 2.94*max(0,X2-1.55) * max(0,X5+0.0608) + 2.81*max(0,X1-2.23) - 2.78*abs(X2) * max(0,X6-0.712) + 2.74*max(0,X1-1.49) - 2.60*max(0,-0.0608-X5) + 2.59*abs(X2) * abs(X0) + 2.57*max(0,-0.425-X6) * max(0,X5-1.36) - 2.55*max(0,-0.425-X6) * max(0,X0+0.191) + 2.50*max(0,X2-0.203) * max(0,X0+0.191) - 2.47*max(0,X2-0.203) * abs(X5) + 2.46*max(0,0.876-X2) + 2.42*max(0,X5-0.414) * abs(X5) - 2.42*max(0,X0+0.191) * max(0,X5+0.0608) - 2.41*max(0,X5-1.36) * abs(X5) + 2.40*max(0,-1.46-X3) - 2.39*X0**2 + 2.34*X4**2 + 2.32*abs(X2) * max(0,X2-2.89) - 2.26*max(0,X0-0.287) * max(0,X0+0.191) - 2.22*max(0,X0-0.287) * abs(X5) - 2.22*max(0,X5-0.888) + 2.20*max(0,-0.425-X6) * X5 + 2.18*max(0,X2-1.55) - 2.15*max(0,-0.191-X0) * max(0,X6-0.712) - 2.14*abs(X2) * max(0,-0.191-X0) - 2.12*max(0,X6-1.09) * abs(X5) + 2.07*max(0,X5-1.36) * abs(X0) - 2.03*max(0,-0.191-X0) - 2.02*abs(X2) * max(0,X2-1.55) - 2.01*X6**2 + 1.95*max(0,X4-0.744) - 1.94*X1**2 - 1.92*max(0,X2+0.469) + 1.89*abs(X2) - 1.88*max(0,-2.51-X3) - 1.88*abs(X0) * max(0,X6-1.09) + 1.82*max(0,X5-0.414) * max(0,X6-0.712) + 1.80*max(0,-3.57-X3) - 1.76*max(0,X0+0.191) + 1.73*max(0,X2-2.22) * max(0,X2-2.89) - 1.69*max(0,X4-0.229) + 1.62*X5**2 + 1.58*max(0,-0.668-X0) + 1.57*max(0,X0+1.15) + 1.57*max(0,X0-0.287) * X5 - 1.50*max(0,X0+0.191) * max(0,X5-0.414) - 1.48*max(0,X2-0.203) * max(0,-0.191-X0) + 1.45*max(0,X0-0.287) * abs(X0) - 1.44*max(0,X2-0.203) * X5 + 1.40*max(0,X2-0.203) * abs(X0) + 1.38*max(0,0.414-X5) * abs(X0) - 1.37*max(0,0.414-X5) * max(0,X2-1.55) + 1.35*max(0,X5-0.414) - 1.34*X0 + 1.34*max(0,-0.425-X6) * max(0,X2-2.22) - 1.33*max(0,-0.191-X0) * abs(X0) + 1.27*max(0,X0-0.764) - 1.27*max(0,X2-0.203) * max(0,X5+0.0608) + 1.26*X2 + 1.25*max(0,X6-0.712) * abs(X5) + 1.22*max(0,X2-2.22) * abs(X5) + 1.17*max(0,0.414-X5) * max(0,-0.0608-X5) - 1.16*max(0,-0.0460-X6) - 1.11*max(0,X2-0.203) * max(0,X6-0.712) - 1.09*abs(X2) * max(0,X6-1.09) - 1.08*max(0,0.414-X5) * max(0,X0+0.191) + 1.07*max(0,-1.62-X0) + 1.07*max(0,0.764-X0) + 1.07*max(0,X0+0.191) * abs(X0) - 1.04*abs(X2) * max(0,X2-2.22) - 1.02*max(0,X2-0.203) * max(0,X2-1.55) - 0.946*abs(X2) * max(0,-0.425-X6) + 0.896*max(0,X0+0.668) - 0.877*max(0,0.229-X4) - 0.877*abs(X5) * max(0,-0.0608-X5) + 0.860*abs(X1) + 0.841*max(0,X2-0.203) + 0.823*max(0,X5-1.36) - 0.821*max(0,X2-1.55) * max(0,X6-0.712) - 0.819*X1 + 0.793*abs(X6) - 0.791*max(0,-0.425-X6) * max(0,X5+0.0608) - 0.746*max(0,-0.425-X6) * max(0,-0.191-X0) + 0.718*abs(X2) * max(0,-0.0608-X5) - 0.710*abs(X5) + 0.654*max(0,0.414-X5) * abs(X5) + 0.653*max(0,0.740-X1) - 0.625*max(0,X2-1.55) * max(0,X0+0.191) + 0.614*max(0,X5-0.414) * X5 + 0.595*max(0,X2-0.203) * max(0,X2-2.22) + 0.591*max(0,X4+0.802) + 0.579*max(0,-0.402-X3) + 0.568*max(0,X0-0.287) * max(0,-0.425-X6) + 0.568*max(0,X0-0.287) * max(0,X2-1.55) - 0.563*max(0,1.49-X1) + 0.530*max(0,X6-0.333) + 0.528*X5 + 0.523*max(0,X0+0.191) * X5 - 0.517*max(0,X3+1.46) - 0.513*max(0,0.654-X3) + 0.495*max(0,X3+0.402) + 0.493*X5 * max(0,X6-0.712) + 0.477*max(0,X3+3.57) - 0.471*max(0,-0.191-X0) * max(0,-0.0608-X5) - 0.467*max(0,X6+0.0460) - 0.455*max(0,X3+2.51) - 0.399*max(0,X5+0.0608) * abs(X5) + 0.391*max(0,X2-0.203) * max(0,-0.0608-X5) - 0.380*max(0,X0+0.191) * max(0,-0.0608-X5) - 0.378*abs(X2) * X5 + 0.368*max(0,1.09-X6) - 0.367*max(0,0.414-X5) * max(0,X6-0.712) - 0.364*max(0,2.23-X1) + 0.358*max(0,X2-0.203) * abs(X2) + 0.356*abs(X3) + 0.350*abs(X0) * X5 - 0.329*max(0,0.414-X5) * max(0,-0.191-X0) + 0.317*abs(X0) * max(0,X6-0.712) - 0.306*max(0,X0+0.191) * max(0,X2-2.22) - 0.303*max(0,0.888-X5) - 0.299*X4 + 0.289*max(0,X3-1.71) - 0.289*max(0,-0.00592-X1) + 0.286*max(0,0.414-X5) * X5 - 0.284*X5 * max(0,X5+0.0608) + 0.270*max(0,X2-2.22) + 0.262*X5 * max(0,X2-2.89) + 0.262*max(0,X2-0.203) * max(0,X2-2.89) - 0.255*max(0,X0+1.62) - 0.245*X5 * abs(X5) - 0.243*max(0,X1-2.23) * abs(X0) + 0.223*max(0,-0.425-X6) - 0.216*X3**2 - 0.213*max(0,1.71-X3) - 0.198*max(0,-0.535-X5) + 0.184*max(0,0.333-X6) + 0.173*max(0,2.89-X2) + 0.162*max(0,X5+0.535) - 0.157*abs(X2) * abs(X5) - 0.147*max(0,X5-1.36) * max(0,X5+0.0608) - 0.137*max(0,-0.191-X0) * X5 - 0.131*abs(X0) * max(0,-0.0608-X5) + 0.131*max(0,-0.425-X6) * abs(X0) - 0.128*max(0,1.55-X2) + 0.125*max(0,X5+1.01) + 0.112*max(0,X6+0.425) - 0.110*max(0,1.26-X4) + 0.0994*max(0,X5+0.0608) * max(0,X2-2.89) + 0.0744*max(0,X1+0.00592) + 0.0682*max(0,X2-2.22) * max(0,X5+0.0608) + 0.0545*max(0,X2-2.22) * max(0,X6-0.712) + 0.0491*max(0,0.414-X5) - 0.0468*max(0,X3-0.654) + 0.0443*X5 * max(0,X2-2.22) - 0.0422*max(0,0.712-X6) + 0.0379*X6 - 0.0350*max(0,1.36-X5) - 0.0345*X3 - 0.0343*max(0,X0+0.191) * max(0,X2-2.89) + 0.0212*X5 * max(0,-0.0608-X5) + 0.0125*abs(X0) * max(0,X2-2.22) - 0.00979*max(0,0.744-X4) - 0.00905*max(0,X4+0.286) - 0.000744*max(0,X2-1.55) * max(0,X2-2.89)"
ffx,556_analcatdata_apnea2,ok,0.856712,899.700306,328,4.2,,"-0.514 + 122*max(0,X1-0.995) * max(0,X0-1.07) - 32.4*max(0,X1+0.105) * max(0,X0-1.07) - 32.0*max(0,X0+0.0866) * max(0,X1-0.995) - 10.9*max(0,X2-1.19) * max(0,X0-1.07) + 8.40*max(0,X1+0.105) * max(0,X0+0.0866) - 4.84*max(0,X2-1.19) * max(0,X1-0.995) + 3.42*max(0,X1+0.105) * max(0,X1-0.995) - 3.28*max(0,-0.0866-X0) * max(0,X1-0.995) - 3.12*max(0,-0.105-X1) * max(0,X0-1.07) - 2.55*max(0,X1-0.995) + 2.46*max(0,X2-1.19) * max(0,X0+0.0866) + 2.15*max(0,X0-1.07) + 1.01*max(0,X2-1.19) * max(0,X1+0.105) + 0.695*max(0,-0.105-X1) * max(0,X0+0.0866) + 0.659*max(0,-0.0866-X0) * max(0,X1+0.105) + 0.549*max(0,-0.105-X1) * max(0,X2-1.19) - 0.514*max(0,X1+0.105) - 0.500*max(0,X0+0.0866) + 0.452*max(0,X2-0.788) * max(0,X1-0.995) - 0.395*max(0,X2-0.384) - 0.352*max(0,X2-0.788) + 0.314*max(0,X2+0.0202) - 0.274*max(0,-0.105-X1) * max(0,X2-0.788) + 0.242*max(0,-0.0866-X0) + 0.174*max(0,X0+0.0866) * max(0,X0-1.07) + 0.169*max(0,X2-0.788) * max(0,X1+0.105) + 0.150*max(0,-0.105-X1) + 0.148*max(0,-0.839-X1) + 0.118*max(0,X2-0.788) * max(0,X0+0.0866) + 0.114*max(0,X2-1.19) + 0.0963*max(0,-0.424-X2) + 0.0421*max(0,X2+0.424) - 0.000410*max(0,-0.0866-X0) * max(0,X2-1.19)"
ffx,557_analcatdata_apnea1,ok,0.808903,873.565044,532,6.91,,"-0.489 + 351*max(0,X1-0.995) * max(0,X0-1.07) - 226*max(0,X1+0.105) * max(0,X0-1.07) - 160*max(0,X1-0.995) * max(0,X0-0.683) + 113*max(0,X1+0.105) * max(0,X0-0.683) + 69.0*max(0,X0-1.07) * max(0,X1-0.628) - 29.1*max(0,X1-0.628) * max(0,X0-0.683) + 21.6*max(0,X1-0.995) * max(0,X1-0.628) + 21.5*max(0,X1+0.105) * max(0,X1-0.995) - 19.6*max(0,-0.424-X2) * max(0,X0-1.07) - 18.6*max(0,X1+0.105) * max(0,X1-0.628) - 10.8*max(0,X2-0.384) * max(0,X0-1.07) + 10.1*max(0,X0-1.07) * max(0,X0-0.683) + 9.87*max(0,-0.424-X2) * max(0,X0-0.683) - 9.43*max(0,X2-1.19) * max(0,X1-0.995) - 9.20*max(0,X0-1.07) * max(0,X2-0.788) - 8.04*max(0,X1-0.995) * max(0,X2-0.788) + 7.44*max(0,X2-1.19) * max(0,X1-0.628) - 7.19*max(0,X2-1.19) * max(0,X0-1.07) - 6.75*max(0,X0+0.0866) * max(0,X1-0.628) + 4.71*max(0,X2-0.384) * max(0,X0-0.683) + 4.25*max(0,X0-0.683) * max(0,X2-0.788) + 3.40*max(0,X1+0.105) * max(0,X2-0.788) - 2.72*max(0,X0+0.0866) * max(0,X0-0.683) - 2.47*max(0,X2-1.19) * max(0,X1+0.105) + 2.42*max(0,X1-0.628) - 2.26*max(0,-0.424-X2) * max(0,X1-0.628) - 2.19*max(0,X2-0.788) - 2.10*max(0,X2-0.384) * max(0,X1-0.995) + 1.83*max(0,X2-1.19) * max(0,X0-0.683) - 1.52*max(0,-0.424-X2) + 1.37*max(0,X2-1.19) * max(0,X2-0.788) + 1.31*max(0,-0.424-X2) * max(0,X1-0.995) + 1.11*max(0,X0+0.0866) * max(0,X0-1.07) + 1.02*max(0,X0+0.0866) * max(0,X2-0.788) + 0.955*max(0,X2-1.19) + 0.925*max(0,-0.828-X2) + 0.917*max(0,X2-0.384) * max(0,X1-0.628) + 0.846*max(0,X1+0.105) + 0.734*max(0,X2-0.384) + 0.713*max(0,X1+0.105) * max(0,-0.424-X2) + 0.688*max(0,-0.0202-X2) - 0.648*max(0,X1+0.105) * max(0,X2-0.384) + 0.631*max(0,X1-0.628) * max(0,X2-0.788) - 0.550*max(0,-0.839-X1) + 0.550*max(0,-0.105-X1) - 0.342*max(0,X2-0.384) * max(0,X2-0.788) - 0.282*max(0,X0+0.0866) + 0.277*max(0,-0.856-X0) + 0.166*max(0,X2+0.0202) - 0.164*max(0,-0.0866-X0) + 0.0628*max(0,0.683-X0) - 0.0444*max(0,0.628-X1)"
ffx,560_bodyfat,ok,0.332243,5.757504,1013,24.05,,"-0.144 - 22.8*max(0,X1-1.32) * max(0,X0-0.678) + 5.88*max(0,X0-1.36) * max(0,X13-1.97) - 4.99*max(0,X8-1.02) * max(0,X0-0.678) + 3.60*max(0,-0.382-X7) * max(0,X1-1.32) + 2.83*max(0,-1.22-X3) * max(0,X0-1.36) - 2.44*max(0,X5-1.51) * max(0,0.0393-X12) - 1.69*max(0,-0.382-X7) * max(0,X5-1.51) + 1.68*max(0,X1-2.66) - 1.11*max(0,X1-1.99) - 0.983*max(0,-0.382-X7) * max(0,X12-0.0393) - 0.974*max(0,-1.14-X4) * max(0,X12-0.0393) - 0.916*X0 - 0.901*max(0,X0-2.05) + 0.892*max(0,X0-1.36) * abs(X12) + 0.658*max(0,X1-1.32) * X0 - 0.619*max(0,-1.18-X11) * max(0,X0-0.678) - 0.584*max(0,X0-1.36) - 0.565*max(0,X1-1.32) - 0.538*max(0,-1.14-X4) * max(0,X0-0.678) + 0.487*max(0,X1-1.32) * abs(X12) + 0.481*max(0,X12-1.28) + 0.473*max(0,X9-1.70) - 0.449*max(0,-0.414-X2) - 0.324*max(0,X1-1.32) * max(0,X13-1.97) - 0.318*max(0,X12-1.91) - 0.315*max(0,-0.678-X1) + 0.287*max(0,X3+1.22) * max(0,X1-1.32) + 0.285*max(0,-1.18-X11) * abs(X12) + 0.260*max(0,X8-1.02) * max(0,X3+1.22) + 0.243*max(0,X1-1.32) * max(0,X12-0.0393) - 0.212*max(0,X4-0.945) - 0.207*max(0,-0.382-X7) * max(0,X0-1.36) + 0.205*max(0,X13-1.25) * X0 + 0.200*max(0,-0.382-X7) * X0 + 0.184*max(0,0.0393-X12) * max(0,X0-1.36) + 0.161*max(0,X5-1.51) * abs(X12) - 0.143*X12 * max(0,X0-1.36) + 0.142*max(0,-0.276-X5) - 0.141*max(0,X10-0.453) + 0.138*max(0,-0.0108-X1) - 0.137*max(0,-0.643-X6) + 0.134*max(0,X0-0.678) * max(0,X13-1.97) + 0.123*max(0,X8-1.02) * X0 - 0.123*X12**2 - 0.122*max(0,X13-1.25) * max(0,X3+1.22) - 0.121*max(0,-1.14-X4) * X12 - 0.119*max(0,X0-0.678) * X0 - 0.117*X12 * max(0,X8-1.02) + 0.113*max(0,X5-1.51) * max(0,X13-1.25) + 0.113*abs(X10) - 0.112*max(0,X0+0.692) - 0.112*max(0,-0.382-X7) * max(0,-1.14-X4) + 0.104*abs(X2) - 0.104*max(0,-0.676-X10) + 0.102*max(0,0.0393-X12) + 0.0974*max(0,X5-1.51) * max(0,X12-0.0393) + 0.0969*max(0,-1.14-X4) * max(0,X3+1.22) + 0.0943*abs(X6) + 0.0894*max(0,X5+0.276) - 0.0877*max(0,X6+0.643) + 0.0799*max(0,-1.38-X0) + 0.0761*max(0,0.277-X3) + 0.0735*max(0,-0.00676-X0) + 0.0732*max(0,-1.14-X4) + 0.0731*abs(X11) + 0.0684*max(0,-0.853-X8) - 0.0663*max(0,X11-0.552) + 0.0660*X0 * max(0,X8-1.96) - 0.0647*max(0,X2+0.414) + 0.0646*max(0,X1-0.657) - 0.0635*max(0,X9-0.860) + 0.0611*max(0,-1.17-X5) + 0.0569*max(0,3.84-X8) - 0.0550*max(0,-0.382-X7) * X12 - 0.0529*max(0,0.453-X10) + 0.0517*max(0,X3+1.22) * max(0,X0-0.678) - 0.0492*abs(X8) - 0.0490*max(0,1.25-X13) + 0.0482*max(0,0.678-X0) + 0.0445*X12 * max(0,X3+1.22) - 0.0444*max(0,-0.382-X7) * max(0,X3+1.22) - 0.0435*abs(X3) + 0.0428*X13**2 - 0.0394*max(0,-0.827-X9) + 0.0370*max(0,X3-0.277) - 0.0339*X5**2 - 0.0337*max(0,X3+1.22) - 0.0331*max(0,X11-1.42) * abs(X12) + 0.0265*max(0,-1.18-X11) - 0.0250*max(0,0.552-X11) + 0.0223*max(0,0.662-X12) - 0.0222*max(0,X11-1.42) * max(0,X0-0.678) - 0.0219*max(0,X3+1.22) * max(0,X0-1.36) - 0.0209*abs(X13) - 0.0160*max(0,X8-1.02) * abs(X12) - 0.0156*max(0,X5-1.51) * max(0,X3+1.22) + 0.0156*abs(X1) + 0.0150*max(0,X12-0.0393) * max(0,X4-1.99) + 0.0134*max(0,0.657-X1) - 0.0129*max(0,0.860-X9) - 0.0127*max(0,0.945-X4) + 0.0115*max(0,X3+1.22) * X0 + 0.0109*X12 * X0 + 0.00962*max(0,X3+1.22) * abs(X12) + 0.00914*max(0,-1.18-X11) * max(0,0.0393-X12) - 0.00609*abs(X5) + 0.00563*max(0,X0-0.678) * max(0,-1.22-X3) + 0.00443*abs(X7) + 0.00418*max(0,2.90-X8) + 0.00417*max(0,2.05-X0) + 0.00406*X12 * max(0,0.0393-X12) - 0.00219*max(0,X11-1.42) - 0.00171*max(0,0.0393-X12) * abs(X12) - 0.00143*max(0,X12+0.584) - 0.00127*max(0,-0.941-X13) - 0.000890*X8 - 0.000600*max(0,-0.316-X11)"
ffx,561_cpu,ok,0.935601,21.194296,1928,18.44,,"1.29 + 29.0*max(0,X0-1.16) * max(0,X4-2.05) - 3.81*max(0,1.28-X4) * max(0,X5-2.90) + 3.05*max(0,X1-3.87) - 2.91*max(0,X0-1.16) * max(0,X4-0.518) - 2.86*max(0,X0-1.16) * max(0,0.518-X4) + 2.67*abs(X4) * max(0,X0-1.16) + 2.62*max(0,X0-1.16) * max(0,1.28-X4) - 2.55*max(0,X4-0.518) * max(0,1.28-X4) - 2.28*max(0,X0-1.16) * max(0,X6-3.94) + 2.03*max(0,X6-3.94) + 1.85*max(0,X0-1.16) * max(0,X4-1.28) - 1.57*X4 * max(0,X0-1.16) - 1.55*max(0,X1-3.16) + 1.50*max(0,X0-0.673) * max(0,X0-1.16) - 1.47*max(0,X4-4.35) - 1.40*max(0,1.83-X2) * max(0,X0-1.16) - 1.19*abs(X4) * max(0,X0-0.673) + 1.13*max(0,X0-0.673) * max(0,X4-2.05) - 1.08*max(0,X0-0.673) * max(0,0.518-X4) + 0.977*max(0,X2-1.83) + 0.956*max(0,X4-2.05) * max(0,X5-3.95) - 0.946*max(0,X2-1.83) * max(0,X4-3.58) - 0.935*max(0,1.28-X4) + 0.933*max(0,X4-3.58) - 0.861*max(0,X5-6.04) - 0.841*max(0,X6-3.94) * max(0,X4-2.05) - 0.810*max(0,X0-0.673) * max(0,X4-0.518) + 0.739*abs(X4) * max(0,X0-0.187) - 0.684*max(0,X3-2.67) - 0.633*max(0,X1-2.46) + 0.494*max(0,X0-0.187) * max(0,X6-3.94) + 0.492*max(0,X2-1.83) * max(0,X0-0.187) - 0.486*max(0,X4-1.28) * max(0,X6-3.94) + 0.460*max(0,1.83-X2) * max(0,X0-0.673) + 0.438*max(0,X2-4.92) + 0.438*max(0,X5-3.95) + 0.433*max(0,X2-1.83) * max(0,1.28-X4) - 0.430*max(0,X0-0.673) * max(0,X0-0.187) + 0.412*max(0,0.803-X2) * max(0,X5-3.95) + 0.384*max(0,X5-2.90) - 0.378*max(0,X6-2.24) * max(0,X4-3.58) + 0.375*max(0,X2-3.89) + 0.375*max(0,X4-2.05) - 0.359*max(0,X3-3.34) - 0.339*max(0,X1-1.06) - 0.324*abs(X4) * max(0,0.518-X4) - 0.312*max(0,2.24-X6) + 0.301*X3**2 - 0.297*max(0,X4-0.518) * max(0,X6-3.94) + 0.288*max(0,X6-2.24) * max(0,X5-3.95) - 0.281*max(0,X3-2.00) - 0.276*X4 * max(0,X5-3.95) + 0.271*max(0,1.40-X6) + 0.267*max(0,X0-0.187) * max(0,X5-3.95) - 0.259*abs(X3) + 0.256*max(0,0.187-X0) + 0.253*max(0,X0-0.673) * max(0,X4-1.28) - 0.251*max(0,-0.787-X0) - 0.241*X4 - 0.237*max(0,X4-1.28) + 0.226*abs(X2) + 0.219*max(0,X2-5.95) - 0.219*abs(X4) * max(0,X6-2.24) - 0.218*abs(X0) * max(0,X4-3.58) - 0.217*max(0,0.803-X2) - 0.208*X4 * max(0,X6-3.94) - 0.206*max(0,X6-2.24) - 0.204*max(0,X2-0.803) - 0.203*max(0,X5-2.90) * max(0,X5-3.95) + 0.198*max(0,X6-3.09) + 0.194*max(0,X2-2.86) + 0.191*max(0,1.83-X2) * max(0,X6-3.94) + 0.189*max(0,X0-1.16) + 0.185*max(0,3.94-X6) - 0.183*max(0,X5-5.00) + 0.176*X1**2 - 0.175*abs(X0) * max(0,0.518-X4) + 0.175*abs(X4) * max(0,1.28-X4) + 0.174*abs(X0) * max(0,X5-3.95) - 0.173*abs(X1) - 0.171*abs(X0) * max(0,X0-0.187) - 0.170*X5 - 0.166*max(0,-0.00371-X3) - 0.165*max(0,X5-1.85) + 0.157*max(0,X6-1.40) + 0.156*max(0,1.83-X2) * max(0,X4-3.58) - 0.155*max(0,0.803-X2) * max(0,1.28-X4) + 0.153*max(0,X3-0.666) + 0.151*abs(X4) - 0.145*max(0,X3-1.33) + 0.143*X4 * max(0,X6-2.24) + 0.142*max(0,X0-0.187) * max(0,X4-2.05) + 0.135*max(0,X6-2.24) * max(0,X6-3.94) + 0.133*max(0,0.353-X1) + 0.133*abs(X0) * max(0,X6-2.24) - 0.127*max(0,3.09-X6) - 0.126*max(0,1.06-X1) - 0.125*max(0,X0-0.187) * max(0,X0-1.16) + 0.121*abs(X0) * max(0,X0-1.16) + 0.119*max(0,2.82-X4) + 0.118*max(0,1.83-X2) * max(0,1.28-X4) + 0.118*X4 * max(0,X0-0.673) - 0.115*X2**2 + 0.114*abs(X0) * abs(X4) + 0.109*X4 * max(0,0.518-X4) + 0.108*max(0,0.518-X4) * max(0,1.28-X4) - 0.105*abs(X0) * max(0,X4-0.518) + 0.105*max(0,X2-1.83) * max(0,X5-3.95) - 0.104*abs(X0) * X4 + 0.104*max(0,3.58-X4) - 0.104*max(0,X5-0.806) + 0.0993*max(0,X0-0.187) - 0.0991*max(0,0.806-X5) - 0.0937*max(0,3.34-X3) + 0.0907*max(0,2.86-X2) - 0.0879*max(0,5.00-X5) - 0.0874*max(0,X0-0.673) * max(0,X4-2.82) + 0.0870*max(0,X0-0.187) * max(0,1.28-X4) + 0.0860*max(0,-1.27-X0) + 0.0858*max(0,X0-0.187) * max(0,X4-3.58) + 0.0800*X0**2 - 0.0788*max(0,1.16-X0) + 0.0780*max(0,X6-4.78) + 0.0778*max(0,1.33-X3) - 0.0749*max(0,0.552-X6) - 0.0739*max(0,2.67-X3) + 0.0733*max(0,X0-0.673) * max(0,X5-3.95) + 0.0724*max(0,X0-0.187) * max(0,0.518-X4) - 0.0722*X4 * max(0,1.28-X4) + 0.0715*max(0,X6-0.552) + 0.0694*max(0,1.83-X2) * max(0,X4-1.28) - 0.0684*X4 * max(0,X0-0.187) - 0.0677*max(0,1.83-X2) - 0.0663*max(0,X1-1.76) + 0.0623*max(0,1.76-X1) + 0.0596*max(0,4.92-X2) - 0.0566*max(0,X0-0.187) * max(0,X4-0.518) + 0.0564*max(0,1.83-X2) * max(0,X5-3.95) - 0.0522*abs(X0) - 0.0508*max(0,2.90-X5) + 0.0506*X5**2 - 0.0492*X6**2 + 0.0492*X2 - 0.0489*abs(X0) * max(0,X4-1.28) - 0.0456*max(0,X0+0.300) - 0.0438*max(0,6.04-X5) + 0.0437*abs(X6) + 0.0433*abs(X4) * max(0,X6-3.94) - 0.0414*max(0,2.05-X4) + 0.0362*X4 * max(0,X4-3.58) - 0.0348*max(0,1.83-X2) * max(0,X4-0.518) + 0.0316*X3 + 0.0312*max(0,X0+1.27) + 0.0302*max(0,X6-2.24) * max(0,X4-1.28) + 0.0300*max(0,1.85-X5) - 0.0272*max(0,2.00-X3) + 0.0258*max(0,1.83-X2) * max(0,X4-2.05) + 0.0256*max(0,3.95-X5) + 0.0249*abs(X0) * max(0,X4-2.05) - 0.0245*max(0,0.673-X0) - 0.0244*max(0,X6-2.24) * max(0,1.28-X4) + 0.0240*max(0,X0-0.187) * max(0,X4-1.28) + 0.0236*abs(X5) + 0.0227*max(0,X4-2.82) - 0.0220*abs(X4) * max(0,X4-3.58) - 0.0218*max(0,X0+0.787) - 0.0216*max(0,2.46-X1) - 0.0215*max(0,1.83-X2) * abs(X0) - 0.0206*abs(X0) * max(0,X2-1.83) - 0.0205*max(0,X0-0.673) * max(0,1.28-X4) + 0.0186*X4**2 - 0.0182*max(0,0.803-X2) * max(0,X4-2.05) + 0.0180*max(0,X4-1.28) * max(0,X4-2.05) + 0.0166*abs(X4) * max(0,X4-1.28) + 0.0165*abs(X0) * max(0,X0-0.673) - 0.0160*max(0,X1-0.353) + 0.0159*abs(X0) * max(0,X6-3.94) + 0.0155*max(0,1.83-X2) * max(0,X6-2.24) - 0.0154*max(0,0.518-X4) * max(0,X5-2.90) - 0.0153*max(0,1.83-X2) * max(0,X0-0.187) - 0.0144*abs(X0) * max(0,X4-2.82) - 0.0143*max(0,0.666-X3) - 0.0132*max(0,X0-0.673) + 0.0131*max(0,X4-0.518) * max(0,X4-1.28) + 0.0120*max(0,1.83-X2) * abs(X4) + 0.0115*abs(X4) * max(0,X4-2.05) - 0.0109*X1 - 0.0109*X4 * max(0,X2-1.83) + 0.00990*max(0,X4-0.518) * max(0,X4-2.05) + 0.00981*max(0,X4-2.82) * max(0,X4-3.58) + 0.00895*X4 * max(0,X4-2.05) + 0.00880*max(0,0.803-X2) * max(0,0.518-X4) - 0.00771*max(0,X4-0.518) + 0.00762*X4 * max(0,X4-1.28) + 0.00709*X0 + 0.00686*max(0,X2-1.83) * max(0,X4-0.518) - 0.00643*X6 - 0.00634*max(0,-0.300-X0) + 0.00536*abs(X4) * max(0,X4-0.518) + 0.00525*max(0,X0-0.673) * max(0,X4-3.58) + 0.00525*max(0,X2-1.83) * max(0,X4-1.28) - 0.00505*max(0,1.83-X2) * X4 + 0.00502*max(0,1.83-X2) * max(0,0.518-X4) - 0.00461*max(0,X4-0.518) * max(0,X4-3.58) + 0.00438*max(0,0.803-X2) * max(0,X4-3.58) + 0.00424*max(0,4.35-X4) - 0.00411*max(0,X4-0.518) * max(0,X4-2.82) - 0.00369*abs(X4) * max(0,X4-2.82) - 0.00293*max(0,0.518-X4) - 0.00225*X4 * abs(X4) + 0.00185*abs(X4) * max(0,X5-2.90) + 0.00132*max(0,1.83-X2) * max(0,X4-2.82) - 0.00130*abs(X0) * max(0,1.28-X4) + 0.000742*abs(X4) * max(0,X5-3.95) + 0.000728*max(0,X4-1.28) * max(0,X4-2.82) + 0.000627*max(0,X2-1.83) * abs(X4) + 0.000600*max(0,X6-2.24) * max(0,X0-1.16) - 0.000564*X4 * max(0,X5-2.90) + 0.000421*max(0,X4-2.05) * max(0,X5-2.90) - 0.000377*max(0,X2-1.83) * max(0,X4-2.82) + 0.000360*X4 * max(0,X4-0.518) + 0.000342*max(0,X6-2.24) * max(0,X4-0.518) - 0.000140*max(0,X6-2.24) * max(0,X4-2.82) + 8.85e-5*max(0,X6-2.24) * max(0,X5-2.90) - 1.90e-5*max(0,X6-2.24) * max(0,0.518-X4) + 5.97e-6*max(0,X2-1.83) * max(0,X5-2.90) + 1.01e-7*max(0,0.803-X2) * max(0,X4-2.82)"
ffx,562_cpu_small,ok,-9.820397,20.827619,2265,30.46,,"-5.28 + 7.99*X9 * max(0,X2-2.18) - 6.63*max(0,X5-2.40) * max(0,X2-2.18) + 6.47*X9 * max(0,X10-1.93) - 3.32*max(0,-2.16-X11) - 2.42*max(0,X7-1.67) * max(0,-0.0953-X2) + 2.37*abs(X2) * max(0,-2.16-X11) - 2.34*X9 * max(0,X11-0.259) + 2.23*max(0,X10-1.93) * max(0,-0.0953-X2) - 2.07*max(0,0.0808-X3) * max(0,X5-2.40) - 2.01*max(0,X4-5.25) - 1.97*max(0,X2-2.18) + 1.91*max(0,X2-0.474) * max(0,X11-0.259) - 1.58*max(0,0.0808-X3) * max(0,X10-1.93) + 1.44*max(0,0.259-X11) * max(0,-0.0953-X2) - 1.34*abs(X11) * max(0,-0.0953-X2) - 1.31*max(0,X8-5.28) - 1.25*max(0,X11-0.864) - 1.19*X9 * max(0,X4-2.34) - 1.17*X2 * max(0,X11-0.259) - 1.14*max(0,X2-1.04) + 1.10*max(0,0.0808-X3) * max(0,X10-1.36) + 1.08*max(0,1.32-X9) + 1.02*max(0,X2-0.474) * max(0,X7-3.17) - 0.965*max(0,X2-0.474) * abs(X11) + 0.952*max(0,X10-1.36) * abs(X11) - 0.951*max(0,0.0808-X3) * max(0,X9-6.34) + 0.919*max(0,4.36-X8) * max(0,X8-3.43) - 0.917*max(0,4.36-X8) * max(0,X8-2.51) + 0.909*max(0,X5-2.40) * max(0,X4-2.34) - 0.905*X2 * max(0,-0.0953-X2) + 0.859*X2 * max(0,X10-1.36) - 0.856*abs(X2) * max(0,X10-1.93) + 0.824*max(0,X10-2.51) + 0.807*abs(X2) * max(0,X7-3.17) + 0.805*max(0,X11-0.259) * max(0,X7-1.67) + 0.714*X2 * max(0,X7-3.17) - 0.641*max(0,X8-4.36) - 0.616*max(0,X3-0.0808) - 0.609*max(0,0.0808-X3) * abs(X2) - 0.577*abs(X2) * max(0,X10-1.36) + 0.558*max(0,-0.0953-X2) - 0.535*abs(X11) - 0.529*max(0,X2-1.61) + 0.522*max(0,4.36-X8) * max(0,X2-2.18) - 0.495*max(0,0.259-X11) * max(0,0.0808-X3) + 0.491*max(0,2.32-X9) - 0.489*max(0,X6-2.08) + 0.476*max(0,X5-2.40) * max(0,X10-1.93) + 0.472*max(0,2.51-X8) * max(0,X2-2.18) + 0.468*max(0,X8-1.59) + 0.458*max(0,X10-1.36) + 0.457*max(0,-0.347-X11) - 0.453*max(0,0.0808-X3) * max(0,X9-5.34) - 0.451*max(0,X9-5.34) + 0.431*max(0,1.59-X8) - 0.426*max(0,X10-3.08) - 0.420*max(0,-0.0953-X2) * max(0,X7-2.42) + 0.418*max(0,X4-3.31) * max(0,X8-4.36) - 0.410*max(0,X2-0.474) * max(0,X8-2.51) - 0.406*max(0,0.0808-X3) - 0.402*max(0,X7-2.42) + 0.400*max(0,2.51-X8) * max(0,0.0808-X3) - 0.394*X2 + 0.383*max(0,X7-3.92) - 0.365*max(0,X10-1.93) + 0.358*abs(X3) + 0.356*abs(X2) - 0.352*max(0,X7-0.164) + 0.346*max(0,X9-5.34) * max(0,X9-6.34) - 0.335*max(0,0.669-X8) - 0.331*X9 * max(0,X7-1.67) + 0.329*max(0,X4-1.37) - 0.315*max(0,2.51-X8) * abs(X2) - 0.311*max(0,0.0808-X3) * max(0,-0.0953-X2) + 0.307*max(0,X11-0.259) * abs(X11) + 0.306*max(0,X10-1.36) * max(0,-0.0953-X2) + 0.306*abs(X10) + 0.304*max(0,X7-1.67) + 0.297*max(0,X2-0.474) * abs(X2) + 0.294*max(0,X8-2.51) + 0.282*max(0,2.51-X8) * max(0,-2.16-X11) - 0.278*X10**2 + 0.277*abs(X8) - 0.276*abs(X2) * max(0,X8-2.51) - 0.275*max(0,X6-3.11) - 0.273*max(0,0.0808-X3) * max(0,X11-0.259) + 0.267*max(0,X10-1.36) * max(0,X11-0.259) + 0.264*max(0,4.33-X9) - 0.260*max(0,0.259-X11) * abs(X2) - 0.253*X2 * max(0,X8-2.51) + 0.251*max(0,0.259-X11) - 0.247*X9 * max(0,X8-2.51) + 0.246*abs(X11) * max(0,X7-1.67) + 0.245*max(0,1.52-X5) - 0.232*max(0,0.259-X11) * abs(X11) - 0.230*max(0,0.164-X7) - 0.227*max(0,X2-0.474) * max(0,0.0808-X3) + 0.223*max(0,4.14-X6) + 0.223*abs(X11) * max(0,-2.16-X11) + 0.216*abs(X1) - 0.204*max(0,4.36-X8) * max(0,X10-1.93) - 0.202*max(0,4.36-X8) * max(0,X7-2.42) - 0.202*X2 * max(0,X10-1.93) - 0.198*max(0,2.51-X8) * max(0,X7-2.42) + 0.195*abs(X6) - 0.192*max(0,2.51-X8) * max(0,-0.0953-X2) - 0.189*X9 * X2 + 0.189*X3 + 0.187*max(0,X7-3.17) + 0.186*X2 * max(0,-2.16-X11) + 0.184*abs(X11) * max(0,X10-1.93) - 0.177*max(0,X10-0.783) - 0.176*max(0,X2-0.474) - 0.169*max(0,X9-6.34) + 0.168*abs(X2) * abs(X11) + 0.163*abs(X11) * max(0,X8-4.36) - 0.161*max(0,X9-3.33) + 0.158*max(0,0.259-X11) * X2 - 0.156*max(0,-2.16-X11) * max(0,X8-4.36) + 0.154*max(0,X7-0.916) - 0.151*X9 * max(0,X7-3.17) - 0.150*max(0,X6-6.20) - 0.147*X2 * max(0,0.0808-X3) + 0.145*max(0,X11+0.347) - 0.144*abs(X4) + 0.143*X2 * abs(X2) + 0.141*X2**2 + 0.141*max(0,2.51-X8) + 0.141*X2 * max(0,X5-2.40) - 0.133*max(0,3.31-X4) + 0.124*max(0,1.80-X1) + 0.123*X9 * max(0,0.0808-X3) + 0.122*max(0,0.646-X5) + 0.121*max(0,2.51-X8) * max(0,X10-1.36) + 0.116*max(0,0.916-X7) - 0.114*abs(X2) * max(0,X7-2.42) + 0.113*max(0,X11-0.259) * max(0,X10-1.93) + 0.112*max(0,X6-4.14) + 0.111*abs(X7) + 0.111*max(0,X5-0.646) + 0.110*max(0,2.51-X8) * abs(X11) - 0.109*X5**2 - 0.108*max(0,X5-2.40) - 0.107*max(0,1.04-X2) + 0.107*X2 * max(0,2.51-X8) + 0.104*max(0,X5-1.52) + 0.101*max(0,0.259-X11) * max(0,X4-2.34) + 0.0971*max(0,2.34-X4) + 0.0958*max(0,2.51-X8) * max(0,X7-1.67) + 0.0955*max(0,-1.56-X11) + 0.0953*X2 * abs(X11) + 0.0933*X2 * max(0,X7-1.67) + 0.0916*abs(X2) * max(0,X11-0.259) + 0.0913*max(0,4.69-X1) + 0.0888*abs(X11) * max(0,X4-2.34) - 0.0873*max(0,X11+2.16) + 0.0862*max(0,X7-3.17) * max(0,X8-4.36) - 0.0801*X9 * abs(X2) - 0.0801*max(0,X6-1.05) + 0.0769*max(0,4.36-X8) * abs(X2) + 0.0735*max(0,4.36-X8) * max(0,X10-1.36) - 0.0734*max(0,X8-0.669) - 0.0729*max(0,6.34-X9) + 0.0722*X5 - 0.0715*max(0,1.36-X10) + 0.0711*X2 * max(0,X9-5.34) + 0.0684*max(0,X4-2.34) + 0.0674*abs(X9) + 0.0639*X6**2 + 0.0639*max(0,4.36-X8) * max(0,X7-1.67) + 0.0638*max(0,3.08-X10) - 0.0633*max(0,0.208-X10) - 0.0621*max(0,X11-0.259) * max(0,-0.0953-X2) - 0.0614*max(0,0.0808-X3) * abs(X11) - 0.0595*X11**2 + 0.0577*max(0,X5-2.40) * max(0,X11-0.259) + 0.0575*max(0,3.43-X8) + 0.0574*abs(X5) + 0.0556*max(0,X10-1.36) * max(0,X10-1.93) - 0.0535*max(0,3.27-X5) + 0.0533*abs(X2) * max(0,X2-2.18) - 0.0532*X4**2 + 0.0526*abs(X0) - 0.0509*X0**2 + 0.0439*max(0,X4-0.400) - 0.0420*max(0,3.33-X9) + 0.0398*max(0,0.259-X11) * X9 - 0.0382*max(0,4.69-X0) - 0.0358*max(0,4.36-X8) * max(0,2.51-X8) - 0.0349*max(0,X11+1.56) - 0.0347*max(0,1.61-X2) + 0.0334*max(0,X9-1.32) + 0.0299*X1**2 + 0.0298*max(0,X7-1.67) * max(0,X4-3.31) - 0.0296*max(0,2.42-X7) + 0.0287*abs(X2) * max(0,X8-4.36) + 0.0279*max(0,X5-2.40) * abs(X11) - 0.0268*max(0,0.259-X11) * max(0,X9-5.34) + 0.0265*max(0,X5-5.02) - 0.0264*max(0,X11+0.952) - 0.0238*X8**2 - 0.0222*max(0,0.783-X10) + 0.0218*max(0,X5-2.40) * abs(X2) + 0.0215*max(0,0.259-X11) * max(0,X5-2.40) + 0.0166*max(0,X3-0.996) + 0.0152*X7**2 + 0.0141*X9**2 + 0.0140*max(0,X2+0.665) - 0.0122*max(0,2.18-X2) - 0.0115*X9 * max(0,X5-2.40) - 0.00954*max(0,1.93-X10) + 0.00855*max(0,3.11-X6) - 0.00851*max(0,6.15-X0) + 0.00846*X9 * max(0,-0.0953-X2) - 0.00831*max(0,3.23-X0) - 0.00776*max(0,4.15-X5) - 0.00734*max(0,X2+0.0953) + 0.00676*max(0,X1-1.80) + 0.00660*max(0,X0-3.23) - 0.00610*max(0,1.77-X0) - 0.00548*X1 + 0.00466*max(0,9.03-X1) + 0.00417*max(0,X4-2.34) * max(0,X7-2.42) + 0.00416*max(0,6.14-X1) + 0.00390*max(0,-0.665-X2) + 0.00382*abs(X11) * max(0,X8-3.43) - 0.00242*X11 - 0.00192*max(0,5.02-X5) + 0.00176*max(0,X7-3.17) * max(0,X8-3.43) - 0.00156*max(0,X0-4.69) + 0.00155*max(0,X3-1.91) + 0.00129*X9 * abs(X11) + 0.000993*max(0,X4-3.31) * max(0,X8-3.43) - 0.000960*max(0,-2.16-X11) * max(0,X8-3.43) + 0.000848*max(0,0.259-X11) * max(0,4.36-X8) - 0.000718*max(0,1.05-X6) + 0.000656*max(0,X7-2.42) * max(0,X4-3.31) + 0.000560*max(0,4.36-X8) * max(0,X11-0.259) + 0.000521*max(0,X8-2.51) * max(0,X4-3.31) + 0.000497*max(0,X7-3.17) * max(0,X8-2.51) + 0.000490*max(0,4.36-X8) * max(0,X5-2.40) - 0.000312*max(0,2.40-X5) + 0.000297*X9 * max(0,-2.16-X11) - 0.000172*max(0,3.74-X3) + 0.000121*max(0,7.59-X1) + 0.000117*max(0,3.25-X1) + 8.08e-5*max(0,X7-1.67) * max(0,X4-2.34) - 5.70e-5*max(0,0.474-X2) - 3.91e-6*max(0,X0-6.15) + 3.02e-6*max(0,X4-2.34) * max(0,X8-4.36) - 1.57e-6*max(0,X1-4.69) + 1.39e-6*max(0,X8-2.51) * max(0,X4-2.34) + 5.08e-7*max(0,X6-5.17) + 1.27e-7*X2 * max(0,4.36-X8) + 6.53e-8*X0 + 5.91e-9*max(0,X4-2.34) * max(0,X8-3.43) - 6.91e-10*max(0,X1-6.14) - 2.08e-12*max(0,X1-7.59)"
ffx,564_fried,ok,-12.103239,20.911345,1642,16.13,,"-0.353 - 203*max(0,X6-1.32) * max(0,X7-1.24) - 122*max(0,X4-1.36) * max(0,X6-1.32) + 15.6*max(0,X4-1.36) * max(0,X7-1.24) + 6.75*max(0,X7-1.24) * max(0,X1-1.12) - 5.83*max(0,-0.381-X2) * max(0,X9-1.25) - 5.62*max(0,0.0969-X2) * max(0,X7-1.24) - 4.70*max(0,X7-1.24) * max(0,X9-0.272) + 4.63*max(0,X9-0.760) * max(0,X1-1.12) - 4.42*max(0,X6-1.32) * max(0,X1-1.12) - 4.22*max(0,-0.0859-X8) * max(0,X7-1.24) - 4.16*max(0,-0.0859-X8) * max(0,X1-1.12) + 3.75*max(0,X9-1.25) * max(0,X6-1.32) + 3.30*max(0,X4-1.36) * max(0,X2-0.0969) - 3.06*max(0,X9-1.25) * max(0,X2-0.0969) + 2.97*max(0,X4-1.36) * max(0,X1-0.652) + 2.67*max(0,X7-1.24) * max(0,-0.101-X3) + 2.59*max(0,X9-1.25) * max(0,-0.101-X3) + 2.55*max(0,X2-1.53) + 2.44*max(0,-0.101-X3) * max(0,X1-1.12) + 2.32*max(0,X4-1.36) * max(0,-0.859-X2) + 2.27*abs(X8) * max(0,X7-1.24) + 2.24*max(0,X8-1.15) - 2.12*max(0,X4-1.36) * max(0,X9-1.25) - 1.83*max(0,X8-0.739) + 1.51*max(0,-0.190-X7) * max(0,X1-1.12) - 1.47*max(0,X4-1.36) * max(0,-0.101-X3) + 1.42*abs(X8) * max(0,X1-1.12) - 1.40*max(0,X4-1.36) * max(0,X8-0.326) + 1.28*max(0,X9-0.760) * abs(X7) + 1.17*max(0,0.0969-X2) * max(0,X1-1.12) - 1.14*max(0,X9-1.25) * max(0,X8-0.326) - 1.07*max(0,X1-1.12) + 1.02*max(0,-0.859-X2) * max(0,-0.101-X3) + 0.982*max(0,X6-1.32) + 0.971*max(0,X3-1.25) + 0.965*max(0,-0.136-X6) * max(0,X1-1.12) + 0.886*max(0,X3+0.101) * max(0,X6-1.32) + 0.879*max(0,X2-0.0969) * max(0,X7-1.24) - 0.867*max(0,X1-0.652) * max(0,-0.101-X3) + 0.843*max(0,X1-0.652) * max(0,X9-1.25) + 0.834*max(0,-0.381-X2) * max(0,X7-0.287) - 0.824*max(0,-0.101-X3) * max(0,X9-0.272) - 0.821*max(0,X6-1.32) * max(0,-0.101-X3) - 0.816*max(0,X3+0.101) * max(0,-0.859-X2) + 0.771*max(0,X2-0.0969) * max(0,X9-0.272) - 0.764*max(0,-1.14-X0) + 0.744*max(0,-0.190-X7) * max(0,X8-0.326) - 0.663*max(0,-0.190-X7) * max(0,-0.859-X2) - 0.604*max(0,X1-0.652) * max(0,X6-1.32) + 0.595*max(0,-0.859-X2) * max(0,X9-0.272) - 0.587*max(0,X9-1.25) * abs(X8) - 0.558*max(0,X1-0.652) * max(0,X8-0.326) + 0.545*max(0,X1-0.652) * abs(X8) - 0.544*max(0,-0.737-X1) + 0.534*max(0,-0.190-X7) * max(0,X9-1.25) - 0.509*max(0,-0.136-X6) * max(0,X7-1.24) - 0.487*max(0,0.272-X9) * max(0,-0.101-X3) - 0.475*max(0,-1.14-X7) + 0.471*max(0,X3+0.549) + 0.443*max(0,X8-0.326) * max(0,X9-0.272) + 0.407*max(0,X9-1.25) * max(0,X7-1.24) - 0.403*max(0,0.189-X1) - 0.388*max(0,-0.911-X8) - 0.361*max(0,X5-1.38) - 0.336*max(0,X1-0.652) * abs(X3) - 0.334*abs(X7) - 0.329*max(0,-0.190-X7) * max(0,X9-0.272) + 0.328*max(0,-0.217-X9) - 0.304*max(0,-0.188-X0) + 0.280*max(0,X4+0.473) - 0.278*max(0,X9-1.25) * max(0,X3+0.101) - 0.268*max(0,X3+0.101) * max(0,X1-1.12) + 0.263*max(0,-0.381-X2) * abs(X2) - 0.256*max(0,X4-1.36) * max(0,-0.190-X7) + 0.238*abs(X8) * abs(X2) - 0.236*max(0,X4-0.446) + 0.234*max(0,-0.381-X2) * abs(X8) - 0.229*max(0,-0.965-X5) + 0.226*max(0,X3+0.101) * max(0,X7-0.287) - 0.220*max(0,0.272-X9) * max(0,-0.0859-X8) - 0.215*max(0,X1-0.652) * max(0,X2-0.0969) - 0.195*abs(X3) * max(0,X9-0.272) - 0.194*max(0,X2-0.0969) * max(0,X6-1.32) - 0.193*max(0,X7-0.287) * max(0,X2-0.0969) + 0.190*max(0,X4-1.36) * max(0,-0.136-X6) - 0.186*max(0,X9-0.272) + 0.184*abs(X8) + 0.175*max(0,X8-0.326) * max(0,X1-1.12) - 0.172*abs(X3) * abs(X2) + 0.168*abs(X6) + 0.155*max(0,-0.0859-X8) * max(0,0.0969-X2) + 0.146*max(0,0.272-X9) * max(0,X6-1.32) + 0.146*max(0,-0.0859-X8) * abs(X2) - 0.145*max(0,0.0969-X2) * max(0,-0.101-X3) + 0.144*max(0,-1.10-X6) + 0.138*max(0,-0.381-X2) * max(0,-0.859-X2) - 0.135*max(0,0.905-X4) - 0.134*max(0,-0.274-X1) + 0.133*max(0,-0.136-X6) - 0.127*max(0,-0.381-X2) * abs(X3) + 0.125*max(0,-0.190-X7) * abs(X8) + 0.108*abs(X5) - 0.106*max(0,0.290-X0) + 0.105*max(0,1.53-X2) + 0.0933*max(0,X7-1.24) - 0.0910*max(0,0.326-X8) - 0.0884*max(0,-0.136-X6) * abs(X8) + 0.0878*max(0,0.272-X9) * max(0,X2-0.0969) - 0.0848*max(0,0.767-X0) - 0.0827*max(0,0.272-X9) * max(0,-0.136-X6) - 0.0825*max(0,-0.381-X2) * max(0,-0.136-X6) + 0.0806*max(0,X7+0.666) - 0.0788*max(0,0.272-X9) * max(0,X8-0.326) + 0.0738*max(0,X0+0.665) - 0.0725*max(0,-1.19-X9) + 0.0702*max(0,X1-0.652) * max(0,-0.190-X7) - 0.0671*max(0,-0.0136-X4) + 0.0630*max(0,-0.0859-X8) * max(0,X3+0.101) + 0.0625*max(0,-0.0859-X8) * abs(X3) + 0.0551*max(0,X3+0.101) * abs(X7) + 0.0501*max(0,0.272-X9) * max(0,X3+0.101) + 0.0500*abs(X7) * max(0,X7-1.24) - 0.0494*max(0,-0.136-X6) * max(0,0.0969-X2) - 0.0484*max(0,X8-0.326) * max(0,0.0969-X2) + 0.0441*max(0,-0.136-X6) * max(0,X2-0.0969) - 0.0339*max(0,X8-0.326) * max(0,X7-0.287) - 0.0338*max(0,X4-0.905) - 0.0298*max(0,X3+0.101) * max(0,X8-0.326) + 0.0285*max(0,X8+0.0859) + 0.0237*max(0,0.442-X5) - 0.0220*max(0,X4-1.36) * max(0,X9-0.272) + 0.0207*max(0,0.272-X9) * max(0,X1-0.652) + 0.0182*abs(X7) * abs(X3) + 0.0155*max(0,0.272-X9) * max(0,-0.190-X7) + 0.0137*max(0,X7-0.287) * max(0,X9-0.272) - 0.0120*abs(X0) - 0.0119*max(0,-0.136-X6) * max(0,-0.190-X7) - 0.0102*max(0,-0.0859-X8) * max(0,X9-0.272) + 0.00928*max(0,X7-0.287) * abs(X3) - 0.00770*max(0,0.272-X9) * max(0,X7-0.287) + 0.00618*abs(X8) * abs(X7) - 0.00186*max(0,0.763-X7) + 0.00142*abs(X8) * abs(X3)"
ffx,573_cpu_act,ok,-20.133948,29.107731,2265,82.98,,"-0.943 - 5.43*max(0,-2.16-X20) - 3.66*max(0,X16-2.56) * max(0,X3-1.91) - 3.56*max(0,0.747-X9) * max(0,X11-2.35) - 2.93*max(0,X17-2.78) * max(0,X3-1.91) + 2.48*abs(X10) * max(0,X2-2.18) - 1.46*max(0,0.747-X9) * max(0,X13-3.06) - 1.31*max(0,X8-4.36) + 1.28*max(0,X16-1.80) * max(0,X2-2.18) - 1.05*max(0,0.898-X10) - 1.05*max(0,1.32-X18) * max(0,X19-1.93) - 1.02*max(0,X2-2.18) * max(0,X17-1.96) + 0.966*max(0,X20-0.864) + 0.963*max(0,X19-2.51) + 0.958*abs(X19) * max(0,0.208-X19) + 0.939*max(0,X19-1.36) - 0.901*max(0,X14-3.22) + 0.798*max(0,X7-3.92) + 0.783*abs(X19) * max(0,X8-2.51) + 0.753*max(0,X7-3.17) - 0.739*abs(X10) * max(0,2.35-X11) + 0.679*max(0,X16-1.80) * max(0,X3-1.91) + 0.666*max(0,0.747-X9) * max(0,X8-3.43) + 0.665*max(0,X2-0.474) - 0.660*max(0,X16-0.279) + 0.659*max(0,1.32-X18) * max(0,X8-3.43) + 0.658*max(0,X3-0.996) + 0.636*max(0,X18-5.34) * max(0,X18-6.34) + 0.622*max(0,X9-4.72) - 0.595*max(0,X3-1.91) * max(0,0.747-X9) + 0.557*max(0,-0.665-X2) - 0.548*max(0,X18-5.34) + 0.487*max(0,0.208-X19) * max(0,X8-2.51) + 0.482*max(0,X9-3.13) + 0.469*abs(X10) * max(0,1.54-X9) - 0.458*abs(X20) * max(0,X19-3.08) - 0.427*max(0,X2-1.61) - 0.414*max(0,X6-6.20) - 0.408*max(0,0.279-X16) - 0.403*max(0,2.32-X18) * max(0,1.32-X18) + 0.382*abs(X10) * max(0,X18-3.33) - 0.381*max(0,0.208-X19) * max(0,0.747-X9) - 0.373*abs(X2) + 0.373*max(0,1.54-X9) * max(0,0.747-X9) + 0.372*max(0,X4-3.31) + 0.371*max(0,X9-3.93) + 0.367*abs(X1) + 0.366*max(0,1.54-X9) * max(0,X8-3.43) - 0.360*max(0,X8-0.669) + 0.358*max(0,1.07-X14) - 0.355*max(0,X12-1.37) - 0.347*max(0,X17-1.96) - 0.343*max(0,0.208-X19) * max(0,X17-1.96) + 0.331*abs(X17) + 0.329*max(0,1.80-X1) + 0.325*max(0,X11-6.67) + 0.320*max(0,1.32-X18) * max(0,X8-4.36) - 0.316*abs(X20) * max(0,X17-1.96) - 0.305*max(0,X7-0.916) + 0.300*abs(X13) + 0.296*abs(X14) - 0.291*abs(X20) * max(0,0.208-X19) + 0.278*abs(X3) - 0.273*max(0,X19-3.08) * max(0,1.32-X18) + 0.271*max(0,0.996-X3) - 0.270*max(0,1.54-X9) * max(0,0.208-X19) + 0.264*max(0,2.35-X11) * max(0,0.747-X9) + 0.260*abs(X10) * max(0,X17-1.96) + 0.260*max(0,1.27-X11) - 0.258*max(0,X14-4.30) + 0.255*X16**2 + 0.255*abs(X6) + 0.249*abs(X10) * abs(X19) + 0.237*max(0,2.35-X11) + 0.236*max(0,X11-5.59) - 0.231*abs(X20) * max(0,2.35-X11) - 0.199*max(0,X9-1.54) * max(0,X8-4.36) - 0.197*abs(X0) + 0.196*max(0,1.04-X16) + 0.191*max(0,X4-4.28) - 0.191*max(0,1.78-X10) - 0.191*max(0,X14-2.15) + 0.186*max(0,X13-4.05) + 0.186*abs(X8) + 0.184*max(0,X14-5.38) - 0.184*X3**2 - 0.183*max(0,X6-4.14) - 0.180*max(0,1.54-X9) * max(0,X3-1.91) - 0.179*max(0,0.208-X19) * max(0,-2.16-X20) - 0.179*max(0,1.54-X9) * max(0,X19-3.08) + 0.177*max(0,-0.347-X20) - 0.172*max(0,X13-3.06) * max(0,1.32-X18) + 0.170*max(0,X14-1.07) + 0.169*max(0,0.646-X5) - 0.159*max(0,1.36-X19) * max(0,-2.16-X20) - 0.155*max(0,1.37-X12) - 0.154*max(0,1.77-X0) - 0.153*max(0,X9-1.54) * max(0,1.32-X18) - 0.146*max(0,0.321-X17) - 0.145*max(0,X8-2.51) * max(0,0.747-X9) + 0.145*max(0,0.164-X7) - 0.141*max(0,1.36-X19) * max(0,X8-4.36) + 0.140*max(0,4.70-X12) - 0.140*max(0,X13-1.09) - 0.140*max(0,2.35-X11) * max(0,X18-5.34) + 0.139*abs(X10) * max(0,X13-4.05) + 0.133*max(0,2.35-X11) * max(0,X8-3.43) - 0.130*abs(X5) + 0.124*abs(X19) + 0.122*max(0,X18-3.33) * max(0,0.747-X9) - 0.121*X2**2 - 0.121*max(0,X17-1.96) * max(0,1.32-X18) + 0.117*max(0,0.474-X2) - 0.116*max(0,2.35-X11) * max(0,-2.16-X20) - 0.115*max(0,0.916-X7) - 0.113*max(0,X4-1.37) + 0.110*max(0,X12-5.81) + 0.108*abs(X7) - 0.108*max(0,X16-3.31) - 0.106*max(0,X2-1.04) + 0.105*max(0,1.36-X19) * abs(X19) - 0.105*max(0,X20+0.952) - 0.105*max(0,X17-2.78) - 0.104*max(0,3.74-X3) - 0.0999*max(0,0.0808-X3) - 0.0987*abs(X15) + 0.0985*max(0,1.36-X19) * abs(X20) - 0.0973*max(0,0.747-X9) * max(0,X17-3.60) - 0.0928*max(0,X13-2.08) - 0.0908*max(0,3.22-X14) + 0.0897*max(0,X7-2.42) + 0.0891*max(0,X8-3.43) * max(0,X8-4.36) - 0.0880*max(0,2.15-X14) - 0.0863*abs(X4) - 0.0861*max(0,0.208-X19) * max(0,X18-5.34) + 0.0809*max(0,-0.0953-X2) + 0.0800*abs(X20) * max(0,X13-4.05) + 0.0797*max(0,1.36-X19) * max(0,2.35-X11) + 0.0793*max(0,3.43-X8) - 0.0778*max(0,1.54-X9) * max(0,1.32-X18) + 0.0774*max(0,0.783-X19) - 0.0740*max(0,3.23-X0) - 0.0706*max(0,X10-1.78) + 0.0665*max(0,5.17-X6) + 0.0656*max(0,3.59-X12) - 0.0652*X11 + 0.0650*max(0,2.40-X5) - 0.0641*max(0,X3-1.91) * max(0,1.32-X18) - 0.0628*max(0,0.208-X19) * max(0,X17-3.60) - 0.0587*max(0,X10-3.53) + 0.0553*max(0,X20-0.259) - 0.0550*X17**2 + 0.0538*max(0,X8-3.43) - 0.0522*max(0,X6-1.05) - 0.0520*max(0,1.59-X8) - 0.0509*max(0,1.54-X9) * max(0,X19-1.93) + 0.0508*max(0,1.48-X15) - 0.0485*max(0,1.32-X18) * max(0,X17-3.60) - 0.0484*max(0,4.42-X17) - 0.0471*X6 - 0.0467*max(0,2.32-X18) * max(0,0.747-X9) - 0.0458*max(0,2.32-X18) * max(0,X8-2.51) - 0.0453*max(0,2.32-X18) * max(0,X19-1.93) + 0.0442*max(0,4.51-X11) + 0.0430*max(0,1.36-X19) * max(0,1.32-X18) - 0.0423*max(0,2.32-X18) * max(0,X8-4.36) + 0.0422*abs(X20) * max(0,1.54-X9) - 0.0421*max(0,0.669-X8) - 0.0416*max(0,X18-5.34) * max(0,-2.16-X20) - 0.0403*max(0,X9-1.54) * max(0,-2.16-X20) - 0.0391*max(0,2.32-X18) * max(0,-2.16-X20) + 0.0389*max(0,3.25-X1) - 0.0384*max(0,X8-1.59) - 0.0373*abs(X20) * max(0,-2.16-X20) - 0.0350*max(0,0.400-X4) + 0.0336*abs(X19) * max(0,X18-6.34) - 0.0329*abs(X20) * max(0,X8-2.51) + 0.0316*max(0,4.14-X6) + 0.0313*abs(X9) - 0.0310*abs(X19) * max(0,1.32-X18) - 0.0307*X13 - 0.0283*X2 - 0.0240*max(0,2.08-X13) - 0.0238*max(0,X9-1.54) * max(0,0.208-X19) - 0.0230*X5 + 0.0228*abs(X10) * max(0,X18-6.34) - 0.0220*abs(X16) + 0.0217*X15**2 - 0.0207*abs(X20) * max(0,X11-2.35) + 0.0194*max(0,0.259-X20) - 0.0193*max(0,X1-1.80) + 0.0182*max(0,1.52-X5) + 0.0170*max(0,4.05-X13) + 0.0166*max(0,2.08-X6) - 0.0163*max(0,1.37-X4) - 0.0162*X19**2 + 0.0160*max(0,X13-4.05) * max(0,1.32-X18) - 0.0150*X16 - 0.0148*X1 + 0.0145*abs(X20) * max(0,1.32-X18) + 0.0140*max(0,X15-5.42) - 0.0132*max(0,X6-2.08) + 0.0119*max(0,0.208-X19) * max(0,X13-4.05) + 0.0112*max(0,X4-2.34) - 0.0110*X0**2 + 0.0109*max(0,4.69-X1) + 0.00997*X5**2 + 0.00971*max(0,5.59-X11) + 0.00935*max(0,2.32-X18) * abs(X20) - 0.00811*max(0,0.208-X19) + 0.00802*max(0,2.35-X11) * max(0,1.32-X18) + 0.00802*max(0,X16-1.80) * max(0,X19-1.93) + 0.00663*max(0,X19-0.783) - 0.00663*max(0,1.36-X19) * max(0,X11-2.35) + 0.00653*max(0,3.93-X9) + 0.00635*max(0,1.80-X16) - 0.00634*max(0,X17-2.78) * max(0,0.747-X9) + 0.00578*max(0,X18-3.33) * max(0,X18-6.34) + 0.00511*max(0,3.13-X9) + 0.00457*abs(X12) + 0.00429*max(0,6.20-X6) - 0.00368*X4**2 - 0.00367*max(0,X17-3.60) - 0.00365*max(0,2.35-X11) * max(0,X13-3.06) - 0.00356*abs(X19) * max(0,0.747-X9) - 0.00352*max(0,2.35-X11) * max(0,X17-3.60) - 0.00317*max(0,1.36-X19) * max(0,X13-3.06) - 0.00283*max(0,X5-1.52) + 0.00277*max(0,X15-6.73) + 0.00215*max(0,X13-4.05) * max(0,X13-3.06) + 0.00213*max(0,7.59-X1) - 0.00191*max(0,-1.56-X20) + 0.00183*max(0,3.43-X11) + 0.00157*max(0,X15-1.48) - 0.00156*max(0,2.32-X18) * max(0,X3-1.91) - 0.00140*max(0,1.14-X17) - 0.00123*X8 - 0.00111*max(0,X0-1.77) + 0.00109*X19 - 0.000892*max(0,X17-2.78) * max(0,1.32-X18) - 0.000870*max(0,X9-1.54) * max(0,1.36-X19) + 0.000867*max(0,3.27-X5) - 0.000785*max(0,X0-3.23) - 0.000620*max(0,X4-0.400) - 0.000415*abs(X20) * max(0,X18-5.34) - 0.000357*max(0,1.36-X19) * max(0,X16-2.56) + 0.000269*max(0,3.11-X6) - 0.000175*max(0,X13-3.06) + 9.85e-5*max(0,X16-1.80) * max(0,X19-3.08) + 4.33e-5*max(0,X15-8.04) + 2.61e-5*X4 - 2.22e-5*abs(X19) * max(0,1.54-X9)"
ffx,574_house_16H,ok,-3.127892,71543.578632,2660,46.74,,"4.52 - 89.8*max(0,-2.83-X5) * max(0,X13-2.34) - 30.5*max(0,X7-1.27) * max(0,-0.875-X15) + 12.8*max(0,X7-1.27) * max(0,X7-2.02) + 12.6*max(0,X4-1.42) * max(0,X9-0.0822) - 11.9*max(0,X9-0.0822) * max(0,-0.875-X15) - 11.9*max(0,X9-0.0822) * max(0,X6-5.04) + 9.67*max(0,X7-1.27) * max(0,-0.466-X15) - 9.28*max(0,X7-0.530) * max(0,X9-0.0822) - 7.34*max(0,X9-4.18) - 7.10*max(0,0.0822-X9) * max(0,-0.875-X15) + 7.09*max(0,-6.23-X12) * max(0,X13-2.34) + 6.42*max(0,-0.466-X15) * max(0,-0.875-X15) - 5.98*max(0,-1.70-X7) * max(0,-0.875-X15) + 5.94*max(0,X9-0.0822) * max(0,-0.466-X15) + 5.73*max(0,X7-1.27) * max(0,1.23-X11) + 5.15*max(0,X4-1.42) * max(0,-1.70-X7) - 5.02*max(0,-0.875-X15) + 4.29*max(0,-0.957-X7) + 4.04*max(0,X4-1.42) * max(0,0.0822-X9) + 3.90*max(0,-0.466-X15) * max(0,X13-1.52) - 3.90*max(0,X4-1.42) * max(0,-0.213-X7) + 3.89*max(0,X10-2.85) - 3.79*max(0,-1.70-X7) * max(0,X9-3.36) - 3.77*max(0,1.16-X2) * max(0,X7-2.02) - 3.73*max(0,X9-2.54) + 3.72*max(0,-1.70-X7) + 3.53*max(0,X7-1.27) * max(0,0.0822-X9) - 3.46*max(0,X4-1.42) * abs(X7) - 3.45*max(0,X7-0.530) * max(0,0.0822-X9) + 3.14*max(0,X1-1.35) - 3.04*abs(X7) * max(0,X7-2.02) - 2.77*max(0,X5-0.209) + 2.77*max(0,0.313-X10) - 2.74*max(0,X7-2.02) + 2.67*max(0,0.901-X9) * max(0,-0.466-X15) + 2.65*abs(X9) * max(0,-0.466-X15) + 2.59*max(0,X5-0.968) + 2.42*max(0,-2.07-X5) * max(0,X9-3.36) - 2.40*max(0,-0.116-X13) - 2.25*abs(X0) + 2.12*max(0,X4-1.42) * abs(X9) - 2.04*max(0,X7-1.27) * max(0,-6.23-X12) + 2.02*max(0,X0-1.61) - 1.99*max(0,0.901-X9) + 1.98*max(0,X2-5.24) - 1.98*max(0,X7-1.27) * max(0,1.16-X2) - 1.92*max(0,1.16-X10) - 1.85*max(0,-0.405-X3) - 1.85*max(0,X13-1.52) * max(0,X13-2.34) + 1.74*max(0,X7-0.530) * abs(X9) + 1.73*max(0,X7-0.530) * max(0,-0.466-X15) - 1.72*max(0,X2-3.20) - 1.70*max(0,X10-2.01) + 1.68*max(0,X12+0.768) - 1.62*abs(X9) * max(0,X13-1.52) - 1.61*abs(X9) * max(0,-0.875-X15) - 1.59*max(0,1.16-X2) * max(0,-0.875-X15) - 1.54*max(0,X6-2.10) * max(0,-0.213-X7) - 1.51*max(0,X9-0.0822) * max(0,0.901-X9) + 1.51*abs(X9) * max(0,0.0822-X9) - 1.45*max(0,X15-0.352) + 1.42*max(0,X15-0.761) - 1.36*max(0,X13-0.704) + 1.36*max(0,-2.07-X5) * max(0,0.901-X9) - 1.35*max(0,1.23-X11) * max(0,-2.83-X5) + 1.34*max(0,-0.213-X7) * max(0,-0.875-X15) - 1.31*abs(X9) * max(0,X13-2.34) - 1.30*max(0,X10-3.70) - 1.25*max(0,0.0822-X9) - 1.19*max(0,0.111-X4) + 1.18*abs(X9) - 1.16*max(0,X12+1.86) + 1.12*max(0,-0.542-X4) + 1.12*abs(X7) * max(0,-1.70-X7) + 1.10*abs(X7) - 1.09*X7 * max(0,X7-2.02) - 1.09*max(0,X7-0.530) * max(0,-0.875-X15) - 1.09*max(0,-0.466-X15) * max(0,0.0822-X9) - 1.08*max(0,X6-1.12) + 1.06*X7 * max(0,-0.466-X15) + 0.968*max(0,-1.31-X5) + 0.956*X13**2 + 0.940*max(0,X9-1.72) - 0.933*max(0,-1.86-X12) + 0.927*abs(X5) + 0.921*max(0,1.72-X9) - 0.890*max(0,X13-1.52) * max(0,-2.83-X5) + 0.878*abs(X3) - 0.877*abs(X2) + 0.860*abs(X11) - 0.850*max(0,X13+0.116) - 0.833*max(0,X7-0.530) * max(0,0.901-X9) + 0.829*abs(X13) + 0.815*max(0,X1-0.467) + 0.811*abs(X7) * max(0,0.901-X9) - 0.783*max(0,X7-0.530) * max(0,1.16-X2) - 0.780*max(0,0.530-X7) - 0.778*max(0,2.18-X2) - 0.770*max(0,X9-0.0822) * max(0,X1-2.24) - 0.768*max(0,1.23-X11) * max(0,X7-2.02) - 0.762*max(0,X3+0.405) + 0.761*max(0,1.23-X11) * max(0,0.0822-X9) - 0.746*max(0,X9-0.901) - 0.743*abs(X9) * max(0,1.23-X11) + 0.729*max(0,-0.418-X1) - 0.723*max(0,X0-7.81) - 0.719*max(0,0.352-X15) - 0.710*max(0,1.16-X2) * max(0,-0.466-X15) - 0.702*max(0,X4-1.42) * X7 + 0.698*max(0,X3-3.64) - 0.691*max(0,X4-1.42) * max(0,-0.466-X15) + 0.666*max(0,2.10-X6) - 0.659*max(0,-5.13-X12) * abs(X9) - 0.651*max(0,4.09-X0) + 0.626*max(0,1.16-X2) * max(0,1.23-X11) - 0.623*X7 * max(0,-1.70-X7) - 0.588*max(0,X6-2.10) * max(0,X1-3.12) + 0.587*abs(X7) * max(0,X9-3.36) - 0.567*abs(X7) * max(0,-0.213-X7) + 0.561*max(0,-5.13-X12) * max(0,X13-2.34) - 0.554*max(0,X9-3.36) * max(0,1.23-X11) + 0.549*max(0,X6-2.10) * max(0,1.16-X2) + 0.532*X7 * max(0,-0.213-X7) + 0.524*max(0,X4-1.42) * max(0,-2.07-X5) - 0.515*max(0,X5+2.07) + 0.515*X7 * max(0,-2.83-X5) - 0.512*max(0,X10-1.16) - 0.504*max(0,2.01-X10) - 0.502*X7 * max(0,-0.875-X15) - 0.490*max(0,X7-0.530) * max(0,X7-2.02) + 0.487*max(0,X2-6.25) + 0.475*max(0,1.16-X2) - 0.469*max(0,X4-1.42) * max(0,1.23-X11) - 0.468*max(0,X5+1.31) - 0.460*max(0,X14-0.766) + 0.456*max(0,X6-2.10) * max(0,1.23-X11) + 0.452*max(0,X7+0.957) - 0.437*abs(X6) + 0.431*abs(X14) + 0.423*max(0,-1.19-X4) + 0.416*max(0,0.467-X1) - 0.409*max(0,X8-2.75) + 0.408*max(0,X15-1.17) + 0.406*max(0,-4.04-X12) + 0.402*max(0,-0.466-X15) - 0.401*max(0,X5+2.83) - 0.401*X7 * max(0,X9-3.36) - 0.399*max(0,X11-2.30) - 0.397*max(0,X4-0.764) - 0.389*X1**2 + 0.387*max(0,1.16-X2) * max(0,0.0822-X9) + 0.372*max(0,0.968-X5) + 0.370*max(0,X11-3.36) * max(0,0.0822-X9) + 0.350*max(0,X9-0.0822) * max(0,X9-3.36) + 0.344*max(0,-0.213-X7) * max(0,-0.466-X15) - 0.343*abs(X10) - 0.340*X7**2 - 0.333*max(0,0.901-X9) * max(0,1.23-X11) + 0.328*max(0,X9-0.0822) * abs(X9) + 0.325*max(0,5.04-X6) + 0.325*max(0,1.41-X8) + 0.321*max(0,-0.768-X12) - 0.318*max(0,1.23-X11) * max(0,X13-2.34) + 0.317*max(0,0.764-X4) - 0.309*max(0,X7-1.27) * max(0,X13-1.52) - 0.298*abs(X9) * max(0,1.16-X2) - 0.298*max(0,X2-4.22) * max(0,-0.875-X15) + 0.282*X7 * max(0,0.901-X9) - 0.276*max(0,-0.213-X7) * max(0,1.16-X2) - 0.273*max(0,-0.213-X7) * max(0,1.23-X11) - 0.268*max(0,-0.937-X13) + 0.267*max(0,2.34-X13) + 0.260*max(0,6.02-X6) - 0.259*X13 + 0.245*X4**2 - 0.244*abs(X1) + 0.243*X7 * max(0,1.23-X11) - 0.225*max(0,X7-0.530) * max(0,-2.07-X5) - 0.220*max(0,X9-0.0822) * abs(X7) - 0.211*max(0,2.02-X7) - 0.196*max(0,X9-0.0822) * max(0,-0.213-X7) - 0.193*X4 - 0.193*max(0,-1.70-X7) * max(0,-0.466-X15) - 0.186*max(0,X1-3.12) * max(0,1.23-X11) - 0.185*max(0,1.16-X2) * max(0,-2.83-X5) - 0.153*max(0,X14-1.92) - 0.152*max(0,1.23-X11) * max(0,X13-1.52) + 0.152*abs(X9) * max(0,X11-3.36) + 0.151*max(0,3.08-X6) + 0.150*abs(X8) - 0.143*max(0,0.901-X9) * max(0,1.16-X2) + 0.134*X7 * max(0,X11-3.36) + 0.130*max(0,X11-5.49) - 0.129*max(0,5.33-X0) - 0.112*X7 + 0.106*X7 * max(0,0.0822-X9) - 0.106*X11 - 0.104*max(0,X1-3.12) + 0.102*max(0,X1+0.418) - 0.101*X5 - 0.0996*abs(X7) * max(0,1.16-X2) + 0.0994*max(0,-0.213-X7) - 0.0982*max(0,-1.70-X7) * max(0,0.0822-X9) + 0.0827*max(0,X2-1.16) + 0.0827*X15**2 - 0.0798*max(0,X12+2.95) - 0.0779*max(0,X1-4.01) - 0.0773*max(0,X8-4.08) - 0.0760*abs(X12) + 0.0755*max(0,-2.07-X5) * max(0,1.23-X11) - 0.0696*max(0,X1-2.24) * X7 + 0.0695*max(0,-2.07-X5) * max(0,1.16-X2) - 0.0649*max(0,3.20-X2) - 0.0644*max(0,X7-0.530) - 0.0615*max(0,X7+0.213) + 0.0610*max(0,2.07-X4) + 0.0601*abs(X7) * max(0,0.0822-X9) - 0.0539*max(0,X10-4.55) - 0.0519*max(0,-5.13-X12) * max(0,0.0822-X9) - 0.0451*max(0,-1.70-X7) * max(0,X13-2.34) + 0.0447*abs(X4) - 0.0421*abs(X9) * max(0,-1.70-X7) + 0.0409*max(0,X7-0.530) * max(0,X11-3.36) - 0.0394*max(0,X8-1.41) - 0.0356*X14**2 - 0.0332*max(0,X3-0.607) + 0.0330*max(0,X9-0.0822) + 0.0329*max(0,X11-6.55) - 0.0285*max(0,X7-0.530) * max(0,X13-1.52) - 0.0270*max(0,X1-2.24) - 0.0261*max(0,0.766-X14) - 0.0247*max(0,X6-2.10) * max(0,X1-2.24) - 0.0221*max(0,X1-2.24) * max(0,X1-3.12) - 0.0218*max(0,X9-0.0822) * max(0,-2.07-X5) + 0.0211*max(0,-0.213-X7) * max(0,-1.70-X7) - 0.0201*abs(X15) - 0.0167*max(0,X9-0.0822) * X7 - 0.0150*max(0,1.27-X7) - 0.0147*X5**2 - 0.0122*max(0,1.16-X2) * max(0,X13-2.34) - 0.0120*max(0,6.57-X0) - 0.00988*max(0,7.81-X0) + 0.00705*X0 + 0.00628*max(0,4.08-X8) + 0.00536*max(0,3.36-X11) + 0.00439*max(0,1.42-X4) + 0.00341*max(0,1.35-X1) - 0.00238*max(0,X2-4.22) * max(0,-0.466-X15) + 0.00153*max(0,X2-2.18) + 0.000763*max(0,-0.213-X7) * max(0,0.901-X9) - 0.000679*max(0,X5+0.550) - 0.000438*max(0,-1.70-X7) * max(0,-2.83-X5) - 0.000314*max(0,X7-0.530) * max(0,X6-2.10) + 0.000304*X12**2 + 5.44e-5*max(0,X7+1.70) - 4.27e-8*max(0,-1.70-X7) * max(0,X13-1.52)"
ffx,579_fri_c0_250_5,ok,-8207.970474,91.513804,1642,15.74,,"2.63 - 7233*max(0,X1-1.30) * max(0,X4-1.24) - 32.4*max(0,X1-1.30) * max(0,X3-0.762) + 28.8*max(0,X1-1.30) * max(0,X0-0.821) + 26.2*max(0,X1-1.30) * max(0,X3-1.22) + 23.2*max(0,X3-1.22) * max(0,X4-1.24) + 18.1*max(0,X0-0.821) * max(0,X4-1.24) - 16.3*max(0,X3-0.762) * max(0,X4-1.24) + 13.5*max(0,-0.640-X2) * max(0,X4-1.24) - 13.4*max(0,X1-1.30) * max(0,X0-0.369) - 11.6*max(0,X1-1.30) * max(0,-0.640-X2) + 9.80*max(0,X1-1.30) * max(0,X3-0.305) + 9.65*max(0,X3-0.305) * max(0,X0-0.369) + 7.69*max(0,-0.152-X3) * max(0,X4-1.24) - 6.85*max(0,X3-0.762) * max(0,X0-0.821) + 6.65*max(0,-0.640-X2) * max(0,X3-1.22) - 6.12*max(0,X3-0.762) * max(0,X0-0.369) + 6.02*max(0,X4-1.24) * max(0,X3-0.305) - 5.59*max(0,X4-1.24) * max(0,X0-0.369) - 5.43*max(0,-0.640-X2) * max(0,X4-0.295) + 4.79*max(0,X0-0.821) * max(0,-0.152-X3) + 4.78*max(0,X1-1.30) * max(0,-0.167-X2) + 4.54*max(0,-0.640-X2) * max(0,X0-0.369) - 4.46*abs(X4) * max(0,X4-1.24) - 3.77*abs(X3) * max(0,X0-0.369) + 3.68*max(0,X4-0.295) * max(0,X4-1.24) + 3.67*abs(X1) * max(0,X0-0.821) + 3.55*max(0,X0-0.821) * max(0,X3-1.22) - 3.47*max(0,X3-0.762) * max(0,X3-1.22) + 3.41*X3 * max(0,X4-1.24) + 3.40*max(0,X3-1.22) * max(0,X4-0.295) + 3.35*max(0,X1-1.30) + 3.12*max(0,X0-1.27) - 3.10*max(0,-0.167-X2) * max(0,X3-1.22) + 3.09*max(0,-0.167-X2) * max(0,X0-0.821) + 3.02*max(0,-0.640-X2) * abs(X4) - 2.99*abs(X1) * max(0,X4-1.24) - 2.97*abs(X1) * max(0,X3-0.305) + 2.90*max(0,-0.167-X2) * max(0,X4-0.295) - 2.81*max(0,X0-0.821) * max(0,-0.640-X2) + 2.61*max(0,X0-0.369) - 2.57*abs(X1) * max(0,X0-0.369) - 2.56*max(0,-0.167-X2) * max(0,X0-0.369) + 2.51*max(0,X1-1.30) * abs(X3) + 2.48*max(0,X1-1.30) * max(0,X4-0.295) + 2.44*max(0,-0.640-X2) * max(0,X3-0.305) + 2.38*max(0,X0-0.821) * X3 + 2.37*max(0,X4-0.768) + 2.31*abs(X1) * abs(X3) + 2.16*max(0,-0.608-X3) + 2.16*X0 * max(0,X3-1.22) - 2.14*max(0,-0.640-X2) * X3 - 2.01*X3 * max(0,X0-0.369) - 1.99*max(0,-0.167-X2) * abs(X4) + 1.95*max(0,X0-0.821) * max(0,X3-0.305) - 1.90*max(0,X0-0.821) * max(0,X0-0.369) + 1.90*max(0,X3-0.762) * abs(X3) - 1.89*max(0,X0-0.821) + 1.87*max(0,X3-1.22) * max(0,X0-0.369) - 1.86*abs(X1) * max(0,-0.152-X3) - 1.80*abs(X1) * max(0,X3-1.22) - 1.77*max(0,-0.640-X2) * max(0,-0.152-X3) - 1.73*max(0,X1-0.820) + 1.70*max(0,X2-0.305) - 1.53*max(0,-0.167-X2) * max(0,X4-1.24) - 1.47*max(0,X4-0.295) * max(0,X3-0.305) + 1.44*max(0,X0-0.821) * max(0,X4-0.295) + 1.44*abs(X4) * max(0,X3-0.305) - 1.33*max(0,X0-0.821) * abs(X3) - 1.32*abs(X1) * max(0,X1-1.30) + 1.32*X0 + 1.31*max(0,-0.167-X2) - 1.27*max(0,X3-0.762) * max(0,-0.640-X2) + 1.26*max(0,X1-0.338) + 1.26*max(0,-1.07-X3) + 1.20*max(0,-0.167-X2) * abs(X3) - 1.16*max(0,X0+0.0824) - 1.13*max(0,-0.167-X2) * max(0,-0.152-X3) - 1.11*abs(X2) - 1.11*X3 * max(0,X3-1.22) + 1.10*max(0,X3-1.22) - 1.04*max(0,-0.640-X2) - 0.995*max(0,X4+0.179) - 0.992*abs(X4) * max(0,X4-0.295) + 0.990*max(0,X3-0.762) * max(0,X3-0.305) - 0.975*max(0,X4-1.24) + 0.960*max(0,X3-1.22) * abs(X3) + 0.955*max(0,-0.534-X0) - 0.930*max(0,0.305-X3) - 0.913*max(0,X4-0.295) * max(0,X0-0.369) - 0.909*X0 * max(0,X4-1.24) + 0.908*max(0,X4-0.295) - 0.908*max(0,X4-0.295) * max(0,-0.152-X3) + 0.808*X0 * max(0,-0.152-X3) - 0.794*X3**2 + 0.789*max(0,X1-1.30) * X3 - 0.784*max(0,-0.179-X4) + 0.775*abs(X3) + 0.772*max(0,X3-0.762) * max(0,-0.167-X2) + 0.749*abs(X4) * max(0,X3-1.22) - 0.749*max(0,X1-1.30) * abs(X4) + 0.747*abs(X4) - 0.729*max(0,-0.152-X3) - 0.724*max(0,X3-0.305) - 0.722*max(0,-0.167-X2) * max(0,X3-0.305) - 0.708*abs(X4) * X3 - 0.699*max(0,0.295-X4) + 0.674*max(0,X3-0.762) * max(0,X4-0.295) - 0.668*abs(X1) + 0.655*max(0,X2-0.778) + 0.642*max(0,-0.624-X1) + 0.634*abs(X1) * max(0,X3-0.762) - 0.627*max(0,X2-1.25) - 0.612*max(0,X3-0.762) * abs(X4) + 0.600*max(0,X4-0.295) * abs(X3) + 0.587*max(0,-1.11-X2) - 0.531*max(0,0.369-X0) - 0.522*max(0,0.762-X3) - 0.508*X3 + 0.506*max(0,X3-1.22) * max(0,X3-0.305) - 0.455*max(0,X3-0.762) - 0.427*max(0,1.27-X0) + 0.425*max(0,-0.152-X3) * max(0,X0-0.369) + 0.422*abs(X0) + 0.422*X3 * max(0,-0.152-X3) - 0.407*X0 * max(0,X0-0.369) - 0.351*X0 * max(0,-0.640-X2) + 0.347*max(0,X3-0.762) * X3 - 0.320*max(0,X1-1.30) * max(0,-0.152-X3) - 0.318*X0 * abs(X3) + 0.311*max(0,0.768-X4) - 0.304*X0 * max(0,X3-0.305) - 0.300*max(0,-0.640-X2) * abs(X3) + 0.299*X0 * X3 - 0.291*max(0,1.30-X1) + 0.286*abs(X1) * X3 + 0.281*max(0,X3-0.305) * abs(X3) - 0.267*max(0,X1+0.143) - 0.262*max(0,-1.11-X1) - 0.258*max(0,-0.986-X0) - 0.258*max(0,1.24-X4) - 0.258*abs(X4) * max(0,-0.152-X3) - 0.256*max(0,-0.143-X1) + 0.241*max(0,0.778-X2) - 0.239*X0 * abs(X4) - 0.235*abs(X4) * abs(X3) - 0.229*max(0,-0.167-X2) * X3 + 0.206*max(0,-0.653-X4) + 0.194*abs(X1) * max(0,-0.640-X2) - 0.193*X3 * max(0,X4-0.295) + 0.186*X0**2 - 0.184*abs(X4) * max(0,X0-0.369) + 0.167*X1 + 0.158*max(0,X0-0.821) * abs(X4) - 0.157*max(0,X2+0.640) - 0.144*X3 * max(0,X3-0.305) - 0.133*max(0,X3+0.152) + 0.125*max(0,-0.152-X3) * abs(X3) + 0.119*max(0,X2+0.167) - 0.116*abs(X1) * max(0,-0.167-X2) - 0.0863*max(0,X0+0.534) - 0.0761*max(0,-0.167-X2) * max(0,-0.640-X2) + 0.0713*max(0,-0.0824-X0) + 0.0634*abs(X1) * abs(X4) + 0.0619*X1**2 + 0.0461*max(0,0.821-X0) - 0.0447*max(0,X4-1.24) * abs(X3) + 0.0378*max(0,-1.13-X4) + 0.0340*abs(X1) * max(0,X4-0.295) - 0.0257*max(0,X4+0.653) - 0.0213*max(0,X4+1.13) + 0.0194*X3 * abs(X3) + 0.0134*max(0,1.22-X3) + 0.00154*X0 * max(0,X4-0.295) + 0.00148*max(0,X1+1.11)"
ffx,581_fri_c3_500_25,ok,0.792098,0.515342,1013,34.78,,"-0.194 - 4.16*max(0,X0-1.59) + 3.84*max(0,X1-0.764) + 3.47*max(0,X0-1.03) - 2.88*max(0,X4-3.34) - 1.97*max(0,-1.02-X5) + 1.69*max(0,X11-0.759) - 1.46*max(0,X10-1.38) - 1.39*max(0,X5-1.24) + 1.35*max(0,X15-1.31) - 1.33*max(0,X11-1.23) + 1.25*max(0,-0.571-X5) - 1.16*abs(X1) + 1.15*max(0,0.472-X0) - 1.11*max(0,X17-0.688) - 1.09*max(0,-0.642-X0) - 1.01*abs(X0) + 0.989*max(0,X0-0.472) + 0.973*max(0,X18-1.12) + 0.955*max(0,-0.580-X23) - 0.913*max(0,-1.22-X20) + 0.896*max(0,-0.979-X7) - 0.853*max(0,-0.487-X12) - 0.850*max(0,X16-1.20) - 0.835*max(0,X1+0.178) - 0.816*max(0,-0.632-X9) - 0.762*max(0,-1.06-X10) - 0.752*max(0,X6-1.20) - 0.749*max(0,X23-0.286) + 0.748*max(0,-1.07-X9) - 0.745*max(0,X13-1.47) - 0.745*max(0,-0.997-X14) + 0.731*max(0,-1.09-X17) + 0.703*max(0,X4-2.61) - 0.697*max(0,X15-0.847) + 0.671*max(0,-0.970-X12) - 0.671*max(0,X19-0.895) - 0.653*max(0,X11-0.290) + 0.648*max(0,-1.06-X16) - 0.592*max(0,-1.24-X18) - 0.591*max(0,X21-1.31) - 0.587*max(0,-0.990-X21) - 0.549*max(0,X14-1.21) - 0.542*max(0,X22-1.09) - 0.526*max(0,0.286-X23) + 0.514*max(0,X2-2.73) + 0.512*max(0,-0.296-X18) - 0.469*max(0,-0.532-X15) + 0.453*max(0,-1.20-X0) - 0.451*max(0,-1.12-X1) + 0.450*max(0,X2-1.31) + 0.436*max(0,X21-0.851) - 0.433*max(0,-0.964-X3) - 0.403*max(0,X20-0.683) + 0.389*max(0,X3-0.818) - 0.384*max(0,-0.606-X16) + 0.378*max(0,0.764-X1) + 0.374*max(0,X19-1.40) - 0.373*max(0,-0.982-X24) + 0.359*abs(X12) + 0.358*max(0,0.293-X1) + 0.345*max(0,X17-0.245) + 0.340*max(0,-0.556-X14) - 0.330*max(0,-0.525-X7) - 0.324*max(0,X9-1.13) + 0.311*abs(X24) - 0.310*max(0,X13-0.963) + 0.309*abs(X15) - 0.307*max(0,1.88-X4) - 0.295*max(0,-0.642-X17) + 0.293*max(0,-0.575-X10) + 0.289*max(0,X2-2.02) + 0.279*max(0,X3+0.519) + 0.274*max(0,1.31-X2) - 0.271*max(0,-1.17-X8) - 0.270*max(0,-1.01-X23) + 0.262*abs(X19) + 0.256*max(0,X23+0.147) + 0.246*max(0,-1.08-X6) + 0.246*max(0,X23-1.15) - 0.233*max(0,-0.545-X24) - 0.230*abs(X18) + 0.227*max(0,0.602-X2) + 0.226*max(0,X17-1.13) + 0.223*max(0,X4-1.16) - 0.221*max(0,X15+0.532) - 0.220*max(0,X4-1.88) + 0.218*max(0,X7-0.836) + 0.217*abs(X10) + 0.216*max(0,0.391-X21) + 0.207*abs(X20) + 0.205*max(0,X13-0.456) + 0.203*max(0,X22-0.194) - 0.198*max(0,-0.991-X15) - 0.193*max(0,-0.293-X4) - 0.191*max(0,-0.558-X13) + 0.190*max(0,0.249-X9) - 0.189*abs(X7) + 0.185*max(0,X5-0.785) - 0.164*max(0,X12+0.487) - 0.156*max(0,X24+0.545) + 0.154*max(0,-1.07-X13) - 0.143*max(0,0.740-X6) + 0.134*abs(X16) - 0.121*max(0,-0.0730-X3) + 0.120*max(0,X20-1.16) - 0.118*max(0,X22+0.253) + 0.116*max(0,0.456-X13) - 0.113*max(0,0.333-X5) + 0.112*max(0,X18+0.296) + 0.105*abs(X6) - 0.104*max(0,0.433-X4) + 0.0996*max(0,X8-1.20) + 0.0986*max(0,X3-0.373) + 0.0893*max(0,X19+0.113) - 0.0879*max(0,X2+0.109) - 0.0843*max(0,X8-0.253) + 0.0831*max(0,X5+0.571) - 0.0790*max(0,0.895-X19) - 0.0676*max(0,X12-0.963) + 0.0638*abs(X23) + 0.0630*max(0,0.325-X14) + 0.0601*max(0,-0.742-X20) - 0.0532*max(0,X17+0.199) - 0.0464*max(0,-1.12-X11) + 0.0408*max(0,X14-0.325) - 0.0341*max(0,-1.12-X19) - 0.0324*max(0,X0+0.642) - 0.0321*max(0,-0.617-X19) - 0.0306*max(0,-0.199-X17) - 0.0273*max(0,X24-0.766) - 0.0251*max(0,X18-0.175) - 0.0238*max(0,0.290-X11) + 0.0222*max(0,X10+0.575) + 0.0202*max(0,X20+0.267) - 0.0198*abs(X13) + 0.0111*max(0,0.194-X22) - 0.00589*max(0,-1.15-X22) - 0.00249*max(0,X6-0.740) + 0.00128*max(0,0.726-X8)"
ffx,582_fri_c1_500_25,ok,-0.652115,1.195504,1398,25.86,,"1.36 + 60.0*max(0,X14-1.20) * max(0,X4-1.37) + 17.7*max(0,X11-1.20) * max(0,X4-1.37) - 10.5*max(0,X10-1.41) * max(0,X3-1.38) + 7.58*max(0,-1.01-X16) * max(0,X5-1.43) - 6.32*max(0,-1.09-X15) * max(0,-1.36-X0) - 6.11*max(0,X3-1.38) * max(0,X1-0.812) + 5.92*max(0,X13-1.11) * max(0,X23-1.15) + 5.67*max(0,X13-1.11) * max(0,X8-1.21) + 5.11*max(0,X22-1.31) * max(0,X3-1.38) + 4.99*max(0,X14-1.20) * max(0,X3-1.38) - 4.92*max(0,X14-1.20) * max(0,X10-1.41) + 4.75*max(0,-1.01-X16) * max(0,X14-1.20) + 4.25*max(0,-1.04-X18) * max(0,X8-1.21) - 4.24*max(0,X13-1.11) * max(0,X16-1.23) + 3.96*max(0,-1.09-X7) * max(0,X23-1.15) + 3.52*max(0,X0-1.00) + 3.33*max(0,X13-1.11) * max(0,X1-0.812) + 3.16*max(0,X14-1.20) * max(0,X0-1.00) + 3.06*max(0,X10-1.41) * max(0,-1.04-X18) - 2.77*max(0,-1.01-X16) * max(0,-1.04-X18) + 2.75*max(0,X3-1.38) * max(0,X8-1.21) - 2.74*max(0,-1.01-X16) * max(0,-1.09-X15) - 2.20*max(0,X13-1.11) * max(0,X10-1.41) - 2.14*max(0,X23-1.15) * max(0,X5-1.43) + 2.13*max(0,-0.596-X18) * max(0,-1.36-X0) + 2.09*max(0,X1-0.812) - 1.91*max(0,-0.935-X4) * max(0,X13-1.11) - 1.85*max(0,-1.01-X16) * max(0,X13-1.11) + 1.62*max(0,X8-1.21) * max(0,X1-0.812) - 1.60*max(0,X16-0.785) * max(0,-1.09-X15) - 1.52*max(0,X23-1.15) * max(0,X8-1.21) - 1.51*max(0,X14-1.20) * max(0,X16-0.785) - 1.50*max(0,X14-1.20) * max(0,-1.09-X7) + 1.48*max(0,-0.636-X7) * max(0,-1.04-X18) + 1.48*abs(X1) * max(0,X1-0.812) - 1.45*max(0,X23-1.15) * max(0,X0-1.00) + 1.44*max(0,-0.636-X7) * max(0,X10-1.41) - 1.38*max(0,X11-0.746) * max(0,X0-1.00) + 1.36*max(0,X22-1.31) * max(0,X4-1.37) - 1.25*max(0,-1.09-X7) * max(0,X11-0.746) - 1.16*max(0,-0.596-X18) * max(0,X0-1.00) - 1.05*max(0,X11-1.20) * max(0,-1.09-X15) + 1.04*max(0,X21-1.22) + 0.931*max(0,X22-1.31) * max(0,X1-0.812) + 0.902*max(0,-1.01-X16) * max(0,-1.36-X0) + 0.898*max(0,-0.636-X7) * max(0,X8-1.21) - 0.869*max(0,X0+0.177) + 0.856*max(0,X13-1.11) * max(0,X11-0.746) - 0.844*abs(X1) + 0.838*max(0,-0.636-X7) * max(0,X13-1.11) + 0.799*max(0,X16-0.785) * max(0,X4-1.37) + 0.796*max(0,X5-1.43) * max(0,-1.04-X18) - 0.782*max(0,X11-1.20) * max(0,X5-1.43) - 0.744*max(0,X22-1.31) * max(0,-1.09-X7) + 0.734*max(0,-1.04-X18) * max(0,X1-0.812) - 0.719*max(0,X1+0.0672) - 0.709*max(0,-1.01-X16) * max(0,X1-0.812) - 0.708*max(0,X1+0.507) - 0.692*max(0,X22-1.31) * max(0,-0.638-X15) + 0.650*max(0,X11-0.746) * max(0,X23-1.15) + 0.629*max(0,X11-0.746) * max(0,X16-0.785) + 0.526*max(0,-0.638-X15) * max(0,-1.04-X18) + 0.525*max(0,-1.08-X11) + 0.440*max(0,X2-1.33) + 0.429*max(0,X13-1.11) * max(0,-1.04-X18) - 0.427*max(0,-1.04-X18) * max(0,X0-1.00) - 0.402*max(0,-0.00624-X3) + 0.388*max(0,-1.15-X23) - 0.379*max(0,X11-1.20) * max(0,X8-1.21) - 0.370*abs(X0) + 0.350*max(0,X3-1.38) + 0.338*max(0,-0.636-X7) * max(0,-0.935-X4) + 0.319*max(0,X10-1.41) - 0.276*max(0,X10-1.41) * max(0,X0-1.00) - 0.269*max(0,X14-1.20) * abs(X1) + 0.253*max(0,X10-1.41) * max(0,-1.36-X0) + 0.247*abs(X2) - 0.241*max(0,X23-1.15) * abs(X1) - 0.239*max(0,-1.16-X8) + 0.238*max(0,-0.918-X2) - 0.229*abs(X1) * max(0,X16-0.785) - 0.227*max(0,X24-1.31) + 0.217*max(0,-0.997-X20) + 0.203*max(0,-0.638-X15) - 0.194*max(0,-0.636-X7) * max(0,-1.09-X7) - 0.186*max(0,-0.935-X4) * abs(X1) + 0.174*max(0,X4+0.473) - 0.166*max(0,-0.596-X18) * max(0,X11-0.746) + 0.165*max(0,-0.636-X7) * max(0,-1.01-X16) - 0.158*max(0,X7-1.18) + 0.156*max(0,X3+0.932) + 0.147*max(0,-0.501-X22) - 0.146*max(0,X8+0.689) - 0.146*max(0,-0.638-X15) * max(0,X4-1.37) + 0.137*max(0,X8-1.21) + 0.133*max(0,X11-0.289) - 0.123*max(0,-1.09-X13) + 0.121*max(0,-1.02-X24) + 0.117*max(0,-0.636-X7) * max(0,-1.09-X15) - 0.115*max(0,-0.935-X4) * max(0,X1-0.812) - 0.112*abs(X9) - 0.110*max(0,-0.991-X19) - 0.106*abs(X6) - 0.103*max(0,X9+0.245) - 0.101*max(0,-0.153-X18) - 0.0801*max(0,-0.596-X18) * abs(X1) + 0.0794*max(0,X24-0.376) - 0.0779*max(0,-0.946-X1) + 0.0762*max(0,X13-1.11) * max(0,-0.638-X15) + 0.0742*max(0,X11-0.746) - 0.0730*max(0,X13+0.212) + 0.0716*abs(X17) - 0.0706*max(0,X7-0.722) - 0.0696*max(0,0.920-X3) + 0.0691*max(0,0.376-X24) - 0.0665*max(0,X22-1.31) - 0.0657*max(0,-0.935-X4) * max(0,-0.596-X18) + 0.0610*max(0,X16-1.23) * max(0,X16-0.785) + 0.0587*max(0,X5-0.502) - 0.0560*max(0,X17-0.882) + 0.0531*abs(X16) + 0.0515*max(0,-0.596-X18) * max(0,-1.04-X18) + 0.0466*max(0,-0.636-X7) * max(0,X4-1.37) - 0.0432*max(0,-1.10-X12) + 0.0414*max(0,X16-0.785) * max(0,X1-0.812) - 0.0409*max(0,X10-0.483) - 0.0395*max(0,X7+0.636) + 0.0365*abs(X21) + 0.0336*max(0,0.267-X14) + 0.0323*abs(X12) + 0.0274*max(0,X4-0.913) - 0.0218*abs(X20) - 0.0214*max(0,X21+0.560) - 0.0138*max(0,-0.768-X0) - 0.0133*max(0,-1.02-X6) + 0.0117*max(0,X16-0.785) * max(0,X0-1.00) - 0.0111*max(0,X18-0.733) - 0.00882*max(0,X22+0.501) - 0.00708*max(0,X14+0.662) - 0.00568*max(0,X19+0.556) - 0.00401*max(0,0.483-X10) - 0.00349*abs(X8) - 0.00334*max(0,0.785-X16) - 9.49e-5*max(0,0.882-X17)"
ffx,583_fri_c1_1000_50,ok,0.126865,0.925638,1190,51.87,,"1.67 + 57.8*max(0,X15-1.31) * max(0,X0-1.42) + 24.0*max(0,X1-1.46) * max(0,X6-1.15) + 12.5*max(0,X11-1.26) * max(0,X0-1.42) + 12.1*max(0,X11-1.26) * max(0,-1.21-X6) + 8.85*max(0,X23-1.17) * max(0,-0.900-X26) + 5.33*max(0,X49-1.27) * max(0,X11-1.26) - 5.32*max(0,X23-1.17) * max(0,X6-1.15) - 5.30*max(0,-0.931-X24) * max(0,X0-1.42) + 4.76*max(0,X39-1.18) * max(0,X49-1.27) + 3.10*max(0,X34-1.26) * max(0,X6-1.15) - 2.51*max(0,-1.10-X7) * max(0,X39-1.18) + 2.45*max(0,-1.06-X12) * max(0,-1.21-X6) - 2.25*max(0,X37-1.25) * max(0,X1-0.991) - 2.00*max(0,X49-1.27) * max(0,X37-1.25) + 1.93*max(0,-1.10-X7) * max(0,X15-1.31) + 1.83*max(0,X23-1.17) * max(0,X11-1.26) + 1.79*abs(X0) * max(0,X1-0.991) + 1.73*max(0,X39-1.18) * max(0,-0.900-X26) + 1.63*max(0,-1.03-X34) * max(0,X1-0.991) + 1.56*max(0,X0-1.42) + 1.49*max(0,X11-1.26) * max(0,X15-1.31) + 1.43*max(0,X1-1.46) * max(0,-0.570-X2) - 0.896*max(0,X39-1.18) * max(0,-0.570-X2) + 0.871*max(0,-1.10-X7) * max(0,X6-1.15) - 0.871*max(0,X1+0.420) + 0.813*max(0,-1.03-X34) * max(0,-1.21-X6) + 0.766*max(0,X34-1.26) * max(0,-1.21-X6) + 0.739*max(0,-0.570-X2) * max(0,X6-1.15) - 0.728*max(0,X15-1.31) * max(0,X0-0.859) - 0.710*abs(X0) * max(0,X37-1.25) - 0.692*abs(X1) - 0.671*abs(X0) * max(0,X11-1.26) + 0.655*max(0,X6-1.15) + 0.623*max(0,-0.570-X2) * max(0,X0-0.859) + 0.556*max(0,-0.570-X2) * max(0,-1.06-X12) + 0.546*abs(X1) * max(0,X0-0.859) - 0.524*abs(X0) - 0.490*max(0,X0+0.270) * max(0,X49-1.27) + 0.470*max(0,-0.931-X24) * max(0,-1.06-X12) + 0.467*max(0,-0.570-X2) + 0.448*max(0,X21-1.24) - 0.423*max(0,X8-1.16) - 0.407*max(0,X39-1.18) * max(0,X11-1.26) - 0.371*max(0,X49-1.27) * abs(X1) + 0.346*max(0,X1-0.0501) * max(0,X0-0.859) - 0.329*max(0,-1.08-X15) - 0.320*max(0,-0.931-X24) - 0.319*max(0,1.13-X3) - 0.313*max(0,X0+0.270) * max(0,-1.06-X12) + 0.311*max(0,X3-0.682) + 0.309*max(0,X23-1.17) * max(0,X15-1.31) + 0.271*max(0,-1.40-X0) + 0.262*max(0,-1.03-X34) * max(0,-0.570-X2) - 0.259*max(0,X0+0.270) + 0.248*max(0,-1.10-X7) * max(0,-0.931-X24) - 0.241*max(0,X45-0.346) - 0.233*max(0,-0.900-X26) * max(0,-1.21-X6) - 0.232*max(0,-1.03-X34) + 0.228*max(0,X36-0.850) + 0.226*abs(X0) * max(0,-1.21-X6) - 0.217*abs(X1) * max(0,X37-1.25) + 0.216*max(0,-0.987-X49) + 0.215*max(0,-1.10-X7) - 0.205*max(0,X1-0.0501) + 0.195*max(0,-0.696-X29) - 0.192*max(0,X39-1.18) * abs(X0) + 0.188*max(0,X34-1.26) + 0.182*abs(X2) + 0.166*max(0,-0.416-X27) - 0.148*max(0,X28-1.36) - 0.147*max(0,-0.931-X24) * abs(X0) - 0.146*max(0,-0.931-X24) * max(0,X0-0.859) + 0.128*max(0,X27-1.44) - 0.103*max(0,X8-0.258) + 0.101*max(0,X18-0.447) + 0.100*max(0,X49-1.27) * max(0,-0.570-X2) + 0.0995*max(0,X40-0.847) + 0.0973*max(0,X1+0.420) * max(0,-0.570-X2) + 0.0970*max(0,X43-0.795) + 0.0963*max(0,X45-1.26) - 0.0938*max(0,0.314-X23) - 0.0916*max(0,X33-0.832) + 0.0889*max(0,-1.09-X8) + 0.0880*max(0,X4+1.11) - 0.0871*max(0,X38-0.814) + 0.0857*max(0,-1.21-X6) - 0.0776*max(0,-0.974-X22) - 0.0764*max(0,X0+0.270) * max(0,X37-1.25) + 0.0724*max(0,-1.10-X14) - 0.0690*abs(X6) - 0.0675*max(0,1.12-X4) - 0.0650*abs(X45) + 0.0607*max(0,X9-0.351) - 0.0592*max(0,X46-1.01) - 0.0579*max(0,-1.15-X13) - 0.0566*abs(X21) + 0.0540*max(0,-1.10-X7) * max(0,-0.570-X2) - 0.0528*max(0,0.547-X46) + 0.0527*max(0,X35+0.0693) - 0.0515*max(0,X20+0.675) + 0.0505*max(0,0.807-X44) + 0.0475*max(0,X27+0.416) - 0.0467*max(0,-0.621-X36) - 0.0455*max(0,X14-1.28) + 0.0454*max(0,-0.879-X27) - 0.0445*max(0,0.849-X47) + 0.0398*max(0,X49+0.987) + 0.0393*max(0,X17+0.0943) - 0.0377*max(0,-1.10-X7) * max(0,-0.900-X26) + 0.0370*max(0,X26-0.924) + 0.0352*max(0,X23-1.17) - 0.0341*max(0,-0.962-X43) + 0.0311*max(0,X31+0.635) - 0.0301*max(0,0.671-X4) + 0.0295*abs(X16) + 0.0282*abs(X11) + 0.0281*max(0,0.342-X37) + 0.0277*max(0,-1.01-X17) - 0.0272*max(0,X24+0.466) - 0.0266*max(0,X10+0.502) - 0.0218*max(0,X15+0.602) - 0.0218*max(0,-0.173-X12) + 0.0212*max(0,X32-1.31) + 0.0182*abs(X9) + 0.0163*abs(X42) - 0.0145*max(0,X14+0.628) - 0.0124*abs(X12) - 0.0102*abs(X22) - 0.00841*max(0,X14+0.151) + 0.00530*max(0,X24-1.39) + 0.00397*max(0,X17+0.552) - 0.00394*max(0,-0.940-X33) - 0.00166*max(0,X44+0.104) + 0.000367*max(0,X46+0.378)"
ffx,584_fri_c4_500_25,ok,-3651.002677,56.351684,1642,29.99,,"0.733 + 1.99e4*max(0,X11-1.27) * max(0,X0-1.97) + 1.02e4*max(0,-1.20-X21) * max(0,X0-1.97) + 1091*max(0,X5-2.51) * max(0,X0-1.97) + 63.5*max(0,X0-0.729) * max(0,X5-2.51) + 58.5*max(0,X4-2.43) * max(0,X5-2.51) + 41.9*max(0,X5-1.82) * max(0,X22-1.24) + 8.60*max(0,-0.908-X10) * max(0,X8-1.33) - 6.59*max(0,X22-1.24) * max(0,X16-1.22) - 5.95*max(0,-1.10-X3) * max(0,X16-1.22) - 4.72*max(0,-0.972-X6) * max(0,X4-1.71) - 4.42*max(0,X3-1.22) * max(0,X5-2.51) - 3.79*max(0,-0.927-X11) * max(0,-1.06-X8) - 3.68*max(0,X3-1.22) * max(0,X16-1.22) + 3.55*max(0,X4-1.71) * max(0,X8-1.33) + 3.43*max(0,-0.927-X11) * max(0,X3-1.22) + 3.27*max(0,-0.908-X10) * max(0,X1-0.836) + 3.17*max(0,-1.20-X21) * max(0,X1-0.836) - 3.11*max(0,-0.908-X10) * max(0,X16-1.22) - 2.52*max(0,-0.586-X8) * max(0,X22-1.24) + 2.24*max(0,-0.972-X6) * max(0,-1.20-X21) - 2.10*max(0,X22-1.24) * max(0,X11-1.27) + 2.01*max(0,-0.972-X6) * max(0,X0-0.729) + 1.79*max(0,X22-1.24) * max(0,X0-0.729) + 1.75*max(0,-1.10-X3) * max(0,X0-0.729) - 1.70*max(0,X22-1.24) * max(0,-0.908-X10) - 1.61*max(0,-0.465-X14) * max(0,X22-1.24) - 1.60*max(0,X15-0.915) * max(0,X1-0.836) - 1.49*max(0,X1+0.139) * max(0,X16-1.22) + 1.30*max(0,-0.465-X14) * max(0,X1-0.836) + 1.29*max(0,-0.586-X8) * max(0,X0-0.729) + 1.25*max(0,X4-1.71) * max(0,-0.706-X21) + 1.25*max(0,X10-1.41) + 1.13*max(0,X1+0.139) * max(0,X1-0.836) - 1.03*max(0,-1.06-X8) * max(0,-0.908-X10) - 1.02*max(0,-0.465-X14) * max(0,X11-1.27) + 0.995*max(0,-0.927-X11) * max(0,-1.20-X21) - 0.954*max(0,-0.908-X10) * max(0,X15-1.39) + 0.948*max(0,-1.06-X8) * max(0,X1-0.836) + 0.922*max(0,X8-1.33) * max(0,X0-0.729) + 0.865*max(0,X5-1.82) * max(0,X0-1.97) + 0.862*max(0,-0.586-X8) * max(0,X1-0.836) + 0.800*max(0,X1+0.139) * max(0,X0-0.729) + 0.797*max(0,-1.10-X3) * max(0,-0.908-X10) - 0.767*max(0,X1+0.139) + 0.744*max(0,X22-1.24) * max(0,X1-0.836) + 0.742*max(0,-0.972-X6) * max(0,X8-1.33) - 0.718*max(0,X3-1.22) - 0.686*max(0,-1.20-X21) * max(0,X8-1.33) + 0.677*max(0,X5-1.82) * max(0,-0.706-X21) - 0.643*max(0,X7-1.26) - 0.641*max(0,X0+0.508) - 0.636*max(0,-0.465-X14) * max(0,-0.927-X11) + 0.634*max(0,X12-1.28) + 0.606*max(0,-1.20-X21) * max(0,X16-1.22) - 0.577*max(0,-0.635-X3) * max(0,-1.20-X21) - 0.565*max(0,X1+0.627) + 0.533*max(0,-0.927-X11) * max(0,X4-1.71) - 0.533*max(0,X6-1.44) - 0.521*max(0,-0.927-X11) * max(0,-0.635-X3) - 0.503*abs(X0) + 0.478*max(0,-0.972-X6) * max(0,X15-0.915) - 0.451*max(0,-0.627-X1) - 0.447*max(0,X1-0.836) * max(0,X0-1.97) - 0.434*max(0,X5-2.51) - 0.432*max(0,-0.972-X6) * max(0,X1+0.139) - 0.428*max(0,X15-0.915) * max(0,X15-1.39) - 0.427*max(0,-0.972-X6) * max(0,X11-1.27) - 0.425*max(0,-0.706-X21) * max(0,X8-1.33) + 0.411*abs(X2) + 0.404*max(0,-0.465-X14) * max(0,X8-1.33) - 0.386*max(0,-1.06-X8) + 0.384*max(0,X3+1.10) - 0.369*max(0,-0.972-X6) * max(0,-0.635-X3) - 0.359*max(0,X3-1.22) * max(0,X5-1.82) - 0.359*max(0,-0.465-X14) * max(0,-0.908-X10) - 0.353*max(0,X1+0.139) * max(0,X8-1.33) - 0.339*abs(X1) - 0.327*max(0,-0.635-X3) * max(0,X22-1.24) - 0.325*max(0,-0.586-X8) * max(0,-1.06-X8) + 0.303*max(0,X16-0.765) - 0.290*max(0,X5-1.82) * max(0,X16-1.22) + 0.278*max(0,-0.635-X3) * max(0,X15-0.915) + 0.277*max(0,-0.972-X6) * max(0,-0.908-X10) + 0.268*max(0,X4-0.997) + 0.255*max(0,-0.586-X8) * max(0,X16-1.22) + 0.254*max(0,X11-1.27) + 0.238*max(0,-0.586-X8) * max(0,X11-1.27) + 0.220*max(0,-1.06-X8) * max(0,-0.706-X21) + 0.206*max(0,X13-1.24) + 0.197*max(0,X21-1.28) + 0.195*max(0,-0.959-X5) + 0.184*max(0,X15-0.915) * max(0,X11-1.27) + 0.173*max(0,X20-1.16) - 0.158*max(0,X10-0.948) + 0.144*max(0,-0.927-X11) * max(0,X8-1.33) - 0.132*max(0,X23-0.730) - 0.127*max(0,-1.11-X1) + 0.127*max(0,0.371-X8) + 0.122*max(0,-0.533-X18) + 0.120*max(0,-0.465-X14) * max(0,-0.586-X8) + 0.115*max(0,-0.972-X6) + 0.113*max(0,-0.635-X3) * max(0,X15-1.39) + 0.112*max(0,-0.972-X6) * max(0,X16-1.22) - 0.110*abs(X23) + 0.0992*max(0,-1.06-X8) * max(0,-1.20-X21) - 0.0926*max(0,X14-0.944) + 0.0915*max(0,-1.07-X17) + 0.0894*max(0,X8-0.850) - 0.0893*max(0,-0.465-X14) * max(0,X0-0.729) + 0.0845*max(0,-1.01-X18) + 0.0791*max(0,-0.567-X24) + 0.0786*max(0,X22-0.326) - 0.0786*abs(X21) + 0.0728*max(0,X18-0.889) - 0.0567*max(0,-0.572-X12) - 0.0551*max(0,-1.20-X21) - 0.0531*max(0,0.375-X19) - 0.0519*max(0,-0.210-X21) - 0.0494*max(0,X6-0.956) - 0.0475*max(0,-0.635-X3) + 0.0474*abs(X15) + 0.0439*max(0,0.308-X16) + 0.0422*max(0,X5-1.82) * max(0,X0-0.729) + 0.0368*max(0,X7+0.538) + 0.0359*max(0,0.948-X10) - 0.0357*max(0,-0.635-X3) * max(0,-0.908-X10) + 0.0317*abs(X20) - 0.0307*abs(X19) - 0.0289*max(0,-0.508-X0) - 0.0284*max(0,X1+0.139) * max(0,-0.635-X3) + 0.0248*abs(X9) + 0.0228*max(0,X12-0.818) - 0.0222*max(0,X3-1.22) * max(0,-0.908-X10) + 0.0214*max(0,X4-1.71) + 0.0199*abs(X16) + 0.0190*max(0,X5-1.82) * max(0,X4-2.43) - 0.0178*max(0,1.12-X5) + 0.0170*abs(X14) - 0.0139*abs(X10) - 0.00785*max(0,X18-1.36) + 0.00456*max(0,-1.18-X23) + 0.00425*max(0,X9-0.347) + 0.00275*max(0,X14+0.465) - 0.00148*max(0,0.326-X22) + 6.62e-6*max(0,-0.988-X7)"
ffx,586_fri_c3_1000_25,ok,0.233179,0.835646,1398,30.31,,"0.805 + 3.41*max(0,X1-0.883) + 3.09*max(0,X0-0.975) - 2.65*max(0,X4-1.71) - 2.58*max(0,X14-1.37) + 2.42*max(0,X21-1.21) - 2.41*max(0,X3-1.37) + 2.24*max(0,X10-1.24) - 2.22*max(0,X13-0.832) - 2.12*max(0,X16-1.22) + 2.10*max(0,-1.18-X10) + 1.98*max(0,X4-2.37) - 1.92*max(0,-0.194-X5) - 1.89*max(0,X1+0.0864) + 1.57*max(0,X13-1.29) - 1.56*max(0,X9-1.09) + 1.53*max(0,X15-1.25) - 1.49*max(0,-0.571-X1) + 1.48*max(0,-1.06-X1) - 1.46*max(0,X12-1.40) - 1.43*max(0,X8-0.881) + 1.39*max(0,X2-2.39) + 1.36*max(0,X8-1.35) + 1.36*max(0,X18-1.11) - 1.35*max(0,X22-1.31) - 1.34*max(0,-0.0864-X1) + 1.33*max(0,-1.08-X21) - 1.30*max(0,-0.694-X10) + 1.27*max(0,X20-0.794) + 1.25*max(0,X13-0.377) + 1.15*max(0,-1.23-X20) + 1.14*max(0,X11-1.20) + 1.08*max(0,X6-1.39) + 1.07*max(0,-0.646-X5) - 1.06*max(0,X21-0.296) - 1.05*max(0,-1.24-X9) + 1.03*max(0,X14-0.907) + 1.03*max(0,X5-0.711) + 1.03*max(0,-0.533-X13) - 0.990*max(0,-0.0781-X13) - 0.969*max(0,-1.64-X0) + 0.932*max(0,X4-0.372) + 0.900*max(0,X2-1.11) - 0.894*max(0,X5+0.194) - 0.893*max(0,-0.463-X23) + 0.869*max(0,X3-0.918) - 0.850*max(0,X18-0.651) + 0.839*max(0,X0-1.63) + 0.837*max(0,-1.10-X5) - 0.824*max(0,X5-1.16) - 0.820*max(0,X0+0.331) - 0.812*max(0,-1.04-X15) + 0.798*max(0,X5-0.259) - 0.788*max(0,X23-1.45) + 0.775*max(0,-0.306-X9) - 0.718*max(0,X1-1.37) - 0.714*max(0,-0.331-X0) + 0.693*max(0,X12-0.914) + 0.691*max(0,-0.962-X4) + 0.672*max(0,X16-0.264) + 0.666*max(0,-0.823-X2) + 0.659*max(0,X9+0.306) - 0.629*max(0,X24-1.16) - 0.607*max(0,X9-0.626) - 0.586*max(0,X20-0.288) + 0.582*max(0,-0.984-X0) + 0.574*max(0,-0.940-X23) - 0.572*max(0,-0.448-X3) + 0.565*max(0,-0.669-X11) + 0.554*max(0,0.398-X1) - 0.546*max(0,-0.972-X7) - 0.524*max(0,0.296-X21) + 0.496*max(0,-1.01-X12) + 0.473*max(0,0.259-X5) - 0.461*max(0,-0.772-X9) + 0.442*max(0,X7-0.791) + 0.436*max(0,-0.0236-X22) - 0.427*max(0,-1.14-X11) + 0.422*max(0,X8-0.414) - 0.417*max(0,-0.0821-X6) + 0.398*max(0,-1.06-X6) + 0.391*max(0,X1-0.398) - 0.383*max(0,-0.730-X18) - 0.367*max(0,X17-0.337) + 0.364*max(0,X21+0.162) + 0.358*max(0,X14-0.449) + 0.358*max(0,X22+0.0236) - 0.350*max(0,-0.202-X11) - 0.349*max(0,X0-0.322) + 0.347*max(0,1.11-X2) + 0.345*max(0,0.377-X13) + 0.337*max(0,X15-0.334) + 0.337*max(0,0.334-X15) + 0.330*max(0,0.883-X1) - 0.323*max(0,X15+0.123) - 0.314*max(0,X2+0.180) + 0.304*max(0,0.492-X23) - 0.303*max(0,1.71-X4) - 0.300*max(0,X1+0.571) - 0.296*max(0,-0.916-X22) + 0.285*max(0,-0.162-X21) - 0.283*max(0,-0.215-X16) + 0.282*max(0,X3-0.00777) - 0.280*max(0,-0.532-X12) - 0.279*max(0,-0.694-X16) - 0.275*max(0,X6+0.0821) + 0.268*max(0,X17+0.115) + 0.268*max(0,0.264-X16) + 0.268*max(0,-1.02-X17) + 0.265*max(0,X24-0.708) - 0.263*max(0,-0.180-X2) + 0.257*max(0,-1.19-X18) + 0.245*max(0,-0.926-X14) - 0.228*max(0,0.881-X8) - 0.225*max(0,X7+0.0905) - 0.221*max(0,X21-0.754) + 0.217*max(0,0.975-X0) - 0.209*max(0,X10-0.274) + 0.209*max(0,-0.987-X8) + 0.204*max(0,X23-0.969) - 0.197*max(0,X10+0.694) - 0.196*max(0,X6-0.408) + 0.177*max(0,X24-0.260) - 0.173*max(0,X12+0.0497) - 0.162*max(0,-0.848-X19) + 0.159*max(0,-0.414-X19) + 0.154*max(0,X3-0.463) - 0.149*max(0,X20-1.30) + 0.149*max(0,X23-0.492) + 0.148*max(0,X10-0.759) + 0.144*max(0,X19-0.889) + 0.134*max(0,X20+0.217) + 0.126*max(0,-0.468-X14) + 0.126*max(0,X6-0.899) - 0.126*max(0,0.288-X20) + 0.121*max(0,-0.636-X24) + 0.107*max(0,0.449-X14) - 0.105*max(0,X15-0.792) - 0.103*max(0,-0.620-X21) - 0.103*max(0,X16-0.743) - 0.0958*max(0,X11-0.731) + 0.0928*max(0,X19-0.455) + 0.0907*max(0,0.791-X7) + 0.0905*max(0,0.455-X19) - 0.0875*max(0,X16+0.215) + 0.0860*max(0,X7-1.23) - 0.0839*max(0,X23-0.0145) + 0.0802*max(0,X24+0.636) + 0.0771*max(0,-1.17-X16) + 0.0731*max(0,0.759-X10) - 0.0677*max(0,-0.723-X20) - 0.0608*max(0,-0.470-X22) - 0.0568*max(0,1.04-X4) + 0.0568*max(0,-0.217-X20) + 0.0560*max(0,-0.581-X15) - 0.0502*max(0,0.337-X17) + 0.0497*max(0,X11+0.669) - 0.0482*max(0,X18-0.191) + 0.0477*max(0,-0.115-X17) + 0.0474*X4 + 0.0469*max(0,X22-0.422) - 0.0462*max(0,X13+0.0781) - 0.0368*max(0,-0.988-X13) - 0.0312*max(0,-1.08-X24) - 0.0215*max(0,X2-1.75) - 0.0141*max(0,0.731-X11) - 0.0110*max(0,1.37-X3) + 0.00449*X3 + 0.00382*max(0,X3+0.903) + 0.00271*max(0,X8+0.0526) - 0.00100*max(0,X18+0.730)"
ffx,588_fri_c4_1000_100,ok,-1.601721,1.393147,625,90.79,,-1.61 - 0.340*abs(X86) * abs(X27) - 0.326*abs(X49) * abs(X55) + 0.299*abs(X11) + 0.288*abs(X0) * abs(X4) + 0.277*abs(X67) * abs(X74) - 0.277*abs(X99) * abs(X16) + 0.266*abs(X26) + 0.236*abs(X30) * abs(X61) + 0.222*abs(X45) + 0.220*abs(X22) * abs(X4) + 0.205*X69**2 - 0.188*abs(X64) * abs(X55) - 0.182*abs(X20) + 0.175*abs(X75) + 0.174*abs(X15) + 0.172*abs(X76) - 0.171*abs(X0) * abs(X49) - 0.168*abs(X1) + 0.166*abs(X74) * abs(X0) + 0.147*X23 - 0.146*abs(X98) + 0.144*abs(X43) * abs(X54) - 0.143*abs(X53) * abs(X1) + 0.138*abs(X46) + 0.134*X19 * abs(X74) + 0.131*abs(X67) * abs(X43) + 0.128*X9**2 + 0.128*abs(X91) + 0.127*X91 + 0.127*X36**2 + 0.122*abs(X93) + 0.121*abs(X8) + 0.121*X72 * abs(X49) - 0.121*X86 + 0.119*abs(X41) - 0.119*X57 - 0.114*abs(X67) * abs(X30) - 0.110*abs(X14) - 0.107*abs(X3) + 0.104*abs(X67) * abs(X54) - 0.104*X35 - 0.102*X7**2 - 0.0968*abs(X43) * abs(X1) + 0.0957*X19**2 - 0.0943*abs(X73) + 0.0932*abs(X30) * abs(X43) + 0.0917*abs(X54) * abs(X49) + 0.0884*X3 * abs(X99) - 0.0880*abs(X1) * abs(X16) + 0.0879*X19 * abs(X22) - 0.0837*X54 + 0.0837*abs(X84) + 0.0824*X12 + 0.0820*abs(X77) - 0.0809*X93 - 0.0765*X89 + 0.0760*X19 * abs(X70) - 0.0747*X78 + 0.0747*X59**2 + 0.0729*X65 + 0.0710*abs(X67) * abs(X22) - 0.0704*X19 * abs(X27) + 0.0700*X18**2 + 0.0699*X3 - 0.0693*abs(X86) * abs(X70) - 0.0678*X29 + 0.0669*X72 * abs(X4) + 0.0653*X63 - 0.0644*X24 - 0.0618*X9 - 0.0616*abs(X64) * abs(X53) + 0.0613*X3 * abs(X27) + 0.0606*X72 * abs(X43) - 0.0604*abs(X29) + 0.0603*X95 - 0.0585*X53 - 0.0582*X72**2 - 0.0557*X81**2 - 0.0549*X19 * abs(X16) + 0.0533*X48**2 + 0.0505*abs(X19) + 0.0504*abs(X61) * abs(X16) - 0.0495*X85 + 0.0488*X7 + 0.0477*abs(X21) + 0.0450*X85**2 + 0.0439*abs(X16) * abs(X4) + 0.0410*X60**2 - 0.0406*X44 + 0.0406*X58 - 0.0391*abs(X70) * abs(X16) + 0.0391*X18 + 0.0354*X6 - 0.0354*X47**2 + 0.0345*X25 - 0.0318*abs(X64) * abs(X70) - 0.0318*X3**2 + 0.0292*X27 - 0.0279*X88 - 0.0260*X38**2 + 0.0250*X94 - 0.0243*X24**2 - 0.0242*abs(X86) * abs(X55) + 0.0239*X77**2 - 0.0237*X83**2 + 0.0234*abs(X53) * X19 - 0.0222*X42 - 0.0211*abs(X13) - 0.0208*X72 * abs(X74) - 0.0203*X62 + 0.0184*X4**2 - 0.0176*X37**2 + 0.0171*X6**2 - 0.0161*X71**2 - 0.0141*X44**2 - 0.0134*X1 + 0.0134*X87**2 + 0.0126*X52 + 0.0120*X78**2 + 0.0109*abs(X33) + 0.0108*abs(X67) * X72 + 0.0106*X72 * abs(X22) + 0.00865*X79 + 0.00826*X28 + 0.00766*abs(X30) * abs(X16) + 0.00742*abs(X74) * abs(X49) + 0.00709*X68 - 0.00694*abs(X99) * abs(X55) + 0.00443*abs(X74) * abs(X4) + 0.00388*X83 + 0.00377*X66 - 0.00340*X82 + 0.00335*abs(X42) - 0.00252*X94**2 - 0.00211*X80 + 0.00211*X34 + 0.00184*X3 * abs(X55) + 0.00153*abs(X30) * abs(X49) - 0.000927*abs(X86) * abs(X61) + 0.000105*X19 * abs(X67)
ffx,589_fri_c2_1000_25,ok,-170.199754,12.757357,1642,31.51,,"0.526 + 1699*max(0,X8-1.34) * max(0,X13-1.37) + 167*max(0,X15-1.47) * max(0,X23-1.18) + 26.2*max(0,X10-1.12) * max(0,X3-1.24) - 15.8*max(0,X0-1.63) * max(0,X1-1.18) - 15.4*max(0,-1.11-X24) * max(0,X0-1.63) + 11.7*max(0,X3-1.24) * max(0,X6-1.33) + 6.69*max(0,X3-1.24) * max(0,-1.10-X9) + 6.54*max(0,X10-1.12) * max(0,X5-1.12) - 5.83*max(0,X8-1.34) * max(0,X10-1.12) - 5.37*max(0,-0.682-X19) * max(0,X23-1.18) - 5.17*max(0,X13-1.37) * max(0,X0-1.63) - 5.10*max(0,X14-1.36) * max(0,X6-1.33) - 4.62*max(0,X10-1.12) * max(0,X11-1.40) + 3.77*max(0,X1-1.18) - 3.50*max(0,X10-1.12) * max(0,X15-1.47) + 3.37*max(0,X14-1.36) * max(0,X11-1.40) - 3.31*max(0,-1.10-X9) * max(0,X5-1.12) + 3.21*max(0,X10-1.12) * max(0,X23-1.18) + 3.04*max(0,-0.985-X12) * max(0,X23-1.18) + 2.87*max(0,-0.682-X19) * max(0,-1.06-X14) + 2.81*max(0,X8-1.34) * max(0,X23-1.18) - 2.76*max(0,-1.10-X9) * max(0,X0-1.63) + 2.76*max(0,X15-1.47) * max(0,X9-0.690) + 2.59*max(0,X10-1.12) * max(0,X1-0.714) - 2.47*max(0,-0.985-X12) * max(0,X13-1.37) - 2.41*max(0,X0-0.471) * max(0,-1.11-X24) + 2.40*max(0,X3-1.24) * max(0,X23-1.18) + 2.32*max(0,X0-0.471) * max(0,X1-0.714) - 2.27*max(0,-0.677-X1) * max(0,-1.11-X24) + 2.21*max(0,-0.677-X1) * max(0,X10-1.12) - 2.18*max(0,X8-1.34) * max(0,X1-1.18) + 1.71*max(0,X10-1.12) * max(0,X13-1.37) + 1.66*max(0,X14-1.36) * max(0,X23-1.18) - 1.53*max(0,X1+0.214) - 1.52*max(0,-0.677-X1) * max(0,X13-1.37) + 1.46*max(0,-0.537-X20) * max(0,-1.06-X14) - 1.42*max(0,X0-0.471) * max(0,X9-1.14) - 1.42*max(0,X10-1.12) * max(0,-1.11-X24) + 1.36*max(0,X8-1.34) * max(0,X0-0.471) + 1.26*max(0,X8-1.34) * max(0,X14-1.36) + 1.17*max(0,X8-1.34) * max(0,-1.10-X9) + 1.15*max(0,X1-0.714) - 1.08*max(0,X13-1.37) * max(0,X17-1.35) - 1.07*max(0,-0.677-X1) + 1.06*max(0,X15-1.47) * max(0,-1.11-X24) + 1.03*max(0,X9-0.690) * max(0,X11-1.40) + 1.02*max(0,X10-1.12) * max(0,X9-1.14) - 0.990*max(0,X14-1.36) * max(0,-0.682-X19) + 0.938*max(0,X0-1.05) + 0.922*max(0,-0.537-X20) * max(0,X17-1.35) - 0.915*max(0,X11-1.40) * max(0,X1-1.18) - 0.897*max(0,-1.10-X9) * max(0,X1-1.18) + 0.889*max(0,X11-1.40) * max(0,X9-1.14) - 0.867*max(0,X8-1.34) * max(0,X1-0.714) + 0.836*max(0,-0.537-X20) * max(0,X11-1.40) + 0.813*max(0,-0.985-X12) * max(0,-1.10-X9) + 0.784*max(0,X3-1.24) * max(0,-1.06-X14) - 0.685*max(0,-0.692-X0) - 0.646*max(0,X5-1.12) * max(0,-1.11-X24) + 0.641*max(0,X5-1.12) * max(0,X1-0.714) + 0.632*max(0,-0.682-X19) * max(0,X9-0.690) - 0.577*max(0,X6-0.859) * max(0,X0-0.471) + 0.543*max(0,X8-1.34) + 0.526*max(0,X10-1.12) * max(0,-0.985-X12) + 0.515*max(0,-1.05-X2) + 0.508*max(0,-0.537-X20) * max(0,X6-1.33) + 0.492*max(0,-0.677-X1) * max(0,-1.10-X9) - 0.470*max(0,X7-1.24) - 0.448*max(0,X14-1.36) * max(0,-1.10-X9) + 0.437*max(0,X0-0.471) * max(0,X6-1.33) + 0.415*max(0,X4-0.873) + 0.397*max(0,-0.677-X1) * max(0,X15-1.47) + 0.395*max(0,X1-0.714) * max(0,X6-1.33) - 0.395*max(0,X6-0.859) * max(0,X9-0.690) - 0.375*max(0,-0.985-X12) * max(0,X0-1.63) - 0.371*max(0,-0.682-X19) * max(0,-1.11-X24) + 0.367*max(0,-1.27-X0) + 0.351*max(0,0.471-X0) - 0.335*max(0,-0.537-X20) * max(0,X9-1.14) - 0.335*max(0,-0.682-X19) * max(0,-1.10-X9) - 0.322*max(0,X10-1.12) * max(0,-0.579-X14) + 0.322*max(0,X12-1.23) + 0.308*max(0,-0.652-X24) - 0.306*max(0,0.315-X3) - 0.305*max(0,-1.01-X6) - 0.278*max(0,X1+0.677) + 0.257*max(0,-0.579-X14) * max(0,X1-0.714) - 0.256*max(0,-1.08-X21) - 0.251*max(0,X0+0.111) + 0.244*max(0,X0-0.471) * max(0,-0.579-X14) - 0.239*max(0,-0.682-X19) * max(0,X9-1.14) + 0.234*max(0,-0.378-X2) - 0.230*max(0,-0.677-X1) * max(0,-0.985-X12) + 0.228*max(0,X3+0.149) + 0.219*max(0,-0.677-X1) * max(0,-0.682-X19) + 0.213*max(0,X0-0.471) * max(0,X23-1.18) + 0.204*max(0,X2-1.63) - 0.199*max(0,X6-0.859) - 0.197*max(0,-0.696-X10) + 0.185*max(0,-0.579-X14) * max(0,X23-1.18) + 0.184*max(0,X15+0.0523) - 0.183*max(0,X5-1.12) * max(0,-1.06-X14) - 0.179*max(0,-0.677-X1) * max(0,X5-1.12) - 0.153*max(0,X23+0.154) - 0.152*max(0,X6-0.859) * max(0,-1.10-X9) - 0.144*max(0,X6-0.859) * max(0,-0.682-X19) + 0.140*max(0,X24-0.713) + 0.136*max(0,0.963-X2) + 0.119*max(0,-1.06-X5) - 0.118*max(0,0.421-X4) - 0.109*max(0,-0.579-X14) + 0.0984*max(0,-0.0523-X15) + 0.0901*max(0,-1.10-X9) * max(0,-1.11-X24) + 0.0895*max(0,X20-0.872) + 0.0861*max(0,X5+0.190) - 0.0858*max(0,X11-1.40) * max(0,X0-1.63) - 0.0807*max(0,X13-1.37) * max(0,-0.682-X19) + 0.0689*max(0,-0.0677-X20) - 0.0689*max(0,0.801-X7) + 0.0670*max(0,X3-1.24) * max(0,X5-1.12) + 0.0658*max(0,-0.996-X17) - 0.0656*max(0,-1.11-X24) * max(0,X1-0.714) + 0.0634*max(0,-0.207-X9) - 0.0620*max(0,-0.191-X22) - 0.0599*max(0,-0.677-X1) * max(0,-0.579-X14) - 0.0592*max(0,-0.537-X20) * max(0,X1-0.714) - 0.0459*max(0,-0.985-X12) * max(0,-1.06-X14) - 0.0428*max(0,X13-1.37) * max(0,-0.579-X14) - 0.0407*max(0,X22+0.653) + 0.0351*max(0,X18-0.349) - 0.0328*max(0,X0-0.471) * max(0,X11-1.40) - 0.0303*max(0,X7-0.801) - 0.0251*max(0,X21+0.122) + 0.0191*max(0,-0.964-X8) - 0.0184*max(0,X17-0.884) - 0.0172*max(0,X5-1.12) * max(0,X9-1.14) + 0.0153*max(0,X10-0.210) + 0.0152*max(0,0.444-X13) + 0.0111*max(0,-0.154-X23) - 0.00924*max(0,X22-0.734) + 0.00653*max(0,X18-0.775) + 0.00509*max(0,-0.426-X11) + 0.00451*max(0,0.414-X17) - 0.000709*max(0,X17-1.35) * max(0,X0-1.63)"
ffx,590_fri_c0_1000_50,ok,0.522868,0.687396,1642,46.79,,"1.13 + 17.6*max(0,X48-1.31) * max(0,X13-1.36) + 10.8*max(0,X27-1.31) * max(0,X42-1.40) + 6.90*max(0,X6-1.19) * max(0,-1.04-X2) + 6.76*max(0,-1.01-X4) * max(0,X42-1.40) + 4.98*max(0,-1.04-X2) * max(0,X13-1.36) + 4.12*max(0,X48-1.31) * max(0,X9-1.18) - 3.93*max(0,X1-0.704) * max(0,X42-1.40) - 3.91*max(0,X15-1.15) * max(0,X27-1.31) + 3.52*max(0,X48-1.31) * max(0,X6-1.19) + 3.29*max(0,X48-1.31) * max(0,X27-1.31) - 3.18*max(0,X48-1.31) * max(0,X42-1.40) - 2.83*max(0,X48-1.31) * max(0,-1.17-X26) - 2.62*max(0,X48-1.31) * max(0,-1.19-X45) + 2.42*max(0,X4-1.38) * max(0,-1.17-X26) - 2.35*max(0,-1.17-X26) * max(0,X27-1.31) + 2.32*max(0,X30-1.28) * max(0,X41-1.32) + 2.21*max(0,X41-1.32) * max(0,X4-1.38) + 1.99*max(0,X3-1.33) * max(0,-1.19-X45) - 1.81*max(0,-1.05-X32) * max(0,X3-1.33) + 1.80*max(0,X15-1.15) * max(0,-1.17-X26) + 1.79*max(0,X6-1.19) * max(0,-1.19-X45) - 1.76*max(0,X4-1.38) * max(0,-1.19-X45) + 1.71*max(0,X2-0.822) * max(0,X9-1.18) - 1.64*max(0,X11-0.846) * max(0,X42-1.40) - 1.58*max(0,X15-1.15) * max(0,-1.05-X32) + 1.54*max(0,X1-0.704) * max(0,X4-1.38) + 1.36*max(0,X1-0.704) * max(0,X35-1.28) + 1.36*max(0,X48-1.31) * max(0,X3-1.33) + 1.25*max(0,X4-1.38) * max(0,X2-0.822) + 1.12*max(0,X30-1.28) * max(0,X48-1.31) + 1.04*max(0,-0.392-X48) * max(0,X13-1.36) - 1.00*max(0,X1-0.704) * max(0,-1.17-X26) - 0.936*max(0,X35-1.28) * max(0,-1.17-X26) - 0.923*max(0,-0.529-X4) * max(0,-1.19-X45) - 0.922*max(0,X1-0.704) * max(0,X27-1.31) + 0.881*max(0,X30-1.28) * max(0,-1.04-X2) + 0.824*max(0,X11-0.846) * max(0,-1.19-X45) - 0.816*max(0,-1.05-X32) * max(0,-1.17-X26) + 0.810*max(0,-1.05-X32) * max(0,X11-0.846) + 0.716*max(0,X27-1.31) * max(0,-1.04-X2) - 0.702*max(0,X30-1.28) * max(0,X11-0.846) + 0.694*max(0,X12-1.28) * max(0,-1.19-X45) - 0.685*max(0,X0-1.14) + 0.684*max(0,X3-1.33) - 0.644*max(0,X1-0.704) * max(0,X11-0.846) - 0.643*max(0,X1-0.704) * max(0,-1.19-X45) + 0.625*max(0,-0.392-X48) * max(0,X6-1.19) + 0.624*max(0,-1.04-X2) - 0.545*max(0,X36-1.31) - 0.538*max(0,X12-1.28) * max(0,X27-1.31) - 0.529*max(0,X48-1.31) * max(0,0.277-X0) - 0.501*max(0,0.878-X3) + 0.485*max(0,X43-1.34) * max(0,X2-0.822) + 0.472*max(0,-0.392-X48) * max(0,X43-1.34) - 0.453*max(0,0.277-X0) * max(0,X27-1.31) + 0.440*max(0,-0.392-X48) * max(0,X15-1.15) - 0.428*max(0,-0.392-X48) * max(0,-1.05-X32) + 0.422*max(0,-0.392-X48) * max(0,X2-0.822) - 0.415*max(0,X1-0.704) * max(0,-0.529-X4) + 0.407*max(0,X4-0.906) + 0.386*max(0,X2-0.822) - 0.385*max(0,-0.392-X48) - 0.371*max(0,X49-1.21) - 0.356*max(0,X24-1.27) - 0.341*max(0,X2-0.822) * max(0,X42-1.40) - 0.336*max(0,-0.0510-X4) - 0.324*max(0,0.274-X1) - 0.321*max(0,X11-0.846) - 0.318*max(0,X15-1.15) * max(0,-1.19-X45) + 0.301*max(0,-1.05-X32) * max(0,X41-1.32) + 0.282*max(0,X28-0.905) + 0.280*max(0,X48-1.31) * max(0,-1.04-X2) + 0.258*max(0,-1.05-X32) * max(0,X12-1.28) + 0.251*max(0,X2-0.822) * max(0,-1.01-X4) - 0.246*max(0,0.709-X0) + 0.246*max(0,X35-1.28) * max(0,-1.19-X45) + 0.244*max(0,-1.07-X12) - 0.217*max(0,-0.584-X1) + 0.196*max(0,-0.519-X19) - 0.189*max(0,-0.154-X0) + 0.187*max(0,-0.438-X7) - 0.181*max(0,X41-1.32) * max(0,X6-1.19) + 0.177*max(0,-0.981-X8) - 0.170*max(0,-1.03-X27) - 0.157*max(0,0.704-X1) - 0.156*max(0,0.277-X0) * max(0,-0.529-X4) + 0.151*max(0,X1-0.704) * max(0,X2-0.822) + 0.149*max(0,X15-1.15) * max(0,-1.01-X4) + 0.148*max(0,X43-1.34) * max(0,-1.01-X4) + 0.148*max(0,X39+0.156) - 0.140*max(0,0.277-X0) * max(0,-1.19-X45) - 0.138*max(0,-1.05-X15) + 0.137*max(0,X15-1.15) * max(0,X12-1.28) - 0.132*max(0,0.277-X0) + 0.123*max(0,-0.627-X24) - 0.123*max(0,-0.529-X4) * max(0,-1.04-X2) - 0.118*max(0,-1.13-X44) + 0.117*max(0,X29+0.0440) + 0.114*max(0,X34-1.13) - 0.112*max(0,-0.0770-X33) + 0.110*max(0,X3+0.471) - 0.108*max(0,X17-0.932) + 0.102*max(0,-1.06-X22) + 0.0977*max(0,-0.966-X35) + 0.0933*max(0,X47+0.0746) - 0.0929*max(0,-0.171-X38) - 0.0905*max(0,-0.221-X49) + 0.0819*max(0,-1.04-X41) + 0.0805*max(0,-1.03-X20) - 0.0754*max(0,-0.560-X30) + 0.0752*max(0,-0.554-X9) - 0.0741*max(0,-0.817-X48) - 0.0707*max(0,-0.492-X42) + 0.0514*max(0,X35+0.517) - 0.0511*max(0,-0.107-X25) + 0.0474*max(0,-0.392-X48) * max(0,X9-1.18) - 0.0446*max(0,X36+0.0718) + 0.0414*max(0,X22+0.136) - 0.0365*max(0,X20+0.0802) - 0.0362*max(0,-0.486-X17) + 0.0335*max(0,X45-0.710) - 0.0330*max(0,X16+0.0525) - 0.0326*max(0,0.428-X3) - 0.0279*max(0,-1.17-X26) + 0.0267*max(0,X23-0.787) + 0.0264*max(0,0.856-X8) + 0.0254*max(0,X43-0.369) + 0.0241*max(0,0.289-X10) - 0.0208*max(0,0.258-X49) - 0.0181*max(0,0.846-X11) + 0.0179*max(0,-0.129-X12) + 0.0160*max(0,X12-0.341) - 0.0153*max(0,X6+1.13) - 0.0141*max(0,X5-1.32) + 0.0130*max(0,0.277-X0) * max(0,X13-1.36) - 0.0123*max(0,-0.133-X14) + 0.0101*max(0,0.513-X31) + 0.00488*max(0,X3-1.33) * max(0,X11-0.846) + 0.00478*max(0,X26-0.220)"
ffx,591_fri_c1_100_10,ok,0.107886,0.943304,862,15.18,,"0.905 - 8.49*max(0,-1.02-X6) * max(0,X7-1.09) + 5.93*max(0,-1.12-X9) * max(0,-1.02-X6) - 5.24*max(0,X8-0.181) * max(0,-1.00-X4) + 2.88*max(0,X1-0.757) + 2.77*max(0,X4-0.789) * max(0,X6-1.41) - 2.56*max(0,-1.02-X6) * max(0,X7-0.676) + 2.24*max(0,X2-0.682) * max(0,X4-0.789) - 1.95*max(0,-1.00-X4) * max(0,-1.11-X2) + 1.60*max(0,-0.285-X8) * max(0,-0.779-X5) - 1.54*max(0,X3-0.781) * max(0,-0.554-X4) + 1.43*max(0,X0-0.783) - 1.25*max(0,X8-0.181) * max(0,-1.12-X9) - 1.09*max(0,X1+0.276) + 1.09*max(0,X3-1.23) + 1.06*max(0,X2-0.682) * max(0,-1.02-X6) + 1.04*max(0,X8-0.181) * max(0,-1.11-X2) + 1.03*max(0,-1.12-X9) * max(0,-0.554-X4) - 0.993*max(0,X2-0.233) * max(0,-0.779-X5) - 0.890*max(0,0.233-X2) * max(0,X6-1.41) - 0.787*max(0,-0.793-X1) - 0.639*max(0,X7-0.263) * max(0,-1.11-X2) - 0.631*max(0,X0+0.506) - 0.589*max(0,-1.02-X6) * max(0,X3-0.781) + 0.576*max(0,-0.285-X8) * max(0,X3-0.781) - 0.573*max(0,-0.556-X3) - 0.549*max(0,-1.31-X1) - 0.536*max(0,-1.02-X6) * max(0,-0.554-X4) + 0.469*max(0,0.233-X2) * max(0,-1.12-X9) - 0.465*max(0,X1-1.27) + 0.461*max(0,X0-1.43) - 0.459*max(0,X8-0.181) * max(0,-0.696-X9) + 0.437*max(0,X4-1.24) + 0.435*max(0,-0.554-X4) * max(0,X2-0.233) + 0.413*max(0,-0.285-X8) * max(0,X7-1.09) - 0.382*max(0,X5-1.12) - 0.373*max(0,X8-0.181) * max(0,-0.779-X5) + 0.370*max(0,X6-1.41) * max(0,-0.779-X5) - 0.272*max(0,-0.215-X2) * max(0,X6-1.41) + 0.272*max(0,X3-0.781) * max(0,X2-0.233) - 0.271*max(0,X8-1.11) + 0.260*max(0,X4-0.789) - 0.255*max(0,-0.274-X9) * max(0,-0.779-X5) + 0.239*max(0,-0.274-X9) * max(0,X2-0.233) - 0.193*max(0,X9-0.994) + 0.192*max(0,0.783-X0) - 0.190*max(0,X1+0.793) - 0.158*max(0,X7-0.263) * max(0,-0.779-X5) + 0.156*max(0,X7-0.263) * max(0,X3-0.781) - 0.155*max(0,-0.111-X3) - 0.146*max(0,X4-1.24) * max(0,X3-0.781) - 0.139*max(0,-0.285-X8) * max(0,-1.02-X6) - 0.124*max(0,0.647-X8) + 0.118*max(0,X3-0.781) + 0.115*max(0,X8-0.181) * max(0,X3-0.781) + 0.113*max(0,X8+0.751) + 0.108*max(0,X4-0.789) * max(0,-0.274-X9) - 0.0837*max(0,-1.15-X0) + 0.0627*max(0,X4-1.24) * max(0,X2-0.233) - 0.0584*max(0,1.41-X6) - 0.0579*max(0,1.12-X5) + 0.0530*max(0,X4-0.789) * max(0,X8-0.181) - 0.0473*max(0,-0.304-X5) * max(0,-1.11-X2) + 0.0451*max(0,X4-0.341) + 0.0398*max(0,X3-0.781) * max(0,X7-1.09) + 0.0311*max(0,X3-0.781) * max(0,-0.696-X9) + 0.0169*max(0,0.233-X2) * max(0,-0.779-X5) + 0.00588*max(0,X6+0.0452) + 0.00479*max(0,X2-0.682) * max(0,-0.554-X4) - 0.00309*max(0,X8-0.647) - 0.000713*max(0,X7-0.263)"
ffx,592_fri_c4_1000_25,ok,0.540988,0.712112,1013,39.42,,"0.725 + 3.90*max(0,X1-0.785) + 2.77*max(0,X0-0.982) + 2.68*max(0,X24-1.38) + 2.56*max(0,X5-1.72) + 2.32*max(0,X0-0.399) - 2.19*max(0,X5-2.34) + 1.84*max(0,X4-3.16) - 1.75*max(0,X4-2.41) + 1.68*max(0,X11-1.37) + 1.68*max(0,X6-1.40) + 1.59*max(0,X21-1.21) - 1.58*max(0,X24-0.895) - 1.48*max(0,X10-1.24) + 1.40*max(0,X2-1.83) + 1.35*max(0,X13-1.25) - 1.35*max(0,X11-0.925) + 1.29*max(0,X16-0.765) - 1.22*max(0,X0+0.185) - 1.09*max(0,-1.11-X1) - 1.08*max(0,X1-1.26) - 1.02*max(0,X13-0.800) - 1.01*abs(X1) - 0.993*max(0,-0.849-X11) + 0.880*max(0,-1.35-X0) - 0.844*max(0,X20-1.32) - 0.800*max(0,X0-1.57) - 0.798*max(0,X5-0.469) + 0.773*max(0,0.399-X0) + 0.769*max(0,0.785-X1) + 0.741*max(0,-1.07-X10) - 0.736*max(0,X7-1.29) + 0.697*max(0,-0.446-X18) + 0.696*max(0,X17-1.28) - 0.684*abs(X0) - 0.655*max(0,-1.01-X21) + 0.643*max(0,X20-0.878) - 0.638*max(0,X16-1.21) - 0.622*max(0,X3-1.31) + 0.617*max(0,X3-0.840) - 0.609*max(0,X12-0.260) - 0.590*max(0,-0.584-X16) + 0.547*max(0,X10-0.778) - 0.538*max(0,X1+0.634) - 0.513*max(0,X1-0.312) + 0.512*max(0,-0.647-X23) + 0.510*max(0,X12-0.720) + 0.508*max(0,-1.03-X17) - 0.503*abs(X18) + 0.494*max(0,-0.575-X4) - 0.486*max(0,-0.919-X8) - 0.469*max(0,-1.01-X15) - 0.460*max(0,X8-0.895) - 0.447*max(0,X6-0.942) - 0.442*max(0,-1.19-X14) + 0.429*max(0,X8-1.35) + 0.425*max(0,-1.03-X16) + 0.416*max(0,-0.566-X24) + 0.400*abs(X11) - 0.396*max(0,X20-0.434) + 0.393*max(0,X12-1.18) + 0.377*max(0,X23-0.774) - 0.372*max(0,X14-1.18) + 0.368*max(0,X7-0.855) - 0.366*max(0,-0.185-X0) + 0.333*max(0,X18-0.934) + 0.297*max(0,-0.406-X11) - 0.297*abs(X10) - 0.285*max(0,-0.634-X1) - 0.284*max(0,X15-0.844) - 0.276*max(0,-0.545-X13) - 0.270*max(0,0.171-X4) - 0.267*max(0,-0.428-X9) - 0.263*max(0,-0.906-X18) + 0.258*max(0,X2-0.677) - 0.258*max(0,X16+0.584) + 0.252*max(0,X24+0.566) - 0.252*max(0,0.354-X17) + 0.242*abs(X20) + 0.238*max(0,X18-0.474) - 0.232*max(0,X7-0.420) + 0.230*max(0,X4-1.66) + 0.230*max(0,X15-1.31) + 0.229*max(0,-0.466-X8) - 0.227*max(0,0.420-X7) - 0.226*max(0,X21-0.765) + 0.216*abs(X7) - 0.215*max(0,-0.877-X6) + 0.215*max(0,-0.966-X19) + 0.214*abs(X12) + 0.207*abs(X15) - 0.206*max(0,X23-1.25) + 0.185*max(0,X9-1.49) - 0.184*max(0,X17-0.354) + 0.183*max(0,-0.896-X20) + 0.172*abs(X5) - 0.171*max(0,-0.102-X3) - 0.155*max(0,0.434-X20) - 0.134*max(0,0.300-X23) + 0.132*max(0,X3+1.04) - 0.131*max(0,-0.449-X7) - 0.125*max(0,-0.780-X5) - 0.121*max(0,-0.993-X13) - 0.120*max(0,0.800-X13) + 0.119*max(0,X24+0.0792) + 0.113*max(0,X9-0.530) + 0.111*max(0,X10+0.147) + 0.109*abs(X13) - 0.101*max(0,0.441-X8) - 0.0982*max(0,-1.05-X2) - 0.0959*max(0,0.0325-X6) - 0.0918*max(0,-0.440-X22) + 0.0880*max(0,X8+0.466) - 0.0863*max(0,-0.246-X14) - 0.0836*max(0,0.382-X19) + 0.0761*max(0,0.530-X9) + 0.0740*max(0,-0.906-X9) - 0.0716*max(0,-0.475-X2) - 0.0710*max(0,X11-0.481) - 0.0704*max(0,0.0319-X22) + 0.0683*max(0,X11+0.406) - 0.0682*max(0,-0.884-X7) - 0.0651*max(0,-1.12-X23) + 0.0610*abs(X21) - 0.0605*max(0,-0.913-X22) + 0.0598*max(0,X18+0.446) - 0.0540*max(0,0.895-X24) - 0.0537*abs(X23) + 0.0478*max(0,0.765-X16) - 0.0436*abs(X9) + 0.0344*max(0,X19+0.966) - 0.0342*abs(X22) - 0.0311*max(0,X14+0.246) - 0.0300*max(0,0.469-X5) + 0.0249*max(0,X2-0.101) + 0.0216*max(0,X19+0.0669) - 0.0165*max(0,0.942-X6) - 0.0153*max(0,0.481-X11) + 0.0116*abs(X2) + 0.0110*max(0,-0.661-X12) - 0.00667*max(0,1.31-X3) - 0.00518*abs(X6) + 0.00505*abs(X14) - 0.00488*max(0,-0.573-X3) - 8.01e-5*max(0,-0.516-X19)"
ffx,593_fri_c1_1000_10,ok,-51.076013,6.477213,1398,26.56,,"-0.242 + 157*max(0,X8-1.38) * max(0,X1-0.809) - 36.7*max(0,X8-1.38) * max(0,X0-1.32) + 20.0*max(0,-1.17-X4) * max(0,X2-1.14) + 13.6*max(0,X9-1.25) * max(0,X0-1.32) + 8.82*X9 * max(0,X0-1.94) - 8.81*abs(X7) * max(0,X0-1.94) + 4.64*max(0,X8-1.38) * max(0,X9-1.25) - 4.64*max(0,-1.02-X9) * max(0,X0-0.700) - 3.06*max(0,X1-1.26) - 2.58*max(0,-1.17-X4) * max(0,X0-1.94) + 2.51*max(0,-1.02-X9) * max(0,X2-1.14) + 2.17*max(0,X8-1.38) * max(0,X2-1.14) + 1.99*max(0,-1.02-X9) * max(0,X1-0.809) + 1.98*abs(X1) * max(0,X0-0.700) - 1.87*max(0,-1.02-X9) * max(0,-0.636-X2) + 1.64*abs(X0) * max(0,X1-0.809) + 1.47*max(0,X8-1.38) * max(0,-0.567-X9) - 1.38*max(0,X8-1.38) * max(0,-0.130-X6) + 1.38*max(0,X8-1.38) * max(0,-0.193-X2) - 1.36*max(0,-1.02-X9) * max(0,-0.545-X1) + 1.28*abs(X1) * max(0,X1-0.809) - 1.19*max(0,X0-1.32) * max(0,-0.567-X9) - 1.08*max(0,-0.567-X9) * max(0,X0-0.700) + 1.06*max(0,-1.17-X4) * max(0,X9-1.25) - 1.05*abs(X1) + 1.05*max(0,-1.02-X9) * max(0,-1.17-X4) - 1.03*max(0,-0.636-X2) * max(0,X9-1.25) + 0.981*max(0,-0.193-X2) * max(0,X0-0.700) - 0.924*max(0,X9-1.25) * max(0,-0.122-X7) + 0.848*max(0,X8-1.38) * abs(X1) - 0.845*max(0,X0-1.32) * max(0,X1-0.809) + 0.840*max(0,X6-1.20) - 0.830*abs(X0) - 0.826*abs(X7) * max(0,X2-1.14) + 0.743*max(0,X9-0.342) * max(0,X2-1.14) - 0.694*max(0,X8-1.38) - 0.667*abs(X0) * max(0,X0-1.94) + 0.664*max(0,X9-0.797) + 0.659*max(0,-1.17-X4) * max(0,-0.130-X6) - 0.638*abs(X7) * max(0,-1.17-X4) + 0.619*max(0,0.700-X0) - 0.616*max(0,X5-1.31) - 0.584*max(0,-0.536-X0) + 0.582*max(0,0.358-X1) + 0.580*max(0,X3-1.02) + 0.526*max(0,-0.545-X1) * max(0,-1.17-X4) + 0.519*max(0,-0.122-X7) * max(0,X0-1.32) - 0.514*max(0,-0.994-X8) - 0.513*max(0,X9-1.25) * max(0,-0.130-X6) + 0.491*max(0,X8-1.38) * max(0,-0.122-X7) + 0.489*max(0,-1.15-X0) - 0.489*max(0,X8-0.908) + 0.488*max(0,-0.636-X2) * max(0,X9+0.112) - 0.443*abs(X7) * max(0,X0-1.32) + 0.398*max(0,-0.122-X7) * max(0,X1-0.809) - 0.372*abs(X2) * max(0,-0.545-X1) + 0.359*max(0,-1.02-X9) * max(0,-0.567-X9) + 0.338*max(0,-1.17-X4) * abs(X9) - 0.330*max(0,-0.545-X1) - 0.326*abs(X1) * max(0,X0-1.32) - 0.303*abs(X2) * max(0,X9-1.25) + 0.299*max(0,X2-0.251) - 0.299*max(0,-0.563-X7) + 0.294*abs(X2) - 0.281*max(0,X6-0.756) - 0.277*max(0,X1+0.0934) + 0.274*abs(X0) * max(0,-0.112-X9) - 0.254*max(0,X0+0.536) + 0.254*max(0,X2-1.14) * max(0,-0.130-X6) + 0.250*max(0,X5-0.835) + 0.234*abs(X7) * max(0,-0.193-X2) - 0.233*max(0,X1+0.545) + 0.233*max(0,-1.17-X4) * max(0,X1-0.809) - 0.211*max(0,-1.02-X9) * abs(X0) - 0.208*abs(X7) * max(0,X0-0.700) + 0.201*max(0,X3+1.15) + 0.199*max(0,X0-0.700) * max(0,X1-0.809) + 0.198*max(0,-0.545-X1) * abs(X7) + 0.190*max(0,0.809-X1) + 0.189*max(0,X1-0.809) - 0.183*max(0,X7-0.320) + 0.175*max(0,-0.545-X1) * max(0,-0.130-X6) + 0.170*max(0,-0.545-X1) * max(0,-0.122-X7) + 0.167*max(0,-0.567-X9) * max(0,X1-0.809) + 0.166*max(0,X9+0.112) * max(0,X0-0.700) - 0.165*max(0,X9-1.25) + 0.157*max(0,X4+0.704) - 0.156*abs(X2) * max(0,X9+0.112) + 0.154*abs(X7) - 0.150*X9 * max(0,X1-0.809) - 0.149*X9 * max(0,-0.130-X6) - 0.146*abs(X1) * max(0,-0.193-X2) - 0.142*max(0,-0.636-X2) * max(0,-0.122-X7) + 0.137*max(0,-0.545-X1) * max(0,X9-1.25) - 0.134*max(0,-1.00-X7) - 0.126*max(0,0.227-X4) - 0.120*max(0,X4-1.16) + 0.119*max(0,-0.636-X2) * abs(X9) - 0.119*abs(X9) + 0.118*max(0,X2-0.694) - 0.115*max(0,0.582-X3) + 0.109*max(0,-1.06-X5) + 0.109*max(0,X8+0.0432) - 0.103*max(0,-1.02-X6) - 0.102*max(0,-0.122-X7) * max(0,X0-0.700) - 0.0963*max(0,-0.285-X3) - 0.0959*max(0,-0.122-X7) * max(0,-0.567-X9) + 0.0870*max(0,X9-0.342) * max(0,-0.130-X6) + 0.0862*max(0,-1.17-X4) * max(0,-0.112-X9) - 0.0827*abs(X2) * max(0,-0.567-X9) - 0.0757*max(0,-0.130-X6) * max(0,-0.122-X7) + 0.0740*abs(X8) + 0.0739*max(0,-0.112-X9) * max(0,X1-0.809) + 0.0733*abs(X1) * max(0,X9-1.25) + 0.0728*max(0,X4+0.239) - 0.0679*max(0,X7-0.762) + 0.0660*abs(X1) * max(0,X2-1.14) - 0.0650*max(0,-0.574-X6) - 0.0593*abs(X4) - 0.0587*X9 * max(0,-0.122-X7) + 0.0505*max(0,-0.130-X6) * max(0,X1-0.809) + 0.0417*max(0,X2+1.08) + 0.0396*abs(X2) * abs(X7) + 0.0385*max(0,-0.587-X5) + 0.0359*abs(X0) * max(0,-0.130-X6) - 0.0349*max(0,-0.996-X1) + 0.0325*abs(X0) * abs(X9) - 0.0315*max(0,X7-1.20) + 0.0308*max(0,X3-0.149) + 0.0230*abs(X7) * X9 - 0.0221*max(0,-0.567-X9) + 0.0203*max(0,-0.193-X2) * max(0,X9+0.112) - 0.0171*abs(X7) * max(0,-0.112-X9) + 0.0151*max(0,-0.130-X6) * max(0,-0.193-X2) - 0.0149*abs(X7) * abs(X1) + 0.0142*max(0,-0.113-X5) + 0.0125*max(0,0.835-X5) + 0.0122*abs(X1) * max(0,-0.567-X9) - 0.00590*abs(X7) * max(0,X1-0.809) + 0.00363*max(0,-0.130-X6) * max(0,X0-0.700) + 0.00166*X9 * max(0,-0.193-X2) - 0.000959*abs(X2) * abs(X0) + 0.000803*X9 * max(0,X0-1.32)"
ffx,594_fri_c2_100_5,ok,0.566925,0.680009,1642,16.24,,"-0.658 + 158*max(0,X0-0.492) * max(0,-0.0758-X1) - 39.1*max(0,X2-2.50) * max(0,X0-1.49) + 17.2*max(0,X2-2.50) * max(0,X0-0.989) - 13.9*max(0,X1-1.23) * max(0,X2-1.86) - 10.4*max(0,X0-0.492) * max(0,X1-1.23) - 7.56*max(0,X1-1.23) * max(0,X1-0.793) + 7.07*max(0,-0.190-X4) * max(0,X1-1.23) - 5.70*max(0,X0-0.492) * max(0,X2-2.50) - 5.25*max(0,X1-1.23) * max(0,X0-1.49) + 5.23*max(0,X0-0.492) * max(0,X0-1.49) + 4.82*max(0,X2-1.86) * max(0,X0-0.989) - 4.80*max(0,X0-1.49) + 4.64*max(0,-0.190-X4) * max(0,X2-2.50) + 4.55*max(0,X0-1.49) * max(0,X0-0.989) + 4.53*X1 * max(0,X2-2.50) - 4.15*max(0,-0.998-X0) + 3.91*max(0,X1-0.793) + 3.75*max(0,X1-1.23) * max(0,X1+0.0758) - 3.40*abs(X1) - 3.28*max(0,X1-1.23) * max(0,X2-2.50) + 3.24*max(0,-0.0758-X1) - 3.06*max(0,-0.190-X4) * max(0,X1-0.793) - 2.79*max(0,-0.119-X3) + 2.79*max(0,X0-0.492) * max(0,-0.190-X4) + 2.71*max(0,X0-0.492) * abs(X1) + 2.58*max(0,-0.707-X2) + 2.54*max(0,-0.998-X0) * max(0,-0.0758-X1) - 2.48*max(0,X0-0.989) - 2.29*max(0,X0-0.492) * max(0,X1-0.793) + 2.13*abs(X0) * max(0,X1-0.793) - 2.06*abs(X0) * max(0,-0.0758-X1) - 2.00*max(0,X1-0.793) * max(0,X0-1.49) - 1.99*abs(X1) * max(0,X0-1.49) - 1.91*abs(X0) * max(0,-0.190-X4) - 1.88*max(0,-0.502-X0) + 1.85*max(0,-0.945-X1) + 1.81*max(0,X2-2.50) * abs(X1) + 1.71*max(0,X0-0.492) * X1 - 1.70*max(0,-0.190-X4) * max(0,X0-1.49) - 1.68*max(0,X2-1.86) * abs(X1) - 1.58*abs(X4) - 1.56*max(0,-0.510-X1) * max(0,-0.0758-X1) + 1.55*max(0,-0.502-X0) * max(0,-0.190-X4) + 1.52*max(0,X1+0.0758) - 1.49*max(0,X4-0.739) + 1.46*max(0,X1-1.23) * max(0,X0-0.989) + 1.46*max(0,X2-2.50) + 1.42*max(0,X2-0.575) + 1.39*X1 * max(0,-0.510-X1) + 1.32*max(0,-0.998-X0) * max(0,-0.510-X1) + 1.31*max(0,X2-1.22) - 1.31*max(0,X3-0.820) - 1.30*max(0,-0.654-X4) + 1.23*max(0,X3-1.29) + 1.23*abs(X3) - 1.19*X2**2 - 1.18*max(0,-0.945-X1) * max(0,-0.502-X0) - 1.16*abs(X0) + 1.15*max(0,-0.502-X0) * max(0,-0.0758-X1) + 1.14*max(0,X2-1.86) * max(0,X2-2.50) + 1.14*max(0,X3-0.351) - 1.13*abs(X0) * max(0,X2-2.50) + 1.12*max(0,X4+0.190) - 1.10*max(0,X3+0.119) - 1.07*max(0,X1+0.0758) * max(0,X0-1.49) - 1.07*max(0,-0.945-X1) * max(0,-0.190-X4) + 1.06*abs(X0) * max(0,-0.510-X1) - 1.02*X0 + 0.977*max(0,-0.510-X1) - 0.941*X1 * max(0,-0.0758-X1) - 0.934*max(0,X4-1.20) + 0.925*abs(X0) * max(0,X1-1.23) + 0.877*X0**2 - 0.867*max(0,X0-0.492) * abs(X0) + 0.844*max(0,-0.0657-X2) + 0.840*max(0,-0.190-X4) + 0.838*max(0,X0-0.492) * max(0,X1+0.0758) - 0.820*max(0,-0.502-X0) * max(0,-0.510-X1) + 0.818*X1 * max(0,X1-1.23) + 0.815*max(0,-0.00485-X0) + 0.814*X4**2 + 0.780*max(0,-0.998-X0) * X1 + 0.757*max(0,-0.190-X4) * max(0,-0.510-X1) - 0.748*X3 - 0.713*X1 + 0.697*X1 * max(0,X0-1.49) + 0.692*max(0,X1+0.510) - 0.688*max(0,-0.945-X1) * max(0,-0.510-X1) - 0.683*max(0,-0.190-X4) * max(0,X2-1.86) + 0.681*max(0,X0-0.492) * max(0,X2-1.86) - 0.648*max(0,X2-1.86) * max(0,X0-1.49) + 0.644*max(0,X1-0.793) * max(0,X0-0.989) - 0.643*max(0,X2-1.86) * max(0,X1-0.793) + 0.636*max(0,X4-0.274) + 0.636*abs(X2) - 0.619*max(0,0.820-X3) + 0.602*abs(X0) * max(0,X2-1.86) - 0.586*abs(X0) * abs(X1) - 0.574*max(0,X2-1.86) + 0.536*max(0,-0.190-X4) * abs(X1) - 0.486*abs(X0) * max(0,X0-1.49) + 0.486*max(0,0.351-X3) + 0.479*max(0,0.989-X0) + 0.475*max(0,X1-1.23) * abs(X1) - 0.475*max(0,-0.502-X0) * X1 - 0.473*abs(X0) * max(0,X1+0.0758) - 0.453*max(0,-0.945-X1) * X1 - 0.400*max(0,0.793-X1) + 0.378*max(0,-0.945-X1) * max(0,-0.0758-X1) - 0.358*max(0,-0.190-X4) * max(0,-0.0758-X1) + 0.357*X2 + 0.340*max(0,-0.945-X1) * abs(X0) + 0.338*X1 * max(0,X0-0.989) + 0.320*abs(X0) * max(0,-0.502-X0) + 0.315*max(0,X1-1.23) - 0.313*max(0,X1+0.0758) * abs(X1) - 0.301*X4 + 0.300*abs(X0) * max(0,X0-0.989) - 0.294*X1 * max(0,X1+0.0758) + 0.279*max(0,X4+0.654) + 0.266*max(0,0.274-X4) + 0.262*max(0,X1+0.0758) * max(0,X1-0.793) - 0.252*max(0,X0-0.492) + 0.247*max(0,X2-1.86) * max(0,X1+0.0758) - 0.242*max(0,-0.998-X0) * abs(X1) + 0.242*max(0,X1-0.793) * abs(X1) - 0.231*max(0,1.29-X3) + 0.213*max(0,0.575-X2) - 0.207*max(0,X3+0.588) + 0.205*max(0,0.739-X4) - 0.194*max(0,X1-0.359) + 0.186*max(0,X0+0.00485) + 0.182*max(0,-0.588-X3) + 0.174*max(0,-1.06-X3) - 0.173*max(0,X0-0.492) * max(0,X0-0.989) - 0.172*X1 * max(0,X2-1.86) + 0.166*X3**2 + 0.159*max(0,1.49-X0) + 0.149*max(0,1.23-X1) + 0.142*max(0,1.20-X4) - 0.142*max(0,-0.502-X0) * abs(X1) + 0.125*abs(X1) * max(0,-0.0758-X1) - 0.122*max(0,-0.190-X4) * X1 + 0.120*max(0,X3+1.06) - 0.109*X1**2 + 0.106*max(0,X1+0.945) + 0.105*max(0,1.86-X2) + 0.102*abs(X1) * max(0,X0-0.989) - 0.0724*max(0,1.22-X2) - 0.0716*max(0,-0.190-X4) * max(0,X0-0.989) + 0.0657*max(0,X0+0.998) + 0.0657*max(0,X1+0.0758) * max(0,X0-0.989) + 0.0588*max(0,0.492-X0) - 0.0579*max(0,X0+0.502) - 0.0518*max(0,2.50-X2) - 0.0509*max(0,-0.190-X4) * max(0,X1+0.0758) + 0.0499*max(0,-0.945-X1) * abs(X1) - 0.0468*X1 * max(0,X1-0.793) + 0.0404*max(0,X4+1.12) - 0.0221*max(0,-1.12-X4) - 0.0200*abs(X0) * X1 + 0.0105*X1 * abs(X1) + 0.0105*max(0,X2-2.50) * max(0,X1-0.793) - 0.00287*max(0,-0.510-X1) * abs(X1) - 0.00174*max(0,0.359-X1)"
ffx,595_fri_c0_1000_10,ok,-3.426676,2.076115,1190,16.56,,"0.190 + 72.4*max(0,X4-0.419) * max(0,X0-1.39) + 4.51*max(0,X7-0.396) * max(0,X0-1.39) - 3.19*max(0,X0-0.913) * max(0,X0-1.39) + 2.47*max(0,-1.01-X4) * max(0,-0.0693-X7) - 2.12*max(0,X0-0.913) * abs(X7) - 1.58*max(0,X7-1.33) * max(0,X8-0.807) + 1.55*max(0,-0.104-X1) * max(0,X0-1.39) + 1.49*max(0,X2-0.806) * max(0,-1.01-X4) + 1.39*max(0,X0-1.39) * max(0,-0.0693-X7) + 1.23*max(0,X2-1.28) + 1.13*max(0,X0-0.913) + 1.10*max(0,X0-0.913) * max(0,-0.0930-X8) + 0.882*max(0,X7-1.33) * abs(X0) - 0.803*max(0,-0.993-X8) - 0.765*max(0,X7-1.33) * abs(X7) - 0.760*max(0,X4-1.37) + 0.753*max(0,-0.609-X2) + 0.728*max(0,X2-0.806) * max(0,X8-0.807) - 0.717*max(0,X4-0.419) * max(0,X2-0.806) - 0.711*max(0,X7-1.33) * max(0,-0.104-X1) - 0.702*max(0,X3-1.15) - 0.619*max(0,-0.533-X4) * max(0,-0.0693-X7) + 0.613*max(0,X7+0.0693) * max(0,X8-0.807) - 0.597*max(0,X5-1.22) - 0.592*max(0,-1.01-X1) + 0.558*max(0,X7-1.33) * max(0,-0.0412-X0) + 0.540*max(0,X1+0.104) - 0.524*max(0,-0.518-X0) + 0.476*max(0,-1.01-X4) * max(0,X0-1.39) + 0.468*max(0,X7-1.33) * max(0,-0.0930-X8) - 0.442*max(0,-0.999-X7) - 0.425*max(0,-1.17-X6) - 0.416*max(0,-0.533-X4) - 0.416*max(0,X2-0.334) + 0.415*abs(X8) * max(0,-0.0930-X8) - 0.402*X1 * max(0,X0-0.436) - 0.388*max(0,X4-0.419) * max(0,X0-0.436) + 0.387*max(0,X8-0.807) * abs(X7) - 0.367*max(0,X0-0.436) * abs(X7) - 0.356*max(0,X2-0.806) * max(0,-0.533-X4) - 0.350*max(0,X4-0.419) * max(0,X8-0.807) + 0.347*max(0,-1.01-X9) + 0.332*max(0,X4-0.894) - 0.331*abs(X1) * max(0,X0+0.0412) - 0.324*max(0,X9-0.770) + 0.308*max(0,-0.0412-X0) * max(0,-0.104-X1) + 0.297*max(0,X2+0.137) + 0.291*max(0,X3-0.686) + 0.291*abs(X8) * max(0,X2-0.806) + 0.279*max(0,X4+0.0571) + 0.270*max(0,X0-0.913) * max(0,X0+0.0412) + 0.249*abs(X1) * max(0,-1.01-X4) + 0.247*max(0,X7-0.396) * max(0,X2-0.806) - 0.243*max(0,X2-0.806) * max(0,X0+0.0412) - 0.241*abs(X1) * max(0,-0.0930-X8) + 0.226*X3 + 0.224*max(0,X4-0.419) * max(0,X0+0.0412) + 0.214*max(0,-0.543-X8) - 0.213*X1 * max(0,-0.0412-X0) + 0.205*X0 - 0.205*max(0,X1+0.104) * max(0,X8-0.807) - 0.200*max(0,-0.0412-X0) - 0.183*max(0,-0.240-X3) + 0.180*max(0,X2-0.806) - 0.179*max(0,1.15-X3) - 0.178*abs(X8) * max(0,X7+0.0693) - 0.166*max(0,0.436-X0) + 0.162*max(0,-0.533-X4) * max(0,-0.0930-X8) + 0.159*abs(X2) - 0.157*max(0,-0.0930-X8) * max(0,X0+0.0412) - 0.154*max(0,0.800-X1) + 0.152*abs(X0) * abs(X7) - 0.151*max(0,X7-1.33) * max(0,-0.533-X4) - 0.145*max(0,0.348-X1) + 0.143*abs(X8) * X1 + 0.142*max(0,-0.698-X6) - 0.139*max(0,0.770-X9) + 0.134*max(0,-0.995-X0) + 0.127*max(0,-0.534-X7) - 0.126*max(0,X8-0.807) * max(0,X0-1.39) + 0.125*max(0,-0.533-X4) * X7 + 0.122*max(0,X7-0.396) * X0 - 0.121*X1 * max(0,-0.0930-X8) + 0.121*max(0,X7-0.396) * max(0,X0+0.0412) + 0.116*max(0,-0.0930-X8) * X7 + 0.114*max(0,X5-0.289) - 0.111*max(0,X4-0.419) * abs(X1) + 0.111*max(0,X6-0.252) + 0.107*max(0,X0+0.0412) * max(0,-0.0693-X7) - 0.107*max(0,-0.0930-X8) * abs(X0) - 0.106*X1 * max(0,X8-0.807) + 0.101*max(0,X0+0.995) + 0.0945*max(0,X4-0.419) * max(0,X7+0.0693) - 0.0921*abs(X8) * X7 - 0.0919*max(0,0.396-X7) - 0.0906*max(0,-0.533-X4) * max(0,X0+0.0412) + 0.0888*max(0,X3+0.703) - 0.0873*max(0,0.419-X4) + 0.0856*max(0,X2-0.806) * abs(X7) - 0.0791*max(0,X8-0.357) - 0.0786*max(0,X7-0.396) * abs(X8) - 0.0771*abs(X8) * max(0,-0.533-X4) - 0.0718*max(0,X7-1.33) * X7 - 0.0652*abs(X8) * abs(X1) - 0.0626*max(0,X4-0.419) * max(0,-0.0930-X8) - 0.0598*max(0,-0.104-X1) * max(0,-0.0693-X7) - 0.0591*max(0,-0.533-X4) * X0 + 0.0590*max(0,-1.11-X5) + 0.0570*max(0,X2-0.806) * max(0,-0.0930-X8) - 0.0507*max(0,X4-0.419) * max(0,-0.104-X1) + 0.0486*max(0,-0.646-X5) + 0.0471*max(0,X4-0.419) * abs(X0) - 0.0431*max(0,X2-0.806) * X0 + 0.0358*max(0,X0-0.913) * abs(X0) - 0.0318*max(0,X0-0.913) * max(0,X8-0.807) + 0.0310*max(0,X7-0.396) * max(0,-0.104-X1) + 0.0296*max(0,-0.0930-X8) - 0.0260*abs(X8) * abs(X0) - 0.0249*X7 * max(0,-1.01-X4) - 0.0208*X0 * max(0,-0.104-X1) + 0.0186*max(0,X1+0.104) * max(0,-1.01-X4) + 0.0167*max(0,X4-0.419) * abs(X7) + 0.0144*X1 * max(0,-0.0693-X7) + 0.0103*max(0,X3-0.223) + 0.00674*abs(X9) + 0.00600*max(0,X0-0.913) * X0 + 0.00540*max(0,X7-0.861) - 0.00469*max(0,X1-1.25) - 0.00332*max(0,X0-0.436) * max(0,X7+0.0693) + 0.00169*max(0,X9-0.325)"
ffx,596_fri_c2_250_5,ok,-0.316316,1.241743,1928,16.89,,"0.119 - 137*max(0,-0.228-X0) * max(0,X1-0.591) + 21.0*max(0,X2-1.97) * max(0,0.372-X0) - 20.0*max(0,X2-1.97) * max(0,X1-0.591) + 20.0*max(0,X1-0.148) * max(0,-0.228-X0) + 13.3*max(0,X0-0.971) * max(0,X3-1.39) - 11.3*max(0,X2-1.97) * max(0,X0-0.971) - 9.27*max(0,X2-0.340) * max(0,-0.295-X1) - 8.23*max(0,X0-0.372) * max(0,-0.295-X1) + 7.30*max(0,X2-1.97) - 7.10*max(0,X1+0.295) * max(0,X3-1.39) + 6.76*max(0,X3-1.39) * max(0,X1-0.591) - 6.09*max(0,X2-1.97) * max(0,X3-1.39) + 5.28*max(0,X1+0.295) * max(0,-0.228-X0) - 4.91*max(0,X1-0.591) * max(0,X0-1.57) + 4.83*max(0,X1-0.591) + 4.61*max(0,-0.202-X2) * max(0,X0-1.57) + 4.60*max(0,0.372-X0) * max(0,X3-1.39) + 4.45*max(0,0.591-X1) * max(0,X1-0.148) + 4.39*max(0,X0-0.971) - 4.15*abs(X1) * max(0,X3-1.39) + 3.73*max(0,X0-0.372) * max(0,X3-1.39) + 3.60*max(0,X2-0.340) * max(0,X3-1.39) - 3.38*max(0,X2-0.340) * max(0,-0.228-X0) + 3.18*max(0,0.591-X1) * max(0,X2-0.340) - 2.93*max(0,X3-1.39) * max(0,-0.228-X0) - 2.62*max(0,X0-0.971) * max(0,X1-0.591) + 2.39*max(0,-0.202-X2) * max(0,-0.228-X0) - 2.38*max(0,-0.738-X1) + 2.36*max(0,X2-0.340) * max(0,X0-1.57) + 2.36*max(0,X0+0.228) * max(0,-0.295-X1) + 2.29*max(0,0.372-X0) * max(0,X1-0.591) + 2.27*abs(X1) * max(0,X0-1.57) + 2.26*max(0,-0.202-X2) * max(0,X0-0.971) - 2.24*max(0,X0-0.971) * max(0,X2-0.340) - 2.23*max(0,X1-0.148) * max(0,X0-0.971) + 2.16*max(0,X0+0.228) * max(0,X1-0.591) - 2.12*abs(X1) * max(0,X0-0.971) + 2.10*max(0,X1-1.03) + 2.05*max(0,X2-0.340) * max(0,0.372-X0) + 2.00*max(0,-0.202-X2) - 1.96*max(0,-0.202-X2) * max(0,X0-0.372) + 1.92*max(0,X1-0.148) * max(0,X3-1.39) - 1.91*max(0,X0-0.372) * max(0,X0-1.57) - 1.90*max(0,X0+0.228) * max(0,0.372-X0) - 1.89*max(0,X0-0.971) * max(0,X0-1.57) + 1.89*max(0,X0+0.228) * max(0,X3-1.39) - 1.63*abs(X2) * max(0,X1-0.591) + 1.56*max(0,X2-0.882) - 1.55*abs(X1) - 1.53*max(0,-0.202-X2) * max(0,X3-1.39) - 1.44*max(0,X2-0.340) * max(0,X1-0.591) - 1.41*max(0,X1-0.148) * max(0,0.372-X0) - 1.31*max(0,X3-1.39) + 1.31*max(0,X2-1.97) * max(0,X0+0.228) - 1.29*max(0,-1.18-X1) + 1.27*max(0,X0-1.57) - 1.22*max(0,0.591-X1) * max(0,X1+0.295) + 1.20*max(0,-1.43-X0) + 1.19*max(0,X0-0.971) * max(0,X0-0.372) - 1.17*max(0,X0-0.372) + 1.13*max(0,0.372-X0) - 1.12*max(0,-0.202-X2) * max(0,X1+0.295) - 1.12*max(0,X2-1.42) - 1.12*max(0,X1+0.295) - 1.10*abs(X2) * max(0,X0-1.57) - 1.09*max(0,-0.0375-X3) + 0.978*max(0,X1-0.148) - 0.942*max(0,X0+0.228) * max(0,X1+0.295) + 0.932*max(0,X1-0.148) * max(0,X2-0.340) + 0.927*abs(X1) * max(0,X2-0.340) + 0.911*max(0,X2-1.97) * max(0,X1-0.148) - 0.902*max(0,-0.202-X2) * max(0,0.372-X0) + 0.834*max(0,X1-0.148) * abs(X2) + 0.831*abs(X4) - 0.829*abs(X2) + 0.788*max(0,-0.202-X2) * max(0,X1-0.591) + 0.775*max(0,X1-0.148) * max(0,X0-0.372) + 0.762*max(0,0.591-X1) * max(0,X3-1.39) - 0.746*abs(X2) * max(0,-0.228-X0) - 0.735*max(0,-0.828-X0) + 0.720*abs(X1) * abs(X2) - 0.687*abs(X1) * max(0,X1-0.148) + 0.684*max(0,X0-0.971) * abs(X2) + 0.682*max(0,0.591-X1) * max(0,-0.295-X1) - 0.674*max(0,X1+0.295) * max(0,X0-1.57) + 0.660*abs(X2) * max(0,X0-0.372) + 0.651*max(0,X0-0.372) * max(0,X1-0.591) - 0.628*max(0,0.591-X1) * max(0,X0+0.228) - 0.609*max(0,X1-0.148) * max(0,X1-0.591) + 0.608*abs(X2) * max(0,X3-1.39) - 0.603*max(0,0.340-X2) - 0.578*max(0,X1-0.148) * max(0,X1+0.295) + 0.570*max(0,-0.228-X0) * max(0,-0.295-X1) + 0.534*max(0,-1.06-X4) - 0.520*max(0,X0+0.228) - 0.513*abs(X0) - 0.502*max(0,X2-1.97) * abs(X2) + 0.499*abs(X1) * max(0,X0+0.228) - 0.488*max(0,X2-0.340) - 0.485*abs(X2) * max(0,-0.295-X1) - 0.461*max(0,0.372-X0) * max(0,-0.228-X0) - 0.459*max(0,-0.202-X2) * max(0,-0.295-X1) - 0.451*max(0,X2-0.340) * abs(X2) + 0.446*max(0,X1-0.148) * max(0,X0+0.228) - 0.441*max(0,X4-0.292) + 0.432*abs(X1) * max(0,X0-0.372) - 0.422*X1 + 0.420*X4 + 0.396*max(0,X1+0.295) * max(0,X0-0.372) + 0.390*X1**2 - 0.383*max(0,0.591-X1) * abs(X2) - 0.366*max(0,X1-0.148) * max(0,X0-1.57) + 0.363*abs(X1) * max(0,-0.295-X1) - 0.358*max(0,X1+0.295) * max(0,X1-0.591) - 0.351*abs(X1) * max(0,X1-0.591) + 0.337*max(0,X0+0.828) + 0.328*abs(X3) + 0.328*max(0,-0.202-X2) * abs(X2) + 0.316*max(0,X0+0.228) * abs(X2) - 0.310*max(0,-0.158-X4) - 0.295*max(0,X2-1.97) * abs(X1) + 0.291*max(0,1.42-X2) - 0.260*max(0,-0.608-X4) + 0.259*max(0,0.439-X3) - 0.259*max(0,X4+0.158) - 0.257*max(0,X3-0.439) + 0.255*max(0,X2-1.97) * max(0,X1+0.295) - 0.251*abs(X1) * max(0,-0.228-X0) + 0.251*X0 - 0.237*max(0,-0.991-X3) + 0.230*max(0,0.916-X3) - 0.222*max(0,1.39-X3) + 0.219*max(0,X0+0.228) * max(0,X0-0.372) - 0.217*max(0,X2-1.97) * max(0,X0-0.372) - 0.216*max(0,X2+0.745) + 0.197*max(0,0.742-X4) - 0.197*X4**2 + 0.193*max(0,X4-1.19) - 0.188*X2**2 + 0.174*max(0,X1+0.295) * max(0,0.372-X0) - 0.168*abs(X2) * max(0,0.372-X0) + 0.166*max(0,1.97-X2) + 0.165*X3**2 + 0.163*max(0,X0+0.228) * max(0,X0-1.57) + 0.146*max(0,X2+0.202) - 0.143*abs(X1) * max(0,X1+0.295) + 0.137*max(0,X3-1.39) * max(0,-0.295-X1) - 0.133*max(0,X0-0.971) * max(0,X1+0.295) - 0.133*max(0,X2-0.340) * max(0,X1+0.295) - 0.124*max(0,0.372-X0) * max(0,-0.295-X1) - 0.123*max(0,X1+0.738) - 0.122*max(0,0.971-X0) - 0.120*max(0,X1+1.18) - 0.119*max(0,X2-0.340) * max(0,X0-0.372) - 0.104*max(0,X3-0.916) - 0.0998*max(0,X2-1.97) * max(0,X2-0.340) + 0.0874*max(0,X3+0.991) + 0.0820*X0**2 + 0.0806*max(0,0.591-X1) * max(0,0.372-X0) - 0.0803*max(0,X0+0.228) * max(0,X2-0.340) - 0.0779*max(0,X3+0.514) - 0.0753*max(0,X1+0.295) * abs(X2) - 0.0743*max(0,X0+1.43) + 0.0715*max(0,0.882-X2) - 0.0568*max(0,0.292-X4) + 0.0561*max(0,0.591-X1) - 0.0494*X2 + 0.0481*X3 + 0.0415*max(0,-0.228-X0) + 0.0392*max(0,0.591-X1) * max(0,-0.228-X0) - 0.0380*max(0,X0+0.228) * max(0,X0-0.971) + 0.0359*max(0,X4+0.608) + 0.0339*abs(X1) * max(0,0.372-X0) - 0.0329*max(0,1.57-X0) - 0.0262*max(0,-0.514-X3) - 0.0256*abs(X1) * max(0,0.591-X1) + 0.0219*max(0,X3+0.0375) + 0.0138*max(0,-0.745-X2) - 0.0134*max(0,0.591-X1) * max(0,X0-0.372) + 0.0108*max(0,1.03-X1) - 0.00651*max(0,-0.295-X1) + 0.00325*max(0,0.148-X1) + 0.000517*max(0,X4-0.742)"
ffx,597_fri_c2_500_5,ok,-0.003739,1.067024,1928,16.82,,"-3.24 + 113*max(0,X0-1.59) * max(0,X3-1.39) + 60.6*max(0,-0.460-X1) * max(0,X2-1.40) + 45.2*max(0,X0-1.59) * max(0,X4-1.31) + 33.6*max(0,X4-1.31) * max(0,X2-2.00) + 28.9*max(0,X0-1.59) * max(0,X2-1.40) + 25.4*max(0,X4-1.31) * max(0,X3-1.39) - 24.9*max(0,X0-1.59) * max(0,X2-2.00) + 20.3*max(0,X2-2.00) * max(0,-0.0847-X4) + 16.5*max(0,X3-1.39) * max(0,X0-1.01) - 15.9*max(0,X3-1.39) * max(0,X1-0.933) + 13.5*max(0,X0-1.59) * max(0,-0.0847-X4) + 12.6*max(0,X4-1.31) * max(0,X0-1.01) - 10.1*max(0,X0-1.59) * abs(X4) + 9.30*max(0,X2-2.00) * max(0,X0-1.01) - 8.76*max(0,X3-1.39) * max(0,X2-2.00) + 7.44*max(0,X0-1.59) + 7.32*max(0,X3-1.39) * max(0,X4-0.381) - 6.95*max(0,X0-1.59) * max(0,X0-1.01) - 6.67*max(0,X3-1.39) + 6.55*max(0,X2-1.40) * max(0,X1-0.933) - 6.49*max(0,X0-0.425) * max(0,X0-1.59) - 6.41*max(0,X2-2.00) - 5.91*max(0,X2-2.00) * max(0,X1-0.933) + 5.76*max(0,X2-1.40) * max(0,X2-2.00) + 5.53*max(0,X0-1.59) * max(0,X4-0.381) - 5.09*max(0,X2-1.40) * max(0,X0-1.01) - 4.50*abs(X0) * max(0,X2-2.00) + 4.48*max(0,X4-0.381) * max(0,X0-1.01) - 4.15*max(0,X4-1.31) * max(0,X2-1.40) - 4.06*max(0,X0-0.425) * max(0,X4-1.31) - 3.43*max(0,X0-1.59) * max(0,X1-0.933) + 3.41*abs(X0) * max(0,X1-0.933) - 3.27*max(0,X0-1.59) * max(0,X4+0.0847) + 3.25*max(0,X0-0.425) * max(0,X1-0.933) + 3.10*max(0,X3-1.39) * abs(X4) - 2.91*max(0,X3-1.39) * abs(X0) - 2.84*max(0,X2-1.40) * max(0,X4+0.0847) - 2.78*max(0,X0-0.425) * max(0,X0-1.01) - 2.73*max(0,X0-0.425) * max(0,X2-2.00) + 2.71*max(0,X0-1.59) * abs(X0) - 2.71*max(0,X4+0.0847) * max(0,X0-1.01) - 2.63*max(0,X1-1.40) + 2.60*max(0,-0.460-X1) * max(0,-0.0847-X4) - 2.44*max(0,-0.460-X1) * abs(X4) + 2.38*max(0,X3+0.0216) * max(0,X3-1.39) - 2.33*max(0,X3-1.39) * max(0,X2-1.40) + 2.33*max(0,-0.460-X1) * max(0,X4+0.0847) - 2.18*max(0,X2-1.40) * abs(X0) - 2.14*max(0,-0.742-X0) - 2.13*max(0,X3+0.0216) * max(0,X4-1.31) - 2.08*max(0,X3+0.0216) * max(0,X0-1.01) + 2.03*max(0,X4-0.846) - 1.94*max(0,-0.0847-X4) - 1.91*max(0,X0-0.425) * max(0,X4-0.381) + 1.88*abs(X0) * max(0,X0-1.01) + 1.87*max(0,X0-0.425) * abs(X4) - 1.83*abs(X0) - 1.78*max(0,X0-0.425) * max(0,-0.0847-X4) + 1.72*max(0,X3+0.0216) * max(0,X2-2.00) + 1.68*max(0,X3-1.39) * max(0,-0.0847-X4) + 1.65*max(0,X3+0.0216) * max(0,X2-1.40) - 1.52*max(0,-0.0216-X3) * max(0,X4-0.381) + 1.51*max(0,X2-2.00) * max(0,X4-0.381) + 1.49*abs(X4) - 1.42*max(0,-0.460-X1) + 1.40*max(0,X1-0.933) * abs(X4) + 1.39*max(0,X3-0.923) + 1.35*max(0,X0-0.425) * max(0,X3-1.39) + 1.24*max(0,X4-1.31) * max(0,X1-0.933) + 1.23*max(0,X0-0.425) * max(0,-0.0216-X3) - 1.21*max(0,X3+0.0216) * max(0,X4-0.381) - 1.20*X0 + 1.19*max(0,X4-1.31) * max(0,-0.0216-X3) + 1.19*max(0,X0-0.425) * max(0,X2-1.40) + 1.18*max(0,X2-1.40) * max(0,X4-0.381) + 1.18*max(0,X0-1.59) * max(0,-0.0216-X3) + 1.15*max(0,-0.460-X1) * max(0,X3-1.39) + 1.13*max(0,X4-1.31) * abs(X0) - 1.13*max(0,X1-0.933) + 1.12*max(0,-0.966-X3) - 1.12*abs(X4) * max(0,X0-1.01) + 0.969*max(0,X3+0.0216) * max(0,X4+0.0847) - 0.968*max(0,X4-0.381) * max(0,X1-0.933) - 0.955*max(0,-0.0216-X3) * max(0,X1-0.933) - 0.913*max(0,X2-1.40) * abs(X4) - 0.901*max(0,X3+0.0216) * max(0,X1-0.933) - 0.896*max(0,0.198-X2) - 0.888*max(0,X1-0.933) * max(0,-0.0847-X4) + 0.883*max(0,X0+0.159) + 0.875*X0**2 - 0.872*max(0,X4+0.0847) - 0.871*max(0,X4-0.381) * abs(X4) - 0.836*max(0,X0-0.425) * max(0,X4+0.0847) + 0.810*max(0,-0.0216-X3) * max(0,X4+0.0847) - 0.796*abs(X0) * max(0,X4+0.0847) - 0.774*X3**2 + 0.764*max(0,0.933-X1) + 0.753*max(0,X2-1.40) - 0.753*max(0,-1.33-X0) + 0.729*max(0,1.40-X2) - 0.711*max(0,-0.401-X2) + 0.705*max(0,0.425-X0) - 0.681*X1 + 0.676*abs(X0) * max(0,X4-0.381) + 0.668*max(0,X2-1.40) * X4 - 0.668*max(0,-0.159-X0) - 0.624*abs(X1) + 0.611*max(0,-0.460-X1) * max(0,X4-1.31) - 0.597*max(0,X2-0.797) - 0.592*max(0,X0-0.425) + 0.559*max(0,X0-0.425) * X4 + 0.555*max(0,-0.494-X3) + 0.469*abs(X2) + 0.468*max(0,X4+0.0847) * abs(X4) - 0.399*max(0,X4-1.31) - 0.374*max(0,0.469-X1) + 0.367*max(0,-0.460-X1) * abs(X0) - 0.365*X4 * max(0,X0-1.01) - 0.333*max(0,-0.0847-X4) * max(0,X0-1.01) + 0.332*X2**2 + 0.322*max(0,-0.0847-X4) * abs(X4) + 0.305*max(0,X3+0.966) - 0.295*max(0,X0-1.59) * X4 - 0.293*X1**2 + 0.284*max(0,X0+0.742) + 0.282*max(0,X0+1.33) - 0.266*max(0,X3-1.39) * max(0,X4+0.0847) - 0.260*X4**2 + 0.258*max(0,-0.460-X1) * max(0,-0.0216-X3) - 0.252*max(0,X4+0.0847) * max(0,X4-0.381) - 0.247*max(0,X2-2.00) * abs(X4) + 0.242*max(0,X3+0.494) - 0.240*max(0,X4-0.381) + 0.239*max(0,X3+0.0216) * abs(X0) - 0.233*max(0,X0-1.01) - 0.232*max(0,-0.0216-X3) * max(0,X0-1.01) + 0.230*max(0,1.01-X0) + 0.224*max(0,2.00-X2) - 0.221*max(0,X2-1.40) * max(0,-0.0847-X4) - 0.220*X4 * max(0,X4-0.381) + 0.220*max(0,X1-0.00444) - 0.220*X2 + 0.219*max(0,1.31-X4) + 0.216*X4 * max(0,X4+0.0847) + 0.204*abs(X0) * abs(X4) + 0.195*abs(X0) * X4 + 0.193*max(0,0.381-X4) - 0.183*max(0,X3+0.0216) * abs(X4) + 0.182*X4 - 0.174*max(0,0.923-X3) + 0.172*max(0,X2-0.198) - 0.166*max(0,X4-1.31) * max(0,X4+0.0847) + 0.165*max(0,X1+0.924) + 0.162*X3 + 0.160*max(0,1.39-X3) + 0.157*max(0,X3-0.451) + 0.137*abs(X3) + 0.132*max(0,0.846-X4) - 0.124*max(0,X1+0.460) + 0.122*max(0,-1.00-X2) + 0.122*max(0,X4+0.0847) * max(0,X1-0.933) + 0.121*X4 * abs(X4) + 0.116*max(0,-0.550-X4) - 0.105*max(0,-0.0216-X3) * abs(X4) + 0.0928*max(0,-0.0216-X3) * abs(X0) + 0.0919*max(0,X4-1.31) * abs(X4) - 0.0767*max(0,X3+0.0216) + 0.0744*max(0,X1-0.933) * max(0,X0-1.01) - 0.0742*max(0,X0-0.425) * abs(X0) - 0.0698*max(0,0.00444-X1) + 0.0696*max(0,X3-1.39) * X4 + 0.0670*max(0,0.451-X3) + 0.0410*max(0,1.40-X1) + 0.0340*max(0,-0.0216-X3) + 0.0327*max(0,X1-0.469) - 0.0285*max(0,-1.02-X4) - 0.0252*X4 * max(0,-0.0847-X4) + 0.0235*X4 * max(0,X1-0.933) - 0.0234*max(0,-0.460-X1) * X4 - 0.0206*max(0,-0.924-X1) + 0.0185*max(0,-0.460-X1) * max(0,X4-0.381) - 0.0164*max(0,X3+0.0216) * X4 - 0.0162*max(0,X4+1.02) + 0.0157*max(0,1.59-X0) - 0.0137*max(0,X4+0.550) - 0.0116*max(0,X3+0.0216) * max(0,-0.0847-X4) + 0.0112*max(0,X2+1.00) - 0.00910*max(0,-0.0216-X3) * X4 + 0.00407*abs(X0) * max(0,-0.0847-X4) + 0.00327*max(0,-0.0216-X3) * max(0,-0.0847-X4) + 0.00279*max(0,X4-1.31) * max(0,X4-0.381) + 0.00256*max(0,X2-2.00) * max(0,X4+0.0847) + 0.000535*max(0,0.797-X2)"
ffx,598_fri_c0_1000_25,ok,0.095666,0.908752,1398,22.98,,"0.0402 - 7.30*max(0,-0.921-X8) * max(0,X7-0.983) - 4.58*max(0,X14-1.29) * max(0,X9-1.26) - 3.29*max(0,X20-1.34) * max(0,X24-0.385) - 2.90*max(0,X3-1.22) * max(0,X24-0.823) - 2.62*max(0,X14-1.29) * max(0,X7-0.983) + 2.52*max(0,X3-1.22) * max(0,X0-1.25) - 2.48*max(0,X7-0.983) * max(0,X15-1.21) - 1.90*max(0,X4-1.11) * max(0,X22-0.747) + 1.79*max(0,-0.761-X9) * max(0,X22-1.21) + 1.77*max(0,X9-1.26) * max(0,X24-0.823) - 1.74*max(0,X4-1.11) * max(0,X7-0.983) - 1.65*max(0,X14-1.29) * max(0,-0.761-X9) + 1.62*max(0,X20-1.34) * max(0,X4-0.673) - 1.39*max(0,-0.635-X22) * max(0,X15-1.21) - 1.31*max(0,X22-1.21) * max(0,X15-1.21) + 1.29*max(0,X3-1.22) * max(0,-1.07-X4) + 1.18*max(0,X2-0.754) + 1.16*max(0,-1.08-X2) - 1.13*max(0,X3-1.22) * max(0,X22-1.21) + 1.03*max(0,X20-1.34) * max(0,X3-1.22) + 0.981*max(0,-0.921-X8) * max(0,X15-0.754) - 0.906*max(0,X24-0.823) * max(0,X4-1.11) + 0.893*max(0,X3-1.22) * max(0,X0-0.822) + 0.888*max(0,X15-0.754) * max(0,X7-0.983) + 0.874*max(0,-0.921-X8) * max(0,X24-0.385) - 0.863*max(0,-0.761-X9) * max(0,X4-1.11) + 0.793*max(0,-0.500-X10) * max(0,X7-0.983) + 0.768*max(0,X9-1.26) * max(0,X7-0.513) - 0.746*max(0,X10-1.39) + 0.732*max(0,X2-0.754) * max(0,X22-0.747) + 0.725*max(0,X6-1.14) - 0.705*max(0,X14-1.29) * max(0,X2-0.754) + 0.618*max(0,X22-0.747) * max(0,X22-1.21) + 0.612*max(0,X8-1.40) + 0.603*max(0,X0-0.822) * max(0,X22-0.747) - 0.596*max(0,X21-0.793) * max(0,X7-0.983) + 0.562*max(0,X4-0.673) * max(0,X0-0.822) + 0.558*max(0,X3+1.05) - 0.552*max(0,0.393-X0) + 0.539*max(0,X11-1.18) - 0.524*max(0,-0.921-X8) * max(0,X9-1.26) + 0.519*max(0,X21-0.304) * max(0,X15-0.754) - 0.491*max(0,X7-0.513) * max(0,X15-1.21) + 0.486*max(0,X3-1.22) * max(0,X7-0.983) + 0.476*max(0,X20-1.34) * max(0,X7-0.983) + 0.469*max(0,X21-0.793) * max(0,-0.635-X22) + 0.449*max(0,X20-1.34) * max(0,X7-0.513) + 0.433*max(0,X21-0.793) * max(0,-1.07-X4) - 0.423*max(0,-1.08-X1) - 0.420*max(0,-0.637-X4) - 0.419*max(0,-1.07-X4) * max(0,-0.635-X22) + 0.401*max(0,X0-0.822) - 0.370*max(0,X24-0.385) * max(0,X2-0.754) - 0.364*max(0,-0.878-X16) - 0.354*max(0,X23-1.17) - 0.345*max(0,0.327-X1) + 0.329*max(0,-0.500-X10) * max(0,X4-1.11) + 0.319*max(0,X20-1.34) * max(0,X15-0.754) + 0.307*max(0,X24-0.385) * max(0,-0.761-X9) + 0.306*max(0,X14-1.29) * max(0,X21-0.793) - 0.306*max(0,0.236-X4) - 0.305*max(0,X7-0.983) + 0.301*max(0,X15-0.754) + 0.283*max(0,X3-0.312) * max(0,X0-0.822) - 0.277*max(0,X9-1.26) * max(0,X22-0.747) - 0.274*max(0,X3-1.22) * max(0,-0.635-X22) + 0.268*max(0,X1-1.26) - 0.264*max(0,X19-1.33) - 0.255*max(0,X24-0.385) * max(0,X7-0.983) - 0.246*max(0,X20-1.34) * max(0,X21-0.304) + 0.242*max(0,X2-0.754) * max(0,X22-1.21) - 0.238*max(0,-0.761-X9) + 0.235*max(0,-0.921-X8) * max(0,-1.07-X4) - 0.234*max(0,-1.07-X4) * max(0,X15-1.21) - 0.219*max(0,X7-0.513) * max(0,X22-1.21) - 0.217*max(0,X24-0.385) * max(0,X15-0.754) + 0.209*abs(X4) - 0.200*max(0,-0.500-X10) * max(0,X22-0.747) - 0.198*max(0,-0.761-X9) * max(0,X21-0.304) - 0.180*max(0,-0.921-X8) * max(0,X21-0.304) + 0.176*max(0,X13-1.29) + 0.173*max(0,-0.500-X10) * max(0,X4-0.673) + 0.161*abs(X22) * max(0,X7-0.983) - 0.160*max(0,-0.464-X0) - 0.160*max(0,X9-1.26) * max(0,X2-0.754) - 0.157*max(0,-0.500-X10) * max(0,X15-0.754) - 0.154*max(0,X21-0.304) + 0.153*max(0,-0.761-X9) * max(0,X2-0.754) - 0.153*max(0,X15-0.754) * max(0,-0.635-X22) + 0.153*max(0,X24-0.823) * max(0,X22-0.747) - 0.152*max(0,-0.761-X9) * max(0,X15-0.754) + 0.151*max(0,X21-0.793) * max(0,X2-0.754) + 0.143*max(0,-0.994-X23) + 0.140*max(0,-0.921-X8) * max(0,-0.635-X22) - 0.138*max(0,-1.07-X4) * max(0,X0-0.822) + 0.136*max(0,X24-1.26) - 0.133*abs(X8) + 0.130*max(0,-0.666-X17) - 0.125*max(0,X12-1.24) + 0.120*max(0,-0.675-X21) + 0.115*max(0,0.444-X10) - 0.110*max(0,X22+0.635) + 0.105*max(0,0.252-X9) - 0.100*max(0,-0.921-X8) * max(0,X4-0.673) - 0.0976*max(0,-0.500-X10) * abs(X22) - 0.0938*max(0,-0.921-X8) * max(0,X7-0.513) - 0.0910*abs(X6) + 0.0909*max(0,X1-0.327) + 0.0837*abs(X22) * max(0,X7-0.513) + 0.0817*max(0,X8-0.474) - 0.0810*max(0,-0.500-X10) * max(0,X24-0.385) - 0.0797*max(0,X14+0.578) - 0.0747*max(0,X4-1.11) - 0.0720*max(0,-0.456-X8) + 0.0712*max(0,-0.500-X10) * max(0,X21-0.793) - 0.0602*abs(X7) + 0.0593*max(0,-1.01-X20) - 0.0583*max(0,-0.537-X19) - 0.0578*max(0,-0.557-X5) - 0.0571*max(0,-1.07-X4) * max(0,X15-0.754) + 0.0547*max(0,-0.635-X22) * max(0,X7-0.983) - 0.0483*abs(X9) - 0.0416*max(0,-0.647-X18) + 0.0411*max(0,0.921-X16) + 0.0400*abs(X11) + 0.0355*max(0,X2-0.295) + 0.0319*abs(X15) - 0.0256*max(0,0.766-X3) - 0.0247*max(0,-0.635-X22) * max(0,X0-0.822) - 0.0235*abs(X22) * max(0,-1.07-X4) - 0.0169*max(0,-0.635-X22) + 0.0160*max(0,X16-1.37) - 0.0126*max(0,X24-0.823) * max(0,-0.635-X22) + 0.0124*max(0,-1.07-X4) * max(0,X21-0.304) + 0.0117*max(0,-0.986-X12) - 0.00900*max(0,X24-0.385) * max(0,X21-0.304) - 0.00752*max(0,-0.490-X24) - 0.00366*max(0,X17+0.666) - 0.000677*abs(X5)"
ffx,599_fri_c2_1000_5,ok,-1.133276,1.529068,1398,14.24,,"-1.45 + 48.6*max(0,X2-2.13) * max(0,0.839-X1) + 19.6*max(0,X1-1.31) * max(0,X2-2.13) - 15.8*max(0,X2-2.13) * max(0,X0-0.976) + 15.1*max(0,X0+0.191) * max(0,-0.576-X1) - 10.5*max(0,0.393-X0) * max(0,X1-0.839) - 9.99*max(0,X1-1.31) * max(0,X2-0.764) + 9.36*max(0,-1.36-X0) * max(0,-1.05-X1) - 7.46*max(0,0.839-X1) * max(0,X0-0.976) - 5.94*max(0,X2-0.764) * max(0,-0.105-X1) + 5.72*max(0,X0-0.976) + 5.30*max(0,X1+0.105) * max(0,-0.191-X0) - 5.27*max(0,X1-1.31) * max(0,X0-0.976) - 4.54*max(0,-1.36-X0) * max(0,-0.576-X1) - 4.35*max(0,X2-0.764) * max(0,-0.191-X0) + 4.18*max(0,X1-1.31) + 4.11*max(0,-1.36-X0) + 4.10*max(0,X1-0.367) * max(0,X1-0.839) + 3.52*max(0,X2-2.13) * max(0,X1-0.839) + 3.35*max(0,X2-0.764) * max(0,X1-0.839) + 3.35*max(0,X0+0.191) * max(0,X1-0.839) - 3.24*max(0,X1-0.367) * max(0,-0.191-X0) - 3.23*max(0,X1+0.105) * max(0,X1-0.839) - 2.85*max(0,X1-1.31) * max(0,X1-0.839) - 2.75*max(0,X4-1.39) + 2.69*max(0,X2-0.764) * max(0,X0-0.976) + 2.31*max(0,X2-2.13) * max(0,X0+0.191) + 2.16*max(0,X0-0.976) * max(0,X1-0.839) - 2.06*max(0,X4-0.465) - 2.03*max(0,-0.917-X4) + 1.93*max(0,0.839-X1) * max(0,X1-0.367) - 1.92*max(0,0.839-X1) * max(0,X1+0.105) + 1.88*max(0,X2-2.13) - 1.85*max(0,X2-2.13) * max(0,X1+0.105) - 1.78*max(0,X1-0.367) - 1.73*max(0,X0+0.191) - 1.69*max(0,X0+0.191) * max(0,X0-0.976) - 1.67*max(0,X1-1.31) * max(0,X0+0.191) - 1.64*max(0,X1-0.367) * max(0,X0-0.976) - 1.63*max(0,-0.105-X1) * max(0,-1.36-X0) + 1.54*X4**2 + 1.52*max(0,-0.105-X1) * max(0,X0+0.191) - 1.44*max(0,0.00451-X4) + 1.42*max(0,-0.729-X3) * max(0,X1-0.367) - 1.39*max(0,-0.456-X4) - 1.36*max(0,-1.05-X1) - 1.32*max(0,X2-0.764) * max(0,X2-2.13) - 1.31*max(0,-0.729-X3) * max(0,X0-0.976) + 1.31*max(0,X0-1.56) - 1.16*max(0,-0.729-X3) * max(0,X1-1.31) - 1.14*max(0,-0.105-X1) + 1.09*max(0,X1-1.31) * max(0,X1+0.105) - 0.981*max(0,-0.729-X3) * max(0,X1+0.105) - 0.967*max(0,X2-1.45) - 0.933*max(0,X2-2.13) * max(0,X1-0.367) + 0.917*max(0,-0.191-X0) + 0.868*max(0,X0+0.191) * max(0,X1-0.367) + 0.831*max(0,0.393-X0) - 0.829*max(0,X2-0.764) * max(0,X0+0.191) + 0.785*max(0,-0.729-X3) * max(0,-1.05-X1) - 0.691*max(0,X4-0.926) + 0.688*max(0,-0.729-X3) * max(0,-0.105-X1) - 0.686*X0**2 - 0.677*max(0,X1-0.839) + 0.672*max(0,1.39-X4) - 0.668*max(0,-0.729-X3) * max(0,-0.576-X1) + 0.633*max(0,X0+1.36) + 0.595*max(0,0.839-X1) * max(0,X0+0.191) + 0.574*max(0,-0.105-X1) * max(0,-0.576-X1) + 0.567*max(0,X4+0.456) - 0.559*max(0,X2-0.764) * max(0,X1-0.367) - 0.541*max(0,-0.729-X3) - 0.502*max(0,X1+0.576) + 0.462*max(0,X2-0.0820) + 0.456*max(0,-0.729-X3) * max(0,X0+0.191) + 0.443*max(0,0.367-X1) - 0.432*max(0,0.0820-X2) + 0.422*max(0,0.764-X2) - 0.407*max(0,-0.576-X1) - 0.387*max(0,0.839-X1) - 0.376*max(0,X3-0.820) + 0.337*max(0,-0.774-X0) + 0.334*max(0,X0-0.393) - 0.303*max(0,-0.105-X1) * max(0,-0.191-X0) - 0.294*max(0,-1.36-X0) * max(0,-0.191-X0) + 0.265*X0 + 0.263*max(0,X1-1.31) * max(0,X1-0.367) - 0.260*max(0,-1.05-X1) * max(0,-0.191-X0) + 0.242*max(0,-1.28-X2) + 0.236*X3**2 + 0.235*max(0,X2-0.764) - 0.226*max(0,X1+0.105) * max(0,X1-0.367) - 0.220*max(0,-0.213-X3) + 0.215*max(0,1.45-X2) - 0.212*max(0,0.839-X1) * max(0,-1.36-X0) + 0.207*max(0,X2-0.764) * max(0,0.839-X1) + 0.203*max(0,-0.729-X3) * max(0,X1-0.839) + 0.188*max(0,-0.729-X3) * max(0,-1.36-X0) - 0.186*X4 + 0.177*max(0,0.393-X0) * max(0,-0.576-X1) - 0.176*max(0,-1.25-X3) + 0.170*X3 - 0.166*max(0,X2+0.600) - 0.157*max(0,X3-1.34) - 0.152*max(0,1.56-X0) + 0.151*max(0,-0.191-X0) * max(0,-0.576-X1) + 0.142*X2**2 - 0.140*max(0,0.820-X3) + 0.123*max(0,X0+0.774) - 0.120*max(0,-0.600-X2) + 0.117*X1**2 + 0.117*max(0,0.976-X0) - 0.113*max(0,X1+0.105) - 0.111*max(0,X2-0.764) * max(0,X1+0.105) - 0.107*max(0,-0.729-X3) * max(0,-0.191-X0) - 0.100*max(0,X1+1.05) - 0.0929*max(0,0.839-X1) * max(0,-0.191-X0) + 0.0920*max(0,0.839-X1) * max(0,-0.576-X1) + 0.0845*max(0,X1+0.105) * max(0,X0-0.976) + 0.0815*max(0,2.13-X2) - 0.0791*max(0,-0.729-X3) * max(0,0.839-X1) - 0.0739*max(0,X1+0.105) * max(0,X0+0.191) + 0.0730*X2 + 0.0688*max(0,0.393-X0) * max(0,-0.191-X0) - 0.0669*max(0,X3+0.213) - 0.0639*X1 + 0.0584*max(0,X3-0.304) - 0.0227*max(0,X3+0.729) - 0.0182*max(0,-0.105-X1) * max(0,-1.05-X1) + 0.0124*max(0,0.839-X1) * max(0,-1.05-X1) + 0.00350*max(0,X2+1.28) + 0.00125*max(0,-0.105-X1) * max(0,0.839-X1) - 0.000630*max(0,-1.05-X1) * max(0,-0.576-X1)"
ffx,601_fri_c1_250_5,ok,0.843364,0.390959,1928,14.65,,"0.979 - 43.4*max(0,-1.10-X3) * max(0,X0-1.66) + 28.0*max(0,X0-0.442) * max(0,-0.0532-X1) - 27.2*max(0,X1-0.848) * max(0,X0-1.66) + 14.5*max(0,X1+0.0532) * max(0,X0-1.66) + 12.1*max(0,-0.643-X3) * max(0,X0-1.66) - 9.70*max(0,X0-1.05) * max(0,X0-1.66) + 9.63*max(0,-1.10-X3) * max(0,X0-1.05) + 7.46*max(0,-1.10-X3) * max(0,-0.504-X1) + 6.64*max(0,X0-1.66) - 6.06*max(0,X2-0.206) * max(0,X0-1.05) - 5.70*max(0,0.848-X1) * max(0,X0-0.442) - 5.00*abs(X1) * max(0,X0-1.66) - 4.69*max(0,-1.10-X3) * max(0,-0.0532-X1) - 4.54*max(0,-1.10-X3) * max(0,-0.244-X2) - 4.48*max(0,-0.643-X3) * max(0,X1-0.848) + 4.42*max(0,-0.643-X3) * max(0,-0.0532-X1) - 4.15*max(0,-0.244-X2) * max(0,X0-1.05) - 4.05*max(0,0.848-X1) * max(0,X1+0.0532) - 3.54*max(0,-0.643-X3) * max(0,-0.504-X1) + 3.22*max(0,-0.168-X0) * max(0,X1+0.0532) + 3.21*abs(X2) * max(0,X0-1.66) - 2.85*abs(X4) * max(0,X0-1.66) - 2.64*max(0,-0.244-X2) * max(0,X1-0.848) - 2.64*max(0,-1.10-X3) * abs(X1) + 2.39*max(0,-0.643-X3) * max(0,X1+0.0532) - 2.36*max(0,X1-0.397) - 2.27*max(0,0.397-X1) + 2.25*max(0,-0.168-X0) * max(0,-0.504-X1) + 2.21*max(0,-0.643-X3) * max(0,-0.244-X2) + 2.03*max(0,X1-0.848) + 2.02*max(0,-0.244-X2) * max(0,X0-0.442) + 1.99*max(0,X0-0.442) * max(0,X0-1.66) + 1.98*max(0,X2-0.206) * max(0,X1-0.848) - 1.91*max(0,X1+0.0532) + 1.80*max(0,X2-0.206) * max(0,X0-0.442) - 1.76*max(0,-1.10-X3) * max(0,X1-0.848) - 1.74*max(0,-0.643-X3) * max(0,-0.168-X0) - 1.72*max(0,-0.504-X1) - 1.72*max(0,-0.643-X3) - 1.70*max(0,X1-0.848) * max(0,X0-1.05) + 1.64*max(0,-1.14-X2) + 1.61*abs(X0) * max(0,X1-0.848) + 1.49*abs(X4) * max(0,X0-1.05) + 1.45*max(0,-0.643-X3) * abs(X0) + 1.44*max(0,X1+0.0532) * max(0,X1-0.848) + 1.43*abs(X2) * max(0,-1.10-X3) + 1.41*abs(X2) * max(0,X0-1.05) - 1.36*max(0,-0.244-X2) * max(0,-0.504-X1) + 1.33*abs(X0) * max(0,X0-1.66) + 1.28*max(0,-0.168-X0) - 1.21*max(0,X0-0.442) * abs(X1) - 1.18*abs(X4) * max(0,-0.0532-X1) + 1.16*max(0,-0.244-X2) * max(0,-0.0532-X1) + 1.11*max(0,-1.10-X3) * max(0,-0.168-X0) + 1.10*max(0,-0.0532-X1) + 1.07*max(0,X0-0.442) * abs(X0) + 1.03*abs(X4) + 1.01*max(0,-1.10-X3) * max(0,X1+0.0532) - 0.995*max(0,0.848-X1) * max(0,X0-1.05) + 0.983*max(0,X2-1.11) + 0.964*max(0,X4-1.14) + 0.960*abs(X2) - 0.944*max(0,-0.643-X3) * abs(X1) - 0.921*max(0,X2-0.206) * max(0,X1+0.0532) - 0.921*max(0,-0.643-X3) * max(0,X0-0.442) + 0.908*max(0,X1-1.30) - 0.905*abs(X4) * max(0,X1+0.0532) - 0.891*max(0,-0.168-X0) * abs(X1) - 0.851*max(0,-0.168-X0) * max(0,-0.0532-X1) - 0.851*abs(X0) * max(0,X1+0.0532) + 0.793*max(0,X0-0.442) * max(0,X1+0.0532) + 0.773*max(0,-1.10-X3) * max(0,X0-0.442) + 0.771*max(0,0.848-X1) * max(0,-1.10-X3) + 0.768*abs(X2) * max(0,X1-0.848) - 0.767*max(0,-1.10-X3) * abs(X0) - 0.744*max(0,-0.777-X0) + 0.735*X3**2 + 0.728*max(0,-0.244-X2) * max(0,-0.168-X0) + 0.697*abs(X4) * max(0,-0.504-X1) + 0.693*abs(X2) * max(0,-0.504-X1) - 0.680*abs(X2) * max(0,-0.244-X2) + 0.672*abs(X4) * abs(X1) - 0.665*X4**2 - 0.662*max(0,X0-0.442) * max(0,X0-1.05) - 0.650*max(0,-0.643-X3) * abs(X2) - 0.642*abs(X1) * max(0,-0.0532-X1) - 0.636*max(0,-0.168-X0) * abs(X0) - 0.629*abs(X2) * abs(X0) + 0.626*abs(X4) * max(0,X0-0.442) - 0.615*max(0,X3-0.721) - 0.614*abs(X4) * abs(X0) - 0.613*max(0,-0.188-X3) + 0.605*abs(X4) * max(0,-0.168-X0) + 0.586*max(0,-1.10-X3) + 0.565*max(0,-1.12-X4) - 0.551*max(0,0.848-X1) * max(0,-0.504-X1) + 0.546*max(0,X4-0.236) - 0.539*abs(X0) + 0.536*max(0,-0.244-X2) * max(0,X1+0.0532) + 0.514*max(0,X1+0.0532) * max(0,X0-1.05) - 0.479*abs(X4) * max(0,-1.10-X3) - 0.469*max(0,X2-0.206) * max(0,-0.168-X0) + 0.462*max(0,X0+0.168) + 0.459*abs(X1) + 0.447*max(0,0.848-X1) * abs(X0) - 0.442*max(0,X3+0.188) + 0.439*max(0,X0-1.05) + 0.435*abs(X2) * max(0,X0-0.442) + 0.426*max(0,-0.665-X4) - 0.423*X1 - 0.413*max(0,0.848-X1) * max(0,-0.244-X2) - 0.395*max(0,-0.643-X3) * max(0,X0-1.05) + 0.394*abs(X1) * max(0,-0.504-X1) - 0.393*max(0,X3-1.18) - 0.388*max(0,X2-0.656) + 0.386*abs(X1) * max(0,X1-0.848) + 0.379*max(0,0.442-X0) - 0.377*abs(X3) - 0.372*max(0,X2-0.206) + 0.362*abs(X2) * max(0,-0.168-X0) + 0.362*max(0,X0-0.442) - 0.357*X0 - 0.343*max(0,X0-0.442) * max(0,X1-0.848) + 0.333*abs(X1) * abs(X0) + 0.286*X2**2 + 0.280*max(0,X2-0.206) * max(0,-0.504-X1) + 0.276*abs(X0) * max(0,-0.0532-X1) - 0.273*max(0,0.206-X2) - 0.264*max(0,-0.244-X2) * abs(X1) + 0.239*max(0,0.848-X1) * max(0,-0.0532-X1) - 0.232*max(0,X2-0.206) * abs(X0) + 0.224*max(0,-0.954-X1) - 0.220*abs(X4) * max(0,X1-0.848) + 0.204*max(0,X3+0.643) - 0.202*X0**2 - 0.199*max(0,0.656-X2) + 0.196*abs(X1) * max(0,X0-1.05) + 0.189*max(0,X2-0.206) * abs(X1) - 0.188*max(0,1.18-X3) - 0.185*abs(X0) * max(0,X0-1.05) + 0.175*max(0,-1.39-X0) + 0.174*max(0,X0+0.777) + 0.168*max(0,-0.504-X1) * abs(X0) + 0.167*X1**2 - 0.159*max(0,0.848-X1) * max(0,-0.168-X0) + 0.152*max(0,X3-0.266) + 0.147*max(0,0.848-X1) - 0.143*max(0,0.848-X1) * abs(X2) - 0.133*X3 + 0.131*abs(X4) * max(0,-0.643-X3) - 0.107*abs(X2) * abs(X1) + 0.106*max(0,X3+1.10) + 0.102*abs(X4) * max(0,-0.244-X2) - 0.0921*max(0,X2+1.14) - 0.0908*max(0,-0.214-X4) + 0.0816*max(0,X0+1.39) + 0.0808*abs(X2) * max(0,X1+0.0532) - 0.0797*X4 - 0.0731*max(0,X4+0.214) - 0.0722*abs(X4) * abs(X2) - 0.0710*max(0,0.848-X1) * abs(X4) + 0.0705*abs(X2) * max(0,-0.0532-X1) - 0.0685*X2 - 0.0669*max(0,0.236-X4) + 0.0662*max(0,1.66-X0) + 0.0653*max(0,X4+1.12) + 0.0623*max(0,X2+0.694) + 0.0559*max(0,X1+0.954) - 0.0517*max(0,-0.504-X1) * max(0,-0.0532-X1) - 0.0513*max(0,-0.643-X3) * max(0,-1.10-X3) - 0.0487*max(0,-0.694-X2) - 0.0463*abs(X1) * max(0,X1+0.0532) - 0.0442*max(0,0.721-X3) - 0.0329*max(0,X1+0.504) - 0.0306*max(0,1.14-X4) - 0.0288*max(0,X4-0.687) - 0.0250*max(0,0.848-X1) * abs(X1) - 0.0194*max(0,X2+0.244) - 0.0161*max(0,X2-0.206) * max(0,X0-1.66) + 0.0139*max(0,1.11-X2) + 0.0132*max(0,X2-0.206) * max(0,-0.0532-X1) - 0.0112*max(0,-0.244-X2) * abs(X0) + 0.00978*max(0,0.266-X3) - 0.00412*max(0,0.848-X1) * max(0,-0.643-X3) + 0.00405*max(0,1.30-X1) + 0.00181*max(0,0.687-X4) - 0.000737*max(0,-0.244-X2)"
ffx,602_fri_c3_250_10,ok,0.49663,0.717377,1642,27.45,,"0.636 - 22.7*max(0,-1.09-X0) * max(0,X3-1.25) - 18.3*max(0,X2-0.462) * max(0,-0.530-X0) + 16.3*max(0,X3-1.25) * max(0,X1-0.751) - 14.5*max(0,X9-1.24) * max(0,X4-1.46) - 12.2*max(0,X3-1.25) * max(0,X0-0.596) + 11.9*max(0,-0.530-X0) * max(0,X3-1.25) + 9.81*max(0,-0.280-X2) * max(0,X0-1.72) - 8.90*max(0,X2-0.462) * max(0,-1.09-X0) + 6.63*max(0,-1.09-X0) * max(0,-1.11-X6) - 6.21*max(0,X0-1.16) * max(0,X1-0.751) + 6.05*max(0,X0-0.596) * max(0,X1-0.751) + 4.55*max(0,X9-1.24) * max(0,-1.09-X0) + 4.22*max(0,X9-1.24) * max(0,X0-1.16) + 3.73*max(0,-0.0971-X8) * max(0,X9-1.24) - 3.42*max(0,X9-1.24) * max(0,-0.530-X0) - 3.34*max(0,X9-1.24) * max(0,X2-0.462) + 2.60*max(0,-0.0971-X8) * max(0,X0-1.16) + 2.57*max(0,X2-0.462) * max(0,X3-1.25) - 2.56*max(0,-0.182-X1) * max(0,-1.11-X6) - 2.24*max(0,-0.0971-X8) * max(0,X0-1.72) - 2.14*max(0,-0.280-X2) * max(0,X1-0.751) - 2.09*max(0,-0.637-X6) * max(0,-0.530-X0) - 1.64*max(0,-0.649-X1) + 1.64*max(0,-1.09-X0) - 1.45*max(0,X3-1.25) * max(0,-0.280-X2) - 1.31*max(0,X3-1.25) * max(0,X0-1.16) + 1.28*max(0,X0-1.16) + 1.24*max(0,X2-1.20) - 1.20*max(0,X9-1.24) * max(0,X0-0.596) - 1.15*max(0,-0.637-X6) * max(0,X3-1.25) - 1.10*max(0,X0-0.0328) - 1.07*max(0,-0.0971-X8) * max(0,-1.11-X6) - 1.04*max(0,-0.0971-X8) * max(0,X3-1.25) - 1.01*X2 * max(0,-1.11-X6) - 0.991*max(0,-0.0971-X8) * max(0,X4-1.46) + 0.985*max(0,-0.0971-X8) * max(0,-0.637-X6) - 0.981*max(0,-0.637-X6) * max(0,X2-1.20) + 0.954*X2 * max(0,X1-0.751) + 0.932*max(0,-1.12-X1) + 0.931*max(0,X2-1.20) * max(0,X0-0.596) - 0.929*max(0,-0.530-X0) * abs(X1) + 0.899*max(0,-0.637-X6) * max(0,-0.182-X1) + 0.878*max(0,-0.0971-X8) * max(0,-1.09-X0) - 0.876*X1 * max(0,X3-1.25) - 0.873*max(0,-0.637-X6) * max(0,X1-0.751) + 0.873*max(0,-0.637-X6) * max(0,X0-1.72) - 0.869*max(0,X4-1.46) * max(0,X1-0.751) - 0.867*X1 + 0.833*max(0,-0.280-X2) * max(0,X0-0.596) - 0.762*abs(X1) + 0.758*max(0,-0.149-X7) + 0.750*max(0,-0.280-X2) - 0.704*max(0,X7-0.745) - 0.697*X1 * max(0,X4-1.46) + 0.661*max(0,X0-0.596) * max(0,X0-1.72) + 0.629*max(0,X1-0.751) + 0.622*max(0,-0.598-X9) + 0.595*abs(X1) * max(0,X0-0.596) - 0.589*max(0,X0-1.16) * max(0,X0-0.596) - 0.579*max(0,X1-1.22) + 0.567*max(0,X7-1.19) - 0.548*max(0,X2-0.462) * max(0,-1.11-X6) + 0.545*max(0,X7-0.298) + 0.529*abs(X1) * max(0,X1-0.751) + 0.484*max(0,-0.637-X6) * abs(X2) + 0.467*max(0,-0.637-X6) * X2 + 0.460*max(0,-0.637-X6) * max(0,-1.09-X0) - 0.459*X1 * X2 - 0.453*max(0,-1.09-X0) * max(0,-0.530-X0) - 0.447*max(0,-1.07-X3) - 0.403*max(0,-0.963-X8) - 0.378*max(0,-0.138-X9) - 0.359*max(0,X3-0.785) - 0.355*abs(X7) + 0.350*max(0,X3+0.144) + 0.350*max(0,X3-1.25) - 0.347*max(0,X6-1.27) + 0.346*max(0,X4+0.183) + 0.337*max(0,-0.0971-X8) * max(0,-0.649-X1) - 0.324*abs(X2) - 0.312*max(0,-0.530-X0) + 0.297*max(0,X2-1.95) + 0.293*max(0,-0.649-X1) * max(0,-0.280-X2) - 0.280*max(0,-1.04-X7) - 0.273*max(0,-0.596-X7) - 0.268*max(0,-0.637-X6) * max(0,X9-1.24) - 0.258*max(0,-0.0971-X8) * abs(X1) - 0.254*max(0,0.321-X3) + 0.246*max(0,0.596-X0) + 0.245*max(0,X7+0.149) + 0.244*max(0,-0.649-X1) * abs(X2) + 0.236*max(0,-1.09-X0) * max(0,-0.649-X1) - 0.227*max(0,-0.0971-X8) * max(0,-0.530-X0) + 0.225*max(0,-0.530-X0) * abs(X2) + 0.219*max(0,0.462-X2) - 0.216*max(0,X4-1.46) * max(0,X0-0.596) - 0.207*max(0,X4-1.46) * max(0,X0-1.16) + 0.201*max(0,X0-1.72) * max(0,X1-0.751) + 0.194*max(0,-0.637-X6) * max(0,X0-0.596) + 0.188*abs(X1) * max(0,-0.280-X2) - 0.185*max(0,X0-0.596) + 0.175*X1 * max(0,X1-0.751) + 0.165*max(0,-0.637-X6) + 0.161*max(0,X6+0.637) + 0.161*max(0,X2-1.20) * max(0,X1-0.751) - 0.159*max(0,-1.09-X0) * max(0,-0.280-X2) - 0.156*max(0,-0.0971-X8) * max(0,X0-0.596) + 0.143*max(0,-0.182-X1) + 0.141*max(0,0.751-X1) - 0.138*max(0,X9-1.24) - 0.136*max(0,X1+0.649) - 0.127*max(0,X0+0.530) + 0.127*max(0,X4-0.638) + 0.125*max(0,X9-0.321) - 0.119*abs(X6) - 0.117*max(0,-0.0971-X8) * max(0,X2-1.20) - 0.115*abs(X4) + 0.113*abs(X8) + 0.0986*max(0,X8-1.20) - 0.0961*max(0,X4-1.46) * max(0,X3-1.25) + 0.0910*max(0,-0.0971-X8) * X2 - 0.0821*max(0,-1.06-X9) - 0.0774*max(0,1.46-X4) + 0.0744*max(0,-0.283-X5) - 0.0677*max(0,-0.649-X1) * max(0,-1.11-X6) + 0.0619*X4**2 - 0.0556*max(0,3.10-X4) + 0.0542*X4 + 0.0535*max(0,-0.0971-X8) * max(0,X1-0.751) - 0.0529*max(0,X8+0.530) + 0.0472*max(0,X2-0.462) * max(0,X0-0.596) + 0.0458*max(0,-0.608-X3) - 0.0444*max(0,2.28-X4) + 0.0407*max(0,-0.0971-X8) * max(0,-0.280-X2) - 0.0342*max(0,-1.02-X2) - 0.0334*X1 * abs(X2) - 0.0319*max(0,X8+0.963) - 0.0311*max(0,X8-0.769) + 0.0291*max(0,-0.637-X6) * abs(X1) + 0.0290*abs(X2) * max(0,X0-0.596) - 0.0138*max(0,X5-0.695) + 0.0135*max(0,-0.637-X6) * max(0,X0-1.16) - 0.0126*max(0,X4-1.46) * abs(X1) + 0.0105*X1 * max(0,X0-0.596) - 0.0104*max(0,-0.160-X6) + 0.00648*max(0,X5+0.283) + 0.00419*max(0,X4-2.28) + 0.00248*max(0,-1.09-X0) * X2 - 0.000268*max(0,X4-1.46) + 2.10e-7*max(0,1.16-X0)"
ffx,603_fri_c0_250_50,ok,0.495506,0.630835,1013,34.23,,"0.142 - 1.11*max(0,X25-1.21) - 0.898*max(0,-0.908-X20) + 0.854*max(0,-1.10-X2) - 0.822*max(0,X15-1.39) + 0.808*max(0,X49-1.31) - 0.769*max(0,-1.03-X28) - 0.769*max(0,X8-1.27) - 0.713*max(0,X1-1.26) + 0.648*max(0,X2-0.328) - 0.612*max(0,X20-1.37) - 0.571*max(0,-1.16-X12) - 0.520*max(0,-0.722-X4) + 0.519*max(0,X3+1.12) - 0.506*max(0,X0-1.24) + 0.503*max(0,X33-1.28) - 0.459*max(0,X26-1.35) - 0.456*max(0,0.802-X0) - 0.440*max(0,-0.662-X3) + 0.425*max(0,X3-1.17) + 0.422*max(0,X4-0.198) + 0.420*max(0,X17-1.32) + 0.375*max(0,X30-1.27) - 0.351*max(0,-0.0571-X1) - 0.347*max(0,X47-1.34) + 0.346*max(0,X14-1.23) - 0.343*max(0,1.26-X1) - 0.332*max(0,X32-1.12) - 0.331*max(0,-1.13-X35) - 0.328*max(0,X46-0.732) + 0.315*max(0,X28-0.785) - 0.299*max(0,X29-1.37) - 0.293*max(0,X23-0.939) + 0.281*max(0,-0.870-X26) + 0.280*max(0,-0.627-X2) + 0.267*max(0,-0.835-X23) - 0.256*max(0,-0.914-X44) + 0.246*max(0,X40-1.09) + 0.238*max(0,X26-0.460) - 0.231*max(0,-0.888-X41) + 0.211*max(0,-0.975-X8) + 0.196*max(0,0.00490-X20) + 0.192*max(0,-0.583-X43) - 0.190*max(0,-1.00-X34) + 0.190*max(0,X45-1.14) + 0.181*max(0,X32-0.666) + 0.179*max(0,-0.972-X14) - 0.174*max(0,X39-1.50) + 0.171*max(0,-1.09-X47) - 0.171*max(0,-0.105-X33) + 0.170*max(0,-0.601-X47) - 0.165*max(0,X31-1.26) + 0.162*max(0,-1.11-X13) + 0.160*max(0,-1.13-X38) + 0.159*max(0,X24-0.782) + 0.157*max(0,-0.904-X36) + 0.148*max(0,0.328-X2) + 0.148*max(0,-0.985-X27) - 0.147*max(0,X11-1.19) - 0.146*max(0,-0.521-X0) + 0.139*max(0,X0-0.361) - 0.126*max(0,X33+0.105) - 0.126*max(0,-0.929-X15) + 0.124*max(0,X9-0.896) - 0.123*max(0,0.268-X38) + 0.117*max(0,X25+0.0795) + 0.116*max(0,X38-1.20) + 0.110*max(0,-1.12-X3) - 0.110*max(0,0.822-X8) - 0.109*max(0,-0.566-X33) - 0.108*max(0,1.01-X39) + 0.108*max(0,X19+0.172) + 0.107*max(0,X47+0.601) - 0.106*max(0,-0.961-X0) + 0.102*max(0,-1.13-X19) + 0.102*max(0,X31+0.0667) - 0.101*max(0,0.732-X46) + 0.101*max(0,X16-0.905) - 0.0934*max(0,-0.180-X5) + 0.0905*max(0,X21-0.785) + 0.0810*max(0,0.549-X10) + 0.0795*max(0,0.785-X28) - 0.0794*max(0,X45+0.261) + 0.0782*max(0,-0.0881-X24) + 0.0766*max(0,-0.0758-X9) + 0.0762*max(0,X27+0.511) - 0.0759*max(0,-0.978-X39) - 0.0753*max(0,X7-0.433) + 0.0748*max(0,-0.491-X17) - 0.0736*max(0,X37-0.792) - 0.0729*max(0,X11-0.739) - 0.0724*max(0,X35-0.312) + 0.0695*max(0,-1.25-X42) + 0.0690*max(0,X13-0.725) + 0.0689*max(0,0.785-X21) - 0.0666*max(0,X34+1.00) - 0.0660*max(0,X30-0.346) + 0.0637*max(0,0.410-X9) - 0.0592*max(0,X23-1.38) + 0.0557*max(0,-0.379-X29) - 0.0554*max(0,-0.181-X46) + 0.0551*max(0,X47-0.368) + 0.0508*max(0,X6-1.38) + 0.0480*max(0,X10-1.51) + 0.0460*max(0,X24+0.0881) - 0.0443*max(0,X41-1.38) + 0.0414*max(0,-0.972-X16) - 0.0402*max(0,X49+0.522) - 0.0398*max(0,X10-0.0693) - 0.0363*max(0,X14-0.351) + 0.0359*max(0,-0.0396-X7) + 0.0341*max(0,X18+0.604) - 0.0324*max(0,-1.14-X5) + 0.0305*max(0,X26+0.427) + 0.0304*max(0,X42-0.216) - 0.0279*max(0,0.373-X8) - 0.0276*max(0,X44+0.914) + 0.0256*max(0,X17-0.416) - 0.0239*max(0,X30+0.583) - 0.0232*max(0,X48+0.0515) - 0.0215*max(0,-1.05-X30) + 0.0168*max(0,X40+0.753) + 0.0158*max(0,-1.05-X11) + 0.0105*max(0,-1.21-X40) + 0.0102*max(0,-0.0306-X36) - 0.0101*max(0,0.905-X6) - 0.00947*max(0,X41-0.0208) + 0.00749*max(0,0.906-X7) + 0.00629*max(0,X28-1.24) - 0.00501*max(0,1.21-X25) + 0.00469*max(0,-0.891-X10) - 0.00364*max(0,X5-0.776) + 0.00360*max(0,0.211-X32) - 0.00328*max(0,X12-0.271) + 0.00140*max(0,0.266-X13) + 0.000552*max(0,X43+0.113)"
ffx,604_fri_c4_500_10,ok,0.65814,0.6361,1928,28.81,,"0.399 - 396*max(0,-0.984-X8) * max(0,X0-1.67) - 37.2*max(0,-1.31-X3) * max(0,X1-1.25) + 17.9*max(0,-1.31-X3) * max(0,X0-1.10) + 11.6*max(0,X7-0.896) * max(0,X0-1.67) + 10.9*max(0,-0.0526-X8) * max(0,X1-1.25) + 10.5*max(0,-0.0954-X9) * max(0,X4-3.11) - 8.52*max(0,-0.0336-X7) * max(0,X0-1.67) - 5.96*max(0,X4-2.30) * max(0,-0.0336-X7) - 5.00*max(0,-0.0526-X8) * max(0,X1-0.790) - 4.76*max(0,X8+0.0526) * max(0,X4-3.93) + 4.57*max(0,X1-1.25) + 4.50*max(0,-1.31-X3) * max(0,-0.518-X8) + 4.45*max(0,-1.31-X3) * max(0,X1-0.790) - 4.32*max(0,-0.984-X8) - 4.04*max(0,-0.518-X8) * max(0,X1-1.25) + 3.95*max(0,-0.984-X8) * max(0,X1-0.790) + 3.85*max(0,-0.0336-X7) * max(0,X1-1.25) - 3.82*max(0,-0.0954-X9) * max(0,X1-0.790) + 3.76*max(0,-0.984-X8) * max(0,X9-0.399) + 3.50*max(0,-0.984-X8) * max(0,-0.0336-X7) - 3.32*max(0,-1.31-X3) * max(0,-0.577-X1) - 3.15*abs(X9) * max(0,X1-1.25) - 2.95*max(0,X8+0.0526) * max(0,X0-1.10) - 2.69*max(0,-0.518-X8) * max(0,X9-0.399) + 2.43*max(0,X3-1.07) + 2.35*max(0,X0-1.10) + 2.33*max(0,X4-1.48) * max(0,-0.0336-X7) + 2.31*max(0,-0.0954-X9) * max(0,X1-0.334) - 2.24*X1 * max(0,X0-1.67) - 2.12*max(0,-0.518-X8) * max(0,-0.0336-X7) + 2.11*max(0,-0.518-X8) * max(0,X1-0.334) + 1.90*max(0,-0.0526-X8) * max(0,X4-3.11) + 1.89*abs(X9) * max(0,X1-0.334) - 1.87*max(0,-1.31-X3) * max(0,-0.0526-X8) + 1.81*max(0,-1.31-X3) + 1.79*max(0,X9-0.399) * max(0,X0-1.10) + 1.70*max(0,X4-0.662) - 1.67*max(0,X1-1.25) * max(0,X0-1.67) + 1.66*max(0,X1-0.790) + 1.61*max(0,X9-0.399) * max(0,-0.577-X1) - 1.60*max(0,-0.984-X8) * max(0,-0.0954-X9) - 1.57*max(0,-1.31-X3) * X1 - 1.54*max(0,X9-0.399) * abs(X1) + 1.46*max(0,-0.0954-X9) * max(0,X0-1.10) - 1.42*max(0,-0.984-X8) * abs(X1) + 1.42*max(0,-0.518-X8) * max(0,-0.0954-X9) + 1.41*max(0,-0.518-X8) * abs(X1) - 1.37*max(0,-1.31-X3) * abs(X9) + 1.31*max(0,-0.518-X8) * max(0,X1-0.790) + 1.31*max(0,X5-1.58) - 1.24*max(0,X7-0.896) + 1.24*max(0,-1.16-X0) + 1.22*max(0,X1-0.790) * abs(X1) + 1.22*max(0,X0-1.10) * max(0,X1-0.790) - 1.21*max(0,X9-0.399) * max(0,X1-1.25) - 1.18*max(0,X5-0.925) + 1.18*max(0,X9-0.893) - 1.18*abs(X1) + 1.15*max(0,-0.121-X1) - 1.09*max(0,X9-0.399) * max(0,X8+0.0526) - 1.04*max(0,X3-0.597) + 1.01*max(0,X0-1.10) * abs(X1) - 1.00*max(0,X2-0.376) - 0.987*abs(X8) * max(0,-0.0954-X9) - 0.980*max(0,X9-0.399) * max(0,X1-0.790) + 0.971*max(0,X7-0.896) * max(0,X1-0.334) - 0.952*abs(X7) - 0.864*max(0,X4-2.30) * max(0,X9-0.399) - 0.797*max(0,-0.0954-X9) * X1 - 0.790*max(0,-0.577-X1) + 0.789*abs(X2) - 0.784*max(0,X9-0.399) - 0.765*abs(X8) * abs(X1) - 0.752*max(0,-0.598-X0) + 0.736*max(0,-0.998-X2) + 0.699*abs(X8) * abs(X9) - 0.682*max(0,X2-1.06) - 0.670*max(0,-0.0526-X8) * max(0,X1-0.334) + 0.661*abs(X8) * max(0,-0.518-X8) - 0.637*max(0,-0.311-X2) + 0.602*max(0,-0.984-X8) * max(0,-0.518-X8) + 0.575*max(0,-0.499-X7) + 0.569*abs(X3) - 0.555*max(0,-0.357-X3) + 0.555*max(0,X6-0.723) + 0.550*max(0,X8+0.0526) * max(0,-0.121-X1) - 0.540*max(0,-0.984-X8) * X1 - 0.530*max(0,-1.31-X3) * max(0,-0.0336-X7) + 0.516*X7**2 - 0.495*abs(X8) * max(0,X0-1.10) - 0.485*max(0,-1.05-X5) + 0.485*max(0,X7-0.896) * abs(X9) - 0.476*X1 - 0.475*max(0,X7-0.896) * X1 + 0.471*abs(X5) - 0.468*max(0,-0.0954-X9) * max(0,-0.0336-X7) - 0.460*max(0,-0.0336-X7) * max(0,X0-1.10) - 0.457*max(0,-0.0954-X9) * abs(X1) + 0.454*max(0,-0.984-X8) * max(0,-0.577-X1) - 0.450*max(0,X0+0.0321) + 0.446*abs(X8) - 0.423*max(0,-0.0954-X9) * max(0,-0.577-X1) + 0.410*max(0,-0.577-X1) * max(0,-0.0336-X7) + 0.408*max(0,X8+0.0526) * max(0,X1-0.790) + 0.406*max(0,X8+0.0526) * max(0,X1-0.334) + 0.401*max(0,-0.0336-X7) * max(0,X1-0.790) - 0.395*max(0,-0.963-X7) - 0.394*max(0,X1-0.334) - 0.394*max(0,X8-0.879) - 0.349*max(0,X7-0.896) * max(0,X1-1.25) - 0.330*abs(X4) + 0.327*max(0,X4-1.48) * max(0,-0.0526-X8) - 0.321*max(0,-0.577-X1) * abs(X1) + 0.320*max(0,0.413-X8) - 0.320*max(0,-0.0954-X9) * max(0,-0.121-X1) + 0.316*max(0,-0.518-X8) * max(0,X4-3.11) + 0.315*max(0,X0-0.534) + 0.313*max(0,X9-0.399) * max(0,-0.121-X1) + 0.311*abs(X9) - 0.310*max(0,X8+0.0526) * max(0,-0.0954-X9) - 0.301*max(0,-0.0526-X8) * abs(X1) + 0.277*max(0,-0.608-X6) - 0.276*max(0,-0.834-X3) + 0.271*abs(X9) * max(0,X0-1.10) - 0.270*max(0,X2-1.75) - 0.269*abs(X0) + 0.264*abs(X9) * max(0,-0.0336-X7) + 0.256*max(0,X4-1.48) * max(0,-0.0954-X9) + 0.255*max(0,X8+0.0526) * abs(X9) - 0.250*max(0,X6-0.279) - 0.243*max(0,X7-0.896) * max(0,-0.0526-X8) + 0.241*max(0,X8-0.413) - 0.227*max(0,-1.05-X6) - 0.226*max(0,X8+0.0526) * max(0,X1-1.25) - 0.223*abs(X9) * max(0,-0.0526-X8) + 0.220*max(0,X5-0.268) + 0.207*max(0,0.534-X0) - 0.201*X4**2 - 0.199*max(0,X4-1.48) * max(0,X8+0.0526) - 0.194*max(0,1.48-X4) - 0.188*max(0,0.925-X5) - 0.188*abs(X9) * X1 + 0.187*max(0,-0.984-X8) * max(0,X0-1.10) + 0.185*max(0,X5-2.24) - 0.182*max(0,-1.31-X3) * max(0,-0.0954-X9) - 0.177*max(0,X8+0.0526) * max(0,-0.0336-X7) + 0.173*max(0,X1-0.334) * max(0,X1-0.790) + 0.172*max(0,0.790-X1) - 0.155*max(0,X6-1.17) - 0.153*max(0,0.597-X3) - 0.148*X6**2 - 0.147*max(0,0.431-X7) - 0.135*max(0,-0.0954-X9) * max(0,X1-1.25) + 0.131*max(0,X3-0.120) + 0.127*abs(X8) * max(0,-0.0336-X7) + 0.127*abs(X9) * max(0,-0.121-X1) - 0.123*max(0,X7-1.36) + 0.111*max(0,X1-0.334) * abs(X1) - 0.103*max(0,X9+0.0954) + 0.0966*max(0,0.662-X4) + 0.0904*abs(X8) * max(0,-0.0526-X8) - 0.0855*max(0,X6+0.165) + 0.0826*max(0,X7-0.896) * max(0,-0.577-X1) + 0.0807*max(0,-0.518-X8) * max(0,-0.0526-X8) + 0.0803*max(0,0.268-X5) + 0.0742*max(0,-0.0336-X7) * max(0,-0.121-X1) - 0.0699*X9**2 - 0.0696*abs(X8) * X1 + 0.0628*max(0,-1.03-X1) - 0.0623*max(0,X9-1.39) - 0.0570*max(0,-0.577-X1) * max(0,-0.0526-X8) - 0.0552*max(0,X2+0.311) - 0.0540*X3**2 + 0.0525*max(0,X7+0.499) + 0.0502*X2**2 - 0.0498*X0**2 + 0.0444*X1 * max(0,X0-1.10) - 0.0367*max(0,-0.577-X1) * max(0,-0.121-X1) + 0.0352*max(0,-1.31-X3) * max(0,X8+0.0526) + 0.0335*max(0,X7-0.896) * max(0,-0.0954-X9) - 0.0238*max(0,X8+0.0526) * max(0,X4-3.11) + 0.0236*max(0,-0.518-X8) + 0.0201*max(0,-0.388-X5) - 0.0164*max(0,X9-0.399) * max(0,-0.0336-X7) - 0.0150*max(0,X0+0.598) - 0.0106*max(0,X1+0.577) - 0.00943*max(0,-1.31-X3) * max(0,X1-0.334) + 0.00820*max(0,-0.577-X1) * X1 + 0.00678*max(0,0.893-X9) + 0.00528*max(0,X0-1.10) * max(0,X1-0.334) - 0.00465*max(0,-0.0336-X7) - 0.00451*max(0,X8-1.34) - 0.00420*max(0,-0.0954-X9) * max(0,X0-1.67) + 0.00213*max(0,1.10-X0) + 0.00206*max(0,0.723-X6) - 0.00204*abs(X9) * max(0,-0.0954-X9) + 0.00202*abs(X8) * max(0,-0.121-X1) - 0.00165*X6 + 0.000960*X4"
ffx,605_fri_c2_250_25,ok,0.449438,0.740975,1190,35.5,,"0.858 + 4.29*max(0,X0-0.962) - 2.77*max(0,X0-1.51) - 2.51*abs(X1) - 2.30*max(0,X23-1.26) + 2.25*max(0,X1-0.380) + 2.09*max(0,X1-0.836) - 2.06*max(0,X17-0.725) - 2.00*max(0,X22-0.868) + 1.96*max(0,X13-1.10) + 1.92*max(0,-0.630-X17) + 1.84*max(0,X11-1.19) - 1.77*max(0,X7-1.12) + 1.73*max(0,-0.406-X21) - 1.67*max(0,-0.469-X22) + 1.65*max(0,X4-1.25) + 1.58*max(0,X21-0.467) + 1.54*max(0,X14-1.38) + 1.39*max(0,-1.05-X24) - 1.39*max(0,X19-0.404) - 1.34*max(0,X2-2.17) - 1.34*max(0,-0.989-X11) - 1.33*max(0,-0.595-X24) + 1.31*max(0,X22-1.31) + 1.27*max(0,X17-1.18) + 1.26*max(0,X1-1.29) - 1.24*abs(X21) + 1.24*max(0,X24-1.21) + 1.23*max(0,X8-0.862) + 1.23*max(0,0.380-X1) - 1.14*max(0,-0.194-X13) - 1.11*max(0,X19-1.29) + 1.11*max(0,X17-0.273) - 1.10*abs(X0) + 1.09*abs(X22) + 1.08*max(0,-1.06-X13) - 1.05*max(0,X10-0.499) + 1.02*max(0,X12-0.818) + 1.01*max(0,X15-0.766) + 1.01*max(0,X16-0.830) - 0.959*max(0,X12-0.350) + 0.946*max(0,-0.627-X13) - 0.904*max(0,-0.179-X17) - 0.882*max(0,-1.08-X17) - 0.874*max(0,X5-0.872) - 0.874*max(0,X20-1.12) + 0.871*max(0,X5-0.395) + 0.855*max(0,-0.553-X11) - 0.842*max(0,X11-0.755) + 0.836*max(0,-0.901-X18) + 0.816*max(0,-0.915-X22) - 0.808*max(0,X21-0.904) + 0.806*max(0,X19-0.849) + 0.796*max(0,X10-1.41) + 0.792*max(0,X20-0.670) - 0.775*max(0,-1.03-X9) + 0.770*max(0,X9-1.24) + 0.766*max(0,X3-0.344) - 0.752*max(0,X14-0.487) + 0.712*max(0,X18-0.883) - 0.689*max(0,X15-1.22) - 0.654*max(0,X18-1.33) + 0.635*max(0,-0.575-X9) - 0.626*max(0,X6-1.18) + 0.625*max(0,X23-0.789) - 0.621*max(0,-0.116-X3) + 0.599*max(0,X2-1.53) + 0.597*max(0,0.414-X0) - 0.592*max(0,-0.559-X5) - 0.585*max(0,X16-1.29) - 0.580*max(0,X12-1.29) + 0.543*abs(X19) - 0.540*max(0,-1.11-X23) - 0.531*max(0,X8-0.393) + 0.519*max(0,-1.14-X20) - 0.508*max(0,X24-0.756) + 0.505*max(0,-0.690-X20) - 0.471*X1 + 0.469*max(0,-0.989-X1) - 0.452*max(0,X13+0.194) - 0.450*max(0,-0.122-X9) + 0.442*max(0,-0.853-X14) + 0.437*abs(X24) - 0.430*max(0,-1.05-X15) - 0.426*abs(X18) + 0.420*max(0,-1.05-X12) + 0.420*max(0,X6-0.713) - 0.419*max(0,-0.586-X12) + 0.415*max(0,X14-0.933) + 0.410*abs(X10) - 0.408*max(0,-0.682-X0) + 0.403*max(0,X7-0.229) - 0.387*max(0,X15-0.312) + 0.368*max(0,-0.632-X23) + 0.357*max(0,0.244-X6) + 0.356*max(0,-1.01-X2) + 0.352*max(0,0.261-X2) + 0.324*max(0,0.395-X5) - 0.318*max(0,0.0303-X21) + 0.293*max(0,-0.945-X4) + 0.293*abs(X23) - 0.286*max(0,0.487-X14) - 0.279*max(0,0.404-X19) + 0.268*max(0,0.896-X2) - 0.261*abs(X20) - 0.257*max(0,-1.16-X6) - 0.250*max(0,X1+0.0765) - 0.246*max(0,0.374-X4) + 0.243*max(0,-1.23-X0) - 0.231*max(0,X9+0.122) - 0.228*abs(X11) + 0.227*max(0,X7-0.677) - 0.226*max(0,X16-0.371) - 0.219*max(0,X23-0.316) + 0.216*max(0,-0.118-X12) - 0.215*max(0,X4-0.374) + 0.202*max(0,X12+0.118) + 0.192*max(0,X10-0.952) - 0.187*max(0,X9-0.784) + 0.179*max(0,X18-0.437) - 0.176*max(0,X3-1.26) - 0.174*max(0,-0.695-X6) + 0.171*max(0,-1.01-X16) - 0.167*max(0,X0+0.682) - 0.159*abs(X16) + 0.155*abs(X14) + 0.155*max(0,X11+0.553) - 0.146*max(0,0.499-X10) - 0.135*max(0,0.319-X11) - 0.133*max(0,X22-0.423) + 0.129*abs(X9) + 0.113*max(0,-1.01-X8) - 0.111*max(0,X1+0.533) + 0.104*max(0,X5-1.35) + 0.0973*max(0,-0.843-X21) - 0.0867*max(0,X5+0.0824) + 0.0815*max(0,X21+0.406) - 0.0810*max(0,-0.860-X10) - 0.0808*max(0,0.316-X23) + 0.0801*max(0,-1.11-X7) - 0.0750*max(0,X24+0.595) - 0.0614*max(0,0.393-X8) - 0.0580*max(0,-1.04-X3) + 0.0489*max(0,-0.928-X19) + 0.0477*max(0,X23+0.158) + 0.0456*abs(X7) - 0.0451*max(0,X3-0.804) - 0.0437*max(0,-0.237-X20) - 0.0286*max(0,X22+0.469) + 0.0264*max(0,X8-1.33) + 0.0243*max(0,X6-0.244) - 0.0237*max(0,X2+0.375) - 0.0234*max(0,-0.484-X19) + 0.0195*max(0,X0-0.414) - 0.0181*max(0,0.755-X11) - 0.0160*max(0,0.312-X15) - 0.0153*max(0,X16+0.548) - 0.00657*max(0,X21-1.34) + 0.00355*max(0,-0.596-X15) - 0.00220*max(0,-0.548-X16) - 0.00187*max(0,0.350-X12) + 0.000679*max(0,X13-0.238)"
ffx,606_fri_c2_1000_10,ok,0.523248,0.688286,1642,18.84,,"0.179 + 24.1*max(0,X0+0.184) * max(0,-0.594-X1) - 18.5*max(0,-1.04-X7) * max(0,X5-1.52) - 17.0*max(0,0.396-X0) * max(0,X1-0.837) + 15.7*max(0,X1-0.360) * max(0,-0.184-X0) - 8.50*max(0,0.837-X1) * max(0,X0-0.976) + 8.29*max(0,X4-0.316) * max(0,X5-1.52) - 5.97*max(0,X7-0.802) * max(0,X0-1.56) - 4.79*max(0,-1.04-X7) * max(0,X6-1.15) + 4.51*max(0,X5-1.04) * max(0,-1.04-X7) - 3.84*max(0,X4-0.316) * max(0,X0-1.56) - 3.77*max(0,-1.04-X7) * max(0,X4-0.747) + 3.77*max(0,-1.04-X7) * max(0,-0.594-X1) - 3.64*max(0,X1-0.837) * max(0,X0-1.56) + 3.26*max(0,-1.04-X7) * max(0,-0.546-X4) - 2.72*max(0,-1.04-X7) * max(0,X0-0.976) + 2.43*max(0,X5-1.04) * max(0,X0-1.56) - 2.02*max(0,X1-0.360) * max(0,X0-1.56) - 1.98*max(0,0.837-X1) * max(0,X1-0.360) - 1.96*max(0,-1.04-X7) * max(0,-1.15-X8) + 1.95*max(0,X5-1.04) * max(0,X6-1.15) + 1.83*max(0,-1.04-X7) * max(0,X1-0.837) - 1.81*max(0,X7-0.802) * max(0,X0-0.976) - 1.66*max(0,X6-1.15) * max(0,-0.594-X1) - 1.58*max(0,-0.594-X1) + 1.55*max(0,X5-1.04) * max(0,X7-0.802) - 1.55*max(0,X5-1.04) * max(0,X4-0.747) + 1.53*max(0,X0+0.184) * max(0,X1-0.837) + 1.44*max(0,X7-0.341) * max(0,X0-0.976) - 1.44*max(0,-1.04-X7) * max(0,-0.115-X4) + 1.38*max(0,X6-1.15) + 1.32*max(0,X7-0.802) * max(0,X6-1.15) + 1.23*max(0,-1.15-X8) * max(0,-0.594-X1) - 1.19*max(0,X1+0.117) - 1.15*max(0,X7-0.802) * max(0,-0.594-X1) - 1.15*max(0,X0+0.184) + 1.14*max(0,X2-2.14) - 1.04*max(0,0.837-X1) * max(0,X5-1.52) - 1.02*max(0,0.837-X1) * max(0,X6-1.15) - 0.999*max(0,X6-1.15) * max(0,-0.546-X4) + 0.980*max(0,X0+0.184) * max(0,X0-0.976) + 0.896*max(0,X0-0.976) + 0.893*max(0,X5-1.04) * max(0,X1-0.837) - 0.856*max(0,X8-1.22) + 0.849*max(0,-1.15-X8) * max(0,X1-0.360) + 0.816*max(0,0.837-X1) * max(0,-1.15-X8) - 0.804*max(0,0.396-X0) * max(0,X5-1.52) + 0.798*max(0,-1.11-X9) - 0.733*max(0,-1.15-X8) * max(0,-0.184-X0) + 0.712*max(0,0.837-X1) * max(0,X7-0.802) + 0.690*max(0,-0.582-X7) + 0.653*max(0,X0+0.184) * max(0,X5-1.52) - 0.644*max(0,X6-1.15) * max(0,X0-1.56) + 0.641*max(0,X1-0.360) * max(0,X0+0.184) + 0.604*max(0,X4-1.18) - 0.594*max(0,-1.14-X6) + 0.576*max(0,X3-1.25) + 0.567*max(0,0.223-X2) - 0.548*max(0,X5-1.04) * max(0,X0+0.184) + 0.534*max(0,0.396-X0) * max(0,X0+0.184) + 0.517*max(0,X4+0.115) - 0.465*max(0,X7-0.341) - 0.463*max(0,-0.764-X0) - 0.460*max(0,-1.04-X7) * max(0,0.396-X0) + 0.456*max(0,-0.684-X6) - 0.439*max(0,X4-0.747) * max(0,-0.198-X8) - 0.422*max(0,X7-0.802) * max(0,X1-0.837) - 0.418*max(0,-0.115-X4) * max(0,-0.546-X4) - 0.418*max(0,X4-0.316) * max(0,X6-1.15) + 0.403*max(0,X4-0.316) * max(0,-1.15-X8) + 0.402*max(0,0.837-X1) - 0.386*max(0,-0.670-X9) + 0.384*max(0,X7-0.341) * max(0,X0+0.184) + 0.381*max(0,-1.07-X1) - 0.379*max(0,X4-0.316) * max(0,X1-0.360) - 0.369*max(0,-0.115-X4) * max(0,-1.15-X8) + 0.353*max(0,X7-0.802) + 0.353*max(0,-1.06-X3) - 0.344*max(0,0.837-X1) * max(0,X4-0.747) + 0.309*max(0,-0.198-X8) * max(0,X5-1.52) - 0.296*max(0,-0.121-X7) + 0.293*max(0,-0.115-X4) - 0.283*max(0,X7+0.121) - 0.268*max(0,0.837-X1) * max(0,-0.198-X8) + 0.262*max(0,X8-0.275) + 0.261*max(0,X4-0.316) * max(0,X0+0.184) + 0.260*max(0,X7-0.341) * max(0,-0.184-X0) + 0.233*max(0,X3+0.133) - 0.233*max(0,X3-0.790) + 0.223*max(0,-0.115-X4) * max(0,X0-0.976) + 0.216*max(0,X4-0.747) * max(0,X0+0.184) + 0.208*max(0,X7-0.341) * max(0,-0.198-X8) - 0.199*max(0,X6-0.231) - 0.189*max(0,-0.416-X2) + 0.179*max(0,X5-1.04) * max(0,-0.546-X4) - 0.176*max(0,X1+0.594) + 0.170*max(0,-0.224-X9) - 0.169*max(0,X7-0.802) * max(0,-0.546-X4) + 0.168*X3 - 0.150*max(0,X7-1.26) + 0.148*max(0,X5-1.04) * max(0,-1.15-X8) - 0.148*max(0,X5-1.04) * max(0,-0.594-X1) + 0.147*max(0,-0.672-X8) - 0.140*max(0,X7-0.341) * max(0,-0.594-X1) + 0.137*max(0,-1.04-X7) * max(0,-0.184-X0) + 0.134*max(0,X4-0.316) * max(0,-0.594-X1) - 0.130*max(0,0.231-X6) + 0.120*max(0,X4-0.747) * max(0,0.396-X0) - 0.111*max(0,X7-0.802) * max(0,X1-0.360) + 0.105*max(0,-0.198-X8) * max(0,-0.594-X1) + 0.103*max(0,X2-0.862) + 0.103*max(0,X0-0.976) * max(0,X1-0.837) - 0.0943*max(0,-0.184-X0) - 0.0854*max(0,X8+0.198) - 0.0820*max(0,X1-0.360) - 0.0780*max(0,0.0676-X5) - 0.0742*max(0,0.329-X3) + 0.0733*max(0,-0.594-X1) * max(0,-0.184-X0) + 0.0714*max(0,X6-1.15) * max(0,X1-0.360) + 0.0674*max(0,-0.115-X4) * max(0,0.396-X0) + 0.0657*max(0,-1.04-X7) + 0.0623*max(0,X9-0.667) - 0.0595*max(0,X5-0.0676) + 0.0584*max(0,X9-0.221) - 0.0509*max(0,-0.595-X3) + 0.0505*max(0,-0.546-X4) * max(0,-0.184-X0) - 0.0414*max(0,X4-0.316) * max(0,-0.198-X8) + 0.0413*max(0,0.837-X1) * max(0,-0.546-X4) + 0.0398*max(0,-0.546-X4) * max(0,-0.594-X1) + 0.0330*max(0,X4-0.316) * max(0,X7-0.341) + 0.0322*max(0,0.275-X8) + 0.0303*max(0,0.221-X9) - 0.0282*max(0,-0.198-X8) - 0.0208*max(0,-0.903-X5) + 0.0201*max(0,X7-0.341) * max(0,-0.546-X4) + 0.0190*max(0,-1.06-X2) - 0.0171*max(0,X4-0.316) * max(0,X0-0.976) + 0.0117*max(0,X4-0.316) * max(0,X7-0.802) - 0.00988*max(0,-0.198-X8) * max(0,-0.546-X4)"
ffx,607_fri_c4_1000_50,ok,-0.691579,1.609043,1398,38.86,,"0.698 + 57.3*max(0,X18-1.34) * max(0,X49-1.21) + 31.8*max(0,X27-1.31) * max(0,X25-1.21) + 21.3*max(0,X26-1.33) * max(0,X47-1.30) + 15.9*max(0,X27-1.31) * max(0,X26-1.33) + 14.7*max(0,X20-1.36) * max(0,X0-1.01) - 13.5*max(0,X16-1.34) * max(0,X20-1.36) - 12.9*max(0,X18-1.34) * max(0,X25-1.21) + 12.8*max(0,X16-1.34) * max(0,X0-1.01) + 12.8*max(0,X34-1.29) * max(0,X4-2.84) + 11.5*max(0,X42-1.15) * max(0,X18-1.34) - 8.71*max(0,X30-1.34) * max(0,X18-1.34) + 7.91*max(0,X34-1.29) * max(0,X20-1.36) + 7.61*max(0,X20-1.36) * max(0,X1-1.21) + 7.00*max(0,X25-1.21) * max(0,X16-1.34) + 6.91*max(0,X34-1.29) * max(0,X1-1.21) - 6.43*max(0,X26-1.33) * max(0,X20-1.36) + 5.80*max(0,X27-1.31) * max(0,X1-1.21) + 5.25*max(0,X30-1.34) * max(0,X26-1.33) - 5.07*max(0,X12-1.38) * max(0,-0.477-X3) + 4.31*max(0,X12-1.38) * max(0,X16-1.34) + 3.73*max(0,X27-1.31) * max(0,X0-1.01) - 3.64*max(0,X34-1.29) * max(0,X49-1.21) + 3.53*max(0,X0+0.212) * max(0,-0.634-X1) + 3.25*max(0,X4-2.84) * max(0,X19-1.24) - 3.09*max(0,X30-1.34) * max(0,X0-1.63) - 3.06*max(0,X27-1.31) * max(0,X16-1.34) + 2.92*max(0,X42-1.15) * max(0,X20-1.36) + 2.90*max(0,X36-1.25) * max(0,X1-1.21) + 2.90*max(0,X42-1.15) * max(0,X27-1.31) + 2.40*max(0,X0+0.212) * max(0,X1-0.749) - 2.19*max(0,X34-1.29) * max(0,X42-1.15) - 1.92*max(0,X12-1.38) * max(0,-0.634-X1) - 1.71*max(0,X1+0.173) - 1.57*max(0,X42-1.15) * max(0,X19-1.24) + 1.53*max(0,X25-1.21) * max(0,X20-1.36) - 1.48*max(0,X30-1.34) * max(0,X47-1.30) - 1.31*max(0,-0.477-X3) * max(0,X27-1.31) + 1.19*max(0,X42-1.15) * max(0,X47-1.30) + 1.05*max(0,-0.634-X1) * max(0,X18-1.34) + 1.01*max(0,X0-1.01) + 0.987*max(0,X2-1.67) - 0.917*max(0,X20-1.36) + 0.854*max(0,X26-1.33) * max(0,X49-1.21) + 0.808*max(0,X49-1.21) - 0.760*max(0,X16-1.34) * max(0,X1-0.749) - 0.751*max(0,-0.925-X3) - 0.705*max(0,X1+0.634) * max(0,X20-1.36) - 0.637*max(0,X42-1.15) * max(0,-0.477-X3) - 0.628*max(0,X25-1.21) * max(0,X47-1.30) + 0.627*max(0,X33-1.29) - 0.600*max(0,X0+0.212) - 0.576*max(0,-0.634-X1) + 0.574*max(0,X0+0.212) * max(0,X26-1.33) - 0.562*max(0,X9-1.23) - 0.528*max(0,X26-1.33) * max(0,-0.634-X1) - 0.505*max(0,X19-1.24) * max(0,X0-1.63) - 0.501*max(0,-0.634-X1) * max(0,X25-1.21) + 0.479*max(0,X45-1.27) - 0.451*max(0,-0.634-X1) * max(0,X16-1.34) - 0.419*max(0,-0.477-X3) * max(0,X30-1.34) + 0.408*max(0,-0.477-X3) * max(0,X1-1.21) + 0.402*max(0,-0.792-X2) - 0.395*max(0,-0.477-X3) * max(0,X0+0.212) + 0.374*max(0,X31-1.37) + 0.364*max(0,X38-1.25) - 0.362*max(0,X1+0.634) * max(0,X42-1.15) + 0.358*max(0,X18-1.34) * max(0,X0-1.01) + 0.347*max(0,X3+0.0299) - 0.342*max(0,-0.964-X33) + 0.317*max(0,X42-1.15) * max(0,X0-1.63) - 0.313*abs(X0) - 0.312*max(0,X0+0.212) * max(0,X30-1.34) + 0.312*max(0,X1+0.173) * max(0,X47-1.30) + 0.292*max(0,X18-1.34) - 0.280*max(0,X16-1.34) * max(0,X47-1.30) - 0.275*max(0,X15-1.22) + 0.267*max(0,-0.477-X3) * max(0,X19-1.24) + 0.266*max(0,-0.903-X23) + 0.263*max(0,X6-1.15) + 0.252*max(0,X29-1.21) + 0.209*max(0,X7-1.24) - 0.208*max(0,X34-1.29) * max(0,X0+0.212) - 0.200*max(0,-1.04-X7) + 0.199*max(0,-0.957-X16) + 0.190*abs(X2) + 0.188*max(0,-1.07-X19) - 0.186*max(0,X34-1.29) * max(0,X19-1.24) + 0.182*max(0,-1.05-X43) + 0.177*max(0,-1.03-X31) + 0.177*max(0,X11-0.862) + 0.170*max(0,-1.02-X35) - 0.167*max(0,X1+0.634) * max(0,X19-1.24) + 0.164*max(0,X0+0.212) * max(0,X18-1.34) - 0.162*max(0,-0.902-X47) - 0.150*max(0,X32-1.20) - 0.146*max(0,X7+0.129) - 0.130*max(0,X39-0.690) + 0.120*max(0,X20+0.474) - 0.112*max(0,-0.951-X14) + 0.110*max(0,X4-0.796) - 0.109*max(0,X21-1.34) - 0.109*max(0,-0.998-X42) - 0.105*max(0,-0.477-X3) * max(0,-0.634-X1) + 0.104*max(0,X35-0.922) + 0.0963*max(0,-1.29-X24) + 0.0873*max(0,-0.649-X8) + 0.0815*max(0,X29-0.291) + 0.0785*abs(X40) + 0.0759*abs(X10) - 0.0742*max(0,-0.431-X12) - 0.0711*max(0,X21+0.569) - 0.0668*max(0,X30-1.34) * max(0,X36-1.25) - 0.0630*max(0,-1.01-X46) - 0.0608*max(0,-1.01-X48) - 0.0580*max(0,X47+0.461) - 0.0474*max(0,-0.962-X37) - 0.0446*max(0,X47-1.30) * max(0,X0-1.63) + 0.0446*max(0,X42+0.568) - 0.0411*max(0,X24-0.691) + 0.0383*max(0,X47-1.30) - 0.0380*max(0,X41-0.489) + 0.0378*X6**2 - 0.0358*max(0,1.34-X30) - 0.0303*abs(X21) + 0.0244*max(0,X26-0.398) + 0.0232*max(0,-0.705-X13) - 0.0229*max(0,0.314-X19) + 0.0208*max(0,0.365-X34) + 0.0152*max(0,X22+0.0833) - 0.0137*max(0,0.380-X5) - 0.0117*max(0,X28-0.697) - 0.0109*max(0,X43+0.590) + 0.0102*abs(X26) - 0.00951*max(0,X39+0.645) - 0.00677*max(0,X25-1.21) + 0.00530*max(0,X33+0.0625) - 0.00351*abs(X49) + 0.00217*max(0,-0.0457-X40)"
ffx,608_fri_c3_1000_10,ok,0.39129,0.747153,1642,19.22,,"-0.270 + 1.83e4*max(0,-0.839-X2) * max(0,X0-1.53) + 95.1*max(0,-1.07-X3) * max(0,X6-1.31) - 49.9*max(0,X7-0.787) * max(0,X0-1.53) - 27.5*max(0,0.323-X0) * max(0,X1-1.18) + 20.1*max(0,-0.839-X2) * max(0,X6-1.31) + 19.9*max(0,X6-1.31) * max(0,X7-1.25) + 19.1*max(0,X6-0.843) * max(0,X0-1.53) + 14.8*max(0,-0.253-X1) * max(0,X0-0.323) - 11.9*max(0,X1-1.18) * max(0,X0-1.53) - 10.5*max(0,-0.613-X3) * max(0,X0-1.53) - 9.33*max(0,-0.613-X3) * max(0,X6-1.31) + 7.33*max(0,-1.07-X3) * max(0,X0-0.927) - 7.16*max(0,X6-0.843) * max(0,-0.839-X2) + 5.33*max(0,X6-0.843) * max(0,-1.07-X3) - 5.06*max(0,X6-1.31) * max(0,X7-0.787) + 4.00*max(0,X0-0.323) * max(0,X1-0.705) - 3.96*max(0,-0.602-X7) * max(0,X6-1.31) - 3.66*max(0,X6-0.843) * max(0,X1-1.18) - 3.35*max(0,X2-2.45) * max(0,X4-3.06) + 3.22*max(0,-0.839-X2) * max(0,X1-0.705) + 2.73*max(0,X0-0.323) * max(0,X6-1.31) - 2.54*max(0,X0-0.927) * max(0,X1-1.18) + 2.53*max(0,-1.07-X3) * max(0,-0.732-X1) - 2.44*max(0,X6-1.31) * max(0,X1-0.705) - 2.15*max(0,X7-1.25) * max(0,X0-0.927) - 2.10*max(0,X6-0.843) * max(0,X7-1.25) + 2.06*max(0,X4-3.06) * max(0,X0-1.53) - 2.05*max(0,-0.732-X1) - 2.02*max(0,X0-0.323) * max(0,X7-1.25) - 2.00*max(0,0.323-X0) * max(0,X1-0.705) + 1.96*max(0,-0.839-X2) - 1.95*max(0,X0-1.53) + 1.77*max(0,X6-0.843) * max(0,X6-1.31) - 1.70*max(0,0.323-X0) * max(0,-1.07-X3) + 1.70*max(0,-0.732-X1) * max(0,-0.282-X0) - 1.64*max(0,-0.839-X2) * max(0,X7-1.25) + 1.64*max(0,X6-1.31) * max(0,-0.732-X1) - 1.58*max(0,X2-1.79) * max(0,X0-1.53) - 1.51*max(0,X6-1.31) * max(0,-0.282-X0) + 1.49*max(0,X7-0.787) * max(0,X2-1.79) - 1.45*max(0,-1.07-X3) * max(0,X0-1.53) + 1.38*max(0,-1.07-X3) * max(0,-0.602-X7) - 1.37*max(0,-0.613-X3) * max(0,-0.839-X2) + 1.25*max(0,X0-0.323) * max(0,X7-0.787) - 1.20*max(0,-0.613-X3) * max(0,X0-0.323) - 1.16*max(0,-1.07-X3) * max(0,-0.282-X0) - 1.14*max(0,X1-0.705) * max(0,X7-1.25) + 1.13*max(0,X1-0.705) * max(0,X1-1.18) - 1.09*max(0,-0.253-X1) * max(0,0.323-X0) + 1.09*max(0,X0-0.323) * max(0,X0-0.927) + 1.03*max(0,-0.602-X7) * max(0,-0.282-X0) - 0.962*max(0,-0.886-X0) + 0.918*max(0,-0.613-X3) * max(0,0.323-X0) + 0.885*max(0,X6-0.843) * max(0,-0.602-X7) + 0.821*max(0,-0.839-X2) * max(0,-0.602-X7) - 0.769*max(0,X0+0.282) - 0.756*max(0,X7-1.25) * max(0,X1-1.18) + 0.749*max(0,X1-0.705) - 0.745*max(0,-0.602-X7) * max(0,X0-1.53) - 0.711*max(0,X1+0.253) + 0.708*max(0,X6-0.843) * max(0,X1-0.705) + 0.704*max(0,-0.613-X3) * max(0,X0-0.927) - 0.696*max(0,X1-1.18) - 0.691*max(0,X6-0.843) * max(0,X0-0.323) - 0.683*max(0,-0.839-X2) * max(0,-0.282-X0) - 0.644*max(0,-0.613-X3) * max(0,-0.602-X7) + 0.643*max(0,X4-1.62) + 0.633*max(0,-0.685-X9) - 0.625*max(0,-0.839-X2) * max(0,-0.732-X1) - 0.599*max(0,0.323-X0) * max(0,-0.602-X7) - 0.589*max(0,-0.613-X3) * max(0,X7-0.787) + 0.554*max(0,X6-0.843) * max(0,-0.282-X0) + 0.543*max(0,X7-0.787) - 0.538*max(0,X9-0.692) - 0.535*max(0,X6-1.31) - 0.509*max(0,X7-0.787) * max(0,X7-1.25) + 0.506*max(0,0.705-X1) - 0.495*max(0,-0.602-X7) * max(0,X1-1.18) - 0.478*max(0,X8-0.920) - 0.446*max(0,-0.139-X7) * max(0,X0-1.53) - 0.444*max(0,X6-0.843) * max(0,-0.253-X1) + 0.435*max(0,0.323-X0) + 0.390*max(0,-0.253-X1) - 0.383*max(0,-1.03-X6) - 0.375*max(0,0.902-X4) + 0.371*max(0,X8-1.36) + 0.368*max(0,-1.49-X0) - 0.359*max(0,0.323-X0) * max(0,X7-1.25) + 0.353*max(0,0.476-X2) + 0.340*max(0,-1.12-X5) - 0.336*max(0,X6-0.843) - 0.308*max(0,-0.226-X9) + 0.289*max(0,X5-0.787) + 0.278*max(0,X8-0.479) + 0.277*max(0,-0.253-X1) * max(0,X7-0.787) + 0.271*max(0,X9-0.233) + 0.270*max(0,0.226-X1) + 0.263*max(0,-0.602-X7) * max(0,X2-1.79) + 0.261*max(0,-0.0930-X6) + 0.243*max(0,X3-0.745) - 0.234*max(0,-0.613-X3) * max(0,-0.253-X1) - 0.218*max(0,X6-0.843) * max(0,X0-0.927) - 0.218*max(0,X9-1.15) + 0.203*max(0,X6+0.0930) - 0.196*max(0,0.292-X3) - 0.179*max(0,-0.253-X1) * max(0,-0.602-X7) + 0.172*max(0,X3+0.160) - 0.171*max(0,-0.644-X5) + 0.152*max(0,X3-1.20) + 0.146*max(0,X7-1.25) - 0.145*max(0,X0-0.323) - 0.136*max(0,-0.538-X4) - 0.133*max(0,-1.14-X9) - 0.117*max(0,-0.839-X2) * max(0,X0-0.323) - 0.116*max(0,X5+0.167) + 0.108*max(0,0.479-X8) - 0.107*max(0,-0.613-X3) + 0.104*max(0,X1-0.705) * max(0,X2-1.79) - 0.103*max(0,X6-0.843) * max(0,-0.613-X3) - 0.102*max(0,-1.07-X3) - 0.102*max(0,-1.07-X7) - 0.0987*max(0,-0.561-X6) - 0.0985*max(0,0.182-X4) - 0.0970*max(0,-0.282-X0) * max(0,X7-1.25) - 0.0909*max(0,X4-2.34) - 0.0891*max(0,X7+0.602) + 0.0886*max(0,X2-1.79) + 0.0811*max(0,-0.139-X7) + 0.0773*max(0,0.927-X0) + 0.0754*X2**2 - 0.0752*max(0,X6-0.843) * max(0,X7-0.787) + 0.0677*max(0,X0-0.927) - 0.0670*max(0,-0.404-X8) - 0.0603*X0 - 0.0550*max(0,-0.845-X8) - 0.0470*max(0,-0.613-X3) * max(0,X1-0.705) - 0.0464*max(0,-1.21-X1) - 0.0425*max(0,0.323-X0) * max(0,X6-1.31) + 0.0303*max(0,X7-0.787) * max(0,-0.282-X0) - 0.0279*max(0,X7-0.324) + 0.0198*max(0,-0.602-X7) * max(0,X0-0.927) + 0.0172*max(0,X5-1.26) + 0.00113*max(0,0.323-X0) * max(0,-0.282-X0)"
ffx,609_fri_c0_1000_5,ok,-0.228717,1.09405,1928,14.02,,"-0.109 + 44.5*max(0,X4-1.63) * max(0,-1.00-X1) - 34.5*max(0,X4-1.63) * max(0,-0.571-X1) + 29.3*max(0,X2-1.22) * max(0,X1-1.15) - 20.2*max(0,X4-1.63) * max(0,X1-1.15) - 19.3*max(0,X4-1.63) * max(0,X2-0.293) - 14.8*max(0,X1-0.719) * max(0,X2-1.22) + 12.9*max(0,X4-1.63) * max(0,X1-0.719) + 11.6*max(0,-0.697-X4) * max(0,X1-1.15) + 10.5*max(0,-0.697-X4) * max(0,-1.00-X1) + 10.3*max(0,X4-1.63) * max(0,-0.371-X3) + 9.85*max(0,X0-0.768) * max(0,X1-1.15) - 9.01*max(0,-0.371-X3) * max(0,X1-1.15) - 8.62*max(0,X2-0.293) * max(0,X1-1.15) + 8.19*max(0,X1-1.15) + 8.16*max(0,X2-1.22) + 7.95*max(0,X4-1.63) * max(0,-0.141-X1) + 7.52*max(0,X3-1.03) * max(0,X2-1.22) - 7.46*max(0,-0.697-X4) * max(0,X1-0.719) - 7.33*max(0,X1-0.719) * max(0,X0-0.768) - 6.83*max(0,-1.00-X1) * max(0,-0.231-X4) + 6.59*max(0,-1.00-X1) * max(0,-0.371-X3) - 5.97*max(0,X1-0.719) * max(0,X1-1.15) - 5.83*max(0,X2-1.22) * max(0,-0.571-X1) - 5.70*max(0,-0.169-X2) * max(0,X0-0.768) + 5.52*abs(X2) * max(0,X0-0.768) - 5.42*max(0,X2-0.293) * max(0,X0-0.768) - 5.30*max(0,-0.371-X3) * max(0,X2-1.22) + 5.08*max(0,X4-1.63) * abs(X2) - 4.87*max(0,X4-1.63) * max(0,X0-0.768) + 4.84*max(0,-0.697-X4) * max(0,X3-1.03) - 4.81*max(0,X2-0.293) * max(0,X2-1.22) - 4.42*max(0,-0.371-X3) * max(0,-0.571-X1) + 4.25*max(0,-1.00-X1) * max(0,X2-1.22) + 4.22*max(0,-1.00-X1) * max(0,X0-0.768) + 3.80*max(0,-0.144-X0) * max(0,-0.571-X1) + 3.55*max(0,X1-0.719) * max(0,-0.371-X3) + 3.51*max(0,X0-1.22) - 3.49*max(0,X3-1.03) * max(0,X1-1.15) + 3.45*max(0,-0.697-X4) * max(0,-0.571-X1) - 3.33*max(0,-0.697-X4) * max(0,-0.141-X1) - 3.32*max(0,-0.144-X0) * max(0,X2-1.22) - 3.13*max(0,X0-0.768) - 3.06*max(0,-0.697-X4) * max(0,X2-0.293) + 3.04*max(0,X2-0.293) * max(0,-0.231-X4) - 3.03*max(0,-0.144-X0) * max(0,X4-1.63) - 3.03*max(0,X4-1.63) * max(0,-0.169-X2) + 2.98*max(0,X2-0.293) * max(0,X1-0.719) - 2.86*abs(X2) * max(0,-1.00-X1) + 2.84*max(0,-0.697-X4) * max(0,X2-1.22) - 2.61*max(0,-1.00-X1) - 2.47*max(0,X3-1.03) * max(0,X2-0.293) + 2.47*max(0,X3-1.50) - 2.40*max(0,-0.169-X2) * max(0,X1-1.15) - 2.38*max(0,X3-1.03) * max(0,-0.231-X4) - 2.35*max(0,X3-1.03) * max(0,-1.00-X1) + 2.23*max(0,X2-0.293) * max(0,-1.00-X1) - 2.20*max(0,X0-0.768) * max(0,-0.571-X1) - 2.05*max(0,-0.697-X4) * max(0,-0.144-X0) - 1.98*max(0,-0.144-X0) * max(0,-0.141-X1) - 1.90*max(0,-0.144-X0) * max(0,X1-1.15) + 1.89*abs(X2) * max(0,-0.571-X1) + 1.88*max(0,X2-0.293) * max(0,-0.371-X3) + 1.87*max(0,X3-0.566) + 1.86*abs(X2) * max(0,X1-1.15) - 1.79*max(0,-0.631-X2) - 1.79*max(0,X2-1.22) * max(0,-0.141-X1) + 1.76*max(0,X3-1.03) * max(0,X1-0.719) + 1.71*max(0,-0.840-X3) * max(0,X1-1.15) + 1.65*max(0,X4+0.231) - 1.62*abs(X2) * max(0,-0.371-X3) - 1.62*max(0,X2-1.22) * max(0,X0-0.768) + 1.59*max(0,-0.144-X0) * max(0,X1-0.719) + 1.58*max(0,X1-0.719) * max(0,-0.231-X4) - 1.56*max(0,X3-1.03) * max(0,-0.169-X2) - 1.52*abs(X2) * max(0,-0.231-X4) - 1.44*max(0,-1.00-X1) * max(0,-0.571-X1) - 1.42*max(0,X1-0.719) - 1.41*max(0,X3+0.371) + 1.34*max(0,-0.141-X1) * max(0,-0.231-X4) - 1.33*max(0,X1-0.289) - 1.24*max(0,X3-0.0977) + 1.22*max(0,-0.697-X4) + 1.16*max(0,-0.169-X2) * max(0,X1-0.719) + 1.13*max(0,X2+0.169) - 1.12*abs(X4) - 1.11*max(0,-0.697-X4) * max(0,-0.371-X3) + 1.08*max(0,-0.169-X2) * max(0,-0.371-X3) - 1.04*max(0,X2-1.22) * max(0,-0.231-X4) - 0.984*max(0,X4-1.63) + 0.968*max(0,-0.840-X3) + 0.948*max(0,X3-1.03) * max(0,-0.141-X1) + 0.942*abs(X2) * max(0,-0.169-X2) + 0.934*max(0,-0.169-X2) * max(0,-0.231-X4) + 0.902*max(0,-0.697-X4) * abs(X2) - 0.872*max(0,1.03-X3) + 0.860*abs(X3) + 0.842*X3 + 0.842*max(0,-0.840-X3) * max(0,-0.571-X1) + 0.831*max(0,-0.840-X3) * max(0,-0.231-X4) + 0.829*max(0,X0-0.312) + 0.827*max(0,X2-0.754) + 0.783*max(0,X3-1.03) * max(0,-0.144-X0) + 0.759*max(0,-0.144-X0) * max(0,-0.231-X4) - 0.749*abs(X2) + 0.727*abs(X1) - 0.727*abs(X2) * max(0,X2-1.22) + 0.714*max(0,X4-1.17) + 0.699*max(0,-1.00-X1) * max(0,-0.141-X1) + 0.632*max(0,-0.141-X1) * max(0,-0.571-X1) + 0.629*max(0,0.700-X4) + 0.619*max(0,X0-0.768) * max(0,-0.231-X4) + 0.616*max(0,0.312-X0) + 0.577*max(0,-0.371-X3) - 0.571*max(0,0.289-X1) + 0.566*max(0,-0.144-X0) * max(0,-1.00-X1) + 0.563*max(0,X3-1.03) * abs(X2) + 0.544*max(0,X1+1.00) + 0.534*max(0,-0.144-X0) * max(0,X2-0.293) + 0.522*max(0,X0-0.768) * max(0,-0.141-X1) + 0.518*max(0,-0.371-X3) * max(0,-0.141-X1) + 0.497*max(0,-0.371-X3) * max(0,-0.231-X4) + 0.480*max(0,0.754-X2) + 0.437*max(0,0.234-X4) - 0.425*max(0,X2-0.293) * max(0,-0.571-X1) + 0.416*X0 - 0.412*max(0,-0.571-X1) - 0.410*max(0,-0.169-X2) * max(0,-0.141-X1) - 0.409*max(0,X2+0.631) + 0.374*max(0,-0.169-X2) * max(0,-0.571-X1) - 0.362*max(0,-0.697-X4) * max(0,X0-0.768) + 0.362*max(0,X4-0.234) + 0.359*max(0,-0.169-X2) - 0.356*max(0,0.0977-X3) - 0.354*max(0,-0.144-X0) + 0.337*max(0,0.719-X1) - 0.333*X4**2 + 0.329*max(0,X1+0.141) - 0.322*X0**2 - 0.307*max(0,-0.141-X1) - 0.288*max(0,X0+0.600) - 0.287*max(0,-0.600-X0) - 0.286*X3**2 - 0.282*max(0,X3-1.03) * max(0,X0-0.768) - 0.280*max(0,X3-1.03) + 0.274*max(0,-1.09-X2) + 0.238*max(0,-0.571-X1) * max(0,-0.231-X4) - 0.234*max(0,-0.144-X0) * max(0,-0.169-X2) - 0.231*X2 - 0.230*max(0,0.768-X0) - 0.230*max(0,-0.231-X4) * max(0,X1-1.15) + 0.227*X2**2 - 0.219*X1**2 - 0.206*abs(X2) * max(0,-0.141-X1) - 0.199*max(0,0.293-X2) - 0.168*max(0,-0.231-X4) + 0.163*max(0,X0+1.06) - 0.157*X1 + 0.134*max(0,X2-0.293) - 0.130*max(0,X4-0.700) + 0.124*max(0,-0.144-X0) * max(0,-0.371-X3) + 0.123*max(0,-1.06-X0) - 0.121*max(0,X3-1.03) * max(0,-0.571-X1) - 0.121*abs(X2) * max(0,X1-0.719) - 0.119*max(0,-0.144-X0) * abs(X2) + 0.118*max(0,X2+1.09) - 0.0937*max(0,-0.169-X2) * max(0,-1.00-X1) + 0.0835*max(0,X0+0.144) - 0.0792*max(0,-0.697-X4) * max(0,-0.169-X2) + 0.0743*max(0,X3-1.03) * max(0,X4-1.63) - 0.0700*max(0,1.63-X4) - 0.0693*max(0,-0.697-X4) * max(0,-0.231-X4) + 0.0676*max(0,-0.371-X3) * max(0,X0-0.768) + 0.0641*max(0,1.22-X2) - 0.0536*max(0,X2-0.293) * max(0,-0.141-X1) + 0.0506*max(0,0.566-X3) - 0.0493*X4 + 0.0172*max(0,1.17-X4) - 0.00864*max(0,X1+0.571) + 0.00543*abs(X2) * max(0,X2-0.293)"
ffx,611_fri_c3_100_5,ok,0.852499,0.406473,862,11.38,,"0.271 - 527*max(0,0.0802-X1) * max(0,X0-0.767) - 12.5*max(0,0.151-X0) * max(0,X1-0.531) + 4.43*max(0,-0.167-X2) * max(0,X0-1.38) - 3.56*max(0,X4-0.233) * max(0,0.151-X0) + 3.11*max(0,0.233-X4) * max(0,X0-1.38) - 2.77*max(0,-0.465-X0) - 2.18*max(0,0.0802-X1) * max(0,X4-0.233) - 2.10*max(0,X0-0.151) * max(0,-0.167-X2) + 2.00*max(0,X0-0.151) * max(0,X1-0.531) + 1.90*max(0,X4-2.53) * max(0,X0-1.38) + 1.46*max(0,0.0802-X1) + 1.36*max(0,-0.167-X2) * max(0,X1-0.531) + 1.23*max(0,-0.644-X3) * abs(X4) + 1.22*max(0,-1.08-X0) + 1.08*max(0,-0.644-X3) * max(0,X0-0.151) - 1.01*max(0,-0.644-X3) * max(0,X1-0.531) + 0.982*max(0,-0.465-X0) * abs(X4) - 0.977*max(0,X3-0.312) * max(0,X0-1.38) + 0.956*max(0,-0.167-X2) + 0.921*max(0,X1-0.981) + 0.920*max(0,0.807-X4) * max(0,X1-0.531) + 0.916*max(0,-1.27-X1) + 0.907*max(0,X4-2.53) * max(0,X1-0.531) + 0.869*max(0,0.151-X0) - 0.838*max(0,-1.12-X3) - 0.830*max(0,-0.821-X1) + 0.824*max(0,X3-0.312) * max(0,-0.465-X0) + 0.755*max(0,X4-1.38) - 0.749*max(0,X0+0.465) - 0.747*max(0,X1+0.370) - 0.726*max(0,X3-0.312) * max(0,0.151-X0) + 0.657*max(0,X3-0.312) * max(0,X0-0.767) - 0.646*max(0,-0.644-X3) * max(0,-0.167-X2) + 0.621*max(0,X3+0.644) - 0.517*max(0,0.0802-X1) * abs(X4) + 0.512*max(0,X4-2.53) * max(0,X0-0.767) - 0.511*abs(X1) * max(0,0.233-X4) - 0.487*max(0,1.96-X4) + 0.463*abs(X0) - 0.454*max(0,-0.644-X3) * max(0,-0.465-X0) + 0.448*max(0,X3-1.27) + 0.445*max(0,X3-0.791) - 0.427*max(0,X3-0.312) * max(0,X4-1.38) - 0.424*max(0,-0.341-X4) - 0.411*max(0,0.0802-X1) * max(0,0.151-X0) - 0.408*max(0,X4-1.38) * max(0,X0-1.38) + 0.400*max(0,0.807-X4) * max(0,X0-0.767) - 0.380*max(0,-0.713-X2) + 0.365*max(0,-0.644-X3) * max(0,0.807-X4) - 0.357*abs(X4) * max(0,X0-1.38) + 0.348*abs(X1) * max(0,X0-0.151) - 0.333*abs(X3) - 0.321*abs(X1) * max(0,-0.167-X2) - 0.307*max(0,X0-1.38) - 0.305*max(0,0.0802-X1) * max(0,X0-0.151) - 0.277*max(0,X4-0.233) * max(0,X0-1.38) - 0.260*abs(X1) * abs(X4) - 0.256*max(0,X4-1.96) - 0.229*max(0,-0.166-X3) - 0.226*X2 + 0.222*abs(X2) - 0.220*max(0,X3-0.312) * max(0,X1-0.531) + 0.216*max(0,-0.465-X0) * max(0,0.233-X4) + 0.150*abs(X4) + 0.150*max(0,X0-0.151) * max(0,X4-2.53) - 0.146*max(0,X3-0.312) * max(0,-0.167-X2) + 0.123*max(0,0.531-X1) + 0.121*max(0,X4-0.807) - 0.100*max(0,-1.70-X0) + 0.0961*max(0,X4-1.38) * max(0,X4-2.53) + 0.0860*max(0,X3-0.312) * max(0,X4-2.53) - 0.0804*max(0,X2-2.01) - 0.0678*max(0,X3-0.312) * abs(X4) - 0.0676*max(0,X1-0.531) * max(0,X0-1.38) + 0.0655*max(0,0.378-X2) + 0.0550*max(0,0.807-X4) * max(0,X0-1.38) + 0.0529*max(0,X0-0.151) * max(0,0.233-X4) - 0.0304*max(0,X3-0.312) * max(0,0.233-X4) + 0.0299*max(0,X3+0.166) - 0.0211*abs(X1) * max(0,X3-0.312) - 0.0182*max(0,0.151-X0) * max(0,-0.167-X2) - 0.0148*max(0,X2-0.378) + 0.0102*max(0,-0.644-X3) * max(0,0.233-X4) - 0.00654*max(0,X0-0.767) * max(0,X1-0.531) + 0.00541*max(0,0.233-X4) + 0.00405*X0**2 + 0.00377*abs(X1)"
ffx,612_fri_c1_1000_5,ok,0.765906,0.489414,1928,16.65,,"1.29 + 86.8*max(0,-0.498-X2) * max(0,X0-1.01) + 35.4*max(0,X1-1.23) * max(0,X4-1.20) - 31.8*max(0,X4-1.20) * max(0,X0-1.01) + 27.0*max(0,X4-1.20) * max(0,X1-0.785) - 24.0*max(0,-0.0467-X2) * max(0,X0-1.01) + 11.1*max(0,X0-0.456) * max(0,X4-1.20) + 10.3*max(0,X1-1.23) * max(0,-0.0467-X2) - 10.2*max(0,X1-1.23) * max(0,X1-0.785) - 9.32*max(0,X1-1.23) * max(0,X0-1.01) - 9.02*max(0,X1-0.341) * max(0,X4-1.20) + 7.16*max(0,X4-0.727) * max(0,X0-1.01) + 5.89*max(0,X1-1.23) + 5.49*max(0,X0-0.456) * max(0,X1-0.785) - 4.53*max(0,X0-0.456) * max(0,-0.498-X2) - 4.49*max(0,X3-0.356) * max(0,X0-1.01) - 4.27*max(0,-0.498-X2) * max(0,X4-1.20) + 3.80*max(0,X1-0.785) * max(0,X0-1.01) + 3.69*max(0,X4-0.727) * max(0,-0.498-X2) - 3.64*max(0,-0.498-X2) * max(0,X1-0.785) - 3.45*max(0,X4-0.727) * max(0,X1-0.785) - 3.45*max(0,X3-0.356) * max(0,X1-0.785) + 3.42*max(0,X3-0.783) - 3.13*max(0,X4-0.727) * max(0,X1-1.23) - 3.13*max(0,X0-0.456) * max(0,X4-0.727) - 3.08*max(0,-0.0706-X3) * max(0,X1-1.23) + 2.92*X3 * max(0,X4-1.20) - 2.89*max(0,X0-1.56) + 2.77*abs(X3) * max(0,X1-0.785) - 2.72*max(0,X3-0.356) * max(0,X4-1.20) + 2.65*max(0,X3-0.356) * max(0,-0.0467-X2) + 2.57*max(0,-0.924-X3) + 2.57*max(0,X4-1.20) * max(0,-0.0467-X2) + 2.55*max(0,-0.0706-X3) * max(0,X4-1.20) + 2.51*max(0,X3-1.21) + 2.51*max(0,X1-1.23) * max(0,X2+0.0467) + 2.50*max(0,X0-0.456) * max(0,X3-0.356) - 2.49*max(0,X4-0.727) * max(0,-0.0467-X2) + 2.24*max(0,X0-0.456) * max(0,X1-1.23) - 2.22*max(0,X0-0.456) * abs(X2) - 2.21*max(0,-0.548-X1) + 2.11*max(0,X1+0.104) * max(0,-0.498-X2) + 2.10*max(0,-0.0467-X2) * max(0,X1-0.785) - 2.10*max(0,-0.498-X2) * max(0,X1-1.23) + 2.04*X3 * max(0,X0-1.01) - 2.00*max(0,X1+0.104) - 1.98*X3**2 + 1.95*max(0,X4-1.20) + 1.94*max(0,-0.497-X3) - 1.88*max(0,X4-0.727) * max(0,X4-1.20) + 1.81*abs(X2) * max(0,X0-1.01) - 1.72*max(0,X0-0.456) * max(0,X1+0.104) - 1.64*max(0,-0.104-X1) * max(0,-0.0467-X2) - 1.63*max(0,X3-0.356) * max(0,X4-0.727) - 1.52*max(0,X3-0.356) * max(0,-0.498-X2) + 1.46*max(0,-0.0706-X3) * max(0,X0-1.01) - 1.39*max(0,-0.104-X1) - 1.39*max(0,-0.0940-X0) + 1.30*abs(X3) + 1.26*max(0,0.456-X0) + 1.25*max(0,X2+0.0467) * max(0,X1-0.785) + 1.23*max(0,X1+0.104) * max(0,X2+0.0467) - 1.21*max(0,-0.949-X2) + 1.21*max(0,X0-1.01) + 1.17*max(0,-0.104-X1) * abs(X2) - 1.16*max(0,-1.19-X0) - 1.14*max(0,-0.104-X1) * max(0,X2+0.0467) - 1.10*max(0,X1-0.341) * abs(X2) - 1.06*max(0,X1-0.341) - 1.06*abs(X2) * max(0,X1-0.785) + 1.05*max(0,X4-0.727) * max(0,X1+0.104) + 1.05*max(0,X4-0.257) - 0.992*max(0,-0.0467-X2) - 0.948*abs(X3) * max(0,-0.0467-X2) - 0.944*max(0,X0-0.456) * abs(X3) + 0.890*X1**2 - 0.888*max(0,X1-0.341) * max(0,X1-0.785) - 0.882*max(0,X1+0.104) * max(0,X0-1.01) + 0.869*max(0,-0.0706-X3) * abs(X2) + 0.867*max(0,X0-0.456) + 0.865*max(0,X1-0.341) * max(0,-0.0467-X2) + 0.855*max(0,X1+0.104) * max(0,X1-1.23) - 0.802*max(0,X1-0.341) * max(0,-0.498-X2) - 0.798*max(0,X1+0.104) * abs(X2) - 0.789*max(0,-0.498-X2) + 0.762*max(0,X1-1.23) * abs(X2) + 0.747*max(0,-0.498-X2) * max(0,-0.104-X1) + 0.736*max(0,X1-0.341) * max(0,X2+0.0467) - 0.712*max(0,X0-0.456) * X3 - 0.696*max(0,X1-0.341) * max(0,X1-1.23) - 0.689*X3 * max(0,-0.0467-X2) - 0.687*max(0,X0+0.0940) - 0.655*max(0,-0.0706-X3) * max(0,-0.498-X2) + 0.643*X2**2 + 0.641*abs(X1) - 0.629*abs(X3) * max(0,X1-1.23) - 0.604*max(0,X3-0.356) * abs(X3) + 0.598*max(0,-0.213-X4) + 0.595*max(0,-0.683-X4) + 0.590*X3 + 0.580*max(0,X4-1.20) * max(0,X2+0.0467) - 0.578*max(0,X1-0.785) - 0.576*max(0,0.783-X3) - 0.555*max(0,-0.0706-X3) * max(0,X1+0.104) + 0.550*X3 * max(0,X1-0.785) + 0.548*X0 + 0.538*X3 * max(0,X4-0.727) + 0.509*X0**2 - 0.505*max(0,0.257-X4) - 0.485*max(0,X4+0.683) - 0.478*max(0,X2+0.0467) * abs(X2) - 0.473*max(0,X2-0.405) + 0.467*max(0,-0.0706-X3) * max(0,X1-0.785) + 0.461*abs(X3) * max(0,-0.498-X2) + 0.434*max(0,X4-0.727) * abs(X3) - 0.410*max(0,X1+0.104) * max(0,X4-1.20) + 0.407*max(0,X3-0.356) * max(0,X1+0.104) + 0.396*max(0,X1+0.104) * max(0,-0.0467-X2) + 0.375*abs(X2) - 0.374*max(0,-0.644-X0) + 0.368*max(0,-1.15-X4) + 0.365*max(0,X0-0.456) * max(0,X2+0.0467) - 0.364*X3 * max(0,X1-1.23) + 0.363*max(0,-0.104-X1) * max(0,X4-1.20) + 0.360*max(0,X2-1.31) + 0.353*max(0,0.785-X1) - 0.349*abs(X4) - 0.345*max(0,-0.0706-X3) * max(0,X0-0.456) + 0.336*max(0,X4-1.20) * abs(X2) + 0.335*max(0,0.856-X2) + 0.329*max(0,X0-0.456) * max(0,-0.0467-X2) - 0.320*X3 * max(0,X1+0.104) - 0.318*max(0,X3-0.356) * max(0,-0.104-X1) - 0.311*max(0,X3+0.924) + 0.303*max(0,0.405-X2) + 0.276*X3 * max(0,X2+0.0467) + 0.272*max(0,X3+0.0706) - 0.271*max(0,X3-0.356) * max(0,X1-1.23) + 0.268*max(0,X3-0.356) * X3 - 0.266*abs(X3) * max(0,X1+0.104) - 0.266*max(0,-0.0706-X3) * max(0,-0.0467-X2) - 0.261*max(0,-0.0706-X3) * max(0,-0.104-X1) - 0.248*X4**2 + 0.247*max(0,-0.993-X1) - 0.244*max(0,0.341-X1) + 0.235*max(0,X4+0.213) - 0.224*max(0,X1+0.104) * max(0,X1-0.785) - 0.215*max(0,1.56-X0) - 0.215*max(0,-0.0706-X3) * abs(X3) + 0.215*max(0,0.356-X3) - 0.215*max(0,0.727-X4) - 0.205*max(0,X3-0.356) * abs(X2) + 0.201*max(0,X1-0.341) * max(0,X0-1.01) + 0.197*max(0,-0.498-X2) * max(0,-0.0467-X2) + 0.194*abs(X2) * max(0,-0.0467-X2) - 0.186*max(0,X3+0.497) + 0.175*X3 * max(0,-0.498-X2) + 0.167*max(0,X4-0.727) * abs(X2) - 0.153*X2 + 0.152*max(0,X2+0.0467) - 0.152*abs(X3) * max(0,X2+0.0467) + 0.148*abs(X3) * max(0,X0-1.01) - 0.147*max(0,1.21-X3) - 0.143*X3 * abs(X3) - 0.140*max(0,X3-0.356) * max(0,X2+0.0467) + 0.139*X3 * abs(X2) + 0.120*max(0,1.23-X1) - 0.113*max(0,1.31-X2) - 0.105*X1 - 0.102*X4 + 0.101*max(0,X2-0.856) - 0.0900*max(0,-0.0706-X3) * max(0,X2+0.0467) + 0.0816*abs(X3) * max(0,-0.104-X1) + 0.0709*max(0,1.01-X0) - 0.0654*max(0,X1+0.548) - 0.0600*max(0,X4-0.727) * max(0,X2+0.0467) + 0.0598*max(0,X3-0.356) + 0.0588*max(0,X4-0.727) * max(0,-0.104-X1) + 0.0379*max(0,X2+0.949) - 0.0371*max(0,-0.0706-X3) + 0.0354*max(0,-0.0706-X3) * max(0,X4-0.727) - 0.0260*abs(X3) * max(0,X4-1.20) + 0.0253*max(0,X0+1.19) + 0.0231*max(0,X2+0.0467) * max(0,X0-1.01) + 0.0195*max(0,X2+0.498) - 0.0189*abs(X0) + 0.0140*max(0,X4-0.727) + 0.00615*max(0,-0.0706-X3) * X3 - 0.00562*max(0,X4+1.15) - 0.00529*max(0,-0.498-X2) * abs(X2) + 0.00290*abs(X3) * abs(X2) - 0.000570*max(0,X0-0.456) * max(0,X0-1.01) - 0.000543*X3 * max(0,-0.104-X1)"
ffx,613_fri_c3_250_5,ok,0.797717,0.375399,1398,10.98,,"-1.34 + 180*max(0,X3-0.845) * max(0,X0-1.58) - 34.6*max(0,X3-0.370) * max(0,X0-1.58) - 22.8*max(0,X3-0.845) * max(0,X0-1.01) + 17.7*max(0,X3-1.32) * max(0,X4-2.50) - 16.4*max(0,X3-1.32) * max(0,X1-1.19) + 11.8*max(0,X3-1.32) * max(0,X1-0.709) + 11.1*max(0,X3-0.370) * max(0,X4-3.24) + 11.0*max(0,X0-1.58) * max(0,X4-3.24) - 10.3*max(0,X3-0.845) * max(0,X1-0.709) + 10.3*max(0,X3-0.845) * max(0,X0-0.443) + 10.1*max(0,X3-0.845) * max(0,X4-3.24) - 8.87*max(0,X3-1.32) * max(0,X2-2.43) - 8.65*max(0,X3-0.370) * max(0,X1-1.19) + 7.26*max(0,X3-0.845) * max(0,X2-2.43) + 6.82*max(0,X4-1.77) * max(0,X1-1.19) - 6.68*max(0,X2-1.77) * max(0,X0-1.58) - 6.46*max(0,-1.27-X0) * max(0,X3-0.845) - 6.31*max(0,X0-0.443) * max(0,X1-1.19) + 6.20*max(0,X3-0.845) * max(0,X1-1.19) + 5.62*max(0,X0-0.443) * max(0,X1-0.709) + 5.39*max(0,X2-1.77) * max(0,X1-1.19) + 5.30*max(0,X1-1.19) - 4.97*max(0,X1-1.19) * max(0,X0-1.58) + 4.77*max(0,X4-3.24) - 4.71*max(0,X4-1.77) * max(0,X3-0.845) + 4.65*max(0,X3-0.370) * max(0,X0-1.01) + 4.34*max(0,X3-1.32) - 4.30*max(0,X1-1.19) * max(0,X2-2.43) - 4.21*max(0,X3-1.32) * max(0,X0-1.01) + 3.43*max(0,X2-2.43) * max(0,X0-1.01) - 3.27*max(0,X3-0.370) * max(0,X3-0.845) + 3.20*max(0,X0-1.01) + 3.18*max(0,X3-0.370) * max(0,-1.27-X0) - 3.17*max(0,X0-0.443) * max(0,X2-2.43) + 2.91*max(0,X0-1.58) * max(0,X0-1.01) + 2.90*max(0,X3-0.845) * max(0,-0.698-X0) + 2.86*max(0,X0-1.58) * max(0,X1-0.709) - 2.78*max(0,X4-2.50) * max(0,X4-3.24) + 2.75*max(0,X3-0.370) * max(0,X1-0.709) - 2.62*max(0,-0.698-X0) - 2.61*max(0,X2-2.43) * max(0,X1-0.709) - 2.54*max(0,X0-1.01) * max(0,X1-0.709) + 2.45*max(0,X3-0.845) - 2.45*max(0,X4-1.77) * max(0,X4-3.24) - 2.42*max(0,X1+0.259) - 2.30*max(0,X0-0.443) * max(0,X0-1.01) + 2.24*max(0,X2-1.77) * max(0,X0-1.01) + 2.15*max(0,X4-1.77) * max(0,X0-1.58) - 1.89*max(0,X1-1.19) * max(0,X0-1.01) - 1.85*max(0,X0-1.58) - 1.73*max(0,X3-0.370) * max(0,X0-0.443) - 1.72*max(0,X4-1.77) - 1.63*max(0,-0.436-X4) - 1.61*max(0,X3-0.370) * max(0,-0.698-X0) - 1.53*max(0,X4-1.77) * max(0,X2-2.43) + 1.50*max(0,X3-1.32) * max(0,X2-1.77) - 1.39*max(0,X3-0.845) * max(0,X4-2.50) - 1.37*max(0,X1-1.19) * max(0,X4-2.50) - 1.24*max(0,X0-0.443) + 1.11*max(0,X2-1.77) * max(0,X4-3.24) + 1.10*max(0,X0-1.01) * max(0,X4-3.24) + 1.09*max(0,X3-0.370) + 1.08*max(0,X3-0.370) * max(0,X4-1.77) - 1.06*max(0,X3-0.370) * max(0,X2-2.43) - 0.994*max(0,X4-1.77) * max(0,X0-1.01) - 0.961*max(0,X1-0.709) * max(0,X4-2.50) + 0.938*X0**2 - 0.932*max(0,X4-1.77) * max(0,X2-1.77) + 0.923*max(0,0.443-X0) + 0.914*max(0,X4-1.77) * max(0,X1-0.709) - 0.902*max(0,-0.127-X0) - 0.860*max(0,0.439-X2) - 0.836*max(0,X2-2.43) * max(0,X4-2.50) + 0.824*max(0,X1-0.225) - 0.777*max(0,X3-0.845) * max(0,-0.259-X1) - 0.761*max(0,X2-2.43) + 0.689*max(0,X3-0.845) * max(0,X2-1.77) + 0.664*max(0,X3-0.370) * max(0,X2-1.77) - 0.659*abs(X0) - 0.636*max(0,X0-0.443) * max(0,X4-3.24) - 0.617*max(0,-0.743-X1) - 0.608*max(0,X0-0.443) * max(0,X0-1.58) - 0.567*max(0,X2-1.77) * max(0,X1-0.709) - 0.563*X2 + 0.540*max(0,1.77-X2) + 0.535*max(0,-0.698-X0) * max(0,-0.259-X1) - 0.534*max(0,X2-1.77) * max(0,X2-2.43) + 0.518*X0 - 0.477*max(0,X1-1.19) * max(0,X1-0.709) + 0.459*max(0,X4+0.436) - 0.438*max(0,X4-0.299) - 0.435*max(0,-0.888-X2) - 0.396*max(0,X4-1.77) * max(0,X0-0.443) + 0.387*max(0,2.50-X4) - 0.377*max(0,-1.27-X0) * max(0,-0.698-X0) - 0.351*max(0,0.370-X3) + 0.350*X2**2 + 0.331*max(0,X3-0.370) * max(0,-0.259-X1) - 0.327*max(0,X2-1.10) - 0.322*max(0,X3+0.105) + 0.317*X4**2 + 0.302*abs(X4) - 0.302*max(0,X2-2.43) * max(0,X4-3.24) + 0.292*max(0,1.58-X0) + 0.285*max(0,X1-0.709) + 0.281*max(0,-0.259-X1) - 0.279*max(0,0.299-X4) + 0.278*X1 + 0.265*max(0,1.01-X0) + 0.247*max(0,-1.05-X3) - 0.221*max(0,X4-1.77) * max(0,X4-2.50) - 0.218*max(0,0.225-X1) - 0.189*X3 + 0.180*max(0,X3+1.05) - 0.172*max(0,X0-0.443) * max(0,X2-1.77) - 0.169*X4 + 0.145*max(0,X3-0.370) * max(0,X4-2.50) - 0.142*max(0,1.03-X4) + 0.133*abs(X2) - 0.130*X1**2 - 0.130*max(0,-1.23-X1) + 0.130*max(0,X4-1.03) - 0.125*max(0,X0-0.443) * max(0,X4-2.50) - 0.123*max(0,X0+1.27) + 0.116*max(0,X4-2.50) - 0.115*max(0,-0.225-X2) + 0.102*max(0,-1.27-X0) - 0.100*max(0,0.845-X3) - 0.0901*max(0,X0+0.127) - 0.0886*max(0,X1+0.743) - 0.0810*X3**2 - 0.0682*max(0,-1.27-X0) * max(0,-0.259-X1) - 0.0626*max(0,-0.580-X3) - 0.0597*max(0,X0+0.698) + 0.0479*max(0,X2-1.77) + 0.0444*max(0,0.709-X1) - 0.0440*max(0,X2-1.77) * max(0,X4-2.50) + 0.0226*max(0,X0-1.01) * max(0,X4-2.50) - 0.0185*abs(X3) - 0.0126*abs(X1) + 0.00378*max(0,X0-1.58) * max(0,X4-2.50) - 0.00298*max(0,X1-0.709) * max(0,X4-3.24) + 0.000551*max(0,1.19-X1)"
ffx,615_fri_c4_250_10,ok,-0.709577,1.138991,1642,22.55,,"1.62 - 57.1*max(0,X5-2.12) * max(0,X8-1.31) - 9.40*max(0,X5-2.12) * max(0,-0.521-X3) + 8.51*max(0,X8-1.31) * max(0,-0.583-X1) + 6.92*max(0,X8-1.31) * max(0,X0-0.922) + 4.80*max(0,-0.146-X9) * max(0,X0-0.922) + 4.70*max(0,X5-2.12) * max(0,-0.0869-X3) - 4.55*max(0,X5-2.12) * max(0,-0.351-X0) - 4.25*max(0,-0.521-X3) * max(0,X0-0.922) + 4.01*max(0,X8-0.826) * max(0,X5-2.12) + 3.79*max(0,-1.04-X1) - 3.71*max(0,X8-0.826) * max(0,X0-0.922) + 3.54*max(0,X2-1.54) * max(0,-0.146-X9) + 3.36*max(0,-0.146-X9) * max(0,X0-1.56) + 3.31*max(0,-0.0869-X3) * max(0,X0-0.922) + 3.25*max(0,X8-0.826) * max(0,X0-1.56) + 2.87*max(0,X2-2.15) + 2.74*max(0,X0-0.922) * max(0,X1-0.784) - 2.51*X1 * max(0,X0-1.56) - 2.49*max(0,X5-2.12) * max(0,-0.146-X9) + 2.43*max(0,X8-0.826) * max(0,X1-0.784) - 2.30*abs(X9) * max(0,X0-1.56) + 2.18*abs(X1) * max(0,X1-0.784) - 2.14*max(0,X8-1.31) * abs(X1) - 2.10*abs(X1) * max(0,X0-1.56) + 2.04*abs(X9) * max(0,X2-2.15) - 1.82*max(0,-0.583-X1) - 1.75*max(0,X2-1.54) * abs(X1) - 1.64*max(0,-0.146-X9) * max(0,X1-0.784) + 1.63*max(0,X3-1.21) + 1.62*abs(X6) * max(0,X0-0.922) + 1.61*max(0,X1-0.784) + 1.52*max(0,-0.521-X3) * max(0,X8-1.31) + 1.52*max(0,X2-1.54) * abs(X6) + 1.43*max(0,X8-0.826) * max(0,-0.583-X1) - 1.40*abs(X9) * max(0,X1-0.784) - 1.35*max(0,-0.955-X3) - 1.29*max(0,X0+0.351) - 1.27*max(0,X8-0.826) * max(0,-0.351-X0) + 1.20*max(0,-0.0869-X3) * max(0,X8-1.31) - 1.20*max(0,X6-0.0769) * max(0,X1-0.784) - 1.12*max(0,X2-1.54) * max(0,X0-0.922) - 1.08*max(0,X5-2.12) * abs(X9) + 1.05*max(0,-0.521-X3) * max(0,-0.0869-X3) + 1.03*max(0,X4-1.08) - 1.02*max(0,X8-0.826) * max(0,X2-1.54) + 1.02*abs(X9) * max(0,X0-0.922) - 0.966*max(0,X3-0.781) + 0.940*max(0,X2-1.54) * max(0,X6-0.0769) + 0.890*X1 * max(0,-0.521-X3) - 0.877*max(0,X8-0.826) * max(0,-0.521-X3) - 0.872*max(0,X1+0.128) + 0.864*X1 * max(0,X1-0.784) - 0.850*X1 * max(0,X2-1.54) - 0.811*max(0,-0.351-X0) * max(0,X8-1.31) + 0.790*max(0,X8-0.826) * abs(X6) + 0.777*max(0,X8-0.826) * max(0,X6-0.0769) + 0.755*max(0,-0.146-X9) - 0.753*max(0,-0.583-X1) * abs(X1) - 0.743*max(0,X7-1.14) - 0.726*max(0,0.0769-X6) * max(0,X1-0.784) + 0.708*max(0,X6-0.548) * max(0,X1-0.784) - 0.700*max(0,X9-0.299) - 0.686*X1 - 0.680*max(0,X1-1.24) + 0.632*max(0,X7-0.677) + 0.629*max(0,X6-1.49) - 0.627*max(0,X6-0.548) + 0.616*max(0,0.325-X2) - 0.615*max(0,X8-0.826) * abs(X1) - 0.611*max(0,X6-0.0769) * max(0,X0-1.56) + 0.597*max(0,-0.128-X1) * max(0,X6-0.0769) + 0.566*max(0,X9-0.744) + 0.540*max(0,-0.0869-X3) * max(0,-0.583-X1) + 0.540*max(0,X9-1.19) + 0.539*max(0,X9+0.146) - 0.525*max(0,-0.0869-X3) + 0.523*max(0,-0.614-X8) + 0.514*abs(X9) * max(0,X6-0.0769) - 0.495*max(0,-0.380-X4) - 0.476*abs(X1) - 0.469*max(0,X6-0.0769) - 0.468*max(0,-0.0869-X3) * abs(X1) + 0.465*max(0,X5-0.769) + 0.457*max(0,-0.582-X5) + 0.456*max(0,0.0769-X6) * max(0,X0-0.922) + 0.447*max(0,X3-0.347) - 0.440*X1 * max(0,-0.0869-X3) + 0.431*max(0,-0.351-X0) * abs(X1) - 0.425*max(0,-0.351-X0) * abs(X6) + 0.424*max(0,-0.0869-X3) * max(0,X1-0.784) + 0.420*max(0,-0.865-X6) + 0.413*max(0,-1.26-X5) - 0.413*max(0,-0.351-X0) - 0.408*max(0,-1.09-X8) - 0.405*max(0,-0.128-X1) * max(0,-0.583-X1) - 0.398*max(0,X7-0.213) - 0.395*abs(X9) - 0.392*max(0,-0.394-X6) - 0.385*max(0,X2-1.54) * abs(X9) - 0.365*abs(X9) * max(0,-0.521-X3) - 0.353*X6 * max(0,-0.583-X1) - 0.328*max(0,X4-1.82) - 0.300*max(0,-0.521-X3) * max(0,X6-0.0769) - 0.281*max(0,0.0932-X5) - 0.279*abs(X0) + 0.275*abs(X1) * max(0,X0-0.922) - 0.257*max(0,-0.591-X9) - 0.241*max(0,-0.128-X1) * max(0,X8-1.31) + 0.233*max(0,X6-1.02) - 0.232*max(0,X8-0.826) * abs(X9) - 0.223*max(0,0.346-X8) - 0.215*X6 * max(0,X0-1.56) - 0.209*max(0,-0.146-X9) * abs(X1) + 0.206*abs(X4) - 0.206*max(0,X8-1.31) * max(0,X6-0.0769) - 0.206*max(0,1.82-X4) - 0.198*abs(X6) * max(0,X1-0.784) + 0.196*max(0,-0.351-X0) * max(0,-0.146-X9) + 0.192*abs(X9) * max(0,X8-1.31) - 0.187*max(0,X5-1.44) + 0.183*max(0,X3+0.521) + 0.182*max(0,-1.63-X0) + 0.167*X1 * max(0,X0-0.922) - 0.161*max(0,X8-0.826) * max(0,-0.146-X9) + 0.156*max(0,-0.0869-X3) * X6 + 0.154*X1 * max(0,-0.583-X1) + 0.150*max(0,-0.128-X1) * abs(X6) - 0.146*max(0,-0.894-X2) - 0.144*max(0,X0-1.56) * max(0,X1-0.784) + 0.144*max(0,-0.988-X0) - 0.134*max(0,-0.285-X2) - 0.132*X6 * max(0,-0.146-X9) + 0.120*max(0,-0.521-X3) * max(0,X1-0.784) + 0.119*abs(X9) * abs(X1) - 0.115*max(0,-1.18-X7) - 0.114*max(0,-1.04-X9) + 0.104*max(0,-0.521-X3) + 0.0993*max(0,0.0769-X6) * abs(X1) + 0.0981*max(0,X7+0.252) - 0.0920*max(0,-0.128-X1) * abs(X1) + 0.0875*max(0,-0.521-X3) * max(0,-0.146-X9) - 0.0854*max(0,0.299-X9) + 0.0798*max(0,-0.521-X3) * abs(X1) - 0.0766*max(0,X5-0.0932) - 0.0693*X6**2 - 0.0652*max(0,X8-0.826) + 0.0616*abs(X2) + 0.0558*X1 * max(0,-0.146-X9) - 0.0557*max(0,-0.351-X0) * max(0,0.0769-X6) - 0.0465*X1 * max(0,X6-0.0769) - 0.0403*X1 * max(0,0.0769-X6) - 0.0390*max(0,X8-1.31) * abs(X6) - 0.0362*abs(X8) + 0.0314*max(0,-0.583-X1) * max(0,0.0769-X6) - 0.0305*max(0,-0.351-X0) * max(0,-0.521-X3) + 0.0280*abs(X9) * max(0,-0.351-X0) - 0.0239*max(0,1.54-X2) - 0.0210*max(0,X1+0.583) + 0.0209*max(0,0.922-X0) + 0.0208*max(0,X2-0.935) + 0.0165*X1 * abs(X9) + 0.0152*max(0,0.328-X1) - 0.0144*max(0,0.213-X7) + 0.0135*abs(X9) * X6 - 0.0131*max(0,-0.521-X3) * X6 - 0.00755*max(0,X6+0.394) + 0.00729*max(0,X2-0.325) + 0.00678*max(0,-0.0869-X3) * max(0,-0.146-X9) - 0.00465*X1 * abs(X6) - 0.00257*max(0,-0.146-X9) * abs(X6)"
ffx,616_fri_c4_500_50,ok,0.058459,1.003873,1398,44.39,,"0.886 - 291*max(0,X3-0.286) * max(0,X0-1.93) - 145*max(0,X25-1.26) * max(0,X0-1.93) + 22.0*max(0,X13-1.33) * max(0,X34-1.39) - 12.6*max(0,X30-1.17) * max(0,X25-1.26) + 8.13*max(0,X28-1.34) * max(0,X25-1.26) + 7.91*max(0,X45-1.38) * max(0,X34-1.39) + 7.14*max(0,X33-1.27) * max(0,X30-1.17) + 6.61*max(0,-1.01-X1) * max(0,X0+0.507) - 5.74*max(0,X30-1.17) * max(0,X13-1.33) + 4.28*max(0,-1.14-X11) * max(0,-1.16-X6) - 4.13*max(0,X45-1.38) * max(0,-1.14-X11) + 4.12*max(0,X33-1.27) * max(0,X1-0.744) + 3.60*max(0,X29-1.31) * max(0,X34-1.39) + 3.32*max(0,X25-1.26) * max(0,X29-1.31) - 3.10*max(0,X33-1.27) * max(0,X19-1.28) + 2.74*max(0,X2-1.37) * max(0,X13-1.33) - 2.72*max(0,-1.13-X12) * max(0,X13-1.33) + 2.58*max(0,X25-1.26) * max(0,X13-1.33) + 2.52*max(0,X32-1.18) * max(0,X13-1.33) + 1.73*max(0,X32-1.18) * max(0,X29-1.31) - 1.48*max(0,X37-1.32) * max(0,X13-1.33) + 1.45*max(0,-1.14-X11) * max(0,X19-1.28) + 1.45*max(0,X1-0.744) + 1.32*max(0,X32-1.18) * max(0,-1.14-X11) - 1.18*max(0,-1.01-X1) * max(0,X13-1.33) + 1.14*max(0,X3-0.286) * max(0,X37-1.32) + 1.08*max(0,X0+0.507) * max(0,X1-0.744) - 1.05*max(0,X1+0.574) - 0.874*max(0,X33-1.27) * max(0,-1.16-X6) + 0.780*max(0,X2-1.37) * max(0,X3-0.286) - 0.760*max(0,-1.14-X11) + 0.747*max(0,X1+0.134) * max(0,X0-0.713) + 0.726*max(0,X19-1.28) * max(0,X1-0.744) - 0.716*abs(X1) - 0.621*max(0,X0+0.507) + 0.579*max(0,-1.13-X12) * max(0,X30-1.17) + 0.571*max(0,-1.14-X11) * max(0,X0-0.713) - 0.551*max(0,X45-1.38) - 0.546*max(0,X13-1.33) + 0.496*max(0,X2-1.37) * max(0,X33-1.27) + 0.469*max(0,X3+0.639) + 0.468*max(0,X28-1.34) + 0.454*abs(X1) * max(0,X19-1.28) + 0.445*max(0,X34-1.39) - 0.386*max(0,X30-1.17) * max(0,X0+0.507) - 0.356*max(0,X15-1.28) + 0.342*abs(X1) * max(0,X0-0.713) + 0.338*max(0,X37-1.32) * max(0,-1.01-X1) + 0.330*max(0,X25-1.26) - 0.325*max(0,X1+0.574) * max(0,X33-1.27) - 0.324*abs(X1) * max(0,X30-1.17) - 0.324*max(0,X1+0.134) * max(0,-1.14-X11) + 0.318*max(0,X45-1.38) * max(0,X3-0.286) + 0.312*max(0,-0.915-X7) - 0.303*abs(X0) + 0.302*max(0,X3-0.286) * max(0,X19-1.28) - 0.286*max(0,X40-1.28) - 0.269*max(0,X49-1.22) - 0.253*max(0,X1+0.574) * max(0,X13-1.33) - 0.213*max(0,X39-1.24) + 0.204*max(0,-1.13-X12) * max(0,X1-0.744) + 0.204*max(0,X48-0.735) - 0.201*max(0,X27+0.185) + 0.193*max(0,-0.980-X33) + 0.189*max(0,X13-0.405) + 0.188*abs(X2) + 0.188*max(0,X37-1.32) * max(0,X34-1.39) - 0.184*max(0,X1+0.574) * max(0,X37-1.32) + 0.184*max(0,X5-1.77) - 0.177*max(0,-0.927-X41) - 0.172*abs(X1) * max(0,-1.01-X1) + 0.172*abs(X13) - 0.168*max(0,X26-1.24) + 0.167*max(0,X29-1.31) + 0.162*abs(X1) * max(0,-1.16-X6) - 0.162*max(0,-0.988-X14) - 0.155*max(0,X47-1.31) + 0.155*abs(X1) * max(0,X37-1.32) + 0.154*max(0,X32-1.18) + 0.152*abs(X22) + 0.152*max(0,X3-0.286) * max(0,-1.14-X11) + 0.151*max(0,-1.12-X48) + 0.144*max(0,X21-0.361) - 0.140*max(0,X12-1.16) + 0.138*max(0,-0.963-X18) + 0.137*max(0,X21-0.805) + 0.134*abs(X16) + 0.132*max(0,-0.327-X2) - 0.132*max(0,-0.970-X34) - 0.125*abs(X5) - 0.121*max(0,X1+0.574) * max(0,-1.14-X11) - 0.120*max(0,X37-0.317) - 0.120*abs(X42) - 0.119*max(0,-1.06-X35) + 0.116*abs(X36) - 0.113*max(0,-0.142-X31) + 0.112*max(0,X24-0.166) - 0.109*max(0,-1.06-X26) + 0.107*max(0,X1+0.574) * max(0,X0-0.713) + 0.105*max(0,X33-0.819) - 0.0938*abs(X34) + 0.0910*max(0,X41+0.0311) - 0.0897*max(0,-0.162-X43) - 0.0896*max(0,0.315-X30) - 0.0859*abs(X26) + 0.0850*max(0,X0+0.507) * max(0,X0-0.713) + 0.0827*max(0,X33-1.27) * max(0,X34-1.39) - 0.0784*max(0,X28-0.314) + 0.0784*max(0,1.31-X29) + 0.0776*max(0,-0.167-X20) - 0.0764*abs(X7) - 0.0744*abs(X1) * max(0,-1.14-X11) - 0.0704*max(0,0.918-X45) + 0.0703*max(0,-1.13-X12) * max(0,X32-1.18) - 0.0627*max(0,0.108-X4) + 0.0576*max(0,X19-1.28) + 0.0543*max(0,-0.567-X49) - 0.0541*max(0,X18-0.852) - 0.0539*max(0,X23-0.275) + 0.0480*abs(X17) - 0.0432*max(0,X45-1.38) * max(0,-1.01-X1) + 0.0424*max(0,X2-1.37) * max(0,X19-1.28) + 0.0420*max(0,X36+0.134) + 0.0411*max(0,-0.0455-X47) - 0.0358*max(0,0.381-X5) + 0.0260*max(0,X38-0.824) + 0.0259*max(0,-0.688-X6) - 0.0250*max(0,X49+0.567) + 0.0216*max(0,X14+0.0459) - 0.0191*abs(X27) + 0.0184*abs(X9) - 0.0178*abs(X15) - 0.0168*max(0,X19+0.602) - 0.0167*max(0,0.792-X44) - 0.0166*abs(X28) + 0.0163*abs(X46) - 0.0107*max(0,-1.13-X12) + 0.0106*abs(X43) + 0.0102*max(0,0.381-X39) + 0.00468*max(0,X17-0.265) + 0.00203*max(0,X35+0.604)"
ffx,617_fri_c3_500_5,ok,0.529779,0.573201,1190,14.38,,"0.0426 + 174*max(0,X2-2.21) * max(0,X0-2.03) + 51.7*max(0,X1-1.36) * max(0,X4-3.39) + 32.5*max(0,0.782-X0) * max(0,X2-2.21) - 31.2*max(0,0.160-X0) * max(0,X1-0.900) - 14.9*max(0,X1-1.36) * max(0,X0-2.03) - 14.7*max(0,X1+0.0129) * max(0,X4-3.39) - 12.6*max(0,X1-1.36) * max(0,X0-0.782) + 9.25*max(0,0.160-X0) * max(0,X2-1.58) + 8.47*max(0,X1-1.36) * max(0,X2-2.21) - 8.24*max(0,X2-2.21) * max(0,X1-0.900) - 6.86*max(0,X4-3.39) * max(0,X0-2.03) + 5.21*max(0,X4-3.39) + 4.84*max(0,X1+0.0129) * max(0,X0-0.782) + 4.63*max(0,X1-1.36) * max(0,X0-0.160) + 4.15*max(0,0.160-X0) * max(0,X1+0.0129) + 3.65*max(0,X4-2.69) + 3.31*max(0,-0.469-X1) * max(0,X0-0.160) - 3.20*max(0,X0-2.03) - 3.06*max(0,X0-0.160) * max(0,X4-3.39) - 2.84*max(0,X2-2.21) * max(0,X0-0.782) - 2.69*max(0,X1-0.900) * max(0,X0-2.03) + 2.65*max(0,X2-1.58) * max(0,X4-2.69) - 2.57*max(0,X3-0.354) * max(0,X4-3.39) + 2.56*max(0,X0-0.160) * max(0,X0-2.03) - 2.49*max(0,X2-1.58) * max(0,X1-0.900) - 2.47*max(0,X2-1.58) * max(0,0.782-X0) - 2.31*max(0,X3-0.354) * max(0,X2-2.21) - 2.26*max(0,X0-0.782) - 2.15*max(0,X4-3.39) * max(0,X1-0.900) + 2.11*max(0,X2-2.21) - 1.89*max(0,0.782-X0) * max(0,X1-0.900) - 1.81*max(0,-0.469-X1) - 1.71*max(0,X0-0.160) - 1.65*max(0,X1+0.0129) + 1.61*max(0,X4-2.69) * max(0,X1-0.900) - 1.49*max(0,X4-2.69) * max(0,X4-3.39) - 1.48*max(0,X3-0.354) * max(0,X0-2.03) + 1.47*max(0,X0-0.160) * max(0,X1-0.900) + 1.35*max(0,X2-1.58) * max(0,X1+0.0129) - 1.26*max(0,-0.462-X0) - 1.10*max(0,-0.132-X4) - 1.07*max(0,X4-2.69) * max(0,X2-2.21) - 1.05*max(0,X2-1.58) * max(0,X0-2.03) + 1.04*max(0,X1+0.0129) * max(0,X4-2.69) - 1.00*max(0,X0-0.782) * max(0,X1-0.900) - 0.993*max(0,X2-1.58) * max(0,X0-0.160) - 0.893*max(0,-0.926-X1) + 0.860*max(0,X1+0.0129) * max(0,X0-2.03) - 0.858*X2 - 0.848*max(0,X4-1.28) + 0.845*max(0,X3+0.115) - 0.837*max(0,X3-0.354) + 0.832*max(0,X1-0.900) + 0.800*max(0,X1-1.36) * max(0,X1-0.900) - 0.791*max(0,X3-0.354) * max(0,X2-1.58) + 0.715*max(0,X0-0.160) * max(0,X2-2.21) - 0.704*max(0,X3-0.354) * max(0,X1-0.900) + 0.686*max(0,X1-0.443) - 0.662*max(0,X0-0.782) * max(0,X0-2.03) + 0.589*max(0,0.782-X0) * max(0,-0.469-X1) + 0.573*X4**2 - 0.553*max(0,-0.915-X2) - 0.548*max(0,X4-0.572) - 0.535*max(0,-0.0129-X1) - 0.531*max(0,0.782-X0) * max(0,X1+0.0129) + 0.528*max(0,X0-1.40) + 0.508*max(0,X4-2.69) * max(0,X0-0.160) - 0.473*max(0,-1.08-X0) - 0.465*max(0,X1-1.36) + 0.463*max(0,X3-0.354) * max(0,X4-2.69) + 0.463*max(0,X0+0.462) + 0.437*max(0,0.900-X1) - 0.427*max(0,-0.585-X3) + 0.419*max(0,0.782-X0) * max(0,X0-0.160) + 0.402*max(0,0.443-X1) + 0.396*X2**2 - 0.382*max(0,-0.290-X2) - 0.380*max(0,X4-1.98) - 0.370*max(0,X3-0.354) * max(0,X0-0.160) + 0.361*max(0,X3-0.354) * max(0,X0-0.782) + 0.347*max(0,X3-0.824) - 0.343*max(0,X1+0.0129) * max(0,X1-0.900) - 0.333*max(0,X2-1.58) + 0.321*max(0,0.782-X0) - 0.268*max(0,0.335-X2) - 0.263*max(0,X1+0.0129) * max(0,X0-0.160) - 0.257*max(0,X3-0.354) * max(0,0.782-X0) + 0.241*max(0,X3-0.354) * max(0,X1+0.0129) - 0.237*max(0,1.28-X4) - 0.230*max(0,X0-0.160) * max(0,X0-0.782) + 0.213*max(0,0.160-X0) * max(0,0.782-X0) + 0.209*max(0,X3-0.354) * max(0,0.160-X0) - 0.180*max(0,X1+0.0129) * max(0,X2-2.21) + 0.171*X3 - 0.171*max(0,X4-2.69) * max(0,X0-2.03) - 0.161*max(0,X4-2.69) * max(0,X0-0.782) + 0.143*max(0,X2-1.58) * max(0,X4-3.39) - 0.140*max(0,0.160-X0) - 0.113*X4 + 0.101*X3**2 - 0.0887*max(0,X2-0.960) - 0.0804*max(0,X2-1.58) * max(0,X2-2.21) + 0.0710*max(0,-1.05-X3) - 0.0439*max(0,X3-0.354) * max(0,-0.469-X1) - 0.0371*max(0,0.160-X0) * max(0,-0.469-X1) + 0.0346*max(0,X2-0.335) + 0.0289*max(0,X3-1.29) - 0.0286*max(0,X1+0.469) + 0.0185*max(0,0.354-X3) + 0.0156*max(0,X4-3.39) * max(0,X0-0.782) + 0.0155*max(0,-0.115-X3) + 0.00291*max(0,X2-1.58) * max(0,X0-0.782)"
ffx,618_fri_c3_1000_50,ok,0.67509,0.50696,1013,30.65,,"0.804 + 3.69*max(0,X1-0.741) + 2.69*max(0,X0-0.883) - 1.62*max(0,X1+0.187) - 1.13*max(0,X31-1.17) - 1.04*max(0,X0+0.279) + 1.03*max(0,X36-1.27) + 0.700*max(0,X1-1.20) - 0.679*max(0,X0-1.46) - 0.664*max(0,X17-1.33) - 0.583*max(0,X18-1.27) + 0.517*max(0,X35-1.28) - 0.514*max(0,X21-1.28) + 0.514*max(0,X4-0.973) + 0.491*max(0,X27-1.26) + 0.465*max(0,-1.12-X45) - 0.460*max(0,-0.993-X34) - 0.423*max(0,-0.859-X0) + 0.420*max(0,-0.921-X2) + 0.416*max(0,-0.895-X27) + 0.414*max(0,-1.10-X38) - 0.408*abs(X1) + 0.407*max(0,X41-1.25) + 0.393*max(0,X49-0.760) - 0.385*max(0,X5-1.24) + 0.350*max(0,-1.08-X31) + 0.349*max(0,-1.08-X30) + 0.328*max(0,-1.09-X42) - 0.320*max(0,X15-0.589) + 0.317*max(0,X19-1.17) - 0.290*max(0,X29-1.27) + 0.284*max(0,X39-1.36) - 0.284*max(0,X12-1.21) + 0.276*max(0,X7-0.750) + 0.247*max(0,X3+0.728) - 0.247*max(0,X20-1.39) + 0.234*max(0,-1.03-X29) - 0.211*max(0,-1.01-X44) + 0.210*max(0,X23-1.22) + 0.206*max(0,-1.08-X28) + 0.198*max(0,X18-0.811) - 0.195*max(0,-1.01-X18) - 0.185*max(0,X42-1.15) - 0.179*max(0,-0.602-X19) - 0.177*abs(X27) + 0.175*max(0,X2-1.62) - 0.173*max(0,X16-0.801) + 0.163*max(0,X26-0.926) - 0.158*max(0,X22-0.977) - 0.156*abs(X47) + 0.155*max(0,-1.13-X23) + 0.153*abs(X2) + 0.146*max(0,X6-0.904) - 0.141*max(0,-0.938-X35) - 0.135*max(0,X13-0.701) - 0.131*abs(X0) - 0.126*max(0,X30-1.17) + 0.125*max(0,-0.994-X9) + 0.113*max(0,X37+0.666) - 0.106*max(0,X14-0.351) - 0.105*max(0,X44-1.32) + 0.104*max(0,X12+0.130) - 0.102*max(0,-1.11-X1) - 0.0997*max(0,0.676-X3) + 0.0979*max(0,-1.24-X15) + 0.0934*max(0,X31+0.179) + 0.0925*max(0,X15+0.327) + 0.0866*max(0,-0.989-X49) + 0.0819*max(0,X3+1.20) - 0.0813*abs(X26) + 0.0717*max(0,X28-1.28) - 0.0708*abs(X19) - 0.0692*abs(X39) + 0.0683*max(0,-1.16-X5) - 0.0680*abs(X37) + 0.0672*max(0,-1.07-X14) + 0.0670*abs(X43) - 0.0665*max(0,X11-1.17) + 0.0621*max(0,1.18-X48) + 0.0591*max(0,0.760-X49) - 0.0580*abs(X41) + 0.0555*abs(X46) - 0.0540*max(0,-0.566-X17) - 0.0491*max(0,0.434-X39) + 0.0490*max(0,-0.180-X32) - 0.0479*max(0,3.08-X4) + 0.0443*max(0,-0.784-X15) + 0.0440*max(0,X25+0.157) + 0.0433*abs(X9) + 0.0431*max(0,X38-0.244) + 0.0429*max(0,0.364-X46) + 0.0406*max(0,-1.20-X3) + 0.0395*max(0,X6+0.879) + 0.0388*max(0,-0.983-X21) + 0.0387*max(0,-0.679-X13) + 0.0371*max(0,X48-1.18) - 0.0354*abs(X5) - 0.0331*max(0,X42-0.255) - 0.0297*max(0,0.0189-X20) - 0.0297*max(0,X21-0.829) - 0.0259*max(0,-0.439-X20) + 0.0249*abs(X25) - 0.0230*max(0,-0.921-X40) + 0.0229*max(0,X31-0.272) + 0.0218*max(0,X43+0.132) - 0.0210*max(0,X40-1.25) + 0.0209*abs(X31) + 0.0208*max(0,X38+0.204) + 0.0203*max(0,-1.10-X37) + 0.0191*max(0,X29+1.03) + 0.0182*max(0,-0.930-X46) - 0.0167*max(0,X35+0.495) + 0.0166*max(0,-1.02-X36) + 0.0159*max(0,-0.626-X30) - 0.0157*max(0,X33-0.371) - 0.0154*max(0,0.376-X21) - 0.0140*max(0,0.0129-X6) - 0.0138*abs(X28) + 0.0135*abs(X23) + 0.0131*max(0,X32-0.744) + 0.0119*abs(X38) - 0.0114*abs(X44) - 0.0110*abs(X8) + 0.00879*max(0,X34+0.535) - 0.00863*max(0,X28+0.137) - 0.00794*max(0,X34-1.30) - 0.00642*max(0,X8+0.537) + 0.00614*max(0,0.344-X10) - 0.00593*max(0,X47-0.341) - 0.00584*max(0,X26-1.43) + 0.00523*max(0,-1.06-X7) + 0.00486*abs(X12) - 0.00403*max(0,X30-0.722) - 0.00393*max(0,X10+1.01) + 0.00379*max(0,0.718-X48) + 0.00192*max(0,X34-0.382) + 0.00182*max(0,X24-0.418) - 0.00133*max(0,X8+0.0981) - 0.00106*max(0,0.321-X45) + 0.00102*max(0,0.350-X2) - 0.000148*max(0,0.207-X37) - 9.90e-5*max(0,0.803-X45)"
ffx,620_fri_c1_1000_25,ok,-0.089588,1.114305,1642,33.98,,"0.874 - 46.1*max(0,X21-1.23) * max(0,-1.06-X5) + 20.7*max(0,-1.06-X5) * max(0,X3-1.35) - 15.0*max(0,X16-1.14) * max(0,X3-1.35) - 12.3*max(0,X23-0.930) * max(0,X3-1.35) + 12.0*max(0,X21-1.23) * max(0,X0-1.04) - 5.99*max(0,X3-0.869) * max(0,-1.06-X5) - 5.14*max(0,-1.01-X11) * max(0,X16-1.14) - 5.03*max(0,X12-1.34) * max(0,X3-1.35) + 4.55*max(0,X16-1.14) * max(0,X0-1.04) + 4.13*max(0,X3-0.869) * max(0,X14-1.30) - 3.67*max(0,X12-0.883) * max(0,-1.06-X5) + 3.43*max(0,-1.34-X0) * max(0,-1.06-X5) + 3.28*max(0,-1.01-X11) * max(0,X4-1.24) + 3.14*max(0,-1.01-X11) * max(0,X3-1.35) + 2.49*max(0,X0-1.04) - 2.42*max(0,X8-0.767) * max(0,X20-1.34) + 2.36*max(0,X7-1.09) * max(0,X12-0.883) + 2.29*max(0,X0-1.63) * max(0,X20-1.34) + 1.96*max(0,-1.20-X7) * max(0,X23-0.930) + 1.72*max(0,X1+0.112) * max(0,X1-0.779) + 1.69*max(0,X16-0.693) * max(0,X0-1.04) - 1.66*max(0,X1+0.112) - 1.64*max(0,-1.20-X7) * max(0,X4-1.24) - 1.62*max(0,-0.455-X6) * max(0,-1.01-X11) + 1.59*max(0,X21-1.23) * max(0,-1.20-X7) + 1.53*max(0,-1.34-X0) * max(0,X4-1.24) - 1.46*max(0,X7-1.09) * max(0,X11-0.757) + 1.39*max(0,X4-1.24) * max(0,X0-1.04) - 1.23*max(0,-1.20-X7) * max(0,-1.01-X11) + 1.21*max(0,-1.01-X11) * max(0,X1-0.779) - 1.19*max(0,-0.557-X1) + 1.18*max(0,X7-1.09) * max(0,X3-0.869) + 1.15*max(0,-0.580-X3) * max(0,X23-0.930) + 1.11*max(0,X21-1.23) * max(0,X20-1.34) - 1.08*max(0,X3-0.869) * max(0,X23-0.930) - 1.04*max(0,-1.34-X0) * max(0,X16-1.14) + 1.04*max(0,X23-0.930) * max(0,X0-1.04) + 1.02*max(0,X4-0.330) * max(0,X16-1.14) + 1.01*max(0,-0.580-X3) * max(0,X14-1.30) - 0.937*max(0,X0+0.154) + 0.882*max(0,-1.06-X5) + 0.840*max(0,-1.01-X11) * max(0,X20-1.34) + 0.835*max(0,-0.455-X6) * max(0,X3-1.35) - 0.816*max(0,X12-1.34) - 0.801*max(0,X4-0.330) * max(0,X20-1.34) + 0.787*max(0,X2-0.800) + 0.777*max(0,X1+0.112) * max(0,X14-1.30) + 0.755*max(0,X4-1.24) * max(0,X4-0.785) - 0.720*max(0,X21-1.23) + 0.704*max(0,X4-0.330) * max(0,-1.06-X5) + 0.701*max(0,X4-0.330) * max(0,X1-0.779) + 0.671*max(0,X21-1.23) * max(0,X3-0.869) + 0.610*max(0,X11-0.757) * max(0,X8-0.767) - 0.595*max(0,-0.978-X20) - 0.560*max(0,X1+0.112) * max(0,-0.455-X6) - 0.557*max(0,X16-0.693) * max(0,X23-0.930) - 0.548*max(0,X7-1.09) * max(0,X1-0.779) - 0.502*max(0,X11-0.757) * max(0,X23-0.930) + 0.489*max(0,X7-1.09) * max(0,X4-0.330) - 0.489*max(0,X16-0.693) * max(0,X20-1.34) - 0.467*max(0,X1+0.112) * max(0,X4-0.785) + 0.462*max(0,X23-0.930) * max(0,X1-0.779) + 0.451*max(0,X14-1.30) - 0.439*max(0,-1.20-X7) * max(0,X16-0.693) + 0.425*max(0,-1.01-X11) * max(0,X8-0.767) + 0.422*max(0,-1.34-X0) * max(0,X11-0.757) + 0.404*max(0,-0.455-X6) * max(0,X4-0.785) + 0.399*max(0,-0.455-X6) * max(0,X11-0.757) - 0.396*max(0,X12-1.34) * max(0,-1.20-X7) - 0.385*max(0,X1+0.112) * max(0,-1.20-X7) + 0.358*max(0,-0.580-X3) * max(0,X20-1.34) + 0.331*max(0,X3+0.0966) - 0.320*max(0,X5-1.30) - 0.318*max(0,0.386-X3) - 0.316*max(0,-0.455-X6) * max(0,X16-1.14) + 0.301*max(0,-0.571-X11) + 0.300*max(0,-0.580-X3) * max(0,X11-0.757) + 0.298*max(0,X7-1.09) * max(0,-1.01-X11) - 0.298*max(0,X24-1.20) + 0.296*max(0,-1.09-X18) - 0.289*max(0,X9-1.22) - 0.272*max(0,X10-1.55) + 0.268*max(0,X21-1.23) * max(0,X4-0.330) + 0.261*max(0,X1-0.779) * max(0,X20-1.34) + 0.256*max(0,-0.0873-X2) + 0.252*max(0,X11-0.757) * max(0,X1-0.779) - 0.251*max(0,-0.750-X0) + 0.245*max(0,X7-1.09) * max(0,X16-0.693) - 0.231*max(0,-1.05-X9) - 0.193*max(0,-0.895-X10) - 0.186*max(0,-0.580-X3) * max(0,-0.455-X6) + 0.181*max(0,X11-0.757) + 0.180*max(0,-1.34-X0) * max(0,X23-0.930) - 0.179*max(0,X7-1.09) * max(0,X8-0.767) + 0.176*max(0,0.414-X13) + 0.172*max(0,-0.994-X19) + 0.170*max(0,-1.34-X0) + 0.154*max(0,-0.455-X6) * max(0,X4-0.330) - 0.149*max(0,-0.0732-X19) + 0.139*max(0,-0.988-X21) - 0.136*max(0,X20-0.410) + 0.131*max(0,-0.580-X3) * max(0,X4-0.330) + 0.128*max(0,-1.20-X7) * max(0,-1.06-X5) - 0.124*max(0,-0.580-X3) * max(0,-1.20-X7) - 0.120*max(0,0.785-X4) + 0.116*max(0,X6-1.42) - 0.102*max(0,X1+0.112) * max(0,-0.580-X3) - 0.0998*max(0,-1.07-X17) + 0.0976*max(0,-1.20-X7) * max(0,X4-0.330) + 0.0826*max(0,X15+0.227) + 0.0810*max(0,-0.588-X5) + 0.0791*max(0,-0.740-X7) + 0.0759*max(0,X4-0.330) + 0.0702*max(0,-0.128-X11) + 0.0699*max(0,-1.01-X11) * max(0,X23-0.930) + 0.0636*max(0,X16-0.693) * max(0,X8-0.767) - 0.0610*max(0,0.284-X24) + 0.0603*max(0,X18+0.210) - 0.0580*max(0,X7-0.173) - 0.0568*max(0,0.353-X5) - 0.0551*max(0,X8+0.110) - 0.0534*max(0,X8-0.767) - 0.0468*max(0,0.323-X22) - 0.0462*max(0,X12-1.34) * max(0,X0-1.04) + 0.0455*max(0,0.828-X14) + 0.0435*max(0,X17+0.640) + 0.0429*max(0,X19-1.31) + 0.0392*max(0,X1+0.112) * max(0,X0-1.04) + 0.0392*max(0,X11+0.128) - 0.0348*max(0,X13+0.0618) - 0.0320*max(0,X9+0.593) + 0.0303*max(0,-0.940-X12) - 0.0255*max(0,X13-0.890) + 0.0194*max(0,-0.283-X7) + 0.0124*max(0,X23-0.438) + 0.00892*max(0,X5-0.353) + 0.00561*max(0,X12+0.485) - 0.00232*max(0,-0.580-X3) * max(0,-1.01-X11) + 0.00210*max(0,X16-0.243) + 0.00126*max(0,X16+0.659)"
ffx,621_fri_c0_100_10,ok,-75.964618,9.016518,734,16.72,,"0.420 + 109*max(0,X1-0.803) * max(0,X6-1.49) - 6.94*max(0,-1.12-X3) * max(0,X9-1.10) + 6.23*max(0,X2-0.196) * max(0,X4-1.19) + 5.56*max(0,X2-1.13) * max(0,-0.583-X8) - 3.83*max(0,X9-0.185) * max(0,X1-1.23) - 3.57*max(0,X2-1.13) * max(0,X6-1.04) + 3.13*max(0,-1.21-X2) * max(0,-0.583-X8) - 2.07*max(0,X9-0.641) * max(0,-1.21-X2) - 2.00*max(0,-0.153-X7) * max(0,X1-1.23) - 1.74*max(0,-0.0461-X5) * max(0,X9-1.10) - 1.39*max(0,-1.04-X8) * max(0,X6-1.04) - 1.06*max(0,X2-1.13) * max(0,-0.153-X7) - 0.809*max(0,-0.894-X1) - 0.737*max(0,-1.12-X3) * max(0,-0.272-X2) + 0.689*max(0,X6-1.49) * max(0,X6-1.04) + 0.679*max(0,-0.0461-X5) * max(0,-1.04-X8) + 0.615*max(0,-0.153-X7) * max(0,-0.518-X0) + 0.571*max(0,-0.153-X7) * max(0,-0.933-X5) - 0.561*max(0,0.379-X1) + 0.554*abs(X2) + 0.542*max(0,-1.12-X3) * max(0,-0.518-X0) + 0.537*max(0,-1.08-X7) - 0.497*max(0,X2-1.13) * max(0,-0.518-X0) - 0.488*max(0,-0.0730-X0) + 0.436*max(0,X7-1.24) + 0.431*max(0,-0.774-X6) - 0.403*max(0,-1.12-X3) * max(0,-0.153-X7) + 0.401*max(0,X0-0.373) - 0.399*max(0,X4-1.19) * max(0,-0.272-X2) - 0.395*max(0,X5-1.28) - 0.384*max(0,0.677-X3) + 0.369*max(0,X9-0.641) * abs(X2) - 0.363*max(0,-1.18-X9) - 0.359*max(0,-0.933-X5) * max(0,-0.272-X2) + 0.345*max(0,-1.12-X3) * max(0,-0.933-X5) - 0.304*max(0,-1.04-X8) * max(0,-0.583-X8) + 0.294*max(0,-1.12-X3) * max(0,-0.489-X5) - 0.266*max(0,-0.153-X7) * max(0,-0.121-X8) - 0.264*max(0,-0.518-X0) - 0.256*max(0,0.743-X4) + 0.255*max(0,X2-0.196) * max(0,-0.121-X8) + 0.253*max(0,X5-0.840) + 0.201*max(0,X3-0.228) - 0.184*max(0,X1-0.803) * max(0,-0.272-X2) + 0.160*max(0,X1+0.470) - 0.153*max(0,-0.518-X0) * max(0,-1.21-X2) + 0.137*max(0,-0.489-X5) * max(0,-0.933-X5) - 0.125*abs(X6) - 0.109*max(0,-1.03-X4) - 0.105*max(0,X4-1.19) * max(0,-0.121-X8) + 0.0956*max(0,X4-0.300) + 0.0885*max(0,X9-0.641) - 0.0861*max(0,-0.671-X3) + 0.0840*max(0,X3+1.12) - 0.0487*abs(X7) * max(0,-1.21-X2) - 0.0451*max(0,X9+0.270) - 0.0301*max(0,X1-0.803) * max(0,-0.153-X7) - 0.0281*max(0,-0.153-X7) * abs(X2) + 0.0277*max(0,X8-1.27) - 0.0224*max(0,X2+1.21) + 0.0220*max(0,X8-0.341) - 0.0158*max(0,0.585-X6) + 0.0158*max(0,X5+0.489) - 0.0113*max(0,-0.153-X7) * max(0,-0.272-X2) - 0.0102*max(0,X9-0.185) * max(0,X1-0.803) + 0.00938*max(0,0.641-X9) - 0.00925*max(0,0.132-X6) - 0.00703*max(0,X2-0.196) * max(0,X2-1.13) + 0.00387*max(0,0.775-X7) + 0.00311*X5**2"
ffx,622_fri_c2_1000_50,ok,0.410826,0.733125,1398,46.13,,"1.06 + 21.8*max(0,X9-1.13) * max(0,X45-1.35) - 12.5*max(0,X41-1.41) * max(0,X23-1.32) - 12.2*max(0,X1-1.33) * max(0,X0-1.80) - 6.39*max(0,X18-1.23) * max(0,X1-0.880) + 6.26*max(0,X41-1.41) * max(0,X0-1.20) - 3.63*max(0,-0.961-X15) * max(0,X41-1.41) + 3.50*max(0,X11-1.53) * max(0,X41-1.41) + 3.26*max(0,X9-1.13) * max(0,X18-1.23) + 3.08*max(0,X47-1.11) * max(0,X0-1.20) + 2.98*max(0,X1-1.33) + 2.61*max(0,X0-1.20) + 2.55*max(0,X10-1.16) * max(0,X17-1.20) + 2.46*max(0,X11-1.53) * max(0,X23-1.32) + 2.45*max(0,-1.06-X18) * max(0,X17-1.20) - 2.22*max(0,X3-1.24) * max(0,X23-1.32) - 2.17*max(0,X9-1.13) * max(0,X3-1.24) + 1.86*max(0,X10-1.16) * max(0,X18-1.23) + 1.84*max(0,X17-1.20) * max(0,X0-1.20) - 1.82*max(0,X11-1.53) * max(0,-1.19-X19) - 1.68*max(0,X1+0.0185) + 1.62*max(0,X18-1.23) * max(0,X41-1.41) + 1.58*max(0,X3-1.24) * max(0,X47-1.11) + 1.56*max(0,X9-1.13) * max(0,X17-1.20) - 1.53*max(0,X45-1.35) * max(0,-0.468-X1) - 1.51*max(0,X10-1.16) * max(0,X45-1.35) + 1.48*max(0,X0-0.0181) * max(0,-0.468-X1) - 1.47*max(0,X10-1.16) * max(0,-1.19-X19) - 1.42*max(0,X31-1.35) * max(0,X45-1.35) + 1.41*max(0,X9-1.13) * max(0,-1.06-X18) - 1.32*max(0,X9-1.13) * max(0,-1.19-X19) + 1.24*max(0,X0-0.0181) * max(0,X1-0.880) + 1.24*max(0,X31-1.35) * max(0,X17-1.20) - 1.20*max(0,X10-1.16) * max(0,-0.961-X15) - 1.19*max(0,X47-1.11) * max(0,-1.19-X19) - 1.14*max(0,X6-0.651) * max(0,-1.19-X19) + 1.12*max(0,X31-1.35) * max(0,X9-1.13) - 1.09*max(0,X1-1.33) * max(0,X0-1.20) + 1.09*max(0,-0.184-X2) * max(0,X18-1.23) + 1.02*max(0,X0+0.574) * max(0,X23-1.32) - 1.01*max(0,-0.468-X1) - 0.998*max(0,X3-1.24) * max(0,-0.468-X1) + 0.972*max(0,X6-0.651) * max(0,X11-1.53) + 0.846*max(0,X1+0.0185) * max(0,X1-1.33) + 0.757*max(0,X11-1.53) * max(0,-0.961-X15) - 0.745*max(0,X6-0.651) * max(0,-0.961-X15) - 0.718*max(0,-1.19-X19) * max(0,X45-1.35) - 0.677*max(0,X0+0.574) * max(0,-0.961-X15) + 0.658*max(0,X9-1.13) * max(0,X23-1.32) - 0.593*max(0,X18-1.23) * max(0,X45-1.35) - 0.520*max(0,X0+0.574) + 0.507*max(0,-0.184-X2) * max(0,X17-1.20) - 0.506*max(0,-0.961-X15) * max(0,X45-1.35) - 0.472*max(0,X47-1.11) * max(0,X1+0.0185) - 0.458*max(0,X39-1.23) + 0.450*max(0,-1.19-X19) * max(0,X23-1.32) + 0.444*max(0,X9-1.13) * max(0,-0.184-X2) + 0.435*max(0,X3+1.22) - 0.406*max(0,-1.06-X18) * max(0,X1+0.0185) + 0.400*max(0,-0.777-X2) + 0.379*max(0,-0.961-X15) * max(0,X17-1.20) + 0.347*max(0,X6-0.651) * max(0,X47-1.11) + 0.344*max(0,-0.961-X15) * max(0,-1.19-X19) - 0.341*max(0,X41-1.41) * max(0,-0.468-X1) + 0.323*max(0,-0.184-X2) - 0.311*max(0,-1.17-X0) - 0.289*max(0,X0+0.574) * max(0,-1.06-X18) + 0.268*max(0,X17-1.20) - 0.266*max(0,-1.10-X36) - 0.226*max(0,X38-1.39) - 0.217*max(0,-0.989-X39) - 0.205*max(0,X0-0.0181) - 0.204*max(0,X9-1.13) * max(0,X1+0.0185) + 0.198*max(0,-0.184-X2) * max(0,-1.19-X19) + 0.192*max(0,X6-0.651) + 0.180*max(0,X6-0.651) * max(0,X45-1.35) + 0.166*max(0,X3-1.24) * max(0,-1.19-X19) - 0.164*max(0,-1.06-X18) * max(0,-0.961-X15) + 0.158*max(0,X6-0.651) * max(0,-1.06-X18) + 0.156*max(0,X6-1.09) - 0.154*max(0,X29-1.27) - 0.154*max(0,X28+0.0935) - 0.146*max(0,-1.03-X43) - 0.136*max(0,-0.433-X45) + 0.136*max(0,X31-1.35) * max(0,X18-1.23) + 0.124*max(0,X0+0.574) * max(0,X1-0.880) - 0.123*max(0,-0.665-X42) + 0.123*max(0,X9-1.13) * max(0,X47-1.11) + 0.120*max(0,-0.581-X24) + 0.119*max(0,X46-0.851) - 0.117*max(0,0.864-X4) - 0.114*max(0,0.413-X12) - 0.113*max(0,X49-0.826) - 0.111*max(0,0.403-X4) + 0.110*max(0,X13-1.49) - 0.100*max(0,0.461-X16) - 0.0978*max(0,X15+0.504) - 0.0870*max(0,X32-0.413) - 0.0837*max(0,X20-1.20) - 0.0708*max(0,X22-0.460) - 0.0561*max(0,-0.503-X11) + 0.0528*max(0,X44-0.837) - 0.0463*max(0,0.0478-X13) + 0.0456*max(0,X6-0.651) * max(0,X0+0.574) + 0.0452*max(0,X20+0.155) + 0.0445*max(0,X2-1.00) + 0.0442*max(0,X47-1.11) * max(0,-0.468-X1) - 0.0419*max(0,-0.511-X44) - 0.0418*max(0,X42-0.261) + 0.0379*max(0,-0.636-X23) - 0.0360*max(0,1.02-X11) + 0.0360*max(0,X47+0.527) + 0.0332*max(0,X33+0.949) - 0.0315*max(0,X48-0.790) + 0.0302*max(0,X26-0.831) - 0.0293*max(0,X7-0.264) - 0.0293*max(0,X34+0.205) + 0.0266*max(0,-0.184-X2) * max(0,X0+0.574) - 0.0258*max(0,-0.662-X10) + 0.0249*max(0,X45-0.457) - 0.0247*max(0,0.449-X27) + 0.0233*max(0,-1.03-X30) + 0.0232*max(0,X5+0.600) - 0.0229*max(0,-0.0362-X32) + 0.0218*max(0,-0.921-X22) + 0.0191*max(0,-1.06-X18) * max(0,X41-1.41) - 0.0176*max(0,-0.674-X34) + 0.0171*max(0,-1.06-X18) * max(0,-0.468-X1) + 0.0163*max(0,-0.994-X9) + 0.0157*max(0,0.350-X48) - 0.0148*max(0,X8+0.192) + 0.0133*max(0,X25-0.522) + 0.00624*max(0,-0.576-X37) + 0.00602*max(0,X40-0.409) + 0.00516*max(0,X21+0.581) - 0.00376*max(0,X0+0.574) * max(0,-1.19-X19) - 0.00374*max(0,X35+0.122) - 0.00146*max(0,1.13-X9) - 7.16e-5*max(0,1.11-X47)"
ffx,623_fri_c4_1000_10,ok,-1.912921,1.344519,1928,23.54,,"1.76 + 42.7*max(0,-0.175-X7) * max(0,X5-2.35) - 35.4*max(0,X5-2.35) * max(0,X3-0.0914) + 17.8*max(0,-0.370-X3) * max(0,X0-1.51) - 15.3*max(0,-0.456-X9) * max(0,X0-1.51) - 13.0*max(0,-0.695-X0) * max(0,X3-1.47) - 12.3*max(0,-0.456-X9) * max(0,X4-3.51) - 8.24*max(0,X3-1.47) * max(0,X1-0.823) - 7.62*max(0,X3-1.47) * max(0,X0-0.956) + 5.02*max(0,X1-0.823) - 4.69*max(0,-0.456-X9) * max(0,X2-2.39) - 4.52*max(0,-1.24-X0) - 4.34*max(0,-0.175-X7) * max(0,X0-1.51) + 4.04*max(0,X3-1.01) * max(0,X0-0.956) + 4.04*max(0,-0.438-X6) * max(0,X0-1.51) + 3.93*max(0,-1.24-X0) * max(0,-0.528-X1) - 2.83*max(0,-0.438-X6) * max(0,X3-1.47) + 2.79*X3 * max(0,X0-1.51) - 2.78*max(0,X3-1.01) * max(0,-0.438-X6) - 2.70*max(0,-0.438-X6) * max(0,-0.528-X1) + 2.65*max(0,-0.175-X7) * max(0,-1.24-X0) - 2.60*max(0,-0.528-X1) * max(0,-0.370-X3) + 2.46*max(0,X3-1.47) + 2.32*max(0,0.00886-X6) * max(0,-0.528-X1) + 2.23*max(0,-0.370-X3) * max(0,X1-0.823) + 2.07*max(0,-0.456-X9) * max(0,X1-0.823) + 1.96*max(0,-0.175-X7) * max(0,X3-1.01) + 1.90*max(0,X0-0.956) * max(0,X1-0.823) + 1.87*max(0,-0.456-X9) * max(0,-0.370-X3) - 1.86*max(0,X0+0.144) - 1.77*abs(X3) - 1.77*max(0,-0.175-X7) * max(0,X0-0.956) - 1.74*max(0,-0.528-X1) + 1.72*max(0,X0-0.956) - 1.71*max(0,-0.695-X0) - 1.70*max(0,X7-1.31) - 1.67*max(0,0.00886-X6) * max(0,-1.24-X0) - 1.60*max(0,-0.175-X7) * max(0,X5-1.62) + 1.59*max(0,-0.152-X2) - 1.50*max(0,0.0914-X3) * max(0,X1-0.823) - 1.42*max(0,-0.695-X0) * max(0,-0.438-X6) - 1.37*max(0,X9-1.35) - 1.36*max(0,-1.16-X7) + 1.36*abs(X7) * max(0,X0-0.956) + 1.33*max(0,-0.528-X1) * max(0,0.0914-X3) + 1.33*abs(X7) * max(0,-1.24-X0) + 1.32*max(0,X5-1.62) * max(0,X3-0.0914) + 1.32*max(0,X9-0.447) + 1.31*max(0,X5-1.62) + 1.29*max(0,0.00886-X6) * max(0,X1-0.823) - 1.27*abs(X1) - 1.17*max(0,-0.438-X6) * max(0,X1-0.823) + 1.16*max(0,0.00886-X6) * max(0,0.0914-X3) - 1.15*abs(X2) - 1.15*abs(X7) + 1.13*max(0,0.823-X1) + 1.08*max(0,X0-0.406) - 1.07*max(0,0.0914-X3) * max(0,X0-0.956) - 1.07*max(0,X5-1.62) * max(0,-0.370-X3) - 1.05*max(0,X2-1.76) + 0.986*max(0,X3-0.0914) - 0.979*max(0,-0.676-X8) - 0.955*abs(X8) - 0.946*max(0,-0.907-X9) - 0.910*abs(X7) * max(0,X3-1.01) + 0.887*max(0,0.0914-X3) + 0.856*max(0,-0.695-X0) * max(0,-0.528-X1) + 0.846*max(0,-0.456-X9) + 0.835*max(0,X2-1.12) * max(0,X0-0.956) - 0.829*max(0,X8-1.17) - 0.798*max(0,-0.669-X7) + 0.795*max(0,-0.695-X0) * abs(X3) - 0.779*max(0,X3-1.01) * max(0,-1.24-X0) + 0.762*max(0,X2+0.152) - 0.750*abs(X7) * max(0,X4-3.51) - 0.746*max(0,-0.788-X2) + 0.742*max(0,X8-0.249) - 0.728*max(0,-0.830-X3) - 0.712*abs(X9) + 0.705*max(0,-0.456-X9) * max(0,-0.438-X6) - 0.694*abs(X7) * max(0,-0.528-X1) + 0.682*X8**2 + 0.668*max(0,X7+0.175) + 0.665*max(0,-0.438-X6) * X3 - 0.657*max(0,X8+0.214) + 0.655*X7**2 + 0.648*X3 * max(0,X0-0.956) + 0.630*max(0,-0.978-X1) - 0.627*max(0,-0.456-X9) * abs(X3) - 0.622*max(0,X2-1.12) * max(0,X1-0.823) + 0.614*max(0,-0.456-X9) * max(0,X2-1.12) - 0.605*max(0,-0.175-X7) * max(0,X2-1.12) + 0.596*max(0,-0.456-X9) * max(0,X3-1.47) - 0.587*max(0,-0.438-X6) * max(0,0.0914-X3) - 0.586*max(0,X9-0.898) + 0.581*max(0,X4-0.328) - 0.560*max(0,X3-1.01) * max(0,-0.528-X1) + 0.551*max(0,-0.370-X3) * abs(X3) - 0.537*max(0,-0.438-X6) + 0.537*max(0,-0.466-X4) - 0.518*abs(X4) + 0.490*max(0,-0.456-X9) * X3 + 0.485*max(0,-0.175-X7) * abs(X7) - 0.480*max(0,X5-2.35) + 0.473*max(0,X3+0.370) - 0.445*max(0,-0.456-X9) * max(0,X0-0.956) + 0.427*max(0,-0.175-X7) * max(0,-0.528-X1) + 0.409*max(0,-0.175-X7) + 0.408*max(0,X2-1.12) * abs(X7) - 0.391*max(0,-0.438-X6) * max(0,X0-0.956) + 0.387*X2**2 - 0.386*max(0,X6-0.455) - 0.382*max(0,-0.175-X7) * max(0,-0.456-X9) + 0.380*max(0,-0.175-X7) * max(0,X3-1.47) + 0.355*max(0,-0.528-X1) * abs(X3) - 0.351*max(0,X3-1.47) * max(0,X4-3.51) + 0.347*max(0,-0.370-X3) * max(0,X0-0.956) - 0.341*max(0,X1-0.373) - 0.315*max(0,X7+0.669) - 0.310*max(0,X1-1.27) - 0.294*max(0,X1+0.528) - 0.294*max(0,X7-0.814) + 0.279*max(0,X4-1.12) - 0.276*max(0,X9+0.00450) - 0.268*max(0,-0.175-X7) * max(0,X1-0.823) - 0.261*abs(X7) * max(0,-0.438-X6) + 0.260*X9**2 - 0.249*abs(X7) * max(0,X1-0.823) + 0.246*abs(X7) * max(0,X3-0.0914) - 0.241*max(0,X4-1.92) + 0.241*max(0,-0.695-X0) * max(0,0.0914-X3) - 0.229*max(0,-0.456-X9) * max(0,X4-2.71) + 0.222*max(0,-0.884-X6) + 0.197*max(0,-0.438-X6) * max(0,X3-0.0914) + 0.196*max(0,0.249-X8) - 0.190*max(0,-0.00450-X9) + 0.186*max(0,X6-1.35) - 0.185*max(0,0.455-X6) + 0.185*max(0,0.00886-X6) * max(0,X3-1.01) - 0.184*max(0,1.47-X3) + 0.178*max(0,-0.695-X0) * max(0,-0.370-X3) - 0.177*max(0,X4-2.71) * max(0,X4-3.51) - 0.176*max(0,X0-1.51) * max(0,X4-3.51) - 0.176*max(0,X0-1.51) * max(0,X0-0.956) + 0.175*abs(X6) + 0.153*abs(X7) * max(0,-0.370-X3) - 0.151*max(0,-0.695-X0) * max(0,X3-1.01) + 0.135*max(0,-1.14-X8) - 0.135*max(0,X3-0.0914) * max(0,X1-0.823) + 0.129*max(0,X2-1.12) * max(0,0.00886-X6) - 0.129*max(0,-0.175-X7) * abs(X3) + 0.129*max(0,X2-1.12) + 0.122*max(0,0.00886-X6) * abs(X7) - 0.121*X3 * max(0,-0.370-X3) - 0.121*max(0,X5-0.155) + 0.115*max(0,-0.456-X9) * abs(X7) - 0.113*max(0,-0.175-X7) * max(0,X3-0.0914) - 0.112*max(0,0.155-X5) - 0.0935*abs(X7) * max(0,X4-2.71) - 0.0897*max(0,X5-1.62) * max(0,X1-0.823) + 0.0882*max(0,-0.528-X1) * max(0,X3-0.0914) - 0.0882*X4**2 - 0.0852*max(0,-0.438-X6) * max(0,-0.370-X3) - 0.0846*max(0,X3-1.47) * max(0,X4-2.71) - 0.0828*abs(X7) * max(0,X5-2.35) + 0.0702*max(0,-1.24-X0) * max(0,-0.370-X3) - 0.0607*max(0,X2-1.12) * max(0,X4-3.51) - 0.0546*abs(X0) - 0.0435*max(0,-0.576-X5) - 0.0432*max(0,0.00886-X6) * max(0,X4-3.51) + 0.0410*X5**2 - 0.0376*abs(X3) * max(0,X1-0.823) + 0.0374*max(0,-0.175-X7) * max(0,-0.438-X6) - 0.0282*max(0,X5-1.62) * max(0,X5-2.35) + 0.0204*max(0,0.447-X9) + 0.0171*max(0,-0.175-X7) * max(0,0.00886-X6) - 0.0105*max(0,X0-1.51) * max(0,X4-2.71) + 0.00949*max(0,X2-0.484) - 0.00921*max(0,0.00886-X6) * max(0,X4-2.71) - 0.00813*max(0,X2-1.12) * max(0,X4-2.71) - 0.00582*max(0,X0-0.956) * max(0,X4-2.71) - 0.00514*max(0,X0+0.695) + 0.00200*max(0,-0.695-X0) * max(0,X3-0.0914) - 0.00112*max(0,X1-0.823) * max(0,X4-3.51) + 0.000728*max(0,X6-0.00886) + 0.000578*max(0,-0.370-X3) * max(0,0.0914-X3) - 0.000414*max(0,0.00886-X6) * X3 - 1.21e-6*max(0,X1-0.823) * max(0,X4-2.71) - 3.70e-9*max(0,X0-0.956) * max(0,X4-3.51)"
ffx,624_fri_c0_100_5,ok,-3.600202,2.064279,1013,7.65,,"0.792 - 74.9*max(0,X2-1.54) * max(0,X1-1.30) + 26.5*max(0,X1-0.838) * max(0,X2-1.54) - 19.5*max(0,X1-0.838) * max(0,-1.03-X0) + 15.7*max(0,X4-1.19) * max(0,X2-1.54) - 11.7*max(0,-0.783-X2) * max(0,X1-1.30) - 11.0*max(0,-0.993-X1) * max(0,-1.03-X0) + 10.4*max(0,-1.03-X0) * max(0,X2-1.54) - 10.1*max(0,-0.783-X2) * max(0,-0.993-X1) + 9.89*max(0,-1.03-X0) * max(0,X4-1.19) + 9.11*max(0,-0.557-X0) * max(0,X4-1.19) - 8.77*max(0,-1.03-X0) * max(0,X4-0.753) + 3.92*max(0,X1-0.838) * max(0,-0.557-X0) + 3.51*max(0,-0.783-X2) * max(0,-0.0772-X1) + 3.28*max(0,-0.993-X1) * max(0,X4-0.753) + 3.24*max(0,X1-0.838) * max(0,X4-0.753) - 2.63*max(0,-0.557-X0) * max(0,X4-0.753) + 2.38*max(0,-0.993-X1) * max(0,X4-1.19) - 2.33*max(0,X1+0.0772) * max(0,-1.03-X0) - 2.24*max(0,-0.783-X2) * max(0,-0.557-X0) - 2.17*max(0,-0.993-X1) - 2.16*max(0,-0.783-X2) * max(0,X4-0.753) + 2.03*max(0,X4-1.19) * X2 + 1.91*max(0,X3-0.754) + 1.89*max(0,-0.993-X1) * max(0,-0.317-X2) - 1.82*max(0,X1-0.381) + 1.78*X1 * max(0,X2-1.54) - 1.60*max(0,-0.317-X2) * max(0,X4-1.19) - 1.59*max(0,X3-1.25) + 1.58*max(0,X1-0.838) * max(0,0.148-X2) - 1.53*max(0,-0.317-X2) * max(0,-0.557-X0) - 1.51*max(0,X2-1.08) - 1.45*max(0,-1.22-X3) - 1.41*max(0,-1.03-X0) * X2 + 1.41*max(0,-0.993-X1) * max(0,-0.557-X0) + 1.41*X1 * max(0,X4-0.753) - 1.35*max(0,X0-1.33) + 1.34*max(0,X4-0.753) + 1.32*max(0,X1-1.30) * max(0,X2-0.148) + 1.28*max(0,-1.01-X4) - 1.06*X1 * max(0,-1.03-X0) + 1.00*max(0,X1-0.838) * max(0,X1-1.30) - 0.997*max(0,-0.557-X0) * max(0,X1-1.30) - 0.969*max(0,X4-1.19) - 0.959*max(0,-1.03-X0) * abs(X2) + 0.901*max(0,-0.317-X2) + 0.893*max(0,-0.993-X1) * max(0,-0.0772-X1) + 0.802*max(0,X1-0.838) - 0.716*max(0,-0.535-X1) + 0.693*max(0,X2-1.54) * X2 + 0.636*max(0,-0.0772-X1) * max(0,-0.557-X0) - 0.563*max(0,X2-0.148) * max(0,X4-0.753) + 0.538*max(0,-0.566-X4) + 0.511*X2 * max(0,X1-1.30) - 0.501*abs(X4) + 0.469*X1 * max(0,X1-1.30) - 0.458*max(0,0.314-X4) - 0.431*max(0,0.381-X1) - 0.421*max(0,X4-0.314) + 0.408*max(0,X2+0.317) + 0.400*X1 * max(0,-0.317-X2) + 0.393*max(0,0.148-X2) * max(0,X4-0.753) - 0.375*max(0,-0.0772-X1) * abs(X2) + 0.357*max(0,-1.03-X0) * max(0,0.148-X2) + 0.353*max(0,X0+0.0843) - 0.265*max(0,-0.726-X3) - 0.239*abs(X3) + 0.234*max(0,X2-0.613) + 0.224*max(0,X0-0.860) + 0.217*max(0,X1+0.0772) * max(0,-0.557-X0) - 0.212*max(0,-0.783-X2) * max(0,X1-0.838) - 0.212*max(0,-1.03-X0) * max(0,X2-0.148) + 0.192*max(0,-0.557-X0) * max(0,X2-0.148) - 0.180*max(0,-0.783-X2) * max(0,-1.03-X0) - 0.175*X2 * max(0,X4-0.753) + 0.145*max(0,-0.0772-X1) - 0.145*max(0,X1+0.0772) * max(0,X2-0.148) - 0.139*max(0,-1.03-X0) * max(0,X1-1.30) + 0.112*max(0,-0.783-X2) + 0.0819*max(0,X1-0.838) * abs(X2) - 0.0711*max(0,-0.317-X2) * max(0,X4-0.753) + 0.0642*max(0,0.261-X3) - 0.0630*max(0,1.08-X2) + 0.0534*X0**2 - 0.0483*max(0,-0.993-X1) * X2 - 0.0351*max(0,-0.317-X2) * max(0,-1.03-X0) - 0.0348*X4**2 - 0.0330*max(0,-0.0772-X1) * X2 + 0.0327*max(0,-0.0843-X0) - 0.0247*max(0,X3+0.232) - 0.0244*max(0,X3+0.726) - 0.00989*X1**2 - 0.00188*max(0,-0.0772-X1) * max(0,X4-0.753) + 0.00114*max(0,X2-0.148) + 0.000301*max(0,X2-1.54) * max(0,X2-0.148)"
ffx,626_fri_c2_500_50,ok,-1.453522,1.434667,625,64.85,,0.332 + 0.787*abs(X46) * abs(X20) + 0.481*X38 * abs(X49) - 0.456*abs(X20) - 0.448*abs(X26) * abs(X33) - 0.417*X17 * abs(X31) + 0.413*abs(X47) * abs(X20) - 0.366*abs(X43) * abs(X42) - 0.345*X2 * abs(X42) + 0.328*X3 - 0.324*abs(X31) * abs(X33) + 0.311*abs(X13) * abs(X33) - 0.305*abs(X47) * abs(X46) - 0.300*X17 * abs(X33) - 0.299*X38 * X0 - 0.270*abs(X1) - 0.268*X38 - 0.256*X17 * X2 - 0.248*abs(X49) * abs(X5) + 0.247*abs(X49) * abs(X26) + 0.241*abs(X31) * abs(X26) - 0.240*X27 * X0 - 0.229*X27 * abs(X46) - 0.227*abs(X5) * X3 - 0.225*X38 * abs(X47) + 0.217*X17 * abs(X42) + 0.215*abs(X37) + 0.201*abs(X3) - 0.198*X25**2 - 0.191*abs(X47) * X1 + 0.190*abs(X15) - 0.187*abs(X49) * abs(X46) - 0.177*abs(X26) * abs(X42) + 0.172*X29 + 0.162*X17 * X1 - 0.160*X0 * abs(X5) + 0.160*abs(X8) + 0.159*X0 * abs(X43) - 0.156*abs(X33) * abs(X42) + 0.153*X0 * X3 - 0.152*abs(X21) + 0.151*X32**2 + 0.144*X14 - 0.142*X12 + 0.142*abs(X18) + 0.138*X35**2 + 0.135*X26 + 0.134*X8 - 0.134*X19 - 0.133*abs(X5) * X1 + 0.133*abs(X27) + 0.131*X1 * abs(X20) - 0.117*abs(X31) * X0 + 0.116*abs(X10) + 0.116*X31 + 0.115*X17 * abs(X26) + 0.114*abs(X13) * X0 - 0.113*abs(X13) * abs(X20) + 0.112*X33**2 + 0.110*X49 - 0.110*X38 * abs(X26) + 0.107*abs(X47) * X3 - 0.106*X24 + 0.106*abs(X24) - 0.102*X5 - 0.100*abs(X5) * abs(X20) + 0.0996*abs(X26) * abs(X43) - 0.0992*X9**2 - 0.0988*X43 - 0.0985*abs(X31) * abs(X5) - 0.0980*abs(X43) * abs(X20) - 0.0948*X11**2 - 0.0921*X15 + 0.0919*X27 * X2 + 0.0894*X2 * abs(X20) - 0.0886*X40 - 0.0879*X39**2 - 0.0879*X38 * abs(X20) - 0.0878*abs(X12) - 0.0875*X7**2 - 0.0873*abs(X26) * X1 - 0.0853*abs(X0) + 0.0846*abs(X46) * X0 + 0.0831*abs(X13) * abs(X43) + 0.0823*X36**2 - 0.0819*X16**2 - 0.0800*X22**2 + 0.0786*X9 + 0.0775*X25 - 0.0747*abs(X4) + 0.0740*X39 + 0.0724*abs(X31) * abs(X43) + 0.0706*X17 * abs(X47) + 0.0680*X17 * abs(X5) + 0.0656*abs(X38) - 0.0646*X35 - 0.0638*X23 - 0.0631*X28**2 + 0.0623*X2 - 0.0620*X38 * abs(X42) - 0.0601*X38 * X17 + 0.0591*X28 + 0.0556*X4 + 0.0540*X38 * X3 - 0.0526*X20 + 0.0509*abs(X14) - 0.0494*X2 * abs(X5) + 0.0472*abs(X26) * abs(X13) - 0.0458*abs(X41) + 0.0458*abs(X31) * abs(X20) - 0.0454*X42 + 0.0453*X34 + 0.0441*abs(X43) * X3 + 0.0436*X48 - 0.0431*abs(X2) + 0.0349*abs(X48) - 0.0346*X44 - 0.0340*X30 - 0.0329*X19**2 + 0.0325*X6**2 + 0.0307*abs(X23) - 0.0306*X0 * abs(X33) + 0.0305*X36 - 0.0302*X33 - 0.0296*X27 * abs(X49) - 0.0281*X46**2 - 0.0258*abs(X46) * X3 + 0.0236*X27 * abs(X5) - 0.0219*X0 * abs(X42) + 0.0206*X11 + 0.0181*X6 - 0.0146*abs(X49) * X1 - 0.0141*X13 + 0.0128*X16 + 0.0128*abs(X31) * X3 - 0.0126*abs(X47) * abs(X33) - 0.0114*X34**2 - 0.00883*abs(X42) - 0.00689*X27 * abs(X31) - 0.00525*X46 - 0.00386*X47 + 0.00341*X27 * X3 + 0.00212*X32 - 0.000968*X27 * abs(X20) + 0.000391*X41 - 4.14e-5*X3 * abs(X42)
ffx,627_fri_c2_500_10,ok,-0.248149,0.981479,1642,17.04,,"1.46 + 8.56*max(0,X6-1.27) * max(0,X1-0.803) + 6.85*max(0,X4-1.19) * max(0,X1-0.803) + 4.76*max(0,X4+0.159) * max(0,X0-0.952) - 4.00*max(0,X4-1.19) * max(0,X0-0.952) - 3.30*max(0,X4-0.291) * max(0,X0-0.952) + 3.12*max(0,X6-1.27) * max(0,-0.159-X4) + 3.10*max(0,X5-1.24) - 2.93*max(0,X5-0.800) - 2.90*max(0,-0.0678-X7) * max(0,X1-0.803) - 2.56*max(0,X4-1.19) * abs(X9) - 2.49*max(0,X4-1.19) * max(0,X9-0.364) + 2.32*max(0,X0-0.952) * max(0,-0.159-X4) - 2.23*max(0,X2-2.11) + 2.09*max(0,X0-0.952) * max(0,X1-0.803) + 2.00*max(0,X6-1.27) * abs(X9) + 1.94*abs(X1) * max(0,X1-0.803) - 1.76*max(0,X6-1.27) * abs(X5) - 1.52*max(0,X9-0.364) * max(0,-0.159-X4) + 1.49*max(0,X5-0.800) * max(0,-0.162-X0) + 1.44*max(0,-0.0678-X7) * max(0,X4-0.291) + 1.43*max(0,X6-1.27) * max(0,X9-0.364) - 1.42*max(0,X5-0.800) * max(0,X4-1.19) + 1.41*max(0,-0.553-X1) * max(0,X4-0.291) - 1.40*max(0,X6-1.27) * max(0,X5+0.0804) + 1.32*max(0,X1-0.803) - 1.26*max(0,X0+0.162) + 1.25*max(0,X5-0.800) * max(0,X0-0.952) - 1.25*max(0,-0.159-X4) * max(0,X1-0.803) - 1.21*max(0,-0.553-X1) - 1.18*max(0,-0.553-X1) * max(0,-0.0678-X7) - 1.12*max(0,X9-0.364) * max(0,X0-0.952) - 1.11*max(0,X6-1.27) * max(0,X0-0.952) - 1.08*max(0,-0.162-X0) * max(0,X4-1.19) - 1.05*max(0,-0.0869-X9) * max(0,X1-0.803) + 1.01*max(0,-1.06-X4) + 1.00*max(0,-1.00-X1) + 0.961*max(0,X5-0.800) * abs(X4) - 0.949*abs(X1) + 0.933*max(0,X3-1.32) + 0.912*max(0,X4-0.742) + 0.901*max(0,X9-0.364) * max(0,X1-0.803) + 0.867*abs(X1) * max(0,-0.0678-X7) - 0.859*max(0,-0.630-X6) - 0.814*max(0,-0.0678-X7) * max(0,X4+0.159) + 0.766*max(0,X4-1.19) - 0.715*X1 + 0.671*max(0,-0.720-X0) - 0.655*max(0,-0.537-X9) - 0.649*abs(X1) * max(0,-0.162-X0) - 0.600*max(0,X5-0.800) * abs(X5) + 0.593*max(0,-0.553-X1) * max(0,X9-0.364) - 0.584*max(0,X5-0.800) * max(0,X4+0.159) + 0.583*max(0,X2-1.38) + 0.565*max(0,X9+0.0869) * abs(X4) - 0.559*max(0,-0.553-X1) * max(0,X4+0.159) + 0.542*max(0,-1.10-X6) - 0.533*max(0,X5+0.0804) * max(0,-0.159-X4) + 0.517*max(0,X5-0.800) * max(0,-0.0678-X7) - 0.509*max(0,X1+0.553) - 0.499*max(0,-0.935-X3) + 0.492*max(0,-1.28-X0) + 0.479*max(0,X4-1.19) * max(0,-0.0804-X5) + 0.469*abs(X1) * max(0,X0-0.952) - 0.464*max(0,X4-0.291) * abs(X9) + 0.451*abs(X5) * max(0,X0-0.952) - 0.448*max(0,X6-1.27) - 0.441*max(0,X0-0.952) + 0.415*max(0,-0.155-X6) + 0.409*max(0,-0.837-X2) + 0.388*max(0,-0.553-X1) * max(0,X9+0.0869) + 0.376*max(0,-0.501-X8) + 0.347*max(0,X6-1.27) * max(0,X9+0.0869) + 0.342*max(0,X5-0.800) * max(0,-0.0869-X9) + 0.331*max(0,-0.0869-X9) * max(0,X0-0.952) + 0.326*max(0,X9-0.364) * max(0,-0.0804-X5) - 0.323*max(0,-0.0804-X5) * max(0,X4-0.291) + 0.319*abs(X9) * abs(X4) + 0.318*abs(X1) * abs(X5) - 0.317*max(0,X9+0.537) - 0.316*max(0,X5+0.0804) * max(0,X4-0.291) + 0.301*max(0,X3-0.418) + 0.292*max(0,-0.162-X0) * max(0,X9-0.364) + 0.290*max(0,-0.162-X0) * max(0,X6-1.27) - 0.286*max(0,-0.957-X7) + 0.284*max(0,0.638-X2) - 0.271*max(0,-0.0678-X7) * max(0,-0.159-X4) + 0.256*abs(X5) * abs(X9) - 0.254*max(0,0.291-X4) - 0.247*max(0,X4-0.291) - 0.246*max(0,-0.553-X1) * max(0,X5+0.0804) - 0.235*max(0,X7-0.821) - 0.235*abs(X1) * max(0,X9-0.364) + 0.233*max(0,X5+0.521) - 0.219*abs(X1) * abs(X9) - 0.215*max(0,-0.961-X5) - 0.215*max(0,-0.162-X0) * max(0,X9+0.0869) + 0.205*max(0,X5-0.800) * abs(X9) - 0.203*max(0,X5-0.800) * max(0,X1-0.803) - 0.201*max(0,-0.162-X0) + 0.199*max(0,-0.162-X0) * max(0,-0.0804-X5) - 0.196*max(0,0.869-X3) + 0.194*max(0,-0.0869-X9) * max(0,X4+0.159) - 0.193*max(0,-0.610-X4) - 0.192*max(0,-0.553-X1) * max(0,-0.0804-X5) + 0.184*max(0,-0.0869-X9) + 0.181*max(0,X4-1.19) * abs(X5) - 0.181*max(0,0.800-X5) - 0.178*X9 * max(0,X4+0.159) - 0.177*max(0,-0.162-X0) * max(0,X5+0.0804) + 0.176*max(0,X0-0.952) * abs(X4) - 0.173*max(0,X9-0.814) + 0.168*max(0,-0.0678-X7) * max(0,X9+0.0869) + 0.146*max(0,-0.0678-X7) * max(0,X4-1.19) - 0.145*max(0,-0.938-X8) + 0.137*max(0,X5-0.800) * max(0,X9+0.0869) - 0.133*max(0,-0.553-X1) * abs(X5) - 0.129*max(0,-0.988-X9) - 0.128*abs(X7) + 0.115*max(0,0.351-X1) - 0.114*max(0,-0.0678-X7) - 0.101*max(0,-0.0678-X7) * abs(X5) - 0.0994*max(0,-0.0869-X9) * abs(X9) - 0.0979*max(0,-0.162-X0) * max(0,-0.0678-X7) - 0.0966*max(0,-0.162-X0) * max(0,X4+0.159) + 0.0960*max(0,-0.553-X1) * abs(X9) - 0.0860*max(0,X8-1.25) + 0.0818*max(0,-0.0992-X2) - 0.0777*max(0,X7-1.27) - 0.0745*max(0,X6-0.795) + 0.0741*max(0,-0.0678-X7) * max(0,X0-0.952) + 0.0721*X5 * abs(X4) - 0.0716*max(0,0.372-X8) + 0.0707*max(0,X9+0.0869) * max(0,X5+0.0804) + 0.0695*max(0,-0.0678-X7) * abs(X9) - 0.0677*max(0,X6+0.630) + 0.0656*max(0,X3+0.484) + 0.0621*abs(X6) + 0.0618*max(0,0.395-X0) + 0.0580*max(0,X5+0.0804) * max(0,X1-0.803) - 0.0554*max(0,X8-0.372) - 0.0545*max(0,X6-1.27) * X4 + 0.0502*X2**2 - 0.0495*abs(X1) * max(0,X4+0.159) + 0.0484*max(0,X9+0.0869) * abs(X5) - 0.0436*max(0,0.377-X7) + 0.0393*max(0,-0.553-X1) * X9 + 0.0387*max(0,-0.0678-X7) * abs(X4) - 0.0384*max(0,-0.162-X0) * X4 + 0.0377*max(0,X1-1.26) + 0.0369*max(0,-0.553-X1) * max(0,-0.162-X0) + 0.0218*abs(X2) - 0.0212*abs(X5) * max(0,X4-0.291) + 0.0211*max(0,0.803-X1) - 0.0188*abs(X1) * max(0,-0.159-X4) + 0.0157*abs(X9) + 0.0151*max(0,X0-0.395) - 0.0130*max(0,-0.0804-X5) * abs(X4) - 0.0115*X9 * X4 + 0.0107*X9 * max(0,-0.0869-X9) + 0.00835*max(0,X0+0.720) + 0.00183*X9 * max(0,X5+0.0804) + 0.000585*max(0,X5+0.0804) * abs(X9)"
ffx,628_fri_c3_1000_5,ok,0.599594,0.646348,1190,15.7,,"1.83 + 129*max(0,X3-1.31) * max(0,X0-1.51) - 51.8*max(0,X0-1.51) * max(0,X4-2.54) + 26.4*max(0,X1-1.36) * max(0,X4-2.54) - 15.7*max(0,-0.561-X1) * max(0,X3-1.31) + 10.4*max(0,X3-1.31) * max(0,-0.0798-X1) - 10.2*max(0,X3-0.854) * max(0,X0-1.51) + 9.52*max(0,X0-0.917) * max(0,X4-2.54) - 7.56*max(0,X0-1.51) * max(0,X4-1.92) - 6.91*max(0,X3-1.31) * max(0,X0-0.917) + 6.67*max(0,X4-1.92) * max(0,X0-0.917) - 5.49*max(0,X1-0.883) * max(0,X0-0.917) - 5.43*max(0,X1+0.0798) * max(0,X4-2.54) + 5.40*max(0,-0.561-X1) * max(0,X3-0.854) + 5.06*max(0,X0+0.269) * max(0,X1-0.883) + 5.05*max(0,X3-1.31) * max(0,X4-1.92) - 4.26*max(0,X1-1.36) * max(0,X1-0.883) + 3.76*max(0,X0-1.51) * max(0,X1-0.883) - 3.68*max(0,X1-1.36) * max(0,X0-0.917) - 3.48*max(0,X0-1.51) * max(0,X1+0.0798) + 3.25*max(0,X1+0.0798) * max(0,X0-0.917) + 3.10*max(0,X4-1.92) * max(0,X1-1.36) + 2.98*max(0,X1-1.36) - 2.95*max(0,X3-0.854) * max(0,-0.0798-X1) - 2.86*max(0,X2-2.16) * max(0,X3-1.31) - 2.82*max(0,0.402-X1) * max(0,X0-0.917) - 2.75*max(0,-0.0798-X1) * max(0,-0.269-X0) + 2.65*max(0,-0.561-X1) * max(0,-0.269-X0) - 2.48*max(0,X3-0.854) * max(0,X3-1.31) + 2.46*max(0,X2-2.16) * max(0,X1-1.36) + 2.35*max(0,X0-1.51) * max(0,X0-0.917) + 2.20*max(0,X0+0.269) * max(0,-0.0798-X1) + 2.09*max(0,X3-1.31) - 2.05*max(0,X2-2.16) * max(0,X4-2.54) + 2.03*max(0,-0.0798-X1) + 2.01*max(0,X3-0.854) * max(0,X0-0.917) + 1.99*max(0,X1-0.402) - 1.98*max(0,X1+0.0798) - 1.82*max(0,X0+0.269) * max(0,X4-1.92) - 1.68*X1**2 - 1.60*max(0,X3-1.31) * max(0,X1+0.0798) + 1.59*max(0,X4-1.92) - 1.56*max(0,X0-1.51) * max(0,X1-1.36) + 1.55*max(0,X3-0.854) - 1.45*max(0,X1-0.883) + 1.41*max(0,X4-1.29) + 1.39*max(0,X3-0.854) * max(0,X4-1.92) - 1.30*max(0,X0+0.269) + 1.29*max(0,X1-0.883) * max(0,X4-2.54) + 1.26*max(0,-0.985-X3) + 1.16*max(0,-0.561-X1) * max(0,0.402-X1) + 1.15*max(0,X4-2.54) - 1.10*max(0,-0.561-X1) * max(0,-0.0798-X1) + 1.05*max(0,0.402-X1) * max(0,X1+0.0798) + 1.05*max(0,-1.04-X1) - 1.02*X3**2 + 0.995*max(0,-0.0657-X3) - 0.954*max(0,X0-0.324) - 0.898*max(0,X4-1.92) * max(0,X1-0.883) - 0.894*max(0,X1+0.0798) * max(0,X4-1.92) + 0.867*max(0,X4-1.92) * max(0,X4-2.54) + 0.852*max(0,X3-1.31) * max(0,X1-1.36) + 0.836*max(0,X3-0.394) + 0.826*max(0,X1+0.0798) * max(0,X1-1.36) - 0.815*max(0,X2-2.16) * max(0,X4-1.92) + 0.800*max(0,-0.579-X4) + 0.766*max(0,X1+0.0798) * max(0,X1-0.883) - 0.664*max(0,X0-1.51) + 0.642*max(0,X0+0.269) * max(0,X1-1.36) + 0.640*max(0,X0+0.269) * max(0,X4-2.54) - 0.632*max(0,X3-0.854) * max(0,X4-2.54) - 0.617*max(0,0.917-X0) + 0.593*max(0,X3-1.31) * max(0,X1-0.883) - 0.505*X4**2 + 0.504*max(0,X4-0.0446) - 0.494*max(0,-0.482-X2) - 0.487*max(0,0.883-X1) + 0.459*max(0,0.324-X0) - 0.458*max(0,0.668-X4) + 0.449*X0**2 - 0.449*max(0,X3-1.31) * max(0,-0.269-X0) + 0.432*max(0,X2-2.16) * max(0,X3-0.854) - 0.416*max(0,X2-1.50) + 0.412*max(0,0.402-X1) * max(0,X3-1.31) + 0.410*max(0,-0.526-X3) - 0.407*max(0,X3-0.854) * max(0,0.402-X1) + 0.403*max(0,X3-0.854) * max(0,X1-0.883) - 0.396*max(0,X2-2.16) * max(0,X0-0.917) + 0.386*max(0,-0.561-X1) + 0.359*max(0,-1.14-X2) + 0.355*max(0,X2-2.16) * max(0,X1-0.883) + 0.332*max(0,0.0446-X4) - 0.331*max(0,0.854-X3) + 0.308*max(0,X1+1.04) + 0.290*X3 + 0.287*max(0,X2-0.178) - 0.253*max(0,X0+0.862) - 0.244*X2 + 0.226*max(0,X4-0.668) - 0.222*max(0,-1.46-X0) + 0.216*max(0,X3+0.526) + 0.216*max(0,0.178-X2) - 0.179*max(0,X1+0.0798) * max(0,-0.269-X0) + 0.170*max(0,0.394-X3) + 0.168*max(0,X0-0.917) + 0.165*max(0,0.402-X1) * max(0,-0.269-X0) + 0.156*max(0,X3-0.854) * max(0,X1-1.36) + 0.129*X2**2 + 0.108*max(0,X2-2.16) * max(0,X1+0.0798) - 0.108*max(0,X0+0.269) * max(0,X1+0.0798) - 0.108*X4 + 0.102*max(0,0.837-X2) - 0.0876*max(0,-0.862-X0) - 0.0814*max(0,X1+0.561) - 0.0774*max(0,0.402-X1) * max(0,-0.0798-X1) + 0.0542*max(0,X2-2.16) + 0.0467*max(0,X3-0.854) * max(0,-0.269-X0) - 0.0331*max(0,-0.269-X0) + 0.0327*X0 - 0.0301*max(0,0.402-X1) + 0.0282*max(0,X3-0.854) * max(0,X1+0.0798) + 0.00806*max(0,1.36-X1) - 0.00611*max(0,X0+0.269) * max(0,X0-0.917) + 0.00226*max(0,X2-0.837)"
ffx,631_fri_c1_500_5,ok,0.59674,0.588657,1928,17.01,,"0.893 - 1.18e4*max(0,X0-0.553) * max(0,-0.538-X1) - 631*max(0,-0.0740-X1) * max(0,X0-0.553) - 32.4*max(0,X1-1.32) * max(0,X0-1.73) - 22.4*max(0,X3-1.28) * max(0,X0-1.14) + 19.8*max(0,X3-1.28) * max(0,X2-1.30) + 17.5*max(0,-0.570-X3) * max(0,X2-1.30) + 16.9*max(0,-1.00-X1) * max(0,X2-1.30) + 14.1*max(0,X2-1.30) * max(0,X1-0.854) + 14.0*max(0,X1-1.32) * max(0,-0.570-X3) + 11.9*max(0,X0-1.73) + 11.8*max(0,-0.0338-X0) * max(0,X2-1.30) - 11.5*max(0,X2-1.30) * max(0,X0-1.14) - 10.4*max(0,X1-1.32) * max(0,-0.107-X3) + 10.0*max(0,X1-0.854) * max(0,X0-1.73) + 8.40*max(0,X3-1.28) * max(0,X0-0.553) - 8.28*max(0,-0.570-X3) * max(0,X0-1.14) - 8.01*max(0,-0.538-X1) * max(0,X2-1.30) - 7.62*max(0,X1-1.32) * max(0,X0-1.14) + 7.52*max(0,X1-1.32) * max(0,X3-1.28) - 6.93*max(0,-0.570-X3) * max(0,X0-1.73) - 6.90*abs(X1) * max(0,X2-1.30) + 6.79*max(0,X1-1.32) * abs(X1) - 6.48*max(0,-1.21-X0) * max(0,X3-1.28) + 6.31*max(0,-0.107-X3) * max(0,X0-1.73) - 5.37*max(0,X1-1.32) * max(0,X1-0.854) - 5.36*max(0,X1-1.32) * abs(X0) - 5.20*max(0,-0.107-X3) * max(0,X2-1.30) - 5.05*max(0,X3-1.28) * max(0,X1-0.854) + 4.90*max(0,X1-1.32) + 4.22*max(0,-0.570-X3) * max(0,X0-0.553) + 4.16*max(0,X3-1.28) * max(0,X0-1.73) + 4.11*abs(X1) * max(0,X0-1.14) + 4.07*max(0,-0.0740-X1) * max(0,X2-1.30) + 4.06*max(0,X3-1.28) * max(0,-1.00-X1) - 3.97*max(0,X0-1.14) * max(0,X1-0.854) + 3.70*abs(X0) * max(0,X0-1.73) + 3.69*max(0,-1.00-X1) * max(0,-0.107-X3) - 3.27*max(0,X2-1.30) * max(0,X0-1.73) + 3.19*max(0,-0.107-X3) * max(0,X0-1.14) + 3.16*max(0,X3-1.28) * max(0,-0.538-X1) + 3.16*X0 * max(0,X2-1.30) - 3.08*max(0,-0.107-X3) * max(0,-0.538-X1) + 2.88*max(0,-0.570-X3) * max(0,-0.0338-X0) - 2.82*max(0,X1-1.32) * max(0,X2-1.30) + 2.78*max(0,-0.0740-X1) * X0 - 2.77*max(0,X3-1.28) * abs(X1) - 2.58*max(0,-0.570-X3) * abs(X0) - 2.54*max(0,X3-0.819) - 2.53*max(0,-0.107-X3) * max(0,X0-0.553) - 2.52*max(0,-0.570-X3) * max(0,-1.21-X0) - 2.50*abs(X1) * max(0,X0-1.73) + 2.49*max(0,-1.21-X0) * max(0,-0.538-X1) - 2.41*max(0,-0.570-X3) * max(0,-1.00-X1) + 2.40*max(0,X0-0.553) * max(0,X1-0.854) - 2.30*X0 * max(0,X0-1.73) - 2.30*max(0,-1.21-X0) * abs(X1) + 2.21*max(0,-0.0338-X0) * max(0,-0.107-X3) + 2.14*max(0,-1.21-X0) * max(0,-1.00-X1) + 2.12*max(0,-0.570-X3) * max(0,-0.538-X1) - 2.03*max(0,X0-1.14) - 2.02*max(0,-0.570-X3) * max(0,X1-0.854) + 1.98*max(0,X0-0.553) * max(0,X2-1.30) + 1.79*max(0,-0.0338-X0) * max(0,-0.538-X1) - 1.73*max(0,X0-0.553) * max(0,X0-1.14) - 1.72*abs(X0) + 1.69*max(0,-0.538-X1) * abs(X0) + 1.67*max(0,X3-1.28) * max(0,-0.0338-X0) + 1.65*max(0,-1.21-X0) * max(0,-0.0338-X0) + 1.63*max(0,-0.107-X3) * max(0,X1-0.854) + 1.58*max(0,-0.0740-X1) * abs(X1) - 1.53*abs(X1) * max(0,-0.538-X1) + 1.48*abs(X0) * max(0,X1-0.854) - 1.48*max(0,-0.0740-X1) * abs(X0) + 1.43*max(0,X2-0.342) + 1.40*abs(X1) * max(0,X0-0.553) + 1.37*X3**2 + 1.37*max(0,X2-1.30) + 1.37*max(0,-0.107-X3) * X0 - 1.35*X0 + 1.35*max(0,-1.21-X0) * max(0,-0.107-X3) - 1.22*abs(X1) * max(0,X1-0.854) + 1.21*max(0,-1.00-X1) * max(0,-0.538-X1) - 1.19*abs(X3) - 1.14*max(0,-1.00-X1) - 1.11*max(0,-0.570-X3) * max(0,-0.107-X3) - 1.10*max(0,-0.570-X3) * abs(X1) + 1.08*max(0,-1.21-X0) * X0 - 1.02*abs(X2) + 1.00*abs(X1) * abs(X0) + 0.970*max(0,-0.137-X2) - 0.934*max(0,-0.538-X1) + 0.916*max(0,X3-1.28) + 0.910*max(0,-1.04-X4) + 0.900*max(0,-1.09-X2) - 0.884*max(0,X0-0.553) * max(0,X0-1.73) + 0.875*max(0,-0.570-X3) * X0 + 0.863*max(0,X3+0.570) - 0.861*max(0,X1-0.390) + 0.848*max(0,-0.0338-X0) + 0.830*max(0,-0.0338-X0) * X0 + 0.814*max(0,X0+0.0338) + 0.800*max(0,-0.0338-X0) * abs(X1) + 0.795*max(0,-1.00-X1) * X0 - 0.790*max(0,-1.00-X1) * abs(X1) - 0.780*max(0,-0.167-X4) + 0.776*max(0,X0-1.14) * max(0,X0-1.73) + 0.769*abs(X4) + 0.716*max(0,X2+0.137) - 0.706*max(0,X4-0.269) - 0.649*max(0,X0-0.553) + 0.611*max(0,X3-1.28) * X0 + 0.608*max(0,-0.107-X3) * abs(X1) + 0.593*max(0,-0.0740-X1) * max(0,-0.107-X3) - 0.523*abs(X0) * max(0,X0-1.14) - 0.461*X2 - 0.433*abs(X1) * X0 + 0.426*X0**2 - 0.421*max(0,-1.21-X0) - 0.418*X1 - 0.415*max(0,1.73-X0) - 0.397*max(0,-0.107-X3) * abs(X0) - 0.396*abs(X1) - 0.395*abs(X0) * max(0,X2-1.30) + 0.390*max(0,X0-0.553) * abs(X0) - 0.386*max(0,X1+0.538) + 0.360*max(0,X1+1.00) + 0.351*max(0,X4-0.705) + 0.350*X0 * max(0,X1-0.854) - 0.341*max(0,-0.615-X2) - 0.301*max(0,0.269-X4) - 0.277*max(0,X1+0.0740) + 0.274*max(0,0.553-X0) - 0.273*max(0,-0.570-X3) - 0.248*max(0,1.14-X4) - 0.238*max(0,-1.03-X3) - 0.236*max(0,X3-1.28) * abs(X0) - 0.207*max(0,X2-0.820) - 0.203*max(0,X4+1.04) - 0.195*max(0,-0.0740-X1) - 0.188*max(0,-0.603-X4) + 0.178*max(0,-0.621-X0) + 0.171*max(0,1.14-X0) - 0.170*max(0,X3-0.356) - 0.169*max(0,0.819-X3) + 0.166*max(0,X1-0.854) - 0.160*X1**2 + 0.155*X0 * max(0,-0.538-X1) + 0.151*max(0,X3+0.107) - 0.148*X3 - 0.146*max(0,0.820-X2) + 0.141*max(0,1.30-X2) + 0.138*max(0,1.28-X3) - 0.138*max(0,-0.0338-X0) * abs(X0) - 0.135*X4 - 0.128*max(0,-0.0740-X1) * max(0,-0.538-X1) + 0.123*max(0,0.854-X1) - 0.123*max(0,X0+0.621) - 0.110*max(0,1.32-X1) + 0.108*max(0,-0.107-X3) - 0.101*X4**2 - 0.0959*X0 * max(0,X0-1.14) + 0.0874*max(0,X2+1.09) - 0.0863*max(0,X1-1.32) * X0 + 0.0838*max(0,0.356-X3) + 0.0832*max(0,X0+1.21) + 0.0803*max(0,0.342-X2) - 0.0786*X0 * abs(X0) + 0.0777*max(0,X4+0.167) - 0.0718*max(0,X3+1.03) + 0.0512*max(0,0.705-X4) - 0.0502*X0 * max(0,X0-0.553) - 0.0439*max(0,X2+0.615) + 0.0390*max(0,-1.00-X1) * abs(X0) + 0.0255*X2**2 + 0.0251*max(0,X1-1.32) * max(0,X0-0.553) + 0.0248*max(0,-1.21-X0) * abs(X0) + 0.0128*max(0,X4-1.14) - 0.0125*max(0,-1.00-X1) * max(0,-0.0338-X0) + 0.00564*max(0,-0.0740-X1) * max(0,-0.0338-X0)"
ffx,633_fri_c0_500_25,ok,0.047782,0.888455,1190,24.57,,"1.37 + 2.99*max(0,-0.673-X17) + 2.58*max(0,-1.09-X11) - 2.52*max(0,-1.05-X15) + 2.42*max(0,X10-1.24) - 2.42*max(0,X3-1.30) - 2.14*max(0,-0.178-X17) + 2.05*max(0,X20-1.39) + 1.94*max(0,X0-1.30) + 1.71*max(0,X16-0.672) + 1.64*max(0,-0.660-X22) + 1.64*max(0,X13-1.20) + 1.61*max(0,X22-1.15) - 1.61*max(0,X20-0.895) + 1.59*max(0,X8-1.19) - 1.54*max(0,-1.11-X22) + 1.53*max(0,-0.584-X15) - 1.48*max(0,X23-1.35) - 1.46*max(0,-1.17-X17) - 1.46*max(0,-1.02-X0) - 1.44*max(0,-0.635-X11) + 1.40*max(0,X11-0.732) + 1.31*max(0,X3-0.818) + 1.23*max(0,X5-1.33) - 1.21*max(0,-1.21-X6) - 1.20*max(0,-0.486-X24) - 1.19*max(0,X11-0.277) + 1.16*max(0,X4-0.747) + 1.06*max(0,X1-1.34) + 1.04*max(0,X9-1.14) - 1.03*max(0,X10-0.787) - 1.03*max(0,X16-0.238) - 1.01*max(0,X17-0.811) + 1.01*max(0,-0.960-X24) - 0.994*max(0,X4-1.17) - 0.946*max(0,-0.597-X7) - 0.923*max(0,-0.969-X23) + 0.906*max(0,X17-1.31) - 0.903*max(0,-0.0374-X1) - 0.876*max(0,-1.06-X13) + 0.866*max(0,X8-0.745) + 0.858*max(0,X17-0.316) - 0.851*max(0,X15-0.350) + 0.834*max(0,-0.601-X8) + 0.806*max(0,-1.07-X16) + 0.799*max(0,-0.964-X5) + 0.798*max(0,X15-0.817) - 0.790*max(0,X9-0.707) + 0.780*max(0,-1.11-X21) - 0.779*max(0,X16-1.11) + 0.771*max(0,X14-0.827) - 0.735*max(0,-1.08-X20) + 0.728*max(0,X11-1.19) + 0.715*max(0,-1.07-X2) - 0.714*max(0,X22-0.244) - 0.683*max(0,X8-0.297) - 0.667*max(0,-0.618-X21) + 0.654*max(0,X7-1.23) + 0.645*max(0,X20-0.402) + 0.634*max(0,-0.752-X6) - 0.618*max(0,-0.517-X18) + 0.617*max(0,-0.951-X4) - 0.615*max(0,X17+0.178) + 0.575*max(0,0.461-X24) - 0.568*max(0,-0.605-X9) + 0.546*max(0,-1.04-X9) + 0.545*max(0,X18-0.365) - 0.538*max(0,-0.0902-X0) - 0.536*max(0,-0.152-X8) + 0.507*max(0,-0.609-X13) + 0.477*max(0,0.365-X18) + 0.474*max(0,-0.904-X19) - 0.471*max(0,-0.517-X14) + 0.449*max(0,X24-0.461) - 0.422*max(0,X13-0.746) + 0.417*max(0,X2-0.335) + 0.415*max(0,X2-0.805) + 0.407*max(0,X23-0.882) + 0.402*max(0,-0.139-X7) - 0.402*max(0,X15-1.28) - 0.402*max(0,-0.505-X5) - 0.393*max(0,X0-0.837) + 0.379*max(0,-0.130-X21) - 0.372*max(0,X5-0.873) - 0.371*max(0,-0.527-X4) - 0.369*max(0,0.244-X22) - 0.349*max(0,-0.102-X4) + 0.345*max(0,X21-1.33) - 0.332*max(0,X18+0.0759) - 0.328*max(0,-0.140-X3) + 0.323*max(0,-0.554-X0) - 0.312*max(0,-0.208-X22) + 0.308*max(0,-1.20-X12) + 0.300*max(0,-0.604-X2) + 0.286*max(0,0.402-X20) + 0.278*max(0,X3-0.339) + 0.277*max(0,X6-0.633) - 0.274*max(0,0.350-X15) + 0.271*max(0,-0.956-X1) - 0.263*max(0,-0.632-X16) - 0.254*max(0,X6-1.09) - 0.250*max(0,-0.730-X12) - 0.245*max(0,0.238-X16) - 0.244*max(0,X14+0.517) + 0.239*max(0,0.316-X17) - 0.198*max(0,X7-0.318) + 0.194*max(0,-0.134-X2) + 0.184*max(0,X10+0.121) + 0.174*max(0,X0+0.554) - 0.167*max(0,X5-0.414) + 0.163*X3 + 0.163*max(0,X18-1.25) + 0.159*max(0,-0.965-X14) - 0.159*max(0,-0.958-X18) - 0.158*max(0,X12-0.693) + 0.156*max(0,X21-0.358) - 0.150*max(0,X13-0.294) - 0.128*max(0,-0.158-X13) - 0.126*max(0,X14+0.0692) - 0.123*max(0,X24-1.41) - 0.120*max(0,X5+0.0455) - 0.120*max(0,X4-0.323) - 0.115*max(0,X12-1.17) + 0.108*max(0,-1.05-X7) + 0.106*max(0,-0.0432-X23) - 0.103*max(0,X12+0.256) - 0.102*max(0,-0.290-X6) + 0.0875*max(0,X14-1.28) - 0.0779*max(0,0.549-X19) + 0.0695*max(0,X22-0.696) + 0.0613*max(0,X19-1.03) - 0.0562*max(0,-0.618-X3) - 0.0540*max(0,0.0649-X19) - 0.0535*max(0,1.30-X3) + 0.0508*max(0,X21+0.130) - 0.0470*max(0,-0.497-X1) + 0.0459*max(0,0.882-X23) + 0.0445*max(0,X3+1.10) - 0.0391*max(0,-0.167-X9) + 0.0371*max(0,X2-1.27) - 0.0296*max(0,0.297-X8) + 0.0295*max(0,X1+0.956) - 0.0292*max(0,X5+0.505) + 0.0276*max(0,0.827-X14) + 0.0255*max(0,-1.10-X3) - 0.0252*max(0,X21-0.846) - 0.0199*max(0,-1.05-X8) - 0.0191*max(0,X23-0.420) + 0.0138*max(0,-1.03-X10) + 0.0127*max(0,-0.121-X10) - 0.0126*max(0,-0.117-X15) - 0.0116*max(0,0.323-X4) - 0.00973*max(0,X7+0.597) - 0.00439*max(0,X9+0.167) + 0.00108*max(0,X1-0.422) - 0.000645*max(0,X20+0.0911) - 7.25e-5*max(0,X14-0.379)"
ffx,634_fri_c2_100_10,ok,-34.558517,5.842785,734,15.56,,"0.185 + 185*max(0,X9+0.130) * max(0,X0-1.79) + 82.2*max(0,X9+0.130) * max(0,X1-1.46) - 46.8*max(0,X5-1.06) * max(0,X6-1.11) + 10.6*max(0,-0.898-X8) * max(0,X0-1.79) - 9.96*max(0,X9-0.724) * max(0,X5-1.06) - 3.46*max(0,X9-0.724) * max(0,X1-0.985) + 3.38*max(0,-0.898-X8) * max(0,X1-1.46) - 2.54*max(0,X9+0.130) * max(0,X6-1.11) + 2.42*max(0,X1-0.985) + 2.33*max(0,-1.07-X6) * max(0,X1-1.46) - 2.04*max(0,-1.22-X0) * max(0,X3-0.882) + 1.84*max(0,X5-1.06) * max(0,-0.0862-X2) + 1.43*max(0,X0-1.18) * abs(X2) + 1.24*max(0,-1.22-X0) * max(0,X9+0.130) + 1.18*max(0,X6-1.11) * abs(X2) + 1.12*X9 * max(0,X3-1.35) - 1.08*max(0,-1.07-X6) * max(0,-0.0862-X2) + 1.03*max(0,X3-0.882) * max(0,-0.130-X9) - 0.984*max(0,X1+0.441) - 0.957*abs(X1) - 0.931*max(0,X4-1.30) - 0.811*max(0,-0.621-X0) + 0.761*max(0,-0.898-X8) * max(0,-1.07-X6) + 0.668*max(0,-0.634-X6) * max(0,X1-0.985) - 0.648*max(0,X7-1.24) + 0.629*abs(X6) * max(0,X1-0.985) + 0.603*X2 * max(0,X6-0.238) + 0.590*max(0,-0.0862-X2) + 0.587*max(0,0.582-X0) + 0.580*max(0,-0.712-X2) - 0.516*max(0,-0.512-X3) + 0.513*max(0,-1.22-X0) + 0.474*abs(X9) * max(0,-1.07-X6) - 0.451*max(0,-0.634-X6) * max(0,X0-1.79) - 0.428*X9 * max(0,-0.898-X8) - 0.378*abs(X0) + 0.368*max(0,X4+0.0111) - 0.362*max(0,-1.09-X5) + 0.334*max(0,X5-1.06) * max(0,X6-0.238) - 0.323*max(0,-0.917-X1) + 0.306*max(0,X3+0.977) + 0.264*max(0,X7-0.794) - 0.237*max(0,X9-0.724) * max(0,-0.898-X8) + 0.227*max(0,-0.453-X8) - 0.213*max(0,X3-0.882) * max(0,-0.898-X8) + 0.203*max(0,0.539-X2) + 0.202*max(0,-0.898-X8) * max(0,X0-1.18) - 0.198*max(0,-0.549-X7) + 0.197*max(0,-1.22-X0) * max(0,-0.898-X8) + 0.178*max(0,X6-0.238) * abs(X2) - 0.163*max(0,-0.886-X4) + 0.160*max(0,X3-0.418) - 0.149*max(0,X0+0.621) + 0.134*max(0,2.42-X2) - 0.115*max(0,-0.634-X6) * max(0,-0.0862-X2) - 0.109*abs(X2) * max(0,-0.130-X9) + 0.0988*max(0,-0.898-X8) * max(0,-0.130-X9) - 0.0971*abs(X2) * max(0,-0.634-X6) - 0.0944*max(0,X5-1.06) - 0.0869*abs(X6) * abs(X9) + 0.0802*max(0,0.539-X2) * max(0,X3-1.35) + 0.0757*max(0,X8-1.33) + 0.0562*max(0,X5-0.199) - 0.0348*max(0,X6-0.238) * abs(X9) - 0.0325*max(0,X6-0.238) * max(0,-0.130-X9) - 0.0273*max(0,1.06-X5) - 0.0272*max(0,-0.198-X6) - 0.0196*abs(X6) - 0.0163*abs(X6) * max(0,X0-1.79) + 0.0133*max(0,X4+0.448) - 0.00837*X2"
ffx,635_fri_c0_250_10,ok,-200.163578,12.659532,1642,15.49,,"0.443 + 205*max(0,X9-1.35) * max(0,X8-1.12) + 91.2*max(0,X9-0.880) * max(0,-1.20-X4) + 69.2*max(0,X9-1.35) * max(0,X6-1.22) - 31.4*max(0,X7-1.23) * max(0,X6-1.22) + 29.9*max(0,-1.20-X4) * max(0,-0.588-X0) - 17.2*max(0,X5-1.31) * max(0,X6-1.22) + 14.9*max(0,-1.20-X4) * max(0,-1.12-X8) - 11.6*max(0,-0.0954-X0) * max(0,-1.20-X4) + 11.1*max(0,X4-1.18) * max(0,X6-1.22) - 9.17*max(0,X6-1.22) * max(0,X8-1.12) + 9.16*max(0,X5-1.31) * max(0,-1.20-X4) - 8.69*max(0,-1.08-X0) * max(0,-0.725-X4) - 8.15*max(0,-1.08-X0) * max(0,X8-1.12) + 6.87*max(0,X4-1.18) * max(0,X8-1.12) - 6.69*max(0,X8-0.226) * max(0,X9-1.35) - 6.28*max(0,X9-0.880) * max(0,X8-1.12) + 5.66*max(0,X6-1.22) * max(0,-1.12-X8) + 5.19*max(0,X0-0.889) * max(0,X4-1.18) - 5.13*max(0,-1.12-X8) * max(0,-0.997-X9) + 5.09*max(0,X0-0.889) * max(0,-1.12-X8) + 4.99*max(0,X5-1.31) * max(0,-0.671-X8) + 4.46*max(0,-0.527-X9) * max(0,X6-1.22) - 4.23*max(0,X5-1.31) * max(0,X9-1.35) + 3.83*max(0,-1.08-X0) * max(0,X7-1.23) - 3.83*max(0,-0.551-X2) * max(0,X6-1.22) + 3.77*max(0,-0.551-X2) * max(0,X8-1.12) + 3.46*max(0,X5-1.31) * max(0,X8-1.12) + 3.14*max(0,X6-1.22) * max(0,-0.671-X8) - 2.88*max(0,X5-1.31) * max(0,-0.222-X8) + 2.83*max(0,X8-0.226) * max(0,X6-1.22) - 2.71*max(0,-1.08-X0) * max(0,-1.12-X8) + 2.68*max(0,X5-1.31) * max(0,X7-1.23) - 2.47*max(0,X5-1.31) * max(0,-0.248-X4) - 2.44*max(0,X5-1.31) * max(0,-0.997-X9) + 2.36*max(0,X5-1.31) * max(0,-0.588-X0) + 2.05*max(0,-1.20-X4) * max(0,X8-1.12) - 1.87*max(0,-0.551-X2) * max(0,-1.12-X8) + 1.69*max(0,-0.527-X9) * max(0,X8-1.12) + 1.68*max(0,X5-1.31) + 1.65*max(0,X4-1.18) * max(0,X9-0.880) - 1.56*max(0,-0.725-X4) * max(0,-0.997-X9) - 1.52*max(0,-0.551-X2) * max(0,-1.20-X4) - 1.48*max(0,-0.248-X4) * max(0,X7-1.23) - 1.45*max(0,X4-1.18) * max(0,-1.08-X0) + 1.38*max(0,X9-1.35) * max(0,-0.725-X4) - 1.35*max(0,-1.20-X4) * max(0,-0.725-X4) - 1.34*max(0,X6-1.22) * max(0,-0.222-X8) - 1.33*max(0,X5-1.31) * max(0,-0.0954-X0) - 1.30*max(0,X1-1.31) - 1.30*max(0,X2-1.31) - 1.25*max(0,X4-1.18) * max(0,-0.671-X8) - 1.19*max(0,X9-1.35) + 1.14*max(0,X0-0.889) * max(0,X9-0.880) + 1.11*max(0,X4-1.18) - 1.06*max(0,X8-0.226) * max(0,X4-1.18) + 1.05*max(0,X8-0.226) * max(0,-0.588-X0) - 1.03*max(0,-0.0954-X0) - 1.01*max(0,X0-1.38) - 1.00*max(0,-0.588-X0) * max(0,X6-1.22) + 1.00*max(0,-0.527-X9) * max(0,-0.671-X8) - 0.916*max(0,X4-1.18) * max(0,-0.527-X9) + 0.899*max(0,-0.429-X3) + 0.891*max(0,X0-0.889) * max(0,-0.527-X9) - 0.876*max(0,X8-1.12) + 0.843*max(0,X0-0.889) * max(0,-0.725-X4) - 0.831*max(0,X4-1.18) * max(0,-1.12-X8) - 0.831*max(0,X0-0.889) * max(0,-0.222-X8) + 0.825*max(0,-0.527-X9) * max(0,-0.588-X0) + 0.787*max(0,X4-1.18) * max(0,X7-1.23) + 0.784*max(0,-0.0954-X0) * max(0,X7-1.23) - 0.784*max(0,0.0216-X3) + 0.693*max(0,-0.527-X9) * max(0,-1.20-X4) + 0.681*max(0,-0.551-X2) * max(0,-0.671-X8) - 0.672*max(0,-1.02-X2) - 0.639*max(0,-1.06-X5) + 0.605*max(0,-0.527-X9) * max(0,-0.997-X9) + 0.533*max(0,-1.20-X4) * max(0,-0.222-X8) + 0.514*max(0,X8-0.226) * max(0,-1.20-X4) - 0.502*max(0,0.382-X1) + 0.476*max(0,X9-1.35) * max(0,-0.551-X2) - 0.451*max(0,-0.0954-X0) * max(0,-0.248-X4) - 0.449*max(0,X4-0.706) - 0.446*max(0,-0.527-X9) * max(0,-1.12-X8) + 0.443*X2**2 - 0.442*max(0,X0-0.889) * max(0,-0.551-X2) - 0.440*max(0,X0-0.889) * max(0,-1.20-X4) + 0.423*max(0,X9-0.880) * max(0,-0.0954-X0) + 0.417*max(0,-0.980-X7) + 0.411*max(0,-1.15-X6) - 0.410*max(0,X9-0.880) * max(0,-0.551-X2) - 0.389*max(0,-0.879-X3) + 0.374*max(0,-0.588-X0) * max(0,-0.222-X8) + 0.373*max(0,X6-1.22) - 0.370*max(0,-0.248-X4) * max(0,-1.12-X8) - 0.364*max(0,-0.527-X9) + 0.338*max(0,X4+0.248) + 0.334*max(0,-1.01-X1) + 0.322*max(0,-0.551-X2) * max(0,-0.248-X4) - 0.316*max(0,X4-1.18) * max(0,-0.0954-X0) + 0.308*max(0,-0.248-X4) * max(0,-0.588-X0) - 0.297*max(0,X3-1.37) - 0.285*max(0,-1.12-X8) * max(0,-0.671-X8) + 0.278*max(0,-0.671-X8) + 0.275*max(0,-0.551-X2) * max(0,-0.588-X0) - 0.272*max(0,-0.0824-X1) - 0.268*max(0,X9-0.880) * max(0,-0.248-X4) - 0.260*max(0,X4-1.18) * max(0,-0.551-X2) + 0.253*max(0,X8-0.226) * max(0,-0.551-X2) + 0.250*X3 + 0.234*max(0,-0.527-X9) * max(0,-0.248-X4) - 0.221*max(0,-0.725-X4) * max(0,-0.671-X8) + 0.197*max(0,X8-0.226) * max(0,-0.527-X9) + 0.191*max(0,-0.112-X5) - 0.189*max(0,X7-1.23) * max(0,-0.222-X8) + 0.172*max(0,X6-0.744) - 0.165*max(0,0.880-X9) + 0.157*max(0,X1-0.846) - 0.153*max(0,X9-0.880) * max(0,-1.12-X8) + 0.145*max(0,X7-0.346) + 0.142*max(0,X3-0.922) + 0.134*max(0,X3-0.472) - 0.127*max(0,-0.0956-X7) - 0.126*max(0,X5-0.837) + 0.122*max(0,-0.551-X2) * max(0,-0.997-X9) + 0.114*max(0,X0-0.889) * max(0,X9-1.35) + 0.110*max(0,-1.08-X0) * max(0,-0.527-X9) - 0.105*max(0,0.922-X3) + 0.0927*max(0,-0.551-X2) + 0.0797*max(0,X9-0.880) * max(0,-1.08-X0) + 0.0726*max(0,X4+0.725) + 0.0618*max(0,-0.678-X6) - 0.0616*max(0,-1.08-X0) * max(0,-0.551-X2) - 0.0597*max(0,-0.0954-X0) * max(0,-1.12-X8) - 0.0559*max(0,X8+0.222) + 0.0534*max(0,X8-0.226) * max(0,-0.997-X9) - 0.0369*max(0,-0.0954-X0) * max(0,X8-1.12) + 0.0345*max(0,X5-0.363) + 0.0332*max(0,X2+0.551) + 0.0312*max(0,X4-0.229) + 0.0238*max(0,X0+0.588) + 0.0206*max(0,-0.0954-X0) * max(0,-0.997-X9) + 0.0150*max(0,X9+0.997) - 0.0122*max(0,X8-0.226) * max(0,-0.248-X4) - 0.00853*max(0,X7-1.23) * max(0,-0.997-X9) - 0.00844*max(0,X6+0.204) + 0.00719*X4 + 0.00414*max(0,-0.588-X0)"
ffx,637_fri_c1_500_50,ok,0.699556,0.506059,1398,47.07,,"1.34 - 35.2*max(0,X14-1.25) * max(0,X10-1.30) + 25.3*max(0,X34-1.25) * max(0,X0-1.08) - 12.2*max(0,X40-1.37) * max(0,X34-1.25) - 8.95*max(0,X46-1.31) * max(0,X40-1.37) + 6.70*max(0,X25-1.20) * max(0,X40-1.37) - 4.11*max(0,X0-1.59) * max(0,X1-1.30) - 3.69*max(0,-1.12-X49) * max(0,X46-1.31) - 2.78*max(0,X25-1.20) * max(0,X33-1.30) - 2.72*max(0,-1.04-X46) * max(0,X10-1.30) + 2.45*max(0,X0-1.08) + 2.44*max(0,-1.07-X34) * max(0,X38-1.23) - 2.39*max(0,X46-1.31) * max(0,X10-1.30) + 2.20*max(0,X14-1.25) * max(0,X1-1.30) + 2.17*abs(X0) * max(0,X1-0.849) + 1.92*max(0,X45-1.30) * max(0,X14-1.25) + 1.69*max(0,X10-1.30) * max(0,X1-1.30) + 1.63*max(0,-1.04-X46) * max(0,X1-1.30) + 1.55*max(0,X40-1.37) * max(0,X0-1.59) + 1.54*max(0,-0.895-X40) * max(0,X34-1.25) + 1.30*max(0,-1.04-X46) * max(0,X14-1.25) - 1.30*max(0,-1.12-X49) * max(0,X34-1.25) - 1.18*max(0,X46-1.31) * max(0,X14-1.25) + 1.17*max(0,X14-1.25) * max(0,X0-1.08) + 1.07*max(0,X1-1.30) - 1.06*max(0,X25-1.20) * max(0,X14-1.25) - 1.03*max(0,-1.07-X34) * max(0,X10-1.30) - 1.01*max(0,X14-1.25) * max(0,-1.07-X34) - 0.994*abs(X1) - 0.955*max(0,-1.04-X46) * max(0,-0.895-X40) + 0.945*max(0,X40-1.37) * max(0,X0-1.08) + 0.925*max(0,X33-1.30) * max(0,X1-1.30) - 0.748*max(0,X1+0.0463) - 0.740*max(0,-0.895-X40) * max(0,X10-1.30) - 0.692*max(0,-1.07-X34) * max(0,X33-1.30) - 0.659*max(0,X25-1.20) * max(0,X0-1.08) + 0.653*max(0,-1.12-X49) * max(0,X23-1.24) + 0.635*max(0,-0.895-X40) * max(0,X1-0.849) - 0.559*max(0,X45-1.30) * max(0,-0.895-X40) - 0.552*max(0,X23-0.774) * max(0,-1.04-X46) - 0.550*abs(X0) - 0.550*max(0,X46-1.31) * max(0,-1.07-X34) - 0.412*max(0,X0+0.451) - 0.401*max(0,X8-1.30) - 0.392*max(0,X45-1.30) * max(0,X33-1.30) + 0.366*max(0,-1.03-X33) - 0.352*max(0,X25-1.20) * max(0,X1+0.0463) + 0.350*max(0,0.570-X0) + 0.342*max(0,-0.895-X40) * max(0,X38-1.23) - 0.340*max(0,0.799-X3) - 0.336*max(0,0.849-X1) * max(0,X1+0.0463) - 0.333*max(0,-1.07-X34) + 0.317*max(0,-1.12-X49) + 0.313*max(0,X1+0.0463) * max(0,X1-0.849) - 0.312*max(0,X0+0.451) * max(0,-0.895-X40) - 0.306*max(0,X23-0.774) * max(0,X14-1.25) + 0.281*max(0,X38-1.23) - 0.274*max(0,X1+0.494) - 0.265*max(0,-1.15-X48) - 0.265*max(0,-1.16-X4) - 0.253*max(0,X46-1.31) * max(0,X1-1.30) + 0.249*max(0,X22-0.743) + 0.233*abs(X2) - 0.218*abs(X0) * max(0,X34-1.25) - 0.191*max(0,X45-1.30) - 0.174*max(0,X32-1.25) - 0.161*max(0,X25-1.20) * max(0,X23-1.24) + 0.158*max(0,X14-1.25) * max(0,-0.895-X40) - 0.156*max(0,-0.895-X40) + 0.151*max(0,X33-1.30) * max(0,X0-1.08) + 0.151*max(0,X25-1.20) * max(0,0.849-X1) - 0.145*max(0,X23-0.774) * max(0,X33-1.30) + 0.144*max(0,X15-0.735) + 0.143*max(0,X3+0.652) - 0.143*max(0,-1.08-X32) - 0.140*max(0,-0.472-X37) - 0.138*max(0,-1.08-X21) + 0.136*max(0,X4-0.214) - 0.122*max(0,-1.04-X46) * max(0,X23-1.24) + 0.117*abs(X34) - 0.114*abs(X37) + 0.109*abs(X28) - 0.109*max(0,-0.185-X38) + 0.109*abs(X1) * max(0,X1-0.849) - 0.108*max(0,-1.07-X34) * max(0,-0.895-X40) - 0.102*max(0,-0.707-X26) + 0.101*max(0,X2+0.105) - 0.0978*max(0,X0+0.451) * max(0,X33-1.30) + 0.0958*max(0,X23-0.774) * max(0,X34-1.25) - 0.0950*max(0,-0.898-X29) - 0.0940*max(0,X23-0.774) * max(0,X40-1.37) - 0.0909*max(0,X25-1.20) * max(0,X23-0.774) + 0.0864*max(0,-1.01-X42) - 0.0822*max(0,-0.473-X10) - 0.0788*abs(X6) - 0.0777*max(0,X20-0.738) - 0.0773*abs(X24) + 0.0759*max(0,-1.13-X7) - 0.0744*abs(X22) + 0.0717*max(0,-0.617-X39) - 0.0657*max(0,-0.931-X12) + 0.0656*abs(X21) - 0.0651*max(0,1.13-X4) - 0.0649*abs(X41) - 0.0572*max(0,X23-0.774) * abs(X1) - 0.0571*max(0,-1.01-X25) + 0.0555*max(0,X40-0.462) + 0.0538*abs(X29) + 0.0523*max(0,-1.04-X46) + 0.0512*abs(X27) + 0.0491*abs(X19) + 0.0489*abs(X36) - 0.0453*max(0,X47+0.191) - 0.0410*max(0,X26+0.707) + 0.0386*abs(X13) + 0.0379*abs(X35) - 0.0370*max(0,-1.12-X49) * abs(X0) + 0.0347*abs(X16) - 0.0327*max(0,X20+0.658) + 0.0326*max(0,0.429-X42) + 0.0315*max(0,X12-0.471) - 0.0279*max(0,0.274-X44) - 0.0279*max(0,-1.08-X23) + 0.0279*max(0,-1.12-X9) - 0.0278*max(0,X11-0.863) + 0.0272*max(0,X19-0.819) + 0.0201*max(0,-0.587-X14) + 0.0164*max(0,X0+0.451) * max(0,X1-0.849) + 0.0137*abs(X30) - 0.0133*max(0,X39+0.617) + 0.0121*abs(X43) + 0.0101*max(0,-1.12-X17) - 0.00879*abs(X47) - 0.00856*max(0,X33-1.30) - 0.00402*max(0,0.316-X25) + 0.00367*abs(X49) - 0.00293*max(0,X40-1.37) * abs(X1) - 0.00289*max(0,X40-1.37) + 0.00218*max(0,-0.0179-X30)"
ffx,641_fri_c1_500_10,ok,0.479603,0.803273,1642,19.19,,"-1.06 - 148*max(0,X7-1.44) * max(0,-1.44-X0) - 67.9*max(0,X5-1.24) * max(0,X0-0.691) - 26.7*max(0,-1.05-X3) * max(0,X7-1.44) - 11.2*max(0,0.653-X1) * max(0,X0-0.691) - 10.7*max(0,-1.05-X3) * max(0,X5-1.24) - 8.74*max(0,X5-1.24) * max(0,X1-0.653) - 8.58*max(0,X7-1.44) * max(0,X8-1.17) + 7.53*max(0,X5-1.24) * max(0,X8-1.17) - 5.05*max(0,X3-0.697) * max(0,X8-1.17) + 5.02*max(0,X7-1.44) * max(0,X1-0.653) + 4.80*max(0,X5-1.24) * max(0,-1.15-X1) + 3.40*max(0,-1.05-X3) * max(0,-1.15-X1) + 3.13*max(0,X0-0.691) + 2.99*max(0,-1.05-X3) * max(0,X8-1.17) - 2.58*max(0,X3-0.697) * max(0,-0.698-X1) + 2.35*max(0,-0.628-X6) * max(0,X7-1.44) + 1.92*max(0,X6+0.144) * max(0,-1.44-X0) - 1.91*abs(X6) * max(0,X7-1.44) + 1.85*max(0,X3-0.697) * max(0,X8-0.293) - 1.80*max(0,-1.05-X3) * max(0,-1.44-X0) + 1.74*max(0,0.653-X1) * max(0,X1-0.203) + 1.63*max(0,X8-0.734) * max(0,-1.15-X1) + 1.32*max(0,-1.05-X3) - 1.31*abs(X5) * max(0,-1.05-X3) + 1.21*max(0,-0.0860-X9) * max(0,-1.15-X1) + 1.20*max(0,X3-0.697) * max(0,-0.247-X1) - 1.18*max(0,0.653-X1) * max(0,X8-1.17) + 1.17*max(0,X1-0.203) * max(0,X1-0.653) - 1.16*max(0,X1+0.247) + 1.10*max(0,X3-0.697) * max(0,-0.628-X6) + 1.02*max(0,X2-1.25) + 0.988*max(0,-1.03-X8) - 0.974*max(0,-0.0860-X9) * max(0,X8-1.17) - 0.965*max(0,X0+0.373) - 0.828*max(0,X7-1.44) * max(0,X0-0.691) + 0.787*max(0,X5-1.24) * max(0,-1.44-X0) + 0.765*max(0,X1-0.653) - 0.728*max(0,X6-1.31) - 0.699*max(0,X3-0.697) * max(0,X6+0.144) - 0.687*max(0,X8-1.17) * max(0,X1-0.653) + 0.669*max(0,-1.44-X0) + 0.652*max(0,X3-0.697) * max(0,X1-0.653) - 0.643*abs(X5) * max(0,X8-0.293) + 0.629*max(0,0.653-X1) + 0.605*abs(X5) * max(0,-1.44-X0) - 0.601*max(0,-0.698-X1) - 0.580*max(0,X0-1.22) - 0.533*max(0,-0.905-X0) + 0.517*max(0,X8-0.734) * abs(X1) - 0.487*max(0,-0.0860-X9) * abs(X1) + 0.485*max(0,X3+0.176) + 0.465*max(0,X2-0.779) + 0.459*max(0,-1.05-X3) * max(0,0.653-X1) + 0.448*max(0,X8-0.734) * max(0,X5-1.24) - 0.433*max(0,-0.373-X0) + 0.419*max(0,-0.585-X5) + 0.415*abs(X5) * max(0,X0-0.691) + 0.380*max(0,X4+0.611) - 0.379*max(0,-0.628-X6) * max(0,-1.44-X0) - 0.369*abs(X6) * max(0,X3-0.697) + 0.345*max(0,X3-0.697) * max(0,0.653-X1) - 0.340*abs(X3) * max(0,-0.698-X1) - 0.338*max(0,-0.588-X8) - 0.338*max(0,-0.905-X0) * max(0,X6+0.144) + 0.331*max(0,X6+0.144) * max(0,X1-0.653) - 0.324*max(0,-1.04-X5) + 0.320*max(0,X3+0.613) - 0.319*abs(X5) * abs(X3) - 0.319*abs(X5) * max(0,X3-0.697) - 0.311*abs(X5) * max(0,-0.247-X1) - 0.309*max(0,-1.05-X3) * max(0,X8-0.293) - 0.308*abs(X3) * max(0,-0.144-X6) + 0.300*max(0,-0.611-X4) + 0.294*abs(X1) * max(0,X1-0.653) - 0.292*abs(X4) + 0.292*max(0,-0.905-X0) * max(0,-0.144-X6) + 0.282*abs(X1) * max(0,X0-0.691) - 0.278*max(0,-0.0860-X9) * max(0,X5-1.24) - 0.274*max(0,X3-1.13) + 0.266*max(0,-1.05-X3) * max(0,X6+0.144) + 0.262*max(0,-0.0860-X9) * max(0,X0-0.691) - 0.255*abs(X5) * max(0,-0.698-X1) + 0.247*max(0,X5-0.328) - 0.231*abs(X3) * max(0,X1-0.203) + 0.208*max(0,-0.0860-X9) + 0.208*max(0,X6+0.144) * max(0,0.653-X1) + 0.208*max(0,X8-0.293) * max(0,-1.15-X1) - 0.202*max(0,X6-0.824) + 0.193*max(0,-0.0860-X9) * max(0,X7-1.44) + 0.191*max(0,-0.990-X9) + 0.190*max(0,X5-0.784) + 0.188*abs(X6) * abs(X5) + 0.182*abs(X2) + 0.179*max(0,-0.0860-X9) * abs(X3) + 0.178*abs(X3) * max(0,X6+0.144) - 0.173*max(0,-0.905-X0) * max(0,0.653-X1) - 0.165*max(0,-0.0860-X9) * max(0,-0.247-X1) + 0.155*max(0,-0.628-X6) * max(0,X8-0.293) + 0.154*max(0,0.159-X0) - 0.152*max(0,-0.0860-X9) * max(0,X8-0.734) + 0.148*max(0,-0.0860-X9) * max(0,X8-0.293) + 0.145*abs(X5) * max(0,-0.144-X6) - 0.144*max(0,X6+0.144) * max(0,-0.698-X1) + 0.144*max(0,X8-0.734) * max(0,X1-0.203) - 0.142*max(0,-0.0860-X9) * max(0,X6+0.144) + 0.142*max(0,0.366-X9) - 0.141*max(0,0.653-X1) * max(0,-0.698-X1) + 0.132*max(0,-1.10-X2) + 0.132*max(0,-0.613-X3) + 0.131*max(0,X7-0.497) + 0.130*max(0,X4-0.767) - 0.127*max(0,-1.07-X4) + 0.125*max(0,0.309-X2) - 0.120*max(0,X5-1.24) * max(0,-0.247-X1) + 0.119*max(0,0.653-X1) * max(0,X8-0.293) - 0.118*max(0,X2+0.631) + 0.117*max(0,0.691-X0) + 0.116*max(0,-1.05-X3) * max(0,X0-0.691) - 0.107*abs(X6) * max(0,-1.15-X1) + 0.101*max(0,X6+0.144) * max(0,X8-0.293) - 0.0994*abs(X3) * max(0,X0-0.691) + 0.0967*max(0,X8-0.293) * max(0,X1-0.653) - 0.0967*max(0,X8-0.293) * max(0,X0-0.691) + 0.0960*abs(X7) + 0.0957*max(0,-0.628-X6) * max(0,X0-0.691) - 0.0951*max(0,X6+0.144) * max(0,X8-1.17) - 0.0876*max(0,X3-0.697) * max(0,X0-0.691) + 0.0812*abs(X9) + 0.0753*X7**2 - 0.0718*abs(X5) * max(0,-0.628-X6) + 0.0669*max(0,-0.0860-X9) * max(0,X1-0.653) - 0.0597*max(0,-0.628-X6) * max(0,0.653-X1) + 0.0583*abs(X5) - 0.0545*max(0,-0.0860-X9) * abs(X5) + 0.0516*max(0,X8+1.03) - 0.0456*max(0,X6-0.340) - 0.0417*abs(X6) * max(0,X6+0.144) + 0.0396*abs(X8) + 0.0353*max(0,X0-0.159) + 0.0315*max(0,-0.247-X1) * max(0,-0.144-X6) + 0.0299*max(0,X8-0.293) * abs(X1) - 0.0292*max(0,X9-1.27) + 0.0267*abs(X3) - 0.0233*max(0,-0.905-X0) * abs(X1) - 0.0216*X6**2 + 0.0206*abs(X0) + 0.0193*abs(X6) * max(0,X8-0.293) - 0.0189*max(0,-0.0860-X9) * max(0,-0.628-X6) + 0.0159*max(0,X8+0.147) + 0.0113*max(0,X8-0.293) * max(0,-0.247-X1) + 0.00938*max(0,X8-0.293) + 0.00710*abs(X3) * max(0,0.653-X1) + 0.00260*max(0,-0.0860-X9) * max(0,X3-0.697)"
ffx,643_fri_c2_500_25,ok,0.380963,0.78044,1642,30.86,,"0.697 + 26.7*max(0,-1.16-X4) * max(0,X10-1.23) - 9.54*max(0,-1.16-X4) * max(0,X0-1.56) + 8.40*max(0,X15-1.35) * max(0,-1.16-X4) + 7.63*max(0,-1.19-X7) * max(0,-1.16-X4) + 7.20*max(0,-1.04-X15) * max(0,X24-1.37) - 6.31*max(0,-1.19-X7) * max(0,X24-1.37) + 5.20*max(0,-0.511-X1) * max(0,X20-1.25) - 4.86*max(0,X15-1.35) * max(0,X1-0.373) + 4.75*max(0,X10-0.752) * max(0,X0-1.56) - 4.45*max(0,X13-1.44) * max(0,-0.511-X1) + 3.88*max(0,-1.04-X15) * max(0,X10-1.23) - 3.70*max(0,-1.17-X10) * max(0,X23-1.25) + 3.59*max(0,X0-0.975) - 3.58*max(0,X24-0.905) * max(0,X11-1.17) - 3.29*max(0,X13-1.44) * max(0,X11-1.17) + 3.28*max(0,-1.16-X4) * max(0,X12-0.827) - 3.00*max(0,-1.19-X7) * max(0,X16-0.747) - 2.24*max(0,X13-1.44) * max(0,X24-0.905) - 2.15*max(0,-1.17-X10) * max(0,X20-1.25) - 2.09*max(0,X20-1.25) - 2.05*max(0,-1.19-X7) * max(0,-1.04-X15) - 2.05*max(0,X16-0.747) * max(0,X10-0.752) + 2.03*max(0,-1.17-X10) * max(0,X12-0.827) + 2.03*max(0,X1-0.373) * max(0,X1-0.815) - 2.01*max(0,-0.725-X7) * max(0,X10-1.23) - 1.95*max(0,X15-1.35) * max(0,X24-1.37) + 1.94*max(0,X12-0.827) * max(0,X0-0.975) - 1.87*max(0,X12-0.368) * max(0,X24-1.37) + 1.85*max(0,X23-1.25) * max(0,X1-0.815) + 1.80*max(0,X10-0.752) * max(0,-1.16-X4) + 1.63*max(0,X13-1.44) * max(0,-1.16-X4) + 1.50*max(0,-1.16-X4) * max(0,X24-1.37) + 1.49*max(0,X13-1.44) * max(0,X12-0.368) + 1.42*max(0,-1.17-X10) * max(0,-1.16-X4) + 1.42*max(0,X16-0.747) * max(0,X1-0.815) + 1.39*max(0,X23-0.807) * max(0,X24-1.37) - 1.34*max(0,-0.511-X1) - 1.32*max(0,X16-0.747) * max(0,X24-0.905) - 1.27*max(0,X1+0.511) - 1.12*max(0,X0+0.187) - 1.12*max(0,X10-1.23) * max(0,X11-1.17) + 1.04*max(0,-1.04-X15) * max(0,X0-0.975) + 1.04*max(0,X16-0.747) * max(0,-0.725-X7) - 1.02*max(0,X16-0.747) * max(0,X12-0.368) - 1.02*max(0,-1.16-X4) * max(0,X23-1.25) - 1.02*max(0,-1.19-X7) * max(0,X11-0.733) - 0.937*max(0,X3-1.42) + 0.922*max(0,-0.511-X1) * max(0,-1.04-X15) + 0.827*max(0,-0.511-X1) * max(0,X16-0.747) - 0.822*max(0,-1.04-X15) - 0.818*max(0,-1.04-X15) * max(0,X1-0.373) + 0.809*max(0,-1.04-X15) * max(0,X16-0.747) + 0.737*max(0,X15-1.35) * max(0,X11-0.733) - 0.709*max(0,X16-0.747) * max(0,-1.16-X4) + 0.695*max(0,-0.511-X1) * max(0,X11-1.17) - 0.688*max(0,X16-0.747) * max(0,X24-1.37) - 0.686*max(0,X15-1.35) * max(0,X10-1.23) + 0.673*max(0,X3+0.0481) - 0.627*max(0,X1-0.373) * max(0,X12-0.368) + 0.627*max(0,X12-1.29) - 0.619*max(0,-1.04-X15) * max(0,-0.187-X0) - 0.603*max(0,-1.17-X10) * max(0,-0.725-X7) + 0.599*max(0,X12-0.827) * max(0,X1-0.815) - 0.525*max(0,-0.693-X4) - 0.473*max(0,X1-0.373) * max(0,X20-1.25) + 0.468*max(0,X7-1.15) + 0.422*max(0,X24-1.37) * max(0,X1-0.815) + 0.410*max(0,X2-1.33) - 0.372*max(0,X18-1.19) + 0.371*max(0,X17-0.649) + 0.366*max(0,X11-0.733) * max(0,X11-1.17) - 0.343*max(0,X24-0.905) * max(0,X20-1.25) - 0.333*max(0,-1.18-X20) - 0.319*max(0,-1.19-X7) * max(0,X24-0.905) - 0.290*max(0,-0.187-X0) * max(0,X24-0.905) + 0.288*max(0,0.0633-X2) + 0.248*max(0,X11-0.733) * max(0,-1.16-X4) + 0.243*max(0,-1.01-X21) - 0.229*max(0,-1.16-X19) + 0.220*max(0,X4-1.18) + 0.218*max(0,X5-1.18) - 0.213*max(0,-0.966-X23) - 0.212*max(0,-1.19-X7) * max(0,-0.187-X0) + 0.210*max(0,-0.187-X0) * max(0,X12-0.827) + 0.205*max(0,-0.523-X23) + 0.201*max(0,X12-0.368) * max(0,X0-0.975) + 0.200*max(0,-0.725-X7) - 0.184*max(0,-1.16-X4) * max(0,X1-0.373) + 0.174*max(0,X13+0.0493) + 0.170*max(0,-0.557-X15) - 0.168*max(0,X3-0.931) - 0.155*max(0,-0.187-X0) * max(0,X11-0.733) - 0.152*max(0,-1.19-X7) * max(0,X12-0.368) - 0.150*max(0,-1.07-X5) + 0.149*max(0,X4-0.710) - 0.145*max(0,-1.17-X17) + 0.142*max(0,-1.17-X10) * max(0,X16-0.747) - 0.136*max(0,X12-0.368) * max(0,X10-1.23) - 0.131*max(0,-0.511-X1) * max(0,-0.725-X7) - 0.130*max(0,-1.01-X12) - 0.125*max(0,X10-0.752) * max(0,-0.725-X7) - 0.123*max(0,X12-0.368) - 0.121*max(0,X7-0.684) - 0.120*max(0,-0.511-X1) * max(0,X10-0.752) - 0.119*max(0,-1.04-X13) + 0.117*max(0,X23-0.807) * max(0,X24-0.905) - 0.117*max(0,-0.207-X10) - 0.116*max(0,X10-0.273) + 0.109*max(0,0.193-X17) + 0.106*max(0,X22-1.35) + 0.101*max(0,X24-0.905) * max(0,X24-1.37) + 0.0961*max(0,0.278-X5) - 0.0904*max(0,X21-1.30) - 0.0828*max(0,-0.187-X0) - 0.0794*max(0,-1.17-X10) * max(0,-0.187-X0) + 0.0762*max(0,0.254-X6) + 0.0757*max(0,-0.937-X22) + 0.0715*max(0,X4+0.225) + 0.0704*max(0,-0.941-X24) - 0.0615*max(0,X15-0.398) + 0.0607*max(0,X6-0.734) - 0.0578*max(0,-0.551-X12) + 0.0530*max(0,0.807-X23) - 0.0517*max(0,0.448-X13) - 0.0510*max(0,X9+0.0998) + 0.0478*max(0,X24-0.443) + 0.0437*max(0,X1-0.815) + 0.0417*max(0,-1.17-X10) * max(0,X24-0.905) - 0.0394*max(0,X14-0.371) + 0.0371*max(0,-0.975-X14) - 0.0325*max(0,X19+0.695) - 0.0280*max(0,-1.12-X18) - 0.0203*max(0,-0.511-X1) * max(0,-0.187-X0) - 0.0172*max(0,X20+1.18) + 0.0158*max(0,1.33-X2) + 0.0157*max(0,X13-1.44) * max(0,X1-0.815) - 0.0156*max(0,X10-0.752) * max(0,X1-0.373) - 0.0129*max(0,-1.03-X3) - 0.00702*max(0,X1-0.373) * max(0,-0.725-X7) + 0.00481*max(0,-1.11-X16) + 0.00331*max(0,-0.144-X8) - 0.00138*max(0,X14-0.820) + 0.000348*max(0,X13-1.44) * max(0,X20-1.25)"
ffx,644_fri_c4_250_25,ok,0.075957,0.863571,1398,24.69,,"0.226 + 17.7*max(0,X0-1.50) * max(0,-1.05-X6) + 17.1*max(0,X1-1.28) * max(0,-1.11-X14) - 11.7*max(0,X1-1.28) * max(0,X17-1.15) - 10.9*max(0,X17-1.15) * max(0,X0-0.894) - 10.7*max(0,X1-1.28) * max(0,X15-0.871) + 8.70*max(0,X16-0.820) * max(0,X15-1.34) + 6.62*max(0,X3-1.31) * max(0,X0-0.894) - 5.56*max(0,X8-1.26) * max(0,X17-1.15) - 4.77*max(0,X3-1.31) * max(0,X24-1.42) - 4.30*max(0,X24-1.42) * max(0,X0-1.50) + 3.87*max(0,X9-1.33) * max(0,X1-0.805) + 3.15*max(0,X1-1.28) * max(0,-1.05-X6) - 3.04*max(0,-1.11-X14) * max(0,X8-1.26) - 2.98*max(0,X10-1.31) * max(0,X18-1.33) + 2.94*max(0,X0-1.50) * max(0,X6-0.728) - 2.84*max(0,X20-0.751) * max(0,X17-1.15) + 2.78*max(0,X16-0.820) * max(0,X3-1.31) + 2.63*max(0,X3-1.31) * max(0,X8-0.368) + 2.61*max(0,X10-1.31) * max(0,X6-0.728) - 2.44*max(0,X9-1.33) * max(0,-1.05-X6) + 2.32*max(0,X17-1.15) * max(0,X6-0.728) - 2.31*max(0,X3-1.31) * max(0,X17-1.15) + 2.24*max(0,X8-1.26) * max(0,X6-0.728) - 2.21*max(0,-0.920-X0) * max(0,X18-1.33) - 2.20*max(0,X17-1.15) * max(0,-1.05-X6) - 2.00*max(0,X8-0.368) * max(0,X17-1.15) + 1.87*max(0,X15-0.871) * max(0,X10-1.31) + 1.85*max(0,X4-1.86) * max(0,-1.05-X6) - 1.79*max(0,X24-1.42) * max(0,X6-0.728) + 1.75*max(0,X9-1.33) * max(0,X8-1.26) + 1.44*max(0,X1+0.140) * max(0,X1-0.805) + 1.40*max(0,X1+0.140) * max(0,X0-0.894) + 1.36*max(0,X15-1.34) * max(0,-1.05-X6) - 1.27*max(0,X1+0.140) - 1.21*max(0,-1.05-X6) * max(0,X0-0.894) - 1.21*max(0,X1+0.140) * max(0,X18-1.33) - 1.12*max(0,X15-0.871) * max(0,X24-1.42) - 1.09*max(0,X20-1.20) + 1.06*max(0,X16-0.820) * max(0,-1.05-X6) - 1.01*max(0,X16-0.820) * max(0,X6-0.728) - 0.920*max(0,-1.11-X14) * max(0,-1.05-X6) + 0.908*max(0,X3-1.31) * max(0,X18-1.33) + 0.887*max(0,-1.11-X14) * max(0,X10-0.395) - 0.886*max(0,-0.613-X1) + 0.861*max(0,-1.11-X14) * max(0,X18-1.33) - 0.842*max(0,X0+0.316) - 0.753*max(0,X20-0.751) * max(0,X18-1.33) - 0.749*max(0,-1.11-X14) * max(0,X6-0.728) + 0.745*max(0,X15-0.871) * max(0,-1.05-X6) - 0.683*max(0,X17-1.15) * max(0,X10-0.850) - 0.661*max(0,X1+0.140) * max(0,-1.05-X6) - 0.657*max(0,X15-0.871) * max(0,X1-0.805) - 0.634*max(0,-1.11-X14) * max(0,X15-1.34) - 0.626*max(0,X16-0.820) * max(0,X24-0.959) + 0.569*max(0,X8-1.26) * max(0,X1-0.805) + 0.535*max(0,X8-0.368) * max(0,X15-1.34) + 0.515*max(0,-1.11-X14) * max(0,X9-1.33) + 0.512*max(0,X17-1.15) * max(0,X24-0.959) + 0.498*max(0,X1-0.805) * max(0,X0-0.894) - 0.484*max(0,X15-1.34) * max(0,X6-0.728) - 0.466*max(0,X8-0.368) * max(0,-1.05-X6) - 0.452*max(0,X10-0.395) * max(0,X9-1.33) + 0.441*max(0,X1-1.28) * max(0,X9-1.33) - 0.430*max(0,-0.980-X12) + 0.398*max(0,X1+0.140) * max(0,X24-0.959) + 0.386*max(0,X24-0.959) + 0.381*max(0,X3+0.916) - 0.375*max(0,-0.920-X0) + 0.324*max(0,X2-1.07) + 0.323*max(0,X10-0.395) * max(0,X6-0.728) + 0.320*max(0,0.397-X2) + 0.319*max(0,X15-0.871) * max(0,X10-0.850) - 0.314*max(0,X20-0.751) * max(0,X6-0.728) - 0.307*max(0,X10-0.850) - 0.298*max(0,X17-1.15) + 0.291*max(0,X20-0.751) * max(0,X8-0.368) - 0.285*max(0,X20-0.751) * max(0,-1.05-X6) - 0.282*max(0,X6-0.728) + 0.281*max(0,X18-0.886) + 0.278*max(0,X15-0.871) * max(0,X9-1.33) + 0.263*max(0,X24-1.42) * max(0,X10-0.850) + 0.254*max(0,X10-0.395) * max(0,X8-1.26) + 0.200*max(0,-0.876-X24) + 0.194*max(0,-0.669-X11) + 0.185*max(0,X20+0.148) - 0.177*max(0,-0.0800-X8) - 0.170*max(0,-1.20-X17) - 0.162*max(0,X8-0.368) * max(0,X18-1.33) + 0.160*max(0,X14-0.803) + 0.150*max(0,-0.462-X5) - 0.149*max(0,X17-1.15) * max(0,X1-0.805) + 0.139*max(0,X16-0.820) * max(0,X18-1.33) - 0.134*max(0,X15-0.871) * max(0,X1+0.140) - 0.131*max(0,-1.11-X14) * max(0,X16-0.820) - 0.125*max(0,-0.560-X19) + 0.125*max(0,-0.941-X2) + 0.125*max(0,-1.02-X21) - 0.118*max(0,-0.0263-X3) - 0.115*max(0,-1.12-X16) + 0.110*max(0,X21-0.903) - 0.107*max(0,-0.920-X0) * max(0,X24-0.959) + 0.102*max(0,X6-0.728) * max(0,X8-0.816) + 0.0989*max(0,-1.11-X14) + 0.0902*max(0,X10-0.395) * max(0,X16-0.820) - 0.0891*max(0,-1.11-X23) + 0.0772*max(0,X5-0.814) - 0.0771*max(0,-1.12-X7) + 0.0701*max(0,X20-0.751) * max(0,X4-1.86) - 0.0699*max(0,X24+0.417) - 0.0694*max(0,-1.11-X14) * max(0,X15-0.871) + 0.0688*max(0,X7-0.649) - 0.0658*max(0,X16-0.820) * max(0,X4-1.86) - 0.0626*max(0,-0.454-X4) - 0.0601*max(0,X1+0.140) * max(0,X8-0.368) + 0.0529*max(0,X17-0.210) - 0.0504*max(0,X12-0.894) - 0.0416*max(0,-0.00574-X18) + 0.0388*max(0,0.421-X21) - 0.0388*max(0,-0.946-X9) + 0.0386*max(0,-0.237-X7) - 0.0385*max(0,X12-1.36) - 0.0374*max(0,-1.05-X6) * max(0,X10-0.850) + 0.0329*max(0,X19-0.713) + 0.0321*max(0,X14+0.151) + 0.0318*max(0,X13-0.0250) - 0.0316*max(0,X6-0.283) + 0.0283*max(0,X8-0.368) * max(0,X4-1.86) + 0.0223*max(0,X3-0.418) + 0.0217*max(0,X11+0.211) - 0.0204*max(0,-0.193-X23) - 0.0203*max(0,0.426-X12) - 0.0197*max(0,X15-0.871) - 0.0196*max(0,0.863-X3) + 0.0185*max(0,0.334-X16) - 0.0163*max(0,X15+0.0593) + 0.0118*max(0,X20-0.751) * max(0,X24-1.42) + 0.0101*max(0,-0.0593-X15) - 0.00162*max(0,-1.11-X14) * max(0,X4-1.86)"
ffx,645_fri_c3_500_50,ok,-0.115896,0.83018,734,34.26,,0.930 + 1.38*X1 * abs(X0) - 0.980*abs(X1) - 0.873*X0 - 0.613*abs(X0) + 0.455*X0**2 - 0.419*abs(X34) * abs(X2) + 0.409*abs(X19) * abs(X24) - 0.379*abs(X24) * abs(X4) + 0.331*abs(X32) * abs(X2) - 0.320*X1 + 0.285*X1**2 - 0.282*abs(X44) * abs(X4) - 0.268*X1 * abs(X7) + 0.251*abs(X14) + 0.247*abs(X46) * abs(X7) + 0.224*abs(X44) * abs(X41) - 0.219*abs(X29) + 0.214*abs(X47) * abs(X4) + 0.204*abs(X46) * abs(X4) + 0.203*X4**2 - 0.197*abs(X13) * abs(X32) - 0.196*X1 * abs(X32) - 0.191*abs(X0) * abs(X41) - 0.186*abs(X20) * abs(X41) - 0.180*abs(X19) * abs(X7) - 0.172*abs(X7) * abs(X4) - 0.162*abs(X0) * abs(X7) + 0.160*abs(X24) * X3 - 0.157*abs(X20) * X1 - 0.154*X1 * abs(X41) + 0.151*X3 * abs(X7) + 0.144*abs(X20) * abs(X2) - 0.135*X14**2 - 0.133*abs(X0) * abs(X32) + 0.127*abs(X24) * abs(X34) - 0.126*abs(X20) * abs(X46) - 0.118*abs(X24) * abs(X13) - 0.117*abs(X18) - 0.116*abs(X34) * abs(X32) - 0.112*abs(X40) + 0.110*X29 - 0.109*abs(X48) + 0.109*abs(X20) * abs(X34) + 0.109*X28 - 0.109*abs(X47) * abs(X41) + 0.105*abs(X41) * X4 - 0.104*abs(X13) * X1 - 0.104*X2 * abs(X34) - 0.101*abs(X46) * abs(X34) + 0.0986*abs(X10) + 0.0979*abs(X34) * abs(X41) + 0.0979*abs(X43) - 0.0952*X15 - 0.0938*abs(X28) - 0.0894*X1 * abs(X46) + 0.0862*abs(X34) * abs(X7) - 0.0855*abs(X19) * X2 - 0.0840*abs(X44) * abs(X0) - 0.0835*abs(X38) + 0.0826*abs(X13) * abs(X0) + 0.0824*abs(X0) * abs(X2) + 0.0788*abs(X15) - 0.0770*abs(X32) * abs(X41) - 0.0738*abs(X25) + 0.0738*abs(X47) * X4 + 0.0713*X31 + 0.0709*X17**2 + 0.0701*abs(X35) - 0.0696*X23 + 0.0674*X7 + 0.0660*X22**2 + 0.0649*X17 - 0.0621*abs(X19) * abs(X34) - 0.0611*X7**2 + 0.0609*X3 * abs(X32) - 0.0606*X32 + 0.0600*X48 + 0.0592*X30**2 - 0.0592*X1 * abs(X34) - 0.0551*X9**2 - 0.0532*X21**2 + 0.0528*X10 + 0.0496*abs(X44) * X4 - 0.0496*X33 + 0.0485*abs(X41) + 0.0482*abs(X44) * X1 + 0.0473*X4 * abs(X7) + 0.0467*abs(X27) + 0.0436*abs(X13) * abs(X44) - 0.0425*abs(X13) * abs(X34) - 0.0411*X3**2 + 0.0404*X25 - 0.0398*X14 + 0.0391*X26 - 0.0382*X24 + 0.0381*abs(X5) + 0.0381*X3 - 0.0376*abs(X46) * abs(X0) + 0.0367*X6**2 - 0.0353*X3 * abs(X0) + 0.0340*X3 * X2 - 0.0335*abs(X20) * abs(X24) - 0.0314*abs(X20) * X3 + 0.0313*X38 + 0.0309*X39**2 + 0.0305*abs(X26) + 0.0305*X15**2 + 0.0277*abs(X47) * abs(X13) - 0.0277*X48**2 - 0.0271*abs(X42) - 0.0262*abs(X37) + 0.0260*X45 + 0.0256*X41 - 0.0230*X8 - 0.0222*X5 - 0.0221*X2 * abs(X2) + 0.0212*X21 + 0.0203*abs(X46) * X4 + 0.0180*abs(X32) * X4 + 0.0160*abs(X23) + 0.0142*X9 + 0.0139*abs(X8) - 0.0133*X34 + 0.0128*X22 - 0.0123*abs(X24) * abs(X32) + 0.0114*abs(X24) * X4 + 0.0107*abs(X44) * X3 + 0.00972*abs(X11) + 0.00822*X3 * abs(X4) + 0.00808*abs(X13) * abs(X46) + 0.00764*abs(X47) * abs(X34) - 0.00761*abs(X0) * abs(X34) + 0.00747*X49 - 0.00730*X32**2 + 0.00728*abs(X19) * abs(X46) - 0.00435*X27 - 0.00429*X44 + 0.00381*X12**2 + 0.00311*X30 + 0.00304*X6 + 0.00281*abs(X47) * X1 + 0.00202*X47 + 0.00180*X31**2 - 0.00170*X13 - 0.00136*X16**2 - 0.000999*X16 - 0.000877*X19 - 0.000813*X40
ffx,646_fri_c3_500_10,ok,-0.012185,0.820263,1642,16.81,,"0.936 - 13.0*max(0,X2-1.54) * max(0,-0.212-X0) + 10.6*max(0,X3-1.31) * max(0,X5-1.17) + 9.67*max(0,X2-1.54) * max(0,X7-1.11) - 9.60*max(0,X2-1.54) * max(0,0.401-X0) + 5.22*max(0,X3-1.31) * max(0,X7-1.11) + 4.44*max(0,X3-1.31) * max(0,X0-1.01) + 4.44*max(0,X0-0.401) * max(0,X1-0.638) - 3.99*max(0,X0-1.01) * max(0,X1-0.638) - 3.71*max(0,X3-0.866) * max(0,X5-1.17) - 3.44*abs(X5) * max(0,X0-1.63) + 2.67*max(0,-0.731-X1) * max(0,X5-1.17) + 2.28*max(0,-0.0824-X6) * max(0,X0-1.63) - 2.27*max(0,0.401-X0) * max(0,X1-0.638) + 2.14*max(0,X0-0.401) - 2.07*max(0,X5-0.738) * max(0,X7-1.11) - 2.03*max(0,X3-1.31) * max(0,-0.128-X5) + 1.96*max(0,X1-0.638) + 1.95*max(0,X5-0.738) + 1.63*max(0,0.263-X2) * max(0,X7-1.11) - 1.54*max(0,-0.731-X1) * max(0,X5-0.738) + 1.54*max(0,X0-1.01) * max(0,-0.0824-X6) - 1.47*max(0,X0+0.212) - 1.44*max(0,X1+0.274) + 1.35*max(0,X2-2.17) * max(0,X1-0.638) - 1.34*max(0,X5-0.738) * max(0,X5-1.17) + 1.33*max(0,X3-0.866) - 1.11*max(0,-0.731-X1) * max(0,X7-1.11) + 1.09*max(0,-0.128-X5) * max(0,X7-1.11) - 1.06*max(0,0.263-X2) * max(0,X0-1.01) - 1.06*max(0,X7-1.11) * max(0,X0-1.63) + 1.03*max(0,0.263-X2) * max(0,X0-1.63) + 0.981*max(0,-1.01-X2) - 0.962*max(0,-0.212-X0) - 0.958*abs(X6) * max(0,X5-1.17) + 0.955*max(0,X2-1.54) * max(0,X1-0.638) - 0.930*max(0,X4-2.12) + 0.878*max(0,-0.212-X0) * max(0,X5-1.17) - 0.838*max(0,-0.731-X1) * max(0,0.263-X2) - 0.821*abs(X6) * max(0,X1-0.638) - 0.780*max(0,-0.826-X0) - 0.758*max(0,-0.212-X0) * max(0,X5-0.738) + 0.747*max(0,0.263-X2) * max(0,X1-0.638) - 0.699*max(0,0.263-X2) * max(0,X0-0.401) + 0.615*max(0,X5-0.738) * max(0,X0-0.401) - 0.560*max(0,X7-0.672) * max(0,X1-0.638) - 0.551*max(0,0.263-X2) * max(0,X7-0.672) + 0.538*max(0,-1.10-X9) - 0.518*max(0,0.419-X3) + 0.499*max(0,-0.0824-X6) * max(0,X1-0.638) + 0.463*max(0,-0.731-X1) * max(0,-0.212-X0) + 0.459*max(0,X9-0.832) + 0.441*max(0,X5+0.128) * max(0,X1-0.638) + 0.440*max(0,-0.212-X0) * max(0,X2-0.263) + 0.437*max(0,0.638-X1) + 0.434*max(0,0.263-X2) + 0.403*max(0,X2-0.263) * max(0,-0.128-X5) - 0.382*abs(X2) * max(0,X7-1.11) - 0.378*max(0,X3-1.31) * abs(X5) - 0.376*max(0,X3-0.419) - 0.372*abs(X5) + 0.367*max(0,-0.212-X0) * max(0,X7-0.672) - 0.364*max(0,X2-1.54) * max(0,X5-0.305) + 0.362*max(0,X3-0.866) * max(0,-0.128-X5) - 0.362*max(0,-0.0824-X6) * max(0,X3-0.866) - 0.346*abs(X5) * max(0,X5-1.17) + 0.342*max(0,-0.212-X0) * max(0,-0.0824-X6) - 0.315*abs(X1) - 0.300*max(0,X7-0.672) * max(0,X2-0.263) - 0.299*max(0,0.275-X4) + 0.296*max(0,-0.375-X2) - 0.296*max(0,X5-0.305) * max(0,X0-0.401) + 0.292*max(0,-1.44-X0) - 0.290*max(0,-0.274-X1) - 0.274*max(0,-0.0824-X6) * max(0,X0-0.401) + 0.274*abs(X6) * max(0,X5-0.738) + 0.265*abs(X2) * max(0,X1-0.638) - 0.264*abs(X2) * max(0,X5-1.17) + 0.254*max(0,-0.985-X8) - 0.244*max(0,-0.992-X6) - 0.240*max(0,X9-1.32) - 0.234*max(0,-0.477-X3) + 0.230*max(0,0.401-X0) - 0.224*max(0,X4-1.50) + 0.220*max(0,X2-0.263) * abs(X5) - 0.219*max(0,X5+0.128) + 0.212*max(0,0.263-X2) * max(0,0.401-X0) + 0.201*max(0,X3-0.866) * max(0,X2-2.17) - 0.198*max(0,-0.128-X5) * max(0,X0-1.63) - 0.197*max(0,X3-1.31) - 0.192*max(0,0.263-X2) * max(0,X5+0.128) + 0.191*max(0,-1.19-X1) + 0.183*max(0,X0-1.01) + 0.180*abs(X6) * max(0,X0-0.401) - 0.177*max(0,X0-1.01) * max(0,X7-0.672) + 0.168*max(0,X2-1.54) * max(0,-0.0824-X6) + 0.168*abs(X6) * max(0,X3-0.866) + 0.165*max(0,-0.994-X5) + 0.156*max(0,X1-0.182) + 0.156*max(0,X6-0.373) + 0.153*abs(X3) - 0.147*max(0,-0.632-X7) + 0.147*max(0,0.401-X0) * abs(X5) - 0.143*abs(X6) * max(0,X7-1.11) - 0.120*max(0,X5-0.738) * max(0,X3-0.866) - 0.120*abs(X2) - 0.116*abs(X9) + 0.110*max(0,X5+0.128) * max(0,X7-1.11) + 0.104*max(0,0.263-X2) * max(0,X3-0.866) + 0.0946*max(0,0.401-X0) * max(0,X5+0.128) - 0.0922*max(0,-0.731-X1) * abs(X6) - 0.0788*max(0,X7-0.672) * max(0,0.401-X0) + 0.0785*max(0,-0.0824-X6) * max(0,X2-0.263) - 0.0736*max(0,X5-0.305) * max(0,X5-1.17) - 0.0717*max(0,X1-1.09) - 0.0701*abs(X8) + 0.0694*abs(X2) * max(0,X0-1.63) - 0.0665*max(0,-0.128-X5) * max(0,X0-0.401) - 0.0643*max(0,-0.731-X1) * abs(X5) + 0.0619*max(0,-0.537-X6) + 0.0618*max(0,X7-0.237) - 0.0556*max(0,-0.731-X1) * max(0,-0.0824-X6) - 0.0546*max(0,X4-0.275) - 0.0518*abs(X6) * max(0,-0.128-X5) + 0.0489*max(0,-0.0824-X6) * abs(X5) + 0.0481*max(0,X2-0.263) * max(0,X1-0.638) - 0.0454*abs(X4) + 0.0451*abs(X5) * max(0,X1-0.638) - 0.0445*max(0,-0.135-X9) + 0.0423*max(0,X8+0.541) + 0.0350*max(0,-0.0824-X6) * max(0,-0.128-X5) + 0.0340*max(0,-0.212-X0) * max(0,-0.128-X5) + 0.0334*max(0,X2-0.263) * max(0,X2-2.17) - 0.0330*max(0,0.263-X2) * max(0,-0.0824-X6) + 0.0277*max(0,0.237-X7) - 0.0261*max(0,-0.731-X1) + 0.0246*max(0,X5-0.305) * max(0,X7-1.11) + 0.0237*max(0,X8-1.23) - 0.0225*abs(X2) * max(0,X0-0.401) - 0.0181*max(0,-0.0824-X6) * max(0,X7-1.11) - 0.0120*abs(X6) * abs(X5) - 0.00812*max(0,-0.731-X1) * max(0,X5+0.128) + 0.00783*abs(X2) * max(0,-0.128-X5) + 0.00544*abs(X2) * max(0,X2-2.17) + 0.00343*max(0,-0.0824-X6) * max(0,X7-0.672) - 0.00184*abs(X6) - 0.00122*max(0,0.263-X2) * abs(X6)"
ffx,647_fri_c1_250_10,ok,0.766921,0.474486,1642,16.72,,"0.905 + 133*max(0,-0.169-X0) * max(0,X1-0.261) + 23.2*max(0,-0.596-X5) * max(0,X0-1.40) + 22.8*max(0,-1.11-X4) * max(0,-1.21-X0) - 18.4*max(0,X8-1.34) * max(0,-1.21-X0) + 16.0*max(0,-1.07-X9) * max(0,X0-1.40) - 15.0*max(0,0.353-X0) * max(0,X1-1.13) + 13.7*max(0,X0+0.169) * max(0,-0.608-X1) + 7.64*max(0,-1.11-X4) * max(0,X0-1.40) - 5.52*max(0,X1-1.13) * max(0,X0-0.875) + 5.36*max(0,X1-1.13) * max(0,-1.07-X9) + 5.17*max(0,X3-1.18) * max(0,-1.04-X5) - 4.02*max(0,X1-0.696) * max(0,X0-1.40) + 3.40*max(0,X8-1.34) * max(0,-0.608-X1) - 3.32*max(0,-0.614-X9) * max(0,X0-0.875) + 3.18*max(0,X8-1.34) * max(0,X0-0.875) + 3.04*max(0,-1.07-X9) * max(0,X4-1.17) - 2.89*max(0,0.696-X1) * max(0,X1-0.261) - 2.86*max(0,X3-0.727) * max(0,X0-0.875) - 2.48*max(0,0.353-X0) * max(0,X1-0.261) + 2.46*max(0,X3-0.727) * max(0,X1-0.696) - 2.38*max(0,X8-1.34) * max(0,X4-1.17) + 2.35*max(0,X0+0.169) * max(0,X1-0.696) - 2.06*max(0,0.696-X1) * max(0,X0-0.875) - 2.03*max(0,X1-1.13) * max(0,X0-1.40) + 1.98*max(0,X3-0.727) * max(0,X4-1.17) + 1.96*max(0,X4-1.17) * max(0,-1.04-X5) + 1.95*max(0,X1-1.13) * max(0,X4-1.17) - 1.93*max(0,X8-1.34) * max(0,-0.169-X0) - 1.80*max(0,X3-1.18) * max(0,X1-1.13) - 1.70*max(0,X4-1.17) * max(0,-0.159-X9) - 1.64*max(0,-1.11-X4) * max(0,-1.04-X5) - 1.62*max(0,X0-0.353) * max(0,X1-1.13) - 1.59*max(0,X0+0.169) * max(0,-1.07-X9) - 1.53*max(0,X0+0.169) - 1.50*max(0,-1.21-X0) * max(0,X4-1.17) + 1.33*max(0,X0-0.353) * max(0,X1-0.261) + 1.26*max(0,X8-1.34) * max(0,-0.596-X5) - 1.23*max(0,-1.04-X5) * max(0,X0-0.875) + 1.18*max(0,X1-0.261) * max(0,X0-0.875) - 1.12*max(0,X1-0.261) + 1.09*max(0,-0.596-X5) * max(0,-1.07-X9) - 1.06*max(0,X8-1.34) * max(0,X1-0.261) - 1.05*max(0,-0.608-X1) - 1.05*max(0,-0.596-X5) + 1.05*max(0,X1-1.13) - 1.05*max(0,X3-0.727) * max(0,-0.608-X1) - 1.01*max(0,X1+0.173) - 1.01*max(0,-1.07-X9) * max(0,-0.608-X1) - 1.01*max(0,-0.608-X1) * max(0,-1.04-X5) - 0.982*max(0,-1.11-X4) * max(0,-0.596-X5) - 0.980*max(0,X3-0.727) * max(0,X0-1.40) - 0.859*max(0,X3-0.727) * max(0,X0+0.169) + 0.858*max(0,X4-1.17) * max(0,X1-0.696) + 0.847*max(0,X3-0.727) * max(0,X1-0.261) + 0.836*max(0,-1.21-X0) * max(0,-0.159-X9) + 0.724*max(0,0.696-X1) * max(0,-1.04-X5) + 0.709*max(0,-1.11-X4) * max(0,X8-1.34) - 0.706*max(0,-1.11-X4) * max(0,-0.159-X9) + 0.637*max(0,X0+0.169) * max(0,X0-0.875) + 0.602*max(0,-1.07-X9) + 0.560*max(0,-1.21-X0) + 0.556*max(0,-0.153-X5) + 0.541*max(0,-0.444-X2) + 0.525*max(0,X6-1.28) + 0.515*max(0,X0-0.875) - 0.510*max(0,0.696-X1) * max(0,X0+0.169) - 0.501*max(0,X9-0.752) + 0.494*max(0,-1.04-X1) + 0.474*max(0,X0-0.353) * max(0,-0.159-X9) - 0.473*max(0,-1.11-X4) * max(0,X0+0.169) + 0.451*max(0,X3-1.18) * max(0,X1-0.261) + 0.415*max(0,-0.608-X1) * max(0,-0.159-X9) + 0.399*max(0,-0.951-X8) + 0.379*max(0,X3-0.727) * max(0,X3-1.18) - 0.356*max(0,0.727-X3) + 0.355*max(0,X0-0.353) * max(0,-0.596-X5) + 0.332*max(0,X0-0.353) * max(0,X1-0.696) - 0.331*max(0,-0.596-X5) * max(0,-0.608-X1) - 0.323*max(0,0.353-X0) * max(0,X1-0.696) + 0.316*max(0,X0+0.169) * max(0,-0.596-X5) - 0.314*max(0,X9-1.21) - 0.303*max(0,X5-0.733) - 0.294*max(0,-1.04-X5) + 0.269*max(0,-0.656-X4) - 0.268*max(0,X1-1.13) * max(0,-0.596-X5) + 0.266*max(0,X8-0.881) + 0.266*max(0,-1.08-X6) - 0.261*max(0,X8-1.34) - 0.246*max(0,-1.07-X9) * max(0,-0.169-X0) + 0.242*max(0,X5+0.153) + 0.216*max(0,-0.596-X5) * max(0,-0.169-X0) + 0.213*max(0,-1.02-X7) + 0.209*max(0,X3-0.727) * max(0,-0.159-X9) - 0.209*max(0,-0.169-X0) * max(0,-0.614-X9) - 0.207*max(0,-0.569-X7) + 0.207*max(0,X1-1.13) * max(0,X1-0.261) + 0.197*max(0,-1.11-X4) * max(0,X1-0.696) - 0.194*max(0,-1.11-X4) * max(0,-0.169-X0) + 0.191*max(0,X4+0.656) + 0.190*max(0,X2+0.444) - 0.184*max(0,X8+0.0352) + 0.180*max(0,X0+0.169) * max(0,-0.159-X9) - 0.166*max(0,-0.614-X9) * max(0,X1-0.696) - 0.162*max(0,X6+0.134) - 0.158*max(0,-0.0352-X8) - 0.153*max(0,-0.691-X0) + 0.149*max(0,X9+0.159) + 0.137*max(0,-0.596-X5) * max(0,X1-0.696) - 0.124*max(0,-0.173-X1) - 0.121*max(0,0.353-X0) * max(0,-0.169-X0) - 0.119*max(0,X3-0.727) * max(0,-0.596-X5) - 0.118*max(0,0.258-X4) + 0.115*max(0,X2-1.38) + 0.109*max(0,-1.04-X5) * max(0,-0.169-X0) - 0.103*max(0,-0.199-X4) - 0.0973*max(0,X0+0.169) * max(0,X4-1.17) + 0.0968*max(0,X3+1.07) + 0.0905*max(0,X3-0.727) * max(0,-1.07-X9) - 0.0857*max(0,0.353-X0) * max(0,X0+0.169) + 0.0854*X2**2 - 0.0842*max(0,-0.605-X6) - 0.0737*max(0,-0.899-X2) + 0.0685*max(0,-1.11-X4) * max(0,0.696-X1) - 0.0659*max(0,X0-0.875) * max(0,X0-1.40) - 0.0659*max(0,-0.134-X6) + 0.0625*max(0,-0.608-X1) * max(0,-0.169-X0) + 0.0523*max(0,-1.11-X4) * max(0,-0.608-X1) - 0.0515*max(0,X7+0.122) + 0.0497*max(0,X7-0.772) + 0.0474*max(0,X3+0.170) - 0.0415*max(0,X4-1.17) * max(0,-0.169-X0) - 0.0367*max(0,X3-0.727) * max(0,-1.21-X0) - 0.0359*max(0,-0.493-X8) + 0.0302*max(0,X3-0.278) - 0.0190*max(0,X7+0.569) - 0.0172*max(0,X3-0.727) * max(0,0.696-X1) + 0.0159*X3 - 0.0154*X6**2 + 0.00873*max(0,X8-1.34) * max(0,-1.07-X9) - 0.00762*max(0,0.297-X9) - 0.00649*max(0,X6-0.338) + 0.00481*max(0,-1.07-X9) * max(0,-1.04-X5) + 0.00238*max(0,X3+0.619) + 0.00143*max(0,X5-1.18) + 0.000260*max(0,X0-0.353) * max(0,X0-0.875)"
ffx,648_fri_c1_250_50,ok,0.845036,0.391608,1013,42.87,,"1.06 + 3.71*max(0,X1-0.775) + 2.75*max(0,X0-0.892) - 1.57*max(0,X1+0.532) - 0.793*abs(X1) + 0.769*max(0,X39-1.23) + 0.613*max(0,X2-1.17) + 0.580*max(0,X38-1.13) - 0.509*max(0,-1.14-X20) - 0.427*max(0,-1.01-X4) - 0.422*max(0,-1.08-X3) + 0.396*max(0,X4-0.315) - 0.371*max(0,-0.978-X41) - 0.342*abs(X0) - 0.335*max(0,X19-1.31) - 0.310*max(0,X4-1.20) - 0.302*max(0,X0-1.42) - 0.289*max(0,X10-1.13) - 0.282*max(0,X0+0.164) + 0.271*max(0,-1.19-X38) + 0.268*max(0,X3+0.129) - 0.253*max(0,X48-1.13) - 0.251*max(0,X43-0.862) - 0.241*max(0,X20-0.680) - 0.232*max(0,-1.04-X45) + 0.218*max(0,-0.233-X2) - 0.217*max(0,X21-1.25) + 0.214*abs(X20) - 0.214*max(0,-0.968-X1) + 0.208*max(0,-1.17-X2) - 0.205*max(0,X9-1.12) + 0.205*max(0,-1.13-X48) + 0.184*max(0,X45-0.825) + 0.182*max(0,-1.12-X9) - 0.176*max(0,-0.981-X24) + 0.173*max(0,X29-1.25) + 0.161*max(0,X14-1.26) - 0.159*max(0,X41-1.21) - 0.158*max(0,-0.661-X27) + 0.151*max(0,X31-1.34) + 0.150*max(0,-0.934-X14) - 0.150*max(0,-1.02-X46) + 0.146*max(0,X3-0.344) + 0.143*max(0,X19-0.372) - 0.132*max(0,-1.00-X47) - 0.124*max(0,X21-0.801) - 0.123*max(0,X17-0.693) + 0.123*max(0,X23-0.879) - 0.120*max(0,-1.14-X22) - 0.115*max(0,-0.940-X29) - 0.113*max(0,1.29-X3) + 0.108*max(0,X22-0.719) + 0.107*max(0,-1.02-X30) + 0.106*max(0,-0.133-X46) - 0.106*max(0,X15-1.15) + 0.105*abs(X36) - 0.104*max(0,-1.02-X8) + 0.102*max(0,X48+0.679) - 0.102*abs(X39) - 0.101*max(0,X34-0.771) + 0.101*max(0,0.360-X45) - 0.0999*max(0,-0.556-X25) - 0.0972*max(0,-0.531-X11) - 0.0963*max(0,-1.03-X6) + 0.0904*max(0,X37+0.205) - 0.0902*max(0,X15-0.705) + 0.0902*max(0,X22-1.18) + 0.0901*max(0,-0.959-X5) - 0.0843*max(0,X26-1.25) - 0.0816*max(0,X16-0.876) + 0.0779*abs(X8) - 0.0756*max(0,X27-0.737) - 0.0750*max(0,X6-0.336) + 0.0738*abs(X32) - 0.0731*max(0,X20-1.13) - 0.0700*max(0,X16-1.34) + 0.0664*abs(X19) + 0.0650*max(0,-1.00-X42) - 0.0648*max(0,X42-1.33) - 0.0645*max(0,X14-0.382) - 0.0632*max(0,X10-0.673) + 0.0611*abs(X7) + 0.0608*max(0,-0.909-X26) - 0.0602*max(0,X32-1.27) + 0.0601*max(0,0.386-X47) + 0.0597*abs(X21) + 0.0581*max(0,X40-0.469) + 0.0563*max(0,X37+0.645) - 0.0560*abs(X33) - 0.0560*max(0,-0.540-X39) - 0.0559*max(0,-0.544-X8) - 0.0508*max(0,-1.13-X27) + 0.0499*max(0,X35-1.30) + 0.0497*max(0,X26-0.388) + 0.0485*max(0,-0.180-X18) + 0.0459*abs(X26) - 0.0429*max(0,X1+0.0964) + 0.0418*max(0,X36-1.23) - 0.0408*max(0,0.671-X9) + 0.0384*max(0,X7+0.102) - 0.0357*max(0,-0.0526-X33) - 0.0347*max(0,X24-0.749) - 0.0337*max(0,X0+0.692) + 0.0328*max(0,-0.515-X23) + 0.0322*max(0,X25+1.00) + 0.0314*max(0,0.849-X49) + 0.0299*max(0,X45-1.29) - 0.0299*max(0,X18-1.14) + 0.0287*max(0,-0.977-X49) - 0.0285*abs(X14) - 0.0282*max(0,0.705-X15) + 0.0252*max(0,X36-0.325) - 0.0243*max(0,X13-0.354) - 0.0241*abs(X10) + 0.0241*max(0,X48+1.13) + 0.0233*max(0,0.397-X42) - 0.0229*max(0,X27+0.195) - 0.0228*max(0,-0.540-X41) - 0.0225*max(0,0.693-X17) - 0.0213*max(0,0.253-X17) - 0.0206*max(0,0.739-X28) + 0.0169*max(0,X22-0.253) - 0.0166*max(0,X47-1.31) - 0.0160*max(0,X28-0.739) + 0.0152*max(0,X23+0.515) - 0.0147*max(0,-0.532-X1) - 0.0146*max(0,X5+0.518) + 0.0112*max(0,X11+0.0868) - 0.0109*abs(X34) - 0.0108*max(0,X29+0.940) - 0.0103*max(0,0.326-X35) - 0.0102*max(0,0.410-X43) - 0.00978*max(0,X34+0.141) - 0.00847*max(0,1.24-X12) - 0.00780*max(0,1.20-X4) - 0.00710*abs(X43) + 0.00640*max(0,0.419-X31) - 0.00570*max(0,-0.109-X25) + 0.00553*max(0,X11-0.802) - 0.00495*max(0,X44-0.657) - 0.00320*max(0,X46+1.02) - 0.00189*abs(X6) - 0.00157*max(0,0.773-X41) + 0.00134*max(0,0.260-X18)"
ffx,649_fri_c0_500_5,ok,0.438659,0.658417,1928,14.89,,"-0.341 + 28.1*max(0,-0.582-X1) * max(0,X0-1.23) + 16.4*max(0,X1-1.31) * max(0,-1.10-X3) - 14.8*max(0,X3-0.265) * max(0,X1-1.31) - 12.6*max(0,X3-0.265) * max(0,X0-1.23) - 11.9*max(0,X2-0.843) * max(0,X0-1.23) - 11.4*max(0,X0-1.23) * max(0,-0.108-X1) - 8.94*max(0,X2-0.843) * max(0,X1-1.31) + 8.55*max(0,X2+0.0747) * max(0,X0-1.23) + 7.66*max(0,X1-1.31) + 7.51*max(0,X3+0.190) * max(0,X0-1.23) + 7.41*max(0,-0.0747-X2) * max(0,X0-1.23) - 6.79*max(0,X0-0.788) * max(0,-0.582-X1) - 6.72*max(0,X1-1.31) * max(0,-0.190-X3) + 6.52*max(0,X0-0.788) * max(0,-0.644-X3) + 6.46*max(0,X2-0.843) * max(0,-0.190-X3) + 6.39*max(0,X3+0.190) * max(0,X1-1.31) - 6.25*max(0,X2-0.843) * max(0,-0.644-X3) + 6.20*max(0,-0.582-X1) * max(0,-1.10-X3) - 5.55*max(0,X0-0.788) * max(0,-1.10-X3) - 5.49*max(0,X1-1.31) * abs(X1) + 5.13*max(0,X0-1.23) * max(0,X1+0.108) - 5.08*max(0,X1-1.31) * max(0,X0-1.23) + 4.84*abs(X3) * max(0,X1-1.31) - 4.67*max(0,-1.10-X3) - 4.64*max(0,-0.582-X1) * max(0,-0.190-X3) - 3.97*max(0,X1-1.31) * max(0,-0.644-X3) + 3.91*max(0,-0.190-X3) * max(0,-0.644-X3) - 3.85*max(0,X0-1.23) * abs(X1) + 3.65*max(0,X0-0.788) * max(0,-0.108-X1) - 3.38*max(0,X0-1.23) - 3.37*max(0,-0.105-X0) * max(0,-0.644-X3) - 3.29*max(0,X2-0.843) * abs(X3) - 3.20*max(0,X0-0.788) * max(0,X2-0.843) + 3.18*max(0,-0.105-X0) * max(0,-1.10-X3) - 3.15*max(0,X3-0.265) * max(0,-0.582-X1) + 3.14*abs(X3) * max(0,-0.108-X1) - 2.88*max(0,X0-1.23) * max(0,-0.644-X3) + 2.55*max(0,X1-1.31) * max(0,-0.0747-X2) + 2.51*max(0,X2-0.843) * max(0,-1.10-X3) + 2.37*max(0,-0.105-X0) * max(0,-0.108-X1) - 2.35*max(0,-0.478-X4) - 2.26*max(0,-1.10-X3) * max(0,-0.190-X3) - 2.24*max(0,-0.644-X3) * abs(X1) + 2.16*max(0,X3-0.265) * max(0,X2-0.843) + 2.14*max(0,X0+0.105) + 2.14*max(0,-0.582-X1) * max(0,-0.0747-X2) - 2.10*max(0,X4-0.944) + 2.04*max(0,X3-0.265) * max(0,-0.0747-X2) - 1.97*max(0,-1.10-X3) * abs(X1) - 1.94*max(0,-0.0747-X2) * max(0,-1.10-X3) + 1.86*max(0,-0.190-X3) * max(0,-0.108-X1) + 1.78*abs(X3) * max(0,-1.10-X3) + 1.72*max(0,-0.582-X1) * abs(X3) + 1.66*max(0,-0.190-X3) * max(0,X1+0.108) - 1.62*max(0,-0.105-X0) * max(0,X1-1.31) - 1.49*max(0,-0.108-X1) - 1.48*abs(X0) - 1.46*max(0,-0.0747-X2) * max(0,-0.108-X1) + 1.43*max(0,X3+0.190) * max(0,X2-0.843) - 1.40*abs(X3) * max(0,-0.0747-X2) + 1.36*max(0,-1.10-X3) * max(0,-0.644-X3) - 1.34*abs(X3) * max(0,-0.190-X3) + 1.33*max(0,-1.10-X3) * max(0,X1+0.108) + 1.32*max(0,-0.0747-X2) * max(0,-0.190-X3) - 1.29*max(0,X2-0.843) * max(0,-0.108-X1) - 1.27*max(0,X3-0.265) * max(0,-0.105-X0) + 1.20*max(0,-1.10-X3) * max(0,X0-1.23) + 1.15*max(0,-0.105-X0) * max(0,X1+0.108) + 1.15*max(0,X2+0.0747) * max(0,-0.644-X3) - 1.15*max(0,-0.582-X1) * max(0,-0.644-X3) + 1.11*max(0,X3+0.190) * max(0,X0-0.788) + 1.09*abs(X3) * max(0,X0-1.23) + 1.07*X4**2 + 1.04*max(0,-0.644-X3) * max(0,-0.108-X1) - 1.03*max(0,X2-0.843) * max(0,X1+0.108) - 1.01*max(0,-0.190-X3) * abs(X1) - 0.983*max(0,X3-0.265) * max(0,-0.108-X1) - 0.982*max(0,-1.10-X3) * max(0,-0.108-X1) - 0.979*max(0,-0.105-X0) * abs(X1) + 0.975*max(0,X2-0.843) - 0.974*max(0,X0-0.788) * max(0,X0-1.23) + 0.969*max(0,X2+0.0747) * abs(X1) + 0.961*max(0,X3+0.190) - 0.953*max(0,X0-1.23) * max(0,-0.190-X3) - 0.950*max(0,-0.644-X3) - 0.928*max(0,-0.582-X1) * max(0,-0.105-X0) + 0.917*abs(X3) * max(0,X1+0.108) - 0.906*max(0,X2+0.0747) - 0.903*max(0,X0-0.788) - 0.895*max(0,-0.552-X0) - 0.885*max(0,X0-0.788) * max(0,-0.190-X3) - 0.885*max(0,X3-0.719) - 0.820*max(0,-0.999-X0) + 0.798*max(0,-0.582-X1) - 0.787*X0 - 0.769*abs(X3) * abs(X1) + 0.763*max(0,X0-0.788) * max(0,X1-1.31) - 0.762*max(0,X0-0.788) * abs(X3) - 0.747*max(0,X0-0.788) * max(0,-0.0747-X2) - 0.716*max(0,X4-0.470) + 0.714*max(0,-0.0747-X2) * max(0,-0.644-X3) - 0.690*max(0,X0-0.788) * max(0,X1+0.108) - 0.676*max(0,-0.105-X0) - 0.672*max(0,X0-0.788) * abs(X1) + 0.657*max(0,X3-0.265) * abs(X3) + 0.651*abs(X2) + 0.638*max(0,-0.105-X0) * max(0,-0.190-X3) - 0.638*max(0,-0.582-X1) * max(0,X2-0.843) + 0.628*max(0,-0.644-X3) * max(0,X1+0.108) - 0.611*max(0,X2+0.0747) * max(0,-0.108-X1) + 0.606*max(0,0.719-X3) - 0.605*max(0,X2+0.0747) * max(0,-0.190-X3) - 0.590*abs(X3) + 0.590*max(0,X2-0.843) * abs(X1) + 0.588*abs(X3) * max(0,-0.105-X0) + 0.559*max(0,X2-1.30) - 0.518*max(0,X3-1.17) + 0.514*max(0,-0.582-X1) * max(0,-0.108-X1) + 0.508*max(0,X1+0.108) - 0.485*abs(X1) * max(0,-0.108-X1) - 0.483*max(0,X2+0.0747) * max(0,X1+0.108) + 0.471*max(0,X3+0.190) * max(0,-0.105-X0) + 0.451*max(0,X0-0.341) + 0.444*X0**2 - 0.417*max(0,-0.0747-X2) * max(0,X1+0.108) + 0.382*max(0,X1-1.31) * max(0,X1+0.108) - 0.370*max(0,X0-0.788) * max(0,X3-0.265) - 0.358*max(0,X1-0.840) - 0.353*X1**2 + 0.273*max(0,X3-0.265) * max(0,X1+0.108) - 0.271*max(0,X3+0.190) * max(0,-0.0747-X2) + 0.262*max(0,X3+0.190) * max(0,-0.582-X1) + 0.261*max(0,0.366-X1) - 0.259*max(0,X1-0.366) + 0.196*max(0,X3+0.644) + 0.194*max(0,0.341-X0) - 0.188*max(0,-0.0747-X2) - 0.185*max(0,X4+0.00424) - 0.184*max(0,0.265-X3) + 0.182*max(0,X1+0.108) * abs(X1) - 0.175*max(0,X3+0.190) * abs(X1) + 0.169*max(0,-0.0747-X2) * abs(X1) + 0.166*X2**2 - 0.158*max(0,0.470-X4) - 0.146*abs(X3) * max(0,-0.644-X3) - 0.143*max(0,X3-0.265) * abs(X1) - 0.136*max(0,X0+0.999) + 0.134*max(0,X1+1.06) - 0.134*X1 + 0.128*max(0,X3+0.190) * max(0,X1+0.108) + 0.121*max(0,-0.190-X3) + 0.115*max(0,0.384-X2) - 0.114*max(0,-0.953-X4) - 0.110*max(0,X3+0.190) * abs(X3) - 0.109*max(0,X2-0.843) * max(0,-0.105-X0) - 0.103*abs(X1) + 0.103*abs(X4) - 0.101*max(0,X3+0.190) * max(0,X3-0.265) - 0.101*max(0,-0.992-X2) - 0.0958*max(0,0.788-X0) - 0.0934*max(0,X4-1.42) - 0.0852*max(0,-0.533-X2) - 0.0837*max(0,X3+0.190) * max(0,-0.108-X1) - 0.0687*max(0,-0.582-X1) * abs(X1) - 0.0625*max(0,1.23-X0) - 0.0618*max(0,-0.00424-X4) - 0.0614*max(0,0.840-X1) - 0.0566*max(0,X0+0.552) + 0.0540*max(0,0.843-X2) - 0.0509*max(0,X1+0.582) + 0.0499*X2 - 0.0482*max(0,X4+0.478) + 0.0361*max(0,-0.105-X0) * max(0,-0.0747-X2) - 0.0344*max(0,1.31-X1) + 0.0325*max(0,X2+0.992) - 0.0316*max(0,-1.06-X1) + 0.0300*max(0,1.17-X3) + 0.0291*max(0,X2-0.384) - 0.0233*max(0,1.30-X2) + 0.0138*X4 - 0.00130*max(0,X3-0.265) - 7.77e-5*max(0,X3+1.10)"
ffx,650_fri_c0_500_50,ok,-0.263764,1.040903,1398,33.25,,"0.928 + 1760*max(0,X31-1.22) * max(0,X34-1.19) - 136*max(0,X29-1.28) * max(0,X0-1.33) + 110*max(0,X18-1.30) * max(0,X28-1.19) + 58.9*max(0,X34-1.19) * max(0,X5-1.33) - 44.0*max(0,X29-1.28) * max(0,-0.957-X7) - 33.5*max(0,-1.15-X8) * max(0,X5-1.33) + 23.1*max(0,X28-1.19) * max(0,X7-1.29) - 5.86*max(0,X34-1.19) * max(0,X48-1.18) - 5.04*max(0,-0.957-X7) * max(0,X0-1.33) + 5.02*max(0,X28-1.19) * max(0,X5-1.33) + 4.50*max(0,X5-1.33) * max(0,X7-1.29) - 4.33*max(0,X28-1.19) * max(0,X7-0.840) + 4.09*max(0,X2-1.21) * max(0,X36-1.32) + 3.85*max(0,X18-1.30) * max(0,X36-1.32) + 3.78*max(0,X32-1.35) * max(0,-0.879-X23) + 3.76*max(0,X36-1.32) * max(0,X7-1.29) - 3.38*max(0,X2-1.21) * max(0,X0-1.33) - 2.73*max(0,-0.940-X43) * max(0,X5-1.33) - 2.66*max(0,-1.11-X1) * max(0,X7-0.840) + 2.23*max(0,X32-1.35) * max(0,X44-1.29) - 2.19*max(0,X34-1.19) * max(0,-0.940-X43) - 2.16*max(0,X44-1.29) * max(0,X36-1.32) + 2.15*max(0,X29-1.28) * max(0,-0.879-X23) - 2.02*max(0,X44-1.29) * max(0,-0.879-X23) - 1.97*max(0,-0.957-X7) * max(0,X5-1.33) + 1.69*max(0,X18-1.30) * max(0,X5-1.33) + 1.67*max(0,X29-1.28) * max(0,X32-1.35) + 1.62*max(0,-1.18-X38) * max(0,X31-1.22) + 1.61*max(0,X31-1.22) * max(0,-0.940-X43) - 1.39*max(0,X7-0.840) * max(0,X0-1.33) - 1.36*max(0,-0.639-X1) * max(0,X0-1.33) - 1.33*max(0,X49-1.38) * max(0,-1.11-X1) + 1.23*max(0,X32-1.35) * max(0,-0.940-X43) + 1.20*max(0,-1.15-X8) * max(0,X2-1.21) + 1.16*max(0,X18-1.30) * max(0,-1.15-X8) - 1.15*max(0,X32-1.35) * max(0,-1.11-X1) - 1.15*max(0,X29-1.28) * max(0,X36-1.32) - 1.13*max(0,X18-1.30) * max(0,X34-1.19) + 1.01*max(0,-1.18-X38) * max(0,X28-1.19) + 0.951*max(0,X29-1.28) * max(0,-1.11-X1) - 0.940*max(0,X48-1.18) * max(0,X0-1.33) - 0.915*max(0,-0.578-X0) * max(0,X48-1.18) + 0.892*max(0,-1.18-X38) * max(0,X36-1.32) + 0.891*max(0,-0.578-X0) * max(0,-1.11-X1) + 0.791*max(0,X49-1.38) * max(0,X5-1.33) - 0.750*max(0,-0.639-X1) - 0.743*max(0,-0.578-X0) + 0.733*max(0,-0.578-X0) * max(0,X36-1.32) - 0.641*max(0,-0.957-X7) * max(0,X49-1.38) - 0.609*max(0,-1.18-X38) * max(0,-0.578-X0) + 0.520*max(0,X8-1.17) - 0.486*max(0,1.56-X3) + 0.478*max(0,-0.578-X0) * max(0,X2-1.21) + 0.466*max(0,-1.18-X38) * max(0,X0-1.33) - 0.452*max(0,X0-1.33) + 0.441*abs(X2) + 0.415*max(0,X29-1.28) * max(0,X5-1.33) - 0.394*max(0,-1.05-X36) - 0.328*max(0,X34-1.19) * max(0,-0.578-X0) - 0.309*max(0,-0.578-X0) * max(0,X7-0.840) - 0.307*max(0,X15-1.14) + 0.277*max(0,X10-1.39) + 0.276*max(0,-1.15-X8) * max(0,-0.879-X23) - 0.275*max(0,-1.11-X46) - 0.267*max(0,-0.578-X0) * max(0,-0.940-X43) - 0.261*abs(X2) * max(0,X0-1.33) + 0.257*X4 + 0.256*max(0,X7-0.840) * max(0,X7-1.29) - 0.254*max(0,X19-0.799) + 0.252*max(0,X2-1.21) + 0.243*max(0,-0.542-X30) - 0.240*max(0,X7-0.840) + 0.237*max(0,X36-1.32) * max(0,-0.879-X23) - 0.227*max(0,X29-1.28) * max(0,X44-1.29) - 0.221*max(0,-0.929-X32) + 0.213*abs(X2) * max(0,X7-1.29) - 0.207*max(0,X48-1.18) * max(0,-0.879-X23) - 0.198*max(0,-1.11-X5) - 0.194*max(0,1.24-X1) + 0.173*max(0,-0.974-X11) - 0.166*max(0,-1.11-X1) * max(0,X36-1.32) - 0.157*max(0,1.33-X0) - 0.155*max(0,-0.639-X1) * max(0,-1.11-X1) - 0.131*max(0,-0.548-X20) + 0.129*max(0,0.345-X44) - 0.127*max(0,-0.940-X43) + 0.125*abs(X19) - 0.124*max(0,X42-0.367) + 0.112*abs(X2) * max(0,-1.15-X8) + 0.111*abs(X49) - 0.103*abs(X7) - 0.0996*max(0,-0.957-X7) * max(0,X48-1.18) + 0.0957*max(0,-0.559-X29) - 0.0926*abs(X23) + 0.0880*max(0,X33+0.578) - 0.0836*max(0,X30-1.27) - 0.0823*max(0,X6-1.27) - 0.0800*max(0,0.00170-X41) + 0.0799*abs(X35) + 0.0752*max(0,-0.564-X42) - 0.0735*max(0,-0.578-X0) * max(0,X28-1.19) + 0.0732*abs(X17) + 0.0692*max(0,0.779-X9) + 0.0678*max(0,X29-1.28) * max(0,X49-1.38) + 0.0620*max(0,X27-0.896) + 0.0598*max(0,X18-1.30) * max(0,X31-1.22) + 0.0578*max(0,-1.15-X8) - 0.0574*max(0,X34-1.19) + 0.0571*max(0,X3+0.375) + 0.0511*max(0,0.735-X28) + 0.0470*max(0,X3-0.108) + 0.0460*max(0,X31-0.780) - 0.0454*max(0,X15-0.701) + 0.0418*max(0,-0.213-X24) - 0.0408*abs(X18) + 0.0390*max(0,X10+0.854) + 0.0387*max(0,X29-1.28) * max(0,X7-1.29) - 0.0386*max(0,X44-1.29) - 0.0374*max(0,X39-1.22) + 0.0358*max(0,X38+0.239) - 0.0356*abs(X11) - 0.0308*max(0,X16+0.610) + 0.0299*abs(X2) * max(0,X36-1.32) + 0.0280*max(0,0.730-X39) - 0.0268*max(0,X9+1.05) - 0.0268*max(0,0.0435-X23) - 0.0256*abs(X13) - 0.0216*max(0,0.408-X22) - 0.0182*max(0,0.389-X6) - 0.0175*abs(X12) - 0.0168*max(0,X18+0.487) - 0.0167*max(0,-0.963-X21) - 0.0102*max(0,0.0419-X10) + 0.00135*max(0,X37+0.171) + 0.000975*max(0,0.843-X36)"
ffx,651_fri_c0_100_25,ok,0.608966,0.692171,532,16.06,,"-0.229 + 2.45*max(0,X20-1.13) + 1.92*max(0,X3-1.33) + 1.51*max(0,X11-0.776) - 1.24*max(0,-1.05-X1) - 1.01*max(0,-1.09-X4) + 0.743*max(0,-1.02-X24) - 0.707*max(0,-0.935-X0) + 0.655*max(0,X2-1.19) + 0.652*max(0,-1.19-X19) + 0.635*max(0,-1.18-X23) - 0.603*max(0,X19-1.19) - 0.519*max(0,0.412-X0) + 0.487*max(0,X15-1.19) - 0.458*max(0,-0.959-X11) + 0.455*max(0,-1.13-X8) + 0.422*max(0,X17-1.25) - 0.410*max(0,0.418-X3) + 0.406*max(0,X1-1.26) + 0.370*max(0,X14-0.894) - 0.343*max(0,X20-0.678) + 0.333*max(0,X4+0.150) + 0.329*max(0,-1.21-X6) - 0.325*max(0,-0.122-X1) + 0.312*max(0,X18-0.979) - 0.298*max(0,X20+0.225) - 0.289*max(0,-0.445-X16) - 0.288*max(0,X8-1.04) - 0.286*max(0,X13-1.29) + 0.278*abs(X2) - 0.276*max(0,X22-1.38) - 0.231*max(0,0.392-X24) + 0.229*max(0,0.776-X11) + 0.213*max(0,X3+0.950) - 0.208*max(0,-1.14-X2) + 0.207*max(0,X12-0.228) + 0.204*abs(X13) - 0.196*abs(X24) - 0.184*max(0,-0.677-X20) - 0.171*max(0,-0.922-X16) - 0.161*max(0,X6-0.683) - 0.155*max(0,0.874-X3) + 0.146*max(0,0.900-X9) + 0.141*max(0,X7+0.985) + 0.130*max(0,0.269-X15) + 0.122*max(0,X13-0.361) - 0.114*max(0,-0.118-X17) + 0.0986*max(0,X2+0.210) - 0.0966*max(0,X22-0.353) - 0.0902*max(0,-1.11-X15) - 0.0857*max(0,-0.754-X10) + 0.0833*max(0,-0.693-X8) + 0.0760*max(0,X16-0.988) + 0.0745*max(0,-1.18-X22) - 0.0656*max(0,X10+0.754) + 0.0564*max(0,-0.985-X7) + 0.0559*max(0,X1+0.584) + 0.0545*abs(X12) - 0.0519*abs(X5) + 0.0472*abs(X15) + 0.0344*max(0,X17+0.574) - 0.0315*max(0,0.785-X4) + 0.0227*max(0,X7-0.747) + 0.0222*max(0,0.894-X14) - 0.0212*max(0,X20+0.677) - 0.0203*abs(X22) - 0.0177*max(0,X6+0.734) + 0.0138*max(0,X5-1.31) + 0.0121*max(0,-0.938-X21) - 0.0107*max(0,X22-0.865) + 0.00969*abs(X21) + 0.000103*max(0,X8+0.693)"
ffx,653_fri_c0_250_25,ok,0.506685,0.756312,1642,20.1,,"0.415 + 24.0*max(0,-0.892-X0) * max(0,X24-1.13) - 22.0*max(0,X23-1.23) * max(0,-1.23-X2) + 15.0*max(0,-1.10-X6) * max(0,X23-1.23) + 13.9*max(0,-1.10-X6) * max(0,X20-1.36) + 13.7*max(0,X7-1.12) * max(0,X24-1.13) - 7.87*max(0,X6-1.24) * max(0,-0.595-X12) - 7.34*max(0,X23-1.23) * max(0,X19-1.16) + 6.82*max(0,X23-1.23) * max(0,X6-1.24) + 6.65*max(0,X5-1.31) * max(0,X18-0.855) + 5.94*max(0,X7-1.12) * max(0,X19-1.16) - 5.14*max(0,X3-0.957) * max(0,-1.05-X9) - 4.64*max(0,-0.892-X0) * max(0,X6-1.24) - 4.32*max(0,X23-1.23) * max(0,X11-0.792) + 4.24*max(0,X2-1.12) * max(0,-1.10-X6) - 4.11*max(0,X12-1.09) * max(0,X19-1.16) - 3.63*max(0,X7-1.12) * max(0,X11-0.792) + 3.47*max(0,X3-0.957) * max(0,X6-1.24) - 3.35*max(0,X5-1.31) * max(0,X24-0.686) - 3.07*max(0,-1.02-X12) * max(0,-1.10-X13) - 3.01*max(0,X20-1.36) * max(0,-1.05-X9) - 2.93*max(0,X5-1.31) * max(0,X12-1.09) + 2.64*max(0,X3-0.957) * max(0,-1.10-X6) + 2.60*max(0,X5-1.31) * max(0,-1.10-X6) - 2.59*max(0,-1.10-X6) * max(0,-0.892-X0) + 2.55*max(0,X3-0.957) * max(0,X5-1.31) - 2.39*max(0,X6-1.24) * max(0,X24-0.686) - 2.18*max(0,X7-1.12) * max(0,X6-1.24) + 2.12*max(0,-0.760-X2) * max(0,X24-1.13) - 2.06*max(0,X2-1.12) * max(0,-1.05-X9) - 1.93*max(0,-1.10-X13) * max(0,X19-1.16) - 1.85*max(0,-0.613-X9) * max(0,X22-1.34) + 1.81*max(0,X12-1.09) * max(0,X22-1.34) + 1.67*max(0,-1.10-X6) * max(0,-1.02-X12) - 1.54*max(0,X5-1.31) * max(0,-0.595-X12) - 1.51*max(0,X5-1.31) * max(0,-0.892-X0) - 1.49*max(0,-0.645-X13) * max(0,X18-0.402) - 1.35*max(0,X7-1.12) * max(0,-1.02-X12) - 1.32*max(0,X16-1.23) - 1.31*max(0,-1.10-X6) * max(0,X24-0.686) + 1.28*max(0,-0.613-X9) * max(0,-1.10-X13) - 1.27*max(0,X3-0.957) * max(0,X12-1.09) + 1.23*max(0,-0.760-X2) * max(0,-1.23-X2) + 1.14*max(0,X18-0.402) * max(0,X7-1.12) + 1.08*max(0,X18-0.402) * max(0,X23-1.23) - 1.06*max(0,X14-1.33) + 1.02*max(0,X2-0.647) * max(0,X22-1.34) + 0.922*max(0,X3-1.46) - 0.901*max(0,-0.613-X9) * max(0,-1.02-X12) - 0.868*max(0,X2-1.12) * max(0,X12-1.09) + 0.848*max(0,X22-1.34) + 0.767*max(0,X18-1.31) + 0.723*max(0,X18-0.855) * max(0,X19-1.16) + 0.711*max(0,X2-1.12) * max(0,X6-1.24) + 0.696*max(0,X10-1.30) - 0.673*max(0,-1.05-X9) * max(0,X24-0.686) + 0.648*max(0,-1.02-X12) * max(0,-0.595-X12) - 0.642*max(0,-0.645-X13) * max(0,X24-1.13) + 0.635*max(0,-0.892-X0) * max(0,-0.613-X9) + 0.623*max(0,X3-0.957) * max(0,X24-1.13) + 0.612*max(0,X24-0.686) * max(0,-1.23-X2) - 0.603*max(0,-0.536-X1) - 0.574*max(0,X22-1.34) * max(0,X24-0.686) + 0.571*max(0,-0.873-X14) - 0.563*max(0,X2-1.12) * max(0,-0.595-X12) - 0.553*max(0,-1.05-X9) * max(0,X11-0.792) - 0.550*max(0,-0.645-X13) * max(0,X24-0.686) + 0.548*max(0,X18-0.402) * max(0,-1.10-X6) - 0.545*max(0,0.454-X3) - 0.531*abs(X0) + 0.525*max(0,X2-0.647) - 0.524*max(0,-0.595-X12) * max(0,X24-1.13) + 0.514*max(0,X3-0.957) + 0.513*max(0,-0.645-X13) * max(0,X2-0.647) - 0.502*max(0,X18-0.402) * max(0,-0.595-X12) + 0.501*max(0,X13-1.17) + 0.484*max(0,-1.10-X16) + 0.477*max(0,X0+0.428) - 0.472*max(0,-0.125-X4) + 0.444*max(0,X20-1.36) * max(0,-0.595-X12) + 0.414*max(0,-0.949-X22) - 0.410*max(0,0.325-X1) - 0.379*max(0,-0.632-X6) + 0.377*max(0,-0.645-X13) * max(0,X6-1.24) - 0.369*max(0,X18-0.402) * max(0,X6-1.24) - 0.354*max(0,-0.645-X13) * max(0,X12-1.09) + 0.330*max(0,X11-1.22) + 0.328*max(0,X2-0.647) * max(0,X7-1.12) - 0.326*max(0,X18-0.402) * max(0,-0.892-X0) + 0.326*max(0,X0-0.962) - 0.325*max(0,X18-0.855) * max(0,X11-0.792) + 0.308*max(0,X3-0.957) * max(0,X18-0.402) - 0.297*max(0,X3-0.957) * max(0,X7-1.12) - 0.289*max(0,X12-1.09) + 0.276*abs(X9) + 0.265*max(0,X14-0.448) + 0.263*max(0,-0.645-X13) * max(0,X23-1.23) + 0.254*max(0,X2-0.647) * max(0,X23-1.23) - 0.254*max(0,-0.551-X3) + 0.228*max(0,X15-1.14) + 0.223*max(0,X3-0.957) * max(0,X23-1.23) - 0.206*max(0,-0.568-X4) + 0.192*max(0,X17-0.786) + 0.189*max(0,X4-0.760) + 0.183*abs(X19) + 0.177*max(0,X2-0.647) * max(0,-1.02-X12) - 0.173*max(0,X21-1.24) + 0.161*max(0,0.344-X17) - 0.155*max(0,-0.934-X11) - 0.149*max(0,X13+0.645) + 0.141*max(0,X22-1.34) * max(0,X19-1.16) - 0.124*max(0,X20-0.365) + 0.119*max(0,-0.892-X0) * max(0,X11-0.792) + 0.102*max(0,-0.718-X8) - 0.0886*max(0,-0.613-X9) * max(0,X24-0.686) - 0.0836*max(0,-0.428-X0) + 0.0741*abs(X10) + 0.0734*max(0,X1-1.19) + 0.0629*max(0,-0.957-X18) - 0.0619*max(0,-0.976-X5) + 0.0614*max(0,X18-0.402) - 0.0564*max(0,X23+0.177) - 0.0557*max(0,X23-1.23) * max(0,X22-1.34) + 0.0542*max(0,X6-0.306) - 0.0521*max(0,X12+0.595) - 0.0503*max(0,X20-1.36) * max(0,-1.23-X2) - 0.0488*max(0,-1.13-X20) - 0.0453*max(0,X7-0.672) + 0.0415*abs(X2) + 0.0380*X1 + 0.0271*max(0,0.226-X15) + 0.0266*max(0,X8-0.696) + 0.0247*max(0,-0.177-X23) + 0.0245*max(0,-0.134-X20) - 0.0225*max(0,X15+0.231) - 0.0199*max(0,X24-0.686) - 0.0167*max(0,0.714-X19) + 0.00981*max(0,0.849-X5) - 0.00494*max(0,-0.980-X17) + 0.00488*max(0,-0.760-X2) * max(0,-0.595-X12) - 0.00339*max(0,X20-0.864) + 0.00213*max(0,-0.657-X24)"
ffx,654_fri_c0_500_10,ok,-0.297783,1.161082,1928,15.35,,"-0.0735 + 41.3*max(0,X9-1.13) * max(0,X5-1.19) - 17.3*max(0,X9-1.13) * max(0,-1.03-X7) + 10.5*max(0,X5-1.19) * max(0,X7-0.771) + 10.0*max(0,-1.07-X4) * max(0,X3-1.35) + 8.43*max(0,X6-1.31) * max(0,X2-0.765) + 7.51*max(0,X6-1.31) * max(0,-1.03-X7) + 7.44*max(0,X2-0.765) * max(0,X3-1.35) - 7.02*max(0,X9-1.13) * max(0,X5-0.748) + 5.87*max(0,X5-1.19) * max(0,-1.03-X7) + 4.67*max(0,X7-0.771) * max(0,X3-1.35) + 4.62*max(0,X9-1.13) * max(0,-0.581-X7) - 4.43*max(0,X1-0.267) * max(0,X5-1.19) + 4.30*max(0,X5-1.19) * max(0,X3-1.35) + 4.25*max(0,X9-1.13) * max(0,X3-1.35) - 3.00*max(0,X1-0.267) * max(0,X3-1.35) - 2.77*max(0,X9-1.13) * max(0,-0.597-X4) - 2.47*max(0,X3-0.884) + 2.45*max(0,X1-0.267) * max(0,X5-0.748) - 2.17*max(0,X5-0.748) * max(0,-0.581-X7) - 2.12*max(0,X6-1.31) * max(0,X7-0.771) + 1.95*max(0,0.285-X2) * max(0,-1.03-X7) - 1.91*max(0,-0.190-X0) * max(0,-1.03-X7) - 1.85*max(0,-0.195-X2) * max(0,-0.581-X7) - 1.81*max(0,X2-0.765) * max(0,X5-0.748) + 1.73*max(0,X5-1.19) * max(0,-0.130-X7) + 1.66*max(0,X9-1.13) * max(0,-0.122-X4) + 1.65*max(0,-0.514-X3) * max(0,X5-1.19) - 1.63*max(0,X7-0.771) - 1.61*max(0,X7-0.771) * max(0,X3-0.884) + 1.54*max(0,-1.07-X4) * max(0,-1.03-X7) + 1.54*max(0,X1-0.267) * max(0,-0.597-X4) - 1.49*max(0,-0.190-X0) * max(0,-0.597-X4) + 1.48*max(0,X5-0.748) * max(0,X2-0.285) - 1.42*max(0,X5-1.19) * max(0,X3-0.884) - 1.34*max(0,-0.190-X0) * max(0,X5-1.19) + 1.32*max(0,-0.195-X2) * max(0,-0.130-X7) - 1.20*max(0,X1-0.267) * max(0,-0.581-X7) + 1.20*max(0,X1-0.267) * max(0,-0.130-X7) - 1.18*max(0,-1.01-X5) - 1.08*max(0,0.285-X2) * max(0,-0.581-X7) + 1.02*max(0,X9-1.13) * max(0,X2-0.765) + 1.02*max(0,-0.597-X4) * max(0,-0.581-X7) + 1.00*max(0,X3+0.0481) + 0.996*max(0,X9-1.13) * max(0,X1-0.267) + 0.949*max(0,X1-0.267) * max(0,X7-0.771) + 0.915*max(0,X6-1.31) * max(0,0.285-X2) + 0.907*max(0,X7-0.320) - 0.899*max(0,-1.03-X7) * max(0,X3-1.35) - 0.898*max(0,-0.514-X3) * max(0,X9-1.13) - 0.869*max(0,X5-1.19) * max(0,-0.597-X4) - 0.837*max(0,X6-1.31) * max(0,-0.122-X4) - 0.836*max(0,-0.514-X3) * max(0,-0.581-X7) - 0.799*max(0,-0.190-X0) * max(0,X2-0.765) + 0.758*max(0,X9-1.13) * max(0,0.285-X2) - 0.748*max(0,X6-0.827) - 0.744*max(0,X3-0.884) * max(0,X2-0.285) - 0.706*max(0,X1-0.267) - 0.691*max(0,-0.0481-X3) * max(0,X5-0.748) - 0.681*max(0,-0.190-X0) + 0.679*max(0,X3-0.418) - 0.679*max(0,-0.514-X3) * max(0,-1.03-X7) + 0.652*max(0,-0.0481-X3) * max(0,X2-0.765) + 0.623*max(0,-0.195-X2) * max(0,X3-0.884) + 0.602*max(0,-0.570-X5) + 0.588*max(0,X3-1.35) + 0.581*max(0,-0.195-X2) * max(0,X5-1.19) + 0.568*max(0,-0.962-X8) + 0.563*max(0,-0.195-X2) * max(0,X9-1.13) + 0.551*max(0,X5-1.19) * max(0,-0.581-X7) - 0.536*max(0,-0.581-X7) - 0.516*max(0,X1-0.267) * max(0,X3-0.884) + 0.514*max(0,-0.195-X2) * max(0,-0.122-X4) - 0.509*max(0,0.267-X1) + 0.496*max(0,-0.0481-X3) * max(0,-0.130-X7) - 0.490*max(0,X1-0.267) * max(0,X6-1.31) - 0.461*max(0,-0.190-X0) * max(0,X5-0.748) - 0.456*max(0,-0.130-X7) * max(0,-0.122-X4) - 0.426*max(0,X4-1.30) - 0.420*max(0,-0.514-X3) * max(0,X2-0.285) - 0.403*max(0,-0.190-X0) * max(0,X6-1.31) - 0.401*max(0,-1.16-X2) - 0.385*max(0,-0.122-X4) * max(0,-0.597-X4) - 0.380*max(0,-0.514-X3) * max(0,X5-0.748) - 0.371*max(0,-0.195-X2) * max(0,X1-0.267) + 0.364*max(0,X6-0.346) - 0.336*max(0,X9-0.646) - 0.334*max(0,-1.07-X4) * max(0,X2-0.765) + 0.325*max(0,-0.668-X0) + 0.320*max(0,-0.190-X0) * max(0,-0.581-X7) + 0.306*X2**2 + 0.300*max(0,X2-0.765) * max(0,X2-0.285) + 0.297*max(0,X6-1.31) * max(0,X5-1.19) - 0.287*max(0,0.360-X8) + 0.280*max(0,-0.0481-X3) * max(0,X7-0.771) - 0.278*max(0,-0.514-X3) * max(0,0.285-X2) - 0.276*max(0,X9-1.13) + 0.267*max(0,-0.130-X7) * max(0,X3-0.884) - 0.260*max(0,0.285-X2) * max(0,-0.597-X4) + 0.257*max(0,0.320-X7) + 0.254*max(0,0.285-X2) * max(0,X7-0.771) + 0.253*max(0,X1-0.711) - 0.237*max(0,-0.177-X1) + 0.236*max(0,X5-0.748) * max(0,X7-0.771) - 0.235*max(0,-0.0481-X3) * max(0,X1-0.267) + 0.221*max(0,0.346-X6) + 0.208*max(0,X7-0.771) * max(0,X2-0.285) - 0.205*max(0,0.285-X2) * max(0,-0.122-X4) + 0.204*max(0,X4-0.354) - 0.202*max(0,-1.10-X6) - 0.201*max(0,-0.190-X0) * max(0,X3-0.884) - 0.188*max(0,-0.122-X4) * max(0,X3-0.884) + 0.182*max(0,X7-0.771) * max(0,-0.597-X4) - 0.181*max(0,0.884-X3) - 0.180*max(0,-0.190-X0) * max(0,-0.514-X3) + 0.178*max(0,-0.0481-X3) * max(0,-0.122-X4) - 0.166*max(0,-0.514-X3) * max(0,X7-0.771) - 0.153*max(0,-0.597-X4) * max(0,X2-0.285) - 0.153*max(0,X1-0.267) * max(0,X2-0.285) - 0.149*max(0,-0.122-X4) * max(0,-1.03-X7) + 0.137*max(0,-0.190-X0) * max(0,-0.130-X7) + 0.133*max(0,-0.980-X3) + 0.125*max(0,X5-0.748) + 0.118*max(0,-1.07-X4) * max(0,-0.581-X7) - 0.111*max(0,X5-1.19) + 0.109*max(0,-0.195-X2) * max(0,X7-0.771) + 0.107*max(0,X5+0.570) + 0.105*max(0,X1-0.267) * max(0,X2-0.765) + 0.100*max(0,-0.521-X8) - 0.0865*max(0,X8-1.24) - 0.0849*max(0,X8-0.360) - 0.0826*max(0,X2-0.765) * max(0,-1.03-X7) + 0.0785*X4 + 0.0723*max(0,0.285-X2) * max(0,X3-0.884) + 0.0708*max(0,-0.0481-X3) * max(0,-1.07-X4) + 0.0669*max(0,0.285-X2) * max(0,-0.130-X7) - 0.0606*max(0,-0.514-X3) - 0.0553*max(0,-0.514-X3) * max(0,X1-0.267) + 0.0435*max(0,0.285-X2) - 0.0358*max(0,-0.122-X4) * max(0,X2-0.285) + 0.0355*max(0,X4+1.07) + 0.0338*max(0,X2-0.765) + 0.0299*max(0,X3-1.35) * max(0,X3-0.884) + 0.0273*max(0,X0-1.24) + 0.0267*max(0,-0.190-X0) * max(0,X2-0.285) + 0.0253*max(0,X8+0.0807) + 0.0245*max(0,-0.617-X6) - 0.0235*max(0,-0.190-X0) * max(0,X7-0.771) - 0.0146*max(0,0.646-X9) - 0.0106*X0**2 - 0.00573*max(0,-1.07-X4) * max(0,0.285-X2) - 0.00497*max(0,-0.0481-X3) * max(0,0.285-X2) + 0.000955*max(0,-0.190-X0) * max(0,0.285-X2) - 0.000331*max(0,0.288-X0) - 1.98e-5*max(0,-1.07-X4) * max(0,X7-0.771)"
ffx,656_fri_c1_100_5,ok,-1.850557,1.670381,1190,11.41,,"-0.325 + 41.3*max(0,X1-1.58) * max(0,X3-1.21) + 24.8*max(0,-1.12-X4) * max(0,X3-1.21) + 21.9*max(0,X4-1.03) * max(0,X3-1.21) - 16.5*max(0,X4-1.03) * max(0,X3-0.746) - 9.77*max(0,X2-1.02) * max(0,0.0594-X0) - 7.97*max(0,-1.12-X4) * max(0,X3-0.746) - 7.86*max(0,X4-0.601) * max(0,X0-1.30) - 7.63*max(0,X4-1.03) * max(0,X0-0.0594) - 7.57*max(0,X4-1.03) * max(0,X2-1.02) - 7.48*max(0,-1.12-X4) * max(0,X0-1.30) - 6.31*max(0,X4-1.03) * max(0,0.0594-X0) - 6.23*max(0,X1-1.58) * max(0,X0-1.91) + 5.87*max(0,X4-1.03) + 5.21*max(0,0.0555-X1) * max(0,X0-0.0594) - 4.47*max(0,-1.12-X4) + 4.11*max(0,X4-0.601) * max(0,X3-1.21) + 3.84*abs(X1) * max(0,X4-1.03) - 3.78*max(0,X1-1.58) * max(0,X2-1.02) + 3.46*max(0,X1-0.564) * max(0,0.0594-X0) + 3.40*max(0,X0-1.30) * max(0,X1-1.07) + 2.86*max(0,-1.12-X4) * max(0,0.0594-X0) - 2.84*max(0,X4-1.03) * max(0,X4-0.601) - 2.58*max(0,X0-0.0594) * max(0,X0-1.91) + 2.54*max(0,X0-1.30) + 2.24*max(0,X2-1.02) * max(0,-1.12-X4) - 2.17*max(0,X2-1.02) * max(0,X1-1.07) + 2.14*max(0,X2-1.02) * max(0,X4-0.601) + 2.07*max(0,-0.258-X4) * max(0,X1-1.07) + 2.04*max(0,-0.258-X4) * max(0,-0.688-X4) - 1.99*max(0,X4-0.601) * max(0,X3-0.746) + 1.90*max(0,-0.688-X4) - 1.70*abs(X1) * max(0,-1.12-X4) - 1.63*abs(X1) * max(0,X0-1.91) - 1.59*max(0,X0-0.0594) - 1.57*max(0,X3-0.746) * max(0,X1-0.564) - 1.54*max(0,X4-0.601) * max(0,X1-0.564) + 1.38*max(0,X2-1.02) * max(0,-0.258-X4) + 1.29*max(0,X1-0.564) * max(0,X0-1.30) - 1.27*max(0,X3-1.21) * max(0,-0.258-X4) - 1.13*max(0,0.0594-X0) * max(0,-0.688-X4) + 1.13*max(0,-0.962-X1) - 1.13*max(0,-0.258-X4) - 1.06*max(0,X1-0.564) * max(0,X0-1.91) + 0.898*max(0,X0-0.0594) * max(0,X1-1.07) + 0.821*abs(X1) * max(0,X0-1.30) + 0.797*max(0,0.0555-X1) * max(0,-0.258-X4) + 0.777*max(0,X3+0.191) - 0.732*max(0,X0-0.0594) * max(0,X2-1.02) - 0.708*max(0,-1.12-X4) * max(0,-0.258-X4) + 0.669*abs(X1) * max(0,X4-0.601) - 0.662*max(0,X0-0.0594) * max(0,-0.688-X4) - 0.636*abs(X1) * max(0,-0.688-X4) - 0.630*max(0,0.0555-X1) * max(0,-0.688-X4) + 0.614*max(0,X1-1.58) * max(0,X3-0.746) - 0.576*max(0,-0.833-X2) + 0.505*max(0,X2-1.48) - 0.492*max(0,X0-1.30) * max(0,X0-1.91) - 0.481*max(0,-0.453-X1) - 0.476*max(0,X1-0.564) + 0.471*max(0,X1-1.58) - 0.454*max(0,0.0555-X1) * max(0,0.0594-X0) + 0.437*max(0,-1.18-X0) - 0.418*max(0,X0-1.91) + 0.418*max(0,X0-0.0594) * max(0,X1-0.564) - 0.400*max(0,-1.13-X3) + 0.375*max(0,X1-0.564) * max(0,X1-1.07) - 0.367*max(0,X4-0.601) + 0.363*max(0,-0.191-X3) + 0.328*abs(X2) - 0.300*max(0,X3-0.746) + 0.294*max(0,1.30-X0) - 0.292*max(0,-0.258-X4) * max(0,0.0594-X0) + 0.281*max(0,0.0555-X1) * max(0,X4-1.03) - 0.281*max(0,-0.371-X2) + 0.271*X2**2 - 0.234*max(0,X2-1.02) * max(0,X0-1.30) - 0.200*X1**2 - 0.188*max(0,0.278-X3) - 0.177*abs(X3) - 0.173*max(0,X0-1.91) * max(0,X1-1.07) + 0.159*max(0,X0-0.0594) * max(0,X4-0.601) - 0.153*abs(X1) * max(0,X0-0.0594) + 0.137*abs(X4) - 0.116*max(0,X1-1.58) * max(0,X0-1.30) - 0.103*max(0,X2-1.02) * max(0,X3-1.21) - 0.101*max(0,X0+0.559) + 0.0859*max(0,X1-1.58) * max(0,X1-0.564) + 0.0832*max(0,0.553-X2) + 0.0822*max(0,X3-0.746) * max(0,-0.258-X4) - 0.0793*max(0,X0-0.678) + 0.0666*max(0,-0.258-X4) * max(0,X1-0.564) - 0.0656*max(0,-1.12-X4) * max(0,X1-0.564) - 0.0639*max(0,X1-0.564) * max(0,-0.688-X4) + 0.0616*max(0,X1-1.58) * abs(X1) + 0.0600*max(0,X3+0.659) - 0.0570*max(0,X0-0.0594) * max(0,X3-1.21) - 0.0542*max(0,X1-0.0555) + 0.0370*max(0,0.678-X0) - 0.0335*abs(X1) * max(0,X3-0.746) - 0.0323*max(0,0.0555-X1) * abs(X1) + 0.0282*max(0,-0.659-X3) - 0.0110*max(0,0.746-X3) - 0.00915*max(0,X1+0.453) + 0.00467*max(0,X2-1.02)"
ffx,657_fri_c2_250_10,ok,0.690501,0.52809,1642,18.01,,"-0.871 - 15.1*max(0,X5-1.17) * max(0,X6-1.17) - 10.5*max(0,X6-1.17) * max(0,X3-1.06) + 9.28*max(0,X4-1.20) * max(0,X0-0.960) - 9.19*max(0,X5-1.17) * max(0,-0.974-X4) - 8.59*max(0,-0.974-X4) * max(0,X6-1.17) - 8.23*max(0,X4-1.20) * max(0,X3-1.06) - 5.36*max(0,X0-1.60) - 5.29*max(0,-0.974-X4) * max(0,X3-1.06) + 4.75*max(0,X3-1.06) * max(0,X0-0.960) + 3.78*max(0,X4-1.20) * max(0,X6-1.17) - 3.47*max(0,-0.984-X5) * max(0,-0.974-X4) + 3.23*max(0,X4-1.20) * max(0,-1.13-X3) - 3.12*max(0,X7-0.860) * max(0,X0-1.60) - 3.12*max(0,X7-0.860) * max(0,X0-0.960) + 2.62*max(0,X4-1.20) * max(0,-0.627-X1) + 2.48*max(0,X5-1.17) * max(0,-0.103-X4) - 2.40*max(0,X7-0.860) * max(0,X3-1.06) + 2.36*max(0,X4-1.20) * max(0,X1-0.739) - 2.17*max(0,-0.984-X5) * max(0,X0-0.323) - 2.14*max(0,-1.13-X3) * max(0,-0.627-X1) - 2.11*max(0,-0.984-X5) * max(0,X6-1.17) - 1.81*max(0,-0.627-X1) + 1.72*max(0,X7-0.860) * max(0,X0-0.323) + 1.66*abs(X0) * max(0,X1-0.739) + 1.56*max(0,X0-0.323) * max(0,X1-0.739) + 1.45*max(0,-0.627-X1) * max(0,X3-1.06) + 1.38*max(0,X6-1.17) + 1.36*max(0,-0.974-X4) * max(0,X1-0.739) - 1.25*max(0,X7-0.860) * max(0,X4-0.333) + 1.18*max(0,X0-0.960) + 1.18*max(0,-0.984-X5) * max(0,X0-1.60) + 1.17*max(0,X6-0.304) * max(0,-0.974-X4) - 1.15*max(0,X4-0.333) * max(0,X0-1.60) + 1.06*max(0,X6-0.304) * max(0,X1-0.739) - 1.04*max(0,X4-0.333) * max(0,X3-1.06) + 0.981*max(0,X7-1.33) - 0.938*max(0,X1+0.172) - 0.931*max(0,-1.13-X3) * max(0,X7-0.860) - 0.886*X5 * max(0,-1.08-X1) + 0.865*max(0,X6-1.17) * max(0,X0-0.960) + 0.853*max(0,-0.984-X5) * max(0,X1-0.739) - 0.850*max(0,X7-0.860) * max(0,X6-0.304) - 0.746*abs(X0) * max(0,X3-1.06) + 0.719*max(0,-1.08-X1) * abs(X6) - 0.714*max(0,X0-0.323) * max(0,X3-1.06) - 0.688*max(0,X3-1.06) * max(0,X5-0.310) - 0.615*max(0,X0+0.313) + 0.597*max(0,X6-1.17) * max(0,X5-0.310) - 0.578*max(0,X4-1.20) * max(0,X5-0.310) - 0.577*max(0,X2-2.51) + 0.566*max(0,0.739-X1) + 0.562*max(0,X5-1.17) - 0.558*max(0,X4-1.20) * X5 - 0.555*max(0,X1-1.19) - 0.538*max(0,-1.13-X3) * abs(X5) + 0.534*max(0,0.633-X2) + 0.523*max(0,-1.13-X3) * max(0,X4-0.333) - 0.504*max(0,X3-1.06) * max(0,X1-0.739) - 0.492*max(0,-0.995-X6) - 0.491*max(0,X4-0.333) * max(0,X1-0.739) - 0.490*max(0,X0-0.323) * max(0,-0.103-X4) - 0.486*max(0,X9-1.18) - 0.479*max(0,-0.984-X5) * max(0,-0.627-X1) - 0.474*max(0,-0.313-X0) - 0.469*max(0,X6-0.304) * max(0,X3-1.06) - 0.464*abs(X6) * max(0,-1.13-X3) + 0.460*max(0,X2-1.26) - 0.457*max(0,-1.08-X1) * max(0,-0.103-X4) + 0.447*max(0,X3+0.688) - 0.444*max(0,X5-1.17) * max(0,X4-0.333) + 0.439*max(0,X4+0.103) * max(0,X6-1.17) + 0.412*max(0,X1-0.739) - 0.403*max(0,-1.13-X3) * max(0,-0.974-X4) - 0.384*max(0,X0-0.323) * max(0,X5-0.310) - 0.350*max(0,X1-0.739) * max(0,X0-1.60) - 0.348*abs(X6) * max(0,-0.984-X5) - 0.340*max(0,X5-1.17) * max(0,X0-0.960) - 0.335*X5 * max(0,X0-1.60) + 0.326*max(0,X3-1.06) - 0.320*max(0,-0.103-X4) + 0.317*abs(X6) * max(0,X7-0.860) - 0.314*abs(X6) * max(0,X5-0.310) + 0.306*X5 * max(0,-1.13-X3) - 0.288*max(0,-0.949-X0) + 0.276*max(0,X3+0.251) + 0.273*max(0,0.323-X0) - 0.268*max(0,-1.08-X1) * max(0,X6-0.304) + 0.263*max(0,X9-0.740) - 0.263*abs(X6) * max(0,-0.974-X4) - 0.250*max(0,X6-0.304) * max(0,X4+0.103) - 0.248*max(0,-1.08-X1) * max(0,X3-1.06) - 0.247*max(0,X6-1.17) * max(0,-0.103-X4) + 0.247*max(0,X4-0.333) - 0.241*max(0,X8-1.29) + 0.227*X5 * max(0,-0.627-X1) + 0.224*abs(X5) + 0.220*abs(X0) * max(0,X0-0.323) + 0.219*max(0,-0.103-X4) * abs(X5) + 0.203*abs(X6) * max(0,-0.103-X4) + 0.201*max(0,X4-1.20) * max(0,-0.984-X5) + 0.190*max(0,-0.129-X6) + 0.183*max(0,-1.13-X3) * max(0,X6-1.17) + 0.154*max(0,-0.618-X2) - 0.151*max(0,-0.935-X8) - 0.144*abs(X0) - 0.144*abs(X2) + 0.140*max(0,-1.01-X7) - 0.139*abs(X1) + 0.134*max(0,X7-0.860) * abs(X0) - 0.134*max(0,X5-0.310) * max(0,X1-0.739) + 0.122*max(0,-1.59-X0) - 0.113*X5 * max(0,-0.103-X4) - 0.108*max(0,X7-0.860) * max(0,-0.627-X1) - 0.102*max(0,X7-0.860) * max(0,X4+0.103) - 0.102*max(0,X4-0.333) * max(0,X5-0.310) + 0.0878*abs(X6) * abs(X0) + 0.0759*X5 * max(0,X5-0.310) + 0.0744*max(0,X4+0.974) + 0.0686*max(0,X5-1.17) * abs(X0) - 0.0660*max(0,-0.103-X4) * max(0,-0.627-X1) + 0.0654*max(0,X6-0.304) * max(0,X5-0.310) + 0.0635*max(0,X6-0.304) * abs(X5) + 0.0605*max(0,X5-0.310) - 0.0597*abs(X5) * max(0,-0.627-X1) - 0.0590*max(0,X5-1.17) * max(0,X0-0.323) - 0.0588*abs(X0) * max(0,-0.627-X1) - 0.0574*max(0,X1+0.627) + 0.0568*max(0,0.284-X1) - 0.0513*abs(X0) * abs(X4) - 0.0498*max(0,-1.08-X1) + 0.0424*max(0,-1.13-X3) * abs(X0) + 0.0409*max(0,X7-0.860) * max(0,-0.984-X5) + 0.0406*max(0,0.736-X6) + 0.0402*max(0,-0.552-X5) - 0.0392*max(0,X4+0.103) * max(0,X0-1.60) - 0.0376*max(0,-0.577-X9) - 0.0374*max(0,X0-0.960) * max(0,X0-1.60) - 0.0344*max(0,X4-0.333) * max(0,X0-0.960) - 0.0312*abs(X9) + 0.0263*abs(X0) * abs(X5) + 0.0215*X5 * max(0,X0-0.323) - 0.0193*max(0,X6-0.304) * abs(X4) - 0.0163*max(0,0.393-X7) - 0.0134*max(0,-0.984-X5) * abs(X5) + 0.0124*max(0,X7-0.860) * max(0,-0.103-X4) - 0.0107*max(0,X8+0.490) + 0.00896*max(0,-1.08-X1) * max(0,X7-0.860) - 0.00823*X5 * max(0,X3-1.06) + 0.00797*max(0,X7+0.0735) + 0.00792*abs(X5) * max(0,X5-0.310) + 0.00423*max(0,X4-0.768) - 0.00142*abs(X3) - 0.00117*max(0,X0-0.960) * max(0,X1-0.739) - 0.000974*max(0,-0.138-X9) + 0.000200*X5 * max(0,-0.984-X5)"
ffx,658_fri_c3_250_25,ok,-7.47833,3.056155,1642,34.56,,"0.853 + 217*max(0,-1.20-X22) * max(0,X15-1.28) - 68.5*max(0,X6-1.32) * max(0,X12-1.30) + 17.8*max(0,-0.228-X0) * max(0,X1+0.129) + 7.10*max(0,X12-0.842) * max(0,X2-2.30) - 6.75*max(0,-1.09-X7) * max(0,X16-1.13) + 6.43*max(0,X21-1.29) * max(0,X16-1.13) - 5.85*max(0,X4-1.83) * max(0,X0-1.40) + 5.82*max(0,-0.995-X10) * max(0,X12-1.30) + 5.47*max(0,X15-1.28) * max(0,X22-1.09) - 4.98*max(0,X4-1.20) * max(0,X12-1.30) - 4.46*max(0,X6-1.32) * max(0,X12-0.842) + 4.09*max(0,-0.995-X10) * max(0,X0-1.40) + 3.95*max(0,X12-1.30) * max(0,X1-0.839) + 3.52*max(0,-0.972-X20) * max(0,X3-0.747) + 3.24*max(0,X22-1.09) * max(0,X16-1.13) + 3.01*max(0,X18-1.33) * max(0,X15-1.28) - 2.78*max(0,-1.09-X7) * max(0,X4-1.20) + 2.17*max(0,-0.615-X16) * max(0,X22-1.09) - 2.09*max(0,X4-1.83) * max(0,-0.933-X23) + 2.07*max(0,X16-1.13) * max(0,X1-0.839) + 1.76*max(0,X21-1.29) * max(0,-1.09-X7) + 1.74*max(0,X13-0.716) * max(0,X16-1.13) + 1.73*max(0,X6-1.32) * max(0,X2-2.30) + 1.68*max(0,X1+0.129) * max(0,X1-0.839) + 1.67*max(0,X1+0.129) * max(0,X0-0.860) + 1.51*max(0,-0.995-X10) * max(0,X1-0.839) - 1.50*max(0,X1+0.129) - 1.49*max(0,X12-0.842) * max(0,X1-0.839) + 1.44*max(0,X0-0.860) * max(0,X1-0.839) + 1.36*max(0,-0.399-X24) * max(0,X22-1.09) - 1.35*max(0,-0.645-X7) * max(0,X16-1.13) + 1.27*max(0,-0.995-X10) * max(0,X0-0.860) - 1.25*max(0,-0.972-X20) * max(0,-1.20-X22) + 1.23*max(0,-0.972-X20) * max(0,X12-0.842) - 1.23*max(0,X22-1.09) * max(0,-0.933-X23) - 1.20*max(0,-1.20-X22) * max(0,X12-0.842) + 1.05*max(0,X6-1.32) * max(0,X13-0.716) + 0.983*max(0,X15-1.28) * max(0,X6-1.32) - 0.926*max(0,X0+0.228) - 0.919*max(0,X5-1.21) - 0.859*max(0,X15-1.28) * max(0,-0.933-X23) - 0.831*max(0,X13-0.716) * max(0,X0-1.40) - 0.829*max(0,-1.09-X7) * max(0,-0.933-X23) - 0.822*max(0,-1.20-X22) * max(0,-0.645-X7) + 0.804*max(0,-0.547-X12) * max(0,-0.933-X23) + 0.764*max(0,-0.399-X24) * max(0,-0.972-X20) + 0.761*max(0,X4-1.20) + 0.745*max(0,-0.547-X12) * max(0,X0-1.40) + 0.707*max(0,-0.547-X12) * max(0,X13-0.716) + 0.697*max(0,X21-1.29) * max(0,-0.645-X7) - 0.693*max(0,-1.20-X22) * max(0,X16-1.13) + 0.682*max(0,-0.972-X20) * max(0,X6-1.32) - 0.637*max(0,X1+0.129) * max(0,X12-0.842) + 0.636*max(0,-0.995-X10) * max(0,X13-0.716) + 0.587*max(0,-0.399-X24) * max(0,X12-1.30) + 0.585*max(0,-0.995-X10) * max(0,X6-1.32) - 0.502*max(0,-1.10-X1) - 0.498*max(0,-0.972-X20) * max(0,X1+0.129) - 0.458*max(0,X13-0.716) * max(0,X1-0.839) - 0.370*max(0,-0.228-X0) * max(0,X15-1.28) + 0.370*max(0,X4-1.20) * max(0,X0-0.860) - 0.363*max(0,-0.228-X0) * max(0,-0.547-X12) - 0.341*max(0,-0.399-X24) * max(0,X21-1.29) + 0.330*max(0,X21-1.29) * max(0,X6-1.32) - 0.329*max(0,X15-1.28) * max(0,-0.645-X7) - 0.308*max(0,0.273-X3) - 0.306*max(0,X7-1.14) + 0.298*max(0,X23-1.37) + 0.292*max(0,X14-0.837) - 0.268*max(0,X24-1.41) - 0.251*max(0,-0.399-X24) * max(0,X1+0.129) - 0.251*max(0,X13-1.17) + 0.249*max(0,-1.20-X22) * max(0,X18-1.33) + 0.248*max(0,X3-0.273) - 0.247*max(0,-0.228-X0) * max(0,X22-1.09) - 0.245*max(0,-0.981-X14) - 0.234*max(0,-0.0757-X10) + 0.221*max(0,X12-0.842) * max(0,X12-1.30) - 0.220*max(0,X22-1.09) * max(0,-0.645-X7) - 0.217*max(0,X11-1.35) + 0.215*max(0,-1.05-X16) - 0.215*max(0,-0.772-X0) + 0.210*max(0,X3-1.22) + 0.202*max(0,X20-1.41) + 0.202*max(0,X21-1.29) - 0.191*max(0,X1+0.129) * max(0,-0.547-X12) + 0.180*max(0,-0.399-X24) * max(0,-0.645-X7) + 0.171*max(0,X9-0.780) - 0.166*X1**2 + 0.158*max(0,X5-0.308) - 0.146*max(0,X1+0.129) * max(0,X16-1.13) + 0.145*max(0,-0.583-X18) + 0.142*max(0,X16-0.259) - 0.136*max(0,-0.228-X0) - 0.135*max(0,-0.228-X0) * max(0,-0.933-X23) - 0.132*max(0,X3-0.747) * max(0,X13-0.716) + 0.124*max(0,-0.473-X23) + 0.120*max(0,0.382-X14) - 0.119*max(0,-0.946-X21) + 0.117*max(0,-0.756-X2) - 0.116*max(0,-0.399-X24) * max(0,X15-1.28) - 0.102*max(0,X21-1.29) * max(0,-0.547-X12) + 0.0972*max(0,-0.578-X6) - 0.0946*max(0,X15+0.539) + 0.0944*max(0,-0.399-X24) * max(0,-0.547-X12) + 0.0810*max(0,-0.738-X8) + 0.0787*max(0,X10-1.30) - 0.0759*max(0,-0.228-X0) * max(0,X16-1.13) + 0.0747*max(0,-0.645-X7) * max(0,-0.547-X12) + 0.0736*max(0,0.467-X2) - 0.0652*max(0,X22-1.09) * max(0,X0-0.860) + 0.0589*max(0,-0.399-X24) * max(0,X3-0.747) + 0.0575*max(0,-0.144-X2) + 0.0563*max(0,X3-0.747) * max(0,-0.933-X23) - 0.0526*max(0,-0.591-X5) - 0.0417*max(0,X18-1.33) * max(0,X3-0.747) - 0.0384*max(0,X21-0.395) - 0.0361*max(0,X19-1.08) - 0.0338*max(0,-0.929-X11) - 0.0300*max(0,0.174-X22) + 0.0292*max(0,X21-1.29) * max(0,X15-1.28) + 0.0286*max(0,X15-1.28) * max(0,X1-0.839) - 0.0282*max(0,-0.0206-X20) - 0.0272*max(0,X1+0.129) * max(0,X13-0.716) + 0.0271*max(0,-1.20-X22) * max(0,X1+0.129) - 0.0257*max(0,-0.0839-X12) - 0.0206*max(0,-0.615-X16) * max(0,-0.547-X12) + 0.0192*max(0,-0.399-X24) * max(0,-0.933-X23) - 0.0135*max(0,X15-0.823) + 0.00996*max(0,0.0359-X17) - 0.00922*max(0,X4-1.83) * max(0,-1.20-X22) - 0.00913*max(0,-0.562-X9) - 0.00863*max(0,0.440-X11) - 0.00736*max(0,-0.129-X1) - 0.00599*max(0,X8-1.15) - 0.00193*max(0,-0.995-X10) * max(0,-0.645-X7) - 0.00188*max(0,-1.12-X13) + 0.00176*max(0,0.507-X24) - 9.24e-6*max(0,X19-1.56)"
ffx,659_sleuth_ex1714,ok,0.120572,1892.094199,280,6.66,,"-0.615 + 4.11*max(0,X2-2.36) - 3.05*max(0,-1.33-X3) - 1.99*max(0,X6-2.02) + 1.83*max(0,X5-1.86) + 1.71*max(0,-1.89-X3) + 1.20*max(0,X4-1.97) + 1.16*max(0,-0.216-X3) - 1.13*max(0,X0-1.59) - 1.03*max(0,-0.807-X5) - 0.530*max(0,X6-1.58) + 0.502*max(0,X0-0.612) + 0.475*max(0,1.08-X4) - 0.445*max(0,X5-0.795) - 0.423*max(0,X3-0.899) + 0.421*max(0,X6+0.180) + 0.345*max(0,X4-1.53) - 0.344*max(0,-0.247-X1) - 0.330*max(0,-0.273-X5) + 0.308*max(0,X5-0.261) - 0.211*max(0,X2+0.157) + 0.207*max(0,-0.180-X6) + 0.145*max(0,-0.773-X3) - 0.140*max(0,-0.157-X2) - 0.129*max(0,X1+0.247) - 0.103*max(0,X2-0.472) - 0.102*max(0,X1-1.71) + 0.0740*max(0,X6-0.261) - 0.0687*max(0,-0.850-X0) - 0.0573*max(0,X4-0.188) - 0.0513*max(0,X0+0.363) - 0.0495*max(0,0.795-X5) + 0.0357*max(0,0.612-X0) + 0.0269*max(0,-0.785-X2) - 8.55e-6*max(0,X3+1.33)"
ffx,663_rabe_266,ok,0.986888,5.652132,625,4.79,,"0.366 + 3.54*max(0,X1-1.27) - 2.53*max(0,X0-0.723) * max(0,X1-1.27) - 2.31*max(0,X1-1.27) * max(0,X1-0.841) + 1.63*max(0,X0+0.0963) * max(0,X1-1.27) - 1.44*max(0,-0.0963-X0) * max(0,-0.881-X1) + 1.32*abs(X0) * max(0,X1-0.841) - 1.27*max(0,-0.0963-X0) * max(0,X1-0.841) - 1.09*max(0,X0+0.0963) * max(0,-0.881-X1) + 1.07*max(0,-0.881-X1) * abs(X0) - 0.979*abs(X0) * max(0,X1-1.27) + 0.968*X0 - 0.958*abs(X0) - 0.916*max(0,X0+0.0963) * max(0,X1-0.841) - 0.886*max(0,X1-0.841) + 0.772*max(0,X0-0.723) * max(0,X1-0.841) + 0.761*max(0,X1-0.411) + 0.719*max(0,X1-0.411) * abs(X0) - 0.661*max(0,X0-1.13) + 0.585*max(0,-0.0963-X0) - 0.550*max(0,X1-1.27) * X0 - 0.549*max(0,X0+0.0963) * max(0,X1-0.411) - 0.548*max(0,-0.0963-X0) * max(0,X1-0.411) + 0.521*X0**2 - 0.487*max(0,X0-0.723) * max(0,X1-0.411) + 0.481*max(0,-0.0963-X0) * max(0,X1-1.27) - 0.449*max(0,-0.506-X0) - 0.420*X1 * max(0,-0.881-X1) - 0.417*X1 - 0.415*max(0,-0.881-X1) * X0 + 0.402*max(0,X0+0.0963) - 0.370*X1 * max(0,X1-0.411) - 0.337*X1 * max(0,-0.0963-X0) - 0.312*max(0,-0.916-X0) - 0.297*max(0,-0.881-X1) - 0.297*X1 * max(0,X0+0.0963) - 0.275*max(0,X1-0.411) * max(0,X1-0.841) + 0.270*max(0,X0-0.723) * X0 - 0.268*max(0,0.841-X1) + 0.266*max(0,-0.450-X1) + 0.259*X1 * max(0,X1-1.27) + 0.254*max(0,0.411-X1) + 0.250*X1 * abs(X0) - 0.225*X0 * max(0,X1-0.841) - 0.219*max(0,X0-0.723) + 0.209*max(0,X1-0.411) * X0 - 0.187*max(0,X1-0.411) * max(0,X1-1.27) - 0.162*max(0,X0-0.723) * max(0,-0.881-X1) - 0.159*abs(X0) * X0 + 0.152*X1 * max(0,X1-0.841) - 0.150*abs(X1) + 0.143*max(0,-0.0963-X0) * X0 - 0.119*max(0,-0.0199-X1) - 0.117*max(0,1.13-X0) + 0.108*max(0,X1+0.0199) - 0.0765*max(0,X0+0.0963) * X0 - 0.0557*max(0,X0+0.916) + 0.0511*X1 * X0 + 0.0483*max(0,X0-0.314) + 0.0351*X1**2 + 0.0319*max(0,X0-0.723) * max(0,X0+0.0963) + 0.0218*max(0,0.723-X0) - 0.0154*max(0,-0.0963-X0) * abs(X0) - 0.0116*max(0,X0+0.0963) * abs(X0) + 0.0113*max(0,X0-0.723) * abs(X0)"
ffx,665_sleuth_case2002,ok,-0.493135,10.436334,1398,14.11,,"-0.983 + 2.29e+17*max(0,-1.97-X4) * max(0,X5+0.348) + 222*max(0,-1.97-X4) * max(0,-0.821-X5) - 120*max(0,X5+0.348) * max(0,-1.42-X4) - 96.2*max(0,X5-0.125) * max(0,-0.874-X4) - 68.3*max(0,X5-1.07) * max(0,X4-0.223) + 62.3*max(0,X5-1.07) * max(0,X4-0.771) + 59.4*max(0,-1.42-X4) * max(0,-1.29-X5) + 44.9*max(0,-0.874-X4) * max(0,-1.29-X5) + 37.7*max(0,X5-1.07) + 37.3*max(0,X4-0.771) * max(0,-1.29-X5) + 32.3*max(0,-0.821-X5) * max(0,X4-0.223) - 28.0*max(0,-0.821-X5) * max(0,-1.42-X4) - 25.2*max(0,-0.821-X5) * max(0,-0.874-X4) + 23.2*max(0,X5-1.07) * max(0,X5-0.125) - 21.7*max(0,X4-0.223) * max(0,-1.29-X5) - 21.5*max(0,-1.97-X4) * max(0,-0.348-X5) + 20.7*max(0,X5+0.348) * max(0,-0.874-X4) - 19.7*max(0,-1.29-X5) + 18.3*max(0,X5-0.125) * max(0,-0.325-X4) - 14.8*max(0,X4-0.223) * max(0,-0.348-X5) - 12.5*max(0,-0.325-X4) * max(0,-1.29-X5) + 11.8*max(0,-0.821-X5) * max(0,-1.29-X5) - 10.5*max(0,-0.821-X5) * max(0,X4+0.325) - 10.5*max(0,X4-0.771) * max(0,X4-0.223) - 10.3*max(0,X4-0.771) * max(0,-0.348-X5) - 10.3*max(0,-0.821-X5) * max(0,-0.348-X5) - 9.84*max(0,X4-0.771) + 9.11*max(0,-0.821-X5) * max(0,-0.325-X4) + 9.07*max(0,-1.97-X4) * max(0,-1.42-X4) + 9.05*max(0,X4+0.874) * max(0,X4-0.771) - 8.92*max(0,X5+0.348) * max(0,-0.325-X4) - 8.26*max(0,-1.97-X4) * max(0,0.125-X5) + 7.79*max(0,X4+0.325) * max(0,-1.29-X5) - 7.46*max(0,-0.821-X5) * max(0,X4-0.771) - 7.34*max(0,X5+0.348) * max(0,X5-1.07) - 7.04*max(0,-0.348-X5) * max(0,-0.874-X4) + 6.50*max(0,-0.325-X4) * max(0,-0.348-X5) - 6.43*max(0,-1.97-X4) + 6.42*max(0,-0.348-X5) * max(0,-1.29-X5) - 6.25*max(0,X5-1.07) * max(0,X4+0.325) + 6.21*max(0,-0.821-X5) + 6.08*max(0,-1.42-X4) * max(0,-0.874-X4) - 5.83*max(0,0.125-X5) * max(0,X4-0.223) - 5.80*max(0,X4+0.874) * max(0,-0.325-X4) + 5.34*max(0,-1.97-X4) * max(0,-0.874-X4) + 5.12*max(0,0.125-X5) * max(0,X4+0.325) + 5.06*max(0,X4+0.325) * max(0,X4-0.223) - 4.83*X5 * max(0,-1.29-X5) + 4.67*X5 * max(0,-1.42-X4) - 4.55*max(0,X4-0.771) * max(0,X5-0.125) - 4.25*max(0,X4+0.874) * max(0,-1.29-X5) + 3.98*max(0,X5+0.348) * max(0,X4-0.771) - 3.96*max(0,-1.97-X4) * max(0,-0.325-X4) - 3.93*max(0,0.125-X5) * max(0,-0.874-X4) - 3.83*max(0,-1.42-X4) - 3.71*max(0,X5-0.125) - 3.29*max(0,X4+0.874) * max(0,X4+0.325) + 3.09*max(0,X4+0.325) * max(0,-0.348-X5) + 3.03*max(0,X4+0.874) * max(0,-0.821-X5) - 3.00*max(0,0.125-X5) * max(0,X5+0.348) + 2.85*max(0,-0.348-X5) * max(0,-1.42-X4) - 2.78*max(0,X4+0.874) * max(0,X5-1.07) - 2.42*max(0,X5-0.125) * max(0,X4-0.223) + 2.23*max(0,-0.348-X5) + 1.90*max(0,X4+0.325) + 1.85*max(0,X4+0.874) * max(0,0.125-X5) - 1.74*max(0,0.125-X5) + 1.66*max(0,0.223-X4) - 1.62*max(0,-0.821-X5) * max(0,0.125-X5) - 1.45*max(0,X4-0.771) * max(0,X4+0.325) + 1.33*max(0,X5+0.348) + 1.30*max(0,X4+0.325) * max(0,X5-0.125) - 1.20*max(0,-0.325-X4) * max(0,-1.42-X4) - 1.14*max(0,0.125-X5) * max(0,-1.42-X4) + 1.10*max(0,X5+0.821) + 1.02*max(0,0.125-X5) * max(0,-0.325-X4) + 1.00*X5 * max(0,-0.348-X5) + 0.943*max(0,-0.289-X1) + 0.924*max(0,-0.325-X4) * max(0,-0.874-X4) - 0.794*max(0,-0.325-X4) + 0.736*X5**2 + 0.703*max(0,X5+0.348) * max(0,X4+0.325) - 0.623*max(0,0.125-X5) * max(0,-0.348-X5) + 0.591*X5 - 0.567*max(0,X4+0.874) * max(0,X5-0.125) + 0.520*max(0,0.125-X5) * max(0,X4-0.771) - 0.513*X5 * max(0,-0.874-X4) - 0.507*max(0,-0.271-X3) - 0.491*max(0,X5+0.348) * max(0,X5-0.125) + 0.486*max(0,0.125-X5) * max(0,-1.29-X5) + 0.429*max(0,X4+0.874) * max(0,X5+0.348) + 0.359*max(0,X4-0.223) - 0.239*X2**2 - 0.224*X3**2 + 0.192*max(0,X4+0.874) * max(0,-0.348-X5) + 0.173*X1**2 + 0.172*X0 + 0.160*X1 - 0.157*max(0,-0.0224-X0) - 0.125*max(0,X5+0.348) * max(0,X4-0.223) - 0.125*X0**2 + 0.0897*X3 - 0.0836*max(0,X4+1.42) - 0.0763*max(0,X4+0.874) * max(0,X4-0.223) + 0.0681*max(0,-0.874-X4) + 0.0649*max(0,X4+0.874) + 0.0553*max(0,-0.529-X2) - 0.0158*max(0,0.0129-X3) + 0.00986*max(0,-0.261-X2) - 0.00564*max(0,0.306-X0) + 0.00424*max(0,-0.00641-X1) + 0.000574*max(0,0.00608-X2) - 0.000330*max(0,0.297-X3) - 0.000285*max(0,0.633-X0) - 6.18e-5*max(0,0.581-X3) - 3.34e-5*max(0,0.961-X0) + 2.58e-5*max(0,0.273-X2) - 1.29e-5*max(0,0.865-X3) - 6.57e-6*max(0,1.29-X0) + 5.90e-6*max(0,X3-0.865) - 4.04e-6*max(0,X2-0.00608) + 8.62e-7*max(0,X3-0.297) + 8.25e-7*max(0,X0-1.62) - 3.13e-8*max(0,1.62-X0) + 7.10e-9*max(0,0.808-X2) + 7.59e-10*max(0,X3-0.0129)"
ffx,666_rmftsa_ladata,ok,-15.95206,11.619505,2660,23.78,,"2.45 - 437*max(0,X1-0.905) * max(0,X4-2.62) + 250*max(0,-0.251-X5) * max(0,X4-2.62) + 42.8*max(0,X9-1.30) * max(0,-0.251-X5) + 16.0*max(0,X4-2.62) * max(0,-0.0242-X2) + 9.65*max(0,X4-1.37) * max(0,-1.58-X3) + 9.17*max(0,X1-0.905) * max(0,-1.58-X3) + 8.90*max(0,X5-1.64) * max(0,-0.0242-X2) + 8.16*max(0,X5-2.27) - 7.88*max(0,-0.0242-X2) * max(0,X1-3.03) - 7.85*max(0,X0-2.78) + 7.31*max(0,X9-1.30) * max(0,-1.58-X3) - 7.21*max(0,X5-1.64) * max(0,-0.151-X8) + 7.00*max(0,X5-1.64) * max(0,X7-2.00) - 6.79*max(0,-0.151-X8) * max(0,-1.58-X3) + 6.52*max(0,X8-0.932) * max(0,X5-1.64) + 6.44*max(0,-0.151-X8) * max(0,X4-2.62) - 6.30*max(0,X9-1.30) * max(0,X1-3.03) - 5.80*X8 * max(0,-1.58-X3) - 5.17*max(0,X8-0.932) * max(0,X9-1.30) + 5.06*max(0,X4-1.37) * max(0,-0.251-X5) - 4.95*max(0,-0.251-X5) * max(0,X1-3.03) + 4.89*max(0,X1-0.905) * max(0,X8-0.932) - 4.84*max(0,X5-1.64) + 4.77*max(0,X5-1.64) * max(0,X6-2.34) + 4.53*max(0,-0.251-X5) * max(0,-1.58-X3) + 4.17*max(0,X5-2.27) * max(0,X7-2.00) - 4.16*abs(X8) * max(0,-1.58-X3) + 4.06*max(0,X1-1.61) + 4.04*max(0,X7-2.00) * max(0,-0.0242-X2) + 3.84*max(0,X9-1.30) + 3.34*abs(X8) * max(0,X6-2.34) + 3.22*max(0,X9-1.85) - 3.12*max(0,X9-1.30) * max(0,X0-2.02) + 3.08*X8 * max(0,X6-2.34) - 3.07*max(0,X9-1.30) * max(0,X9-1.85) + 2.90*X8 * max(0,X1-3.03) + 2.90*max(0,X1-0.905) * max(0,X2+0.0242) - 2.81*max(0,X9-1.85) * max(0,-0.0242-X2) + 2.69*max(0,X1-2.32) + 2.65*max(0,-0.158-X6) + 2.48*max(0,X2-2.05) + 2.41*max(0,-0.251-X5) * max(0,X0-2.02) - 2.29*max(0,-0.692-X8) - 2.29*max(0,-1.02-X3) * max(0,-0.0242-X2) + 2.25*max(0,X8-0.932) * max(0,-1.58-X3) - 2.18*abs(X6) - 2.16*max(0,X7-2.00) * abs(X2) - 2.14*max(0,-0.0242-X2) * max(0,-1.58-X3) + 2.10*max(0,X1-0.905) * max(0,-0.251-X5) + 2.08*max(0,X0-2.02) * max(0,X1-2.32) + 1.93*max(0,X7-1.35) - 1.76*max(0,X5-1.64) * abs(X2) + 1.65*max(0,-0.251-X5) * abs(X8) - 1.65*abs(X8) * max(0,-0.0242-X2) - 1.64*max(0,X8-2.01) - 1.59*max(0,X3-0.654) - 1.55*max(0,-0.462-X3) + 1.55*X2 * max(0,X1-3.03) - 1.51*max(0,X4-1.37) * max(0,-0.0242-X2) - 1.49*max(0,-1.02-X3) * max(0,-1.58-X3) + 1.44*max(0,X9-1.30) * max(0,-0.0242-X2) - 1.44*max(0,-0.782-X6) - 1.43*max(0,-0.251-X5) * max(0,-0.151-X8) - 1.39*max(0,-0.251-X5) * max(0,-1.02-X3) + 1.38*max(0,X6-0.467) - 1.36*max(0,X5-2.27) * abs(X2) + 1.31*max(0,X0-2.02) + 1.30*max(0,X1-0.905) + 1.24*abs(X1) + 1.24*X8 * max(0,-0.0242-X2) + 1.23*max(0,-0.513-X1) + 1.21*max(0,X1-0.905) * max(0,X9-1.85) + 1.19*max(0,-0.251-X5) * max(0,X7-2.00) + 1.18*max(0,X6+0.158) - 1.15*max(0,X4-0.743) + 1.14*abs(X8) * max(0,X1-2.32) + 1.14*max(0,-0.151-X8) * max(0,-0.0242-X2) - 1.12*max(0,-1.58-X3) + 1.11*X3**2 - 1.06*max(0,X9-1.85) * max(0,-0.151-X8) + 1.02*X8 * max(0,X9-1.85) + 1.02*max(0,X0-0.495) + 1.01*max(0,-0.0242-X2) - 0.983*max(0,-0.151-X8) + 0.983*abs(X4) + 0.970*abs(X8) * max(0,-0.151-X8) - 0.959*max(0,X9-0.202) - 0.934*max(0,X9-1.30) * max(0,-1.02-X3) + 0.925*X0 - 0.890*max(0,-0.251-X5) - 0.887*X8 * max(0,-0.251-X5) + 0.882*max(0,X8-0.932) * max(0,-1.02-X3) - 0.866*max(0,X2+0.0242) * max(0,X7-2.00) - 0.856*X1**2 - 0.851*max(0,X0-2.02) * abs(X2) + 0.842*max(0,X4-1.37) * max(0,X1-0.905) + 0.841*max(0,X1-0.905) * max(0,X0-2.02) + 0.827*max(0,-0.151-X8) * abs(X2) + 0.824*max(0,X4-1.37) * max(0,X9-1.85) - 0.814*X2 * max(0,-0.151-X8) + 0.813*max(0,-1.03-X0) + 0.787*max(0,X5-1.64) * max(0,X9-1.30) - 0.782*max(0,X0-2.02) * max(0,-0.0242-X2) - 0.781*abs(X3) - 0.775*max(0,-0.151-X8) * max(0,-1.02-X3) - 0.774*max(0,X2+0.0242) * max(0,-0.151-X8) - 0.748*max(0,X7-2.00) - 0.746*max(0,X1-0.905) * max(0,-0.151-X8) + 0.743*max(0,X4-1.37) * max(0,X5-1.64) + 0.726*abs(X9) + 0.722*max(0,X2-0.667) - 0.721*max(0,X2+0.0242) - 0.719*max(0,X4-1.37) * max(0,-1.02-X3) + 0.698*abs(X8) - 0.697*max(0,X8-0.932) * X2 - 0.696*max(0,X1-0.905) * max(0,X6-2.34) + 0.686*max(0,X1-0.905) * X8 + 0.655*X8 * max(0,X8-0.932) - 0.628*max(0,X5-1.64) * max(0,X2+0.0242) + 0.627*max(0,X8-0.932) * abs(X8) - 0.602*max(0,0.905-X1) + 0.597*max(0,-0.716-X2) + 0.597*abs(X7) - 0.591*X8 * max(0,X1-2.32) - 0.575*X8 * max(0,-1.02-X3) - 0.545*max(0,X7-0.0434) + 0.534*abs(X2) * max(0,X4-2.62) + 0.529*max(0,X8-0.932) * max(0,-0.251-X5) + 0.524*X2 * max(0,X6-2.34) - 0.517*max(0,X7-0.696) - 0.508*max(0,X9+0.347) + 0.504*max(0,0.495-X0) - 0.501*max(0,1.30-X9) - 0.478*max(0,-0.883-X5) - 0.475*max(0,X8-1.47) - 0.474*max(0,X1-0.905) * max(0,X1-3.03) - 0.466*max(0,-1.41-X2) - 0.453*max(0,X2-1.36) - 0.446*X1 + 0.444*max(0,2.34-X6) - 0.438*max(0,X4-1.37) * max(0,-0.151-X8) - 0.438*max(0,X5-1.64) * X2 - 0.428*max(0,X4-1.37) + 0.426*X2 * max(0,X9-1.85) - 0.419*X8 * abs(X2) - 0.409*max(0,X6-1.72) - 0.407*max(0,X0-2.02) * max(0,-0.151-X8) + 0.404*max(0,-1.02-X3) * abs(X2) - 0.400*X8**2 - 0.400*max(0,X1-0.905) * abs(X8) + 0.397*max(0,X9-1.30) * max(0,-0.151-X8) - 0.391*X8 * max(0,X7-2.00) + 0.360*max(0,X4-1.37) * X2 - 0.356*max(0,X5+0.883) - 0.353*max(0,X9-0.750) - 0.351*max(0,X1-0.905) * max(0,-0.0242-X2) - 0.349*max(0,X8+0.151) - 0.341*max(0,X0+0.267) - 0.336*max(0,X3+0.462) - 0.331*max(0,0.743-X4) - 0.325*max(0,X5-1.64) * max(0,X9-1.85) - 0.322*max(0,X5-2.27) * max(0,X2+0.0242) + 0.321*X2 * max(0,X0-2.02) - 0.313*abs(X5) - 0.311*max(0,0.202-X9) + 0.301*X5**2 + 0.292*max(0,X3-1.21) - 0.291*max(0,-0.347-X9) - 0.287*max(0,1.64-X5) + 0.276*max(0,X9-1.30) * abs(X2) - 0.262*max(0,1.72-X6) + 0.259*max(0,-0.251-X5) * abs(X2) - 0.255*max(0,X4-1.37) * max(0,X7-2.65) + 0.253*X2 * max(0,-0.251-X5) - 0.252*max(0,X8-0.932) * abs(X2) + 0.249*max(0,X8-0.932) * max(0,X6-2.34) + 0.247*X2 * abs(X8) + 0.247*max(0,X6-2.34) * max(0,X4-2.62) + 0.245*max(0,X2+0.716) - 0.245*max(0,0.667-X2) + 0.238*X2 * max(0,-0.0242-X2) + 0.238*max(0,X2+0.0242) * abs(X2) - 0.236*X8 * X2 - 0.229*X8 * abs(X8) - 0.226*max(0,2.78-X0) + 0.215*max(0,X8-0.390) + 0.208*max(0,X5-0.380) - 0.205*max(0,0.380-X5) - 0.204*max(0,-0.267-X0) + 0.197*max(0,X1-0.905) * max(0,X1-2.32) + 0.193*max(0,0.0959-X3) + 0.193*max(0,X6-2.34) + 0.188*max(0,1.61-X1) + 0.184*max(0,X7-2.00) * max(0,-1.58-X3) - 0.183*max(0,-0.609-X7) - 0.182*X2 - 0.180*abs(X8) * max(0,-1.02-X3) - 0.179*X4**2 - 0.178*max(0,2.01-X8) - 0.171*max(0,X4-0.117) + 0.171*max(0,X4-1.37) * max(0,X2+0.0242) + 0.167*max(0,1.99-X4) - 0.159*X7**2 - 0.158*abs(X2) * max(0,-0.0242-X2) - 0.154*max(0,X0-1.26) - 0.151*max(0,X1-2.32) * max(0,-0.0242-X2) - 0.151*max(0,-1.02-X3) + 0.135*max(0,X8-0.932) - 0.132*max(0,2.32-X1) - 0.131*max(0,1.26-X0) - 0.127*max(0,1.85-X9) - 0.123*X8 * max(0,-0.151-X8) - 0.120*max(0,-0.508-X4) - 0.115*max(0,-0.251-X5) * max(0,X2+0.0242) + 0.114*max(0,2.05-X2) - 0.113*max(0,0.0434-X7) + 0.113*X6**2 + 0.112*max(0,X2+0.0242) * max(0,-1.58-X3) - 0.102*max(0,X3+1.02) - 0.0976*max(0,X9-1.85) * abs(X2) + 0.0889*max(0,X3+1.58) + 0.0838*max(0,X1-0.905) * X2 - 0.0781*max(0,X8-0.932) * max(0,X2+0.0242) + 0.0759*max(0,X6-2.34) * abs(X2) + 0.0731*max(0,X6-2.34) * max(0,-1.02-X3) - 0.0721*X0**2 + 0.0668*max(0,0.467-X6) - 0.0647*max(0,X4+0.508) + 0.0644*max(0,X2+0.0242) * max(0,-1.02-X3) + 0.0610*X2 * max(0,-1.02-X3) - 0.0561*abs(X0) + 0.0531*max(0,1.09-X6) + 0.0489*X2 * max(0,X2+0.0242) - 0.0464*max(0,X2+1.41) + 0.0448*X2 * abs(X2) + 0.0365*max(0,X6+0.782) + 0.0354*max(0,X6-2.34) * max(0,-0.151-X8) + 0.0324*X8 + 0.0313*abs(X8) * abs(X2) + 0.0313*max(0,X1-0.905) * max(0,X9-1.30) - 0.0301*max(0,0.696-X7) - 0.0296*max(0,0.932-X8) - 0.0291*max(0,X1-0.196) - 0.0281*max(0,X9-1.85) * abs(X8) - 0.0257*abs(X8) * max(0,X7-2.00) + 0.0256*max(0,X5-1.01) - 0.0190*X2 * max(0,X7-2.00) + 0.0150*max(0,X0-2.02) * max(0,X1-3.03) - 0.0148*X2**2 - 0.0130*max(0,-0.895-X9) - 0.0129*max(0,-0.151-X8) * max(0,X1-2.32) + 0.0116*X9**2 + 0.0113*max(0,X6-2.34) * max(0,X2+0.0242) + 0.00907*abs(X8) * max(0,X1-3.03) - 0.00802*max(0,2.00-X7) + 0.00197*max(0,X6-1.09) + 0.00175*max(0,X9-1.30) * abs(X8) - 0.000512*max(0,-0.251-X5) * max(0,-0.0242-X2) + 0.000342*X6 + 1.09e-5*abs(X8) * max(0,X2+0.0242)"
ffx,678_visualizing_environmental,ok,-1.063079,4.298143,1013,6.39,,"2.37 + 27.0*max(0,X1-0.684) * max(0,X0-2.33) - 26.8*max(0,-1.37-X2) * max(0,X1-0.211) - 26.3*max(0,X0-1.67) * max(0,X1-0.684) + 24.0*max(0,-1.37-X2) + 23.8*max(0,X1+0.262) * max(0,-1.37-X2) + 22.4*max(0,X1-0.684) * max(0,-1.37-X2) - 15.7*max(0,X1-1.16) + 12.4*max(0,X0-1.67) * max(0,X1-0.211) - 12.2*max(0,-1.37-X2) * abs(X1) + 11.7*max(0,X1-0.684) * max(0,X1-0.211) - 10.9*abs(X2) * max(0,X1-0.211) + 8.94*abs(X1) * max(0,X1-0.211) - 8.58*max(0,X1-0.684) + 8.56*max(0,-0.814-X2) + 8.36*max(0,X2-0.851) - 8.11*X1 * max(0,-1.37-X2) + 6.35*max(0,0.211-X1) * max(0,-1.37-X2) + 6.14*abs(X2) * abs(X1) + 5.97*max(0,X1+0.262) * max(0,0.211-X1) - 5.49*max(0,-0.735-X1) * max(0,-0.259-X2) + 5.43*max(0,-1.21-X1) - 4.83*X2**2 + 4.81*max(0,X0-2.98) - 4.80*max(0,-1.37-X2) * max(0,-0.262-X1) - 4.51*max(0,X1-0.211) + 4.43*max(0,-0.259-X2) - 4.42*max(0,-0.735-X1) * max(0,-1.37-X2) - 4.06*max(0,X0-1.67) * abs(X1) + 3.97*max(0,-0.735-X1) * abs(X2) - 3.90*max(0,-0.259-X2) * abs(X2) + 3.84*max(0,X0-1.67) * X1 - 3.80*max(0,0.684-X1) - 3.65*max(0,-0.259-X2) * max(0,-0.262-X1) - 3.61*max(0,X1+0.262) - 3.58*abs(X2) * max(0,-1.37-X2) + 3.24*X1 * max(0,X1-0.211) + 3.11*abs(X2) * max(0,X0-2.33) + 3.00*X1 * max(0,-0.735-X1) - 2.86*max(0,X1+0.262) * X1 - 2.81*max(0,X1-0.684) * max(0,-0.259-X2) - 2.80*abs(X2) * max(0,-0.262-X1) - 2.52*max(0,X0-1.67) * abs(X2) + 2.47*max(0,X1+0.262) * abs(X2) + 2.47*max(0,-0.735-X1) + 2.28*max(0,X2-0.296) - 2.20*max(0,0.211-X1) * max(0,-0.735-X1) - 2.11*X1 * abs(X1) - 1.98*max(0,-0.262-X1) - 1.93*max(0,X1-0.684) * abs(X1) + 1.84*max(0,X1+0.262) * max(0,X1-0.684) + 1.82*abs(X2) - 1.82*X2 + 1.82*max(0,0.211-X1) * max(0,-0.259-X2) - 1.81*max(0,X0-1.67) - 1.77*max(0,-0.735-X1) * max(0,-0.262-X1) - 1.76*max(0,X0-1.67) * max(0,X0-2.33) + 1.64*max(0,-0.259-X2) * max(0,X1-0.211) - 1.61*max(0,X1+0.262) * max(0,X0-2.33) + 1.59*max(0,-0.259-X2) * abs(X1) + 1.56*max(0,-0.281-X0) + 1.43*max(0,0.211-X1) * abs(X1) - 1.39*max(0,0.211-X1) * abs(X2) + 1.35*abs(X1) - 1.33*max(0,1.16-X1) + 1.21*max(0,X2-1.41) + 1.20*max(0,X2+0.814) + 1.16*max(0,X1+0.735) - 1.14*max(0,X2+0.259) - 1.08*X1**2 + 1.08*max(0,2.98-X0) + 1.08*max(0,X0-1.02) - 1.06*max(0,0.211-X1) * X1 - 1.03*max(0,1.67-X0) - 1.00*max(0,0.296-X2) - 0.955*max(0,X1+0.262) * max(0,-0.259-X2) + 0.943*max(0,-0.259-X2) * max(0,-1.37-X2) - 0.844*max(0,X1+0.262) * abs(X1) + 0.827*max(0,1.02-X0) + 0.741*max(0,-0.735-X1) * abs(X1) + 0.724*max(0,X0-0.370) - 0.717*max(0,0.851-X2) + 0.710*X0 - 0.613*max(0,X0+0.281) - 0.549*X1 * max(0,-0.262-X1) - 0.496*max(0,X1+0.262) * max(0,X1-0.211) - 0.438*max(0,0.211-X1) * max(0,-0.262-X1) - 0.421*X0**2 - 0.399*max(0,0.370-X0) - 0.368*abs(X0) + 0.313*max(0,-0.262-X1) * abs(X1) - 0.295*X1 - 0.294*X1 * max(0,X0-2.33) + 0.237*X1 * abs(X2) - 0.203*max(0,X0-2.33) * abs(X1) - 0.188*max(0,X0-2.33) * max(0,X1-0.211) + 0.181*max(0,0.211-X1) - 0.159*max(0,X1+1.21) + 0.155*max(0,X1-0.684) * abs(X2) + 0.150*X1 * max(0,-0.259-X2) + 0.103*max(0,X1-0.684) * X1 + 0.102*max(0,X0-2.33) - 0.0160*max(0,1.41-X2)"
ffx,687_sleuth_ex1605,ok,-6.28268,38.186947,734,11.52,,"0.953 - 1467*max(0,-1.16-X2) * max(0,X4-1.75) - 222*max(0,-0.414-X1) * max(0,X3-1.21) + 59.4*max(0,-0.414-X1) * max(0,X2-1.60) - 47.1*max(0,X2-0.908) * max(0,X1-1.48) + 46.9*max(0,-0.414-X1) * max(0,X4-0.470) + 37.7*max(0,-1.05-X1) * max(0,X2-0.908) - 15.0*max(0,X4-0.470) * max(0,-0.551-X3) - 6.90*max(0,X2-0.908) * max(0,X3-1.80) + 6.38*max(0,-0.551-X3) + 6.36*max(0,X4-0.470) * max(0,-1.16-X2) - 6.10*max(0,-0.551-X3) * max(0,-1.14-X3) + 5.77*max(0,X4-0.470) + 5.37*max(0,-1.45-X4) * max(0,-0.808-X4) - 4.88*max(0,-0.169-X4) - 4.38*max(0,-0.414-X1) * max(0,-0.551-X3) - 3.92*max(0,X4-1.11) + 3.70*max(0,-1.05-X1) - 3.54*max(0,-0.414-X1) + 3.41*max(0,-0.414-X1) * max(0,-0.169-X4) + 3.39*max(0,-0.529-X0) - 3.24*max(0,-0.808-X4) * max(0,-1.14-X3) - 2.63*max(0,X2-0.908) + 2.33*max(0,X0-0.606) - 2.20*max(0,-1.14-X3) * max(0,-1.85-X2) + 1.98*max(0,X0-1.17) - 1.73*max(0,-1.16-X2) * max(0,X1-1.48) + 1.72*max(0,X3-1.21) + 1.69*max(0,-1.66-X0) - 1.68*max(0,-0.473-X2) + 1.64*max(0,0.217-X2) - 1.47*max(0,X4+0.169) + 1.46*max(0,-0.169-X4) * max(0,-0.808-X4) - 1.46*max(0,-1.10-X0) - 1.31*max(0,X1-0.851) - 1.28*abs(X0) - 1.23*max(0,0.0387-X0) + 1.22*max(0,X2-0.217) - 1.19*max(0,X0-0.0387) - 1.11*max(0,-1.14-X3) - 1.05*max(0,-0.414-X1) * max(0,-1.14-X3) + 0.813*max(0,-0.414-X1) * max(0,X2-0.908) - 0.785*max(0,X3-1.80) * max(0,X1-1.48) + 0.691*max(0,-0.414-X1) * max(0,-0.808-X4) - 0.670*abs(X4) - 0.572*abs(X3) + 0.470*max(0,0.470-X4) + 0.455*abs(X1) - 0.419*max(0,-1.16-X2) + 0.417*max(0,X4-1.75) - 0.347*max(0,-1.85-X2) + 0.346*max(0,0.219-X1) + 0.318*max(0,X3+0.551) + 0.283*max(0,-0.414-X1) * max(0,-1.45-X4) + 0.201*max(0,X1-0.219) - 0.190*max(0,X3-0.0364) + 0.181*max(0,X4-0.470) * max(0,X4-1.75) + 0.172*max(0,X1-1.48) + 0.169*max(0,X4-0.470) * max(0,X1-1.48) + 0.126*abs(X2) - 0.113*max(0,-0.808-X4) * max(0,-1.85-X2) - 0.0918*max(0,-1.16-X2) * max(0,-1.14-X3) + 0.0724*max(0,X1-2.12) - 0.0649*max(0,X3-1.21) * max(0,X1-1.48) - 0.0569*max(0,X2+0.473) + 0.0513*max(0,X0+0.529) - 0.0459*X2**2 - 0.00881*max(0,X1+0.414) - 0.00426*X1 - 0.00292*max(0,X2+1.16)"
ffx,690_visualizing_galaxy,ok,0.940229,22.735271,1398,9.81,,"0.761 + 111*max(0,-1.25-X3) * max(0,-0.611-X1) - 31.4*max(0,0.282-X0) * max(0,X3-1.43) - 29.0*max(0,0.282-X0) * max(0,-1.20-X1) - 28.1*max(0,0.557-X1) * max(0,-1.25-X3) - 19.2*max(0,-0.715-X3) * max(0,-0.611-X1) + 9.75*max(0,-0.322-X0) * max(0,-0.611-X1) - 9.33*max(0,X2-0.719) * max(0,X3-0.358) + 7.95*max(0,-1.20-X1) * max(0,X3-1.43) - 7.76*max(0,-0.611-X1) * max(0,X3-1.43) - 7.53*max(0,X0-1.49) * max(0,X3-1.43) - 7.29*max(0,0.557-X1) * max(0,-0.715-X3) + 7.26*max(0,-1.20-X1) - 6.11*max(0,X2-0.719) * max(0,X1-0.557) - 5.93*max(0,X0-0.282) * max(0,-1.20-X1) + 5.89*max(0,X2-0.719) * max(0,X0-0.282) + 5.60*max(0,X2-0.719) * max(0,-0.715-X3) - 4.88*max(0,X0-1.49) * abs(X3) - 4.58*max(0,X2-0.719) * abs(X3) + 4.47*max(0,X3-0.358) * max(0,X3-1.43) + 4.31*max(0,0.282-X0) * max(0,X3-0.358) + 4.16*max(0,X0-1.49) * max(0,X3-0.358) + 3.71*max(0,X2-0.719) * max(0,-0.611-X1) + 3.58*max(0,X1-1.73) - 3.34*max(0,-0.611-X1) * max(0,-1.20-X1) - 3.11*max(0,X1-1.73) * max(0,-1.25-X3) + 2.90*max(0,X0-0.282) * max(0,X3-1.43) - 2.84*max(0,-0.715-X3) * max(0,X1-1.73) + 2.81*max(0,0.282-X0) * max(0,-0.611-X1) + 2.79*max(0,X0-0.282) * max(0,X3-0.358) + 2.75*max(0,X2-0.719) * max(0,-0.322-X0) + 2.34*max(0,X0-1.49) * max(0,X0-0.282) - 2.02*max(0,X0-1.49) - 1.74*max(0,X0-0.282) * max(0,-0.611-X1) - 1.61*max(0,X3-0.358) * max(0,-1.20-X1) + 1.40*max(0,X3-1.43) + 1.37*max(0,-1.53-X0) - 1.32*max(0,-0.322-X0) * max(0,-1.25-X3) + 1.31*max(0,X1-0.557) * max(0,-1.25-X3) - 1.30*max(0,X2-0.719) * max(0,-1.25-X3) + 1.25*max(0,-0.715-X3) - 1.24*max(0,-1.25-X3) * abs(X3) + 1.23*abs(X3) * max(0,X3-1.43) + 1.11*max(0,X2-0.719) - 1.06*max(0,X1-0.557) * max(0,0.282-X0) + 1.04*abs(X1) - 1.03*max(0,X0-0.282) + 1.01*max(0,X1-1.14) + 0.988*abs(X0) - 0.983*abs(X3) - 0.981*abs(X3) * max(0,X0-0.282) + 0.902*max(0,-0.715-X3) * max(0,-0.322-X0) - 0.898*max(0,X1-0.557) - 0.892*max(0,0.557-X1) * abs(X3) + 0.886*max(0,X1-1.73) * max(0,0.282-X0) + 0.881*max(0,0.557-X1) * max(0,X0-0.282) + 0.875*max(0,X1-1.73) * max(0,-0.322-X0) + 0.873*max(0,X3-0.358) - 0.859*max(0,X3-0.895) - 0.821*max(0,X1+0.611) - 0.808*max(0,0.282-X0) + 0.780*max(0,0.557-X1) + 0.748*max(0,X3-0.358) * max(0,-0.611-X1) + 0.636*max(0,-0.322-X0) * abs(X3) - 0.632*max(0,-0.715-X3) * max(0,0.282-X0) + 0.609*max(0,-0.322-X0) - 0.591*max(0,-0.611-X1) - 0.561*X0**2 + 0.554*max(0,X0-0.886) + 0.522*max(0,X2-0.719) * max(0,0.282-X0) + 0.518*max(0,-0.715-X3) * abs(X3) + 0.509*max(0,-1.36-X2) - 0.463*max(0,X1-0.557) * max(0,X0-0.282) - 0.413*max(0,X1-0.557) * abs(X3) + 0.397*max(0,-0.178-X3) - 0.386*abs(X3) * max(0,-1.20-X1) - 0.370*max(0,X3+0.715) + 0.369*max(0,X1-1.73) * abs(X3) + 0.334*max(0,0.557-X1) * max(0,-0.322-X0) + 0.313*max(0,X0+1.53) - 0.312*max(0,1.49-X0) + 0.289*max(0,0.282-X0) * max(0,-0.322-X0) + 0.276*max(0,-1.25-X3) + 0.266*max(0,-0.926-X0) - 0.263*max(0,0.358-X3) + 0.253*abs(X3) * max(0,-0.611-X1) - 0.253*max(0,X2-0.302) + 0.244*max(0,X1-0.557) * max(0,-0.322-X0) - 0.243*max(0,0.557-X1) * max(0,X2-0.719) - 0.240*X0 + 0.228*X1 + 0.213*abs(X3) * max(0,X3-0.358) + 0.194*max(0,0.557-X1) * max(0,-1.20-X1) + 0.182*X1**2 + 0.128*max(0,X0-1.49) * max(0,-0.611-X1) - 0.128*max(0,0.282-X0) * abs(X3) + 0.124*max(0,-0.715-X3) * max(0,-1.25-X3) - 0.124*max(0,-0.530-X2) + 0.123*max(0,X1-0.557) * max(0,X3-0.358) + 0.108*max(0,-0.715-X3) * max(0,X1-0.557) + 0.101*max(0,-0.114-X2) + 0.0973*max(0,0.557-X1) * max(0,0.282-X0) - 0.0906*max(0,1.43-X3) + 0.0890*max(0,-0.0273-X1) - 0.0841*max(0,0.886-X0) + 0.0769*max(0,0.557-X1) * max(0,X3-1.43) + 0.0681*max(0,0.282-X0) * max(0,-1.25-X3) + 0.0548*max(0,X2+0.114) - 0.0544*max(0,X1+0.0273) - 0.0531*max(0,0.557-X1) * max(0,-0.611-X1) - 0.0454*max(0,-0.947-X2) - 0.0389*max(0,X1+1.20) - 0.0328*max(0,X0+0.322) - 0.0323*max(0,0.302-X2) - 0.0224*max(0,0.557-X1) * max(0,X3-0.358) + 0.0215*max(0,X0+0.926) + 0.0200*max(0,0.895-X3) - 0.0164*max(0,1.14-X1) - 0.0102*max(0,1.73-X1) - 0.00873*abs(X2) + 0.00710*max(0,X1-1.73) * max(0,X1-0.557) - 0.00549*max(0,X2+0.530) - 0.00317*max(0,X3+1.25) - 0.00281*max(0,X0-1.49) * max(0,-1.20-X1) - 0.000206*X3**2"
ffx,695_chatfield_4,ok,-0.054825,41.733057,2265,27.88,,"0.277 - 173*max(0,X10-2.68) * max(0,X11-2.25) - 115*max(0,X1-1.72) * max(0,X10-2.68) - 19.3*max(0,X2-2.12) * max(0,X11-1.72) + 18.5*max(0,X1-1.72) * max(0,X8-2.68) + 18.4*max(0,X4-2.38) * max(0,X10-2.68) - 17.8*max(0,X10-2.68) * max(0,X9-2.38) - 17.3*max(0,X11-2.25) + 15.3*max(0,X7-1.78) * max(0,X3-2.57) - 10.3*max(0,X7-2.32) - 9.72*max(0,X3-1.97) * max(0,X11-2.25) - 9.42*max(0,X11-2.25) * max(0,X9-2.38) + 8.42*max(0,X7-1.78) * max(0,X11-2.25) + 8.06*max(0,X7-2.32) * max(0,X11-1.72) + 7.41*max(0,X7-2.32) * max(0,X11-2.25) + 7.10*max(0,X7-2.32) * max(0,X9-2.38) - 6.75*max(0,X10-2.08) * max(0,X11-2.25) - 6.36*max(0,X4-3.03) + 6.17*max(0,X11-1.72) + 5.72*max(0,X7-1.78) * max(0,X7-2.32) - 5.51*max(0,X6-1.93) - 5.22*max(0,X1-3.02) * max(0,X9-2.38) - 4.71*max(0,X9-1.83) - 4.44*max(0,X3-1.38) + 4.33*max(0,X2-2.12) + 4.22*max(0,X6-1.36) + 3.97*max(0,X5-2.18) * max(0,X10-2.68) - 3.80*max(0,X3-1.38) * max(0,X11-1.72) + 3.72*max(0,X4-1.73) * max(0,X11-2.25) + 3.60*max(0,X5-3.65) + 3.60*max(0,X2-0.892) + 3.56*max(0,X3-2.57) - 3.52*max(0,X7-1.78) * max(0,X6-1.36) + 3.38*max(0,X10-1.48) - 3.30*max(0,X10-1.48) * max(0,X7-1.78) + 3.24*max(0,X11-1.72) * max(0,X11-2.25) - 3.08*max(0,0.228-X6) * max(0,X3-1.38) + 2.85*max(0,X6-2.49) + 2.81*max(0,X10-1.48) * max(0,X1-3.02) + 2.77*max(0,X6-0.228) + 2.66*max(0,X1-1.72) * max(0,X4-2.38) - 2.66*max(0,X6-2.49) * max(0,X4-2.38) + 2.63*max(0,X10-2.68) - 2.50*max(0,X11-0.659) - 2.43*max(0,X4-2.38) * max(0,X11-2.25) + 2.41*max(0,X9-1.28) - 2.38*max(0,X1-1.72) * max(0,X3-2.57) + 2.34*max(0,X10-1.48) * max(0,X1-2.37) + 2.32*max(0,X7-1.78) * max(0,X3-1.38) - 2.31*max(0,X6-0.794) + 2.30*max(0,X0-1.32) - 2.28*max(0,X11-1.72) * max(0,X3-1.97) - 2.28*max(0,-0.404-X11) - 2.07*max(0,X6-1.36) * max(0,X11-1.72) - 2.05*max(0,X2-1.51) + 1.98*max(0,X8-0.912) + 1.96*max(0,X6-2.49) * max(0,X2-2.73) - 1.85*max(0,0.290-X10) - 1.84*max(0,X4-2.38) * max(0,X3-1.97) + 1.56*max(0,-0.365-X9) - 1.53*max(0,X4-2.38) * max(0,X1-3.02) - 1.43*max(0,X1-1.72) - 1.41*max(0,X7-1.78) - 1.34*max(0,0.187-X3) + 1.34*max(0,X10-1.48) * max(0,X4-1.73) + 1.33*max(0,X5-2.18) * max(0,X9-2.38) + 1.33*max(0,X6-2.49) * max(0,X9-2.38) - 1.32*max(0,X4-1.73) * max(0,X11-1.72) - 1.31*abs(X7) + 1.30*max(0,X3-1.97) - 1.28*abs(X6) - 1.27*max(0,X1-1.72) * max(0,X7-1.78) - 1.26*max(0,X5-0.706) - 1.25*max(0,X11-1.72) * max(0,X10-2.08) - 1.24*max(0,-0.407-X3) + 1.22*max(0,X9-2.38) + 1.19*max(0,X0-0.416) + 1.19*max(0,X4-2.38) + 1.18*max(0,0.228-X6) + 1.18*max(0,X11-1.72) * max(0,X6-2.49) - 1.14*max(0,-0.215-X4) + 1.12*max(0,X10-2.08) + 1.09*max(0,X11-1.72) * max(0,X8-2.68) + 1.08*max(0,X10-1.48) * max(0,X3-1.97) + 1.07*max(0,X7-0.160) - 1.01*max(0,X3-0.187) + 0.983*max(0,-0.335-X2) + 0.977*max(0,X5-2.91) * max(0,X10-2.68) + 0.969*max(0,X5-2.18) + 0.929*max(0,-0.943-X0) - 0.917*max(0,X4-0.434) + 0.912*max(0,-0.0287-X5) + 0.900*abs(X3) + 0.873*max(0,X1-2.37) - 0.847*max(0,X8-2.09) - 0.844*X0**2 + 0.835*max(0,-0.490-X0) + 0.811*max(0,X3-1.38) * max(0,X6-1.93) + 0.778*max(0,X11-0.128) + 0.773*max(0,X6-2.49) * max(0,X10-2.68) - 0.748*X9**2 - 0.745*max(0,0.323-X8) + 0.725*max(0,X1-3.02) - 0.723*max(0,X11-1.19) - 0.698*max(0,X0+0.0371) + 0.696*abs(X0) + 0.679*max(0,X5-2.91) + 0.677*X4**2 + 0.676*max(0,X1-1.72) * max(0,X4-1.73) + 0.674*max(0,X4-1.73) + 0.659*max(0,X1-1.07) + 0.650*max(0,X7-2.32) * max(0,X6-2.49) - 0.650*max(0,0.427-X1) - 0.647*X2**2 + 0.640*max(0,-0.308-X10) + 0.630*max(0,X8-2.68) * max(0,X9-2.38) + 0.627*X11**2 + 0.624*X7**2 + 0.606*max(0,X1-3.02) * max(0,X2-2.73) - 0.603*X8**2 + 0.599*max(0,1.48-X10) + 0.588*max(0,-0.220-X1) - 0.581*max(0,X10-1.48) * max(0,X6-1.36) + 0.578*max(0,X8-1.50) - 0.566*max(0,X4-3.03) * max(0,X4-2.38) + 0.555*max(0,X3-0.782) + 0.547*max(0,X10-1.48) * max(0,X3-1.38) - 0.545*max(0,X3-2.57) * max(0,X11-2.25) + 0.541*max(0,1.24-X7) + 0.534*abs(X10) + 0.530*abs(X8) - 0.521*max(0,X7-0.699) + 0.513*max(0,X10-1.48) * max(0,X4-2.38) + 0.510*max(0,X5-1.44) - 0.509*max(0,1.78-X7) + 0.501*max(0,0.128-X11) - 0.500*max(0,X1-1.72) * max(0,X6-1.36) - 0.496*max(0,X8-0.323) - 0.490*max(0,X4+0.215) - 0.479*max(0,X10-1.48) * max(0,X11-1.72) + 0.473*max(0,X7-2.32) * max(0,X3-1.97) + 0.471*max(0,X8-2.68) + 0.460*max(0,-0.267-X8) - 0.447*max(0,-0.379-X7) + 0.423*max(0,1.97-X3) + 0.419*X3**2 + 0.419*max(0,0.278-X2) - 0.412*max(0,X4-1.08) + 0.404*max(0,X7-2.32) * max(0,X4-2.38) + 0.400*max(0,X6-1.36) * max(0,X9-2.38) + 0.394*max(0,X6-1.36) * max(0,X1-2.37) - 0.346*max(0,X1-0.427) + 0.338*abs(X4) - 0.337*abs(X2) + 0.324*max(0,0.782-X3) + 0.316*max(0,0.416-X0) + 0.315*max(0,X9-0.183) + 0.303*max(0,X10-1.48) * max(0,X8-2.68) + 0.301*max(0,0.160-X7) - 0.300*max(0,0.434-X4) - 0.300*max(0,2.38-X9) - 0.298*max(0,-0.0371-X0) + 0.297*max(0,X5-2.18) * max(0,X3-1.97) - 0.289*max(0,X10-0.887) + 0.276*max(0,X7-2.32) * max(0,X10-2.08) + 0.272*max(0,X6-2.49) * max(0,X3-1.97) + 0.266*max(0,X9+0.365) - 0.266*max(0,X10-1.48) * max(0,X1-1.72) - 0.261*max(0,2.18-X5) - 0.261*X2 + 0.254*max(0,X6-2.49) * max(0,X1-3.02) - 0.250*abs(X5) - 0.241*max(0,1.19-X11) - 0.233*max(0,1.32-X0) + 0.231*max(0,-0.338-X6) + 0.225*max(0,X1-1.72) * max(0,X3-1.38) - 0.206*max(0,X0-0.868) - 0.196*max(0,X7-2.32) * max(0,X6-1.36) - 0.190*max(0,X11-1.72) * max(0,X10-2.68) - 0.180*max(0,X6-1.93) * max(0,X6-1.36) + 0.177*max(0,0.183-X9) - 0.169*max(0,X3-2.57) * max(0,X3-1.97) + 0.164*abs(X1) + 0.160*X6 + 0.159*max(0,2.09-X8) + 0.154*max(0,X7-1.78) * max(0,X1-2.37) + 0.153*max(0,1.73-X4) - 0.148*max(0,0.706-X5) - 0.120*max(0,X3-2.57) * max(0,X4-2.38) - 0.115*max(0,0.868-X0) - 0.102*max(0,1.51-X2) + 0.101*max(0,0.912-X8) - 0.0947*max(0,1.08-X4) + 0.0929*max(0,2.38-X4) - 0.0870*X8 - 0.0859*max(0,1.83-X9) + 0.0742*max(0,X6+0.338) + 0.0704*max(0,X7-1.24) + 0.0679*max(0,1.93-X6) + 0.0677*max(0,X6-1.36) * max(0,X1-3.02) + 0.0668*max(0,X2-0.278) + 0.0666*max(0,X9-0.732) + 0.0656*X4 - 0.0636*max(0,2.49-X6) + 0.0623*abs(X11) + 0.0623*max(0,X5-2.18) * max(0,X8-2.68) + 0.0621*X6**2 + 0.0614*max(0,0.732-X9) - 0.0609*X10 + 0.0604*max(0,0.659-X11) + 0.0586*max(0,1.36-X6) - 0.0575*max(0,X10-2.08) * max(0,X9-2.38) + 0.0556*max(0,X4-1.73) * max(0,X6-1.93) - 0.0464*max(0,2.91-X5) + 0.0452*max(0,1.50-X8) + 0.0447*max(0,1.72-X11) - 0.0445*max(0,X1-2.37) * max(0,X9-2.38) + 0.0431*max(0,1.07-X1) - 0.0419*max(0,2.08-X10) - 0.0400*max(0,1.44-X5) - 0.0391*max(0,X4-3.03) * max(0,X10-2.08) + 0.0384*X5**2 - 0.0366*abs(X9) + 0.0343*max(0,X2+0.335) + 0.0318*max(0,0.699-X7) + 0.0304*max(0,2.73-X2) + 0.0281*max(0,X5-2.18) * max(0,X4-1.73) + 0.0278*max(0,X0+0.490) + 0.0250*max(0,2.12-X2) + 0.0246*max(0,0.794-X6) + 0.0230*max(0,X7-1.78) * max(0,X11-1.72) - 0.0203*X3 - 0.0181*max(0,2.57-X3) + 0.0159*X10**2 + 0.0149*max(0,X1-2.37) * max(0,X2-2.73) - 0.0147*max(0,0.887-X10) - 0.0106*max(0,X8+0.267) - 0.00925*max(0,2.37-X1) + 0.00745*max(0,X6-1.36) * max(0,X2-2.73) + 0.00714*max(0,X10+0.308) + 0.00696*max(0,0.892-X2) - 0.00657*max(0,1.28-X9) + 0.00622*max(0,X4-1.73) * max(0,X7-1.78) + 0.00523*max(0,X8-2.68) * max(0,X3-1.97) - 0.00416*max(0,X6-1.93) * max(0,X4-2.38) - 0.00108*X11 + 0.000975*max(0,X5-2.91) * max(0,X8-2.68) + 0.000572*max(0,X5-2.18) * max(0,X3-1.38) - 0.000493*max(0,X11+0.404) - 0.000290*max(0,X10-2.08) * max(0,X10-2.68) - 0.000206*max(0,X1+0.220) - 0.000134*X1 + 6.60e-5*X7 + 3.43e-5*max(0,X8-2.68) * max(0,X10-2.68) - 2.79e-5*max(0,X4-3.03) * max(0,X6-2.49) + 4.97e-8*max(0,X8-2.68) * max(0,X4-2.38) - 2.12e-8*max(0,X4-3.03) * max(0,X6-1.36)"
ffx,706_sleuth_case1202,ok,-2.061956,172.849262,1398,14.38,,"1.38 - 137*max(0,X0+0.236) * max(0,X4-1.68) - 102*max(0,X0-0.585) * max(0,X3-1.04) + 34.0*max(0,X0-0.585) * max(0,-0.711-X4) - 30.4*abs(X0) * max(0,X4-1.68) + 13.6*max(0,X0-0.585) * max(0,X4-0.244) + 9.85*max(0,X0+0.236) * max(0,0.119-X1) - 8.97*max(0,X0-0.585) * max(0,0.119-X1) + 8.69*max(0,X1-0.119) * max(0,X4-0.244) + 8.30*max(0,X4-1.68) + 8.23*max(0,X3-1.04) * max(0,X3-0.173) + 7.93*max(0,X0+0.236) * max(0,X3-0.173) - 7.60*max(0,X3-1.04) * max(0,-0.233-X4) - 7.18*max(0,X3-1.04) * max(0,X4-0.244) - 6.15*max(0,X0+0.236) * max(0,X4-0.244) - 5.78*max(0,X0-0.585) * max(0,X3-0.173) - 5.56*max(0,X3-1.04) * abs(X0) + 5.08*max(0,-1.14-X3) + 4.99*max(0,X1-2.57) - 4.90*abs(X0) + 4.82*max(0,-0.711-X4) * max(0,X3-0.173) - 4.65*max(0,X0-2.23) + 4.50*max(0,-0.233-X4) * max(0,-0.236-X0) - 4.48*max(0,-0.711-X4) * max(0,-0.233-X4) + 4.44*max(0,X4-0.244) * max(0,-0.236-X0) - 4.35*abs(X3) * max(0,-1.06-X0) + 4.23*max(0,X4-0.722) + 4.07*max(0,X3-0.173) * max(0,0.119-X1) - 4.04*abs(X3) * max(0,X4-1.68) - 3.81*max(0,X0+0.236) * max(0,-0.233-X4) + 3.75*max(0,-1.06-X0) * max(0,X3-0.173) + 3.74*abs(X3) * max(0,-0.236-X0) + 3.59*max(0,X3-1.04) * abs(X1) + 3.38*max(0,X0-0.585) - 3.30*max(0,X1-0.731) + 3.00*max(0,X3-1.04) - 2.82*max(0,-0.711-X4) * max(0,-0.236-X0) + 2.67*X1 * max(0,X3-1.04) + 2.55*X4 * max(0,X4-1.68) + 2.54*max(0,X4-1.20) - 2.50*max(0,-1.06-X0) * max(0,-0.236-X0) + 2.38*max(0,X0-1.41) - 2.19*abs(X1) * max(0,-0.236-X0) - 2.12*max(0,X3-1.04) * max(0,-0.236-X0) + 2.09*max(0,X1-0.119) * max(0,-0.233-X4) + 2.08*abs(X3) * max(0,X4-0.244) - 2.07*max(0,X0-3.05) + 2.07*max(0,X1-0.119) - 2.04*max(0,X1-1.95) - 1.97*abs(X3) * max(0,X3-0.173) - 1.93*abs(X4) * max(0,-0.233-X4) + 1.86*abs(X3) * max(0,X3-1.04) - 1.69*abs(X1) * max(0,X4-0.244) - 1.65*max(0,-1.06-X0) * abs(X0) + 1.61*abs(X1) * abs(X0) - 1.55*max(0,X3-0.173) * max(0,-0.233-X4) + 1.54*abs(X3) * abs(X4) + 1.50*X1 * max(0,X4-0.244) - 1.47*abs(X1) + 1.47*abs(X1) * max(0,0.119-X1) + 1.41*abs(X4) * max(0,-0.236-X0) - 1.39*max(0,X3-0.173) - 1.27*max(0,X0-0.585) * max(0,X1-0.119) + 1.25*max(0,X0-0.585) * max(0,-0.233-X4) + 1.25*max(0,X0-0.585) * abs(X3) + 1.25*max(0,X0-0.585) * X4 - 1.24*max(0,X4+0.711) - 1.18*abs(X3) - 1.16*X3**2 + 1.04*abs(X0) * max(0,-0.236-X0) + 0.998*max(0,-1.06-X0) * abs(X1) - 0.933*abs(X1) * abs(X4) + 0.931*max(0,X5-0.308) + 0.928*max(0,X1-0.119) * max(0,-1.06-X0) + 0.861*max(0,X0-0.585) * abs(X4) - 0.844*max(0,1.34-X1) - 0.788*max(0,0.244-X4) + 0.774*max(0,X4+0.233) - 0.766*max(0,X1-1.34) + 0.736*max(0,X3-1.04) * max(0,0.119-X1) - 0.720*abs(X0) * max(0,X4-0.244) + 0.704*max(0,1.41-X0) - 0.699*max(0,X4-0.244) + 0.682*max(0,X0+0.236) - 0.681*max(0,X3-0.173) * abs(X4) - 0.651*X1 * abs(X0) - 0.630*max(0,X0-0.585) * abs(X0) - 0.618*max(0,X3+0.263) - 0.563*max(0,X4-0.244) * max(0,0.119-X1) + 0.540*abs(X3) * max(0,-0.711-X4) + 0.537*max(0,X1-0.119) * abs(X3) + 0.525*max(0,0.722-X4) + 0.481*X0**2 + 0.448*X4 * max(0,-0.711-X4) - 0.424*X1 * max(0,0.119-X1) + 0.409*X1 * abs(X3) - 0.404*X2 + 0.383*X1 * abs(X4) + 0.365*max(0,0.119-X1) + 0.363*abs(X1) * max(0,X4-1.68) - 0.344*max(0,-0.711-X4) * abs(X4) + 0.331*abs(X3) * X4 + 0.318*max(0,1.20-X4) + 0.314*X4 * max(0,X4-0.244) + 0.288*abs(X4) + 0.268*max(0,X0-0.585) * abs(X1) - 0.258*abs(X0) * max(0,X3-0.173) + 0.254*abs(X3) * abs(X1) - 0.223*X0 + 0.217*max(0,X3+1.14) + 0.216*X4 * max(0,X3-1.04) + 0.192*max(0,X3-0.173) * max(0,-0.236-X0) - 0.181*max(0,-0.711-X4) - 0.174*max(0,X0+0.236) * abs(X0) + 0.174*max(0,X5-0.832) + 0.174*X4 * max(0,X3-0.173) - 0.159*max(0,X1-0.119) * max(0,X3-0.173) - 0.141*abs(X1) * max(0,X3-0.173) - 0.118*max(0,X1-0.119) * abs(X1) + 0.111*max(0,-0.493-X1) - 0.0963*X1 + 0.0946*max(0,0.173-X3) + 0.0934*max(0,-0.911-X2) + 0.0916*max(0,0.585-X0) + 0.0913*max(0,X5-1.36) - 0.0913*max(0,-0.699-X3) - 0.0901*X4 * max(0,-0.236-X0) - 0.0879*max(0,0.832-X5) + 0.0826*max(0,X1-0.119) * abs(X4) - 0.0819*X1 * max(0,-0.236-X0) - 0.0803*max(0,X3-0.609) + 0.0592*X1**2 + 0.0542*X1 * X4 + 0.0530*abs(X2) - 0.0488*abs(X3) * max(0,0.119-X1) + 0.0189*max(0,-0.236-X0) - 0.0169*X4 * abs(X1) - 0.0165*X1 * abs(X1) - 0.0156*X4 * max(0,0.119-X1) + 0.00807*max(0,-0.233-X4) + 0.00701*X5 - 0.00275*max(0,-1.06-X0) * max(0,-0.233-X4) - 0.00263*X4 + 0.00165*max(0,-0.633-X2) + 0.00148*max(0,X5+1.26) - 0.00140*max(0,-1.06-X0) * abs(X4) + 1.24e-5*max(0,-0.0784-X2) + 1.44e-7*max(0,-0.356-X2) - 7.94e-10*max(0,X2+0.633) + 1.23e-13*max(0,0.199-X2)"
ffx,712_chscase_geyser1,ok,0.616666,7.930174,862,8.26,,"-0.0153 + 9.12*max(0,-0.263-X1) * max(0,X0-0.412) + 8.98*max(0,X0-0.412) * max(0,X1-0.164) + 6.78*max(0,-0.339-X0) * max(0,-0.690-X1) - 5.96*max(0,X0-0.788) * max(0,X1-0.164) - 5.36*max(0,-0.263-X1) * max(0,X0-0.788) - 4.29*max(0,0.590-X1) * max(0,-0.339-X0) - 4.00*max(0,-0.690-X1) * max(0,X0-0.788) + 3.72*max(0,0.590-X1) * max(0,X0-0.788) - 3.72*max(0,-0.263-X1) * max(0,-0.339-X0) - 3.70*max(0,0.412-X0) * max(0,-0.263-X1) - 3.47*max(0,-0.339-X0) * max(0,X1-0.164) + 3.41*max(0,X0-0.788) * max(0,X0-0.412) + 3.06*max(0,0.412-X0) * max(0,X1-0.164) - 2.97*abs(X1) - 2.96*max(0,X0-0.788) * abs(X1) - 2.96*max(0,-1.12-X1) - 2.71*max(0,0.0367-X0) * abs(X1) - 2.32*max(0,0.0367-X0) * max(0,-0.339-X0) - 2.01*max(0,X1-1.02) + 1.99*max(0,0.412-X0) * abs(X1) + 1.94*max(0,0.0367-X0) * max(0,0.164-X1) + 1.94*max(0,0.164-X1) * max(0,-0.339-X0) - 1.87*max(0,0.164-X1) * max(0,X0-0.412) - 1.80*max(0,X0-1.16) + 1.67*max(0,-0.715-X0) - 1.63*max(0,X0-0.788) + 1.58*max(0,0.590-X1) * max(0,X1-0.164) - 1.57*max(0,X1-0.590) + 1.47*max(0,-0.690-X1) * abs(X1) + 1.35*max(0,0.412-X0) * max(0,0.164-X1) + 1.34*max(0,X0-0.0367) - 1.16*max(0,X0-0.412) * abs(X1) + 1.15*max(0,0.0367-X0) - 1.12*max(0,0.164-X1) * abs(X1) - 1.11*max(0,X0-0.412) - 1.09*max(0,0.590-X1) * max(0,X0-0.412) + 1.08*max(0,0.0367-X0) * max(0,-0.690-X1) + 1.07*max(0,X1+0.263) + 1.04*max(0,0.412-X0) * max(0,-0.690-X1) - 1.03*max(0,-0.263-X1) * max(0,0.0367-X0) + 0.968*abs(X1) * max(0,X1-0.164) + 0.941*max(0,0.590-X1) * max(0,0.0367-X0) + 0.887*max(0,-0.339-X0) * abs(X1) - 0.870*max(0,-0.263-X1) * abs(X1) - 0.835*max(0,-0.263-X1) * max(0,-0.690-X1) - 0.811*max(0,0.0367-X0) * max(0,X1-0.164) + 0.679*max(0,-0.690-X1) - 0.648*max(0,0.164-X1) * max(0,X0-0.788) + 0.643*X1**2 + 0.642*max(0,-0.690-X1) * max(0,X0-0.412) + 0.567*max(0,1.02-X1) - 0.564*max(0,0.590-X1) + 0.539*max(0,-0.339-X0) + 0.538*max(0,0.590-X1) * max(0,0.164-X1) + 0.509*max(0,-0.263-X1) * max(0,0.164-X1) + 0.500*max(0,0.164-X1) * max(0,-0.690-X1) + 0.475*max(0,0.412-X0) - 0.460*max(0,X1+1.12) + 0.434*abs(X0) + 0.400*max(0,-0.263-X1) - 0.367*max(0,X0+0.339) - 0.345*max(0,0.164-X1) - 0.326*max(0,1.16-X0) + 0.275*max(0,0.412-X0) * max(0,-0.339-X0) + 0.254*max(0,0.590-X1) * max(0,-0.690-X1) - 0.183*max(0,X1+0.690) - 0.177*max(0,0.590-X1) * max(0,-0.263-X1) + 0.160*X1 + 0.148*max(0,0.590-X1) * abs(X1) + 0.136*max(0,X1-0.164) + 0.0525*max(0,0.412-X0) * max(0,0.0367-X0) - 0.0282*X0**2 + 0.0250*X0 + 0.0197*max(0,0.788-X0) - 0.000641*max(0,X0+0.715)"
ffx,_deprecated_195_auto_price,ok,-107.898137,65947.024935,2660,43.51,,"2.33 - 260*max(0,X10-3.31) * max(0,-1.03-X14) - 168*max(0,X7-1.90) * max(0,X5-0.942) + 159*max(0,X3-1.78) * max(0,X5-0.942) + 79.4*max(0,X4-0.772) * max(0,X5-1.57) - 66.8*max(0,X14-1.90) * max(0,X5-0.942) + 28.6*max(0,-0.737-X13) * max(0,-1.06-X12) + 23.9*max(0,X13-2.87) * max(0,X10-3.31) + 16.4*max(0,-0.737-X13) * max(0,X5-1.57) - 7.32*max(0,X3-1.08) * max(0,X10-3.31) - 6.79*max(0,X12-2.42) - 6.71*max(0,X7-3.57) * max(0,X11-2.01) + 4.87*max(0,-0.737-X13) - 4.78*max(0,-1.03-X14) * max(0,X11-1.36) - 4.59*max(0,-1.06-X12) * max(0,-1.72-X9) + 4.37*max(0,-0.361-X12) * max(0,X11-2.01) + 4.12*max(0,X6-1.29) + 3.88*max(0,X5-1.57) * max(0,X11-2.01) - 3.84*max(0,X3-1.08) * max(0,X5-0.942) - 3.64*max(0,X4-0.772) * max(0,X5-0.942) - 3.49*max(0,X2-2.44) + 3.14*max(0,-0.361-X12) * max(0,-1.72-X9) - 2.80*max(0,X5-0.942) * max(0,-1.03-X14) - 2.32*max(0,-0.737-X13) * max(0,X5-0.942) + 2.20*max(0,X3-0.391) * max(0,X5-1.57) + 2.11*max(0,-0.598-X11) + 2.08*max(0,X8-1.79) - 1.94*max(0,X3-0.391) * max(0,X5-0.942) - 1.85*max(0,0.122-X10) - 1.77*max(0,-0.361-X12) * max(0,X5-2.20) + 1.76*max(0,X12-1.03) + 1.65*max(0,-1.06-X12) * max(0,X10-3.31) - 1.59*max(0,X2-0.967) * max(0,X5-0.942) + 1.57*max(0,-1.59-X0) + 1.53*max(0,X6-0.548) + 1.52*max(0,X11-2.66) + 1.48*max(0,-1.77-X8) + 1.47*max(0,-1.69-X3) + 1.40*max(0,X2-0.967) * max(0,-0.737-X13) - 1.36*max(0,X11-0.705) + 1.32*abs(X14) - 1.30*max(0,-1.24-X2) - 1.24*max(0,X6-2.77) - 1.24*max(0,-0.737-X13) * max(0,-1.03-X14) - 1.22*max(0,X2-0.967) * max(0,X11-1.36) + 1.17*max(0,X0-1.33) + 1.13*max(0,-0.502-X2) - 1.07*abs(X13) + 1.06*max(0,X11-2.01) - 1.06*max(0,0.233-X2) - 1.02*max(0,-0.953-X5) + 1.02*max(0,-1.03-X14) * max(0,X7-2.74) - 1.02*max(0,X7-1.06) - 1.01*max(0,X1-2.25) - 1.01*max(0,-0.993-X3) - 1.00*max(0,X3-1.08) - 0.997*max(0,-1.03-X14) * max(0,-1.72-X9) + 0.982*max(0,X14-2.63) + 0.933*abs(X2) + 0.932*max(0,-0.737-X13) * max(0,-0.361-X12) + 0.894*max(0,X13-0.707) + 0.887*max(0,-0.737-X13) * max(0,X11-2.01) - 0.866*max(0,X1-2.95) - 0.837*max(0,-0.296-X14) - 0.824*max(0,-1.06-X8) + 0.807*max(0,0.759-X10) - 0.790*max(0,X3-1.08) * max(0,X11-1.36) + 0.785*max(0,X4-1.57) * max(0,X5-0.942) + 0.776*max(0,-0.737-X13) * max(0,X3-0.391) + 0.755*max(0,X8-1.08) + 0.741*max(0,0.222-X7) - 0.677*max(0,X14+1.03) + 0.653*max(0,X6+0.192) + 0.648*max(0,-0.301-X3) + 0.647*max(0,-2.72-X9) - 0.622*max(0,0.435-X14) + 0.621*max(0,-1.06-X12) * max(0,X5-0.942) + 0.617*max(0,X6-2.03) * max(0,X11-2.01) - 0.612*max(0,X5-0.942) * max(0,X11-1.36) + 0.594*max(0,X5-0.310) + 0.576*max(0,-0.737-X13) * max(0,X3-1.08) - 0.575*max(0,X7-0.222) - 0.575*max(0,X13+0.0152) + 0.565*max(0,X5-0.942) * max(0,-1.72-X9) - 0.562*max(0,X3-0.391) * max(0,X3-1.08) - 0.545*max(0,X14-0.435) + 0.542*max(0,X1-0.832) + 0.528*max(0,X3-0.391) + 0.525*max(0,X7-2.74) + 0.522*max(0,1.06-X7) + 0.492*max(0,X7-3.57) - 0.487*abs(X12) - 0.486*max(0,0.0533-X11) - 0.485*max(0,0.391-X3) + 0.475*max(0,X12-0.335) - 0.469*max(0,X2-0.233) - 0.459*max(0,-1.06-X12) * max(0,-1.03-X14) + 0.438*max(0,X5-0.942) * max(0,X11-2.01) + 0.437*max(0,X1-1.54) - 0.407*max(0,X11-0.0533) + 0.400*max(0,X11-1.36) - 0.390*max(0,-1.72-X9) - 0.378*max(0,X4-1.57) * max(0,X10-3.31) - 0.373*max(0,0.125-X1) - 0.369*max(0,0.364-X8) + 0.368*max(0,X3-1.08) * max(0,X7-2.74) + 0.365*max(0,-0.737-X13) * max(0,-1.72-X9) - 0.365*abs(X6) + 0.363*max(0,X2-0.967) * max(0,X3-1.78) - 0.359*max(0,-1.61-X4) - 0.358*max(0,-1.03-X14) + 0.357*max(0,-0.321-X5) + 0.351*max(0,X2-0.967) * max(0,X5-1.57) - 0.347*max(0,-0.0152-X13) + 0.346*max(0,X3-1.78) - 0.346*max(0,X5-0.942) + 0.342*max(0,X3-0.391) * max(0,-1.77-X8) - 0.341*max(0,X1-0.125) + 0.340*max(0,-0.737-X13) * max(0,-1.77-X8) + 0.340*max(0,X3-0.391) * max(0,X11-2.01) - 0.334*max(0,X2-0.967) * max(0,X3-0.391) + 0.328*abs(X3) - 0.324*max(0,-0.932-X6) + 0.311*max(0,X11+0.598) - 0.308*max(0,2.87-X13) + 0.307*max(0,1.03-X12) - 0.301*max(0,X13-1.43) + 0.299*max(0,X2-0.967) * max(0,-1.03-X14) + 0.299*max(0,-0.361-X12) * max(0,X11-1.36) - 0.298*max(0,2.77-X6) + 0.286*max(0,-0.0211-X4) + 0.286*max(0,X2-0.967) * max(0,-0.361-X12) + 0.282*max(0,-0.737-X13) * max(0,X11-2.66) - 0.276*max(0,2.03-X6) + 0.271*X11 + 0.271*max(0,X2-0.967) * max(0,-1.06-X12) + 0.261*max(0,X3-1.78) * max(0,-1.03-X14) - 0.258*max(0,-0.361-X12) + 0.246*max(0,X9-1.29) + 0.239*max(0,-0.737-X13) * max(0,X6-2.03) + 0.239*max(0,0.310-X5) - 0.238*max(0,-1.03-X14) * max(0,X7-3.57) - 0.226*max(0,X2-1.70) - 0.222*max(0,1.43-X13) + 0.219*max(0,X6-2.03) + 0.210*max(0,3.57-X7) + 0.197*max(0,-0.361-X12) * max(0,X7-3.57) + 0.196*max(0,-0.361-X12) * max(0,X10-3.31) - 0.192*max(0,X2-0.967) - 0.177*max(0,X5+0.953) - 0.174*max(0,0.772-X4) - 0.171*X8**2 - 0.159*max(0,X7-2.74) * max(0,X11-1.36) - 0.159*max(0,X8+0.349) - 0.158*max(0,X10-3.31) * max(0,X6-2.03) - 0.157*X3**2 + 0.152*max(0,X9-0.286) + 0.148*max(0,-0.715-X9) + 0.143*X14 + 0.142*X0**2 - 0.138*max(0,0.705-X11) + 0.132*max(0,X9+0.715) + 0.125*max(0,0.832-X1) - 0.117*abs(X0) - 0.117*max(0,X3-0.391) * max(0,-1.03-X14) - 0.112*max(0,X11-1.36) * max(0,X7-3.57) - 0.111*max(0,X5-0.942) * max(0,X5-2.20) - 0.110*X4**2 - 0.107*max(0,X7+0.616) - 0.107*max(0,X3-0.391) * max(0,X10-3.31) - 0.104*max(0,-0.814-X4) + 0.0999*X13**2 - 0.0983*abs(X10) + 0.0974*max(0,X6+0.932) + 0.0938*max(0,X6-2.03) * max(0,-1.03-X14) + 0.0914*max(0,X3-1.78) * max(0,X11-2.01) - 0.0898*max(0,X3+1.69) + 0.0896*abs(X4) - 0.0873*max(0,2.01-X11) - 0.0868*X9 - 0.0859*max(0,-0.737-X13) * max(0,X1-2.25) - 0.0849*max(0,X5-1.57) * max(0,X5-2.20) + 0.0818*max(0,-0.616-X7) - 0.0817*max(0,X13-2.87) + 0.0777*max(0,X6-2.03) * max(0,X11-1.36) + 0.0773*max(0,X3-1.08) * max(0,-1.03-X14) - 0.0768*max(0,X4-1.57) * max(0,-0.361-X12) - 0.0760*X7**2 - 0.0746*max(0,X4-0.772) * max(0,X1-2.25) - 0.0622*X5**2 + 0.0617*abs(X5) - 0.0603*max(0,X5-0.942) * max(0,X5-1.57) - 0.0592*max(0,0.286-X9) - 0.0566*max(0,X14+0.296) - 0.0547*X3 + 0.0542*abs(X1) + 0.0532*max(0,1.90-X14) + 0.0480*max(0,X3-1.08) * max(0,-1.72-X9) - 0.0478*max(0,X8-0.364) + 0.0452*max(0,X11-2.01) * max(0,X11-2.66) - 0.0451*max(0,X10-2.67) + 0.0425*max(0,X4-0.772) * max(0,-1.06-X12) - 0.0363*max(0,X7-1.90) * max(0,X1-2.25) + 0.0351*max(0,X6-2.03) * max(0,X7-3.57) + 0.0340*max(0,-0.361-X12) * max(0,X7-2.74) + 0.0326*max(0,-0.582-X1) - 0.0273*max(0,1.29-X6) + 0.0249*max(0,1.40-X10) + 0.0236*max(0,-0.737-X13) * max(0,X3-1.78) + 0.0236*max(0,X2-0.967) * max(0,X7-2.74) + 0.0234*max(0,X3+0.301) + 0.0226*max(0,X3-1.08) * max(0,X6-2.03) + 0.0221*max(0,X0-0.744) + 0.0214*max(0,-1.06-X12) + 0.0212*max(0,2.63-X14) - 0.0208*max(0,1.79-X8) + 0.0201*max(0,X4-1.57) * max(0,-1.03-X14) - 0.0165*X12 + 0.0162*max(0,-0.737-X13) * max(0,X7-2.74) + 0.0153*max(0,X6-2.03) * max(0,X7-2.74) + 0.0149*max(0,1.73-X12) - 0.0144*max(0,3.31-X10) - 0.0139*max(0,0.967-X2) + 0.0129*max(0,-1.77-X8) * max(0,-1.72-X9) + 0.0127*X10 - 0.0111*max(0,0.548-X6) + 0.00939*X10**2 - 0.00912*max(0,X7-2.74) * max(0,X11-2.01) - 0.00895*max(0,X7-2.74) * max(0,X7-3.57) + 0.00871*max(0,X10-0.759) - 0.00868*max(0,X4-0.772) * max(0,X6-2.03) + 0.00830*max(0,X11-1.36) * max(0,X11-2.66) + 0.00764*max(0,X4-1.57) * max(0,X3-1.78) + 0.00744*max(0,X11-1.36) * max(0,X5-1.57) + 0.00742*max(0,X3-0.391) * max(0,-1.72-X9) + 0.00631*X13 + 0.00609*max(0,0.744-X0) + 0.00601*max(0,X3-1.78) * max(0,X11-1.36) + 0.00586*max(0,2.03-X10) - 0.00532*abs(X11) + 0.00518*max(0,X2-0.967) * max(0,X6-2.03) - 0.00503*max(0,X7-1.90) - 0.00430*abs(X9) + 0.00388*max(0,1.70-X2) + 0.00354*max(0,X10-0.122) - 0.00328*X14**2 - 0.00326*X6**2 - 0.00302*max(0,X0-0.162) - 0.00295*max(0,X4-0.772) * max(0,X10-3.31) + 0.00275*max(0,X3-1.78) * max(0,X7-3.57) + 0.00266*max(0,-0.361-X12) * max(0,-1.06-X12) + 0.00184*max(0,X2-0.967) * max(0,X2-2.44) + 0.00179*max(0,X4-0.772) * max(0,X11-2.01) + 0.00159*max(0,-1.77-X8) * max(0,X5-0.942) + 0.00150*max(0,X3-1.08) * max(0,X11-2.01) - 0.00147*max(0,-0.361-X12) * max(0,X5-1.57) + 0.00123*max(0,X4-0.772) * max(0,X11-1.36) - 0.000953*max(0,X12+0.361) + 0.000756*max(0,0.335-X12) - 0.000728*max(0,X14-1.90) * max(0,-1.06-X12) + 0.000686*max(0,X4-2.36) - 0.000588*max(0,X0+1.59) + 0.000532*X6 + 0.000526*max(0,-1.03-X14) * max(0,X11-2.66) + 0.000195*max(0,X4-0.772) * max(0,-0.737-X13) + 0.000141*max(0,X3-1.78) * max(0,X3-0.391) + 8.24e-6*max(0,X7-1.90) * max(0,X3-0.391) + 6.40e-6*max(0,-1.77-X8) * max(0,X3-1.08) + 5.91e-6*max(0,2.42-X12) + 1.47e-6*max(0,X4-1.57) * max(0,X11-2.01) - 6.49e-7*max(0,X0+1.00)"
ffx,_deprecated_207_autoPrice,ok,-107.898137,65947.024935,2660,38.14,,"2.33 - 260*max(0,X10-3.31) * max(0,-1.03-X14) - 168*max(0,X7-1.90) * max(0,X5-0.942) + 159*max(0,X3-1.78) * max(0,X5-0.942) + 79.4*max(0,X4-0.772) * max(0,X5-1.57) - 66.8*max(0,X14-1.90) * max(0,X5-0.942) + 28.6*max(0,-0.737-X13) * max(0,-1.06-X12) + 23.9*max(0,X13-2.87) * max(0,X10-3.31) + 16.4*max(0,-0.737-X13) * max(0,X5-1.57) - 7.32*max(0,X3-1.08) * max(0,X10-3.31) - 6.79*max(0,X12-2.42) - 6.71*max(0,X7-3.57) * max(0,X11-2.01) + 4.87*max(0,-0.737-X13) - 4.78*max(0,-1.03-X14) * max(0,X11-1.36) - 4.59*max(0,-1.06-X12) * max(0,-1.72-X9) + 4.37*max(0,-0.361-X12) * max(0,X11-2.01) + 4.12*max(0,X6-1.29) + 3.88*max(0,X5-1.57) * max(0,X11-2.01) - 3.84*max(0,X3-1.08) * max(0,X5-0.942) - 3.64*max(0,X4-0.772) * max(0,X5-0.942) - 3.49*max(0,X2-2.44) + 3.14*max(0,-0.361-X12) * max(0,-1.72-X9) - 2.80*max(0,X5-0.942) * max(0,-1.03-X14) - 2.32*max(0,-0.737-X13) * max(0,X5-0.942) + 2.20*max(0,X3-0.391) * max(0,X5-1.57) + 2.11*max(0,-0.598-X11) + 2.08*max(0,X8-1.79) - 1.94*max(0,X3-0.391) * max(0,X5-0.942) - 1.85*max(0,0.122-X10) - 1.77*max(0,-0.361-X12) * max(0,X5-2.20) + 1.76*max(0,X12-1.03) + 1.65*max(0,-1.06-X12) * max(0,X10-3.31) - 1.59*max(0,X2-0.967) * max(0,X5-0.942) + 1.57*max(0,-1.59-X0) + 1.53*max(0,X6-0.548) + 1.52*max(0,X11-2.66) + 1.48*max(0,-1.77-X8) + 1.47*max(0,-1.69-X3) + 1.40*max(0,X2-0.967) * max(0,-0.737-X13) - 1.36*max(0,X11-0.705) + 1.32*abs(X14) - 1.30*max(0,-1.24-X2) - 1.24*max(0,X6-2.77) - 1.24*max(0,-0.737-X13) * max(0,-1.03-X14) - 1.22*max(0,X2-0.967) * max(0,X11-1.36) + 1.17*max(0,X0-1.33) + 1.13*max(0,-0.502-X2) - 1.07*abs(X13) + 1.06*max(0,X11-2.01) - 1.06*max(0,0.233-X2) - 1.02*max(0,-0.953-X5) + 1.02*max(0,-1.03-X14) * max(0,X7-2.74) - 1.02*max(0,X7-1.06) - 1.01*max(0,X1-2.25) - 1.01*max(0,-0.993-X3) - 1.00*max(0,X3-1.08) - 0.997*max(0,-1.03-X14) * max(0,-1.72-X9) + 0.982*max(0,X14-2.63) + 0.933*abs(X2) + 0.932*max(0,-0.737-X13) * max(0,-0.361-X12) + 0.894*max(0,X13-0.707) + 0.887*max(0,-0.737-X13) * max(0,X11-2.01) - 0.866*max(0,X1-2.95) - 0.837*max(0,-0.296-X14) - 0.824*max(0,-1.06-X8) + 0.807*max(0,0.759-X10) - 0.790*max(0,X3-1.08) * max(0,X11-1.36) + 0.785*max(0,X4-1.57) * max(0,X5-0.942) + 0.776*max(0,-0.737-X13) * max(0,X3-0.391) + 0.755*max(0,X8-1.08) + 0.741*max(0,0.222-X7) - 0.677*max(0,X14+1.03) + 0.653*max(0,X6+0.192) + 0.648*max(0,-0.301-X3) + 0.647*max(0,-2.72-X9) - 0.622*max(0,0.435-X14) + 0.621*max(0,-1.06-X12) * max(0,X5-0.942) + 0.617*max(0,X6-2.03) * max(0,X11-2.01) - 0.612*max(0,X5-0.942) * max(0,X11-1.36) + 0.594*max(0,X5-0.310) + 0.576*max(0,-0.737-X13) * max(0,X3-1.08) - 0.575*max(0,X7-0.222) - 0.575*max(0,X13+0.0152) + 0.565*max(0,X5-0.942) * max(0,-1.72-X9) - 0.562*max(0,X3-0.391) * max(0,X3-1.08) - 0.545*max(0,X14-0.435) + 0.542*max(0,X1-0.832) + 0.528*max(0,X3-0.391) + 0.525*max(0,X7-2.74) + 0.522*max(0,1.06-X7) + 0.492*max(0,X7-3.57) - 0.487*abs(X12) - 0.486*max(0,0.0533-X11) - 0.485*max(0,0.391-X3) + 0.475*max(0,X12-0.335) - 0.469*max(0,X2-0.233) - 0.459*max(0,-1.06-X12) * max(0,-1.03-X14) + 0.438*max(0,X5-0.942) * max(0,X11-2.01) + 0.437*max(0,X1-1.54) - 0.407*max(0,X11-0.0533) + 0.400*max(0,X11-1.36) - 0.390*max(0,-1.72-X9) - 0.378*max(0,X4-1.57) * max(0,X10-3.31) - 0.373*max(0,0.125-X1) - 0.369*max(0,0.364-X8) + 0.368*max(0,X3-1.08) * max(0,X7-2.74) + 0.365*max(0,-0.737-X13) * max(0,-1.72-X9) - 0.365*abs(X6) + 0.363*max(0,X2-0.967) * max(0,X3-1.78) - 0.359*max(0,-1.61-X4) - 0.358*max(0,-1.03-X14) + 0.357*max(0,-0.321-X5) + 0.351*max(0,X2-0.967) * max(0,X5-1.57) - 0.347*max(0,-0.0152-X13) + 0.346*max(0,X3-1.78) - 0.346*max(0,X5-0.942) + 0.342*max(0,X3-0.391) * max(0,-1.77-X8) - 0.341*max(0,X1-0.125) + 0.340*max(0,-0.737-X13) * max(0,-1.77-X8) + 0.340*max(0,X3-0.391) * max(0,X11-2.01) - 0.334*max(0,X2-0.967) * max(0,X3-0.391) + 0.328*abs(X3) - 0.324*max(0,-0.932-X6) + 0.311*max(0,X11+0.598) - 0.308*max(0,2.87-X13) + 0.307*max(0,1.03-X12) - 0.301*max(0,X13-1.43) + 0.299*max(0,X2-0.967) * max(0,-1.03-X14) + 0.299*max(0,-0.361-X12) * max(0,X11-1.36) - 0.298*max(0,2.77-X6) + 0.286*max(0,-0.0211-X4) + 0.286*max(0,X2-0.967) * max(0,-0.361-X12) + 0.282*max(0,-0.737-X13) * max(0,X11-2.66) - 0.276*max(0,2.03-X6) + 0.271*X11 + 0.271*max(0,X2-0.967) * max(0,-1.06-X12) + 0.261*max(0,X3-1.78) * max(0,-1.03-X14) - 0.258*max(0,-0.361-X12) + 0.246*max(0,X9-1.29) + 0.239*max(0,-0.737-X13) * max(0,X6-2.03) + 0.239*max(0,0.310-X5) - 0.238*max(0,-1.03-X14) * max(0,X7-3.57) - 0.226*max(0,X2-1.70) - 0.222*max(0,1.43-X13) + 0.219*max(0,X6-2.03) + 0.210*max(0,3.57-X7) + 0.197*max(0,-0.361-X12) * max(0,X7-3.57) + 0.196*max(0,-0.361-X12) * max(0,X10-3.31) - 0.192*max(0,X2-0.967) - 0.177*max(0,X5+0.953) - 0.174*max(0,0.772-X4) - 0.171*X8**2 - 0.159*max(0,X7-2.74) * max(0,X11-1.36) - 0.159*max(0,X8+0.349) - 0.158*max(0,X10-3.31) * max(0,X6-2.03) - 0.157*X3**2 + 0.152*max(0,X9-0.286) + 0.148*max(0,-0.715-X9) + 0.143*X14 + 0.142*X0**2 - 0.138*max(0,0.705-X11) + 0.132*max(0,X9+0.715) + 0.125*max(0,0.832-X1) - 0.117*abs(X0) - 0.117*max(0,X3-0.391) * max(0,-1.03-X14) - 0.112*max(0,X11-1.36) * max(0,X7-3.57) - 0.111*max(0,X5-0.942) * max(0,X5-2.20) - 0.110*X4**2 - 0.107*max(0,X7+0.616) - 0.107*max(0,X3-0.391) * max(0,X10-3.31) - 0.104*max(0,-0.814-X4) + 0.0999*X13**2 - 0.0983*abs(X10) + 0.0974*max(0,X6+0.932) + 0.0938*max(0,X6-2.03) * max(0,-1.03-X14) + 0.0914*max(0,X3-1.78) * max(0,X11-2.01) - 0.0898*max(0,X3+1.69) + 0.0896*abs(X4) - 0.0873*max(0,2.01-X11) - 0.0868*X9 - 0.0859*max(0,-0.737-X13) * max(0,X1-2.25) - 0.0849*max(0,X5-1.57) * max(0,X5-2.20) + 0.0818*max(0,-0.616-X7) - 0.0817*max(0,X13-2.87) + 0.0777*max(0,X6-2.03) * max(0,X11-1.36) + 0.0773*max(0,X3-1.08) * max(0,-1.03-X14) - 0.0768*max(0,X4-1.57) * max(0,-0.361-X12) - 0.0760*X7**2 - 0.0746*max(0,X4-0.772) * max(0,X1-2.25) - 0.0622*X5**2 + 0.0617*abs(X5) - 0.0603*max(0,X5-0.942) * max(0,X5-1.57) - 0.0592*max(0,0.286-X9) - 0.0566*max(0,X14+0.296) - 0.0547*X3 + 0.0542*abs(X1) + 0.0532*max(0,1.90-X14) + 0.0480*max(0,X3-1.08) * max(0,-1.72-X9) - 0.0478*max(0,X8-0.364) + 0.0452*max(0,X11-2.01) * max(0,X11-2.66) - 0.0451*max(0,X10-2.67) + 0.0425*max(0,X4-0.772) * max(0,-1.06-X12) - 0.0363*max(0,X7-1.90) * max(0,X1-2.25) + 0.0351*max(0,X6-2.03) * max(0,X7-3.57) + 0.0340*max(0,-0.361-X12) * max(0,X7-2.74) + 0.0326*max(0,-0.582-X1) - 0.0273*max(0,1.29-X6) + 0.0249*max(0,1.40-X10) + 0.0236*max(0,-0.737-X13) * max(0,X3-1.78) + 0.0236*max(0,X2-0.967) * max(0,X7-2.74) + 0.0234*max(0,X3+0.301) + 0.0226*max(0,X3-1.08) * max(0,X6-2.03) + 0.0221*max(0,X0-0.744) + 0.0214*max(0,-1.06-X12) + 0.0212*max(0,2.63-X14) - 0.0208*max(0,1.79-X8) + 0.0201*max(0,X4-1.57) * max(0,-1.03-X14) - 0.0165*X12 + 0.0162*max(0,-0.737-X13) * max(0,X7-2.74) + 0.0153*max(0,X6-2.03) * max(0,X7-2.74) + 0.0149*max(0,1.73-X12) - 0.0144*max(0,3.31-X10) - 0.0139*max(0,0.967-X2) + 0.0129*max(0,-1.77-X8) * max(0,-1.72-X9) + 0.0127*X10 - 0.0111*max(0,0.548-X6) + 0.00939*X10**2 - 0.00912*max(0,X7-2.74) * max(0,X11-2.01) - 0.00895*max(0,X7-2.74) * max(0,X7-3.57) + 0.00871*max(0,X10-0.759) - 0.00868*max(0,X4-0.772) * max(0,X6-2.03) + 0.00830*max(0,X11-1.36) * max(0,X11-2.66) + 0.00764*max(0,X4-1.57) * max(0,X3-1.78) + 0.00744*max(0,X11-1.36) * max(0,X5-1.57) + 0.00742*max(0,X3-0.391) * max(0,-1.72-X9) + 0.00631*X13 + 0.00609*max(0,0.744-X0) + 0.00601*max(0,X3-1.78) * max(0,X11-1.36) + 0.00586*max(0,2.03-X10) - 0.00532*abs(X11) + 0.00518*max(0,X2-0.967) * max(0,X6-2.03) - 0.00503*max(0,X7-1.90) - 0.00430*abs(X9) + 0.00388*max(0,1.70-X2) + 0.00354*max(0,X10-0.122) - 0.00328*X14**2 - 0.00326*X6**2 - 0.00302*max(0,X0-0.162) - 0.00295*max(0,X4-0.772) * max(0,X10-3.31) + 0.00275*max(0,X3-1.78) * max(0,X7-3.57) + 0.00266*max(0,-0.361-X12) * max(0,-1.06-X12) + 0.00184*max(0,X2-0.967) * max(0,X2-2.44) + 0.00179*max(0,X4-0.772) * max(0,X11-2.01) + 0.00159*max(0,-1.77-X8) * max(0,X5-0.942) + 0.00150*max(0,X3-1.08) * max(0,X11-2.01) - 0.00147*max(0,-0.361-X12) * max(0,X5-1.57) + 0.00123*max(0,X4-0.772) * max(0,X11-1.36) - 0.000953*max(0,X12+0.361) + 0.000756*max(0,0.335-X12) - 0.000728*max(0,X14-1.90) * max(0,-1.06-X12) + 0.000686*max(0,X4-2.36) - 0.000588*max(0,X0+1.59) + 0.000532*X6 + 0.000526*max(0,-1.03-X14) * max(0,X11-2.66) + 0.000195*max(0,X4-0.772) * max(0,-0.737-X13) + 0.000141*max(0,X3-1.78) * max(0,X3-0.391) + 8.24e-6*max(0,X7-1.90) * max(0,X3-0.391) + 6.40e-6*max(0,-1.77-X8) * max(0,X3-1.08) + 5.91e-6*max(0,2.42-X12) + 1.47e-6*max(0,X4-1.57) * max(0,X11-2.01) - 6.49e-7*max(0,X0+1.00)"
ffx,feynman_III_10_19,ok,0.996482,0.463182,104,25.7,,-0.00384 + 0.799*X0 + 0.312*X1 + 0.247*X3 + 0.224*X2 - 0.119*abs(X2) + 0.107*X2**2 + 0.106*X3 * X0 + 0.103*X1 * X0 + 0.0828*X2 * X0 + 0.0507*X3**2 + 0.0445*X1**2 - 0.0430*X2 * X1 - 0.0414*abs(X0) + 0.0400*abs(X2) * X0 - 0.0356*X3 * X2 - 0.0348*abs(X3) - 0.0323*X3 * X1 - 0.0319*abs(X3) * X1 + 0.0314*X0**2 - 0.0288*abs(X1) + 0.0281*abs(X2) * X2 + 0.0229*abs(X2) * X3 + 0.0192*abs(X3) * X0 - 0.00971*abs(X2) * X1
ffx,feynman_III_12_43,ok,0.994824,0.061165,641,19.05,,"-0.263 + 5.97*abs(X0) * max(0,X1-1.35) - 5.64*max(0,X1-1.35) * max(0,-0.0644-X0) - 5.08*max(0,X1-1.35) * max(0,X0+0.0644) - 3.15*max(0,X1-1.35) + 2.04*max(0,X1-0.418) * max(0,X1-1.35) + 1.86*X1 * max(0,X1-1.35) + 1.78*max(0,-0.974-X1) * max(0,X0-0.872) + 1.68*max(0,X1-0.882) - 1.52*max(0,X0-1.34) + 1.28*max(0,X1-0.418) * max(0,-0.0644-X0) - 1.19*abs(X1) * max(0,X1-1.35) + 1.16*max(0,X0+0.0644) + 1.11*max(0,X1-0.418) - 1.07*max(0,-0.533-X0) - 1.01*max(0,-0.0644-X0) - 0.988*max(0,X0-0.872) - 0.936*abs(X1) * max(0,X1-0.418) - 0.915*max(0,-0.974-X1) - 0.860*max(0,-1.00-X0) * max(0,-0.0644-X0) - 0.850*abs(X0) * max(0,-0.974-X1) + 0.817*X1 - 0.761*max(0,X1-0.418) * abs(X0) + 0.752*X1 * max(0,X0+0.0644) + 0.696*abs(X1) * max(0,-0.974-X1) + 0.685*max(0,-0.974-X1) * max(0,-0.0644-X0) - 0.569*max(0,X1-1.35) * max(0,X0-0.872) - 0.559*max(0,X1-0.882) * max(0,-0.0644-X0) - 0.537*X1 * max(0,X1-0.418) - 0.519*max(0,X1+0.0460) - 0.518*max(0,-1.00-X0) * max(0,X1-1.35) + 0.498*max(0,-1.00-X0) * max(0,-0.974-X1) + 0.486*abs(X1) * max(0,X0+0.0644) + 0.484*max(0,X1-0.418) * max(0,X0-0.872) + 0.461*max(0,-1.00-X0) + 0.459*abs(X0) * max(0,X0-0.872) + 0.429*X0**2 - 0.426*X1 * abs(X0) + 0.398*max(0,-1.00-X0) * abs(X1) + 0.377*abs(X0) * max(0,-0.0644-X0) - 0.370*abs(X1) * max(0,X0-0.872) - 0.356*max(0,-1.00-X0) * max(0,X1-0.418) - 0.352*abs(X0) + 0.327*max(0,X0+0.0644) * max(0,X0-0.872) + 0.304*max(0,X1-0.418) * max(0,X0+0.0644) + 0.295*X1 * max(0,-0.974-X1) - 0.285*abs(X1) * abs(X0) - 0.253*abs(X0) * max(0,X0+0.0644) + 0.245*max(0,X0+0.0644) * max(0,-0.974-X1) + 0.242*max(0,0.404-X0) + 0.232*max(0,1.34-X0) + 0.224*max(0,-0.0460-X1) + 0.196*max(0,-1.00-X0) * X1 + 0.175*max(0,X1+0.974) - 0.146*max(0,0.872-X0) + 0.137*max(0,-0.510-X1) + 0.122*abs(X1) * max(0,-0.0644-X0) - 0.119*max(0,X0+1.00) + 0.116*max(0,X1-0.882) * max(0,X0-0.872) + 0.101*X1 * max(0,-0.0644-X0) + 0.0899*X1**2 - 0.0870*X1 * max(0,X0-0.872) - 0.0566*X0 + 0.0564*abs(X1) - 0.0467*max(0,0.882-X1) - 0.0464*max(0,-1.00-X0) * abs(X0) - 0.0386*max(0,1.35-X1) + 0.0163*max(0,X0-0.404) - 0.0131*X1 * abs(X1)"
ffx,feynman_III_13_18,ok,0.688576,179.575768,1491,19.74,,"-0.306 + 14.3*max(0,X1-0.283) * max(0,X3-1.27) - 10.1*max(0,X3-1.27) + 9.48*max(0,-0.944-X3) * max(0,-0.576-X1) - 8.27*max(0,X1-0.713) * max(0,X3-1.27) + 5.77*max(0,-0.576-X1) * max(0,X3-1.27) - 5.71*abs(X1) * max(0,X3-1.27) + 5.40*max(0,X3-0.385) * max(0,X3-1.27) - 4.56*max(0,-0.576-X1) * max(0,-0.0581-X3) + 3.99*max(0,X3-1.27) * abs(X3) - 3.80*max(0,-0.576-X1) * max(0,X3-0.385) - 3.68*max(0,-0.944-X3) * abs(X1) - 3.61*max(0,-0.551-X2) + 3.53*max(0,-0.944-X3) + 3.00*max(0,X3-0.385) + 2.90*max(0,X1-0.713) * max(0,X3-0.385) - 2.79*max(0,-1.02-X2) - 2.75*max(0,-0.944-X3) * max(0,-0.146-X1) - 2.42*max(0,X2-0.382) - 2.40*max(0,-0.170-X0) + 2.30*max(0,X1-0.713) * abs(X2) + 2.20*max(0,-0.0581-X3) + 2.16*max(0,-0.576-X1) * abs(X3) - 2.16*max(0,X3-0.385) * max(0,X1-0.283) - 2.13*max(0,X0-0.279) + 2.11*max(0,-0.944-X3) * max(0,X1-0.283) - 2.10*max(0,X2-0.848) - 2.02*max(0,X0-0.727) + 1.95*max(0,-0.576-X1) + 1.94*X2**2 + 1.89*abs(X0) + 1.87*max(0,X1-0.713) * abs(X1) - 1.87*max(0,X1-0.713) + 1.82*max(0,X3-1.27) * max(0,-0.146-X1) - 1.78*max(0,X0-1.18) + 1.73*X0**2 + 1.71*max(0,-0.0846-X2) * max(0,-0.146-X1) - 1.71*max(0,-1.07-X0) - 1.65*abs(X2) * max(0,X3-0.385) + 1.59*max(0,X2+0.0846) - 1.55*max(0,-0.0846-X2) * max(0,-0.0581-X3) - 1.52*max(0,-0.0846-X2) * max(0,X3-1.27) + 1.51*max(0,-1.01-X1) + 1.47*max(0,X1-0.713) * max(0,-0.0581-X3) - 1.46*max(0,-0.944-X3) * max(0,-0.0581-X3) + 1.45*max(0,X3-0.385) * max(0,-0.146-X1) - 1.39*max(0,-0.619-X0) - 1.33*abs(X3) - 1.28*max(0,X0+0.170) - 1.20*max(0,-0.170-X0) * max(0,-0.0581-X3) - 1.18*max(0,-0.170-X0) * max(0,X3+0.0581) + 1.16*max(0,X1-0.283) * max(0,-0.0581-X3) - 1.15*max(0,-0.146-X1) * max(0,X3+0.0581) - 1.12*abs(X1) * max(0,-0.0846-X2) + 1.11*max(0,-0.170-X0) * abs(X3) + 1.10*max(0,X1-0.283) * max(0,X3+0.0581) - 1.07*abs(X1) * max(0,-0.146-X1) - 1.03*max(0,X1-0.713) * max(0,-0.0846-X2) - 0.996*abs(X2) - 0.980*X1**2 + 0.961*abs(X2) * max(0,X3+0.0581) - 0.926*max(0,X2-1.31) - 0.897*max(0,0.279-X0) + 0.876*max(0,-0.576-X1) * abs(X2) + 0.875*max(0,X1-0.283) * max(0,-0.0846-X2) - 0.845*max(0,-0.944-X3) * X3 - 0.834*max(0,-0.170-X0) * max(0,X3-1.27) - 0.830*abs(X2) * max(0,X1-0.283) + 0.825*max(0,-0.501-X3) + 0.815*max(0,-0.0846-X2) * abs(X3) + 0.793*abs(X2) * max(0,-0.0846-X2) - 0.786*X3**2 + 0.785*max(0,-0.146-X1) * abs(X3) - 0.775*abs(X2) * max(0,-0.146-X1) + 0.761*max(0,-0.170-X0) * max(0,-0.146-X1) + 0.747*abs(X2) * max(0,X3-1.27) - 0.694*max(0,X1-0.283) * abs(X3) + 0.682*max(0,-0.146-X1) - 0.652*max(0,-0.576-X1) * max(0,-0.0846-X2) + 0.649*max(0,X1-0.713) * max(0,X3+0.0581) + 0.607*max(0,X3-0.385) * max(0,-0.0846-X2) + 0.598*max(0,-0.170-X0) * X3 - 0.584*max(0,-0.0846-X2) * max(0,X3+0.0581) - 0.581*max(0,X1-0.283) * abs(X1) + 0.580*max(0,-0.944-X3) * max(0,-0.170-X0) + 0.579*max(0,0.283-X1) - 0.555*max(0,-0.576-X1) * max(0,X3+0.0581) + 0.540*max(0,X3-0.828) + 0.540*abs(X1) + 0.539*X0 + 0.532*X1 - 0.524*max(0,X3-0.385) * X3 - 0.521*max(0,X1-0.713) * abs(X3) - 0.504*max(0,-0.944-X3) * abs(X2) + 0.494*max(0,0.727-X0) - 0.490*max(0,1.14-X1) + 0.447*max(0,-0.944-X3) * max(0,-0.0846-X2) - 0.426*max(0,-0.170-X0) * max(0,X3-0.385) - 0.400*max(0,0.385-X3) + 0.399*max(0,-0.146-X1) * max(0,-0.0581-X3) - 0.384*max(0,X3-1.27) * X3 + 0.361*X3 * max(0,-0.0581-X3) + 0.360*abs(X3) * max(0,-0.0581-X3) + 0.357*abs(X2) * max(0,-0.0581-X3) - 0.354*max(0,X1-0.283) * X3 - 0.338*max(0,-0.170-X0) * max(0,X1-0.283) + 0.326*abs(X1) * abs(X3) - 0.306*max(0,X1-0.713) * X3 + 0.288*max(0,X1-0.283) + 0.283*max(0,0.828-X3) + 0.266*max(0,0.382-X2) + 0.262*max(0,-0.170-X0) * max(0,-0.0846-X2) + 0.258*abs(X1) * X3 - 0.255*max(0,-0.170-X0) * max(0,-0.576-X1) - 0.246*max(0,1.27-X3) - 0.244*max(0,X2+0.551) + 0.220*max(0,-0.576-X1) * max(0,-0.146-X1) - 0.210*max(0,-0.0846-X2) * X3 + 0.195*max(0,-0.576-X1) * X3 - 0.190*X3 + 0.188*max(0,X1+0.576) - 0.187*max(0,-0.170-X0) * abs(X2) - 0.187*abs(X2) * abs(X3) - 0.179*max(0,X1-1.14) - 0.158*max(0,X3+0.944) - 0.158*abs(X1) * max(0,X3+0.0581) + 0.142*max(0,X1-0.713) * max(0,X1-0.283) - 0.133*max(0,X3-1.27) * max(0,X3+0.0581) - 0.129*max(0,-0.170-X0) * abs(X1) + 0.127*max(0,X2+1.02) + 0.126*max(0,X3+0.0581) * abs(X3) + 0.112*max(0,X1+0.146) + 0.103*abs(X1) * max(0,-0.0581-X3) - 0.103*max(0,1.18-X0) - 0.101*X3 * max(0,-0.146-X1) + 0.0954*max(0,X1+1.01) + 0.0790*max(0,-0.944-X3) * abs(X3) + 0.0725*X3 * abs(X3) - 0.0714*X2 + 0.0671*X3 * max(0,X3+0.0581) + 0.0612*max(0,-0.576-X1) * abs(X1) - 0.0597*abs(X2) * X3 - 0.0407*max(0,0.848-X2) + 0.0384*max(0,X3+0.0581) - 0.0309*max(0,X3-0.385) * abs(X1) - 0.0297*abs(X2) * abs(X1) + 0.0288*max(0,X3-0.385) * abs(X3) + 0.0267*max(0,1.31-X2) - 0.0155*max(0,0.713-X1) + 0.00525*max(0,X3-0.385) * max(0,X3+0.0581) + 0.00293*max(0,-0.0846-X2)"
ffx,feynman_III_14_14,ok,0.664971,4.915956,678,13.8,,"-0.638 + 33.1*max(0,-1.09-X3) * max(0,X1-1.27) + 16.1*max(0,X2-1.16) * max(0,X1-1.27) - 8.46*max(0,X1-0.836) * max(0,-1.09-X3) - 2.85*max(0,X0-0.402) * max(0,X1-1.27) + 2.52*max(0,0.291-X4) * max(0,X2-1.16) + 2.18*max(0,X3-1.20) * max(0,X1-1.27) - 2.11*max(0,X1-0.836) * max(0,X2-1.16) + 1.62*max(0,0.285-X3) * max(0,X1-1.27) + 1.25*max(0,-1.09-X3) * max(0,X2-1.16) - 1.19*max(0,X1-0.836) + 1.17*max(0,X0-0.402) * max(0,X1-0.836) + 1.13*max(0,X1+0.911) * max(0,-1.09-X3) + 1.11*max(0,-1.09-X3) + 1.01*max(0,X1-1.27) - 0.950*max(0,0.285-X3) * max(0,X2-1.16) + 0.878*max(0,X2-1.16) - 0.805*max(0,-1.09-X3) * max(0,0.285-X3) + 0.692*max(0,X0-0.402) * max(0,-1.09-X3) - 0.681*max(0,0.291-X4) * max(0,X1-1.27) - 0.641*max(0,1.37-X0) * max(0,X2-1.16) + 0.564*max(0,X1+0.911) * max(0,X2-1.16) - 0.488*max(0,1.37-X0) * max(0,X1-1.27) + 0.488*max(0,0.291-X4) * max(0,X1-0.836) + 0.461*max(0,X1-0.836) * max(0,X1-1.27) + 0.412*max(0,X1+0.911) * max(0,X1-0.836) + 0.361*max(0,0.751-X4) + 0.340*max(0,0.291-X4) * max(0,X0-0.402) + 0.322*max(0,0.285-X3) + 0.291*max(0,X2+1.05) - 0.289*max(0,X2-0.279) - 0.285*max(0,0.291-X4) - 0.267*max(0,X3-0.742) - 0.239*max(0,X0-0.402) * max(0,X2-1.16) + 0.238*max(0,X3-1.20) * max(0,X2-1.16) - 0.238*max(0,X1+0.911) * max(0,X1-1.27) + 0.224*max(0,X1+0.911) - 0.213*max(0,X1-0.836) * max(0,0.285-X3) + 0.161*max(0,0.291-X4) * max(0,-1.09-X3) + 0.157*max(0,-1.09-X4) - 0.144*max(0,1.37-X0) * max(0,0.285-X3) - 0.141*max(0,-0.0810-X0) + 0.140*max(0,0.291-X4) * max(0,0.285-X3) + 0.131*max(0,X3-1.20) - 0.129*max(0,1.37-X0) * max(0,-1.09-X3) + 0.127*max(0,X1+0.911) * max(0,0.285-X3) + 0.107*max(0,1.37-X0) * max(0,X0-0.402) + 0.0875*max(0,X0-0.402) * max(0,0.285-X3) - 0.0844*max(0,1.37-X0) * max(0,X1+0.911) + 0.0739*max(0,1.37-X0) * max(0,X1-0.836) - 0.0724*max(0,X0+1.05) - 0.0591*max(0,1.37-X0) - 0.0583*max(0,X1+0.911) * max(0,X0-0.402) + 0.0554*max(0,X1+0.911) * max(0,0.291-X4) + 0.0501*max(0,X1+0.0373) - 0.0478*max(0,1.37-X0) * max(0,0.291-X4) - 0.0421*max(0,X4-1.21) - 0.0336*max(0,X0-0.402) - 0.0292*max(0,0.722-X2)"
ffx,feynman_III_15_12,ok,-0.077492,5.595749,1141,26.55,,"-1.48 + 55.6*max(0,X1-1.34) * max(0,X2-0.843) + 52.0*max(0,X2-0.843) * max(0,-0.141-X1) - 41.3*max(0,X2-0.843) * abs(X1) + 35.2*max(0,X2-0.843) * max(0,X1+0.141) + 32.4*max(0,X1-1.34) * max(0,-0.0361-X2) - 27.3*max(0,0.404-X2) * max(0,X1-1.34) - 22.6*max(0,-0.141-X1) * max(0,X2+0.0361) - 20.5*max(0,X1-1.34) * abs(X2) + 17.7*abs(X1) * abs(X2) - 16.0*max(0,X1+0.141) * max(0,X2+0.0361) + 13.0*max(0,0.404-X2) * max(0,X2+0.0361) - 12.0*max(0,X1-1.34) * X2 + 11.4*max(0,X1-1.34) * abs(X1) - 10.1*max(0,X2+0.0361) - 10.1*max(0,-0.141-X1) * max(0,-0.0361-X2) - 10.0*max(0,X1+0.141) * max(0,-0.0361-X2) + 9.18*max(0,X1+0.141) + 8.73*max(0,X0-0.361) * max(0,-0.0361-X2) + 7.87*abs(X0) * max(0,-0.141-X1) + 7.67*max(0,-0.141-X1) + 6.98*max(0,X1+0.141) * abs(X0) + 5.93*abs(X1) * X2 - 5.81*abs(X1) * max(0,X2+0.0361) - 5.72*abs(X1) * abs(X0) - 5.25*max(0,X2-0.843) * X2 + 5.05*max(0,X2-0.843) * max(0,X0-0.361) + 4.92*max(0,-0.105-X0) * abs(X2) + 4.44*max(0,X0-0.361) + 4.30*abs(X2) - 4.18*max(0,0.404-X2) * max(0,X0-0.361) + 4.16*max(0,X2-1.28) - 4.07*abs(X1) - 3.87*max(0,0.404-X2) * max(0,-0.0361-X2) - 3.73*max(0,-0.105-X0) * max(0,-0.141-X1) - 3.67*max(0,X1-1.34) - 3.65*max(0,0.404-X2) * abs(X0) + 3.65*max(0,X0+0.105) * abs(X2) - 3.64*max(0,0.404-X2) * abs(X1) - 3.58*max(0,-0.105-X0) * max(0,X1+0.141) - 3.52*max(0,X2-0.843) - 3.37*abs(X0) * max(0,-0.0361-X2) + 3.36*max(0,X2-0.404) - 3.32*abs(X0) * max(0,X2+0.0361) + 3.22*max(0,-1.13-X1) + 3.16*max(0,-0.915-X2) + 2.77*X2 + 2.39*max(0,-0.105-X0) * max(0,-0.0361-X2) + 2.28*max(0,X1-1.34) * max(0,X0-0.361) + 2.26*max(0,X1-0.846) + 2.22*max(0,-0.105-X0) * abs(X1) - 2.18*X1 + 2.13*max(0,X1-1.34) * abs(X0) + 2.07*max(0,-0.476-X2) + 2.00*max(0,X2-0.843) * max(0,-0.105-X0) - 1.95*X2 * abs(X0) + 1.94*X2 * max(0,X2+0.0361) - 1.88*max(0,-0.105-X0) * max(0,X2+0.0361) - 1.87*max(0,0.404-X2) * max(0,-0.141-X1) + 1.87*max(0,X2-0.843) * abs(X2) + 1.83*max(0,-0.105-X0) * X2 + 1.78*max(0,X2+0.476) + 1.69*max(0,0.404-X2) * abs(X2) + 1.68*X2 * abs(X2) - 1.66*max(0,X0-0.361) * max(0,X1+0.141) + 1.62*max(0,X0-1.29) - 1.49*max(0,-1.04-X0) + 1.45*abs(X2) * max(0,-0.0361-X2) + 1.41*max(0,0.404-X2) * max(0,X1+0.141) - 1.41*max(0,-0.105-X0) - 1.39*max(0,X0-0.361) * abs(X0) - 1.33*max(0,-0.635-X1) - 1.29*max(0,X0-0.361) * abs(X2) - 1.29*X2 * max(0,-0.141-X1) + 1.27*max(0,0.404-X2) - 1.20*max(0,X1+0.141) * abs(X1) + 1.19*max(0,0.352-X1) - 1.17*max(0,-0.0361-X2) - 1.16*max(0,-0.570-X0) + 1.10*X0**2 - 1.08*abs(X1) * max(0,-0.141-X1) - 0.948*X1**2 - 0.927*abs(X0) + 0.913*max(0,X1-1.34) * max(0,-0.105-X0) - 0.910*max(0,X2-0.843) * abs(X0) - 0.825*max(0,X0-0.361) * abs(X1) + 0.798*abs(X1) * max(0,-0.0361-X2) - 0.794*max(0,X2+0.0361) * abs(X2) + 0.597*max(0,-0.105-X0) * abs(X0) - 0.538*X2**2 - 0.527*max(0,1.34-X1) - 0.524*max(0,0.404-X2) * X2 - 0.482*max(0,X0+0.570) + 0.458*max(0,X1-1.34) * max(0,X1+0.141) + 0.431*max(0,X0-0.361) * max(0,-0.141-X1) + 0.430*max(0,0.843-X2) + 0.424*max(0,0.404-X2) * max(0,-0.105-X0) - 0.411*max(0,X1+0.141) * abs(X2) - 0.404*max(0,X0-0.361) * max(0,X2+0.0361) + 0.373*max(0,X0-0.361) * X2 + 0.357*max(0,X1+0.141) * X2 - 0.356*X2 * max(0,-0.0361-X2) - 0.333*abs(X0) * abs(X2) - 0.278*max(0,X2+0.915) + 0.271*max(0,X0+0.105) * max(0,-0.0361-X2) - 0.223*max(0,X1+0.635) + 0.198*max(0,0.827-X0) + 0.195*max(0,0.846-X1) - 0.194*max(0,X0+1.04) + 0.188*max(0,1.28-X2) - 0.183*max(0,-0.141-X1) * abs(X2) + 0.175*max(0,0.361-X0) + 0.171*max(0,X1-0.352) - 0.117*max(0,X0+0.105) + 0.105*max(0,X0-0.827) + 0.101*max(0,X1+1.13) - 0.0956*max(0,X1-1.34) * max(0,X2+0.0361) + 0.0612*max(0,X0+0.105) * max(0,X2+0.0361) + 0.0483*max(0,1.29-X0) + 0.00342*X0"
ffx,feynman_III_15_14,ok,-0.325249,0.011327,328,9.15,,"0.257 + 8.78*max(0,-1.06-X1) * max(0,-1.07-X2) + 5.89*max(0,-0.898-X0) * max(0,X1-1.25) + 5.38*max(0,X0-0.785) * max(0,-1.07-X2) + 3.81*max(0,-1.07-X2) - 2.40*max(0,-0.898-X0) * max(0,-1.06-X1) + 2.06*max(0,X0-0.785) * max(0,-1.06-X1) - 1.66*max(0,1.21-X0) * max(0,X0-0.785) - 1.15*max(0,1.21-X0) * max(0,-1.07-X2) - 1.13*max(0,X1+0.599) * max(0,-1.07-X2) + 1.07*max(0,-0.898-X0) - 0.862*max(0,-0.898-X0) * max(0,-1.07-X2) + 0.487*max(0,X1-1.25) - 0.451*max(0,X1-1.25) * max(0,-1.07-X2) - 0.339*max(0,-0.898-X0) * max(0,1.21-X0) - 0.331*max(0,X1+0.599) * max(0,X1-1.25) + 0.321*max(0,X1-1.25) * max(0,X0-0.785) + 0.268*max(0,1.21-X0) * max(0,X1-1.25) - 0.215*max(0,1.21-X0) + 0.181*max(0,1.21-X0) * max(0,-1.06-X1) - 0.169*max(0,X1+0.599) - 0.126*max(0,X2+0.620) - 0.0761*max(0,-1.06-X1) + 0.0730*max(0,X1+0.599) * max(0,1.21-X0) - 0.0686*max(0,X1+0.599) * max(0,X0-0.785) - 0.0324*max(0,0.286-X2) - 0.0321*max(0,0.327-X1) + 0.0228*max(0,X0-0.785)"
ffx,feynman_III_15_27,ok,-0.446264,3.805416,63,21.25,,(-0.305 - 0.401*X1 - 0.389*X2 + 0.370*X0 + 0.0641*X1**2 + 0.0615*X2**2 - 0.0576*X1 * X2 - 0.0566*X0**2 - 0.000229*X1 + 3.62e-5*X1**2) / (1.0 + 0.204*X2 + 0.202*X1 - 0.120*X0 - 0.0758*X2**2 + 0.0748*X1 * X2 - 0.0629*X1**2 - 0.0106*X0**2 + 0.000115*X1 - 3.18e-5*X1**2)
ffx,feynman_III_17_37,ok,0.370569,3.501474,835,14.62,,"-2.09 - 42.8*max(0,X2-1.33) * max(0,X1-1.20) + 25.8*max(0,X0-0.747) * max(0,X2-1.33) + 17.1*max(0,X1-1.20) * max(0,X2-0.873) - 16.2*max(0,X0-0.747) * max(0,X2-0.873) - 12.8*max(0,X0-0.320) * max(0,X2-1.33) + 9.01*max(0,X0-0.320) * max(0,X2-0.873) - 8.67*max(0,X0-0.747) * max(0,X1-1.20) + 6.21*max(0,X0-0.747) * max(0,X1-0.745) - 5.93*max(0,X1-0.287) * max(0,X1-1.20) + 4.89*max(0,X0-0.747) * max(0,X2+0.0475) + 4.79*max(0,X0-0.320) * max(0,X1-1.20) - 4.28*max(0,X2+0.0475) * max(0,X1-1.20) + 3.94*max(0,X1-1.20) * max(0,X1-0.745) + 3.88*max(0,X1-0.287) * max(0,X1-0.745) - 3.49*max(0,X0-0.320) * max(0,X1-0.745) + 2.84*max(0,X1-1.20) + 2.77*max(0,0.287-X1) + 2.76*max(0,X2-1.33) + 2.52*max(0,-0.968-X2) + 2.49*max(0,-0.508-X2) - 2.26*max(0,X1-0.745) * max(0,-0.0475-X2) - 2.24*max(0,X0-0.747) + 2.23*max(0,-0.0475-X2) - 2.18*max(0,X1-0.287) + 2.11*max(0,-0.107-X0) * max(0,X2-1.33) + 2.08*max(0,X1-0.287) * max(0,-0.0475-X2) + 2.02*max(0,X1-0.287) * max(0,X2-1.33) + 2.01*max(0,X2+0.0475) * max(0,X2-0.873) - 1.98*max(0,-0.107-X0) * max(0,X1-0.745) + 1.90*max(0,-1.09-X1) - 1.63*max(0,X2-0.873) - 1.63*max(0,X2-1.33) * max(0,X2+0.0475) + 1.62*max(0,X2-0.412) - 1.61*max(0,X0-0.320) * max(0,X2+0.0475) - 1.61*X2 * max(0,X2-1.33) - 1.53*X1**2 - 1.39*X2 * max(0,X0-0.747) + 1.39*max(0,X1+0.630) - 1.33*max(0,X1-0.287) * max(0,X0-0.747) - 1.21*X2**2 + 1.18*max(0,-0.107-X0) * max(0,X1-0.287) - 1.13*max(0,X1-0.287) * max(0,X2-0.873) - 1.12*max(0,-0.107-X0) * max(0,-0.0475-X2) + 1.12*max(0,X2-1.33) * max(0,X2-0.873) + 1.09*X2 * max(0,-0.0475-X2) - 0.973*max(0,X1-1.20) * max(0,-0.0475-X2) + 0.972*max(0,X1-0.287) * max(0,X2+0.0475) - 0.962*X2 * max(0,X1-1.20) - 0.961*max(0,X1-0.745) + 0.910*X1 + 0.866*max(0,X0-1.17) + 0.855*max(0,-0.172-X1) - 0.848*max(0,-0.107-X0) * max(0,X2-0.873) + 0.809*max(0,X2+0.0475) + 0.754*max(0,-0.107-X0) + 0.720*max(0,-0.107-X0) * max(0,X1-1.20) + 0.681*max(0,X1-0.287) * max(0,X0-0.320) - 0.646*max(0,1.33-X2) + 0.644*max(0,X2-1.33) * max(0,X1-0.745) + 0.642*max(0,X0-0.320) * max(0,-0.0475-X2) - 0.637*max(0,X0-0.747) * max(0,-0.0475-X2) - 0.569*X2 * max(0,X1-0.745) - 0.493*max(0,-0.534-X0) + 0.429*max(0,X1-0.745) * max(0,X2-0.873) + 0.414*X2 * max(0,X2-0.873) - 0.351*max(0,-0.107-X0) * max(0,X2+0.0475) + 0.351*max(0,X0-0.320) * max(0,X0-0.747) + 0.334*max(0,X2+0.0475) * max(0,X1-0.745) + 0.321*max(0,0.873-X2) - 0.234*X2 + 0.189*max(0,X0-0.320) * X2 + 0.173*max(0,0.412-X2) + 0.168*max(0,X0-0.320) + 0.157*max(0,X1-0.287) * X2 - 0.144*max(0,-0.107-X0) * X2 + 0.140*max(0,0.320-X0) + 0.0955*max(0,-0.961-X0) + 0.0430*max(0,X0-1.17) * max(0,X2-0.873) - 0.0393*X2 * max(0,X2+0.0475) + 0.0340*max(0,X2+0.508) - 0.00945*max(0,X1+0.172) + 0.00802*max(0,X0+0.107)"
ffx,feynman_III_19_51,ok,-1.648582,1.788751,1933,24.2,,"-0.0619 + 47.3*max(0,X1-0.311) * max(0,-1.06-X2) + 46.7*max(0,-1.06-X2) * max(0,-0.100-X4) - 43.9*max(0,-1.10-X4) * max(0,-1.06-X2) + 26.1*max(0,-1.10-X4) * max(0,-0.578-X2) + 20.8*max(0,X4+0.100) * max(0,-1.06-X2) - 19.7*abs(X4) * max(0,-1.06-X2) + 19.5*max(0,-1.10-X4) * max(0,-1.16-X0) + 15.8*max(0,-1.09-X1) * max(0,-1.16-X0) - 14.5*max(0,-0.970-X3) * max(0,-1.10-X4) - 11.7*max(0,-0.157-X1) * max(0,-1.16-X0) - 11.4*max(0,-1.06-X2) - 11.2*max(0,X1+0.157) * max(0,-1.06-X2) - 10.4*max(0,-1.06-X2) * abs(X1) + 10.3*max(0,-1.06-X2) * max(0,-0.600-X4) - 9.81*X1 * max(0,-1.06-X2) - 8.76*max(0,-0.578-X2) * max(0,-0.100-X4) - 8.71*max(0,-0.578-X2) * max(0,-0.600-X4) - 7.21*max(0,X1-0.311) * max(0,-0.578-X2) - 7.02*max(0,-1.16-X0) * max(0,-1.06-X2) + 6.64*max(0,-0.100-X4) * max(0,-0.705-X0) + 5.95*max(0,-0.970-X3) * max(0,-0.100-X4) - 5.61*max(0,-1.10-X4) * max(0,-0.705-X0) - 5.24*max(0,-0.970-X3) * max(0,-1.06-X2) + 4.77*max(0,-1.16-X0) * abs(X1) - 4.58*max(0,X1-0.311) * max(0,-0.600-X4) - 4.54*max(0,X1-0.311) * max(0,-0.705-X0) - 4.34*max(0,-1.16-X0) * max(0,-0.100-X4) + 4.04*max(0,-0.578-X2) * max(0,-1.06-X2) - 4.03*max(0,X1+0.157) * max(0,-1.16-X0) + 3.88*max(0,-1.09-X1) * max(0,-1.06-X2) + 3.78*max(0,X4+0.100) * max(0,-0.970-X3) - 3.74*max(0,-1.06-X2) * max(0,-0.705-X0) + 3.43*max(0,-0.157-X1) * max(0,-1.06-X2) - 3.42*abs(X4) * max(0,-0.970-X3) - 3.32*max(0,-1.16-X0) * max(0,-0.600-X4) - 3.27*max(0,-1.09-X1) * max(0,-0.705-X0) + 3.02*max(0,-0.578-X2) * max(0,-0.705-X0) + 2.93*max(0,-1.09-X1) * max(0,-0.100-X4) + 2.87*max(0,X4+0.100) * max(0,-0.705-X0) + 2.86*max(0,-0.578-X2) - 2.79*X1 * max(0,-1.16-X0) - 2.77*max(0,-0.705-X0) - 2.76*max(0,-1.10-X4) * max(0,-0.157-X1) - 2.72*max(0,X1-0.779) - 2.58*max(0,-0.600-X4) * max(0,-0.705-X0) - 2.47*max(0,-1.10-X4) + 2.44*abs(X1) * max(0,-0.705-X0) + 2.43*max(0,-1.10-X4) * abs(X1) - 2.38*max(0,-0.970-X3) * max(0,-0.600-X4) - 2.28*max(0,-0.625-X1) - 2.18*max(0,-1.09-X1) * max(0,-0.600-X4) - 2.12*abs(X4) * max(0,-0.705-X0) + 2.10*max(0,-0.970-X3) * max(0,-0.578-X2) + 2.05*max(0,-1.10-X4) * max(0,X1-0.311) + 1.98*max(0,X1-0.311) * max(0,-1.16-X0) - 1.93*abs(X4) * max(0,-1.09-X1) + 1.89*max(0,X1+0.157) * max(0,-0.578-X2) - 1.82*max(0,-1.10-X4) * max(0,-0.600-X4) + 1.79*max(0,X1-0.311) * max(0,-0.100-X4) + 1.75*max(0,-1.09-X1) * max(0,X4+0.100) - 1.74*max(0,X1+0.157) * max(0,-1.10-X4) + 1.55*max(0,-1.16-X0) + 1.48*max(0,-1.09-X1) * max(0,-1.10-X4) + 1.32*max(0,X3-0.877) - 1.27*max(0,-0.157-X1) * max(0,-0.705-X0) + 1.23*max(0,-0.157-X1) * abs(X1) - 1.21*abs(X1) + 1.18*max(0,-0.600-X4) - 1.17*max(0,X0-0.672) + 1.14*abs(X4) * max(0,-1.10-X4) + 1.07*max(0,X1+0.157) * max(0,-0.705-X0) - 1.07*max(0,X2-1.35) + 1.01*max(0,-1.10-X4) * max(0,-0.100-X4) + 1.01*X1 * max(0,-0.578-X2) + 1.01*max(0,-0.970-X3) * max(0,-1.16-X0) + 0.994*abs(X3) - 0.950*max(0,-1.09-X1) * max(0,-0.970-X3) + 0.930*max(0,X3-1.34) - 0.928*max(0,X4+0.100) * max(0,-1.16-X0) - 0.918*max(0,-0.157-X1) * max(0,-0.578-X2) + 0.917*max(0,X4-0.898) + 0.901*X0**2 + 0.900*max(0,-1.16-X0) * max(0,-0.578-X2) - 0.875*X3**2 - 0.860*abs(X1) * max(0,-0.100-X4) + 0.813*X1 * max(0,-1.09-X1) - 0.804*max(0,-0.157-X1) * max(0,-0.100-X4) + 0.794*max(0,-1.09-X1) * max(0,-0.578-X2) + 0.792*X1**2 + 0.742*max(0,X1-0.311) * abs(X1) + 0.741*X1 * max(0,X4+0.100) - 0.692*X4**2 + 0.679*max(0,-0.970-X3) * max(0,-0.705-X0) - 0.664*X1 * abs(X4) - 0.652*max(0,-0.970-X3) * abs(X1) + 0.639*max(0,-0.509-X3) - 0.636*X1 * max(0,-1.10-X4) + 0.630*max(0,X1+0.157) * max(0,-0.600-X4) + 0.628*abs(X4) * abs(X1) - 0.585*max(0,X2-0.865) + 0.579*X1 * max(0,-0.705-X0) + 0.576*max(0,0.779-X1) - 0.576*abs(X4) * max(0,-0.578-X2) - 0.575*abs(X4) * max(0,X1-0.311) + 0.569*max(0,-0.600-X4) * abs(X1) - 0.568*max(0,-0.0466-X3) + 0.561*abs(X4) * max(0,-0.600-X4) + 0.547*X2**2 + 0.546*max(0,X1+0.157) * max(0,-0.100-X4) - 0.533*abs(X0) - 0.531*max(0,0.311-X1) - 0.529*abs(X4) * max(0,-0.100-X4) - 0.527*max(0,-0.970-X3) * max(0,X1-0.311) - 0.526*max(0,-1.16-X0) * max(0,-0.705-X0) - 0.522*max(0,-0.0968-X2) - 0.500*max(0,X2-0.384) + 0.461*max(0,-0.970-X3) * max(0,-0.157-X1) - 0.447*max(0,X4+0.100) + 0.443*X1 * max(0,-0.100-X4) - 0.440*max(0,X4+0.100) * abs(X1) + 0.427*max(0,-0.157-X1) + 0.413*max(0,-0.970-X3) + 0.397*abs(X4) - 0.382*X1 * max(0,-0.970-X3) + 0.341*max(0,X1+0.157) * max(0,X4+0.100) + 0.341*max(0,X1+0.157) * max(0,-0.970-X3) + 0.313*X1 * max(0,-0.157-X1) + 0.310*X1 * max(0,X1-0.311) - 0.297*max(0,X1-0.311) + 0.295*abs(X4) * max(0,X4+0.100) - 0.288*max(0,X4+0.100) * max(0,-0.578-X2) + 0.277*X0 + 0.258*max(0,-0.600-X4) * max(0,-0.100-X4) + 0.253*max(0,X1+0.157) - 0.248*abs(X4) * max(0,-1.16-X0) + 0.246*max(0,0.384-X2) - 0.242*max(0,X0+0.705) - 0.225*max(0,X3-0.415) - 0.218*max(0,X0+0.246) + 0.202*max(0,1.25-X1) + 0.198*X1 - 0.183*X3 + 0.180*max(0,X3+0.970) - 0.164*max(0,X3+0.0466) + 0.163*max(0,X1+0.157) * max(0,X1-0.311) + 0.146*X2 - 0.138*max(0,X0-1.13) + 0.136*abs(X4) * max(0,-0.157-X1) + 0.133*max(0,X4+0.600) - 0.131*max(0,-0.246-X0) - 0.125*max(0,-1.09-X1) * max(0,-0.157-X1) - 0.123*abs(X2) - 0.122*max(0,X1-1.25) - 0.107*max(0,-0.157-X1) * max(0,-0.600-X4) + 0.0976*max(0,X4+0.100) * max(0,X1-0.311) - 0.0921*max(0,X2+1.06) - 0.0818*X4 + 0.0771*max(0,-0.100-X4) - 0.0734*X1 * max(0,-0.600-X4) + 0.0725*max(0,X4-1.40) + 0.0629*max(0,X2+0.578) - 0.0586*X1 * abs(X1) - 0.0541*max(0,-1.09-X1) * abs(X1) + 0.0521*max(0,X2+0.0968) - 0.0508*max(0,X1+0.157) * abs(X1) - 0.0375*max(0,1.40-X4) - 0.0301*max(0,-1.09-X1) - 0.0285*max(0,-0.578-X2) * abs(X1) - 0.0186*max(0,X4+1.10) - 0.0158*max(0,X4+0.100) * max(0,-0.157-X1) + 0.0133*max(0,X0-0.213) + 0.00873*max(0,X4-0.399) + 0.00520*max(0,0.399-X4) - 0.00274*max(0,1.35-X2) + 0.00129*max(0,X0+1.16) - 8.18e-5*max(0,0.213-X0)"
ffx,feynman_III_21_20,ok,0.98986,1.158529,95,11.19,,(0.258 - 0.282*X1 - 0.251*X0 - 0.249*X2 + 0.239*X3 - 0.0922*X3**2 + 0.0718*X1**2 - 0.0572*X0 * X2 + 0.0538*X2 * X3 + 0.0356*X0 * X3 - 0.0198*X2**2 + 0.00989*X0**2 + 0.000520*X3 - 0.000183*X3**2) / (1.0 - 0.213*X1 - 0.116*X3**2 + 0.0995*X3 - 0.0939*X0 - 0.0776*X2 - 0.0400*X0 * X3 + 0.0391*X1**2 - 0.0349*X2 * X3 + 0.0342*X0 * X2 - 0.0283*X0**2 - 0.00544*X2**2 + 0.000258*X3 - 0.000228*X3**2)
ffx,feynman_III_4_32,ok,0.626039,3.569293,1497,23.41,,"-1.63 + 43.5*max(0,X2-1.23) * max(0,-1.14-X0) - 33.0*max(0,X1-1.25) * max(0,-1.14-X0) - 31.3*max(0,-0.652-X0) * max(0,X2-1.23) - 27.0*max(0,X2-0.794) * max(0,-1.14-X0) - 26.5*max(0,X1-1.25) * max(0,-1.04-X3) + 22.5*max(0,X1-1.25) * max(0,-0.652-X0) + 22.1*max(0,X2-0.794) * max(0,X0-1.30) + 20.9*max(0,X2-0.794) * max(0,-1.04-X3) - 17.9*max(0,X1-1.25) * max(0,X0-1.30) - 14.6*max(0,X2-1.23) * max(0,X0-1.30) + 14.2*max(0,-0.652-X0) * max(0,X2-0.794) - 14.1*max(0,X2-1.23) + 12.0*max(0,X1-1.25) * max(0,X2-1.23) + 11.4*max(0,X2-1.23) * max(0,-0.164-X0) + 11.3*max(0,X1-1.25) * max(0,-0.575-X3) + 10.7*max(0,X0-0.811) * max(0,X0-1.30) + 10.6*max(0,-1.14-X0) * max(0,-0.133-X1) - 10.4*max(0,X2-0.358) * max(0,-1.04-X3) - 10.1*max(0,X0-1.30) - 9.72*max(0,X2-0.358) * max(0,X0-1.30) - 9.66*max(0,X0-1.30) * max(0,-1.04-X3) + 9.54*max(0,X2-0.794) * max(0,X2-1.23) + 8.77*max(0,X2-1.23) * max(0,-0.133-X1) - 7.27*max(0,-1.14-X0) * max(0,-1.04-X3) + 7.25*max(0,X1+0.133) * max(0,X2-1.23) - 6.54*max(0,X1-1.25) * max(0,X2-0.794) + 6.44*max(0,X1-1.25) * max(0,X0-0.811) + 6.38*max(0,X0-1.30) * max(0,-0.133-X1) + 6.34*X1 * max(0,X0-1.30) + 5.93*max(0,X2-0.358) * max(0,-1.14-X0) - 5.83*max(0,X2-0.794) * max(0,-0.133-X1) - 5.44*max(0,X1-1.25) * max(0,-0.164-X0) - 5.01*max(0,X2-0.794) * max(0,-0.575-X3) - 4.76*max(0,X2-1.23) * max(0,-0.575-X3) + 4.54*max(0,X2-0.794) - 4.35*max(0,X2-0.794) * max(0,-0.164-X0) + 3.96*max(0,X1+0.133) * max(0,-1.14-X0) + 3.81*max(0,-0.164-X0) * max(0,-1.04-X3) - 3.79*max(0,X2-1.23) * abs(X1) - 3.69*abs(X1) * max(0,-1.14-X0) - 3.59*max(0,X0-0.811) * max(0,X2-1.23) + 3.53*max(0,-0.652-X0) * max(0,-0.575-X3) - 3.21*max(0,-0.164-X0) * max(0,-0.575-X3) - 3.10*max(0,X2-0.794) * max(0,X1+0.133) + 2.88*max(0,X1-1.25) + 2.69*max(0,X2-0.358) * max(0,-0.575-X3) - 2.64*max(0,-1.14-X0) - 2.48*max(0,X1+0.133) * max(0,X0-1.30) + 2.06*abs(X1) * max(0,X0-1.30) + 2.06*max(0,X2-0.358) * max(0,-0.133-X1) + 1.92*max(0,X1+0.133) * max(0,-1.04-X3) - 1.89*max(0,-0.652-X0) * abs(X1) + 1.80*max(0,X2-1.23) * max(0,-1.04-X3) + 1.78*X1 * max(0,-1.14-X0) + 1.74*max(0,-0.652-X0) * max(0,-1.14-X0) - 1.72*X1 * max(0,X2-1.23) + 1.71*max(0,X1+0.133) - 1.60*max(0,-0.652-X0) * max(0,-1.04-X3) + 1.58*max(0,-0.575-X3) - 1.50*max(0,X1+0.133) * max(0,-0.164-X0) + 1.44*max(0,X2-0.794) * abs(X1) + 1.39*max(0,-0.164-X0) - 1.30*max(0,-1.04-X3) * max(0,-0.575-X3) - 1.28*max(0,X1-0.786) + 1.26*max(0,-0.164-X0) * abs(X1) - 1.25*max(0,X1-1.25) * abs(X1) - 1.24*max(0,X1+0.133) * max(0,X0-0.811) - 1.22*max(0,-0.652-X0) + 1.15*max(0,-1.04-X3) * max(0,-0.133-X1) - 1.06*abs(X1) * max(0,-0.575-X3) + 0.989*max(0,-0.652-X0) * max(0,X1+0.133) + 0.984*max(0,-1.05-X1) + 0.983*max(0,X0-0.811) * max(0,-1.04-X3) + 0.918*X1 * max(0,X2-0.794) + 0.876*max(0,X2+0.0775) - 0.847*max(0,-0.652-X0) * max(0,-0.133-X1) + 0.834*max(0,-1.14-X0) * max(0,-0.575-X3) + 0.825*X1 * max(0,-1.04-X3) + 0.820*abs(X1) * max(0,-1.04-X3) + 0.782*max(0,-0.0775-X2) - 0.764*max(0,-0.592-X1) - 0.759*abs(X1) + 0.717*max(0,X0-0.811) - 0.690*abs(X2) + 0.662*max(0,-0.133-X1) - 0.660*max(0,X2-0.358) - 0.645*max(0,X0-0.811) * max(0,-0.133-X1) - 0.624*abs(X0) - 0.602*max(0,-0.110-X3) - 0.594*max(0,-0.652-X0) * X1 + 0.581*abs(X3) - 0.503*max(0,-1.04-X3) - 0.492*X1 - 0.470*max(0,-0.164-X0) * max(0,-0.133-X1) - 0.444*max(0,X1+0.133) * max(0,-0.575-X3) + 0.438*max(0,X1-1.25) * X1 + 0.435*max(0,X0+0.164) + 0.403*max(0,X3-0.820) - 0.387*max(0,X0-0.324) - 0.381*X3**2 - 0.371*max(0,-0.513-X2) + 0.364*max(0,0.786-X1) + 0.344*max(0,0.327-X1) + 0.322*max(0,0.355-X3) + 0.321*X1 * max(0,-0.575-X3) - 0.314*max(0,0.358-X2) - 0.297*X2 + 0.293*max(0,-0.575-X3) * max(0,-0.133-X1) - 0.273*X1**2 - 0.233*max(0,X3-1.29) + 0.224*X0**2 + 0.221*max(0,0.324-X0) - 0.218*X1 * abs(X1) + 0.197*max(0,-0.949-X2) + 0.197*max(0,X2-0.794) * max(0,X0-0.811) + 0.184*X1 * max(0,X1+0.133) + 0.171*max(0,X0-1.30) * max(0,-0.575-X3) + 0.156*max(0,-0.652-X0) * max(0,-0.164-X0) + 0.146*abs(X1) * max(0,-0.133-X1) + 0.145*max(0,X1+0.592) + 0.137*X3 - 0.134*X0 + 0.119*max(0,X3+0.575) + 0.113*max(0,X2+0.949) + 0.109*max(0,X1+1.05) + 0.108*max(0,X1-0.327) - 0.0996*max(0,X0-0.811) * abs(X1) + 0.0976*max(0,X3-0.355) + 0.0956*max(0,-0.164-X0) * max(0,-1.14-X0) + 0.0875*max(0,X0+0.652) + 0.0737*X1 * max(0,-0.133-X1) + 0.0732*max(0,X3+0.110) - 0.0696*X2**2 + 0.0639*max(0,X0-0.811) * max(0,-0.575-X3) + 0.0570*X1 * max(0,X0-0.811) + 0.0413*max(0,X1+0.133) * abs(X1) + 0.0398*max(0,X0+1.14) + 0.0371*X1 * max(0,-0.164-X0) + 0.0325*max(0,X1-1.25) * max(0,X1+0.133) - 0.0256*max(0,1.25-X1) - 0.0167*max(0,1.30-X0) + 0.00227*max(0,0.794-X2)"
ffx,feynman_III_4_33,ok,0.963629,0.933772,1334,20.87,,"-0.105 - 10.5*max(0,-1.15-X3) * max(0,X1-0.751) + 9.89*max(0,X1-1.22) * max(0,-0.961-X0) + 9.43*max(0,-1.15-X3) * max(0,X1-1.22) + 7.34*max(0,-0.674-X3) * max(0,X1-0.751) - 6.13*max(0,X2-1.00) * max(0,X1-1.22) - 5.09*max(0,X0-1.34) * max(0,X1-0.751) + 5.02*max(0,X1-0.286) * max(0,-1.15-X3) - 4.70*max(0,-0.961-X0) * max(0,X1-0.751) - 4.37*max(0,X2-1.00) * max(0,X0-1.34) - 3.82*max(0,X2-1.00) * max(0,-0.500-X0) + 3.51*max(0,X0-0.883) * max(0,-1.15-X3) - 3.27*max(0,X1-0.286) * max(0,-0.674-X3) + 3.09*max(0,X1-0.286) * max(0,X0-1.34) + 2.80*max(0,X1-0.286) * max(0,-0.961-X0) - 2.71*max(0,X1-0.286) * max(0,-0.500-X0) + 2.54*max(0,-0.674-X3) * max(0,X0-1.34) + 2.49*max(0,-0.961-X0) * max(0,-0.500-X0) + 2.46*max(0,X1-0.751) * max(0,-0.500-X0) - 2.44*max(0,-0.674-X3) * max(0,-0.961-X0) + 2.41*max(0,-1.15-X3) * max(0,-0.961-X0) - 2.31*max(0,X0-0.883) * max(0,X1-0.751) + 2.18*max(0,X2-1.00) * max(0,-0.0390-X0) + 2.07*max(0,-1.15-X3) * max(0,-0.500-X0) - 2.05*max(0,-0.961-X0) - 1.99*max(0,-1.15-X3) + 1.84*max(0,X2-1.00) * max(0,X1-0.751) + 1.83*X2 * max(0,X1-1.22) - 1.79*max(0,X0-1.34) * max(0,-1.15-X3) + 1.67*max(0,X0-0.883) * max(0,X1-1.22) - 1.50*max(0,X1-1.22) * max(0,-0.500-X0) + 1.46*max(0,X1-1.22) + 1.45*X3 * max(0,X1-0.751) - 1.39*max(0,-0.0390-X0) * max(0,-1.15-X3) + 1.37*max(0,X0-0.883) * max(0,X0-1.34) - 1.27*max(0,-0.674-X3) * max(0,X0-0.883) - 1.26*max(0,X1-0.751) + 1.26*max(0,X2-1.00) * max(0,X0-0.883) - 1.02*max(0,X3-0.764) + 0.997*max(0,X1-0.286) * max(0,-0.0390-X0) + 0.941*max(0,X2-1.00) * max(0,-0.961-X0) + 0.933*X2 + 0.915*max(0,X2-1.00) - 0.901*X3 * max(0,-0.961-X0) - 0.893*max(0,X0-0.422) * max(0,X0-1.34) - 0.870*max(0,-0.0390-X0) * max(0,X1-1.22) + 0.845*max(0,X0-0.422) * max(0,X1-0.751) + 0.816*max(0,X2-1.49) - 0.801*max(0,-0.674-X3) * max(0,-0.500-X0) - 0.767*X3 * max(0,-1.15-X3) - 0.763*max(0,X0-0.422) * max(0,-0.674-X3) + 0.732*X3 * max(0,X0-1.34) - 0.712*X3 * max(0,X1-1.22) - 0.711*max(0,X1-0.286) * max(0,X2-1.00) - 0.706*max(0,-0.0390-X0) * max(0,-0.961-X0) - 0.635*max(0,-0.674-X3) * max(0,-1.15-X3) - 0.629*max(0,X2-1.00) * X2 + 0.624*max(0,-0.674-X3) * max(0,-0.0390-X0) - 0.619*X2 * max(0,X1-0.751) - 0.575*max(0,X1-0.286) * X3 + 0.569*max(0,-0.674-X3) + 0.545*max(0,X2-1.00) * max(0,-1.15-X3) - 0.532*max(0,X1-1.22) * max(0,X1-0.751) + 0.493*X3**2 + 0.437*max(0,-0.674-X3) * max(0,X1-1.22) + 0.424*X3 * max(0,-0.500-X0) - 0.421*max(0,0.285-X3) + 0.411*X3 - 0.406*max(0,-0.195-X3) + 0.351*max(0,X0-1.34) * max(0,X1-1.22) + 0.347*max(0,X1-0.286) + 0.338*max(0,-0.674-X3) * X3 - 0.327*max(0,X0-1.34) + 0.320*max(0,X1-0.286) * max(0,X0-0.883) + 0.309*max(0,X3-0.285) - 0.275*max(0,X3+0.195) + 0.270*max(0,X1-0.286) * max(0,X1-1.22) + 0.268*max(0,-0.500-X0) - 0.258*X2 * max(0,-1.15-X3) - 0.243*max(0,X0-0.422) * max(0,X1-1.22) - 0.236*max(0,X0-0.883) * X3 - 0.229*max(0,X0-0.422) * max(0,X0-0.883) + 0.213*X3 * X2 + 0.207*max(0,X0+0.500) + 0.205*max(0,-0.458-X2) - 0.202*max(0,X0-0.422) + 0.173*max(0,0.286-X1) + 0.169*max(0,X0-0.883) * X2 + 0.168*X0**2 - 0.168*max(0,-0.0390-X0) * max(0,X1-0.751) + 0.168*max(0,0.883-X0) - 0.156*max(0,X0-0.422) * X2 + 0.149*max(0,X1-0.286) * X2 - 0.148*max(0,-0.0390-X0) - 0.142*max(0,0.751-X1) - 0.133*max(0,X1-0.286) * max(0,X1-0.751) - 0.130*max(0,X0-0.422) * X3 + 0.130*max(0,0.514-X2) + 0.128*X2 * max(0,-0.961-X0) - 0.123*X3 * max(0,-0.0390-X0) - 0.120*max(0,X0-0.422) * max(0,-1.15-X3) - 0.0956*max(0,X2-0.0283) - 0.0911*max(0,-0.0390-X0) * max(0,-0.500-X0) + 0.0712*max(0,0.764-X3) + 0.0709*max(0,-0.944-X2) - 0.0696*X2**2 - 0.0633*max(0,-0.674-X3) * X2 - 0.0632*max(0,X1+1.11) - 0.0517*max(0,X0+0.0390) + 0.0517*max(0,-1.11-X1) + 0.0506*max(0,X3+0.674) - 0.0454*max(0,X2-1.00) * max(0,-0.674-X3) - 0.0453*max(0,X3-1.24) + 0.0451*max(0,X2-1.00) * X3 - 0.0419*max(0,-0.643-X1) + 0.0365*X2 * max(0,X0-1.34) - 0.0290*X2 * max(0,-0.0390-X0) - 0.0262*max(0,X1+0.179) - 0.0256*max(0,1.00-X2) + 0.0227*max(0,0.0283-X2) + 0.0182*max(0,X2-0.514) - 0.0157*max(0,X0-0.883) - 0.00894*max(0,X0+0.961) - 0.00718*max(0,1.22-X1) + 0.00482*X2 * max(0,-0.500-X0) - 0.00257*max(0,0.422-X0) + 0.00168*max(0,X3+1.15) + 0.00115*max(0,X2+0.458) - 0.000256*max(0,-0.179-X1)"
ffx,feynman_III_7_38,ok,0.980374,5.792476,61,14.46,,-0.181 + 0.361*X2**2 + 0.322*X0 + 0.313*X1 - 0.299*abs(X2) * X2 - 0.233*X1 * X2 - 0.191*X2 - 0.189*X0 * X2 + 0.181*X0 * X1 + 0.171*X1 * abs(X2) - 0.162*abs(X2) + 0.133*X0 * abs(X2) - 0.0390*abs(X1) - 0.0214*X0**2 + 0.0200*X1**2
ffx,feynman_III_8_54,ok,-0.916281,0.526557,1008,19.95,,"3.34 - 77.9*max(0,X1-1.35) * max(0,X0-1.25) + 74.3*max(0,X1-1.35) * max(0,X0-0.780) - 68.5*max(0,X0-0.315) * max(0,X1-1.35) + 60.9*max(0,X1-1.35) * max(0,-0.615-X0) - 43.3*max(0,X1-1.35) * max(0,-0.150-X0) + 42.8*max(0,X1-0.906) * max(0,X0-1.25) - 39.4*max(0,X0-0.780) * max(0,X1-0.906) - 37.5*max(0,X0-0.780) * max(0,X0-1.25) - 36.6*max(0,X2-0.841) * max(0,-0.150-X0) + 28.1*X0 * max(0,X0-1.25) + 27.2*max(0,X0-0.315) * max(0,X1-0.906) + 26.7*max(0,-1.08-X0) * max(0,X1-0.906) + 26.7*max(0,X2-0.841) * max(0,-0.615-X0) - 23.7*max(0,X0-0.315) * max(0,X2-0.841) + 21.9*max(0,X2-0.841) * abs(X0) - 19.7*abs(X0) * max(0,X0-1.25) - 17.5*max(0,-1.08-X0) * max(0,X1-0.462) + 17.4*max(0,X1-1.35) * abs(X0) + 15.6*max(0,X1-1.35) * max(0,X0+0.150) - 15.4*max(0,X1-1.35) * max(0,-1.08-X0) - 15.2*max(0,X1-0.906) * max(0,-0.150-X0) + 14.7*max(0,X1-0.462) * max(0,-0.615-X0) + 14.3*max(0,X0-0.315) * max(0,X1-0.462) - 13.8*max(0,X2-0.841) * max(0,-1.08-X0) - 13.7*max(0,X0-0.315) * max(0,X0-0.780) + 10.4*max(0,-1.08-X0) + 9.84*max(0,X2-0.841) * max(0,X0-0.780) + 9.68*max(0,X2-0.841) * max(0,X0-1.25) - 9.07*max(0,X0-0.315) - 8.22*X0 * max(0,X1-0.906) - 7.60*max(0,-0.615-X0) * max(0,X1-0.906) + 7.54*X0**2 - 7.46*max(0,X1-1.35) - 6.85*max(0,-0.615-X0) - 6.55*max(0,X2-0.841) * max(0,X0+0.150) + 6.52*max(0,X0+0.150) * max(0,X0-1.25) - 5.92*max(0,X1-0.462) * abs(X0) + 5.77*max(0,X2-1.31) - 5.64*max(0,X2-0.841) * max(0,X1-1.35) - 5.46*max(0,X0-0.315) * max(0,X0-1.25) - 4.93*abs(X0) * max(0,-0.615-X0) - 4.86*max(0,X0+0.150) * max(0,X1-0.462) + 4.53*max(0,-0.150-X0) + 4.50*max(0,X0-1.25) - 4.47*max(0,X0-0.315) * max(0,X0+0.150) + 4.43*X0 * max(0,-0.615-X0) + 4.37*max(0,X1-0.462) - 4.24*max(0,X1-0.462) * max(0,X1-0.906) - 4.18*max(0,-0.615-X0) * max(0,-0.150-X0) - 3.65*abs(X0) + 3.52*max(0,X0-0.780) * abs(X0) + 3.31*max(0,X1-0.906) + 3.29*max(0,X0+0.150) * abs(X0) + 3.26*abs(X0) * max(0,-0.150-X0) - 3.26*max(0,X0+0.150) + 3.22*X0 + 3.20*max(0,-1.08-X0) * max(0,-0.150-X0) + 2.95*X0 * max(0,X0+0.150) - 2.60*max(0,0.315-X0) + 2.41*max(0,X0+0.150) * max(0,X1-0.906) + 2.22*max(0,X1-1.35) * max(0,X1-0.906) - 2.19*max(0,-1.08-X0) * max(0,-0.615-X0) + 2.01*max(0,X1-1.35) * max(0,X1-0.462) - 1.91*X0 * max(0,X1-0.462) + 1.90*max(0,X2-0.841) * max(0,X1-0.906) - 1.82*max(0,-1.08-X0) * abs(X0) + 1.78*max(0,-0.572-X2) + 1.77*max(0,0.0187-X1) + 1.76*max(0,-1.04-X2) - 1.74*abs(X0) * max(0,X1-0.906) - 1.73*max(0,X0-0.780) * max(0,X1-0.462) + 1.70*max(0,0.462-X1) + 1.52*max(0,-0.868-X1) - 1.46*X0 * max(0,-0.150-X0) - 1.30*abs(X1) + 1.16*max(0,X0-0.315) * abs(X0) - 1.15*max(0,X0+1.08) + 1.08*max(0,X1-0.0187) + 1.05*max(0,X2-0.370) - 1.05*X2**2 - 1.02*max(0,0.906-X1) - 0.838*max(0,X2+0.101) - 0.818*X1**2 - 0.745*max(0,0.841-X2) - 0.623*max(0,X0-0.780) + 0.584*max(0,X0-0.780) * max(0,X0+0.150) + 0.583*X0 * abs(X0) + 0.529*max(0,0.370-X2) + 0.462*max(0,0.780-X0) - 0.394*max(0,-0.101-X2) - 0.387*max(0,-0.425-X1) - 0.341*max(0,X2-0.841) + 0.330*max(0,X2-0.841) * max(0,X1-0.462) + 0.316*X1 + 0.229*abs(X2) - 0.202*max(0,1.25-X0) - 0.197*max(0,X0+0.615) + 0.175*X2 - 0.169*max(0,X2+0.572) - 0.107*max(0,X1-0.462) * max(0,-0.150-X0) + 0.0401*max(0,X1+0.425) - 0.00295*max(0,X1-0.462) * max(0,X0-1.25)"
ffx,feynman_III_9_52,ok,-1.270226,25.42541,2560,43.2,,"3.65 + 69.3*max(0,X5-1.18) * max(0,X0-0.950) + 42.6*max(0,X5-1.18) * max(0,-0.980-X4) + 40.1*max(0,-1.07-X2) * max(0,-0.980-X4) - 31.0*max(0,-0.836-X0) * max(0,-0.980-X4) - 30.3*max(0,X5-1.18) * max(0,-0.527-X4) - 29.9*max(0,-0.625-X2) * max(0,-0.980-X4) - 26.7*max(0,-1.07-X2) * max(0,X5-1.18) + 26.3*max(0,-0.836-X0) * max(0,-0.527-X4) + 24.4*max(0,X5-1.18) * max(0,-0.625-X2) - 23.9*max(0,X1-0.769) * max(0,X0-0.950) - 23.5*max(0,-1.07-X2) * max(0,-0.0969-X1) - 22.4*max(0,X0-0.504) * max(0,X5-1.18) - 22.1*max(0,X0-0.504) * max(0,-0.980-X4) + 22.1*max(0,X1-0.769) * max(0,-0.980-X4) + 21.4*max(0,0.0574-X0) * max(0,-0.980-X4) + 21.3*max(0,X0-0.950) * max(0,-0.980-X4) - 20.5*max(0,X0-0.0574) * max(0,X5-1.18) - 19.9*max(0,-0.389-X0) * max(0,-0.980-X4) - 19.4*max(0,-1.07-X2) * max(0,X0-0.950) - 16.3*max(0,-0.530-X1) * max(0,-0.980-X4) - 16.2*max(0,X1-0.769) * max(0,-0.527-X4) + 16.1*max(0,X1-0.336) * max(0,-0.527-X4) - 15.7*max(0,X1-0.336) * max(0,-0.980-X4) + 15.4*max(0,-0.836-X0) * max(0,X1-0.336) + 14.9*max(0,-1.07-X2) * max(0,-0.625-X2) + 14.7*max(0,X1-0.769) + 14.4*max(0,-0.625-X2) * max(0,-0.0969-X1) - 13.7*max(0,-1.07-X2) * max(0,-0.527-X4) + 13.7*max(0,-0.389-X0) * max(0,-0.0969-X1) + 13.6*max(0,-1.07-X2) * max(0,X0-0.504) + 13.2*max(0,X0-0.0574) * max(0,-0.980-X4) - 13.1*max(0,-0.530-X1) * max(0,-0.625-X2) + 12.3*max(0,X0-0.0574) * max(0,X1-0.769) + 11.9*max(0,-0.530-X1) * max(0,X0-0.504) - 11.8*max(0,-0.530-X1) * max(0,X5-1.18) + 11.7*max(0,-0.625-X2) * max(0,-0.527-X4) + 11.4*max(0,X5-1.18) - 11.1*max(0,-0.836-X0) * abs(X1) + 10.5*max(0,X5-1.18) * abs(X1) + 10.2*max(0,-0.389-X0) * max(0,X5-1.18) - 9.90*max(0,-1.07-X2) * max(0,-0.389-X0) - 9.81*max(0,X5-1.18) * max(0,0.0574-X0) - 9.79*max(0,X1-0.769) * max(0,-0.625-X2) + 8.71*max(0,0.0574-X0) * max(0,-0.625-X2) - 8.66*max(0,-0.389-X0) * max(0,-0.527-X4) + 8.46*max(0,-0.530-X1) * max(0,-1.07-X2) - 8.46*max(0,X5-1.18) * max(0,-0.0969-X1) - 8.35*max(0,X0-0.950) * max(0,-0.0969-X1) - 7.77*max(0,X0-0.0574) * max(0,-0.530-X1) + 7.29*max(0,-0.530-X1) * max(0,X0-0.950) - 7.13*max(0,-0.497-X3) - 6.91*max(0,X2-0.710) * max(0,X0-0.950) - 6.90*max(0,-0.530-X1) * max(0,X2-0.710) + 6.82*max(0,X0-0.0574) * max(0,-1.07-X2) - 6.72*max(0,-0.836-X0) * max(0,X1+0.0969) - 6.62*max(0,-1.07-X2) * max(0,0.0574-X0) - 6.40*max(0,-0.389-X0) * abs(X1) + 6.39*max(0,X0-0.504) * max(0,X0-0.950) - 6.29*max(0,-0.530-X1) * max(0,-0.389-X0) + 6.25*max(0,-1.12-X5) - 6.20*max(0,-0.180-X2) - 5.91*max(0,-0.527-X4) - 5.84*max(0,X5-1.18) * max(0,X1-0.336) + 5.80*max(0,-0.389-X0) * max(0,X1+0.0969) + 5.78*max(0,-0.389-X0) * max(0,X2-0.710) - 5.74*max(0,-0.836-X0) * max(0,X2-0.710) + 5.65*max(0,X0-0.0574) * max(0,X1-0.336) - 5.61*max(0,-1.07-X2) - 5.61*X1 * max(0,X5-1.18) + 5.60*max(0,-0.530-X1) * max(0,0.0574-X0) + 5.55*max(0,-0.625-X2) + 5.47*max(0,X1-0.336) * max(0,X0-0.950) - 5.47*max(0,-0.0969-X1) + 5.42*abs(X3) + 5.39*max(0,X3-1.29) - 5.32*max(0,-1.07-X2) * max(0,X1-0.336) - 5.25*max(0,X0-0.0574) + 5.06*max(0,-0.662-X5) - 5.02*max(0,X0-0.504) * max(0,-0.625-X2) - 4.98*max(0,X3+0.0502) + 4.94*max(0,-0.980-X4) * max(0,-0.0969-X1) + 4.93*max(0,X0-0.504) * max(0,-0.527-X4) + 4.85*max(0,X1+0.0969) * max(0,-0.980-X4) + 4.82*X1 * max(0,X0-0.950) - 4.79*max(0,X1+0.0969) * max(0,-0.527-X4) - 4.69*max(0,X1-0.769) * abs(X1) - 4.50*max(0,X0-0.950) * max(0,-0.527-X4) + 4.47*max(0,-0.836-X0) + 4.31*max(0,X0-0.504) * max(0,X2-0.710) - 4.30*max(0,X0-0.0574) * max(0,X2-0.710) + 4.26*max(0,-0.625-X2) * max(0,X0-0.950) + 4.25*abs(X2) - 4.11*max(0,X0-0.0574) * max(0,X0-0.950) - 4.04*max(0,X3-0.843) - 3.94*max(0,-0.527-X4) * max(0,-0.0969-X1) + 3.93*max(0,X0-0.504) * max(0,-0.0969-X1) - 3.93*abs(X1) - 3.84*max(0,X0-0.504) * abs(X1) - 3.79*X5**2 + 3.72*max(0,X2-0.710) * max(0,-0.980-X4) - 3.71*max(0,X0-0.504) * max(0,X1-0.336) - 3.60*X1 - 3.57*X2**2 + 3.57*max(0,X2-1.15) - 3.51*max(0,0.0574-X0) * max(0,-0.0969-X1) + 3.49*max(0,X2-0.265) - 3.35*X1 * max(0,X1-0.769) + 3.21*max(0,X2-0.710) * max(0,-0.0969-X1) - 3.21*max(0,X0-0.0574) * X1 + 3.17*max(0,-0.625-X2) * abs(X1) - 3.15*max(0,-0.836-X0) * max(0,-0.625-X2) - 3.11*max(0,0.0574-X0) + 3.09*max(0,X5-0.721) - 3.02*max(0,-0.201-X5) - 2.92*max(0,X0-0.0574) * max(0,-0.527-X4) - 2.84*max(0,-0.963-X1) + 2.82*abs(X1) * max(0,-0.0969-X1) - 2.73*max(0,X0-0.504) * max(0,X1+0.0969) - 2.68*max(0,X0-0.0574) * max(0,-0.625-X2) + 2.66*max(0,X5-1.18) * max(0,X2-0.710) - 2.59*max(0,X2+0.180) + 2.50*max(0,0.0574-X0) * abs(X1) + 2.49*X0**2 + 2.47*max(0,-0.944-X3) - 2.41*max(0,X0-0.504) * max(0,X1-0.769) + 2.25*max(0,X2-0.710) * max(0,X1+0.0969) - 2.19*max(0,0.0574-X0) * max(0,X2-0.710) - 2.19*max(0,X0-0.950) * max(0,X1+0.0969) - 2.14*X1 * max(0,-0.980-X4) + 2.13*max(0,-0.527-X4) * max(0,-0.980-X4) + 2.05*max(0,0.260-X5) + 2.03*max(0,X0-0.0574) * abs(X1) + 2.01*max(0,X0-0.0574) * max(0,X1+0.0969) + 2.00*X1 * max(0,0.0574-X0) - 1.94*max(0,X1-0.769) * max(0,X1-0.336) + 1.93*max(0,0.769-X1) + 1.91*max(0,0.0574-X0) * max(0,X1+0.0969) + 1.86*abs(X5) + 1.84*max(0,-0.530-X1) * max(0,-0.527-X4) - 1.84*max(0,0.397-X3) + 1.76*max(0,-0.389-X0) - 1.75*max(0,-0.389-X0) * max(0,0.0574-X0) - 1.71*X1 * max(0,-0.527-X4) - 1.65*max(0,X4-0.380) - 1.57*max(0,0.336-X1) - 1.52*max(0,X3-0.397) + 1.51*max(0,-0.527-X4) * abs(X1) + 1.47*max(0,X1-0.769) * max(0,X1+0.0969) - 1.36*max(0,-0.389-X0) * X1 + 1.31*X2 + 1.31*max(0,X2-0.710) * abs(X1) - 1.31*max(0,X2-0.710) + 1.30*max(0,X1-0.336) * abs(X1) - 1.29*max(0,0.843-X3) + 1.25*X0 - 1.19*max(0,X1-0.336) * max(0,X1+0.0969) - 1.17*max(0,-0.530-X1) * X1 + 1.16*max(0,X1-0.336) * max(0,-0.625-X2) + 1.15*max(0,-1.07-X2) * abs(X1) - 1.09*X1 * max(0,X2-0.710) + 1.07*max(0,X1-0.336) + 1.05*max(0,-0.980-X4) + 1.05*max(0,0.834-X4) - 1.04*max(0,X0-0.0574) * max(0,-0.0969-X1) - 1.01*max(0,0.0574-X0) * max(0,X1-0.769) - 0.985*max(0,1.20-X1) + 0.982*abs(X4) - 0.970*max(0,-0.389-X0) * max(0,X1-0.336) + 0.916*X3**2 + 0.913*max(0,-0.530-X1) - 0.909*max(0,X2+1.07) + 0.903*max(0,X0-0.504) * X1 + 0.886*max(0,-0.0502-X3) + 0.854*max(0,X4-1.29) + 0.806*max(0,-0.980-X4) * abs(X1) + 0.793*max(0,X5+0.201) + 0.787*max(0,X0-0.0574) * max(0,X0-0.504) - 0.774*max(0,X1-0.336) * max(0,X2-0.710) - 0.715*max(0,X1+0.963) - 0.679*max(0,-1.07-X2) * X1 - 0.676*max(0,0.0574-X0) * max(0,-0.527-X4) + 0.640*max(0,X0+0.836) + 0.627*max(0,X5+0.662) + 0.615*X1 * max(0,X1+0.0969) + 0.593*X1 * max(0,-0.625-X2) - 0.582*max(0,0.265-X2) + 0.551*max(0,-1.07-X2) * max(0,X1+0.0969) + 0.543*max(0,X4+0.980) - 0.539*abs(X0) + 0.476*max(0,-0.625-X2) * max(0,X1+0.0969) - 0.446*max(0,-0.530-X1) * max(0,-0.0969-X1) - 0.446*max(0,-0.0731-X4) + 0.445*max(0,0.721-X5) + 0.434*X1 * max(0,X1-0.336) - 0.430*max(0,X5+1.12) + 0.428*max(0,X1+0.0969) - 0.425*max(0,0.0574-X0) * max(0,X1-0.336) - 0.419*max(0,X2+0.625) + 0.400*max(0,1.29-X4) - 0.391*max(0,X0+0.389) - 0.389*max(0,-0.389-X0) * max(0,-0.625-X2) - 0.386*max(0,X1-1.20) - 0.376*X1**2 + 0.374*max(0,-0.836-X0) * max(0,-0.0969-X1) + 0.367*max(0,X0-0.950) * abs(X1) + 0.364*X5 - 0.361*max(0,X3+0.497) + 0.361*max(0,X5-1.18) * max(0,X1+0.0969) - 0.339*max(0,X1+0.0969) * abs(X1) - 0.336*max(0,X4+0.0731) + 0.324*max(0,X1+0.530) - 0.315*max(0,X3+0.944) + 0.307*X1 * abs(X1) + 0.294*max(0,X5-0.260) - 0.279*max(0,-0.530-X1) * abs(X1) - 0.265*max(0,-0.389-X0) * max(0,X1-0.769) + 0.252*X4 + 0.239*max(0,X1-0.769) * max(0,X2-0.710) + 0.232*max(0,1.29-X3) - 0.230*max(0,X0-0.504) - 0.228*max(0,X5-1.18) * max(0,X1-0.769) - 0.200*max(0,0.504-X0) - 0.194*max(0,X0-0.950) - 0.183*max(0,X0-1.40) - 0.156*max(0,X4-0.834) + 0.150*max(0,1.40-X0) + 0.137*X3 - 0.120*X1 * max(0,-0.0969-X1) + 0.107*max(0,0.380-X4) + 0.0895*max(0,X4+0.527) - 0.0825*max(0,1.15-X2) + 0.0812*max(0,0.950-X0) + 0.0807*X4**2 - 0.0683*max(0,0.710-X2) + 0.0524*max(0,1.18-X5) + 0.0457*max(0,-1.07-X2) * max(0,X1-0.769) + 0.00660*max(0,X2-0.710) * max(0,-0.527-X4)"
ffx,feynman_II_10_9,ok,0.990723,0.021545,539,11.9,,"0.564 + 14.5*max(0,-1.05-X2) * max(0,-1.07-X1) - 7.99*max(0,-1.05-X2) * max(0,-0.602-X1) - 6.66*max(0,-0.591-X2) * max(0,-1.07-X1) + 4.31*max(0,-0.602-X1) * max(0,-0.591-X2) + 2.70*max(0,-0.602-X1) * max(0,-1.07-X1) - 2.06*max(0,-1.05-X2) * X2 - 1.43*max(0,-0.602-X1) + 1.37*max(0,-0.591-X2) + 1.29*X2 * max(0,-0.591-X2) - 1.18*max(0,-1.05-X2) * max(0,-0.591-X2) - 0.971*max(0,0.119-X0) * max(0,-0.591-X2) - 0.898*X2 + 0.840*max(0,1.25-X1) * max(0,-0.602-X1) - 0.651*max(0,-1.07-X1) - 0.575*max(0,1.25-X1) * max(0,-1.07-X1) + 0.529*max(0,-1.05-X2) * max(0,0.119-X0) - 0.505*max(0,-1.05-X2) * max(0,1.57-X0) - 0.452*X2 * max(0,-1.07-X1) - 0.434*max(0,0.119-X0) * max(0,-1.07-X1) + 0.428*max(0,-0.138-X1) - 0.422*max(0,-1.05-X2) + 0.401*max(0,1.57-X0) * max(0,-0.591-X2) + 0.393*max(0,1.25-X1) * max(0,-1.05-X2) - 0.348*max(0,-0.131-X2) - 0.346*max(0,1.25-X2) + 0.333*max(0,0.790-X1) - 0.291*max(0,1.57-X0) - 0.285*max(0,0.119-X0) * max(0,-0.602-X1) + 0.199*X2 * max(0,1.57-X0) - 0.187*X2 * max(0,0.119-X0) + 0.183*X2**2 - 0.181*max(0,1.25-X1) * max(0,1.57-X0) + 0.171*max(0,X0-1.08) - 0.158*max(0,1.25-X1) * max(0,-0.591-X2) - 0.151*X1 - 0.109*max(0,1.57-X0) * max(0,-1.07-X1) - 0.105*max(0,1.25-X1) * X2 - 0.0903*X1**2 + 0.0726*max(0,1.25-X1) * max(0,0.119-X0) - 0.0697*max(0,1.57-X0) * max(0,-0.602-X1) + 0.0510*max(0,1.25-X1) + 0.0509*max(0,-0.845-X0) + 0.0470*max(0,0.119-X0) + 0.0466*X2 * max(0,-0.602-X1) - 0.00266*max(0,0.119-X0) * max(0,1.57-X0)"
ffx,feynman_II_11_20,ok,-25.44916,23.514411,1232,37.85,,"-0.271 + 158*max(0,X0-1.22) * max(0,X2-1.30) - 91.4*max(0,X1-1.18) * max(0,X0-1.22) + 70.3*max(0,-1.08-X3) * max(0,X2-1.30) + 62.4*max(0,X0-1.22) * max(0,-1.08-X3) - 56.3*max(0,-0.614-X3) * max(0,X2-1.30) - 47.3*max(0,X2-0.859) * max(0,-1.08-X3) - 35.8*max(0,X0-0.338) * max(0,-1.08-X3) + 28.0*max(0,-0.614-X3) * max(0,X2-0.859) + 28.0*max(0,X0+0.101) * max(0,-1.08-X3) + 26.5*max(0,X1-1.18) * max(0,X0-0.338) + 26.1*max(0,X0-0.338) * max(0,X3-1.23) - 24.4*max(0,X1-1.18) * max(0,-1.08-X3) + 21.2*max(0,X1-1.18) * max(0,X4-0.965) - 21.1*max(0,X0-1.22) * max(0,X2-0.859) - 20.0*max(0,X0+0.101) * max(0,X2-1.30) - 17.9*max(0,X1-1.18) * max(0,X0+0.101) + 16.9*max(0,-0.152-X3) * max(0,X2-1.30) - 15.7*max(0,X0-1.22) * max(0,-0.614-X3) - 13.6*max(0,X0-1.22) * max(0,X3-0.773) - 12.9*max(0,X0+0.101) * max(0,X3-1.23) + 11.6*max(0,X0+0.101) * max(0,X2-0.859) - 10.9*max(0,X1-1.18) * max(0,X3-1.23) - 10.2*max(0,X0-0.338) * max(0,X2-0.859) + 10.1*max(0,X2-0.422) * max(0,-1.08-X3) - 9.34*max(0,-0.152-X3) * max(0,X0-1.22) - 8.82*max(0,-1.08-X3) + 8.66*max(0,X0-0.338) * max(0,X2-1.30) - 8.21*max(0,X4-0.965) * max(0,-0.614-X3) + 6.63*max(0,X2-1.30) + 6.45*max(0,X3-1.23) * max(0,X2-0.859) + 6.37*max(0,-0.152-X3) * max(0,-1.08-X3) + 5.70*max(0,X0-1.22) - 5.44*max(0,X2-0.859) * max(0,X2-1.30) + 5.24*max(0,X0-1.22) * max(0,X2-0.422) - 4.70*max(0,-0.152-X3) * max(0,X2-0.859) + 4.43*max(0,X0-0.338) * max(0,X4-0.965) + 4.42*max(0,X1-1.18) * max(0,X2-0.859) - 4.19*max(0,X3-1.23) + 4.10*max(0,X4-0.965) * max(0,X2-1.30) + 4.08*max(0,X3-1.23) * max(0,X3-0.773) - 3.92*max(0,X3-0.773) * max(0,X2-0.859) - 3.84*max(0,X0-0.338) * max(0,X0-1.22) + 3.59*max(0,X1-1.18) * max(0,-0.152-X3) - 3.43*max(0,X0+0.101) * max(0,X4-0.965) + 3.42*max(0,-0.152-X3) * max(0,X4-0.965) - 3.24*max(0,X0+0.101) * max(0,-0.614-X3) - 2.81*max(0,X0-0.338) * max(0,X3-0.773) + 2.64*max(0,X1-1.18) * max(0,X2-1.30) - 2.52*max(0,X2-0.422) * max(0,X3-1.23) + 2.47*max(0,-0.152-X3) * max(0,X0-0.338) - 2.34*max(0,X2-0.422) * max(0,X2-0.859) + 2.20*max(0,X0+0.101) * max(0,X3-0.773) - 2.18*max(0,X2-0.422) * max(0,-0.614-X3) + 1.98*max(0,X0+0.101) * max(0,X0-0.338) - 1.93*max(0,X4-0.965) * max(0,X2-0.859) + 1.91*max(0,X1-1.18) * max(0,-0.614-X3) + 1.76*max(0,X2-0.422) + 1.73*max(0,-0.980-X0) + 1.65*max(0,X2-0.422) * max(0,X3-0.773) + 1.52*max(0,X2-0.422) * max(0,X2-1.30) - 1.47*max(0,-0.152-X3) * max(0,X2-0.422) + 1.43*max(0,-0.614-X3) * max(0,-1.08-X3) + 1.38*max(0,-0.101-X0) + 1.26*max(0,X3-1.23) * max(0,X2-1.30) - 1.21*max(0,X0+0.101) * max(0,X0-1.22) - 1.14*X0**2 - 1.14*max(0,X0-0.338) * max(0,-0.614-X3) + 1.10*max(0,X4-0.965) * max(0,-1.08-X3) + 1.07*max(0,X1-0.739) + 1.02*max(0,X4-0.965) * max(0,X3-1.23) + 0.998*max(0,X1-1.18) + 0.940*max(0,-0.614-X3) - 0.896*max(0,X0-0.338) + 0.896*max(0,X0+0.101) * max(0,-0.152-X3) - 0.879*max(0,-0.0144-X2) + 0.865*max(0,-0.451-X2) + 0.759*max(0,X1-1.18) * max(0,X2-0.422) + 0.667*max(0,X4-0.965) - 0.590*max(0,-0.888-X2) - 0.553*max(0,X1-0.293) - 0.551*max(0,X4-0.503) + 0.479*max(0,-1.05-X1) - 0.454*max(0,X2-0.859) - 0.443*max(0,X0-0.338) * max(0,X2-0.422) - 0.437*max(0,X0+0.101) * max(0,X2-0.422) - 0.431*max(0,X2+0.0144) - 0.383*max(0,-0.152-X3) * max(0,-0.614-X3) + 0.347*max(0,-0.599-X1) - 0.342*max(0,X4-1.43) - 0.319*max(0,-0.152-X3) + 0.317*max(0,X4-0.965) * max(0,X0-1.22) + 0.316*max(0,X3-0.773) * max(0,X2-1.30) - 0.313*max(0,0.338-X0) - 0.302*max(0,X4-0.965) * max(0,X2-0.422) + 0.301*max(0,0.422-X2) + 0.267*max(0,-0.421-X4) + 0.241*max(0,X1+0.599) + 0.223*X1 + 0.222*max(0,X3-0.311) - 0.189*max(0,X0-0.777) + 0.178*max(0,X4-0.0411) - 0.175*max(0,X3+0.152) - 0.174*X1**2 + 0.164*max(0,-0.541-X0) + 0.147*X0 - 0.141*max(0,X3-0.773) - 0.124*max(0,X4-0.965) * max(0,X3-0.773) - 0.108*max(0,-0.883-X4) + 0.108*max(0,0.311-X3) + 0.101*max(0,0.0411-X4) + 0.0647*max(0,X0+0.101) + 0.0338*max(0,X1-1.18) * max(0,X3-0.773) - 0.00593*max(0,1.18-X1)"
ffx,feynman_II_11_27,ok,0.881595,0.210213,1407,30.27,,"-0.587 - 30.4*max(0,X2-1.30) * max(0,X1-1.28) + 24.9*max(0,X0-1.44) * max(0,X1-1.28) + 21.2*max(0,X2-1.30) * max(0,X0-1.44) - 9.28*max(0,X2-0.870) * max(0,X1-1.28) + 8.96*max(0,X3-0.913) * max(0,X1-1.28) + 8.65*max(0,X2-0.870) * max(0,X1-0.823) - 8.05*max(0,X2-0.870) * max(0,X0-1.44) - 6.91*max(0,X0-1.44) + 6.26*max(0,X2-0.435) * max(0,X1-1.28) - 5.61*max(0,X2-0.435) * max(0,X2-1.30) + 5.52*max(0,X2-1.30) * max(0,X3-0.913) - 4.93*max(0,X3-0.471) * max(0,X1-1.28) + 3.79*max(0,X2-1.30) + 3.77*max(0,X3-0.913) * max(0,X2-0.870) + 3.66*max(0,X1-1.28) + 3.59*max(0,-0.0976-X1) * max(0,X3-0.913) - 3.20*abs(X3) * max(0,X2-1.30) - 3.04*abs(X0) * max(0,X1-1.28) - 2.92*max(0,X3-0.471) * max(0,X0-1.44) + 2.64*max(0,X2-0.435) * max(0,X2-0.870) - 2.46*X0 * max(0,X2-1.30) - 2.45*max(0,-0.869-X2) * max(0,X1-1.28) - 2.40*abs(X1) * max(0,X2-1.30) - 2.29*max(0,X2-0.435) * max(0,X1-0.823) - 2.28*max(0,-0.0976-X1) * max(0,X3-0.471) + 2.28*X0 * max(0,X0-1.44) + 2.06*max(0,-0.0976-X1) * max(0,X2-1.30) - 1.96*max(0,X2-0.870) * max(0,X3-0.471) - 1.87*max(0,-0.0976-X1) * max(0,X0-1.44) - 1.76*max(0,X2-1.30) * max(0,X1-0.823) - 1.69*abs(X1) * max(0,X3-0.913) + 1.57*abs(X3) * max(0,X0-1.44) - 1.51*abs(X1) * max(0,X1-1.28) - 1.51*max(0,-0.433-X0) - 1.48*max(0,-0.0976-X1) + 1.45*max(0,X1-0.823) * max(0,X0-1.44) - 1.33*abs(X3) * max(0,X3-0.913) - 1.29*max(0,-1.02-X1) + 1.18*max(0,X1+0.0976) + 1.12*max(0,X2-1.30) * max(0,X2-0.870) - 1.10*max(0,-0.869-X2) * max(0,X0-1.44) + 1.10*X0 * max(0,X3-0.913) - 1.03*X0 * max(0,X3-0.471) + 1.03*max(0,0.0348-X0) - 1.03*max(0,-0.558-X1) + 1.01*abs(X1) * max(0,X0-1.44) + 1.00*max(0,-0.869-X2) - 0.995*abs(X0) * max(0,X2-0.870) - 0.945*abs(X3) * max(0,X1-1.28) + 0.913*max(0,0.471-X3) * max(0,X2-1.30) + 0.897*max(0,X3-0.913) * max(0,X1-0.823) + 0.873*abs(X3) * max(0,X3-0.471) - 0.811*max(0,X2-0.435) * max(0,X3-0.913) - 0.793*max(0,-0.869-X2) * max(0,X1-0.823) - 0.787*X2**2 + 0.780*abs(X0) * max(0,X0-1.44) + 0.759*max(0,-0.0976-X1) * max(0,X2-0.870) + 0.718*abs(X0) * max(0,X2-1.30) + 0.717*X0 - 0.717*X0 * max(0,-0.0976-X1) + 0.717*max(0,0.471-X3) * max(0,X2-0.870) + 0.698*abs(X1) * max(0,-0.0976-X1) + 0.689*max(0,-0.869-X2) * max(0,X3-0.913) + 0.678*X0 * max(0,X2-0.870) + 0.678*X1**2 - 0.670*abs(X0) * max(0,X3-0.913) + 0.666*max(0,X3-0.471) + 0.659*max(0,-0.854-X3) - 0.659*abs(X1) + 0.652*X0 * max(0,X1-1.28) + 0.645*abs(X0) * max(0,X1-0.823) + 0.634*max(0,1.28-X1) - 0.601*max(0,0.471-X3) * max(0,X2-0.435) + 0.599*abs(X3) * max(0,X2-0.435) - 0.592*abs(X1) * max(0,X2-0.870) + 0.573*abs(X1) * max(0,X3-0.471) - 0.554*abs(X3) - 0.553*max(0,X1-0.823) * max(0,X3-0.471) + 0.516*X0**2 - 0.514*max(0,X2-0.870) + 0.495*max(0,X2+0.434) + 0.489*max(0,X3-0.913) - 0.469*max(0,0.471-X3) * max(0,X1-0.823) + 0.459*max(0,0.000467-X2) + 0.449*abs(X3) * abs(X1) - 0.431*max(0,-0.0976-X1) * max(0,X2-0.435) + 0.420*max(0,X3-0.913) * max(0,X3-0.471) + 0.417*abs(X0) * max(0,X3-0.471) + 0.407*max(0,0.471-X3) - 0.388*X0 * max(0,0.471-X3) - 0.388*max(0,-0.869-X2) * max(0,X3-0.471) + 0.380*abs(X1) * X0 - 0.371*max(0,0.503-X0) + 0.369*abs(X0) * max(0,X2-0.435) + 0.351*abs(X3) * X0 + 0.346*abs(X1) * max(0,X2-0.435) - 0.343*max(0,X3-0.913) * max(0,X0-1.44) - 0.334*max(0,X0-0.503) - 0.324*max(0,0.471-X3) * max(0,X0-1.44) - 0.315*max(0,0.471-X3) * max(0,X1-1.28) + 0.305*X0 * max(0,X2-0.435) - 0.301*abs(X0) + 0.281*max(0,X0-0.971) - 0.277*max(0,X1+0.558) - 0.270*max(0,X1-0.363) + 0.259*max(0,-0.869-X2) * max(0,-0.0976-X1) + 0.234*abs(X2) - 0.218*max(0,X3-1.36) + 0.208*X1 - 0.208*X3**2 - 0.202*max(0,X0+0.433) - 0.183*max(0,0.971-X0) - 0.180*abs(X0) * X0 - 0.163*max(0,X1-0.823) + 0.156*X3 - 0.138*abs(X3) * max(0,X2-0.870) - 0.135*max(0,X2-1.30) * max(0,X3-0.471) + 0.131*abs(X0) * abs(X1) + 0.128*max(0,X0-0.0348) - 0.116*abs(X3) * max(0,X1-0.823) - 0.115*max(0,X2-0.435) * max(0,X0-1.44) - 0.113*abs(X1) * max(0,X1-0.823) - 0.109*abs(X1) * max(0,0.471-X3) + 0.108*X0 * max(0,X1-0.823) - 0.106*max(0,0.870-X2) + 0.104*max(0,-0.901-X0) - 0.103*abs(X0) * max(0,0.471-X3) - 0.0886*max(0,X2-0.435) * max(0,X3-0.471) - 0.0872*max(0,X1+1.02) - 0.0862*max(0,X3-0.0295) - 0.0833*abs(X0) * max(0,-0.0976-X1) + 0.0808*max(0,0.435-X2) + 0.0741*max(0,X3+0.412) - 0.0736*max(0,0.471-X3) * max(0,-0.0976-X1) + 0.0720*max(0,1.44-X0) - 0.0702*max(0,0.363-X1) - 0.0545*max(0,X3+0.854) + 0.0501*max(0,0.913-X3) - 0.0492*max(0,0.823-X1) + 0.0491*abs(X3) * max(0,-0.0976-X1) - 0.0449*abs(X3) * max(0,0.471-X3) - 0.0447*X2 + 0.0356*abs(X3) * abs(X0) + 0.0333*max(0,0.0295-X3) + 0.0332*max(0,X2-0.435) + 0.0303*max(0,X0+0.901) + 0.0288*max(0,X1-0.823) * max(0,X1-1.28) + 0.0287*max(0,-0.412-X3) - 0.00956*max(0,1.36-X3)"
ffx,feynman_II_11_28,ok,0.997912,0.015472,243,8.21,,"1.17 + 1.83*max(0,1.25-X1) * max(0,X1-0.785) - 1.60*max(0,X0-0.811) - 1.22*max(0,X1-0.785) + 1.18*max(0,1.26-X0) * max(0,X0-0.811) + 0.945*max(0,X1+0.608) * max(0,X1-0.785) - 0.800*max(0,1.26-X0) + 0.647*max(0,X0+0.979) * max(0,X0-0.811) - 0.563*max(0,1.25-X1) - 0.365*max(0,1.26-X0) * max(0,X1-0.785) + 0.340*max(0,X1+0.608) * max(0,X0-0.811) + 0.275*max(0,X0+0.979) + 0.244*max(0,X1-0.785) * max(0,X0-0.811) + 0.210*max(0,1.26-X0) * max(0,1.25-X1) - 0.164*max(0,X0+0.979) * max(0,1.25-X1) + 0.0957*max(0,X1+1.07) - 0.0708*max(0,X1+0.608) + 0.0322*max(0,X1+0.608) * max(0,1.26-X0) - 0.0297*max(0,X0+0.979) * max(0,X1-0.785) - 0.0141*max(0,X1+0.608) * max(0,1.25-X1) + 0.0132*max(0,1.25-X1) * max(0,X0-0.811) + 0.0120*max(0,X0+0.979) * max(0,1.26-X0)"
ffx,feynman_II_11_3,ok,-2.132377,0.265745,2006,37.15,,"0.00276 - 44.4*max(0,X1-0.893) * max(0,-1.19-X3) - 40.7*max(0,X1-1.40) * max(0,-1.19-X3) + 37.8*max(0,X1-1.40) * max(0,-0.714-X3) - 24.1*max(0,-1.19-X3) * max(0,-1.21-X4) + 23.1*max(0,-1.19-X3) * max(0,-0.747-X4) + 19.4*max(0,X1-1.40) * max(0,-0.747-X4) + 18.3*max(0,X2-0.643) * max(0,X1-1.40) + 16.1*max(0,X1-1.40) * max(0,X0-0.326) + 13.3*max(0,-0.573-X0) * max(0,X1-1.40) - 12.3*abs(X0) * max(0,X1-1.40) + 12.1*max(0,-0.573-X0) * max(0,-1.19-X3) + 11.5*max(0,X4-0.172) * max(0,X1-1.40) + 11.1*max(0,-1.19-X3) + 10.1*max(0,X1-1.40) + 9.83*max(0,-0.714-X3) * max(0,-1.21-X4) - 9.64*max(0,X2-0.201) * max(0,X1-1.40) - 9.44*abs(X0) * max(0,-1.19-X3) - 8.50*abs(X4) * max(0,X1-1.40) - 8.11*max(0,-1.19-X3) * max(0,-0.636-X1) + 8.11*max(0,X2-0.643) * max(0,-1.19-X3) + 7.99*max(0,X2-0.643) * max(0,-1.21-X4) - 7.87*max(0,X1-0.893) * max(0,X1-1.40) - 7.47*max(0,-0.287-X4) * max(0,X1-1.40) + 7.44*max(0,X2-0.643) * max(0,-0.747-X4) + 7.16*max(0,X1-0.893) * max(0,-0.714-X3) - 6.32*max(0,X2-0.201) * max(0,-1.19-X3) + 5.90*max(0,-1.19-X3) * max(0,X0-0.326) + 5.43*max(0,-0.636-X1) * max(0,-0.747-X4) + 4.96*max(0,-0.714-X3) * max(0,-0.636-X1) - 4.78*max(0,-0.714-X3) * max(0,-0.747-X4) - 4.62*max(0,X1-0.893) * max(0,-0.747-X4) - 4.30*max(0,-0.287-X4) * max(0,-0.636-X1) - 4.20*max(0,X0-0.326) * max(0,-0.747-X4) + 4.13*max(0,-0.573-X0) * max(0,-0.287-X4) - 4.05*max(0,X2-0.201) * max(0,-1.21-X4) - 4.02*max(0,-0.573-X0) * max(0,-0.747-X4) - 3.53*max(0,-0.287-X4) * max(0,-1.19-X3) - 3.50*abs(X4) * max(0,-1.19-X3) - 3.38*max(0,X4-0.172) * max(0,-0.636-X1) + 3.35*max(0,X0-0.326) - 3.23*max(0,X2-0.201) * max(0,-0.747-X4) - 2.87*max(0,-0.714-X3) * max(0,-1.19-X3) + 2.86*max(0,X0-0.326) * max(0,-1.21-X4) - 2.81*max(0,X1-0.893) * max(0,X0-0.326) + 2.74*max(0,-0.714-X3) * max(0,X0-0.326) + 2.64*max(0,-0.287-X4) * max(0,X1-0.893) + 2.43*max(0,-0.573-X0) - 2.41*max(0,-0.573-X0) * max(0,-0.636-X1) + 1.97*abs(X4) * max(0,-0.636-X1) - 1.94*max(0,X2-0.643) * max(0,-0.636-X1) - 1.94*max(0,-0.573-X0) * abs(X4) - 1.93*max(0,-0.636-X1) * max(0,-1.21-X4) - 1.82*max(0,X4-0.172) * max(0,X0-0.326) - 1.74*abs(X4) * max(0,X2-0.643) + 1.74*max(0,-1.21-X4) + 1.65*max(0,X4-0.172) * max(0,X2-0.643) + 1.60*max(0,-0.573-X0) * max(0,X4-0.172) + 1.58*max(0,X2-0.643) * max(0,X0-0.326) + 1.57*max(0,X2-0.643) + 1.54*max(0,X4-0.172) * max(0,-1.19-X3) - 1.54*abs(X0) * max(0,-0.714-X3) + 1.53*max(0,-0.714-X3) - 1.51*abs(X0) * max(0,-1.21-X4) + 1.48*max(0,-0.573-X0) * max(0,-0.126-X1) - 1.47*max(0,-1.15-X1) - 1.45*max(0,X2-0.643) * max(0,X1-0.893) + 1.44*max(0,X0-1.23) - 1.42*max(0,X1-0.893) - 1.42*max(0,-0.126-X1) * max(0,-0.714-X3) - 1.41*max(0,X2-0.201) * max(0,X0-0.326) - 1.34*max(0,-0.636-X1) - 1.32*max(0,X1-0.893) * max(0,-1.21-X4) + 1.32*abs(X4) * max(0,X0-0.326) - 1.28*max(0,-0.573-X0) * abs(X0) - 1.26*abs(X0) + 1.18*max(0,X1-0.893) * abs(X0) - 1.16*abs(X0) * max(0,X0-0.326) - 1.14*max(0,-0.747-X4) + 1.13*abs(X0) * max(0,-0.747-X4) + 1.11*max(0,-0.685-X2) + 1.08*max(0,-1.02-X0) + 1.08*max(0,-1.21-X4) * max(0,-0.747-X4) - 1.02*max(0,-0.126-X1) * max(0,X0-0.326) + 1.00*abs(X0) * max(0,-0.636-X1) + 1.00*max(0,X2-0.201) * max(0,X1-0.893) - 0.970*max(0,X2-0.201) - 0.949*max(0,-0.126-X1) * max(0,-0.747-X4) + 0.944*max(0,-0.126-X1) * max(0,-0.636-X1) - 0.932*max(0,X2-0.201) * max(0,X2-0.643) - 0.864*abs(X1) + 0.861*max(0,-0.126-X1) * max(0,-1.19-X3) + 0.829*max(0,X2-0.201) * max(0,-0.126-X1) - 0.763*max(0,-0.242-X2) - 0.731*abs(X4) * max(0,-0.714-X3) + 0.728*max(0,X3-0.717) + 0.721*abs(X2) + 0.694*max(0,X1+0.126) + 0.665*max(0,-0.287-X4) * max(0,X2-0.643) + 0.642*max(0,X4-0.172) * max(0,-0.714-X3) + 0.642*max(0,X0+0.124) - 0.636*max(0,-0.573-X0) * max(0,-1.21-X4) + 0.612*max(0,0.172-X4) * max(0,-0.747-X4) + 0.605*abs(X3) + 0.592*max(0,-0.287-X4) * max(0,X2-0.201) - 0.588*max(0,X2+0.242) + 0.578*max(0,X4-0.172) * max(0,-0.126-X1) + 0.573*max(0,-0.573-X0) * max(0,-0.714-X3) - 0.556*max(0,-0.287-X4) * max(0,-1.21-X4) + 0.555*X1**2 - 0.552*max(0,X3-0.240) - 0.551*max(0,-0.287-X4) * max(0,X0-0.326) - 0.534*max(0,-0.126-X1) - 0.497*max(0,0.172-X4) * max(0,-0.636-X1) - 0.483*abs(X0) * max(0,-0.126-X1) + 0.466*max(0,-0.287-X4) * abs(X0) + 0.455*max(0,X4-0.172) * abs(X0) - 0.454*max(0,X2-0.643) * abs(X0) + 0.438*max(0,-0.287-X4) * max(0,-0.126-X1) + 0.431*max(0,-0.287-X4) - 0.429*max(0,X4-0.172) * max(0,X1-0.893) - 0.422*max(0,-0.237-X3) - 0.409*abs(X4) * max(0,-0.287-X4) - 0.408*max(0,X4-1.09) + 0.386*max(0,X2-0.643) * max(0,-0.714-X3) + 0.378*max(0,-0.573-X0) * max(0,X1-0.893) - 0.366*max(0,-0.126-X1) * max(0,-1.21-X4) - 0.365*abs(X4) - 0.353*abs(X4) * max(0,-1.21-X4) + 0.352*max(0,X1+0.636) + 0.332*max(0,-0.287-X4) * max(0,-0.714-X3) + 0.324*max(0,-0.124-X0) - 0.323*X3 + 0.294*max(0,X4-0.172) - 0.274*max(0,X4+0.747) + 0.260*max(0,X4+0.287) + 0.258*abs(X4) * max(0,X1-0.893) + 0.255*X4**2 + 0.250*max(0,X2-0.201) * abs(X0) + 0.244*max(0,X2-0.201) * max(0,-0.636-X1) - 0.231*abs(X4) * abs(X0) + 0.231*max(0,X3-1.19) + 0.226*max(0,X0-0.776) - 0.222*max(0,X1+1.15) + 0.211*max(0,1.23-X0) - 0.194*max(0,-1.13-X2) - 0.186*max(0,-0.287-X4) * max(0,-0.747-X4) + 0.181*max(0,X4-0.631) - 0.174*X0**2 - 0.172*max(0,X3+0.237) - 0.167*X1 - 0.163*max(0,0.201-X2) - 0.162*max(0,0.717-X3) - 0.157*max(0,X3+0.714) - 0.156*X3**2 + 0.149*max(0,X2-0.643) * max(0,-0.126-X1) + 0.142*X2 + 0.141*max(0,0.383-X1) - 0.139*abs(X4) * max(0,X4-0.172) + 0.138*max(0,X0-0.326) * max(0,-0.636-X1) - 0.138*max(0,X2-1.09) - 0.127*max(0,0.172-X4) + 0.127*abs(X4) * max(0,-0.126-X1) + 0.121*max(0,X0+1.02) + 0.120*max(0,0.643-X2) - 0.115*max(0,0.172-X4) * max(0,-1.21-X4) + 0.107*max(0,X2+1.13) - 0.106*max(0,0.776-X0) + 0.0971*X2**2 - 0.0968*max(0,X0+0.573) - 0.0898*max(0,0.240-X3) + 0.0837*max(0,0.326-X0) + 0.0828*max(0,X2-0.201) * max(0,-0.714-X3) + 0.0719*max(0,X2-0.201) * max(0,X4-0.172) + 0.0618*abs(X4) * max(0,-0.747-X4) + 0.0572*max(0,-0.573-X0) * max(0,X2-0.643) + 0.0489*max(0,X1-0.383) + 0.0180*abs(X4) * max(0,X2-0.201) - 0.0175*max(0,1.09-X2) - 0.00581*max(0,-0.573-X0) * max(0,X2-0.201) - 0.00351*max(0,1.09-X4) - 0.00160*X4 - 0.000523*max(0,0.631-X4) + 0.000345*X0"
ffx,feynman_II_13_17,ok,0.567485,0.021995,1517,17.88,,"-1.42 - 39.5*max(0,X2-1.25) * max(0,-1.23-X1) + 15.9*max(0,X3-0.355) * max(0,-1.23-X1) - 11.5*max(0,X3-1.23) * max(0,-1.23-X1) - 10.7*max(0,X3+0.0805) * max(0,-1.23-X1) - 8.06*max(0,X0-1.13) * max(0,X3-1.23) - 8.02*max(0,X0-1.13) - 6.21*max(0,-0.126-X2) * max(0,-1.23-X1) + 4.90*max(0,-0.516-X3) * max(0,X0-1.13) + 4.68*max(0,-0.516-X3) * max(0,-1.23-X1) + 4.35*max(0,-0.293-X0) * max(0,-1.23-X1) + 4.31*max(0,X3-0.790) * max(0,X3-1.23) - 4.19*max(0,X0-1.13) * max(0,-1.23-X1) - 4.11*max(0,X0-1.13) * max(0,X3+0.0805) + 4.07*abs(X2) * max(0,-1.23-X1) + 3.84*max(0,X3-1.23) - 3.36*max(0,-0.516-X3) - 3.30*max(0,-0.516-X3) * max(0,X0-0.180) + 3.15*max(0,X0-1.13) * max(0,X3-0.355) - 3.09*max(0,-0.293-X0) * max(0,X3-1.23) - 3.09*max(0,-0.0805-X3) + 2.90*max(0,X3-1.23) * abs(X0) - 2.86*max(0,-0.951-X3) + 2.70*max(0,X0-1.13) * max(0,X0-0.180) - 2.54*max(0,-0.516-X3) * max(0,-0.293-X0) - 2.41*max(0,-0.0805-X3) * max(0,-1.23-X1) + 2.23*max(0,X3-0.790) * max(0,-1.23-X1) + 2.16*max(0,-0.516-X3) * abs(X0) + 2.10*max(0,X2+0.126) - 2.09*abs(X2) * max(0,X3-1.23) + 2.03*X3**2 - 1.99*max(0,X0-0.180) - 1.87*max(0,X3-0.355) * abs(X3) - 1.74*max(0,X3-0.790) * abs(X3) - 1.71*max(0,X3-1.23) * abs(X3) - 1.71*max(0,X0-1.13) * max(0,-0.0805-X3) + 1.66*abs(X3) * max(0,-0.0805-X3) + 1.52*max(0,X3-0.790) * max(0,-0.293-X0) - 1.51*abs(X2) + 1.48*max(0,X0-1.13) * X3 - 1.46*max(0,X0-0.653) + 1.38*max(0,0.790-X3) + 1.37*max(0,X2-0.333) + 1.28*max(0,X0-1.13) * abs(X0) + 1.28*max(0,-1.23-X1) - 1.25*X3 * max(0,X3-1.23) + 1.15*max(0,X3-0.790) * max(0,X3+0.0805) + 1.14*X0**2 + 1.14*max(0,-0.126-X2) - 1.13*max(0,X3-0.790) * max(0,X3-0.355) + 1.12*abs(X0) * max(0,X0-0.180) - 1.11*max(0,-0.126-X2) * max(0,X3-0.355) + 1.09*max(0,X0-0.180) * max(0,-1.23-X1) - 1.00*X2 + 1.00*max(0,X3-0.790) - 0.943*max(0,-1.24-X0) + 0.921*max(0,-1.04-X2) + 0.917*max(0,-0.585-X2) + 0.910*max(0,X0-1.13) * abs(X3) - 0.900*X3 * max(0,X3-0.355) - 0.893*max(0,X3-1.23) * max(0,X3-0.355) - 0.861*max(0,X3-0.790) * abs(X0) - 0.848*abs(X2) * max(0,X3+0.0805) + 0.848*max(0,X0-1.13) * abs(X2) - 0.819*max(0,X3+0.0805) * max(0,X3-0.355) - 0.809*abs(X0) * max(0,-1.23-X1) + 0.785*max(0,-0.293-X0) * abs(X2) + 0.753*max(0,X3+0.0805) - 0.749*abs(X2) * abs(X0) + 0.742*max(0,X3+0.0805) * max(0,X0-0.180) + 0.731*max(0,X3+0.0805) * abs(X3) + 0.710*max(0,X0-0.180) * abs(X3) + 0.661*max(0,-0.516-X3) * abs(X2) - 0.655*max(0,-0.766-X0) + 0.654*max(0,0.333-X2) - 0.631*max(0,-0.293-X0) * max(0,-0.126-X2) - 0.628*max(0,X3-0.790) * max(0,X0-0.180) - 0.623*X3 * max(0,-1.23-X1) - 0.608*abs(X2) * max(0,-0.0805-X3) + 0.590*X3 * max(0,X3+0.0805) + 0.584*max(0,X3-0.790) * max(0,-0.126-X2) + 0.574*abs(X2) * max(0,X0-0.180) - 0.573*max(0,X0-1.13) * max(0,-0.126-X2) - 0.558*abs(X2) * max(0,-0.126-X2) + 0.556*abs(X2) * max(0,X3-0.355) - 0.540*max(0,X3-0.790) * X3 - 0.532*max(0,X0-0.180) * max(0,X3-0.355) + 0.519*max(0,-0.293-X0) * max(0,X3-0.355) + 0.516*max(0,-0.126-X2) * max(0,X3-1.23) + 0.509*max(0,X3-1.23) * max(0,X3+0.0805) - 0.493*max(0,-0.771-X1) + 0.486*X1**2 - 0.479*max(0,X1-1.07) - 0.473*X2**2 - 0.447*max(0,0.653-X0) - 0.437*max(0,X1-0.608) + 0.437*max(0,-0.516-X3) * max(0,-0.0805-X3) + 0.436*max(0,-0.126-X2) * max(0,X3+0.0805) - 0.435*max(0,X0+0.293) + 0.430*max(0,X3-1.23) * max(0,X0-0.180) - 0.422*abs(X0) - 0.418*X1 - 0.390*abs(X0) * max(0,X3-0.355) - 0.380*max(0,X3+0.516) + 0.380*max(0,-0.516-X3) * X3 + 0.368*max(0,-0.126-X2) * abs(X0) + 0.353*max(0,X2-0.791) - 0.345*abs(X1) + 0.295*X3 * max(0,-0.0805-X3) - 0.287*max(0,-0.516-X3) * abs(X3) + 0.277*max(0,X1+0.311) - 0.275*max(0,1.25-X2) + 0.261*max(0,X2-1.25) + 0.261*max(0,0.180-X0) - 0.260*max(0,X1+0.771) + 0.254*max(0,X3+0.951) - 0.248*X3 * abs(X0) + 0.247*X0 - 0.243*max(0,-0.293-X0) * abs(X3) + 0.225*max(0,X3-0.790) * abs(X2) + 0.223*abs(X2) * abs(X3) - 0.220*max(0,-0.516-X3) * max(0,-0.126-X2) + 0.201*max(0,X1+1.23) - 0.200*max(0,-0.293-X0) * abs(X0) - 0.196*max(0,-0.126-X2) * max(0,X0-0.180) + 0.195*abs(X2) * X3 - 0.183*max(0,X3-0.355) + 0.181*max(0,0.148-X1) - 0.171*X3 + 0.170*max(0,-0.126-X2) * abs(X3) - 0.145*max(0,-0.126-X2) * max(0,-0.0805-X3) - 0.142*max(0,-0.311-X1) + 0.133*max(0,1.23-X3) + 0.129*max(0,X1-0.148) - 0.126*max(0,X0+0.766) + 0.118*abs(X0) * max(0,X3+0.0805) + 0.104*max(0,-0.293-X0) * max(0,X3+0.0805) + 0.101*max(0,X2+0.585) + 0.0863*max(0,X3-0.790) * max(0,X0-1.13) + 0.0844*max(0,X0-0.180) * max(0,-0.0805-X3) - 0.0808*max(0,-0.293-X0) * X3 + 0.0592*X3 * max(0,-0.126-X2) + 0.0576*max(0,-0.293-X0) * max(0,-0.0805-X3) + 0.0497*X3 * abs(X3) + 0.0496*abs(X0) * abs(X3) + 0.0480*abs(X0) * max(0,-0.0805-X3) + 0.0398*X3 * max(0,X0-0.180) + 0.0385*abs(X3) + 0.0303*abs(X3) * max(0,-1.23-X1) - 0.0273*max(0,0.791-X2) - 0.0265*max(0,0.355-X3) - 0.0238*max(0,0.608-X1) - 0.0233*max(0,1.13-X0) + 0.0207*max(0,X0+1.24) - 0.0159*max(0,-0.293-X0) + 0.0158*max(0,X2+1.04)"
ffx,feynman_II_13_23,ok,0.989338,0.129536,728,16.14,,"-0.0693 + 5.07*max(0,X1-0.709) * max(0,X1-1.16) - 4.30*max(0,-1.08-X0) * max(0,X1-1.16) - 3.60*max(0,X1-0.709) * max(0,-1.01-X2) + 3.55*max(0,-1.01-X2) * max(0,X1-1.16) - 3.45*max(0,X1-1.16) - 2.93*max(0,X0-1.37) * max(0,X1-0.709) + 2.61*max(0,-0.593-X0) * max(0,X1-1.16) + 2.43*max(0,X0-1.37) - 2.40*max(0,X0-1.37) * max(0,-1.01-X2) + 2.01*max(0,-0.593-X0) * max(0,X1-0.709) + 1.71*max(0,X1-0.709) * X0 - 1.71*max(0,-0.0680-X2) * max(0,X1-1.16) - 1.48*max(0,X0+0.102) * max(0,X1-0.709) + 1.43*max(0,X0+0.102) * max(0,X1-1.16) + 1.42*max(0,X1-0.254) * max(0,X0-1.37) + 1.40*max(0,-0.538-X2) * max(0,X1-1.16) + 1.40*max(0,-0.593-X0) * max(0,-1.01-X2) - 1.37*max(0,X1-1.16) * X0 + 1.35*max(0,X1-0.254) * max(0,-1.01-X2) - 1.26*max(0,-0.593-X0) + 1.24*max(0,X1-0.709) + 1.21*X0 + 1.21*max(0,-1.08-X0) * X0 - 1.18*max(0,-0.593-X0) * X0 - 1.11*max(0,X1-0.254) * max(0,X1-0.709) + 0.937*max(0,-1.08-X0) * max(0,-0.593-X0) + 0.872*max(0,-0.0680-X2) * max(0,X1-0.709) - 0.865*max(0,X0-1.37) * X0 - 0.672*max(0,-0.0680-X2) * max(0,-1.08-X0) - 0.659*max(0,X0+0.102) * max(0,X0-1.37) + 0.658*max(0,X0-1.37) * max(0,X1-1.16) + 0.566*max(0,-1.01-X2) * X0 + 0.512*max(0,-0.102-X0) + 0.498*max(0,X0+0.102) * X0 + 0.448*max(0,-1.08-X0) + 0.421*max(0,-1.08-X0) * max(0,X1-0.709) - 0.336*max(0,X0-0.390) - 0.334*max(0,-1.01-X2) - 0.320*max(0,-1.08-X0) * max(0,-1.01-X2) + 0.313*max(0,-0.0680-X2) * max(0,-1.01-X2) - 0.310*X0**2 + 0.286*max(0,-0.0680-X2) * max(0,X0+0.102) - 0.271*max(0,X0-0.881) - 0.250*max(0,-0.0680-X2) * X0 - 0.234*max(0,-1.08-X0) * max(0,X1-0.254) - 0.233*max(0,X0+0.102) - 0.222*max(0,X1-0.254) * max(0,X1-1.16) - 0.219*max(0,-0.0680-X2) * max(0,X1-0.254) - 0.153*max(0,X1-0.254) * max(0,X0+0.102) - 0.137*max(0,-0.0680-X2) * max(0,-0.593-X0) + 0.115*max(0,-0.538-X2) * X0 + 0.111*max(0,0.390-X0) + 0.0965*max(0,X1-0.254) + 0.0912*max(0,X2-0.873) - 0.0869*max(0,-0.655-X1) + 0.0749*max(0,X2-1.34) + 0.0736*max(0,-0.200-X1) + 0.0619*max(0,X1-0.254) * X0 - 0.0590*max(0,-0.538-X2) + 0.0547*max(0,-0.0680-X2) * max(0,X0-1.37) - 0.0528*max(0,X2+0.538) - 0.0362*max(0,-1.11-X1) + 0.0275*max(0,-0.0680-X2) + 0.0258*max(0,X1-0.254) * max(0,-0.593-X0) + 0.0212*max(0,X1+0.200) - 0.00968*max(0,X0+0.102) * max(0,-1.01-X2) + 0.00131*max(0,X2-0.402)"
ffx,feynman_II_13_34,ok,0.990586,0.195656,1090,16.29,,"-0.138 + 5.30*max(0,-0.947-X1) * max(0,X2-1.23) - 3.66*max(0,-0.0452-X2) * max(0,-0.947-X1) - 3.54*max(0,-0.109-X0) * max(0,X2-1.23) - 3.35*max(0,-0.581-X0) * max(0,-0.947-X1) - 2.68*max(0,X0+0.109) * max(0,X2-1.23) - 2.68*max(0,X2-0.806) * max(0,-0.947-X1) + 2.24*abs(X0) * max(0,X2-1.23) + 2.05*max(0,X2-0.806) * max(0,X2-1.23) - 1.98*max(0,-0.0571-X1) * max(0,X2-1.23) + 1.86*abs(X2) * max(0,-0.947-X1) - 1.57*X2 * max(0,-0.947-X1) + 1.56*max(0,-0.581-X0) * max(0,X2-0.806) + 1.28*max(0,-0.581-X0) * max(0,X2-1.23) + 0.956*max(0,X0+0.109) * max(0,X2-0.806) + 0.894*abs(X0) * max(0,-0.947-X1) + 0.874*max(0,X2-0.806) + 0.870*max(0,-0.581-X0) * max(0,-0.0571-X1) - 0.863*max(0,-0.947-X1) * X0 + 0.844*X0 - 0.840*max(0,X1+0.0571) * max(0,X0+0.109) + 0.825*max(0,X2-1.23) + 0.722*max(0,-0.0571-X1) * max(0,X2-0.806) - 0.672*X2 * max(0,X2-1.23) - 0.653*abs(X0) * max(0,X2-0.806) + 0.617*max(0,X0+0.109) * max(0,-0.947-X1) + 0.614*max(0,X1+0.0571) * abs(X0) - 0.608*abs(X2) * max(0,X2-1.23) + 0.597*max(0,X1+0.0571) - 0.585*max(0,-0.0571-X1) * max(0,-0.947-X1) + 0.555*max(0,X1+0.0571) * X0 - 0.525*max(0,-0.581-X0) - 0.442*max(0,-0.0452-X2) * max(0,-0.109-X0) - 0.436*max(0,-0.0452-X2) * abs(X0) + 0.421*abs(X2) * max(0,-0.109-X0) + 0.417*max(0,X1+0.0571) * max(0,X2-1.23) - 0.413*X2 * max(0,-0.109-X0) - 0.409*X2 * max(0,-0.581-X0) - 0.408*max(0,X1+0.0571) * max(0,-0.109-X0) - 0.405*max(0,X0-0.363) + 0.393*max(0,X1+0.0571) * max(0,-0.581-X0) - 0.390*max(0,X1-1.28) - 0.387*abs(X2) * max(0,X2-0.806) + 0.385*max(0,-0.581-X0) * abs(X0) + 0.383*max(0,-0.0452-X2) * abs(X2) - 0.367*max(0,-0.581-X0) * max(0,-0.0452-X2) - 0.353*max(0,-0.581-X0) * abs(X2) + 0.323*max(0,X2-0.806) * max(0,-0.109-X0) - 0.301*max(0,X0+0.109) * max(0,-0.0571-X1) - 0.298*max(0,-0.0571-X1) - 0.294*abs(X1) - 0.283*max(0,-0.0571-X1) * max(0,-0.0452-X2) - 0.281*max(0,-1.05-X0) - 0.275*max(0,-0.0571-X1) * max(0,-0.109-X0) + 0.269*max(0,-0.947-X1) * max(0,-0.109-X0) + 0.268*max(0,-0.0571-X1) * abs(X2) - 0.266*max(0,-0.471-X2) - 0.242*max(0,X1+0.0571) * max(0,X2-0.806) - 0.241*max(0,-0.947-X1) + 0.233*abs(X0) * X0 - 0.211*max(0,X2-0.381) - 0.185*max(0,X0+0.109) * X0 + 0.183*max(0,-0.109-X0) + 0.179*abs(X0) + 0.176*X1**2 - 0.173*max(0,-0.897-X2) + 0.160*max(0,X2-1.23) * X0 + 0.154*max(0,X0+0.109) * max(0,-0.0452-X2) - 0.132*max(0,X1-0.388) - 0.125*X2 * max(0,-0.0571-X1) - 0.120*max(0,-0.109-X0) * X0 - 0.118*X2**2 - 0.116*abs(X0) * max(0,-0.109-X0) - 0.111*X1 + 0.110*X2 * max(0,X2-0.806) + 0.108*max(0,X1+0.0571) * abs(X2) + 0.106*max(0,-0.0452-X2) * X0 - 0.105*max(0,-0.0452-X2) - 0.104*abs(X2) * X0 + 0.0998*max(0,X1+0.947) + 0.0910*X0**2 - 0.0814*max(0,-0.581-X0) * X0 + 0.0748*abs(X2) + 0.0735*max(0,X2-0.806) * X0 - 0.0657*X2 * X0 - 0.0569*X2 * abs(X2) - 0.0523*X2 * max(0,X0+0.109) - 0.0519*max(0,0.834-X0) - 0.0474*max(0,0.388-X1) + 0.0474*max(0,X1-0.833) + 0.0456*max(0,X0+0.109) + 0.0435*abs(X0) * abs(X2) + 0.0416*max(0,X0+0.109) * abs(X2) - 0.0387*max(0,X0+1.05) - 0.0345*max(0,-0.0571-X1) * abs(X0) + 0.0222*X2 + 0.0210*max(0,0.833-X1) + 0.0208*max(0,X1+0.0571) * max(0,-0.0452-X2) - 0.0197*max(0,X0-1.31) - 0.0190*max(0,X0+0.109) * abs(X0) - 0.0149*X2 * abs(X0) + 0.0137*max(0,0.806-X2) + 0.0113*X2 * max(0,-0.0452-X2) - 0.0104*max(0,X0-0.834) - 0.00994*max(0,-0.502-X1) + 0.00938*max(0,1.23-X2) + 0.00506*max(0,-0.0571-X1) * X0 + 0.00503*max(0,X2+0.0452) - 0.00455*max(0,1.31-X0) - 0.00432*max(0,0.381-X2) + 0.00283*max(0,1.28-X1) + 0.00256*max(0,X0+0.581) + 0.00193*max(0,X2+0.897) - 0.000384*max(0,X1+0.502)"
ffx,feynman_II_15_4,ok,0.961821,1.166714,1075,18.09,,"0.882 - 10.3*max(0,X1-1.27) * max(0,-0.0531-X0) + 9.96*abs(X0) * max(0,X1-1.27) - 6.95*max(0,X1-1.27) * max(0,X0+0.0531) - 6.07*max(0,X1-1.27) * max(0,X0-1.31) + 5.34*max(0,X0-1.31) * max(0,X2-0.790) - 4.51*max(0,-0.0871-X1) * max(0,X0-1.31) - 3.48*max(0,X1+0.0871) * max(0,X0-1.31) + 3.41*max(0,X0-1.31) + 2.96*max(0,X1-1.27) + 2.88*abs(X1) * max(0,X0-1.31) - 2.52*max(0,X0+0.0531) * max(0,X2-0.790) - 2.34*max(0,X2+0.104) * max(0,X2-0.790) + 2.17*max(0,X2+0.104) * max(0,X1-1.27) - 2.17*abs(X0) * max(0,X0-1.31) - 2.11*max(0,X2+0.104) * max(0,X0-1.31) - 1.99*abs(X1) * max(0,X1-1.27) + 1.92*max(0,X2-0.790) + 1.73*max(0,-0.0531-X0) * max(0,-0.0871-X1) + 1.51*max(0,X2-1.24) - 1.51*max(0,-0.999-X2) - 1.46*X1 * max(0,X1-1.27) - 1.37*max(0,-0.552-X2) - 1.37*max(0,-0.104-X2) + 1.27*max(0,X0+0.0531) - 1.24*max(0,-0.0531-X0) * max(0,X2-0.790) + 1.22*max(0,X0+0.0531) * max(0,-0.0871-X1) - 1.16*abs(X0) * max(0,-0.0871-X1) + 1.15*max(0,-0.539-X1) + 1.13*abs(X0) * max(0,X2-0.790) + 1.08*max(0,X1-1.27) * max(0,X1+0.0871) + 1.05*max(0,X0+0.0531) * max(0,X0-1.31) - 1.01*X2 * max(0,X1-1.27) - 0.999*max(0,-0.0871-X1) + 0.990*max(0,X1-0.816) - 0.982*max(0,X2-0.343) - 0.886*max(0,X1-1.27) * max(0,X2-0.790) - 0.876*X1 * max(0,X0-1.31) - 0.846*max(0,X1-1.27) * max(0,-0.104-X2) - 0.812*abs(X1) * abs(X0) + 0.806*max(0,-0.104-X2) * max(0,-0.0531-X0) + 0.772*max(0,X1+0.0871) - 0.756*max(0,X1+0.0871) * max(0,X2-0.790) - 0.690*max(0,-0.0531-X0) - 0.678*abs(X1) * max(0,X1+0.0871) - 0.658*abs(X2) - 0.645*X1**2 + 0.615*max(0,X1+0.0871) * max(0,X0+0.0531) - 0.567*X2 * max(0,-0.104-X2) + 0.556*X1 * max(0,X1+0.0871) - 0.541*max(0,X2+0.104) * max(0,X1+0.0871) + 0.540*abs(X1) * max(0,-0.0531-X0) + 0.513*max(0,X1-0.364) - 0.502*max(0,X1+0.0871) * max(0,-0.104-X2) - 0.492*max(0,X2+0.104) * max(0,-0.0871-X1) + 0.485*max(0,X2+0.104) * max(0,-0.0531-X0) - 0.475*max(0,X0-0.855) + 0.459*X2**2 + 0.429*max(0,-0.104-X2) * max(0,-0.0871-X1) + 0.427*abs(X1) - 0.421*X1 * max(0,X0+0.0531) - 0.390*abs(X0) + 0.359*X2 * max(0,X0-1.31) - 0.358*max(0,X0+0.0531) * max(0,-0.104-X2) + 0.343*X2 * max(0,X2+0.104) + 0.325*abs(X1) * max(0,X0+0.0531) + 0.315*abs(X1) * max(0,X2-0.790) + 0.255*abs(X1) * max(0,-0.104-X2) + 0.254*max(0,X2+0.104) * abs(X1) - 0.242*X1 - 0.237*max(0,-0.507-X0) - 0.233*max(0,X0-0.401) + 0.226*max(0,-0.990-X1) + 0.219*X1 * abs(X0) + 0.218*X2 * max(0,X0+0.0531) - 0.218*max(0,0.816-X1) - 0.215*X1 * max(0,X2+0.104) + 0.209*max(0,1.27-X1) - 0.193*max(0,-0.0871-X1) * max(0,X2-0.790) + 0.189*abs(X1) * max(0,-0.0871-X1) + 0.187*abs(X0) * max(0,-0.104-X2) - 0.176*max(0,0.343-X2) + 0.172*max(0,1.24-X2) - 0.171*X2 * max(0,X2-0.790) + 0.170*X2 * max(0,X1+0.0871) + 0.170*max(0,X1+0.0871) * max(0,-0.0531-X0) - 0.162*max(0,-0.961-X0) + 0.162*max(0,0.401-X0) + 0.161*X1 * max(0,-0.0871-X1) - 0.160*X1 * max(0,-0.0531-X0) + 0.158*abs(X0) * max(0,-0.0531-X0) + 0.156*X2 * max(0,-0.0871-X1) + 0.154*X2 * abs(X0) - 0.134*max(0,X2+0.552) + 0.118*max(0,0.790-X2) - 0.104*X0 + 0.0857*abs(X0) * max(0,X0+0.0531) - 0.0835*max(0,X2+0.104) * max(0,X0+0.0531) - 0.0774*max(0,0.364-X1) + 0.0767*max(0,-0.104-X2) * max(0,X0-1.31) - 0.0598*max(0,1.31-X0) + 0.0593*max(0,X1+0.539) - 0.0523*X0**2 + 0.0508*X2 * max(0,-0.0531-X0) + 0.0467*abs(X0) * max(0,X1+0.0871) - 0.0465*max(0,X1+0.990) + 0.0438*X1 * max(0,-0.104-X2) - 0.0375*max(0,X2+0.104) * abs(X0) + 0.0368*X1 * X2 + 0.0302*X2 * abs(X1) - 0.0289*max(0,X0+0.961) - 0.0210*X1 * max(0,X2-0.790) - 0.0169*max(0,X2+0.999) - 0.00564*X1 * abs(X1) - 0.00496*X2 - 0.00366*max(0,0.855-X0) + 5.52e-5*max(0,X2+0.104)"
ffx,feynman_II_15_5,ok,0.813876,2.444589,993,13.76,,"2.05 - 11.5*max(0,-1.11-X2) * max(0,-1.00-X1) - 4.62*max(0,-1.11-X2) * max(0,X1-0.790) + 3.64*max(0,-1.11-X2) * max(0,-0.555-X1) + 3.27*max(0,X1-1.24) - 2.78*max(0,0.193-X2) * max(0,X0-1.23) - 2.41*max(0,X1-0.790) * max(0,X1-0.342) + 2.29*max(0,-0.106-X1) * max(0,-0.152-X0) - 2.28*max(0,X1-0.342) * max(0,X2-0.193) + 2.18*max(0,X1-0.342) + 2.16*max(0,X1-0.790) * max(0,X2-0.193) + 2.05*max(0,-0.555-X1) * max(0,X0-1.23) + 2.02*max(0,-0.152-X0) * max(0,-1.11-X2) + 2.01*max(0,-0.152-X0) * max(0,X2-0.193) - 1.99*max(0,X2-0.193) + 1.98*max(0,X0-1.23) + 1.93*max(0,0.193-X2) * max(0,X1-0.790) - 1.88*max(0,-0.106-X1) * max(0,X0-1.23) - 1.85*max(0,-0.152-X0) * max(0,-1.00-X1) - 1.84*max(0,X1-0.790) * max(0,X0-1.23) - 1.72*max(0,-1.11-X2) + 1.69*max(0,-1.11-X2) * max(0,X1-0.342) + 1.58*max(0,-0.555-X1) * max(0,X2-0.193) - 1.57*max(0,X0-1.23) * max(0,X2-0.193) + 1.48*max(0,-1.00-X1) + 1.45*max(0,0.342-X1) * max(0,-1.11-X2) - 1.45*max(0,X0-1.23) * max(0,-1.00-X1) - 1.40*max(0,-0.555-X1) - 1.38*max(0,0.342-X1) * max(0,-1.00-X1) + 1.30*max(0,-0.106-X1) * max(0,-0.555-X1) - 1.25*max(0,X2-0.629) - 1.23*max(0,0.342-X1) * max(0,-0.152-X0) - 1.20*max(0,-0.152-X0) - 1.10*max(0,0.193-X2) * max(0,X1-0.342) - 1.01*max(0,X2-1.06) + 0.997*max(0,0.342-X1) * max(0,X2-0.193) - 0.921*max(0,-0.106-X1) * max(0,0.193-X2) + 0.885*max(0,-0.106-X1) * max(0,-1.11-X2) - 0.819*max(0,-0.679-X2) + 0.811*X2 * max(0,X2-0.193) + 0.808*max(0,0.193-X2) * max(0,-1.00-X1) - 0.792*max(0,-0.243-X2) - 0.776*max(0,-0.152-X0) * max(0,X1-0.342) + 0.670*max(0,X1-0.342) * max(0,X0-1.23) - 0.669*max(0,0.193-X2) - 0.652*max(0,-0.555-X1) * max(0,-1.00-X1) - 0.580*X2 * max(0,X0-1.23) - 0.542*X2 * max(0,-0.152-X0) - 0.542*max(0,-1.07-X0) + 0.528*max(0,-0.152-X0) * max(0,X1-0.790) - 0.525*X2 * max(0,-0.555-X1) - 0.392*max(0,X2+0.679) - 0.379*max(0,-0.106-X1) * max(0,X2-0.193) + 0.362*X0**2 + 0.347*max(0,0.193-X2) * max(0,-1.11-X2) - 0.335*max(0,0.342-X1) * max(0,X0-1.23) + 0.333*max(0,0.193-X2) * max(0,-0.555-X1) - 0.329*max(0,-0.106-X1) - 0.290*max(0,-0.106-X1) * X2 - 0.288*max(0,X1-0.790) - 0.254*max(0,X0-0.766) + 0.252*max(0,-0.152-X0) * max(0,-0.555-X1) - 0.248*max(0,-1.11-X2) * max(0,X0-1.23) + 0.242*X2 * max(0,0.193-X2) - 0.213*max(0,0.342-X1) + 0.210*max(0,-0.106-X1) * max(0,-1.00-X1) - 0.203*max(0,0.342-X1) * X2 - 0.198*X2 + 0.197*X2 * max(0,X1-0.790) - 0.187*max(0,0.307-X0) + 0.166*X2**2 - 0.123*X2 * max(0,-1.00-X1) + 0.114*max(0,0.342-X1) * max(0,0.193-X2) + 0.113*X2 * max(0,X1-0.342) - 0.111*max(0,-0.612-X0) - 0.110*X1**2 + 0.0965*max(0,-0.152-X0) * max(0,0.193-X2) - 0.0903*max(0,1.06-X2) - 0.0712*max(0,0.629-X2) - 0.0652*max(0,0.790-X1) + 0.0540*max(0,X2-0.193) * max(0,-1.00-X1) - 0.0265*max(0,X0+0.612) - 0.0205*X2 * max(0,-1.11-X2) + 0.0204*max(0,X2+1.11) - 0.0194*max(0,X0-0.307) + 0.0192*max(0,0.342-X1) * max(0,-0.555-X1) - 0.0170*X0 + 0.00985*max(0,X1+1.00) - 0.00423*max(0,0.766-X0) - 0.000587*X1"
ffx,feynman_II_21_32,ok,-0.000794,0.045521,2172,32.83,,"-0.831 - 45.5*max(0,-1.11-X4) * max(0,X3-0.794) - 25.9*max(0,-1.05-X0) * max(0,X3-1.24) + 16.5*max(0,-1.05-X0) * max(0,-1.11-X4) + 15.7*max(0,-1.09-X2) * max(0,X3-1.24) + 14.6*max(0,-0.650-X4) * max(0,X3-0.794) - 13.6*max(0,-1.09-X2) * max(0,-1.11-X4) + 11.6*max(0,-1.05-X0) * max(0,X3-0.794) + 11.4*max(0,X3-1.24) * max(0,X2-0.273) - 11.3*max(0,X3-1.24) * max(0,-0.575-X1) + 10.4*max(0,-0.592-X0) * max(0,X3-1.24) - 8.94*max(0,-0.592-X0) * max(0,-1.11-X4) - 8.93*max(0,X0-1.24) * max(0,X3-0.794) + 8.81*max(0,X0-1.24) * max(0,X2-0.273) - 8.65*max(0,X2+0.180) * max(0,X3-1.24) - 7.50*max(0,-0.650-X4) * max(0,X3-1.24) - 7.42*max(0,X3-1.24) * abs(X2) + 7.38*max(0,X0-1.24) * max(0,-1.11-X4) - 6.47*max(0,-1.09-X2) * max(0,-0.575-X1) - 6.19*max(0,-0.592-X0) * max(0,X3-0.794) - 6.15*max(0,X2+0.180) * max(0,X0-1.24) + 5.98*max(0,X3-1.24) * max(0,-0.121-X1) + 5.93*max(0,-1.11-X4) * max(0,X3-1.24) - 5.85*max(0,-1.09-X2) * max(0,-0.592-X0) + 5.71*max(0,X3-0.350) * max(0,-1.11-X4) + 5.65*max(0,-1.09-X2) * max(0,-1.05-X0) - 5.11*max(0,-0.650-X4) * max(0,-0.575-X1) + 4.97*max(0,-1.09-X2) * max(0,X0-1.24) - 4.79*max(0,-1.09-X2) * max(0,X3-0.794) + 4.48*max(0,X3-1.24) + 4.40*max(0,-1.11-X4) * max(0,-0.180-X2) + 4.28*max(0,-1.09-X2) * max(0,-0.121-X1) + 4.06*max(0,X3-1.24) * max(0,-0.180-X2) - 4.04*max(0,-1.05-X0) * max(0,-0.650-X4) - 4.00*max(0,X0-1.24) * max(0,-0.121-X1) - 3.92*max(0,X3-0.350) * max(0,X3-1.24) - 3.48*max(0,X1+0.121) * max(0,X0-1.24) - 3.47*max(0,X3-1.24) * max(0,X3-0.794) - 3.36*max(0,-1.05-X0) * max(0,-0.983-X3) + 3.32*max(0,-0.650-X4) * max(0,-0.121-X1) + 3.23*max(0,-1.05-X0) * max(0,-0.121-X1) + 3.07*max(0,-1.11-X4) * max(0,-0.575-X1) + 3.06*max(0,X2+0.180) * max(0,-0.592-X0) - 2.87*max(0,X0-1.24) * max(0,-0.983-X3) - 2.81*max(0,-1.05-X0) * max(0,X3-0.350) + 2.78*max(0,-0.650-X4) * max(0,X0-1.24) - 2.68*max(0,-1.05-X0) * max(0,X2+0.180) + 2.67*max(0,-0.650-X4) * max(0,-0.592-X0) - 2.59*max(0,X0-1.24) * max(0,-0.180-X2) - 2.46*max(0,-0.592-X0) * max(0,X2-0.273) + 2.36*max(0,X1+0.121) * max(0,X3-1.24) - 2.32*max(0,X3-0.350) * max(0,X2-0.273) + 2.21*max(0,-1.11-X4) * abs(X2) - 2.18*max(0,-0.650-X4) * abs(X2) - 2.15*max(0,X1+0.121) * max(0,-0.180-X2) - 2.07*max(0,-1.11-X4) * max(0,-0.983-X3) - 2.07*max(0,-0.592-X0) - 2.03*max(0,-0.650-X4) * max(0,X3-0.350) - 1.99*max(0,-1.05-X0) * max(0,-0.575-X1) + 1.87*max(0,X2+0.180) * max(0,-0.983-X3) + 1.81*max(0,X3-0.350) * max(0,X3-0.794) + 1.80*max(0,X2-0.273) * max(0,X3-0.794) + 1.72*max(0,X1+0.121) * abs(X2) + 1.62*max(0,-1.05-X0) * max(0,X2-0.273) - 1.57*max(0,X1+0.121) - 1.43*max(0,X3+0.0947) + 1.40*max(0,-1.09-X2) * max(0,-0.650-X4) + 1.40*max(0,-0.592-X0) * max(0,-0.180-X2) - 1.34*max(0,-0.983-X3) * max(0,-0.575-X1) + 1.32*X3**2 + 1.32*max(0,-0.575-X1) + 1.29*abs(X4) + 1.28*max(0,-0.575-X1) * abs(X2) + 1.28*max(0,-0.650-X4) * max(0,-0.180-X2) + 1.27*max(0,X3-0.350) * max(0,-0.575-X1) + 1.26*abs(X1) + 1.26*max(0,X0-1.24) - 1.25*max(0,X3-0.350) - 1.25*max(0,-1.09-X2) - 1.24*max(0,-1.05-X0) * max(0,-0.180-X2) - 1.23*max(0,-0.983-X3) * max(0,X2-0.273) - 1.22*max(0,-0.0947-X3) + 1.21*max(0,X0-1.24) * max(0,-0.575-X1) + 1.20*max(0,-0.592-X0) * max(0,X3-0.350) - 1.18*max(0,X3-0.794) - 1.17*max(0,X1+0.121) * max(0,X2+0.180) + 1.14*max(0,-1.11-X4) * max(0,X2-0.273) - 1.14*max(0,-1.11-X4) * max(0,-0.121-X1) + 1.10*max(0,-1.05-X0) * abs(X2) + 1.09*max(0,-0.592-X0) * max(0,-0.983-X3) - 1.07*abs(X0) + 1.06*max(0,-0.650-X4) - 1.03*max(0,-0.983-X3) * abs(X2) - 1.01*max(0,-0.539-X3) + 1.00*max(0,X4-0.733) - 0.987*X4**2 - 0.970*max(0,-0.575-X1) * max(0,X2-0.273) + 0.830*max(0,X0+0.134) + 0.806*abs(X2) + 0.790*max(0,X2+0.180) * max(0,X3-0.350) - 0.780*max(0,X2+0.180) + 0.772*max(0,-0.134-X0) - 0.746*max(0,X4+0.189) + 0.742*max(0,X3-0.350) * abs(X2) + 0.738*max(0,-0.650-X4) * max(0,X2+0.180) + 0.717*max(0,-0.650-X4) * max(0,-1.11-X4) + 0.700*max(0,-1.09-X2) * max(0,-0.983-X3) + 0.700*X0**2 - 0.693*max(0,-0.592-X0) * max(0,-0.121-X1) - 0.634*max(0,X2-0.273) * abs(X2) - 0.627*max(0,-0.180-X2) - 0.621*max(0,-0.592-X0) * max(0,-0.575-X1) - 0.618*max(0,-1.05-X0) * max(0,-0.592-X0) + 0.605*max(0,-1.09-X2) * max(0,X3-0.350) - 0.593*max(0,X0-1.24) * max(0,X3-0.350) - 0.586*max(0,-0.189-X4) + 0.576*max(0,-0.983-X3) * max(0,-0.180-X2) - 0.572*max(0,X1+0.121) * max(0,-0.983-X3) + 0.552*max(0,-0.632-X2) - 0.550*max(0,-1.05-X0) - 0.529*max(0,X3-0.794) * max(0,-0.180-X2) + 0.522*max(0,X4-0.272) - 0.520*max(0,-0.650-X4) * max(0,X2-0.273) - 0.513*max(0,X3-0.350) * max(0,-0.121-X1) + 0.505*max(0,-1.11-X4) - 0.472*max(0,X0-0.782) - 0.468*max(0,-0.121-X1) + 0.455*max(0,X1+0.121) * max(0,-0.650-X4) + 0.445*max(0,1.24-X0) + 0.417*max(0,X0+0.592) - 0.409*max(0,X1+0.121) * max(0,X3-0.794) + 0.392*X1 + 0.374*max(0,-0.650-X4) * max(0,-0.983-X3) + 0.367*abs(X3) - 0.365*max(0,X2-0.273) + 0.359*max(0,-1.09-X2) * max(0,-0.180-X2) - 0.358*max(0,-0.983-X3) - 0.355*max(0,-0.592-X0) * abs(X2) + 0.332*max(0,X2+0.180) * abs(X2) - 0.321*X1**2 + 0.308*max(0,X1-1.24) + 0.307*max(0,X1-0.786) - 0.302*max(0,X1+0.121) * max(0,X2-0.273) - 0.300*max(0,0.324-X0) - 0.268*max(0,-0.121-X1) * abs(X2) + 0.237*max(0,-1.03-X1) + 0.233*max(0,-0.180-X2) * abs(X2) + 0.232*max(0,-0.121-X1) * max(0,X3-0.794) + 0.229*max(0,X2+0.180) * max(0,X3-0.794) + 0.219*max(0,X1+0.121) * max(0,-0.592-X0) - 0.218*max(0,X3-0.350) * max(0,-0.180-X2) + 0.214*X3 - 0.209*max(0,X2+1.09) + 0.209*X2**2 - 0.207*max(0,X1+0.121) * max(0,-1.11-X4) + 0.202*max(0,-0.575-X1) * max(0,-0.180-X2) + 0.184*max(0,X1+0.121) * max(0,X3-0.350) - 0.171*max(0,-0.121-X1) * max(0,-0.180-X2) - 0.146*max(0,0.726-X2) - 0.137*max(0,1.18-X2) - 0.134*max(0,X2+0.180) * max(0,-0.121-X1) - 0.132*max(0,-0.121-X1) * max(0,X2-0.273) - 0.119*max(0,0.350-X3) + 0.108*max(0,-1.09-X2) * abs(X2) + 0.0969*max(0,X2+0.632) - 0.0962*max(0,0.272-X4) - 0.0961*max(0,X2-1.18) + 0.0930*max(0,X1+0.121) * max(0,-1.05-X0) + 0.0895*max(0,X4+0.650) + 0.0877*max(0,0.733-X4) + 0.0793*max(0,1.24-X3) - 0.0779*max(0,X2+0.180) * max(0,X2-0.273) + 0.0774*max(0,X4-1.19) + 0.0736*max(0,0.782-X0) - 0.0721*max(0,X3-0.794) * abs(X2) - 0.0687*max(0,-0.575-X1) * max(0,X3-0.794) + 0.0651*max(0,X3+0.983) - 0.0626*max(0,0.333-X1) - 0.0473*max(0,-0.983-X3) * max(0,-0.121-X1) - 0.0469*max(0,1.24-X1) - 0.0403*max(0,X1-0.333) + 0.0340*max(0,0.786-X1) + 0.0316*X0 + 0.0294*max(0,X3+0.539) - 0.0206*max(0,X4+1.11) + 0.0182*max(0,X2+0.180) * max(0,-0.575-X1) - 0.00786*max(0,X0+1.05) + 0.00345*X4 - 0.000679*max(0,0.794-X3) - 0.000595*max(0,X2+0.180) * max(0,-1.11-X4) - 0.000394*max(0,1.19-X4) + 5.03e-5*X2"
ffx,feynman_II_24_17,ok,0.992013,0.073988,889,14.78,,"-0.608 - 9.32*max(0,X2-0.370) * max(0,X1-1.31) - 6.04*max(0,-0.932-X1) * max(0,X2-0.370) + 4.62*max(0,X2+0.0855) * max(0,X1-1.31) + 4.34*max(0,X2-0.825) * max(0,X1-1.31) + 3.86*max(0,X2-0.370) * max(0,X1-0.865) + 3.25*max(0,-0.932-X1) * max(0,X2-0.825) + 3.09*max(0,-0.932-X1) * max(0,X2+0.0855) + 2.17*max(0,-0.482-X1) * max(0,X2-0.370) - 1.71*max(0,X2-0.825) * max(0,X1-0.865) - 1.63*max(0,-0.482-X1) * max(0,X2-0.825) - 1.48*max(0,X1-1.31) - 1.46*max(0,X2+0.0855) * max(0,X1-0.865) - 1.13*max(0,X2-1.28) - 1.09*max(0,X2-0.825) - 1.05*max(0,-0.482-X1) * max(0,X2+0.0855) + 0.956*max(0,X2-0.825) * abs(X2) + 0.892*max(0,-0.932-X1) * abs(X2) - 0.876*max(0,-0.932-X1) * max(0,-0.482-X1) - 0.853*max(0,X0-0.374) * max(0,X1-1.31) - 0.820*abs(X2) * max(0,X1-0.865) - 0.793*X1 + 0.768*max(0,-0.932-X1) + 0.742*abs(X2) * max(0,X1-1.31) + 0.733*X1**2 + 0.655*max(0,-0.932-X1) * X1 + 0.639*X0 + 0.561*X0 * abs(X2) - 0.531*max(0,-0.541-X2) - 0.525*abs(X1) - 0.520*max(0,-0.0855-X2) * X0 + 0.454*max(0,X2+0.0855) - 0.428*max(0,-0.932-X1) * max(0,-0.0855-X2) + 0.414*max(0,X1-0.865) - 0.399*max(0,X2-0.370) * X1 + 0.374*max(0,-0.980-X0) - 0.369*max(0,X2-0.370) * X0 + 0.362*max(0,-0.0331-X1) + 0.352*max(0,X0-1.28) + 0.350*max(0,X2+0.0855) * max(0,X2-0.370) - 0.344*max(0,X1-0.865) * X1 - 0.340*max(0,-0.996-X2) - 0.339*max(0,X1-0.416) + 0.323*max(0,-0.0855-X2) * max(0,X1-0.865) + 0.323*max(0,-0.0855-X2) * abs(X2) - 0.301*max(0,X0-0.374) * max(0,-0.482-X1) + 0.287*max(0,X2-0.825) * max(0,X2-0.370) - 0.274*max(0,-0.0855-X2) * max(0,X1-1.31) + 0.265*X0 * max(0,X1-1.31) - 0.259*max(0,-0.482-X1) * abs(X2) + 0.257*max(0,0.374-X0) - 0.240*max(0,X2+0.0855) * X0 + 0.231*max(0,-0.0776-X0) + 0.222*max(0,X1-1.31) * max(0,X1-0.865) - 0.220*max(0,X2-0.370) * abs(X2) - 0.216*max(0,X2-0.825) * max(0,X2+0.0855) + 0.212*max(0,1.31-X1) + 0.203*max(0,X0-0.374) - 0.200*max(0,X0-0.374) * max(0,X1-0.865) + 0.199*abs(X2) * X1 - 0.186*max(0,0.416-X1) - 0.185*max(0,X2-0.370) + 0.177*max(0,-0.482-X1) * X1 + 0.166*max(0,-0.482-X1) * max(0,-0.0855-X2) - 0.166*max(0,-0.0855-X2) * X1 + 0.152*max(0,-0.0855-X2) - 0.145*max(0,-0.529-X0) + 0.145*max(0,X1-1.31) * X1 + 0.139*X0 * max(0,X1-0.865) + 0.134*max(0,X1+0.0331) - 0.133*abs(X0) + 0.133*max(0,X2+0.0855) * X1 - 0.128*abs(X2) - 0.120*max(0,-0.482-X1) - 0.115*X0**2 + 0.112*max(0,X0-0.825) + 0.101*max(0,0.825-X2) - 0.0967*max(0,X0-0.374) * max(0,X2-0.825) - 0.0947*max(0,X0-0.374) * max(0,-0.0855-X2) - 0.0858*max(0,X2+0.0855) * abs(X2) - 0.0844*X2**2 - 0.0809*X0 * X1 + 0.0737*max(0,X1+0.482) + 0.0736*max(0,X2+0.996) - 0.0732*max(0,X0-0.374) * max(0,X2-0.370) + 0.0659*max(0,X2-0.825) * X0 + 0.0566*max(0,-0.482-X1) * X0 - 0.0528*max(0,X0-0.374) * X0 - 0.0454*max(0,1.28-X2) - 0.0452*max(0,X0-0.374) * X1 + 0.0382*max(0,0.370-X2) + 0.0151*max(0,X0-0.374) * abs(X2) - 0.0149*X2 - 0.0119*max(0,X2-0.825) * X1 - 0.00752*max(0,X0-0.374) * max(0,X2+0.0855) - 0.00476*max(0,-0.932-X1) * X0"
ffx,feynman_II_27_16,ok,0.935758,24.458282,1025,22.53,,"0.244 - 6.80*max(0,X2-1.27) - 4.54*max(0,-0.541-X0) * max(0,X1-0.172) + 4.54*max(0,-0.778-X1) * max(0,X2-1.27) + 3.88*max(0,X2+0.106) * max(0,X2-1.27) - 3.85*max(0,-0.541-X0) * max(0,X2-1.27) - 3.22*X0 * max(0,X2-1.27) - 2.88*max(0,X0-1.28) * max(0,X0-0.371) + 2.82*max(0,-0.778-X1) * max(0,X0-1.28) + 2.67*max(0,X0-0.371) * max(0,X2-1.27) - 2.65*abs(X1) * max(0,X2-1.27) - 2.43*max(0,-0.106-X2) + 2.27*abs(X2) * max(0,X2-1.27) + 2.08*max(0,-0.778-X1) * max(0,-0.106-X2) + 2.04*max(0,-0.541-X0) * abs(X1) + 1.98*max(0,-0.541-X0) * X1 + 1.92*X0 * max(0,X0-1.28) - 1.78*max(0,-0.778-X1) * max(0,X0-0.371) - 1.47*max(0,-0.997-X0) - 1.45*max(0,-0.541-X0) - 1.34*max(0,0.371-X0) - 1.32*max(0,-0.778-X1) * abs(X2) + 1.22*X1 * max(0,X2-1.27) + 1.12*max(0,X1-0.646) - 1.08*max(0,0.371-X0) * max(0,X2-1.27) + 1.05*max(0,-0.778-X1) * max(0,X2+0.106) - 0.946*max(0,X1-0.172) * max(0,X0-0.371) + 0.941*X1 * max(0,X0-1.28) + 0.887*max(0,X2+0.106) + 0.885*max(0,-0.0845-X0) + 0.861*max(0,-1.25-X1) - 0.837*max(0,0.172-X1) + 0.812*abs(X2) + 0.796*max(0,-0.778-X1) - 0.786*max(0,-0.106-X2) * max(0,X0-0.371) + 0.775*max(0,X1-0.172) * max(0,X2-1.27) - 0.755*max(0,-0.778-X1) * abs(X1) - 0.727*abs(X0) - 0.690*abs(X2) * max(0,X2+0.106) + 0.675*abs(X1) * max(0,X0-0.371) + 0.666*max(0,X0-0.371) - 0.666*abs(X1) * max(0,-0.106-X2) + 0.645*X0**2 + 0.633*max(0,X1-0.172) + 0.632*max(0,-0.541-X0) * max(0,-0.106-X2) + 0.616*max(0,-0.106-X2) * max(0,X0-1.28) - 0.606*max(0,X1-0.172) * max(0,X0-1.28) + 0.605*X0 * max(0,-0.778-X1) - 0.586*abs(X1) * max(0,X1-0.172) - 0.550*max(0,-1.03-X2) + 0.537*max(0,X2+0.106) * X1 + 0.532*max(0,X1-1.12) - 0.522*abs(X1) * max(0,X0-1.28) + 0.500*max(0,X1-0.172) * max(0,-0.106-X2) - 0.460*max(0,X1+0.303) + 0.449*max(0,0.371-X0) * max(0,X1-0.172) + 0.443*max(0,0.371-X0) * abs(X1) - 0.434*X0 * max(0,0.371-X0) + 0.424*max(0,X2-0.814) + 0.396*abs(X2) * max(0,-0.106-X2) + 0.386*max(0,-0.541-X0) * max(0,X2+0.106) - 0.378*max(0,X2+0.106) * max(0,X0-0.371) + 0.378*abs(X2) * max(0,X0-0.371) - 0.370*abs(X2) * max(0,X1-0.172) - 0.366*max(0,-0.303-X1) + 0.365*abs(X1) + 0.352*max(0,1.12-X1) + 0.349*X1 + 0.341*max(0,X2-0.354) - 0.336*X2 - 0.322*max(0,X0+0.0845) - 0.309*max(0,0.371-X0) * X1 + 0.308*X0 * max(0,X2+0.106) + 0.293*max(0,0.354-X2) - 0.283*max(0,0.371-X0) * max(0,X2+0.106) + 0.272*abs(X2) * abs(X1) - 0.267*max(0,-0.541-X0) * abs(X2) - 0.254*X0 * max(0,X0-0.371) + 0.253*X2**2 - 0.243*X0 - 0.240*max(0,0.371-X0) * max(0,-0.106-X2) + 0.236*max(0,X1+0.778) + 0.235*max(0,X0-1.28) * max(0,X2-1.27) + 0.229*X0 * abs(X1) + 0.208*max(0,-0.778-X1) * max(0,0.371-X0) + 0.194*max(0,X2+0.106) * max(0,X0-1.28) - 0.168*max(0,1.27-X2) - 0.163*X1 * max(0,X1-0.172) - 0.151*X1 * abs(X1) - 0.131*max(0,X0-1.28) - 0.126*max(0,X1+1.25) - 0.125*abs(X2) * X1 - 0.119*abs(X2) * max(0,X0-1.28) + 0.0993*X1 * max(0,X0-0.371) + 0.0977*max(0,0.814-X2) + 0.0966*X0 * X1 - 0.0903*X1**2 + 0.0891*max(0,X2+0.106) * max(0,X1-0.172) - 0.0876*X0 * max(0,-0.106-X2) + 0.0870*max(0,0.646-X1) + 0.0820*X0 * max(0,X1-0.172) - 0.0802*max(0,1.28-X0) - 0.0760*max(0,X2+1.03) - 0.0729*max(0,X0-0.827) - 0.0602*max(0,X2+0.566) + 0.0564*X1 * max(0,-0.106-X2) - 0.0477*X0 * abs(X2) - 0.0158*max(0,0.371-X0) * abs(X2) + 0.0132*max(0,X0+0.997) + 0.000941*max(0,X2+0.106) * abs(X1) + 0.000196*max(0,-0.778-X1) * X1"
ffx,feynman_II_27_18,ok,0.99406,1.418869,498,13.17,,"-0.111 - 15.1*max(0,X1-1.28) * max(0,X0-1.22) + 5.46*max(0,X0-0.223) * max(0,X1-1.28) + 5.09*max(0,X1-0.316) * max(0,X0-1.22) - 3.30*max(0,X0-0.223) * max(0,X0-1.22) - 2.25*max(0,X0+0.275) * max(0,X1-1.28) - 2.14*max(0,-0.650-X1) * max(0,X0-1.22) - 2.08*max(0,X1-0.316) * max(0,X0-0.223) + 1.94*max(0,X0-0.223) + 1.75*max(0,X1-1.28) - 1.58*X1 * max(0,X0-1.22) + 1.39*max(0,-1.13-X1) * max(0,X0-1.22) + 1.29*max(0,X0+0.275) * max(0,X1-0.316) + 1.14*max(0,X0-0.223) * X1 + 1.07*max(0,X0+0.275) * max(0,X0-1.22) + 1.06*abs(X0) * max(0,X0-1.22) + 0.980*max(0,X0-1.22) + 0.882*X1 - 0.817*max(0,-1.13-X1) + 0.752*max(0,-0.650-X1) * max(0,X0-0.223) - 0.739*X1 * max(0,-1.13-X1) + 0.620*max(0,X1-0.799) + 0.558*max(0,X0-0.223) * max(0,-1.13-X1) - 0.533*max(0,X1-0.316) * max(0,X1-1.28) + 0.512*max(0,X1-0.316) + 0.503*max(0,-1.27-X0) - 0.478*abs(X0) * max(0,X0-0.223) - 0.475*max(0,X1-0.316) * X1 - 0.440*abs(X0) - 0.405*max(0,X0+0.275) * max(0,-1.13-X1) - 0.349*abs(X0) * max(0,-1.13-X1) - 0.282*abs(X0) * max(0,X1-1.28) + 0.259*max(0,X0-0.721) - 0.249*max(0,X0+0.275) * max(0,-0.650-X1) + 0.247*abs(X0) * max(0,-0.650-X1) - 0.229*max(0,X0+0.275) * X1 + 0.226*max(0,X0+0.275) - 0.198*abs(X0) * X1 - 0.194*X0 - 0.170*max(0,X0+0.275) * max(0,X0-0.223) - 0.148*max(0,-0.774-X0) - 0.144*X1 * max(0,X1-1.28) - 0.121*X0**2 - 0.118*abs(X0) * max(0,X1-0.316) - 0.116*max(0,-0.650-X1) - 0.0897*max(0,-0.650-X1) * max(0,-1.13-X1) - 0.0615*max(0,-0.650-X1) * X1 - 0.0567*max(0,X1+1.13) + 0.0321*X1**2 + 0.0248*max(0,1.28-X1) - 0.0161*max(0,X0+1.27) + 0.00566*max(0,1.22-X0) - 0.000548*max(0,X0+0.275) * abs(X0) + 0.000135*max(0,X1+0.167)"
ffx,feynman_II_2_42,ok,0.188751,7.172471,1717,26.63,,"-0.824 - 212*max(0,X4-1.39) * max(0,X1-1.40) - 160*max(0,X4-1.39) * max(0,X2-1.20) + 54.1*max(0,X4-1.39) * max(0,X0-1.31) + 50.2*max(0,-0.968-X4) * max(0,X2-1.20) + 41.6*max(0,X1-1.40) * max(0,-0.968-X4) + 31.3*max(0,X0-1.31) * max(0,X1-1.40) + 28.9*max(0,X4-1.39) * max(0,X1-0.489) + 22.9*max(0,X2-1.20) * max(0,X0-0.862) - 22.3*max(0,X0-1.31) * max(0,-0.968-X4) - 20.1*max(0,-0.496-X4) * max(0,X2-1.20) + 17.6*max(0,X0-1.31) * max(0,-0.496-X4) - 15.2*max(0,-0.424-X1) * max(0,X2-1.20) - 15.2*max(0,X0-0.409) * max(0,X2-1.20) + 14.7*max(0,X0-1.31) * max(0,X2-1.20) - 14.5*max(0,X1-1.40) * max(0,-0.496-X4) - 14.5*max(0,X2-0.765) * max(0,-0.968-X4) - 14.2*max(0,X1-1.40) * max(0,X2-1.20) + 12.5*max(0,-0.424-X1) * max(0,-0.968-X4) - 11.5*max(0,X0-1.31) * max(0,X2-0.765) + 11.5*max(0,X4-1.39) * max(0,0.0325-X1) + 11.0*max(0,X2-0.765) * max(0,X2-1.20) - 9.74*max(0,X2-1.20) + 8.37*max(0,0.0325-X1) * max(0,X2-1.20) + 8.30*max(0,X0-1.31) * max(0,X0-0.862) - 7.78*max(0,-0.108-X2) * max(0,X0-1.31) + 7.61*max(0,-0.424-X1) * max(0,X2-0.765) + 7.17*max(0,X2-0.765) * max(0,-0.496-X4) - 7.08*max(0,X1-0.489) * max(0,-0.968-X4) + 6.90*max(0,X0-0.409) * max(0,X2-0.765) - 6.78*max(0,-0.424-X1) * max(0,X4-1.39) + 6.55*max(0,X1-1.40) - 6.35*max(0,0.0325-X1) * max(0,-0.968-X4) - 6.04*max(0,X2-0.765) * max(0,X0-0.862) - 5.93*max(0,-0.424-X1) * max(0,-0.496-X4) - 5.64*max(0,-0.424-X1) * max(0,X0-0.862) - 5.62*max(0,-0.424-X1) * max(0,X0-1.31) - 5.46*max(0,X0-0.409) * max(0,X1-1.40) + 5.04*max(0,0.0325-X1) * max(0,X0-0.862) + 4.71*max(0,X2-0.765) * max(0,X1-1.40) - 4.64*max(0,-0.496-X4) * max(0,X0-0.862) - 4.53*max(0,X0-0.862) - 4.29*max(0,-0.225-X3) * max(0,X0-1.31) + 4.03*max(0,X0-1.31) - 4.01*max(0,0.0325-X1) * max(0,X2-0.765) + 3.79*max(0,X1-1.40) * max(0,X0-0.862) + 3.59*max(0,X0-0.409) * max(0,-0.968-X4) + 3.56*max(0,0.0325-X1) * max(0,-0.496-X4) + 3.54*max(0,-0.225-X3) * max(0,X1-1.40) - 3.38*max(0,X4-1.39) * max(0,X0-0.409) - 3.35*abs(X3) * max(0,X0-1.31) - 3.09*max(0,X0-1.31) * max(0,X0-0.409) + 2.79*abs(X3) * max(0,X2-1.20) + 2.66*max(0,-0.108-X2) * max(0,X0-0.862) + 2.53*max(0,-0.108-X2) * max(0,X4-1.39) + 2.50*max(0,0.0325-X1) + 2.33*max(0,X1-0.489) * max(0,-0.496-X4) + 2.26*max(0,-0.424-X1) * max(0,X0-0.409) - 2.12*max(0,0.0325-X1) * max(0,X0-1.31) - 2.08*max(0,X4-1.39) * max(0,-0.225-X3) - 1.83*max(0,X1-1.40) * max(0,X1-0.489) - 1.83*max(0,0.0325-X1) * max(0,X0-0.409) + 1.82*max(0,-0.880-X1) + 1.80*abs(X3) * max(0,X0-0.862) - 1.62*abs(X3) * max(0,X4-1.39) + 1.53*max(0,X1-0.489) - 1.51*max(0,-0.968-X4) - 1.46*abs(X3) - 1.39*max(0,-0.703-X3) - 1.37*max(0,-0.225-X3) * max(0,0.0325-X1) - 1.36*max(0,-0.108-X2) * max(0,X0-0.409) - 1.28*max(0,X3-0.730) + 1.24*max(0,X3+0.225) + 1.21*max(0,-0.544-X2) + 1.18*max(0,-0.424-X1) + 1.16*abs(X3) * max(0,-0.225-X3) - 1.16*max(0,-0.108-X2) * max(0,-0.968-X4) + 1.14*max(0,X0-0.409) + 1.12*max(0,X2-0.329) + 1.12*max(0,-0.424-X1) * max(0,-0.225-X3) + 1.08*max(0,X3-0.252) - 1.01*max(0,X1-0.945) + 1.00*max(0,-0.225-X3) * max(0,-0.968-X4) + 0.997*max(0,-0.980-X2) - 0.993*max(0,-0.968-X4) * max(0,X0-0.862) + 0.971*max(0,X2-0.765) - 0.946*X1**2 - 0.933*max(0,-0.424-X1) * max(0,0.0325-X1) + 0.931*max(0,X2-0.765) * max(0,X1-0.489) - 0.895*X2**2 - 0.875*max(0,0.489-X1) - 0.873*max(0,-0.225-X3) * max(0,X1-0.489) - 0.819*max(0,-0.225-X3) * max(0,X2-0.765) + 0.799*max(0,X4-1.39) * max(0,X2-0.765) - 0.793*max(0,X4-0.446) - 0.774*max(0,-0.108-X2) * max(0,X1-1.40) + 0.767*max(0,-0.496-X4) * max(0,-0.968-X4) - 0.739*max(0,-1.18-X3) - 0.716*max(0,X4-1.39) - 0.674*max(0,-0.225-X3) * max(0,X2-1.20) + 0.661*abs(X3) * max(0,0.0325-X1) + 0.654*max(0,-0.496-X4) - 0.623*max(0,X0-1.31) * max(0,X1-0.489) + 0.607*max(0,X0-0.409) * max(0,X0-0.862) + 0.592*max(0,1.21-X3) - 0.579*max(0,-0.108-X2) * max(0,-0.496-X4) - 0.553*max(0,-0.108-X2) * max(0,-0.424-X1) + 0.530*max(0,0.409-X0) + 0.526*abs(X3) * max(0,X1-1.40) + 0.503*max(0,0.252-X3) - 0.500*abs(X3) * max(0,-0.424-X1) - 0.488*max(0,-0.225-X3) + 0.477*max(0,-0.108-X2) * max(0,X1-0.489) - 0.456*abs(X1) + 0.428*max(0,0.730-X3) + 0.405*max(0,-0.108-X2) * max(0,0.0325-X1) - 0.392*max(0,0.862-X0) - 0.386*max(0,-0.225-X3) * max(0,-0.496-X4) + 0.377*max(0,X1+0.424) - 0.361*max(0,-0.498-X0) + 0.359*max(0,X1-0.489) * max(0,X2-1.20) - 0.353*max(0,-0.225-X3) * max(0,X0-0.409) - 0.347*abs(X3) * max(0,-0.496-X4) + 0.346*max(0,X1-0.489) * max(0,X0-0.862) + 0.335*X3 + 0.329*max(0,-0.225-X3) * max(0,X0-0.862) - 0.290*abs(X3) * max(0,X0-0.409) - 0.289*max(0,0.329-X2) + 0.288*max(0,-0.108-X2) * max(0,-0.225-X3) + 0.262*max(0,X4+0.496) + 0.262*X4**2 - 0.252*abs(X3) * max(0,X1-0.489) + 0.246*max(0,X0-0.409) * max(0,-0.496-X4) - 0.201*max(0,X1-0.0325) + 0.164*max(0,-0.951-X0) - 0.145*max(0,X4-0.917) - 0.137*abs(X3) * max(0,-0.968-X4) - 0.133*max(0,0.945-X1) + 0.0976*max(0,X4-1.39) * max(0,X0-0.862) + 0.0902*max(0,X2+0.108) + 0.0885*abs(X3) * max(0,X2-0.765) + 0.0860*max(0,1.40-X1) - 0.0784*max(0,X3+1.18) - 0.0763*max(0,0.446-X4) - 0.0640*X1 - 0.0503*max(0,-0.108-X2) * abs(X3) + 0.0494*X3**2 + 0.0359*max(0,X0-0.409) * max(0,X1-0.489) + 0.0347*max(0,-0.108-X2) + 0.0308*abs(X4) * max(0,X0-0.862) + 0.0260*abs(X4) + 0.0247*max(0,-0.0253-X4) - 0.0236*X4 + 0.00420*max(0,1.39-X4) + 0.00349*max(0,0.917-X4) + 0.00217*max(0,X3-1.21) + 0.000957*X2 + 0.000235*max(0,X4+0.0253)"
ffx,feynman_II_34_11,ok,0.065263,5.329952,1469,32.26,,"-0.409 + 43.5*max(0,X0-1.29) * max(0,X3-1.30) + 31.9*max(0,X3-1.30) * max(0,X2-1.19) - 24.8*max(0,X0-1.29) * max(0,-1.02-X3) - 21.2*max(0,X0-1.29) * max(0,X3-0.836) - 18.6*max(0,X3-0.836) * max(0,X2-1.19) - 16.6*max(0,-0.940-X0) * max(0,X3-1.30) + 13.4*max(0,X0-1.29) * max(0,X2-0.286) - 11.0*max(0,-0.940-X0) * max(0,X2-1.19) - 9.23*max(0,X0-1.29) * max(0,-1.12-X1) - 7.81*max(0,X2-1.19) - 7.46*max(0,X2+0.165) * max(0,X0-1.29) + 7.27*abs(X2) * max(0,X2-1.19) + 6.53*max(0,-0.494-X0) * max(0,X3-1.30) - 6.31*max(0,-0.940-X0) * max(0,-1.02-X3) - 5.63*max(0,X0-1.29) * max(0,X2-1.19) + 5.50*max(0,-0.494-X0) * max(0,X2-1.19) + 5.02*max(0,-0.494-X0) * max(0,-1.02-X3) + 4.94*max(0,X2-0.286) * max(0,-1.02-X3) + 4.85*max(0,-1.12-X1) * max(0,-1.02-X3) + 4.81*max(0,-0.940-X0) * max(0,-1.12-X1) - 4.68*max(0,-0.553-X3) * max(0,-1.12-X1) - 4.16*max(0,X3-1.30) * abs(X2) + 3.51*max(0,-0.940-X0) * abs(X2) - 3.38*max(0,-1.02-X3) - 3.30*max(0,-0.940-X0) * max(0,X2+0.165) + 3.29*max(0,X3-0.836) * max(0,X3-1.30) + 3.24*max(0,X2-0.286) + 3.12*max(0,-0.553-X3) * max(0,X2-0.286) + 3.08*max(0,X3-0.836) * max(0,X2-0.286) - 2.99*max(0,X3-1.30) + 2.95*max(0,-0.165-X2) * max(0,-1.02-X3) - 2.89*max(0,-1.12-X1) + 2.71*max(0,X3-0.836) * max(0,-1.12-X1) + 2.57*max(0,-0.940-X0) * max(0,X2-0.286) - 2.54*max(0,-0.553-X3) * max(0,X2-1.19) + 2.54*max(0,-0.940-X0) * max(0,X3-0.836) + 2.46*max(0,X2-0.737) - 2.43*max(0,-0.940-X0) - 2.42*max(0,X2-1.19) * max(0,-1.02-X3) + 2.36*max(0,-0.553-X3) * max(0,-1.02-X3) + 2.19*max(0,X2-0.286) * max(0,X2-1.19) - 2.19*max(0,X2+0.165) * max(0,X2-1.19) - 2.10*max(0,X2+0.165) * max(0,-1.02-X3) - 2.01*max(0,-1.12-X1) * max(0,X2-1.19) + 1.89*abs(X1) * max(0,-1.12-X1) - 1.87*max(0,-1.12-X1) * max(0,-0.165-X2) - 1.83*max(0,X0+0.0487) - 1.83*max(0,X2+0.165) * max(0,-1.12-X1) + 1.81*abs(X0) - 1.79*max(0,X0-1.29) * max(0,-0.553-X3) - 1.76*max(0,-0.553-X3) * abs(X2) + 1.75*max(0,-1.07-X2) - 1.68*max(0,-0.0903-X3) + 1.65*max(0,-0.165-X2) + 1.61*max(0,-0.494-X0) * max(0,-0.940-X0) + 1.57*X0 * max(0,X2-1.19) - 1.49*max(0,-0.0487-X0) - 1.42*max(0,X2-0.286) * abs(X2) - 1.39*max(0,-0.940-X0) * max(0,-0.165-X2) + 1.36*X0 * max(0,-1.02-X3) + 1.27*abs(X1) * max(0,X0-1.29) + 1.26*max(0,-1.12-X1) * abs(X2) + 1.25*max(0,X0-1.29) + 1.22*max(0,-0.494-X0) + 1.17*max(0,X3-1.30) * max(0,-0.165-X2) + 1.16*abs(X1) * max(0,X3-1.30) - 1.15*max(0,X3-0.373) + 1.13*X3**2 + 1.11*max(0,-0.494-X0) * max(0,X2-0.286) - 1.10*max(0,X2+0.165) * max(0,X3-0.836) - 1.09*X2**2 - 1.09*max(0,-0.494-X0) * max(0,-0.553-X3) - 1.05*max(0,X3+0.0903) - 1.03*abs(X1) * max(0,-1.02-X3) - 1.00*max(0,-0.494-X0) * max(0,X3-0.836) - 0.950*abs(X2) * max(0,-1.02-X3) + 0.940*max(0,-0.494-X0) * max(0,-1.12-X1) + 0.921*max(0,-0.616-X2) - 0.917*max(0,-0.648-X1) + 0.914*max(0,-0.940-X0) * max(0,-0.553-X3) + 0.878*max(0,X2+0.165) * max(0,X3-1.30) + 0.847*max(0,X2+0.165) + 0.835*max(0,X3-0.836) * max(0,-0.165-X2) + 0.833*X0 - 0.813*max(0,-0.494-X0) * abs(X2) + 0.786*max(0,-1.12-X1) * max(0,X2-0.286) + 0.763*abs(X3) - 0.696*max(0,X0-1.29) * abs(X2) - 0.670*max(0,0.286-X2) + 0.665*max(0,X0+0.494) - 0.595*abs(X1) * max(0,X2-0.286) - 0.591*max(0,X1-0.777) + 0.588*max(0,X0-1.29) * max(0,-0.165-X2) + 0.579*X0 * max(0,X2-0.286) + 0.569*max(0,X0-0.842) - 0.540*max(0,-0.494-X0) * max(0,-0.165-X2) - 0.530*max(0,X3-0.836) - 0.525*X3 - 0.520*abs(X1) - 0.504*max(0,X2+0.165) * abs(X2) - 0.495*max(0,X0-0.397) + 0.494*abs(X1) * max(0,X2+0.165) - 0.490*abs(X2) - 0.474*max(0,X1-1.25) - 0.461*X0 * abs(X2) - 0.457*abs(X1) * max(0,X3-0.836) + 0.456*max(0,-0.553-X3) + 0.438*abs(X1) * max(0,-0.553-X3) + 0.436*abs(X1) * max(0,-0.165-X2) + 0.429*max(0,X1+0.173) + 0.399*X1**2 - 0.394*abs(X1) * abs(X2) - 0.391*X0**2 + 0.380*max(0,-1.12-X1) * max(0,X3-1.30) + 0.369*max(0,X3-1.30) * max(0,X2-0.286) - 0.356*max(0,-0.165-X2) * abs(X2) - 0.338*X2 + 0.320*abs(X1) * max(0,X2-1.19) + 0.304*max(0,-0.553-X3) * max(0,-0.165-X2) - 0.298*abs(X1) * max(0,-0.940-X0) - 0.278*max(0,-0.494-X0) * max(0,X2+0.165) - 0.243*max(0,0.836-X3) + 0.225*max(0,0.397-X0) - 0.209*max(0,X2+1.07) - 0.194*abs(X1) * max(0,-0.494-X0) + 0.186*max(0,X2+0.165) * max(0,X2-0.286) + 0.165*max(0,-0.173-X1) + 0.165*max(0,X1+0.648) + 0.157*max(0,1.29-X0) - 0.157*max(0,X2+0.165) * max(0,-0.553-X3) + 0.137*max(0,0.777-X1) + 0.113*X0 * max(0,-0.165-X2) + 0.112*max(0,1.19-X2) + 0.103*max(0,X1-0.302) - 0.0864*max(0,0.737-X2) + 0.0800*max(0,X3-0.836) * abs(X2) + 0.0544*X1 - 0.0209*max(0,X2+0.616) - 0.0194*max(0,X3+0.553) - 0.00937*max(0,X1+1.12) - 0.00167*max(0,1.25-X1)"
ffx,feynman_II_34_2,ok,0.994383,0.718899,79,9.89,,(-0.0773 + 0.481*X1 + 0.436*X0 + 0.429*X2 + 0.0617*X0 * X2 - 0.0444*X0**2 - 0.0437*X1**2 + 0.0325*X0 * X1 - 0.0295*X2**2 + 0.0198*X2 * X1 + 0.000345*X1 + 0.000254*X2 - 5.49e-5*X1**2 + 4.50e-5*X1 * X2 - 2.07e-5*X2**2) / (1.0 - 0.164*X1 - 0.132*X2 - 0.126*X0 + 0.0656*X2 * X1 - 0.0328*X2**2 + 0.0225*X0 * X1 + 0.0161*X0**2 - 0.0126*X2**2 + 0.00988*X0 * X2 + 0.00392*X2 - 0.00125*X1 + 0.000108*X1 * X2 - 5.46e-5*X1**2 - 2.84e-5*X1**2)
ffx,feynman_II_34_29a,ok,0.989867,0.018559,380,11.02,,"-0.591 - 3.10*max(0,-1.04-X1) + 1.29*max(0,1.20-X1) * max(0,-1.04-X1) + 1.20*max(0,-0.0797-X2) * max(0,-0.995-X2) + 1.09*X0 * max(0,-0.995-X2) - 0.891*max(0,X2-1.29) * max(0,-1.04-X1) + 0.683*X0 - 0.664*max(0,1.20-X1) * max(0,-0.995-X2) + 0.556*max(0,-1.04-X1) * max(0,-0.995-X2) - 0.519*max(0,X2-1.29) + 0.370*max(0,0.836-X2) - 0.339*max(0,X2-1.29) * max(0,X0+1.03) - 0.332*max(0,X0+1.03) * max(0,-0.995-X2) - 0.294*max(0,-0.0797-X2) - 0.265*X2 + 0.251*max(0,X0+1.03) - 0.243*max(0,0.836-X2) * max(0,1.20-X1) + 0.231*max(0,1.32-X0) - 0.214*max(0,X0+1.03) * max(0,1.20-X1) - 0.209*max(0,X0+0.0898) - 0.204*max(0,-0.0797-X2) * max(0,-1.04-X1) - 0.174*max(0,X0+1.03) * max(0,-1.04-X1) + 0.173*X2**2 + 0.168*max(0,0.836-X2) * max(0,-0.0797-X2) + 0.165*max(0,-0.995-X2) + 0.165*max(0,0.836-X2) * max(0,X0+1.03) - 0.153*max(0,0.836-X2) * max(0,-1.04-X1) - 0.0913*max(0,0.836-X2) * max(0,-0.995-X2) + 0.0893*max(0,X1-0.302) - 0.0538*max(0,1.20-X1) - 0.0521*max(0,X2-1.29) * max(0,1.20-X1) + 0.0466*max(0,-0.0797-X2) * max(0,1.20-X1) + 0.0344*X0**2 - 0.0272*max(0,X0+1.03) * max(0,-0.0797-X2)"
ffx,feynman_II_34_29b,ok,0.939092,51.983419,135,12.91,,(-0.141 - 0.257*X1 + 0.241*X2 + 0.235*X0 + 0.231*X4 + 0.218*X3 + 0.0576*X4 - 0.0496*X4**2 + 0.0487*X1**2 - 0.0402*X3**2 - 0.0287*X2**2 + 0.0266*X1 * X4 + 0.0252*X1 * X2 + 0.0181*X0 * X4 - 0.00910*X0**2 + 0.00625*X0 * X2 - 0.00441*X2 * X4 - 0.00107*X4**2 + 0.000625*X0 * X1) / (1.0 - 0.212*X4 - 0.196*X2 + 0.179*X1 - 0.148*X0 - 0.0995*X3 - 0.0951*X1**2 - 0.0809*X1 * X2 + 0.0667*X0 * X4 - 0.0484*X0**2 - 0.0475*X1 * X4 + 0.0453*X4**2 - 0.0436*X0 * X1 + 0.0404*X0 * X2 + 0.0290*X2 * X4 - 0.0166*X3**2 - 0.00578*X4 + 0.00151*X2**2 + 7.61e-6*X4**2)
ffx,feynman_II_34_2a,ok,0.937639,0.129718,1095,19.12,,"0.173 - 13.5*max(0,-1.02-X2) * max(0,X1-1.11) - 8.17*max(0,X0-0.833) * max(0,X1-1.11) - 7.78*max(0,-0.665-X0) * max(0,X1-1.11) + 5.25*max(0,-1.02-X2) * max(0,X1-0.662) - 5.17*max(0,X2-1.24) * max(0,-0.166-X0) - 4.89*max(0,-1.02-X2) * max(0,-0.166-X0) - 3.82*max(0,-1.02-X2) * max(0,X0-0.833) + 3.64*max(0,-0.665-X0) * max(0,X1-0.662) + 3.47*abs(X0) * max(0,X1-1.11) - 3.29*max(0,X1-1.11) + 2.87*max(0,X2-1.24) * max(0,-0.665-X0) - 2.84*max(0,X2-0.335) + 2.52*max(0,X0-0.833) * max(0,X1-0.662) + 2.49*max(0,-1.02-X2) * abs(X0) - 2.43*max(0,X2-1.24) + 2.28*max(0,-0.680-X1) * max(0,-0.166-X0) + 2.21*max(0,X2-1.24) * max(0,X1-1.11) + 2.07*abs(X2) * max(0,X1-1.11) - 1.74*max(0,X2-0.335) * max(0,X1-1.11) - 1.61*max(0,X2-1.24) * max(0,-0.680-X1) + 1.49*max(0,-1.16-X0) + 1.47*max(0,X1-0.662) - 1.46*max(0,X2+0.116) + 1.45*max(0,X0-1.33) + 1.33*max(0,X2-1.24) * max(0,X0-0.833) + 1.31*max(0,X1-0.662) * max(0,X1-1.11) - 1.26*max(0,-0.680-X1) * max(0,-0.116-X2) + 1.22*max(0,X2-1.24) * max(0,X2-0.335) - 1.14*max(0,-1.02-X2) * X0 - 1.05*max(0,X2-1.24) * X0 + 0.992*X2**2 + 0.977*max(0,X0-0.833) + 0.973*max(0,-0.665-X0) - 0.959*max(0,X1-0.662) * max(0,-0.166-X0) + 0.923*X0 * max(0,-0.116-X2) - 0.898*abs(X0) * max(0,X1-0.662) - 0.886*max(0,-0.680-X1) * abs(X0) - 0.819*max(0,X2-0.787) + 0.819*abs(X2) - 0.810*max(0,X1-0.662) * abs(X2) + 0.799*max(0,X2-1.24) * abs(X0) - 0.797*max(0,-0.166-X0) + 0.787*max(0,-1.13-X1) + 0.723*max(0,-0.680-X1) * abs(X2) + 0.706*abs(X0) * max(0,X2-0.335) + 0.694*max(0,X2-0.335) * abs(X2) + 0.652*max(0,-0.116-X2) * max(0,-0.166-X0) - 0.627*max(0,-0.680-X1) * max(0,-0.665-X0) - 0.557*max(0,X0-0.833) * abs(X0) - 0.547*max(0,0.787-X2) + 0.544*max(0,-1.02-X2) + 0.496*max(0,0.335-X2) - 0.480*max(0,-0.665-X0) * max(0,-0.166-X0) + 0.475*max(0,-0.116-X2) * max(0,X1-0.662) - 0.449*max(0,-0.116-X2) * abs(X2) + 0.442*max(0,-0.680-X1) * X0 - 0.435*X0 * abs(X2) + 0.434*max(0,X1+0.233) + 0.433*X0 * max(0,X1-1.11) - 0.433*max(0,1.24-X2) + 0.432*max(0,-0.665-X0) * max(0,X2-0.335) + 0.420*abs(X0) - 0.419*abs(X0) * abs(X2) - 0.398*max(0,-0.665-X0) * abs(X2) - 0.396*max(0,-1.02-X2) * max(0,-0.116-X2) + 0.390*max(0,X2-1.24) * abs(X2) - 0.378*X0 * max(0,X0-0.833) - 0.370*max(0,-0.567-X2) + 0.367*max(0,-0.665-X0) * max(0,-0.116-X2) + 0.365*max(0,-0.233-X1) + 0.332*max(0,X2-0.335) * max(0,X1-0.662) - 0.332*X1**2 - 0.306*max(0,X2-0.335) * max(0,-0.166-X0) + 0.284*max(0,X0-0.333) - 0.280*max(0,X2-1.24) * max(0,X1-0.662) + 0.273*max(0,0.333-X0) + 0.256*max(0,-0.166-X0) * max(0,X1-1.11) - 0.252*X0**2 + 0.246*max(0,X0-0.833) * max(0,X2-0.335) + 0.234*max(0,X2+0.567) - 0.223*max(0,-0.680-X1) * max(0,X2-0.335) + 0.198*max(0,X0-0.833) * max(0,-0.116-X2) + 0.191*max(0,X0+0.166) + 0.188*max(0,-1.02-X2) * abs(X2) + 0.179*max(0,X1-0.214) + 0.173*abs(X0) * max(0,-0.116-X2) - 0.171*abs(X1) - 0.166*abs(X0) * max(0,-0.166-X0) - 0.154*max(0,0.833-X0) + 0.121*X1 + 0.112*max(0,1.33-X0) + 0.101*X0 * abs(X0) + 0.0901*X0 * max(0,X2-0.335) - 0.0787*max(0,-0.680-X1) * max(0,X0-0.833) - 0.0780*max(0,-0.116-X2) * max(0,X1-1.11) + 0.0654*max(0,X2+1.02) - 0.0628*max(0,-0.680-X1) + 0.0410*max(0,X0+1.16) + 0.0363*X0 * max(0,-0.166-X0) - 0.0319*max(0,0.662-X1) - 0.0287*X0 * max(0,X1-0.662) + 0.0264*max(0,-0.665-X0) * abs(X0) - 0.0209*X0 - 0.0190*max(0,X0+0.665) + 0.0117*max(0,0.214-X1) + 0.00920*max(0,X0-0.833) * abs(X2) - 0.00522*X2 + 0.00261*abs(X2) * max(0,-0.166-X0) + 0.000272*max(0,-0.116-X2) - 2.01e-6*max(0,-0.665-X0) * X0"
ffx,feynman_II_35_18,ok,0.752028,0.140172,2060,42.5,,"0.543 - 30.9*max(0,-1.00-X2) * max(0,-0.953-X3) + 16.0*max(0,-0.534-X2) * max(0,-0.953-X3) - 14.9*max(0,X1-0.925) * max(0,-0.953-X3) + 14.7*max(0,-1.00-X2) * max(0,-0.525-X3) - 11.7*max(0,-0.625-X4) * max(0,-0.953-X3) + 7.29*max(0,-0.953-X3) * max(0,X1-0.0556) + 6.55*max(0,-0.953-X3) * max(0,-0.150-X4) + 6.48*max(0,-1.00-X2) * max(0,-0.625-X4) - 5.86*max(0,-0.534-X2) * max(0,-0.525-X3) + 5.49*max(0,X1-0.925) * max(0,-0.525-X3) + 4.94*max(0,-0.525-X3) * max(0,-0.625-X4) - 4.85*max(0,-1.00-X2) * abs(X4) - 4.78*max(0,-1.00-X2) * max(0,X1-0.0556) + 3.53*max(0,-0.953-X3) * max(0,0.0556-X1) - 2.83*max(0,-1.10-X4) - 2.73*max(0,-0.534-X2) * max(0,-0.625-X4) - 2.58*max(0,-1.00-X2) * max(0,-0.257-X0) - 2.57*max(0,-0.625-X4) * max(0,X1-0.0556) + 2.51*max(0,-1.00-X2) - 2.47*max(0,-0.625-X4) * max(0,0.0556-X1) - 2.44*max(0,-0.525-X3) * max(0,X1-0.0556) + 2.33*max(0,-1.00-X2) * abs(X1) + 2.23*max(0,-1.00-X2) * max(0,X4+0.150) + 2.09*max(0,X1-0.925) * max(0,-0.625-X4) + 2.06*max(0,-1.00-X2) * max(0,X3-0.333) + 1.95*max(0,-1.00-X2) * max(0,-0.534-X2) - 1.91*max(0,-0.525-X3) * max(0,-0.150-X4) - 1.89*max(0,-1.00-X2) * max(0,0.491-X1) + 1.88*max(0,-0.534-X2) * max(0,-0.257-X0) - 1.82*max(0,X4-0.799) - 1.82*max(0,-0.534-X2) - 1.79*abs(X4) * max(0,-0.525-X3) - 1.72*max(0,X3-0.333) * max(0,0.491-X1) + 1.71*max(0,-0.625-X4) * abs(X1) - 1.70*max(0,X1-1.36) + 1.66*max(0,X4+0.150) * max(0,-0.525-X3) - 1.65*max(0,X1-0.925) - 1.64*max(0,-0.150-X4) * max(0,X1-0.0556) - 1.58*abs(X4) * max(0,0.0556-X1) + 1.56*max(0,X3-0.333) * max(0,0.0556-X1) + 1.53*abs(X4) * max(0,-0.953-X3) - 1.49*max(0,-1.00-X2) * max(0,0.0556-X1) - 1.49*max(0,0.491-X1) * max(0,-0.953-X3) + 1.47*max(0,-0.534-X2) * abs(X4) + 1.47*max(0,-0.625-X4) * max(0,-0.150-X4) - 1.41*max(0,X3-0.333) * max(0,-0.150-X4) + 1.39*max(0,X1-0.925) * max(0,X1-0.0556) + 1.38*max(0,X3-0.333) * max(0,-0.625-X4) + 1.35*max(0,0.491-X1) * max(0,-0.625-X4) - 1.31*max(0,-0.150-X4) * max(0,0.0556-X1) - 1.29*max(0,-0.625-X4) + 1.24*abs(X4) * abs(X1) + 1.19*max(0,-0.534-X2) * max(0,0.491-X1) - 1.19*max(0,X3-0.333) - 1.18*max(0,-0.257-X0) * max(0,-0.953-X3) + 1.16*max(0,-0.534-X2) * abs(X1) - 1.14*max(0,-0.534-X2) * max(0,0.0556-X1) - 1.09*abs(X3) * max(0,-0.953-X3) - 1.08*abs(X3) * max(0,-0.525-X3) - 1.01*max(0,-0.953-X3) * X1 + 0.976*max(0,-0.150-X4) * abs(X1) - 0.967*max(0,X4+0.150) * max(0,X1-0.0556) + 0.940*max(0,X2-0.874) + 0.933*max(0,-0.534-X2) * max(0,-0.150-X4) + 0.900*max(0,-0.814-X1) + 0.895*max(0,X1-0.925) * max(0,X3-0.333) - 0.885*max(0,X4+0.150) * max(0,0.0556-X1) + 0.878*max(0,X0-0.636) + 0.873*abs(X2) - 0.792*max(0,-0.953-X3) * abs(X1) - 0.774*max(0,X1-0.0556) + 0.772*max(0,-0.953-X3) + 0.766*max(0,0.333-X3) + 0.759*max(0,-0.257-X0) * max(0,X1-0.0556) + 0.745*max(0,X0+0.257) - 0.740*X2**2 - 0.721*max(0,X3-0.333) * max(0,X1-0.0556) + 0.710*abs(X4) * max(0,-0.625-X4) - 0.703*abs(X1) * max(0,0.0556-X1) - 0.697*max(0,-0.534-X2) * abs(X3) - 0.693*abs(X4) * max(0,X1-0.0556) - 0.680*max(0,-0.257-X0) * max(0,-0.525-X3) - 0.677*max(0,X3-1.19) - 0.665*max(0,X3+0.525) + 0.662*abs(X1) - 0.656*max(0,-0.257-X0) * abs(X1) + 0.652*max(0,X4+0.150) * abs(X1) + 0.642*max(0,-0.534-X2) * max(0,X3-0.333) + 0.632*X2 - 0.616*max(0,-0.379-X1) + 0.615*abs(X3) * max(0,X3-0.333) - 0.607*abs(X4) - 0.600*max(0,X3-0.762) + 0.595*max(0,-0.525-X3) * max(0,0.0556-X1) + 0.587*max(0,X4+0.150) * abs(X4) - 0.585*max(0,-0.525-X3) * max(0,-0.953-X3) - 0.573*max(0,-1.00-X2) * abs(X3) - 0.558*max(0,-0.257-X0) * max(0,-0.625-X4) + 0.557*max(0,X4+0.150) * max(0,0.491-X1) + 0.556*max(0,-0.0958-X3) + 0.540*max(0,-0.525-X3) - 0.519*max(0,-0.525-X3) * max(0,0.491-X1) + 0.485*X3**2 - 0.483*max(0,X4+0.150) * abs(X3) - 0.475*max(0,X1-0.925) * max(0,-0.150-X4) + 0.472*abs(X4) * abs(X3) - 0.470*max(0,0.925-X1) + 0.464*max(0,-0.150-X4) - 0.464*abs(X4) * max(0,-0.150-X4) + 0.463*max(0,-0.257-X0) * max(0,0.0556-X1) - 0.462*abs(X3) * max(0,X1-0.0556) - 0.460*max(0,X4+0.625) - 0.459*max(0,-0.257-X0) * max(0,-0.150-X4) - 0.442*max(0,-0.257-X0) * max(0,X3-0.333) + 0.425*max(0,-1.00-X2) * X1 - 0.415*abs(X3) * max(0,0.0556-X1) - 0.414*max(0,1.19-X3) - 0.397*abs(X3) * max(0,-0.625-X4) + 0.388*max(0,0.324-X4) + 0.385*max(0,X0+0.703) + 0.372*abs(X4) * max(0,0.491-X1) - 0.365*max(0,X2+0.0643) - 0.363*max(0,0.491-X1) * max(0,X1-0.0556) + 0.361*abs(X4) * max(0,-0.257-X0) + 0.360*abs(X3) * max(0,-0.257-X0) - 0.357*max(0,-0.703-X0) + 0.333*max(0,0.799-X4) - 0.324*max(0,X4+0.150) * max(0,X3-0.333) + 0.311*max(0,X3-0.333) * abs(X1) - 0.309*max(0,-0.534-X2) * max(0,X1-0.0556) - 0.305*max(0,0.762-X3) - 0.300*max(0,-1.00-X2) * max(0,-0.150-X4) - 0.295*X0**2 - 0.279*max(0,0.491-X1) + 0.269*max(0,-0.257-X0) * max(0,0.491-X1) - 0.267*max(0,X4+0.150) * max(0,-0.257-X0) - 0.262*max(0,-0.534-X2) * max(0,X4+0.150) - 0.259*max(0,X0-0.190) + 0.246*max(0,X2-1.34) + 0.245*abs(X4) * max(0,X3-0.333) + 0.244*max(0,0.491-X1) * max(0,-0.150-X4) + 0.238*max(0,-1.15-X0) + 0.238*X3 + 0.229*abs(X3) * abs(X1) + 0.229*abs(X3) - 0.222*max(0,X4+0.150) * max(0,-0.953-X3) - 0.209*max(0,X0-1.08) - 0.177*abs(X3) * max(0,-0.150-X4) + 0.173*max(0,X4+1.10) - 0.155*max(0,X1-0.491) + 0.155*max(0,X4+0.150) * X1 + 0.152*max(0,0.491-X1) * X1 + 0.152*max(0,0.0556-X1) + 0.149*max(0,X4-1.27) + 0.138*max(0,0.491-X1) * abs(X1) - 0.137*max(0,-0.0643-X2) + 0.120*abs(X1) * max(0,X1-0.0556) - 0.119*abs(X0) - 0.116*X0 + 0.102*max(0,-0.150-X4) * X1 - 0.101*max(0,-0.525-X3) * abs(X1) + 0.0936*max(0,-0.534-X2) * X1 - 0.0904*max(0,X3-0.333) * X1 - 0.0878*max(0,-0.257-X0) * X1 + 0.0876*X1 + 0.0828*max(0,-0.625-X4) * X1 - 0.0809*max(0,X1+0.379) + 0.0776*max(0,X2+1.00) - 0.0757*X1 * max(0,0.0556-X1) + 0.0730*max(0,0.405-X2) + 0.0710*max(0,-0.257-X0) + 0.0693*abs(X4) * X1 + 0.0656*X1**2 - 0.0655*max(0,X1+0.814) + 0.0592*max(0,X4-0.324) - 0.0529*max(0,X1-0.925) * abs(X1) - 0.0502*max(0,-0.525-X3) * X1 + 0.0498*max(0,X3+0.0958) + 0.0497*max(0,0.190-X0) - 0.0481*max(0,X0+1.15) + 0.0446*max(0,0.491-X1) * max(0,0.0556-X1) + 0.0433*abs(X3) * X1 - 0.0361*max(0,1.27-X4) + 0.0302*abs(X3) * max(0,0.491-X1) - 0.0297*max(0,1.36-X1) + 0.0250*X1 * max(0,X1-0.0556) + 0.0210*max(0,1.34-X2) - 0.0200*max(0,0.874-X2) + 0.0140*max(0,1.08-X0) - 0.00947*max(0,X2+0.534) + 0.00771*max(0,X4+0.150) + 0.00379*X1 * abs(X1) + 0.00284*max(0,X2-0.405) - 2.64e-6*max(0,X1-0.925) * X1"
ffx,feynman_II_35_21,ok,0.510575,3.521263,1928,38.81,,"0.662 + 41.2*max(0,X3-1.26) * max(0,X1-1.39) - 30.4*max(0,-1.07-X2) * max(0,X3-1.26) + 23.5*max(0,-1.06-X3) * max(0,X1-1.39) - 20.1*max(0,-1.07-X2) * max(0,X1-1.39) - 19.9*max(0,X1-0.914) * max(0,X3-1.26) - 16.1*max(0,X3-0.798) * max(0,X1-1.39) + 15.6*max(0,-1.07-X2) * max(0,X3-0.798) - 13.5*max(0,-0.619-X2) * max(0,X3-1.26) + 12.6*max(0,-0.619-X2) * max(0,X1-1.39) + 8.59*max(0,-0.619-X2) * max(0,X3-0.798) + 7.76*max(0,-1.06-X3) * max(0,-0.619-X2) - 7.26*max(0,-0.130-X3) * max(0,X1-1.39) - 7.21*max(0,-1.06-X3) * max(0,-1.07-X2) - 7.01*max(0,-1.06-X3) * max(0,X1-0.914) - 5.81*max(0,-0.163-X2) * max(0,X1-1.39) - 5.50*max(0,X2+0.163) * max(0,X3-1.26) - 4.52*max(0,X3-1.26) * max(0,-0.163-X2) + 4.49*max(0,X3-0.798) * max(0,X1-0.914) - 4.47*max(0,-1.06-X3) * max(0,-0.163-X2) + 4.46*abs(X2) * max(0,X3-1.26) - 4.09*max(0,X3-0.798) * max(0,X3-1.26) - 3.90*max(0,X1-0.914) * max(0,X1-1.39) - 3.69*max(0,X1+0.0380) * max(0,-0.619-X2) + 3.69*max(0,-1.07-X2) * max(0,X1+0.0380) - 3.63*max(0,-0.619-X2) * max(0,X1-0.914) - 3.25*max(0,-1.07-X2) * max(0,-0.163-X2) + 2.92*max(0,-1.07-X2) + 2.77*max(0,X2-0.294) * max(0,X3-1.26) + 2.76*max(0,-1.06-X3) + 2.69*max(0,X1-0.914) * max(0,-0.163-X2) + 2.55*abs(X0) * max(0,X3-1.26) + 2.44*max(0,X1-1.39) + 2.33*max(0,-1.06-X3) * max(0,X2-0.294) + 2.11*max(0,X1+0.0380) * max(0,X3-1.26) + 2.05*max(0,-1.07-X2) * max(0,X1-0.914) - 2.01*max(0,-1.07-X2) * max(0,-0.619-X2) - 1.91*X0 * max(0,-1.07-X2) - 1.86*max(0,-1.06-X3) * max(0,-0.130-X3) + 1.66*max(0,-1.06-X3) * max(0,-0.0380-X1) - 1.58*max(0,X3-0.798) + 1.55*abs(X2) * max(0,-0.619-X2) + 1.50*max(0,-0.514-X1) - 1.41*X0 * max(0,X1-0.914) + 1.35*max(0,X2+0.163) * max(0,X1-0.914) - 1.34*max(0,X2-0.294) * max(0,X1-1.39) + 1.33*max(0,-1.07-X2) * abs(X2) + 1.31*abs(X2) * max(0,X1-1.39) + 1.29*max(0,X2+0.163) * max(0,X1-1.39) + 1.28*max(0,X3-0.334) + 1.27*X2 * max(0,X3-1.26) + 1.24*max(0,-0.130-X3) * max(0,X2-0.294) + 1.18*max(0,-0.990-X1) - 1.17*max(0,X2-0.294) + 1.14*max(0,X3-1.26) + 1.12*max(0,-1.07-X2) * X2 - 1.12*X2 * max(0,-0.619-X2) - 1.10*max(0,X2+0.163) * max(0,X3-0.798) - 1.04*X1**2 + 1.03*abs(X0) * max(0,X1-0.914) + 0.954*max(0,-0.619-X2) * max(0,-0.163-X2) - 0.924*abs(X2) * max(0,-0.163-X2) - 0.904*max(0,-1.06-X3) * max(0,X2+0.163) - 0.898*max(0,-0.0380-X1) - 0.896*abs(X4) - 0.887*max(0,-1.06-X3) * X2 + 0.873*max(0,X1+0.0380) * abs(X2) - 0.862*max(0,-0.130-X3) * max(0,-0.619-X2) + 0.857*max(0,X2-0.294) * max(0,X1-0.914) + 0.847*max(0,X1+0.0380) * max(0,-0.130-X3) + 0.784*X0 * max(0,-0.619-X2) + 0.773*max(0,X2-0.294) * max(0,-0.0380-X1) - 0.767*abs(X3) + 0.740*X0 * abs(X2) + 0.738*max(0,-1.06-X3) * max(0,X1+0.0380) - 0.734*X0 * max(0,X3-1.26) + 0.720*abs(X2) * max(0,X2-0.294) - 0.718*X0 * max(0,-0.163-X2) + 0.715*max(0,-0.158-X4) + 0.689*X0 * max(0,X1+0.0380) - 0.684*max(0,X2+0.163) * X0 + 0.674*max(0,-0.130-X3) - 0.669*max(0,X1+0.0380) * max(0,X2-0.294) + 0.649*max(0,X0-1.25) - 0.645*X2 * max(0,-0.130-X3) + 0.616*abs(X1) + 0.608*X2 * max(0,X3-0.798) + 0.587*max(0,X3-0.798) * max(0,-0.0380-X1) - 0.581*abs(X0) * max(0,-1.07-X2) + 0.571*abs(X0) * max(0,X1-1.39) + 0.558*max(0,-1.06-X3) * X0 - 0.558*max(0,X2+0.163) * max(0,X1+0.0380) - 0.548*max(0,-0.989-X0) + 0.539*max(0,X1-0.914) - 0.503*max(0,-0.619-X2) - 0.473*max(0,X4-0.818) - 0.472*max(0,-0.130-X3) * max(0,-0.163-X2) + 0.461*X0 * X2 + 0.454*abs(X2) * max(0,X1-0.914) - 0.452*X2 * max(0,X1-0.914) + 0.449*X0 - 0.447*abs(X0) * max(0,X1+0.0380) - 0.428*max(0,X1+0.0380) * max(0,-0.163-X2) - 0.424*X0 * max(0,X2-0.294) - 0.423*abs(X0) * max(0,-0.619-X2) + 0.419*max(0,X1+0.0380) * max(0,X1-1.39) - 0.418*X2 * max(0,X1+0.0380) + 0.414*max(0,X0-0.803) + 0.398*max(0,-1.07-X2) * max(0,-0.130-X3) + 0.383*max(0,X4-1.31) - 0.370*max(0,-1.14-X4) + 0.369*max(0,X4-0.330) - 0.364*max(0,0.294-X2) - 0.358*max(0,0.330-X4) - 0.357*max(0,X2-0.750) - 0.355*X4 - 0.354*max(0,-0.595-X3) - 0.354*X0 * max(0,-0.0380-X1) - 0.354*abs(X2) * max(0,-0.0380-X1) + 0.344*X2 + 0.336*max(0,X1+0.990) + 0.333*max(0,X2+0.163) - 0.331*max(0,-1.07-X2) * max(0,-0.0380-X1) + 0.324*max(0,0.438-X1) + 0.323*max(0,X1+0.0380) + 0.314*X4**2 + 0.301*abs(X0) * max(0,-0.130-X3) + 0.291*max(0,-0.541-X0) + 0.286*X0 * max(0,X1-1.39) - 0.285*max(0,X2+0.163) * max(0,-0.130-X3) - 0.285*max(0,-0.647-X4) - 0.284*X2 * max(0,-0.0380-X1) - 0.283*max(0,X0-0.355) - 0.280*max(0,-1.06-X3) * abs(X2) - 0.259*max(0,-0.0933-X0) + 0.254*max(0,X3-0.798) * max(0,X2-0.294) + 0.243*max(0,-0.130-X3) * abs(X2) - 0.232*X2**2 - 0.227*max(0,X2+1.07) + 0.221*max(0,X2+0.163) * X2 + 0.194*abs(X2) - 0.191*abs(X0) * X2 + 0.182*max(0,X4+0.158) + 0.181*X2 * abs(X2) + 0.177*X2 * max(0,X1-1.39) + 0.173*abs(X2) * max(0,X3-0.798) - 0.167*max(0,0.914-X1) + 0.166*max(0,X4+0.647) - 0.163*X2 * max(0,X2-0.294) - 0.161*max(0,X2+0.163) * abs(X2) + 0.160*X0**2 + 0.152*max(0,0.818-X4) + 0.150*max(0,X3-0.798) * max(0,-0.163-X2) + 0.143*max(0,X1+0.0380) * max(0,X3-0.798) - 0.142*max(0,1.39-X1) + 0.132*X0 * max(0,-0.130-X3) - 0.130*max(0,X2-1.21) - 0.118*max(0,0.750-X2) - 0.116*abs(X0) * max(0,-0.0380-X1) + 0.115*max(0,X1-0.438) + 0.112*max(0,-0.0380-X1) * max(0,X3-1.26) - 0.111*max(0,X2+0.163) * max(0,X2-0.294) - 0.109*abs(X0) - 0.106*X2 * max(0,-0.163-X2) + 0.104*abs(X0) * abs(X2) + 0.102*abs(X0) * max(0,X2-0.294) - 0.101*max(0,-0.163-X2) - 0.0982*max(0,X0+0.0933) + 0.0951*max(0,X3+0.130) - 0.0865*max(0,X0+0.989) + 0.0835*max(0,1.26-X3) - 0.0817*max(0,0.803-X0) - 0.0816*max(0,0.798-X3) - 0.0806*max(0,0.355-X0) - 0.0790*max(0,-0.0380-X1) * max(0,-0.163-X2) - 0.0761*max(0,-0.130-X3) * max(0,X1-0.914) + 0.0644*max(0,1.31-X4) - 0.0628*max(0,X2+0.163) * max(0,-0.0380-X1) + 0.0621*max(0,-0.130-X3) * max(0,-0.0380-X1) + 0.0617*max(0,X3+1.06) + 0.0553*max(0,0.334-X3) + 0.0502*abs(X0) * max(0,-0.163-X2) + 0.0420*abs(X0) * max(0,X3-0.798) + 0.0420*max(0,X1+0.0380) * max(0,X1-0.914) - 0.0329*X0 * max(0,X3-0.798) - 0.0297*max(0,X0+0.541) - 0.0249*max(0,X3+0.595) + 0.0243*max(0,-0.619-X2) * max(0,-0.0380-X1) - 0.0174*X1 - 0.0166*max(0,X1+0.514) - 0.0128*X3**2 - 0.0105*max(0,1.21-X2) - 0.00941*X3 + 0.00667*max(0,1.25-X0) - 0.00413*max(0,X2+0.619)"
ffx,feynman_II_36_38,ok,0.450932,0.680123,1388,27.57,,"-0.983 - 15.0*max(0,X0-1.32) * max(0,X2-1.29) + 4.75*max(0,-0.163-X3) * max(0,X0-1.32) - 4.56*max(0,X1-0.753) * max(0,X2-1.29) + 3.64*max(0,X4-0.444) * max(0,X2-1.29) - 3.60*max(0,-1.05-X3) * max(0,X0-1.32) - 2.95*max(0,X4-1.38) + 2.56*max(0,X1-0.753) * max(0,X2-0.821) - 2.37*max(0,X0-1.32) * abs(X2) - 2.36*max(0,X0-1.32) * max(0,-0.163-X7) - 2.30*max(0,X5-0.316) * max(0,X0-1.32) - 1.94*max(0,X0-1.32) * X2 + 1.81*max(0,X7-0.740) * max(0,X2-1.29) - 1.67*max(0,X2-1.29) - 1.64*max(0,-0.135-X1) * max(0,X2-1.29) - 1.61*max(0,-1.05-X3) * abs(X4) + 1.07*max(0,-0.163-X3) * max(0,X2-0.821) + 0.996*max(0,-0.163-X3) * max(0,-1.05-X3) + 0.984*max(0,-0.135-X1) * max(0,X2-0.821) + 0.939*max(0,X4-0.444) * max(0,X2-0.821) + 0.938*max(0,X5-0.316) * max(0,X2-0.821) - 0.886*max(0,X0-1.32) * max(0,X2-0.821) + 0.883*max(0,X0-1.32) * X4 + 0.826*max(0,X6-1.28) - 0.644*abs(X7) * max(0,X2-1.29) - 0.643*max(0,X0-1.32) * max(0,X1-0.753) - 0.611*max(0,-1.05-X3) * max(0,-0.163-X7) + 0.611*max(0,-0.163-X3) * max(0,X4-0.444) - 0.600*max(0,-1.05-X3) * max(0,-0.123-X2) + 0.586*max(0,-0.163-X7) * max(0,X2-0.821) + 0.584*max(0,-1.10-X6) - 0.578*max(0,-0.163-X3) * X2 + 0.577*abs(X6) * max(0,X0-1.32) - 0.537*abs(X2) * max(0,-0.135-X1) + 0.536*max(0,X4-0.444) * max(0,-0.144-X6) - 0.529*max(0,X7-0.740) * max(0,-1.05-X3) + 0.499*max(0,X6+0.144) * max(0,X2-0.821) + 0.499*max(0,-1.05-X3) - 0.494*max(0,X7-1.19) + 0.493*max(0,X0-0.877) - 0.446*max(0,X2-0.821) * max(0,-0.144-X6) + 0.444*max(0,X0-1.32) * max(0,-0.144-X6) + 0.436*max(0,-0.163-X3) * abs(X4) - 0.435*max(0,-0.163-X3) * max(0,-0.135-X1) - 0.430*X2 * max(0,X4-0.444) - 0.423*max(0,-1.07-X5) - 0.423*max(0,X7-0.740) * max(0,-0.135-X1) + 0.423*max(0,X5-1.24) + 0.399*abs(X6) * max(0,X2-1.29) + 0.390*max(0,X4-0.912) - 0.373*max(0,-1.05-X3) * max(0,X1-0.753) + 0.347*X0 - 0.342*max(0,X4-0.444) * abs(X2) + 0.335*max(0,0.727-X3) - 0.333*abs(X6) * max(0,-1.05-X3) + 0.328*max(0,X7-0.740) * max(0,X4-0.444) - 0.326*max(0,-1.02-X1) + 0.317*max(0,X7-0.740) * max(0,X6+0.144) - 0.316*max(0,-0.163-X3) * max(0,X1-0.753) - 0.307*max(0,-0.163-X7) * abs(X2) - 0.296*max(0,X1-1.20) + 0.293*max(0,-0.163-X7) * max(0,X1-0.753) + 0.284*max(0,X1+0.579) - 0.268*max(0,X5-0.316) * abs(X7) - 0.263*max(0,-0.163-X3) * max(0,X5-0.316) + 0.258*max(0,X6+0.144) * max(0,X5-0.316) + 0.257*X2 * max(0,X1-0.753) - 0.255*max(0,X5-0.316) * X4 + 0.244*max(0,-1.05-X3) * max(0,X2-0.821) - 0.239*max(0,X7-0.740) * max(0,X0-1.32) + 0.224*max(0,-0.579-X1) + 0.223*max(0,-0.163-X3) * abs(X7) + 0.214*max(0,-1.07-X2) + 0.205*max(0,X7-0.740) * abs(X6) - 0.198*max(0,X5-0.316) * X2 - 0.198*max(0,-0.163-X3) * max(0,X6+0.144) - 0.191*max(0,X1-0.753) * max(0,-0.144-X6) + 0.186*max(0,-0.608-X5) + 0.185*max(0,0.349-X2) + 0.172*abs(X6) * abs(X7) - 0.172*max(0,X6-0.808) - 0.165*max(0,X3-1.17) + 0.157*max(0,-0.135-X1) * max(0,-0.144-X6) + 0.154*max(0,X4-0.444) * max(0,-0.135-X1) - 0.154*max(0,X7-0.740) * max(0,-0.123-X2) - 0.152*max(0,X6+0.144) * max(0,-0.123-X2) + 0.149*max(0,-0.163-X7) * max(0,-0.135-X1) - 0.146*max(0,-0.491-X4) + 0.138*max(0,X7-0.740) * X4 - 0.136*max(0,X1-0.753) * abs(X4) - 0.130*max(0,-0.163-X3) * max(0,-0.163-X7) + 0.125*max(0,-0.163-X3) - 0.125*max(0,-0.163-X7) * max(0,X4-0.444) - 0.125*max(0,X6+0.144) - 0.122*X2 * abs(X4) + 0.121*max(0,-1.05-X3) * abs(X7) + 0.113*max(0,0.316-X5) + 0.111*max(0,X0+0.0155) + 0.108*abs(X7) * max(0,-0.144-X6) + 0.106*abs(X6) * max(0,X1-0.753) + 0.106*max(0,X4+0.958) - 0.105*max(0,X3+0.608) + 0.104*max(0,-0.135-X1) * abs(X4) + 0.104*max(0,X5-0.316) * max(0,-0.135-X1) - 0.0986*max(0,X5-0.316) * max(0,-0.163-X7) - 0.0950*max(0,-0.907-X0) - 0.0911*max(0,0.288-X7) + 0.0767*X5**2 + 0.0754*max(0,-0.163-X3) * max(0,-0.144-X6) + 0.0735*max(0,X5-0.316) * max(0,X1-0.753) - 0.0732*max(0,-0.163-X3) * abs(X2) + 0.0715*max(0,X1-0.309) + 0.0605*X2**2 - 0.0582*X2 * max(0,-0.123-X2) + 0.0574*max(0,X6+0.144) * max(0,X2-1.29) + 0.0571*max(0,X7-0.740) * max(0,X2-0.821) + 0.0546*max(0,-0.958-X4) - 0.0508*max(0,-0.163-X7) * max(0,-0.144-X6) - 0.0490*abs(X6) + 0.0490*abs(X2) - 0.0420*X2 * max(0,-0.144-X6) + 0.0350*abs(X2) * max(0,-0.123-X2) - 0.0287*max(0,X6+0.620) - 0.0272*abs(X6) * max(0,-0.135-X1) - 0.0241*max(0,-0.0233-X4) * abs(X7) + 0.0238*max(0,X6+0.144) * X2 - 0.0183*X2 * abs(X7) - 0.0134*max(0,X7-0.740) * max(0,X5-0.316) - 0.0116*max(0,X5-0.316) * abs(X4) - 0.00685*max(0,1.32-X0) + 0.00223*max(0,0.282-X3) - 0.00122*max(0,X1-0.753) * max(0,-0.123-X2)"
ffx,feynman_II_37_1,ok,0.975736,4.486784,851,15.35,,"0.571 + 34.7*max(0,X2-1.32) * max(0,X1-1.13) - 13.5*max(0,X1-1.13) * max(0,X2-0.866) + 4.35*max(0,X0-0.445) * max(0,X1-1.13) - 3.01*X0 * max(0,X1-1.13) + 2.97*max(0,-0.429-X0) * max(0,X1-0.674) - 2.85*max(0,-0.429-X0) * max(0,X2-1.32) - 2.66*max(0,-0.429-X0) * max(0,X1-1.13) - 2.54*max(0,X1-1.13) * max(0,X1-0.674) + 2.44*max(0,X2-1.32) - 2.42*max(0,X2-1.32) * max(0,X1-0.674) + 2.27*max(0,X1-0.222) * max(0,X2-1.32) - 2.18*max(0,X2-1.32) * max(0,X2-0.866) - 2.14*max(0,-0.483-X2) * max(0,X1-1.13) + 1.94*max(0,-0.429-X0) * max(0,X2-0.866) + 1.86*max(0,X1-0.222) * max(0,X1-1.13) - 1.60*max(0,X1-0.222) * max(0,X2-0.866) - 1.56*max(0,0.00829-X0) * max(0,X1-1.13) - 1.33*max(0,X0-0.445) * max(0,X1-0.674) - 1.25*X2 * max(0,X1-1.13) + 1.22*X1 * max(0,X1-1.13) + 1.21*max(0,X1-0.674) - 1.13*max(0,0.00829-X0) * max(0,X1-0.674) + 1.02*max(0,-0.483-X2) * max(0,X1-0.674) - 0.976*max(0,0.00829-X0) * max(0,X2-0.866) - 0.917*max(0,X1-1.13) - 0.896*max(0,-0.429-X0) + 0.892*max(0,0.00829-X0) * max(0,X2-1.32) + 0.862*X2 * max(0,X2-0.866) + 0.830*X0 * max(0,X1-0.674) - 0.809*X2 * max(0,X2-1.32) - 0.791*max(0,-0.866-X0) - 0.772*max(0,0.00829-X0) - 0.722*max(0,X0-0.445) * max(0,X2-0.866) - 0.705*max(0,-0.429-X0) * max(0,X1-0.222) + 0.699*max(0,-0.681-X1) - 0.698*max(0,X0-1.32) - 0.629*X0 * max(0,X2-1.32) - 0.586*max(0,X1-0.222) * max(0,X1-0.674) + 0.561*X2 * max(0,X1-0.674) + 0.511*max(0,X1-0.222) * max(0,0.00829-X0) + 0.487*max(0,X2+0.0332) + 0.482*max(0,-0.429-X0) * max(0,0.00829-X0) - 0.447*max(0,X2+0.483) - 0.442*max(0,X2-0.866) + 0.434*X0 * max(0,X2-0.866) + 0.424*X0**2 + 0.412*X1 * max(0,X2-0.866) - 0.360*max(0,X0-0.445) - 0.338*X1 * max(0,X2-1.32) + 0.319*X2 + 0.319*X2 * max(0,0.00829-X0) + 0.295*X1 * X0 - 0.292*max(0,0.674-X1) - 0.275*max(0,X0-0.883) - 0.272*max(0,-0.429-X0) * X2 + 0.271*X1 + 0.268*max(0,X0-0.00829) + 0.257*X2 * X0 - 0.240*X1**2 + 0.234*max(0,-0.483-X2) + 0.232*max(0,-0.932-X2) - 0.207*max(0,0.866-X2) + 0.175*max(0,X1-0.222) + 0.165*max(0,0.445-X0) + 0.162*max(0,X0-0.445) * max(0,X2-1.32) + 0.148*max(0,X0-0.445) * X0 - 0.143*X2**2 + 0.135*X0 + 0.132*X2 * X1 - 0.128*max(0,X1-0.222) * max(0,X0-0.445) + 0.107*max(0,X2-0.866) * max(0,X1-0.674) + 0.0983*max(0,-0.429-X0) * X1 + 0.0751*X0 * max(0,0.00829-X0) - 0.0651*max(0,0.416-X2) - 0.0632*X1 * max(0,X0-0.445) + 0.0495*max(0,X1-0.222) * X2 + 0.0434*max(0,-0.483-X2) * max(0,0.00829-X0) - 0.0425*max(0,-1.13-X1) + 0.0407*max(0,-0.483-X2) * X0 + 0.0361*max(0,X1+0.681) - 0.0248*X2 * max(0,X0-0.445) + 0.0225*max(0,0.222-X1) + 0.0221*max(0,X1-0.222) * X0 - 0.0133*max(0,X0+0.429) - 0.0123*max(0,X2+0.932) + 0.0108*max(0,X2-0.416) - 0.00970*X1 * max(0,X1-0.674) - 0.00508*max(0,-0.230-X1) + 0.00327*max(0,X1+0.230) + 0.00238*max(0,X1-0.222) * X1 - 0.00161*X1 * max(0,0.00829-X0)"
ffx,feynman_II_38_14,ok,0.997374,0.010741,430,10.09,,"-0.486 - 5.13*max(0,X1-1.26) * max(0,X0-1.21) + 1.89*max(0,X1-1.26) * max(0,-0.113-X0) + 1.62*max(0,X1-1.26) + 1.24*X0 * max(0,X1-1.26) + 1.09*max(0,-0.113-X0) * max(0,-1.06-X1) + 0.989*X0 * max(0,-1.06-X1) + 0.974*max(0,X0+0.553) * max(0,-0.113-X0) - 0.938*max(0,X0-1.21) - 0.896*max(0,-0.113-X0) + 0.828*abs(X0) * max(0,X0-1.21) - 0.704*abs(X0) * max(0,X1-1.26) - 0.671*max(0,X1+0.598) * max(0,X1-1.26) + 0.595*abs(X0) + 0.595*max(0,X1+0.598) * max(0,-0.134-X1) + 0.590*max(0,X1+0.598) * max(0,-0.113-X0) - 0.521*max(0,-0.134-X1) * max(0,-0.113-X0) + 0.448*X0 - 0.410*max(0,X1+0.598) + 0.392*max(0,-0.598-X1) + 0.379*max(0,0.766-X0) + 0.349*max(0,X0+0.553) - 0.338*max(0,X1+0.598) * abs(X0) - 0.229*max(0,X0-1.21) * max(0,-1.06-X1) - 0.223*max(0,0.330-X1) + 0.222*max(0,-0.134-X1) - 0.220*abs(X0) * max(0,-1.06-X1) - 0.175*X0**2 + 0.151*max(0,-0.134-X1) * abs(X0) + 0.149*max(0,X1+0.598) * max(0,X0-1.21) + 0.143*max(0,0.795-X1) + 0.132*X1**2 - 0.129*X0 * max(0,-0.134-X1) - 0.124*X0 * max(0,X0-1.21) + 0.106*max(0,-1.06-X1) + 0.0797*X0 * max(0,X1+0.598) - 0.0782*X0 * abs(X0) - 0.0761*abs(X0) * max(0,-0.113-X0) + 0.0544*max(0,-0.134-X1) * max(0,-1.06-X1) + 0.0482*max(0,X0-0.766) - 0.0410*max(0,0.326-X0) + 0.0188*max(0,-0.134-X1) * max(0,X0-1.21) - 0.0183*X0 * max(0,-0.113-X0) - 0.00758*X1 - 7.80e-5*max(0,X0+0.553) * max(0,-1.06-X1)"
ffx,feynman_II_38_3,ok,0.976419,1.616201,95,23.44,,(-0.139 + 0.426*X0 + 0.390*X1 + 0.374*X3 - 0.342*X2 - 0.105*X0**2 + 0.0879*X2**2 - 0.0517*X3**2 - 0.0447*X1**2 - 0.0297*X1 * X2 - 0.0217*X2 + 0.0127*X1 * X0 + 0.00318*X0 * X2 + 0.000170*X2**2 + 8.74e-6*X2 * X0) / (1.0 - 0.214*X0 - 0.169*X3 + 0.147*X2 - 0.125*X1 - 0.0450*X2**2 + 0.0377*X3**2 - 0.0315*X0 * X2 + 0.00960*X1 * X2 - 0.00846*X0**2 + 0.00479*X1 * X0 + 0.000627*X2 + 0.000236*X1**2 - 5.95e-5*X2 * X0)
ffx,feynman_II_3_24,ok,0.945782,0.009428,724,13.53,,"-0.741 + 8.30*max(0,X0-1.32) * max(0,X1-0.909) - 6.75*max(0,-0.435-X1) * max(0,X0-1.32) + 4.58*max(0,X0-1.32) * max(0,-0.883-X1) - 3.97*max(0,-0.883-X1) - 3.93*max(0,X1-0.461) * max(0,X0-1.32) - 3.73*max(0,-0.515-X0) * max(0,-0.883-X1) - 3.33*max(0,X1-1.36) * max(0,X0-1.32) + 3.27*max(0,X1-0.461) * max(0,-0.975-X0) - 2.11*max(0,-0.975-X0) * max(0,X1-1.36) + 2.10*max(0,-0.435-X1) * max(0,-0.883-X1) - 2.04*max(0,-0.975-X0) * max(0,X1-0.909) - 1.84*max(0,X0-1.32) * X1 + 1.81*max(0,-0.975-X0) * max(0,-0.883-X1) - 1.80*X1 * max(0,-0.883-X1) - 1.74*max(0,X1-1.36) + 1.72*max(0,X0-1.32) - 1.69*max(0,X0-0.864) * max(0,X1-0.909) + 1.62*max(0,X1-0.461) * max(0,X0-0.864) + 1.38*max(0,X0-1.32) * max(0,X0-0.864) - 1.37*max(0,-0.975-X0) + 1.32*max(0,-0.515-X0) * max(0,X1-1.36) - 1.28*max(0,-0.975-X0) * X1 + 1.21*max(0,X1-0.461) * max(0,X1-1.36) - 1.16*max(0,-0.435-X1) * X1 + 1.13*max(0,-0.435-X1) * max(0,X0-0.864) + 0.998*abs(X0) * max(0,-0.883-X1) + 0.932*max(0,-0.515-X0) * X1 - 0.911*max(0,X1-1.36) * max(0,X1-0.909) - 0.865*abs(X0) * max(0,X0-1.32) - 0.864*max(0,-0.515-X0) * max(0,X1-0.909) - 0.812*max(0,-0.0553-X0) + 0.770*max(0,-0.515-X0) - 0.738*max(0,-0.435-X1) * max(0,-0.975-X0) + 0.717*abs(X0) + 0.707*abs(X0) * max(0,X1-0.909) - 0.689*X0**2 + 0.497*abs(X0) * max(0,-0.515-X0) - 0.440*max(0,-0.515-X0) * max(0,X1-0.461) + 0.420*abs(X0) * max(0,-0.975-X0) + 0.419*max(0,X0-0.404) + 0.409*max(0,-0.515-X0) * max(0,-0.975-X0) + 0.405*max(0,X1-1.36) * X1 - 0.393*max(0,-0.435-X1) + 0.374*X0 + 0.310*max(0,X0-0.864) + 0.305*max(0,1.32-X0) - 0.287*abs(X0) * max(0,X1-0.461) + 0.287*max(0,X1-1.36) * max(0,X0-0.864) + 0.265*max(0,0.0133-X1) - 0.211*abs(X0) * X1 + 0.201*max(0,X1-0.0133) - 0.199*max(0,X1+0.435) - 0.190*max(0,X1-0.909) * X1 - 0.183*X1 + 0.149*max(0,X0-0.864) * X1 - 0.147*max(0,X0+0.0553) + 0.146*max(0,X1-0.909) + 0.139*max(0,0.909-X1) + 0.132*abs(X0) * max(0,X0-0.864) + 0.129*max(0,X1-0.461) * X1 + 0.127*max(0,X1+0.883) - 0.119*max(0,-0.435-X1) * max(0,-0.515-X0) - 0.116*max(0,X0+0.975) - 0.103*max(0,X0-0.864) * max(0,-0.883-X1) - 0.0972*max(0,X1-0.461) * max(0,X1-0.909) - 0.0868*max(0,1.36-X1) - 0.0779*max(0,0.864-X0) - 0.0756*X1**2 + 0.0688*max(0,0.404-X0) + 0.0447*max(0,X0+0.515) - 0.0101*max(0,0.461-X1) + 0.00187*max(0,X1-0.461)"
ffx,feynman_II_4_23,ok,0.882147,0.008237,471,9.99,,"0.157 - 10.2*max(0,-1.09-X1) + 9.73*max(0,-1.19-X2) * max(0,-1.09-X1) - 8.36*max(0,-0.707-X2) * max(0,-1.09-X1) + 4.84*max(0,X0-1.23) * max(0,-1.09-X1) + 3.96*max(0,-0.222-X2) * max(0,-1.09-X1) + 3.57*max(0,1.23-X1) * max(0,-1.09-X1) + 3.03*max(0,-0.222-X2) * max(0,X0-1.23) - 2.93*max(0,-1.19-X2) * max(0,X0-1.23) + 1.69*max(0,-1.19-X2) - 1.59*max(0,-0.707-X2) * max(0,X0-1.23) - 1.02*max(0,0.752-X0) * max(0,-1.09-X1) - 0.888*max(0,0.750-X2) * max(0,-1.19-X2) + 0.807*max(0,-0.222-X2) * max(0,-0.707-X2) - 0.803*max(0,0.752-X0) * max(0,-1.19-X2) + 0.680*max(0,-0.625-X1) + 0.655*max(0,X0-1.23) - 0.607*max(0,0.752-X0) - 0.578*max(0,-0.707-X2) + 0.555*max(0,1.23-X1) * max(0,-1.19-X2) - 0.487*max(0,0.750-X2) * max(0,X0-1.23) - 0.407*X1 - 0.407*X0 + 0.304*max(0,-0.707-X2) * max(0,-1.19-X2) + 0.266*max(0,0.750-X2) - 0.232*max(0,-0.222-X2) * max(0,-1.19-X2) + 0.212*max(0,0.752-X0) * max(0,-0.707-X2) + 0.190*max(0,0.750-X2) * max(0,-1.09-X1) - 0.167*max(0,1.23-X1) + 0.138*max(0,1.23-X1) * max(0,X0-1.23) - 0.133*max(0,-0.669-X0) - 0.116*max(0,0.750-X2) * max(0,0.752-X0) + 0.0899*X0**2 + 0.0679*X1**2 - 0.0635*max(0,-0.222-X2) * max(0,0.752-X0) + 0.0513*max(0,1.24-X2) + 0.0422*max(0,0.750-X2) * max(0,-0.222-X2) + 0.0311*max(0,-0.222-X2) + 0.0203*max(0,0.750-X2) * max(0,-0.707-X2)"
ffx,feynman_II_6_11,ok,0.696091,0.011771,95,30.93,,(0.106 - 0.491*X2 + 0.183*X3 + 0.171*X2 * X3 + 0.109*X0 - 0.106*X1 + 0.0822*X2**2 + 0.0799*X0 * X2 - 0.0735*X3**2 - 0.0334*X0 * X3 + 0.0133*X1**2 - 0.0131*X0**2 + 0.0102*X3 - 0.00297*X3**2 + 5.65e-5*X3 * X2) / (1.0 - 0.186*X1 - 0.150*X3**2 + 0.0922*X3 - 0.0556*X0**2 - 0.0446*X2 - 0.0406*X2 * X3 + 0.0339*X0 - 0.0219*X0 * X2 + 0.0183*X3 - 0.0177*X0 * X3 - 0.0164*X3 * X2 - 0.00877*X1**2 - 0.00559*X3 * X0 + 0.000420*X2**2 - 5.44e-5*X3**2)
ffx,feynman_II_6_15a,ok,0.680143,0.22275,1415,26.18,,"0.470 + 38.5*max(0,X3-1.31) * max(0,X5-1.21) - 23.3*max(0,X1-1.25) * max(0,-1.10-X2) - 16.3*max(0,X3-1.31) * max(0,-1.10-X2) - 11.3*max(0,X0-1.24) * max(0,-1.10-X2) + 7.93*max(0,X0-0.370) * max(0,-1.10-X2) + 6.58*max(0,X5-1.21) * max(0,X0-1.24) - 6.47*max(0,-1.10-X2) - 5.90*max(0,X3-1.31) * max(0,X0-1.24) - 5.36*max(0,X1-1.25) * max(0,X5-1.21) - 4.67*max(0,X5-0.754) * max(0,X0-1.24) - 4.35*max(0,-0.0658-X0) * max(0,X5-1.21) + 4.28*max(0,X5-0.754) * max(0,-1.10-X2) - 4.24*max(0,X5-1.21) * max(0,X4-0.338) - 4.18*max(0,X5-1.21) * max(0,X0-0.370) + 3.67*abs(X4) * max(0,-1.10-X2) + 3.65*max(0,X5-0.754) * max(0,X5-1.21) - 3.62*X0 * max(0,-1.10-X2) - 3.30*X2 * max(0,-1.10-X2) + 3.06*max(0,X3+0.0758) * max(0,-1.10-X2) + 3.05*max(0,X5-0.754) * max(0,X4-0.338) + 2.99*max(0,X5-0.754) * max(0,X1-1.25) - 2.84*max(0,X1-1.25) * max(0,X0-1.24) - 2.83*max(0,-0.136-X4) * max(0,-1.10-X2) + 2.82*max(0,X5-0.754) * max(0,X0-0.370) - 2.57*abs(X2) * max(0,X5-1.21) - 2.37*abs(X0) * max(0,-1.10-X2) + 2.22*max(0,X5-0.754) * max(0,-0.136-X4) - 1.85*max(0,-0.0658-X0) * max(0,-1.10-X2) - 1.73*max(0,-0.0758-X3) * max(0,-1.10-X2) - 1.73*max(0,X4-0.338) * max(0,-1.10-X2) + 1.60*max(0,X5-1.21) + 1.55*abs(X2) * max(0,-1.10-X2) - 1.54*max(0,X5-1.21) * max(0,-1.10-X2) - 1.51*max(0,X5-1.21) * abs(X4) + 1.39*max(0,X3-1.31) * abs(X0) + 1.39*max(0,X0-1.24) - 1.32*max(0,X5-0.754) * X0 - 1.31*max(0,X5-0.754) * abs(X4) - 1.26*max(0,X1-1.25) * X2 - 1.20*max(0,X0-1.24) * abs(X3) + 1.13*max(0,X5-1.21) * X2 - 1.05*max(0,X5-1.21) * max(0,-0.0758-X3) + 1.01*max(0,X3+0.0758) * max(0,X0-1.24) + 0.996*abs(X2) * max(0,X1-1.25) + 0.981*max(0,-0.136-X4) * max(0,X0-1.24) + 0.978*max(0,-0.0658-X0) * max(0,-0.0758-X3) + 0.977*max(0,X5-0.754) * max(0,-0.0758-X3) - 0.975*max(0,X3-1.31) * max(0,X4-0.338) - 0.973*max(0,X3-1.31) * X2 + 0.949*max(0,X1-1.25) * max(0,X3+0.0758) + 0.894*max(0,X3-1.31) * max(0,-0.136-X4) - 0.886*max(0,X0-1.24) * abs(X4) - 0.881*abs(X2) * max(0,-0.136-X4) - 0.780*abs(X0) - 0.731*abs(X2) * max(0,X4-0.338) + 0.704*abs(X2) * abs(X4) + 0.696*max(0,X0-0.370) + 0.672*max(0,-0.136-X4) * X2 + 0.664*max(0,-0.557-X1) - 0.645*max(0,X5-0.754) * max(0,X3+0.0758) - 0.633*max(0,X2-0.735) + 0.626*max(0,X0-0.370) * max(0,-0.0758-X3) - 0.625*max(0,X1-1.25) * max(0,-0.136-X4) + 0.609*max(0,X5-1.21) * max(0,-0.136-X4) + 0.478*max(0,-0.502-X0) + 0.474*max(0,X1-1.25) * max(0,-0.0758-X3) + 0.469*max(0,X3-0.385) - 0.440*max(0,X3-1.31) * max(0,X0-0.370) + 0.435*max(0,X4-0.813) + 0.432*max(0,-0.938-X0) + 0.429*max(0,-0.536-X3) + 0.422*X2 * max(0,X4-0.338) - 0.419*max(0,X0-1.24) * max(0,-0.0758-X3) - 0.419*max(0,X0-0.370) * abs(X4) + 0.419*X0 * abs(X3) - 0.409*max(0,X5-0.754) * X2 - 0.404*abs(X0) * abs(X3) - 0.399*max(0,X4-1.29) + 0.396*abs(X3) * max(0,-1.10-X2) - 0.396*max(0,X3+0.0758) * max(0,X0-0.370) + 0.396*X2**2 - 0.390*abs(X2) - 0.362*X2 * abs(X4) + 0.361*max(0,X3+0.0758) * abs(X0) - 0.359*max(0,X5-0.302) + 0.334*max(0,-0.601-X5) - 0.331*max(0,X4-0.338) * max(0,X0-0.370) + 0.316*max(0,-0.0658-X0) * max(0,X3+0.0758) - 0.309*max(0,X2-1.19) - 0.308*max(0,-0.136-X4) * max(0,X0-0.370) - 0.299*max(0,X1-1.25) * max(0,X0-0.370) + 0.287*abs(X4) + 0.283*max(0,-0.997-X3) - 0.283*max(0,X4+0.136) + 0.267*X0 * max(0,X4-0.338) - 0.250*abs(X3) + 0.244*abs(X2) * max(0,X0-0.370) + 0.239*max(0,X4-0.338) * abs(X0) - 0.235*max(0,-1.01-X1) - 0.230*max(0,X3+0.0758) * abs(X3) + 0.218*max(0,X3+0.0758) * abs(X4) - 0.209*max(0,-0.105-X1) + 0.201*max(0,X5-0.754) * abs(X2) - 0.201*abs(X1) - 0.197*max(0,X0-0.807) + 0.196*X0 * max(0,-0.136-X4) - 0.193*X0 * abs(X2) - 0.189*max(0,0.302-X5) + 0.179*max(0,0.370-X0) + 0.176*max(0,-0.0658-X0) * abs(X4) + 0.169*abs(X2) * max(0,-0.0758-X3) - 0.168*X4**2 - 0.166*abs(X5) - 0.157*max(0,0.800-X1) + 0.153*X0 * abs(X4) - 0.144*X3**2 - 0.141*max(0,X2-0.277) + 0.129*max(0,X3-1.31) - 0.121*max(0,X1-1.25) * max(0,X4-0.338) + 0.117*X2 * max(0,X0-1.24) - 0.111*max(0,X5-1.21) * abs(X3) + 0.110*max(0,-0.0658-X0) * max(0,-0.136-X4) - 0.0935*abs(X2) * max(0,X0-1.24) + 0.0918*X2 * max(0,X3+0.0758) + 0.0914*max(0,X5+0.149) - 0.0685*max(0,X2+1.10) + 0.0672*abs(X0) * abs(X4) - 0.0660*max(0,0.845-X3) + 0.0651*max(0,X3+0.536) - 0.0649*max(0,-0.136-X4) * abs(X4) - 0.0562*max(0,-0.136-X4) * max(0,-0.0758-X3) + 0.0414*max(0,-0.639-X2) - 0.0404*X0 * max(0,X3+0.0758) + 0.0401*X0 * X2 + 0.0329*X1**2 + 0.0239*X5**2 + 0.0224*abs(X2) * abs(X3) + 0.0215*X2 * abs(X3) + 0.0190*abs(X4) * abs(X3) - 0.0160*max(0,X4-0.338) * abs(X3) - 0.0153*max(0,X1-1.25) + 0.0114*max(0,-1.05-X5) - 0.00953*X2 * abs(X0) + 0.00786*max(0,1.19-X2) + 0.00708*abs(X3) * max(0,-0.0758-X3) - 0.00325*abs(X2) * X2 - 0.000528*abs(X2) * max(0,X3+0.0758)"
ffx,feynman_II_6_15b,ok,0.259256,0.030824,1036,16.93,,"-0.384 + 33.9*max(0,-1.05-X2) * max(0,X3-1.21) - 19.7*max(0,-1.12-X3) * max(0,X1-1.30) + 13.2*max(0,-0.576-X2) * max(0,X1-1.30) - 11.7*max(0,-1.12-X3) * max(0,-0.971-X0) + 11.3*max(0,-1.05-X2) * max(0,-0.971-X0) - 11.0*max(0,X1-1.30) * max(0,-0.971-X0) + 9.98*max(0,-1.12-X3) * max(0,-1.05-X2) + 8.80*max(0,X1-0.848) * max(0,-1.12-X3) + 8.33*max(0,X1-1.30) * max(0,X3-1.21) - 8.19*max(0,-0.519-X0) * max(0,-1.05-X2) - 6.94*max(0,-0.0978-X2) * max(0,X1-1.30) - 5.97*max(0,-0.576-X2) * max(0,-0.971-X0) - 5.63*max(0,X3-0.279) * max(0,X3-1.21) - 5.13*max(0,-1.05-X2) * max(0,X1-1.30) - 5.01*max(0,X3-0.279) * max(0,X1-1.30) - 4.92*max(0,-0.576-X2) * max(0,X3-1.21) + 4.44*max(0,X3-1.21) - 4.00*max(0,-0.576-X2) * max(0,-1.12-X3) + 3.95*max(0,X1-0.848) * max(0,-0.971-X0) + 3.68*max(0,X1-1.30) - 3.31*max(0,-0.187-X3) * max(0,X1-1.30) + 3.05*max(0,-0.519-X0) * max(0,-0.576-X2) + 2.95*max(0,-0.576-X2) * max(0,-0.0978-X2) + 2.29*max(0,X1-0.848) * max(0,X3-1.21) - 2.28*max(0,-0.576-X2) * max(0,-1.05-X2) - 2.18*max(0,-0.971-X0) - 2.04*max(0,X2-0.859) * max(0,X1-1.30) + 2.04*max(0,-0.0978-X2) * max(0,-1.12-X3) - 1.95*max(0,X1-0.848) * max(0,-0.576-X2) - 1.85*max(0,-0.576-X2) - 1.85*max(0,-0.519-X0) * max(0,-1.12-X3) - 1.73*max(0,X1-0.848) - 1.73*max(0,-1.05-X2) + 1.68*max(0,X2-0.859) * max(0,-0.971-X0) + 1.60*max(0,-0.519-X0) * max(0,X1-1.30) + 1.60*max(0,X2-0.859) + 1.49*max(0,X1-0.848) * max(0,-0.0978-X2) + 1.41*max(0,-0.519-X0) * max(0,-0.971-X0) + 1.37*max(0,-0.0978-X2) * max(0,X3-1.21) + 1.36*max(0,-0.187-X3) * max(0,-0.0978-X2) + 1.34*max(0,X2-0.859) * max(0,X3-1.21) - 1.31*max(0,-0.187-X3) * max(0,-1.05-X2) + 1.23*max(0,X3-0.279) * max(0,X1-0.848) - 1.20*max(0,-0.519-X0) * max(0,X1-0.848) - 1.10*max(0,-0.654-X3) - 1.08*max(0,-0.0534-X1) - 1.07*max(0,X2-0.859) * max(0,-1.12-X3) - 1.04*max(0,-0.519-X0) * max(0,X2-0.859) + 1.01*max(0,-0.504-X1) + 0.914*max(0,-0.519-X0) * max(0,-0.0978-X2) - 0.888*max(0,X3-0.279) * max(0,X2-0.859) + 0.847*max(0,X3-0.279) * max(0,-1.05-X2) + 0.757*max(0,X0-1.29) + 0.680*max(0,X1-0.397) + 0.665*max(0,-0.187-X3) - 0.609*max(0,-0.187-X3) * max(0,-1.12-X3) + 0.608*max(0,0.381-X2) + 0.589*max(0,0.397-X1) + 0.582*max(0,X3-0.746) + 0.581*max(0,-0.519-X0) * max(0,X3-1.21) - 0.568*max(0,0.279-X3) + 0.562*max(0,X2+0.0978) - 0.548*X2**2 + 0.547*max(0,X1-0.848) * max(0,X2-0.859) - 0.518*max(0,X3-0.279) * max(0,-0.0978-X2) - 0.496*max(0,-0.954-X1) - 0.490*max(0,X1-0.848) * max(0,X1-1.30) - 0.450*max(0,X0-0.837) + 0.397*max(0,-0.0978-X2) * max(0,-1.05-X2) - 0.295*max(0,-0.187-X3) * max(0,-0.971-X0) - 0.293*max(0,-0.0978-X2) - 0.266*X2 + 0.264*max(0,X1-0.848) * max(0,-1.05-X2) + 0.203*max(0,X2-0.381) + 0.200*max(0,X2-1.34) + 0.189*max(0,X3+0.187) + 0.188*max(0,-1.12-X3) - 0.145*max(0,X3-0.279) + 0.139*max(0,-0.0978-X2) * max(0,-0.971-X0) - 0.135*max(0,X3-1.21) * max(0,-0.971-X0) + 0.110*max(0,X0+0.0673) + 0.110*max(0,-0.519-X0) * max(0,X3-0.279) - 0.0968*max(0,X1+0.504) + 0.0800*max(0,-0.519-X0) + 0.0662*max(0,X0-0.385) - 0.0392*max(0,X3-0.279) * max(0,-0.971-X0) - 0.0340*max(0,X3-0.279) * max(0,-0.576-X2)"
ffx,feynman_II_8_31,ok,0.991909,1.06846,586,13.54,,"-0.463 - 2.48*max(0,-0.670-X0) * max(0,-1.12-X1) + 2.19*max(0,-0.197-X0) * max(0,-1.12-X1) + 1.90*max(0,-0.670-X0) + 1.87*max(0,-0.670-X0) * max(0,-0.671-X1) + 1.85*max(0,X0-0.750) * max(0,-1.12-X1) - 1.79*max(0,X0-0.277) * max(0,-1.12-X1) - 1.66*max(0,-1.12-X1) + 1.52*max(0,-1.12-X1) * max(0,-1.14-X0) - 1.41*max(0,-0.197-X0) * max(0,-0.671-X1) + 1.35*max(0,X0-1.22) * max(0,-0.671-X1) + 1.10*max(0,X0-0.277) + 0.990*X1 + 0.957*max(0,X0-0.750) * max(0,X0-1.22) - 0.936*max(0,X0-1.22) * max(0,-1.12-X1) - 0.931*X0**2 + 0.880*max(0,-1.12-X1) * max(0,-0.671-X1) + 0.874*X0 * max(0,-1.12-X1) - 0.868*max(0,X0-0.750) * max(0,-0.671-X1) + 0.807*max(0,X1-1.12) - 0.800*max(0,-0.197-X0) * max(0,-0.670-X0) - 0.796*max(0,X0-1.22) + 0.789*max(0,-0.197-X0) * max(0,-1.14-X0) + 0.738*max(0,X1-0.224) + 0.716*max(0,-0.224-X1) - 0.715*X1 * max(0,-1.12-X1) + 0.690*max(0,-1.14-X0) - 0.685*X1**2 + 0.653*max(0,-0.671-X1) + 0.548*max(0,X0-0.750) + 0.523*X0 * X1 + 0.521*max(0,0.671-X1) + 0.482*max(0,X0-0.277) * max(0,-0.671-X1) + 0.479*max(0,X0+0.197) + 0.431*max(0,X1+0.671) - 0.400*max(0,X0-0.277) * X1 - 0.389*max(0,-1.14-X0) * max(0,-0.671-X1) + 0.264*max(0,X0-0.750) * X0 + 0.262*max(0,X1-0.671) + 0.247*max(0,X0-0.750) * X1 - 0.245*max(0,X0+0.670) - 0.221*max(0,0.277-X0) + 0.185*max(0,-0.197-X0) + 0.181*max(0,-0.670-X0) * X0 + 0.171*max(0,X0-0.277) * X0 + 0.170*max(0,-0.670-X0) * X1 - 0.156*X0 + 0.143*X1 * max(0,-1.14-X0) - 0.130*max(0,-0.197-X0) * X0 + 0.121*max(0,X0-1.22) * X0 - 0.111*max(0,0.750-X0) - 0.0685*X1 * max(0,-0.671-X1) + 0.0435*max(0,-0.197-X0) * X1 - 0.0384*max(0,1.12-X1) - 0.0224*X0 * max(0,-0.671-X1) + 0.0207*max(0,-0.670-X0) * max(0,-1.14-X0) - 0.00724*X0 * max(0,-1.14-X0) - 0.00554*max(0,X1+1.12) - 0.000306*max(0,X0-1.22) * X1"
ffx,feynman_II_8_7,ok,-126.633648,1.577216,60,14.78,,(-0.377 + 0.478*X0 - 0.323*X2 - 0.282*X1 - 0.187*X1 * X0 + 0.132*X1**2 + 0.0786*X0**2 + 0.0323*X2**2 + 0.0119*X0 - 0.000970*X0 * X1 + 4.92e-5*X0**2) / (1.0 + 0.248*X2 - 0.107*X1**2 - 0.0384*X2**2 - 0.0306*X0 + 0.0265*X1 * X0 - 0.0162*X0**2 - 0.00201*X0**2 - 0.000302*X0 + 6.70e-5*X0 * X1)
ffx,feynman_I_10_7,ok,0.949154,0.266585,1038,16.34,,"0.502 + 10.5*max(0,-1.15-X2) * max(0,X1-1.15) - 6.48*max(0,X1-0.711) * max(0,X0-1.30) - 4.37*max(0,-1.07-X0) * max(0,-0.166-X1) + 4.04*max(0,X1-1.15) * max(0,X0-0.827) + 3.64*max(0,-1.07-X0) * abs(X1) - 3.39*max(0,-1.07-X0) * max(0,X1+0.166) + 3.30*max(0,X1-1.15) * max(0,X0-1.30) + 2.75*max(0,X1-0.272) * max(0,X0-1.30) + 2.18*max(0,-0.166-X1) * max(0,X0-1.30) - 2.17*max(0,X1-1.15) + 1.78*max(0,X1-0.711) * max(0,X1-1.15) - 1.52*max(0,X2-0.252) * max(0,X1-1.15) + 1.36*max(0,-0.166-X1) + 1.26*max(0,-1.07-X0) * max(0,X1-1.15) + 1.24*max(0,-1.07-X0) - 1.22*max(0,-0.166-X1) * max(0,X0-0.827) - 1.20*max(0,-0.166-X1) * max(0,-1.15-X2) + 1.09*max(0,X0-0.827) - 1.03*max(0,X1-0.711) * max(0,X0-0.827) - 1.02*max(0,X1+0.166) * max(0,X0-0.827) - 0.987*max(0,-1.07-X0) * max(0,-1.15-X2) + 0.950*X0 + 0.932*max(0,-1.04-X1) - 0.929*max(0,-1.15-X2) * max(0,X0-1.30) + 0.884*max(0,-1.15-X2) * abs(X1) + 0.883*max(0,-1.07-X0) * max(0,X1-0.711) - 0.876*abs(X0) * max(0,X1-1.15) + 0.872*max(0,X2-0.252) * max(0,X0-1.30) - 0.734*X1**2 + 0.719*max(0,X1+0.166) * max(0,X0-1.30) - 0.712*max(0,-0.680-X2) - 0.673*abs(X1) + 0.670*max(0,X1-1.15) * abs(X1) - 0.660*abs(X1) * max(0,X0-1.30) - 0.641*max(0,X1-1.15) * X0 + 0.585*max(0,-1.15-X2) - 0.583*max(0,-1.07-X0) * max(0,X1-0.272) + 0.551*max(0,X1-0.272) - 0.538*max(0,X1+0.166) * abs(X1) + 0.533*abs(X0) * max(0,-1.15-X2) + 0.523*abs(X1) * max(0,X0-0.827) + 0.511*max(0,X2-0.252) * max(0,X1-0.272) + 0.509*max(0,X1-0.711) * X0 - 0.509*max(0,-1.15-X2) * max(0,X1-0.272) - 0.475*max(0,X1+0.166) * max(0,-1.15-X2) + 0.471*max(0,X0+0.121) + 0.441*max(0,-0.121-X0) + 0.414*max(0,X1-0.711) - 0.408*max(0,X2-0.252) * max(0,X0-0.827) + 0.406*max(0,X1+0.166) * max(0,X1-1.15) + 0.405*max(0,X1+0.166) - 0.405*max(0,X0-0.827) * max(0,X0-1.30) + 0.400*max(0,X2+0.214) - 0.392*abs(X0) - 0.384*max(0,X0-1.30) * X0 + 0.362*max(0,X2-1.18) - 0.362*X0**2 + 0.345*max(0,X1-1.15) * max(0,X1-0.272) + 0.344*max(0,-0.214-X2) - 0.327*max(0,X2-0.252) + 0.318*abs(X0) * max(0,X1-0.272) - 0.313*max(0,-0.166-X1) * X0 + 0.307*max(0,X1-0.272) * abs(X1) - 0.301*max(0,X0-1.30) + 0.298*max(0,0.272-X1) + 0.298*max(0,X1+0.166) * max(0,X1-0.272) - 0.287*max(0,X1-0.272) * max(0,X0-0.827) - 0.272*abs(X2) + 0.261*max(0,-0.605-X1) + 0.256*max(0,0.252-X2) - 0.255*max(0,1.15-X1) + 0.245*max(0,-1.07-X0) * X0 + 0.244*abs(X0) * max(0,-1.07-X0) - 0.240*max(0,X1+0.166) * X0 + 0.212*max(0,X1-0.711) * max(0,X1-0.272) + 0.207*max(0,X2-0.718) + 0.172*max(0,-1.15-X2) * X0 + 0.171*abs(X0) * max(0,-0.166-X1) + 0.169*abs(X1) * X0 - 0.164*max(0,X1-0.711) * max(0,-1.15-X2) - 0.162*max(0,0.711-X1) - 0.159*max(0,-1.15-X2) * max(0,X0-0.827) + 0.151*abs(X0) * max(0,X1+0.166) + 0.135*max(0,0.353-X0) - 0.132*max(0,X2+0.680) + 0.0918*max(0,X2-0.252) * abs(X1) - 0.0898*max(0,1.18-X2) - 0.0878*X1 + 0.0851*max(0,X1+0.605) - 0.0823*abs(X0) * max(0,X1-0.711) + 0.0787*abs(X0) * X0 + 0.0776*max(0,X0-0.353) + 0.0618*abs(X0) * max(0,X0-1.30) - 0.0527*max(0,X0+1.07) - 0.0520*abs(X0) * abs(X1) + 0.0514*abs(X0) * max(0,X0-0.827) + 0.0489*max(0,X0-0.827) * X0 + 0.0476*max(0,0.718-X2) + 0.0460*max(0,-0.166-X1) * abs(X1) + 0.0345*max(0,-0.594-X0) - 0.0302*max(0,1.30-X0) + 0.0274*max(0,X1-0.711) * abs(X1) + 0.0261*max(0,X2-0.252) * X0 + 0.0223*max(0,X2-0.252) * max(0,-0.166-X1) + 0.0191*max(0,X1-0.272) * X0 + 0.0144*max(0,X1+0.166) * max(0,X1-0.711) - 0.00733*max(0,X1+1.04)"
ffx,feynman_I_11_19,ok,-0.497263,10.180809,1654,34.07,,"-0.252 - 64.6*max(0,-1.10-X4) * max(0,X3-1.33) + 27.2*max(0,-0.978-X1) * max(0,X3-1.33) - 8.78*max(0,X4-0.762) * max(0,-1.08-X2) + 7.83*max(0,-1.08-X2) * max(0,X3-1.33) + 6.46*max(0,X4-0.297) * max(0,-1.08-X2) + 3.58*max(0,X2-0.856) * max(0,-1.10-X4) + 3.19*max(0,-0.631-X4) * max(0,X3-1.33) - 3.14*max(0,-0.111-X2) * max(0,X3-1.33) - 3.00*max(0,-0.0716-X1) * max(0,X3-1.33) + 2.77*max(0,-1.10-X4) * max(0,-1.08-X2) + 2.76*max(0,X4-0.297) * max(0,-0.525-X1) + 2.74*max(0,-0.694-X5) * max(0,X3-1.33) + 2.60*max(0,X4-0.762) * max(0,-0.595-X2) - 2.47*max(0,X4-0.762) * max(0,X3-1.33) - 2.37*max(0,-0.595-X2) * max(0,X3-1.33) - 2.24*max(0,X4-0.297) * max(0,-0.595-X2) - 2.23*max(0,-0.694-X5) * max(0,-0.595-X2) + 2.14*max(0,-1.10-X4) * max(0,X3-0.370) - 1.84*max(0,X4-0.297) * max(0,-0.0716-X1) + 1.69*max(0,-0.694-X5) * max(0,-0.111-X2) + 1.53*max(0,X5-0.153) * max(0,X3-1.33) - 1.50*max(0,X2-0.856) * max(0,-0.631-X4) + 1.44*max(0,-0.694-X5) * max(0,-0.978-X1) - 1.41*X2 * max(0,X3-1.33) + 1.37*max(0,X3-1.33) + 1.36*max(0,-1.10-X4) * max(0,-0.110-X3) + 1.32*max(0,X2-0.856) * max(0,X3-0.370) + 1.29*max(0,-0.595-X2) * max(0,-0.110-X3) + 1.20*max(0,X4-0.762) * max(0,-0.110-X3) - 1.19*max(0,-0.525-X1) * max(0,-0.110-X3) - 1.08*max(0,X4-0.297) * max(0,-0.978-X1) - 1.03*max(0,X3+0.110) * max(0,-0.525-X1) + 1.02*max(0,-0.694-X5) * max(0,-0.631-X4) - 1.02*max(0,X2-0.856) * max(0,X3+0.110) + 0.979*max(0,X2-0.856) + 0.971*max(0,X4+0.167) - 0.967*max(0,-0.631-X4) * abs(X3) - 0.943*max(0,-1.08-X2) * max(0,-0.110-X3) + 0.942*max(0,-1.08-X2) - 0.941*max(0,X4-1.23) - 0.905*max(0,-0.694-X5) * max(0,-1.10-X4) - 0.883*max(0,-0.595-X2) * max(0,-1.08-X2) - 0.840*max(0,-1.10-X4) * max(0,-0.631-X4) - 0.820*max(0,X4-0.297) * max(0,X3-1.33) - 0.813*max(0,-0.694-X5) * max(0,-1.08-X2) - 0.765*max(0,-0.978-X1) * max(0,-0.595-X2) - 0.727*max(0,-0.694-X5) + 0.720*max(0,X5-0.153) * max(0,-1.10-X4) + 0.708*max(0,-1.10-X4) * max(0,X3+0.110) + 0.698*max(0,X2-0.856) * max(0,-0.525-X1) - 0.648*max(0,X4-0.297) * max(0,-0.110-X3) - 0.601*max(0,-1.10-X4) * max(0,-0.595-X2) - 0.580*max(0,0.153-X5) - 0.547*max(0,X5-1.00) - 0.543*max(0,-0.694-X5) * max(0,X3+0.110) + 0.534*max(0,-0.978-X1) * abs(X3) - 0.533*max(0,-1.10-X4) * max(0,-0.111-X2) + 0.526*max(0,X5-0.153) * max(0,X3-0.370) - 0.514*max(0,X2-0.856) * abs(X3) - 0.503*max(0,X3-0.850) + 0.456*max(0,X5-0.153) * max(0,-1.08-X2) + 0.445*max(0,X5-0.577) - 0.437*max(0,X0-1.28) + 0.428*max(0,-0.0716-X1) * max(0,-0.631-X4) + 0.423*max(0,X3+0.110) * max(0,-0.595-X2) + 0.410*max(0,X4-0.297) * max(0,X3-0.370) - 0.402*max(0,-0.694-X5) * max(0,-0.0716-X1) - 0.389*max(0,X5-0.153) * max(0,-0.631-X4) + 0.382*max(0,-0.0716-X1) * abs(X3) + 0.357*max(0,-0.694-X5) * max(0,X3-0.370) - 0.354*abs(X4) + 0.352*max(0,-0.0716-X1) * max(0,-1.10-X4) - 0.342*max(0,-0.111-X2) * max(0,-0.110-X3) + 0.325*max(0,X2-0.856) * max(0,X3-1.33) + 0.323*max(0,-0.978-X1) * max(0,-0.631-X4) - 0.323*max(0,X2-0.856) * max(0,X4-0.297) + 0.319*max(0,X3-0.370) + 0.318*max(0,-0.167-X4) - 0.311*max(0,-1.07-X0) - 0.306*max(0,X2-0.856) * max(0,-0.978-X1) + 0.306*X5**2 - 0.299*max(0,X5-0.153) * max(0,X3+0.110) + 0.293*max(0,X2+0.595) + 0.291*max(0,X4-0.762) + 0.291*max(0,X1+0.0716) + 0.289*max(0,X0-0.809) - 0.286*max(0,-0.631-X4) * max(0,-0.525-X1) + 0.282*max(0,X0+0.603) + 0.266*max(0,-0.603-X0) + 0.265*X2 * max(0,X3-0.370) - 0.261*max(0,-1.08-X2) * abs(X3) + 0.249*max(0,-0.631-X4) * max(0,-0.110-X3) - 0.225*max(0,X5-0.153) * max(0,-0.111-X2) + 0.225*max(0,-1.12-X5) + 0.218*max(0,X3+0.110) * max(0,-0.111-X2) - 0.206*max(0,0.381-X1) - 0.194*max(0,-0.111-X2) - 0.184*max(0,-0.0716-X1) * max(0,X3-0.370) - 0.179*max(0,0.850-X3) - 0.178*abs(X2) - 0.176*X2 * max(0,-0.694-X5) + 0.171*max(0,-0.694-X5) * max(0,X4-0.297) + 0.169*max(0,X3+0.110) - 0.157*abs(X0) + 0.156*max(0,-0.694-X5) * max(0,X2-0.856) - 0.139*max(0,-0.978-X1) * max(0,-1.08-X2) - 0.116*max(0,X4-0.297) * max(0,X5-0.153) - 0.111*max(0,X4-0.297) * max(0,-0.111-X2) - 0.108*max(0,X5-0.153) * abs(X3) - 0.107*max(0,X2-1.34) - 0.0985*max(0,X5-0.153) * max(0,-0.525-X1) + 0.0982*max(0,-0.0716-X1) * max(0,-0.111-X2) - 0.0937*max(0,X5-0.153) * max(0,-0.595-X2) + 0.0923*max(0,-0.595-X2) * abs(X3) + 0.0920*max(0,X0+0.132) + 0.0857*X2 * max(0,-0.110-X3) - 0.0745*max(0,-0.589-X3) - 0.0673*max(0,-0.111-X2) * max(0,X3-0.370) + 0.0670*X2 * max(0,X5-0.153) - 0.0655*X2 * max(0,X4-0.297) + 0.0638*X2 * max(0,-0.525-X1) - 0.0599*max(0,0.338-X0) + 0.0562*max(0,-0.0716-X1) * max(0,-0.110-X3) + 0.0552*max(0,X5+0.270) - 0.0548*max(0,-0.631-X4) - 0.0527*max(0,-0.631-X4) * max(0,-0.595-X2) - 0.0492*max(0,-0.0716-X1) * max(0,X3+0.110) + 0.0464*max(0,X1-0.834) - 0.0424*X2 * max(0,-0.631-X4) - 0.0395*max(0,-0.978-X1) * max(0,-0.111-X2) + 0.0354*X1**2 - 0.0353*max(0,-0.694-X5) * abs(X3) + 0.0294*max(0,-1.07-X3) - 0.0264*max(0,-0.978-X1) * max(0,X3+0.110) + 0.00974*X0 + 0.00939*max(0,-0.595-X2) + 0.00670*max(0,X3-1.33) * abs(X3) - 0.00313*max(0,X4-0.297) * abs(X3) + 0.00101*max(0,X3-0.370) * max(0,X3-1.33) - 0.000864*max(0,X4-0.297) * max(0,X3+0.110) - 0.000396*max(0,X2-0.373)"
ffx,feynman_I_12_1,ok,0.996807,0.291646,461,12.76,,"-0.472 - 7.28*max(0,X1-1.27) * max(0,X0-0.935) + 6.73*max(0,X1-1.27) * max(0,X0-1.40) + 6.04*max(0,X0-0.471) * max(0,X1-1.27) - 4.71*max(0,X1-0.783) * max(0,X0-1.40) + 4.08*max(0,X1-0.783) * max(0,X0-0.935) + 2.28*max(0,-0.182-X1) * max(0,X0-1.40) - 2.22*max(0,X0-0.471) * max(0,X1-0.783) - 2.01*X0 * max(0,X1-1.27) - 2.00*max(0,0.00653-X0) * max(0,X1-1.27) - 1.98*max(0,-0.182-X1) * max(0,X0-0.935) - 1.92*max(0,X1-0.783) * max(0,X1-1.27) + 1.39*X1 * max(0,X0-1.40) - 1.35*X0 * max(0,X0-1.40) + 1.21*max(0,X0-0.935) * max(0,X0-1.40) - 1.15*X1 * max(0,X0-0.935) + 1.11*max(0,X0-0.471) * max(0,X0-1.40) + 0.734*max(0,0.00653-X0) * max(0,X1-0.783) - 0.665*max(0,X1-0.783) + 0.633*max(0,X1-1.27) + 0.600*X1 * max(0,X1-0.783) + 0.565*max(0,X0-0.471) * X0 + 0.507*max(0,X0+0.458) + 0.502*X0 * max(0,X1-0.783) + 0.500*max(0,-0.665-X1) + 0.488*X0 - 0.470*max(0,-0.182-X1) + 0.456*max(0,-0.922-X0) + 0.345*max(0,0.935-X0) + 0.339*X1 * max(0,X1-1.27) - 0.331*max(0,X0-0.471) * max(0,X0-0.935) + 0.330*X1 * X0 + 0.329*X1 - 0.318*X0**2 + 0.318*max(0,X0-0.935) - 0.302*max(0,-1.15-X1) + 0.284*max(0,X0-0.471) * max(0,-0.182-X1) - 0.262*X0 * max(0,X0-0.935) + 0.246*max(0,X1-0.300) + 0.244*abs(X1) + 0.240*max(0,X0-0.471) * X1 - 0.216*max(0,X0-1.40) + 0.211*max(0,-0.182-X1) * X0 - 0.172*X1**2 + 0.0735*max(0,0.00653-X0) * max(0,-0.182-X1) - 0.0570*max(0,1.27-X1) + 0.0497*max(0,0.00653-X0) * X0 - 0.0454*X1 * max(0,-0.182-X1) - 0.0303*max(0,0.00653-X0) + 0.0179*max(0,X0-0.471) - 0.000431*max(0,X1+1.15)"
ffx,feynman_I_12_11,ok,0.014854,21.319052,1843,26.14,,"0.452 + 72.8*max(0,X4-1.31) * max(0,X3-1.24) - 63.5*max(0,X0-1.15) * max(0,X3-1.24) - 26.2*max(0,-0.988-X4) * max(0,X3-1.24) - 14.7*max(0,X4-1.31) * max(0,X3-0.798) + 14.6*max(0,X0-0.700) * max(0,X3-1.24) + 14.5*max(0,X0-1.15) * max(0,X3-0.798) - 13.9*max(0,X0-0.700) * max(0,X4-1.31) - 13.0*max(0,-0.988-X4) * max(0,X0-1.15) + 12.8*max(0,-0.988-X4) * max(0,X3-0.798) - 12.7*max(0,-1.11-X0) * max(0,X3-1.24) - 11.0*max(0,X0-1.15) * max(0,X4-1.31) - 10.6*max(0,-0.988-X4) * max(0,X0-0.700) - 10.5*max(0,-0.634-X1) * max(0,X0-1.15) - 10.5*max(0,X0-0.700) * max(0,X3-0.798) - 10.0*max(0,-0.988-X4) * max(0,-0.634-X1) + 9.82*abs(X3) * max(0,X4-1.31) - 9.07*max(0,-1.11-X0) * max(0,-0.634-X1) - 8.76*max(0,X4-1.31) + 8.69*max(0,X0-0.247) * max(0,X4-1.31) + 8.60*abs(X4) * max(0,X0-1.15) - 8.34*max(0,-0.0700-X4) * max(0,X0-1.15) - 8.28*max(0,X0-0.247) * max(0,X3-1.24) - 7.98*X4 * max(0,X3-1.24) - 7.03*max(0,-0.0855-X3) * max(0,X4-1.31) + 6.85*max(0,-0.167-X1) * max(0,X0-1.15) + 6.35*max(0,X4+0.0700) * max(0,X3-1.24) - 6.13*max(0,X3-1.24) + 6.06*max(0,-1.11-X0) * max(0,X3-0.798) + 4.89*max(0,-0.167-X1) * max(0,-1.11-X0) + 4.88*abs(X4) * max(0,X4-1.31) + 4.87*max(0,-0.988-X4) * max(0,X0-0.247) - 4.83*abs(X3) * max(0,-0.634-X1) + 4.57*max(0,-0.988-X4) * max(0,-0.167-X1) + 4.41*abs(X4) * max(0,-0.634-X1) - 4.38*max(0,-1.11-X0) * max(0,X4-1.31) + 4.30*max(0,X3-0.798) * max(0,X3-1.24) - 4.17*max(0,X4+0.0700) * max(0,X0-1.15) + 4.11*max(0,X1-1.23) * max(0,X3-1.24) - 4.03*max(0,-0.167-X1) * max(0,-0.0700-X4) + 4.01*max(0,-0.988-X4) * max(0,-1.11-X0) - 3.63*abs(X3) * max(0,X0-1.15) + 3.44*max(0,-0.634-X1) * max(0,X3-0.798) - 3.43*max(0,X0-1.15) - 3.02*max(0,X0-0.700) * max(0,-0.634-X1) + 3.01*abs(X3) * max(0,-0.0700-X4) + 2.91*max(0,-0.0855-X3) * max(0,-0.988-X4) - 2.88*X4 * max(0,X4-1.31) + 2.87*max(0,X0-0.700) * max(0,-0.0700-X4) + 2.83*max(0,X0-0.247) * max(0,X3-0.798) + 2.83*max(0,-0.0855-X3) * max(0,X4+0.0700) + 2.82*max(0,-0.167-X1) * max(0,X0-0.700) + 2.80*max(0,-1.11-X0) * abs(X4) - 2.59*max(0,-0.0700-X4) * max(0,X3-1.24) + 2.49*max(0,-0.0855-X3) * max(0,-1.11-X0) + 2.45*max(0,X4+0.0700) * max(0,X3-0.798) - 2.43*max(0,-1.11-X0) * max(0,-0.0700-X4) + 2.39*max(0,-0.0855-X3) * max(0,X0-1.15) + 2.30*max(0,-0.634-X1) * max(0,X0-0.247) + 2.27*max(0,-0.634-X1) * max(0,X4-1.31) - 2.26*max(0,-0.0700-X4) * max(0,X3-0.798) - 2.20*abs(X3) + 2.20*max(0,X3+0.0855) - 2.18*abs(X3) * max(0,-0.988-X4) - 2.11*X4 * max(0,X0-1.15) + 2.09*abs(X1) + 2.02*abs(X3) * max(0,X0-0.700) + 1.97*max(0,X0-0.700) * max(0,X0-0.247) + 1.94*max(0,-0.634-X1) * max(0,X3-1.24) - 1.92*max(0,X4+0.0700) * max(0,-1.11-X0) - 1.84*max(0,-0.167-X1) * max(0,X3-1.24) + 1.81*max(0,X4-0.847) - 1.71*max(0,-0.167-X1) * max(0,X0-0.247) + 1.71*max(0,X0-0.700) * max(0,X0-1.15) - 1.65*max(0,-0.167-X1) * max(0,X4-1.31) - 1.63*abs(X3) * max(0,-1.11-X0) + 1.61*max(0,-1.10-X1) - 1.61*max(0,-0.0855-X3) * abs(X4) - 1.59*abs(X3) * abs(X4) + 1.57*abs(X3) * max(0,-0.167-X1) - 1.50*X4 * max(0,-0.634-X1) + 1.45*X4 * max(0,-1.11-X0) + 1.44*max(0,-0.206-X0) - 1.40*max(0,-0.969-X3) + 1.36*max(0,X1-0.766) + 1.33*max(0,-0.0700-X4) - 1.29*max(0,-0.167-X1) + 1.25*X4 * max(0,X3-0.798) + 1.21*max(0,X2-0.836) - 1.20*max(0,-0.0855-X3) * max(0,X0-0.700) + 1.18*max(0,-0.0855-X3) * max(0,-0.0700-X4) - 1.14*abs(X0) + 1.12*max(0,-0.659-X0) + 1.10*max(0,X0+0.206) - 1.09*max(0,X3-0.798) + 1.05*max(0,-0.529-X4) - 1.04*abs(X4) * max(0,X0-0.247) + 1.04*max(0,-0.0855-X3) * max(0,-0.167-X1) - 1.04*max(0,X1-0.299) - 1.02*max(0,X1+0.167) + 1.01*max(0,-0.167-X1) * max(0,X3-0.798) - 1.01*max(0,-0.988-X4) * max(0,-0.0700-X4) + 0.980*max(0,-0.0855-X3) * X4 - 0.964*max(0,-1.11-X0) + 0.928*max(0,-0.117-X2) - 0.909*max(0,X3-0.356) - 0.906*max(0,X0-0.700) + 0.882*max(0,-0.634-X1) * max(0,-0.0700-X4) - 0.855*max(0,X2-1.31) + 0.854*max(0,-0.0855-X3) - 0.800*max(0,X0-0.247) * max(0,-0.0700-X4) - 0.745*abs(X2) - 0.735*max(0,X0-0.247) * max(0,X0-1.15) + 0.727*abs(X4) * max(0,X3-0.798) + 0.725*abs(X4) * max(0,X0-0.700) - 0.705*X4 * max(0,X0-0.247) - 0.658*max(0,X4+0.0700) * max(0,-0.634-X1) + 0.642*max(0,-0.988-X4) * abs(X4) - 0.638*X4**2 - 0.622*max(0,X4+0.0700) * max(0,X0-0.247) + 0.607*max(0,0.356-X3) - 0.593*max(0,X4+0.0700) - 0.564*max(0,X4+0.0700) * max(0,-0.167-X1) - 0.540*abs(X4) * max(0,-0.0700-X4) + 0.540*max(0,-0.988-X4) * X4 - 0.526*max(0,0.700-X0) - 0.507*X1**2 + 0.490*max(0,-0.527-X3) + 0.473*max(0,-0.167-X1) * max(0,-0.634-X1) + 0.463*max(0,X2+0.117) - 0.455*max(0,X0+0.659) - 0.434*X4 * max(0,-0.167-X1) - 0.419*max(0,X4-0.389) + 0.408*max(0,-0.0855-X3) * max(0,X0-0.247) + 0.407*max(0,X4+0.0700) * max(0,X0-0.700) + 0.405*abs(X3) * max(0,X3-0.798) - 0.404*max(0,0.847-X4) + 0.392*max(0,X4+0.0700) * abs(X4) + 0.389*max(0,X1+0.634) + 0.384*X4 * max(0,X0-0.700) + 0.382*max(0,0.359-X2) + 0.370*max(0,-0.988-X4) + 0.363*abs(X4) * max(0,X3-1.24) - 0.361*max(0,X4+0.0700) * abs(X3) - 0.358*X0**2 - 0.348*max(0,0.299-X1) - 0.304*max(0,-0.167-X1) * abs(X4) + 0.298*max(0,X4+0.0700) * max(0,X4-1.31) + 0.293*X3**2 - 0.288*X4 - 0.279*X2**2 + 0.268*max(0,-0.593-X2) + 0.257*X2 + 0.253*abs(X3) * max(0,X3-1.24) - 0.233*max(0,-0.0855-X3) * max(0,-0.634-X1) + 0.233*max(0,X3+0.527) - 0.230*X4 * max(0,-0.0700-X4) + 0.202*max(0,X4+0.0700) * X4 + 0.130*X4 * abs(X4) + 0.127*X3 - 0.121*abs(X3) * X4 + 0.118*max(0,X2-0.359) + 0.116*max(0,-0.0855-X3) * abs(X3) + 0.112*max(0,-1.07-X2) + 0.105*max(0,X4+0.529) + 0.103*max(0,0.798-X3) - 0.102*max(0,X1-1.23) + 0.0940*max(0,1.31-X4) + 0.0860*X0 - 0.0833*X1 + 0.0823*abs(X3) * max(0,X0-0.247) + 0.0800*max(0,-0.634-X1) + 0.0746*max(0,0.247-X0) + 0.0624*max(0,0.389-X4) + 0.0231*max(0,X0-0.247) - 0.0177*max(0,X3+0.969) - 0.0140*max(0,0.836-X2) + 0.0128*max(0,X0+1.11) + 0.00797*abs(X4) + 0.00773*max(0,1.24-X3) + 0.00347*max(0,0.766-X1)"
ffx,feynman_I_12_2,ok,0.811819,0.076539,988,19.6,,"-0.978 + 36.0*max(0,-1.18-X2) * max(0,X0-1.25) - 31.9*max(0,-0.735-X2) * max(0,X0-1.25) + 24.2*max(0,-1.18-X2) * max(0,-1.02-X3) + 21.1*max(0,X3-1.19) * max(0,X0-1.25) + 19.8*max(0,X1-1.15) * max(0,X0-1.25) - 13.8*max(0,-1.02-X3) * max(0,X0-1.25) - 12.8*max(0,X3-1.19) * max(0,X0-0.775) + 12.0*max(0,X0-0.296) * max(0,-1.18-X2) - 11.6*max(0,X1-1.15) * max(0,X0-0.775) + 10.6*max(0,-1.18-X2) * max(0,X3-1.19) - 10.5*max(0,-1.18-X2) * max(0,X1-1.15) + 9.70*max(0,X0-0.775) * max(0,-1.02-X3) - 8.60*max(0,X3-0.747) * max(0,X0-1.25) + 7.60*max(0,X1-1.15) * max(0,-1.02-X3) - 7.23*max(0,X0-0.775) * max(0,X0-1.25) + 7.22*max(0,X3-0.747) * max(0,X0-0.775) + 6.34*max(0,X1-1.15) * max(0,-0.735-X2) - 5.86*max(0,-1.18-X2) - 5.15*max(0,-0.661-X0) * max(0,-1.18-X2) + 4.96*max(0,X1-1.15) * max(0,X3-1.19) - 4.93*max(0,X0-0.296) * max(0,-0.735-X2) + 4.79*max(0,0.296-X0) * max(0,-1.18-X2) - 4.55*max(0,X0-0.775) + 4.44*max(0,X0-0.296) * max(0,X3-1.19) + 4.17*max(0,X0-0.296) * max(0,X0-1.25) - 3.56*max(0,X3-0.747) * max(0,-1.18-X2) + 3.48*max(0,X0-0.296) * max(0,X0-0.775) + 3.38*max(0,-0.735-X2) * max(0,X0-0.775) - 3.19*max(0,X3-0.747) * max(0,X1-1.15) + 2.95*max(0,X0-0.296) * max(0,X1-1.15) + 2.94*max(0,-1.18-X2) * max(0,X0-0.775) - 2.90*max(0,X3-0.747) * max(0,X0-0.296) - 2.72*max(0,X3-0.747) - 2.65*max(0,X3-1.19) + 2.59*max(0,-1.18-X2) * max(0,-0.735-X2) - 2.57*max(0,X0-0.296) * max(0,-1.02-X3) + 2.33*X3**2 - 2.28*max(0,X0-1.25) + 2.09*max(0,-0.661-X0) * max(0,-1.02-X3) + 2.04*max(0,-0.735-X2) * max(0,X3-1.19) - 2.03*max(0,-0.134-X3) - 1.99*max(0,0.296-X0) * max(0,-0.735-X2) - 1.91*max(0,-0.661-X0) * max(0,X3-1.19) - 1.87*max(0,-0.575-X3) - 1.87*max(0,0.296-X0) * max(0,-1.02-X3) + 1.72*max(0,-0.661-X0) * max(0,-0.735-X2) + 1.68*max(0,-0.661-X0) * max(0,X3-0.747) + 1.64*max(0,X1+0.586) - 1.62*max(0,-0.661-X0) * max(0,X1-1.15) - 1.62*X1 + 1.53*max(0,-0.735-X2) * max(0,-1.02-X3) - 1.41*max(0,X2-0.165) * max(0,-1.02-X3) + 1.30*max(0,0.296-X0) * max(0,X3-1.19) + 1.11*max(0,X0-0.296) - 1.10*max(0,X3-0.306) - 1.00*max(0,X2-0.165) * max(0,X0-0.296) + 0.938*max(0,X2-0.165) * max(0,X0-1.25) + 0.871*max(0,X1-0.714) + 0.834*max(0,-0.735-X2) - 0.833*max(0,X1-1.15) + 0.802*max(0,X3-0.747) * max(0,X3-1.19) - 0.770*max(0,-1.02-X1) - 0.751*max(0,0.296-X0) * max(0,X3-0.747) + 0.727*max(0,-1.02-X3) + 0.686*max(0,X2-1.06) - 0.659*X3 - 0.644*max(0,-0.153-X1) + 0.614*max(0,X2-0.165) * max(0,X0-0.775) - 0.608*max(0,X2-0.165) * max(0,X3-1.19) + 0.576*max(0,-1.14-X0) + 0.534*max(0,-0.285-X2) - 0.522*max(0,-0.661-X0) + 0.453*max(0,X2-0.165) * max(0,X3-0.747) - 0.385*max(0,0.296-X0) * max(0,X1-1.15) - 0.319*max(0,X3+0.575) - 0.286*max(0,0.306-X3) - 0.279*X1**2 + 0.254*max(0,X2+0.285) - 0.173*max(0,X2-0.165) + 0.170*max(0,X2-0.165) * max(0,X1-1.15) - 0.154*max(0,X2-0.615) - 0.149*max(0,0.296-X0) * max(0,X2-0.165) + 0.104*max(0,-0.182-X0) - 0.0677*max(0,X0+0.182) + 0.0619*max(0,X1-0.281) - 0.0439*max(0,0.714-X1) + 0.0112*max(0,X3-0.747) * max(0,-0.735-X2) - 0.00667*max(0,0.296-X0)"
ffx,feynman_I_12_4,ok,0.922303,0.005151,997,15.34,,"0.291 - 8.32*max(0,X1-1.25) * max(0,X2-1.24) + 4.59*max(0,X2-1.24) * max(0,X0-0.770) - 3.79*max(0,X2-1.24) * max(0,X0-0.305) - 3.22*max(0,X1-1.25) * max(0,-0.601-X2) + 2.89*max(0,-1.06-X2) * max(0,-0.0510-X1) + 2.48*max(0,X1-1.25) * max(0,-1.06-X2) - 2.48*max(0,-1.09-X0) * max(0,X2-0.781) + 2.44*max(0,-0.601-X2) * max(0,-0.484-X1) + 2.25*max(0,X1-1.25) * max(0,X2-0.781) - 1.97*max(0,-1.06-X2) * max(0,-0.484-X1) + 1.74*max(0,-1.09-X0) - 1.74*max(0,X2-1.24) * max(0,-0.484-X1) + 1.67*max(0,X0-0.770) * max(0,-0.484-X1) + 1.65*max(0,X2-1.24) * max(0,X2-0.781) + 1.62*max(0,X2-1.24) * X2 - 1.61*max(0,X2-1.24) - 1.55*max(0,0.305-X0) * max(0,X2-1.24) + 1.47*max(0,X2-0.781) * max(0,X0-0.305) + 1.43*max(0,X2-0.781) * max(0,-0.484-X1) - 1.33*max(0,X0-1.23) - 1.26*max(0,-1.06-X2) * max(0,X0-0.305) + 1.24*max(0,0.305-X0) * max(0,X2-0.781) - 1.20*max(0,X1-1.25) * max(0,X0-0.305) + 1.19*max(0,X0-0.305) * max(0,X0-0.770) - 1.18*max(0,X0-0.770) + 1.15*max(0,-0.0510-X1) - 1.15*max(0,-0.0510-X1) * max(0,-0.601-X2) + 1.14*max(0,-0.601-X2) * max(0,X0-0.305) - 1.04*max(0,-0.0510-X1) * max(0,X0-0.770) - 1.03*max(0,X2-0.781) * max(0,X0-0.770) + 0.969*max(0,-1.09-X0) * max(0,-0.484-X1) - 0.915*max(0,0.305-X0) * max(0,-1.06-X2) - 0.888*max(0,0.305-X0) * max(0,-1.09-X0) - 0.869*max(0,X2-1.24) * max(0,-0.0510-X1) + 0.824*max(0,X1-1.25) * max(0,X0-0.770) + 0.809*max(0,-1.06-X2) - 0.758*max(0,X2-0.781) * X2 + 0.754*max(0,-1.06-X2) * max(0,X0-0.770) + 0.747*max(0,X1-1.25) - 0.740*max(0,X1-1.25) * X2 + 0.736*max(0,-0.918-X1) - 0.717*max(0,-0.0510-X1) * max(0,-1.09-X0) - 0.655*max(0,-0.484-X1) + 0.650*max(0,X1-1.25) * max(0,-1.09-X0) + 0.489*max(0,-0.601-X2) - 0.487*max(0,0.382-X1) - 0.475*max(0,X1+0.484) - 0.440*max(0,X2-0.781) - 0.426*max(0,X2-1.24) * max(0,-1.09-X0) - 0.424*max(0,-0.140-X2) - 0.423*X2 + 0.406*X2**2 - 0.404*X2 * max(0,X0-0.770) - 0.395*max(0,X2+0.601) - 0.391*max(0,-0.0510-X1) * X2 - 0.382*max(0,-0.601-X2) * max(0,X0-0.770) - 0.311*max(0,0.320-X2) + 0.293*max(0,-0.0510-X1) * max(0,X0-0.305) + 0.289*max(0,X1-0.816) - 0.274*max(0,0.305-X0) * max(0,-0.0510-X1) + 0.249*max(0,X1+0.0510) - 0.237*max(0,-0.624-X0) + 0.201*max(0,X2-0.320) - 0.197*max(0,0.305-X0) + 0.148*max(0,-1.06-X2) * X2 + 0.146*max(0,-0.0510-X1) * max(0,-0.484-X1) - 0.131*max(0,X0-0.305) + 0.125*X0**2 + 0.124*X2 * max(0,X0-0.305) - 0.120*X2 * max(0,-0.601-X2) - 0.119*max(0,-1.09-X0) * max(0,-0.601-X2) - 0.117*X1**2 + 0.114*max(0,-1.09-X0) * X2 - 0.0989*max(0,0.305-X0) * max(0,-0.601-X2) + 0.0852*max(0,X2+0.140) + 0.0757*max(0,-0.159-X0) + 0.0720*X1 + 0.0713*max(0,0.305-X0) * max(0,-0.484-X1) - 0.0708*max(0,1.24-X2) - 0.0680*max(0,X0-0.305) * max(0,-0.484-X1) - 0.0629*max(0,X1-0.382) + 0.0537*max(0,0.305-X0) * X2 + 0.0481*max(0,X2+1.06) + 0.0459*X0 + 0.0346*X2 * max(0,-0.484-X1) + 0.0342*max(0,-1.06-X2) * max(0,-1.09-X0) + 0.0115*max(0,X0+0.624) + 0.0109*max(0,0.770-X0) + 0.0109*max(0,-0.0510-X1) * max(0,X2-0.781) - 0.00621*max(0,X1+0.918) - 0.00142*max(0,-1.06-X2) * max(0,-0.601-X2) + 3.96e-7*max(0,X0+0.159)"
ffx,feynman_I_12_5,ok,0.995781,0.297468,615,18.01,,"-0.508 + 3.02*max(0,X0-0.892) * max(0,X0-1.35) - 2.17*max(0,X1-0.418) * max(0,X0-1.35) - 1.65*max(0,X0-0.892) * max(0,-0.0658-X1) - 1.53*max(0,X0+0.0351) - 1.50*max(0,-0.0658-X1) - 1.37*abs(X0) * max(0,X0-1.35) + 1.32*max(0,X1+0.0658) * max(0,X0-1.35) + 1.30*max(0,X0-0.892) + 1.23*max(0,X0-1.35) * abs(X1) - 1.04*max(0,X0-1.35) * X0 - 1.02*max(0,X0+0.0351) * max(0,-0.0658-X1) + 1.01*max(0,-0.962-X0) - 0.977*max(0,X0-0.892) * max(0,X1+0.0658) + 0.975*abs(X0) - 0.805*max(0,-0.0351-X0) * abs(X1) - 0.750*X1**2 + 0.729*max(0,X1+0.0658) + 0.719*abs(X1) + 0.695*max(0,X1-1.39) + 0.689*abs(X0) * max(0,-0.0658-X1) + 0.680*max(0,X1+0.0658) * max(0,-0.0351-X0) - 0.651*max(0,0.428-X0) + 0.597*max(0,X0-0.892) * abs(X1) + 0.578*X0 * abs(X1) + 0.576*max(0,-0.498-X0) + 0.539*max(0,0.418-X1) + 0.495*X0 - 0.467*max(0,-0.0351-X0) - 0.462*X0 * max(0,-0.0658-X1) + 0.454*max(0,X1-0.902) + 0.442*max(0,X1-0.418) * max(0,-0.0351-X0) + 0.437*max(0,-0.0351-X0) * max(0,-0.0658-X1) + 0.436*max(0,-0.0658-X1) * abs(X1) - 0.431*max(0,X0-1.35) + 0.376*max(0,X1+1.03) - 0.330*max(0,-0.962-X0) * abs(X1) - 0.300*abs(X0) * max(0,-0.0351-X0) + 0.296*max(0,X0+0.0351) * X0 - 0.255*max(0,X1+0.0658) * X0 - 0.247*max(0,X1+0.0658) * abs(X1) - 0.232*abs(X0) * max(0,X1+0.0658) + 0.231*abs(X0) * abs(X1) - 0.209*X0**2 + 0.196*max(0,-0.550-X1) + 0.188*max(0,X1-0.418) * abs(X1) + 0.168*max(0,0.902-X1) - 0.145*max(0,X0-0.892) * max(0,X1-0.418) + 0.144*max(0,X0+0.0351) * max(0,X0-1.35) - 0.118*max(0,X0-0.892) * abs(X0) + 0.108*abs(X0) * X0 + 0.106*max(0,X0-1.35) * max(0,-0.0658-X1) + 0.103*max(0,X0-0.428) + 0.0946*max(0,X1-0.418) - 0.0863*abs(X0) * max(0,X1-0.418) - 0.0774*max(0,-0.0351-X0) * X0 + 0.0766*max(0,X0+0.0351) * max(0,X1-0.418) + 0.0677*max(0,X0+0.0351) * abs(X1) + 0.0623*max(0,X0+0.0351) * max(0,X1+0.0658) - 0.0529*max(0,X0+0.0351) * max(0,X0-0.892) - 0.0495*max(0,X0+0.0351) * abs(X0) - 0.0329*max(0,1.39-X1) + 0.0265*max(0,0.892-X0) + 0.0259*max(0,X1-0.418) * max(0,X1+0.0658) - 0.0205*max(0,X0-0.892) * X0 + 0.0120*max(0,X1-0.418) * X0 + 0.0115*max(0,1.35-X0) - 0.0106*X1"
ffx,feynman_I_13_12,ok,-19.656036,49.126656,1467,34.86,,"-0.0224 + 272*max(0,X0-1.31) * max(0,X3-1.18) + 130*max(0,X0-1.31) * max(0,X3-0.729) + 99.0*max(0,X4-1.33) * max(0,X2-0.670) + 81.0*max(0,X0-0.862) * max(0,X3-1.18) - 73.9*max(0,X3-1.18) * max(0,X4-1.33) + 66.2*max(0,-1.20-X2) * max(0,X4-1.33) + 64.2*max(0,X3-1.18) * max(0,-1.20-X2) + 57.6*max(0,X0-1.31) * max(0,-1.20-X2) - 56.7*max(0,X2-0.204) * max(0,X4-1.33) - 51.9*max(0,X0-0.862) * max(0,X3-0.729) + 49.4*max(0,X0-1.31) * max(0,X2-1.14) - 45.8*max(0,X0-1.31) * max(0,-0.730-X2) - 45.7*max(0,X4-0.890) * max(0,-1.20-X2) + 41.6*max(0,X3-0.729) * max(0,X2-1.14) + 36.8*max(0,-0.730-X2) * max(0,X4-1.33) - 36.3*max(0,X4-0.890) * max(0,X2-0.670) - 36.1*max(0,X0-1.31) * max(0,X3-0.281) - 34.2*max(0,-1.07-X1) * max(0,X2-1.14) + 33.6*max(0,X0-1.31) * max(0,-0.600-X1) + 30.7*max(0,X3-0.281) * max(0,X4-1.33) - 28.6*max(0,-0.730-X2) * max(0,X3-1.18) + 26.4*max(0,X0-1.31) * max(0,X4-0.890) - 23.0*max(0,X4-0.890) * max(0,X0-0.862) - 22.9*max(0,X0-0.408) * max(0,X3-1.18) - 22.1*max(0,X0-1.31) - 22.1*max(0,X0-0.862) * max(0,-1.20-X2) - 20.7*max(0,X3-1.18) * max(0,X2-1.14) + 20.5*max(0,X4-0.890) * max(0,X3-1.18) + 19.2*max(0,X2-0.204) * max(0,X4-0.890) + 19.2*max(0,X4-0.890) * max(0,X2-1.14) + 19.0*max(0,-0.600-X1) * max(0,X2-1.14) + 18.9*max(0,X0-0.408) * max(0,X4-1.33) - 18.0*max(0,X2-1.14) + 17.7*max(0,X0-0.408) * max(0,X3-0.729) + 17.4*max(0,X0-0.862) * max(0,-0.730-X2) - 16.5*max(0,X3-1.18) * max(0,X3-0.729) - 13.8*max(0,X0-0.408) * max(0,X2-1.14) + 13.3*max(0,X0-1.31) * max(0,X0-0.408) - 12.8*max(0,X3-0.729) * max(0,X2-0.670) - 12.7*max(0,X4-0.890) * max(0,X3-0.281) + 12.4*max(0,X3-1.18) * max(0,X2-0.670) - 12.2*max(0,X3-0.281) * max(0,X2-1.14) - 12.1*max(0,X4-0.890) * max(0,-0.730-X2) + 12.0*max(0,X3-1.18) - 11.7*max(0,X4-0.890) * max(0,X4-1.33) + 10.9*max(0,X0-0.408) * max(0,-1.20-X2) + 10.6*max(0,X0-0.862) * max(0,X2-0.670) - 10.0*max(0,-1.20-X2) * max(0,X3-0.729) + 9.77*max(0,X4-1.33) + 9.74*max(0,X0-1.31) * max(0,X0-0.862) + 9.41*max(0,X2-0.204) * max(0,X2-0.670) + 9.20*max(0,X0-0.862) * max(0,X2-1.14) - 8.87*max(0,X3-0.281) * max(0,-1.20-X2) - 8.80*max(0,-0.730-X2) * max(0,X0-0.408) + 8.52*max(0,X0-1.31) * max(0,X2-0.670) - 7.50*max(0,X2-0.204) * max(0,X3-1.18) - 7.26*max(0,X2-0.670) + 7.26*max(0,-0.600-X1) * max(0,-1.20-X2) + 6.44*max(0,X3-0.281) * max(0,-0.730-X2) + 5.94*max(0,X0-0.862) + 5.54*max(0,X4-0.890) * max(0,X0-0.408) - 4.97*max(0,X0-0.862) * max(0,X0-0.408) + 4.90*max(0,X4-1.33) * max(0,X3-0.729) + 4.41*max(0,-0.600-X1) * max(0,X4-1.33) - 4.16*max(0,X2-0.204) * max(0,X0-0.862) - 3.67*max(0,X2-0.204) * max(0,X0-1.31) - 3.60*max(0,X0-0.862) * max(0,X4-1.33) + 3.49*max(0,X2-0.204) * max(0,X2-1.14) - 3.29*max(0,X0-0.408) * max(0,X2-0.670) + 3.06*max(0,-0.600-X1) * max(0,X3-1.18) + 2.98*max(0,X2-0.204) * max(0,X3-0.281) + 2.91*max(0,X2-0.670) * max(0,X2-1.14) + 2.55*max(0,X3-0.281) * max(0,X0-0.862) + 2.37*max(0,X4-0.890) * max(0,X3-0.729) - 2.24*max(0,-0.600-X1) * max(0,X3-0.729) - 2.23*max(0,X3-0.281) * max(0,X0-0.408) - 1.94*max(0,-1.20-X2) - 1.77*max(0,X4-0.890) * max(0,-0.600-X1) - 1.66*max(0,-0.600-X1) * max(0,-0.730-X2) - 1.60*max(0,X4-0.890) + 1.45*max(0,-1.06-X3) + 1.30*max(0,X2-0.204) * max(0,X0-0.408) + 1.24*max(0,-0.166-X3) - 1.20*max(0,-0.600-X1) * max(0,X0-0.862) - 1.15*max(0,X1-0.344) + 1.09*max(0,-0.600-X1) * max(0,X2-0.670) + 1.07*max(0,X3-0.729) - 1.05*max(0,X3-0.281) + 1.04*max(0,X3-0.281) * max(0,X3-1.18) + 0.988*max(0,X2-0.204) * max(0,X3-0.729) - 0.964*max(0,-0.730-X2) * max(0,X3-0.729) - 0.835*max(0,X2-0.204) + 0.820*max(0,-1.07-X1) + 0.771*max(0,X1-1.29) + 0.757*max(0,X1+0.128) + 0.717*max(0,-0.730-X2) * max(0,-1.20-X2) - 0.706*max(0,-0.263-X2) - 0.668*max(0,0.0101-X4) + 0.659*max(0,0.450-X4) + 0.656*max(0,X3-0.281) * max(0,X3-0.729) + 0.652*max(0,X4-0.450) - 0.565*max(0,-0.600-X1) + 0.563*max(0,-0.128-X1) - 0.546*max(0,-0.614-X3) + 0.515*max(0,X3-0.281) * max(0,X2-0.670) + 0.421*max(0,X1-0.816) + 0.417*max(0,-0.600-X1) * max(0,X3-0.281) + 0.382*max(0,-0.498-X0) + 0.381*max(0,X4-1.33) * max(0,X2-1.14) + 0.373*max(0,X4-0.0101) + 0.372*max(0,-0.870-X4) - 0.368*max(0,X2-0.204) * max(0,-0.600-X1) - 0.359*max(0,0.890-X4) - 0.352*max(0,X0+0.0446) - 0.340*max(0,-0.0446-X0) + 0.313*X2**2 - 0.275*max(0,0.344-X1) - 0.236*max(0,-0.600-X1) * max(0,X0-0.408) - 0.209*X3**2 - 0.206*max(0,0.204-X2) + 0.204*max(0,-0.430-X4) + 0.204*max(0,X0-0.408) + 0.189*max(0,X2+0.263) - 0.163*max(0,0.729-X3) - 0.145*max(0,X4+0.430) + 0.137*max(0,0.670-X2) + 0.134*max(0,X0+0.498) - 0.0713*max(0,-0.730-X2) + 0.0500*max(0,-0.951-X0) + 0.0258*max(0,0.281-X3) - 0.0244*X3 + 0.00562*max(0,X2+0.730) + 0.00545*X2 + 0.00264*max(0,0.408-X0)"
ffx,feynman_I_13_4,ok,0.991506,2.517631,895,27.58,,"-1.07 + 18.7*max(0,X0-1.28) * max(0,X1-1.25) - 16.2*max(0,X3-1.43) * max(0,X1-1.25) + 5.20*max(0,-1.02-X1) * max(0,X3-1.43) - 4.16*max(0,X0-0.312) * max(0,X1-1.25) + 4.12*max(0,X3-1.43) + 3.89*max(0,X0+0.171) * max(0,X1-1.25) - 3.63*max(0,X1-0.343) * max(0,X1-1.25) - 2.80*max(0,-1.02-X1) * max(0,X0-1.28) + 2.37*max(0,X0-0.312) * max(0,X3-1.43) - 2.26*X0 * max(0,X1-1.25) - 2.16*max(0,X0+0.171) * max(0,X3-1.43) + 2.01*max(0,X1-1.25) - 2.00*max(0,X3-0.0148) * max(0,X3-1.43) + 1.97*max(0,X0-1.28) - 1.81*max(0,X1-0.343) * max(0,X3-1.43) - 1.69*max(0,-1.02-X1) + 1.51*max(0,X1-0.343) * max(0,X0-0.312) - 1.44*max(0,0.312-X0) * max(0,X1-1.25) + 1.30*max(0,X0-0.795) + 1.21*X1 * max(0,X3-1.43) - 1.06*max(0,X1-0.343) * max(0,X0+0.171) - 1.05*X1 * max(0,-1.02-X1) + 1.02*max(0,X0-0.312) - 0.976*max(0,-0.928-X3) + 0.972*X1 * max(0,X1-1.25) + 0.966*max(0,X0+0.171) - 0.964*max(0,X0+0.171) * max(0,X0-1.28) + 0.905*max(0,X2+0.564) - 0.885*max(0,X3-0.0148) * max(0,X0-1.28) - 0.880*max(0,0.312-X0) * max(0,X3-1.43) - 0.857*max(0,X3-0.0148) + 0.835*max(0,-1.14-X0) - 0.767*max(0,X2+0.564) * max(0,X3-1.43) + 0.729*max(0,X0-0.312) * max(0,X3-0.0148) - 0.677*max(0,-0.564-X2) - 0.653*X0**2 + 0.641*max(0,0.312-X0) * max(0,-1.02-X1) + 0.636*X0 * max(0,-1.02-X1) - 0.589*max(0,X0-0.312) * max(0,X0+0.171) + 0.567*max(0,X0-0.312) * max(0,X0-1.28) + 0.566*X3**2 + 0.557*max(0,X1-0.343) + 0.530*X0 * max(0,X0-1.28) + 0.493*max(0,X1-0.343) * max(0,X0-1.28) + 0.474*X3 + 0.467*max(0,-0.654-X0) - 0.460*X1 * max(0,X0-1.28) + 0.429*max(0,0.333-X2) - 0.380*X0 * max(0,X3-1.43) + 0.380*X1 * max(0,X0+0.171) - 0.379*max(0,0.486-X3) + 0.371*max(0,X2-1.23) - 0.362*X1 * max(0,X0-0.312) - 0.325*max(0,X1-0.343) * max(0,0.312-X0) + 0.304*max(0,X2+0.564) * max(0,X0+0.171) + 0.290*X1 * max(0,X1-0.343) - 0.271*max(0,0.312-X0) * max(0,X3-0.0148) + 0.262*max(0,X2+0.564) * max(0,X0-1.28) - 0.255*max(0,X2+0.564) * max(0,X0-0.312) - 0.251*max(0,X3-0.957) - 0.238*max(0,-1.02-X1) * max(0,X3-0.0148) - 0.223*max(0,X2-0.781) - 0.214*X0 * max(0,X0+0.171) + 0.203*max(0,X1+0.112) + 0.200*max(0,X2+0.564) * max(0,X1-1.25) + 0.197*max(0,X1-0.343) * max(0,X3-0.0148) - 0.197*max(0,X2+0.116) + 0.189*max(0,0.312-X0) * max(0,X0+0.171) - 0.182*max(0,X0+0.171) * max(0,X3-0.0148) - 0.171*max(0,X2+0.564) * max(0,0.312-X0) - 0.168*max(0,X1-0.798) + 0.166*max(0,X3-0.0148) * max(0,X1-1.25) + 0.162*max(0,0.312-X0) - 0.151*X1**2 - 0.148*X0 - 0.128*max(0,X0+0.171) * max(0,-1.02-X1) + 0.111*max(0,X1+1.02) - 0.108*X1 * max(0,X3-0.0148) - 0.103*max(0,X0-0.312) * max(0,-1.02-X1) + 0.0924*max(0,-1.01-X2) - 0.0902*max(0,X2+0.564) * max(0,X1-0.343) + 0.0759*max(0,1.43-X3) + 0.0759*max(0,-0.567-X1) + 0.0727*max(0,X3+0.456) + 0.0724*max(0,X2+0.564) * max(0,X3-0.0148) - 0.0303*X0 * max(0,X3-0.0148) - 0.0285*X1 + 0.0276*X1 * max(0,X2+0.564) - 0.0145*X1 * max(0,0.312-X0) - 0.00668*max(0,1.25-X1) + 0.000441*max(0,X2+0.564) * max(0,-1.02-X1)"
ffx,feynman_I_14_3,ok,0.421804,14.198898,677,16.35,,"1.05 + 58.7*max(0,X2-1.19) * max(0,X0-1.47) - 14.2*max(0,X1-0.811) * max(0,X0-1.47) + 9.84*max(0,-0.581-X1) * max(0,X2-1.19) - 8.41*max(0,X2+0.182) * max(0,X0-1.47) + 7.84*max(0,X0-1.47) - 6.78*max(0,X2-0.731) * max(0,X0-1.47) + 6.59*max(0,-0.638-X2) * max(0,X0-1.47) - 6.41*max(0,X2-1.19) * max(0,X1-1.28) - 6.25*max(0,X2-1.19) * max(0,-0.117-X1) - 4.29*max(0,0.275-X2) * max(0,X0-1.47) - 3.93*max(0,-0.581-X1) * max(0,X2-0.731) - 3.69*max(0,X2-0.731) * max(0,X1-1.28) + 3.63*max(0,X2+0.182) * max(0,X2-1.19) - 3.08*max(0,X2-1.19) * max(0,X2-0.731) - 2.98*X0 * max(0,X0-1.47) + 2.64*max(0,-0.117-X1) * max(0,X2-0.731) - 2.45*max(0,X2-1.19) + 2.36*max(0,X1-0.811) * max(0,X2-0.731) - 2.17*max(0,-0.581-X1) * max(0,X0-1.47) + 2.04*max(0,-0.117-X1) * max(0,X0-1.47) + 1.82*max(0,X2-0.731) + 1.37*max(0,X2+0.182) * max(0,X1-1.28) - 1.21*max(0,X2+0.182) * max(0,X2-0.731) + 1.19*max(0,-0.638-X2) * max(0,X1-1.28) + 1.16*max(0,X1-1.28) - 0.915*max(0,X2+0.182) * max(0,-0.117-X1) - 0.870*max(0,X1-0.811) * max(0,-0.638-X2) + 0.818*max(0,-0.581-X1) * max(0,X2+0.182) + 0.810*X0 * max(0,X1-1.28) + 0.795*max(0,X1-0.811) * max(0,X2-1.19) - 0.795*X0 * max(0,X2-1.19) - 0.767*max(0,-0.581-X1) - 0.695*max(0,X1-0.811) * max(0,X1-1.28) + 0.646*max(0,X2+0.182) - 0.639*max(0,1.47-X0) + 0.578*max(0,0.275-X2) * max(0,X1-1.28) + 0.523*X0 - 0.465*max(0,X0+0.817) + 0.446*max(0,X1+0.581) - 0.431*X0 * max(0,-0.117-X1) + 0.386*max(0,-0.581-X1) * max(0,-0.117-X1) - 0.352*max(0,X1-0.811) * max(0,X2+0.182) - 0.337*X0 * max(0,-0.638-X2) + 0.331*max(0,X1-0.347) - 0.309*max(0,0.275-X2) - 0.303*max(0,-1.09-X2) + 0.292*X0 * max(0,X2-0.731) + 0.282*max(0,-0.117-X1) * max(0,-0.638-X2) - 0.269*max(0,X0-0.0966) - 0.259*max(0,X2-0.275) + 0.233*max(0,-0.117-X1) - 0.217*max(0,X0-1.01) - 0.200*X1**2 + 0.198*max(0,-0.581-X1) * X0 + 0.183*X0**2 + 0.174*max(0,X2+0.182) * X0 - 0.163*max(0,-1.05-X1) + 0.133*max(0,-0.360-X0) + 0.110*max(0,X1-0.811) * X0 - 0.0475*max(0,-0.638-X2) - 0.0451*max(0,0.554-X0) - 0.0426*X1 - 0.0407*max(0,-0.182-X2) + 0.0315*max(0,X1-0.811) + 0.0239*max(0,-0.581-X1) * max(0,-0.638-X2) + 0.000398*max(0,0.811-X1)"
ffx,feynman_I_14_4,ok,0.997085,0.679887,40,13.8,,-0.120 + 0.873*X1 + 0.371*X0 + 0.314*X0 * X1 + 0.174*X1**2 + 0.0891*abs(X1) * X0 - 0.0782*abs(X1) - 0.0554*abs(X1) * X1 + 0.0193*X0**2 - 0.0125*abs(X0)
ffx,feynman_I_15_10,ok,0.701059,1.050017,710,10.47,,"0.394 + 105*max(0,X2-1.19) * max(0,X1-1.29) - 22.8*max(0,X1-0.834) * max(0,X2-1.19) + 9.18*max(0,-0.957-X2) * max(0,X1-1.29) - 7.80*max(0,-0.529-X2) * max(0,X1-1.29) - 6.26*max(0,X0-1.10) * max(0,X1-1.29) + 4.65*max(0,X0-1.10) * max(0,-0.529-X2) + 4.61*max(0,X0-0.651) * max(0,-0.957-X2) - 3.94*max(0,X0-0.651) * max(0,-0.529-X2) + 3.62*max(0,-0.100-X2) * max(0,X1-1.29) - 3.24*max(0,X1-0.834) * max(0,-0.957-X2) - 2.86*max(0,X0-1.10) * max(0,-0.957-X2) - 2.86*max(0,X0-1.10) * max(0,-0.100-X2) + 2.72*max(0,X1-0.834) * max(0,-0.529-X2) + 2.59*max(0,X0-1.10) * max(0,X1-0.834) + 2.49*max(0,X2-0.757) * max(0,X1-1.29) - 2.39*max(0,X0-1.10) * max(0,X2-1.19) - 2.20*max(0,-0.529-X2) * max(0,-0.957-X2) + 2.01*max(0,X1-1.29) + 1.72*max(0,-0.100-X2) * max(0,X0-0.651) + 1.66*max(0,X0-1.10) + 1.21*X0 - 1.17*max(0,X1-0.834) * max(0,X1-1.29) - 1.01*max(0,X0-1.10) * X0 - 0.987*max(0,-0.707-X0) - 0.982*max(0,X1-0.834) * max(0,-0.100-X2) + 0.946*max(0,-0.100-X2) * max(0,-0.957-X2) + 0.839*X0**2 + 0.828*max(0,-0.540-X1) + 0.754*X0 * max(0,X1-1.29) + 0.716*max(0,X1-0.376) + 0.647*max(0,-0.998-X1) - 0.645*X1**2 + 0.628*max(0,-0.0820-X1) * max(0,X2-1.19) - 0.620*max(0,X0+0.255) - 0.611*max(0,-1.16-X0) + 0.564*max(0,-0.0820-X1) - 0.544*max(0,X0-0.651) + 0.522*X1 - 0.484*max(0,X0-0.198) + 0.478*max(0,X1-0.834) * max(0,X0-0.651) - 0.468*max(0,X0-1.10) * max(0,X0-0.651) - 0.435*max(0,-0.0820-X1) * max(0,X0-1.10) - 0.434*max(0,0.198-X0) - 0.421*max(0,-0.529-X2) - 0.418*X0 * max(0,X2-1.19) + 0.417*max(0,-0.957-X2) + 0.396*max(0,-0.0820-X1) * max(0,-0.957-X2) - 0.360*max(0,-0.0820-X1) * max(0,-0.529-X2) + 0.349*max(0,X0-0.651) * max(0,X2-1.19) - 0.316*max(0,X2-0.328) + 0.307*max(0,-0.0820-X1) * max(0,X0-0.651) + 0.292*max(0,-0.100-X2) + 0.282*max(0,X1-0.834) - 0.263*max(0,-0.0820-X1) * X0 - 0.252*max(0,X0-0.651) * X0 - 0.250*X0 * max(0,-0.957-X2) - 0.244*max(0,0.834-X1) + 0.234*max(0,-0.100-X2) * max(0,-0.529-X2) + 0.232*max(0,X2+0.100) + 0.168*X0 * max(0,-0.529-X2) - 0.159*max(0,X2-1.19) + 0.156*max(0,X2-0.757) - 0.131*max(0,X1+0.540) - 0.118*max(0,X1-0.834) * X0 + 0.0484*max(0,-0.0820-X1) * max(0,-0.100-X2) - 0.0396*max(0,-0.100-X2) * X0 - 0.0134*max(0,X0-0.651) * max(0,X1-1.29)"
ffx,feynman_I_15_3t,ok,-327.978669,23.248437,1328,28.38,,"0.0693 - 976*max(0,X0-1.22) * max(0,X3-1.50) - 52.2*max(0,X0-1.22) * max(0,X2-0.820) - 39.8*max(0,X2-1.28) * max(0,X3-1.50) + 39.3*max(0,X0-1.22) * max(0,X2-1.28) + 19.1*max(0,X0-1.22) * max(0,X2-0.364) + 14.0*max(0,X2-1.28) * max(0,X3-0.102) + 7.68*max(0,X0-1.22) + 5.77*max(0,X3-1.50) * max(0,X2-0.820) - 4.39*max(0,X0-1.22) * abs(X0) + 3.94*max(0,X3-1.50) - 3.70*max(0,-0.365-X3) * max(0,X2-1.28) + 2.68*max(0,X2-1.28) * max(0,0.102-X3) - 2.37*max(0,X2-0.364) * max(0,X2-0.820) - 2.18*max(0,X3-1.50) * max(0,X2-0.364) - 2.10*max(0,X2-1.28) * max(0,-0.652-X0) - 2.02*max(0,X2-1.28) * max(0,X2-0.364) + 1.95*max(0,X2-1.28) * abs(X0) + 1.93*max(0,-0.365-X3) * max(0,-0.652-X0) + 1.79*max(0,-0.652-X0) * max(0,X2-0.820) - 1.66*max(0,X3-1.50) * max(0,-0.652-X0) - 1.53*max(0,X3-1.50) * X3 + 1.46*max(0,X2-1.28) * max(0,X2-0.820) - 1.37*max(0,X2-1.28) * X3 + 1.28*max(0,-1.12-X0) + 1.24*max(0,X2-1.28) - 1.23*max(0,X3-1.50) * abs(X0) + 0.999*max(0,-0.365-X3) - 0.964*max(0,X2-1.28) * abs(X3) - 0.941*max(0,-0.652-X0) + 0.909*max(0,-0.832-X3) - 0.893*max(0,-0.365-X3) * max(0,X2-0.364) - 0.881*max(0,-1.00-X2) + 0.867*max(0,-0.652-X0) * X3 - 0.859*max(0,X2-0.820) * X3 + 0.823*X3 + 0.776*max(0,-0.118-X1) + 0.770*max(0,-0.185-X0) + 0.714*max(0,-0.0922-X2) * max(0,X3-1.50) + 0.701*X2**2 - 0.680*max(0,-0.365-X3) * max(0,X0-1.22) + 0.629*max(0,X3-0.568) - 0.609*max(0,X0-1.22) * abs(X3) - 0.609*max(0,-0.0922-X2) * max(0,-0.365-X3) + 0.598*max(0,X2-0.820) * max(0,-0.185-X0) + 0.586*max(0,X2-0.820) + 0.527*max(0,X0-1.22) * max(0,X3-0.102) - 0.521*abs(X1) + 0.520*max(0,X0-1.22) * max(0,0.102-X3) - 0.506*max(0,X2-0.364) - 0.474*max(0,-0.548-X2) - 0.463*max(0,-0.365-X3) * abs(X0) - 0.446*max(0,-0.365-X3) * max(0,-0.185-X0) - 0.430*max(0,-0.652-X0) * max(0,X3-0.102) - 0.401*X0**2 - 0.393*max(0,X1-1.28) + 0.372*max(0,X2-0.820) * max(0,X3-0.102) + 0.365*max(0,-0.0922-X2) * max(0,X3-0.102) + 0.348*max(0,-0.0922-X2) * max(0,0.102-X3) - 0.347*max(0,-0.185-X0) * max(0,X3-0.102) - 0.341*max(0,X2-0.364) * max(0,-0.185-X0) + 0.336*max(0,X2-0.364) * max(0,X3-0.102) + 0.325*max(0,X0-1.22) * X3 - 0.313*max(0,X2-0.364) * abs(X0) - 0.310*X0 - 0.310*max(0,X2-0.364) * X3 - 0.304*abs(X0) * max(0,-0.652-X0) - 0.298*max(0,-0.365-X3) * max(0,X2-0.820) + 0.291*max(0,X2+0.0922) + 0.286*max(0,X3-1.04) - 0.286*abs(X2) - 0.283*max(0,0.364-X2) - 0.280*X3**2 + 0.275*max(0,X0+0.185) + 0.270*max(0,X1-0.348) - 0.269*max(0,-0.0922-X2) * abs(X3) + 0.254*abs(X0) * max(0,X3-0.102) + 0.253*max(0,X1+0.118) + 0.250*max(0,0.820-X2) + 0.246*abs(X0) * max(0,0.102-X3) - 0.239*abs(X3) + 0.223*max(0,X0-0.282) + 0.208*max(0,0.102-X3) * X3 + 0.203*max(0,-0.0922-X2) * max(0,X0-1.22) - 0.197*max(0,-0.652-X0) * max(0,0.102-X3) + 0.175*abs(X0) - 0.172*max(0,-0.0922-X2) * X3 + 0.163*abs(X0) * max(0,-0.185-X0) - 0.162*max(0,X2-1.28) * max(0,-0.185-X0) - 0.159*max(0,1.04-X3) - 0.158*abs(X0) * abs(X3) + 0.154*max(0,X0-0.750) + 0.144*max(0,-0.652-X0) * abs(X3) + 0.139*max(0,0.102-X3) - 0.136*max(0,0.348-X1) + 0.131*max(0,X3-0.102) - 0.122*max(0,-0.0922-X2) + 0.120*max(0,X1-0.813) + 0.120*max(0,X3-1.50) * max(0,-0.185-X0) + 0.115*max(0,-0.0922-X2) * max(0,-0.652-X0) + 0.114*max(0,X2-0.364) * abs(X3) - 0.113*max(0,X2-0.820) * max(0,0.102-X3) + 0.111*max(0,X3+0.365) - 0.110*max(0,-0.583-X1) - 0.110*abs(X0) * X3 + 0.106*max(0,-0.365-X3) * max(0,0.102-X3) + 0.0909*max(0,X0+0.652) - 0.0835*max(0,X3-1.50) * max(0,X3-0.102) + 0.0832*abs(X3) * X3 - 0.0780*max(0,-0.652-X0) * max(0,-0.185-X0) - 0.0748*max(0,-0.0922-X2) * abs(X0) - 0.0745*max(0,-1.05-X1) - 0.0725*max(0,1.22-X0) - 0.0722*X2 - 0.0704*max(0,X3-0.102) * X3 + 0.0686*max(0,0.102-X3) * max(0,-0.185-X0) + 0.0680*max(0,X2-0.820) * abs(X3) - 0.0628*max(0,0.568-X3) - 0.0432*abs(X0) * max(0,X2-0.820) + 0.0396*max(0,-0.365-X3) * X3 - 0.0349*max(0,X0+1.12) - 0.0341*max(0,-0.185-X0) * abs(X3) - 0.0339*max(0,-0.185-X0) * X3 + 0.0290*max(0,X2-0.364) * max(0,-0.652-X0) + 0.0168*max(0,X2-0.364) * max(0,0.102-X3) - 0.0139*max(0,0.102-X3) * abs(X3) + 0.0101*max(0,-0.0922-X2) * max(0,-0.185-X0) - 0.00915*max(0,1.50-X3) + 0.00840*max(0,X2+1.00) - 0.00492*max(0,0.282-X0) - 0.000195*max(0,X3-1.50) * abs(X3) - 1.01e-5*max(0,-0.365-X3) * abs(X3) - 5.83e-6*max(0,X3-0.102) * abs(X3)"
ffx,feynman_I_15_3x,ok,0.911491,0.517271,1075,24.93,,"0.426 - 37.3*max(0,X1-1.23) * max(0,X0-1.26) - 19.1*max(0,X0-0.801) * max(0,X3-1.32) + 16.1*max(0,X0-0.337) * max(0,X3-1.32) + 13.1*max(0,-1.08-X3) * max(0,X0-1.26) + 12.2*max(0,X1-1.23) * max(0,-0.959-X2) - 7.62*max(0,-1.08-X3) * max(0,X0-0.801) - 6.74*max(0,X1-1.23) * max(0,X3-1.32) - 6.22*max(0,X3-0.840) * max(0,X0-1.26) + 5.84*max(0,X3-0.840) * max(0,X0-0.801) - 4.30*max(0,X3-1.32) + 3.76*max(0,X0-0.337) * max(0,-1.08-X3) - 3.64*max(0,X0-1.26) * max(0,X3-1.32) - 3.63*max(0,-0.603-X3) * max(0,X0-1.26) + 3.56*max(0,-0.603-X3) * max(0,X0-0.801) - 3.35*max(0,X0-0.337) * max(0,X3-0.840) + 3.24*max(0,-1.01-X1) * max(0,X3-1.32) - 2.85*max(0,X1-1.23) * max(0,-1.08-X3) + 2.60*max(0,X2-0.269) * max(0,X3-1.32) - 2.30*max(0,X0-1.26) * max(0,-0.959-X2) - 2.30*max(0,-1.08-X3) * max(0,-0.959-X2) + 2.13*max(0,X0-1.26) - 2.11*max(0,-1.05-X0) * max(0,-1.08-X3) + 2.10*max(0,X1-1.23) * max(0,X0-0.801) - 2.01*max(0,X3-1.32) * X0 + 1.90*max(0,X1-1.23) * max(0,-0.603-X3) + 1.76*max(0,X1-1.23) * max(0,-1.05-X0) + 1.75*max(0,X0-0.337) * max(0,-0.959-X2) + 1.74*max(0,X3-0.840) * max(0,X3-1.32) - 1.56*max(0,X0-0.337) * max(0,-0.603-X3) + 1.45*max(0,X0-1.26) * max(0,X0-0.801) - 1.42*max(0,X0-0.337) * max(0,X0-0.801) - 1.35*max(0,-0.140-X2) - 1.19*max(0,X2-0.679) - 1.18*max(0,X0-0.801) * max(0,-0.959-X2) + 1.14*max(0,-0.603-X3) * max(0,-0.959-X2) - 1.13*max(0,-1.01-X1) * max(0,-0.959-X2) + 1.07*max(0,-1.05-X0) * max(0,X3-1.32) - 1.05*max(0,X1-1.23) + 1.01*X2**2 - 1.00*max(0,-0.959-X2) - 0.888*max(0,X0-0.801) + 0.880*X0 - 0.865*max(0,X0-0.337) * max(0,X0-1.26) - 0.846*max(0,X0-0.337) * max(0,X1-1.23) + 0.829*max(0,X0-0.801) * X0 - 0.684*max(0,X2-1.09) + 0.650*max(0,-0.603-X3) * max(0,-1.05-X0) + 0.631*max(0,X2-0.269) * max(0,X0-0.801) - 0.551*max(0,X3-1.32) * max(0,-0.959-X2) - 0.549*max(0,X2-0.269) * max(0,X3-0.840) - 0.544*max(0,X2-0.269) * max(0,-1.08-X3) + 0.538*X1**2 - 0.530*max(0,X2+0.550) - 0.470*max(0,-0.603-X3) - 0.425*max(0,-1.01-X1) - 0.391*max(0,-1.05-X0) - 0.388*max(0,X2-0.269) * max(0,X0-0.337) - 0.384*max(0,X3-0.840) * max(0,-1.05-X0) + 0.379*max(0,X3-0.840) * max(0,-0.959-X2) - 0.376*max(0,X1-0.335) + 0.359*max(0,X3-0.840) * X0 + 0.354*max(0,-0.590-X0) + 0.351*max(0,X2-0.269) * max(0,X1-1.23) - 0.345*max(0,X1-0.784) - 0.333*max(0,-1.05-X0) * max(0,-0.959-X2) - 0.331*max(0,X2-0.269) + 0.326*max(0,X1-1.23) * max(0,X3-0.840) + 0.316*max(0,X2+0.140) - 0.314*max(0,X0-1.26) * X0 - 0.312*max(0,-0.113-X1) + 0.298*max(0,X0-0.337) - 0.293*max(0,-1.08-X3) * X0 + 0.285*max(0,X2-0.269) * max(0,-0.603-X3) + 0.283*max(0,X0-0.337) * X0 - 0.281*max(0,X2-0.269) * max(0,X0-1.26) + 0.281*max(0,X1-1.23) * X0 + 0.274*max(0,X2-0.269) * max(0,-1.05-X0) - 0.270*X3 - 0.261*X1 - 0.249*max(0,-0.562-X1) - 0.239*max(0,X1+0.113) + 0.210*X3**2 - 0.197*max(0,0.335-X1) - 0.197*max(0,-0.603-X3) * max(0,-1.08-X3) - 0.172*max(0,X0+0.590) - 0.166*X2 - 0.159*max(0,X3-0.359) - 0.153*max(0,-0.959-X2) * X0 - 0.149*max(0,0.801-X0) + 0.138*max(0,-1.08-X3) - 0.137*max(0,-1.01-X1) * X0 + 0.137*max(0,0.337-X0) - 0.124*max(0,-0.127-X0) + 0.117*max(0,X3-0.840) + 0.0943*max(0,-0.603-X3) * X0 - 0.0872*max(0,0.269-X2) - 0.0780*max(0,-1.01-X1) * max(0,X0-0.801) - 0.0777*max(0,-0.122-X3) + 0.0776*max(0,X2-0.269) * X0 - 0.0420*X0**2 - 0.0363*max(0,-1.05-X0) * X0 - 0.0210*max(0,0.359-X3) + 0.0134*max(0,X3+0.122)"
ffx,feynman_I_16_6,ok,0.995176,0.087288,79,17.39,,(0.184 + 1.01*X0 + 0.223*X1 * X0 + 0.215*X2 * X0 - 0.141*X2 * X1 - 0.0603*X0**2 - 0.0109*X1**2 + 0.0105*X1 + 0.00641*X2 - 0.00152*X2**2 + 0.000526*X0 - 5.24e-6*X0**2) / (1.0 + 0.107*X0 + 0.0805*X2 + 0.0764*X1 + 0.0627*X2 * X1 - 0.0508*X2 * X0 + 0.0210*X1**2 - 0.0165*X1 * X0 + 0.00855*X0 - 0.00450*X0**2 + 0.00274*X2**2)
ffx,feynman_I_18_12,ok,0.894764,2.383277,768,13.52,,"0.579 + 14.5*max(0,X1-1.36) * max(0,X2-1.25) - 8.42*max(0,-0.574-X2) * max(0,X1-1.36) - 8.18*max(0,X1-0.454) * max(0,X1-1.36) + 7.03*max(0,X1-1.36) + 6.63*max(0,0.339-X2) * max(0,X1-1.36) + 6.55*max(0,X0-0.934) * max(0,X2-0.795) + 6.00*max(0,-0.904-X1) * max(0,-1.03-X2) - 5.92*max(0,X0-0.934) * max(0,X2-1.25) - 5.87*max(0,X0-0.934) * max(0,-1.03-X2) + 5.64*max(0,X0-0.934) * max(0,-0.574-X2) + 4.86*max(0,X2+0.118) * max(0,X1-1.36) - 4.70*max(0,X0-0.934) * max(0,X2+0.118) - 3.93*max(0,X2-1.25) - 3.67*max(0,X2-0.795) * max(0,X1-1.36) + 3.63*max(0,-0.904-X1) * max(0,X2-0.795) + 3.13*max(0,X0-0.934) * max(0,X1-1.36) + 2.89*max(0,X2+0.118) * max(0,X2-1.25) - 2.61*max(0,0.339-X2) * max(0,X0-0.934) - 2.39*max(0,-0.904-X1) * max(0,-0.574-X2) + 2.19*max(0,X0-0.934) - 2.13*max(0,-0.427-X0) * max(0,X2-1.25) + 2.08*max(0,-0.574-X2) * max(0,-1.03-X2) - 1.97*max(0,X1-0.454) * max(0,-0.574-X2) - 1.96*max(0,0.339-X2) * max(0,-1.03-X2) - 1.95*max(0,X1-0.454) * max(0,X2+0.118) + 1.94*max(0,-1.03-X2) * max(0,X1-1.36) + 1.60*max(0,-0.904-X1) * max(0,X2+0.118) - 1.42*max(0,X1-0.454) * max(0,X0-0.934) - 1.40*max(0,-0.904-X1) * max(0,X0-0.934) + 1.39*max(0,-0.427-X0) * max(0,-1.03-X2) + 1.17*max(0,-1.03-X2) - 1.16*max(0,-0.427-X0) * max(0,X1-1.36) + 1.12*max(0,-0.427-X0) * max(0,X2+0.118) + 1.12*max(0,X0-1.39) - 1.11*max(0,X2+0.118) + 0.967*max(0,X1-0.454) + 0.930*max(0,X1-0.454) * max(0,X2-0.795) + 0.912*max(0,-0.427-X0) * max(0,-0.904-X1) - 0.844*max(0,0.339-X2) * max(0,-0.574-X2) + 0.780*max(0,X2-0.795) - 0.641*max(0,-0.904-X1) + 0.632*max(0,-0.118-X2) - 0.601*max(0,X2-0.339) + 0.548*max(0,-0.904-X1) * max(0,X2-1.25) + 0.506*max(0,X1-0.454) * max(0,-1.03-X2) - 0.398*max(0,-0.427-X0) - 0.374*max(0,X1-0.907) + 0.346*max(0,0.339-X2) + 0.295*max(0,X2-0.795) * max(0,X2-1.25) + 0.264*max(0,X1-0.00116) + 0.244*max(0,X0-0.480) + 0.227*max(0,X1-0.454) * max(0,X2-1.25) + 0.217*max(0,-0.427-X0) * max(0,X2-0.795) - 0.213*max(0,0.0266-X0) - 0.156*max(0,X2+0.574) + 0.149*max(0,X2+1.03) + 0.137*max(0,0.339-X2) * max(0,X2+0.118) - 0.123*max(0,-0.881-X0) - 0.101*max(0,X2-0.795) * max(0,X2+0.118) - 0.101*max(0,1.25-X2) + 0.0944*max(0,-0.574-X2) - 0.0870*max(0,0.454-X1) + 0.0680*max(0,-0.427-X0) * max(0,-0.574-X2) - 0.0594*max(0,-0.427-X0) * max(0,X1-0.454) + 0.0525*max(0,X0-0.0266) - 0.0468*max(0,-0.452-X1) + 0.0342*max(0,0.00116-X1)"
ffx,feynman_I_18_14,ok,0.900824,8.599362,111,23.26,,(-0.000279 - 0.712*X3 - 0.202*X1 * X3 - 0.183*X2 * X3 - 0.127*X0 * X3 - 0.0755*X3**2 - 0.0569*X0 - 0.0472*X2 + 0.0354*X2**2 + 0.0337*X1**2 - 0.0331*X1 + 0.0201*X0**2 - 0.0108*X0 * X2 + 0.00853*X1 * X2 + 2.14e-5*X1**2 - 2.11e-5*X1) / (1.0 - 0.247*X0 - 0.170*X2 - 0.134*X1 + 0.121*X3 + 0.105*X3**2 - 0.0821*X1 * X3 - 0.0546*X1 * X2 + 0.0309*X0 * X2 - 0.0232*X0**2 - 0.0206*X2 * X3 - 0.0151*X2**2 - 0.0111*X0 * X3 + 0.0111*X1**2 - 8.27e-5*X1 + 7.29e-6*X1**2)
ffx,feynman_I_18_4,ok,0.781361,0.416574,1329,18.15,,"-0.730 - 69.4*max(0,X3-1.18) * max(0,X2-1.28) - 42.2*max(0,X2-1.28) * max(0,-0.681-X3) + 26.2*max(0,X3-1.18) * max(0,-1.01-X2) + 25.7*max(0,-0.215-X3) * max(0,X2-1.28) + 24.8*max(0,X3-1.18) * max(0,X1-1.27) + 24.3*max(0,X1-1.27) * max(0,-0.681-X3) - 20.8*max(0,-0.215-X3) * max(0,X1-1.27) + 15.8*max(0,X1-1.27) * max(0,-1.01-X2) + 15.5*max(0,X2-1.28) * max(0,-1.15-X3) - 14.9*max(0,X1-1.27) * max(0,-0.554-X2) + 14.6*max(0,X2-0.365) * max(0,X1-1.27) - 10.0*max(0,X3-1.18) * max(0,X1-0.811) + 9.97*max(0,-1.15-X3) * max(0,-1.01-X2) + 9.20*max(0,X1-0.811) * max(0,-0.554-X2) - 9.19*max(0,X2-1.28) - 8.42*max(0,X1-0.811) * max(0,-1.15-X3) - 7.65*max(0,X0-0.768) * max(0,X1-1.27) - 7.33*max(0,-0.554-X2) * max(0,-1.15-X3) - 6.65*max(0,X1-0.811) * max(0,-1.01-X2) + 6.11*max(0,X1-0.811) * max(0,-0.681-X3) - 6.05*max(0,X2-0.365) * max(0,X1-0.811) - 4.95*X2 * max(0,X1-1.27) + 4.75*max(0,X0-0.768) * max(0,-1.15-X3) + 4.59*max(0,X1-1.27) * max(0,-1.15-X3) + 4.46*X2 * max(0,X2-1.28) + 4.05*max(0,-0.554-X2) * max(0,-0.681-X3) - 3.85*max(0,-0.681-X3) * max(0,-1.01-X2) + 3.66*max(0,X2-0.365) * max(0,X2-1.28) + 3.54*X2 * max(0,X1-0.811) - 2.93*max(0,X0-0.768) * max(0,-0.681-X3) - 2.90*X3 * max(0,X1-1.27) - 2.79*X2 * max(0,-1.01-X2) - 2.52*max(0,-0.554-X2) * max(0,-1.01-X2) + 2.49*X3 * max(0,X2-1.28) - 2.48*max(0,-0.215-X3) * max(0,-1.01-X2) - 2.47*max(0,X0-0.768) * max(0,X3-1.18) - 2.37*max(0,-1.15-X3) + 2.18*max(0,X2-0.825) + 2.17*max(0,X1-0.811) * max(0,X1-1.27) - 2.16*max(0,X0-0.768) * max(0,-1.01-X2) - 2.09*max(0,-0.681-X3) - 1.92*max(0,X3-1.18) * max(0,-0.554-X2) + 1.89*max(0,X2-0.365) * max(0,-1.15-X3) - 1.86*X2 * max(0,-0.554-X2) + 1.81*max(0,X2-0.365) - 1.67*X2**2 - 1.60*max(0,X1-1.27) * max(0,X2-1.28) - 1.58*X3 * max(0,-1.01-X2) - 1.47*max(0,X0-0.768) * max(0,X2-1.28) - 1.40*max(0,-1.01-X2) + 1.39*X2 + 1.37*max(0,X0-0.768) * max(0,-0.215-X3) + 1.36*max(0,X0-1.24) - 1.32*X3 * max(0,X3-1.18) - 1.29*X2 * max(0,-1.15-X3) - 1.16*max(0,X0-0.768) - 1.15*max(0,-0.105-X1) * max(0,X2-1.28) - 1.12*max(0,-0.105-X1) * max(0,X3-1.18) + 1.11*max(0,X0-0.297) + 1.09*X3**2 + 1.08*X2 * max(0,X3-1.18) - 1.03*max(0,-0.105-X1) * max(0,-0.681-X3) + 1.02*max(0,X0-0.768) * max(0,-0.554-X2) - 0.999*max(0,X3-0.251) - 0.988*max(0,X2-0.365) * max(0,X3-1.18) + 0.980*X3 * max(0,X1-0.811) + 0.957*max(0,-0.215-X3) * max(0,-0.681-X3) - 0.954*max(0,-0.215-X3) + 0.909*max(0,-0.105-X1) * max(0,-0.215-X3) + 0.906*X2 * max(0,-0.681-X3) - 0.905*max(0,-0.215-X3) * max(0,-0.554-X2) + 0.876*max(0,X3-1.18) - 0.864*max(0,X2-0.365) * X2 - 0.864*max(0,X0-0.768) * max(0,X1-0.811) + 0.842*max(0,0.365-X2) - 0.760*max(0,-0.681-X3) * max(0,-1.15-X3) + 0.715*max(0,-0.0942-X2) - 0.700*max(0,X1-1.27) - 0.688*max(0,-0.105-X1) * max(0,-1.01-X2) + 0.679*X3 * max(0,-1.15-X3) - 0.638*max(0,-0.554-X2) - 0.587*max(0,X1-0.811) * max(0,X2-1.28) + 0.583*max(0,X0-0.768) * X2 - 0.582*X3 * max(0,-0.681-X3) - 0.568*max(0,X3-0.716) - 0.563*X2 * max(0,-0.215-X3) + 0.550*max(0,X1+0.105) - 0.532*max(0,0.251-X3) + 0.513*max(0,-0.215-X3) * max(0,-1.15-X3) + 0.511*abs(X2) - 0.489*abs(X1) - 0.462*max(0,-0.105-X1) * max(0,X0-0.768) - 0.429*max(0,X2-0.365) * max(0,-0.215-X3) + 0.420*max(0,-0.105-X1) - 0.417*max(0,-0.215-X3) * max(0,X1-0.811) - 0.399*max(0,X0+0.174) - 0.372*max(0,-0.562-X1) - 0.363*max(0,X2+0.0942) + 0.354*max(0,-0.105-X1) * max(0,-1.15-X3) + 0.322*max(0,X3+0.681) - 0.290*max(0,X0-0.768) * X3 + 0.282*max(0,-1.02-X1) + 0.272*max(0,-0.105-X1) * X2 + 0.270*max(0,X3+0.215) + 0.246*max(0,0.297-X0) + 0.238*max(0,X2+0.554) + 0.201*max(0,0.825-X2) + 0.192*max(0,0.353-X1) - 0.183*max(0,0.768-X0) - 0.163*abs(X0) - 0.158*max(0,-1.12-X0) + 0.142*max(0,-0.105-X1) * max(0,-0.554-X2) - 0.122*X3 * X2 - 0.119*X3 * max(0,-0.554-X2) - 0.116*max(0,X1-0.811) - 0.0989*max(0,X1+0.562) + 0.0981*max(0,-0.174-X0) - 0.0878*abs(X3) + 0.0828*max(0,X1-0.353) + 0.0612*max(0,X2+1.01) - 0.0572*max(0,0.811-X1) + 0.0457*X3 * max(0,-0.215-X3) - 0.0354*X3 - 0.0174*max(0,-0.645-X0) - 0.0145*max(0,-0.105-X1) * X3 + 0.00149*max(0,X2-0.365) * max(0,-0.681-X3)"
ffx,feynman_I_24_6,ok,0.986997,1.701973,104,31.05,,-0.134 + 0.689*X3 + 0.402*X2 + 0.336*X1 + 0.316*X0 + 0.200*X0 * X3 + 0.177*X1 * X3 + 0.172*X2 * X3 - 0.139*abs(X0) + 0.116*X1 * X0 + 0.108*X2 * X0 + 0.0832*X0**2 + 0.0824*abs(X2) * X3 + 0.0663*abs(X3) * X0 + 0.0540*abs(X3) + 0.0494*abs(X2) * X0 - 0.0441*abs(X3) * X3 + 0.0429*X2**2 - 0.0413*abs(X2) * X2 + 0.0374*X3**2 + 0.0316*X1**2 + 0.0249*abs(X1) - 0.00945*X1 * X2 + 0.00825*abs(X2) - 0.000973*abs(X2) * X1
ffx,feynman_I_25_13,ok,0.997014,0.04562,361,14.95,,"-0.113 - 6.17*max(0,X0-1.22) + 3.06*X0 * max(0,X0-1.22) + 2.32*max(0,-0.620-X1) * max(0,-1.05-X1) - 1.91*max(0,-1.05-X1) + 1.38*max(0,X1-1.08) - 1.26*max(0,X0+1.04) * max(0,X1-1.08) + 1.20*X0 * max(0,X1-1.08) - 1.03*max(0,-0.620-X1) * max(0,X0-1.22) + 0.803*max(0,X0-1.22) * max(0,-1.05-X1) + 0.676*max(0,-0.620-X1) + 0.627*max(0,X0+1.04) * max(0,-1.05-X1) + 0.489*max(0,-0.137-X0) * max(0,X1-1.08) + 0.465*max(0,X0+1.04) * max(0,X0-1.22) + 0.430*max(0,0.658-X1) + 0.376*X0 - 0.373*max(0,-0.137-X0) + 0.368*max(0,0.232-X1) + 0.342*max(0,-0.620-X1) * max(0,0.658-X1) + 0.324*X0**2 + 0.320*X0 * max(0,0.658-X1) - 0.252*max(0,X0+1.04) - 0.246*max(0,0.316-X0) + 0.186*X0 * max(0,-1.05-X1) - 0.184*max(0,0.658-X1) * max(0,-1.05-X1) + 0.183*X0 * max(0,-0.620-X1) + 0.179*X1 - 0.152*X1**2 - 0.138*max(0,X1+0.194) - 0.137*max(0,X0+1.04) * max(0,0.658-X1) + 0.136*max(0,-0.137-X0) * max(0,-1.05-X1) - 0.108*X0 * max(0,X0+1.04) - 0.0550*max(0,X0+1.04) * max(0,-0.620-X1) - 0.0525*max(0,-0.589-X0) + 0.0332*max(0,0.658-X1) * max(0,X0-1.22) - 0.0177*max(0,X1-1.08) * max(0,X0-1.22)"
ffx,feynman_I_26_2,ok,0.995408,0.037095,688,13.07,,"0.194 + 4.95*max(0,-0.912-X1) * max(0,X0-0.0534) + 4.88*max(0,-0.912-X1) * max(0,0.0534-X0) - 4.42*max(0,-0.912-X1) * max(0,X0-0.982) - 4.18*max(0,X1-1.24) * max(0,X1-0.813) - 4.16*max(0,-0.912-X1) * abs(X0) + 3.28*max(0,X0-1.45) + 2.67*max(0,X1+0.0499) * max(0,X0-0.982) - 2.57*max(0,X1-0.381) * max(0,X0-0.982) + 2.31*max(0,-0.0499-X1) * max(0,X0-0.982) - 2.01*max(0,X1-0.813) + 1.97*max(0,X1-0.381) * max(0,X1-1.24) - 1.93*max(0,X0-0.982) + 1.77*max(0,X1+0.0499) * max(0,0.0534-X0) + 1.69*max(0,X0-1.45) * max(0,X1-1.24) + 1.58*max(0,-0.912-X1) * max(0,X0-1.45) - 1.57*max(0,X1+0.0499) - 1.52*max(0,X1-0.381) * max(0,0.0534-X0) - 1.33*max(0,X0-0.982) * max(0,X1-0.813) - 1.33*X1**2 - 1.25*abs(X0) * max(0,X0-1.45) - 1.24*max(0,X0-0.0534) * max(0,X0-1.45) + 1.14*max(0,X1+0.0499) * max(0,X1-0.381) + 1.10*max(0,X0-1.45) * max(0,X0-0.982) + 1.07*abs(X1) - 0.872*max(0,-0.0499-X1) * max(0,X0-1.45) - 0.865*max(0,X1+0.0499) * max(0,X0-0.0534) + 0.826*max(0,X1+0.0499) * max(0,X1-0.813) - 0.810*max(0,X1+0.0499) * abs(X0) + 0.750*max(0,X1-0.381) * max(0,X1-0.813) - 0.722*max(0,X0-0.518) - 0.693*abs(X0) * max(0,X1-1.24) + 0.679*max(0,-0.481-X1) - 0.666*max(0,-0.0499-X1) * max(0,0.0534-X0) + 0.631*max(0,X0-0.0534) * max(0,X1-0.813) + 0.597*max(0,X0-0.0534) * max(0,X1-1.24) - 0.584*max(0,X1+0.0499) * max(0,X0-1.45) + 0.569*max(0,-0.0499-X1) + 0.567*max(0,X0-0.0534) + 0.562*max(0,X1-0.381) * abs(X0) + 0.522*max(0,0.0534-X0) * max(0,X1-0.813) - 0.503*max(0,0.0534-X0) * max(0,X1-1.24) + 0.489*max(0,X1+0.0499) * max(0,X1-1.24) + 0.482*max(0,X0-0.0534) * max(0,X0-0.982) + 0.409*max(0,X1-0.381) + 0.402*X0**2 + 0.340*max(0,X1+0.481) + 0.321*abs(X0) * max(0,X1-0.813) + 0.264*max(0,0.381-X1) + 0.230*max(0,-0.912-X1) - 0.228*abs(X0) * max(0,0.0534-X0) - 0.226*max(0,0.518-X0) - 0.200*abs(X0) - 0.181*max(0,X1-1.24) - 0.181*max(0,X1+0.912) - 0.174*max(0,X0-1.45) * max(0,X1-0.813) + 0.171*max(0,0.0534-X0) - 0.162*max(0,-0.411-X0) - 0.161*max(0,0.982-X0) + 0.128*max(0,X1-0.381) * max(0,X0-0.0534) - 0.127*max(0,X1-0.381) * max(0,X0-1.45) + 0.117*X1 - 0.115*X0 - 0.104*max(0,X0+0.875) + 0.0989*max(0,X0-0.0534) * abs(X0) - 0.0963*max(0,X0-0.982) * max(0,X1-1.24) + 0.0929*abs(X0) * max(0,X0-0.982) + 0.0755*max(0,1.24-X1) + 0.0615*max(0,0.813-X1)"
ffx,feynman_I_27_6,ok,0.978207,0.066228,667,18.73,,"-0.260 + 10.6*max(0,X0-1.21) * max(0,X0-0.782) - 9.12*max(0,X0-0.350) * max(0,X0-1.21) - 8.99*max(0,X0-1.21) * max(0,-1.18-X2) + 4.59*max(0,-0.735-X2) * max(0,X0-1.21) + 2.85*max(0,-0.948-X0) * max(0,-1.18-X2) + 2.38*max(0,X0-0.350) * max(0,X0-0.782) - 1.92*max(0,-0.735-X2) * max(0,-0.948-X0) - 1.83*max(0,X0-0.782) * max(0,-1.18-X2) - 1.80*max(0,X0-0.782) + 1.72*max(0,X0-1.21) * max(0,-0.955-X1) - 1.56*max(0,-0.735-X2) * max(0,-0.955-X1) + 1.56*max(0,-0.735-X2) * max(0,-1.18-X2) + 1.47*max(0,X0-0.350) * max(0,-1.18-X2) + 1.43*max(0,-0.948-X0) - 1.27*max(0,-0.0828-X0) * max(0,-1.18-X2) + 1.14*max(0,-0.955-X1) * max(0,-1.18-X2) + 1.09*max(0,-0.735-X2) - 1.00*max(0,X0-0.782) * max(0,-0.955-X1) - 0.925*X2 + 0.897*X1 + 0.856*max(0,X2-0.164) - 0.831*max(0,-0.0828-X0) * max(0,-0.948-X0) - 0.824*max(0,-1.18-X2) - 0.775*max(0,-0.948-X0) * max(0,-0.955-X1) + 0.654*max(0,X2-1.06) - 0.627*max(0,X1+0.0873) - 0.574*max(0,X1-1.21) - 0.565*max(0,-0.515-X0) - 0.559*X2**2 - 0.556*max(0,-0.735-X2) * max(0,X0-0.782) + 0.501*X2 * max(0,X0-0.782) + 0.426*max(0,-0.0828-X0) * max(0,-0.955-X1) - 0.425*max(0,-0.735-X2) * X2 - 0.412*max(0,X0-1.21) * X2 + 0.371*max(0,-0.0828-X0) + 0.352*max(0,X2+0.286) - 0.352*max(0,X0-0.350) + 0.351*max(0,X0+0.515) - 0.346*max(0,-0.955-X1) - 0.321*max(0,X0-0.350) * X2 + 0.277*max(0,X2-0.613) + 0.270*max(0,X0-0.350) * max(0,X1+0.0873) + 0.246*X1**2 - 0.242*max(0,X1+0.0873) * max(0,-1.18-X2) - 0.231*max(0,X1+0.0873) * max(0,-0.948-X0) + 0.230*X2 * max(0,-0.955-X1) + 0.225*max(0,X0-1.21) + 0.224*max(0,X0-0.350) * max(0,-0.955-X1) + 0.224*X2 * max(0,-1.18-X2) - 0.210*max(0,-0.0828-X0) * max(0,X1+0.0873) + 0.189*max(0,-0.735-X2) * max(0,X1+0.0873) - 0.133*max(0,X0-1.21) * max(0,X1+0.0873) - 0.105*max(0,X1+0.0873) * max(0,X0-0.782) + 0.0868*X2 * max(0,-0.0828-X0) - 0.0804*max(0,0.347-X1) - 0.0757*X2 * max(0,X1+0.0873) - 0.0659*max(0,X1-0.347) - 0.0514*max(0,0.782-X0) + 0.0464*max(0,-0.521-X1) + 0.0407*max(0,0.164-X2) - 0.0327*max(0,-0.735-X2) * max(0,-0.0828-X0) - 0.0222*X2 * max(0,-0.948-X0)"
ffx,feynman_I_29_16,ok,-1.512353,2.949426,1220,30.33,,"0.246 - 76.2*max(0,-0.955-X3) * max(0,X0-1.12) - 72.3*max(0,-1.14-X0) * max(0,X3-1.32) - 55.6*max(0,X1-1.23) * max(0,X0-1.12) + 44.7*max(0,X1-1.23) * max(0,-0.955-X3) + 33.3*max(0,-0.500-X3) * max(0,X0-1.12) + 30.7*max(0,-1.14-X0) * max(0,-0.968-X2) + 30.2*max(0,X0-0.667) * max(0,X0-1.12) + 28.0*max(0,X1-1.23) * max(0,X0-0.667) + 27.4*max(0,X1-1.23) + 27.1*max(0,-1.14-X0) * max(0,-0.955-X3) + 25.4*max(0,-0.692-X0) * max(0,X3-1.32) + 24.8*max(0,X2-0.825) * max(0,X0-1.12) + 24.2*max(0,-0.955-X3) * max(0,X0-0.667) + 24.0*max(0,X2-0.825) * max(0,X1-1.23) - 23.6*max(0,X3-1.32) * max(0,X0-1.12) - 22.2*max(0,X0-1.12) - 21.0*max(0,-0.968-X2) * max(0,X3-1.32) - 20.5*max(0,X1-0.309) * max(0,X1-1.23) - 17.7*max(0,-0.692-X0) * max(0,-0.968-X2) - 17.6*max(0,X2-0.825) * max(0,X3-1.32) - 17.3*max(0,X1-0.309) * max(0,X0-1.12) - 16.1*max(0,X1-1.23) * max(0,-0.500-X3) - 15.9*max(0,-0.500-X3) * max(0,-1.14-X0) + 14.4*max(0,X3-0.410) * max(0,X0-1.12) + 13.9*max(0,-0.955-X3) * max(0,-0.968-X2) - 13.0*max(0,X3-0.410) * max(0,X1-1.23) - 12.5*max(0,-0.500-X3) * max(0,-0.968-X2) - 12.3*max(0,-0.692-X0) * max(0,-0.955-X3) - 11.7*max(0,X3-0.410) * max(0,-1.14-X0) - 10.7*max(0,X1-0.309) * max(0,-0.955-X3) - 9.06*max(0,X1-0.309) * max(0,X3-1.32) - 8.54*max(0,X2-0.825) * max(0,-0.955-X3) - 8.54*max(0,-0.150-X1) * max(0,X0-1.12) - 8.45*max(0,-0.500-X3) * max(0,X0-0.667) + 7.97*max(0,-0.955-X3) + 7.47*max(0,X3-0.410) * max(0,-0.692-X0) + 7.19*max(0,-0.500-X3) * max(0,-0.692-X0) + 7.17*max(0,-0.968-X2) * max(0,X0-0.667) + 6.54*max(0,X1-1.23) * max(0,-0.968-X2) + 6.37*max(0,X3-0.410) * max(0,X3-1.32) + 5.22*max(0,X2-0.825) * max(0,-0.500-X3) - 4.96*max(0,-0.150-X1) * max(0,-0.955-X3) - 4.77*max(0,X1-0.309) * max(0,-1.14-X0) + 4.48*max(0,-1.14-X0) + 4.47*max(0,X3-0.410) * max(0,X1-0.309) + 4.43*max(0,X3-0.865) - 3.84*max(0,X2-0.825) * max(0,X1-0.309) + 3.83*max(0,X1-0.309) * max(0,-0.500-X3) - 3.64*max(0,X1-1.23) * max(0,-1.14-X0) + 3.46*max(0,X1-0.309) * max(0,X0-0.667) + 3.25*max(0,X1-0.309) * max(0,-0.692-X0) - 3.14*max(0,X2-1.27) - 2.96*max(0,X2-0.377) - 2.94*max(0,-0.150-X1) * max(0,X3-1.32) - 2.90*max(0,X1-1.23) * max(0,X3-1.32) - 2.89*max(0,X3-0.410) * max(0,X0-0.667) + 2.59*max(0,X0-0.667) - 2.52*X3**2 + 2.32*X2**2 + 2.29*max(0,-0.0447-X3) - 2.16*max(0,-0.968-X2) * max(0,X0-1.12) + 2.15*max(0,-0.150-X1) * max(0,-0.500-X3) + 2.11*max(0,X3-0.410) * max(0,-0.968-X2) + 2.03*max(0,X3-1.32) + 2.01*max(0,-0.150-X1) * max(0,X0-0.667) - 1.89*max(0,X2+0.0717) - 1.80*X0**2 + 1.80*max(0,-0.239-X0) + 1.72*max(0,-0.610-X1) - 1.70*max(0,X1-0.769) + 1.62*max(0,X3-0.410) * max(0,-0.150-X1) - 1.58*max(0,-0.150-X1) * max(0,-0.692-X0) - 1.43*max(0,-0.0717-X2) + 1.40*max(0,-0.150-X1) * max(0,-0.968-X2) - 1.39*max(0,X3-1.32) * max(0,X0-0.667) - 1.32*max(0,-0.520-X2) + 1.18*max(0,X1-0.309) * max(0,-0.968-X2) + 1.09*max(0,-0.692-X0) * max(0,-1.14-X0) + 1.08*X3 + 0.838*max(0,X0+0.239) + 0.834*max(0,X2+0.520) - 0.760*max(0,-0.968-X2) + 0.655*max(0,X2-0.825) * max(0,-1.14-X0) + 0.603*max(0,0.410-X3) + 0.557*max(0,X1-1.23) * max(0,-0.692-X0) + 0.547*max(0,X2-0.825) - 0.532*max(0,0.309-X1) + 0.528*max(0,X2-0.825) * max(0,-0.692-X0) + 0.490*max(0,-0.692-X0) - 0.482*max(0,0.667-X0) + 0.387*max(0,-0.150-X1) * max(0,-1.14-X0) - 0.377*max(0,-1.07-X1) - 0.324*X1**2 + 0.308*X2 - 0.296*max(0,X0+0.692) + 0.257*max(0,-0.500-X3) + 0.223*X1 - 0.194*max(0,1.32-X3) - 0.152*X0 + 0.138*max(0,X1+0.150) - 0.133*max(0,0.214-X0) + 0.132*max(0,X1-0.309) + 0.100*max(0,X3-0.410) - 0.0596*max(0,X3+0.500) - 0.0560*max(0,-0.500-X3) * max(0,-0.955-X3) - 0.0382*max(0,-0.150-X1) + 0.0369*max(0,X0-0.214) - 0.0332*max(0,X3+0.955) - 0.00277*max(0,X2-0.825) * max(0,X0-0.667)"
ffx,feynman_I_29_4,ok,0.994539,0.079837,54,6.61,,(-0.294 + 0.296*X0 - 0.295*X1 + 0.155*X1**2 - 0.128*X1 * X0 + 0.0795*abs(X1) + 0.0377*abs(X1) - 0.0178*X0 * abs(X1) - 0.0132*abs(X0) * abs(X1) + 0.00926*X0**2) / (1.0 - 0.417*abs(X1) - 0.0326*abs(X1) - 0.0237*abs(X0) - 0.00581*X1 * X0)
ffx,feynman_I_30_3,ok,-0.340157,3.109624,936,15.96,,"-0.890 + 114*max(0,X1-1.30) * max(0,X2-1.33) + 62.8*max(0,X0-1.22) * max(0,X2-1.33) + 60.8*max(0,X1-1.30) * max(0,X0-1.22) - 56.1*max(0,X0-1.22) * max(0,X2-0.885) + 55.6*max(0,X0-0.767) * max(0,X0-1.22) - 44.4*max(0,X0-0.767) * max(0,X1-1.30) - 40.6*max(0,X1-1.30) * max(0,X2-0.885) - 24.1*max(0,X0-0.309) * max(0,X2-1.33) + 20.7*max(0,X0-1.22) * max(0,X2-0.436) + 18.7*max(0,X0-0.309) * max(0,X2-0.885) - 16.1*max(0,-1.06-X0) * max(0,X2-1.33) - 15.9*max(0,X0-0.767) * max(0,X2-1.33) + 15.7*max(0,X0+0.148) * max(0,X1-1.30) + 15.7*max(0,X2-1.33) * max(0,X2-0.885) + 14.7*max(0,X0-0.767) * max(0,X2-0.885) - 14.0*max(0,X0-0.309) * max(0,X0-1.22) + 13.2*max(0,X0+0.148) * max(0,X2-1.33) + 13.2*max(0,-1.06-X0) * max(0,X1-1.30) + 13.1*max(0,X1-1.30) * max(0,X2-0.436) - 11.4*max(0,X2-1.33) - 10.9*abs(X2) * max(0,X0-1.22) - 9.83*max(0,X0-0.767) * max(0,X2-0.436) - 9.51*abs(X0) * max(0,X0-1.22) + 8.97*max(0,X0-0.767) + 8.58*max(0,-0.148-X0) * max(0,X2-1.33) + 8.11*max(0,X2-0.885) - 7.96*abs(X2) * max(0,X0-0.309) + 7.26*max(0,-0.148-X0) * max(0,X1-1.30) + 6.93*max(0,-1.06-X0) * max(0,X2-0.436) - 6.70*max(0,X0+0.148) * max(0,X0-0.767) + 6.62*max(0,X0-0.309) * max(0,X1-1.30) - 6.36*max(0,X0+0.148) * max(0,X2-0.885) - 5.67*abs(X0) * max(0,X1-1.30) + 5.14*max(0,X0+0.148) * max(0,X0-1.22) + 4.90*max(0,X0-0.767) * abs(X2) - 3.98*max(0,-1.06-X0) * max(0,X2-0.885) - 3.95*abs(X0) * max(0,X2-0.885) + 3.80*max(0,X0-0.309) * max(0,X2-0.436) + 3.20*max(0,X1-0.807) - 3.19*max(0,-1.06-X0) - 3.07*abs(X2) * max(0,X2-1.33) + 2.90*abs(X2) + 2.84*max(0,-1.15-X1) + 2.73*max(0,-0.661-X1) + 2.72*abs(X2) * abs(X0) + 2.62*max(0,X0+0.148) * abs(X2) - 2.58*max(0,X0-0.767) * max(0,X0-0.309) - 2.48*max(0,X0+0.148) * max(0,X2-0.436) - 2.47*abs(X2) * max(0,-0.148-X0) - 2.44*abs(X0) + 2.42*max(0,X0-0.309) - 2.02*max(0,X2-0.436) - 2.01*max(0,-0.0125-X2) + 1.99*max(0,-0.910-X2) - 1.98*max(0,X1-1.30) - 1.90*max(0,X0-0.767) * abs(X0) - 1.68*X1**2 - 1.51*max(0,-0.461-X2) + 1.50*max(0,X0+0.148) * abs(X0) - 1.49*max(0,X2-0.436) * max(0,X2-1.33) + 1.45*max(0,0.767-X0) + 1.10*abs(X0) * max(0,X2-1.33) + 1.06*abs(X1) - 1.05*abs(X0) * max(0,X2-0.436) + 1.03*max(0,-0.148-X0) * max(0,X2-0.885) - 0.957*abs(X2) * max(0,X1-1.30) - 0.927*max(0,0.309-X0) - 0.895*max(0,X2+0.0125) - 0.885*X2**2 - 0.842*max(0,-1.06-X0) * abs(X2) - 0.827*max(0,X0+0.606) - 0.806*abs(X2) * max(0,X2-0.436) + 0.793*abs(X0) * max(0,-0.148-X0) + 0.766*max(0,-1.06-X0) * max(0,-0.148-X0) + 0.762*max(0,0.885-X2) + 0.674*max(0,-0.606-X0) - 0.647*max(0,-1.06-X0) * abs(X0) - 0.557*max(0,X2-0.436) * max(0,X2-0.885) + 0.528*X0**2 + 0.384*X2 + 0.380*max(0,-0.171-X1) - 0.367*max(0,0.436-X2) - 0.353*max(0,X0+0.148) * max(0,X0-0.309) - 0.299*max(0,1.22-X0) - 0.288*max(0,X2+0.910) + 0.282*max(0,X1+0.171) + 0.279*max(0,-0.148-X0) * max(0,X2-0.436) + 0.278*max(0,-0.148-X0) + 0.255*max(0,X0+0.148) + 0.247*X0 + 0.151*max(0,X0-0.309) * abs(X0) - 0.102*max(0,X1-0.318) + 0.0732*abs(X2) * max(0,X2-0.885) + 0.0718*max(0,X0-1.22) - 0.0537*max(0,X2+0.461) - 0.0165*max(0,0.318-X1) + 0.00960*X1"
ffx,feynman_I_30_5,ok,0.968323,0.022288,589,15.82,,"-0.998 - 4.57*max(0,X1-1.31) * max(0,-0.951-X2) - 2.39*max(0,-0.951-X2) - 2.15*max(0,X2-1.30) * max(0,-0.950-X1) - 2.12*max(0,X0-0.719) * max(0,X2-1.30) + 1.80*max(0,0.400-X2) * max(0,-0.951-X2) + 1.78*max(0,X1-1.31) * max(0,X2-1.30) - 1.04*max(0,-0.186-X0) * max(0,-0.951-X2) + 1.01*max(0,-0.0461-X1) * max(0,-0.951-X2) + 0.970*max(0,X0-0.719) * max(0,-0.950-X1) + 0.794*max(0,X0-0.719) * max(0,-0.951-X2) + 0.723*max(0,-0.950-X1) * max(0,-0.951-X2) + 0.698*max(0,-0.500-X2) - 0.693*max(0,0.400-X2) * max(0,-0.950-X1) + 0.534*max(0,-0.950-X1) + 0.489*max(0,X1-1.31) * max(0,0.400-X2) + 0.420*max(0,X1-0.406) * max(0,-0.951-X2) + 0.374*max(0,-0.0461-X1) * max(0,-0.950-X1) + 0.361*max(0,-0.0461-X1) * max(0,X0-0.719) + 0.353*max(0,X1-1.31) * max(0,-0.186-X0) + 0.340*max(0,X0-0.719) * max(0,X1-1.31) - 0.339*max(0,-0.186-X0) * max(0,X2-1.30) + 0.327*max(0,-0.0461-X1) * max(0,X2-1.30) + 0.311*max(0,0.858-X1) + 0.309*max(0,-0.0461-X1) * max(0,0.400-X2) + 0.300*max(0,0.400-X2) - 0.298*max(0,X1-0.406) * max(0,X1-1.31) - 0.275*max(0,X0-1.17) + 0.264*max(0,X0+1.09) + 0.241*max(0,X2+0.0502) * max(0,X2-1.30) - 0.214*max(0,X2+0.0502) + 0.203*max(0,-0.0461-X1) - 0.189*max(0,X2+0.0502) * max(0,-0.950-X1) + 0.183*max(0,-0.186-X0) + 0.169*max(0,X0-0.719) * max(0,0.400-X2) + 0.161*max(0,X1-0.406) - 0.149*max(0,-0.498-X1) - 0.148*X1**2 + 0.142*X1 - 0.119*max(0,-0.639-X0) - 0.110*max(0,-1.09-X0) - 0.103*max(0,X1-0.406) * max(0,0.400-X2) - 0.0985*max(0,-0.186-X0) * max(0,0.400-X2) + 0.0748*max(0,X1-0.406) * max(0,-0.186-X0) - 0.0700*max(0,X0-0.719) - 0.0700*max(0,X1-0.406) * max(0,X0-0.719) - 0.0631*max(0,-0.0461-X1) * max(0,-0.186-X0) - 0.0623*max(0,-0.186-X0) * max(0,-0.950-X1) - 0.0569*max(0,X0-0.266) + 0.0560*max(0,X1-0.406) * max(0,X2-1.30) - 0.0288*max(0,X1-1.31)"
ffx,feynman_I_32_17,ok,-21.90183,19.936814,1754,24.45,,"-0.0255 + 280*max(0,X2-1.41) * max(0,X1-1.34) - 112*max(0,X5-1.48) * max(0,X3-1.30) - 106*max(0,X3-1.30) * max(0,-0.959-X5) - 79.1*max(0,X3-1.30) * max(0,X1-1.34) + 50.5*max(0,X2-1.41) * max(0,-0.959-X5) + 41.1*max(0,X3-0.835) * max(0,-0.959-X5) - 37.6*max(0,X1-0.367) * max(0,X2-1.41) + 34.8*max(0,X3-0.835) * max(0,X1-1.34) - 32.6*max(0,-0.574-X3) * max(0,X2-1.41) + 31.4*max(0,-0.946-X2) * max(0,X4-1.24) + 28.3*max(0,-0.946-X2) * max(0,X3-1.30) + 26.5*max(0,X4-0.783) * max(0,X3-1.30) - 22.3*max(0,X5-1.48) * max(0,X4-1.24) + 19.2*max(0,X4-0.783) * max(0,X1-1.34) + 18.4*max(0,X2-1.41) - 15.4*max(0,X2-1.41) * max(0,X4-1.24) - 13.3*max(0,X3-1.30) * max(0,-0.475-X2) + 13.3*max(0,X4-0.783) * max(0,X2-1.41) - 11.9*max(0,X4-0.326) * max(0,X2-1.41) - 11.2*max(0,-0.00428-X2) * max(0,X4-1.24) - 10.7*max(0,-0.946-X2) * max(0,X3-0.835) + 10.2*max(0,X4-1.24) + 9.92*max(0,X4-0.783) * max(0,X3-0.835) - 9.78*max(0,X3-1.30) * max(0,X4-1.24) - 9.29*max(0,X2+0.00428) * max(0,X2-1.41) - 8.09*max(0,X3-1.30) * max(0,-0.119-X1) - 8.08*max(0,X4-1.24) * max(0,-0.959-X5) - 7.45*max(0,X2-1.41) * max(0,X3-0.835) + 7.31*max(0,X2+0.00428) * max(0,X1-1.34) - 7.03*max(0,X4-0.783) * max(0,X4-1.24) + 6.83*max(0,-0.604-X1) * max(0,X3-1.30) + 6.49*max(0,X4-0.326) * max(0,-0.959-X5) - 6.39*max(0,X4-0.783) * max(0,-0.946-X2) + 5.90*max(0,X3-1.30) * max(0,X3-0.835) - 5.77*max(0,X4-0.326) * max(0,X1-1.34) - 5.33*max(0,X5-1.48) * max(0,X1-1.34) - 5.21*max(0,-0.475-X2) * max(0,-0.959-X5) + 3.79*max(0,-0.604-X1) * max(0,X4-1.24) - 3.19*max(0,X4-0.326) * max(0,X3-0.835) - 3.16*max(0,X4-0.783) * max(0,X1-0.367) - 3.13*max(0,X5-1.48) * max(0,-0.604-X1) + 3.10*max(0,X3-0.835) * max(0,X4-1.24) + 3.05*max(0,-0.475-X2) * max(0,X3-0.835) - 2.73*max(0,X4-0.783) * max(0,-0.604-X1) - 2.71*max(0,X1-0.367) * max(0,X3-0.835) - 2.55*max(0,X4-0.783) * max(0,X2+0.00428) - 2.20*max(0,-0.959-X5) - 2.19*max(0,X4-0.783) * max(0,-0.574-X3) - 2.11*max(0,X3-1.30) + 2.06*max(0,X4-0.326) * max(0,X2+0.00428) - 2.02*max(0,X1-0.367) * max(0,-0.475-X2) - 2.01*max(0,-0.604-X1) * max(0,-0.959-X5) + 1.97*max(0,X5-1.48) * max(0,-0.119-X1) - 1.79*max(0,-0.453-X0) + 1.75*max(0,-0.00428-X2) * max(0,X3-0.835) + 1.63*max(0,X4-0.326) * max(0,-0.604-X1) + 1.51*max(0,X4-0.326) * max(0,-0.574-X3) - 1.50*max(0,X4-0.783) * max(0,-0.959-X5) + 1.48*max(0,-0.946-X2) * max(0,X1-0.367) + 1.40*max(0,-0.00428-X2) * max(0,-0.959-X5) + 1.35*max(0,-0.471-X5) + 1.31*max(0,-0.604-X1) * max(0,-0.574-X3) + 1.31*max(0,X4-0.783) - 1.27*max(0,X1-0.852) - 1.27*max(0,X2+0.00428) * max(0,X4-1.24) + 1.27*max(0,X1-0.367) * max(0,X4-1.24) + 1.25*max(0,X4-0.326) * max(0,-0.00428-X2) + 1.20*max(0,-0.119-X1) * max(0,X3-0.835) - 1.18*max(0,X4-0.326) - 1.12*max(0,X3-0.835) + 1.10*max(0,X1-0.367) * max(0,-0.00428-X2) + 1.07*max(0,X5-1.48) * max(0,X3-0.835) + 1.03*max(0,X4-0.326) * max(0,X1-0.367) - 0.987*max(0,-0.604-X1) + 0.941*max(0,X2+0.00428) * max(0,X3-0.835) + 0.936*max(0,X1-1.34) * max(0,-0.959-X5) - 0.934*max(0,-1.09-X1) + 0.912*max(0,X1-0.367) * max(0,-0.959-X5) - 0.903*max(0,X4-0.783) * max(0,X4-0.326) + 0.903*max(0,0.00469-X0) + 0.895*max(0,X4-0.783) * max(0,-0.00428-X2) + 0.873*max(0,-0.910-X0) + 0.836*max(0,-0.604-X1) * max(0,X2+0.00428) + 0.782*max(0,X0-1.38) - 0.756*max(0,-0.946-X2) * max(0,-0.475-X2) + 0.749*max(0,X5-0.505) - 0.713*max(0,X2+0.00428) * max(0,-0.119-X1) - 0.710*max(0,-0.946-X2) * max(0,-0.574-X3) + 0.668*max(0,-0.946-X2) * max(0,-0.119-X1) - 0.652*max(0,-0.475-X2) * max(0,X1-1.34) + 0.606*max(0,-0.946-X2) + 0.590*max(0,-0.604-X1) * max(0,-0.119-X1) + 0.572*max(0,X2+0.00428) * max(0,-0.959-X5) - 0.563*max(0,-0.119-X1) * max(0,-0.00428-X2) + 0.548*max(0,-0.119-X1) * max(0,-0.475-X2) + 0.529*max(0,-0.604-X1) * max(0,X2-1.41) - 0.453*max(0,-0.574-X3) * max(0,-0.959-X5) - 0.447*max(0,X1-0.367) * max(0,X3-1.30) - 0.443*max(0,X0-0.919) + 0.428*max(0,-0.574-X3) * max(0,X4-1.24) - 0.414*max(0,X4-0.326) * max(0,-0.119-X1) + 0.384*max(0,-0.132-X4) - 0.382*max(0,-0.604-X1) * max(0,-0.946-X2) - 0.366*max(0,X2-0.938) + 0.363*max(0,X2+0.00428) * max(0,-0.574-X3) - 0.363*max(0,-0.119-X1) * max(0,-0.574-X3) - 0.353*max(0,-0.574-X3) * max(0,X1-1.34) + 0.344*max(0,X4-0.783) * max(0,-0.475-X2) - 0.342*max(0,0.326-X4) - 0.308*max(0,X5-1.48) * max(0,-0.475-X2) + 0.304*max(0,-0.119-X1) * max(0,-0.959-X5) + 0.278*max(0,-0.119-X1) - 0.275*max(0,X2+0.00428) * max(0,X1-0.367) - 0.261*max(0,X4-0.326) * max(0,-0.475-X2) + 0.246*max(0,X5-1.48) * max(0,X2+0.00428) - 0.235*max(0,-1.04-X3) + 0.232*max(0,X1+0.119) - 0.226*X5**2 - 0.219*max(0,X5-1.48) * max(0,-0.574-X3) - 0.211*max(0,X5-0.0166) + 0.208*max(0,-0.946-X2) * max(0,X1-1.34) + 0.191*max(0,X5-1.48) + 0.177*max(0,X2+0.00428) + 0.172*max(0,-0.604-X1) * max(0,-0.00428-X2) + 0.166*max(0,0.505-X5) - 0.154*max(0,-0.604-X1) * max(0,X3-0.835) - 0.142*max(0,0.919-X0) - 0.141*max(0,X1-1.34) - 0.140*max(0,0.467-X2) - 0.137*max(0,0.0166-X5) + 0.134*max(0,-0.475-X2) + 0.132*max(0,X3-0.365) - 0.115*max(0,-0.105-X3) + 0.109*max(0,X1-0.367) * max(0,-0.574-X3) - 0.105*max(0,X2-0.467) + 0.0958*max(0,-0.574-X3) * max(0,-0.00428-X2) + 0.0955*max(0,X4+0.132) - 0.0685*X4**2 - 0.0684*max(0,0.835-X3) - 0.0518*max(0,-1.05-X4) + 0.0380*X0**2 - 0.0310*max(0,X3-1.30) * max(0,X2-1.41) - 0.0301*max(0,X2+0.00428) * max(0,X3-1.30) + 0.00844*max(0,X5-1.48) * max(0,X1-0.367) - 0.00357*X1**2 + 0.00253*max(0,X4-0.326) * max(0,X4-1.24) + 0.000176*max(0,X3+0.574) + 1.99e-6*max(0,-0.00428-X2) * max(0,-0.475-X2)"
ffx,feynman_I_32_5,ok,0.020005,0.264367,91,17.41,,(-0.291 - 0.141*X3 + 0.128*X3**2 + 0.127*X1 + 0.115*X0 - 0.0669*X2 - 0.0659*X0 * X3 + 0.0418*X0 * X1 - 0.0382*X1 * X3 + 0.0202*X2**2 - 0.00208*X1**2 - 0.00203*X3 + 0.00156*X3**2 + 0.000641*X0**2) / (1.0 - 0.229*X3**2 - 0.178*X1 + 0.119*X2 - 0.0793*X0 + 0.0600*X3 - 0.0491*X1 * X3 - 0.0374*X2**2 + 0.0256*X0**2 - 0.0152*X1**2 - 0.0104*X0 * X3 - 0.00275*X3**2 + 0.00147*X3)
ffx,feynman_I_34_1,ok,0.953237,0.427926,937,11.93,,"-0.306 + 22.0*max(0,X2-1.17) * max(0,X1-1.15) - 17.8*max(0,X0-1.28) * max(0,X1-1.15) - 12.9*max(0,X2-1.17) * max(0,X1-0.684) + 7.05*max(0,-1.05-X2) * max(0,X0-1.28) + 6.98*max(0,X2-0.285) * max(0,X1-1.15) - 6.16*max(0,X2-0.729) * max(0,X1-1.15) + 5.20*max(0,X0-1.28) * max(0,X1-0.684) - 4.69*max(0,X2-0.729) * max(0,X0-1.28) + 3.87*max(0,X1-0.216) * max(0,X2-1.17) - 3.82*X2 * max(0,X1-1.15) - 3.64*max(0,-1.05-X2) * max(0,X1-1.15) + 3.54*max(0,X2-0.285) * max(0,-1.02-X0) - 3.49*max(0,-0.160-X2) * max(0,X1-1.15) - 3.46*max(0,X1-0.684) * max(0,X1-1.15) + 3.29*max(0,X1-0.216) * max(0,X1-1.15) + 3.28*max(0,X2-0.285) * max(0,X0-1.28) - 3.15*max(0,X0-1.28) + 2.98*max(0,X2-1.17) * max(0,X0-1.28) - 2.84*max(0,-1.02-X0) + 2.68*max(0,X2-0.729) * max(0,X2-1.17) + 2.15*max(0,X1-0.216) * max(0,-1.02-X0) - 2.11*max(0,-0.160-X2) * max(0,-1.02-X0) - 1.98*max(0,-1.02-X0) * max(0,X2-0.729) - 1.92*max(0,-1.02-X0) * max(0,X1-1.15) + 1.89*max(0,-1.05-X2) * max(0,-1.02-X0) + 1.83*max(0,-1.05-X2) * max(0,X1-0.684) - 1.76*max(0,X1-1.15) - 1.65*max(0,X2-0.285) * max(0,X1-0.684) + 1.62*max(0,-1.02-X0) * max(0,X2-1.17) - 1.56*X0 * max(0,-1.02-X0) - 1.55*max(0,X2-1.17) * X2 + 1.47*max(0,X2-0.729) - 1.26*max(0,-1.05-X2) * X2 + 1.14*X0 * max(0,X0-1.28) + 1.08*X0 * max(0,X1-1.15) + 1.04*max(0,X1-0.216) * max(0,X1-0.684) - 1.02*max(0,X1-0.216) * max(0,-1.05-X2) + 0.960*X2 + 0.944*max(0,X2-0.729) * max(0,X1-0.684) - 0.880*max(0,X1-0.216) * max(0,X0-1.28) - 0.786*max(0,-1.02-X0) * X2 + 0.775*max(0,X1-0.684) * X2 - 0.744*max(0,X2-0.285) * max(0,X2-0.729) + 0.717*max(0,-0.160-X2) * max(0,X0-1.28) - 0.716*max(0,X1-0.684) + 0.658*max(0,X1-0.216) * max(0,-0.160-X2) + 0.620*max(0,-0.160-X2) * max(0,X1-0.684) + 0.576*max(0,X2-1.17) + 0.549*max(0,-0.160-X2) - 0.539*max(0,-1.05-X2) * max(0,-0.160-X2) + 0.505*max(0,X1-0.216) * X2 + 0.428*max(0,X2-0.285) * max(0,X2-1.17) + 0.400*max(0,X1-0.216) * max(0,X2-0.729) - 0.376*max(0,X1-0.216) * max(0,X2-0.285) - 0.375*max(0,-1.05-X2) - 0.347*max(0,X2-0.285) + 0.334*X0**2 - 0.327*X0 * max(0,-1.05-X2) + 0.325*max(0,-0.719-X1) - 0.318*X0 * max(0,X2-0.285) + 0.317*max(0,-0.160-X2) * X2 - 0.297*X0 - 0.287*X0 * max(0,X1-0.684) - 0.282*max(0,X0-0.818) + 0.276*X0 * max(0,-0.160-X2) - 0.264*max(0,-0.557-X0) + 0.260*X0 * max(0,X2-0.729) + 0.229*max(0,-1.19-X1) - 0.226*max(0,-1.02-X0) * max(0,X1-0.684) - 0.218*X2**2 - 0.213*X1**2 - 0.202*X0 * max(0,X2-1.17) + 0.168*max(0,X2+0.160) - 0.144*max(0,0.359-X0) + 0.127*X0 * X2 - 0.122*max(0,X0-0.359) - 0.115*max(0,X2-0.729) * X2 - 0.114*max(0,X2-0.285) * X2 + 0.114*max(0,X1+0.719) + 0.0976*max(0,0.216-X1) - 0.0876*max(0,-0.0991-X0) + 0.0850*max(0,X1-0.216) + 0.0806*max(0,0.729-X2) - 0.0719*max(0,X1+0.251) + 0.0686*max(0,1.28-X0) + 0.0595*max(0,X2+0.604) + 0.0512*max(0,0.285-X2) + 0.0508*max(0,-0.604-X2) - 0.0406*max(0,-0.251-X1) - 0.0350*max(0,X0+1.02) + 0.0332*max(0,X1+1.19) + 0.0195*X1 + 0.0179*max(0,X0-1.28) * X2 - 0.00380*max(0,0.684-X1) + 0.000142*max(0,X0+0.0991)"
ffx,feynman_I_34_14,ok,0.986144,0.172442,1101,20.7,,"0.232 - 3.02*max(0,-1.11-X0) * max(0,X1+0.0704) + 2.19*max(0,-1.11-X0) * abs(X1) + 1.96*max(0,-1.11-X0) * max(0,-0.0632-X2) - 1.83*max(0,-1.01-X2) * max(0,X0-1.37) + 1.48*max(0,-1.11-X0) * X1 - 1.47*max(0,-0.538-X2) - 1.46*max(0,-1.11-X0) * max(0,-1.01-X2) - 1.42*max(0,X2-0.411) + 1.40*max(0,-1.11-X0) * max(0,X2+0.0632) + 1.39*max(0,X0-1.37) - 1.35*max(0,-1.01-X2) * abs(X2) - 1.34*max(0,-1.11-X0) * abs(X2) + 1.30*max(0,X0-1.37) * abs(X2) - 1.24*max(0,X2-1.36) + 1.20*max(0,-1.01-X2) - 1.19*max(0,X0-1.37) * max(0,-0.0704-X1) + 1.07*X2**2 - 1.01*max(0,X0-1.37) * max(0,X2-0.411) - 1.00*max(0,X2-0.886) - 0.987*max(0,-1.11-X0) * max(0,-0.0704-X1) - 0.936*X0 * max(0,X0-1.37) + 0.741*max(0,X1-1.27) + 0.705*max(0,X2-0.411) * max(0,-0.0704-X1) + 0.671*max(0,X2+0.0632) + 0.649*max(0,-1.01-X2) * max(0,X1+0.0704) - 0.630*abs(X2) + 0.582*max(0,X1+0.0704) - 0.521*X1**2 - 0.510*max(0,-0.611-X0) + 0.507*max(0,X1-0.376) - 0.500*max(0,X0-0.878) + 0.474*X0**2 + 0.455*max(0,-0.963-X1) - 0.432*max(0,X0-1.37) * max(0,X1+0.0704) + 0.429*max(0,-0.0632-X2) * max(0,-0.0704-X1) - 0.421*max(0,-1.01-X2) * X1 - 0.353*max(0,X0-0.382) - 0.344*X0 * max(0,X1+0.0704) - 0.343*abs(X2) * max(0,-0.0704-X1) - 0.340*max(0,-1.11-X0) - 0.331*max(0,0.886-X2) - 0.325*max(0,X0-1.37) * max(0,-0.0632-X2) + 0.322*max(0,-1.11-X0) * X2 + 0.301*max(0,X1-0.822) - 0.299*max(0,-0.0632-X2) + 0.286*X1 * abs(X2) + 0.269*X0 * abs(X1) - 0.263*X1 * max(0,-0.0632-X2) + 0.248*max(0,X2-0.411) * abs(X2) - 0.248*max(0,X0-1.37) * X2 - 0.243*max(0,-1.01-X2) * max(0,-0.0704-X1) + 0.243*max(0,X2+0.0632) * max(0,-0.0704-X1) - 0.240*abs(X1) * abs(X2) - 0.234*max(0,X1+0.0704) * max(0,-0.0632-X2) - 0.217*abs(X0) + 0.206*abs(X1) * max(0,-0.0704-X1) - 0.196*X0 + 0.186*max(0,X1+0.0704) * abs(X2) - 0.184*max(0,0.411-X2) + 0.157*max(0,0.822-X1) + 0.154*max(0,0.382-X0) - 0.146*X0 * max(0,-0.0704-X1) + 0.144*max(0,-1.11-X0) * max(0,X2-0.411) + 0.140*max(0,-1.01-X2) * X2 - 0.139*max(0,X0-1.37) * abs(X1) + 0.135*max(0,-0.0704-X1) - 0.122*X2 * max(0,-0.0632-X2) - 0.118*max(0,0.878-X0) - 0.117*max(0,1.36-X2) + 0.115*X2 * max(0,X2+0.0632) - 0.104*X1 - 0.0988*X0 * abs(X2) - 0.0972*max(0,X0-1.37) * max(0,X2+0.0632) - 0.0970*max(0,-0.115-X0) + 0.0955*max(0,X0+0.115) + 0.0946*X0 * X1 - 0.0946*max(0,-1.01-X2) * max(0,-0.0632-X2) + 0.0925*max(0,0.376-X1) + 0.0853*max(0,-0.0632-X2) * abs(X2) - 0.0813*X1 * max(0,X2+0.0632) - 0.0801*max(0,-1.11-X0) * X0 + 0.0794*max(0,X2-0.411) * X2 + 0.0774*abs(X1) * max(0,-0.0632-X2) - 0.0717*X1 * max(0,X2-0.411) + 0.0714*X0 * max(0,-0.0632-X2) - 0.0703*max(0,X0+1.11) - 0.0664*X1 * abs(X1) - 0.0651*X2 + 0.0645*X1 * max(0,-0.0704-X1) - 0.0608*max(0,-0.115-X0) * max(0,-0.0704-X1) - 0.0589*max(0,-0.115-X0) * abs(X2) - 0.0586*max(0,-1.01-X2) * abs(X1) + 0.0586*max(0,X2+1.01) + 0.0557*max(0,X1+0.963) + 0.0542*max(0,X1+0.516) - 0.0522*X2 * abs(X1) + 0.0500*X0 * max(0,-1.01-X2) - 0.0485*max(0,X1+0.0704) * abs(X1) - 0.0462*max(0,X2-0.411) * max(0,X2+0.0632) + 0.0461*max(0,X2+0.0632) * abs(X2) - 0.0452*max(0,X2-0.411) * abs(X1) + 0.0443*X0 * max(0,X2-0.411) + 0.0384*X2 * max(0,X1+0.0704) - 0.0370*X0 * X2 - 0.0354*max(0,-0.115-X0) * max(0,-0.0632-X2) - 0.0320*max(0,X0-1.37) * X1 - 0.0317*abs(X1) * max(0,X2+0.0632) + 0.0278*X0 * max(0,X2+0.0632) + 0.0249*max(0,1.37-X0) - 0.0244*max(0,1.27-X1) - 0.0210*max(0,X2-0.411) * max(0,X1+0.0704) - 0.0210*max(0,X1+0.0704) * max(0,X2+0.0632) - 0.0189*abs(X1) - 0.0188*max(0,-0.516-X1) + 0.0180*X1 * max(0,X1+0.0704) + 0.0150*max(0,X0+0.611) - 0.0132*X2 * abs(X2) - 0.00982*max(0,X2+0.538) - 0.00400*X2 * max(0,-0.0704-X1) - 0.00182*X1 * X2"
ffx,feynman_I_34_27,ok,0.990998,0.087651,404,11.29,,"-0.887 - 20.8*max(0,X0-1.09) * max(0,X1-1.47) + 5.39*max(0,X0-0.101) * max(0,X1-1.47) + 5.37*max(0,X1-0.996) * max(0,X0-1.09) + 2.61*max(0,X1-1.47) + 2.18*max(0,0.524-X1) * max(0,X0-1.09) + 2.08*X1 * max(0,X0-1.09) - 1.36*X0 * max(0,X1-1.47) - 1.30*X1 * max(0,X1-1.47) + 1.29*X0 - 1.26*max(0,-0.893-X0) * max(0,X1-1.47) - 1.09*max(0,X0-0.101) * max(0,X1-0.996) - 1.05*max(0,-0.893-X0) - 1.04*max(0,-0.893-X0) * max(0,X1-0.996) + 0.998*max(0,0.598-X0) + 0.977*max(0,X0-0.101) + 0.814*X1 - 0.807*X0 * max(0,X0-1.09) - 0.783*max(0,-0.893-X0) * X0 - 0.731*max(0,X0-0.101) * X0 - 0.701*max(0,X1-0.0513) * max(0,X0-1.09) + 0.681*max(0,X0+0.396) + 0.622*max(0,X0-1.09) - 0.569*max(0,X1-0.0513) * max(0,X1-1.47) + 0.558*max(0,1.09-X0) + 0.522*max(0,-0.893-X0) * X1 + 0.500*max(0,0.524-X1) * max(0,-0.893-X0) - 0.455*X0**2 - 0.446*max(0,0.524-X1) + 0.444*X0 * X1 + 0.379*max(0,X1-0.996) - 0.356*max(0,-1.39-X0) + 0.355*max(0,X0-0.101) * max(0,X0-1.09) - 0.332*max(0,0.524-X1) * max(0,X0-0.101) - 0.299*max(0,X1+0.421) - 0.256*max(0,X0-0.101) * X1 - 0.246*max(0,X1+0.893) + 0.241*max(0,0.524-X1) * X0 - 0.134*max(0,X1-0.996) * max(0,X1-1.47) - 0.125*max(0,X1-0.996) * X0 + 0.120*X1**2 + 0.103*max(0,X1-0.0513) - 0.0745*max(0,0.524-X1) * X1 - 0.0193*max(0,X1-0.996) * X1 - 0.0176*max(0,1.47-X1)"
ffx,feynman_I_34_8,ok,0.954394,1.756992,527,10.17,,"0.637 - 12.5*max(0,X1-1.26) + 5.31*max(0,-1.08-X3) + 4.64*max(0,X1+0.494) * max(0,X1-1.26) + 3.48*max(0,-0.611-X3) * max(0,X1-1.26) - 2.29*max(0,X1-1.26) * max(0,-1.08-X3) + 2.02*max(0,0.760-X0) * max(0,X1-1.26) - 1.89*max(0,0.760-X0) * max(0,-1.08-X3) + 1.78*max(0,X0+0.993) * max(0,X1-1.26) - 1.43*max(0,X0+0.993) * max(0,-1.08-X3) + 1.31*X2 * max(0,-0.884-X2) - 1.09*max(0,-0.611-X3) * max(0,-1.08-X3) + 1.07*X2 * max(0,-1.08-X3) + 1.04*max(0,-0.611-X3) * max(0,-0.884-X2) - 0.804*max(0,-0.884-X2) * max(0,X1-1.26) - 0.770*max(0,1.27-X3) * max(0,X1-1.26) - 0.765*max(0,0.827-X2) + 0.725*max(0,-0.884-X2) + 0.709*max(0,X0+0.993) * max(0,-0.884-X2) + 0.642*max(0,0.760-X0) * max(0,-0.884-X2) - 0.635*max(0,X2+0.0281) + 0.567*max(0,X1+0.494) * max(0,-1.08-X3) - 0.535*max(0,-0.884-X2) * max(0,-1.08-X3) - 0.448*max(0,X2+0.456) + 0.443*X2**2 - 0.411*max(0,-0.611-X3) + 0.400*max(0,X0-1.20) + 0.400*max(0,-0.140-X3) - 0.355*max(0,0.384-X1) - 0.313*max(0,X1+0.494) * max(0,-0.884-X2) - 0.234*max(0,1.27-X3) * max(0,-0.884-X2) + 0.221*max(0,0.823-X1) + 0.212*max(0,X1+0.494) * max(0,X0+0.993) - 0.197*max(0,0.760-X0) + 0.166*X2 * max(0,X0+0.993) - 0.156*max(0,X0+0.993) - 0.141*max(0,1.27-X3) * max(0,-0.611-X3) - 0.139*X2 * max(0,X1-1.26) + 0.133*X2 * max(0,X1+0.494) + 0.130*max(0,X0+0.993) * max(0,-0.611-X3) + 0.129*max(0,1.27-X3) * max(0,X1+0.494) - 0.104*X2 + 0.102*max(0,1.27-X3) * max(0,X0+0.993) - 0.0928*X2 * max(0,-0.611-X3) + 0.0848*max(0,1.27-X3) * X2 + 0.0396*max(0,X1+0.494) * max(0,-0.611-X3) - 0.0220*max(0,X1+0.494) + 0.00278*max(0,1.27-X3)"
ffx,feynman_I_37_4,ok,0.954396,0.604542,888,15.69,,"-0.576 + 209*max(0,X2-1.22) * max(0,X1-1.34) - 31.8*max(0,X2-1.22) * max(0,X1-0.899) - 22.6*max(0,X1-1.34) * max(0,X0-1.18) + 19.9*max(0,X0-0.724) * max(0,X1-1.34) - 15.6*max(0,X1-0.899) * max(0,X0-1.18) + 9.19*max(0,X0-0.724) * max(0,X0-1.18) + 6.64*max(0,X1-0.462) * max(0,X0-1.18) + 6.59*max(0,X0-0.724) * max(0,X2-1.22) - 6.53*max(0,X2-1.22) * max(0,X2-0.743) - 6.06*max(0,X1-0.899) * max(0,X1-1.34) - 5.65*max(0,X0-0.264) * max(0,X0-1.18) - 5.34*max(0,X0-0.264) * max(0,X1-1.34) - 5.06*max(0,-0.216-X2) * max(0,X1-0.899) - 4.13*max(0,X0-1.18) * max(0,X2-0.743) - 4.00*max(0,X2+0.216) * max(0,X1-0.899) - 3.86*max(0,X0-0.724) * max(0,X2-0.743) - 3.76*max(0,X2-1.22) * max(0,X0-1.18) + 3.53*max(0,-0.216-X2) * max(0,X1-1.34) + 3.28*max(0,X2+0.216) * max(0,X1-1.34) - 3.21*max(0,X0-0.264) * max(0,X0-0.724) + 3.17*max(0,X0-0.724) - 3.07*max(0,X1-0.462) * max(0,X2-1.22) + 2.79*max(0,-0.695-X2) * max(0,X0-1.18) + 2.69*max(0,X1-0.462) * max(0,-0.216-X2) - 2.69*max(0,X0-0.264) * max(0,X2-1.22) + 2.67*max(0,X2+0.216) * max(0,X0-1.18) + 2.64*max(0,X0-0.264) * max(0,X2-0.743) - 2.49*max(0,-0.216-X2) * max(0,X0-1.18) + 2.31*max(0,X2-1.22) + 2.23*max(0,X2+0.216) * max(0,X2-1.22) + 2.22*max(0,X1-0.462) * max(0,X2-0.743) + 2.08*max(0,X1-0.462) * max(0,X1-1.34) + 1.86*max(0,X0-1.18) + 1.72*max(0,X2+0.216) * max(0,X1-0.462) + 1.49*max(0,X1-0.899) + 1.45*max(0,X1-0.462) * max(0,X1-0.899) - 1.32*max(0,X1-0.899) * max(0,X2-0.743) - 1.30*max(0,X1-1.34) + 1.28*max(0,X0-0.724) * max(0,X1-0.899) - 1.24*max(0,-0.695-X2) * max(0,X1-1.34) - 1.24*max(0,X1-1.34) * max(0,X2-0.743) + 1.18*max(0,-0.216-X2) * max(0,X0-0.724) + 1.04*max(0,X2-0.743) - 0.859*max(0,X1-0.462) + 0.728*max(0,-0.654-X0) + 0.704*max(0,X0-0.264) * max(0,X1-0.899) - 0.642*max(0,-0.654-X0) * max(0,X2-1.22) - 0.640*max(0,X1-0.462) * max(0,X0-0.264) + 0.609*max(0,-0.695-X2) * max(0,X1-0.899) + 0.587*max(0,X1-0.462) * max(0,-0.654-X0) - 0.576*max(0,X2+0.216) * max(0,X2-0.743) - 0.553*max(0,-1.17-X2) - 0.518*max(0,-0.654-X0) * max(0,-0.216-X2) + 0.513*X2**2 + 0.414*max(0,-0.216-X2) - 0.413*max(0,X2+0.216) * max(0,X0-0.264) - 0.376*max(0,-0.654-X0) * max(0,X1-0.899) - 0.374*max(0,-0.195-X0) + 0.343*max(0,X2+0.216) * max(0,X0-0.724) - 0.338*max(0,X0-0.264) * max(0,-0.216-X2) + 0.333*abs(X2) - 0.308*abs(X1) + 0.305*max(0,-0.695-X2) - 0.300*abs(X0) + 0.297*max(0,0.0252-X1) + 0.296*max(0,X0-0.264) - 0.253*max(0,X1-0.462) * max(0,X0-0.724) + 0.249*max(0,-0.412-X1) - 0.231*max(0,0.899-X1) - 0.208*max(0,-0.849-X1) + 0.190*max(0,0.264-X0) - 0.161*max(0,X2+0.216) - 0.155*max(0,-0.654-X0) * max(0,X2-0.743) - 0.134*max(0,X2+0.216) * max(0,-0.654-X0) - 0.124*max(0,0.743-X2) - 0.122*max(0,-1.11-X0) + 0.114*max(0,X0+0.654) - 0.0911*max(0,X2-0.264) + 0.0619*X2 + 0.0563*max(0,-0.654-X0) * max(0,X1-1.34) - 0.0195*max(0,X2+1.17) - 0.0194*max(0,X2+0.695) - 0.00384*max(0,1.22-X2)"
ffx,feynman_I_38_12,ok,0.019834,1.972041,1540,33.75,,"0.389 + 165*max(0,X3-1.24) * max(0,X0-0.794) - 98.8*max(0,X3-1.24) * max(0,X0-0.345) + 74.4*max(0,X2-1.23) * max(0,X3-1.24) - 24.8*max(0,X3-0.763) * max(0,X2-1.23) - 22.3*max(0,X2-0.753) * max(0,X3-1.24) - 20.8*max(0,X2-1.23) * max(0,-0.940-X1) - 18.2*max(0,X3-1.24) * max(0,-0.940-X1) + 16.1*max(0,X2-0.753) * max(0,-0.940-X1) + 14.2*max(0,X2-1.23) * max(0,X0-0.794) + 11.7*max(0,X2-0.753) * max(0,X3-0.763) + 9.92*max(0,X3-0.763) * max(0,-0.940-X1) - 8.62*max(0,X1-1.37) * max(0,X2-0.753) + 8.28*max(0,-0.661-X3) * max(0,-0.940-X1) + 8.19*max(0,X1-1.37) * max(0,X3-1.24) - 8.10*max(0,X2-0.753) * max(0,X0-0.794) + 7.59*max(0,-0.940-X1) * max(0,X0-0.345) + 7.07*abs(X1) * max(0,X2-1.23) - 6.86*max(0,X3-0.763) * max(0,X0-0.794) - 6.67*max(0,X1-1.37) * max(0,X3-0.763) - 6.06*max(0,X1-1.37) * max(0,-0.196-X2) - 5.91*abs(X0) * max(0,-0.940-X1) + 5.75*max(0,-0.478-X1) * max(0,-0.940-X1) + 5.59*max(0,X3-1.24) + 5.49*max(0,X1-1.37) * max(0,X0-0.794) - 5.14*abs(X2) * max(0,-0.940-X1) - 5.06*max(0,X3-0.763) * max(0,X3-1.24) - 4.83*max(0,-0.196-X2) * max(0,X0-0.794) - 4.71*abs(X1) * max(0,X2-0.753) + 4.54*max(0,X1-1.37) * abs(X2) - 4.33*max(0,-0.478-X1) * max(0,X0-0.345) - 4.31*max(0,-0.940-X1) * max(0,X0-0.794) + 3.67*abs(X2) * max(0,X3-1.24) - 3.51*max(0,-0.661-X3) * max(0,X0-0.794) - 3.46*abs(X1) * max(0,-0.940-X1) + 3.44*max(0,-0.196-X2) * max(0,-0.940-X1) + 3.42*max(0,X3-0.763) * max(0,X0-0.345) - 3.38*max(0,-0.196-X2) * max(0,X3-1.24) - 3.37*max(0,-0.478-X1) + 3.28*max(0,-0.478-X1) * max(0,X3-1.24) + 3.19*max(0,-0.478-X1) * abs(X0) - 3.07*max(0,X2-0.753) * max(0,X2-1.23) - 3.00*max(0,X1-1.37) * max(0,-0.661-X3) - 2.86*max(0,X1-0.447) + 2.84*max(0,-0.196-X2) * max(0,X0-0.345) - 2.71*abs(X0) * max(0,X2-1.23) + 2.69*abs(X3) - 2.59*max(0,-0.478-X1) * max(0,-0.661-X3) - 2.59*max(0,X1-1.37) * max(0,X0-0.345) + 2.49*abs(X0) * max(0,X2-0.753) + 2.43*max(0,-1.14-X3) + 2.34*max(0,X0-0.794) + 2.25*max(0,-0.661-X3) * max(0,X2-0.753) + 2.25*max(0,X3-0.763) + 2.20*max(0,-0.940-X1) - 2.16*abs(X2) * max(0,X3-0.763) - 2.12*max(0,-0.478-X1) * max(0,-0.196-X2) - 2.09*max(0,X3+0.186) + 1.85*max(0,-0.478-X1) * max(0,X2-1.23) - 1.85*max(0,-0.661-X3) * max(0,X2-1.23) - 1.79*max(0,-0.186-X3) * max(0,X2-0.753) + 1.71*max(0,-0.661-X3) + 1.70*X1**2 - 1.52*max(0,X2-1.23) * max(0,X0-0.345) + 1.46*max(0,X2+0.196) - 1.45*abs(X2) * max(0,X2-1.23) + 1.42*max(0,X2-0.753) * max(0,X0-0.345) - 1.42*max(0,-0.661-X3) * max(0,-0.186-X3) - 1.40*max(0,-0.478-X1) * max(0,X3-0.763) + 1.36*max(0,X0-1.24) - 1.35*max(0,X0-0.794) * max(0,X0-0.345) - 1.35*max(0,X3-0.289) + 1.34*max(0,-0.186-X3) * max(0,X2-1.23) - 1.33*max(0,X1-1.37) - 1.32*abs(X0) * max(0,X0-0.345) + 1.28*max(0,-0.661-X3) * max(0,X0-0.345) + 1.27*max(0,-0.478-X1) * max(0,X0-0.794) - 1.24*max(0,-0.186-X3) * max(0,-0.940-X1) - 1.23*abs(X2) - 1.23*max(0,1.24-X3) + 1.21*max(0,-0.478-X1) * abs(X2) + 1.20*X2**2 + 1.19*abs(X0) * max(0,X0-0.794) - 1.15*abs(X2) * max(0,-0.196-X2) + 1.11*max(0,X3-0.763) * max(0,-0.196-X2) - 1.05*max(0,X0+0.104) - 1.00*X3**2 + 0.939*max(0,-0.186-X3) * max(0,X0-0.345) + 0.911*abs(X1) * abs(X2) - 0.909*max(0,0.289-X3) - 0.834*abs(X1) * max(0,X0-0.794) + 0.827*max(0,-1.14-X2) - 0.801*max(0,-1.00-X0) + 0.754*abs(X2) * max(0,X0-0.794) - 0.716*max(0,-0.478-X1) * max(0,-0.186-X3) + 0.683*max(0,1.23-X2) + 0.683*X0**2 - 0.673*max(0,X1-0.909) + 0.634*max(0,X2-1.23) - 0.626*max(0,X1-1.37) * max(0,-0.186-X3) + 0.599*abs(X1) * max(0,X0-0.345) + 0.596*abs(X1) * max(0,-0.186-X3) + 0.564*abs(X1) * max(0,X3-0.763) - 0.557*max(0,-0.104-X0) - 0.549*max(0,0.345-X0) - 0.544*abs(X2) * abs(X0) + 0.530*max(0,-0.661-X3) * max(0,-0.196-X2) + 0.520*abs(X0) * max(0,X3-1.24) - 0.491*max(0,X1+0.0154) + 0.453*max(0,0.278-X2) - 0.445*abs(X2) * max(0,-0.186-X3) + 0.442*max(0,-0.661-X3) * abs(X2) - 0.439*max(0,-0.670-X2) - 0.433*max(0,X3+0.661) - 0.423*abs(X1) * max(0,-0.196-X2) - 0.410*abs(X1) - 0.394*max(0,-0.478-X1) * max(0,X2-0.753) + 0.389*abs(X0) + 0.380*max(0,X3+1.14) - 0.353*max(0,1.37-X1) + 0.321*max(0,-0.0154-X1) - 0.305*max(0,-0.554-X0) + 0.301*max(0,X1+0.940) + 0.294*max(0,0.909-X1) - 0.281*X0 - 0.280*abs(X2) * max(0,X2-0.753) - 0.276*abs(X1) * max(0,X3-1.24) + 0.270*abs(X0) * max(0,-0.196-X2) - 0.270*abs(X2) * max(0,X0-0.345) - 0.253*max(0,X1+0.478) - 0.230*max(0,-0.196-X2) + 0.227*max(0,-0.186-X3) + 0.186*max(0,X2-0.278) - 0.184*max(0,0.753-X2) + 0.179*max(0,1.24-X0) - 0.161*max(0,-0.186-X3) * max(0,-0.196-X2) - 0.160*max(0,X1-1.37) * max(0,X2-1.23) - 0.137*X1 - 0.117*max(0,-0.661-X3) * abs(X0) + 0.102*max(0,X0+1.00) - 0.0999*abs(X0) * max(0,X3-0.763) + 0.0907*max(0,X2-0.753) - 0.0831*max(0,X2+1.14) - 0.0712*X2 + 0.0613*max(0,X1-1.37) * abs(X0) - 0.0597*max(0,X0-0.345) + 0.0552*X3 + 0.0365*max(0,0.794-X0) - 0.0358*max(0,-0.186-X3) * abs(X0) + 0.0253*max(0,X0+0.554) + 0.0203*max(0,-0.186-X3) * max(0,X0-0.794) + 0.00521*abs(X1) * abs(X0)"
ffx,feynman_I_39_1,ok,0.993145,0.516671,481,9.83,,"-0.0879 - 2.74*max(0,-1.07-X1) * max(0,-0.179-X0) + 1.76*X1 * max(0,-1.07-X1) - 1.64*X0 * max(0,-1.07-X1) - 1.54*max(0,-0.179-X0) * max(0,-0.632-X1) + 1.50*max(0,X0-0.293) * max(0,-1.07-X1) + 1.37*max(0,X1-0.683) + 1.36*max(0,X0-1.24) * max(0,-0.632-X1) - 1.20*max(0,X1-0.683) * max(0,X0-1.24) - 1.13*max(0,-0.632-X1) + 1.08*max(0,-1.07-X1) * max(0,-0.632-X1) + 1.06*abs(X0) * max(0,-1.07-X1) - 1.05*max(0,X0-0.293) * max(0,-0.632-X1) - 1.03*max(0,X1-0.683) * X1 + 1.00*abs(X0) * max(0,-0.632-X1) + 0.936*X1 - 0.883*X1 * max(0,-0.632-X1) - 0.866*max(0,X0-1.24) * max(0,-1.07-X1) + 0.860*max(0,X0-1.24) + 0.747*max(0,-1.07-X1) - 0.737*abs(X0) * max(0,X0-1.24) + 0.725*max(0,X1-0.683) * abs(X0) + 0.684*max(0,X1-1.12) + 0.636*max(0,X0+0.179) - 0.605*max(0,-1.12-X0) - 0.599*max(0,X1-0.244) - 0.586*max(0,X0-0.293) * max(0,X1-0.683) - 0.542*max(0,X0-0.293) - 0.517*max(0,-0.179-X0) - 0.510*max(0,X0-0.765) + 0.469*X0**2 + 0.464*X1 * max(0,X0-1.24) - 0.446*max(0,X0-0.293) * max(0,X0-1.24) - 0.415*max(0,X1-0.683) * max(0,-0.179-X0) - 0.399*X0 * max(0,-0.632-X1) - 0.340*X1 * max(0,-0.179-X0) - 0.294*abs(X0) + 0.281*X0 * max(0,-0.179-X0) + 0.218*abs(X1) + 0.170*max(0,0.244-X1) + 0.166*X0 + 0.164*max(0,X0-0.293) * X0 + 0.143*max(0,X0-0.293) * X1 + 0.122*max(0,X1-0.683) * X0 + 0.0728*max(0,X0-0.293) * abs(X0) - 0.0722*X1**2 + 0.0480*X1 * abs(X0) + 0.0411*max(0,X0-1.24) * X0 + 0.0404*max(0,-0.651-X0) - 0.0335*max(0,-0.194-X1) - 0.0273*abs(X0) * X0 + 0.0228*X1 * X0 + 0.00515*max(0,X1+0.194) - 0.000180*abs(X0) * max(0,-0.179-X0)"
ffx,feynman_I_39_11,ok,0.992276,0.22169,77,16.0,,(-0.134 + 0.332*X2 - 0.289*X0 + 0.289*X1 + 0.113*X2 * X1 + 0.0420*abs(X0) - 0.0295*X2 * abs(X0) - 0.0275*abs(X1) * abs(X0) + 0.0104*abs(X0)) / (1.0 - 0.210*abs(X1) + 0.208*X0 - 0.149*abs(X0) + 0.0845*abs(X1) * abs(X0) - 0.0839*abs(X2) + 0.0508*abs(X2) * abs(X1) - 0.0441*abs(X0) + 0.0222*abs(X2) * abs(X0) - 0.00552*X2 * abs(X0) + 0.00350*X2 * X1)
ffx,feynman_I_39_22,ok,-0.725529,10.455147,1450,18.7,,"-0.0947 - 22.3*max(0,X3-1.34) * max(0,X2-1.18) + 18.7*max(0,-0.566-X3) * max(0,X0-1.33) - 15.2*max(0,X1-1.16) * max(0,X0-1.33) + 14.0*max(0,-0.636-X1) * max(0,-1.04-X3) + 13.0*max(0,X3-1.34) * max(0,X0-1.33) - 9.78*max(0,X0-1.33) * max(0,X2-1.18) - 8.99*max(0,-1.04-X3) * max(0,X2-1.18) + 8.75*max(0,-1.04-X3) * max(0,X0-0.847) - 8.74*max(0,-0.566-X3) * max(0,X0-0.847) + 7.50*max(0,-1.04-X3) * max(0,-1.20-X2) + 7.44*max(0,X0-1.33) * max(0,-1.20-X2) - 6.23*max(0,-0.636-X1) * max(0,X2-1.18) - 6.14*max(0,-0.0904-X3) * max(0,-1.20-X2) + 6.10*max(0,-0.566-X3) * max(0,X2-1.18) - 5.64*max(0,-0.566-X3) * max(0,-0.636-X1) + 5.50*max(0,X3-1.34) * max(0,-1.20-X2) - 5.43*max(0,X0-1.33) + 5.34*max(0,-0.566-X3) * max(0,X1-1.16) + 4.65*max(0,X1-0.264) * max(0,X0-1.33) - 4.56*max(0,-0.610-X0) * max(0,-1.20-X2) - 4.24*max(0,-0.636-X1) * max(0,X0-0.847) + 4.22*max(0,-1.20-X2) + 4.18*max(0,-0.566-X3) * max(0,-1.20-X2) - 4.06*max(0,X1-1.16) * max(0,X2-1.18) + 4.04*max(0,X0-1.33) * max(0,X0-0.847) - 3.96*abs(X1) * max(0,-1.20-X2) + 3.91*max(0,X1-0.264) * max(0,-1.04-X3) - 3.86*max(0,-1.04-X3) * max(0,X0-1.33) - 3.82*max(0,-0.0904-X3) * max(0,X0-1.33) - 3.57*abs(X1) * max(0,-1.04-X3) + 3.31*abs(X1) * max(0,X2-1.18) - 3.20*max(0,X2-0.225) * max(0,-1.04-X3) - 3.00*max(0,X1-0.264) * max(0,X2-1.18) - 2.98*max(0,-0.566-X3) * max(0,-1.04-X3) - 2.95*max(0,X1-0.264) * max(0,X0-0.847) - 2.93*max(0,X0-0.847) * max(0,-1.20-X2) + 2.87*max(0,-1.04-X3) + 2.73*max(0,X1-0.264) * max(0,-1.20-X2) + 2.70*max(0,-0.0904-X3) * max(0,X0-0.847) + 2.59*max(0,X1-1.16) * max(0,X0-0.847) - 2.30*max(0,X1-1.16) * max(0,-1.04-X3) + 2.28*abs(X1) * max(0,X0-0.847) + 2.25*max(0,-0.610-X0) * max(0,-1.04-X3) - 2.21*max(0,-0.566-X3) * max(0,-0.610-X0) - 2.05*max(0,-0.636-X1) + 1.93*max(0,-0.636-X1) * max(0,-0.0904-X3) + 1.78*max(0,-0.610-X0) * max(0,-0.636-X1) + 1.61*max(0,-0.636-X1) * max(0,-1.20-X2) + 1.46*abs(X1) * max(0,X1-1.16) + 1.42*max(0,X1-0.264) - 1.34*max(0,X1-0.264) * max(0,-0.566-X3) + 1.28*abs(X1) * max(0,-0.636-X1) + 1.27*max(0,-0.610-X0) * max(0,-0.0904-X3) + 1.25*max(0,X2-1.18) + 1.25*max(0,X1-1.16) * max(0,-1.20-X2) - 1.23*max(0,-1.09-X1) + 1.20*X2 * max(0,-1.04-X3) + 1.17*max(0,X2-0.225) * max(0,X0-0.847) + 1.12*max(0,-0.636-X1) * max(0,X0-1.33) - 1.07*max(0,X2-1.18) * max(0,X0-0.847) - 1.03*max(0,X1-1.16) - 0.978*X2 * max(0,-1.20-X2) - 0.923*max(0,X1-0.264) * max(0,X1-1.16) - 0.906*abs(X1) * max(0,X2-0.225) - 0.901*max(0,X1-1.16) * max(0,-0.0904-X3) - 0.899*max(0,X2-0.225) * max(0,X2-1.18) - 0.888*max(0,X2-0.225) * max(0,-0.566-X3) - 0.790*max(0,-0.725-X2) - 0.789*abs(X1) * max(0,-0.610-X0) - 0.743*max(0,X3-1.34) * max(0,-0.610-X0) - 0.730*X2 * max(0,X2-1.18) - 0.730*max(0,X0-0.361) + 0.685*max(0,-0.186-X1) - 0.684*max(0,X3-0.862) + 0.675*max(0,X2-0.225) * max(0,-0.636-X1) - 0.675*X2 * max(0,X0-0.847) - 0.670*max(0,X2-0.700) + 0.666*max(0,X2-0.225) * max(0,-0.0904-X3) + 0.633*abs(X1) * max(0,-0.566-X3) - 0.632*X2 * max(0,X0-1.33) + 0.617*max(0,-0.0904-X3) * max(0,X2-1.18) + 0.590*max(0,X2-0.225) * max(0,-0.610-X0) - 0.587*max(0,-0.0904-X3) + 0.520*max(0,X1-0.713) - 0.516*max(0,-0.610-X0) * max(0,X2-1.18) + 0.505*X3**2 - 0.499*abs(X1) + 0.454*max(0,X0+0.125) - 0.437*max(0,X3-1.34) + 0.437*max(0,X3-1.34) * max(0,-0.636-X1) - 0.406*abs(X1) * max(0,X1-0.264) - 0.368*max(0,-0.610-X0) + 0.363*X2 * max(0,-0.636-X1) - 0.360*max(0,0.386-X3) + 0.349*max(0,X1-0.264) * max(0,-0.610-X0) - 0.347*max(0,X1-0.264) * max(0,-0.0904-X3) + 0.341*max(0,-0.125-X0) + 0.331*X0 + 0.315*max(0,X3-1.34) * max(0,X0-0.847) - 0.308*max(0,0.361-X0) + 0.300*max(0,-0.250-X2) + 0.298*max(0,X2-0.225) * max(0,X1-0.264) + 0.292*max(0,0.225-X2) - 0.265*max(0,X0-0.847) + 0.255*X2**2 + 0.209*max(0,-0.566-X3) * max(0,-0.0904-X3) - 0.207*max(0,X3-0.386) + 0.205*max(0,X1-1.16) * max(0,-0.610-X0) - 0.177*max(0,X0+0.610) + 0.159*max(0,X2+0.250) - 0.140*X2 + 0.140*abs(X1) * X2 + 0.140*X0**2 + 0.131*X2 * max(0,-0.566-X3) - 0.131*abs(X2) + 0.111*max(0,X2-0.225) * max(0,X1-1.16) - 0.110*abs(X0) + 0.0944*max(0,-1.10-X0) + 0.0940*max(0,X1+0.636) - 0.0679*abs(X3) + 0.0618*max(0,X2-0.225) * X2 + 0.0512*max(0,0.847-X0) - 0.0506*X2 * max(0,-0.610-X0) + 0.0500*max(0,X1-0.264) * X2 + 0.0452*max(0,X3+0.566) - 0.0418*X2 * max(0,-0.0904-X3) + 0.0390*max(0,-0.566-X3) - 0.0346*abs(X1) * max(0,X0-1.33) - 0.0336*max(0,X3+0.0904) - 0.0332*max(0,0.264-X1) + 0.0270*max(0,X1+0.186) - 0.0250*max(0,1.16-X1) - 0.0249*abs(X1) * max(0,-0.0904-X3) - 0.00441*X2 * max(0,X1-1.16)"
ffx,feynman_I_40_1,ok,-1.847594,0.985699,2196,32.58,,"2.08 - 574*max(0,X2-1.23) * max(0,-1.07-X1) + 38.6*max(0,-1.13-X0) * max(0,X5-1.20) - 36.0*max(0,X5-1.20) * max(0,X1-1.22) + 31.9*max(0,-0.614-X1) * max(0,X5-1.20) - 30.3*max(0,X5-1.20) * max(0,-1.07-X1) - 30.2*max(0,-0.614-X1) * max(0,X2-1.23) + 29.0*max(0,-0.181-X4) * max(0,X2-1.23) - 28.7*max(0,X2-1.23) * max(0,X0-1.19) - 25.8*max(0,-0.614-X1) * max(0,X0-1.19) + 22.9*max(0,-1.13-X0) * max(0,-1.07-X1) + 22.8*max(0,X0-0.728) * max(0,X0-1.19) + 20.4*max(0,X5-0.752) * max(0,X1-1.22) + 20.1*max(0,X5-1.20) * max(0,X0-1.19) + 20.1*max(0,-1.02-X2) * max(0,X5-1.20) - 19.3*max(0,X0-1.19) * max(0,X1-0.305) + 17.9*max(0,X0-1.19) * max(0,-0.155-X1) - 17.1*max(0,X5-1.20) * max(0,-0.155-X1) - 15.0*max(0,X0-0.728) * max(0,X1-0.305) - 13.9*max(0,X2-1.23) * max(0,X1-1.22) - 13.6*max(0,X2-1.23) + 13.5*max(0,X2-1.23) * max(0,X0-0.728) + 13.1*max(0,-1.07-X1) * max(0,X0-1.19) - 12.9*max(0,X5-0.752) * max(0,X2-1.23) + 12.8*max(0,X5-1.20) * abs(X1) - 11.5*max(0,X0-1.19) + 11.0*max(0,X4-0.260) * max(0,X2-1.23) - 9.83*max(0,-0.181-X4) * max(0,X0-1.19) + 9.75*max(0,X0-0.728) * max(0,-1.07-X1) + 9.60*max(0,X2-1.23) * abs(X1) + 9.57*X1 * max(0,X0-1.19) + 9.16*max(0,X2-1.23) * max(0,X1-0.305) - 8.86*max(0,X2-1.23) * abs(X4) + 8.72*max(0,-1.02-X2) * max(0,X1-1.22) + 8.70*max(0,-1.02-X2) * max(0,-1.07-X1) - 8.60*max(0,-1.13-X0) * max(0,X1-0.305) + 8.18*max(0,X0-0.728) * X1 + 7.99*max(0,X4-0.260) * max(0,X1-1.22) + 7.77*max(0,-1.13-X0) * max(0,X2-1.23) - 7.48*max(0,-0.181-X4) * max(0,X5-1.20) + 7.45*abs(X4) * max(0,X0-1.19) - 7.00*max(0,-1.13-X0) * max(0,X5-0.752) + 6.63*max(0,X0-0.728) * max(0,-0.155-X1) - 6.53*max(0,X5-1.20) * max(0,X0-0.728) + 6.19*max(0,-0.181-X4) * max(0,X1-1.22) - 6.07*max(0,X0-1.19) * abs(X1) - 5.91*max(0,X2-1.23) * X1 - 5.74*max(0,X5-1.20) * abs(X4) - 5.73*max(0,-1.07-X1) - 5.62*max(0,-1.13-X0) * max(0,-1.02-X2) + 5.27*max(0,X4-0.260) * max(0,-1.13-X0) + 5.03*max(0,-1.13-X0) * X1 - 5.00*max(0,-1.02-X2) * abs(X1) - 4.95*max(0,-1.13-X0) * abs(X4) + 4.71*max(0,X0-0.728) * abs(X1) - 4.66*max(0,X2-1.23) * max(0,X5-1.20) + 4.31*max(0,-0.614-X1) * max(0,-1.02-X2) - 3.88*max(0,-0.614-X1) * max(0,X0-0.728) - 3.88*abs(X4) * max(0,X1-1.22) - 3.78*max(0,X5-1.20) * max(0,X1-0.305) + 3.76*max(0,X5-0.752) * abs(X4) + 3.75*max(0,-0.181-X4) * max(0,-1.13-X0) + 3.64*max(0,X4-0.260) * abs(X1) + 3.63*max(0,-1.02-X2) * max(0,X0-0.728) + 3.57*max(0,X5-1.20) * max(0,X1+0.155) - 3.48*max(0,X5-0.752) * max(0,X0-1.19) + 3.32*max(0,X5-1.20) * X1 - 3.08*max(0,X4-0.260) - 3.05*max(0,X5-0.752) * max(0,X1-0.305) - 2.96*max(0,-0.181-X4) * max(0,X0-0.728) + 2.73*max(0,X5-0.752) * max(0,-1.02-X2) - 2.60*max(0,X4-1.14) + 2.46*max(0,-1.13-X0) * max(0,X1+0.155) + 2.45*max(0,-0.181-X4) * abs(X1) + 2.43*max(0,-0.614-X1) * abs(X1) + 2.38*max(0,-1.13-X0) - 2.35*max(0,-1.02-X2) * max(0,X0-1.19) - 2.34*max(0,X1-0.765) - 2.28*max(0,-0.622-X4) - 2.24*max(0,X4-0.260) * max(0,X0-0.728) + 2.23*max(0,-1.03-X5) + 2.21*max(0,-0.181-X4) * max(0,-1.02-X2) + 2.10*max(0,-1.02-X2) * X1 - 2.08*max(0,-0.571-X2) - 2.08*abs(X4) * max(0,-0.155-X1) + 2.07*abs(X0) - 1.84*max(0,X2-0.330) + 1.84*max(0,-1.06-X3) - 1.82*max(0,X4-0.260) * max(0,X5-0.752) - 1.82*max(0,-0.202-X0) - 1.81*abs(X4) * abs(X1) - 1.76*max(0,X5-0.752) * abs(X1) - 1.75*max(0,X4-0.260) * max(0,X1+0.155) + 1.72*max(0,-0.181-X4) * max(0,X5-0.752) + 1.72*max(0,X5-0.308) - 1.67*max(0,X0+0.202) + 1.64*X2**2 + 1.64*X4**2 - 1.63*X5**2 - 1.62*max(0,X1+0.155) * max(0,X0-1.19) - 1.56*max(0,X5-0.752) * max(0,X1+0.155) - 1.56*max(0,X0-0.263) - 1.53*max(0,X5-0.752) * X1 - 1.52*max(0,X0-0.728) * max(0,X1-1.22) - 1.50*abs(X4) * max(0,-1.07-X1) + 1.49*max(0,-0.181-X4) * max(0,-0.155-X1) + 1.48*max(0,-0.582-X5) - 1.40*max(0,-1.02-X2) * max(0,X1-0.305) + 1.39*abs(X5) - 1.37*max(0,X3-1.46) + 1.33*max(0,X4+0.181) - 1.27*X1 + 1.27*max(0,-1.02-X2) * max(0,-0.155-X1) + 1.20*max(0,X5-0.752) * max(0,X5-1.20) + 1.16*max(0,X4-0.260) * max(0,-1.07-X1) + 1.15*max(0,X3-0.955) - 1.14*max(0,X2-1.23) * max(0,X1+0.155) - 1.10*X1 * max(0,-1.07-X1) + 1.09*max(0,-0.181-X4) * max(0,-1.07-X1) - 1.06*max(0,X5+0.137) - 1.03*max(0,-0.614-X1) * X1 - 1.00*max(0,X5-0.752) * max(0,X0-0.728) - 0.988*abs(X4) - 0.976*max(0,X0-0.728) - 0.944*max(0,-0.614-X1) * max(0,-1.07-X1) - 0.929*max(0,-0.155-X1) - 0.922*max(0,-0.667-X0) - 0.880*max(0,X2+0.121) - 0.864*max(0,0.752-X5) - 0.811*max(0,-0.181-X4) * max(0,X1-0.305) - 0.778*max(0,-1.13-X0) * max(0,X1-1.22) + 0.773*max(0,0.305-X1) + 0.758*abs(X4) * max(0,X0-0.728) + 0.732*max(0,X3-0.452) - 0.712*max(0,-1.13-X0) * abs(X1) + 0.703*abs(X1) + 0.702*max(0,-0.0511-X3) - 0.698*max(0,-0.155-X1) * abs(X1) - 0.682*max(0,-1.06-X4) - 0.672*max(0,X1+0.155) + 0.668*max(0,-1.02-X2) * max(0,X1+0.155) - 0.667*max(0,0.728-X0) - 0.660*X0 - 0.658*max(0,0.260-X4) - 0.656*max(0,-0.181-X4) * max(0,X1+0.155) - 0.655*max(0,1.19-X0) - 0.652*max(0,X4-0.260) * max(0,X1-0.305) + 0.647*max(0,0.308-X5) - 0.632*max(0,0.765-X1) + 0.623*X0**2 + 0.595*max(0,X4-0.701) + 0.592*abs(X4) * max(0,X1-0.305) + 0.581*max(0,X5-0.752) * max(0,-1.07-X1) - 0.570*max(0,-0.137-X5) + 0.523*max(0,-1.02-X2) - 0.505*max(0,-0.614-X1) - 0.499*X4 - 0.488*max(0,0.263-X0) + 0.456*max(0,X1+0.155) * abs(X1) - 0.442*max(0,-0.614-X1) * abs(X4) - 0.436*max(0,X2-1.23) * max(0,-0.155-X1) + 0.361*max(0,X1+0.155) * max(0,X0-0.728) + 0.359*max(0,X1-0.305) * abs(X1) - 0.353*X3**2 - 0.323*max(0,X1-0.305) - 0.321*abs(X3) + 0.317*abs(X4) * max(0,X1+0.155) + 0.312*max(0,X5-0.752) + 0.310*max(0,X5-1.20) + 0.295*max(0,X1+0.614) + 0.287*X2 + 0.272*max(0,-0.181-X4) * abs(X4) - 0.269*max(0,-0.121-X2) + 0.262*X3 - 0.260*max(0,1.22-X1) - 0.257*abs(X4) * X1 - 0.247*abs(X2) + 0.245*max(0,X1+1.07) - 0.232*max(0,-0.554-X3) + 0.230*max(0,X4-0.260) * max(0,-0.155-X1) - 0.227*max(0,X1-1.22) + 0.224*X1**2 + 0.219*max(0,X2-0.780) + 0.217*max(0,-1.13-X0) * max(0,-0.155-X1) + 0.215*X1 * abs(X1) + 0.176*max(0,X4-0.260) * max(0,-1.02-X2) - 0.142*max(0,-1.07-X1) * abs(X1) + 0.135*max(0,1.23-X2) + 0.129*max(0,-0.181-X4) - 0.129*max(0,0.330-X2) + 0.122*X1 * max(0,-0.155-X1) - 0.122*max(0,0.780-X2) + 0.112*max(0,-0.614-X1) * max(0,X5-0.752) + 0.0937*max(0,X4-0.260) * abs(X4) + 0.0936*max(0,-0.614-X1) * max(0,-0.155-X1) + 0.0791*max(0,X2+0.571) - 0.0777*max(0,X1-1.22) * max(0,X1-0.305) - 0.0773*max(0,X1+0.155) * max(0,X1-1.22) + 0.0693*max(0,X4-0.260) * max(0,X5-1.20) - 0.0677*max(0,X4-0.260) * max(0,X0-1.19) + 0.0605*max(0,0.701-X4) - 0.0519*max(0,X4+1.06) + 0.0503*X5 + 0.0494*max(0,X1+0.155) * X1 - 0.0450*max(0,X5-0.752) * max(0,-0.155-X1) - 0.0350*max(0,X1-1.22) * abs(X1) + 0.0326*max(0,1.20-X5) - 0.0270*max(0,0.955-X3) - 0.0221*max(0,-1.02-X2) * abs(X4) + 0.0211*max(0,X4-0.260) * X1 - 0.0197*max(0,X3+0.0511) - 0.0193*X1 * max(0,X1-0.305) - 0.00811*max(0,X5+1.03) - 0.00715*max(0,1.46-X3) + 0.00319*max(0,-0.181-X4) * X1 + 0.00185*max(0,X4+0.622) + 0.000828*max(0,X1+0.155) * max(0,X1-0.305)"
ffx,feynman_I_41_16,ok,0.094833,2.274287,1545,21.21,,"-0.216 + 53.2*max(0,X0-1.25) * max(0,X2-1.08) - 33.5*max(0,X0-0.774) * max(0,X2-1.08) + 31.9*max(0,X3-0.840) * max(0,X2-1.08) - 9.70*max(0,X2-1.08) * max(0,X3-0.410) + 9.02*max(0,X0-1.25) * max(0,X1-0.276) + 8.26*max(0,-0.982-X4) * max(0,X3-0.410) - 8.09*max(0,X3-0.840) * max(0,-0.982-X4) + 7.72*max(0,X2-1.08) * abs(X0) - 6.21*max(0,X3-0.840) * max(0,X2-0.188) - 5.76*max(0,-0.880-X3) * max(0,X0-1.25) + 5.62*max(0,-0.880-X3) * max(0,X0-0.774) - 5.47*max(0,X3-1.27) + 5.07*max(0,X0-0.774) * max(0,X3-0.840) - 4.94*max(0,X0-1.25) * max(0,X3-0.840) + 4.83*max(0,X3-0.840) * max(0,X3-0.410) + 4.60*X0 * max(0,X2-1.08) + 4.36*max(0,X0-1.25) * max(0,-0.257-X2) - 4.32*abs(X3) * max(0,X0-1.25) - 3.74*max(0,-0.178-X0) * max(0,X2-0.188) + 3.62*max(0,X0-0.774) * max(0,-0.982-X4) + 3.61*max(0,-0.679-X1) * max(0,X0-1.25) + 3.58*max(0,X0-1.25) * max(0,X2-0.188) + 3.45*max(0,X2-1.08) - 3.05*max(0,X3-0.840) * max(0,-0.257-X2) - 3.02*max(0,-0.880-X3) * max(0,-0.982-X4) - 3.01*abs(X3) * max(0,X2-1.08) - 3.01*max(0,X0-0.774) * max(0,X1-0.276) - 2.89*max(0,X0-0.774) * max(0,-0.257-X2) - 2.44*max(0,-0.880-X3) * max(0,X2-1.08) - 2.44*X3 * max(0,X2-1.08) - 2.43*max(0,-0.178-X0) * max(0,X2-1.08) - 2.39*abs(X3) * max(0,-0.982-X4) - 2.38*max(0,-0.880-X3) * abs(X0) - 2.15*max(0,X2-1.08) * abs(X2) + 2.14*max(0,-0.178-X0) * abs(X2) + 2.09*max(0,X1-0.276) * max(0,-0.982-X4) - 2.04*max(0,-0.982-X4) * max(0,-0.178-X0) + 2.00*max(0,X0-0.298) + 1.91*max(0,X1-0.276) * max(0,X3-0.840) - 1.87*max(0,-0.178-X0) * max(0,-0.257-X2) - 1.85*max(0,X0-1.25) * max(0,X3-0.410) + 1.69*max(0,X0-0.774) * max(0,X3-0.410) + 1.56*X0 * max(0,-0.257-X2) - 1.48*max(0,X3-0.840) + 1.46*max(0,X0-0.774) * abs(X3) + 1.38*max(0,-0.880-X3) * max(0,X1-0.276) - 1.36*max(0,-1.15-X2) - 1.28*max(0,X4-1.11) + 1.28*max(0,X3-0.840) * max(0,-0.178-X0) + 1.22*max(0,X2-0.188) * max(0,X3-0.410) - 1.22*abs(X4) - 1.18*max(0,X3-0.840) * abs(X0) + 1.17*max(0,-0.982-X4) * max(0,X2-0.188) - 1.15*max(0,X0-0.774) * max(0,X2-0.188) + 1.13*max(0,-0.880-X3) - 1.12*X0 * abs(X2) - 1.09*X0 * max(0,-0.880-X3) - 1.08*X0 * max(0,X3-0.840) + 1.06*max(0,X0-0.774) * max(0,-0.679-X1) - 1.05*max(0,-0.257-X2) - 1.03*max(0,-0.679-X1) * max(0,-0.982-X4) + 1.02*max(0,X0-1.25) * max(0,-0.982-X4) + 0.980*max(0,X0-1.25) * abs(X2) + 0.953*X4**2 - 0.862*max(0,-0.679-X1) * max(0,X3-0.840) - 0.858*max(0,-0.450-X3) + 0.830*max(0,-1.13-X0) - 0.829*max(0,X3-0.410) - 0.825*max(0,X0-0.774) * abs(X0) - 0.785*abs(X3) * max(0,X1-0.276) + 0.784*max(0,-0.703-X2) + 0.782*max(0,-1.16-X1) - 0.760*max(0,-0.201-X1) + 0.659*max(0,-0.982-X4) * max(0,-0.257-X2) + 0.643*max(0,-0.257-X2) * max(0,X3-0.410) + 0.606*max(0,-0.679-X1) * max(0,-0.178-X0) - 0.604*max(0,X1-0.276) * max(0,X3-0.410) + 0.596*max(0,-0.144-X4) + 0.569*max(0,-0.563-X4) + 0.530*abs(X3) - 0.522*max(0,-0.679-X1) * abs(X0) - 0.514*max(0,X0-1.25) * abs(X0) + 0.480*X3 * max(0,X2-0.188) + 0.470*max(0,-0.654-X0) + 0.452*max(0,-0.880-X3) * max(0,X2-0.188) + 0.446*abs(X3) * max(0,-0.178-X0) - 0.436*max(0,-0.679-X1) * max(0,X2-0.188) + 0.434*max(0,-0.982-X4) * max(0,X2-1.08) - 0.419*max(0,-0.178-X0) * max(0,X3-0.410) + 0.413*max(0,X1-0.276) * max(0,X2-0.188) - 0.408*max(0,X4-0.695) + 0.384*max(0,X1-0.276) - 0.370*X0**2 + 0.356*max(0,X2-0.188) + 0.339*abs(X2) * max(0,-0.257-X2) + 0.315*max(0,-0.679-X1) * max(0,X2-1.08) - 0.300*max(0,X1-0.276) * max(0,-0.178-X0) + 0.293*max(0,-0.679-X1) * abs(X3) - 0.292*X0 * max(0,-0.679-X1) - 0.270*X3 * abs(X0) + 0.263*abs(X3) * max(0,-0.257-X2) + 0.254*X0 - 0.253*max(0,-0.178-X0) + 0.247*abs(X3) * max(0,X2-0.188) + 0.231*X0 * max(0,X3-0.410) - 0.205*abs(X0) + 0.201*max(0,X4+0.144) + 0.200*abs(X1) - 0.166*max(0,X1-0.754) + 0.153*X0 * abs(X3) + 0.152*max(0,0.188-X2) + 0.150*X3 * max(0,-0.257-X2) - 0.148*abs(X2) * max(0,X2-0.188) - 0.143*max(0,-0.880-X3) * max(0,-0.257-X2) - 0.142*max(0,X2+0.257) - 0.133*max(0,0.840-X3) + 0.131*max(0,-0.679-X1) * max(0,X3-0.410) - 0.124*max(0,X4-0.276) + 0.123*X2**2 - 0.113*max(0,X3-0.840) * abs(X2) + 0.112*max(0,-0.982-X4) - 0.110*max(0,-0.679-X1) * abs(X2) - 0.105*max(0,X1+0.201) + 0.0986*max(0,X1-1.23) - 0.0957*abs(X0) * max(0,-0.257-X2) - 0.0801*max(0,X1-0.276) * abs(X2) - 0.0748*abs(X0) * max(0,X3-0.410) + 0.0719*max(0,X1+0.679) - 0.0682*X3 * max(0,-0.178-X0) - 0.0614*max(0,-0.0204-X3) + 0.0519*X0 * max(0,-0.178-X0) + 0.0511*max(0,-0.178-X0) * abs(X0) + 0.0449*X3 * abs(X2) + 0.0399*max(0,-0.880-X3) * abs(X3) + 0.0390*max(0,0.298-X0) - 0.0344*max(0,X0-0.774) * max(0,X0-1.25) + 0.0318*abs(X0) * max(0,X2-0.188) + 0.0302*X0 * max(0,X2-0.188) + 0.0282*X1**2 + 0.0254*max(0,X1-0.276) * max(0,-0.257-X2) - 0.0176*max(0,X1-0.276) * max(0,X2-1.08) + 0.0169*max(0,X0-0.774) + 0.0169*max(0,-0.679-X1) + 0.0161*max(0,X3+0.880) - 0.0107*max(0,X1-0.276) * abs(X0) + 0.00500*max(0,-0.880-X3) * max(0,-0.679-X1) - 0.00375*max(0,0.410-X3) + 0.00320*max(0,X3+0.0204) - 0.00188*X0 * abs(X0) + 0.00184*abs(X3) * abs(X2) + 0.00122*X3**2 - 0.000905*max(0,-0.982-X4) * abs(X0)"
ffx,feynman_I_43_16,ok,0.897218,2.2848,1421,21.17,,"-0.475 + 23.6*max(0,X2-0.844) * max(0,X0-1.30) - 11.1*max(0,X0-1.30) * max(0,-0.0822-X1) + 7.43*max(0,X0-1.30) * abs(X1) - 6.02*max(0,X0-0.851) * max(0,X2-0.844) - 5.28*max(0,X1+0.0822) * max(0,X0-1.30) - 3.36*max(0,X3-0.0459) * max(0,X0-1.30) - 3.16*X2 * max(0,X0-1.30) - 2.94*max(0,X2-1.30) - 2.58*X1 * max(0,X0-1.30) + 2.57*X3 * max(0,X0-1.30) + 2.47*max(0,X0-1.30) + 2.28*max(0,-0.933-X0) - 2.07*max(0,0.0459-X3) * max(0,X0-1.30) - 2.05*abs(X2) * max(0,X0-1.30) + 1.95*max(0,X2-0.844) * max(0,-0.0822-X1) - 1.92*X0**2 + 1.86*max(0,X2+0.0580) * max(0,X0-1.30) - 1.72*max(0,0.0459-X3) * max(0,X2-0.844) + 1.70*abs(X3) * max(0,X0-0.851) - 1.70*abs(X3) * max(0,-0.0580-X2) - 1.69*abs(X3) * max(0,-0.0822-X1) - 1.62*max(0,-0.866-X3) - 1.47*max(0,X2+0.0580) * max(0,X1+0.0822) - 1.46*max(0,X3-0.0459) * max(0,X0-0.851) + 1.35*abs(X0) + 1.35*max(0,X0-0.405) - 1.24*max(0,X2-0.393) + 1.17*max(0,0.0459-X3) * max(0,-0.0822-X1) + 1.08*max(0,X0-0.851) + 1.05*max(0,-0.487-X0) + 1.04*X3**2 + 1.04*max(0,X0-0.851) * max(0,X1+0.0822) - 1.03*max(0,-0.0580-X2) * abs(X1) + 1.00*max(0,-0.509-X2) + 0.976*max(0,X0-0.851) * abs(X2) - 0.962*max(0,X1-0.363) - 0.949*max(0,X1-0.807) - 0.882*max(0,X2-0.844) * abs(X1) + 0.867*abs(X3) * abs(X2) - 0.844*max(0,X3-0.0459) * max(0,X2-0.844) + 0.843*abs(X2) * max(0,X1+0.0822) + 0.821*X2 * max(0,X0-0.851) - 0.815*max(0,X2-0.844) + 0.797*abs(X2) * abs(X1) - 0.784*max(0,X0-0.851) * max(0,-0.0580-X2) - 0.777*X1 * max(0,X2+0.0580) - 0.770*max(0,-0.410-X3) - 0.767*max(0,X0-0.851) * max(0,-0.0822-X1) + 0.725*max(0,X3-0.0459) * max(0,-0.0822-X1) + 0.716*X1 * abs(X2) - 0.715*max(0,X3-0.958) - 0.714*X1 * max(0,-0.0580-X2) - 0.697*X2 * max(0,-0.0822-X1) + 0.676*abs(X2) * max(0,X2-0.844) - 0.666*abs(X2) * max(0,-0.0580-X2) + 0.659*X3 * max(0,X2-0.844) - 0.640*max(0,0.807-X1) + 0.632*max(0,-0.0580-X2) - 0.629*max(0,X3-0.0459) * max(0,X1+0.0822) - 0.628*max(0,X3-1.41) - 0.627*max(0,X2+0.0580) * abs(X1) + 0.616*X2 * abs(X1) + 0.587*max(0,X2+0.0580) * max(0,X2-0.844) + 0.571*X2 * max(0,-0.0580-X2) - 0.549*abs(X2) * max(0,-0.0822-X1) + 0.547*max(0,X3-0.0459) * max(0,-0.0580-X2) + 0.545*max(0,0.0459-X3) * abs(X1) - 0.537*max(0,X1+0.0822) - 0.506*max(0,X2+0.0580) + 0.497*abs(X1) - 0.491*max(0,-0.527-X1) + 0.486*X2**2 + 0.486*X1 * X2 - 0.477*max(0,X3-0.0459) * max(0,X2+0.0580) + 0.455*max(0,X0-0.851) * max(0,X0-1.30) - 0.440*abs(X3) * max(0,X1+0.0822) + 0.440*abs(X3) * max(0,X2-0.844) - 0.436*X1 * max(0,0.0459-X3) + 0.426*X1 * abs(X3) - 0.409*max(0,0.363-X1) - 0.406*max(0,X0+0.0409) - 0.392*X2 * max(0,X3-0.0459) - 0.386*max(0,0.844-X2) + 0.385*max(0,0.0459-X3) * abs(X2) + 0.380*X1 * max(0,X1+0.0822) + 0.371*max(0,X1+0.0822) * abs(X1) + 0.367*X3 * max(0,-0.0822-X1) - 0.366*abs(X3) * max(0,X3-0.0459) - 0.355*max(0,0.502-X3) - 0.354*abs(X3) * max(0,X2+0.0580) - 0.352*max(0,0.393-X2) + 0.344*max(0,-0.972-X1) - 0.343*X3 * max(0,X0-0.851) + 0.335*max(0,X3-0.0459) * abs(X2) - 0.322*X1 * max(0,X0-0.851) + 0.298*max(0,1.25-X1) + 0.296*X3 * abs(X1) + 0.295*X1**2 - 0.295*abs(X1) * max(0,-0.0822-X1) + 0.294*max(0,X1+0.0822) * max(0,X2-0.844) + 0.292*max(0,X3-0.0459) * abs(X1) - 0.287*abs(X3) + 0.272*max(0,-0.0580-X2) * max(0,-0.0822-X1) + 0.272*max(0,X2+0.0580) * abs(X2) + 0.258*max(0,0.958-X3) - 0.256*X3 * max(0,X3-0.0459) + 0.246*max(0,1.41-X3) - 0.237*X2 * max(0,0.0459-X3) - 0.232*X1 * max(0,X3-0.0459) - 0.229*X3 * max(0,0.0459-X3) + 0.220*max(0,1.30-X2) + 0.219*max(0,X2+0.0580) * max(0,X0-0.851) + 0.214*max(0,-0.960-X2) + 0.214*X0 - 0.202*max(0,X0-0.851) * abs(X1) - 0.192*X1 * max(0,-0.0822-X1) + 0.192*max(0,X2+0.509) + 0.189*max(0,X2+0.0580) * max(0,-0.0822-X1) + 0.182*abs(X3) * abs(X1) + 0.175*max(0,X0+0.487) - 0.163*max(0,X3+0.410) + 0.156*max(0,X1-1.25) + 0.152*abs(X3) * max(0,0.0459-X3) + 0.151*abs(X2) - 0.149*X1 * max(0,X2-0.844) + 0.141*abs(X3) * max(0,X0-1.30) + 0.140*max(0,0.0459-X3) * max(0,X1+0.0822) + 0.137*abs(X3) * X2 + 0.132*X2 + 0.122*max(0,X3+0.866) - 0.118*X3 * abs(X2) - 0.114*X3 * max(0,X2+0.0580) - 0.101*max(0,X1+0.972) + 0.0979*max(0,0.0459-X3) * max(0,-0.0580-X2) + 0.0929*X1 - 0.0893*X2 * max(0,X2+0.0580) - 0.0885*max(0,X1+0.527) - 0.0839*max(0,0.0459-X3) - 0.0813*max(0,0.405-X0) + 0.0755*max(0,X3-0.502) + 0.0740*max(0,X2+0.960) - 0.0660*X2 * max(0,X1+0.0822) - 0.0652*max(0,X3-0.0459) - 0.0618*X1 * abs(X1) + 0.0564*max(0,0.0459-X3) * max(0,X0-0.851) + 0.0527*max(0,-0.0580-X2) * max(0,X0-1.30) + 0.0499*max(0,X1+0.0822) * max(0,-0.0580-X2) - 0.0436*max(0,0.0459-X3) * max(0,X2+0.0580) + 0.0291*X3 - 0.0272*X3 * X2 + 0.0216*X3 * abs(X3) + 0.0196*X2 * max(0,X2-0.844) + 0.0174*X3 * max(0,X1+0.0822) - 0.0127*X2 * abs(X2) + 0.00771*max(0,1.30-X0) - 0.00694*max(0,0.851-X0) + 0.00580*max(0,-0.0822-X1) + 0.00238*X1 * X3 - 0.00206*X3 * max(0,-0.0580-X2) - 4.74e-5*max(0,-0.0409-X0)"
ffx,feynman_I_43_31,ok,0.99644,1.247761,79,14.52,,(0.0619 + 0.588*X2 + 0.568*X0 + 0.538*X1 + 0.150*X0 * X2 + 0.145*X1 * X2 + 0.0972*X0 * X1 - 0.0744*X1**2 + 0.0698*X1 - 0.0435*X0**2 - 0.0141*X2**2 - 0.00150*X1**2) / (1.0 - 0.133*X1 - 0.0977*X0 + 0.0235*X1**2 - 0.0191*X2**2 + 0.0175*X0**2 - 0.0161*X0 * X1 + 0.0157*X1 * X2 - 0.0117*X2 + 0.00752*X0 * X2 + 0.000189*X1**2)
ffx,feynman_I_43_43,ok,0.685402,1.260092,1488,20.2,,"-0.709 + 103*max(0,X2-1.35) * max(0,X3-1.23) - 30.3*max(0,X1-1.33) * max(0,X3-0.741) + 22.8*max(0,X1-1.33) * max(0,X3-1.23) - 10.3*max(0,X1-0.899) * max(0,X3-1.23) + 10.0*max(0,-0.235-X3) * max(0,X1-1.33) - 9.69*max(0,X2-1.35) * max(0,X3-0.741) - 9.22*max(0,-0.595-X0) * max(0,X1-1.33) + 6.38*max(0,-0.235-X3) * max(0,X2-1.35) - 6.19*max(0,-0.235-X3) * max(0,X1-0.899) + 6.15*max(0,X1-1.33) * max(0,X3-0.253) - 6.06*max(0,X2-1.35) * max(0,X1-0.899) + 5.89*max(0,X1-1.33) * X3 + 5.06*max(0,X1-0.899) * max(0,X3-0.741) + 4.78*max(0,X1-0.0330) * max(0,X3-1.23) - 4.69*max(0,X1-1.33) + 4.38*max(0,X1-1.33) * max(0,X1-0.899) - 4.24*max(0,X2-1.35) * max(0,-0.595-X0) - 4.19*max(0,X1-1.33) * abs(X3) + 3.88*max(0,-0.595-X0) * max(0,-0.400-X1) - 3.51*max(0,X1-0.899) * X3 + 3.48*abs(X1) * max(0,X3-1.23) - 3.39*max(0,X1-0.0330) * max(0,X3-0.741) - 3.22*max(0,-0.595-X0) * abs(X1) + 3.22*max(0,X1-0.0330) * max(0,X2-1.35) - 3.11*max(0,-0.0641-X2) * max(0,X3-0.741) - 2.99*max(0,X2-1.35) * abs(X3) + 2.93*max(0,X1-0.0330) * max(0,-0.595-X0) + 2.86*max(0,X2-1.35) * X3 - 2.85*max(0,X2-1.35) - 2.74*max(0,-0.400-X1) * max(0,X3-1.23) + 2.71*max(0,X3-0.741) * max(0,X3-1.23) - 2.58*max(0,-0.595-X0) * max(0,X3-0.253) + 2.56*max(0,X1-0.899) * abs(X3) + 2.45*max(0,-0.595-X0) * max(0,X3-0.741) + 2.42*max(0,X3-0.741) + 2.41*max(0,X2-1.35) * max(0,X3-0.253) + 2.40*max(0,-0.595-X0) * max(0,X1-0.899) + 2.37*max(0,-0.0641-X2) * max(0,X3-0.253) + 2.32*X2 * max(0,X2-1.35) - 2.08*max(0,-0.235-X3) * max(0,-0.400-X1) + 2.00*max(0,X2-1.35) * max(0,X1-1.33) + 1.96*max(0,-0.595-X0) * max(0,X3-1.23) + 1.90*max(0,X1-0.899) * max(0,X3-0.253) - 1.76*max(0,X3-1.23) + 1.58*max(0,-0.595-X0) - 1.45*max(0,-0.0641-X2) * max(0,-0.235-X3) - 1.44*abs(X1) * max(0,X1-0.899) - 1.36*abs(X3) * max(0,X3-1.23) + 1.29*max(0,-0.400-X1) * abs(X3) - 1.21*max(0,-0.400-X1) * max(0,X3-0.253) + 1.15*max(0,X1-0.0330) * max(0,X1-0.899) + 1.13*max(0,-0.595-X0) * X3 + 1.09*abs(X1) * max(0,X1-1.33) - 1.08*abs(X1) * max(0,X3-0.741) + 1.02*max(0,X1-0.899) - 0.994*max(0,0.466-X1) + 0.979*abs(X1) * abs(X3) + 0.915*max(0,-0.723-X3) + 0.868*max(0,-0.0641-X2) * max(0,X1-0.899) - 0.864*X2 * max(0,-0.235-X3) - 0.815*max(0,-0.0641-X2) * X3 + 0.785*max(0,X1-0.0330) * X3 - 0.783*abs(X1) * max(0,X3-0.253) + 0.778*X2 * abs(X3) - 0.778*X2 * max(0,X3-1.23) - 0.770*max(0,-0.235-X3) * abs(X1) + 0.765*max(0,X0-0.299) - 0.758*max(0,X2-1.35) * max(0,-0.400-X1) + 0.756*max(0,-0.0641-X2) * max(0,-0.595-X0) + 0.710*max(0,X1-0.0330) - 0.707*X2 * max(0,X3-0.253) + 0.705*max(0,X0-0.746) + 0.686*max(0,X2+0.0641) + 0.684*X2 * max(0,X1-1.33) + 0.683*max(0,-0.0641-X2) + 0.670*max(0,-0.0641-X2) * abs(X3) - 0.636*max(0,-0.400-X1) + 0.624*max(0,-0.0641-X2) * max(0,X1-1.33) + 0.618*max(0,-0.0641-X2) * max(0,X3-1.23) - 0.618*max(0,X2-0.879) - 0.608*max(0,-0.235-X3) * abs(X3) - 0.599*abs(X2) - 0.599*abs(X3) + 0.552*X3 * max(0,X3-1.23) + 0.542*max(0,X1-0.0330) * max(0,X1-1.33) - 0.523*X1 - 0.513*max(0,0.253-X3) + 0.506*max(0,X3-0.253) - 0.471*max(0,X3-0.741) * abs(X3) - 0.455*X0**2 - 0.440*X3 - 0.437*max(0,X0+0.148) - 0.409*X1**2 + 0.392*max(0,-0.400-X1) * abs(X1) + 0.387*max(0,-1.04-X0) - 0.385*max(0,-0.0641-X2) * max(0,X1-0.0330) - 0.375*X2 * max(0,X1-0.0330) + 0.365*max(0,-0.235-X3) + 0.343*max(0,0.0330-X1) + 0.330*max(0,-0.400-X1) * max(0,X3-0.741) + 0.321*max(0,X0-1.19) - 0.302*X0 - 0.297*max(0,X3-0.741) * max(0,X3-0.253) - 0.291*max(0,X1-0.0330) * max(0,X3-0.253) - 0.283*max(0,-0.535-X2) - 0.277*max(0,-0.400-X1) * X3 - 0.268*X2 * max(0,-0.595-X0) - 0.251*max(0,X2-1.35) * abs(X1) + 0.240*X2 * max(0,-0.400-X1) + 0.225*max(0,-0.833-X1) - 0.202*X2 - 0.188*max(0,X3-0.253) * abs(X3) - 0.173*max(0,-1.01-X2) + 0.172*max(0,X3-0.253) * max(0,X3-1.23) + 0.165*X2 * max(0,X1-0.899) + 0.165*max(0,X1+0.400) + 0.163*max(0,-0.595-X0) * abs(X3) + 0.160*max(0,X3+1.21) + 0.160*max(0,-1.21-X3) + 0.157*max(0,-0.148-X0) + 0.157*max(0,0.299-X0) - 0.156*max(0,0.746-X0) + 0.156*max(0,X1-0.0330) * max(0,-0.235-X3) + 0.155*max(0,1.23-X3) + 0.153*max(0,1.35-X2) + 0.152*X2**2 - 0.152*max(0,X2-0.407) + 0.132*max(0,X1-0.0330) * abs(X3) + 0.130*max(0,X0+0.595) - 0.125*X2 * max(0,X3-0.741) + 0.122*max(0,1.33-X1) + 0.118*max(0,X2+1.01) + 0.101*max(0,X3+0.235) + 0.101*max(0,X2+0.535) - 0.0966*abs(X1) - 0.0909*max(0,X1+0.833) - 0.0898*X2 * X3 - 0.0842*max(0,0.407-X2) + 0.0817*max(0,0.879-X2) + 0.0816*max(0,-0.0641-X2) * max(0,-0.400-X1) + 0.0736*max(0,0.741-X3) + 0.0695*X3**2 - 0.0667*abs(X1) * X3 - 0.0613*X3 * abs(X3) + 0.0594*abs(X0) + 0.0570*X3 * max(0,X3-0.741) + 0.0521*max(0,0.899-X1) + 0.0513*X3 * max(0,X3-0.253) - 0.0487*max(0,X1-0.0330) * abs(X1) + 0.0482*max(0,-0.0641-X2) * abs(X1) + 0.00767*max(0,-0.235-X3) * max(0,-0.595-X0) - 0.00761*X2 * abs(X1) + 0.00296*max(0,X3+0.723) + 0.000223*max(0,-0.235-X3) * X3 - 0.000200*max(0,1.19-X0)"
ffx,feynman_I_44_4,ok,0.259301,17.620919,1931,32.23,,"-0.953 - 129*max(0,X0-1.35) * max(0,X2-1.25) - 51.5*max(0,X1-1.26) * max(0,X2-1.25) - 42.9*max(0,-1.03-X4) * max(0,X2-0.794) + 40.9*max(0,-1.03-X4) * max(0,X2-1.25) + 37.3*max(0,-1.03-X4) * max(0,X0-1.35) + 29.7*max(0,-1.10-X3) * max(0,X1-1.26) + 26.5*max(0,X1-1.26) * max(0,X2-0.336) + 24.6*max(0,-1.03-X4) * max(0,X2-0.336) - 22.9*max(0,X0-1.35) * max(0,-0.141-X4) - 22.7*max(0,X0-1.35) - 18.8*max(0,-1.03-X4) * max(0,X1-1.26) + 16.5*max(0,X1-1.26) * max(0,X2-0.794) - 14.7*max(0,-0.169-X3) * max(0,X1-1.26) + 13.3*max(0,X0-0.373) * max(0,X0-1.35) - 12.9*max(0,X0-1.35) * max(0,X1-1.26) - 11.6*max(0,-1.10-X3) * max(0,X0-1.35) - 10.2*max(0,-1.10-X3) * max(0,X2-1.25) + 10.2*max(0,X1-1.26) * max(0,-0.141-X4) - 9.31*abs(X4) * max(0,X1-1.26) - 9.09*X2 * max(0,X1-1.26) - 9.05*max(0,X2-0.794) * max(0,X2-1.25) + 8.10*max(0,X4+0.141) * max(0,X1-1.26) + 7.16*abs(X4) * max(0,X2-1.25) - 7.08*max(0,X1-1.26) * abs(X2) + 6.98*max(0,X2-1.25) + 6.56*X2 * max(0,X0-1.35) + 6.27*max(0,X0-1.35) * abs(X2) + 6.14*max(0,X0-1.35) * max(0,-0.122-X2) + 6.04*max(0,X1-1.26) - 5.78*max(0,X0-0.373) * max(0,X2-1.25) + 5.74*max(0,X0-1.35) * max(0,X2-0.336) - 5.33*max(0,X2+0.122) * max(0,X1-1.26) - 5.29*X3 * max(0,X1-1.26) - 4.90*X3 * max(0,X2-1.25) - 4.80*max(0,-0.169-X3) * max(0,X2-1.25) + 4.58*max(0,X2-0.336) * max(0,X2-1.25) - 4.58*max(0,X1-1.26) * max(0,-0.122-X2) + 4.40*abs(X2) * max(0,X2-1.25) - 4.26*max(0,-0.141-X4) * max(0,X2-1.25) + 4.24*max(0,X2+0.122) * max(0,X0-1.35) - 3.85*max(0,-1.10-X3) * max(0,X2-0.336) + 3.68*max(0,X0-0.373) * max(0,X2-0.794) + 3.40*max(0,X0-0.373) * max(0,-0.122-X2) - 3.37*max(0,X2+0.122) * max(0,X2-1.25) - 3.19*max(0,-1.03-X4) * abs(X2) - 3.12*max(0,X0-0.373) * max(0,-1.03-X4) + 2.93*max(0,X0-0.373) * max(0,-0.141-X4) + 2.89*max(0,-1.10-X3) * max(0,-0.141-X4) - 2.73*max(0,X0-0.373) * abs(X4) + 2.71*max(0,-1.03-X4) * max(0,-0.169-X3) + 2.65*max(0,X0-0.373) * max(0,X4+0.141) - 2.58*max(0,X0-1.35) * abs(X4) - 2.56*max(0,X4+0.141) * max(0,X0-1.35) - 2.56*X2 * max(0,X2-1.25) - 2.50*max(0,X4+0.141) * max(0,X2-1.25) - 2.42*max(0,-1.03-X4) + 2.19*max(0,-0.169-X3) + 2.18*max(0,X4+0.141) - 2.08*max(0,-0.169-X3) * abs(X2) - 2.05*max(0,-1.10-X3) * abs(X4) - 2.04*max(0,X0-0.373) * max(0,X2-0.336) + 1.95*max(0,-0.141-X4) * max(0,X2-0.336) - 1.91*max(0,-1.03-X4) * X2 + 1.86*max(0,-0.169-X3) * max(0,-0.122-X2) + 1.84*max(0,-1.10-X3) * abs(X2) - 1.77*max(0,X0-0.373) * abs(X2) - 1.77*max(0,X4-0.748) + 1.65*max(0,X1-0.780) + 1.61*max(0,-0.122-X2) * max(0,-0.141-X4) - 1.59*max(0,-0.586-X4) - 1.56*max(0,-1.03-X4) * max(0,X2+0.122) - 1.54*max(0,X2-0.336) * max(0,X2-0.794) + 1.52*max(0,-1.10-X3) * max(0,-0.122-X2) + 1.46*max(0,-1.10-X3) * max(0,X2+0.122) - 1.44*max(0,-0.141-X4) * max(0,X2-0.794) + 1.43*max(0,-0.169-X3) * max(0,X2-0.336) - 1.42*abs(X4) + 1.41*max(0,-0.651-X1) + 1.40*max(0,-1.10-X3) * X2 + 1.32*max(0,X0-0.373) * X2 + 1.31*max(0,X0-0.863) + 1.30*max(0,-0.169-X3) * max(0,X0-1.35) + 1.27*max(0,-1.03-X4) * max(0,-0.122-X2) + 1.26*max(0,0.748-X4) - 1.26*max(0,X0-0.373) + 1.22*max(0,X3-0.758) + 1.20*max(0,X0-1.35) * max(0,X2-0.794) + 1.19*max(0,-1.04-X2) + 1.18*max(0,X0-0.373) * max(0,-0.169-X3) + 1.11*abs(X2) * max(0,X2-0.336) + 1.10*X2 * max(0,X2-0.336) + 1.03*max(0,-0.169-X3) * max(0,X2-0.794) - 1.03*max(0,X2-0.336) - 0.983*max(0,X2+0.122) * max(0,X2-0.794) + 0.954*max(0,X3-1.22) + 0.939*X4**2 + 0.919*abs(X0) + 0.909*max(0,-1.03-X4) * max(0,-0.141-X4) - 0.858*max(0,X0-0.373) * max(0,-1.10-X3) - 0.843*max(0,X4+0.141) * abs(X4) - 0.822*abs(X4) * abs(X2) + 0.807*max(0,X2+0.122) * max(0,X2-0.336) - 0.806*X3**2 + 0.760*max(0,X0-0.373) * max(0,X1-1.26) + 0.750*max(0,0.303-X4) - 0.742*max(0,X2-0.794) + 0.742*max(0,-1.10-X3) - 0.700*X2 * max(0,X2-0.794) + 0.681*max(0,X4+0.141) * max(0,-0.169-X3) - 0.673*abs(X2) * max(0,X2-0.794) + 0.639*max(0,X2+0.122) * max(0,-0.169-X3) - 0.633*max(0,0.373-X0) + 0.627*abs(X4) * max(0,-0.122-X2) - 0.594*X1**2 + 0.577*max(0,X4-0.303) + 0.545*max(0,-1.03-X4) * abs(X4) + 0.544*X3 * max(0,X2-0.794) + 0.512*max(0,X1+0.174) - 0.511*max(0,-0.141-X4) * abs(X2) + 0.508*X2 * abs(X4) - 0.506*max(0,-0.609-X0) + 0.494*max(0,X1-0.303) + 0.489*max(0,X4+0.141) * abs(X2) + 0.488*max(0,-1.10-X3) * max(0,X2-0.794) + 0.481*max(0,-1.10-X0) - 0.469*X2 + 0.468*X4 - 0.431*max(0,-0.122-X2) * abs(X2) - 0.431*max(0,-0.141-X4) - 0.426*X3 * max(0,X2-0.336) + 0.408*max(0,X0-0.373) * max(0,X2+0.122) + 0.405*max(0,-0.633-X3) + 0.402*X3 - 0.390*X1 - 0.390*max(0,X0+0.609) - 0.367*max(0,-0.581-X2) - 0.341*abs(X1) + 0.334*X3 * abs(X2) + 0.322*abs(X2) - 0.319*max(0,X2+0.122) - 0.313*max(0,-0.174-X1) - 0.303*max(0,0.336-X2) - 0.293*max(0,-1.10-X3) * max(0,-1.03-X4) - 0.288*max(0,X4+0.141) * X2 + 0.281*max(0,0.303-X1) - 0.259*X3 * max(0,-0.122-X2) - 0.255*max(0,-1.10-X3) * max(0,-0.169-X3) + 0.250*max(0,-0.122-X2) + 0.246*X3 * abs(X4) - 0.240*max(0,X3-0.294) - 0.233*max(0,X4+0.141) * max(0,-0.122-X2) - 0.229*max(0,X2+0.122) * max(0,-0.141-X4) - 0.220*X3 * max(0,-0.141-X4) - 0.209*max(0,X4+0.141) * max(0,X2-0.336) + 0.207*max(0,X3+0.169) - 0.197*abs(X3) - 0.181*max(0,-0.169-X3) * max(0,-0.141-X4) - 0.178*abs(X4) * max(0,X2-0.794) - 0.163*max(0,X4-1.19) - 0.161*max(0,X2+0.122) * X2 - 0.159*max(0,-0.169-X3) * abs(X4) + 0.157*max(0,X4+0.141) * max(0,X2+0.122) + 0.110*max(0,-1.10-X3) * max(0,X4+0.141) + 0.107*max(0,X4+0.141) * max(0,X2-0.794) + 0.107*max(0,X2+0.122) * abs(X2) + 0.102*max(0,1.22-X3) - 0.0943*max(0,0.794-X2) - 0.0901*X2**2 - 0.0851*X2 * max(0,-0.141-X4) - 0.0835*max(0,-0.118-X0) + 0.0774*max(0,X2+0.122) * abs(X4) + 0.0757*max(0,0.294-X3) - 0.0745*max(0,1.19-X4) - 0.0649*max(0,0.863-X0) - 0.0622*X2 * max(0,-0.169-X3) + 0.0536*max(0,X3+0.633) - 0.0504*X2 * max(0,-0.122-X2) - 0.0494*max(0,X3+1.10) + 0.0395*X2 * abs(X2) - 0.0322*max(0,X4+0.586) + 0.0321*max(0,X2+1.04) - 0.0240*abs(X4) * max(0,X2-0.336) + 0.0178*max(0,1.26-X1) - 0.0170*max(0,0.780-X1) + 0.0148*abs(X4) * max(0,-0.141-X4) + 0.0148*max(0,0.758-X3) + 0.0141*max(0,1.25-X2) - 0.00607*max(0,-1.13-X1) + 0.00307*max(0,X2+0.581) - 0.00130*max(0,X0+0.118) - 0.000974*max(0,X4+1.03) + 0.000623*max(0,1.35-X0)"
ffx,feynman_I_47_23,ok,0.982003,0.096738,798,25.33,,"0.250 + 9.23*max(0,X2-1.18) * max(0,X1-1.33) + 7.64*max(0,-0.744-X0) * max(0,X1-1.33) - 5.71*max(0,-0.294-X0) * max(0,X1-1.33) - 5.31*max(0,X2-1.18) * max(0,X2-0.724) - 5.23*max(0,-0.637-X2) * max(0,X1-1.33) + 5.15*max(0,X2-1.18) * max(0,X1-0.859) + 3.21*max(0,X2-1.18) * max(0,-1.00-X1) - 2.90*max(0,X2-0.724) * max(0,X1-0.859) - 2.84*max(0,X2-0.724) * max(0,X1-1.33) + 2.84*max(0,-0.294-X0) * max(0,X2-1.18) - 2.44*max(0,-0.744-X0) * max(0,X1-0.859) + 2.14*max(0,-0.637-X2) * max(0,X1-0.859) + 1.88*max(0,-0.294-X0) * max(0,X1-0.859) - 1.77*X2 * max(0,X1-1.33) + 1.58*max(0,X1-0.859) * max(0,X1-1.33) + 1.53*max(0,-1.00-X1) + 1.46*max(0,X2-1.18) + 1.25*max(0,X2-1.18) * X0 + 1.13*X1 * max(0,-1.00-X1) - 1.09*X1 * max(0,X1-1.33) + 1.03*max(0,-0.294-X0) * max(0,-0.637-X2) + 0.949*max(0,X1-0.859) + 0.917*max(0,X1-1.33) + 0.906*X2 * max(0,X1-0.859) - 0.873*max(0,-1.09-X2) - 0.788*max(0,-0.637-X2) + 0.784*max(0,-1.19-X0) + 0.717*max(0,X2-1.18) * X2 - 0.684*max(0,-1.00-X1) * max(0,X2-0.724) - 0.676*X1 * max(0,X1-0.859) - 0.650*X2 * max(0,-0.637-X2) - 0.582*max(0,-0.294-X0) * max(0,X2-0.724) + 0.560*max(0,-0.294-X0) * X2 - 0.558*max(0,-0.744-X0) * max(0,X2-0.724) - 0.510*X2 + 0.502*X0 * max(0,-0.637-X2) + 0.473*X2**2 + 0.466*X0 - 0.382*max(0,-0.637-X2) * max(0,-1.00-X1) + 0.359*X1 + 0.355*X2 * max(0,X2-0.724) + 0.352*X1 * max(0,X2-0.724) + 0.350*max(0,X0-1.06) - 0.339*max(0,-0.538-X1) - 0.309*max(0,X2+0.637) - 0.308*max(0,X2-0.724) - 0.289*X0 * max(0,X2-0.724) - 0.281*max(0,-0.744-X0) - 0.239*max(0,X2-0.270) - 0.234*max(0,-0.744-X0) * max(0,-1.00-X1) - 0.233*X0**2 - 0.231*X0 * max(0,-1.00-X1) - 0.208*max(0,0.270-X2) - 0.207*max(0,-0.744-X0) * X2 + 0.202*max(0,0.157-X0) - 0.181*max(0,-0.183-X2) - 0.175*max(0,0.393-X1) - 0.171*max(0,X2-1.18) * X1 - 0.169*max(0,X1-0.393) + 0.160*X1**2 - 0.138*X0 * max(0,X1-1.33) + 0.133*max(0,X0+0.294) - 0.132*X1 * X2 + 0.123*max(0,-0.294-X0) * max(0,-1.00-X1) + 0.118*max(0,-0.294-X0) * X0 - 0.114*max(0,-0.744-X0) * X1 + 0.102*max(0,X0-0.157) - 0.100*max(0,-0.744-X0) * X0 + 0.0996*X0 * X1 + 0.0836*X2 * max(0,-1.00-X1) - 0.0797*max(0,-0.744-X0) * max(0,-0.637-X2) + 0.0778*X0 * X2 - 0.0698*max(0,X1+0.0725) + 0.0687*max(0,-0.294-X0) * X1 + 0.0679*X1 * max(0,-0.637-X2) + 0.0584*max(0,X0-0.607) + 0.0461*max(0,-0.294-X0) + 0.0329*X0 * max(0,X1-0.859) - 0.0265*max(0,X0+0.744) - 0.0253*max(0,0.859-X1) + 0.0249*max(0,-0.744-X0) * max(0,X2-1.18) + 0.00665*max(0,-0.0725-X1) - 0.00278*max(0,-0.744-X0) * max(0,-0.294-X0)"
ffx,feynman_I_48_2,ok,0.990237,8.507373,685,12.36,,"-0.733 + 8.42*max(0,X2-1.31) - 5.63*max(0,-1.08-X2) * max(0,X1-1.13) - 4.54*X2 * max(0,X2-1.31) - 2.88*max(0,-1.08-X2) * max(0,-1.04-X1) + 2.79*max(0,-0.600-X2) * max(0,X1-1.13) + 1.92*max(0,-0.600-X2) * max(0,-1.04-X1) - 1.84*max(0,X1-1.13) * max(0,X2-1.31) - 1.79*max(0,-0.907-X0) - 1.59*max(0,-1.04-X1) * max(0,X2-1.31) + 1.55*max(0,-0.602-X1) * max(0,-1.08-X2) + 1.36*max(0,X1-0.700) * max(0,-1.08-X2) - 1.26*max(0,-0.602-X1) * max(0,-0.600-X2) - 0.944*max(0,-0.602-X1) * max(0,-1.04-X1) - 0.908*X0 * max(0,-0.907-X0) - 0.850*max(0,X1-0.700) * max(0,-0.600-X2) - 0.803*max(0,X1-0.700) * max(0,X1-1.13) + 0.753*max(0,-1.08-X2) + 0.610*X0 * max(0,X2-1.31) + 0.512*max(0,0.266-X1) + 0.507*X2 + 0.485*X0 + 0.478*max(0,-0.907-X0) * max(0,X2-1.31) + 0.443*X0 * max(0,-1.08-X2) + 0.440*max(0,-0.907-X0) * max(0,-1.04-X1) - 0.437*max(0,X2-0.836) + 0.412*max(0,-0.602-X1) * max(0,X2-1.31) + 0.400*max(0,X2+0.121) + 0.400*max(0,-0.907-X0) * max(0,-1.08-X2) + 0.371*X0 * max(0,-1.04-X1) - 0.366*max(0,X0-0.893) + 0.362*max(0,X1-0.700) * max(0,X2-1.31) - 0.343*max(0,-0.600-X2) * max(0,-0.907-X0) + 0.335*max(0,-1.04-X1) - 0.293*max(0,-0.168-X1) + 0.288*X0 * max(0,X1-1.13) - 0.281*max(0,X0+0.00669) + 0.275*X0 * X2 + 0.271*max(0,X2+0.600) * max(0,-1.04-X1) - 0.248*max(0,-0.602-X1) * max(0,-0.907-X0) + 0.235*max(0,-0.600-X2) * X2 + 0.228*max(0,X1+1.04) - 0.210*max(0,-0.600-X2) * X0 - 0.188*max(0,-0.602-X1) * X0 + 0.173*max(0,X0+0.457) - 0.165*max(0,X1-0.700) * max(0,-0.907-X0) + 0.164*X0**2 - 0.162*max(0,-0.600-X2) + 0.149*max(0,X2+0.600) + 0.148*max(0,X1-1.13) + 0.137*max(0,X2+0.600) * max(0,X1-1.13) - 0.134*max(0,X1-0.700) * X0 + 0.130*max(0,0.836-X2) - 0.125*max(0,-0.602-X1) * X2 + 0.124*max(0,X0-1.34) - 0.106*max(0,X1-0.700) * X2 - 0.0962*max(0,0.893-X0) + 0.0948*max(0,-0.602-X1) + 0.0598*max(0,X2-0.358) - 0.0467*max(0,X1-0.700) + 0.0309*X2 * max(0,X1-1.13) + 0.0269*X2 * max(0,-1.04-X1) + 0.0269*max(0,-0.907-X0) * max(0,X1-1.13) - 0.0172*max(0,-0.907-X0) * X2 + 0.0154*max(0,-1.08-X2) * X2 - 0.0139*max(0,-0.457-X0) - 0.00264*X2**2 + 0.00229*max(0,0.443-X0)"
ffx,feynman_I_50_26,ok,0.495326,1.519695,1539,25.36,,"0.566 + 60.2*max(0,X1-0.661) * max(0,X2-1.25) + 31.9*max(0,X2-0.327) * max(0,X1-1.09) - 29.8*max(0,X2-1.25) * max(0,X1-1.09) - 24.5*max(0,X1-0.661) * max(0,X2-0.327) - 24.4*max(0,X2-1.25) * max(0,X1-0.232) + 21.2*max(0,X1-0.661) * max(0,X2-0.787) + 16.8*max(0,X1-0.661) * max(0,X1-1.09) - 16.3*max(0,X1-1.09) * abs(X2) - 16.0*max(0,X2-1.25) * max(0,X2-0.787) + 15.5*max(0,X1-0.661) + 14.5*max(0,X2-1.25) * max(0,X2-0.327) + 13.8*max(0,X1-0.661) * max(0,-1.05-X2) + 13.2*max(0,X1-1.09) * max(0,-0.593-X2) - 12.3*max(0,X2-0.787) * max(0,X1-0.232) - 12.1*max(0,X1-0.232) * max(0,X1-1.09) - 12.0*max(0,-1.15-X0) * max(0,X2-1.25) - 11.4*max(0,-1.15-X0) * max(0,-0.593-X2) - 11.2*max(0,X1-0.661) * max(0,-1.15-X0) + 10.7*max(0,-1.15-X0) * max(0,-1.05-X2) + 10.3*max(0,X3-0.926) * max(0,X2-1.25) + 10.1*max(0,X3-0.926) * max(0,X1-1.09) + 9.83*max(0,X2-0.787) + 9.77*max(0,X2-1.25) - 9.60*max(0,-1.05-X2) * max(0,X1-1.09) - 8.45*max(0,X2-0.327) * max(0,X2-0.787) + 7.89*max(0,X3-0.926) * max(0,-0.133-X2) - 7.37*max(0,-1.05-X2) * max(0,X1-0.232) - 6.97*max(0,X3-0.926) * abs(X2) - 6.83*max(0,X1-0.661) * max(0,X1-0.232) + 6.57*max(0,-1.15-X0) * max(0,X1-1.09) + 6.07*max(0,X2+0.133) * max(0,X1-1.09) - 6.06*max(0,-1.15-X0) * max(0,X2-0.327) + 5.95*max(0,0.787-X2) * max(0,X1-1.09) + 5.86*max(0,-1.15-X0) * max(0,X2-0.787) - 5.56*max(0,X3-0.926) * max(0,X2-0.787) + 5.49*max(0,X1-0.661) * max(0,X3-0.926) + 5.40*max(0,X2+0.133) * max(0,X1-0.232) - 5.12*max(0,-1.05-X2) * abs(X2) + 4.88*max(0,-1.15-X0) * max(0,-0.133-X2) - 4.75*max(0,X2-0.787) * abs(X2) + 4.48*max(0,X2-1.25) * abs(X2) + 4.47*max(0,X2-0.327) * abs(X2) + 4.40*max(0,X3-0.926) * max(0,X2+0.133) + 4.27*max(0,-1.15-X0) * max(0,X1-0.232) - 4.24*X2 * max(0,-1.05-X2) + 4.17*max(0,X1-0.232) * max(0,-0.593-X2) - 4.15*max(0,X1-0.661) * max(0,-0.593-X2) + 4.13*max(0,X2-0.787) * max(0,X1-1.09) + 4.01*abs(X1) * max(0,-0.593-X2) + 4.00*max(0,X3-0.926) * max(0,X2-0.327) + 3.98*max(0,X3-0.926) + 3.75*max(0,X1-0.232) * abs(X2) - 3.72*X2 * max(0,X2-1.25) - 3.64*max(0,X2-1.25) * abs(X1) - 3.63*max(0,-0.593-X2) - 3.58*max(0,X2+0.133) * max(0,X2-0.787) - 3.40*max(0,X3-0.926) * max(0,X1-0.232) - 3.30*max(0,X0-1.22) - 3.08*max(0,-1.15-X0) - 3.05*max(0,0.232-X1) - 2.86*max(0,-0.673-X0) - 2.67*max(0,X2-0.327) + 2.67*max(0,-0.848-X3) + 2.66*X0**2 - 2.64*max(0,X1-0.661) * max(0,-0.133-X2) - 2.64*X2 * max(0,X1-1.09) + 2.54*X2 * max(0,X1-0.232) + 2.49*max(0,-0.133-X2) - 2.49*max(0,X1-0.661) * abs(X2) - 2.39*X2 * max(0,X1-0.661) - 2.35*abs(X2) + 2.34*max(0,-0.133-X2) * max(0,-1.05-X2) - 2.29*max(0,X0-0.745) - 2.27*max(0,-1.15-X0) * max(0,X3-0.926) + 2.06*max(0,0.0389-X3) + 2.06*max(0,1.09-X1) + 2.04*max(0,X3-1.37) + 2.00*max(0,X2+0.133) * abs(X2) - 1.99*max(0,0.787-X2) * max(0,-0.593-X2) + 1.99*max(0,-0.197-X1) - 1.96*max(0,X2+0.133) * max(0,X2-1.25) - 1.94*max(0,-1.05-X2) * max(0,-0.593-X2) - 1.84*max(0,X3-0.926) * abs(X1) - 1.81*X3**2 - 1.80*abs(X0) - 1.69*X2 * max(0,X2-0.787) - 1.68*max(0,X3-0.926) * max(0,-0.593-X2) + 1.62*max(0,X3-0.482) + 1.49*X2 * max(0,-1.15-X0) - 1.49*max(0,X2-0.327) * abs(X1) + 1.45*max(0,-1.15-X0) * abs(X1) - 1.37*max(0,-1.05-X2) + 1.36*max(0,X2+0.133) * abs(X1) - 1.34*max(0,X2+0.133) - 1.25*abs(X1) + 1.24*max(0,X1-1.09) + 1.23*X2 * max(0,X2-0.327) - 1.22*max(0,-0.133-X2) * max(0,X1-0.232) - 1.19*max(0,X1-0.661) * max(0,X2+0.133) - 1.17*abs(X1) * max(0,X1-0.232) - 1.02*max(0,X1-0.232) + 1.01*max(0,-0.133-X2) * abs(X2) - 0.917*max(0,X3-0.926) * max(0,-1.05-X2) - 0.856*abs(X1) * abs(X2) - 0.852*max(0,X2-0.327) * max(0,X1-0.232) + 0.822*max(0,-0.405-X3) + 0.795*max(0,-1.15-X0) * abs(X2) - 0.783*X2 * max(0,-0.133-X2) + 0.780*max(0,X3-0.0389) - 0.744*max(0,-0.133-X2) * abs(X1) + 0.741*X2**2 + 0.683*max(0,X1+0.197) + 0.681*max(0,X3+0.405) - 0.678*max(0,-0.200-X0) - 0.641*max(0,-0.133-X2) * max(0,X1-1.09) - 0.634*max(0,0.661-X1) - 0.594*max(0,X1-0.661) * abs(X1) - 0.585*abs(X3) + 0.571*X2 * max(0,X2+0.133) - 0.529*max(0,1.37-X3) - 0.445*max(0,X0-0.272) + 0.438*X3 + 0.423*max(0,-1.05-X2) * abs(X1) + 0.409*max(0,-0.626-X1) + 0.393*X2 * max(0,X3-0.926) + 0.393*max(0,0.787-X2) - 0.389*max(0,X1+1.06) - 0.364*max(0,X3+0.848) - 0.345*max(0,X0+0.200) + 0.345*X2 * abs(X1) + 0.337*max(0,-0.133-X2) * max(0,-0.593-X2) + 0.300*max(0,X0+0.673) - 0.285*max(0,1.25-X2) - 0.212*abs(X1) * max(0,X1-1.09) + 0.192*max(0,-1.06-X1) - 0.191*X2 * abs(X2) + 0.177*abs(X1) * max(0,X2-0.787) + 0.166*max(0,0.482-X3) + 0.149*X2 + 0.137*max(0,0.787-X2) * abs(X2) + 0.133*X1**2 - 0.132*X0 - 0.118*max(0,0.926-X3) - 0.0882*max(0,X2+0.593) + 0.0868*max(0,X2+0.133) * max(0,X2-0.327) - 0.0775*max(0,-1.15-X0) * max(0,X2+0.133) + 0.0766*max(0,0.272-X0) - 0.0722*max(0,1.22-X0) + 0.0592*max(0,X0+1.15) + 0.0568*max(0,0.327-X2) + 0.0512*X1 + 0.0474*abs(X2) * max(0,-0.593-X2) - 0.0470*max(0,X1+0.626) + 0.0470*max(0,0.745-X0) - 0.0321*max(0,X2+1.05) - 0.000296*X2 * max(0,-0.593-X2)"
ffx,feynman_I_6_2,ok,0.915075,0.011781,748,13.52,,"0.353 + 14.1*max(0,X0-1.25) * max(0,X1-1.27) - 2.56*max(0,X0-0.792) * max(0,X1-1.27) - 2.32*max(0,X0-1.25) * max(0,-0.0595-X1) + 2.18*max(0,X0-1.25) * abs(X1) - 2.08*max(0,-1.04-X0) * max(0,-0.0595-X1) + 2.07*max(0,X1-1.27) - 2.02*max(0,X1-0.384) * max(0,-1.04-X0) - 2.00*max(0,X0-1.25) - 1.94*max(0,-0.946-X1) * max(0,X0-1.25) + 1.77*max(0,-1.04-X0) * abs(X1) + 1.75*max(0,X0-1.25) * max(0,-0.503-X1) - 1.73*max(0,X0-1.25) * max(0,X1-0.384) - 1.62*max(0,X0-0.792) * max(0,-0.0595-X1) - 1.61*max(0,X0-1.25) * max(0,X1+0.0595) - 1.54*max(0,-0.124-X0) * max(0,-1.04-X0) - 1.31*max(0,-0.124-X0) * max(0,X1+0.0595) + 1.23*max(0,X0-0.792) * max(0,X0-1.25) - 1.20*max(0,X1+0.0595) + 1.02*max(0,X0-0.792) * max(0,-0.946-X1) - 0.946*max(0,-0.582-X0) + 0.943*max(0,-0.124-X0) * max(0,X1-0.384) + 0.913*X0**2 - 0.878*max(0,X0-0.792) + 0.868*max(0,-0.946-X1) * max(0,-1.04-X0) + 0.856*max(0,X0-0.792) * max(0,X1-0.384) + 0.851*max(0,-0.503-X1) * max(0,-1.04-X0) - 0.775*max(0,-0.946-X1) * max(0,-0.0595-X1) + 0.763*max(0,-0.124-X0) * max(0,-0.0595-X1) + 0.755*max(0,X0-0.792) * abs(X1) - 0.700*max(0,X1-1.27) * abs(X1) - 0.679*abs(X0) + 0.679*max(0,-1.04-X0) * max(0,X1+0.0595) - 0.672*max(0,X0-0.792) * max(0,X1+0.0595) - 0.671*max(0,-0.503-X1) + 0.592*abs(X1) + 0.462*max(0,X1-0.827) - 0.430*max(0,X0-0.334) - 0.377*max(0,X1+0.0595) * max(0,X1-1.27) + 0.363*max(0,-1.04-X0) * max(0,X1-1.27) - 0.363*max(0,X1-0.384) * abs(X1) + 0.321*max(0,-0.946-X1) - 0.314*max(0,-0.124-X0) + 0.297*abs(X1) * max(0,-0.0595-X1) - 0.268*max(0,X0-0.792) * max(0,-0.503-X1) + 0.236*max(0,-0.124-X0) * max(0,-0.946-X1) - 0.234*max(0,X1-0.384) + 0.185*max(0,-0.503-X1) * max(0,-0.0595-X1) + 0.180*max(0,0.792-X0) - 0.155*max(0,-0.124-X0) * max(0,X1-1.27) - 0.147*max(0,0.827-X1) + 0.133*max(0,X0+0.582) - 0.130*max(0,X0+0.124) + 0.125*X1**2 - 0.123*max(0,0.384-X1) + 0.119*max(0,X1+0.0595) * abs(X1) - 0.105*X1 - 0.103*X0 + 0.0975*max(0,-0.946-X1) * max(0,-0.503-X1) + 0.0869*max(0,-0.124-X0) * abs(X1) + 0.0843*max(0,-0.124-X0) * max(0,-0.503-X1) - 0.0728*max(0,1.25-X0) + 0.0600*max(0,-0.0595-X1) - 0.0564*max(0,-1.04-X0) + 0.0478*max(0,X0+1.04) + 0.0454*max(0,1.27-X1) - 0.0270*max(0,0.334-X0) - 0.0230*max(0,X1-0.384) * max(0,X1+0.0595) + 0.0209*max(0,X1-0.384) * max(0,X1-1.27) - 0.0160*max(0,-0.946-X1) * abs(X1) + 0.00755*max(0,X1+0.503)"
ffx,feynman_I_6_2a,ok,0.999275,0.001958,77,9.21,,"-0.711 + 0.239*max(0,0.335-X0) - 0.206*X0 - 0.177*X0 * max(0,-0.104-X0) + 0.169*max(0,-0.104-X0) - 0.156*max(0,0.335-X0) * X0 + 0.139*max(0,0.774-X0) + 0.130*max(0,1.21-X0) + 0.0820*max(0,0.335-X0) * max(0,-0.104-X0)"
ffx,feynman_I_6_2b,ok,-2.236716,0.091601,1004,20.5,,"0.265 + 399*max(0,X1-1.38) * max(0,X2-1.19) - 42.0*max(0,X0-1.33) * max(0,X1-0.900) - 20.9*max(0,X2-0.729) * max(0,X1-1.38) - 18.8*max(0,X0-1.33) * max(0,X2-1.19) + 17.2*max(0,X1-0.900) * max(0,-1.10-X0) - 14.7*max(0,-1.03-X1) * max(0,-1.10-X2) - 14.5*max(0,-1.10-X0) * max(0,-1.10-X2) + 14.5*max(0,X2-1.19) * max(0,-1.10-X0) + 12.7*max(0,X2-1.19) * max(0,X1-0.900) - 11.8*max(0,X1-1.38) * max(0,-1.10-X2) - 11.6*max(0,X1-0.417) * max(0,X2-1.19) + 10.8*max(0,X1-1.38) * max(0,-0.641-X2) - 10.0*max(0,X1-0.417) * max(0,-1.10-X0) + 8.88*max(0,X1-1.38) + 8.69*max(0,-1.10-X0) + 8.22*max(0,-1.03-X1) * max(0,-0.641-X2) - 8.21*max(0,X2-0.729) * max(0,X1-0.900) - 7.49*max(0,X1-1.38) * max(0,X1-0.900) + 7.37*max(0,X1-1.38) * max(0,-1.10-X0) + 6.90*max(0,X2-0.729) * max(0,X1-0.417) + 6.39*max(0,X0-1.33) * max(0,-1.03-X1) + 6.11*max(0,X0-1.33) - 6.10*max(0,-0.184-X2) * max(0,X1-1.38) - 5.14*max(0,-1.10-X2) - 3.98*max(0,-1.03-X1) * max(0,-1.10-X0) + 3.68*max(0,X1-0.417) * max(0,-1.10-X2) + 3.35*max(0,X1-1.38) * X0 + 3.34*X0 * max(0,-1.10-X0) - 3.07*max(0,X0-1.33) * X0 - 3.05*max(0,X0-1.33) * max(0,-1.10-X2) + 2.95*max(0,-0.184-X2) * max(0,-1.10-X0) + 2.74*max(0,X1-0.900) * max(0,-1.10-X2) + 2.58*max(0,X0-1.33) * max(0,X1-0.417) + 2.57*max(0,-0.641-X2) * max(0,-1.10-X2) + 2.25*max(0,X1-1.38) * max(0,X1-0.417) - 2.16*max(0,X1-0.417) * max(0,X1-0.900) + 2.12*max(0,X1-0.900) * max(0,-0.641-X2) - 2.09*max(0,X2-0.729) * max(0,-1.10-X0) - 2.08*max(0,X0-1.33) * max(0,-0.641-X2) + 2.06*max(0,X0-0.358) * max(0,-1.10-X2) - 2.04*max(0,-0.641-X2) - 1.93*max(0,-1.03-X1) * max(0,X2-1.19) + 1.86*max(0,X2-0.729) * max(0,X2-1.19) + 1.70*max(0,X0-1.33) * max(0,X2-0.729) - 1.61*max(0,-0.184-X2) * max(0,X1-0.417) - 1.55*max(0,X2-1.19) - 1.51*max(0,X2-0.729) + 1.48*max(0,X0-1.33) * max(0,-0.184-X2) - 1.45*max(0,X1-0.417) * max(0,-0.641-X2) + 1.21*max(0,-0.184-X2) * max(0,-0.641-X2) + 1.13*max(0,X1-0.900) - 1.12*max(0,-0.184-X2) * max(0,-1.10-X2) - 1.12*max(0,X2-0.273) + 1.01*X2**2 - 0.896*X0 * max(0,-1.10-X2) - 0.879*max(0,-1.03-X1) + 0.845*X0 * max(0,X2-1.19) - 0.807*X0 * max(0,X1-0.900) + 0.802*max(0,-0.127-X0) - 0.652*max(0,0.417-X1) + 0.597*X0 * max(0,-0.641-X2) - 0.586*X0 - 0.581*max(0,X2-0.729) * max(0,-1.03-X1) - 0.540*max(0,-0.548-X1) + 0.450*max(0,-0.184-X2) * max(0,-1.03-X1) - 0.421*X0**2 + 0.420*X1**2 + 0.416*max(0,X0-0.358) - 0.388*max(0,X1+0.0655) + 0.374*max(0,-0.0655-X1) - 0.372*max(0,-0.184-X2) * X0 - 0.372*max(0,-0.641-X2) * max(0,-1.10-X0) - 0.368*max(0,-0.613-X0) + 0.332*max(0,X2-0.729) * X0 - 0.279*max(0,X1-0.417) - 0.248*max(0,X2+0.184) - 0.239*max(0,-0.184-X2) + 0.188*max(0,X0-0.843) + 0.179*max(0,X2+0.641) + 0.176*max(0,-0.184-X2) * max(0,X1-0.900) + 0.148*max(0,0.729-X2) + 0.145*X0 * max(0,X1-0.417) - 0.145*max(0,0.273-X2) + 0.137*max(0,0.358-X0) - 0.107*X1 - 0.0749*max(0,1.33-X0) - 0.0719*max(0,X0+1.10) + 0.0595*max(0,X0+0.613) + 0.0471*max(0,-1.03-X1) * X0 + 0.0455*max(0,X1+1.03) - 0.0269*max(0,1.19-X2) - 0.0264*max(0,0.843-X0) + 0.00272*max(0,0.900-X1) - 0.000492*X2"
ffx,feynman_I_8_14,ok,0.616503,0.599563,1078,24.32,,"-2.38 - 85.7*max(0,-1.02-X3) * max(0,X1-1.37) + 34.5*max(0,-0.572-X3) * max(0,X1-1.37) - 20.3*max(0,-0.256-X0) * max(0,X1-1.37) + 19.3*max(0,X1-0.427) * max(0,-1.02-X3) - 12.1*max(0,-0.532-X2) * max(0,X1-1.37) + 11.8*max(0,-0.736-X0) * max(0,X1-1.37) + 10.5*max(0,X0-0.704) * max(0,X1-1.37) - 10.1*max(0,X1-0.427) * max(0,-0.572-X3) + 9.83*max(0,-0.123-X3) * max(0,X1-1.37) - 8.75*max(0,X1-0.427) * max(0,X1-1.37) - 8.39*max(0,-0.572-X3) * max(0,-1.02-X3) + 8.30*max(0,-0.0537-X2) * max(0,X1-1.37) + 7.45*max(0,-0.736-X0) * max(0,-1.02-X3) + 7.43*max(0,-0.532-X2) * max(0,-0.123-X3) - 6.97*max(0,-0.572-X3) * max(0,-0.532-X2) - 6.75*max(0,-0.0537-X2) * max(0,-0.123-X3) - 6.60*max(0,-1.22-X0) + 6.37*max(0,X1-1.37) + 6.34*max(0,-0.736-X0) * max(0,-0.256-X0) - 6.08*max(0,-0.736-X0) + 5.32*max(0,-0.0537-X2) * max(0,-0.572-X3) - 4.92*max(0,-0.256-X0) * max(0,-0.572-X3) + 4.85*max(0,-0.572-X3) * max(0,X2-0.902) + 4.49*max(0,X3+0.123) * max(0,X1-1.37) + 4.45*max(0,X2-0.902) * max(0,X1-1.37) + 4.26*max(0,-0.256-X0) * max(0,X1-0.427) + 3.41*max(0,-1.01-X2) - 3.36*max(0,X0-0.704) * max(0,X1-0.427) + 3.35*max(0,-1.02-X3) * max(0,-0.123-X3) + 3.12*max(0,X0-0.704) * max(0,-0.532-X2) - 3.06*max(0,-0.572-X3) + 2.98*max(0,-0.256-X0) * max(0,-0.532-X2) + 2.46*max(0,-0.0537-X2) * max(0,-1.02-X3) + 2.43*max(0,X2-0.902) - 2.40*max(0,-0.736-X0) * max(0,X2-0.902) - 2.38*max(0,X2-0.902) * max(0,-0.123-X3) + 2.37*max(0,-0.256-X0) * max(0,-0.123-X3) - 2.29*max(0,X0-0.704) * max(0,X2-0.902) - 2.17*max(0,-0.0537-X2) * max(0,-0.256-X0) - 2.09*max(0,-0.0537-X2) * max(0,X0-0.704) - 2.06*max(0,-0.532-X2) * max(0,-1.02-X3) - 1.86*max(0,X0-0.704) * max(0,-1.02-X3) - 1.84*max(0,-0.736-X0) * max(0,X1-0.427) + 1.81*max(0,-1.02-X3) - 1.78*max(0,-0.0537-X2) * max(0,-0.532-X2) - 1.57*max(0,X3+0.123) * max(0,X2-0.902) + 1.56*max(0,-0.256-X0) * max(0,X2-0.902) + 1.47*max(0,-0.256-X0) * max(0,-1.02-X3) + 1.46*max(0,-0.572-X3) * max(0,-0.123-X3) - 1.42*max(0,X2-1.38) + 1.33*max(0,X1-0.427) * max(0,-0.532-X2) + 1.31*max(0,-0.123-X3) + 1.27*max(0,X0+0.256) + 1.21*max(0,-0.0537-X2) + 1.19*max(0,-0.992-X1) - 1.02*max(0,-0.256-X0) + 1.00*max(0,-0.736-X0) * max(0,-0.0537-X2) + 0.947*max(0,X3+0.123) - 0.942*max(0,-0.736-X0) * max(0,-0.123-X3) - 0.909*max(0,X1-0.427) * max(0,X2-0.902) - 0.877*max(0,X2-0.902) * max(0,-1.02-X3) + 0.867*max(0,X0-1.18) + 0.865*max(0,0.224-X0) - 0.817*max(0,-0.0537-X2) * max(0,X1-0.427) + 0.802*max(0,0.325-X3) + 0.757*max(0,X3+0.123) * max(0,-0.532-X2) - 0.504*max(0,X2+0.0537) - 0.486*max(0,X0-0.224) - 0.469*max(0,X3-1.22) + 0.466*max(0,-0.519-X1) + 0.454*max(0,X1-0.427) + 0.443*max(0,X3+0.123) * max(0,-0.256-X0) + 0.427*max(0,X2-0.424) - 0.416*max(0,X1-0.900) + 0.405*max(0,X3-0.774) - 0.385*max(0,-0.736-X0) * max(0,-0.532-X2) - 0.299*max(0,X3-0.325) + 0.297*max(0,0.427-X1) + 0.292*max(0,X1-0.427) * max(0,-0.123-X3) + 0.270*max(0,X0-0.704) - 0.270*max(0,-0.0459-X1) - 0.251*max(0,X3+0.123) * max(0,X0-0.704) + 0.234*max(0,-0.736-X0) * max(0,-0.572-X3) - 0.120*max(0,X3+0.123) * max(0,X1-0.427) - 0.0774*max(0,-0.532-X2) + 0.0495*max(0,X0-0.704) * max(0,-0.123-X3) - 0.0103*max(0,X0-0.704) * max(0,-0.572-X3) - 0.00812*max(0,0.424-X2) + 0.00538*max(0,X1+0.0459)"
ffx,feynman_I_9_18,ok,-0.045056,0.111851,1671,29.59,,"-0.319 - 67.9*max(0,X3-1.20) * max(0,X2-1.25) - 20.5*max(0,X1-0.868) * max(0,X0-1.36) - 16.9*max(0,X1-1.33) * max(0,X2-1.25) - 14.5*max(0,X8-1.19) * max(0,X3-1.20) - 11.6*max(0,X8-1.19) * max(0,-0.655-X6) + 11.0*max(0,X0-1.36) * max(0,X7-1.27) - 10.9*max(0,X5-1.34) * max(0,X2-1.25) - 9.57*max(0,-1.07-X8) * max(0,X7-1.27) - 8.92*max(0,-1.07-X8) * max(0,X5-1.34) - 8.66*max(0,-1.08-X4) * max(0,X7-0.819) - 7.71*max(0,X2-1.25) * max(0,X7-1.27) + 7.51*max(0,X5-1.34) * max(0,X0-1.36) + 7.40*max(0,X1-0.868) * max(0,X0-0.919) + 5.87*max(0,-0.655-X6) * max(0,X3-1.20) + 4.96*max(0,X1-1.33) * max(0,X3-1.20) - 4.65*max(0,X8-1.19) * max(0,X1-0.868) - 4.46*max(0,X5-1.34) * max(0,X0-0.919) + 4.35*max(0,-0.0469-X5) * max(0,X7-1.27) + 4.35*max(0,-0.614-X8) * max(0,X3-1.20) - 4.28*max(0,X7-0.819) * max(0,X0-0.919) - 3.96*max(0,-0.0469-X5) * max(0,X0-1.36) + 3.76*max(0,X7-0.819) * max(0,X0-1.36) + 3.07*max(0,-1.07-X8) * max(0,-0.992-X1) - 2.98*max(0,X3-1.20) * max(0,X0-0.919) - 2.89*max(0,-0.527-X1) * max(0,X2-1.25) + 2.76*max(0,X0-0.919) + 2.68*max(0,-0.655-X6) * max(0,X1-1.33) + 2.67*max(0,X7-0.819) * max(0,-0.608-X4) + 2.62*max(0,X5-0.880) * max(0,X3-1.20) - 2.53*max(0,-1.07-X8) * max(0,-0.608-X4) + 2.53*max(0,X2-1.25) - 2.48*max(0,-1.07-X8) * max(0,X0-0.919) - 2.45*max(0,X3-1.20) * max(0,X1-0.868) - 2.38*max(0,X1-1.33) * max(0,X7-1.27) + 2.29*max(0,-0.614-X8) * max(0,X0-1.36) - 2.27*max(0,-0.655-X6) * max(0,X1-0.868) + 2.02*max(0,-0.137-X4) * max(0,X0-1.36) + 1.97*max(0,X3-1.20) * max(0,X7-0.819) - 1.84*max(0,-0.527-X1) * max(0,X0-0.919) - 1.79*max(0,X1-0.868) * max(0,X7-1.27) - 1.73*max(0,X3-0.751) + 1.67*max(0,X3-1.20) * max(0,-0.137-X4) - 1.66*max(0,X2-1.25) * max(0,-0.992-X1) + 1.61*max(0,X2-1.25) * max(0,X1-0.868) - 1.53*max(0,-0.614-X8) * max(0,X7-1.27) + 1.38*max(0,X0-0.919) * max(0,X7-1.27) - 1.36*max(0,X2-1.25) * max(0,-0.137-X4) + 1.30*max(0,-1.07-X8) * max(0,X0-1.36) - 1.28*max(0,X0-0.919) * max(0,-0.608-X4) + 1.24*max(0,-1.07-X8) * max(0,-0.137-X4) + 1.18*max(0,-1.08-X4) * max(0,X3-1.20) + 1.16*max(0,X7-0.819) * max(0,-0.137-X4) + 1.14*max(0,-1.08-X4) * max(0,X2-1.25) - 0.993*max(0,X8-1.19) * max(0,-1.08-X4) + 0.978*max(0,X7-1.27) - 0.974*max(0,X7-0.819) - 0.934*max(0,X8-1.19) * max(0,-0.992-X1) + 0.896*max(0,X7-0.819) * max(0,-0.992-X1) + 0.864*max(0,-0.655-X6) * max(0,X2-1.25) - 0.847*max(0,X0-1.36) * max(0,X0-0.919) - 0.818*max(0,0.0318-X0) - 0.802*max(0,-0.608-X4) + 0.793*max(0,X5-0.880) * max(0,X7-0.819) + 0.782*max(0,X3-0.304) - 0.782*max(0,X1-0.868) * max(0,-0.608-X4) + 0.776*max(0,-0.527-X1) * max(0,X3-1.20) + 0.772*max(0,-0.0469-X5) * max(0,X0-0.919) + 0.770*max(0,X5-1.34) * max(0,-0.608-X4) + 0.760*max(0,X1-1.33) * max(0,-0.608-X4) - 0.730*max(0,-0.614-X8) * max(0,X1-0.868) - 0.693*max(0,-0.614-X8) * max(0,X0-0.919) + 0.692*max(0,X5-0.880) * max(0,X1-1.33) + 0.689*max(0,-1.08-X4) * max(0,-0.608-X4) + 0.687*max(0,X5-0.880) * max(0,-0.608-X4) + 0.637*max(0,X1-1.33) - 0.630*max(0,-1.07-X8) * max(0,X5-0.880) + 0.627*max(0,-0.655-X6) * max(0,X5-0.880) - 0.612*max(0,-1.07-X8) * max(0,-0.527-X1) - 0.609*max(0,X5-0.880) * max(0,-0.614-X8) + 0.591*max(0,X6-1.20) + 0.577*max(0,-1.12-X6) + 0.545*max(0,X4-1.27) + 0.531*max(0,X1-1.33) * max(0,-0.614-X8) + 0.508*max(0,-0.0469-X5) * max(0,X1-0.868) + 0.501*max(0,-0.614-X8) * max(0,X7-0.819) + 0.500*max(0,-0.614-X8) * max(0,-0.137-X4) - 0.470*max(0,X0-1.36) - 0.464*max(0,X8-1.19) * max(0,X5-1.34) + 0.425*max(0,X1+0.527) - 0.422*max(0,-0.655-X6) * max(0,X5-1.34) + 0.410*max(0,X5-0.880) * max(0,X7-1.27) + 0.409*max(0,-0.137-X4) * max(0,-0.992-X1) + 0.386*max(0,0.304-X3) - 0.386*max(0,-1.08-X4) * max(0,-0.527-X1) - 0.382*max(0,X8-1.19) + 0.363*max(0,-0.0469-X5) * max(0,X7-0.819) + 0.353*max(0,-0.527-X1) * max(0,X7-0.819) - 0.353*max(0,-0.655-X6) * max(0,-0.992-X1) + 0.352*max(0,X4+0.137) + 0.351*max(0,X8-0.740) + 0.350*X2 - 0.348*max(0,-0.992-X1) * max(0,X0-0.919) + 0.328*max(0,-0.412-X0) - 0.318*max(0,X8-1.19) * max(0,-0.137-X4) - 0.315*max(0,-0.163-X8) + 0.297*max(0,-0.614-X8) * max(0,-0.992-X1) - 0.287*max(0,X4-0.804) - 0.284*max(0,-1.08-X4) * max(0,X1-0.868) + 0.257*max(0,X8+0.614) + 0.238*max(0,0.367-X7) - 0.236*max(0,-0.192-X6) - 0.232*max(0,-0.992-X1) + 0.226*max(0,-0.655-X6) * max(0,-0.527-X1) - 0.215*max(0,-0.0469-X5) * max(0,-0.992-X1) - 0.210*max(0,-0.655-X6) * max(0,-1.08-X4) - 0.200*max(0,0.272-X6) + 0.199*max(0,X2+0.182) + 0.187*max(0,-0.655-X6) * max(0,X7-0.819) - 0.173*max(0,0.868-X1) - 0.167*max(0,X6-0.736) - 0.145*max(0,X0-0.475) - 0.144*max(0,-0.591-X3) - 0.140*max(0,X5-0.416) + 0.135*max(0,X8-1.19) * max(0,-0.527-X1) - 0.133*max(0,X2-0.774) + 0.116*max(0,-1.14-X2) + 0.103*max(0,X5-1.34) + 0.0925*max(0,-0.0469-X5) * max(0,-0.137-X4) + 0.0698*max(0,0.880-X5) - 0.0685*max(0,-0.655-X6) * max(0,-1.07-X8) - 0.0619*max(0,-0.655-X6) * max(0,-0.137-X4) - 0.0602*max(0,X2-1.25) * max(0,X0-0.919) - 0.0562*max(0,0.475-X0) + 0.0378*max(0,-0.510-X5) + 0.0344*max(0,-0.614-X8) - 0.0344*X1**2 - 0.0281*max(0,X7+0.0847) - 0.0187*max(0,X5+0.974) + 0.0154*max(0,X2-0.296) - 0.0140*max(0,-0.988-X7) - 0.0125*max(0,-0.660-X2) - 0.00530*max(0,1.25-X2)"
ffx,feynman_test_1,ok,-1.922452,16.290376,1748,20.03,,"-0.703 - 1005*max(0,-1.03-X2) * max(0,X0-1.28) + 168*max(0,-0.571-X2) * max(0,X0-1.28) - 42.7*max(0,-1.00-X3) * max(0,X0-1.28) - 29.6*max(0,-1.03-X2) * max(0,X4-1.17) - 21.9*max(0,-1.14-X4) * max(0,-1.04-X6) + 21.5*max(0,X0-0.824) * max(0,-1.03-X2) + 18.1*max(0,-0.678-X4) * max(0,-1.04-X6) + 17.9*max(0,X6-0.692) * max(0,X4-1.17) - 17.4*max(0,X6-0.692) * max(0,X0-1.28) - 16.2*max(0,-1.00-X3) * max(0,-1.03-X2) + 15.3*max(0,X4-0.705) * max(0,-1.05-X1) - 15.2*max(0,X4-1.17) * max(0,X0-1.28) - 14.0*max(0,-1.14-X4) * max(0,X3-0.796) + 13.3*max(0,-1.04-X6) * max(0,X4-1.17) + 12.8*max(0,-1.04-X6) * max(0,-1.03-X2) - 12.2*max(0,-1.14-X4) * max(0,X0-1.28) + 11.4*max(0,-1.00-X3) * max(0,X4-1.17) - 11.2*max(0,-1.04-X6) * max(0,-1.05-X1) + 10.5*max(0,X4-0.705) * max(0,-1.03-X2) - 10.3*max(0,-1.05-X1) * max(0,-1.03-X2) - 9.45*max(0,X0-0.824) * max(0,-0.571-X2) - 9.30*max(0,-1.05-X1) * max(0,X6-1.13) - 9.27*max(0,X0-0.824) * max(0,-1.14-X4) - 8.65*max(0,X6-0.692) * max(0,-1.05-X1) + 8.64*max(0,-1.00-X3) * max(0,-0.611-X1) - 8.24*max(0,X4-1.17) * max(0,X6-1.13) - 8.06*max(0,-0.217-X4) * max(0,X0-1.28) + 7.87*max(0,-1.04-X6) * max(0,X3-0.796) + 7.43*max(0,X3-0.346) * max(0,-1.14-X4) + 7.30*max(0,-1.00-X3) * max(0,-0.571-X2) - 6.52*max(0,X3-0.796) * max(0,X0-1.28) - 6.25*max(0,-0.217-X4) * max(0,-1.04-X6) + 6.13*max(0,X0-0.824) * max(0,-1.04-X6) - 5.85*max(0,X4-0.705) * max(0,X6-1.13) + 5.55*max(0,-1.04-X6) * max(0,X0-1.28) - 5.32*max(0,X4-0.705) * max(0,X4-1.17) + 5.31*max(0,-1.04-X6) * max(0,-0.611-X1) + 5.25*max(0,X6-0.692) * max(0,-1.03-X2) - 5.04*max(0,-1.14-X4) * max(0,X6-1.13) + 4.96*max(0,X3-0.346) * max(0,X4-1.17) + 4.88*max(0,-1.05-X1) * max(0,X0-1.28) + 4.77*max(0,-0.678-X4) * max(0,X3-0.796) + 4.50*max(0,-0.611-X1) * max(0,-0.571-X2) - 4.50*max(0,X3-0.796) * max(0,-1.05-X1) + 4.10*max(0,X0-0.824) * max(0,X0-1.28) + 4.04*max(0,X3-0.796) * max(0,X6-1.13) - 3.88*max(0,-1.03-X2) * max(0,-0.571-X2) + 3.86*max(0,-1.14-X4) * max(0,-0.611-X1) + 3.83*max(0,X6-0.692) * max(0,-0.611-X1) - 3.70*max(0,-1.04-X6) * max(0,-0.571-X2) + 3.67*max(0,X3-0.346) * max(0,-1.05-X1) - 3.54*max(0,-0.571-X2) * max(0,X6-1.13) + 3.28*max(0,-0.678-X4) * max(0,-1.03-X2) + 3.24*max(0,-1.03-X2) - 3.22*max(0,X4-0.705) * max(0,X3-0.796) - 3.19*max(0,X3-0.796) * max(0,X4-1.17) + 3.07*max(0,X4-0.705) * max(0,-1.04-X6) + 2.80*max(0,-1.00-X3) * max(0,-1.04-X6) + 2.75*max(0,-0.678-X4) * max(0,X6-0.692) + 2.75*max(0,-1.00-X3) * max(0,X0-0.824) - 2.44*max(0,X3-0.346) * max(0,-0.678-X4) - 2.36*max(0,-0.217-X4) * max(0,-0.571-X2) - 2.28*max(0,X3-0.346) - 2.27*max(0,X0-0.824) * max(0,X6-0.692) - 2.24*max(0,-0.611-X1) * max(0,X4-1.17) - 2.19*max(0,X4-0.705) * max(0,-0.571-X2) + 2.17*max(0,X0-0.824) * max(0,-0.678-X4) - 2.16*max(0,-0.611-X1) * max(0,-1.03-X2) + 1.97*max(0,-0.611-X1) * max(0,-1.05-X1) - 1.96*max(0,-1.00-X3) - 1.94*max(0,-1.00-X3) * max(0,X4-0.705) - 1.90*max(0,-0.678-X4) * max(0,-1.14-X4) + 1.85*max(0,-1.14-X4) * max(0,-0.571-X2) + 1.80*max(0,X0-0.824) * max(0,X4-1.17) - 1.73*max(0,-0.611-X1) - 1.70*max(0,X4-0.705) * max(0,X6-0.692) - 1.59*max(0,-0.571-X2) + 1.53*max(0,X6-0.692) * max(0,X6-1.13) + 1.48*max(0,-1.00-X3) * max(0,-1.14-X4) - 1.29*max(0,X2-0.795) + 1.25*max(0,X3-0.346) * max(0,-1.03-X2) - 1.22*max(0,X0-0.824) * max(0,-0.611-X1) - 1.19*max(0,-1.05-X1) + 1.12*max(0,X3-0.796) - 1.10*max(0,-1.00-X3) * max(0,-0.678-X4) - 1.08*max(0,-0.559-X0) + 1.04*max(0,X3-0.346) * max(0,-0.571-X2) - 0.991*max(0,X0-0.824) - 0.989*max(0,-0.611-X1) * max(0,X6-1.13) + 0.977*max(0,X2-1.25) + 0.970*max(0,-0.505-X5) + 0.968*max(0,X4-0.244) + 0.960*max(0,X0-0.824) * max(0,X3-0.796) - 0.888*max(0,0.346-X3) + 0.873*max(0,-1.02-X0) - 0.871*max(0,X3-0.346) * max(0,X6-0.692) + 0.860*max(0,X3-0.796) * max(0,-1.03-X2) - 0.838*max(0,-1.14-X4) * max(0,X6-0.692) - 0.819*max(0,-0.974-X5) + 0.787*max(0,X3-1.25) + 0.756*max(0,-0.217-X4) * max(0,-1.03-X2) + 0.755*X3**2 + 0.746*max(0,0.244-X4) - 0.679*max(0,-0.217-X4) * max(0,-1.05-X1) + 0.647*max(0,-0.678-X4) * max(0,X0-1.28) + 0.644*max(0,X0-0.363) - 0.593*max(0,-0.217-X4) - 0.592*max(0,-1.00-X3) * max(0,X6-0.692) + 0.556*max(0,X0-0.824) * max(0,X3-0.346) - 0.534*max(0,X1-1.15) + 0.513*max(0,-0.608-X6) - 0.488*max(0,X6-1.13) - 0.473*max(0,-1.00-X3) * max(0,X6-1.13) + 0.466*max(0,-0.115-X2) - 0.453*max(0,X4-1.17) - 0.392*max(0,X3-0.346) * max(0,-0.611-X1) - 0.381*max(0,X3-0.796) * max(0,X6-0.692) - 0.343*max(0,-0.217-X4) * max(0,X3-0.796) + 0.330*max(0,X2+0.115) - 0.325*max(0,X5-0.431) + 0.305*max(0,X2-0.340) - 0.287*max(0,-0.217-X4) * max(0,X6-0.692) + 0.269*max(0,X3-0.346) * max(0,X4-0.705) + 0.257*max(0,-0.553-X3) + 0.235*max(0,0.271-X1) - 0.235*max(0,X0-0.824) * max(0,X4-0.705) - 0.228*max(0,-1.04-X6) + 0.224*max(0,X6-0.692) * max(0,-0.571-X2) + 0.199*max(0,0.363-X0) + 0.178*max(0,0.258-X6) + 0.170*max(0,0.692-X6) + 0.160*X5**2 + 0.138*max(0,X5-1.37) + 0.134*max(0,X1-0.712) + 0.134*max(0,X4-0.705) + 0.0913*max(0,X3+0.103) + 0.0679*X1**2 - 0.0656*X5 - 0.0630*max(0,X1+0.611) - 0.0409*max(0,X4+0.217) - 0.0165*X6 - 0.0117*max(0,X5+0.0373) + 0.00595*max(0,-0.170-X1) - 0.00403*max(0,-0.217-X4) * max(0,X3-0.346) - 0.000415*max(0,-0.217-X4) * max(0,-1.14-X4) - 8.28e-5*max(0,-1.14-X4)"
ffx,feynman_test_10,ok,0.982127,0.064218,788,17.87,,"-0.144 + 11.9*max(0,X0-1.29) * max(0,-1.11-X1) + 8.09*max(0,X0-1.29) * max(0,X1-1.16) - 6.98*max(0,X0-1.29) * max(0,-0.659-X1) - 4.78*max(0,X0-0.438) * max(0,X1-1.16) - 4.61*max(0,X0-1.29) * max(0,X1-0.703) + 3.33*max(0,X0-0.0121) * max(0,X1-1.16) + 2.87*max(0,X0-0.438) * max(0,X1-0.703) + 2.72*max(0,X0-1.29) * max(0,X0-0.438) + 2.28*max(0,X1-1.16) - 2.13*max(0,X0-0.0121) * max(0,X1-0.703) + 2.13*max(0,X0-1.29) * max(0,-0.205-X1) - 2.04*max(0,X1+0.205) * max(0,X1-1.16) - 1.88*max(0,X0-0.0121) * max(0,X0-1.29) - 1.54*max(0,X2-0.292) * max(0,-1.11-X1) - 1.50*max(0,X0-1.29) - 1.41*max(0,-1.11-X1) * max(0,X0-0.438) + 1.40*max(0,X0-1.29) * max(0,X1+0.205) + 1.15*max(0,X1-1.16) * max(0,X1-0.703) + 0.883*X2 - 0.853*max(0,X2-0.292) * max(0,X1-0.703) - 0.847*max(0,X0-1.29) * max(0,X2-0.292) + 0.808*max(0,X1+0.205) * max(0,X1-0.703) + 0.803*max(0,X2-0.292) * max(0,-0.659-X1) + 0.801*max(0,-1.11-X1) * X2 + 0.738*max(0,X2-1.16) - 0.610*max(0,X0-0.438) - 0.609*max(0,-0.414-X0) + 0.605*max(0,X2-0.292) * max(0,X0-0.438) + 0.600*max(0,X0-0.0121) * max(0,-1.11-X1) + 0.581*max(0,-1.11-X1) + 0.568*X0**2 - 0.568*max(0,X1+0.205) * max(0,X0-0.438) - 0.486*max(0,-0.840-X0) - 0.472*max(0,X0-0.0121) * max(0,X2-0.292) + 0.466*max(0,-0.205-X1) * max(0,-1.11-X1) + 0.437*max(0,X0-1.29) * X2 - 0.432*X1**2 - 0.427*X2**2 + 0.422*max(0,X2-0.724) + 0.367*max(0,X1+0.205) + 0.359*max(0,X2-0.292) * max(0,X1+0.205) + 0.349*max(0,-0.571-X2) + 0.349*max(0,X0-0.0121) * max(0,X1+0.205) - 0.318*max(0,-0.659-X1) * X2 - 0.270*max(0,-1.11-X1) * max(0,-0.659-X1) + 0.253*max(0,X0-0.0121) * max(0,-0.659-X1) + 0.240*max(0,-0.205-X1) + 0.237*max(0,X2+0.571) + 0.223*max(0,X0-0.0121) * X2 - 0.216*max(0,X1-0.703) - 0.198*max(0,X0-0.438) * X2 + 0.195*max(0,X1-0.703) * X2 + 0.187*max(0,0.292-X2) + 0.173*max(0,X2-0.292) - 0.171*max(0,X1+0.205) * X2 - 0.163*X0 - 0.162*max(0,-0.659-X1) - 0.159*max(0,0.0121-X0) - 0.150*max(0,X0-0.0121) * max(0,X0-0.438) + 0.145*max(0,0.249-X1) - 0.142*max(0,X2-0.292) * X2 + 0.138*max(0,-1.00-X2) + 0.130*max(0,-0.139-X2) + 0.124*max(0,-0.205-X1) * X2 + 0.0780*max(0,X2-0.292) * max(0,X1-1.16) - 0.0745*max(0,0.703-X1) - 0.0627*max(0,X0-0.0121) * max(0,-0.205-X1) - 0.0560*max(0,X2-0.292) * max(0,-0.205-X1) + 0.0558*max(0,X1-1.16) * X2 - 0.0534*X1 - 0.0358*max(0,0.438-X0) + 0.0237*max(0,X1-0.249) - 0.0208*max(0,X0-0.0121) - 0.0125*max(0,X0-0.865) + 0.0101*max(0,X0-0.438) * max(0,-0.659-X1) + 0.00383*max(0,-0.205-X1) * max(0,-0.659-X1) - 0.00124*max(0,-0.205-X1) * max(0,X0-0.438) + 0.000241*max(0,X1+1.11)"
ffx,feynman_test_11,ok,0.975945,0.193035,76,22.98,,0.132 - 0.484*X2 + 0.463*X0 - 0.364*X3 * X2 - 0.348*X1 - 0.183*X0 * X2 - 0.148*abs(X3) + 0.138*X1 * X2 + 0.122*X3 - 0.112*X1 * X0 - 0.0905*abs(X3) * X2 + 0.0465*abs(X2) + 0.0458*abs(X3) * X0 + 0.0347*X3**2 - 0.0328*X1**2 - 0.0311*X3 * X1 - 0.0295*X2**2 + 0.0271*X3 * X0 + 0.0139*X0**2
ffx,feynman_test_12,ok,-1.69976,22.12524,1373,19.7,,"-0.0649 - 55.2*max(0,X4-1.33) * max(0,X0-1.18) + 23.1*max(0,-0.952-X2) * max(0,X0-1.18) + 17.4*max(0,-0.979-X1) * max(0,X0-1.18) + 11.6*max(0,X4-1.33) * max(0,X0-0.728) + 8.98*max(0,X1-1.40) * max(0,X2-1.26) - 7.92*max(0,-0.979-X1) * max(0,X0-0.728) - 7.06*max(0,X0-1.18) * max(0,X2-1.26) - 6.81*max(0,X4-1.33) * max(0,-0.979-X1) + 6.58*max(0,X4-1.33) * max(0,X2-1.26) - 5.70*max(0,X4-0.836) * max(0,X2-1.26) - 4.78*max(0,X1-1.40) * max(0,-0.638-X4) + 4.46*max(0,X4-0.836) * max(0,-0.979-X1) - 4.25*max(0,-0.0291-X1) * max(0,X0-1.18) + 3.88*max(0,X1-1.40) * max(0,-0.952-X2) - 3.38*max(0,-0.638-X4) * max(0,X0-1.18) + 3.18*max(0,-0.952-X2) * max(0,X4-1.33) - 2.68*abs(X0) * max(0,X4-1.33) + 2.49*abs(X0) * max(0,-0.979-X1) - 2.24*X1 * max(0,X0-1.18) - 2.23*max(0,X1-1.40) * max(0,-0.0659-X2) + 2.20*max(0,X0-1.18) - 2.16*max(0,X1-1.40) * max(0,X2-0.821) - 2.16*max(0,X4-1.33) * max(0,X0-0.272) + 2.14*max(0,0.272-X0) * max(0,X4-1.33) + 2.10*max(0,X4-0.836) * max(0,X2-0.821) - 2.01*max(0,X4-1.33) + 1.89*max(0,X0-1.18) * max(0,X2-0.821) + 1.68*max(0,X2-0.821) * max(0,X0-0.728) - 1.56*max(0,X1-1.40) * max(0,X0-1.18) + 1.44*max(0,-0.147-X4) * max(0,X0-0.728) + 1.40*max(0,-0.979-X1) * max(0,X2-0.821) - 1.37*max(0,-0.0291-X1) * max(0,-0.638-X4) + 1.37*max(0,-0.0659-X2) * max(0,X0-1.18) + 1.34*max(0,-0.979-X1) * max(0,X0-0.272) + 1.23*max(0,X4-0.836) * max(0,X0-0.272) + 1.22*max(0,X1-1.40) * max(0,X0-0.272) - 1.15*max(0,-0.979-X1) - 1.11*max(0,-0.638-X4) * max(0,X2-1.26) - 1.09*max(0,X4-0.836) * max(0,X0-1.18) + 1.02*max(0,-0.147-X4) * max(0,-0.979-X1) + 0.998*max(0,X1-1.40) + 0.979*X1 * max(0,X2-1.26) - 0.944*max(0,X0-1.18) * max(0,X0-0.728) - 0.875*max(0,-0.952-X2) * X1 + 0.874*max(0,X1-1.40) * max(0,X4-1.33) + 0.842*max(0,-0.0291-X1) * max(0,-0.147-X4) - 0.794*max(0,X4-1.33) * X1 - 0.767*max(0,-0.638-X4) * max(0,X0-0.728) - 0.750*max(0,0.272-X0) * max(0,-0.979-X1) + 0.702*max(0,-0.947-X3) - 0.690*X1 * max(0,X2-0.821) - 0.665*max(0,0.272-X0) * max(0,X2-1.26) - 0.664*max(0,-0.0659-X2) * max(0,X0-0.728) + 0.600*max(0,-0.0291-X1) * max(0,X0-0.272) + 0.573*max(0,-0.0291-X1) - 0.544*max(0,-0.952-X2) * max(0,X0-0.728) + 0.543*max(0,X1-0.921) - 0.529*max(0,-0.0659-X2) * max(0,X4-1.33) - 0.528*max(0,-0.0659-X2) * max(0,X0-0.272) + 0.482*max(0,-0.0659-X2) * X1 + 0.462*max(0,X2-1.26) + 0.449*max(0,-0.952-X2) - 0.441*max(0,X4-0.836) * max(0,X0-0.728) - 0.436*max(0,-0.474-X3) - 0.430*max(0,-0.952-X2) * abs(X0) - 0.423*max(0,-0.0659-X2) + 0.408*max(0,0.272-X0) * max(0,-0.638-X4) - 0.393*max(0,0.272-X0) * max(0,-0.952-X2) - 0.392*max(0,-0.952-X2) * max(0,-0.147-X4) + 0.384*max(0,-0.147-X4) * max(0,X0-0.272) - 0.379*max(0,X1-0.446) + 0.369*max(0,-0.638-X4) * max(0,X2-0.821) - 0.368*max(0,-0.638-X4) * X1 + 0.362*max(0,-0.638-X4) * max(0,X0-0.272) - 0.353*max(0,-0.0291-X1) * max(0,X2-1.26) - 0.335*max(0,0.272-X0) * max(0,-0.0291-X1) - 0.326*max(0,X3-1.42) - 0.316*abs(X0) * max(0,-0.147-X4) + 0.311*max(0,-0.147-X4) * X1 + 0.310*max(0,-0.147-X4) * max(0,X2-1.26) + 0.309*max(0,X4-0.836) - 0.303*abs(X0) * max(0,X0-0.728) + 0.277*max(0,0.272-X0) * max(0,-0.0659-X2) - 0.265*max(0,X4-1.33) * max(0,X2-0.821) - 0.257*X1 + 0.256*abs(X2) - 0.233*max(0,X2-0.821) * max(0,X0-0.272) - 0.221*max(0,0.728-X0) + 0.219*max(0,-0.952-X2) * max(0,X0-0.272) - 0.218*max(0,X0-0.272) * max(0,X2-1.26) - 0.214*max(0,-0.0291-X1) * max(0,-0.979-X1) + 0.212*max(0,-0.952-X2) * max(0,-0.979-X1) + 0.201*max(0,X4-0.836) * X1 - 0.199*abs(X4) - 0.196*max(0,0.377-X2) + 0.195*max(0,-1.10-X0) + 0.169*max(0,0.272-X0) * max(0,X1-1.40) + 0.167*abs(X0) * X1 + 0.164*max(0,0.921-X1) + 0.128*max(0,-0.638-X4) * max(0,-0.147-X4) + 0.117*max(0,X0-0.272) + 0.0992*abs(X3) - 0.0937*max(0,-0.185-X0) - 0.0935*max(0,-0.979-X1) * max(0,X2-1.26) - 0.0761*max(0,-0.638-X4) - 0.0691*max(0,0.943-X3) + 0.0615*max(0,0.272-X0) * max(0,X2-0.821) - 0.0549*max(0,X3-0.943) + 0.0493*X4**2 + 0.0479*max(0,-0.0659-X2) * max(0,-0.147-X4) - 0.0394*max(0,0.470-X3) - 0.0287*max(0,-0.0291-X1) * max(0,-0.952-X2) - 0.0234*max(0,-0.0291-X1) * max(0,X2-0.821) - 0.0187*max(0,-0.0659-X2) * max(0,-0.979-X1) - 0.0145*max(0,-0.0291-X1) * abs(X0) + 0.0125*max(0,X2+0.509) - 0.00444*max(0,X1+0.504) + 0.00443*max(0,X3+0.00198) - 0.00348*max(0,X4+0.638) + 0.000857*max(0,X0+1.10) + 0.000206*X3**2"
ffx,feynman_test_13,ok,0.635244,0.008444,1316,21.5,,"-0.744 - 54.0*max(0,X0-1.33) * max(0,X1-1.26) + 26.4*max(0,-1.17-X1) * max(0,X0-1.33) - 25.7*max(0,X1-1.26) * max(0,-1.08-X4) + 13.0*max(0,-1.11-X2) * max(0,X1-1.26) + 10.9*max(0,X0-1.33) * max(0,-1.08-X4) + 10.6*max(0,X4-0.717) * max(0,X1-1.26) + 6.65*max(0,X0-1.33) - 6.34*max(0,-1.12-X3) * max(0,X1-1.26) + 6.33*max(0,X1-0.774) * max(0,-1.08-X4) - 5.30*max(0,X1-1.26) - 4.60*max(0,-1.11-X2) * max(0,X3-0.829) + 4.52*max(0,X1-0.774) * max(0,X1-1.26) - 4.24*max(0,-1.11-X2) * max(0,-1.08-X4) - 3.77*X4 * max(0,X1-1.26) + 3.73*max(0,X0+0.0508) * max(0,X1-1.26) - 3.69*max(0,-1.17-X1) * max(0,X3-0.829) + 3.68*X0 * max(0,X1-1.26) - 3.50*max(0,X0-0.408) * max(0,X1-1.26) + 2.92*max(0,-0.645-X2) * max(0,-1.08-X4) - 2.89*max(0,X0-1.33) * max(0,-1.12-X3) + 2.86*max(0,X1-0.774) * max(0,X0-0.408) - 2.72*max(0,X0-1.33) * max(0,X0-0.408) + 2.58*max(0,-1.17-X1) * max(0,-1.08-X4) - 2.44*max(0,X1-0.774) * max(0,X4-0.717) - 2.34*max(0,X4-0.717) * max(0,X0-1.33) - 2.04*max(0,X0-1.33) * abs(X0) + 1.99*max(0,-1.12-X3) * max(0,-1.08-X4) - 1.85*max(0,X1-0.774) * max(0,X0+0.0508) - 1.83*max(0,-0.645-X2) * max(0,X1-1.26) - 1.63*max(0,X4-0.717) * max(0,-1.17-X1) + 1.52*max(0,-0.181-X4) + 1.49*max(0,X1-0.774) * max(0,-1.12-X3) - 1.48*max(0,X0-1.33) * max(0,X3-0.829) - 1.43*max(0,-1.17-X1) * max(0,-1.12-X3) + 1.38*max(0,X4-0.717) * max(0,X3-0.829) - 1.31*X4 * max(0,-1.08-X4) + 1.22*max(0,X4-0.717) * max(0,-1.12-X3) + 1.20*max(0,X3-0.829) * max(0,X1-1.26) - 1.17*abs(X4) - 1.13*max(0,-0.510-X0) + 1.11*max(0,X1-0.774) * X4 - 1.10*max(0,X2-0.754) + 1.10*max(0,X1-0.774) - 0.963*max(0,X1-0.774) * X0 - 0.914*max(0,X0-0.408) * max(0,-1.08-X4) + 0.913*max(0,X0+0.0508) * max(0,-1.12-X3) + 0.890*max(0,-0.645-X2) * max(0,X3-0.829) + 0.854*max(0,X4-0.717) * max(0,X0+0.0508) + 0.848*max(0,X2-0.288) - 0.820*max(0,-0.630-X4) - 0.809*X4 * max(0,X3-0.829) + 0.792*max(0,X4-0.717) * max(0,X0-0.408) - 0.766*max(0,X4-0.717) * abs(X0) + 0.728*max(0,-0.645-X2) * max(0,-1.17-X1) + 0.722*max(0,X2-1.22) + 0.710*max(0,X4-0.268) - 0.697*max(0,-1.17-X1) * max(0,X0-0.408) + 0.689*max(0,-0.645-X2) + 0.687*max(0,X1-0.774) * max(0,X3-0.829) + 0.682*X4 * max(0,X0-1.33) + 0.679*max(0,X4+0.181) - 0.627*X4 * max(0,-1.12-X3) + 0.590*max(0,-0.0508-X0) * abs(X0) + 0.589*max(0,-0.634-X3) + 0.588*X0 - 0.556*max(0,-1.08-X4) - 0.521*max(0,-1.12-X3) + 0.488*max(0,X0+0.0508) * max(0,X0-0.408) + 0.476*max(0,-1.17-X1) + 0.471*max(0,-0.645-X2) * max(0,-1.12-X3) + 0.451*max(0,0.268-X4) + 0.431*X4 * max(0,-1.17-X1) + 0.413*max(0,X4-0.717) + 0.404*max(0,X0-0.408) * max(0,X3-0.829) - 0.398*max(0,-1.12-X3) * max(0,X0-0.408) + 0.386*abs(X1) + 0.379*max(0,X4-0.717) * max(0,-0.0508-X0) - 0.361*max(0,X1+0.197) - 0.360*max(0,-0.0508-X0) * max(0,-1.08-X4) + 0.357*X0 * max(0,-1.08-X4) + 0.357*max(0,-0.645-X2) * max(0,X0-1.33) - 0.333*max(0,-0.197-X1) - 0.327*max(0,-0.683-X1) - 0.322*max(0,-0.0508-X0) * max(0,X3-0.829) - 0.312*abs(X2) + 0.311*max(0,X0+0.0508) * max(0,X3-0.829) + 0.311*X4 * max(0,-0.0508-X0) + 0.295*max(0,1.33-X0) - 0.291*max(0,X4-0.717) * X4 - 0.288*max(0,X4-0.717) * max(0,-0.645-X2) - 0.286*max(0,-0.645-X2) * abs(X0) + 0.257*max(0,0.288-X2) - 0.255*max(0,-1.11-X2) * abs(X0) + 0.254*max(0,X0+0.0508) * max(0,-1.08-X4) + 0.252*abs(X3) - 0.248*X0 * abs(X0) - 0.245*max(0,X1-0.288) + 0.243*max(0,-0.645-X2) * X4 - 0.240*X4 - 0.228*X0**2 - 0.224*max(0,-0.179-X2) + 0.196*max(0,-1.12-X3) * X0 - 0.192*max(0,0.408-X0) + 0.183*max(0,X1-0.774) * max(0,X0-1.33) - 0.175*max(0,X3-0.341) - 0.172*max(0,0.341-X3) + 0.145*max(0,X0+0.0508) - 0.145*max(0,X2+0.179) - 0.142*max(0,-1.12-X3) * abs(X0) + 0.126*X3**2 + 0.122*max(0,-1.17-X1) * max(0,-0.0508-X0) - 0.107*max(0,X3-0.829) * max(0,-1.08-X4) - 0.105*X4 * X0 + 0.105*max(0,X4-1.17) - 0.102*max(0,-1.17-X1) * X0 - 0.0892*max(0,X1-0.774) * max(0,-0.645-X2) + 0.0869*max(0,X3-1.32) - 0.0810*X4 * abs(X0) - 0.0749*max(0,X0-0.867) - 0.0582*X4**2 - 0.0531*max(0,X4+1.08) + 0.0526*max(0,X3-0.829) - 0.0507*max(0,-0.645-X2) * max(0,X0+0.0508) + 0.0483*max(0,-0.0508-X0) + 0.0157*X0 * max(0,X3-0.829) - 0.0123*max(0,X0+0.968) + 0.00931*max(0,0.867-X0) - 0.00169*max(0,X0-0.408)"
ffx,feynman_test_14,ok,-3.952686,15.682102,1913,27.39,,"2.03 + 47.2*max(0,X3-1.11) * max(0,X0-0.958) + 39.4*max(0,-0.643-X1) * max(0,X3-1.11) - 22.7*max(0,-0.160-X1) * max(0,X3-1.11) - 22.6*max(0,X3-1.11) * max(0,X0-0.491) - 20.4*max(0,-0.643-X1) * max(0,-1.19-X2) - 19.1*max(0,-1.19-X2) * max(0,X3-0.209) + 17.7*max(0,-0.160-X1) * max(0,-1.19-X2) + 15.7*max(0,X0-0.958) * max(0,-1.19-X2) - 14.8*max(0,X0-0.491) * max(0,-1.19-X2) + 14.7*max(0,-1.19-X2) * max(0,-0.241-X3) - 14.0*max(0,X3+0.241) * max(0,0.209-X3) + 13.4*max(0,X3-1.11) * max(0,-1.19-X2) + 12.0*max(0,X0-0.958) * max(0,-0.710-X4) - 11.7*max(0,X0-0.958) * max(0,X3-0.209) + 8.88*max(0,X1-0.323) * max(0,-1.19-X2) - 8.64*max(0,X0-0.958) * max(0,-0.255-X4) + 8.12*X3 * max(0,-1.19-X2) + 7.92*max(0,-0.710-X4) * max(0,X3-0.209) + 7.76*max(0,-0.643-X1) * max(0,-0.241-X3) - 7.20*max(0,0.209-X3) * max(0,-1.19-X2) - 7.09*abs(X4) * max(0,X3-1.11) + 7.07*max(0,-1.17-X4) + 6.44*max(0,X0-0.491) * max(0,X3-0.209) - 6.27*max(0,-1.19-X2) - 5.62*max(0,-0.643-X1) * abs(X3) + 5.20*max(0,-0.160-X1) * max(0,X3-0.209) - 5.07*max(0,X0-0.958) - 4.89*max(0,-0.643-X1) * max(0,X3-0.209) - 4.57*max(0,-0.710-X4) * max(0,-0.241-X3) + 4.45*max(0,X0-0.958) * max(0,-0.241-X3) - 4.41*max(0,-0.255-X4) * abs(X3) - 4.23*max(0,-1.13-X1) - 4.19*max(0,-0.710-X4) * max(0,-1.19-X2) - 4.12*max(0,X1-0.323) * max(0,X3-0.209) + 4.02*max(0,-0.643-X1) * X3 - 3.93*max(0,X3-0.659) + 3.91*max(0,-0.255-X4) * max(0,-0.241-X3) - 3.86*max(0,-0.710-X4) * X3 - 3.78*abs(X3) - 3.70*abs(X4) * max(0,-0.710-X4) + 3.40*max(0,-1.19-X2) * abs(X3) + 3.36*max(0,-0.255-X4) * max(0,-1.19-X2) + 3.33*max(0,X0-0.958) * max(0,X1-0.323) + 3.20*max(0,X3+0.241) * max(0,-0.255-X4) + 3.16*max(0,X3-1.11) * max(0,-0.255-X4) + 3.13*max(0,X0-0.958) * abs(X3) + 3.09*X3**2 - 3.09*max(0,X1-0.323) * max(0,X0-0.491) - 2.93*max(0,-0.690-X3) - 2.84*max(0,-1.14-X3) + 2.71*max(0,X0-0.958) * X3 - 2.71*max(0,X0-0.491) * X3 + 2.71*abs(X4) * max(0,-1.19-X2) + 2.68*abs(X4) * max(0,-0.643-X1) - 2.63*max(0,-0.710-X4) * max(0,-0.255-X4) - 2.59*max(0,X1-0.805) + 2.52*max(0,0.209-X3) * max(0,-0.710-X4) + 2.37*max(0,X1-0.323) * abs(X3) + 2.29*abs(X4) * max(0,X0-0.958) + 2.27*max(0,X0-0.491) - 2.26*max(0,X3-1.11) * X3 + 2.25*max(0,X3+0.241) * max(0,X3-1.11) + 2.21*max(0,0.659-X3) * max(0,X3-0.209) - 2.21*max(0,X0-1.42) + 2.11*max(0,-0.160-X1) * max(0,-0.643-X1) + 2.04*max(0,X0-0.958) * max(0,X0-0.491) - 1.97*max(0,X0-0.491) * max(0,-0.241-X3) + 1.94*max(0,-0.710-X4) * abs(X3) - 1.93*max(0,-0.160-X1) * abs(X4) - 1.92*max(0,0.209-X3) * max(0,X0-0.958) + 1.92*max(0,X3-0.209) - 1.78*max(0,X0-0.491) * abs(X3) - 1.71*max(0,-0.255-X4) * max(0,X3-0.209) + 1.68*max(0,X3+0.241) * max(0,X1-0.323) - 1.67*max(0,-0.160-X1) + 1.67*max(0,-0.255-X4) - 1.65*max(0,X3+0.241) * max(0,X0-0.958) - 1.64*max(0,X1-1.29) - 1.63*abs(X0) - 1.60*max(0,-0.643-X1) + 1.59*max(0,X0-0.491) * max(0,-0.255-X4) + 1.56*abs(X4) * max(0,-0.255-X4) - 1.53*max(0,X0-0.491) * max(0,-0.710-X4) + 1.53*max(0,-0.160-X1) * abs(X3) - 1.53*max(0,0.659-X3) + 1.46*max(0,X4-0.200) + 1.41*max(0,X0-0.0247) - 1.37*max(0,X1-0.323) - 1.33*max(0,X3+0.241) * max(0,-0.643-X1) - 1.31*max(0,X1-0.323) * max(0,-0.241-X3) - 1.30*abs(X4) * max(0,X3-0.209) + 1.27*max(0,0.209-X3) + 1.26*max(0,-0.160-X1) * max(0,X0-0.958) + 1.26*X1**2 - 1.25*X3 - 1.23*max(0,0.209-X3) * max(0,X0-0.491) - 1.20*max(0,X3+0.241) * X3 - 1.18*abs(X4) * max(0,X0-0.491) - 1.17*max(0,-0.160-X1) * max(0,X0-0.491) - 1.15*max(0,X3-1.11) * max(0,-0.710-X4) + 1.12*max(0,X3+0.241) * max(0,X0-0.491) + 1.10*max(0,-0.442-X0) + 1.10*max(0,X3-1.11) * max(0,X3-0.209) + 1.08*X3 * abs(X3) - 0.960*max(0,-0.160-X1) * X3 - 0.959*max(0,0.209-X3) * max(0,X1-0.323) + 0.873*max(0,X1-0.323) * max(0,-0.710-X4) + 0.860*max(0,X3-0.209) * abs(X3) + 0.849*X3 * max(0,X3-0.209) + 0.847*max(0,0.805-X1) - 0.835*max(0,-0.160-X1) * max(0,-0.710-X4) + 0.812*max(0,X3+0.241) * max(0,X3-0.209) + 0.796*max(0,X4-1.11) - 0.792*max(0,-0.160-X1) * max(0,-0.241-X3) + 0.769*max(0,-0.710-X4) - 0.748*max(0,-0.908-X0) - 0.734*max(0,X3+0.241) + 0.728*max(0,X1+0.160) - 0.698*max(0,-0.643-X1) * max(0,X0-0.958) + 0.684*max(0,0.491-X0) + 0.671*X3 * max(0,-0.255-X4) + 0.659*abs(X4) * X3 - 0.619*X3 * max(0,-0.241-X3) - 0.613*max(0,0.0247-X0) - 0.613*max(0,-0.160-X1) * max(0,0.209-X3) - 0.588*max(0,X3+0.241) * abs(X3) + 0.559*abs(X4) * max(0,-0.241-X3) + 0.557*X0**2 - 0.553*max(0,X3-1.11) * max(0,X1-0.323) + 0.553*max(0,-0.241-X3) - 0.536*X4**2 - 0.533*abs(X4) * max(0,X1-0.323) - 0.512*max(0,0.209-X3) * max(0,-0.255-X4) - 0.494*max(0,X2-1.15) + 0.491*abs(X2) + 0.491*max(0,-0.643-X1) * max(0,X0-0.491) - 0.485*max(0,-0.643-X1) * max(0,-0.710-X4) - 0.465*max(0,X3+0.690) - 0.440*max(0,X3-1.11) - 0.408*max(0,X4+0.710) - 0.374*max(0,0.323-X1) - 0.362*max(0,0.209-X3) * X3 - 0.356*max(0,X1-0.323) * max(0,-0.255-X4) + 0.350*max(0,-0.160-X1) * max(0,-0.255-X4) + 0.325*max(0,X4-0.655) - 0.320*max(0,-0.257-X2) - 0.309*max(0,X3+0.241) * max(0,-1.19-X2) - 0.270*max(0,X3+0.241) * max(0,-0.710-X4) + 0.256*abs(X4) * max(0,0.209-X3) + 0.249*max(0,X3-1.11) * abs(X3) - 0.244*max(0,X2+0.257) + 0.227*max(0,X0+0.442) - 0.223*max(0,-0.643-X1) * max(0,-0.255-X4) - 0.221*max(0,X4+1.17) + 0.217*X4 + 0.206*max(0,X3+0.241) * abs(X4) - 0.184*max(0,X1+0.643) + 0.165*max(0,-0.643-X1) * max(0,0.209-X3) - 0.153*max(0,X2-0.211) - 0.136*max(0,X3+0.241) * max(0,-0.160-X1) - 0.134*max(0,X0+0.908) - 0.118*max(0,0.209-X3) * max(0,-0.241-X3) - 0.0926*max(0,0.200-X4) - 0.0893*abs(X4) * abs(X3) - 0.0888*max(0,X4+0.255) - 0.0692*max(0,0.655-X4) - 0.0650*max(0,X3+1.14) - 0.0642*max(0,X2-0.680) - 0.0612*max(0,-0.241-X3) * abs(X3) + 0.0598*X1 - 0.0542*abs(X1) - 0.0516*max(0,0.211-X2) - 0.0506*abs(X4) - 0.0492*max(0,1.11-X4) + 0.0485*max(0,1.11-X3) - 0.0453*max(0,0.659-X3) * abs(X3) - 0.0339*max(0,0.209-X3) * abs(X3) - 0.0252*max(0,X1-0.323) * X3 + 0.0154*max(0,0.958-X0) - 0.0108*X0 + 0.00891*max(0,-0.726-X2) - 0.00272*max(0,1.29-X1)"
ffx,feynman_test_15,ok,0.944081,0.337036,1426,19.31,,"0.476 + 6.24*max(0,X3-1.34) * max(0,X0-1.22) + 5.51*max(0,X2-0.308) * max(0,X3-1.34) + 5.02*max(0,X0-1.22) + 4.83*max(0,-1.12-X2) * max(0,X0-1.22) - 4.68*max(0,-1.12-X2) * max(0,X3-1.34) + 4.41*max(0,-0.528-X0) * max(0,X3-1.34) + 4.05*max(0,X3-1.34) - 3.78*max(0,-0.169-X2) * max(0,X0-1.22) - 3.73*max(0,X2-0.785) * max(0,-0.528-X0) - 3.55*max(0,X2-0.785) * max(0,X3-1.34) + 3.47*max(0,-1.12-X2) + 2.94*max(0,X2-0.308) * max(0,-0.528-X0) - 2.77*max(0,X0+0.0911) * max(0,X0-1.22) - 2.61*X2 * max(0,X3-1.34) + 2.53*max(0,-0.453-X3) * max(0,X0-1.22) - 2.22*max(0,-0.453-X3) * max(0,X2-0.308) - 2.15*abs(X0) * max(0,X0-1.22) - 2.13*max(0,X0-0.346) + 2.12*max(0,-0.453-X3) * abs(X2) - 2.10*max(0,X3-1.34) * abs(X3) - 2.08*max(0,-0.453-X3) * max(0,-0.169-X2) - 2.08*max(0,X3-1.34) * max(0,-0.0911-X0) - 1.98*max(0,X0+0.0911) * max(0,X3-1.34) + 1.91*max(0,-0.901-X3) + 1.80*X2 * max(0,-1.12-X2) - 1.66*max(0,-0.528-X0) * abs(X3) - 1.62*max(0,-0.453-X3) * max(0,-1.12-X2) + 1.62*max(0,-0.0911-X0) - 1.53*abs(X2) * max(0,-0.0911-X0) + 1.46*X0**2 - 1.37*max(0,X2-1.26) + 1.35*max(0,X2-0.308) * max(0,-0.0911-X0) - 1.31*max(0,-0.169-X2) * max(0,X3-1.34) - 1.30*max(0,X1-0.710) * max(0,-1.12-X2) - 1.19*X2 * max(0,-0.528-X0) - 1.18*max(0,-0.169-X2) * max(0,X0+0.0911) - 1.17*max(0,-0.646-X2) - 1.17*max(0,X0-0.784) - 1.15*abs(X2) + 1.09*X2 - 0.999*abs(X0) * max(0,X2-0.308) - 0.995*max(0,-0.453-X3) * abs(X3) - 0.973*max(0,-0.528-X0) * max(0,-0.0911-X0) - 0.930*max(0,X0+0.0911) - 0.917*max(0,-0.453-X3) * max(0,X0+0.0911) - 0.911*max(0,-0.966-X0) - 0.904*max(0,X1-0.710) * abs(X3) + 0.848*max(0,-0.453-X3) + 0.846*max(0,X1-0.710) * max(0,-0.169-X2) + 0.815*X2 * max(0,X2-0.308) + 0.793*max(0,X2-0.785) * max(0,-0.0911-X0) + 0.787*max(0,X1-0.710) - 0.775*max(0,-0.00555-X3) - 0.770*max(0,-0.169-X2) * max(0,-0.528-X0) - 0.766*max(0,X2-0.308) * abs(X3) - 0.755*abs(X0) + 0.754*max(0,-0.169-X2) * max(0,-0.0911-X0) + 0.729*max(0,X1-0.710) * max(0,X3-1.34) - 0.725*max(0,-0.528-X0) + 0.724*abs(X2) * max(0,X0-1.22) - 0.712*max(0,-1.12-X2) * max(0,-0.0911-X0) - 0.710*max(0,X1-0.710) * max(0,-0.528-X0) - 0.672*max(0,-0.453-X3) * max(0,-0.0911-X0) + 0.647*abs(X0) * abs(X3) + 0.644*abs(X2) * max(0,-0.528-X0) - 0.643*X2 * max(0,X0-1.22) + 0.623*abs(X0) * max(0,X0+0.0911) + 0.580*max(0,-1.12-X2) * max(0,-0.528-X0) - 0.579*max(0,X1-0.710) * max(0,X2-0.308) + 0.575*max(0,-0.453-X3) * max(0,-0.528-X0) + 0.574*abs(X2) * max(0,X0+0.0911) - 0.573*abs(X2) * max(0,-1.12-X2) + 0.570*max(0,X2-0.308) * max(0,X0+0.0911) + 0.562*max(0,X1-0.710) * X2 + 0.548*X2**2 + 0.517*max(0,-1.12-X2) * abs(X3) - 0.511*max(0,X2-0.785) * max(0,X2-0.308) + 0.470*abs(X0) * max(0,X3-1.34) - 0.469*max(0,X1-0.710) * max(0,X0-1.22) + 0.457*max(0,X2-0.785) * abs(X3) - 0.453*max(0,0.346-X0) + 0.428*abs(X0) * max(0,-0.0911-X0) + 0.420*max(0,-0.453-X3) * abs(X0) - 0.402*max(0,X2-0.308) * max(0,X0-1.22) - 0.396*max(0,-0.169-X2) * X2 - 0.385*max(0,X2+0.646) + 0.375*max(0,-0.169-X2) - 0.370*X2 * max(0,X0+0.0911) + 0.365*max(0,X2+0.169) - 0.360*max(0,X3-0.442) + 0.358*X0 - 0.354*abs(X3) * max(0,-0.0911-X0) - 0.342*max(0,-0.201-X1) - 0.326*max(0,-1.12-X2) * max(0,X0+0.0911) + 0.307*max(0,X0+0.528) + 0.300*max(0,1.26-X2) + 0.298*X2 * max(0,-0.0911-X0) - 0.290*max(0,-0.453-X3) * X2 - 0.288*max(0,X1-0.254) - 0.275*max(0,0.785-X2) + 0.266*max(0,-0.656-X1) + 0.260*max(0,X1-1.16) + 0.258*abs(X2) * abs(X3) + 0.256*abs(X2) * abs(X0) - 0.239*max(0,X1-0.710) * max(0,-0.453-X3) - 0.237*abs(X0) * max(0,-0.528-X0) - 0.229*max(0,X2-0.785) - 0.228*abs(X0) * max(0,-1.12-X2) - 0.214*max(0,X1-0.710) * max(0,X0+0.0911) + 0.208*max(0,X1-0.710) * abs(X0) - 0.206*abs(X2) * X2 - 0.199*max(0,0.442-X3) - 0.191*max(0,-0.169-X2) * abs(X3) - 0.185*max(0,X2-0.785) * max(0,X0+0.0911) - 0.185*abs(X3) - 0.165*max(0,0.308-X2) - 0.159*max(0,X0-1.22) * abs(X3) + 0.156*max(0,X2+1.12) + 0.156*max(0,-0.169-X2) * max(0,-1.12-X2) + 0.142*max(0,1.22-X0) + 0.131*abs(X2) * max(0,X2-0.308) - 0.129*max(0,X3+0.453) + 0.118*abs(X1) + 0.113*max(0,X1-0.710) * max(0,-0.0911-X0) - 0.103*abs(X2) * max(0,X3-1.34) - 0.0894*max(0,0.784-X0) - 0.0844*max(0,-1.11-X1) - 0.0817*X2 * abs(X3) + 0.0706*max(0,1.34-X3) - 0.0499*max(0,-0.169-X2) * abs(X0) + 0.0490*max(0,X2-0.308) - 0.0406*max(0,X0+0.0911) * abs(X3) + 0.0353*max(0,0.254-X1) - 0.0292*abs(X0) * X2 + 0.0262*max(0,-0.169-X2) * abs(X2) - 0.0261*max(0,X3+0.00555) - 0.0107*max(0,X0+0.966) + 0.00986*max(0,X1+0.656) + 0.00904*max(0,X2-0.785) * max(0,X0-1.22) - 0.00564*max(0,X1-0.710) * abs(X2) - 0.00540*max(0,X3+0.901) + 0.00207*max(0,X3-0.890) - 0.000427*max(0,0.890-X3)"
ffx,feynman_test_16,ok,-3.669721,60.328329,1936,30.36,,"-0.569 + 106*max(0,X2-1.29) * max(0,X1-1.44) - 49.2*max(0,X1-1.44) * max(0,X0-1.18) - 43.1*max(0,-1.31-X3) * max(0,X2-1.29) + 39.8*max(0,-0.957-X4) * max(0,-1.31-X3) - 35.6*max(0,X1-0.966) * max(0,X5-1.33) - 23.0*max(0,X4-0.951) * max(0,X1-1.44) - 18.9*max(0,-0.957-X4) * max(0,X0-1.18) + 16.6*max(0,X2-1.29) * max(0,-0.813-X3) + 16.4*max(0,X4-0.951) * max(0,X1-0.966) + 15.0*max(0,X1-1.44) * max(0,-0.813-X3) + 12.9*max(0,-1.31-X3) * max(0,X0-1.18) + 12.6*max(0,-0.516-X0) * max(0,X5-1.33) + 12.1*max(0,X0-0.752) * max(0,X5-1.33) - 11.5*max(0,-0.957-X4) * max(0,X2-1.29) - 11.0*max(0,X0-1.18) * max(0,-0.813-X3) + 10.9*max(0,-0.480-X4) * max(0,X0-1.18) + 8.58*max(0,X2-1.29) * max(0,-0.516-X0) + 8.38*max(0,-0.516-X0) * max(0,X1-1.44) + 6.97*max(0,X0-0.752) * max(0,X1-0.966) + 6.77*max(0,X1-1.44) * max(0,X5-0.876) - 6.71*max(0,-0.957-X4) * max(0,-0.813-X3) + 6.57*max(0,-0.957-X4) * max(0,X0-0.752) - 6.45*max(0,-0.813-X3) * max(0,X5-0.876) - 6.41*max(0,-0.957-X4) * max(0,X5-0.876) - 6.39*max(0,X2-1.29) * max(0,X1-0.966) - 5.77*max(0,-1.31-X3) * max(0,X4-0.951) + 5.60*max(0,X2-1.29) * max(0,X5-0.876) + 5.27*max(0,X5-1.33) * max(0,-0.321-X3) - 5.16*max(0,X0-0.752) * max(0,-0.813-X3) + 5.02*max(0,X5-0.422) * max(0,-0.813-X3) - 4.98*max(0,X5-0.422) * max(0,X1-1.44) + 4.75*max(0,X5-1.33) - 4.73*max(0,X5-1.33) * max(0,-0.813-X3) + 4.65*max(0,X2-1.29) * max(0,-0.480-X4) - 4.53*max(0,X2-1.29) * max(0,-0.321-X3) - 4.48*max(0,X4-0.951) * max(0,X0-1.18) - 4.08*max(0,-0.480-X4) * max(0,X0-0.752) - 4.07*max(0,X5-1.33) * max(0,X5-0.876) - 3.98*max(0,X4-0.951) * max(0,X5-0.876) + 3.97*max(0,X0-0.752) * max(0,-0.321-X3) + 3.86*max(0,X0-1.18) * max(0,-0.321-X3) - 3.70*max(0,-1.31-X3) * max(0,-0.516-X0) + 3.51*max(0,-0.557-X2) * max(0,X5-0.876) + 3.38*max(0,X4-0.951) * max(0,X0-0.752) - 3.26*max(0,X5-0.876) + 3.05*max(0,X5-0.422) + 2.84*max(0,-0.957-X4) * max(0,X5-0.422) + 2.83*max(0,-0.957-X4) - 2.79*max(0,X5-0.422) * max(0,X0-1.18) + 2.77*max(0,-0.480-X4) * max(0,X5-0.876) + 2.71*max(0,-1.31-X3) * max(0,-0.0934-X0) + 2.62*max(0,X0-1.18) * max(0,X5-0.876) - 2.55*max(0,-0.480-X4) * max(0,-0.813-X3) - 2.44*max(0,-0.0944-X2) - 2.41*max(0,-1.31-X3) * max(0,X5-0.422) + 2.23*max(0,X2-1.29) * max(0,X0-1.18) - 2.15*max(0,-0.957-X4) * max(0,-0.480-X4) + 2.14*max(0,-0.938-X5) + 2.14*max(0,X5-0.422) * max(0,X5-0.876) - 2.01*max(0,-1.31-X3) * max(0,X1-0.966) + 2.00*abs(X2) - 1.98*max(0,X1-0.966) * max(0,-0.0934-X0) - 1.82*max(0,X5-0.422) * max(0,X5-1.33) - 1.79*max(0,X2-1.29) * max(0,-0.0934-X0) + 1.74*max(0,X0-0.752) * max(0,X0-1.18) + 1.61*max(0,-0.0934-X0) * max(0,X5-1.33) - 1.60*max(0,X2-0.369) - 1.52*max(0,X0-0.752) * max(0,X5-0.422) - 1.49*max(0,X1-1.44) + 1.47*max(0,X5-0.422) * max(0,X1-0.966) - 1.46*max(0,-0.321-X3) * max(0,X5-0.876) + 1.45*max(0,X1-1.44) * max(0,X5-1.33) + 1.40*max(0,-0.480-X4) * max(0,-0.321-X3) + 1.33*max(0,X4-1.43) - 1.29*max(0,-0.0934-X0) * max(0,X5-0.876) + 1.29*max(0,X3-1.16) - 1.28*max(0,-0.557-X2) * max(0,X5-0.422) + 1.26*max(0,-0.957-X4) * max(0,-0.516-X0) - 1.23*max(0,-0.480-X4) * max(0,X5-0.422) + 1.22*max(0,X4-0.951) * max(0,X5-1.33) - 1.17*max(0,X3-0.664) + 1.12*max(0,X3-0.172) + 1.07*max(0,X5-0.422) * max(0,-0.516-X0) - 1.06*max(0,-0.557-X2) * max(0,X5-1.33) - 1.02*max(0,-0.957-X4) * max(0,-0.0934-X0) + 0.996*max(0,-0.480-X4) * max(0,X5-1.33) + 0.969*max(0,-0.0934-X0) * max(0,-0.813-X3) - 0.957*X5**2 + 0.949*max(0,-1.31-X3) * max(0,-0.813-X3) - 0.925*max(0,X0-0.752) - 0.911*max(0,X1-1.44) * max(0,-0.321-X3) - 0.844*max(0,-0.557-X2) * max(0,-0.480-X4) + 0.837*max(0,X4-0.951) * max(0,-0.321-X3) + 0.806*max(0,X0-1.18) * max(0,X5-1.33) + 0.796*max(0,X1-0.496) + 0.782*max(0,0.172-X3) - 0.771*max(0,X1-0.966) * max(0,-0.321-X3) - 0.757*max(0,-0.516-X0) * max(0,X1-0.966) + 0.716*max(0,-0.557-X2) * max(0,X4-0.951) - 0.706*max(0,X0-0.752) * max(0,X5-0.876) + 0.705*max(0,X1-1.44) * max(0,X1-0.966) + 0.684*max(0,-0.516-X0) * max(0,X5-0.876) + 0.665*max(0,X4-0.951) * max(0,X5-0.422) - 0.658*max(0,X4-0.474) - 0.643*max(0,X5-0.422) * max(0,-0.321-X3) + 0.641*max(0,-0.557-X2) * max(0,X0-0.752) - 0.624*max(0,X2-0.832) - 0.612*abs(X3) + 0.609*max(0,-0.957-X4) * max(0,X5-1.33) - 0.604*max(0,-0.0934-X0) * max(0,-0.321-X3) - 0.544*max(0,X2+0.0944) + 0.533*X1 - 0.484*max(0,X5+0.0309) - 0.479*max(0,-0.480-X4) * max(0,-0.516-X0) - 0.418*max(0,X4-0.951) * max(0,-0.813-X3) + 0.384*max(0,0.422-X5) + 0.360*max(0,X2-1.29) + 0.354*max(0,-0.0309-X5) - 0.343*max(0,-0.484-X5) + 0.340*max(0,X2-1.29) * max(0,X4-0.951) + 0.321*max(0,-0.557-X2) * max(0,-0.813-X3) - 0.306*max(0,-0.813-X3) + 0.306*max(0,-0.957-X4) * max(0,-0.321-X3) - 0.298*max(0,-0.00332-X4) - 0.297*max(0,-0.916-X1) - 0.283*max(0,-0.557-X2) * max(0,X0-1.18) - 0.282*max(0,-1.31-X3) * max(0,-0.480-X4) + 0.282*max(0,X4+0.480) + 0.278*max(0,X0+0.0934) - 0.271*max(0,-0.516-X0) * max(0,-0.321-X3) + 0.264*max(0,-0.557-X2) * max(0,X1-1.44) - 0.259*max(0,X4-0.951) * max(0,-0.0934-X0) + 0.256*abs(X4) - 0.236*max(0,0.664-X3) + 0.230*X2**2 + 0.213*abs(X5) + 0.208*max(0,-0.557-X2) * max(0,-0.516-X0) - 0.205*max(0,X1-0.966) + 0.185*max(0,X1-1.44) * max(0,-0.0934-X0) + 0.151*max(0,X2-1.29) * max(0,X0-0.752) - 0.137*X2 - 0.129*max(0,0.966-X1) - 0.122*max(0,-0.321-X3) - 0.119*max(0,-0.516-X0) * max(0,-0.0934-X0) + 0.118*max(0,-0.480-X4) * max(0,X1-1.44) - 0.115*max(0,X2+0.557) + 0.104*X5 + 0.104*max(0,X5+0.938) - 0.0993*max(0,X1-0.966) * max(0,-0.813-X3) + 0.0906*max(0,X0+0.516) - 0.0865*max(0,-1.02-X2) - 0.0848*max(0,1.16-X3) - 0.0839*max(0,X4-0.951) + 0.0834*max(0,-0.446-X1) + 0.0685*max(0,X3+0.813) - 0.0585*max(0,X5-0.422) * max(0,-0.0934-X0) + 0.0514*abs(X0) - 0.0244*max(0,0.496-X1) - 0.0213*max(0,-0.516-X0) - 0.0197*abs(X1) + 0.0172*max(0,X3+1.31) + 0.0156*max(0,0.369-X2) + 0.0139*max(0,X0-0.330) - 0.0127*max(0,0.330-X0) + 0.0125*max(0,-0.557-X2) * max(0,X1-0.966) - 0.0118*max(0,-0.557-X2) * max(0,-0.321-X3) + 0.00642*max(0,1.29-X2) + 0.00638*max(0,X0+0.939) - 0.00489*max(0,X0-1.18)"
ffx,feynman_test_17,ok,-0.365947,1090.863801,2240,37.79,,"-1.09 + 64.5*max(0,X1-1.38) * max(0,X5-1.28) - 47.6*max(0,X4-1.25) * max(0,X5-1.28) - 34.1*max(0,X1-1.38) * max(0,X5-0.822) + 21.1*max(0,-1.18-X3) * max(0,X4-1.25) - 18.4*max(0,X4-0.779) * max(0,X5-1.28) + 13.9*max(0,X4-1.25) * max(0,X5-0.822) - 12.8*max(0,0.223-X2) * max(0,X5-1.28) + 12.1*max(0,X1-1.38) * max(0,X2-0.223) + 11.7*max(0,X4-1.25) * max(0,X2-0.223) - 11.5*max(0,X5-1.28) * max(0,X2-0.223) + 11.2*abs(X2) * max(0,X5-1.28) + 10.5*max(0,X4-0.310) * max(0,X5-1.28) + 10.0*max(0,-1.18-X3) * max(0,X5-1.28) - 8.49*max(0,X4-1.25) * abs(X2) + 7.03*max(0,0.223-X2) * max(0,X4-1.25) + 6.87*max(0,X4-0.779) * abs(X1) - 6.34*max(0,X4-0.779) * max(0,X1+0.0382) - 5.48*max(0,X1+0.0382) * max(0,X4-1.25) - 5.16*max(0,X4-0.779) * max(0,-0.0382-X1) + 4.96*max(0,X1-1.38) - 4.83*max(0,-0.0382-X1) * max(0,X4-0.310) + 4.79*max(0,-1.18-X3) * max(0,X5-0.822) - 4.60*max(0,X4-1.25) * max(0,-0.0382-X1) - 4.39*max(0,-1.18-X3) * abs(X0) - 4.32*max(0,X4-0.779) * max(0,X5-0.822) - 4.05*abs(X1) * max(0,X1-1.38) + 3.87*max(0,-1.18-X3) * max(0,X0+0.0558) - 3.87*max(0,-0.0954-X5) * max(0,X4-1.25) + 3.82*max(0,X4-0.779) * max(0,X1-1.38) + 3.76*abs(X1) * max(0,X4-0.310) + 3.75*abs(X1) * max(0,X4-1.25) - 3.60*max(0,X1+0.0382) * max(0,X5-1.28) + 3.41*max(0,-1.18-X3) * max(0,-0.0558-X0) - 3.26*max(0,-0.0382-X1) * max(0,X5-1.28) + 3.08*max(0,X4-0.779) * max(0,X4-1.25) - 2.94*max(0,X1-1.38) * max(0,-0.0558-X0) - 2.93*max(0,-1.18-X3) * max(0,X2-0.223) - 2.92*X2 * max(0,X5-1.28) - 2.91*max(0,X5-0.822) + 2.88*X0 * max(0,X5-1.28) - 2.81*max(0,-1.18-X3) * max(0,X4-0.310) + 2.71*max(0,X4-0.310) * max(0,X5-0.822) + 2.67*max(0,-1.18-X3) * max(0,X1+0.0382) - 2.67*abs(X5) + 2.66*max(0,0.223-X2) * max(0,X5-0.822) - 2.64*max(0,X1+0.0382) * max(0,X4-0.310) + 2.60*max(0,-1.18-X3) * max(0,-0.0382-X1) + 2.58*max(0,X1-0.909) + 2.42*max(0,X4-1.25) - 2.42*max(0,X4-0.779) * max(0,X4-0.310) + 2.21*max(0,X5+0.0954) - 2.13*max(0,X4-0.779) * max(0,X2-0.223) - 2.11*max(0,X2-0.657) - 2.09*max(0,X1-1.38) * abs(X2) + 2.08*max(0,-1.18-X3) + 2.06*max(0,X5-0.822) * max(0,X2-0.223) + 2.06*max(0,X1-1.38) * max(0,X0+0.0558) + 2.04*max(0,X4-1.25) * abs(X0) - 2.01*max(0,-0.0558-X0) * max(0,X2-0.223) + 2.01*max(0,X2-1.09) - 1.98*max(0,-1.08-X2) + 1.96*abs(X1) * max(0,X5-1.28) - 1.94*max(0,-0.554-X5) - 1.85*max(0,X0+0.0558) * max(0,X5-0.822) - 1.82*max(0,-0.0382-X1) + 1.79*max(0,X4-0.779) * max(0,-0.0954-X5) - 1.78*max(0,-1.18-X3) * max(0,-0.0954-X5) + 1.70*abs(X1) * max(0,X5-0.822) - 1.66*max(0,X5-0.822) * abs(X2) + 1.57*max(0,X5-1.28) + 1.56*max(0,-0.0954-X5) + 1.55*X2**2 - 1.43*max(0,X4-1.25) * max(0,X0+0.0558) + 1.37*max(0,X4-0.779) * max(0,-1.18-X3) - 1.28*max(0,-1.18-X3) * abs(X1) - 1.26*abs(X1) * abs(X0) + 1.22*max(0,X5-1.28) * max(0,-0.0558-X0) + 1.22*max(0,X4-0.310) - 1.21*max(0,X4-0.310) * max(0,-0.0558-X0) - 1.15*max(0,-0.0954-X5) * max(0,X4-0.310) + 1.14*abs(X1) * max(0,-0.0558-X0) - 1.14*max(0,-0.985-X1) + 1.13*abs(X1) * max(0,-0.0382-X1) - 1.10*max(0,X4-0.779) * X0 - 1.08*max(0,X4-0.310) * max(0,X2-0.223) + 1.04*X5**2 - 1.01*max(0,-0.211-X2) - 1.01*max(0,-0.645-X2) - 1.00*max(0,-1.01-X5) + 0.956*max(0,X1+0.0382) * max(0,X0+0.0558) + 0.950*max(0,0.363-X5) - 0.918*max(0,X5-0.822) * max(0,-0.0558-X0) + 0.915*max(0,X4-0.779) * max(0,-0.0558-X0) + 0.897*max(0,X3-1.09) + 0.874*max(0,X0+0.0558) * max(0,-0.0382-X1) + 0.866*max(0,0.223-X2) * max(0,-0.0382-X1) + 0.862*abs(X3) + 0.847*max(0,X4-0.779) * abs(X2) + 0.828*max(0,0.223-X2) * max(0,-0.0558-X0) - 0.820*X0 * max(0,X2-0.223) - 0.774*max(0,-0.0954-X5) * max(0,X1-1.38) + 0.773*abs(X0) * max(0,X5-1.28) + 0.726*abs(X1) * max(0,X0+0.0558) + 0.675*max(0,X4-0.310) * abs(X2) - 0.675*X3**2 + 0.671*max(0,X1-1.38) * max(0,X4-0.310) - 0.661*max(0,X1+0.0382) * max(0,X2-0.223) - 0.656*max(0,-0.0954-X5) * max(0,X2-0.223) + 0.652*max(0,-1.18-X3) * abs(X2) + 0.648*abs(X0) * max(0,X5-0.822) + 0.645*max(0,X2-0.223) - 0.637*max(0,X0+0.0558) * max(0,X2-0.223) - 0.630*abs(X2) + 0.612*max(0,X1+0.0382) * max(0,X1-1.38) - 0.599*max(0,X0+0.0558) * max(0,X5-1.28) - 0.577*X0 * max(0,X1-1.38) + 0.566*abs(X0) * max(0,X2-0.223) - 0.566*max(0,X4-1.25) * max(0,-0.0558-X0) - 0.565*max(0,-0.0954-X5) * abs(X0) + 0.563*max(0,X0+0.0558) * max(0,X4-0.310) + 0.561*abs(X1) * max(0,X2-0.223) - 0.557*max(0,0.223-X2) * max(0,X4-0.310) + 0.554*max(0,X0-1.38) + 0.536*max(0,X3-0.635) + 0.512*abs(X4) - 0.510*X1**2 - 0.510*max(0,X4-0.779) + 0.507*X2 * abs(X0) + 0.499*abs(X0) - 0.496*max(0,X5-0.363) - 0.493*max(0,0.223-X2) * max(0,X1-1.38) - 0.486*X4**2 - 0.482*abs(X2) * max(0,X2-0.223) - 0.481*max(0,X1+0.0382) * abs(X0) + 0.475*max(0,-0.0954-X5) * abs(X2) + 0.467*X2 * max(0,X5-0.822) - 0.461*max(0,-0.0382-X1) * abs(X2) + 0.448*max(0,-0.727-X3) + 0.443*max(0,X4+0.159) - 0.434*X0 * max(0,-0.0382-X1) + 0.423*max(0,X4-0.779) * max(0,X0+0.0558) + 0.414*max(0,X1-1.38) * abs(X0) + 0.410*abs(X1) + 0.398*max(0,X4-0.779) * abs(X0) - 0.389*max(0,X1-0.435) + 0.382*X2 * max(0,X4-0.310) + 0.379*max(0,-0.628-X4) + 0.346*max(0,0.223-X2) * max(0,X1+0.0382) + 0.336*max(0,-0.0954-X5) * max(0,X0+0.0558) + 0.328*max(0,-1.02-X0) - 0.327*max(0,X3-0.181) + 0.314*max(0,X1+0.0382) * abs(X2) + 0.314*max(0,-0.0954-X5) * max(0,-0.0382-X1) - 0.313*max(0,-0.0382-X1) * abs(X0) - 0.312*max(0,0.779-X4) + 0.307*max(0,-1.10-X4) - 0.306*max(0,0.223-X2) * max(0,-0.0954-X5) + 0.305*max(0,X0-0.424) + 0.299*max(0,-0.512-X1) - 0.297*max(0,-1.18-X3) * X0 + 0.295*max(0,X1+0.0382) * max(0,-0.0558-X0) - 0.278*max(0,0.223-X2) * max(0,-1.18-X3) + 0.275*max(0,X1+0.0382) * max(0,X5-0.822) + 0.273*max(0,X5+0.554) + 0.273*max(0,0.223-X2) * abs(X2) - 0.265*max(0,-0.536-X0) - 0.264*max(0,0.223-X2) * abs(X1) - 0.255*X0 * max(0,X1+0.0382) - 0.253*max(0,X2+0.211) - 0.249*max(0,X4-0.779) * max(0,0.223-X2) + 0.239*max(0,0.909-X1) + 0.231*max(0,X4-1.25) * max(0,X4-0.310) - 0.210*abs(X1) * abs(X2) + 0.207*max(0,X0+0.0558) * abs(X2) - 0.204*max(0,X1+0.512) + 0.204*max(0,X1+0.0382) - 0.196*max(0,0.435-X1) - 0.195*X2 * max(0,X2-0.223) + 0.191*max(0,-0.0382-X1) * max(0,-0.0558-X0) - 0.185*max(0,0.223-X2) + 0.184*max(0,1.28-X5) + 0.178*max(0,-0.0954-X5) * abs(X1) - 0.167*X4 + 0.163*max(0,0.223-X2) * max(0,X0+0.0558) - 0.154*abs(X0) * max(0,-0.0558-X0) - 0.142*X0**2 + 0.138*X2 * max(0,-0.0558-X0) - 0.133*max(0,-0.0382-X1) * max(0,X5-0.822) + 0.124*X0 * max(0,X4-0.310) + 0.117*max(0,1.38-X1) - 0.115*max(0,X4-0.310) * abs(X0) + 0.109*max(0,X1+0.0382) * abs(X1) - 0.102*X0 * max(0,X5-0.822) - 0.0975*X0 * max(0,X4-1.25) - 0.0973*abs(X2) * max(0,-0.0558-X0) - 0.0844*max(0,0.223-X2) * abs(X0) - 0.0843*max(0,X1+0.985) + 0.0809*max(0,-0.159-X4) + 0.0754*max(0,-0.0954-X5) * max(0,-0.0558-X0) + 0.0744*max(0,X0-0.905) - 0.0723*max(0,0.424-X0) - 0.0713*max(0,X2+0.645) + 0.0700*X2 * abs(X2) + 0.0534*X0 * max(0,X0+0.0558) - 0.0519*max(0,0.310-X4) + 0.0464*max(0,X1+0.0382) * max(0,-0.0954-X5) + 0.0349*max(0,X4+0.628) + 0.0305*X1 - 0.0280*X0 * abs(X0) + 0.0235*X0 * max(0,-0.0558-X0) + 0.0232*X0 * abs(X2) + 0.0219*max(0,X4-1.25) * max(0,X1-1.38) - 0.0156*max(0,X3+0.273) - 0.0151*max(0,X2+1.08) + 0.0150*abs(X0) * abs(X2) - 0.00993*X0 + 0.00604*max(0,0.657-X2) + 0.00460*max(0,X0+1.02) + 0.00396*max(0,0.635-X3) - 0.00359*max(0,X3+1.18) - 0.00299*max(0,X5+1.01) + 0.00266*max(0,X5-0.822) * max(0,X5-1.28) + 0.000811*max(0,-0.273-X3) - 0.000246*X0 * abs(X1) - 0.000226*X5"
ffx,feynman_test_18,ok,0.348267,0.437552,1966,35.46,,"0.851 + 66.7*max(0,X1-1.30) * max(0,-1.17-X0) + 31.2*max(0,-0.898-X2) * max(0,X1-1.30) - 18.1*max(0,X3-0.327) * max(0,X1-1.30) - 17.0*max(0,-0.898-X2) * max(0,X1-0.381) - 16.2*max(0,-0.225-X0) * max(0,X1-1.30) + 9.85*max(0,X3-0.327) * max(0,-1.17-X0) + 8.13*max(0,X1-1.30) * max(0,X3+0.134) + 7.75*max(0,X1-0.838) * max(0,X1-1.30) + 6.83*max(0,X4-0.842) * max(0,-1.17-X0) - 6.77*max(0,X1-0.838) * max(0,-1.17-X0) + 6.71*max(0,-0.898-X2) * max(0,X1-0.838) - 6.69*max(0,X1-1.30) - 5.52*max(0,X1+0.0759) * max(0,-1.17-X0) - 5.34*max(0,-1.17-X0) * max(0,X3+0.134) + 5.31*max(0,-0.898-X2) * abs(X1) - 4.97*max(0,X1-0.838) * max(0,X3+0.134) - 4.50*max(0,-0.898-X2) * max(0,-0.0759-X1) + 4.34*max(0,X1-1.30) * abs(X3) - 4.07*max(0,-1.17-X0) * max(0,-0.134-X3) + 4.00*max(0,-0.898-X2) * max(0,-1.17-X0) + 3.71*max(0,-1.17-X0) * abs(X1) + 3.63*max(0,X3-0.327) * max(0,X1-0.838) + 3.49*max(0,X1-1.30) * max(0,-0.134-X3) - 3.08*max(0,X1-1.30) * max(0,X1-0.381) - 3.06*max(0,X4-0.842) * max(0,X1-1.30) + 3.05*max(0,X1-1.30) * X3 + 2.77*X1 * max(0,-1.17-X0) - 2.73*max(0,-1.17-X0) * max(0,X1-0.381) + 2.59*max(0,X1+0.0759) * max(0,-0.898-X2) + 2.34*max(0,-0.225-X0) * max(0,X1-0.838) - 2.17*max(0,-1.17-X0) * abs(X3) + 2.07*max(0,X1-0.838) * max(0,X1-0.381) - 1.92*max(0,-0.898-X2) * max(0,X3+0.134) - 1.91*max(0,X2-1.28) - 1.89*max(0,X1-0.838) * max(0,-0.134-X3) + 1.87*abs(X0) * max(0,-1.17-X0) - 1.68*max(0,-0.134-X3) - 1.67*max(0,-0.462-X2) + 1.66*max(0,X3-0.327) + 1.65*max(0,X4-1.29) + 1.50*max(0,-0.225-X0) * max(0,-0.898-X2) - 1.45*max(0,-0.0759-X1) * max(0,-1.17-X0) + 1.44*X2**2 + 1.43*max(0,-0.898-X2) * max(0,-0.134-X3) + 1.38*max(0,-0.898-X2) * X3 + 1.37*max(0,-0.595-X3) - 1.36*max(0,-0.225-X0) * max(0,-0.0759-X1) - 1.35*abs(X0) * max(0,X1-0.838) + 1.34*max(0,-0.970-X4) + 1.23*abs(X0) * max(0,-0.0759-X1) - 1.21*max(0,-0.225-X0) + 1.20*max(0,X1-0.381) * abs(X3) + 1.17*X1 * max(0,-0.898-X2) - 1.14*max(0,X4-0.842) * max(0,X1-0.381) + 1.13*max(0,-0.225-X0) * abs(X1) - 1.11*max(0,X3-0.327) * abs(X1) + 1.07*max(0,X1-0.838) * X3 + 1.03*max(0,-0.225-X0) * max(0,X3+0.134) - 1.03*max(0,X4-0.842) * abs(X3) - 0.995*max(0,X0+0.225) + 0.912*max(0,X4-0.842) * max(0,-0.898-X2) - 0.891*max(0,-1.17-X0) * X3 + 0.881*X1 * max(0,X1-0.838) - 0.836*max(0,-1.06-X3) + 0.829*max(0,X4-0.842) * X1 - 0.827*max(0,X1-1.30) * abs(X1) - 0.814*max(0,X0-0.249) + 0.798*max(0,X4-0.842) * max(0,X3+0.134) + 0.792*max(0,-0.0269-X2) + 0.787*max(0,X3-0.327) * abs(X3) - 0.785*max(0,X2+0.0269) - 0.773*max(0,X1+0.0759) * max(0,X3-0.327) - 0.751*max(0,X2-0.409) - 0.745*abs(X0) * max(0,-0.898-X2) - 0.732*max(0,X1-0.381) - 0.729*abs(X0) * abs(X1) - 0.720*max(0,-0.225-X0) * max(0,X3-0.327) + 0.718*abs(X1) * abs(X3) + 0.717*max(0,X4-0.842) * max(0,-0.0759-X1) + 0.702*abs(X3) * max(0,-0.134-X3) + 0.701*max(0,X1+0.0759) * max(0,X1-0.838) - 0.698*max(0,X3-0.787) + 0.694*abs(X0) + 0.646*max(0,X1-0.838) * abs(X3) + 0.644*max(0,0.327-X3) - 0.643*max(0,-0.533-X1) - 0.636*max(0,-0.0759-X1) * max(0,-0.134-X3) - 0.633*abs(X1) * max(0,X1-0.381) + 0.622*abs(X0) * max(0,X1-1.30) - 0.616*max(0,X3-0.327) * max(0,-0.0759-X1) - 0.605*max(0,X1-0.381) * max(0,X3+0.134) + 0.598*X0**2 + 0.588*max(0,X4-0.389) - 0.578*abs(X0) * max(0,X3+0.134) + 0.549*max(0,X4-0.842) * max(0,X3-0.327) + 0.547*max(0,-0.0759-X1) * abs(X3) - 0.547*max(0,0.409-X2) - 0.547*max(0,X2-0.844) - 0.542*max(0,-0.990-X1) + 0.521*max(0,X4-0.842) * max(0,-0.134-X3) - 0.516*max(0,X3+0.134) - 0.514*X4**2 + 0.510*max(0,X1-0.838) - 0.500*max(0,X0-0.723) - 0.496*max(0,-0.0759-X1) * max(0,X3+0.134) + 0.492*X3 * max(0,X1-0.381) + 0.490*max(0,-0.898-X2) * abs(X3) - 0.482*abs(X2) - 0.463*max(0,0.723-X0) + 0.456*abs(X0) * X1 - 0.452*max(0,X1+0.0759) * max(0,X1-0.381) + 0.439*abs(X4) + 0.436*max(0,-0.225-X0) * max(0,-0.134-X3) + 0.430*max(0,0.381-X1) - 0.427*max(0,X2+0.462) - 0.424*max(0,X1-0.838) * abs(X1) + 0.419*max(0,X1+0.0759) * abs(X3) - 0.379*max(0,1.30-X1) - 0.379*max(0,X4-0.842) * max(0,-0.225-X0) - 0.363*max(0,X0-1.20) + 0.361*abs(X0) * max(0,X1-0.381) - 0.359*max(0,-0.225-X0) * max(0,-1.17-X0) + 0.352*X1**2 - 0.351*max(0,-0.225-X0) * max(0,X1-0.381) - 0.348*max(0,X3+0.134) * abs(X3) + 0.348*max(0,0.249-X0) - 0.346*max(0,X4-0.842) * X3 - 0.341*max(0,X4-0.842) + 0.332*max(0,X1+0.0759) * abs(X0) - 0.326*abs(X1) * max(0,-0.134-X3) - 0.325*max(0,-1.17-X0) - 0.324*max(0,X3-0.327) * max(0,-0.898-X2) - 0.302*max(0,0.787-X3) + 0.288*max(0,X0+0.699) - 0.279*X1 * max(0,-0.225-X0) - 0.266*max(0,X1-0.381) * max(0,-0.134-X3) + 0.265*X3 * max(0,-0.134-X3) - 0.265*max(0,-0.0759-X1) * abs(X1) - 0.256*X1 * abs(X3) - 0.251*abs(X3) - 0.230*abs(X0) * max(0,-0.134-X3) - 0.228*max(0,-0.0759-X1) - 0.220*X1 * max(0,-0.0759-X1) - 0.216*abs(X1) * max(0,X3+0.134) + 0.212*max(0,X4-0.842) * abs(X1) - 0.208*max(0,X1+0.0759) * max(0,X1-1.30) + 0.200*max(0,-0.0759-X1) * X3 - 0.188*max(0,X1+0.0759) * X1 + 0.175*max(0,X1+0.0759) * max(0,-0.134-X3) + 0.172*abs(X1) * X3 - 0.171*max(0,-0.0638-X4) + 0.165*max(0,X1+0.0759) + 0.161*max(0,0.389-X4) - 0.160*max(0,0.844-X2) + 0.141*max(0,X1+0.0759) * max(0,X3+0.134) - 0.141*max(0,X1+0.533) - 0.140*max(0,0.842-X4) + 0.139*max(0,X4+0.517) + 0.137*abs(X0) * max(0,X3-0.327) + 0.136*max(0,X1+0.0759) * X3 - 0.136*X1 * max(0,-0.134-X3) - 0.130*max(0,-0.699-X0) + 0.128*max(0,X3+1.06) - 0.126*max(0,X3+0.595) + 0.123*max(0,0.838-X1) + 0.113*max(0,X0+1.17) + 0.108*max(0,X4-0.842) * max(0,X1-0.838) - 0.103*max(0,-0.517-X4) - 0.103*X3**2 - 0.0995*max(0,X4+0.970) + 0.0982*max(0,X2+0.898) - 0.0978*max(0,1.25-X3) + 0.0975*max(0,X3-0.327) * max(0,X3+0.134) - 0.0928*max(0,X3-0.327) * X3 + 0.0882*X1 + 0.0881*max(0,X1+0.0759) * abs(X1) + 0.0842*abs(X0) * abs(X3) - 0.0828*X1 * X3 + 0.0826*abs(X0) * max(0,-0.225-X0) + 0.0814*max(0,-0.898-X2) + 0.0793*X2 + 0.0790*abs(X0) * X3 - 0.0762*abs(X1) - 0.0732*X1 * max(0,X3+0.134) + 0.0710*max(0,X1+0.990) - 0.0611*max(0,-0.225-X0) * abs(X3) - 0.0610*X1 * max(0,X1-0.381) - 0.0563*X1 * max(0,X3-0.327) - 0.0531*max(0,1.28-X2) + 0.0511*max(0,-0.225-X0) * X3 - 0.0449*X1 * abs(X1) - 0.0421*X3 * max(0,X3+0.134) + 0.0392*max(0,1.29-X4) + 0.0334*X3 + 0.0277*max(0,X1+0.0759) * max(0,-0.225-X0) - 0.0261*X1 * max(0,X1-1.30) + 0.0254*X4 + 0.0187*max(0,X3-0.327) * max(0,X1-0.381) + 0.0147*max(0,X3-1.25) - 0.0140*X0 - 0.0139*max(0,X4+0.0638) - 0.0133*max(0,X4-0.842) * abs(X0) - 0.0102*max(0,1.20-X0) - 0.00744*X3 * abs(X3)"
ffx,feynman_test_19,ok,0.071704,14.442811,2011,28.33,,"-0.463 - 28.0*max(0,-0.625-X3) * max(0,X4-1.12) + 19.4*max(0,X4-1.12) * max(0,-0.177-X3) + 11.1*max(0,X4-0.675) * max(0,-0.936-X0) - 10.5*max(0,X0-1.38) * max(0,X4-1.12) + 9.30*max(0,-0.144-X1) * max(0,X4-1.12) + 8.99*max(0,X1-0.297) * max(0,X4-1.12) + 8.26*max(0,X3-1.17) - 7.31*max(0,X0-1.38) - 6.83*max(0,X4-1.12) * max(0,-0.167-X5) + 6.83*max(0,X3-1.17) * max(0,X1-0.297) - 6.58*max(0,-0.936-X0) * max(0,-0.625-X3) + 6.54*max(0,-0.936-X0) * max(0,X4-1.12) - 6.27*max(0,X3-1.17) * abs(X3) - 6.05*max(0,X3-1.17) * max(0,X4-1.12) - 5.25*max(0,X4-0.675) * max(0,-0.472-X0) + 4.99*max(0,-0.936-X0) * max(0,-0.177-X3) + 4.85*max(0,X4-0.675) * max(0,-0.625-X3) + 4.84*max(0,X3-1.17) * max(0,-0.167-X5) + 4.82*max(0,X5+0.167) * max(0,X0-1.38) - 4.27*max(0,X0-1.38) * abs(X1) - 4.16*max(0,X4-1.12) * abs(X1) + 4.02*max(0,-0.936-X0) * max(0,-0.167-X5) + 3.48*max(0,X1+0.144) * max(0,-0.936-X0) + 3.44*max(0,X0-1.38) * max(0,-0.625-X3) + 2.95*max(0,-0.936-X0) * max(0,-0.144-X1) + 2.93*max(0,X5+0.167) * max(0,-0.472-X0) - 2.92*max(0,X5+0.167) * max(0,X4-1.12) - 2.89*max(0,X4-0.675) * max(0,X1-0.297) - 2.75*max(0,X4-0.675) * max(0,-0.177-X3) - 2.70*max(0,X3+0.177) * max(0,X1-0.297) - 2.66*max(0,-1.05-X5) + 2.65*max(0,X0-1.38) * max(0,X3+0.177) - 2.57*max(0,X5-1.16) + 2.47*max(0,X0-1.38) * abs(X5) - 2.38*max(0,X5+0.167) * max(0,-0.177-X3) - 2.20*max(0,-0.936-X0) * abs(X5) - 2.16*max(0,X5+0.167) * max(0,-0.936-X0) - 2.12*max(0,X1-0.297) * abs(X3) - 1.97*max(0,X1+0.144) * max(0,-0.167-X5) + 1.95*max(0,X4-0.675) * max(0,X1+0.144) + 1.95*max(0,X4-0.675) * abs(X5) + 1.93*max(0,0.0109-X2) * max(0,-0.167-X5) + 1.86*max(0,X3-1.17) * max(0,-0.936-X0) - 1.83*max(0,-0.472-X0) * max(0,-0.936-X0) + 1.76*max(0,-0.936-X0) * max(0,X1-0.297) - 1.75*max(0,X3+0.177) * max(0,-0.144-X1) - 1.69*max(0,-0.472-X0) * max(0,X1+0.144) - 1.68*max(0,-0.936-X0) * max(0,X3+0.177) + 1.59*max(0,-0.472-X0) * max(0,X3+0.177) + 1.58*max(0,X3+0.177) * abs(X1) + 1.58*max(0,X1-0.297) * abs(X5) - 1.52*max(0,0.0109-X2) * abs(X5) - 1.46*max(0,X0-1.38) * max(0,-0.144-X1) + 1.45*max(0,X5+0.167) * max(0,-0.625-X3) + 1.43*max(0,X0-0.921) + 1.36*max(0,X2-0.944) + 1.35*max(0,-0.625-X3) * max(0,-0.167-X5) + 1.34*max(0,X1+0.144) * max(0,-0.177-X3) + 1.34*max(0,0.0109-X2) * max(0,-0.144-X1) - 1.30*max(0,X5+0.167) * abs(X1) + 1.28*max(0,X1+0.144) * max(0,0.0109-X2) - 1.28*max(0,X3-1.17) * max(0,-0.144-X1) - 1.24*max(0,-0.144-X1) * max(0,-0.167-X5) - 1.23*max(0,X4-0.232) - 1.22*max(0,0.0109-X2) * max(0,-0.936-X0) + 1.21*max(0,-0.922-X2) + 1.20*max(0,X1-0.297) * max(0,-0.167-X5) - 1.19*abs(X1) * max(0,-0.177-X3) - 1.19*max(0,-0.167-X5) * max(0,-0.177-X3) + 1.18*max(0,X5+0.167) * max(0,0.0109-X2) - 1.14*max(0,-0.585-X1) - 1.12*max(0,0.0109-X2) * abs(X1) + 1.11*max(0,X4-0.675) * max(0,X3+0.177) - 1.09*max(0,-0.936-X0) * abs(X1) - 1.09*max(0,-0.472-X0) * max(0,-0.177-X3) + 1.04*max(0,-0.472-X0) * max(0,0.0109-X2) + 1.04*abs(X3) + 1.03*max(0,X1-0.738) - 1.03*max(0,X5-0.275) + 1.00*abs(X5) * max(0,-0.144-X1) - 0.986*max(0,X0-1.38) * max(0,-0.177-X3) - 0.984*max(0,X4-0.675) * max(0,-0.167-X5) - 0.947*max(0,-1.03-X1) - 0.902*max(0,0.0109-X2) * max(0,X0-1.38) + 0.864*max(0,X4-0.675) * max(0,0.0109-X2) - 0.844*max(0,X4-0.675) * max(0,X0-1.38) - 0.840*max(0,X3+0.177) - 0.838*max(0,-0.472-X0) * abs(X1) - 0.834*max(0,X4-1.12) + 0.805*abs(X3) * abs(X1) - 0.801*max(0,X3-1.17) * max(0,0.0109-X2) + 0.779*abs(X5) * max(0,-0.167-X5) + 0.710*max(0,-0.625-X3) * max(0,-0.144-X1) + 0.709*max(0,X1+0.144) * max(0,X3+0.177) - 0.707*max(0,X4-0.675) * abs(X3) + 0.665*max(0,-1.07-X3) - 0.657*max(0,-0.472-X0) * max(0,-0.167-X5) + 0.655*max(0,-0.472-X0) + 0.649*max(0,X0-0.456) - 0.628*max(0,X0-1.38) * max(0,-0.167-X5) - 0.621*max(0,0.0109-X2) * max(0,X1-0.297) + 0.617*max(0,X1+0.144) * max(0,X0-1.38) - 0.605*X2**2 + 0.605*X5**2 - 0.592*abs(X3) * max(0,-0.167-X5) - 0.583*max(0,X1-0.297) * max(0,-0.177-X3) - 0.578*max(0,-0.167-X5) * abs(X1) + 0.561*max(0,-0.625-X3) * abs(X1) - 0.548*max(0,X1+0.144) * abs(X5) + 0.544*max(0,-0.472-X0) * max(0,X1-0.297) - 0.538*abs(X3) * max(0,-0.144-X1) - 0.535*max(0,-0.456-X2) + 0.523*abs(X5) * abs(X1) - 0.521*max(0,X4-0.675) * max(0,X4-1.12) + 0.512*max(0,-0.472-X0) * abs(X3) + 0.511*max(0,-0.936-X0) * abs(X3) + 0.511*max(0,X2-0.477) + 0.502*max(0,X5+0.167) * abs(X3) - 0.500*max(0,-1.10-X4) + 0.499*max(0,-0.144-X1) * abs(X1) - 0.494*max(0,X3-1.17) * abs(X5) - 0.479*max(0,1.12-X4) - 0.479*max(0,-0.167-X5) + 0.472*abs(X4) + 0.464*max(0,-0.656-X4) + 0.452*max(0,X1+0.144) * abs(X3) + 0.444*max(0,X0-1.38) * abs(X3) - 0.430*X0**2 - 0.430*max(0,X3+0.177) * max(0,X4-1.12) - 0.419*max(0,X3+0.177) * max(0,-0.167-X5) + 0.389*max(0,X2-0.0109) + 0.370*max(0,X1+0.144) * max(0,-0.625-X3) - 0.366*max(0,X1-1.18) + 0.366*max(0,0.456-X0) + 0.359*max(0,X3+0.177) * abs(X5) - 0.326*max(0,X5+0.167) * max(0,X3+0.177) - 0.319*max(0,-0.625-X3) - 0.270*max(0,X5-0.718) - 0.266*abs(X3) * max(0,-0.177-X3) - 0.261*X3**2 - 0.258*max(0,-0.212-X4) + 0.257*max(0,X3+0.177) * abs(X3) - 0.256*max(0,X2+0.456) - 0.249*max(0,X3-0.272) + 0.232*max(0,0.738-X1) + 0.226*abs(X1) + 0.222*max(0,X5+0.167) * max(0,-0.144-X1) + 0.219*max(0,X1+0.144) + 0.214*abs(X2) + 0.209*max(0,X5+0.167) * abs(X5) + 0.206*X5 + 0.193*max(0,0.944-X2) - 0.189*max(0,X2-1.41) - 0.167*max(0,X1+0.585) - 0.160*max(0,X4-0.675) * abs(X1) + 0.149*max(0,X5+0.167) * max(0,X1-0.297) - 0.139*max(0,X3+0.625) + 0.135*max(0,X5+0.609) + 0.132*max(0,0.0109-X2) * max(0,-0.177-X3) - 0.126*max(0,X5+0.167) * max(0,X1+0.144) - 0.123*max(0,X3-1.17) * max(0,X3+0.177) - 0.0998*max(0,0.718-X5) + 0.0948*abs(X5) - 0.0907*max(0,-0.625-X3) * abs(X3) + 0.0684*max(0,-0.00784-X0) - 0.0658*max(0,-0.472-X0) * max(0,-0.625-X3) + 0.0658*abs(X5) * abs(X3) - 0.0613*max(0,0.297-X1) - 0.0553*max(0,X5+0.167) * max(0,X4-0.675) + 0.0489*max(0,0.0109-X2) - 0.0440*max(0,-0.144-X1) - 0.0425*max(0,X1-0.297) - 0.0398*abs(X5) * max(0,-0.625-X3) + 0.0369*X1 - 0.0312*max(0,X1-0.297) * abs(X1) - 0.0249*max(0,0.0109-X2) * max(0,X3+0.177) + 0.0217*max(0,X3-0.720) + 0.0195*max(0,X1+0.144) * max(0,X1-0.297) + 0.0132*max(0,0.0109-X2) * max(0,-0.625-X3) + 0.0104*max(0,0.477-X2) + 0.0103*max(0,X4-0.675) * max(0,-0.144-X1) - 0.00991*abs(X5) * max(0,-0.177-X3) + 0.00682*abs(X3) * max(0,X4-1.12) + 0.00483*abs(X0) - 0.00217*max(0,X1-0.297) * max(0,-0.625-X3) - 1.44e-5*max(0,X1+0.144) * abs(X1)"
ffx,feynman_test_2,ok,-3.836384,3.147394,2340,42.78,,"0.691 + 79.3*max(0,-0.927-X5) * max(0,X4-1.43) - 56.4*max(0,-0.492-X5) * max(0,X4-1.43) + 44.0*max(0,X3-1.26) * max(0,X4-1.43) + 35.9*max(0,-0.492-X5) * max(0,X3-1.26) - 34.9*max(0,X3-0.811) * max(0,X4-1.43) + 30.0*max(0,X0-0.447) * max(0,X4-1.43) + 23.9*max(0,X0-0.447) * max(0,X3-1.26) - 21.2*max(0,X4-0.962) * max(0,X3-1.26) + 20.1*max(0,X4-1.43) * max(0,X5-0.379) + 18.6*max(0,X3-1.26) * max(0,X5-0.379) + 18.5*max(0,X3-1.26) - 17.8*max(0,X3-1.26) * abs(X5) - 16.9*max(0,X3-0.811) * max(0,X0-0.447) + 13.9*max(0,-0.0565-X5) * max(0,X4-1.43) - 12.3*max(0,X4-1.43) * abs(X5) + 11.8*max(0,-0.927-X5) * max(0,X3-1.26) - 11.3*max(0,X3-0.811) * max(0,-0.927-X5) - 10.7*max(0,X0+0.0376) * max(0,X3-1.26) + 10.4*max(0,X3-0.811) * max(0,X4-0.962) - 9.90*max(0,X3-0.811) * max(0,X5-0.379) + 9.56*max(0,X3-0.811) - 9.07*max(0,X4-0.962) * max(0,X0-0.447) - 8.26*X0 * max(0,X3-1.26) - 8.06*X5 * max(0,X4-1.43) - 8.00*max(0,-0.0376-X0) * max(0,X3-1.26) - 7.54*max(0,X3-1.26) * max(0,X3-0.365) + 6.85*max(0,X4-1.43) * max(0,X3-0.365) + 6.25*max(0,X3-0.365) * max(0,X5-0.379) + 5.91*max(0,-0.0801-X3) - 5.84*abs(X3) * max(0,X3-1.26) + 5.81*max(0,X4-0.962) * max(0,X4-1.43) + 5.66*max(0,X3-0.811) * max(0,-0.492-X5) + 5.64*max(0,X3-0.811) * X5 + 5.42*max(0,-0.492-X5) * max(0,X4-0.962) - 5.37*max(0,X3-0.811) * max(0,-0.0376-X0) + 5.07*max(0,-0.927-X5) * abs(X5) + 4.95*max(0,-0.593-X2) + 4.82*max(0,X3-0.811) * max(0,-0.0565-X5) - 4.79*max(0,X3-0.811) * abs(X5) - 4.58*max(0,X0-0.447) * abs(X5) + 4.55*max(0,X3-0.811) * max(0,X3-1.26) - 4.50*max(0,X5-0.379) - 4.48*abs(X3) + 4.46*max(0,X0+0.0376) * max(0,-0.927-X5) - 4.41*abs(X3) * max(0,X4-1.43) + 4.37*max(0,-0.0565-X5) * max(0,X3-0.365) + 4.35*max(0,X3-0.811) * abs(X3) + 4.31*max(0,-0.492-X5) * max(0,X0-0.447) - 4.11*X0 * max(0,X4-1.43) + 4.10*max(0,-0.0565-X5) * max(0,X4-0.962) + 4.00*max(0,X4-0.499) + 3.88*max(0,0.0354-X4) * max(0,X5-0.379) - 3.85*max(0,X4-0.962) - 3.72*max(0,X0+0.0376) * max(0,X4-1.43) + 3.71*max(0,X3-0.811) * abs(X0) + 3.71*max(0,X4-1.43) - 3.59*max(0,-0.492-X5) * max(0,X3-0.365) - 3.55*max(0,X3-0.811) * max(0,X3-0.365) - 3.54*max(0,-0.927-X5) * max(0,X0-0.447) - 3.35*max(0,-0.0376-X0) * max(0,-0.0565-X5) + 3.25*max(0,X4-0.0354) * max(0,X4-1.43) + 3.10*max(0,X4-0.962) * max(0,X5-0.379) + 3.07*X5 * max(0,X3-1.26) + 3.05*max(0,X0-0.447) * max(0,X5-0.379) + 3.00*max(0,-0.522-X0) + 3.00*max(0,-0.492-X5) - 2.89*max(0,X0-1.42) - 2.86*max(0,-1.01-X0) - 2.85*max(0,-0.0565-X5) * max(0,X3-1.26) - 2.83*max(0,-0.927-X5) + 2.77*max(0,X1-1.29) + 2.74*max(0,X3-0.365) * abs(X0) + 2.68*abs(X3) * max(0,X4-0.962) + 2.67*max(0,X5-1.25) + 2.66*max(0,X2-0.789) - 2.58*max(0,X3-0.811) * max(0,0.0354-X4) - 2.52*max(0,X4-0.962) * abs(X0) + 2.48*X5 * max(0,-0.927-X5) + 2.32*max(0,-0.428-X4) + 2.30*X0 * max(0,X4-0.962) + 2.29*max(0,X4-0.0354) * max(0,X5-0.379) + 2.28*max(0,-0.0565-X5) * max(0,X0-0.447) - 2.24*max(0,X1-0.825) + 2.23*max(0,-0.0565-X5) * X5 - 2.22*abs(X4) + 2.22*max(0,-0.0376-X0) * max(0,-0.927-X5) - 2.19*max(0,0.0354-X4) * X5 + 2.19*max(0,X0+0.0376) * max(0,X3-0.811) + 2.13*max(0,X0-0.447) * abs(X0) - 2.12*max(0,-0.0376-X0) * max(0,X3-0.365) - 2.12*max(0,-0.0565-X5) * abs(X5) + 2.07*max(0,-0.109-X1) - 2.06*max(0,0.0354-X4) * max(0,X0-0.447) + 1.99*max(0,X2-0.329) + 1.98*X0 * max(0,X3-0.811) + 1.90*max(0,X3+0.0801) + 1.90*max(0,X0+0.0376) * max(0,X5-0.379) + 1.85*X0 * max(0,-0.0565-X5) - 1.82*abs(X0) - 1.80*X2**2 - 1.76*X4**2 - 1.69*X3**2 - 1.67*X0 * max(0,-0.492-X5) - 1.66*max(0,X0+0.0376) * max(0,-0.492-X5) - 1.65*max(0,-0.0376-X0) * abs(X0) - 1.63*max(0,X0+0.0376) * abs(X5) + 1.63*abs(X5) + 1.62*max(0,-0.0376-X0) * max(0,-0.492-X5) - 1.61*max(0,-0.927-X5) * abs(X0) + 1.61*max(0,X2-1.25) + 1.60*abs(X0) * abs(X5) - 1.44*max(0,-0.0376-X0) * max(0,X4-1.43) - 1.43*max(0,-1.05-X2) + 1.38*X5 * max(0,X4-0.962) - 1.38*max(0,0.932-X0) + 1.37*X1 + 1.37*X3 - 1.34*X0 * max(0,X3-0.365) + 1.31*X0 * max(0,X5-0.379) + 1.27*max(0,X0+0.0376) * max(0,0.0354-X4) + 1.27*max(0,0.0354-X4) * abs(X5) - 1.25*max(0,X4-0.962) * max(0,X3-0.365) + 1.24*max(0,X0+0.0376) * max(0,X4-0.962) - 1.24*max(0,-0.492-X5) * abs(X0) + 1.24*max(0,-0.971-X3) - 1.23*max(0,X0+0.0376) * X0 + 1.23*max(0,X1+0.109) - 1.20*abs(X3) * max(0,X5-0.379) + 1.18*max(0,-0.492-X5) * abs(X5) - 1.17*X5 * max(0,X3-0.365) + 1.16*X5 * max(0,X0-0.447) - 1.15*X0 * abs(X5) - 1.15*max(0,0.0354-X4) * max(0,-0.927-X5) - 1.13*max(0,X3-0.365) * abs(X5) + 1.13*max(0,X5-0.379) * abs(X5) - 1.13*max(0,X4-0.0354) * max(0,X3-0.365) + 1.07*abs(X3) * X5 + 1.06*max(0,X3-1.26) * abs(X0) - 1.04*max(0,-0.927-X5) * max(0,X4-0.962) + 1.03*max(0,X0+0.0376) * max(0,-0.0565-X5) + 1.03*max(0,-0.0376-X0) * abs(X3) + 0.975*max(0,0.447-X0) + 0.974*max(0,X0-0.447) * max(0,X3-0.365) + 0.971*max(0,1.26-X3) + 0.939*max(0,-0.0376-X0) - 0.894*abs(X3) * max(0,X3-0.365) + 0.874*max(0,X4-0.0354) * max(0,X3-1.26) - 0.864*max(0,0.365-X3) - 0.860*X2 + 0.850*max(0,X4-0.0354) * abs(X0) + 0.818*max(0,-0.891-X4) + 0.793*X0**2 - 0.759*X5 * max(0,X5-0.379) + 0.758*max(0,-1.04-X1) - 0.737*max(0,X5-0.814) + 0.734*max(0,-0.0565-X5) * abs(X3) - 0.733*max(0,-0.0376-X0) * abs(X5) + 0.726*abs(X3) * max(0,-0.927-X5) + 0.706*max(0,X0+0.522) + 0.701*max(0,X0+0.0376) * abs(X3) - 0.695*X5**2 - 0.695*X5 * abs(X0) - 0.692*max(0,X0+0.0376) - 0.654*abs(X3) * max(0,X0-0.447) - 0.649*X4 - 0.634*max(0,0.0354-X4) * max(0,-0.492-X5) + 0.631*max(0,-0.0565-X5) * abs(X0) - 0.631*X1**2 + 0.620*max(0,1.29-X1) - 0.618*X0 * max(0,-0.0376-X0) + 0.614*max(0,-0.525-X3) + 0.602*max(0,X4-0.0354) - 0.598*X0 - 0.594*max(0,-0.927-X5) * max(0,X3-0.365) - 0.575*max(0,X3+0.525) - 0.541*max(0,X1+0.575) + 0.533*max(0,-0.0565-X5) * max(0,-0.927-X5) - 0.529*max(0,-0.0565-X5) * max(0,0.0354-X4) + 0.528*X0 * abs(X0) + 0.520*X0 * abs(X3) + 0.509*abs(X3) * abs(X5) - 0.507*max(0,0.329-X2) - 0.503*max(0,X4-0.962) * abs(X5) + 0.458*max(0,-0.0376-X0) * max(0,X4-0.962) + 0.452*max(0,X4+0.428) - 0.419*max(0,X5-0.379) * abs(X0) + 0.416*X0 * max(0,-0.927-X5) - 0.403*X5 * max(0,-0.492-X5) + 0.400*max(0,-0.0376-X0) * max(0,0.0354-X4) + 0.397*max(0,X4-0.0354) * abs(X5) + 0.356*X5 * abs(X5) - 0.356*max(0,0.825-X1) + 0.352*max(0,-0.0376-X0) * max(0,X5-0.379) - 0.350*abs(X1) - 0.337*max(0,X0+0.0376) * max(0,X3-0.365) + 0.333*max(0,X1-0.358) + 0.331*max(0,0.358-X1) + 0.322*max(0,X1+1.04) + 0.315*max(0,0.0354-X4) * max(0,X3-1.26) + 0.304*X0 * X5 + 0.272*max(0,0.814-X5) + 0.269*max(0,-0.492-X5) * max(0,-0.927-X5) + 0.267*max(0,X4-1.43) * abs(X0) - 0.261*max(0,1.43-X4) + 0.258*max(0,0.0354-X4) * abs(X3) + 0.257*max(0,X2+0.132) + 0.247*max(0,1.42-X0) + 0.242*max(0,-0.132-X2) + 0.235*abs(X3) * abs(X0) - 0.234*max(0,1.25-X5) - 0.234*max(0,0.499-X4) - 0.227*X5 + 0.222*max(0,X5+0.927) - 0.220*max(0,X0+0.0376) * abs(X0) + 0.213*max(0,-0.575-X1) + 0.211*max(0,X0-0.447) + 0.204*max(0,0.0354-X4) + 0.203*max(0,-0.0565-X5) * max(0,-0.492-X5) + 0.183*max(0,X0+1.01) + 0.170*max(0,0.962-X4) + 0.166*X0 * max(0,0.0354-X4) - 0.152*max(0,1.25-X2) + 0.132*max(0,X5+0.0565) + 0.128*max(0,X0-0.932) - 0.124*max(0,X3-0.365) - 0.124*max(0,X0+0.0376) * X5 - 0.123*abs(X3) * max(0,-0.492-X5) - 0.113*max(0,-0.0376-X0) * X5 - 0.109*max(0,X2+0.593) + 0.101*max(0,X3+0.971) - 0.0944*max(0,X5+0.492) + 0.0759*max(0,0.379-X5) - 0.0653*max(0,0.811-X3) + 0.0599*max(0,0.789-X2) + 0.0448*max(0,-0.0565-X5) + 0.0416*max(0,X0+0.0376) * max(0,X0-0.447) - 0.0320*abs(X2) - 0.0249*max(0,0.0354-X4) * abs(X0) + 0.0179*X0 * max(0,X0-0.447) - 0.00801*max(0,X4+0.891) - 0.00792*max(0,0.0354-X4) * max(0,X3-0.365) + 0.00277*max(0,X4-0.0354) * max(0,X0-0.447)"
ffx,feynman_test_20,ok,-0.128665,3.884357,1456,26.49,,"0.0530 - 39.6*max(0,X1-0.837) * max(0,X3-1.23) - 29.4*max(0,X3-1.23) * max(0,-1.15-X5) + 15.3*max(0,X3-0.788) * max(0,X1-0.837) + 14.2*max(0,-1.15-X5) * max(0,-0.914-X0) - 13.6*max(0,X3-0.788) * max(0,X1-1.28) - 12.6*max(0,-1.20-X2) * max(0,X4-1.31) + 7.76*max(0,X1-1.28) * max(0,-0.914-X0) + 7.59*max(0,X1-0.837) * max(0,-0.914-X0) - 7.11*max(0,X3-1.23) * max(0,-0.566-X4) + 6.76*max(0,X2-1.07) * max(0,-1.15-X5) - 6.23*max(0,-1.20-X2) * max(0,-0.914-X0) + 6.06*max(0,X3-0.788) * max(0,-1.04-X4) + 5.99*max(0,-0.914-X0) * max(0,-1.04-X4) - 5.92*max(0,X1-1.28) * max(0,-0.663-X5) + 5.00*max(0,X2-1.07) * max(0,-0.914-X0) + 4.70*max(0,-1.20-X2) * max(0,X1-0.837) - 4.10*max(0,-0.955-X1) * max(0,X4-1.31) - 3.27*max(0,X4-0.842) * max(0,-1.15-X5) + 2.90*max(0,X1-0.837) * max(0,-0.663-X5) - 2.84*max(0,-1.15-X5) * max(0,X4-1.31) + 2.77*max(0,X2-1.07) * max(0,-0.955-X1) - 2.74*max(0,-0.291-X2) * max(0,X1-0.837) - 2.51*max(0,X3-0.788) * max(0,-1.15-X5) + 2.30*max(0,X3-0.788) * max(0,-0.663-X5) - 2.29*max(0,X5-0.792) * max(0,-1.04-X4) + 2.23*max(0,X3-0.788) * max(0,-0.914-X0) - 2.11*max(0,-0.955-X1) * max(0,-0.914-X0) + 2.10*max(0,X2-1.07) * max(0,X3-1.23) + 2.09*max(0,-0.663-X5) * max(0,-1.04-X4) + 1.98*max(0,-0.291-X2) * max(0,X1-1.28) + 1.97*max(0,X3-1.23) * max(0,-0.663-X5) + 1.60*max(0,X4-0.372) * max(0,-1.15-X5) + 1.55*max(0,X5-0.792) * max(0,-0.914-X0) - 1.53*max(0,-1.20-X2) * max(0,-1.04-X4) - 1.52*max(0,X3-1.23) * max(0,-1.04-X4) - 1.48*max(0,X2-1.07) * max(0,-0.663-X5) - 1.46*max(0,X4-0.372) * max(0,-0.914-X0) + 1.42*max(0,X2-1.07) * max(0,X4-0.842) - 1.13*max(0,-1.20-X2) * max(0,-0.663-X5) + 1.12*max(0,-0.291-X2) * max(0,X3-1.23) - 0.970*max(0,-0.663-X5) * max(0,X4-1.31) + 0.949*max(0,X1-0.837) * max(0,X4-1.31) - 0.948*max(0,-1.20-X2) * max(0,-0.955-X1) - 0.947*max(0,-0.291-X2) * max(0,-1.04-X4) - 0.945*max(0,-0.955-X1) * max(0,-1.15-X5) + 0.816*max(0,X5-0.307) * max(0,-1.20-X2) + 0.731*max(0,X5-0.307) * max(0,-0.566-X4) + 0.729*max(0,X5-0.307) * max(0,X3-1.23) + 0.698*max(0,X1-0.837) * max(0,-1.04-X4) + 0.696*max(0,-1.20-X2) + 0.678*max(0,-0.291-X2) * max(0,-0.566-X4) + 0.676*max(0,-0.955-X1) * max(0,X3-1.23) + 0.633*max(0,-0.914-X0) + 0.567*max(0,-0.955-X1) * max(0,-0.663-X5) + 0.555*max(0,-0.955-X1) * max(0,X4-0.842) - 0.538*max(0,-1.20-X2) * max(0,X3-0.788) - 0.488*max(0,X3-0.788) * max(0,X4-1.31) - 0.486*max(0,-1.20-X2) * max(0,X4-0.842) - 0.478*max(0,X2-1.07) * max(0,-0.566-X4) - 0.456*max(0,X4-0.372) * max(0,X1-1.28) - 0.451*max(0,X2-1.07) * max(0,X1-1.28) - 0.444*max(0,X5-0.307) * max(0,-1.04-X4) - 0.382*max(0,-0.291-X2) * max(0,X3-0.788) + 0.376*max(0,-0.663-X5) * max(0,-1.15-X5) + 0.358*max(0,X5-1.28) - 0.356*max(0,X5-0.307) * max(0,X2-1.07) - 0.349*max(0,X5-0.307) * max(0,-0.914-X0) + 0.336*max(0,-0.969-X3) - 0.313*max(0,X5-0.792) - 0.313*max(0,-0.663-X5) - 0.308*max(0,-0.566-X4) - 0.260*max(0,-0.947-X6) + 0.257*max(0,-0.955-X1) * max(0,-0.566-X4) + 0.249*max(0,X5-0.307) * max(0,X1-1.28) + 0.241*max(0,X5-0.307) * max(0,X4-0.842) - 0.223*max(0,X1-0.837) * max(0,-1.15-X5) + 0.221*max(0,-1.20-X2) * max(0,X3-1.23) - 0.217*max(0,X5-0.307) * max(0,X1-0.837) + 0.194*max(0,-0.566-X4) * max(0,-1.04-X4) - 0.172*max(0,X4-0.372) * max(0,X1-0.837) - 0.170*max(0,X0-0.881) + 0.163*max(0,-0.516-X6) - 0.157*max(0,-0.465-X0) - 0.153*max(0,0.349-X3) - 0.143*max(0,-0.663-X5) * max(0,-0.566-X4) + 0.141*max(0,X5-0.307) - 0.125*max(0,-0.914-X0) * max(0,-0.566-X4) - 0.123*max(0,X6-0.775) - 0.122*max(0,X3-0.349) + 0.116*max(0,X1-1.28) - 0.115*max(0,-0.291-X2) * max(0,-0.914-X0) - 0.111*max(0,X5+0.178) + 0.108*max(0,X3-1.23) * max(0,X4-0.842) + 0.103*max(0,X0-1.33) - 0.103*max(0,X4+0.566) + 0.100*max(0,-0.955-X1) - 0.0976*max(0,0.162-X2) - 0.0871*max(0,X5-0.792) * max(0,-0.955-X1) - 0.0865*max(0,0.389-X1) + 0.0860*max(0,X6-1.21) - 0.0776*max(0,X2-0.162) + 0.0716*max(0,X2-1.07) * max(0,X3-0.788) + 0.0567*max(0,X1-0.837) * max(0,-0.566-X4) + 0.0564*max(0,X1+0.0590) + 0.0553*max(0,X4-0.842) - 0.0492*max(0,-0.291-X2) * max(0,-1.15-X5) + 0.0460*max(0,X6+0.516) + 0.0450*max(0,X5-0.307) * max(0,X4-0.372) - 0.0441*max(0,-0.663-X5) * max(0,-0.914-X0) - 0.0409*max(0,X4-0.372) * max(0,X4-1.31) - 0.0397*max(0,X4-0.842) * max(0,X4-1.31) - 0.0285*max(0,X3-0.788) - 0.0263*max(0,-0.291-X2) * max(0,X4-0.842) - 0.0247*max(0,0.433-X0) - 0.0229*max(0,X4-0.372) * max(0,-0.955-X1) - 0.0115*max(0,X5-0.792) * max(0,X1-0.837) - 0.00195*max(0,-0.178-X5)"
ffx,feynman_test_3,ok,0.659721,1.288308,1475,23.15,,"-1.15 - 117*max(0,X1-1.24) * max(0,X0-1.19) + 60.6*max(0,X0-1.19) * max(0,X1-0.817) - 22.0*max(0,X0-1.19) * max(0,X1-0.391) + 12.9*max(0,X0-0.748) * max(0,X1-1.24) + 8.95*abs(X1) * max(0,X0-1.19) + 8.15*max(0,X1-1.24) * max(0,-0.0334-X3) + 8.14*max(0,X0-0.748) * max(0,X3-1.27) - 6.93*max(0,X1-1.24) * max(0,X3-1.27) - 6.71*max(0,X0-0.310) * max(0,X1-1.24) - 6.49*max(0,-0.0363-X1) * max(0,X0-1.19) - 6.04*max(0,X0-1.19) * max(0,X3-1.27) - 5.51*max(0,X0-1.19) - 5.07*max(0,X1-1.24) * max(0,X1-0.817) + 4.82*max(0,X3-1.27) * max(0,X1-0.817) - 4.59*max(0,X3-1.27) - 4.07*max(0,X1-1.24) * abs(X3) + 3.95*max(0,X0-0.748) * max(0,X0-1.19) - 3.93*max(0,X1-0.391) * max(0,X1-0.817) - 3.63*max(0,X0-0.748) * max(0,X1-0.817) - 3.51*max(0,X1-0.817) * abs(X3) + 3.27*max(0,X1-1.24) * abs(X1) + 2.92*X3 * max(0,X1-1.24) + 2.84*max(0,-0.567-X0) * max(0,X3-1.27) - 2.49*max(0,-1.07-X2) + 2.25*max(0,X1-0.817) * max(0,X3+0.0334) - 2.22*max(0,X0-0.748) * abs(X3) + 2.14*max(0,X1-0.817) + 2.12*max(0,X1-0.391) * max(0,X3+0.0334) + 2.10*max(0,X1-1.24) * max(0,X1-0.391) + 2.10*max(0,X1-0.391) * max(0,-0.0334-X3) + 2.03*max(0,X0-1.19) * max(0,X3+0.0334) - 1.84*max(0,X1-1.24) * max(0,-0.567-X0) + 1.76*abs(X0) * max(0,X1-0.817) - 1.72*max(0,X0-0.310) - 1.72*max(0,X2-0.316) - 1.69*max(0,-0.567-X0) * max(0,-0.0363-X1) + 1.68*max(0,X1-1.24) * max(0,X3+0.0334) - 1.56*max(0,-0.567-X0) + 1.55*max(0,X0-0.310) * max(0,X1-0.817) - 1.55*max(0,X2-0.779) - 1.52*max(0,X1-0.391) + 1.52*max(0,X0-0.310) * max(0,-0.0334-X3) + 1.46*max(0,X0-0.748) - 1.41*max(0,X0-0.310) * max(0,X3-1.27) + 1.40*X2**2 + 1.39*max(0,X0-0.310) * max(0,-0.0363-X1) - 1.39*max(0,-0.0363-X1) * max(0,X3-1.27) + 1.33*abs(X1) * max(0,-0.567-X0) + 1.33*max(0,X0-0.310) * max(0,X1-0.391) - 1.23*max(0,X1-0.391) * abs(X3) - 1.22*max(0,X1-1.24) - 1.17*max(0,X0-0.748) * abs(X1) + 1.16*max(0,X1-0.817) * max(0,-0.0334-X3) + 1.15*max(0,X0-0.748) * max(0,X3+0.0334) - 1.14*max(0,-0.469-X3) - 1.13*max(0,-0.611-X2) - 1.12*max(0,X0-0.310) * abs(X3) - 1.08*X3 * max(0,X0-0.748) + 1.07*X3 * max(0,X3-1.27) - 1.07*abs(X0) * max(0,X1-0.391) - 1.05*abs(X0) * max(0,X3-1.27) - 1.01*max(0,-0.905-X3) + 0.965*max(0,X3-1.27) * abs(X3) - 0.944*max(0,-0.147-X2) - 0.858*X3 * max(0,X1-0.817) - 0.802*max(0,X1+0.0363) - 0.794*max(0,-0.567-X0) * max(0,X3+0.0334) + 0.732*X0**2 - 0.729*max(0,X0+0.129) - 0.712*max(0,X2-1.24) - 0.704*max(0,-1.00-X0) + 0.684*max(0,X0-0.310) * max(0,X3+0.0334) + 0.676*abs(X1) * max(0,X3+0.0334) + 0.667*max(0,-0.0363-X1) * abs(X3) + 0.655*abs(X1) * max(0,X1-0.817) - 0.642*abs(X1) * abs(X3) - 0.633*max(0,X2+0.147) + 0.623*max(0,X0-0.310) * max(0,X0-1.19) + 0.605*abs(X0) * max(0,-0.0334-X3) - 0.587*max(0,X3-1.27) * max(0,X1-0.391) - 0.554*max(0,X0-0.310) * abs(X1) + 0.535*abs(X0) * max(0,X3+0.0334) - 0.527*max(0,-0.567-X0) * max(0,X1-0.391) + 0.525*abs(X1) * max(0,-0.0334-X3) - 0.505*max(0,-0.0363-X1) * max(0,X3+0.0334) - 0.475*max(0,X0-0.310) * max(0,X0-0.748) - 0.465*max(0,-0.567-X0) * max(0,X1-0.817) + 0.464*abs(X0) - 0.451*max(0,X0-1.19) * abs(X0) + 0.448*max(0,0.838-X3) + 0.446*abs(X3) * max(0,-0.0334-X3) + 0.446*abs(X1) - 0.440*max(0,-0.890-X1) + 0.397*X3**2 + 0.390*max(0,X0-0.748) * max(0,X1-0.391) + 0.387*abs(X1) * max(0,X1-0.391) - 0.373*abs(X3) + 0.372*X3 * max(0,X0-0.310) - 0.371*max(0,X0-1.19) * max(0,-0.0334-X3) + 0.366*max(0,0.748-X0) - 0.360*max(0,-0.567-X0) * abs(X3) + 0.356*max(0,0.391-X1) + 0.355*X3 - 0.344*max(0,-0.463-X1) + 0.326*max(0,-0.567-X0) * abs(X0) + 0.309*max(0,X2+1.07) - 0.308*max(0,X0-0.310) * abs(X0) + 0.288*max(0,-0.0363-X1) * abs(X0) + 0.283*X3 * max(0,-0.0363-X1) + 0.282*max(0,X0+0.567) - 0.280*abs(X1) * max(0,X3-1.27) + 0.269*max(0,0.779-X2) + 0.267*X3 * max(0,X0-1.19) - 0.263*max(0,X3-0.838) - 0.248*max(0,-0.0363-X1) * max(0,-0.0334-X3) + 0.239*max(0,X0-0.748) * max(0,-0.0334-X3) + 0.223*X1**2 + 0.222*max(0,X1-1.24) * abs(X0) + 0.214*max(0,X0-0.748) * abs(X0) - 0.213*max(0,-0.0363-X1) + 0.209*X3 * max(0,X1-0.391) - 0.194*max(0,X0-0.748) * max(0,-0.0363-X1) + 0.186*X1 - 0.180*abs(X0) * abs(X3) - 0.172*max(0,X3+0.469) + 0.171*X3 * max(0,-0.567-X0) - 0.165*max(0,0.402-X3) + 0.162*X2 + 0.160*max(0,X1+0.463) - 0.153*X3 * abs(X1) + 0.148*abs(X2) - 0.146*max(0,-0.129-X0) - 0.145*max(0,1.24-X1) - 0.138*abs(X1) * abs(X0) + 0.125*max(0,X0+1.00) + 0.122*max(0,X2+0.611) - 0.108*max(0,X1+0.890) + 0.104*X3 * abs(X0) - 0.102*max(0,-0.567-X0) * max(0,-0.0334-X3) + 0.0883*abs(X1) * max(0,-0.0363-X1) + 0.0849*max(0,X3-0.402) + 0.0784*max(0,0.310-X0) - 0.0677*X3 * max(0,-0.0334-X3) - 0.0627*X3 * abs(X3) - 0.0606*max(0,X3+0.0334) * abs(X3) - 0.0603*X3 * max(0,X3+0.0334) + 0.0466*max(0,X3+0.905) + 0.0422*max(0,0.817-X1) - 0.0391*max(0,0.316-X2) + 0.0344*max(0,1.19-X0) - 0.0330*max(0,X3+0.0334) + 0.0279*X0 + 0.0248*max(0,-0.0334-X3) - 0.0232*max(0,X0-1.19) * abs(X3) - 0.0227*max(0,1.27-X3) - 0.00828*max(0,X3-1.27) * max(0,X3+0.0334)"
ffx,feynman_test_4,ok,0.976582,0.075244,1596,28.14,,"-0.432 - 27.4*max(0,X2-1.45) * max(0,X3-1.16) + 21.7*max(0,X3-1.16) * max(0,X4-1.31) + 7.74*max(0,X2-1.45) + 7.38*max(0,X4-1.31) * max(0,X3-0.270) - 6.14*max(0,X2-1.45) * max(0,X3+0.173) - 6.09*max(0,X4-1.31) * max(0,X3+0.173) - 5.80*max(0,-0.617-X3) * max(0,X2-1.45) - 4.87*max(0,X2-0.0390) * max(0,X2-1.45) - 4.60*max(0,-0.521-X0) * max(0,X3-1.16) + 4.50*abs(X2) * max(0,X3-1.16) + 3.87*max(0,X2-1.45) * abs(X3) - 3.69*max(0,X2-0.0390) * max(0,X3-1.16) - 3.60*max(0,0.0390-X2) * max(0,X3-1.16) - 3.56*max(0,X2-1.45) * max(0,X4-1.31) + 3.44*max(0,X2-1.45) * X3 + 3.05*abs(X2) * max(0,X4-1.31) + 2.92*max(0,X2-1.45) * max(0,-0.173-X3) + 2.41*max(0,-0.0554-X0) * max(0,X4-1.31) + 2.08*max(0,X3-1.16) + 1.95*max(0,-0.987-X0) - 1.87*max(0,0.0390-X2) * max(0,X4-1.31) - 1.68*max(0,X2-0.0390) * max(0,X4-1.31) - 1.60*max(0,-0.521-X0) * max(0,X4-1.31) - 1.51*X0 + 1.40*max(0,-0.521-X0) - 1.39*abs(X2) * max(0,X3-0.270) - 1.29*max(0,X3-1.16) * abs(X3) + 1.28*max(0,-0.521-X0) * max(0,X2-1.45) - 1.15*max(0,X3-0.714) + 1.06*max(0,X2-1.45) * X0 - 1.03*max(0,-0.617-X3) * max(0,X4-1.31) - 1.00*max(0,X4-0.827) + 0.961*max(0,X2-0.0390) * max(0,X3-0.270) - 0.916*max(0,X2-0.983) + 0.840*max(0,0.0390-X2) * abs(X3) - 0.804*X1 * max(0,X4-1.31) - 0.798*max(0,-0.905-X2) - 0.788*max(0,X4-1.31) * abs(X3) + 0.773*X2**2 + 0.772*max(0,-0.0554-X0) * max(0,-0.173-X3) + 0.769*max(0,-0.0554-X0) * max(0,X3+0.173) + 0.750*max(0,X2-0.0390) * max(0,-0.617-X3) + 0.698*max(0,X3-0.270) + 0.661*max(0,X3-1.16) * max(0,X3+0.173) - 0.659*abs(X3) - 0.647*max(0,-0.617-X3) * max(0,-0.521-X0) - 0.641*max(0,X4-1.31) + 0.631*max(0,X4-1.31) * max(0,-0.173-X3) - 0.628*max(0,X3-1.16) * max(0,X3-0.270) - 0.598*max(0,-0.0554-X0) * max(0,X3-1.16) - 0.597*max(0,-0.433-X2) - 0.592*max(0,X2-0.0390) * max(0,-0.173-X3) + 0.578*max(0,-1.05-X1) + 0.577*max(0,X1-0.300) + 0.575*max(0,X2-1.45) * max(0,X3-0.270) + 0.565*max(0,X4-1.31) * X0 - 0.563*max(0,-1.10-X4) - 0.542*abs(X2) - 0.539*max(0,0.0390-X2) * X0 + 0.527*X0 * max(0,-0.173-X3) - 0.527*max(0,-0.0554-X0) - 0.507*max(0,-0.0554-X0) * max(0,-0.521-X0) + 0.504*X1 + 0.501*max(0,X0+0.0554) + 0.485*max(0,0.0390-X2) + 0.485*abs(X2) * X0 - 0.484*max(0,X2-0.0390) * X0 + 0.483*X4**2 - 0.467*max(0,-1.06-X3) + 0.460*max(0,X0-0.876) + 0.454*max(0,X1-1.20) - 0.441*max(0,X4-1.31) * X3 - 0.430*abs(X4) - 0.426*max(0,X3-1.16) * X0 - 0.421*max(0,-0.617-X4) + 0.420*max(0,X0+0.521) + 0.404*max(0,-0.521-X0) * X0 + 0.403*max(0,-0.0554-X0) * X0 - 0.401*max(0,0.511-X2) + 0.398*max(0,X2-0.0390) * max(0,X3+0.173) - 0.397*max(0,X2-0.0390) + 0.395*abs(X2) * max(0,-0.173-X3) - 0.380*X1 * max(0,X2-1.45) - 0.360*max(0,0.0390-X2) * max(0,-0.617-X3) - 0.337*max(0,0.0390-X2) * max(0,-0.173-X3) + 0.328*max(0,0.0390-X2) * X3 - 0.328*max(0,X2-0.511) + 0.326*max(0,X3-0.270) * abs(X3) + 0.323*max(0,X2-0.0390) * abs(X3) - 0.323*abs(X2) * abs(X3) + 0.315*max(0,0.300-X1) - 0.297*X1**2 - 0.291*max(0,X0-1.34) - 0.288*max(0,X1-0.751) + 0.272*max(0,-0.0554-X0) * max(0,X2-1.45) + 0.265*max(0,0.0390-X2) * max(0,X3-0.270) - 0.246*max(0,-0.521-X0) * X3 + 0.237*max(0,1.45-X2) + 0.236*max(0,0.270-X3) - 0.229*max(0,-0.617-X3) * X0 - 0.218*max(0,0.0390-X2) * max(0,-0.521-X0) + 0.217*max(0,-0.0554-X0) * max(0,X3-0.270) - 0.197*X1 * max(0,X3-1.16) + 0.195*max(0,X2-0.0390) * X3 + 0.187*X0 * max(0,X3+0.173) + 0.185*max(0,X3+0.173) * max(0,X3-0.270) - 0.175*max(0,-0.173-X3) - 0.175*X1 * max(0,X3+0.173) - 0.175*max(0,-0.0554-X0) * abs(X3) + 0.171*max(0,0.714-X3) - 0.166*max(0,X1+0.151) - 0.151*max(0,-0.0554-X0) * X3 + 0.150*X1 * max(0,X3-0.270) + 0.146*X3**2 + 0.145*max(0,-0.0554-X0) * max(0,-0.617-X3) - 0.143*max(0,-0.151-X1) + 0.138*max(0,0.0390-X2) * max(0,X3+0.173) + 0.137*abs(X1) - 0.135*X1 * max(0,-0.173-X3) - 0.134*max(0,-0.135-X4) - 0.132*max(0,X2-0.0390) * max(0,-0.521-X0) - 0.130*X3 * max(0,-0.173-X3) + 0.115*max(0,X4-0.346) + 0.113*max(0,-0.0554-X0) * max(0,X2-0.0390) + 0.113*max(0,-0.0554-X0) * X1 - 0.112*max(0,X3+0.173) * abs(X3) - 0.110*max(0,-0.521-X0) * max(0,-0.173-X3) - 0.107*X0**2 - 0.101*X3 * max(0,X3+0.173) - 0.101*max(0,X0-0.410) - 0.100*max(0,-0.617-X3) * abs(X3) + 0.0993*max(0,1.16-X3) - 0.0873*max(0,0.983-X2) - 0.0840*max(0,X3+0.173) + 0.0808*max(0,-0.602-X1) - 0.0795*max(0,X3-1.16) * X3 - 0.0788*abs(X3) * max(0,-0.173-X3) - 0.0756*abs(X2) * max(0,X3+0.173) + 0.0734*X1 * abs(X3) + 0.0732*X1 * max(0,X2-0.0390) - 0.0695*max(0,-0.617-X3) + 0.0689*max(0,-0.521-X0) * max(0,X3+0.173) - 0.0668*max(0,-0.521-X0) * max(0,X3-0.270) - 0.0636*max(0,X0+0.987) - 0.0580*max(0,-0.521-X0) * abs(X3) + 0.0580*max(0,-0.617-X3) * max(0,-0.173-X3) + 0.0572*X1 * max(0,-0.617-X3) + 0.0524*X3 * X0 - 0.0488*X1 * max(0,-0.521-X0) + 0.0446*max(0,X3+0.617) + 0.0441*X2 + 0.0441*max(0,X3+1.06) + 0.0427*max(0,0.876-X0) - 0.0400*X3 * abs(X3) + 0.0384*max(0,-0.0554-X0) * max(0,0.0390-X2) - 0.0367*X1 * X0 - 0.0345*X0 * abs(X3) - 0.0321*abs(X2) * X3 + 0.0289*X1 * max(0,0.0390-X2) + 0.0229*max(0,0.346-X4) - 0.0216*max(0,X2+0.905) + 0.0156*max(0,-0.617-X3) * X3 - 0.0118*abs(X0) + 0.0100*X3 + 0.00532*X0 * max(0,X3-0.270) + 0.00478*X3 * max(0,X3-0.270) + 0.00443*X1 * X3 - 0.00132*max(0,1.34-X0) + 0.00110*X4"
ffx,feynman_test_5,ok,0.995796,0.190345,104,18.9,,-0.206 + 0.865*X0 - 0.326*X1 - 0.159*X1 * X0 - 0.141*X3 + 0.132*abs(X0) - 0.118*X2 - 0.0870*X3 * X0 + 0.0831*abs(X3) + 0.0808*abs(X1) * X0 - 0.0704*X2 * X0 + 0.0663*X1**2 - 0.0354*abs(X0) * X1 + 0.0294*X3 * X2 - 0.0288*X3**2 + 0.0237*abs(X1) + 0.0236*X2 * X1 + 0.0228*X2**2 + 0.0221*X3 * X1 - 0.0192*abs(X1) * X2 + 0.0179*abs(X1) * X1 - 0.0154*X0**2 - 0.0105*abs(X2) - 0.00732*abs(X0) * X0 + 6.54e-7*X3 * abs(X1)
ffx,feynman_test_6,ok,-1.845465,0.893532,1325,25.67,,"-0.601 + 30.7*max(0,X0-1.25) * max(0,X1-1.30) - 28.4*max(0,X3-1.06) * max(0,X1-1.30) - 28.0*max(0,-0.589-X6) * max(0,X1-1.30) - 7.89*max(0,-0.984-X5) * max(0,X2-1.21) + 7.60*max(0,-0.137-X6) * max(0,X1-1.30) + 6.98*max(0,X2-1.21) * max(0,X1-1.30) - 6.01*max(0,X0-1.25) * max(0,-1.06-X2) + 5.96*max(0,X3-1.06) * max(0,X1-0.830) - 4.05*max(0,X5-1.31) * max(0,X1-1.30) + 3.74*max(0,-0.637-X4) * max(0,-0.984-X5) + 3.66*max(0,X3-1.06) * max(0,X2-0.755) + 3.34*max(0,-0.607-X2) * max(0,X0-1.25) + 3.28*max(0,X3-1.06) * max(0,-1.09-X4) - 3.03*max(0,-1.09-X4) * max(0,X1-0.830) + 2.87*max(0,-1.09-X4) * max(0,-1.06-X2) - 2.84*max(0,-0.984-X5) * max(0,-1.06-X2) + 2.64*max(0,-0.186-X4) * max(0,X2-1.21) + 2.26*max(0,-0.550-X0) * max(0,X1-1.30) - 2.20*max(0,-0.525-X5) * max(0,-1.06-X2) + 1.90*max(0,-0.984-X5) * max(0,X0-1.25) - 1.81*max(0,X5-1.31) * max(0,-1.06-X2) + 1.81*max(0,X1-0.830) * max(0,X5-1.31) - 1.73*max(0,X2-0.755) * max(0,-0.637-X4) - 1.67*max(0,X3-1.06) * max(0,X5-1.31) + 1.62*max(0,-0.186-X4) * max(0,X1-1.30) + 1.61*max(0,-0.984-X5) * max(0,-0.607-X2) + 1.58*max(0,X3-1.06) * max(0,-0.589-X6) - 1.52*max(0,-0.137-X6) * max(0,-1.06-X2) - 1.38*max(0,-1.06-X2) * max(0,X1-1.30) + 1.38*max(0,-0.550-X0) * max(0,X3-1.06) + 1.37*max(0,-1.09-X4) * max(0,X0-1.25) - 1.21*max(0,-0.550-X0) * max(0,X2-1.21) + 1.18*max(0,-1.09-X4) * max(0,-0.589-X6) - 1.10*max(0,X3-1.06) * max(0,-0.0669-X5) + 1.08*max(0,X0-1.25) * max(0,X5-1.31) + 1.07*max(0,X1-0.830) * max(0,X0-1.25) - 1.02*max(0,-0.186-X4) * max(0,X3-1.06) - 1.01*max(0,-0.550-X0) * max(0,-0.186-X4) - 0.986*max(0,X3-1.06) * max(0,-0.984-X5) - 0.967*max(0,-1.09-X4) * max(0,X5-1.31) - 0.863*max(0,-0.637-X4) * max(0,-0.607-X2) + 0.845*max(0,-0.0669-X5) * max(0,-1.09-X4) - 0.840*max(0,-0.550-X0) * max(0,-0.984-X5) + 0.823*max(0,-0.525-X5) * max(0,-0.984-X5) + 0.783*max(0,-1.06-X2) + 0.722*max(0,-0.550-X0) * max(0,-0.637-X4) + 0.709*max(0,-0.0669-X5) * max(0,X0-1.25) + 0.674*max(0,-0.0669-X5) * max(0,X1-0.830) + 0.672*max(0,-0.637-X4) * max(0,X0-1.25) - 0.651*max(0,-0.186-X4) * max(0,-0.589-X6) + 0.605*max(0,-0.550-X0) * max(0,X2-0.755) - 0.605*max(0,-0.637-X4) * max(0,-0.589-X6) + 0.604*max(0,X2-0.755) * max(0,X1-0.830) + 0.594*max(0,-0.550-X0) * max(0,-1.06-X2) + 0.590*max(0,-0.186-X4) - 0.557*max(0,-0.0669-X5) * max(0,X2-0.755) - 0.472*max(0,X1-0.830) - 0.428*max(0,-0.550-X0) * max(0,-0.607-X2) - 0.380*max(0,X4-1.17) - 0.376*max(0,-1.00-X0) - 0.367*max(0,-0.0669-X5) * max(0,-1.06-X2) + 0.351*max(0,-0.607-X2) + 0.351*max(0,-0.137-X6) * max(0,-0.607-X2) - 0.347*max(0,X2-0.755) * max(0,X5-1.31) - 0.314*max(0,-0.525-X5) * max(0,X2-0.755) - 0.301*max(0,X6-0.766) + 0.299*max(0,-0.0669-X5) - 0.283*max(0,-0.550-X0) * max(0,X5-1.31) - 0.253*max(0,-0.574-X1) + 0.247*max(0,-0.186-X4) * max(0,-0.525-X5) - 0.243*max(0,-0.589-X6) * max(0,X5-1.31) + 0.242*max(0,X6+0.137) - 0.238*max(0,X5-0.392) - 0.222*max(0,-0.550-X0) * max(0,-0.0669-X5) - 0.221*max(0,-0.550-X0) * max(0,X1-0.830) - 0.217*max(0,-0.186-X4) * max(0,-0.637-X4) + 0.212*max(0,X0-0.351) - 0.211*max(0,X4-0.715) + 0.206*max(0,0.636-X3) + 0.205*max(0,-0.550-X0) * max(0,-0.589-X6) + 0.186*max(0,-0.0993-X0) - 0.186*max(0,-0.525-X5) * max(0,-0.589-X6) - 0.184*max(0,X0-1.25) - 0.178*max(0,X1-0.830) * max(0,-0.589-X6) + 0.174*max(0,-0.137-X6) * max(0,X2-1.21) - 0.169*max(0,-1.04-X6) - 0.161*max(0,-1.09-X4) * max(0,X1-1.30) + 0.159*max(0,-0.0669-X5) * max(0,-0.607-X2) + 0.151*max(0,X3-1.06) * max(0,-0.607-X2) + 0.133*max(0,X4-0.265) + 0.128*max(0,-0.0669-X5) * max(0,X1-1.30) - 0.122*max(0,0.301-X2) + 0.107*max(0,0.265-X4) + 0.0946*max(0,-0.137-X6) - 0.0941*max(0,X2-0.755) + 0.0797*max(0,X1-0.362) - 0.0594*max(0,X2-0.755) * max(0,-0.589-X6) - 0.0565*max(0,-1.09-X4) * max(0,-0.637-X4) - 0.0530*max(0,X5-0.850) - 0.0324*max(0,X2-0.301) + 0.0320*max(0,-0.186-X4) * max(0,-0.984-X5) + 0.00631*max(0,X2-0.755) * max(0,-0.984-X5) + 0.00615*max(0,0.362-X1) - 0.00492*max(0,X5+0.525)"
ffx,feynman_test_7,ok,0.977302,0.20353,1206,20.19,,"0.605 + 8.63*max(0,X2-1.30) * max(0,X4-1.26) + 5.28*max(0,-0.648-X2) * max(0,X4-1.26) - 5.09*max(0,-0.161-X2) * max(0,X4-1.26) - 1.77*max(0,-0.786-X0) * max(0,X3-1.47) + 1.69*max(0,-1.30-X0) * max(0,X3-1.47) + 1.61*max(0,X3-1.47) * max(0,X2-1.30) - 1.51*max(0,X2-1.30) * max(0,X4-0.773) - 1.10*max(0,X3-1.47) * abs(X1) - 1.10*max(0,X3-0.476) * max(0,X4-1.26) - 1.08*max(0,X2-0.813) * max(0,X4-1.26) + 1.00*max(0,X4-0.288) * max(0,X3-1.47) + 0.969*abs(X3) * max(0,X2-1.30) - 0.898*max(0,-0.786-X0) * max(0,X4-0.773) - 0.882*max(0,X3-1.47) * max(0,0.124-X1) + 0.863*max(0,-0.648-X2) * max(0,X3-1.47) + 0.811*max(0,X3-0.476) * max(0,-1.30-X0) - 0.801*max(0,X4-0.288) * max(0,X2-1.30) + 0.798*max(0,X3-1.47) * max(0,X2-0.813) + 0.714*max(0,X4-1.26) * X0 - 0.698*max(0,X4-0.288) * max(0,-1.30-X0) - 0.695*max(0,X1-1.03) + 0.669*max(0,-0.786-X0) * max(0,X4-0.288) + 0.620*max(0,X3-0.971) - 0.616*max(0,X4-0.288) * max(0,-0.648-X2) + 0.610*abs(X3) * max(0,X4-1.26) - 0.588*max(0,X2-1.30) * max(0,X1-0.124) - 0.581*max(0,X3-0.476) + 0.565*max(0,-0.161-X2) * max(0,X4-0.773) + 0.565*max(0,-0.648-X2) * max(0,X4-0.773) + 0.503*max(0,X2-0.813) * max(0,X2-1.30) + 0.483*X0 - 0.478*max(0,-0.786-X0) * max(0,0.124-X1) - 0.478*max(0,-0.786-X0) * max(0,-1.30-X0) + 0.461*max(0,-0.648-X2) * abs(X1) + 0.457*max(0,X4-0.288) * max(0,X2-0.813) + 0.444*abs(X1) * max(0,X1-0.124) - 0.425*max(0,X4-0.773) * X0 + 0.390*max(0,-1.30-X0) * abs(X1) + 0.380*max(0,-0.648-X2) * max(0,X1-0.124) - 0.378*max(0,X3-0.476) * max(0,X2-1.30) + 0.372*max(0,X3-0.476) * max(0,X3-1.47) - 0.359*max(0,0.578-X1) - 0.355*abs(X3) * max(0,X2-0.813) - 0.345*max(0,X2+0.161) - 0.335*max(0,-0.682-X4) - 0.332*max(0,-0.648-X2) + 0.324*max(0,X4-0.773) * abs(X1) - 0.317*max(0,-0.161-X2) * abs(X1) + 0.296*max(0,X4-0.288) * max(0,-0.161-X2) + 0.288*X1 * max(0,X4-1.26) - 0.285*max(0,X3-0.476) * max(0,X2-0.813) - 0.274*abs(X1) + 0.268*max(0,X0-1.28) + 0.266*max(0,X2-0.326) - 0.250*max(0,-1.01-X3) + 0.249*max(0,-0.648-X2) * max(0,0.124-X1) + 0.242*abs(X2) - 0.242*max(0,-0.786-X0) * max(0,X2-1.30) - 0.240*max(0,0.761-X0) + 0.229*abs(X3) + 0.225*max(0,X1-0.124) + 0.213*max(0,-1.30-X0) * abs(X3) + 0.213*max(0,-1.30-X0) * max(0,0.124-X1) - 0.210*max(0,X4-0.288) + 0.202*X1 + 0.191*X0 * max(0,X1-0.124) - 0.189*max(0,X4-0.288) * abs(X3) - 0.166*abs(X1) * X0 + 0.156*max(0,-1.24-X1) - 0.153*max(0,-0.786-X0) * max(0,-0.648-X2) - 0.151*max(0,-1.30-X0) * max(0,-0.161-X2) + 0.148*max(0,-0.786-X0) * abs(X3) + 0.145*max(0,X3-0.476) * max(0,0.124-X1) + 0.143*max(0,X3-0.476) * max(0,X4-0.773) - 0.140*max(0,-0.786-X0) * max(0,X1-0.124) - 0.136*max(0,-0.161-X2) + 0.136*max(0,X3-0.476) * max(0,X4-0.288) - 0.130*max(0,-0.331-X1) + 0.124*max(0,X4+0.197) + 0.123*max(0,X3-1.47) * X0 + 0.119*max(0,-0.197-X4) - 0.113*max(0,-1.30-X0) * X1 + 0.112*max(0,-1.17-X4) - 0.101*max(0,-0.648-X2) * X0 - 0.0983*max(0,X2-1.30) * X0 - 0.0974*max(0,X2-0.813) - 0.0935*max(0,X3-0.476) * max(0,-0.161-X2) + 0.0830*max(0,X2-0.813) * X1 - 0.0818*max(0,-0.270-X0) + 0.0814*max(0,X3-0.476) * X0 - 0.0804*max(0,X2-1.30) * X1 - 0.0720*max(0,X2-0.813) * abs(X1) + 0.0682*max(0,X3-0.476) * abs(X1) - 0.0681*max(0,X4-0.773) * X1 - 0.0570*max(0,X2-0.813) * X0 - 0.0563*max(0,-0.161-X2) * X1 - 0.0551*max(0,0.124-X1) * max(0,X4-1.26) - 0.0545*max(0,1.28-X0) - 0.0457*abs(X3) * abs(X1) - 0.0344*max(0,0.476-X3) + 0.0292*max(0,X4-0.288) * X0 + 0.0185*max(0,X0+0.786) - 0.0184*max(0,-0.648-X2) * max(0,-0.161-X2) + 0.0183*X1 * max(0,X1-0.124) - 0.0146*max(0,-0.161-X2) * X0 + 0.0134*max(0,X4-0.288) * max(0,X4-0.773) + 0.0125*max(0,-0.514-X3) + 0.00871*max(0,X0-0.245) - 0.00704*X2**2 - 0.00698*max(0,-0.785-X1) + 0.00665*max(0,0.124-X1) * max(0,X4-0.773) - 0.00338*abs(X3) * max(0,0.124-X1) + 0.00293*max(0,-0.648-X2) * abs(X3) + 0.00242*abs(X3) * max(0,-0.161-X2) - 0.00192*max(0,X4-0.288) * max(0,0.124-X1) - 8.67e-5*max(0,-0.161-X2) * max(0,X1-0.124)"
ffx,feynman_test_8,ok,0.964479,0.086824,1208,27.37,,"0.119 + 8.03*max(0,X0-1.24) * max(0,X3-0.946) + 5.17*max(0,-0.526-X2) * max(0,X1-0.849) + 4.38*max(0,X0-1.24) - 4.04*max(0,X3-0.946) * max(0,X1-0.849) - 3.89*max(0,-0.966-X2) * max(0,-0.992-X0) + 3.55*max(0,X0-1.24) * max(0,X1-0.849) - 3.48*max(0,-0.526-X2) * max(0,X1-0.388) - 3.34*max(0,-0.966-X2) * max(0,X3-0.473) - 3.31*max(0,X0-1.24) * max(0,X3-0.473) - 2.97*max(0,X2-1.24) * max(0,X3-0.946) - 2.77*max(0,-0.0854-X2) * max(0,X1-0.849) - 2.75*X0 * max(0,X0-1.24) + 2.73*max(0,X0-1.24) * max(0,X2-1.24) + 2.55*max(0,-0.526-X2) * max(0,X3-0.473) + 2.46*max(0,-0.992-X0) * max(0,X3-0.473) - 2.43*max(0,-0.992-X0) * max(0,X1-0.849) + 2.42*max(0,X2-1.24) * max(0,X3-0.473) + 2.34*max(0,X1-0.388) * max(0,X3-0.946) - 2.29*max(0,-0.992-X0) * max(0,X2-1.24) - 2.27*max(0,-0.966-X2) * max(0,X0-1.24) - 2.18*max(0,X0-1.24) * max(0,X1-0.388) + 2.09*max(0,-0.992-X0) * max(0,X3-0.946) - 2.03*max(0,-0.526-X2) * max(0,X3-0.946) + 2.00*max(0,-0.526-X2) * max(0,-0.992-X0) + 1.92*max(0,X1-0.388) * max(0,-0.0854-X2) + 1.79*max(0,-0.966-X2) * max(0,X3-0.946) + 1.69*max(0,X3-0.473) * max(0,X1-0.849) + 1.42*max(0,-0.992-X0) * max(0,X1-0.388) + 1.39*max(0,-0.966-X2) * max(0,-0.526-X2) - 1.02*max(0,X1-0.388) * max(0,X3-0.473) - 0.974*max(0,-0.526-X2) * max(0,-0.0854-X2) - 0.940*max(0,X3-0.473) * max(0,X3-0.946) + 0.928*max(0,-0.0731-X1) * max(0,X3-0.946) - 0.870*max(0,-0.0854-X2) + 0.781*X0 - 0.757*max(0,-0.0731-X1) * max(0,X2-1.24) - 0.730*X0 * max(0,X1-0.849) + 0.586*max(0,X2-1.24) * max(0,X1-0.388) - 0.585*X0 * max(0,-0.0854-X2) - 0.544*max(0,X3-0.473) - 0.542*max(0,X1-1.31) - 0.537*max(0,X1-0.849) + 0.513*max(0,-0.526-X2) * X0 - 0.506*max(0,X2-1.24) * max(0,X1-0.849) + 0.501*max(0,0.000926-X3) * max(0,X0-1.24) + 0.499*max(0,X3-0.946) + 0.495*max(0,-0.526-X2) + 0.493*X0 * max(0,X1-0.388) - 0.470*max(0,-0.966-X2) * max(0,0.000926-X3) - 0.444*max(0,X3-0.473) * max(0,-0.0854-X2) - 0.419*max(0,X1-0.388) + 0.409*max(0,-0.992-X0) * max(0,0.000926-X3) + 0.408*max(0,X1-0.388) * max(0,X1-0.849) + 0.406*max(0,-0.0854-X2) * max(0,X3-0.946) + 0.399*max(0,X0-1.24) * max(0,-0.0854-X2) - 0.391*max(0,0.388-X1) + 0.361*X3**2 - 0.353*max(0,-0.966-X2) * X0 - 0.338*max(0,-0.546-X0) - 0.332*max(0,-0.944-X3) - 0.327*max(0,X2-0.795) - 0.324*max(0,-0.995-X1) + 0.316*max(0,-0.526-X2) * max(0,0.000926-X3) + 0.304*max(0,-0.966-X2) * max(0,X1-0.849) + 0.297*X2**2 + 0.285*X1**2 - 0.281*max(0,-0.0731-X1) + 0.270*max(0,-0.966-X2) * max(0,X1-0.388) - 0.269*max(0,-0.534-X1) - 0.269*max(0,0.000926-X3) - 0.264*max(0,-0.966-X2) * max(0,-0.0854-X2) + 0.259*max(0,0.849-X1) - 0.259*max(0,-0.471-X3) - 0.257*max(0,-0.992-X0) * max(0,-0.0854-X2) - 0.255*max(0,X0-0.790) + 0.236*X0 * max(0,0.000926-X3) - 0.235*max(0,-0.0731-X1) * max(0,X3-0.473) + 0.229*max(0,0.000926-X3) * max(0,X1-0.849) - 0.218*max(0,0.000926-X3) * max(0,X1-0.388) - 0.214*max(0,X3-0.000926) + 0.207*max(0,X1+0.0731) - 0.200*X0 * max(0,X2-1.24) - 0.188*max(0,-0.0731-X1) * max(0,-0.0854-X2) + 0.160*max(0,-0.0731-X1) * max(0,0.000926-X3) + 0.150*max(0,X2+0.526) + 0.145*max(0,-0.966-X2) - 0.126*max(0,X2+0.0854) - 0.120*max(0,0.355-X2) - 0.116*X3 - 0.114*max(0,X0+0.101) + 0.112*X0 * max(0,X3-0.946) - 0.102*max(0,-0.0731-X1) * X0 - 0.101*max(0,X2-1.24) + 0.100*max(0,X3-1.42) - 0.0969*max(0,X0-0.344) + 0.0964*max(0,0.000926-X3) * max(0,-0.0854-X2) - 0.0939*max(0,X2-0.355) - 0.0766*max(0,0.000926-X3) * max(0,X2-1.24) + 0.0743*max(0,0.473-X3) - 0.0741*max(0,-0.992-X0) + 0.0697*max(0,0.946-X3) + 0.0606*max(0,-0.526-X2) * max(0,X0-1.24) - 0.0543*max(0,-0.992-X0) * X0 + 0.0478*max(0,0.344-X0) - 0.0477*max(0,-0.0731-X1) * max(0,-0.992-X0) + 0.0348*max(0,X0+0.546) - 0.0347*X0 * max(0,X3-0.473) + 0.0320*X0**2 + 0.0307*max(0,X3+0.944) + 0.0293*max(0,-0.0731-X1) * max(0,X0-1.24) - 0.0121*X1 + 0.00228*X2"
ffx,feynman_test_9,ok,-0.296203,7024.126092,1050,26.25,,"0.513 + 51.2*max(0,X4-1.18) * max(0,X1-1.31) + 38.1*max(0,X0-1.24) * max(0,-0.976-X1) - 23.5*max(0,X0-0.765) * max(0,-0.976-X1) - 12.5*max(0,X4-1.18) * max(0,X1-0.853) + 10.8*max(0,-1.06-X4) * max(0,-0.976-X1) - 7.71*max(0,-0.609-X4) * max(0,-0.976-X1) - 6.03*max(0,X1-1.31) * max(0,X0-1.24) - 6.03*max(0,-1.06-X4) * max(0,X0-1.24) + 4.43*max(0,X1-1.31) * max(0,-1.06-X4) + 4.29*max(0,-0.609-X4) * max(0,X0-1.24) - 3.03*max(0,-0.609-X4) * max(0,X1-1.31) + 2.58*max(0,X4-1.18) * max(0,-0.976-X1) + 2.51*max(0,X3-0.290) * max(0,-0.976-X1) - 2.42*max(0,X0-0.765) * max(0,X0-1.24) + 2.22*max(0,X2-0.783) * max(0,X0-1.24) + 2.14*max(0,X2+0.101) * max(0,-1.06-X4) - 1.87*max(0,X3+0.135) * max(0,-0.976-X1) - 1.68*max(0,X2-1.23) + 1.64*max(0,X3-0.290) * max(0,-1.06-X4) + 1.59*max(0,X1-0.853) * max(0,-1.06-X4) + 1.47*abs(X2) * max(0,X0-1.24) - 1.40*max(0,X3+0.135) * max(0,X1-1.31) + 1.36*max(0,X2-0.783) * abs(X2) + 1.31*max(0,-0.609-X4) * max(0,-0.101-X2) - 1.22*max(0,X2-0.783) * max(0,-0.135-X3) + 1.20*max(0,X1-1.31) - 1.14*max(0,-0.609-X4) * abs(X2) - 1.10*max(0,X4-1.18) * abs(X3) + 1.09*max(0,X0-0.765) * max(0,X3-0.290) + 1.07*max(0,X3-0.290) * max(0,X0-1.24) - 1.03*max(0,X3+0.135) * max(0,-0.609-X4) + 1.03*max(0,X4-1.18) * max(0,X3-0.290) + 0.864*max(0,X3-0.290) * max(0,X1-0.853) - 0.861*max(0,X2-0.341) - 0.858*max(0,-1.06-X4) * max(0,-0.135-X3) + 0.804*max(0,-0.986-X2) - 0.767*max(0,X0-0.765) * max(0,X4-1.18) - 0.726*max(0,X3+0.135) * max(0,X0-1.24) + 0.700*max(0,-0.101-X2) * max(0,-0.976-X1) - 0.646*max(0,X1-1.31) * abs(X3) - 0.614*max(0,X1-0.853) * max(0,X2-0.783) - 0.586*max(0,-0.544-X2) - 0.585*max(0,X3-0.290) * max(0,X2-0.783) + 0.546*max(0,-1.06-X4) * max(0,-0.101-X2) + 0.437*max(0,X2-0.783) * max(0,-1.06-X4) - 0.416*max(0,X0-0.765) * max(0,-1.06-X4) + 0.370*abs(X3) * abs(X2) + 0.365*max(0,-0.135-X3) * max(0,X0-1.24) - 0.360*abs(X0) + 0.352*max(0,X2+0.101) * max(0,X0-1.24) + 0.342*max(0,X0-0.287) + 0.301*max(0,X1-1.31) * abs(X2) + 0.297*max(0,X4-1.18) * max(0,X0-1.24) - 0.297*max(0,X0-0.765) * max(0,X3+0.135) - 0.260*max(0,X3-0.715) + 0.259*max(0,0.287-X0) + 0.246*max(0,-0.609-X4) * abs(X3) + 0.221*max(0,X4-0.732) + 0.216*max(0,X0-0.765) * max(0,X1-0.853) + 0.213*max(0,X3-0.290) * max(0,-0.101-X2) + 0.213*max(0,X2+0.101) * max(0,-0.135-X3) + 0.210*max(0,X4-0.285) - 0.200*max(0,X0-1.24) - 0.195*max(0,X1-0.396) - 0.194*max(0,X4-1.18) * max(0,X2-0.783) + 0.192*max(0,-0.669-X0) - 0.192*abs(X3) * max(0,-0.101-X2) + 0.172*max(0,X0-0.765) * max(0,X2-0.783) - 0.164*max(0,-1.15-X0) - 0.162*max(0,X3+0.135) * max(0,-0.101-X2) - 0.156*max(0,-0.101-X2) * max(0,-0.135-X3) - 0.142*max(0,0.396-X1) + 0.138*max(0,X2-0.783) * max(0,-0.976-X1) - 0.123*max(0,X4+0.162) - 0.106*max(0,X3+0.135) + 0.0986*abs(X3) * max(0,-0.976-X1) + 0.0825*max(0,X3-1.14) + 0.0795*max(0,X0-0.765) * abs(X2) - 0.0751*max(0,X2+0.101) + 0.0734*max(0,-0.609-X4) - 0.0620*max(0,X4-1.18) * max(0,-0.135-X3) - 0.0522*abs(X4) - 0.0514*max(0,X2+0.101) * max(0,-0.976-X1) - 0.0450*max(0,-0.135-X3) - 0.0445*max(0,X0-0.765) + 0.0406*max(0,X1-0.853) * max(0,-0.101-X2) - 0.0356*max(0,X4-1.18) - 0.0318*max(0,-0.986-X3) - 0.0243*X1**2 - 0.0183*max(0,X4-1.18) * max(0,X3+0.135) - 0.0145*abs(X1) - 0.00468*max(0,-0.135-X3) * max(0,-0.976-X1) + 0.00365*max(0,X2+0.101) * max(0,X1-1.31) - 0.00193*abs(X2) + 0.00141*max(0,X3-0.290) * abs(X2)"
ffx,first_principles_absorption,ok,0.904592,0.407573,172,3.96,,"0.672 - 10.1*max(0,X0+0.183) * max(0,0.283-X0) + 1.61*max(0,1.68-X0) * max(0,X0-0.748) - 1.30*max(0,-0.183-X0) * X0 + 0.960*X0 - 0.942*max(0,-0.183-X0) - 0.333*max(0,0.283-X0) - 0.255*abs(X0) + 0.185*max(0,1.68-X0) * X0 - 0.173*max(0,X0-1.21) - 0.0741*max(0,X0-0.748) - 0.0497*max(0,X0-1.68) - 0.0386*max(0,0.748-X0) + 0.0295*max(0,0.283-X0) * X0 + 0.0265*max(0,1.68-X0) * abs(X0) - 0.00356*max(0,1.21-X0) + 0.00293*abs(X0) * max(0,-0.183-X0) + 0.000999*max(0,1.68-X0) * max(0,X0-0.283) - 0.000565*max(0,X0-0.748) * X0 - 0.000492*max(0,X0-2.14) - 0.000237*abs(X0) * X0 - 3.62e-5*max(0,X0-0.283) * max(0,X0-0.748) - 4.40e-6*max(0,X0+0.183) * max(0,X0-0.748) - 1.64e-7*max(0,X0-0.748) * abs(X0) - 1.62e-7*max(0,X0+0.183) * abs(X0) - 1.19e-7*max(0,X0+0.183) * X0"
ffx,first_principles_bode,ok,0.284089,1.02803,147,2.41,,"(-0.619 + 4.87*max(0,X0-0.0969) * max(0,X0-0.0969)) / (1.0 - 1.80*max(0,X0-0.0969) * max(0,X0-0.0969) - 0.648*max(0,X0+0.262) * max(0,X0-0.0969) - 0.319*max(0,X0+0.621) * max(0,X0-0.0969) - 0.119*max(0,X0+0.980) * max(0,X0-0.0969) - 0.0637*max(0,X0+0.621) * max(0,X0+0.262) - 0.0522*max(0,X0+1.34) * max(0,X0-0.0969) - 0.0488*max(0,X0+1.34) - 0.0486*max(0,X0+0.980) - 0.0448*max(0,X0-0.0969) - 0.0385*max(0,X0+1.70) - 0.0320*max(0,X0+0.621) - 0.0234*max(0,X0-0.0969) - 0.00533*max(0,X0+0.980) * max(0,X0+0.262) - 0.00406*max(0,X0+0.262))"
ffx,first_principles_hubble,ok,0.413576,215.858729,238,3.78,,"3.52 - 43.0*max(0,X0-1.58) * max(0,X0-1.14) - 13.2*max(0,X0-1.14) - 11.2*max(0,-0.645-X0) + 7.72*max(0,X0-1.58) + 7.69*max(0,X0-0.691) * max(0,X0-1.14) + 6.04*max(0,0.691-X0) * max(0,X0-0.246) + 5.98*X0 * max(0,X0-1.14) - 5.84*max(0,0.246-X0) - 5.80*max(0,X0-0.246) * max(0,X0-0.691) + 5.54*max(0,X0-0.691) + 5.54*max(0,X0-0.246) * max(0,X0-1.14) + 5.32*max(0,X0-0.246) * max(0,X0-1.58) - 3.81*X0 * max(0,X0-0.691) - 3.56*max(0,X0+0.200) + 3.18*max(0,0.691-X0) * max(0,0.246-X0) + 3.04*X0**2 + 2.56*X0 * max(0,X0-1.58) - 2.18*max(0,-0.200-X0) - 1.97*max(0,0.691-X0) - 1.69*X0 * max(0,0.246-X0) - 1.47*X0 - 1.46*max(0,X0-1.58) * max(0,X0-0.691) + 0.941*max(0,X0-0.246) - 0.718*max(0,1.14-X0) + 0.672*X0 * max(0,X0-0.246) + 0.187*X0 * max(0,0.691-X0)"
ffx,first_principles_ideal_gas,ok,0.896423,0.60689,172,9.39,,"0.0502 - 8.87*max(0,X1-0.935) * max(0,-1.12-X2) - 2.83*max(0,X1-0.935) * max(0,-0.819-X0) + 0.717*max(0,0.165-X2) - 0.625*max(0,0.573-X0) + 0.582*abs(X2) * max(0,-1.12-X2) - 0.582*max(0,X2-1.02) * max(0,0.573-X0) - 0.336*max(0,-0.819-X0) - 0.297*max(0,X2-0.594) - 0.171*max(0,-0.793-X1) - 0.144*abs(X2) * max(0,X1-0.935) + 0.122*max(0,0.165-X2) * max(0,-1.12-X2) + 0.114*max(0,X0+0.355) + 0.0789*abs(X1) * abs(X2) + 0.0658*max(0,0.165-X2) * abs(X2) + 0.0561*abs(X1) + 0.0441*abs(X1) * max(0,-1.12-X2) - 0.0420*max(0,0.503-X1) - 0.00521*max(0,X2+0.693)"
ffx,first_principles_kepler,ok,-9.047979,5778.122211,29,5.1,,"1.96 - 12.9*max(0,-0.181-X0) - 11.1*X0 * max(0,-0.181-X0) - 0.111*X0**2 - 0.00896*X0"
ffx,first_principles_leavitt,ok,0.944106,0.185608,238,3.47,,"2.45 + 5.46*max(0,-0.0968-X0) + 5.17*max(0,-0.0968-X0) * max(0,-0.611-X0) + 4.80*max(0,X0-0.418) * max(0,X0-1.96) - 4.18*max(0,X0-1.96) + 4.17*max(0,X0-0.932) + 2.98*max(0,-0.611-X0) * X0 + 2.73*max(0,-0.0968-X0) * X0 + 2.59*max(0,0.418-X0) * max(0,-0.611-X0) - 1.81*max(0,0.932-X0) + 1.47*max(0,0.418-X0) * X0 - 1.41*max(0,X0-0.932) * max(0,X0-1.96) - 1.39*max(0,X0-0.418) - 1.07*X0**2 + 0.854*max(0,0.418-X0) - 0.774*X0 - 0.657*max(0,X0+0.611) - 0.460*max(0,1.45-X0) - 0.292*max(0,X0-1.45) * max(0,X0-1.96) - 0.258*max(0,-0.0968-X0) * max(0,0.418-X0) + 0.158*max(0,X0-1.45) + 0.0686*X0 * max(0,X0-0.418) + 0.0250*max(0,X0-1.45) * max(0,X0-0.418) - 0.0208*max(0,X0-0.932) * max(0,X0-0.418) - 0.0143*max(0,-0.611-X0) + 0.00785*X0 * max(0,X0-1.96) - 0.00248*max(0,X0-0.932) * X0"
ffx,first_principles_newton,ok,0.631013,5.386734,734,18.11,,"-3.41 - 36.3*max(0,0.630-X1) * abs(X1) - 25.5*max(0,X0-0.578) * max(0,1.06-X0) - 9.82*max(0,0.718-X2) + 9.81*max(0,1.36-X2) * abs(X1) + 7.63*max(0,0.630-X1) * max(0,1.36-X2) + 7.46*max(0,0.0917-X0) * abs(X0) - 5.41*X0 * max(0,0.0917-X0) + 4.09*max(0,X1-1.26) * abs(X0) - 3.81*abs(X1) * max(0,1.26-X1) + 2.97*max(0,1.88-X1) - 2.84*max(0,1.36-X2) + 2.59*max(0,0.630-X1) - 2.36*max(0,1.06-X0) * max(0,0.0917-X0) - 2.25*max(0,1.26-X1) * max(0,0.0917-X0) + 1.88*X0 * max(0,1.06-X0) - 1.87*max(0,X0-2.52) + 1.70*max(0,1.06-X0) * abs(X0) - 1.54*max(0,X1-0.630) - 1.46*max(0,1.88-X1) * abs(X1) + 1.33*abs(X1) + 1.16*max(0,0.630-X1) * max(0,1.06-X0) - 0.835*max(0,0.630-X1) * max(0,0.0917-X0) - 0.792*max(0,X0-0.578) + 0.764*max(0,1.26-X1) + 0.740*max(0,0.630-X1) * max(0,1.88-X1) + 0.620*max(0,1.88-X1) * max(0,1.26-X1) - 0.603*max(0,0.578-X0) - 0.596*max(0,1.36-X2) * max(0,0.0917-X0) - 0.544*max(0,1.88-X1) * max(0,1.36-X2) + 0.529*abs(X1) * X0 + 0.465*max(0,0.630-X1) * abs(X0) + 0.450*abs(X0) + 0.436*max(0,X1-1.26) + 0.432*max(0,1.88-X1) * max(0,1.06-X0) - 0.377*max(0,0.0917-X0) - 0.370*max(0,X0-2.04) - 0.280*max(0,2.64-X2) - 0.272*max(0,1.36-X2) * max(0,X0-2.04) - 0.268*max(0,1.36-X2) * max(0,X0-0.578) + 0.250*max(0,3.14-X1) + 0.231*max(0,1.26-X1) * abs(X0) - 0.228*max(0,X0-0.578) * max(0,1.26-X1) + 0.223*abs(X1) * max(0,X0-0.578) + 0.223*max(0,0.630-X1) * X0 - 0.216*max(0,1.36-X2) * max(0,1.26-X1) - 0.207*max(0,X0-1.55) * max(0,X0-2.04) + 0.197*max(0,1.88-X1) * abs(X0) - 0.169*max(0,2.00-X2) + 0.150*abs(X1) * max(0,1.06-X0) + 0.139*max(0,1.26-X1) * max(0,1.06-X0) - 0.138*max(0,X1-1.88) + 0.124*max(0,3.76-X1) + 0.115*max(0,1.36-X2) * abs(X0) - 0.108*max(0,X2-0.718) + 0.0810*max(0,X0-1.06) - 0.0742*max(0,1.88-X1) * max(0,X0-2.04) + 0.0669*abs(X2) - 0.0528*max(0,1.88-X1) * max(0,0.0917-X0) + 0.0416*max(0,X1-1.26) * max(0,0.0917-X0) + 0.0409*X0 * max(0,1.26-X1) - 0.0375*max(0,X0-0.578) * abs(X0) - 0.0272*max(0,1.36-X2) * max(0,1.06-X0) - 0.0241*abs(X1) * abs(X0) - 0.0221*X1**2 - 0.0106*abs(X1) * max(0,0.0917-X0) - 0.00660*max(0,X0-2.04) * abs(X0) - 0.00551*max(0,X2-1.36) - 0.00190*max(0,X0-2.04) * max(0,1.26-X1) + 8.71e-5*max(0,X1-1.26) * max(0,1.06-X0) - 8.10e-5*max(0,X1-2.51) - 9.62e-6*max(0,X0-2.04) * max(0,X0-0.578) - 1.59e-6*max(0,X1-1.26) * X0 - 3.06e-7*max(0,X2-2.00) - 3.91e-8*max(0,X0-2.04) * X0 - 2.29e-9*max(0,X1-3.14) - 1.72e-9*max(0,X0-2.04) * abs(X1) + 4.21e-10*max(0,X1-1.26) * abs(X1) - 1.53e-10*max(0,X2-2.64) - 1.17e-12*max(0,X2-3.28)"
ffx,first_principles_planck,ok,0.978991,19.95176,453,5.37,,"0.268 + 29.6*max(0,3.61-X0) * max(0,X0-2.89) + 6.78*max(0,2.89-X0) * max(0,X0-2.17) + 6.16*max(0,-0.0682-X1) * max(0,X0-3.61) - 2.82*X0 * max(0,-0.0682-X1) - 1.60*max(0,-0.0682-X1) * max(0,0.729-X0) - 1.07*max(0,X1-2.41) - 0.889*X0 * max(0,0.729-X0) + 0.655*X0 * max(0,2.17-X0) - 0.644*max(0,X0-4.33) - 0.631*abs(X1) * max(0,X0-3.61) + 0.615*max(0,-0.0682-X1) * max(0,X0-2.17) + 0.554*max(0,-0.0682-X1) * max(0,2.89-X0) - 0.541*abs(X1) * max(0,-0.0682-X1) + 0.389*max(0,X1-1.92) - 0.388*abs(X1) * max(0,X0-4.33) - 0.368*abs(X0) - 0.300*max(0,-0.0682-X1) + 0.281*X1 + 0.269*max(0,1.45-X0) - 0.239*X0 * max(0,3.61-X0) + 0.232*max(0,X0-1.45) + 0.229*max(0,X0-3.61) - 0.227*abs(X1) + 0.210*max(0,-0.0682-X1) * max(0,2.17-X0) - 0.204*abs(X1) * max(0,0.729-X0) + 0.190*max(0,X0-2.17) - 0.187*abs(X1) * max(0,X0-2.17) + 0.177*max(0,-0.0682-X1) * max(0,X0-2.89) - 0.154*max(0,X0-4.33) * max(0,X0-3.61) + 0.116*max(0,X1-0.924) + 0.102*max(0,X0-2.89) + 0.0959*max(0,2.17-X0) + 0.0711*max(0,X1-1.42) + 0.0608*max(0,X1-0.428) - 0.0556*max(0,-0.0682-X1) * max(0,3.61-X0) - 0.0522*max(0,4.33-X0) - 0.0499*max(0,2.17-X0) * max(0,2.89-X0) + 0.0409*abs(X1) * max(0,2.17-X0) - 0.0295*X1**2 + 0.0250*X0**2 + 0.0246*max(0,0.428-X1) - 0.0202*max(0,0.729-X0) + 0.0117*max(0,X1+0.0682) + 0.00530*max(0,2.89-X0) - 0.00295*max(0,0.729-X0) * max(0,2.89-X0) - 0.000543*max(0,X0-4.33) * max(0,X0-2.89) - 0.000139*max(0,3.61-X0) * max(0,2.89-X0) - 4.02e-5*max(0,0.729-X0) * max(0,3.61-X0) - 9.51e-6*max(0,3.61-X0) * max(0,2.17-X0) - 4.33e-7*max(0,X0-2.17) * max(0,X0-4.33)"
ffx,first_principles_rydberg,ok,0.996522,0.103444,238,4.34,,"0.0981 + 1.01*X0 - 0.616*max(0,X1-0.369) * max(0,X0-1.33) - 0.496*max(0,X0-0.504) * max(0,X1-0.369) - 0.299*max(0,-0.740-X0) - 0.218*max(0,X1+0.526) * X0 + 0.203*max(0,X1+0.526) * max(0,-0.740-X0) + 0.203*max(0,X1-0.369) * X0 + 0.189*max(0,0.369-X1) + 0.188*max(0,-1.42-X1) * X0 + 0.123*abs(X0) * X0 + 0.0921*max(0,-1.87-X1) * X0 + 0.0866*max(0,X0-0.504) * X0 + 0.0755*abs(X1) + 0.0538*max(0,-0.740-X0) * X0 - 0.0525*max(0,-0.325-X0) - 0.0430*max(0,-1.42-X1) + 0.0428*max(0,-0.526-X1) - 0.0412*max(0,0.504-X0) - 0.0378*max(0,X1+0.526) - 0.0344*max(0,-0.740-X0) * max(0,X1-0.369) - 0.0309*max(0,X0-1.33) * X0 - 0.0186*max(0,X1+1.87) - 0.0155*max(0,X1+0.526) * max(0,X0-1.33) - 0.00671*max(0,X0-1.33) - 0.00651*X0**2"
ffx,first_principles_schechter,ok,0.988747,0.381186,21,4.17,,(-0.504 - 1.86*X0 - 1.36*X0**2 - 0.00108*X0 - 0.000434*X0**2) / (1.0 + 1.92*X0 + 0.0424*X0**2 + 0.000875*X0 + 4.73e-6*X0**2)
ffx,first_principles_supernovae_zg,ok,0.997278,0.015265,203,3.08,,"-0.0488 - 5.99*max(0,-0.489-X0) * max(0,-0.938-X0) + 2.05*max(0,-0.0398-X0) + 1.69*max(0,X0+0.938) * max(0,-0.489-X0) - 1.42*max(0,-0.938-X0) - 0.851*max(0,-0.0398-X0) * max(0,-0.938-X0) - 0.842*max(0,X0+0.938) * max(0,-0.0398-X0) - 0.648*max(0,X0-0.858) - 0.625*max(0,X0-1.31) * max(0,X0-0.409) - 0.544*X0 * max(0,-0.0398-X0) - 0.506*max(0,-0.0398-X0) * max(0,-0.489-X0) + 0.421*max(0,X0-1.31) - 0.394*max(0,X0+0.938) - 0.343*X0 + 0.289*X0 * max(0,X0-0.409) - 0.273*X0 * max(0,-0.938-X0) + 0.259*X0**2 + 0.147*X0 * max(0,-0.489-X0) + 0.0864*max(0,0.409-X0) + 0.0366*max(0,X0+0.938) * X0 - 0.0229*max(0,X0+0.0398) + 0.00835*max(0,X0+0.938) * max(0,X0-0.409) - 0.00680*max(0,X0-0.409)"
ffx,first_principles_supernovae_zr,ok,0.997145,0.009655,238,3.73,,"0.972 - 7.88*max(0,-1.46-X0) + 5.43*max(0,X0+1.46) * max(0,-0.917-X0) + 3.00*max(0,-0.917-X0) * max(0,-1.46-X0) - 2.28*max(0,0.170-X0) * max(0,-1.46-X0) + 2.28*max(0,0.170-X0) * max(0,X0+0.373) + 2.13*max(0,-0.917-X0) + 1.90*max(0,X0-1.26) * max(0,X0-0.714) - 1.84*max(0,X0+0.373) + 1.54*max(0,X0-1.26) - 0.862*max(0,X0-1.26) * max(0,X0+1.46) - 0.831*max(0,X0+1.46) * max(0,0.170-X0) + 0.730*max(0,X0-0.170) + 0.541*X0**2 - 0.482*max(0,X0-1.26) * max(0,X0+0.373) + 0.332*max(0,0.170-X0) + 0.198*max(0,X0-0.714) - 0.162*max(0,0.714-X0) - 0.149*max(0,0.170-X0) * max(0,-0.917-X0) - 0.123*max(0,X0+1.46) * max(0,X0+0.373) + 0.108*max(0,X0-0.714) * max(0,X0+0.373) - 0.0970*max(0,X0+1.46) * max(0,X0-0.714) - 0.0756*max(0,-0.373-X0)"
ffx,first_principles_tully_fisher,ok,0.214896,0.990584,203,2.92,,"-1.08 - 18.2*max(0,-0.778-X0) + 8.99*max(0,0.0121-X0) * max(0,-0.778-X0) + 3.02*max(0,-0.778-X0) * max(0,0.407-X0) - 2.32*max(0,0.407-X0) + 1.88*max(0,0.802-X0) * max(0,0.407-X0) - 1.07*max(0,-0.778-X0) * max(0,1.20-X0) + 0.839*max(0,0.802-X0) - 0.708*max(0,-0.778-X0) * max(0,0.802-X0) - 0.332*max(0,0.0121-X0) * max(0,1.20-X0) + 0.239*max(0,1.20-X0) + 0.198*max(0,0.0121-X0) * max(0,0.407-X0) + 0.197*max(0,1.20-X0) * max(0,0.802-X0) - 0.133*max(0,0.0121-X0) * max(0,0.802-X0) + 0.0347*max(0,X0-1.20) + 0.00799*max(0,0.0121-X0) + 0.00559*max(0,1.20-X0) * max(0,0.407-X0)"
ffx,nikuradse_1,ok,0.98017,0.013481,280,4.71,,"-0.802 + 4.12*max(0,-1.42-X1) - 3.68*X0 * max(0,-1.42-X1) - 3.25*max(0,-1.42-X1) * max(0,-0.160-X0) - 1.91*max(0,-0.362-X1) * max(0,-0.160-X0) + 1.87*max(0,-0.160-X0) - 1.66*max(0,X1-0.696) * max(0,-0.511-X0) - 1.62*max(0,-0.362-X1) * max(0,-1.42-X1) + 1.61*max(0,-0.362-X1) + 0.565*max(0,-0.511-X0) * max(0,-0.160-X0) - 0.565*X0 * max(0,-0.160-X0) + 0.542*max(0,-0.511-X0) * max(0,-0.362-X1) + 0.510*max(0,X1-0.696) - 0.422*max(0,0.191-X0) * max(0,-0.362-X1) + 0.387*X0 * max(0,-0.362-X1) + 0.376*max(0,0.191-X0) * max(0,-1.42-X1) - 0.357*max(0,X1-0.696) * X0 - 0.314*max(0,X1-0.696) * max(0,-0.160-X0) - 0.259*max(0,X1-1.23) - 0.179*X0**2 + 0.103*max(0,-0.511-X0) - 0.0679*X0 - 0.0603*max(0,0.696-X1) - 0.0595*max(0,0.191-X0) + 0.0297*max(0,X1-0.167)"
ffx,nikuradse_2,ok,0.972653,0.042594,172,3.32,,"1.04 - 3.20*max(0,-1.12-X0) + 2.82*max(0,-0.0880-X0) * max(0,-1.12-X0) + 1.98*max(0,X0+0.0880) * max(0,X0-1.46) - 1.65*max(0,X0-1.46) - 1.54*max(0,-0.0880-X0) * max(0,-0.606-X0) - 1.08*max(0,X0-0.430) * max(0,X0-1.46) - 0.814*max(0,X0+0.0880) - 0.782*X0**2 + 0.701*max(0,X0-0.947) * max(0,X0+0.0880) + 0.637*max(0,X0-0.430) * max(0,X0+0.0880) - 0.532*max(0,X0-0.947) * max(0,X0-1.46) - 0.528*max(0,X0-0.947) + 0.482*max(0,X0-0.430) + 0.215*max(0,-0.606-X0) - 0.0759*max(0,-1.12-X0) * max(0,-0.606-X0) + 0.0428*max(0,-0.0880-X0) - 0.0145*X0"
ffx,solar_flare,ok,-3.444368,2.6869,1642,26.31,,"0.512 + 2.63e+16*max(0,-0.669-X1) * max(0,X0-0.918) - 1.11e+16*max(0,-0.669-X1) * max(0,X0-0.148) - 25.3*max(0,X2-1.00) * max(0,-0.669-X1) + 17.2*max(0,X2-1.00) * max(0,-0.237-X0) - 13.8*max(0,X2-1.54) * max(0,X0-0.148) + 9.89*max(0,X2-1.00) * max(0,-0.138-X1) - 6.80*max(0,-1.73-X4) * max(0,X1+0.138) - 6.74*max(0,X2-1.54) * max(0,X1-0.924) + 5.99*max(0,-0.138-X1) * max(0,X0-0.918) - 5.97*max(0,X2-1.00) * max(0,0.148-X0) + 4.86*max(0,X2-1.00) * max(0,X1+0.138) + 4.63*max(0,-1.73-X4) * max(0,-0.669-X1) - 4.47*max(0,X5-2.64) * max(0,0.148-X0) - 3.35*max(0,X1+0.138) * max(0,0.148-X0) + 2.94*X6 * max(0,X2-1.54) + 2.74*max(0,X2-1.54) * max(0,X5-2.64) + 2.47*max(0,X1-1.99) + 2.41*max(0,X1-0.393) * max(0,0.148-X0) - 2.34*max(0,X2-1.00) * max(0,X5-2.64) - 2.31*max(0,-0.138-X1) * max(0,X0-0.148) + 2.30*max(0,-1.73-X4) * max(0,X0-0.918) - 2.27*max(0,-1.73-X4) * max(0,0.918-X0) + 2.08*max(0,X2-1.54) - 1.99*max(0,-0.138-X1) * max(0,-0.669-X1) + 1.88*max(0,X1-0.924) * max(0,0.148-X0) - 1.88*max(0,-1.73-X4) * max(0,X2-1.00) + 1.77*max(0,X1-0.393) * max(0,-0.237-X0) - 1.77*X3 * max(0,0.148-X0) + 1.70*max(0,-1.73-X4) * max(0,-0.138-X1) + 1.60*max(0,X1-0.393) * max(0,X0-0.918) - 1.58*max(0,X5-1.83) * max(0,X0-0.148) - 1.53*max(0,X1+0.138) * max(0,-0.237-X0) - 1.52*max(0,X2-1.54) * max(0,0.918-X0) + 1.51*X3 * max(0,-0.237-X0) + 1.49*X3 * max(0,X1-0.924) - 1.43*X6 * max(0,X2-1.00) - 1.41*max(0,-0.138-X1) - 1.23*max(0,X2-1.54) * max(0,X1-0.393) - 1.21*max(0,X2-1.00) * max(0,0.918-X0) - 1.21*max(0,X0-0.918) + 1.15*max(0,-0.138-X1) * max(0,0.148-X0) - 1.12*X6 * max(0,-0.669-X1) + 1.04*max(0,X1+0.138) * max(0,0.918-X0) - 1.03*max(0,-1.73-X4) * max(0,0.148-X0) + 1.01*max(0,X1+0.138) * max(0,X0-0.918) - 0.996*max(0,-0.669-X1) - 0.990*max(0,X2-1.00) + 0.952*max(0,X1-0.924) * max(0,X0-0.918) - 0.835*max(0,X2-1.00) * max(0,X1-0.924) + 0.819*X6 * max(0,-0.237-X0) + 0.790*max(0,X0-1.30) - 0.762*max(0,X1-0.393) * max(0,X1-0.924) - 0.743*X6 * max(0,X1-0.924) + 0.733*max(0,0.533-X0) - 0.723*max(0,X2-2.07) - 0.708*max(0,X1-0.393) * max(0,X0-0.148) - 0.681*max(0,-1.73-X4) * max(0,X5-2.64) + 0.673*max(0,-0.237-X0) * max(0,0.148-X0) - 0.660*max(0,0-X3) - 0.656*X3 * max(0,X0-0.148) + 0.570*max(0,X2-1.54) * max(0,X1+0.138) + 0.564*max(0,X5-1.83) * max(0,0.918-X0) - 0.555*max(0,X5-3.44) + 0.528*max(0,X5-2.64) * max(0,X0-0.148) + 0.496*X6 * max(0,X5-2.64) - 0.494*max(0,0.918-X0) * max(0,X1-0.924) - 0.480*max(0,X1-0.924) + 0.381*max(0,X1-0.393) * max(0,X5-2.64) + 0.381*max(0,0.918-X0) * max(0,X0-0.148) + 0.375*max(0,X1+0.138) * max(0,X1-0.924) + 0.368*max(0,-1.73-X4) * max(0,X5-1.83) - 0.338*max(0,X1-0.924) * max(0,X0-0.148) - 0.334*max(0,0.148-X0) - 0.317*max(0,X1-0.393) + 0.315*X6 * max(0,X5-1.83) + 0.305*X6 * max(0,X0-0.918) + 0.293*max(0,X2-1.54) * max(0,X5-1.83) + 0.288*X3 + 0.262*max(0,X2-1.54) * max(0,X2-1.00) - 0.255*max(0,X5-1.83) * max(0,X1-0.924) + 0.249*max(0,X2-1.00) * max(0,X1-0.393) + 0.234*max(0,X0-0.148) * max(0,X0-0.918) - 0.232*max(0,0.816-X8) - 0.225*X6 * max(0,X1-0.393) + 0.222*max(0,-0.138-X1) * max(0,-0.237-X0) - 0.216*max(0,X0-0.148) - 0.201*max(0,X1+0.138) * max(0,X0-0.148) + 0.200*X3 * max(0,0.918-X0) + 0.193*max(0,-0.138-X1) * max(0,0.918-X0) + 0.188*max(0,X5-1.83) + 0.174*max(0,X5-2.64) * max(0,0.918-X0) + 0.163*X8 - 0.151*X6 * max(0,X1+0.138) - 0.133*max(0,X5-5.05) - 0.131*max(0,-1.73-X4) - 0.126*max(0,0.333-X3) - 0.115*max(0,X5-2.64) - 0.113*max(0,X4+0.847) + 0.101*max(0,-2.25-X7) + 0.0977*max(0,-0.0141-X6) - 0.0937*max(0,X5-4.25) + 0.0910*max(0,X5-1.83) * max(0,X2-1.00) + 0.0881*max(0,-1.73-X4) * max(0,-0.237-X0) + 0.0868*X6 * max(0,0.148-X0) + 0.0858*max(0,-0.607-X2) + 0.0758*X6 * max(0,0.918-X0) - 0.0753*X3 * max(0,X0-0.918) + 0.0748*max(0,-0.296-X6) - 0.0736*max(0,X1+0.138) + 0.0706*max(0,-0.669-X1) * max(0,0.148-X0) - 0.0657*X6 * max(0,X0-0.148) - 0.0652*max(0,X1-0.393) * max(0,0.918-X0) - 0.0616*X6 + 0.0592*X6 * max(0,-1.73-X4) + 0.0461*max(0,0.267-X6) - 0.0378*max(0,1.50-X8) - 0.0330*max(0,X1-0.393) * max(0,X1+0.138) - 0.0285*max(0,0.667-X3) + 0.0282*max(0,0.918-X0) * max(0,-0.669-X1) - 0.0205*max(0,2.18-X8) - 0.0170*max(0,X5-1.83) * max(0,X1-0.393) + 0.0167*max(0,0.918-X0) * max(0,-0.237-X0) + 0.0166*max(0,X5-1.83) * max(0,X5-2.64) + 0.0152*X5 + 0.0126*max(0,0.918-X0) - 0.0104*X3 * max(0,-0.669-X1) - 0.00928*max(0,X4-0.0330) + 0.00907*max(0,-0.0715-X2) - 0.00762*max(0,-1.73-X4) * max(0,X1-0.393) + 0.00642*max(0,X1-0.924) * max(0,-0.237-X0) + 0.00518*X6 * max(0,-0.138-X1) - 0.00466*max(0,0.918-X0) * max(0,0.148-X0) - 0.00419*X7 + 0.00382*max(0,-1.73-X4) * max(0,X2-1.54) + 0.00340*max(0,X5-2.64) * max(0,X1+0.138) + 0.00284*max(0,-1.73-X4) * max(0,X0-0.148) - 0.00260*max(0,X4+0.407) + 0.00176*max(0,0.549-X6) + 0.000706*max(0,-0.237-X0) + 0.000221*max(0,-0.669-X1) * max(0,-0.237-X0) + 8.80e-5*max(0,-1.81-X7) + 8.26e-5*max(0,-0.950-X7) + 3.84e-5*max(0,-1.38-X7) + 1.46e-5*max(0,X5-1.83) * max(0,0.148-X0) + 1.84e-6*max(0,-0.518-X7) + 1.08e-6*max(0,1.11-X6) - 1.04e-6*X6**2 + 6.57e-7*X7**2 - 3.61e-7*max(0,X4-0.473) - 2.05e-8*max(0,X6+0.296) - 1.44e-8*max(0,X7+1.38) + 3.70e-10*max(0,-0.0864-X7) - 8.51e-12*max(0,X7+2.25) - 3.88e-13*max(0,X7+0.518)"
ffx,strogatz_bacres1,ok,0.995768,0.109819,507,20.98,,"0.726 - 1.95*max(0,-0.938-X1) * max(0,-2.52-X0) - 1.93*X0 * max(0,X1-0.758) + 1.58*max(0,X1-0.334) * X0 + 1.35*max(0,-1.79-X0) * max(0,-1.36-X1) + 1.26*max(0,X1-0.758) - 1.05*X1 * max(0,X1-0.758) + 1.05*max(0,-1.36-X1) * max(0,-0.938-X1) + 1.05*max(0,-2.52-X0) - 0.875*max(0,-1.79-X0) + 0.819*max(0,-0.514-X1) * max(0,-0.938-X1) + 0.805*max(0,-3.25-X0) - 0.795*max(0,-0.514-X1) * max(0,-1.36-X1) + 0.784*max(0,X1-0.334) * max(0,X1-0.758) - 0.635*X0 - 0.627*max(0,-0.938-X1) * X0 - 0.604*max(0,X1-0.334) - 0.568*max(0,-1.36-X1) * max(0,-2.52-X0) + 0.514*max(0,-1.79-X0) * max(0,-0.938-X1) - 0.469*X1 + 0.465*max(0,-0.514-X1) * X0 - 0.463*max(0,-0.938-X1) - 0.443*max(0,-1.79-X0) * max(0,-2.52-X0) - 0.416*max(0,-1.36-X1) - 0.374*max(0,-1.06-X0) - 0.312*max(0,X1+0.0898) - 0.294*max(0,X0+0.328) - 0.250*max(0,X0+0.328) * X1 + 0.244*max(0,-1.36-X1) * X0 - 0.241*max(0,-0.938-X1) * X1 - 0.231*max(0,X0+0.328) * max(0,X1-0.758) - 0.231*max(0,X0+1.06) - 0.173*max(0,-1.79-X0) * X1 - 0.172*max(0,-0.0898-X1) + 0.158*max(0,-1.36-X1) * X1 - 0.149*X1**2 + 0.134*max(0,-0.514-X1) * X1 + 0.125*max(0,-0.514-X1) + 0.119*max(0,0.402-X0) + 0.101*X1 * X0 - 0.0984*max(0,X0-0.402) + 0.0983*max(0,X0+0.328) * X0 + 0.0961*max(0,-0.514-X1) * max(0,-2.52-X0) - 0.0920*max(0,-2.52-X0) * X0 + 0.0914*max(0,X0+2.52) + 0.0647*X1 * max(0,-2.52-X0) - 0.0501*max(0,-1.79-X0) * X0 + 0.0432*max(0,-0.328-X0) - 0.0408*max(0,X1+0.938) + 0.0279*max(0,-0.514-X1) * max(0,-1.79-X0) - 0.0252*max(0,X1-0.334) * X1 - 0.0192*max(0,X0+3.25) - 0.00419*X0**2"
ffx,strogatz_bacres2,ok,0.997781,0.098723,655,16.77,,"1.18 - 3.34*max(0,X1-0.758) + 2.15*max(0,X0+0.328) * max(0,X1-0.758) + 2.01*max(0,-1.36-X1) * max(0,X0+0.328) + 1.88*X1 * max(0,X1-0.758) - 1.83*max(0,-0.328-X0) * max(0,X1-0.758) + 1.02*max(0,X1+0.0898) * max(0,X1-0.758) + 0.848*max(0,-0.514-X1) * max(0,X0+0.328) + 0.774*max(0,-3.25-X0) + 0.754*max(0,-1.36-X1) * max(0,-0.328-X0) + 0.715*max(0,-1.36-X1) * max(0,-0.938-X1) - 0.681*max(0,X0+0.328) * max(0,-0.938-X1) + 0.655*max(0,-1.79-X0) - 0.650*max(0,-2.52-X0) + 0.623*max(0,-0.938-X1) - 0.622*max(0,-1.36-X1) + 0.598*abs(X0) * max(0,X1-0.758) - 0.561*max(0,-1.36-X1) * max(0,-2.52-X0) - 0.557*X0 * max(0,X1-0.758) - 0.535*max(0,-1.06-X0) - 0.478*X1 - 0.473*max(0,-0.328-X0) - 0.465*max(0,X1+0.0898) * X1 - 0.447*max(0,-2.52-X0) * X1 - 0.446*max(0,-1.36-X1) * max(0,-0.514-X1) - 0.435*max(0,X1+0.0898) + 0.403*max(0,X1-0.334) - 0.400*max(0,-0.938-X1) * X1 - 0.375*max(0,-0.514-X1) - 0.317*X1**2 + 0.307*abs(X1) - 0.261*max(0,X0-0.402) - 0.258*max(0,X0+0.328) - 0.256*X0 * max(0,-0.938-X1) + 0.247*max(0,-0.514-X1) * max(0,-2.52-X0) - 0.245*max(0,-1.36-X1) * abs(X0) - 0.243*max(0,-0.328-X0) * max(0,-2.52-X0) + 0.225*max(0,X0+0.328) * X1 - 0.196*max(0,X0+1.06) + 0.188*X0 * max(0,X0+0.328) + 0.182*X0 + 0.178*abs(X0) - 0.129*max(0,X1+0.514) - 0.121*max(0,X1+1.36) - 0.120*max(0,-0.0898-X1) - 0.104*max(0,X1+0.938) + 0.101*X0 * max(0,-2.52-X0) + 0.0868*max(0,-0.514-X1) * X1 - 0.0844*max(0,0.402-X0) - 0.0761*abs(X0) * X1 - 0.0727*abs(X0) * max(0,-2.52-X0) + 0.0682*max(0,-1.36-X1) * X0 + 0.0653*max(0,-0.938-X1) * max(0,-0.328-X0) - 0.0596*max(0,-0.938-X1) * abs(X0) - 0.0568*max(0,-1.36-X1) * X1 + 0.0534*max(0,-0.514-X1) * abs(X0) - 0.0485*max(0,-0.514-X1) * max(0,-0.328-X0) + 0.0410*max(0,-0.514-X1) * X0 - 0.0409*max(0,X0+3.25) + 0.0307*X0 * max(0,-0.328-X0) - 0.0306*max(0,-0.514-X1) * max(0,-0.938-X1) - 0.0301*max(0,-0.938-X1) * max(0,-2.52-X0) + 0.0175*max(0,X0+2.52) - 0.0166*max(0,-0.328-X0) * X1 + 0.0105*X0**2 - 0.00736*abs(X0) * max(0,-0.328-X0) + 0.00106*X0 * X1 + 0.000103*max(0,X0+0.328) * abs(X0)"
ffx,strogatz_barmag1,ok,0.994902,0.0093,613,16.16,,"-1.88 + 413*max(0,X1+0.472) * max(0,-0.176-X1) - 137*max(0,0.120-X1) * max(0,X1+0.472) + 14.8*max(0,-2.12-X0) * max(0,-0.472-X1) - 3.51*max(0,X1-0.712) + 3.16*X0 * max(0,-0.768-X1) - 2.84*X0 * max(0,-0.176-X1) - 2.84*max(0,-0.768-X1) + 2.75*max(0,-0.768-X1) * max(0,-0.472-X1) + 2.65*max(0,X1-0.416) * max(0,-2.12-X0) + 2.42*X1**2 - 2.09*max(0,X0-0.221) * max(0,-0.768-X1) + 1.65*max(0,-2.70-X0) - 1.27*max(0,0.120-X1) * X0 + 1.19*max(0,-2.12-X0) + 1.08*max(0,0.120-X1) * max(0,X0-0.221) - 1.03*max(0,-0.472-X1) - 0.969*max(0,0.120-X1) * max(0,-2.12-X0) + 0.830*X0 * max(0,X0-0.221) + 0.827*max(0,-2.12-X0) * max(0,-0.176-X1) + 0.819*max(0,X0-0.221) * max(0,-0.176-X1) - 0.814*max(0,-0.176-X1) * max(0,-0.472-X1) + 0.671*X0 * max(0,-0.472-X1) - 0.666*X0 - 0.651*max(0,X0-0.221) * max(0,X1-0.712) + 0.615*X0 * max(0,-2.12-X0) - 0.612*X0 * max(0,X1-0.712) + 0.517*max(0,-2.12-X0) * max(0,X1+0.472) + 0.361*max(0,X1+0.472) * max(0,X1-0.712) + 0.309*max(0,X0-0.221) + 0.294*max(0,X1-0.120) + 0.272*max(0,0.120-X1) + 0.253*max(0,0.120-X1) * max(0,-0.472-X1) - 0.230*X0 * max(0,X1+0.472) - 0.193*max(0,X1-0.416) * max(0,X0-0.221) + 0.189*max(0,-0.176-X1) - 0.181*max(0,X1-0.120) * max(0,X0-0.221) - 0.177*max(0,-1.53-X0) + 0.168*max(0,X1-0.416) * X0 + 0.131*max(0,0.221-X0) + 0.108*max(0,X1-0.416) * max(0,X1-0.712) - 0.105*max(0,X0+2.12) - 0.0984*max(0,0.120-X1) * max(0,-0.176-X1) + 0.0945*max(0,X1+0.176) + 0.0874*max(0,X0+0.364) + 0.0711*max(0,0.712-X1) + 0.0698*max(0,X0+2.70) - 0.0519*max(0,X1+0.472) * max(0,X0-0.221) - 0.0500*max(0,-0.176-X1) * max(0,-0.768-X1) + 0.0447*max(0,0.120-X1) * max(0,-0.768-X1) - 0.0411*max(0,-0.948-X0) - 0.0322*X0**2 - 0.0276*max(0,X1+0.768) - 0.0254*max(0,X0-0.221) * max(0,-0.472-X1) - 0.0115*max(0,-0.364-X0) + 0.0105*max(0,X1-0.416) * max(0,X1+0.472) + 0.00729*max(0,X1-0.416) + 0.00344*max(0,X0+1.53) + 0.00204*max(0,X0+0.948)"
ffx,strogatz_barmag2,ok,0.99607,0.016091,547,20.56,,"-2.60 - 276*max(0,0.416-X1) * max(0,X1-0.120) - 228*max(0,X1+0.472) * max(0,-0.176-X1) - 171*max(0,0.120-X1) * max(0,X1+0.472) + 69.9*max(0,0.416-X1) * max(0,X1+0.472) - 11.7*max(0,X1-0.712) + 5.29*max(0,X1-0.712) * max(0,X1-0.416) + 3.14*max(0,X1+0.472) + 3.06*X1**2 + 2.49*max(0,-2.12-X0) + 2.09*max(0,-0.472-X1) - 1.96*max(0,X1+0.472) * max(0,X1-0.712) - 1.52*max(0,X1+0.472) * max(0,X1-0.416) - 1.48*X1 * max(0,X1-0.712) - 1.37*max(0,-0.176-X1) - 1.33*max(0,-0.768-X1) - 1.15*max(0,-0.768-X1) * max(0,-0.176-X1) + 1.11*max(0,-0.176-X1) * max(0,-0.472-X1) - 0.882*X1 * max(0,-0.472-X1) - 0.868*max(0,0.120-X1) * max(0,-0.472-X1) + 0.839*max(0,0.416-X1) * max(0,-0.472-X1) + 0.659*X1 * max(0,X1+0.472) + 0.654*max(0,0.120-X1) - 0.574*max(0,-0.768-X1) * max(0,0.120-X1) + 0.511*max(0,X1-0.120) * max(0,X1-0.712) - 0.418*max(0,0.120-X1) * max(0,-0.176-X1) + 0.405*max(0,X1-0.120) * max(0,X1+0.472) - 0.396*max(0,X1+0.768) - 0.369*max(0,0.416-X1) * max(0,-0.176-X1) + 0.369*X1 * max(0,-0.176-X1) - 0.362*max(0,0.416-X1) - 0.300*max(0,-2.70-X0) - 0.299*max(0,X1-0.120) * max(0,X1-0.416) - 0.293*max(0,-0.768-X1) * max(0,0.416-X1) - 0.271*max(0,X0-0.221) + 0.266*max(0,-0.768-X1) * max(0,-0.472-X1) + 0.249*max(0,X1-0.416) - 0.239*X1 * max(0,X1-0.416) - 0.238*max(0,0.712-X1) - 0.237*max(0,X1-0.120) - 0.211*X1 - 0.196*max(0,-1.53-X0) - 0.195*max(0,X0+0.948) - 0.182*X1 * max(0,X1-0.120) - 0.141*max(0,0.416-X1) * max(0,0.120-X1) - 0.138*X1 * max(0,0.120-X1) - 0.105*max(0,-0.948-X0) + 0.0970*X1 * max(0,0.416-X1) + 0.0911*max(0,X1+0.176) + 0.0460*X0**2 + 0.0183*max(0,-0.364-X0) + 0.0173*max(0,X0+0.364) - 0.0162*X0 + 0.0105*max(0,X0+1.53)"
ffx,strogatz_glider1,ok,0.623009,0.441158,558,11.02,,"11.1 + 77.1*max(0,X1-1.48) * max(0,X1-0.501) - 61.4*max(0,X1-1.48) - 41.7*max(0,-0.479-X1) * max(0,X0-2.39) + 35.9*max(0,X0-0.522) * max(0,X1-0.501) + 34.5*max(0,X1-0.992) - 30.9*max(0,X1-0.992) * max(0,X1-0.501) - 22.8*max(0,X1-1.48) * max(0,X1-0.992) + 22.8*max(0,X0-2.39) + 15.9*max(0,-0.969-X1) - 14.2*abs(X1) * max(0,X0-2.39) + 12.9*max(0,X0-1.14) * max(0,X0-2.39) + 11.3*max(0,-0.479-X1) * max(0,X0-1.77) + 11.2*abs(X1) * max(0,X1-0.501) - 11.1*max(0,X1-0.501) - 9.94*max(0,0.0112-X1) * max(0,X0-2.39) + 9.64*max(0,0.0112-X1) + 9.61*max(0,-0.479-X1) - 9.60*max(0,X0-1.77) - 9.48*max(0,X0-0.522) * max(0,-0.479-X1) - 7.64*X1**2 + 7.47*max(0,X0-0.522) * max(0,X0-2.39) + 6.07*abs(X1) + 5.66*max(0,X0-0.522) * max(0,X0-1.14) - 5.61*max(0,0.501-X1) * max(0,0.0112-X1) + 5.18*max(0,X0-0.522) * max(0,X0-1.77) - 4.93*max(0,X1+0.479) - 4.53*max(0,X0-1.14) * max(0,X0-1.77) - 4.48*max(0,0.0112-X1) * max(0,X0-1.14) + 4.31*abs(X1) * max(0,X0-1.77) + 3.85*max(0,X0-1.14) * max(0,-0.479-X1) - 3.73*max(0,0.501-X1) - 3.35*max(0,1.48-X1) + 3.31*max(0,0.501-X1) * max(0,X0-1.77) + 3.28*max(0,0.0112-X1) * max(0,-0.479-X1) + 3.26*max(0,-0.101-X0) - 2.43*abs(X0) - 2.24*max(0,X0-2.39) * max(0,X0-1.77) + 2.06*max(0,X0-0.522) + 1.60*max(0,0.522-X0) - 1.49*max(0,1.77-X0) + 1.33*max(0,-0.723-X0) - 1.28*max(0,1.14-X0) - 1.26*max(0,0.501-X1) * max(0,-0.479-X1) + 1.11*X1 - 1.02*max(0,0.501-X1) * max(0,X0-1.14) + 0.726*max(0,X1-0.0112) - 0.671*X0**2 + 0.599*max(0,X0-0.522) * max(0,0.501-X1) + 0.582*max(0,0.992-X1) - 0.581*X0 - 0.461*max(0,0.501-X1) * max(0,X0-2.39) - 0.416*max(0,X0-1.14) - 0.232*max(0,X0+0.101) - 0.217*max(0,X0-0.522) * max(0,0.0112-X1) - 0.0576*max(0,0.0112-X1) * max(0,X0-1.77)"
ffx,strogatz_glider2,ok,0.87285,0.269798,707,14.46,,"-0.621 + 32.5*max(0,X1-0.501) * max(0,-0.723-X0) - 25.4*max(0,X0-0.522) * max(0,X1-0.501) + 18.0*max(0,0.501-X1) * max(0,X1-0.0112) + 14.8*max(0,0.0112-X1) * max(0,-0.723-X0) - 13.7*max(0,-0.723-X0) * max(0,X1-0.992) - 13.0*max(0,-0.723-X0) - 8.48*abs(X1) * max(0,-0.723-X0) - 8.08*max(0,X1-0.0112) * max(0,-0.723-X0) + 6.26*abs(X0) * max(0,-0.723-X0) + 4.37*max(0,X0-0.522) * max(0,X1-0.0112) - 3.38*abs(X0) * max(0,X1-0.501) - 3.38*max(0,X1-0.0112) * max(0,X1-0.992) - 2.68*max(0,0.501-X1) * max(0,-0.101-X0) + 2.65*max(0,X1-0.501) * max(0,X1-0.992) + 2.63*max(0,-0.101-X0) * max(0,-0.723-X0) - 2.27*max(0,0.501-X1) * max(0,-0.723-X0) - 2.04*max(0,-0.101-X0) * max(0,X1-0.0112) + 2.00*max(0,-0.101-X0) * max(0,X1-0.992) + 1.57*abs(X1) * max(0,-0.101-X0) + 1.52*max(0,-0.101-X0) * max(0,0.0112-X1) - 1.46*max(0,X1-0.992) + 1.20*max(0,X1-0.0112) * abs(X0) - 1.14*max(0,X0-1.14) - 1.08*X0 * max(0,-0.101-X0) + 0.948*max(0,X0-0.522) * max(0,0.501-X1) + 0.862*X0 * max(0,X1-0.501) + 0.846*abs(X1) * max(0,X1-0.501) + 0.801*max(0,-0.969-X1) + 0.798*abs(X0) * max(0,X1-0.992) + 0.788*max(0,X1-0.0112) * max(0,X1-0.501) + 0.783*max(0,X0-0.522) - 0.755*X0 * max(0,X1-0.992) - 0.754*max(0,-0.101-X0) * max(0,X1-0.501) + 0.723*X0**2 - 0.706*max(0,X0-0.522) * abs(X0) - 0.673*max(0,X0-0.522) * X0 + 0.659*max(0,X0-0.522) * max(0,0.0112-X1) - 0.640*max(0,-0.479-X1) + 0.572*max(0,0.522-X0) - 0.569*X1**2 - 0.562*max(0,0.501-X1) * abs(X0) - 0.503*abs(X1) * X0 + 0.468*max(0,X1-0.501) + 0.452*max(0,-0.101-X0) * abs(X0) + 0.404*abs(X1) + 0.400*abs(X1) * abs(X0) + 0.398*X0 - 0.350*max(0,X1-1.48) + 0.340*X0 * max(0,0.501-X1) + 0.274*X1 + 0.263*abs(X1) * max(0,0.0112-X1) - 0.262*max(0,1.77-X0) + 0.260*abs(X1) * max(0,0.501-X1) + 0.247*max(0,X0-2.39) - 0.209*X0 * max(0,0.0112-X1) + 0.207*X0 * max(0,X1-0.0112) + 0.205*max(0,0.501-X1) - 0.199*max(0,X1-0.0112) + 0.185*abs(X0) + 0.121*max(0,X0+0.101) + 0.118*max(0,0.0112-X1) - 0.109*max(0,-0.101-X0) + 0.105*max(0,X0-1.77) - 0.0961*abs(X0) * max(0,0.0112-X1) - 0.0725*max(0,2.39-X0) + 0.0459*max(0,0.992-X1) + 0.0451*abs(X1) * max(0,X1-0.0112) + 0.0402*X0 * max(0,-0.723-X0) + 0.0399*abs(X1) * max(0,X1-0.992) + 0.0150*max(0,X0+0.723) + 0.0109*max(0,1.48-X1) - 0.00877*max(0,X1+0.479) - 0.00153*X0 * abs(X0)"
ffx,strogatz_lv1,ok,0.937747,0.029544,26,9.01,,-0.378 - 2.29*X1 * X0 - 1.98*X0 - 1.93*X0**2 - 1.36*X1 - 0.539*abs(X1) * X1 + 0.0617*abs(X1)
ffx,strogatz_lv2,ok,0.879563,0.02574,84,8.66,,"-1.41 - 4.14*max(0,X0-1.56) + 3.99*max(0,-0.380-X0) - 2.82*max(0,X1-1.12) - 2.81*max(0,X1-1.55) + 1.76*max(0,-0.142-X1) - 1.60*max(0,X1-0.702) - 0.860*max(0,X1+0.565) + 0.698*max(0,0.782-X0) - 0.690*max(0,X0-0.395) - 0.435*X1 - 0.148*X0 + 0.0927*max(0,X0-0.782)"
ffx,strogatz_predprey1,ok,0.976044,0.124138,257,11.24,,"-0.0621 - 0.590*max(0,X0-1.03) - 0.473*max(0,X1-1.91) * max(0,X0-3.18) - 0.397*max(0,0.315-X0) * max(0,0.589-X1) + 0.315*max(0,X0-1.03) * max(0,0.148-X1) - 0.292*max(0,X0-1.75) * max(0,X0-1.03) + 0.261*max(0,1.91-X1) - 0.238*max(0,X1-1.47) * max(0,X0-3.18) - 0.195*max(0,X1-0.589) * max(0,X1-1.03) + 0.183*max(0,0.589-X1) - 0.140*max(0,X0-1.03) * max(0,X1-1.47) - 0.139*max(0,X1-0.589) * max(0,X1-1.47) - 0.136*max(0,X1-1.47) - 0.105*max(0,X0-1.03) * max(0,X1-1.03) - 0.103*abs(X0) - 0.0983*max(0,X0-1.03) * max(0,X1-1.91) - 0.0703*max(0,X0-1.03) * max(0,X1-0.589) - 0.0702*max(0,X1-0.589) * max(0,X0-3.18) - 0.0598*max(0,X1+0.293) - 0.0392*max(0,X0-3.18) * max(0,X1-1.03) - 0.0345*max(0,X0-2.46) - 0.0291*max(0,X1-1.47) * max(0,X1-1.03) - 0.0249*max(0,X0-1.75) * max(0,X1-0.589) - 0.0192*max(0,X0-1.75) * max(0,X0-3.18) - 0.000585*max(0,X0-3.18)"
ffx,strogatz_predprey2,ok,0.998798,0.059106,537,11.28,,"-0.241 - 3.79*max(0,X1-1.47) * max(0,X1-1.91) + 2.40*X0 * max(0,X1-1.91) - 1.65*max(0,X1-1.47) * max(0,X1-1.03) - 1.60*max(0,X0-1.03) * max(0,X1-1.91) - 1.44*max(0,X1-1.91) + 0.969*X0 + 0.965*max(0,X1-1.47) + 0.955*max(0,X0-1.03) * max(0,0.589-X1) + 0.940*max(0,-0.293-X1) + 0.921*max(0,-0.293-X1) * X0 - 0.915*max(0,-0.293-X1) * max(0,0.589-X1) + 0.681*max(0,1.03-X1) - 0.680*X1 * max(0,0.589-X1) - 0.642*X0 * max(0,0.589-X1) - 0.564*max(0,0.148-X1) + 0.563*X1 * max(0,X1-1.91) - 0.560*max(0,1.03-X1) * max(0,X1-0.589) - 0.552*max(0,X0-1.03) - 0.540*max(0,X0-1.03) * max(0,X1-1.47) - 0.451*max(0,X0-3.18) - 0.428*max(0,0.315-X0) + 0.406*max(0,X0-1.03) * max(0,1.03-X1) - 0.402*max(0,1.03-X0) + 0.377*max(0,X1-1.47) * max(0,X1-0.589) - 0.365*max(0,X1-0.148) - 0.353*max(0,X1-0.589) - 0.320*max(0,X1-0.589) * max(0,X1-1.03) - 0.312*max(0,X1-0.589) * max(0,X1-1.91) - 0.276*max(0,X0-1.75) + 0.267*max(0,-0.293-X1) * max(0,1.03-X1) - 0.261*max(0,1.03-X1) * max(0,0.589-X1) + 0.232*max(0,X0-0.315) + 0.217*max(0,X1-1.47) * X1 - 0.177*X0 * max(0,X1-1.03) + 0.166*max(0,1.75-X0) + 0.164*X0 * max(0,X1-0.589) - 0.150*max(0,1.03-X1) * X0 - 0.138*max(0,X0-3.89) + 0.138*max(0,X1-1.03) + 0.121*max(0,X0-1.03) * X0 + 0.106*X1**2 + 0.0982*X0 * X1 - 0.0722*max(0,X0-2.46) - 0.0721*X0**2 + 0.0695*max(0,-0.293-X1) * X1 - 0.0661*max(0,X0-1.03) * max(0,X1-1.03) - 0.0660*X1 * max(0,X1-1.03) + 0.0630*max(0,0.589-X1) + 0.0526*max(0,1.91-X1) - 0.0479*max(0,1.03-X1) * X1 - 0.0448*max(0,X1-1.47) * X0 + 0.0255*max(0,X0-1.03) * X1 - 0.0245*max(0,X1+0.293) + 0.0145*max(0,1.47-X1) + 0.0107*max(0,X1-1.03) * max(0,X1-1.91) + 0.00849*X1 * max(0,X1-0.589) - 0.00114*max(0,X0-1.03) * max(0,X1-0.589) - 0.000145*X1"
ffx,strogatz_shearflow1,ok,0.99792,0.018195,509,15.62,,"-1.81 - 26.1*max(0,-0.803-X1) * max(0,X0-1.40) - 12.1*max(0,1.01-X0) * max(0,-0.803-X1) + 5.73*max(0,X1-0.690) + 5.32*max(0,-0.803-X1) + 4.99*max(0,1.01-X0) * max(0,X0-0.232) - 4.11*X1 * max(0,-0.548-X0) + 3.42*max(0,-0.803-X1) * abs(X0) + 3.14*max(0,X0-0.232) * max(0,X0-1.40) + 2.98*max(0,-0.548-X0) - 2.47*max(0,X1-0.317) + 2.45*abs(X0) + 2.43*abs(X0) * max(0,X0-1.40) + 2.36*X0 * max(0,X0-1.40) + 2.30*max(0,X0-1.40) * max(0,X0-1.01) + 2.17*abs(X1) + 1.77*X1 * X0 + 1.68*max(0,-0.548-X0) * abs(X0) + 1.65*max(0,X0-0.622) - 1.59*max(0,-0.430-X1) - 1.47*abs(X0) * max(0,X0-1.01) + 1.45*max(0,X0-0.232) * max(0,-0.803-X1) - 1.12*X0 * max(0,X0-1.01) - 1.03*max(0,X1-1.06) - 0.942*X0 + 0.801*X1**2 - 0.763*max(0,X1+0.430) - 0.748*X0**2 - 0.716*max(0,0.232-X0) - 0.684*X1 * max(0,X0-1.40) + 0.672*max(0,-0.803-X1) * max(0,X0-1.01) + 0.575*max(0,0.232-X0) * max(0,-0.548-X0) + 0.483*max(0,X0-1.40) - 0.408*max(0,X0-0.232) * abs(X0) + 0.399*X1 * max(0,-0.803-X1) + 0.301*X1 * max(0,X0-1.01) - 0.283*X0 * abs(X0) - 0.260*max(0,0.232-X0) * abs(X0) - 0.258*X1 * abs(X0) - 0.231*max(0,1.01-X0) * abs(X0) - 0.197*max(0,X0-0.232) + 0.177*X1 - 0.172*max(0,1.40-X0) - 0.162*max(0,X0-1.01) + 0.148*max(0,1.01-X0) * X0 + 0.137*max(0,-0.158-X0) + 0.135*max(0,1.01-X0) * max(0,-0.548-X0) - 0.106*max(0,X0+0.158) - 0.0974*max(0,1.01-X0) * max(0,0.232-X0) + 0.0907*max(0,X0-0.232) * max(0,X0-1.01) + 0.0697*max(0,1.01-X0) + 0.0555*max(0,X0+0.548) + 0.0343*max(0,0.622-X0) + 0.00140*max(0,-0.803-X1) * X0 - 0.000303*max(0,-0.548-X0) * X0 - 0.000130*max(0,X0-0.232) * X0 + 5.16e-5*max(0,0.232-X0) * X0"
ffx,strogatz_shearflow2,ok,0.99435,0.012213,615,17.2,,"1.19 - 33.5*max(0,X0-0.232) * max(0,0.622-X0) + 12.0*max(0,-0.803-X1) * max(0,X0-0.622) + 9.29*max(0,-0.803-X1) * max(0,0.622-X0) - 5.12*max(0,-0.803-X1) * X0 + 4.79*X1 * max(0,X1-1.06) - 4.54*max(0,-0.803-X1) - 3.94*abs(X1) - 3.41*max(0,X0-1.40) * max(0,X0-0.622) + 3.11*max(0,X0-0.622) + 2.93*max(0,X0-1.01) + 2.85*max(0,-0.803-X1) * max(0,X0-1.40) - 2.62*max(0,X0-1.01) * max(0,X0-1.40) - 2.56*max(0,X0-1.01) * max(0,X0-0.622) + 2.07*max(0,X0-1.01) * max(0,-0.803-X1) - 1.91*X1 * max(0,-0.803-X1) + 1.90*X1 * X0 + 1.69*X1**2 - 1.58*X1 * max(0,X0-1.40) + 1.34*max(0,X0-1.40) - 1.30*max(0,X0-0.232) * max(0,X0-1.01) + 1.29*max(0,-0.0566-X1) + 1.13*abs(X0) + 1.12*max(0,X1-1.06) - 1.07*X0 + 0.994*abs(X0) * max(0,X1-1.06) + 0.975*max(0,-0.158-X0) - 0.967*max(0,0.622-X0) * max(0,X1-1.06) - 0.945*X1 + 0.897*max(0,0.232-X0) + 0.800*max(0,X0-1.01) * X0 - 0.703*abs(X0) * max(0,X0-1.01) - 0.701*X0**2 - 0.699*X0 * max(0,X0-1.40) + 0.637*X0 * max(0,X0-0.622) - 0.611*X1 * max(0,0.622-X0) + 0.564*max(0,0.622-X0) - 0.527*X1 * max(0,X0-0.622) + 0.523*X1 * max(0,X0-1.01) - 0.516*max(0,X0-0.232) * max(0,X0-1.40) + 0.510*max(0,X0-0.232) * max(0,X0-0.622) + 0.506*max(0,-0.548-X0) + 0.505*abs(X0) * max(0,X0-0.622) - 0.430*abs(X0) * max(0,-0.803-X1) - 0.418*max(0,0.232-X0) * max(0,X1-1.06) + 0.380*max(0,X1-0.317) + 0.359*max(0,X0-0.232) * abs(X0) - 0.332*max(0,X1-0.690) - 0.317*max(0,X0-0.232) + 0.283*X0 * max(0,X1-1.06) + 0.261*X1 * abs(X0) + 0.240*max(0,X0+0.158) - 0.224*max(0,0.232-X0) * X0 + 0.194*max(0,0.690-X1) + 0.194*max(0,X0-0.232) * max(0,-0.803-X1) + 0.181*max(0,0.232-X0) * max(0,0.622-X0) - 0.173*max(0,X1+0.430) - 0.160*max(0,X0+0.548) - 0.152*abs(X0) * max(0,X0-1.40) + 0.146*abs(X0) * max(0,0.622-X0) - 0.111*X1 * max(0,X0-0.232) - 0.0878*max(0,1.40-X0) + 0.0811*abs(X0) * X0 + 0.0797*max(0,X0-0.232) * X0 + 0.0621*max(0,-0.430-X1) - 0.0606*max(0,1.01-X0) - 0.0558*max(0,1.06-X1) + 0.0351*max(0,0.622-X0) * X0 + 0.00777*max(0,X1+0.803)"
ffx,strogatz_vdp1,ok,0.994319,0.061558,268,9.86,,"2.39 + 7.53*max(0,X1-0.159) * max(0,-1.06-X0) - 7.24*max(0,X0-0.0845) * max(0,X0-0.465) + 4.94*max(0,0.0845-X0) * max(0,-1.06-X0) - 2.36*max(0,-1.06-X0) - 1.93*max(0,X1-2.29) * max(0,X0-0.846) - 1.60*max(0,0.0845-X0) - 1.25*max(0,X0-0.0845) + 1.20*X1 - 1.03*X1 * max(0,-1.06-X0) - 0.881*max(0,X0-0.0845) * max(0,X0-0.846) - 0.853*max(0,X1-0.159) * max(0,0.0845-X0) - 0.736*max(0,1.22-X1) * max(0,X0-0.846) - 0.693*max(0,1.22-X1) + 0.383*max(0,X0+0.677) + 0.246*max(0,X1-0.159) + 0.231*max(0,X1-1.22) - 0.178*max(0,1.22-X1) * max(0,0.0845-X0) + 0.147*max(0,1.22-X1) * max(0,X0-0.465) + 0.140*max(0,-0.373-X1) + 0.121*max(0,1.22-X1) * X1 - 0.116*max(0,X1-2.29) * max(0,X0-0.465) - 0.113*X1 * max(0,X0-0.465) + 0.0950*max(0,X1-0.159) * X1 + 0.0866*max(0,X1-1.75) + 0.0827*max(0,X1-0.159) * max(0,X1-2.29) + 0.0198*max(0,X0-0.0845) * X1"
ffx,strogatz_vdp2,ok,0.996115,0.005107,507,13.02,,"-0.338 + 8.52*max(0,X0+0.296) * max(0,0.0845-X0) - 2.39*max(0,X1-2.29) * max(0,X0-0.0845) + 1.94*max(0,X0-0.846) - 1.73*max(0,X0+0.677) * max(0,-0.296-X0) + 1.31*max(0,X1-2.29) - 1.31*max(0,X0-0.0845) - 0.933*X0 * max(0,X0-0.0845) + 0.911*abs(X0) - 0.558*max(0,-0.677-X0) - 0.557*X0 + 0.499*max(0,X0-0.465) - 0.398*max(0,-1.06-X0) * X0 + 0.368*max(0,X0+0.296) + 0.363*max(0,X1-1.75) * max(0,X0-0.0845) + 0.346*max(0,0.0845-X0) + 0.318*max(0,X0+0.677) * max(0,X0-0.0845) + 0.307*max(0,-1.06-X0) + 0.280*max(0,X0+0.677) * max(0,X1-2.29) - 0.278*max(0,0.159-X1) - 0.224*X0**2 + 0.221*max(0,X0+0.296) * max(0,X1-2.29) - 0.179*max(0,X0+0.677) * abs(X0) - 0.167*max(0,-0.296-X0) + 0.166*max(0,X0+0.296) * max(0,X0-0.0845) - 0.139*max(0,X1-0.691) - 0.134*max(0,X1-1.75) + 0.128*max(0,-0.677-X0) * X0 - 0.118*max(0,X1-1.22) - 0.113*max(0,X0+0.296) * abs(X0) - 0.110*max(0,X0+0.677) * max(0,0.0845-X0) + 0.106*max(0,X0+0.677) * max(0,X0+0.296) - 0.103*max(0,X1+0.373) - 0.0988*max(0,0.0845-X0) * max(0,-0.677-X0) + 0.0928*abs(X1) + 0.0801*max(0,0.691-X1) + 0.0740*max(0,1.22-X1) + 0.0659*max(0,-0.296-X0) * X0 + 0.0611*max(0,-1.06-X0) * max(0,-0.677-X0) - 0.0510*max(0,X0+0.677) - 0.0470*max(0,0.0845-X0) * X0 + 0.0356*max(0,0.465-X0) + 0.0269*max(0,X0+0.296) * X0 - 0.0258*max(0,X0+1.06) + 0.0230*max(0,X1-1.75) * X0 + 0.0177*max(0,-1.06-X0) * max(0,-0.296-X0) + 0.00998*abs(X0) * X0 + 0.00609*max(0,0.0845-X0) * abs(X0) + 0.00580*max(0,X0+0.677) * X0 + 0.00428*max(0,-0.373-X1) - 0.000743*abs(X0) * max(0,X0-0.0845) + 0.000563*max(0,-1.06-X0) * abs(X0) - 0.000160*max(0,-0.677-X0) * abs(X0) - 6.29e-5*max(0,-0.296-X0) * abs(X0) + 3.44e-5*max(0,X1-1.75) * abs(X0)"
